snapshot_utc,fetched_utc,station_id,legacy_id,num_bikes_available,num_ebikes_available,num_bikes_disabled,num_docks_available,num_docks_disabled,is_installed,is_renting,is_returning,last_reported
2026-10-02T02:30:52+00:00,2026-10-02T02:31:41.305507+00:00,aefc33cd-40b9-48da-8b87-415428816bdb,488,13,0,0,3,0,1,1,1,1790908108
2026-10-02T02:30:52+00:00,2026-10-02T02:31:41.305507+00:00,f834c5c9-0de8-11e7-991c-3863bb43a7d0,110,1,0,1,13,0,1,1,1,1790908109
2026-10-02T02:30:52+00:00,2026-10-02T02:31:41.305507+00:00,40ee059e-8530-4992-9114-c16b87d6832f,441,1,0,1,17,0,1,1,1,1790908109
2026-10-02T02:30:52+00:00,2026-10-02T02:31:41.305507+00:00,52ca4d94-587f-4a61-a298-a1a755e73bfb,362,5,2,0,14,0,1,1,1,1790908130
2026-10-02T02:30:52+00:00,2026-10-02T02:31:41.305507+00:00,625f105e-4407-4988-9095-d1979cbda5e1,234,5,3,0,14,0,1,1,1,1790908129
2026-10-02T02:30:52+00:00,2026-10-02T02:31:41.305507+00:00,f8351f87-0de8-11e7-991c-3863bb43a7d0,192,0,0,0,19,0,1,1,1,1790908128
2026-10-02T02:30:52+00:00,2026-10-02T02:31:41.305507+00:00,f8349599-0de8-11e7-991c-3863bb43a7d0,71,8,0,0,15,0,1,1,1,1790908119
2026-10-02T02:30:52+00:00,2026-10-02T02:31:41.305507+00:00,2036103727838931110,2036103727838931110,7,1,0,4,0,1,1,1,1790908121
2026-10-02T02:30:52+00:00,2026-10-02T02:31:41.305507+00:00,8bc42f7f-753d-4cca-a7d6-0d7c2530ea2c,364,0,0,1,17,0,1,1,1,1790908121
2026-10-02T02:30:52+00:00,2026-10-02T02:31:41.305507+00:00,25489822-e43a-4704-b2a8-d905b78ba77c,389,6,5,0,8,0,1,1,1,1790908123
2026-10-02T02:30:52+00:00,2026-10-02T02:31:41.305507+00:00,2227859082657747444,2227859082657747444,5,0,0,2,0,1,1,1,1790908127
2026-10-02T02:30:52+00:00,2026-10-02T02:31:41.305507+00:00,f8349070-0de8-11e7-991c-3863bb43a7d0,61,0,0,0,19,0,1,1,1,1790908126
2026-10-02T02:30:52+00:00,2026-10-02T02:31:41.305507+00:00,5410aac7-2ec0-47b6-b728-b99c5137b463,5410aac7-2ec0-47b6-b728-b99c5137b463,7,1,0,4,0,1,1,1,1790908141
2026-10-02T02:30:52+00:00,2026-10-02T02:31:41.305507+00:00,f834b183-0de8-11e7-991c-3863bb43a7d0,98,8,0,0,14,0,1,1,1,1790908139
2026-10-02T02:30:52+00:00,2026-10-02T02:31:41.305507+00:00,f834a67b-0de8-11e7-991c-3863bb43a7d0,89,9,1,0,10,0,1,1,1,1790908137
2026-10-02T02:30:52+00:00,2026-10-02T02:31:41.305507+00:00,f8351791-0de8-11e7-991c-3863bb43a7d0,186,7,0,0,7,0,1,1,1,1790908144
2026-10-02T02:30:52+00:00,2026-10-02T02:31:41.305507+00:00,d1a5e406-718c-44b9-b9dd-e63605b888aa,555,8,7,0,6,0,1,1,1,1790908147
2026-10-02T02:30:52+00:00,2026-10-02T02:31:41.305507+00:00,2124664048772581794,2124664048772581794,7,2,0,4,0,1,1,1,1790908147
2026-10-02T02:30:52+00:00,2026-10-02T02:31:41.305507+00:00,ea00f276-26dc-48ee-b2c8-6e56fd632a2d,272,11,0,0,8,0,1,1,1,1790908152
2026-10-02T02:30:52+00:00,2026-10-02T02:31:41.305507+00:00,87b5a8b7-a330-4c51-ab32-7dafa292c88f,421,14,0,0,5,0,1,1,1,1790908149
2026-10-02T02:30:52+00:00,2026-10-02T02:31:41.305507+00:00,9fef6df2-7f8f-43fc-a85b-7dd5453860f9,437,17,1,0,0,0,1,1,1,1790908153
2026-10-02T02:30:52+00:00,2026-10-02T02:31:41.305507+00:00,f8351649-0de8-11e7-991c-3863bb43a7d0,183,0,0,0,19,0,1,1,1,1790908151
2026-10-02T02:30:52+00:00,2026-10-02T02:31:41.305507+00:00,6eaa7343-402d-41c9-9aac-8c664fdbdcf1,6eaa7343-402d-41c9-9aac-8c664fdbdcf1,0,0,0,0,0,0,0,0,86400
2026-10-02T02:30:52+00:00,2026-10-02T02:31:41.305507+00:00,f83466c6-0de8-11e7-991c-3863bb43a7d0,6,11,0,1,2,0,1,1,1,1790908194
2026-10-02T02:30:52+00:00,2026-10-02T02:31:41.305507+00:00,f834d34b-0de8-11e7-991c-3863bb43a7d0,120,2,0,1,36,0,1,1,1,1790908212
2026-10-02T02:30:52+00:00,2026-10-02T02:31:41.305507+00:00,9b0aff89-5242-475e-b03b-87c3c3bf51bb,477,13,7,0,7,0,1,1,1,1790908213
2026-10-02T02:30:52+00:00,2026-10-02T02:31:41.305507+00:00,f55cdf0a-3d7b-491c-bed2-7dc0ef2062d5,489,13,1,0,3,0,1,1,1,1790908211
2026-10-02T02:30:52+00:00,2026-10-02T02:31:41.305507+00:00,1991921362058752616,1991921362058752616,0,0,0,20,0,1,1,1,1790908210
2026-10-02T02:30:52+00:00,2026-10-02T02:31:41.305507+00:00,2039387081833476178,2039387081833476178,9,0,0,11,0,1,1,1,1790908211
2026-10-02T02:30:52+00:00,2026-10-02T02:31:41.305507+00:00,1ef9964d-47ac-4cd4-916e-7c006fa1e605,339,9,5,1,5,0,1,1,1,1790908212
2026-10-02T02:30:52+00:00,2026-10-02T02:31:41.305507+00:00,25d6f87f-7025-48c5-b202-f91511a4ae19,25d6f87f-7025-48c5-b202-f91511a4ae19,7,2,0,12,0,1,1,1,1790908215
2026-10-02T02:30:52+00:00,2026-10-02T02:31:41.305507+00:00,38706d8c-8d4b-49f7-b6ed-7688449db261,463,4,2,1,14,0,1,1,1,1790908214
2026-10-02T02:30:52+00:00,2026-10-02T02:31:41.305507+00:00,eed9e64f-f09d-43c1-aa31-da968c66750a,368,14,3,0,1,0,1,1,1,1790908215
2026-10-02T02:30:52+00:00,2026-10-02T02:31:41.305507+00:00,f83493c0-0de8-11e7-991c-3863bb43a7d0,67,2,0,0,28,0,1,1,1,1790908219
2026-10-02T02:30:52+00:00,2026-10-02T02:31:41.305507+00:00,986068c4-d11a-465a-b8d0-bd0960c57f51,986068c4-d11a-465a-b8d0-bd0960c57f51,8,0,1,6,0,1,1,1,1790908217
2026-10-02T02:30:52+00:00,2026-10-02T02:31:41.305507+00:00,f834d260-0de8-11e7-991c-3863bb43a7d0,119,11,2,1,3,0,1,1,1,1790908215
2026-10-02T02:30:52+00:00,2026-10-02T02:31:41.305507+00:00,2036412579943670600,2036412579943670600,12,10,0,0,0,1,1,1,1790908217
2026-10-02T02:30:52+00:00,2026-10-02T02:31:41.305507+00:00,f8347ded-0de8-11e7-991c-3863bb43a7d0,35,0,0,1,30,0,1,1,1,1790908219
2026-10-02T02:30:52+00:00,2026-10-02T02:31:41.305507+00:00,2027855476515070160,2027855476515070160,1,0,1,25,0,1,1,1,1790908222
2026-10-02T02:30:52+00:00,2026-10-02T02:31:41.305507+00:00,b44b7c3d-c054-4591-92a9-3b96d86050ab,b44b7c3d-c054-4591-92a9-3b96d86050ab,4,3,0,7,0,1,1,1,1790908221
2026-10-02T02:30:52+00:00,2026-10-02T02:31:41.305507+00:00,f834c6f5-0de8-11e7-991c-3863bb43a7d0,111,8,2,1,5,1,1,1,1,1790908220
2026-10-02T02:30:52+00:00,2026-10-02T02:31:41.305507+00:00,f834fcbe-0de8-11e7-991c-3863bb43a7d0,141,1,0,2,12,0,1,1,1,1790908221
2026-10-02T02:30:52+00:00,2026-10-02T02:31:41.305507+00:00,2261583246847893606,2261583246847893606,13,2,0,6,0,1,1,1,1790908223
2026-10-02T02:30:52+00:00,2026-10-02T02:31:41.305507+00:00,f7d416f8-4377-4019-bba7-302dc1d5a11d,391,8,0,1,6,0,1,1,1,1790908154
2026-10-02T02:30:52+00:00,2026-10-02T02:31:41.305507+00:00,f8350199-0de8-11e7-991c-3863bb43a7d0,150,8,0,1,10,0,1,1,1,1790908152
2026-10-02T02:30:52+00:00,2026-10-02T02:31:41.305507+00:00,88b35b6d-f355-44dc-b85e-ed2eb1bc9099,406,10,3,0,9,0,1,1,1,1790908162
2026-10-02T02:30:52+00:00,2026-10-02T02:31:41.305507+00:00,acb27827-d69a-4287-b132-3f529ca62ad2,427,4,2,0,15,0,1,1,1,1790908162
2026-10-02T02:30:52+00:00,2026-10-02T02:31:41.305507+00:00,f834a2a8-0de8-11e7-991c-3863bb43a7d0,85,7,0,1,11,0,1,1,1,1790908161
2026-10-02T02:30:52+00:00,2026-10-02T02:31:41.305507+00:00,1976280681456741062,1976280681456741062,3,1,0,8,0,1,1,1,1790908163
2026-10-02T02:30:52+00:00,2026-10-02T02:31:41.305507+00:00,1976640911178291400,1976640911178291400,3,3,0,8,0,1,1,1,1790908164
2026-10-02T02:30:52+00:00,2026-10-02T02:31:41.305507+00:00,2071991821019036242,2071991821019036242,5,2,0,15,0,1,1,1,1790908163
2026-10-02T02:30:52+00:00,2026-10-02T02:31:41.305507+00:00,a6d6d4b2-3666-43ad-a690-7f676bdcc3fd,542,12,0,1,6,0,1,1,1,1790908163
2026-10-02T02:30:52+00:00,2026-10-02T02:31:41.305507+00:00,77c1736c-a609-4453-94f7-8e4253a8193c,474,5,2,0,6,0,1,1,1,1790908170
2026-10-02T02:30:52+00:00,2026-10-02T02:31:41.305507+00:00,82b41ffb-e284-4e4d-b22a-0cad2bfd4bee,443,12,0,0,7,0,1,1,1,1790908170
2026-10-02T02:30:52+00:00,2026-10-02T02:31:41.305507+00:00,1994515539257334312,1994515539257334312,11,3,0,8,0,1,1,1,1790908169
2026-10-02T02:30:52+00:00,2026-10-02T02:31:41.305507+00:00,f8347002-0de8-11e7-991c-3863bb43a7d0,20,0,0,0,23,0,1,1,1,1790908171
2026-10-02T02:30:52+00:00,2026-10-02T02:31:41.305507+00:00,2127252912986958612,2127252912986958612,5,2,1,9,0,1,1,1,1790908169
2026-10-02T02:30:52+00:00,2026-10-02T02:31:41.305507+00:00,2250817396738253956,2250817396738253956,14,0,0,1,0,1,1,1,1790908171
2026-10-02T02:30:52+00:00,2026-10-02T02:31:41.305507+00:00,803a0c16-4f81-44f1-8b49-a13fcdda40c1,370,4,0,1,12,0,1,1,1,1790908111
2026-10-02T02:30:52+00:00,2026-10-02T02:31:41.305507+00:00,f8346e51-0de8-11e7-991c-3863bb43a7d0,17,11,0,0,4,0,1,1,1,1790908112
2026-10-02T02:30:52+00:00,2026-10-02T02:31:41.305507+00:00,e4d5271f-5f76-401b-b7f0-c8dce3c26f10,462,10,2,0,1,0,1,1,1,1790908115
2026-10-02T02:30:52+00:00,2026-10-02T02:31:41.305507+00:00,5d17f129-af8c-4f30-bc58-6a8279052772,543,6,2,0,13,0,1,1,1,1790908113
2026-10-02T02:30:52+00:00,2026-10-02T02:31:41.305507+00:00,2149920539832638004,2149920539832638004,10,0,2,2,0,1,1,1,1790908116
2026-10-02T02:30:52+00:00,2026-10-02T02:31:41.305507+00:00,133d159e-a202-4310-910f-eca392fe181e,398,1,0,1,17,0,1,1,1,1790908133
2026-10-02T02:30:52+00:00,2026-10-02T02:31:41.305507+00:00,2126567695528519906,2126567695528519906,1,0,0,19,0,1,1,1,1790908134
2026-10-02T02:30:52+00:00,2026-10-02T02:31:41.305507+00:00,f8351255-0de8-11e7-991c-3863bb43a7d0,174,11,3,0,4,0,1,1,1,1790908136
2026-10-02T02:30:52+00:00,2026-10-02T02:31:41.305507+00:00,57f5003b-6574-40b3-83d7-3b5dee1472e0,518,7,2,1,3,0,1,1,1,1790908136
2026-10-02T02:30:52+00:00,2026-10-02T02:31:41.305507+00:00,f8347a8b-0de8-11e7-991c-3863bb43a7d0,29,10,0,0,9,0,1,1,1,1790908137
2026-10-02T02:30:52+00:00,2026-10-02T02:31:41.305507+00:00,569f4952-5a25-4394-a419-f9c4d9cca6f3,495,11,0,0,7,0,1,1,1,1790908137
2026-10-02T02:30:52+00:00,2026-10-02T02:31:41.305507+00:00,f8352973-0de8-11e7-991c-3863bb43a7d0,210,10,2,0,5,0,1,1,1,1790908135
2026-10-02T02:30:52+00:00,2026-10-02T02:31:41.305507+00:00,97a1e4e7-a1ff-427a-aaea-48ca0d00bf9c,348,5,1,0,10,0,1,1,1,1790908135
2026-10-02T02:30:52+00:00,2026-10-02T02:31:41.305507+00:00,f8347ba8-0de8-11e7-991c-3863bb43a7d0,31,0,0,0,19,0,1,1,1,1790908176
2026-10-02T02:30:52+00:00,2026-10-02T02:31:41.305507+00:00,2127634714741013228,2127634714741013228,14,0,2,8,0,1,1,1,1790908175
2026-10-02T02:30:52+00:00,2026-10-02T02:31:41.305507+00:00,dcd76e42-eebc-4432-9726-cdb3372b0b07,557,0,0,0,19,0,1,1,1,1790908175
2026-10-02T02:30:52+00:00,2026-10-02T02:31:41.305507+00:00,6cec3afa-554c-466f-8323-5c619fe0ddc6,6cec3afa-554c-466f-8323-5c619fe0ddc6,8,4,0,3,0,1,1,1,1790908174
2026-10-02T02:30:52+00:00,2026-10-02T02:31:41.305507+00:00,f8346c96-0de8-11e7-991c-3863bb43a7d0,14,3,0,0,22,0,1,1,1,1790908176
2026-10-02T02:30:52+00:00,2026-10-02T02:31:41.305507+00:00,c111ef1a-f276-415d-a95e-8e3c4e3a0c03,522,13,3,0,2,0,1,1,1,1790908181
2026-10-02T02:30:52+00:00,2026-10-02T02:31:41.305507+00:00,768433a9-fc30-4485-b136-22d6f8a96f1c,768433a9-fc30-4485-b136-22d6f8a96f1c,10,7,0,1,0,1,1,1,1790908182
2026-10-02T02:30:52+00:00,2026-10-02T02:31:41.305507+00:00,f834916a-0de8-11e7-991c-3863bb43a7d0,63,0,0,0,15,0,1,1,1,1790908179
2026-10-02T02:30:52+00:00,2026-10-02T02:31:41.305507+00:00,4d953f0f-13b5-4b3d-b2da-342003ff7cba,4d953f0f-13b5-4b3d-b2da-342003ff7cba,3,2,0,8,0,1,1,1,1790908181
2026-10-02T02:30:52+00:00,2026-10-02T02:31:41.305507+00:00,2131371824572002576,2131371824572002576,12,1,0,4,0,1,1,1,1790908181
2026-10-02T02:30:52+00:00,2026-10-02T02:31:41.305507+00:00,01d29f8c-768d-4c4f-84ca-3de966075287,469,7,0,0,4,0,1,1,1,1790908185
2026-10-02T02:30:52+00:00,2026-10-02T02:31:41.305507+00:00,f834cb89-0de8-11e7-991c-3863bb43a7d0,115,14,0,1,4,0,1,1,1,1790908186
2026-10-02T02:30:52+00:00,2026-10-02T02:31:41.305507+00:00,2220033166406469278,2220033166406469278,10,3,0,5,0,1,1,1,1790908032
2026-10-02T02:30:52+00:00,2026-10-02T02:31:41.305507+00:00,2028220168245183460,2028220168245183460,10,0,0,9,0,1,1,1,1790908183
2026-10-02T02:30:52+00:00,2026-10-02T02:31:41.305507+00:00,15ec5783-ca7a-4225-ba51-cd0a45ecc975,15ec5783-ca7a-4225-ba51-cd0a45ecc975,5,2,0,6,0,1,1,1,1790908184
2026-10-02T02:30:52+00:00,2026-10-02T02:31:41.305507+00:00,2129149628430547474,2129149628430547474,12,1,0,4,0,1,1,1,1790908185
2026-10-02T02:30:52+00:00,2026-10-02T02:31:41.305507+00:00,1919521884659886482,1919521884659886482,3,0,0,16,0,1,1,1,1790908191
2026-10-02T02:30:52+00:00,2026-10-02T02:31:41.305507+00:00,e335fa7c-7adf-4360-9bfa-76b18124a56f,541,3,1,0,8,0,1,1,1,1790908191
2026-10-02T02:30:52+00:00,2026-10-02T02:31:41.305507+00:00,ab6517ea-ed53-42eb-8881-657d362e56e8,560,10,0,0,5,0,1,1,1,1790908192
2026-10-02T02:30:52+00:00,2026-10-02T02:31:41.305507+00:00,2113559364250874028,2113559364250874028,4,1,0,11,0,1,1,1,1790908189
2026-10-02T02:30:52+00:00,2026-10-02T02:31:41.305507+00:00,f834f036-0de8-11e7-991c-3863bb43a7d0,133,19,1,2,1,0,1,1,1,1790908188
2026-10-02T02:30:52+00:00,2026-10-02T02:31:41.305507+00:00,f83473ea-0de8-11e7-991c-3863bb43a7d0,27,14,0,0,9,0,1,1,1,1790908192
2026-10-02T02:30:52+00:00,2026-10-02T02:31:41.305507+00:00,8d535c23-f186-4161-aa10-17e94be6d4ae,436,11,0,1,2,1,1,1,1,1790908193
2026-10-02T02:30:52+00:00,2026-10-02T02:31:41.305507+00:00,1ef5abb2-5af9-41f2-a0dd-1e44278ad9f1,502,6,1,0,5,0,1,1,1,1790908192
2026-10-02T02:30:52+00:00,2026-10-02T02:31:41.305507+00:00,f83532fa-0de8-11e7-991c-3863bb43a7d0,219,8,0,0,7,0,1,1,1,1790908194
2026-10-02T02:30:52+00:00,2026-10-02T02:31:41.305507+00:00,4b5de733-9353-4873-9dc2-9558b3cb063a,393,3,2,0,12,0,1,1,1,1790908203
2026-10-02T02:30:52+00:00,2026-10-02T02:31:41.305507+00:00,e519df41-c4d7-403a-9afa-a5dd7cdd2d03,536,3,0,1,14,0,1,1,1,1790908205
2026-10-02T02:30:52+00:00,2026-10-02T02:31:41.305507+00:00,f834b1ed-0de8-11e7-991c-3863bb43a7d0,99,14,1,0,1,0,1,1,1,1790908203
2026-10-02T02:30:52+00:00,2026-10-02T02:31:41.305507+00:00,f8348598-0de8-11e7-991c-3863bb43a7d0,49,13,0,1,4,0,1,1,1,1790908202
2026-10-02T02:30:52+00:00,2026-10-02T02:31:41.305507+00:00,1997031876360597884,1997031876360597884,10,2,1,0,0,1,1,1,1790908202
2026-10-02T02:30:52+00:00,2026-10-02T02:31:41.305507+00:00,2438d052-2cd6-4fba-83c9-39f46cb59398,2438d052-2cd6-4fba-83c9-39f46cb59398,1,1,3,15,0,1,1,1,1790908201
2026-10-02T02:30:52+00:00,2026-10-02T02:31:41.305507+00:00,f835244e-0de8-11e7-991c-3863bb43a7d0,202,8,3,0,7,0,1,1,1,1790908202
2026-10-02T02:30:52+00:00,2026-10-02T02:31:41.305507+00:00,2363c5a3-93cc-41a2-a767-90f1826c041f,426,7,1,0,20,0,1,1,1,1790908204
2026-10-02T02:30:52+00:00,2026-10-02T02:31:41.305507+00:00,199f3d59-e726-4549-b9c1-4dfc8a343fdb,508,5,2,0,6,0,1,1,1,1790908198
2026-10-02T02:30:52+00:00,2026-10-02T02:31:41.305507+00:00,800bde2c-51df-497c-ac2d-bc3a8c00c164,800bde2c-51df-497c-ac2d-bc3a8c00c164,10,0,0,5,0,1,1,1,1790908198
2026-10-02T02:30:52+00:00,2026-10-02T02:31:41.305507+00:00,f834f948-0de8-11e7-991c-3863bb43a7d0,138,12,3,1,1,0,1,1,1,1790908198
2026-10-02T02:30:52+00:00,2026-10-02T02:31:41.305507+00:00,2251556760922290606,2251556760922290606,13,3,0,2,0,1,1,1,1790908196
2026-10-02T02:30:52+00:00,2026-10-02T02:31:41.305507+00:00,a825b55d-3ab3-481f-9c50-d3a7313e6843,228,0,0,0,19,0,1,1,1,1790908200
2026-10-02T02:30:52+00:00,2026-10-02T02:31:41.305507+00:00,2031175112202687108,2031175112202687108,5,0,0,11,0,1,1,1,1790908196
2026-10-02T02:30:52+00:00,2026-10-02T02:31:41.305507+00:00,2089808297152151688,2089808297152151688,5,1,1,6,0,1,1,1,1790908206
2026-10-02T02:30:52+00:00,2026-10-02T02:31:41.305507+00:00,f8348719-0de8-11e7-991c-3863bb43a7d0,52,0,0,1,22,0,1,1,1,1790908209
2026-10-02T02:30:52+00:00,2026-10-02T02:31:41.305507+00:00,f834b928-0de8-11e7-991c-3863bb43a7d0,106,7,2,1,6,0,1,1,1,1790908209
2026-10-02T02:30:52+00:00,2026-10-02T02:31:41.305507+00:00,1331197c-f6c6-4f4a-a29b-95e580359886,224,17,3,0,0,0,1,1,1,1790908209
2026-10-02T02:30:52+00:00,2026-10-02T02:31:41.305507+00:00,cad0e759-b605-458a-b772-768dcce81dc6,372,2,0,0,16,0,1,1,1,1790908205
2026-10-02T02:30:52+00:00,2026-10-02T02:31:41.305507+00:00,2219705277630124418,2219705277630124418,10,4,0,5,0,1,1,1,1790908209
2026-10-02T02:30:52+00:00,2026-10-02T02:31:41.305507+00:00,918335df-fc1a-45c2-9cfc-c5e2e93aecc0,467,4,1,1,6,0,1,1,1,1790908210
2026-10-02T02:30:52+00:00,2026-10-02T02:31:41.305507+00:00,8e7c1984-dc81-43b0-a0d3-58c6de45225a,465,6,1,1,4,0,1,1,1,1790908210
2026-10-02T02:30:52+00:00,2026-10-02T02:31:41.305507+00:00,f8351569-0de8-11e7-991c-3863bb43a7d0,181,14,3,0,5,0,1,1,1,1790908224
2026-10-02T02:30:52+00:00,2026-10-02T02:31:41.305507+00:00,2134720099473744344,2134720099473744344,2,0,1,18,0,1,1,1,1790908223
2026-10-02T02:30:52+00:00,2026-10-02T02:31:41.305507+00:00,829fa5a8-cc88-4ab2-9f34-b481aaa1612e,259,10,2,0,5,0,1,1,1,1790908224
2026-10-02T02:30:52+00:00,2026-10-02T02:31:41.305507+00:00,ec4e1168-25dc-4929-b17b-e4ae578dd888,425,1,1,0,15,0,1,1,1,1790908225
2026-10-02T02:30:52+00:00,2026-10-02T02:31:41.305507+00:00,2110566771130438288,2110566771130438288,7,3,1,8,0,1,1,1,1790908125
2026-10-02T02:30:52+00:00,2026-10-02T02:31:41.305507+00:00,f8350129-0de8-11e7-991c-3863bb43a7d0,149,14,0,0,4,0,1,1,1,1790908226
2026-10-02T02:30:52+00:00,2026-10-02T02:31:41.305507+00:00,f8350d30-0de8-11e7-991c-3863bb43a7d0,163,9,1,0,9,0,1,1,1,1790908226
2026-10-02T02:30:52+00:00,2026-10-02T02:31:41.305507+00:00,1986694622707704150,1986694622707704150,10,0,1,8,0,1,1,1,1790908227
2026-10-02T02:30:52+00:00,2026-10-02T02:31:41.305507+00:00,f606593b-3d07-40f2-bc6d-a0eb96588e44,456,11,0,0,7,0,1,1,1,1790908227
2026-10-02T02:30:52+00:00,2026-10-02T02:31:41.305507+00:00,1999644268058967024,1999644268058967024,19,0,1,4,0,1,1,1,1790908227
2026-10-02T02:30:52+00:00,2026-10-02T02:31:41.305507+00:00,2251186911126913182,2251186911126913182,14,1,0,5,0,1,1,1,1790908227
2026-10-02T02:30:52+00:00,2026-10-02T02:31:41.305507+00:00,f834a1de-0de8-11e7-991c-3863bb43a7d0,84,4,0,0,11,0,1,1,1,1790908228
2026-10-02T02:30:52+00:00,2026-10-02T02:31:41.305507+00:00,2132460331327742574,2132460331327742574,1,1,0,17,0,1,1,1,1790908229
2026-10-02T02:30:52+00:00,2026-10-02T02:31:41.305507+00:00,f834e75d-0de8-11e7-991c-3863bb43a7d0,129,9,2,0,9,1,1,1,1,1790908228
2026-10-02T02:30:52+00:00,2026-10-02T02:31:41.305507+00:00,f8346dbd-0de8-11e7-991c-3863bb43a7d0,16,7,0,2,10,0,1,1,1,1790908228
2026-10-02T02:30:52+00:00,2026-10-02T02:31:41.305507+00:00,1999639508813492766,1999639508813492766,2,0,0,18,0,1,1,1,1790908229
2026-10-02T02:30:52+00:00,2026-10-02T02:31:41.305507+00:00,f83472d3-0de8-11e7-991c-3863bb43a7d0,25,8,0,0,7,0,1,1,1,1790908180
2026-10-02T02:30:52+00:00,2026-10-02T02:31:41.305507+00:00,2248987790637065652,2248987790637065652,9,3,2,1,0,1,1,1,1790908178
2026-10-02T02:30:52+00:00,2026-10-02T02:31:41.305507+00:00,a51b429f-bf06-425a-b3fe-b3155aa6468c,a51b429f-bf06-425a-b3fe-b3155aa6468c,4,1,0,7,0,1,1,1,1790908179
2026-10-02T02:30:52+00:00,2026-10-02T02:31:41.305507+00:00,2158217922577811100,2158217922577811100,6,1,0,13,0,1,1,1,1790908181
2026-10-02T02:30:52+00:00,2026-10-02T02:31:41.305507+00:00,af066ffd-b892-434f-8532-1982fc408780,480,1,0,1,9,0,1,1,1,1790908180
2026-10-02T02:30:52+00:00,2026-10-02T02:31:41.305507+00:00,be7e7068-b85f-42c1-8ea1-e1d64e531323,be7e7068-b85f-42c1-8ea1-e1d64e531323,8,4,0,7,0,1,1,1,1790908191
2026-10-02T02:30:52+00:00,2026-10-02T02:31:41.305507+00:00,57caf362-1e8b-46aa-9ee3-82341c405ab0,271,11,4,0,4,0,1,1,1,1790908192
2026-10-02T02:30:52+00:00,2026-10-02T02:31:41.305507+00:00,1206f5c8-7d1f-4c32-9d65-f3e80186fbde,511,12,10,0,7,0,1,1,1,1790908191
2026-10-02T02:30:52+00:00,2026-10-02T02:31:41.305507+00:00,634b697d-0e64-4102-8849-abac7a7f8e35,455,11,0,1,0,0,1,1,1,1790908192
2026-10-02T02:30:52+00:00,2026-10-02T02:31:41.305507+00:00,ee0fa23e-a6c2-474d-a6ef-bf581d63f1ae,ee0fa23e-a6c2-474d-a6ef-bf581d63f1ae,5,0,0,6,0,1,1,1,1790908192
2026-10-02T02:30:52+00:00,2026-10-02T02:31:41.305507+00:00,a439fff7-8630-464c-b277-efca6f6bc664,531,11,7,1,3,0,1,1,1,1790908193
2026-10-02T02:30:52+00:00,2026-10-02T02:31:41.305507+00:00,2012646293885032702,2012646293885032702,18,0,3,4,0,1,1,1,1790908170
2026-10-02T02:30:52+00:00,2026-10-02T02:31:41.305507+00:00,2002247509585342522,2002247509585342522,6,3,0,5,0,1,1,1,1790908171
2026-10-02T02:30:52+00:00,2026-10-02T02:31:41.305507+00:00,f8351ff1-0de8-11e7-991c-3863bb43a7d0,193,14,1,0,1,0,1,1,1,1790908172
2026-10-02T02:30:52+00:00,2026-10-02T02:31:41.305507+00:00,b5894555-30a3-46db-918a-fdeb083d6001,336,14,4,1,0,0,1,1,1,1790908187
2026-10-02T02:30:52+00:00,2026-10-02T02:31:41.305507+00:00,50cc3c7f-50ed-4c70-b483-c89f3f47c938,491,15,1,0,4,0,1,1,1,1790908187
2026-10-02T02:30:52+00:00,2026-10-02T02:31:41.305507+00:00,f834923d-0de8-11e7-991c-3863bb43a7d0,65,3,0,0,16,0,1,1,1,1790908189
2026-10-02T02:30:52+00:00,2026-10-02T02:31:41.305507+00:00,c935cfb1-ef73-402e-9b86-83aaaac6534d,478,9,0,0,10,0,1,1,1,1790908189
2026-10-02T02:30:52+00:00,2026-10-02T02:31:41.305507+00:00,910f1452-dbeb-4e69-b226-71b2d7e85715,910f1452-dbeb-4e69-b226-71b2d7e85715,5,2,1,4,0,1,1,1,1790908185
2026-10-02T02:30:52+00:00,2026-10-02T02:31:41.305507+00:00,dc770287-c70c-43ea-a635-39f3dc6b09cd,dc770287-c70c-43ea-a635-39f3dc6b09cd,7,2,1,3,0,1,1,1,1790908133
2026-10-02T02:30:52+00:00,2026-10-02T02:31:41.305507+00:00,f8350be5-0de8-11e7-991c-3863bb43a7d0,160,1,0,0,13,0,1,1,1,1790908142
2026-10-02T02:30:52+00:00,2026-10-02T02:31:41.305507+00:00,b0b8e427-7203-4844-9c70-129e08a74452,347,11,4,1,2,0,1,1,1,1790908143
2026-10-02T02:30:52+00:00,2026-10-02T02:31:41.305507+00:00,f83514f9-0de8-11e7-991c-3863bb43a7d0,180,7,0,0,11,0,1,1,1,1790908145
2026-10-02T02:30:52+00:00,2026-10-02T02:31:41.305507+00:00,13681246-4bf8-444a-a908-fa165e4ad298,329,15,2,0,0,0,1,1,1,1790908160
2026-10-02T02:30:52+00:00,2026-10-02T02:31:41.305507+00:00,f8346a3c-0de8-11e7-991c-3863bb43a7d0,10,0,0,1,10,0,1,1,1,1790908162
2026-10-02T02:30:52+00:00,2026-10-02T02:31:41.305507+00:00,1994461916590643872,1994461916590643872,7,5,0,4,0,1,1,1,1790908161
2026-10-02T02:30:52+00:00,2026-10-02T02:31:41.305507+00:00,609c2f06-310e-4134-8dd2-3d23aa41487b,609c2f06-310e-4134-8dd2-3d23aa41487b,15,2,1,6,0,1,1,1,1790908161
2026-10-02T02:30:52+00:00,2026-10-02T02:31:41.305507+00:00,f83487f0-0de8-11e7-991c-3863bb43a7d0,54,0,0,0,15,0,1,1,1,1790908138
2026-10-02T02:30:52+00:00,2026-10-02T02:31:41.305507+00:00,f834d064-0de8-11e7-991c-3863bb43a7d0,118,10,3,3,6,0,1,1,1,1790908150
2026-10-02T02:30:52+00:00,2026-10-02T02:31:41.305507+00:00,e49a5b83-2c9c-4610-a48b-89cfea172c8f,504,3,0,0,8,0,1,1,1,1790908151
2026-10-02T02:30:52+00:00,2026-10-02T02:31:41.305507+00:00,dd008e3c-ff17-4c82-abe0-502272a62425,558,9,0,0,8,0,1,1,1,1790908148
2026-10-02T02:30:52+00:00,2026-10-02T02:31:41.305507+00:00,2113560016964645240,2113560016964645240,19,2,0,0,0,1,1,1,1790908150
2026-10-02T02:30:52+00:00,2026-10-02T02:31:41.305507+00:00,1963273678015717438,1963273678015717438,8,0,1,10,0,1,1,1,1790908150
2026-10-02T02:30:52+00:00,2026-10-02T02:31:41.305507+00:00,f8348924-0de8-11e7-991c-3863bb43a7d0,57,13,0,1,0,0,1,1,1,1790908154
2026-10-02T02:30:52+00:00,2026-10-02T02:31:41.305507+00:00,f1cafe36-f800-41f6-b74d-73953cb6394c,471,1,0,0,26,0,1,1,1,1790908155
2026-10-02T02:30:52+00:00,2026-10-02T02:31:41.305507+00:00,8f51f8f1-ecb8-4cd3-8529-296a03140c51,8f51f8f1-ecb8-4cd3-8529-296a03140c51,9,3,0,10,0,1,1,1,1790908155
2026-10-02T02:30:52+00:00,2026-10-02T02:31:41.305507+00:00,f8346c01-0de8-11e7-991c-3863bb43a7d0,13,2,0,1,16,0,1,1,1,1790908157
2026-10-02T02:30:52+00:00,2026-10-02T02:31:41.305507+00:00,e3f5d039-a49e-4b3b-ab4d-4efbef2068c6,e3f5d039-a49e-4b3b-ab4d-4efbef2068c6,21,15,0,2,0,1,1,1,1790908153
2026-10-02T02:30:52+00:00,2026-10-02T02:31:41.305507+00:00,2035765531590062506,2035765531590062506,4,2,0,6,1,1,1,1,1790908152
2026-10-02T02:30:52+00:00,2026-10-02T02:31:41.305507+00:00,a9bc314b-a3fd-46e5-a63b-f005258bba5f,a9bc314b-a3fd-46e5-a63b-f005258bba5f,3,1,0,15,0,1,1,1,1790908156
2026-10-02T02:30:52+00:00,2026-10-02T02:31:41.305507+00:00,dd05a440-f881-410c-a071-864da11c634a,318,0,0,0,19,0,1,1,1,1790908166
2026-10-02T02:30:52+00:00,2026-10-02T02:31:41.305507+00:00,fae99a0c-e88a-4112-94d8-f655cf34e651,fae99a0c-e88a-4112-94d8-f655cf34e651,2,1,0,17,0,1,1,1,1790908164
2026-10-02T02:30:52+00:00,2026-10-02T02:31:41.305507+00:00,2111332861978124760,2111332861978124760,6,1,1,9,0,1,1,1,1790908167
2026-10-02T02:30:52+00:00,2026-10-02T02:31:41.305507+00:00,3f4f4ad4-a715-43d5-828f-f8381f26b66a,390,10,0,2,2,1,1,1,1,1790908167
2026-10-02T02:30:52+00:00,2026-10-02T02:31:41.305507+00:00,25cc602a-152a-4abe-9df8-a131d0a5d94b,235,10,4,0,5,0,1,1,1,1790908174
2026-10-02T02:30:52+00:00,2026-10-02T02:31:41.305507+00:00,f8348781-0de8-11e7-991c-3863bb43a7d0,53,9,1,2,9,0,1,1,1,1790908173
2026-10-02T02:30:52+00:00,2026-10-02T02:31:41.305507+00:00,082262bd-086b-46c7-83ce-eed2b39142ff,416,1,0,2,12,0,1,1,1,1790908174
2026-10-02T02:30:52+00:00,2026-10-02T02:31:41.305507+00:00,0bc49982-74e9-4bbf-9991-e3d809d6319e,530,4,0,0,15,0,1,1,1,1790908175
2026-10-02T02:30:52+00:00,2026-10-02T02:31:41.305507+00:00,8b703219-1e16-4ba1-9f46-2b7030c7849a,360,5,2,0,10,0,1,1,1,1790908174
2026-10-02T02:30:52+00:00,2026-10-02T02:31:41.305507+00:00,f8348021-0de8-11e7-991c-3863bb43a7d0,39,11,1,0,16,0,1,1,1,1790908175
2026-10-02T02:30:52+00:00,2026-10-02T02:31:41.305507+00:00,2115804056935012722,2115804056935012722,9,3,0,10,0,1,1,1,1790908177
2026-10-02T02:30:52+00:00,2026-10-02T02:31:41.305507+00:00,efd724b2-31cb-4aec-b9d9-8ab79271630c,493,10,0,0,7,0,1,1,1,1790908115
2026-10-02T02:30:52+00:00,2026-10-02T02:31:41.305507+00:00,2100948177843249670,2100948177843249670,10,7,1,0,0,1,1,1,1790908115
2026-10-02T02:30:52+00:00,2026-10-02T02:31:41.305507+00:00,f8349d6e-0de8-11e7-991c-3863bb43a7d0,79,18,7,0,0,0,1,1,1,1790908116
2026-10-02T02:30:52+00:00,2026-10-02T02:31:41.305507+00:00,2136546016037880534,2136546016037880534,11,4,0,4,0,1,1,1,1790908103
2026-10-02T02:30:52+00:00,2026-10-02T02:31:41.305507+00:00,c98f50f6-1901-4c64-b164-8cf33245e022,282,17,0,1,0,0,1,1,1,1790908124
2026-10-02T02:30:52+00:00,2026-10-02T02:31:41.305507+00:00,2071724371800490690,2071724371800490690,8,0,0,12,0,1,1,1,1790908051
2026-10-02T02:30:52+00:00,2026-10-02T02:31:41.305507+00:00,f8352306-0de8-11e7-991c-3863bb43a7d0,199,11,4,0,4,0,1,1,1,1790908125
2026-10-02T02:30:52+00:00,2026-10-02T02:31:41.305507+00:00,f835259f-0de8-11e7-991c-3863bb43a7d0,205,5,1,0,10,0,1,1,1,1790908129
2026-10-02T02:30:52+00:00,2026-10-02T02:31:41.305507+00:00,ee18dbd6-05b8-4d38-a120-f84c3499a77e,519,1,1,0,10,0,1,1,1,1790908126
2026-10-02T02:30:52+00:00,2026-10-02T02:31:41.305507+00:00,7dd0fc98-c1dd-4c93-9c1d-4bbdf5f93346,473,12,8,0,2,0,1,1,1,1790908129
2026-10-02T02:30:52+00:00,2026-10-02T02:31:41.305507+00:00,2126939746529359956,2126939746529359956,7,4,0,12,0,1,1,1,1790908195
2026-10-02T02:30:52+00:00,2026-10-02T02:31:41.305507+00:00,4caf6e93-ddd7-4b6f-9e61-f9df1206ac92,4caf6e93-ddd7-4b6f-9e61-f9df1206ac92,15,5,1,3,0,1,1,1,1790908196
2026-10-02T02:30:52+00:00,2026-10-02T02:31:41.305507+00:00,f8353277-0de8-11e7-991c-3863bb43a7d0,218,0,0,0,15,0,1,1,1,1790908194
2026-10-02T02:30:52+00:00,2026-10-02T02:31:41.305507+00:00,2131714490587826928,2131714490587826928,14,10,0,2,0,1,1,1,1790908201
2026-10-02T02:30:52+00:00,2026-10-02T02:31:41.305507+00:00,2120986392451359068,2120986392451359068,1,0,0,18,0,1,1,1,1790908202
2026-10-02T02:30:52+00:00,2026-10-02T02:31:41.305507+00:00,f8352150-0de8-11e7-991c-3863bb43a7d0,196,7,2,0,3,0,1,1,1,1790908202
2026-10-02T02:30:52+00:00,2026-10-02T02:31:41.305507+00:00,2080157934789007958,2080157934789007958,18,3,0,1,0,1,1,1,1790908200
2026-10-02T02:30:52+00:00,2026-10-02T02:31:41.305507+00:00,3a6d94a7-9fee-41c5-b8cc-a8487c5e691b,549,22,0,1,0,0,1,1,1,1790908201
2026-10-02T02:30:52+00:00,2026-10-02T02:31:41.305507+00:00,1e3beeb4-f8e1-452c-93e5-48df78d4b313,334,6,2,0,12,0,1,1,1,1790908204
2026-10-02T02:30:52+00:00,2026-10-02T02:31:41.305507+00:00,68323451-daf0-4532-a6cb-b070e3ef358f,68323451-daf0-4532-a6cb-b070e3ef358f,6,0,3,10,0,1,1,1,1790908208
2026-10-02T02:30:52+00:00,2026-10-02T02:31:41.305507+00:00,f834db9b-0de8-11e7-991c-3863bb43a7d0,121,16,4,1,0,0,1,1,1,1790908206
2026-10-02T02:30:52+00:00,2026-10-02T02:31:41.305507+00:00,f8347361-0de8-11e7-991c-3863bb43a7d0,26,15,0,0,0,0,1,1,1,1790908207
2026-10-02T02:30:52+00:00,2026-10-02T02:31:41.305507+00:00,0cb6d635-6a7d-4d75-89b4-36b12616be12,432,17,13,0,2,0,1,1,1,1790908206
2026-10-02T02:30:52+00:00,2026-10-02T02:31:41.305507+00:00,31382324-2931-491a-827a-40149e45afee,232,3,1,0,8,0,1,1,1,1790908208
2026-10-02T02:30:52+00:00,2026-10-02T02:31:41.305507+00:00,f834fda2-0de8-11e7-991c-3863bb43a7d0,143,13,2,0,10,0,1,1,1,1790908212
2026-10-02T02:30:52+00:00,2026-10-02T02:31:41.305507+00:00,f8349de4-0de8-11e7-991c-3863bb43a7d0,80,0,0,0,34,0,1,1,1,1790908211
2026-10-02T02:30:52+00:00,2026-10-02T02:31:41.305507+00:00,2074236051937964826,2074236051937964826,14,0,1,0,1,1,1,1,1790908212
2026-10-02T02:30:52+00:00,2026-10-02T02:31:41.305507+00:00,f834fb66-0de8-11e7-991c-3863bb43a7d0,139,19,0,0,0,0,1,1,1,1790908208
2026-10-02T02:30:52+00:00,2026-10-02T02:31:41.305507+00:00,1984021766354634770,1984021766354634770,9,0,0,10,0,1,1,1,1790908209
2026-10-02T02:30:52+00:00,2026-10-02T02:31:41.305507+00:00,2253794653988522864,2253794653988522864,19,2,0,0,0,1,1,1,1790908215
2026-10-02T02:30:52+00:00,2026-10-02T02:31:41.305507+00:00,f8348857-0de8-11e7-991c-3863bb43a7d0,55,4,0,0,11,0,1,1,1,1790908214
2026-10-02T02:30:52+00:00,2026-10-02T02:31:41.305507+00:00,3c837bc0-fd08-49c4-adf5-0e9a98e918a7,524,9,3,0,6,0,1,1,1,1790908216
2026-10-02T02:30:52+00:00,2026-10-02T02:31:41.305507+00:00,a3b94ed8-8301-4ec6-baf2-64ac493b5106,529,1,0,1,14,0,1,1,1,1790908217
2026-10-02T02:30:52+00:00,2026-10-02T02:31:41.305507+00:00,f8352a4d-0de8-11e7-991c-3863bb43a7d0,212,3,0,0,29,0,1,1,1,1790908217
2026-10-02T02:30:52+00:00,2026-10-02T02:31:41.305507+00:00,1961066392414132348,1961066392414132348,4,3,1,14,0,1,1,1,1790908216
2026-10-02T02:30:52+00:00,2026-10-02T02:31:41.305507+00:00,3de6e5da-9702-4623-8683-26abd98012a8,525,5,1,0,7,0,1,1,1,1790908218
2026-10-02T02:30:52+00:00,2026-10-02T02:31:41.305507+00:00,a9d13461-7f0f-47b0-9a97-8ec9e9792865,533,6,2,0,13,0,1,1,1,1790908217
2026-10-02T02:30:52+00:00,2026-10-02T02:31:41.305507+00:00,f834b652-0de8-11e7-991c-3863bb43a7d0,104,15,1,0,2,0,1,1,1,1790908218
2026-10-02T02:30:52+00:00,2026-10-02T02:31:41.305507+00:00,2079440939380771716,2079440939380771716,8,2,0,2,0,1,1,1,1790908218
2026-10-02T02:30:52+00:00,2026-10-02T02:31:41.305507+00:00,66763558-7a03-48a9-8665-6b4445b81f48,458,6,1,0,9,0,1,1,1,1790908219
2026-10-02T02:30:52+00:00,2026-10-02T02:31:41.305507+00:00,f4a64c30-b97f-4ae5-b531-a11698b558d7,562,5,2,1,2,0,1,1,1,1790908216
2026-10-02T02:30:52+00:00,2026-10-02T02:31:41.305507+00:00,f8349672-0de8-11e7-991c-3863bb43a7d0,72,0,0,0,23,0,1,1,1,1790908220
2026-10-02T02:30:52+00:00,2026-10-02T02:31:41.305507+00:00,f8352c1a-0de8-11e7-991c-3863bb43a7d0,216,15,3,0,4,0,1,1,1,1790908221
2026-10-02T02:30:52+00:00,2026-10-02T02:31:41.305507+00:00,4764641e-b080-4c70-a1e1-049de81e09d0,273,27,0,4,10,0,1,1,1,1790908221
2026-10-02T02:30:52+00:00,2026-10-02T02:31:41.305507+00:00,2256120653476329202,2256120653476329202,7,1,0,8,0,1,1,1,1790908222
2026-10-02T02:30:52+00:00,2026-10-02T02:31:41.305507+00:00,3dbbb3cb-b52d-46f8-8f9c-db11e83d081c,327,9,1,1,4,0,1,1,1,1790908222
2026-10-02T02:30:52+00:00,2026-10-02T02:31:41.305507+00:00,2004828637786472956,2004828637786472956,15,2,1,2,1,1,1,1,1790908222
2026-10-02T02:30:52+00:00,2026-10-02T02:31:41.305507+00:00,2171110977443594588,2171110977443594588,8,1,1,6,0,1,1,1,1790908223
2026-10-02T02:30:52+00:00,2026-10-02T02:31:41.305507+00:00,f836bc28-36a7-4ca6-bba6-0d75333d84bb,538,13,1,0,6,0,1,1,1,1790908222
2026-10-02T02:30:52+00:00,2026-10-02T02:31:41.305507+00:00,fbb9b58c-2b92-4bcf-8e4c-a982e40d2f39,221,11,1,0,8,0,1,1,1,1790908219
2026-10-02T02:30:52+00:00,2026-10-02T02:31:41.305507+00:00,2223046412750968128,2223046412750968128,6,1,1,12,0,1,1,1,1790908219
2026-10-02T02:30:52+00:00,2026-10-02T02:31:41.305507+00:00,f8350c56-0de8-11e7-991c-3863bb43a7d0,161,13,3,0,10,0,1,1,1,1790908219
2026-10-02T02:30:52+00:00,2026-10-02T02:31:41.305507+00:00,dd8dee9d-d044-41d6-9371-8463cf9c671b,526,4,2,0,11,0,1,1,1,1790908219
2026-10-02T02:30:52+00:00,2026-10-02T02:31:41.305507+00:00,d81e16e2-a410-4a0b-b5ae-b72748fc9781,d81e16e2-a410-4a0b-b5ae-b72748fc9781,8,0,0,11,0,1,1,1,1790908220
2026-10-02T02:30:52+00:00,2026-10-02T02:31:41.305507+00:00,f834ffc9-0de8-11e7-991c-3863bb43a7d0,146,19,8,0,0,0,1,1,1,1790908223
2026-10-02T02:30:52+00:00,2026-10-02T02:31:41.305507+00:00,f834a32d-0de8-11e7-991c-3863bb43a7d0,86,22,0,1,2,0,1,1,1,1790908224
2026-10-02T02:30:52+00:00,2026-10-02T02:31:41.305507+00:00,2124668538068359456,2124668538068359456,3,0,0,16,0,1,1,1,1790908224
2026-10-02T02:30:52+00:00,2026-10-02T02:31:41.305507+00:00,f8351e42-0de8-11e7-991c-3863bb43a7d0,189,1,0,0,22,0,1,1,1,1790908225
2026-10-02T02:30:52+00:00,2026-10-02T02:31:41.305507+00:00,3b158c7a-a362-43ae-af1f-121b78be32d7,483,17,2,0,0,0,1,1,1,1790908225
2026-10-02T02:30:52+00:00,2026-10-02T02:31:41.305507+00:00,f834ff5a-0de8-11e7-991c-3863bb43a7d0,145,13,2,0,6,0,1,1,1,1790908227
2026-10-02T02:30:52+00:00,2026-10-02T02:31:41.305507+00:00,f835141c-0de8-11e7-991c-3863bb43a7d0,178,14,2,0,5,0,1,1,1,1790908227
2026-10-02T02:30:52+00:00,2026-10-02T02:31:41.305507+00:00,f834b50a-0de8-11e7-991c-3863bb43a7d0,102,10,3,1,4,0,1,1,1,1790908228
2026-10-02T02:30:52+00:00,2026-10-02T02:31:41.305507+00:00,f835027c-0de8-11e7-991c-3863bb43a7d0,152,25,6,0,2,0,1,1,1,1790908228
2026-10-02T02:30:52+00:00,2026-10-02T02:31:41.305507+00:00,2fded452-cbd0-4248-b008-f8a61ed9a85f,2fded452-cbd0-4248-b008-f8a61ed9a85f,5,3,0,10,0,1,1,1,1790908230
2026-10-02T02:30:52+00:00,2026-10-02T02:31:41.305507+00:00,81676204-e42f-4d3d-991e-9c1264f36229,357,5,0,0,10,0,1,1,1,1790908117
2026-10-02T02:30:52+00:00,2026-10-02T02:31:41.305507+00:00,a75d3da1-ce74-447f-8e80-52506a81aff3,a75d3da1-ce74-447f-8e80-52506a81aff3,4,1,0,7,0,1,1,1,1790908115
2026-10-02T02:30:52+00:00,2026-10-02T02:31:41.305507+00:00,1921360868231155718,1921360868231155718,3,0,0,16,0,1,1,1,1790908115
2026-10-02T02:30:52+00:00,2026-10-02T02:31:41.305507+00:00,2151136782588526782,2151136782588526782,10,2,0,1,0,1,1,1,1790908110
2026-10-02T02:30:52+00:00,2026-10-02T02:31:41.305507+00:00,f83520d8-0de8-11e7-991c-3863bb43a7d0,195,11,1,0,12,0,1,1,1,1790908121
2026-10-02T02:30:52+00:00,2026-10-02T02:31:41.305507+00:00,fe534b6f-61ad-47d3-b9f6-cdaa128f53a4,395,3,0,0,12,0,1,1,1,1790908124
2026-10-02T02:30:52+00:00,2026-10-02T02:31:41.305507+00:00,2076849845777355316,2076849845777355316,28,0,2,0,2,1,1,1,1790908143
2026-10-02T02:30:52+00:00,2026-10-02T02:31:41.305507+00:00,1989983491501558234,1989983491501558234,5,2,0,6,0,1,1,1,1790908144
2026-10-02T02:30:52+00:00,2026-10-02T02:31:41.305507+00:00,8347c34d-68df-404b-ac58-7a387cc3ce4b,414,9,1,0,14,0,1,1,1,1790908144
2026-10-02T02:30:52+00:00,2026-10-02T02:31:41.305507+00:00,f8349ed6-0de8-11e7-991c-3863bb43a7d0,82,22,13,1,2,0,1,1,1,1790908143
2026-10-02T02:30:52+00:00,2026-10-02T02:31:41.305507+00:00,9c8366d8-3b58-4894-b281-09e22f6fe5f7,464,9,3,0,2,0,1,1,1,1790908144
2026-10-02T02:30:52+00:00,2026-10-02T02:31:41.305507+00:00,f83512c9-0de8-11e7-991c-3863bb43a7d0,175,16,2,0,1,0,1,1,1,1790908150
2026-10-02T02:30:52+00:00,2026-10-02T02:31:41.305507+00:00,f8347b1e-0de8-11e7-991c-3863bb43a7d0,30,10,0,1,4,0,1,1,1,1790908156
2026-10-02T02:30:52+00:00,2026-10-02T02:31:41.305507+00:00,aa556ad4-0092-4687-96c2-8dbc69addb56,485,4,3,0,7,0,1,1,1,1790908152
2026-10-02T02:30:52+00:00,2026-10-02T02:31:41.305507+00:00,ca76adb6-4c84-4484-9ec3-b411b81ddbef,ca76adb6-4c84-4484-9ec3-b411b81ddbef,12,0,0,7,0,1,1,1,1790908154
2026-10-02T02:30:52+00:00,2026-10-02T02:31:41.305507+00:00,f8351eb0-0de8-11e7-991c-3863bb43a7d0,190,33,0,0,3,0,1,1,1,1790908125
2026-10-02T02:30:52+00:00,2026-10-02T02:31:41.305507+00:00,f8352068-0de8-11e7-991c-3863bb43a7d0,194,14,4,0,5,0,1,1,1,1790908125
2026-10-02T02:30:52+00:00,2026-10-02T02:31:41.305507+00:00,f83483f3-0de8-11e7-991c-3863bb43a7d0,46,12,0,0,27,0,1,1,1,1790908130
2026-10-02T02:30:52+00:00,2026-10-02T02:31:41.305507+00:00,f8351dc2-0de8-11e7-991c-3863bb43a7d0,188,14,2,0,1,0,1,1,1,1790908127
2026-10-02T02:30:52+00:00,2026-10-02T02:31:41.305507+00:00,c202f2ca-ec1d-4dc5-a734-e0a342f23ba4,279,22,5,2,0,0,1,1,1,1790908128
2026-10-02T02:30:52+00:00,2026-10-02T02:31:41.305507+00:00,f835108b-0de8-11e7-991c-3863bb43a7d0,170,3,2,0,11,0,1,1,1,1790908133
2026-10-02T02:30:52+00:00,2026-10-02T02:31:41.305507+00:00,9cc65d3d-cfcc-45ff-8f75-7264556b1cf9,9cc65d3d-cfcc-45ff-8f75-7264556b1cf9,18,3,1,0,0,1,1,1,1790908134
2026-10-02T02:30:52+00:00,2026-10-02T02:31:41.305507+00:00,2225590560002383786,2225590560002383786,0,0,0,15,0,1,1,1,1790908132
2026-10-02T02:30:52+00:00,2026-10-02T02:31:41.305507+00:00,bd3d4824-7203-4edc-a314-cea2b413e886,319,5,0,0,21,1,1,1,1,1790908133
2026-10-02T02:30:52+00:00,2026-10-02T02:31:41.305507+00:00,f8346f6f-0de8-11e7-991c-3863bb43a7d0,19,9,0,0,5,0,1,1,1,1790908135
2026-10-02T02:30:52+00:00,2026-10-02T02:31:41.305507+00:00,f834dedf-0de8-11e7-991c-3863bb43a7d0,124,6,3,0,8,0,1,1,1,1790908137
2026-10-02T02:30:52+00:00,2026-10-02T02:31:41.305507+00:00,403c0f6c-d01a-4171-a7be-3aa4dbb0d7d1,407,5,2,1,12,0,1,1,1,1790908137
2026-10-02T02:30:52+00:00,2026-10-02T02:31:41.305507+00:00,9e9be067-c6bb-41de-9491-eda69d24d6de,371,18,13,0,0,1,1,1,1,1790908158
2026-10-02T02:30:52+00:00,2026-10-02T02:31:41.305507+00:00,42886366-9cbf-432c-ba84-beef38877c87,408,15,1,0,0,0,1,1,1,1790908159
2026-10-02T02:30:52+00:00,2026-10-02T02:31:41.305507+00:00,2249419943962214726,2249419943962214726,3,0,1,15,0,1,1,1,1790908162
2026-10-02T02:30:52+00:00,2026-10-02T02:31:41.305507+00:00,f83480a9-0de8-11e7-991c-3863bb43a7d0,40,22,3,1,8,0,1,1,1,1790908162
2026-10-02T02:30:52+00:00,2026-10-02T02:31:41.305507+00:00,12141b77-6e5f-444b-bace-2abf16db4fee,12141b77-6e5f-444b-bace-2abf16db4fee,0,0,7,4,0,1,0,0,1790828072
2026-10-02T02:30:52+00:00,2026-10-02T02:31:41.305507+00:00,2002248857751890568,2002248857751890568,8,5,0,3,0,1,1,1,1790908167
2026-10-02T02:30:52+00:00,2026-10-02T02:31:41.305507+00:00,f834fede-0de8-11e7-991c-3863bb43a7d0,144,0,0,1,18,0,1,1,1,1790908167
2026-10-02T02:30:52+00:00,2026-10-02T02:31:41.305507+00:00,2212258635631104970,2212258635631104970,10,0,0,13,0,1,1,1,1790908164
2026-10-02T02:30:52+00:00,2026-10-02T02:31:41.305507+00:00,f0f01d4c-ba4a-4ab2-9cc0-9fa1f9223300,394,10,6,0,4,0,1,1,1,1790908164
2026-10-02T02:30:52+00:00,2026-10-02T02:31:41.305507+00:00,f834f8ca-0de8-11e7-991c-3863bb43a7d0,137,19,9,0,0,0,1,1,1,1790908166
2026-10-02T02:30:52+00:00,2026-10-02T02:31:41.305507+00:00,a83f982f-a4f1-43e4-98e8-c8f4a0bb7290,452,14,1,1,0,0,1,1,1,1790908172
2026-10-02T02:30:52+00:00,2026-10-02T02:31:41.305507+00:00,f8350204-0de8-11e7-991c-3863bb43a7d0,151,5,0,0,14,0,1,1,1,1790908170
2026-10-02T02:30:52+00:00,2026-10-02T02:31:41.305507+00:00,d1c0b0c2-6e4c-424e-a946-a2a95a711633,422,3,1,0,12,0,1,1,1,1790908170
2026-10-02T02:30:52+00:00,2026-10-02T02:31:41.305507+00:00,065e0e5d-8a0d-49b7-9c1f-c8eaba51a8b4,490,10,2,1,7,0,1,1,1,1790908170
2026-10-02T02:30:52+00:00,2026-10-02T02:31:41.305507+00:00,f834ba08-0de8-11e7-991c-3863bb43a7d0,108,8,0,0,8,0,1,1,1,1790908168
2026-10-02T02:30:52+00:00,2026-10-02T02:31:41.305507+00:00,81bfc33b-30d8-4881-b261-712715a8b2bc,363,18,3,0,0,0,1,1,1,1790908169
2026-10-02T02:30:52+00:00,2026-10-02T02:31:41.305507+00:00,2129865213174084448,2129865213174084448,13,0,0,6,0,1,1,1,1790908175
2026-10-02T02:30:52+00:00,2026-10-02T02:31:41.305507+00:00,f714390d-6874-43fa-a079-a07f83c79c7b,f714390d-6874-43fa-a079-a07f83c79c7b,4,0,0,7,0,1,1,1,1790908176
2026-10-02T02:30:52+00:00,2026-10-02T02:31:41.305507+00:00,f8352378-0de8-11e7-991c-3863bb43a7d0,200,10,0,0,9,0,1,1,1,1790908179
2026-10-02T02:30:52+00:00,2026-10-02T02:31:41.305507+00:00,5f8ced09-665c-41e5-b67e-1e58fac21830,521,9,1,0,2,0,1,1,1,1790908180
2026-10-02T02:30:52+00:00,2026-10-02T02:31:41.305507+00:00,2d32e355-faee-407b-9bb7-45d80ffb059a,2d32e355-faee-407b-9bb7-45d80ffb059a,0,0,0,19,0,1,1,1,1790908178
2026-10-02T02:30:52+00:00,2026-10-02T02:31:41.305507+00:00,4c128753-6fde-4d4c-896e-a1adf89ada98,4c128753-6fde-4d4c-896e-a1adf89ada98,2,0,1,21,1,1,1,1,1790908182
2026-10-02T02:30:52+00:00,2026-10-02T02:31:41.305507+00:00,f83471a1-0de8-11e7-991c-3863bb43a7d0,23,2,0,0,22,1,1,1,1,1790908182
2026-10-02T02:30:52+00:00,2026-10-02T02:31:41.305507+00:00,7feae3ce-ddf2-4a45-a123-1209c8a9182b,484,5,0,0,6,0,1,1,1,1790908185
2026-10-02T02:30:52+00:00,2026-10-02T02:31:41.305507+00:00,2267959380696438832,2267959380696438832,7,0,0,4,0,1,1,1,1790908185
2026-10-02T02:30:52+00:00,2026-10-02T02:31:41.305507+00:00,53548ba4-ad0a-4d92-8e57-fd5c9f3ad102,399,3,0,0,12,0,1,1,1,1790908185
2026-10-02T02:30:52+00:00,2026-10-02T02:31:41.305507+00:00,1976642295079838524,1976642295079838524,6,0,0,5,0,1,1,1,1790908185
2026-10-02T02:30:52+00:00,2026-10-02T02:31:41.305507+00:00,5bbdd12f-fec4-4741-9d5d-4a60834c5d02,377,11,0,0,8,0,1,1,1,1790908186
2026-10-02T02:30:52+00:00,2026-10-02T02:31:41.305507+00:00,f8349e56-0de8-11e7-991c-3863bb43a7d0,81,7,0,0,12,0,1,1,1,1790908184
2026-10-02T02:30:52+00:00,2026-10-02T02:31:41.305507+00:00,52485851-e554-49de-ab9f-f536806d2d34,52485851-e554-49de-ab9f-f536806d2d34,1,0,0,10,0,1,1,1,1790908182
2026-10-02T02:30:52+00:00,2026-10-02T02:31:41.305507+00:00,1978882443666915710,1978882443666915710,8,0,0,9,1,1,1,1,1790908191
2026-10-02T02:30:52+00:00,2026-10-02T02:31:41.305507+00:00,2007420398783036020,2007420398783036020,11,0,0,9,0,1,1,1,1790908188
2026-10-02T02:30:52+00:00,2026-10-02T02:31:41.305507+00:00,9f582e05-15e0-4a39-aef5-c719e0c78e26,466,2,0,1,8,0,1,1,1,1790908188
2026-10-02T02:30:52+00:00,2026-10-02T02:31:41.305507+00:00,f8351726-0de8-11e7-991c-3863bb43a7d0,185,1,0,1,13,0,1,1,1,1790908188
2026-10-02T02:30:52+00:00,2026-10-02T02:31:41.305507+00:00,f834a3a0-0de8-11e7-991c-3863bb43a7d0,87,15,3,0,0,0,1,1,1,1790908188
2026-10-02T02:30:52+00:00,2026-10-02T02:31:41.305507+00:00,f834b99d-0de8-11e7-991c-3863bb43a7d0,107,3,0,0,14,0,1,1,1,1790908187
2026-10-02T02:30:52+00:00,2026-10-02T02:31:41.305507+00:00,f83529e2-0de8-11e7-991c-3863bb43a7d0,211,9,1,0,6,0,1,1,1,1790908189
2026-10-02T02:30:52+00:00,2026-10-02T02:31:41.305507+00:00,c23a4c0d-7e43-4042-80e2-7c894d07763b,559,6,2,0,5,0,1,1,1,1790908194
2026-10-02T02:30:52+00:00,2026-10-02T02:31:41.305507+00:00,f83489ff-0de8-11e7-991c-3863bb43a7d0,59,6,1,0,12,1,1,1,1,1790908194
2026-10-02T02:30:52+00:00,2026-10-02T02:31:41.305507+00:00,f834a7d1-0de8-11e7-991c-3863bb43a7d0,91,1,0,2,16,0,1,1,1,1790908195
2026-10-02T02:30:52+00:00,2026-10-02T02:31:41.305507+00:00,1676a6f7-c417-48d2-92e8-5ce21995efc3,374,1,0,0,17,0,1,1,1,1790908195
2026-10-02T02:30:52+00:00,2026-10-02T02:31:41.305507+00:00,f8351490-0de8-11e7-991c-3863bb43a7d0,179,51,4,1,1,0,1,1,1,1790908195
2026-10-02T02:30:52+00:00,2026-10-02T02:31:41.305507+00:00,f834a838-0de8-11e7-991c-3863bb43a7d0,92,7,0,2,9,0,1,1,1,1790908193
2026-10-02T02:30:52+00:00,2026-10-02T02:31:41.305507+00:00,f834dc46-0de8-11e7-991c-3863bb43a7d0,122,2,0,0,13,0,1,1,1,1790908195
2026-10-02T02:30:52+00:00,2026-10-02T02:31:41.305507+00:00,1a39ab83-f029-4134-aad4-35380b30bf2c,1a39ab83-f029-4134-aad4-35380b30bf2c,8,0,0,11,0,1,1,1,1790908196
2026-10-02T02:30:52+00:00,2026-10-02T02:31:41.305507+00:00,f834658f-0de8-11e7-991c-3863bb43a7d0,4,13,0,1,5,0,1,1,1,1790908192
2026-10-02T02:30:52+00:00,2026-10-02T02:31:41.305507+00:00,2130224177726511580,2130224177726511580,7,5,0,8,0,1,1,1,1790908193
2026-10-02T02:30:52+00:00,2026-10-02T02:31:41.305507+00:00,4f25f6ef-236b-43b4-8a92-68a24db0504b,4f25f6ef-236b-43b4-8a92-68a24db0504b,9,5,0,5,0,1,1,1,1790908198
2026-10-02T02:30:52+00:00,2026-10-02T02:31:41.305507+00:00,0daf7408-7a15-4d2b-8c39-f1a097cdbe85,403,13,4,1,1,0,1,1,1,1790908199
2026-10-02T02:30:52+00:00,2026-10-02T02:31:41.305507+00:00,186accbb-6a08-4e1d-b267-9033c4443a56,401,15,0,0,0,0,1,1,1,1790908200
2026-10-02T02:30:52+00:00,2026-10-02T02:31:41.305507+00:00,2014558273483754010,2014558273483754010,13,3,0,6,0,1,1,1,1790908199
2026-10-02T02:30:52+00:00,2026-10-02T02:31:41.305507+00:00,2040842277416872172,2040842277416872172,3,0,0,13,0,1,1,1,1790907994
2026-10-02T02:30:52+00:00,2026-10-02T02:31:41.305507+00:00,228b8017-e4da-4722-9223-b8279a14b8ad,448,3,3,0,7,0,1,1,1,1790908200
2026-10-02T02:30:52+00:00,2026-10-02T02:31:41.305507+00:00,eb8824c3-9c84-4fec-8d6f-d537c8ab3beb,349,11,7,0,5,1,1,1,1,1790908200
2026-10-02T02:30:52+00:00,2026-10-02T02:31:41.305507+00:00,2220822464984366036,2220822464984366036,9,6,0,2,1,1,1,1,1790908200
2026-10-02T02:30:52+00:00,2026-10-02T02:31:41.305507+00:00,4fe8e777-345b-4fc2-a684-dd874e8186d8,4fe8e777-345b-4fc2-a684-dd874e8186d8,6,6,0,9,0,1,1,1,1790908199
2026-10-02T02:30:52+00:00,2026-10-02T02:31:41.305507+00:00,ad2fb6f2-921f-440c-83de-08be76e35c2a,468,7,0,0,8,0,1,1,1,1790908201
2026-10-02T02:30:52+00:00,2026-10-02T02:31:41.305507+00:00,f8350a84-0de8-11e7-991c-3863bb43a7d0,157,0,0,0,15,0,1,1,1,1790908203
2026-10-02T02:30:52+00:00,2026-10-02T02:31:41.305507+00:00,f834ea45-0de8-11e7-991c-3863bb43a7d0,130,9,2,0,6,0,1,1,1,1790908206
2026-10-02T02:30:52+00:00,2026-10-02T02:31:41.305507+00:00,2245672241002318634,2245672241002318634,7,1,1,10,0,1,1,1,1790908203
2026-10-02T02:30:52+00:00,2026-10-02T02:31:41.305507+00:00,e2c306f6-82c7-4d0d-89fd-c9452d2f9ad1,361,12,0,4,27,0,1,1,1,1790908205
2026-10-02T02:30:52+00:00,2026-10-02T02:31:41.305507+00:00,2096125468116637776,2096125468116637776,8,0,0,7,0,1,1,1,1790908204
2026-10-02T02:30:52+00:00,2026-10-02T02:31:41.305507+00:00,f83481c5-0de8-11e7-991c-3863bb43a7d0,42,17,0,2,12,0,1,1,1,1790908208
2026-10-02T02:30:52+00:00,2026-10-02T02:31:41.305507+00:00,eee3aab6-bd98-4d1f-8887-9c4e2adce482,eee3aab6-bd98-4d1f-8887-9c4e2adce482,5,4,0,6,0,1,1,1,1790908208
2026-10-02T02:30:52+00:00,2026-10-02T02:31:41.305507+00:00,be18593a-9e4c-4a13-8bb2-a5bac3d9b2b3,547,8,1,0,10,0,1,1,1,1790908207
2026-10-02T02:30:52+00:00,2026-10-02T02:31:41.305507+00:00,2109111257926871498,2109111257926871498,19,9,0,0,0,1,1,1,1790908207
2026-10-02T02:30:52+00:00,2026-10-02T02:31:41.305507+00:00,f83515d8-0de8-11e7-991c-3863bb43a7d0,182,4,0,0,15,0,1,1,1,1790908209
2026-10-02T02:30:52+00:00,2026-10-02T02:31:41.305507+00:00,2118368356250680236,2118368356250680236,1,0,0,15,0,1,1,1,1790908211
2026-10-02T02:30:52+00:00,2026-10-02T02:31:41.305507+00:00,0b0467c1-0c90-4529-a556-fe4d57835bbb,435,12,9,0,2,1,1,1,1,1790908211
2026-10-02T02:30:52+00:00,2026-10-02T02:31:41.305507+00:00,47c44bb1-d065-41f5-ad79-c18aee60af34,342,11,0,1,0,0,1,1,1,1790908211
2026-10-02T02:30:52+00:00,2026-10-02T02:31:41.305507+00:00,f8352ac4-0de8-11e7-991c-3863bb43a7d0,213,0,0,0,14,0,1,1,1,1790908212
2026-10-02T02:30:52+00:00,2026-10-02T02:31:41.305507+00:00,2038981933682610536,2038981933682610536,14,1,0,1,1,1,1,1,1790908114
2026-10-02T02:30:52+00:00,2026-10-02T02:31:41.305507+00:00,9340e113-e0b2-48ac-b58a-8b6f001b0a94,486,8,5,1,2,0,1,1,1,1790908210
2026-10-02T02:30:52+00:00,2026-10-02T02:31:41.305507+00:00,ed6c012e-6d6c-41e7-8e01-90749fd67575,546,8,6,0,7,1,1,1,1,1790908212
2026-10-02T02:30:52+00:00,2026-10-02T02:31:41.305507+00:00,a3bf0bfe-198b-4160-a2fb-cc7d10cfb4cf,a3bf0bfe-198b-4160-a2fb-cc7d10cfb4cf,10,1,1,8,0,1,1,1,1790908212
2026-10-02T02:30:52+00:00,2026-10-02T02:31:41.305507+00:00,13d4171b-6d93-490e-923f-f2a17d5c7613,13d4171b-6d93-490e-923f-f2a17d5c7613,8,4,3,0,0,1,1,1,1790908212
2026-10-02T02:30:52+00:00,2026-10-02T02:31:41.305507+00:00,c5017e67-cada-4549-a52e-0f13dddd289d,424,13,2,0,6,0,1,1,1,1790908214
2026-10-02T02:30:52+00:00,2026-10-02T02:31:41.305507+00:00,f834ec42-0de8-11e7-991c-3863bb43a7d0,131,16,0,0,2,0,1,1,1,1790908214
2026-10-02T02:30:52+00:00,2026-10-02T02:31:41.305507+00:00,93381e13-cd04-4e10-ac81-9f5926aa01d5,333,23,5,1,1,0,1,1,1,1790908214
2026-10-02T02:30:52+00:00,2026-10-02T02:31:41.305507+00:00,2123672938202825324,2123672938202825324,12,0,1,3,0,1,1,1,1790908213
2026-10-02T02:30:52+00:00,2026-10-02T02:31:41.305507+00:00,7c860828-3359-4229-b59b-963f5a4bab00,236,2,0,2,8,0,1,1,1,1790908217
2026-10-02T02:30:52+00:00,2026-10-02T02:31:41.305507+00:00,00802fe6-4268-4dc8-8f55-0dbbc1665ce6,515,18,1,0,1,0,1,1,1,1790908220
2026-10-02T02:30:52+00:00,2026-10-02T02:31:41.305507+00:00,f8285d4f-5053-4e26-bb28-72016fe11353,405,15,1,1,3,0,1,1,1,1790908221
2026-10-02T02:30:52+00:00,2026-10-02T02:31:41.305507+00:00,2104f242-2dde-4ec0-8197-4454b1021ac1,381,21,3,1,1,1,1,1,1,1790908222
2026-10-02T02:30:52+00:00,2026-10-02T02:31:41.305507+00:00,1942556871369959976,1942556871369959976,8,0,0,11,0,1,1,1,1790908223
2026-10-02T02:30:52+00:00,2026-10-02T02:31:41.305507+00:00,fe6a64e7-c712-404c-85ae-ee77a37245b1,355,14,0,0,3,0,1,1,1,1790908218
2026-10-02T02:30:52+00:00,2026-10-02T02:31:41.305507+00:00,7df1ee28-441e-44c1-8507-8f58946be96b,239,12,1,0,3,0,1,1,1,1790908221
2026-10-02T02:30:52+00:00,2026-10-02T02:31:41.305507+00:00,c1789d39-705f-4c03-9c14-4d6a3a4f4400,561,0,0,0,19,0,1,1,1,1790908222
2026-10-02T02:30:52+00:00,2026-10-02T02:31:41.305507+00:00,f835260c-0de8-11e7-991c-3863bb43a7d0,206,1,0,1,38,0,1,1,1,1790908222
2026-10-02T02:30:52+00:00,2026-10-02T02:31:41.305507+00:00,2131760674371160748,2131760674371160748,2,1,1,17,0,1,1,1,1790908219
2026-10-02T02:30:52+00:00,2026-10-02T02:31:41.305507+00:00,f834fc57-0de8-11e7-991c-3863bb43a7d0,140,11,4,0,6,0,1,1,1,1790908219
2026-10-02T02:30:52+00:00,2026-10-02T02:31:41.305507+00:00,e32c0bb9-e85b-4764-b0fb-5c582cfd3a90,340,9,5,0,8,2,1,1,1,1790908219
2026-10-02T02:30:52+00:00,2026-10-02T02:31:41.305507+00:00,2071630998981871920,2071630998981871920,9,0,0,11,0,1,1,1,1790908219
2026-10-02T02:30:52+00:00,2026-10-02T02:31:41.305507+00:00,2002579415401984808,2002579415401984808,6,2,0,5,0,1,1,1,1790908220
2026-10-02T02:30:52+00:00,2026-10-02T02:31:41.305507+00:00,2093488029445054742,2093488029445054742,12,1,1,14,1,1,1,1,1790908224
2026-10-02T02:30:52+00:00,2026-10-02T02:31:41.305507+00:00,74cb9bf6-bb53-4c70-88d2-67998b99628c,296,22,10,1,0,0,1,1,1,1790908224
2026-10-02T02:30:52+00:00,2026-10-02T02:31:41.305507+00:00,12d463d2-ce50-43bd-81b1-6be4dbdbbc1b,430,13,3,0,6,0,1,1,1,1790908224
2026-10-02T02:30:52+00:00,2026-10-02T02:31:41.305507+00:00,f834caf2-0de8-11e7-991c-3863bb43a7d0,114,12,3,1,2,0,1,1,1,1790908225
2026-10-02T02:30:52+00:00,2026-10-02T02:31:41.305507+00:00,f834ab92-0de8-11e7-991c-3863bb43a7d0,95,10,0,1,0,3,1,1,1,1790908225
2026-10-02T02:30:52+00:00,2026-10-02T02:31:41.305507+00:00,2035660824473983142,2035660824473983142,15,1,0,4,0,1,1,1,1790908225
2026-10-02T02:30:52+00:00,2026-10-02T02:31:41.305507+00:00,2212663228188806942,2212663228188806942,6,2,0,18,0,1,1,1,1790908225
2026-10-02T02:30:52+00:00,2026-10-02T02:31:41.305507+00:00,bd1755dc-f26c-420e-85b3-fd025d0b5445,554,0,0,1,14,0,1,1,1,1790908226
2026-10-02T02:30:52+00:00,2026-10-02T02:31:41.305507+00:00,2254164250455119196,2254164250455119196,7,3,0,8,0,1,1,1,1790908227
2026-10-02T02:30:52+00:00,2026-10-02T02:31:41.305507+00:00,6e340d8e-45db-4fd9-b6eb-b74ec73b0d3e,535,6,1,0,9,0,1,1,1,1790908227
2026-10-02T02:30:52+00:00,2026-10-02T02:31:41.305507+00:00,f834824e-0de8-11e7-991c-3863bb43a7d0,43,1,0,0,14,0,1,1,1,1790908228
2026-10-02T02:30:52+00:00,2026-10-02T02:31:41.305507+00:00,2098360140389493528,2098360140389493528,5,4,3,3,0,1,1,1,1790908228
2026-10-02T02:30:52+00:00,2026-10-02T02:31:41.305507+00:00,f8348a68-0de8-11e7-991c-3863bb43a7d0,60,2,0,0,17,0,1,1,1,1790908228
2026-10-02T02:30:52+00:00,2026-10-02T02:31:41.305507+00:00,2088704000370565344,2088704000370565344,7,2,3,2,0,1,1,1,1790908106
2026-10-02T02:30:52+00:00,2026-10-02T02:31:41.305507+00:00,8d893519-bc21-4536-b346-f558988bc8ad,260,10,1,0,5,0,1,1,1,1790908109
2026-10-02T02:30:52+00:00,2026-10-02T02:31:41.305507+00:00,888780ee-bf2f-474e-9622-6bc725aa1b00,888780ee-bf2f-474e-9622-6bc725aa1b00,2,2,0,9,0,1,1,1,1790908109
2026-10-02T02:30:52+00:00,2026-10-02T02:31:41.305507+00:00,2145094035874873892,2145094035874873892,4,0,1,14,0,1,1,1,1790908109
2026-10-02T02:30:52+00:00,2026-10-02T02:31:41.305507+00:00,8b97606e-a849-4db8-ae9b-4009fe48d90b,556,10,2,0,9,0,1,1,1,1790908127
2026-10-02T02:30:52+00:00,2026-10-02T02:31:41.305507+00:00,2119105928286481344,2119105928286481344,8,5,0,11,0,1,1,1,1790908127
2026-10-02T02:30:52+00:00,2026-10-02T02:31:41.305507+00:00,f8349b20-0de8-11e7-991c-3863bb43a7d0,76,6,0,0,10,0,1,1,1,1790908128
2026-10-02T02:30:52+00:00,2026-10-02T02:31:41.305507+00:00,f834662c-0de8-11e7-991c-3863bb43a7d0,5,1,0,0,14,0,1,1,1,1790908128
2026-10-02T02:30:52+00:00,2026-10-02T02:31:41.305507+00:00,f8352ba8-0de8-11e7-991c-3863bb43a7d0,215,5,0,0,10,0,1,1,1,1790908125
2026-10-02T02:30:52+00:00,2026-10-02T02:31:41.305507+00:00,ccf82572-a142-4378-9a4b-5a51fcb4ef81,350,12,4,0,5,0,1,1,1,1790908139
2026-10-02T02:30:52+00:00,2026-10-02T02:31:41.305507+00:00,d7507124-4cab-4063-8445-a59a33a3d6e4,512,12,3,0,7,0,1,1,1,1790908141
2026-10-02T02:30:52+00:00,2026-10-02T02:31:41.305507+00:00,f2b83aa2-86cd-4904-a099-74bf2023f768,330,10,2,1,4,0,1,1,1,1790908157
2026-10-02T02:30:52+00:00,2026-10-02T02:31:41.305507+00:00,868ccc83-99e5-4faf-96eb-e1fae26b9741,481,11,0,0,8,0,1,1,1,1790908157
2026-10-02T02:30:52+00:00,2026-10-02T02:31:41.305507+00:00,fe90d430-d33f-48b2-a5cd-bc161b220939,553,16,1,0,7,0,1,1,1,1790908158
2026-10-02T02:30:52+00:00,2026-10-02T02:31:41.305507+00:00,57716f8d-c9ee-4768-8872-71343ec3ffd8,514,17,8,2,0,0,1,1,1,1790908156
2026-10-02T02:30:52+00:00,2026-10-02T02:31:41.305507+00:00,1965873511294959658,1965873511294959658,8,1,0,15,0,1,1,1,1790908153
2026-10-02T02:30:52+00:00,2026-10-02T02:31:41.305507+00:00,81323081-749c-44cf-ac62-0e6c64305c32,461,4,1,0,6,0,1,1,1,1790908158
2026-10-02T02:30:52+00:00,2026-10-02T02:31:41.305507+00:00,7e1dae55-4d3d-4a41-b969-2aeca70e0e69,7e1dae55-4d3d-4a41-b969-2aeca70e0e69,3,0,0,8,0,1,1,1,1790908118
2026-10-02T02:30:52+00:00,2026-10-02T02:31:41.305507+00:00,f83491d4-0de8-11e7-991c-3863bb43a7d0,64,0,0,0,23,0,1,1,1,1790908120
2026-10-02T02:30:52+00:00,2026-10-02T02:31:41.305507+00:00,7f68a70d-af0e-450a-b7a8-ce621cd0c8c1,280,18,16,0,1,0,1,1,1,1790908121
2026-10-02T02:30:52+00:00,2026-10-02T02:31:41.305507+00:00,d5349097-b478-4b3f-9c46-d8fbcf38e3f4,509,5,1,0,7,0,1,1,1,1790908146
2026-10-02T02:30:52+00:00,2026-10-02T02:31:41.305507+00:00,9721c80e-fc8f-474f-8918-b68c041d2836,9721c80e-fc8f-474f-8918-b68c041d2836,9,0,0,14,0,1,1,1,1790908147
2026-10-02T02:30:52+00:00,2026-10-02T02:31:41.305507+00:00,270ad97d-035d-472a-9827-76d3187afc56,402,15,3,0,0,0,1,1,1,1790908148
2026-10-02T02:30:52+00:00,2026-10-02T02:31:41.305507+00:00,36f36eed-1070-49be-8b31-5676b8b3489f,227,1,0,0,18,0,1,1,1,1790908146
2026-10-02T02:30:52+00:00,2026-10-02T02:31:41.305507+00:00,f8346ad7-0de8-11e7-991c-3863bb43a7d0,11,0,0,1,13,0,1,1,1,1790908144
2026-10-02T02:30:52+00:00,2026-10-02T02:31:41.305507+00:00,f83517fa-0de8-11e7-991c-3863bb43a7d0,187,15,3,0,0,0,1,1,1,1790908151
2026-10-02T02:30:52+00:00,2026-10-02T02:31:41.305507+00:00,d8ce5f8b-2440-45e1-ab1c-23cb3bcbde84,527,6,1,0,7,0,1,1,1,1790908152
2026-10-02T02:30:52+00:00,2026-10-02T02:31:41.305507+00:00,ea65c25f-0718-4f79-8588-c58b9fe3a105,226,6,0,0,7,1,1,1,1,1790908150
2026-10-02T02:30:52+00:00,2026-10-02T02:31:41.305507+00:00,48abed77-c9ba-4a39-8a5c-6a1e9bb8a9a5,48abed77-c9ba-4a39-8a5c-6a1e9bb8a9a5,12,4,0,4,0,1,1,1,1790908150
2026-10-02T02:30:52+00:00,2026-10-02T02:31:41.305507+00:00,5b1d2661-8a93-4f14-b242-ebc52792f951,337,14,0,0,1,0,1,1,1,1790908154
2026-10-02T02:30:52+00:00,2026-10-02T02:31:41.305507+00:00,903b9b5d-4244-43e4-8441-0d17f9a994f7,528,3,0,1,7,0,1,1,1,1790908113
2026-10-02T02:30:52+00:00,2026-10-02T02:31:41.305507+00:00,2027502297316997708,2027502297316997708,10,0,0,1,0,1,1,1,1790908111
2026-10-02T02:30:52+00:00,2026-10-02T02:31:41.305507+00:00,f8346d23-0de8-11e7-991c-3863bb43a7d0,15,8,2,1,6,0,1,1,1,1790908114
2026-10-02T02:30:52+00:00,2026-10-02T02:31:41.305507+00:00,23146f28-9762-4a6d-a6db-fcd4ff0e5d07,356,5,3,2,16,0,1,1,1,1790908132
2026-10-02T02:30:52+00:00,2026-10-02T02:31:41.305507+00:00,f8352b39-0de8-11e7-991c-3863bb43a7d0,214,0,0,0,13,1,1,1,1,1790908133
2026-10-02T02:30:52+00:00,2026-10-02T02:31:41.305507+00:00,8983c75a-12c1-4995-aedc-24c94bd895e3,384,1,0,1,17,0,1,1,1,1790908133
2026-10-02T02:30:52+00:00,2026-10-02T02:31:41.305507+00:00,90330e1a-dee5-4914-9d3f-3891aeca12ca,434,15,4,0,4,0,1,1,1,1790908137
2026-10-02T02:30:52+00:00,2026-10-02T02:31:41.305507+00:00,e4678b17-face-42c3-9b5f-98418d31e3b6,e4678b17-face-42c3-9b5f-98418d31e3b6,7,4,0,4,0,1,1,1,1790908137
2026-10-02T02:30:52+00:00,2026-10-02T02:31:41.305507+00:00,f8350ecf-0de8-11e7-991c-3863bb43a7d0,167,5,3,0,10,0,1,1,1,1790908136
2026-10-02T02:30:52+00:00,2026-10-02T02:31:41.305507+00:00,f834e534-0de8-11e7-991c-3863bb43a7d0,128,18,3,0,1,0,1,1,1,1790908136
2026-10-02T02:30:52+00:00,2026-10-02T02:31:41.305507+00:00,f834a8a0-0de8-11e7-991c-3863bb43a7d0,93,8,2,1,22,0,1,1,1,1790908138
2026-10-02T02:30:52+00:00,2026-10-02T02:31:41.305507+00:00,f83511d4-0de8-11e7-991c-3863bb43a7d0,173,3,0,0,10,1,1,1,1,1790908142
2026-10-02T02:30:52+00:00,2026-10-02T02:31:41.305507+00:00,baab0b05-a028-4147-8432-a2726c7e48ea,328,7,2,2,6,0,1,1,1,1790908160
2026-10-02T02:30:52+00:00,2026-10-02T02:31:41.305507+00:00,f8347ccd-0de8-11e7-991c-3863bb43a7d0,33,3,0,1,23,0,1,1,1,1790908160
2026-10-02T02:30:52+00:00,2026-10-02T02:31:41.305507+00:00,f9524971-e9f9-4572-aebc-580e48de042f,f9524971-e9f9-4572-aebc-580e48de042f,14,3,0,5,0,1,1,1,1790908162
2026-10-02T02:30:52+00:00,2026-10-02T02:31:41.305507+00:00,2040842870122359032,2040842870122359032,0,0,0,20,0,1,1,1,1790908166
2026-10-02T02:30:52+00:00,2026-10-02T02:31:41.305507+00:00,6aebc664-1e3c-479f-8f65-2bae99215ed3,6aebc664-1e3c-479f-8f65-2bae99215ed3,7,4,0,4,0,1,1,1,1790908167
2026-10-02T02:30:52+00:00,2026-10-02T02:31:41.305507+00:00,68e5e79a-3c94-4848-b619-9c0829d7f687,475,4,1,3,7,0,1,1,1,1790908170
2026-10-02T02:30:52+00:00,2026-10-02T02:31:41.305507+00:00,940638c5-7cd0-4a11-899e-86af3868d400,532,14,3,0,4,0,1,1,1,1790908170
2026-10-02T02:30:52+00:00,2026-10-02T02:31:41.305507+00:00,2085737662370069102,2085737662370069102,13,7,1,4,1,1,1,1,1790908171
2026-10-02T02:30:52+00:00,2026-10-02T02:31:41.305507+00:00,2043911250700610106,2043911250700610106,1,0,2,12,0,1,1,1,1790908178
2026-10-02T02:30:52+00:00,2026-10-02T02:31:41.305507+00:00,2141791438824588162,2141791438824588162,1,0,0,18,0,1,1,1,1790908172
2026-10-02T02:30:52+00:00,2026-10-02T02:31:41.305507+00:00,cf5f920f-b61d-4db0-b139-14aff04d577c,459,21,0,1,1,0,1,1,1,1790908177
2026-10-02T02:30:52+00:00,2026-10-02T02:31:41.305507+00:00,f8351f1d-0de8-11e7-991c-3863bb43a7d0,191,12,2,0,3,0,1,1,1,1790908179
2026-10-02T02:30:52+00:00,2026-10-02T02:31:41.305507+00:00,295553ea-851b-4ac2-a094-f9d1208e399a,412,7,0,0,12,0,1,1,1,1790908179
2026-10-02T02:30:52+00:00,2026-10-02T02:31:41.305507+00:00,1a661bb7-7d14-49e9-ac3d-22bafec8a2f0,507,6,1,2,3,0,1,1,1,1790908181
2026-10-02T02:30:52+00:00,2026-10-02T02:31:41.305507+00:00,f8346803-0de8-11e7-991c-3863bb43a7d0,8,12,4,0,7,0,1,1,1,1790908188
2026-10-02T02:30:52+00:00,2026-10-02T02:31:41.305507+00:00,ff938129-8179-455c-9ac9-9fcb9fc0b6d5,ff938129-8179-455c-9ac9-9fcb9fc0b6d5,15,6,1,3,0,1,1,1,1790908189
2026-10-02T02:30:52+00:00,2026-10-02T02:31:41.305507+00:00,f8352534-0de8-11e7-991c-3863bb43a7d0,204,4,3,0,9,2,1,1,1,1790908187
2026-10-02T02:30:52+00:00,2026-10-02T02:31:41.305507+00:00,f83497b9-0de8-11e7-991c-3863bb43a7d0,74,4,0,3,12,0,1,1,1,1790908191
2026-10-02T02:30:52+00:00,2026-10-02T02:31:41.305507+00:00,51bb4381-dae4-4aeb-b213-0614b807be29,344,12,10,0,7,0,1,1,1,1790908191
2026-10-02T02:30:52+00:00,2026-10-02T02:31:41.305507+00:00,1994466222105870452,1994466222105870452,8,2,0,3,0,1,1,1,1790908190
2026-10-02T02:30:52+00:00,2026-10-02T02:31:41.305507+00:00,f83482d2-0de8-11e7-991c-3863bb43a7d0,44,3,0,0,28,0,1,1,1,1790908173
2026-10-02T02:30:52+00:00,2026-10-02T02:31:41.305507+00:00,dede6d5f-7d62-496e-a8ca-d5a64afe39c1,544,12,1,0,3,0,1,1,1,1790908174
2026-10-02T02:30:52+00:00,2026-10-02T02:31:41.305507+00:00,a6e0db4f-fc9b-42af-bfe0-36cc0259b717,446,1,0,1,14,0,1,1,1,1790908171
2026-10-02T02:30:52+00:00,2026-10-02T02:31:41.305507+00:00,f834723b-0de8-11e7-991c-3863bb43a7d0,24,2,0,0,21,0,1,1,1,1790908171
2026-10-02T02:30:52+00:00,2026-10-02T02:31:41.305507+00:00,b6a8522d-296d-4c05-887d-842374520780,545,11,11,0,1,1,1,1,1,1790908183
2026-10-02T02:30:52+00:00,2026-10-02T02:31:41.305507+00:00,2014865445230483952,2014865445230483952,11,0,2,4,0,1,1,1,1790908185
2026-10-02T02:30:52+00:00,2026-10-02T02:31:41.305507+00:00,1df03e33-c105-4e53-b013-d20056cd57f8,1df03e33-c105-4e53-b013-d20056cd57f8,0,0,0,0,0,0,0,0,86400
2026-10-02T02:30:52+00:00,2026-10-02T02:31:41.305507+00:00,7560f0e3-267b-4fb3-bbfa-6e02010cfcb7,225,19,2,0,0,0,1,1,1,1790908193
2026-10-02T02:30:52+00:00,2026-10-02T02:31:41.305507+00:00,2249415127458891992,2249415127458891992,2,0,1,12,0,1,1,1,1790907935
2026-10-02T02:30:52+00:00,2026-10-02T02:31:41.305507+00:00,2227858849424910006,2227858849424910006,6,3,0,2,0,1,1,1,1790907971
2026-10-02T02:30:52+00:00,2026-10-02T02:31:41.305507+00:00,2246034666940677832,2246034666940677832,7,2,0,4,0,1,1,1,1790907980
2026-10-02T02:30:52+00:00,2026-10-02T02:31:41.305507+00:00,56817d8e-3a1c-431a-a529-1a600f80c364,366,12,0,0,15,0,1,1,1,1790908194
2026-10-02T02:30:52+00:00,2026-10-02T02:31:41.305507+00:00,aa964f5b-fadf-4fc1-8c91-84ee36e15f0d,341,3,1,0,12,0,1,1,1,1790908199
2026-10-02T02:30:52+00:00,2026-10-02T02:31:41.305507+00:00,1963613484180639992,1963613484180639992,12,0,0,7,0,1,1,1,1790908199
2026-10-02T02:30:52+00:00,2026-10-02T02:31:41.305507+00:00,f8350b76-0de8-11e7-991c-3863bb43a7d0,159,9,2,0,9,2,1,1,1,1790908196
2026-10-02T02:30:52+00:00,2026-10-02T02:31:41.305507+00:00,2087949096844032050,2087949096844032050,9,0,1,5,0,1,1,1,1790908196
2026-10-02T02:30:52+00:00,2026-10-02T02:31:41.305507+00:00,f8349440-0de8-11e7-991c-3863bb43a7d0,68,5,2,1,13,0,1,1,1,1790908195
2026-10-02T02:30:52+00:00,2026-10-02T02:31:41.305507+00:00,99675a11-a92c-465c-bf5a-434b08ba5fc6,400,9,0,1,42,0,1,1,1,1790908194
2026-10-02T02:30:52+00:00,2026-10-02T02:31:41.305507+00:00,f834c7a9-0de8-11e7-991c-3863bb43a7d0,112,9,3,1,5,0,1,1,1,1790908203
2026-10-02T02:30:52+00:00,2026-10-02T02:31:41.305507+00:00,f83488be-0de8-11e7-991c-3863bb43a7d0,56,9,0,0,9,0,1,1,1,1790908201
2026-10-02T02:30:52+00:00,2026-10-02T02:31:41.305507+00:00,f834b101-0de8-11e7-991c-3863bb43a7d0,97,8,0,2,8,1,1,1,1,1790908200
2026-10-02T02:30:52+00:00,2026-10-02T02:31:41.305507+00:00,f8348622-0de8-11e7-991c-3863bb43a7d0,50,1,0,1,18,0,1,1,1,1790908200
2026-10-02T02:30:52+00:00,2026-10-02T02:31:41.305507+00:00,ef6ef93b-488f-496b-afbf-3aedfd967129,517,6,1,0,9,0,1,1,1,1790908199
2026-10-02T02:30:52+00:00,2026-10-02T02:31:41.305507+00:00,b34694c2-c640-4f70-b196-1c357ab798e0,b34694c2-c640-4f70-b196-1c357ab798e0,9,0,0,6,0,1,1,1,1790908204
2026-10-02T02:30:52+00:00,2026-10-02T02:31:41.305507+00:00,0208190e-851c-417d-8bc7-1b218db97fbf,0208190e-851c-417d-8bc7-1b218db97fbf,0,0,0,23,0,1,1,1,1790908204
2026-10-02T02:30:52+00:00,2026-10-02T02:31:41.305507+00:00,f834708e-0de8-11e7-991c-3863bb43a7d0,21,2,0,2,14,0,1,1,1,1790908200
2026-10-02T02:30:52+00:00,2026-10-02T02:31:41.305507+00:00,9bfa4a32-5598-46ea-a1a1-17b4c6ed9d84,431,12,2,0,3,0,1,1,1,1790908207
2026-10-02T02:30:52+00:00,2026-10-02T02:31:41.305507+00:00,61168d8b-20b7-46c8-8f08-6ae1f100c4e0,550,7,0,1,9,0,1,1,1,1790908208
2026-10-02T02:30:52+00:00,2026-10-02T02:31:41.305507+00:00,1991922092203192944,1991922092203192944,1,0,0,18,0,1,1,1,1790908204
2026-10-02T02:30:52+00:00,2026-10-02T02:31:41.305507+00:00,2039109354743046934,2039109354743046934,13,1,2,4,1,1,1,1,1790908204
2026-10-02T02:30:52+00:00,2026-10-02T02:31:41.305507+00:00,c5cfd1ed-aa44-4e20-96bb-e334c96f0d68,376,8,0,0,7,0,1,1,1,1790908131
2026-10-02T02:30:52+00:00,2026-10-02T02:31:41.305507+00:00,2270212773802111256,2270212773802111256,5,1,0,14,0,1,1,1,1790908205
2026-10-02T02:30:52+00:00,2026-10-02T02:31:41.305507+00:00,f834b8b3-0de8-11e7-991c-3863bb43a7d0,105,16,0,0,2,0,1,1,1,1790908207
2026-10-02T02:30:52+00:00,2026-10-02T02:31:41.305507+00:00,1986302395589722758,1986302395589722758,6,1,0,4,0,1,1,1,1790908205
2026-10-02T02:30:52+00:00,2026-10-02T02:31:41.305507+00:00,b205d2bb-bb76-49ac-8d14-85eec5a874d3,343,12,3,1,2,0,1,1,1,1790908210
2026-10-02T02:30:52+00:00,2026-10-02T02:31:41.305507+00:00,f835288a-0de8-11e7-991c-3863bb43a7d0,208,13,2,0,2,0,1,1,1,1790908210
2026-10-02T02:30:52+00:00,2026-10-02T02:31:41.305507+00:00,f83492b4-0de8-11e7-991c-3863bb43a7d0,66,15,3,0,0,0,1,1,1,1790908211
2026-10-02T02:30:52+00:00,2026-10-02T02:31:41.305507+00:00,8a404180-7c2e-4dbe-9489-c478ed959282,8a404180-7c2e-4dbe-9489-c478ed959282,5,1,2,12,0,1,1,1,1790908212
2026-10-02T02:30:52+00:00,2026-10-02T02:31:41.305507+00:00,2110984374959099994,2110984374959099994,18,11,0,1,1,1,1,1,1790908169
2026-10-02T02:30:52+00:00,2026-10-02T02:31:41.305507+00:00,380de8b2-2728-4e4b-83f1-251bfbb5acf2,487,6,2,1,12,0,1,1,1,1790908215
2026-10-02T02:30:52+00:00,2026-10-02T02:31:41.305507+00:00,d22265a8-a6d7-4922-a6b5-4be738a9e5c4,392,15,12,0,0,0,1,1,1,1790908217
2026-10-02T02:30:52+00:00,2026-10-02T02:31:41.305507+00:00,2080205593583047424,2080205593583047424,7,0,0,9,0,1,1,1,1790908190
2026-10-02T02:30:52+00:00,2026-10-02T02:31:41.305507+00:00,1994054629753598708,1994054629753598708,11,1,0,3,0,1,1,1,1790908218
2026-10-02T02:30:52+00:00,2026-10-02T02:31:41.305507+00:00,f834cfd8-0de8-11e7-991c-3863bb43a7d0,117,0,0,4,11,2,1,1,1,1790908219
2026-10-02T02:30:52+00:00,2026-10-02T02:31:41.305507+00:00,f834a959-0de8-11e7-991c-3863bb43a7d0,94,10,0,1,0,0,1,1,1,1790908220
2026-10-02T02:30:52+00:00,2026-10-02T02:31:41.305507+00:00,f834f6a3-0de8-11e7-991c-3863bb43a7d0,135,0,0,0,17,0,1,1,1,1790908219
2026-10-02T02:30:52+00:00,2026-10-02T02:31:41.305507+00:00,f8346b6f-0de8-11e7-991c-3863bb43a7d0,12,2,1,0,22,2,1,1,1,1790908220
2026-10-02T02:30:52+00:00,2026-10-02T02:31:41.305507+00:00,2069389896750516900,2069389896750516900,0,0,1,19,0,1,1,1,1790908215
2026-10-02T02:30:52+00:00,2026-10-02T02:31:41.305507+00:00,2090158541932726550,2090158541932726550,8,1,0,7,0,1,1,1,1790908215
2026-10-02T02:30:52+00:00,2026-10-02T02:31:41.305507+00:00,25a9114f-66f0-427c-920f-5526ca84f056,346,14,2,1,1,0,1,1,1,1790908215
2026-10-02T02:30:52+00:00,2026-10-02T02:31:41.305507+00:00,f8347f09-0de8-11e7-991c-3863bb43a7d0,37,4,2,0,11,0,1,1,1,1790908219
2026-10-02T02:30:52+00:00,2026-10-02T02:31:41.305507+00:00,f8352219-0de8-11e7-991c-3863bb43a7d0,197,7,4,1,7,0,1,1,1,1790908221
2026-10-02T02:30:52+00:00,2026-10-02T02:31:41.305507+00:00,2118728866631796788,2118728866631796788,3,3,0,12,0,1,1,1,1790908221
2026-10-02T02:30:52+00:00,2026-10-02T02:31:41.305507+00:00,2259733531216984776,2259733531216984776,12,2,0,3,0,1,1,1,1790908221
2026-10-02T02:30:52+00:00,2026-10-02T02:31:41.305507+00:00,2090635592862466836,2090635592862466836,0,0,1,29,1,1,1,1,1790908222
2026-10-02T02:30:52+00:00,2026-10-02T02:31:41.305507+00:00,f83513a7-0de8-11e7-991c-3863bb43a7d0,177,0,0,0,19,0,1,1,1,1790908224
2026-10-02T02:30:52+00:00,2026-10-02T02:31:41.305507+00:00,1e1b40cd-8e00-4b74-b147-be6b23f5c9e7,385,3,1,0,12,0,1,1,1,1790908225
2026-10-02T02:30:52+00:00,2026-10-02T02:31:41.305507+00:00,fbc512a5-4b98-4821-bcfb-bb0c7ac83543,365,0,0,0,19,0,1,1,1,1790908226
2026-10-02T02:30:52+00:00,2026-10-02T02:31:41.305507+00:00,df03c61a-29d7-445d-9980-d7f058916591,345,0,0,1,18,0,1,1,1,1790908227
2026-10-02T02:30:52+00:00,2026-10-02T02:31:41.305507+00:00,f8347e78-0de8-11e7-991c-3863bb43a7d0,36,0,0,0,31,0,1,1,1,1790908227
2026-10-02T02:30:52+00:00,2026-10-02T02:31:41.305507+00:00,2085366936904166272,2085366936904166272,7,0,0,8,0,1,1,1,1790908227
2026-10-02T02:30:52+00:00,2026-10-02T02:31:41.305507+00:00,1cced911-b428-4cfd-81be-3a8f77ce7379,233,7,0,0,8,0,1,1,1,1790908228
2026-10-02T02:30:52+00:00,2026-10-02T02:31:41.305507+00:00,f834abfd-0de8-11e7-991c-3863bb43a7d0,96,7,2,0,12,0,1,1,1,1790908229
2026-10-02T02:30:52+00:00,2026-10-02T02:31:41.305507+00:00,f8347c41-0de8-11e7-991c-3863bb43a7d0,32,3,0,4,8,0,1,1,1,1790908229
2026-10-02T02:30:52+00:00,2026-10-02T02:31:41.305507+00:00,ad2cf74c-0e8c-4e15-8f19-2259e8c82f0f,404,6,0,0,9,0,1,1,1,1790908229
2026-10-02T02:30:52+00:00,2026-10-02T02:31:41.305507+00:00,f8350cc1-0de8-11e7-991c-3863bb43a7d0,162,2,1,0,13,0,1,1,1,1790908229
2026-10-02T02:30:52+00:00,2026-10-02T02:31:41.305507+00:00,103a9881-e30a-4d57-b81d-863b995ff759,255,0,0,0,0,0,0,0,0,86400
2026-10-02T02:30:52+00:00,2026-10-02T02:31:41.305507+00:00,2141932795355773712,2141932795355773712,0,0,9,6,0,1,0,0,1790883446
2026-10-02T02:30:52+00:00,2026-10-02T02:31:41.305507+00:00,2264176803898382980,2264176803898382980,7,3,0,4,0,1,1,1,1790907942
2026-10-02T02:30:52+00:00,2026-10-02T02:31:41.305507+00:00,f834f814-0de8-11e7-991c-3863bb43a7d0,136,1,0,0,18,0,1,1,1,1790908111
2026-10-02T02:30:52+00:00,2026-10-02T02:31:41.305507+00:00,350e73e3-6f70-4b2d-87ab-24c8629e9a6a,350e73e3-6f70-4b2d-87ab-24c8629e9a6a,16,0,0,3,0,1,1,1,1790908114
2026-10-02T02:30:52+00:00,2026-10-02T02:31:41.305507+00:00,676ca473-eed6-4971-aaf3-e199a7ca335b,433,14,4,0,4,1,1,1,1,1790908112
2026-10-02T02:30:52+00:00,2026-10-02T02:31:41.305507+00:00,1997031579059661288,1997031579059661288,8,1,1,2,0,1,1,1,1790908120
2026-10-02T02:30:52+00:00,2026-10-02T02:31:41.305507+00:00,f834b5d9-0de8-11e7-991c-3863bb43a7d0,103,11,3,0,4,0,1,1,1,1790908118
2026-10-02T02:30:52+00:00,2026-10-02T02:31:41.305507+00:00,2241260819676115550,2241260819676115550,0,0,0,23,0,1,1,1,1790908117
2026-10-02T02:30:52+00:00,2026-10-02T02:31:41.305507+00:00,b995a0b4-fc26-4661-9bc8-e166d648edfd,353,8,1,0,6,0,1,1,1,1790908121
2026-10-02T02:30:52+00:00,2026-10-02T02:31:41.305507+00:00,2071993292066931472,2071993292066931472,2,0,0,18,0,1,1,1,1790908138
2026-10-02T02:30:52+00:00,2026-10-02T02:31:41.305507+00:00,c1ae49bd-2a20-4684-886b-ead8dd627cfd,c1ae49bd-2a20-4684-886b-ead8dd627cfd,6,0,1,10,0,1,1,1,1790908139
2026-10-02T02:30:52+00:00,2026-10-02T02:31:41.305507+00:00,70f20fcb-8e63-4015-9007-b97c525ab0a9,335,19,0,0,0,0,1,1,1,1790908183
2026-10-02T02:30:52+00:00,2026-10-02T02:31:41.305507+00:00,ef54374b-0406-4b17-b0a1-847f1d7bea06,410,11,5,0,4,0,1,1,1,1790908180
2026-10-02T02:30:52+00:00,2026-10-02T02:31:41.305507+00:00,1944724820826878816,1944724820826878816,11,0,0,6,0,1,1,1,1790908178
2026-10-02T02:30:52+00:00,2026-10-02T02:31:41.305507+00:00,2267569638034503736,2267569638034503736,13,0,0,6,0,1,1,1,1790908179
2026-10-02T02:30:52+00:00,2026-10-02T02:31:41.305507+00:00,f8348136-0de8-11e7-991c-3863bb43a7d0,41,23,1,1,3,0,1,1,1,1790908181
2026-10-02T02:30:52+00:00,2026-10-02T02:31:41.305507+00:00,1975886280004030604,1975886280004030604,15,4,0,8,0,1,1,1,1790908177
2026-10-02T02:30:52+00:00,2026-10-02T02:31:41.305507+00:00,dfdaf866-b814-48e5-9bd3-eb7c4a733697,dfdaf866-b814-48e5-9bd3-eb7c4a733697,9,4,0,8,0,1,1,1,1790908177
2026-10-02T02:30:52+00:00,2026-10-02T02:31:41.305507+00:00,54d86d05-b399-42c5-a63a-a97713afc5d4,54d86d05-b399-42c5-a63a-a97713afc5d4,6,1,0,4,0,1,1,1,1790908178
2026-10-02T02:30:52+00:00,2026-10-02T02:31:41.305507+00:00,518f6524-0e7f-454d-974e-e3ff9db1f795,494,11,2,0,0,0,1,1,1,1790908184
2026-10-02T02:30:52+00:00,2026-10-02T02:31:41.305507+00:00,342a2c60-71b0-4d19-98d6-47987cf20dbc,379,2,1,1,13,0,1,1,1,1790908194
2026-10-02T02:30:52+00:00,2026-10-02T02:31:41.305507+00:00,f83494b4-0de8-11e7-991c-3863bb43a7d0,69,17,4,0,2,0,1,1,1,1790908194
2026-10-02T02:30:52+00:00,2026-10-02T02:31:41.305507+00:00,2217856523888952522,2217856523888952522,13,1,1,6,0,1,1,1,1790908193
2026-10-02T02:30:52+00:00,2026-10-02T02:31:41.305507+00:00,f83464e4-0de8-11e7-991c-3863bb43a7d0,3,0,0,4,0,0,1,0,0,1790908195
2026-10-02T02:30:52+00:00,2026-10-02T02:31:41.305507+00:00,f8349c69-0de8-11e7-991c-3863bb43a7d0,78,11,2,1,7,0,1,1,1,1790908195
2026-10-02T02:30:52+00:00,2026-10-02T02:31:41.305507+00:00,2103549125054737064,2103549125054737064,7,0,0,9,0,1,1,1,1790908195
2026-10-02T02:30:52+00:00,2026-10-02T02:31:41.305507+00:00,abefafdc-c772-4671-86fe-fc15a42adebb,abefafdc-c772-4671-86fe-fc15a42adebb,0,0,0,23,0,1,1,1,1790908129
2026-10-02T02:30:52+00:00,2026-10-02T02:31:41.305507+00:00,0839bb10-e876-4198-95e4-0147a561853d,258,14,0,0,1,0,1,1,1,1790908129
2026-10-02T02:30:52+00:00,2026-10-02T02:31:41.305507+00:00,f83486ab-0de8-11e7-991c-3863bb43a7d0,51,3,0,0,12,0,1,1,1,1790908130
2026-10-02T02:30:52+00:00,2026-10-02T02:31:41.305507+00:00,1960693490199507164,1960693490199507164,3,3,0,16,0,1,1,1,1790908123
2026-10-02T02:30:52+00:00,2026-10-02T02:31:41.305507+00:00,5018e851-f2f3-4e18-9914-c316bbcc2c3d,331,1,0,0,14,0,1,1,1,1790908136
2026-10-02T02:30:52+00:00,2026-10-02T02:31:41.305507+00:00,5bc7cba9-f0b0-442d-932c-e8c7927d87ce,386,18,0,1,0,0,1,1,1,1790908134
2026-10-02T02:30:52+00:00,2026-10-02T02:31:41.305507+00:00,f834b49d-0de8-11e7-991c-3863bb43a7d0,101,15,0,1,2,0,1,1,1,1790908158
2026-10-02T02:30:52+00:00,2026-10-02T02:31:41.305507+00:00,2113555008851845550,2113555008851845550,9,2,0,11,0,1,1,1,1790908139
2026-10-02T02:30:52+00:00,2026-10-02T02:31:41.305507+00:00,2071632496372113488,2071632496372113488,9,1,1,10,0,1,1,1,1790908163
2026-10-02T02:30:52+00:00,2026-10-02T02:31:41.305507+00:00,ddcc8869-b8d4-483c-b9da-457fcebc8dc1,417,14,0,0,5,0,1,1,1,1790908161
2026-10-02T02:30:52+00:00,2026-10-02T02:31:41.305507+00:00,53a148ca-ac69-4a9c-a986-9a4b4df2f5df,387,9,1,0,6,0,1,1,1,1790908163
2026-10-02T02:30:52+00:00,2026-10-02T02:31:41.305507+00:00,510239fe-69c3-458b-b53c-6ce001845f4a,354,14,12,0,1,0,1,1,1,1790908163
2026-10-02T02:30:52+00:00,2026-10-02T02:31:41.305507+00:00,2043912031919765854,2043912031919765854,0,0,0,20,0,1,1,1,1790908163
2026-10-02T02:30:52+00:00,2026-10-02T02:31:41.305507+00:00,2072145327190878794,2072145327190878794,11,3,0,13,0,1,1,1,1790908164
2026-10-02T02:30:52+00:00,2026-10-02T02:31:41.305507+00:00,f8348509-0de8-11e7-991c-3863bb43a7d0,48,0,0,1,18,0,1,1,1,1790908167
2026-10-02T02:30:52+00:00,2026-10-02T02:31:41.305507+00:00,5f726a7d-5c5d-48b1-9b13-06c77572a237,516,0,0,0,11,0,1,1,1,1790908168
2026-10-02T02:30:52+00:00,2026-10-02T02:31:41.305507+00:00,f8349824-0de8-11e7-991c-3863bb43a7d0,75,0,0,0,15,0,1,1,1,1790908168
2026-10-02T02:30:52+00:00,2026-10-02T02:31:41.305507+00:00,533620e8-00ff-494a-b288-bd67602bc98e,472,3,0,0,23,0,1,1,1,1790908172
2026-10-02T02:30:52+00:00,2026-10-02T02:31:41.305507+00:00,42a3ecca-af9a-4556-90ba-7631546f96f8,42a3ecca-af9a-4556-90ba-7631546f96f8,1,0,0,10,0,1,1,1,1790908171
2026-10-02T02:30:52+00:00,2026-10-02T02:31:41.305507+00:00,f834e244-0de8-11e7-991c-3863bb43a7d0,126,10,2,0,5,0,1,1,1,1790908168
2026-10-02T02:30:52+00:00,2026-10-02T02:31:41.305507+00:00,93911aa1-b5e4-48aa-a2b6-38fbcf613006,93911aa1-b5e4-48aa-a2b6-38fbcf613006,7,0,0,11,0,1,1,1,1790908169
2026-10-02T02:30:52+00:00,2026-10-02T02:31:41.305507+00:00,5afe91c4-8076-4f9f-b83b-cf233bda2331,460,1,0,0,14,0,1,1,1,1790908172
2026-10-02T02:30:52+00:00,2026-10-02T02:31:41.305507+00:00,9ca92778-9101-48df-90ea-08b784e26a1a,413,17,0,0,2,0,1,1,1,1790908172
2026-10-02T02:30:52+00:00,2026-10-02T02:31:41.305507+00:00,ec3eea05-a3ff-43c6-9e24-0c63f09b915f,378,13,3,0,6,0,1,1,1,1790908176
2026-10-02T02:30:52+00:00,2026-10-02T02:31:41.305507+00:00,13918b3b-9ac5-4968-a74d-e40dd3bc952e,479,0,0,0,19,0,1,1,1,1790908170
2026-10-02T02:30:52+00:00,2026-10-02T02:31:41.305507+00:00,2327cb08-fa9f-459b-9ab0-1a319b0f2f4c,539,11,1,1,6,0,1,1,1,1790908174
2026-10-02T02:30:52+00:00,2026-10-02T02:31:41.305507+00:00,36a8fbc8-6069-4a29-bbfd-63a2d019c9a5,415,0,0,0,19,0,1,1,1,1790908190
2026-10-02T02:30:52+00:00,2026-10-02T02:31:41.305507+00:00,d7ec834e-9d9a-402c-9956-7d5f42676b94,d7ec834e-9d9a-402c-9956-7d5f42676b94,14,4,1,0,0,1,1,1,1790908188
2026-10-02T02:30:52+00:00,2026-10-02T02:31:41.305507+00:00,f6df6c1a-064f-428a-951c-2069a081b9df,380,2,0,1,15,0,1,1,1,1790908185
2026-10-02T02:30:52+00:00,2026-10-02T02:31:41.305507+00:00,f8352c92-0de8-11e7-991c-3863bb43a7d0,217,1,0,1,16,0,1,1,1,1790908185
2026-10-02T02:30:52+00:00,2026-10-02T02:31:41.305507+00:00,2078337213380274244,2078337213380274244,5,3,0,6,0,1,1,1,1790908191
2026-10-02T02:30:52+00:00,2026-10-02T02:31:41.305507+00:00,f83523e3-0de8-11e7-991c-3863bb43a7d0,201,3,3,0,12,0,1,1,1,1790908188
2026-10-02T02:30:52+00:00,2026-10-02T02:31:41.305507+00:00,2136942888571742916,2136942888571742916,7,0,1,6,0,1,1,1,1790908189
2026-10-02T02:30:52+00:00,2026-10-02T02:31:41.305507+00:00,f8346768-0de8-11e7-991c-3863bb43a7d0,7,1,0,0,14,0,1,1,1,1790908191
2026-10-02T02:30:52+00:00,2026-10-02T02:31:41.305507+00:00,f36e24cd-de4c-4a5e-adf4-cb97ccd2958d,505,8,2,1,2,0,1,1,1,1790908196
2026-10-02T02:30:52+00:00,2026-10-02T02:31:41.305507+00:00,40e58976-02cc-4c7c-911f-7a6c97588bfa,520,6,0,0,15,0,1,1,1,1790908200
2026-10-02T02:30:52+00:00,2026-10-02T02:31:41.305507+00:00,a18e1e55-507e-49d8-b7c0-5c0efd959125,358,8,2,0,11,0,1,1,1,1790908197
2026-10-02T02:30:52+00:00,2026-10-02T02:31:41.305507+00:00,2170342425741020744,2170342425741020744,13,1,0,4,0,1,1,1,1790908198
2026-10-02T02:30:52+00:00,2026-10-02T02:31:41.305507+00:00,2223045710883822544,2223045710883822544,9,0,0,6,0,1,1,1,1790908198
2026-10-02T02:30:52+00:00,2026-10-02T02:31:41.305507+00:00,b23674a7-15a8-46d2-8219-6668acecf24a,548,14,2,0,4,0,1,1,1,1790908220
2026-10-02T02:30:52+00:00,2026-10-02T02:31:41.305507+00:00,f83510fd-0de8-11e7-991c-3863bb43a7d0,171,17,2,1,5,0,1,1,1,1790908220
2026-10-02T02:30:52+00:00,2026-10-02T02:31:41.305507+00:00,f834952a-0de8-11e7-991c-3863bb43a7d0,70,3,0,0,20,0,1,1,1,1790908222
2026-10-02T02:30:52+00:00,2026-10-02T02:31:41.305507+00:00,f8346894-0de8-11e7-991c-3863bb43a7d0,9,13,1,2,0,0,1,1,1,1790908223
2026-10-02T02:30:52+00:00,2026-10-02T02:31:41.305507+00:00,f83516b8-0de8-11e7-991c-3863bb43a7d0,184,17,0,0,1,1,1,1,1,1790908219
2026-10-02T02:30:52+00:00,2026-10-02T02:31:41.305507+00:00,ba634139-d7bf-448f-aac4-25995d36b67b,373,2,1,1,12,0,1,1,1,1790908219
2026-10-02T02:30:52+00:00,2026-10-02T02:31:41.305507+00:00,2fd22786-dfeb-4126-a906-4f01802087f3,454,0,0,0,19,0,1,1,1,1790908143
2026-10-02T02:30:52+00:00,2026-10-02T02:31:41.305507+00:00,2070180968009321294,2070180968009321294,15,0,0,4,2,1,1,1,1790908145
2026-10-02T02:30:52+00:00,2026-10-02T02:31:41.305507+00:00,ff6ed364-8676-45a0-b97f-71025683849e,442,8,1,0,7,0,1,1,1,1790908144
2026-10-02T02:30:52+00:00,2026-10-02T02:31:41.305507+00:00,7ec0c53c-876a-419c-a78b-4edd000bbc9a,445,8,0,1,10,0,1,1,1,1790908130
2026-10-02T02:30:52+00:00,2026-10-02T02:31:41.305507+00:00,f8349ba9-0de8-11e7-991c-3863bb43a7d0,77,12,9,0,5,0,1,1,1,1790908126
2026-10-02T02:30:52+00:00,2026-10-02T02:31:41.305507+00:00,83183df0-38c2-4ae8-a0c4-4b59599c9582,222,12,0,0,2,0,1,1,1,1790908125
2026-10-02T02:30:52+00:00,2026-10-02T02:31:41.305507+00:00,9f54207a-3308-43bd-b45c-9042b6389598,423,14,2,1,4,0,1,1,1,1790908151
2026-10-02T02:30:52+00:00,2026-10-02T02:31:41.305507+00:00,ccd6fdd4-b39e-46d7-b43c-7bacffb6bd87,523,3,3,0,14,0,1,1,1,1790908151
2026-10-02T02:30:52+00:00,2026-10-02T02:31:41.305507+00:00,f24a573e-ef07-4785-9270-70c443510ea6,359,3,0,4,8,0,1,1,1,1790908151
2026-10-02T02:30:52+00:00,2026-10-02T02:31:41.305507+00:00,f35de2ab-979e-42d5-8cbd-dc479ed637e9,503,4,4,0,2,0,1,1,1,1790908151
2026-10-02T02:30:52+00:00,2026-10-02T02:31:41.305507+00:00,0adccd89-1d8d-44da-9f7c-5f18acafeddf,338,15,5,0,0,0,1,1,1,1790908153
2026-10-02T02:30:52+00:00,2026-10-02T02:31:41.305507+00:00,f834e1b2-0de8-11e7-991c-3863bb43a7d0,125,13,0,1,5,0,1,1,1,1790908201
2026-10-02T02:30:52+00:00,2026-10-02T02:31:41.305507+00:00,2038239468396569074,2038239468396569074,13,0,2,16,1,1,1,1,1790908206
2026-10-02T02:30:52+00:00,2026-10-02T02:31:41.305507+00:00,2107991976288962746,2107991976288962746,13,0,4,3,0,1,1,1,1790908207
2026-10-02T02:30:52+00:00,2026-10-02T02:31:41.305507+00:00,2223043968513191970,2223043968513191970,7,0,0,9,0,1,1,1,1790908204
2026-10-02T02:30:52+00:00,2026-10-02T02:31:41.305507+00:00,2057166010169469732,2057166010169469732,1,0,0,14,0,1,1,1,1790908208
2026-10-02T02:30:52+00:00,2026-10-02T02:31:41.305507+00:00,2111712079786088918,2111712079786088918,14,4,1,0,0,1,1,1,1790908205
2026-10-02T02:30:52+00:00,2026-10-02T02:31:41.305507+00:00,2ba0c5dd-c990-4434-8a84-5c3eca23f096,447,10,3,0,9,0,1,1,1,1790908203
2026-10-02T02:30:52+00:00,2026-10-02T02:31:41.305507+00:00,e68655be-23d3-46e5-a509-25be677e7542,482,6,0,0,5,0,1,1,1,1790908212
2026-10-02T02:30:52+00:00,2026-10-02T02:31:41.305507+00:00,287aedf5-0361-47e9-9de0-14ae3b75cc0d,287aedf5-0361-47e9-9de0-14ae3b75cc0d,18,0,0,3,0,1,1,1,1790908213
2026-10-02T02:30:52+00:00,2026-10-02T02:31:41.305507+00:00,20b0b405-54ba-4a80-b89c-0819772665db,440,9,2,0,6,0,1,1,1,1790908164
2026-10-02T02:30:52+00:00,2026-10-02T02:31:41.305507+00:00,9e710d48-51c1-460e-a027-3d16bde62b13,419,0,0,11,0,4,1,0,0,1790908209
2026-10-02T02:30:52+00:00,2026-10-02T02:31:41.305507+00:00,0f554e1d-9f0f-452d-9b4a-e00aa2c5911e,492,5,1,0,10,0,1,1,1,1790908213
2026-10-02T02:30:52+00:00,2026-10-02T02:31:41.305507+00:00,f8348481-0de8-11e7-991c-3863bb43a7d0,47,12,2,2,5,1,1,1,1,1790908213
2026-10-02T02:30:52+00:00,2026-10-02T02:31:41.305507+00:00,f8351019-0de8-11e7-991c-3863bb43a7d0,169,16,10,0,3,0,1,1,1,1790908213
2026-10-02T02:30:52+00:00,2026-10-02T02:31:41.305507+00:00,f8349745-0de8-11e7-991c-3863bb43a7d0,73,0,0,0,15,0,1,1,1,1790908211
2026-10-02T02:30:52+00:00,2026-10-02T02:31:41.305507+00:00,f8351336-0de8-11e7-991c-3863bb43a7d0,176,12,0,0,3,0,1,1,1,1790908214
2026-10-02T02:30:52+00:00,2026-10-02T02:31:41.305507+00:00,2029805507281123700,2029805507281123700,10,1,1,8,0,1,1,1,1790908215
2026-10-02T02:30:52+00:00,2026-10-02T02:31:41.305507+00:00,f834cf45-0de8-11e7-991c-3863bb43a7d0,116,21,3,0,2,0,1,1,1,1790908217
2026-10-02T02:30:52+00:00,2026-10-02T02:31:41.305507+00:00,13444449-b3a8-43d2-b8b9-a59fbc59a174,397,6,2,1,8,0,1,1,1,1790908219
2026-10-02T02:30:52+00:00,2026-10-02T02:31:41.305507+00:00,f8347118-0de8-11e7-991c-3863bb43a7d0,22,5,0,0,30,0,1,1,1,1790908215
2026-10-02T02:30:52+00:00,2026-10-02T02:31:41.305507+00:00,f83524c0-0de8-11e7-991c-3863bb43a7d0,203,5,3,0,9,0,1,1,1,1790908216
2026-10-02T02:30:52+00:00,2026-10-02T02:31:41.305507+00:00,02a4416f-80b4-4472-accd-5db482ed5b6d,367,11,3,0,8,0,1,1,1,1790908216
2026-10-02T02:30:52+00:00,2026-10-02T02:31:41.305507+00:00,bb27977d-36c1-496d-8bac-631b612dd7b8,332,12,3,1,2,0,1,1,1,1790908222
2026-10-02T02:30:52+00:00,2026-10-02T02:31:41.305507+00:00,2113200093114979090,2113200093114979090,1,0,0,14,1,1,1,1,1790908227
2026-10-02T02:30:52+00:00,2026-10-02T02:31:41.305507+00:00,2038619205667946906,2038619205667946906,5,0,0,15,0,1,1,1,1790908228
2026-10-02T02:30:52+00:00,2026-10-02T02:31:41.305507+00:00,f834b42d-0de8-11e7-991c-3863bb43a7d0,100,9,0,0,16,0,1,1,1,1790908228
2026-10-02T02:30:52+00:00,2026-10-02T02:31:41.305507+00:00,f8348995-0de8-11e7-991c-3863bb43a7d0,58,4,0,1,14,0,1,1,1,1790908229
2026-10-02T02:30:52+00:00,2026-10-02T02:31:41.305507+00:00,ce55d1b1-4267-40a9-ad44-5eab888ce18a,ce55d1b1-4267-40a9-ad44-5eab888ce18a,0,0,0,22,1,1,1,1,1790908229
2026-10-02T02:30:52+00:00,2026-10-02T02:31:41.305507+00:00,f834fd36-0de8-11e7-991c-3863bb43a7d0,142,4,0,0,19,0,1,1,1,1790908229
2026-10-02T08:52:31+00:00,2026-10-02T08:53:45.116435+00:00,6eaa7343-402d-41c9-9aac-8c664fdbdcf1,6eaa7343-402d-41c9-9aac-8c664fdbdcf1,0,0,0,0,0,0,0,0,86400
2026-10-02T08:52:31+00:00,2026-10-02T08:53:45.116435+00:00,f8346e51-0de8-11e7-991c-3863bb43a7d0,17,0,0,13,2,0,1,0,0,1790930329
2026-10-02T08:52:31+00:00,2026-10-02T08:53:45.116435+00:00,2089808297152151688,2089808297152151688,6,2,1,5,0,1,1,1,1790930846
2026-10-02T08:52:31+00:00,2026-10-02T08:53:45.116435+00:00,a825b55d-3ab3-481f-9c50-d3a7313e6843,228,0,0,0,18,1,1,1,1,1790931017
2026-10-02T08:52:31+00:00,2026-10-02T08:53:45.116435+00:00,2126567695528519906,2126567695528519906,3,0,1,16,0,1,1,1,1790931015
2026-10-02T08:52:31+00:00,2026-10-02T08:53:45.116435+00:00,2227859082657747444,2227859082657747444,5,0,0,2,0,1,1,1,1790931019
2026-10-02T08:52:31+00:00,2026-10-02T08:53:45.116435+00:00,4b5de733-9353-4873-9dc2-9558b3cb063a,393,4,3,0,11,0,1,1,1,1790931018
2026-10-02T08:52:31+00:00,2026-10-02T08:53:45.116435+00:00,f55cdf0a-3d7b-491c-bed2-7dc0ef2062d5,489,11,0,0,5,0,1,1,1,1790931027
2026-10-02T08:52:31+00:00,2026-10-02T08:53:45.116435+00:00,f83493c0-0de8-11e7-991c-3863bb43a7d0,67,5,0,0,25,0,1,1,1,1790931027
2026-10-02T08:52:31+00:00,2026-10-02T08:53:45.116435+00:00,cad0e759-b605-458a-b772-768dcce81dc6,372,1,0,0,17,0,1,1,1,1790931025
2026-10-02T08:52:31+00:00,2026-10-02T08:53:45.116435+00:00,1ef9964d-47ac-4cd4-916e-7c006fa1e605,339,9,5,1,5,0,1,1,1,1790931031
2026-10-02T08:52:31+00:00,2026-10-02T08:53:45.116435+00:00,38706d8c-8d4b-49f7-b6ed-7688449db261,463,4,2,1,14,0,1,1,1,1790931033
2026-10-02T08:52:31+00:00,2026-10-02T08:53:45.116435+00:00,2250817396738253956,2250817396738253956,15,1,0,0,0,1,1,1,1790931030
2026-10-02T08:52:31+00:00,2026-10-02T08:53:45.116435+00:00,986068c4-d11a-465a-b8d0-bd0960c57f51,986068c4-d11a-465a-b8d0-bd0960c57f51,0,0,1,13,0,1,1,1,1790931035
2026-10-02T08:52:31+00:00,2026-10-02T08:53:45.116435+00:00,f834d34b-0de8-11e7-991c-3863bb43a7d0,120,2,0,1,36,0,1,1,1,1790931036
2026-10-02T08:52:31+00:00,2026-10-02T08:53:45.116435+00:00,f8347ded-0de8-11e7-991c-3863bb43a7d0,35,0,0,1,30,0,1,1,1,1790931037
2026-10-02T08:52:31+00:00,2026-10-02T08:53:45.116435+00:00,25d6f87f-7025-48c5-b202-f91511a4ae19,25d6f87f-7025-48c5-b202-f91511a4ae19,9,4,0,10,0,1,1,1,1790931038
2026-10-02T08:52:31+00:00,2026-10-02T08:53:45.116435+00:00,f834fcbe-0de8-11e7-991c-3863bb43a7d0,141,0,0,2,13,0,1,1,1,1790931037
2026-10-02T08:52:31+00:00,2026-10-02T08:53:45.116435+00:00,f8349599-0de8-11e7-991c-3863bb43a7d0,71,10,0,0,13,0,1,1,1,1790931056
2026-10-02T08:52:31+00:00,2026-10-02T08:53:45.116435+00:00,e4d5271f-5f76-401b-b7f0-c8dce3c26f10,462,10,2,0,1,0,1,1,1,1790931053
2026-10-02T08:52:31+00:00,2026-10-02T08:53:45.116435+00:00,5d17f129-af8c-4f30-bc58-6a8279052772,543,6,2,0,13,0,1,1,1,1790931053
2026-10-02T08:52:31+00:00,2026-10-02T08:53:45.116435+00:00,f834d260-0de8-11e7-991c-3863bb43a7d0,119,12,1,1,2,0,1,1,1,1790931053
2026-10-02T08:52:31+00:00,2026-10-02T08:53:45.116435+00:00,8bc42f7f-753d-4cca-a7d6-0d7c2530ea2c,364,9,0,2,7,0,1,1,1,1790931062
2026-10-02T08:52:31+00:00,2026-10-02T08:53:45.116435+00:00,1ef5abb2-5af9-41f2-a0dd-1e44278ad9f1,502,6,1,0,5,0,1,1,1,1790931056
2026-10-02T08:52:31+00:00,2026-10-02T08:53:45.116435+00:00,25489822-e43a-4704-b2a8-d905b78ba77c,389,5,4,0,9,0,1,1,1,1790931060
2026-10-02T08:52:31+00:00,2026-10-02T08:53:45.116435+00:00,d1a5e406-718c-44b9-b9dd-e63605b888aa,555,8,7,0,6,0,1,1,1,1790931068
2026-10-02T08:52:31+00:00,2026-10-02T08:53:45.116435+00:00,f83466c6-0de8-11e7-991c-3863bb43a7d0,6,6,0,1,7,0,1,1,1,1790931068
2026-10-02T08:52:31+00:00,2026-10-02T08:53:45.116435+00:00,9b0aff89-5242-475e-b03b-87c3c3bf51bb,477,14,8,0,5,0,1,1,1,1790931070
2026-10-02T08:52:31+00:00,2026-10-02T08:53:45.116435+00:00,f606593b-3d07-40f2-bc6d-a0eb96588e44,456,18,2,0,0,0,1,1,1,1790931070
2026-10-02T08:52:31+00:00,2026-10-02T08:53:45.116435+00:00,2127634714741013228,2127634714741013228,15,1,1,8,0,1,1,1,1790931070
2026-10-02T08:52:31+00:00,2026-10-02T08:53:45.116435+00:00,800bde2c-51df-497c-ac2d-bc3a8c00c164,800bde2c-51df-497c-ac2d-bc3a8c00c164,0,0,0,15,0,1,1,1,1790931078
2026-10-02T08:52:31+00:00,2026-10-02T08:53:45.116435+00:00,b44b7c3d-c054-4591-92a9-3b96d86050ab,b44b7c3d-c054-4591-92a9-3b96d86050ab,4,3,0,7,0,1,1,1,1790931047
2026-10-02T08:52:31+00:00,2026-10-02T08:53:45.116435+00:00,40ee059e-8530-4992-9114-c16b87d6832f,441,1,0,1,17,0,1,1,1,1790931049
2026-10-02T08:52:31+00:00,2026-10-02T08:53:45.116435+00:00,f8348719-0de8-11e7-991c-3863bb43a7d0,52,12,0,2,9,0,1,1,1,1790931049
2026-10-02T08:52:31+00:00,2026-10-02T08:53:45.116435+00:00,2132460331327742574,2132460331327742574,0,0,0,18,0,1,1,1,1790931046
2026-10-02T08:52:31+00:00,2026-10-02T08:53:45.116435+00:00,f834c5c9-0de8-11e7-991c-3863bb43a7d0,110,2,0,1,12,0,1,1,1,1790931050
2026-10-02T08:52:31+00:00,2026-10-02T08:53:45.116435+00:00,803a0c16-4f81-44f1-8b49-a13fcdda40c1,370,0,0,0,17,0,1,1,1,1790931050
2026-10-02T08:52:31+00:00,2026-10-02T08:53:45.116435+00:00,2071991821019036242,2071991821019036242,5,1,0,15,0,1,1,1,1790931051
2026-10-02T08:52:31+00:00,2026-10-02T08:53:45.116435+00:00,e519df41-c4d7-403a-9afa-a5dd7cdd2d03,536,1,0,1,16,0,1,1,1,1790931040
2026-10-02T08:52:31+00:00,2026-10-02T08:53:45.116435+00:00,829fa5a8-cc88-4ab2-9f34-b481aaa1612e,259,10,2,0,5,0,1,1,1,1790931041
2026-10-02T08:52:31+00:00,2026-10-02T08:53:45.116435+00:00,2131371824572002576,2131371824572002576,9,0,0,7,0,1,1,1,1790931063
2026-10-02T08:52:31+00:00,2026-10-02T08:53:45.116435+00:00,f83532fa-0de8-11e7-991c-3863bb43a7d0,219,8,0,0,7,0,1,1,1,1790931063
2026-10-02T08:52:31+00:00,2026-10-02T08:53:45.116435+00:00,1991921362058752616,1991921362058752616,0,0,0,20,0,1,1,1,1790931064
2026-10-02T08:52:31+00:00,2026-10-02T08:53:45.116435+00:00,f834b1ed-0de8-11e7-991c-3863bb43a7d0,99,15,0,0,0,0,1,1,1,1790931064
2026-10-02T08:52:31+00:00,2026-10-02T08:53:45.116435+00:00,f8349070-0de8-11e7-991c-3863bb43a7d0,61,2,0,0,17,0,1,1,1,1790931064
2026-10-02T08:52:31+00:00,2026-10-02T08:53:45.116435+00:00,1997031876360597884,1997031876360597884,10,2,1,0,0,1,1,1,1790931071
2026-10-02T08:52:31+00:00,2026-10-02T08:53:45.116435+00:00,f8352973-0de8-11e7-991c-3863bb43a7d0,210,15,2,0,0,0,1,1,1,1790931073
2026-10-02T08:52:31+00:00,2026-10-02T08:53:45.116435+00:00,133d159e-a202-4310-910f-eca392fe181e,398,3,0,1,15,0,1,1,1,1790931073
2026-10-02T08:52:31+00:00,2026-10-02T08:53:45.116435+00:00,f8351255-0de8-11e7-991c-3863bb43a7d0,174,15,5,0,0,0,1,1,1,1790931075
2026-10-02T08:52:31+00:00,2026-10-02T08:53:45.116435+00:00,97a1e4e7-a1ff-427a-aaea-48ca0d00bf9c,348,5,1,0,10,0,1,1,1,1790931075
2026-10-02T08:52:31+00:00,2026-10-02T08:53:45.116435+00:00,77c1736c-a609-4453-94f7-8e4253a8193c,474,7,4,0,4,0,1,1,1,1790931076
2026-10-02T08:52:31+00:00,2026-10-02T08:53:45.116435+00:00,57f5003b-6574-40b3-83d7-3b5dee1472e0,518,7,2,1,3,0,1,1,1,1790931072
2026-10-02T08:52:31+00:00,2026-10-02T08:53:45.116435+00:00,625f105e-4407-4988-9095-d1979cbda5e1,234,13,6,0,6,0,1,1,1,1790931072
2026-10-02T08:52:31+00:00,2026-10-02T08:53:45.116435+00:00,1999639508813492766,1999639508813492766,6,0,0,14,0,1,1,1,1790931072
2026-10-02T08:52:31+00:00,2026-10-02T08:53:45.116435+00:00,f8346dbd-0de8-11e7-991c-3863bb43a7d0,16,1,0,1,17,0,1,1,1,1790931076
2026-10-02T08:52:31+00:00,2026-10-02T08:53:45.116435+00:00,5410aac7-2ec0-47b6-b728-b99c5137b463,5410aac7-2ec0-47b6-b728-b99c5137b463,8,2,0,3,0,1,1,1,1790931084
2026-10-02T08:52:31+00:00,2026-10-02T08:53:45.116435+00:00,f834b183-0de8-11e7-991c-3863bb43a7d0,98,4,0,0,18,0,1,1,1,1790931084
2026-10-02T08:52:31+00:00,2026-10-02T08:53:45.116435+00:00,f8351649-0de8-11e7-991c-3863bb43a7d0,183,1,0,0,18,0,1,1,1,1790931087
2026-10-02T08:52:31+00:00,2026-10-02T08:53:45.116435+00:00,f8351791-0de8-11e7-991c-3863bb43a7d0,186,7,0,0,7,0,1,1,1,1790931086
2026-10-02T08:52:31+00:00,2026-10-02T08:53:45.116435+00:00,f7d416f8-4377-4019-bba7-302dc1d5a11d,391,10,1,1,4,0,1,1,1,1790931092
2026-10-02T08:52:31+00:00,2026-10-02T08:53:45.116435+00:00,52ca4d94-587f-4a61-a298-a1a755e73bfb,362,5,1,0,14,0,1,1,1,1790931089
2026-10-02T08:52:31+00:00,2026-10-02T08:53:45.116435+00:00,f834cb89-0de8-11e7-991c-3863bb43a7d0,115,15,1,1,3,0,1,1,1,1790931093
2026-10-02T08:52:31+00:00,2026-10-02T08:53:45.116435+00:00,9fef6df2-7f8f-43fc-a85b-7dd5453860f9,437,17,0,0,0,0,1,1,1,1790931093
2026-10-02T08:52:31+00:00,2026-10-02T08:53:45.116435+00:00,aefc33cd-40b9-48da-8b87-415428816bdb,488,13,0,0,3,0,1,1,1,1790931093
2026-10-02T08:52:31+00:00,2026-10-02T08:53:45.116435+00:00,87b5a8b7-a330-4c51-ab32-7dafa292c88f,421,13,0,0,6,0,1,1,1,1790931089
2026-10-02T08:52:31+00:00,2026-10-02T08:53:45.116435+00:00,acb27827-d69a-4287-b132-3f529ca62ad2,427,4,2,0,15,0,1,1,1,1790931097
2026-10-02T08:52:31+00:00,2026-10-02T08:53:45.116435+00:00,2110566771130438288,2110566771130438288,15,7,1,0,0,1,1,1,1790931069
2026-10-02T08:52:31+00:00,2026-10-02T08:53:45.116435+00:00,ec4e1168-25dc-4929-b17b-e4ae578dd888,425,2,1,0,14,0,1,1,1,1790931098
2026-10-02T08:52:31+00:00,2026-10-02T08:53:45.116435+00:00,f834a67b-0de8-11e7-991c-3863bb43a7d0,89,6,1,0,13,0,1,1,1,1790931099
2026-10-02T08:52:31+00:00,2026-10-02T08:53:45.116435+00:00,88b35b6d-f355-44dc-b85e-ed2eb1bc9099,406,16,3,0,3,0,1,1,1,1790931099
2026-10-02T08:52:31+00:00,2026-10-02T08:53:45.116435+00:00,ea00f276-26dc-48ee-b2c8-6e56fd632a2d,272,11,0,0,8,0,1,1,1,1790931095
2026-10-02T08:52:31+00:00,2026-10-02T08:53:45.116435+00:00,f8351569-0de8-11e7-991c-3863bb43a7d0,181,14,2,0,5,0,1,1,1,1790931096
2026-10-02T08:52:31+00:00,2026-10-02T08:53:45.116435+00:00,569f4952-5a25-4394-a419-f9c4d9cca6f3,495,14,2,0,4,0,1,1,1,1790931096
2026-10-02T08:52:31+00:00,2026-10-02T08:53:45.116435+00:00,f834a1de-0de8-11e7-991c-3863bb43a7d0,84,4,0,0,11,0,1,1,1,1790931104
2026-10-02T08:52:31+00:00,2026-10-02T08:53:45.116435+00:00,2149920539832638004,2149920539832638004,11,0,1,2,0,1,1,1,1790931101
2026-10-02T08:52:31+00:00,2026-10-02T08:53:45.116435+00:00,1976640911178291400,1976640911178291400,3,3,0,8,0,1,1,1,1790931101
2026-10-02T08:52:31+00:00,2026-10-02T08:53:45.116435+00:00,f8350199-0de8-11e7-991c-3863bb43a7d0,150,8,0,1,10,0,1,1,1,1790931103
2026-10-02T08:52:31+00:00,2026-10-02T08:53:45.116435+00:00,2251186911126913182,2251186911126913182,13,0,0,6,0,1,1,1,1790931106
2026-10-02T08:52:31+00:00,2026-10-02T08:53:45.116435+00:00,1976280681456741062,1976280681456741062,3,1,0,8,0,1,1,1,1790931105
2026-10-02T08:52:31+00:00,2026-10-02T08:53:45.116435+00:00,2036103727838931110,2036103727838931110,7,1,0,4,0,1,1,1,1790931105
2026-10-02T08:52:31+00:00,2026-10-02T08:53:45.116435+00:00,f834a2a8-0de8-11e7-991c-3863bb43a7d0,85,12,1,1,6,0,1,1,1,1790931105
2026-10-02T08:52:31+00:00,2026-10-02T08:53:45.116435+00:00,2127252912986958612,2127252912986958612,6,2,1,8,0,1,1,1,1790931106
2026-10-02T08:52:31+00:00,2026-10-02T08:53:45.116435+00:00,a6d6d4b2-3666-43ad-a690-7f676bdcc3fd,542,13,0,1,5,0,1,1,1,1790931106
2026-10-02T08:52:31+00:00,2026-10-02T08:53:45.116435+00:00,f8348598-0de8-11e7-991c-3863bb43a7d0,49,11,0,1,6,0,1,1,1,1790931108
2026-10-02T08:52:31+00:00,2026-10-02T08:53:45.116435+00:00,f8347a8b-0de8-11e7-991c-3863bb43a7d0,29,5,0,0,13,1,1,1,1,1790931108
2026-10-02T08:52:31+00:00,2026-10-02T08:53:45.116435+00:00,f834f036-0de8-11e7-991c-3863bb43a7d0,133,20,2,3,0,0,1,1,1,1790931108
2026-10-02T08:52:31+00:00,2026-10-02T08:53:45.116435+00:00,2027855476515070160,2027855476515070160,2,0,1,24,0,1,1,1,1790931105
2026-10-02T08:52:31+00:00,2026-10-02T08:53:45.116435+00:00,f834b928-0de8-11e7-991c-3863bb43a7d0,106,10,4,1,3,0,1,1,1,1790931109
2026-10-02T08:52:31+00:00,2026-10-02T08:53:45.116435+00:00,f834f948-0de8-11e7-991c-3863bb43a7d0,138,12,1,1,1,0,1,1,1,1790931111
2026-10-02T08:52:31+00:00,2026-10-02T08:53:45.116435+00:00,82b41ffb-e284-4e4d-b22a-0cad2bfd4bee,443,12,0,0,7,0,1,1,1,1790931111
2026-10-02T08:52:31+00:00,2026-10-02T08:53:45.116435+00:00,6cec3afa-554c-466f-8323-5c619fe0ddc6,6cec3afa-554c-466f-8323-5c619fe0ddc6,10,4,0,1,0,1,1,1,1790931110
2026-10-02T08:52:31+00:00,2026-10-02T08:53:45.116435+00:00,f8350129-0de8-11e7-991c-3863bb43a7d0,149,16,2,0,2,0,1,1,1,1790931105
2026-10-02T08:52:31+00:00,2026-10-02T08:53:45.116435+00:00,2129149628430547474,2129149628430547474,12,1,0,4,0,1,1,1,1790931114
2026-10-02T08:52:31+00:00,2026-10-02T08:53:45.116435+00:00,f834e75d-0de8-11e7-991c-3863bb43a7d0,129,10,2,0,8,1,1,1,1,1790931115
2026-10-02T08:52:31+00:00,2026-10-02T08:53:45.116435+00:00,eed9e64f-f09d-43c1-aa31-da968c66750a,368,15,4,0,0,0,1,1,1,1790931114
2026-10-02T08:52:31+00:00,2026-10-02T08:53:45.116435+00:00,918335df-fc1a-45c2-9cfc-c5e2e93aecc0,467,5,1,1,5,0,1,1,1,1790931113
2026-10-02T08:52:31+00:00,2026-10-02T08:53:45.116435+00:00,f8347002-0de8-11e7-991c-3863bb43a7d0,20,0,0,0,23,0,1,1,1,1790931120
2026-10-02T08:52:31+00:00,2026-10-02T08:53:45.116435+00:00,f8346c96-0de8-11e7-991c-3863bb43a7d0,14,0,0,0,25,0,1,1,1,1790931120
2026-10-02T08:52:31+00:00,2026-10-02T08:53:45.116435+00:00,1994515539257334312,1994515539257334312,12,3,0,7,0,1,1,1,1790931117
2026-10-02T08:52:31+00:00,2026-10-02T08:53:45.116435+00:00,2261583246847893606,2261583246847893606,13,1,0,6,0,1,1,1,1790931118
2026-10-02T08:52:31+00:00,2026-10-02T08:53:45.116435+00:00,dcd76e42-eebc-4432-9726-cdb3372b0b07,557,0,0,0,19,0,1,1,1,1790931118
2026-10-02T08:52:31+00:00,2026-10-02T08:53:45.116435+00:00,2251556760922290606,2251556760922290606,15,3,0,0,0,1,1,1,1790931118
2026-10-02T08:52:31+00:00,2026-10-02T08:53:45.116435+00:00,2031175112202687108,2031175112202687108,7,0,0,9,0,1,1,1,1790931115
2026-10-02T08:52:31+00:00,2026-10-02T08:53:45.116435+00:00,2124664048772581794,2124664048772581794,7,2,0,4,0,1,1,1,1790931120
2026-10-02T08:52:31+00:00,2026-10-02T08:53:45.116435+00:00,f8347ba8-0de8-11e7-991c-3863bb43a7d0,31,0,0,0,19,0,1,1,1,1790931117
2026-10-02T08:52:31+00:00,2026-10-02T08:53:45.116435+00:00,4d953f0f-13b5-4b3d-b2da-342003ff7cba,4d953f0f-13b5-4b3d-b2da-342003ff7cba,3,2,0,8,0,1,1,1,1790931121
2026-10-02T08:52:31+00:00,2026-10-02T08:53:45.116435+00:00,1999644268058967024,1999644268058967024,10,0,1,13,0,1,1,1,1790931124
2026-10-02T08:52:31+00:00,2026-10-02T08:53:45.116435+00:00,c111ef1a-f276-415d-a95e-8e3c4e3a0c03,522,15,5,0,0,0,1,1,1,1790931123
2026-10-02T08:52:31+00:00,2026-10-02T08:53:45.116435+00:00,2363c5a3-93cc-41a2-a767-90f1826c041f,426,1,0,0,26,0,1,1,1,1790931124
2026-10-02T08:52:31+00:00,2026-10-02T08:53:45.116435+00:00,e335fa7c-7adf-4360-9bfa-76b18124a56f,541,3,0,0,8,0,1,1,1,1790931122
2026-10-02T08:52:31+00:00,2026-10-02T08:53:45.116435+00:00,f8350d30-0de8-11e7-991c-3863bb43a7d0,163,8,0,0,10,0,1,1,1,1790931122
2026-10-02T08:52:31+00:00,2026-10-02T08:53:45.116435+00:00,15ec5783-ca7a-4225-ba51-cd0a45ecc975,15ec5783-ca7a-4225-ba51-cd0a45ecc975,9,2,0,2,0,1,1,1,1790931122
2026-10-02T08:52:31+00:00,2026-10-02T08:53:45.116435+00:00,f834916a-0de8-11e7-991c-3863bb43a7d0,63,6,1,0,9,0,1,1,1,1790931123
2026-10-02T08:52:31+00:00,2026-10-02T08:53:45.116435+00:00,2028220168245183460,2028220168245183460,10,0,0,9,0,1,1,1,1790931122
2026-10-02T08:52:31+00:00,2026-10-02T08:53:45.116435+00:00,768433a9-fc30-4485-b136-22d6f8a96f1c,768433a9-fc30-4485-b136-22d6f8a96f1c,10,7,0,1,0,1,1,1,1790931125
2026-10-02T08:52:31+00:00,2026-10-02T08:53:45.116435+00:00,f8351f87-0de8-11e7-991c-3863bb43a7d0,192,0,0,0,19,0,1,1,1,1790931125
2026-10-02T08:52:31+00:00,2026-10-02T08:53:45.116435+00:00,f834c6f5-0de8-11e7-991c-3863bb43a7d0,111,12,3,1,1,1,1,1,1,1790931130
2026-10-02T08:52:31+00:00,2026-10-02T08:53:45.116435+00:00,01d29f8c-768d-4c4f-84ca-3de966075287,469,7,0,0,4,0,1,1,1,1790931128
2026-10-02T08:52:31+00:00,2026-10-02T08:53:45.116435+00:00,2039387081833476178,2039387081833476178,9,0,0,11,0,1,1,1,1790931131
2026-10-02T08:52:31+00:00,2026-10-02T08:53:45.116435+00:00,1331197c-f6c6-4f4a-a29b-95e580359886,224,17,3,0,0,0,1,1,1,1790931131
2026-10-02T08:52:31+00:00,2026-10-02T08:53:45.116435+00:00,ab6517ea-ed53-42eb-8881-657d362e56e8,560,11,0,0,4,0,1,1,1,1790931131
2026-10-02T08:52:31+00:00,2026-10-02T08:53:45.116435+00:00,1919521884659886482,1919521884659886482,4,1,0,15,0,1,1,1,1790931132
2026-10-02T08:52:31+00:00,2026-10-02T08:53:45.116435+00:00,1986694622707704150,1986694622707704150,10,0,1,8,0,1,1,1,1790931132
2026-10-02T08:52:31+00:00,2026-10-02T08:53:45.116435+00:00,8d535c23-f186-4161-aa10-17e94be6d4ae,436,11,0,1,2,1,1,1,1,1790931132
2026-10-02T08:52:31+00:00,2026-10-02T08:53:45.116435+00:00,8e7c1984-dc81-43b0-a0d3-58c6de45225a,465,6,1,1,4,0,1,1,1,1790931133
2026-10-02T08:52:31+00:00,2026-10-02T08:53:45.116435+00:00,199f3d59-e726-4549-b9c1-4dfc8a343fdb,508,6,3,0,5,0,1,1,1,1790931135
2026-10-02T08:52:31+00:00,2026-10-02T08:53:45.116435+00:00,f83473ea-0de8-11e7-991c-3863bb43a7d0,27,19,0,0,4,0,1,1,1,1790931135
2026-10-02T08:52:31+00:00,2026-10-02T08:53:45.116435+00:00,2438d052-2cd6-4fba-83c9-39f46cb59398,2438d052-2cd6-4fba-83c9-39f46cb59398,1,0,3,15,0,1,1,1,1790931136
2026-10-02T08:52:31+00:00,2026-10-02T08:53:45.116435+00:00,2036412579943670600,2036412579943670600,12,10,0,0,0,1,1,1,1790931099
2026-10-02T08:52:31+00:00,2026-10-02T08:53:45.116435+00:00,2113559364250874028,2113559364250874028,4,1,0,11,0,1,1,1,1790931137
2026-10-02T08:52:31+00:00,2026-10-02T08:53:45.116435+00:00,2134720099473744344,2134720099473744344,1,0,1,19,0,1,1,1,1790931138
2026-10-02T08:52:31+00:00,2026-10-02T08:53:45.116435+00:00,2219705277630124418,2219705277630124418,10,4,0,5,0,1,1,1,1790931138
2026-10-02T08:52:31+00:00,2026-10-02T08:53:45.116435+00:00,2220033166406469278,2220033166406469278,10,3,0,5,0,1,1,1,1790931138
2026-10-02T08:52:31+00:00,2026-10-02T08:53:45.116435+00:00,f835244e-0de8-11e7-991c-3863bb43a7d0,202,9,4,0,6,0,1,1,1,1790931138
2026-10-02T08:52:31+00:00,2026-10-02T08:53:45.116435+00:00,2131714490587826928,2131714490587826928,14,10,0,2,0,1,1,1,1790931020
2026-10-02T08:52:31+00:00,2026-10-02T08:53:45.116435+00:00,3a6d94a7-9fee-41c5-b8cc-a8487c5e691b,549,22,0,1,0,0,1,1,1,1790931020
2026-10-02T08:52:31+00:00,2026-10-02T08:53:45.116435+00:00,dd8dee9d-d044-41d6-9371-8463cf9c671b,526,4,2,0,11,0,1,1,1,1790931020
2026-10-02T08:52:31+00:00,2026-10-02T08:53:45.116435+00:00,2120986392451359068,2120986392451359068,3,1,0,16,0,1,1,1,1790931023
2026-10-02T08:52:31+00:00,2026-10-02T08:53:45.116435+00:00,1e3beeb4-f8e1-452c-93e5-48df78d4b313,334,7,0,0,11,0,1,1,1,1790931023
2026-10-02T08:52:31+00:00,2026-10-02T08:53:45.116435+00:00,a9bc314b-a3fd-46e5-a63b-f005258bba5f,a9bc314b-a3fd-46e5-a63b-f005258bba5f,4,0,0,14,0,1,1,1,1790931024
2026-10-02T08:52:31+00:00,2026-10-02T08:53:45.116435+00:00,3de6e5da-9702-4623-8683-26abd98012a8,525,5,1,0,7,0,1,1,1,1790931034
2026-10-02T08:52:31+00:00,2026-10-02T08:53:45.116435+00:00,fbb9b58c-2b92-4bcf-8e4c-a982e40d2f39,221,9,0,0,10,0,1,1,1,1790931036
2026-10-02T08:52:31+00:00,2026-10-02T08:53:45.116435+00:00,a9d13461-7f0f-47b0-9a97-8ec9e9792865,533,4,0,0,15,0,1,1,1,1790931036
2026-10-02T08:52:31+00:00,2026-10-02T08:53:45.116435+00:00,f8349de4-0de8-11e7-991c-3863bb43a7d0,80,0,0,0,34,0,1,1,1,1790931033
2026-10-02T08:52:31+00:00,2026-10-02T08:53:45.116435+00:00,a3b94ed8-8301-4ec6-baf2-64ac493b5106,529,0,0,1,15,0,1,1,1,1790931032
2026-10-02T08:52:31+00:00,2026-10-02T08:53:45.116435+00:00,f834fda2-0de8-11e7-991c-3863bb43a7d0,143,10,0,0,13,0,1,1,1,1790931031
2026-10-02T08:52:31+00:00,2026-10-02T08:53:45.116435+00:00,f8348857-0de8-11e7-991c-3863bb43a7d0,55,5,0,0,10,0,1,1,1,1790931039
2026-10-02T08:52:31+00:00,2026-10-02T08:53:45.116435+00:00,2079440939380771716,2079440939380771716,10,3,0,0,0,1,1,1,1790931038
2026-10-02T08:52:31+00:00,2026-10-02T08:53:45.116435+00:00,66763558-7a03-48a9-8665-6b4445b81f48,458,6,1,0,9,0,1,1,1,1790931040
2026-10-02T08:52:31+00:00,2026-10-02T08:53:45.116435+00:00,3c837bc0-fd08-49c4-adf5-0e9a98e918a7,524,7,2,0,8,0,1,1,1,1790931047
2026-10-02T08:52:31+00:00,2026-10-02T08:53:45.116435+00:00,f8349672-0de8-11e7-991c-3863bb43a7d0,72,3,0,0,20,0,1,1,1,1790931049
2026-10-02T08:52:31+00:00,2026-10-02T08:53:45.116435+00:00,2fded452-cbd0-4248-b008-f8a61ed9a85f,2fded452-cbd0-4248-b008-f8a61ed9a85f,2,0,0,13,0,1,1,1,1790931049
2026-10-02T08:52:31+00:00,2026-10-02T08:53:45.116435+00:00,31382324-2931-491a-827a-40149e45afee,232,3,1,0,8,0,1,1,1,1790931047
2026-10-02T08:52:31+00:00,2026-10-02T08:53:45.116435+00:00,f8351e42-0de8-11e7-991c-3863bb43a7d0,189,0,0,0,23,0,1,1,1,1790931045
2026-10-02T08:52:31+00:00,2026-10-02T08:53:45.116435+00:00,3b158c7a-a362-43ae-af1f-121b78be32d7,483,17,2,0,0,0,1,1,1,1790931045
2026-10-02T08:52:31+00:00,2026-10-02T08:53:45.116435+00:00,f834ffc9-0de8-11e7-991c-3863bb43a7d0,146,19,8,0,0,0,1,1,1,1790931046
2026-10-02T08:52:31+00:00,2026-10-02T08:53:45.116435+00:00,2124668538068359456,2124668538068359456,2,0,0,17,0,1,1,1,1790931042
2026-10-02T08:52:31+00:00,2026-10-02T08:53:45.116435+00:00,f836bc28-36a7-4ca6-bba6-0d75333d84bb,538,13,1,0,6,0,1,1,1,1790931042
2026-10-02T08:52:31+00:00,2026-10-02T08:53:45.116435+00:00,4764641e-b080-4c70-a1e1-049de81e09d0,273,29,1,3,8,0,1,1,1,1790931046
2026-10-02T08:52:31+00:00,2026-10-02T08:53:45.116435+00:00,2100948177843249670,2100948177843249670,10,7,1,0,0,1,1,1,1790931052
2026-10-02T08:52:31+00:00,2026-10-02T08:53:45.116435+00:00,3dbbb3cb-b52d-46f8-8f9c-db11e83d081c,327,10,1,1,3,0,1,1,1,1790931053
2026-10-02T08:52:31+00:00,2026-10-02T08:53:45.116435+00:00,f8349d6e-0de8-11e7-991c-3863bb43a7d0,79,15,5,0,3,0,1,1,1,1790931055
2026-10-02T08:52:31+00:00,2026-10-02T08:53:45.116435+00:00,2004828637786472956,2004828637786472956,14,0,1,3,1,1,1,1,1790931059
2026-10-02T08:52:31+00:00,2026-10-02T08:53:45.116435+00:00,1984021766354634770,1984021766354634770,16,0,1,2,0,1,1,1,1790931056
2026-10-02T08:52:31+00:00,2026-10-02T08:53:45.116435+00:00,f8352306-0de8-11e7-991c-3863bb43a7d0,199,10,4,0,5,0,1,1,1,1790931062
2026-10-02T08:52:31+00:00,2026-10-02T08:53:45.116435+00:00,0cb6d635-6a7d-4d75-89b4-36b12616be12,432,17,13,0,2,0,1,1,1,1790931058
2026-10-02T08:52:31+00:00,2026-10-02T08:53:45.116435+00:00,efd724b2-31cb-4aec-b9d9-8ab79271630c,493,10,0,0,7,0,1,1,1,1790931058
2026-10-02T08:52:31+00:00,2026-10-02T08:53:45.116435+00:00,7dd0fc98-c1dd-4c93-9c1d-4bbdf5f93346,473,12,8,0,2,0,1,1,1,1790931066
2026-10-02T08:52:31+00:00,2026-10-02T08:53:45.116435+00:00,f835259f-0de8-11e7-991c-3863bb43a7d0,205,6,2,0,9,0,1,1,1,1790931067
2026-10-02T08:52:31+00:00,2026-10-02T08:53:45.116435+00:00,2136546016037880534,2136546016037880534,13,2,0,2,0,1,1,1,1790931081
2026-10-02T08:52:31+00:00,2026-10-02T08:53:45.116435+00:00,f4a64c30-b97f-4ae5-b531-a11698b558d7,562,7,4,0,1,0,1,1,1,1790931085
2026-10-02T08:52:31+00:00,2026-10-02T08:53:45.116435+00:00,f1cafe36-f800-41f6-b74d-73953cb6394c,471,0,0,0,27,0,1,1,1,1790931086
2026-10-02T08:52:31+00:00,2026-10-02T08:53:45.116435+00:00,f83487f0-0de8-11e7-991c-3863bb43a7d0,54,0,0,0,15,0,1,1,1,1790931076
2026-10-02T08:52:31+00:00,2026-10-02T08:53:45.116435+00:00,c98f50f6-1901-4c64-b164-8cf33245e022,282,17,1,1,0,0,1,1,1,1790931091
2026-10-02T08:52:31+00:00,2026-10-02T08:53:45.116435+00:00,2253794653988522864,2253794653988522864,19,2,0,0,0,1,1,1,1790931070
2026-10-02T08:52:31+00:00,2026-10-02T08:53:45.116435+00:00,2074236051937964826,2074236051937964826,14,0,1,0,1,1,1,1,1790931099
2026-10-02T08:52:31+00:00,2026-10-02T08:53:45.116435+00:00,1206f5c8-7d1f-4c32-9d65-f3e80186fbde,511,12,10,0,7,0,1,1,1,1790931095
2026-10-02T08:52:31+00:00,2026-10-02T08:53:45.116435+00:00,f834b50a-0de8-11e7-991c-3863bb43a7d0,102,12,4,0,3,0,1,1,1,1790931072
2026-10-02T08:52:31+00:00,2026-10-02T08:53:45.116435+00:00,f8351ff1-0de8-11e7-991c-3863bb43a7d0,193,14,1,0,1,0,1,1,1,1790931111
2026-10-02T08:52:31+00:00,2026-10-02T08:53:45.116435+00:00,1961066392414132348,1961066392414132348,6,4,1,12,0,1,1,1,1790931114
2026-10-02T08:52:31+00:00,2026-10-02T08:53:45.116435+00:00,0bc49982-74e9-4bbf-9991-e3d809d6319e,530,4,0,0,15,0,1,1,1,1790931116
2026-10-02T08:52:31+00:00,2026-10-02T08:53:45.116435+00:00,2012646293885032702,2012646293885032702,3,0,1,20,0,1,1,1,1790931117
2026-10-02T08:52:31+00:00,2026-10-02T08:53:45.116435+00:00,2111332861978124760,2111332861978124760,7,1,1,8,0,1,1,1,1790931117
2026-10-02T08:52:31+00:00,2026-10-02T08:53:45.116435+00:00,a439fff7-8630-464c-b277-efca6f6bc664,531,12,8,2,1,0,1,1,1,1790931113
2026-10-02T08:52:31+00:00,2026-10-02T08:53:45.116435+00:00,f8352a4d-0de8-11e7-991c-3863bb43a7d0,212,2,0,0,30,0,1,1,1,1790931112
2026-10-02T08:52:31+00:00,2026-10-02T08:53:45.116435+00:00,1963273678015717438,1963273678015717438,8,0,1,10,0,1,1,1,1790931092
2026-10-02T08:52:31+00:00,2026-10-02T08:53:45.116435+00:00,f834ff5a-0de8-11e7-991c-3863bb43a7d0,145,14,2,0,5,0,1,1,1,1790931092
2026-10-02T08:52:31+00:00,2026-10-02T08:53:45.116435+00:00,082262bd-086b-46c7-83ce-eed2b39142ff,416,4,0,0,11,0,1,1,1,1790931110
2026-10-02T08:52:31+00:00,2026-10-02T08:53:45.116435+00:00,2002247509585342522,2002247509585342522,6,3,0,5,0,1,1,1,1790931109
2026-10-02T08:52:31+00:00,2026-10-02T08:53:45.116435+00:00,68323451-daf0-4532-a6cb-b070e3ef358f,68323451-daf0-4532-a6cb-b070e3ef358f,0,0,3,16,0,1,1,1,1790931109
2026-10-02T08:52:31+00:00,2026-10-02T08:53:45.116435+00:00,f8352c1a-0de8-11e7-991c-3863bb43a7d0,216,17,3,0,2,0,1,1,1,1790931108
2026-10-02T08:52:31+00:00,2026-10-02T08:53:45.116435+00:00,dc770287-c70c-43ea-a635-39f3dc6b09cd,dc770287-c70c-43ea-a635-39f3dc6b09cd,9,4,1,1,0,1,1,1,1790931109
2026-10-02T08:52:31+00:00,2026-10-02T08:53:45.116435+00:00,3f4f4ad4-a715-43d5-828f-f8381f26b66a,390,11,1,2,1,1,1,1,1,1790931088
2026-10-02T08:52:31+00:00,2026-10-02T08:53:45.116435+00:00,f83514f9-0de8-11e7-991c-3863bb43a7d0,180,8,1,0,10,0,1,1,1,1790931086
2026-10-02T08:52:31+00:00,2026-10-02T08:53:45.116435+00:00,f835027c-0de8-11e7-991c-3863bb43a7d0,152,25,5,0,2,0,1,1,1,1790931074
2026-10-02T08:52:31+00:00,2026-10-02T08:53:45.116435+00:00,f8348924-0de8-11e7-991c-3863bb43a7d0,57,7,0,1,6,0,1,1,1,1790931090
2026-10-02T08:52:31+00:00,2026-10-02T08:53:45.116435+00:00,e49a5b83-2c9c-4610-a48b-89cfea172c8f,504,3,0,0,8,0,1,1,1,1790931090
2026-10-02T08:52:31+00:00,2026-10-02T08:53:45.116435+00:00,dd008e3c-ff17-4c82-abe0-502272a62425,558,5,1,1,10,0,1,1,1,1790931092
2026-10-02T08:52:31+00:00,2026-10-02T08:53:45.116435+00:00,f834db9b-0de8-11e7-991c-3863bb43a7d0,121,16,4,1,0,0,1,1,1,1790931090
2026-10-02T08:52:31+00:00,2026-10-02T08:53:45.116435+00:00,f834d064-0de8-11e7-991c-3863bb43a7d0,118,11,3,3,5,0,1,1,1,1790931091
2026-10-02T08:52:31+00:00,2026-10-02T08:53:45.116435+00:00,2113560016964645240,2113560016964645240,18,0,0,1,0,1,1,1,1790931091
2026-10-02T08:52:31+00:00,2026-10-02T08:53:45.116435+00:00,f8346a3c-0de8-11e7-991c-3863bb43a7d0,10,0,0,1,10,0,1,1,1,1790931101
2026-10-02T08:52:31+00:00,2026-10-02T08:53:45.116435+00:00,dd05a440-f881-410c-a071-864da11c634a,318,0,0,0,19,0,1,1,1,1790931104
2026-10-02T08:52:31+00:00,2026-10-02T08:53:45.116435+00:00,13681246-4bf8-444a-a908-fa165e4ad298,329,14,2,0,1,0,1,1,1,1790931101
2026-10-02T08:52:31+00:00,2026-10-02T08:53:45.116435+00:00,f8347361-0de8-11e7-991c-3863bb43a7d0,26,12,0,0,3,0,1,1,1,1790931101
2026-10-02T08:52:31+00:00,2026-10-02T08:53:45.116435+00:00,50cc3c7f-50ed-4c70-b483-c89f3f47c938,491,15,2,0,4,0,1,1,1,1790931103
2026-10-02T08:52:31+00:00,2026-10-02T08:53:45.116435+00:00,4caf6e93-ddd7-4b6f-9e61-f9df1206ac92,4caf6e93-ddd7-4b6f-9e61-f9df1206ac92,16,4,1,2,0,1,1,1,1790931103
2026-10-02T08:52:31+00:00,2026-10-02T08:53:45.116435+00:00,f8346c01-0de8-11e7-991c-3863bb43a7d0,13,3,1,1,15,0,1,1,1,1790931097
2026-10-02T08:52:31+00:00,2026-10-02T08:53:45.116435+00:00,1994461916590643872,1994461916590643872,7,5,0,4,0,1,1,1,1790931097
2026-10-02T08:52:31+00:00,2026-10-02T08:53:45.116435+00:00,e3f5d039-a49e-4b3b-ab4d-4efbef2068c6,e3f5d039-a49e-4b3b-ab4d-4efbef2068c6,19,15,0,4,0,1,1,1,1790931097
2026-10-02T08:52:31+00:00,2026-10-02T08:53:45.116435+00:00,f8353277-0de8-11e7-991c-3863bb43a7d0,218,0,0,0,15,0,1,1,1,1790931130
2026-10-02T08:52:31+00:00,2026-10-02T08:53:45.116435+00:00,2171110977443594588,2171110977443594588,8,1,1,6,0,1,1,1,1790931132
2026-10-02T08:52:31+00:00,2026-10-02T08:53:45.116435+00:00,57caf362-1e8b-46aa-9ee3-82341c405ab0,271,11,4,0,4,0,1,1,1,1790931129
2026-10-02T08:52:31+00:00,2026-10-02T08:53:45.116435+00:00,ee0fa23e-a6c2-474d-a6ef-bf581d63f1ae,ee0fa23e-a6c2-474d-a6ef-bf581d63f1ae,6,1,0,5,0,1,1,1,1790931132
2026-10-02T08:52:31+00:00,2026-10-02T08:53:45.116435+00:00,2248987790637065652,2248987790637065652,10,4,2,0,0,1,1,1,1790931109
2026-10-02T08:52:31+00:00,2026-10-02T08:53:45.116435+00:00,8b703219-1e16-4ba1-9f46-2b7030c7849a,360,10,5,0,5,0,1,1,1,1790931133
2026-10-02T08:52:31+00:00,2026-10-02T08:53:45.116435+00:00,f834b652-0de8-11e7-991c-3863bb43a7d0,104,16,0,0,1,0,1,1,1,1790931133
2026-10-02T08:52:31+00:00,2026-10-02T08:53:45.116435+00:00,634b697d-0e64-4102-8849-abac7a7f8e35,455,11,0,1,0,0,1,1,1,1790931130
2026-10-02T08:52:31+00:00,2026-10-02T08:53:45.116435+00:00,b0b8e427-7203-4844-9c70-129e08a74452,347,12,5,1,1,0,1,1,1,1790931135
2026-10-02T08:52:31+00:00,2026-10-02T08:53:45.116435+00:00,2223046412750968128,2223046412750968128,5,1,1,13,0,1,1,1,1790931126
2026-10-02T08:52:31+00:00,2026-10-02T08:53:45.116435+00:00,f83472d3-0de8-11e7-991c-3863bb43a7d0,25,8,0,0,7,0,1,1,1,1790931125
2026-10-02T08:52:31+00:00,2026-10-02T08:53:45.116435+00:00,910f1452-dbeb-4e69-b226-71b2d7e85715,910f1452-dbeb-4e69-b226-71b2d7e85715,5,2,1,4,0,1,1,1,1790931126
2026-10-02T08:52:31+00:00,2026-10-02T08:53:45.116435+00:00,fae99a0c-e88a-4112-94d8-f655cf34e651,fae99a0c-e88a-4112-94d8-f655cf34e651,2,1,0,17,0,1,1,1,1790931106
2026-10-02T08:52:31+00:00,2026-10-02T08:53:45.116435+00:00,609c2f06-310e-4134-8dd2-3d23aa41487b,609c2f06-310e-4134-8dd2-3d23aa41487b,16,3,1,5,0,1,1,1,1790931106
2026-10-02T08:52:31+00:00,2026-10-02T08:53:45.116435+00:00,2035765531590062506,2035765531590062506,2,0,0,8,1,1,1,1,1790931105
2026-10-02T08:52:31+00:00,2026-10-02T08:53:45.116435+00:00,f8352150-0de8-11e7-991c-3863bb43a7d0,196,8,3,0,2,0,1,1,1,1790931125
2026-10-02T08:52:31+00:00,2026-10-02T08:53:45.116435+00:00,be7e7068-b85f-42c1-8ea1-e1d64e531323,be7e7068-b85f-42c1-8ea1-e1d64e531323,9,4,0,6,0,1,1,1,1790931127
2026-10-02T08:52:31+00:00,2026-10-02T08:53:45.116435+00:00,2071724371800490690,2071724371800490690,8,0,0,12,0,1,1,1,1790931128
2026-10-02T08:52:31+00:00,2026-10-02T08:53:45.116435+00:00,b5894555-30a3-46db-918a-fdeb083d6001,336,14,4,1,0,0,1,1,1,1790931128
2026-10-02T08:52:31+00:00,2026-10-02T08:53:45.116435+00:00,2158217922577811100,2158217922577811100,6,1,0,13,0,1,1,1,1790931123
2026-10-02T08:52:31+00:00,2026-10-02T08:53:45.116435+00:00,f834923d-0de8-11e7-991c-3863bb43a7d0,65,0,0,0,19,0,1,1,1,1790931128
2026-10-02T08:52:31+00:00,2026-10-02T08:53:45.116435+00:00,c935cfb1-ef73-402e-9b86-83aaaac6534d,478,10,0,0,9,0,1,1,1,1790931128
2026-10-02T08:52:31+00:00,2026-10-02T08:53:45.116435+00:00,ee18dbd6-05b8-4d38-a120-f84c3499a77e,519,0,0,0,11,0,1,1,1,1790931118
2026-10-02T08:52:31+00:00,2026-10-02T08:53:45.116435+00:00,25cc602a-152a-4abe-9df8-a131d0a5d94b,235,12,5,0,3,0,1,1,1,1790931118
2026-10-02T08:52:31+00:00,2026-10-02T08:53:45.116435+00:00,af066ffd-b892-434f-8532-1982fc408780,480,2,0,1,8,0,1,1,1,1790931118
2026-10-02T08:52:31+00:00,2026-10-02T08:53:45.116435+00:00,f834a32d-0de8-11e7-991c-3863bb43a7d0,86,24,0,1,0,0,1,1,1,1790931119
2026-10-02T08:52:31+00:00,2026-10-02T08:53:45.116435+00:00,2115804056935012722,2115804056935012722,8,0,0,11,0,1,1,1,1790931119
2026-10-02T08:52:31+00:00,2026-10-02T08:53:45.116435+00:00,2080157934789007958,2080157934789007958,18,3,0,1,0,1,1,1,1790931119
2026-10-02T08:52:31+00:00,2026-10-02T08:53:45.116435+00:00,f8348021-0de8-11e7-991c-3863bb43a7d0,39,15,1,0,12,0,1,1,1,1790931121
2026-10-02T08:52:31+00:00,2026-10-02T08:53:45.116435+00:00,f834fb66-0de8-11e7-991c-3863bb43a7d0,139,19,0,0,0,0,1,1,1,1790931122
2026-10-02T08:52:31+00:00,2026-10-02T08:53:45.116435+00:00,a51b429f-bf06-425a-b3fe-b3155aa6468c,a51b429f-bf06-425a-b3fe-b3155aa6468c,4,1,0,7,0,1,1,1,1790931120
2026-10-02T08:52:31+00:00,2026-10-02T08:53:45.116435+00:00,f835141c-0de8-11e7-991c-3863bb43a7d0,178,18,0,0,1,0,1,1,1,1790931121
2026-10-02T08:52:31+00:00,2026-10-02T08:53:45.116435+00:00,f8348781-0de8-11e7-991c-3863bb43a7d0,53,11,0,1,7,0,1,1,1,1790931118
2026-10-02T08:52:31+00:00,2026-10-02T08:53:45.116435+00:00,2256120653476329202,2256120653476329202,8,1,0,7,0,1,1,1,1790931135
2026-10-02T08:52:31+00:00,2026-10-02T08:53:45.116435+00:00,f8350c56-0de8-11e7-991c-3863bb43a7d0,161,14,4,0,9,0,1,1,1,1790931137
2026-10-02T08:52:31+00:00,2026-10-02T08:53:45.116435+00:00,8f51f8f1-ecb8-4cd3-8529-296a03140c51,8f51f8f1-ecb8-4cd3-8529-296a03140c51,9,3,0,10,0,1,1,1,1790931137
2026-10-02T08:52:31+00:00,2026-10-02T08:53:45.116435+00:00,2126939746529359956,2126939746529359956,7,3,0,12,0,1,1,1,1790931136
2026-10-02T08:52:31+00:00,2026-10-02T08:53:45.116435+00:00,f8350be5-0de8-11e7-991c-3863bb43a7d0,160,1,0,0,13,0,1,1,1,1790931138
2026-10-02T08:52:31+00:00,2026-10-02T08:53:45.116435+00:00,d81e16e2-a410-4a0b-b5ae-b72748fc9781,d81e16e2-a410-4a0b-b5ae-b72748fc9781,9,1,0,10,0,1,1,1,1790931139
2026-10-02T08:52:31+00:00,2026-10-02T08:53:45.116435+00:00,12141b77-6e5f-444b-bace-2abf16db4fee,12141b77-6e5f-444b-bace-2abf16db4fee,0,0,7,4,0,1,0,0,1790828072
2026-10-02T08:52:31+00:00,2026-10-02T08:53:45.116435+00:00,186accbb-6a08-4e1d-b267-9033c4443a56,401,15,0,0,0,0,1,1,1,1790931020
2026-10-02T08:52:31+00:00,2026-10-02T08:53:45.116435+00:00,6e340d8e-45db-4fd9-b6eb-b74ec73b0d3e,535,7,1,0,8,0,1,1,1,1790931020
2026-10-02T08:52:31+00:00,2026-10-02T08:53:45.116435+00:00,f8350a84-0de8-11e7-991c-3863bb43a7d0,157,1,1,0,14,0,1,1,1,1790931019
2026-10-02T08:52:31+00:00,2026-10-02T08:53:45.116435+00:00,228b8017-e4da-4722-9223-b8279a14b8ad,448,5,5,0,5,0,1,1,1,1790931019
2026-10-02T08:52:31+00:00,2026-10-02T08:53:45.116435+00:00,2109111257926871498,2109111257926871498,19,9,0,0,0,1,1,1,1790931024
2026-10-02T08:52:31+00:00,2026-10-02T08:53:45.116435+00:00,f83512c9-0de8-11e7-991c-3863bb43a7d0,175,0,0,16,1,0,1,0,0,1790925198
2026-10-02T08:52:31+00:00,2026-10-02T08:53:45.116435+00:00,2096125468116637776,2096125468116637776,6,0,1,8,0,1,1,1,1790931024
2026-10-02T08:52:31+00:00,2026-10-02T08:53:45.116435+00:00,c5017e67-cada-4549-a52e-0f13dddd289d,424,15,2,0,4,0,1,1,1,1790931028
2026-10-02T08:52:31+00:00,2026-10-02T08:53:45.116435+00:00,0b0467c1-0c90-4529-a556-fe4d57835bbb,435,13,10,0,1,1,1,1,1,1790931032
2026-10-02T08:52:31+00:00,2026-10-02T08:53:45.116435+00:00,00802fe6-4268-4dc8-8f55-0dbbc1665ce6,515,6,0,0,13,0,1,1,1,1790931032
2026-10-02T08:52:31+00:00,2026-10-02T08:53:45.116435+00:00,1942556871369959976,1942556871369959976,8,0,0,11,0,1,1,1,1790931030
2026-10-02T08:52:31+00:00,2026-10-02T08:53:45.116435+00:00,a3bf0bfe-198b-4160-a2fb-cc7d10cfb4cf,a3bf0bfe-198b-4160-a2fb-cc7d10cfb4cf,16,4,1,2,0,1,1,1,1790931031
2026-10-02T08:52:31+00:00,2026-10-02T08:53:45.116435+00:00,13d4171b-6d93-490e-923f-f2a17d5c7613,13d4171b-6d93-490e-923f-f2a17d5c7613,8,4,3,0,0,1,1,1,1790931031
2026-10-02T08:52:31+00:00,2026-10-02T08:53:45.116435+00:00,f83515d8-0de8-11e7-991c-3863bb43a7d0,182,3,0,0,16,0,1,1,1,1790931038
2026-10-02T08:52:31+00:00,2026-10-02T08:53:45.116435+00:00,2071630998981871920,2071630998981871920,10,0,0,10,0,1,1,1,1790931038
2026-10-02T08:52:31+00:00,2026-10-02T08:53:45.116435+00:00,93381e13-cd04-4e10-ac81-9f5926aa01d5,333,24,6,1,0,0,1,1,1,1790931034
2026-10-02T08:52:31+00:00,2026-10-02T08:53:45.116435+00:00,fe6a64e7-c712-404c-85ae-ee77a37245b1,355,14,0,0,3,0,1,1,1,1790931036
2026-10-02T08:52:31+00:00,2026-10-02T08:53:45.116435+00:00,f834ec42-0de8-11e7-991c-3863bb43a7d0,131,16,0,1,1,0,1,1,1,1790931036
2026-10-02T08:52:31+00:00,2026-10-02T08:53:45.116435+00:00,7df1ee28-441e-44c1-8507-8f58946be96b,239,15,3,0,0,0,1,1,1,1790931040
2026-10-02T08:52:31+00:00,2026-10-02T08:53:45.116435+00:00,c1789d39-705f-4c03-9c14-4d6a3a4f4400,561,0,0,0,19,0,1,1,1,1790931040
2026-10-02T08:52:31+00:00,2026-10-02T08:53:45.116435+00:00,f834caf2-0de8-11e7-991c-3863bb43a7d0,114,12,1,1,2,0,1,1,1,1790931042
2026-10-02T08:52:31+00:00,2026-10-02T08:53:45.116435+00:00,f8285d4f-5053-4e26-bb28-72016fe11353,405,15,1,1,3,0,1,1,1,1790931041
2026-10-02T08:52:31+00:00,2026-10-02T08:53:45.116435+00:00,7c860828-3359-4229-b59b-963f5a4bab00,236,4,2,2,6,0,1,1,1,1790931046
2026-10-02T08:52:31+00:00,2026-10-02T08:53:45.116435+00:00,2098360140389493528,2098360140389493528,5,4,3,3,0,1,1,1,1790931045
2026-10-02T08:52:31+00:00,2026-10-02T08:53:45.116435+00:00,2104f242-2dde-4ec0-8197-4454b1021ac1,381,21,1,1,1,1,1,1,1,1790931044
2026-10-02T08:52:31+00:00,2026-10-02T08:53:45.116435+00:00,f8348a68-0de8-11e7-991c-3863bb43a7d0,60,0,0,0,19,0,1,1,1,1790931048
2026-10-02T08:52:31+00:00,2026-10-02T08:53:45.116435+00:00,12d463d2-ce50-43bd-81b1-6be4dbdbbc1b,430,13,3,0,6,0,1,1,1,1790931044
2026-10-02T08:52:31+00:00,2026-10-02T08:53:45.116435+00:00,2002579415401984808,2002579415401984808,7,2,0,4,0,1,1,1,1790931044
2026-10-02T08:52:31+00:00,2026-10-02T08:53:45.116435+00:00,9e9be067-c6bb-41de-9491-eda69d24d6de,371,18,13,0,0,1,1,1,1,1790931052
2026-10-02T08:52:31+00:00,2026-10-02T08:53:45.116435+00:00,a75d3da1-ce74-447f-8e80-52506a81aff3,a75d3da1-ce74-447f-8e80-52506a81aff3,4,1,0,7,0,1,1,1,1790931053
2026-10-02T08:52:31+00:00,2026-10-02T08:53:45.116435+00:00,2151136782588526782,2151136782588526782,11,2,0,0,0,1,1,1,1790931050
2026-10-02T08:52:31+00:00,2026-10-02T08:53:45.116435+00:00,ad2fb6f2-921f-440c-83de-08be76e35c2a,468,7,0,0,8,0,1,1,1,1790931056
2026-10-02T08:52:31+00:00,2026-10-02T08:53:45.116435+00:00,9cc65d3d-cfcc-45ff-8f75-7264556b1cf9,9cc65d3d-cfcc-45ff-8f75-7264556b1cf9,15,1,2,2,0,1,1,1,1790931057
2026-10-02T08:52:31+00:00,2026-10-02T08:53:45.116435+00:00,81676204-e42f-4d3d-991e-9c1264f36229,357,7,2,0,8,0,1,1,1,1790931058
2026-10-02T08:52:31+00:00,2026-10-02T08:53:45.116435+00:00,1989983491501558234,1989983491501558234,5,2,0,6,0,1,1,1,1790931064
2026-10-02T08:52:31+00:00,2026-10-02T08:53:45.116435+00:00,f8351eb0-0de8-11e7-991c-3863bb43a7d0,190,23,0,0,13,0,1,1,1,1790931061
2026-10-02T08:52:31+00:00,2026-10-02T08:53:45.116435+00:00,9340e113-e0b2-48ac-b58a-8b6f001b0a94,486,8,5,1,2,0,1,1,1,1790931065
2026-10-02T08:52:31+00:00,2026-10-02T08:53:45.116435+00:00,eee3aab6-bd98-4d1f-8887-9c4e2adce482,eee3aab6-bd98-4d1f-8887-9c4e2adce482,6,4,0,5,0,1,1,1,1790931066
2026-10-02T08:52:31+00:00,2026-10-02T08:53:45.116435+00:00,8347c34d-68df-404b-ac58-7a387cc3ce4b,414,10,2,0,13,0,1,1,1,1790931066
2026-10-02T08:52:31+00:00,2026-10-02T08:53:45.116435+00:00,f8351dc2-0de8-11e7-991c-3863bb43a7d0,188,15,3,0,0,0,1,1,1,1790931070
2026-10-02T08:52:31+00:00,2026-10-02T08:53:45.116435+00:00,f834ab92-0de8-11e7-991c-3863bb43a7d0,95,11,1,1,0,3,1,1,1,1790931070
2026-10-02T08:52:31+00:00,2026-10-02T08:53:45.116435+00:00,c202f2ca-ec1d-4dc5-a734-e0a342f23ba4,279,22,4,2,0,0,1,1,1,1790931071
2026-10-02T08:52:31+00:00,2026-10-02T08:53:45.116435+00:00,2002248857751890568,2002248857751890568,9,5,0,2,0,1,1,1,1790931072
2026-10-02T08:52:31+00:00,2026-10-02T08:53:45.116435+00:00,403c0f6c-d01a-4171-a7be-3aa4dbb0d7d1,407,8,3,1,9,0,1,1,1,1790931067
2026-10-02T08:52:31+00:00,2026-10-02T08:53:45.116435+00:00,ed6c012e-6d6c-41e7-8e01-90749fd67575,546,9,7,0,6,1,1,1,1,1790931115
2026-10-02T08:52:31+00:00,2026-10-02T08:53:45.116435+00:00,f834fc57-0de8-11e7-991c-3863bb43a7d0,140,9,2,0,8,0,1,1,1,1790931115
2026-10-02T08:52:31+00:00,2026-10-02T08:53:45.116435+00:00,f714390d-6874-43fa-a079-a07f83c79c7b,f714390d-6874-43fa-a079-a07f83c79c7b,3,1,0,8,0,1,1,1,1790931115
2026-10-02T08:52:31+00:00,2026-10-02T08:53:45.116435+00:00,f834ba08-0de8-11e7-991c-3863bb43a7d0,108,7,0,0,9,0,1,1,1,1790931113
2026-10-02T08:52:31+00:00,2026-10-02T08:53:45.116435+00:00,5f8ced09-665c-41e5-b67e-1e58fac21830,521,9,1,0,2,0,1,1,1,1790931119
2026-10-02T08:52:31+00:00,2026-10-02T08:53:45.116435+00:00,74cb9bf6-bb53-4c70-88d2-67998b99628c,296,22,10,1,0,0,1,1,1,1790931120
2026-10-02T08:52:31+00:00,2026-10-02T08:53:45.116435+00:00,52485851-e554-49de-ab9f-f536806d2d34,52485851-e554-49de-ab9f-f536806d2d34,3,0,0,8,0,1,1,1,1790931121
2026-10-02T08:52:31+00:00,2026-10-02T08:53:45.116435+00:00,2267959380696438832,2267959380696438832,7,0,0,4,0,1,1,1,1790931121
2026-10-02T08:52:31+00:00,2026-10-02T08:53:45.116435+00:00,1676a6f7-c417-48d2-92e8-5ce21995efc3,374,0,0,0,18,0,1,1,1,1790931122
2026-10-02T08:52:31+00:00,2026-10-02T08:53:45.116435+00:00,e2c306f6-82c7-4d0d-89fd-c9452d2f9ad1,361,18,0,4,21,0,1,1,1,1790931121
2026-10-02T08:52:31+00:00,2026-10-02T08:53:45.116435+00:00,f834a7d1-0de8-11e7-991c-3863bb43a7d0,91,5,0,2,12,0,1,1,1,1790931122
2026-10-02T08:52:31+00:00,2026-10-02T08:53:45.116435+00:00,2212258635631104970,2212258635631104970,7,0,0,16,0,1,1,1,1790931122
2026-10-02T08:52:31+00:00,2026-10-02T08:53:45.116435+00:00,7feae3ce-ddf2-4a45-a123-1209c8a9182b,484,7,2,0,4,0,1,1,1,1790931122
2026-10-02T08:52:31+00:00,2026-10-02T08:53:45.116435+00:00,f835260c-0de8-11e7-991c-3863bb43a7d0,206,0,0,1,39,0,1,1,1,1790931091
2026-10-02T08:52:31+00:00,2026-10-02T08:53:45.116435+00:00,2129865213174084448,2129865213174084448,10,0,0,9,0,1,1,1,1790931118
2026-10-02T08:52:31+00:00,2026-10-02T08:53:45.116435+00:00,f8352378-0de8-11e7-991c-3863bb43a7d0,200,10,0,0,9,0,1,1,1,1790931119
2026-10-02T08:52:31+00:00,2026-10-02T08:53:45.116435+00:00,2d32e355-faee-407b-9bb7-45d80ffb059a,2d32e355-faee-407b-9bb7-45d80ffb059a,0,0,0,19,0,1,1,1,1790931117
2026-10-02T08:52:31+00:00,2026-10-02T08:53:45.116435+00:00,fe534b6f-61ad-47d3-b9f6-cdaa128f53a4,395,3,0,0,12,0,1,1,1,1790931121
2026-10-02T08:52:31+00:00,2026-10-02T08:53:45.116435+00:00,f83520d8-0de8-11e7-991c-3863bb43a7d0,195,12,0,0,11,0,1,1,1,1790931076
2026-10-02T08:52:31+00:00,2026-10-02T08:53:45.116435+00:00,f8346f6f-0de8-11e7-991c-3863bb43a7d0,19,11,0,0,3,0,1,1,1,1790931077
2026-10-02T08:52:31+00:00,2026-10-02T08:53:45.116435+00:00,f834dedf-0de8-11e7-991c-3863bb43a7d0,124,6,3,0,8,0,1,1,1,1790931075
2026-10-02T08:52:31+00:00,2026-10-02T08:53:45.116435+00:00,f8352068-0de8-11e7-991c-3863bb43a7d0,194,16,5,0,3,0,1,1,1,1790931069
2026-10-02T08:52:31+00:00,2026-10-02T08:53:45.116435+00:00,aa556ad4-0092-4687-96c2-8dbc69addb56,485,5,4,0,6,0,1,1,1,1790931093
2026-10-02T08:52:31+00:00,2026-10-02T08:53:45.116435+00:00,f8351490-0de8-11e7-991c-3863bb43a7d0,179,50,0,1,1,0,1,1,1,1790931091
2026-10-02T08:52:31+00:00,2026-10-02T08:53:45.116435+00:00,2076849845777355316,2076849845777355316,23,0,2,5,2,1,1,1,1790931091
2026-10-02T08:52:31+00:00,2026-10-02T08:53:45.116435+00:00,f834a3a0-0de8-11e7-991c-3863bb43a7d0,87,15,0,0,0,0,1,1,1,1790931090
2026-10-02T08:52:31+00:00,2026-10-02T08:53:45.116435+00:00,f8349e56-0de8-11e7-991c-3863bb43a7d0,81,1,0,0,18,0,1,1,1,1790931123
2026-10-02T08:52:31+00:00,2026-10-02T08:53:45.116435+00:00,2249419943962214726,2249419943962214726,2,0,1,16,0,1,1,1,1790931123
2026-10-02T08:52:31+00:00,2026-10-02T08:53:45.116435+00:00,5bbdd12f-fec4-4741-9d5d-4a60834c5d02,377,18,1,0,1,0,1,1,1,1790931124
2026-10-02T08:52:31+00:00,2026-10-02T08:53:45.116435+00:00,f8351726-0de8-11e7-991c-3863bb43a7d0,185,3,2,1,11,0,1,1,1,1790931126
2026-10-02T08:52:31+00:00,2026-10-02T08:53:45.116435+00:00,2212663228188806942,2212663228188806942,6,2,0,18,0,1,1,1,1790931127
2026-10-02T08:52:31+00:00,2026-10-02T08:53:45.116435+00:00,f834b99d-0de8-11e7-991c-3863bb43a7d0,107,0,0,0,17,0,1,1,1,1790931126
2026-10-02T08:52:31+00:00,2026-10-02T08:53:45.116435+00:00,9f582e05-15e0-4a39-aef5-c719e0c78e26,466,2,1,2,7,0,1,1,1,1790931125
2026-10-02T08:52:31+00:00,2026-10-02T08:53:45.116435+00:00,1976642295079838524,1976642295079838524,6,0,0,5,0,1,1,1,1790931124
2026-10-02T08:52:31+00:00,2026-10-02T08:53:45.116435+00:00,2123672938202825324,2123672938202825324,5,0,0,10,0,1,1,1,1790931127
2026-10-02T08:52:31+00:00,2026-10-02T08:53:45.116435+00:00,f83471a1-0de8-11e7-991c-3863bb43a7d0,23,1,0,0,23,1,1,1,1,1790931127
2026-10-02T08:52:31+00:00,2026-10-02T08:53:45.116435+00:00,2035660824473983142,2035660824473983142,15,1,0,4,0,1,1,1,1790931127
2026-10-02T08:52:31+00:00,2026-10-02T08:53:45.116435+00:00,f834ea45-0de8-11e7-991c-3863bb43a7d0,130,10,3,0,5,0,1,1,1,1790931127
2026-10-02T08:52:31+00:00,2026-10-02T08:53:45.116435+00:00,81bfc33b-30d8-4881-b261-712715a8b2bc,363,16,3,0,2,0,1,1,1,1790931127
2026-10-02T08:52:31+00:00,2026-10-02T08:53:45.116435+00:00,2225590560002383786,2225590560002383786,1,0,0,14,0,1,1,1,1790931073
2026-10-02T08:52:31+00:00,2026-10-02T08:53:45.116435+00:00,2038981933682610536,2038981933682610536,7,0,0,8,1,1,1,1,1790931056
2026-10-02T08:52:31+00:00,2026-10-02T08:53:45.116435+00:00,2254164250455119196,2254164250455119196,8,4,0,7,0,1,1,1,1790931080
2026-10-02T08:52:31+00:00,2026-10-02T08:53:45.116435+00:00,2220822464984366036,2220822464984366036,10,7,0,1,1,1,1,1,1790931082
2026-10-02T08:52:31+00:00,2026-10-02T08:53:45.116435+00:00,4fe8e777-345b-4fc2-a684-dd874e8186d8,4fe8e777-345b-4fc2-a684-dd874e8186d8,7,7,0,7,0,1,1,1,1790931079
2026-10-02T08:52:31+00:00,2026-10-02T08:53:45.116435+00:00,9c8366d8-3b58-4894-b281-09e22f6fe5f7,464,1,0,0,10,0,1,1,1,1790931080
2026-10-02T08:52:31+00:00,2026-10-02T08:53:45.116435+00:00,bd1755dc-f26c-420e-85b3-fd025d0b5445,554,3,2,1,11,0,1,1,1,1790931081
2026-10-02T08:52:31+00:00,2026-10-02T08:53:45.116435+00:00,bd3d4824-7203-4edc-a314-cea2b413e886,319,7,1,0,19,1,1,1,1,1790931077
2026-10-02T08:52:31+00:00,2026-10-02T08:53:45.116435+00:00,f83481c5-0de8-11e7-991c-3863bb43a7d0,42,4,0,2,25,0,1,1,1,1790931105
2026-10-02T08:52:31+00:00,2026-10-02T08:53:45.116435+00:00,f835108b-0de8-11e7-991c-3863bb43a7d0,170,2,1,0,12,0,1,1,1,1790931108
2026-10-02T08:52:31+00:00,2026-10-02T08:53:45.116435+00:00,f834f8ca-0de8-11e7-991c-3863bb43a7d0,137,17,8,0,2,0,1,1,1,1790931108
2026-10-02T08:52:31+00:00,2026-10-02T08:53:45.116435+00:00,d1c0b0c2-6e4c-424e-a946-a2a95a711633,422,3,1,0,12,0,1,1,1,1790931108
2026-10-02T08:52:31+00:00,2026-10-02T08:53:45.116435+00:00,2040842277416872172,2040842277416872172,5,0,0,11,0,1,1,1,1790931107
2026-10-02T08:52:31+00:00,2026-10-02T08:53:45.116435+00:00,f0f01d4c-ba4a-4ab2-9cc0-9fa1f9223300,394,10,6,0,4,0,1,1,1,1790931107
2026-10-02T08:52:31+00:00,2026-10-02T08:53:45.116435+00:00,e32c0bb9-e85b-4764-b0fb-5c582cfd3a90,340,9,5,0,8,2,1,1,1,1790931107
2026-10-02T08:52:31+00:00,2026-10-02T08:53:45.116435+00:00,a83f982f-a4f1-43e4-98e8-c8f4a0bb7290,452,14,0,1,0,0,1,1,1,1790931110
2026-10-02T08:52:31+00:00,2026-10-02T08:53:45.116435+00:00,f834fede-0de8-11e7-991c-3863bb43a7d0,144,1,0,0,18,0,1,1,1,1790931110
2026-10-02T08:52:31+00:00,2026-10-02T08:53:45.116435+00:00,53548ba4-ad0a-4d92-8e57-fd5c9f3ad102,399,2,0,1,12,0,1,1,1,1790931107
2026-10-02T08:52:31+00:00,2026-10-02T08:53:45.116435+00:00,065e0e5d-8a0d-49b7-9c1f-c8eaba51a8b4,490,10,2,1,7,0,1,1,1,1790931106
2026-10-02T08:52:31+00:00,2026-10-02T08:53:45.116435+00:00,f83480a9-0de8-11e7-991c-3863bb43a7d0,40,23,0,1,7,0,1,1,1,1790931109
2026-10-02T08:52:31+00:00,2026-10-02T08:53:45.116435+00:00,1921360868231155718,1921360868231155718,3,0,0,16,0,1,1,1,1790931074
2026-10-02T08:52:31+00:00,2026-10-02T08:53:45.116435+00:00,f8350204-0de8-11e7-991c-3863bb43a7d0,151,1,0,0,18,0,1,1,1,1790931085
2026-10-02T08:52:31+00:00,2026-10-02T08:53:45.116435+00:00,2118368356250680236,2118368356250680236,5,0,0,11,0,1,1,1,1790931084
2026-10-02T08:52:31+00:00,2026-10-02T08:53:45.116435+00:00,be18593a-9e4c-4a13-8bb2-a5bac3d9b2b3,547,8,1,0,10,0,1,1,1,1790931098
2026-10-02T08:52:31+00:00,2026-10-02T08:53:45.116435+00:00,42886366-9cbf-432c-ba84-beef38877c87,408,15,1,0,0,0,1,1,1,1790931096
2026-10-02T08:52:31+00:00,2026-10-02T08:53:45.116435+00:00,2131760674371160748,2131760674371160748,3,0,1,16,0,1,1,1,1790931097
2026-10-02T08:52:31+00:00,2026-10-02T08:53:45.116435+00:00,f83483f3-0de8-11e7-991c-3863bb43a7d0,46,15,0,0,24,0,1,1,1,1790931097
2026-10-02T08:52:31+00:00,2026-10-02T08:53:45.116435+00:00,f8347b1e-0de8-11e7-991c-3863bb43a7d0,30,8,0,1,6,0,1,1,1,1790931094
2026-10-02T08:52:31+00:00,2026-10-02T08:53:45.116435+00:00,2007420398783036020,2007420398783036020,11,0,0,9,0,1,1,1,1790931104
2026-10-02T08:52:31+00:00,2026-10-02T08:53:45.116435+00:00,f834658f-0de8-11e7-991c-3863bb43a7d0,4,14,0,1,4,0,1,1,1,1790931132
2026-10-02T08:52:31+00:00,2026-10-02T08:53:45.116435+00:00,f834a838-0de8-11e7-991c-3863bb43a7d0,92,7,0,2,9,0,1,1,1,1790931130
2026-10-02T08:52:31+00:00,2026-10-02T08:53:45.116435+00:00,2130224177726511580,2130224177726511580,6,4,0,9,0,1,1,1,1790931130
2026-10-02T08:52:31+00:00,2026-10-02T08:53:45.116435+00:00,c23a4c0d-7e43-4042-80e2-7c894d07763b,559,6,2,0,5,0,1,1,1,1790931130
2026-10-02T08:52:31+00:00,2026-10-02T08:53:45.116435+00:00,f8352ac4-0de8-11e7-991c-3863bb43a7d0,213,1,0,0,13,0,1,1,1,1790931130
2026-10-02T08:52:31+00:00,2026-10-02T08:53:45.116435+00:00,4c128753-6fde-4d4c-896e-a1adf89ada98,4c128753-6fde-4d4c-896e-a1adf89ada98,2,0,1,21,1,1,1,1,1790931128
2026-10-02T08:52:31+00:00,2026-10-02T08:53:45.116435+00:00,f83529e2-0de8-11e7-991c-3863bb43a7d0,211,9,1,0,6,0,1,1,1,1790931132
2026-10-02T08:52:31+00:00,2026-10-02T08:53:45.116435+00:00,1978882443666915710,1978882443666915710,8,0,0,9,1,1,1,1,1790931132
2026-10-02T08:52:31+00:00,2026-10-02T08:53:45.116435+00:00,f83489ff-0de8-11e7-991c-3863bb43a7d0,59,5,0,0,13,1,1,1,1,1790931136
2026-10-02T08:52:31+00:00,2026-10-02T08:53:45.116435+00:00,0daf7408-7a15-4d2b-8c39-f1a097cdbe85,403,14,3,1,0,0,1,1,1,1790931137
2026-10-02T08:52:31+00:00,2026-10-02T08:53:45.116435+00:00,1a39ab83-f029-4134-aad4-35380b30bf2c,1a39ab83-f029-4134-aad4-35380b30bf2c,8,0,0,11,0,1,1,1,1790931138
2026-10-02T08:52:31+00:00,2026-10-02T08:53:45.116435+00:00,ca76adb6-4c84-4484-9ec3-b411b81ddbef,ca76adb6-4c84-4484-9ec3-b411b81ddbef,13,0,0,6,0,1,1,1,1790931133
2026-10-02T08:52:31+00:00,2026-10-02T08:53:45.116435+00:00,f8349ed6-0de8-11e7-991c-3863bb43a7d0,82,23,12,2,0,0,1,1,1,1790931134
2026-10-02T08:52:31+00:00,2026-10-02T08:53:45.116435+00:00,eb8824c3-9c84-4fec-8d6f-d537c8ab3beb,349,11,7,0,5,1,1,1,1,1790931134
2026-10-02T08:52:31+00:00,2026-10-02T08:53:45.116435+00:00,2093488029445054742,2093488029445054742,5,0,0,22,1,1,1,1,1790931134
2026-10-02T08:52:31+00:00,2026-10-02T08:53:45.116435+00:00,47c44bb1-d065-41f5-ad79-c18aee60af34,342,9,0,1,2,0,1,1,1,1790931138
2026-10-02T08:52:31+00:00,2026-10-02T08:53:45.116435+00:00,4f25f6ef-236b-43b4-8a92-68a24db0504b,4f25f6ef-236b-43b4-8a92-68a24db0504b,8,4,0,6,0,1,1,1,1790931138
2026-10-02T08:52:31+00:00,2026-10-02T08:53:45.116435+00:00,f834dc46-0de8-11e7-991c-3863bb43a7d0,122,1,0,0,14,0,1,1,1,1790931134
2026-10-02T08:52:31+00:00,2026-10-02T08:53:45.116435+00:00,f834824e-0de8-11e7-991c-3863bb43a7d0,43,0,0,0,15,0,1,1,1,1790931135
2026-10-02T08:52:31+00:00,2026-10-02T08:53:45.116435+00:00,2245672241002318634,2245672241002318634,8,0,1,9,0,1,1,1,1790931140
2026-10-02T08:52:31+00:00,2026-10-02T08:53:45.116435+00:00,2014558273483754010,2014558273483754010,12,0,0,7,0,1,1,1,1790931139
2026-10-02T08:52:31+00:00,2026-10-02T08:53:45.116435+00:00,1df03e33-c105-4e53-b013-d20056cd57f8,1df03e33-c105-4e53-b013-d20056cd57f8,0,0,0,0,0,0,0,0,86400
2026-10-02T08:52:31+00:00,2026-10-02T08:53:45.116435+00:00,f83517fa-0de8-11e7-991c-3863bb43a7d0,187,14,2,0,1,0,1,1,1,1790930483
2026-10-02T08:52:31+00:00,2026-10-02T08:53:45.116435+00:00,b34694c2-c640-4f70-b196-1c357ab798e0,b34694c2-c640-4f70-b196-1c357ab798e0,9,0,0,6,0,1,1,1,1790931022
2026-10-02T08:52:31+00:00,2026-10-02T08:53:45.116435+00:00,380de8b2-2728-4e4b-83f1-251bfbb5acf2,487,11,4,1,7,0,1,1,1,1790931023
2026-10-02T08:52:31+00:00,2026-10-02T08:53:45.116435+00:00,f834c7a9-0de8-11e7-991c-3863bb43a7d0,112,11,3,1,3,0,1,1,1,1790931021
2026-10-02T08:52:31+00:00,2026-10-02T08:53:45.116435+00:00,9bfa4a32-5598-46ea-a1a1-17b4c6ed9d84,431,12,2,0,3,0,1,1,1,1790931024
2026-10-02T08:52:31+00:00,2026-10-02T08:53:45.116435+00:00,f83492b4-0de8-11e7-991c-3863bb43a7d0,66,15,3,0,0,0,1,1,1,1790931024
2026-10-02T08:52:31+00:00,2026-10-02T08:53:45.116435+00:00,8a404180-7c2e-4dbe-9489-c478ed959282,8a404180-7c2e-4dbe-9489-c478ed959282,4,0,2,13,0,1,1,1,1790931033
2026-10-02T08:52:31+00:00,2026-10-02T08:53:45.116435+00:00,f834cfd8-0de8-11e7-991c-3863bb43a7d0,117,2,1,4,9,2,1,1,1,1790931030
2026-10-02T08:52:31+00:00,2026-10-02T08:53:45.116435+00:00,f834b8b3-0de8-11e7-991c-3863bb43a7d0,105,18,1,0,0,0,1,1,1,1790931032
2026-10-02T08:52:31+00:00,2026-10-02T08:53:45.116435+00:00,25a9114f-66f0-427c-920f-5526ca84f056,346,11,1,0,4,0,1,1,1,1790931029
2026-10-02T08:52:31+00:00,2026-10-02T08:53:45.116435+00:00,f8352219-0de8-11e7-991c-3863bb43a7d0,197,11,7,1,3,0,1,1,1,1790931034
2026-10-02T08:52:31+00:00,2026-10-02T08:53:45.116435+00:00,f834f6a3-0de8-11e7-991c-3863bb43a7d0,135,0,0,0,17,0,1,1,1,1790931038
2026-10-02T08:52:31+00:00,2026-10-02T08:53:45.116435+00:00,0208190e-851c-417d-8bc7-1b218db97fbf,0208190e-851c-417d-8bc7-1b218db97fbf,0,0,1,22,0,1,1,1,1790931039
2026-10-02T08:52:31+00:00,2026-10-02T08:53:45.116435+00:00,1994054629753598708,1994054629753598708,11,1,0,3,0,1,1,1,1790931037
2026-10-02T08:52:31+00:00,2026-10-02T08:53:45.116435+00:00,2043911250700610106,2043911250700610106,0,0,2,13,0,1,1,1,1790931037
2026-10-02T08:52:31+00:00,2026-10-02T08:53:45.116435+00:00,2118728866631796788,2118728866631796788,7,5,0,8,0,1,1,1,1790931036
2026-10-02T08:52:31+00:00,2026-10-02T08:53:45.116435+00:00,df03c61a-29d7-445d-9980-d7f058916591,345,0,0,1,18,0,1,1,1,1790931045
2026-10-02T08:52:31+00:00,2026-10-02T08:53:45.116435+00:00,1e1b40cd-8e00-4b74-b147-be6b23f5c9e7,385,4,1,0,11,0,1,1,1,1790931046
2026-10-02T08:52:31+00:00,2026-10-02T08:53:45.116435+00:00,2227858849424910006,2227858849424910006,8,4,0,0,0,1,1,1,1790931046
2026-10-02T08:52:31+00:00,2026-10-02T08:53:45.116435+00:00,f83513a7-0de8-11e7-991c-3863bb43a7d0,177,0,0,0,19,0,1,1,1,1790931043
2026-10-02T08:52:31+00:00,2026-10-02T08:53:45.116435+00:00,f834708e-0de8-11e7-991c-3863bb43a7d0,21,5,1,2,11,0,1,1,1,1790931048
2026-10-02T08:52:31+00:00,2026-10-02T08:53:45.116435+00:00,888780ee-bf2f-474e-9622-6bc725aa1b00,888780ee-bf2f-474e-9622-6bc725aa1b00,1,1,0,10,0,1,1,1,1790931050
2026-10-02T08:52:31+00:00,2026-10-02T08:53:45.116435+00:00,1cced911-b428-4cfd-81be-3a8f77ce7379,233,15,0,0,0,0,1,1,1,1790931049
2026-10-02T08:52:31+00:00,2026-10-02T08:53:45.116435+00:00,8b97606e-a849-4db8-ae9b-4009fe48d90b,556,10,2,0,9,0,1,1,1,1790931051
2026-10-02T08:52:31+00:00,2026-10-02T08:53:45.116435+00:00,f8349440-0de8-11e7-991c-3863bb43a7d0,68,0,0,1,18,0,1,1,1,1790931054
2026-10-02T08:52:31+00:00,2026-10-02T08:53:45.116435+00:00,1986302395589722758,1986302395589722758,7,2,0,3,0,1,1,1,1790931055
2026-10-02T08:52:31+00:00,2026-10-02T08:53:45.116435+00:00,fe90d430-d33f-48b2-a5cd-bc161b220939,553,13,0,0,10,0,1,1,1,1790931063
2026-10-02T08:52:31+00:00,2026-10-02T08:53:45.116435+00:00,1965873511294959658,1965873511294959658,8,1,0,15,0,1,1,1,1790931063
2026-10-02T08:52:31+00:00,2026-10-02T08:53:45.116435+00:00,51bb4381-dae4-4aeb-b213-0614b807be29,344,13,10,0,6,0,1,1,1,1790931067
2026-10-02T08:52:31+00:00,2026-10-02T08:53:45.116435+00:00,f8349b20-0de8-11e7-991c-3863bb43a7d0,76,0,0,0,16,0,1,1,1,1790931071
2026-10-02T08:52:31+00:00,2026-10-02T08:53:45.116435+00:00,f83497b9-0de8-11e7-991c-3863bb43a7d0,74,2,1,3,14,0,1,1,1,1790931071
2026-10-02T08:52:31+00:00,2026-10-02T08:53:45.116435+00:00,81323081-749c-44cf-ac62-0e6c64305c32,461,4,1,0,6,0,1,1,1,1790931072
2026-10-02T08:52:31+00:00,2026-10-02T08:53:45.116435+00:00,1991922092203192944,1991922092203192944,0,0,0,19,0,1,1,1,1790931073
2026-10-02T08:52:31+00:00,2026-10-02T08:53:45.116435+00:00,f835288a-0de8-11e7-991c-3863bb43a7d0,208,13,2,0,2,0,1,1,1,1790931074
2026-10-02T08:52:31+00:00,2026-10-02T08:53:45.116435+00:00,f8352b39-0de8-11e7-991c-3863bb43a7d0,214,0,0,0,13,1,1,1,1,1790931075
2026-10-02T08:52:31+00:00,2026-10-02T08:53:45.116435+00:00,d7507124-4cab-4063-8445-a59a33a3d6e4,512,12,3,0,7,0,1,1,1,1790931085
2026-10-02T08:52:31+00:00,2026-10-02T08:53:45.116435+00:00,f834a8a0-0de8-11e7-991c-3863bb43a7d0,93,9,3,1,21,0,1,1,1,1790931082
2026-10-02T08:52:31+00:00,2026-10-02T08:53:45.116435+00:00,f9524971-e9f9-4572-aebc-580e48de042f,f9524971-e9f9-4572-aebc-580e48de042f,16,0,0,3,0,1,1,1,1790931083
2026-10-02T08:52:31+00:00,2026-10-02T08:53:45.116435+00:00,2110984374959099994,2110984374959099994,18,10,1,0,1,1,1,1,1790931059
2026-10-02T08:52:31+00:00,2026-10-02T08:53:45.116435+00:00,5b1d2661-8a93-4f14-b242-ebc52792f951,337,15,0,0,0,0,1,1,1,1790931084
2026-10-02T08:52:31+00:00,2026-10-02T08:53:45.116435+00:00,f8346ad7-0de8-11e7-991c-3863bb43a7d0,11,0,0,1,13,0,1,1,1,1790931083
2026-10-02T08:52:31+00:00,2026-10-02T08:53:45.116435+00:00,f8347c41-0de8-11e7-991c-3863bb43a7d0,32,5,0,2,7,0,1,1,1,1790931095
2026-10-02T08:52:31+00:00,2026-10-02T08:53:45.116435+00:00,fbc512a5-4b98-4821-bcfb-bb0c7ac83543,365,2,0,0,17,0,1,1,1,1790931088
2026-10-02T08:52:31+00:00,2026-10-02T08:53:45.116435+00:00,f2b83aa2-86cd-4904-a099-74bf2023f768,330,15,3,0,0,0,1,1,1,1790931096
2026-10-02T08:52:31+00:00,2026-10-02T08:53:45.116435+00:00,36f36eed-1070-49be-8b31-5676b8b3489f,227,1,0,0,18,0,1,1,1,1790931094
2026-10-02T08:52:31+00:00,2026-10-02T08:53:45.116435+00:00,d8ce5f8b-2440-45e1-ab1c-23cb3bcbde84,527,6,1,0,7,0,1,1,1,1790931093
2026-10-02T08:52:31+00:00,2026-10-02T08:53:45.116435+00:00,7560f0e3-267b-4fb3-bbfa-6e02010cfcb7,225,18,1,0,1,0,1,1,1,1790931094
2026-10-02T08:52:31+00:00,2026-10-02T08:53:45.116435+00:00,f834723b-0de8-11e7-991c-3863bb43a7d0,24,3,0,0,20,0,1,1,1,1790931111
2026-10-02T08:52:31+00:00,2026-10-02T08:53:45.116435+00:00,2141791438824588162,2141791438824588162,2,2,0,17,0,1,1,1,1790931112
2026-10-02T08:52:31+00:00,2026-10-02T08:53:45.116435+00:00,f83511d4-0de8-11e7-991c-3863bb43a7d0,173,3,0,0,10,1,1,1,1,1790931112
2026-10-02T08:52:31+00:00,2026-10-02T08:53:45.116435+00:00,940638c5-7cd0-4a11-899e-86af3868d400,532,14,3,0,4,0,1,1,1,1790931112
2026-10-02T08:52:31+00:00,2026-10-02T08:53:45.116435+00:00,48abed77-c9ba-4a39-8a5c-6a1e9bb8a9a5,48abed77-c9ba-4a39-8a5c-6a1e9bb8a9a5,10,2,0,6,0,1,1,1,1790931108
2026-10-02T08:52:31+00:00,2026-10-02T08:53:45.116435+00:00,2085737662370069102,2085737662370069102,12,6,0,6,1,1,1,1,1790931109
2026-10-02T08:52:31+00:00,2026-10-02T08:53:45.116435+00:00,f83488be-0de8-11e7-991c-3863bb43a7d0,56,13,1,0,5,0,1,1,1,1790931111
2026-10-02T08:52:31+00:00,2026-10-02T08:53:45.116435+00:00,f8350cc1-0de8-11e7-991c-3863bb43a7d0,162,4,3,0,11,0,1,1,1,1790931113
2026-10-02T08:52:31+00:00,2026-10-02T08:53:45.116435+00:00,dede6d5f-7d62-496e-a8ca-d5a64afe39c1,544,15,0,0,0,0,1,1,1,1790931114
2026-10-02T08:52:31+00:00,2026-10-02T08:53:45.116435+00:00,aa964f5b-fadf-4fc1-8c91-84ee36e15f0d,341,5,3,0,10,0,1,1,1,1790931113
2026-10-02T08:52:31+00:00,2026-10-02T08:53:45.116435+00:00,2080205593583047424,2080205593583047424,8,0,0,8,0,1,1,1,1790931117
2026-10-02T08:52:31+00:00,2026-10-02T08:53:45.116435+00:00,2040842870122359032,2040842870122359032,0,0,0,20,0,1,1,1,1790931080
2026-10-02T08:52:31+00:00,2026-10-02T08:53:45.116435+00:00,ff938129-8179-455c-9ac9-9fcb9fc0b6d5,ff938129-8179-455c-9ac9-9fcb9fc0b6d5,17,6,1,1,0,1,1,1,1790931116
2026-10-02T08:52:31+00:00,2026-10-02T08:53:45.116435+00:00,68e5e79a-3c94-4848-b619-9c0829d7f687,475,3,0,2,9,0,1,1,1,1790931118
2026-10-02T08:52:31+00:00,2026-10-02T08:53:45.116435+00:00,6aebc664-1e3c-479f-8f65-2bae99215ed3,6aebc664-1e3c-479f-8f65-2bae99215ed3,6,3,0,5,0,1,1,1,1790931118
2026-10-02T08:52:31+00:00,2026-10-02T08:53:45.116435+00:00,f8346d23-0de8-11e7-991c-3863bb43a7d0,15,11,3,1,3,0,1,1,1,1790931114
2026-10-02T08:52:31+00:00,2026-10-02T08:53:45.116435+00:00,7e1dae55-4d3d-4a41-b969-2aeca70e0e69,7e1dae55-4d3d-4a41-b969-2aeca70e0e69,2,0,0,9,0,1,1,1,1790931058
2026-10-02T08:52:31+00:00,2026-10-02T08:53:45.116435+00:00,f83491d4-0de8-11e7-991c-3863bb43a7d0,64,0,0,0,23,0,1,1,1,1790931065
2026-10-02T08:52:31+00:00,2026-10-02T08:53:45.116435+00:00,9721c80e-fc8f-474f-8918-b68c041d2836,9721c80e-fc8f-474f-8918-b68c041d2836,10,0,0,13,0,1,1,1,1790931065
2026-10-02T08:52:31+00:00,2026-10-02T08:53:45.116435+00:00,1963613484180639992,1963613484180639992,11,0,0,8,0,1,1,1,1790931068
2026-10-02T08:52:31+00:00,2026-10-02T08:53:45.116435+00:00,7f68a70d-af0e-450a-b7a8-ce621cd0c8c1,280,19,16,0,0,0,1,1,1,1790931067
2026-10-02T08:52:31+00:00,2026-10-02T08:53:45.116435+00:00,f8350ecf-0de8-11e7-991c-3863bb43a7d0,167,5,4,0,10,0,1,1,1,1790931077
2026-10-02T08:52:31+00:00,2026-10-02T08:53:45.116435+00:00,e4678b17-face-42c3-9b5f-98418d31e3b6,e4678b17-face-42c3-9b5f-98418d31e3b6,7,4,0,4,0,1,1,1,1790931078
2026-10-02T08:52:31+00:00,2026-10-02T08:53:45.116435+00:00,90330e1a-dee5-4914-9d3f-3891aeca12ca,434,14,3,0,5,0,1,1,1,1790931078
2026-10-02T08:52:31+00:00,2026-10-02T08:53:45.116435+00:00,2087949096844032050,2087949096844032050,10,1,1,4,0,1,1,1,1790931080
2026-10-02T08:52:31+00:00,2026-10-02T08:53:45.116435+00:00,23146f28-9762-4a6d-a6db-fcd4ff0e5d07,356,9,5,1,13,0,1,1,1,1790931080
2026-10-02T08:52:31+00:00,2026-10-02T08:53:45.116435+00:00,f834e534-0de8-11e7-991c-3863bb43a7d0,128,18,3,0,1,0,1,1,1,1790931079
2026-10-02T08:52:31+00:00,2026-10-02T08:53:45.116435+00:00,c5cfd1ed-aa44-4e20-96bb-e334c96f0d68,376,10,0,0,5,0,1,1,1,1790931071
2026-10-02T08:52:31+00:00,2026-10-02T08:53:45.116435+00:00,270ad97d-035d-472a-9827-76d3187afc56,402,15,3,0,0,0,1,1,1,1790931088
2026-10-02T08:52:31+00:00,2026-10-02T08:53:45.116435+00:00,8983c75a-12c1-4995-aedc-24c94bd895e3,384,2,0,1,16,0,1,1,1,1790931091
2026-10-02T08:52:31+00:00,2026-10-02T08:53:45.116435+00:00,2090635592862466836,2090635592862466836,0,0,1,29,1,1,1,1,1790931089
2026-10-02T08:52:31+00:00,2026-10-02T08:53:45.116435+00:00,ea65c25f-0718-4f79-8588-c58b9fe3a105,226,13,2,0,0,1,1,1,1,1790931089
2026-10-02T08:52:31+00:00,2026-10-02T08:53:45.116435+00:00,61168d8b-20b7-46c8-8f08-6ae1f100c4e0,550,9,2,1,7,0,1,1,1,1790931092
2026-10-02T08:52:31+00:00,2026-10-02T08:53:45.116435+00:00,f8351f1d-0de8-11e7-991c-3863bb43a7d0,191,13,3,0,2,0,1,1,1,1790931092
2026-10-02T08:52:31+00:00,2026-10-02T08:53:45.116435+00:00,57716f8d-c9ee-4768-8872-71343ec3ffd8,514,0,0,19,0,0,1,0,0,1790926160
2026-10-02T08:52:31+00:00,2026-10-02T08:53:45.116435+00:00,868ccc83-99e5-4faf-96eb-e1fae26b9741,481,11,0,0,8,0,1,1,1,1790931103
2026-10-02T08:52:31+00:00,2026-10-02T08:53:45.116435+00:00,f8347f09-0de8-11e7-991c-3863bb43a7d0,37,4,2,0,11,0,1,1,1,1790931102
2026-10-02T08:52:31+00:00,2026-10-02T08:53:45.116435+00:00,f8352534-0de8-11e7-991c-3863bb43a7d0,204,4,3,0,9,2,1,1,1,1790931101
2026-10-02T08:52:31+00:00,2026-10-02T08:53:45.116435+00:00,2069389896750516900,2069389896750516900,1,0,1,18,0,1,1,1,1790931100
2026-10-02T08:52:31+00:00,2026-10-02T08:53:45.116435+00:00,2027502297316997708,2027502297316997708,10,0,0,1,0,1,1,1,1790931105
2026-10-02T08:52:31+00:00,2026-10-02T08:53:45.116435+00:00,f834a959-0de8-11e7-991c-3863bb43a7d0,94,10,0,1,0,0,1,1,1,1790931106
2026-10-02T08:52:31+00:00,2026-10-02T08:53:45.116435+00:00,f83482d2-0de8-11e7-991c-3863bb43a7d0,44,1,0,0,30,0,1,1,1,1790931120
2026-10-02T08:52:31+00:00,2026-10-02T08:53:45.116435+00:00,cf5f920f-b61d-4db0-b139-14aff04d577c,459,14,0,1,8,0,1,1,1,1790931121
2026-10-02T08:52:31+00:00,2026-10-02T08:53:45.116435+00:00,903b9b5d-4244-43e4-8441-0d17f9a994f7,528,3,0,1,7,0,1,1,1,1790931123
2026-10-02T08:52:31+00:00,2026-10-02T08:53:45.116435+00:00,b6a8522d-296d-4c05-887d-842374520780,545,11,11,0,1,1,1,1,1,1790931121
2026-10-02T08:52:31+00:00,2026-10-02T08:53:45.116435+00:00,2259733531216984776,2259733531216984776,11,1,0,4,0,1,1,1,1790931122
2026-10-02T08:52:31+00:00,2026-10-02T08:53:45.116435+00:00,f8347e78-0de8-11e7-991c-3863bb43a7d0,36,0,0,0,31,0,1,1,1,1790931124
2026-10-02T08:52:31+00:00,2026-10-02T08:53:45.116435+00:00,2145094035874873892,2145094035874873892,4,0,1,14,0,1,1,1,1790931125
2026-10-02T08:52:31+00:00,2026-10-02T08:53:45.116435+00:00,2090158541932726550,2090158541932726550,7,0,0,8,0,1,1,1,1790931125
2026-10-02T08:52:31+00:00,2026-10-02T08:53:45.116435+00:00,d5349097-b478-4b3f-9c46-d8fbcf38e3f4,509,7,2,0,5,0,1,1,1,1790931119
2026-10-02T08:52:31+00:00,2026-10-02T08:53:45.116435+00:00,2088704000370565344,2088704000370565344,7,2,3,2,0,1,1,1,1790931121
2026-10-02T08:52:31+00:00,2026-10-02T08:53:45.116435+00:00,f8346b6f-0de8-11e7-991c-3863bb43a7d0,12,8,0,0,16,2,1,1,1,1790931119
2026-10-02T08:52:31+00:00,2026-10-02T08:53:45.116435+00:00,1a661bb7-7d14-49e9-ac3d-22bafec8a2f0,507,6,1,2,3,0,1,1,1,1790931119
2026-10-02T08:52:31+00:00,2026-10-02T08:53:45.116435+00:00,2085366936904166272,2085366936904166272,7,0,0,8,0,1,1,1,1790931128
2026-10-02T08:52:31+00:00,2026-10-02T08:53:45.116435+00:00,1994466222105870452,1994466222105870452,8,2,0,3,0,1,1,1,1790931129
2026-10-02T08:52:31+00:00,2026-10-02T08:53:45.116435+00:00,baab0b05-a028-4147-8432-a2726c7e48ea,328,1,0,3,11,0,1,1,1,1790931129
2026-10-02T08:52:31+00:00,2026-10-02T08:53:45.116435+00:00,f8346803-0de8-11e7-991c-3863bb43a7d0,8,13,1,0,6,0,1,1,1,1790931129
2026-10-02T08:52:31+00:00,2026-10-02T08:53:45.116435+00:00,f834b101-0de8-11e7-991c-3863bb43a7d0,97,8,0,2,8,1,1,1,1,1790931126
2026-10-02T08:52:31+00:00,2026-10-02T08:53:45.116435+00:00,f8352ba8-0de8-11e7-991c-3863bb43a7d0,215,5,0,0,10,0,1,1,1,1790931129
2026-10-02T08:52:31+00:00,2026-10-02T08:53:45.116435+00:00,f8348622-0de8-11e7-991c-3863bb43a7d0,50,1,1,1,17,0,1,1,1,1790931126
2026-10-02T08:52:31+00:00,2026-10-02T08:53:45.116435+00:00,295553ea-851b-4ac2-a094-f9d1208e399a,412,9,0,0,10,0,1,1,1,1790931122
2026-10-02T08:52:31+00:00,2026-10-02T08:53:45.116435+00:00,2246034666940677832,2246034666940677832,7,2,0,4,0,1,1,1,1790931131
2026-10-02T08:52:31+00:00,2026-10-02T08:53:45.116435+00:00,2249415127458891992,2249415127458891992,4,0,1,10,0,1,1,1,1790931056
2026-10-02T08:52:31+00:00,2026-10-02T08:53:45.116435+00:00,ad2cf74c-0e8c-4e15-8f19-2259e8c82f0f,404,10,0,0,6,0,1,1,1,1790931132
2026-10-02T08:52:31+00:00,2026-10-02T08:53:45.116435+00:00,d22265a8-a6d7-4922-a6b5-4be738a9e5c4,392,15,13,0,0,0,1,1,1,1790931132
2026-10-02T08:52:31+00:00,2026-10-02T08:53:45.116435+00:00,a6e0db4f-fc9b-42af-bfe0-36cc0259b717,446,1,1,1,14,0,1,1,1,1790931134
2026-10-02T08:52:31+00:00,2026-10-02T08:53:45.116435+00:00,b205d2bb-bb76-49ac-8d14-85eec5a874d3,343,12,3,1,2,0,1,1,1,1790931135
2026-10-02T08:52:31+00:00,2026-10-02T08:53:45.116435+00:00,f834662c-0de8-11e7-991c-3863bb43a7d0,5,5,0,0,10,0,1,1,1,1790931133
2026-10-02T08:52:31+00:00,2026-10-02T08:53:45.116435+00:00,8d893519-bc21-4536-b346-f558988bc8ad,260,10,1,0,5,0,1,1,1,1790931133
2026-10-02T08:52:31+00:00,2026-10-02T08:53:45.116435+00:00,2014865445230483952,2014865445230483952,15,0,2,0,0,1,1,1,1790931133
2026-10-02T08:52:31+00:00,2026-10-02T08:53:45.116435+00:00,2039109354743046934,2039109354743046934,13,1,2,4,1,1,1,1,1790931133
2026-10-02T08:52:31+00:00,2026-10-02T08:53:45.116435+00:00,f8350b76-0de8-11e7-991c-3863bb43a7d0,159,9,1,0,9,2,1,1,1,1790931134
2026-10-02T08:52:31+00:00,2026-10-02T08:53:45.116435+00:00,f834abfd-0de8-11e7-991c-3863bb43a7d0,96,9,0,0,10,0,1,1,1,1790931134
2026-10-02T08:52:31+00:00,2026-10-02T08:53:45.116435+00:00,2270212773802111256,2270212773802111256,8,0,0,11,0,1,1,1,1790931136
2026-10-02T08:52:31+00:00,2026-10-02T08:53:45.116435+00:00,f8347ccd-0de8-11e7-991c-3863bb43a7d0,33,4,0,0,23,0,1,1,1,1790931138
2026-10-02T08:52:31+00:00,2026-10-02T08:53:45.116435+00:00,56817d8e-3a1c-431a-a529-1a600f80c364,366,14,0,0,13,0,1,1,1,1790931138
2026-10-02T08:52:31+00:00,2026-10-02T08:53:45.116435+00:00,99675a11-a92c-465c-bf5a-434b08ba5fc6,400,9,0,1,42,0,1,1,1,1790931139
2026-10-02T08:52:31+00:00,2026-10-02T08:53:45.116435+00:00,ef6ef93b-488f-496b-afbf-3aedfd967129,517,6,1,0,9,0,1,1,1,1790931137
2026-10-02T08:52:31+00:00,2026-10-02T08:53:45.116435+00:00,ccf82572-a142-4378-9a4b-5a51fcb4ef81,350,12,4,0,5,0,1,1,1,1790931139
2026-10-02T08:52:31+00:00,2026-10-02T08:53:45.116435+00:00,2119105928286481344,2119105928286481344,14,6,0,5,0,1,1,1,1790931139
2026-10-02T08:52:31+00:00,2026-10-02T08:53:45.116435+00:00,103a9881-e30a-4d57-b81d-863b995ff759,255,0,0,0,0,0,0,0,0,86400
2026-10-02T08:52:31+00:00,2026-10-02T08:53:45.116435+00:00,2103549125054737064,2103549125054737064,12,2,0,4,0,1,1,1,1790931012
2026-10-02T08:52:31+00:00,2026-10-02T08:53:45.116435+00:00,40e58976-02cc-4c7c-911f-7a6c97588bfa,520,0,0,0,21,0,1,1,1,1790931020
2026-10-02T08:52:31+00:00,2026-10-02T08:53:45.116435+00:00,f834e1b2-0de8-11e7-991c-3863bb43a7d0,125,12,1,2,5,0,1,1,1,1790931022
2026-10-02T08:52:31+00:00,2026-10-02T08:53:45.116435+00:00,abefafdc-c772-4671-86fe-fc15a42adebb,abefafdc-c772-4671-86fe-fc15a42adebb,1,1,0,22,0,1,1,1,1790931073
2026-10-02T08:52:31+00:00,2026-10-02T08:53:45.116435+00:00,e68655be-23d3-46e5-a509-25be677e7542,482,6,0,0,5,0,1,1,1,1790931077
2026-10-02T08:52:31+00:00,2026-10-02T08:53:45.116435+00:00,5018e851-f2f3-4e18-9914-c316bbcc2c3d,331,3,0,1,11,0,1,1,1,1790931077
2026-10-02T08:52:31+00:00,2026-10-02T08:53:45.116435+00:00,93911aa1-b5e4-48aa-a2b6-38fbcf613006,93911aa1-b5e4-48aa-a2b6-38fbcf613006,16,1,0,2,0,1,1,1,1790931079
2026-10-02T08:52:31+00:00,2026-10-02T08:53:45.116435+00:00,f8349745-0de8-11e7-991c-3863bb43a7d0,73,0,0,0,15,0,1,1,1,1790931076
2026-10-02T08:52:31+00:00,2026-10-02T08:53:45.116435+00:00,2071993292066931472,2071993292066931472,2,0,0,18,0,1,1,1,1790931075
2026-10-02T08:52:31+00:00,2026-10-02T08:53:45.116435+00:00,f8349ba9-0de8-11e7-991c-3863bb43a7d0,77,13,9,1,3,0,1,1,1,1790931079
2026-10-02T08:52:31+00:00,2026-10-02T08:53:45.116435+00:00,2038619205667946906,2038619205667946906,8,2,0,12,0,1,1,1,1790931064
2026-10-02T08:52:31+00:00,2026-10-02T08:53:45.116435+00:00,1960693490199507164,1960693490199507164,5,2,0,14,0,1,1,1,1790931066
2026-10-02T08:52:31+00:00,2026-10-02T08:53:45.116435+00:00,350e73e3-6f70-4b2d-87ab-24c8629e9a6a,350e73e3-6f70-4b2d-87ab-24c8629e9a6a,16,0,0,3,0,1,1,1,1790931068
2026-10-02T08:52:31+00:00,2026-10-02T08:53:45.116435+00:00,83183df0-38c2-4ae8-a0c4-4b59599c9582,222,13,0,0,1,0,1,1,1,1790931064
2026-10-02T08:52:31+00:00,2026-10-02T08:53:45.116435+00:00,2ba0c5dd-c990-4434-8a84-5c3eca23f096,447,13,5,0,6,0,1,1,1,1790931063
2026-10-02T08:52:31+00:00,2026-10-02T08:53:45.116435+00:00,f35de2ab-979e-42d5-8cbd-dc479ed637e9,503,4,4,0,2,0,1,1,1,1790931085
2026-10-02T08:52:31+00:00,2026-10-02T08:53:45.116435+00:00,9e710d48-51c1-460e-a027-3d16bde62b13,419,0,0,14,0,1,1,1,1,1790931086
2026-10-02T08:52:31+00:00,2026-10-02T08:53:45.116435+00:00,2113200093114979090,2113200093114979090,3,1,0,12,1,1,1,1,1790931080
2026-10-02T08:52:31+00:00,2026-10-02T08:53:45.116435+00:00,c1ae49bd-2a20-4684-886b-ead8dd627cfd,c1ae49bd-2a20-4684-886b-ead8dd627cfd,7,2,2,8,0,1,1,1,1790931081
2026-10-02T08:52:31+00:00,2026-10-02T08:53:45.116435+00:00,ff6ed364-8676-45a0-b97f-71025683849e,442,11,3,0,4,0,1,1,1,1790931082
2026-10-02T08:52:31+00:00,2026-10-02T08:53:45.116435+00:00,7ec0c53c-876a-419c-a78b-4edd000bbc9a,445,9,1,1,9,0,1,1,1,1790931081
2026-10-02T08:52:31+00:00,2026-10-02T08:53:45.116435+00:00,2fd22786-dfeb-4126-a906-4f01802087f3,454,0,0,0,19,0,1,1,1,1790931087
2026-10-02T08:52:31+00:00,2026-10-02T08:53:45.116435+00:00,f24a573e-ef07-4785-9270-70c443510ea6,359,5,0,4,6,0,1,1,1,1790931089
2026-10-02T08:52:31+00:00,2026-10-02T08:53:45.116435+00:00,2241260819676115550,2241260819676115550,0,0,0,23,0,1,1,1,1790931089
2026-10-02T08:52:31+00:00,2026-10-02T08:53:45.116435+00:00,9f54207a-3308-43bd-b45c-9042b6389598,423,14,2,1,4,0,1,1,1,1790931091
2026-10-02T08:52:31+00:00,2026-10-02T08:53:45.116435+00:00,1997031579059661288,1997031579059661288,9,1,1,1,0,1,1,1,1790931094
2026-10-02T08:52:31+00:00,2026-10-02T08:53:45.116435+00:00,0adccd89-1d8d-44da-9f7c-5f18acafeddf,338,14,4,0,1,0,1,1,1,1790931095
2026-10-02T08:52:31+00:00,2026-10-02T08:53:45.116435+00:00,ccd6fdd4-b39e-46d7-b43c-7bacffb6bd87,523,6,3,0,11,0,1,1,1,1790931096
2026-10-02T08:52:31+00:00,2026-10-02T08:53:45.116435+00:00,f83486ab-0de8-11e7-991c-3863bb43a7d0,51,5,0,0,10,0,1,1,1,1790931091
2026-10-02T08:52:31+00:00,2026-10-02T08:53:45.116435+00:00,287aedf5-0361-47e9-9de0-14ae3b75cc0d,287aedf5-0361-47e9-9de0-14ae3b75cc0d,18,0,0,3,0,1,1,1,1790931098
2026-10-02T08:52:31+00:00,2026-10-02T08:53:45.116435+00:00,f8346894-0de8-11e7-991c-3863bb43a7d0,9,10,1,2,3,0,1,1,1,1790931097
2026-10-02T08:52:31+00:00,2026-10-02T08:53:45.116435+00:00,0f554e1d-9f0f-452d-9b4a-e00aa2c5911e,492,3,0,0,12,0,1,1,1,1790931029
2026-10-02T08:52:31+00:00,2026-10-02T08:53:45.116435+00:00,f8351019-0de8-11e7-991c-3863bb43a7d0,169,17,11,0,2,0,1,1,1,1790931034
2026-10-02T08:52:31+00:00,2026-10-02T08:53:45.116435+00:00,f834cf45-0de8-11e7-991c-3863bb43a7d0,116,23,1,0,0,0,1,1,1,1790931028
2026-10-02T08:52:31+00:00,2026-10-02T08:53:45.116435+00:00,f834b42d-0de8-11e7-991c-3863bb43a7d0,100,5,0,0,20,0,1,1,1,1790931037
2026-10-02T08:52:31+00:00,2026-10-02T08:53:45.116435+00:00,13444449-b3a8-43d2-b8b9-a59fbc59a174,397,6,2,1,8,0,1,1,1,1790931037
2026-10-02T08:52:31+00:00,2026-10-02T08:53:45.116435+00:00,f83524c0-0de8-11e7-991c-3863bb43a7d0,203,5,3,0,9,0,1,1,1,1790931035
2026-10-02T08:52:31+00:00,2026-10-02T08:53:45.116435+00:00,f83516b8-0de8-11e7-991c-3863bb43a7d0,184,18,0,0,0,1,1,1,1,1790931039
2026-10-02T08:52:31+00:00,2026-10-02T08:53:45.116435+00:00,bb27977d-36c1-496d-8bac-631b612dd7b8,332,13,2,1,1,0,1,1,1,1790931043
2026-10-02T08:52:31+00:00,2026-10-02T08:53:45.116435+00:00,ba634139-d7bf-448f-aac4-25995d36b67b,373,3,2,1,11,0,1,1,1,1790931041
2026-10-02T08:52:31+00:00,2026-10-02T08:53:45.116435+00:00,b23674a7-15a8-46d2-8219-6668acecf24a,548,14,2,0,4,0,1,1,1,1790931041
2026-10-02T08:52:31+00:00,2026-10-02T08:53:45.116435+00:00,ddcc8869-b8d4-483c-b9da-457fcebc8dc1,417,12,0,0,7,0,1,1,1,1790931050
2026-10-02T08:52:31+00:00,2026-10-02T08:53:45.116435+00:00,f834952a-0de8-11e7-991c-3863bb43a7d0,70,0,0,0,23,0,1,1,1,1790931051
2026-10-02T08:52:31+00:00,2026-10-02T08:53:45.116435+00:00,ce55d1b1-4267-40a9-ad44-5eab888ce18a,ce55d1b1-4267-40a9-ad44-5eab888ce18a,0,0,0,22,1,1,1,1,1790931051
2026-10-02T08:52:31+00:00,2026-10-02T08:53:45.116435+00:00,f834f814-0de8-11e7-991c-3863bb43a7d0,136,1,0,0,18,0,1,1,1,1790931052
2026-10-02T08:52:31+00:00,2026-10-02T08:53:45.116435+00:00,5afe91c4-8076-4f9f-b83b-cf233bda2331,460,1,0,0,14,0,1,1,1,1790931055
2026-10-02T08:52:31+00:00,2026-10-02T08:53:45.116435+00:00,a18e1e55-507e-49d8-b7c0-5c0efd959125,358,13,3,0,6,0,1,1,1,1790931056
2026-10-02T08:52:31+00:00,2026-10-02T08:53:45.116435+00:00,42a3ecca-af9a-4556-90ba-7631546f96f8,42a3ecca-af9a-4556-90ba-7631546f96f8,2,0,0,9,0,1,1,1,1790931056
2026-10-02T08:52:31+00:00,2026-10-02T08:53:45.116435+00:00,f834b5d9-0de8-11e7-991c-3863bb43a7d0,103,13,5,0,2,0,1,1,1,1790931056
2026-10-02T08:52:31+00:00,2026-10-02T08:53:45.116435+00:00,f834fd36-0de8-11e7-991c-3863bb43a7d0,142,4,0,0,19,0,1,1,1,1790931063
2026-10-02T08:52:31+00:00,2026-10-02T08:53:45.116435+00:00,2267569638034503736,2267569638034503736,13,0,0,6,0,1,1,1,1790931063
2026-10-02T08:52:31+00:00,2026-10-02T08:53:45.116435+00:00,2327cb08-fa9f-459b-9ab0-1a319b0f2f4c,539,12,2,1,5,0,1,1,1,1790931103
2026-10-02T08:52:31+00:00,2026-10-02T08:53:45.116435+00:00,f834b49d-0de8-11e7-991c-3863bb43a7d0,101,16,1,1,1,0,1,1,1,1790931102
2026-10-02T08:52:31+00:00,2026-10-02T08:53:45.116435+00:00,53a148ca-ac69-4a9c-a986-9a4b4df2f5df,387,14,5,0,1,0,1,1,1,1790931101
2026-10-02T08:52:31+00:00,2026-10-02T08:53:45.116435+00:00,f8348509-0de8-11e7-991c-3863bb43a7d0,48,0,0,1,18,0,1,1,1,1790931105
2026-10-02T08:52:31+00:00,2026-10-02T08:53:45.116435+00:00,533620e8-00ff-494a-b288-bd67602bc98e,472,1,0,0,25,0,1,1,1,1790931104
2026-10-02T08:52:31+00:00,2026-10-02T08:53:45.116435+00:00,9ca92778-9101-48df-90ea-08b784e26a1a,413,19,0,0,0,0,1,1,1,1790931111
2026-10-02T08:52:31+00:00,2026-10-02T08:53:45.116435+00:00,2170342425741020744,2170342425741020744,13,1,0,4,0,1,1,1,1790931112
2026-10-02T08:52:31+00:00,2026-10-02T08:53:45.116435+00:00,2071632496372113488,2071632496372113488,5,1,1,14,0,1,1,1,1790931108
2026-10-02T08:52:31+00:00,2026-10-02T08:53:45.116435+00:00,342a2c60-71b0-4d19-98d6-47987cf20dbc,379,2,1,1,13,0,1,1,1,1790931110
2026-10-02T08:52:31+00:00,2026-10-02T08:53:45.116435+00:00,510239fe-69c3-458b-b53c-6ce001845f4a,354,14,11,0,1,0,1,1,1,1790931107
2026-10-02T08:52:31+00:00,2026-10-02T08:53:45.116435+00:00,5bc7cba9-f0b0-442d-932c-e8c7927d87ce,386,18,0,1,0,0,1,1,1,1790931108
2026-10-02T08:52:31+00:00,2026-10-02T08:53:45.116435+00:00,2057166010169469732,2057166010169469732,0,0,0,15,0,1,1,1,1790931107
2026-10-02T08:52:31+00:00,2026-10-02T08:53:45.116435+00:00,f834e244-0de8-11e7-991c-3863bb43a7d0,126,10,2,1,4,0,1,1,1,1790931106
2026-10-02T08:52:31+00:00,2026-10-02T08:53:45.116435+00:00,54d86d05-b399-42c5-a63a-a97713afc5d4,54d86d05-b399-42c5-a63a-a97713afc5d4,6,1,0,4,0,1,1,1,1790931116
2026-10-02T08:52:31+00:00,2026-10-02T08:53:45.116435+00:00,2070180968009321294,2070180968009321294,9,0,0,10,2,1,1,1,1790931114
2026-10-02T08:52:31+00:00,2026-10-02T08:53:45.116435+00:00,0839bb10-e876-4198-95e4-0147a561853d,258,14,0,0,1,0,1,1,1,1790931112
2026-10-02T08:52:31+00:00,2026-10-02T08:53:45.116435+00:00,f8349824-0de8-11e7-991c-3863bb43a7d0,75,0,0,0,15,0,1,1,1,1790931112
2026-10-02T08:52:31+00:00,2026-10-02T08:53:45.116435+00:00,2072145327190878794,2072145327190878794,19,5,0,5,0,1,1,1,1790931020
2026-10-02T08:52:31+00:00,2026-10-02T08:53:45.116435+00:00,b995a0b4-fc26-4661-9bc8-e166d648edfd,353,8,1,0,6,0,1,1,1,1790931115
2026-10-02T08:52:31+00:00,2026-10-02T08:53:45.116435+00:00,518f6524-0e7f-454d-974e-e3ff9db1f795,494,11,2,0,0,0,1,1,1,1790931122
2026-10-02T08:52:31+00:00,2026-10-02T08:53:45.116435+00:00,dfdaf866-b814-48e5-9bd3-eb7c4a733697,dfdaf866-b814-48e5-9bd3-eb7c4a733697,9,4,0,8,0,1,1,1,1790931119
2026-10-02T08:52:31+00:00,2026-10-02T08:53:45.116435+00:00,1944724820826878816,1944724820826878816,15,0,0,2,0,1,1,1,1790931119
2026-10-02T08:52:31+00:00,2026-10-02T08:53:45.116435+00:00,ef54374b-0406-4b17-b0a1-847f1d7bea06,410,11,5,0,4,0,1,1,1,1790931119
2026-10-02T08:52:31+00:00,2026-10-02T08:53:45.116435+00:00,f8352c92-0de8-11e7-991c-3863bb43a7d0,217,1,0,1,16,0,1,1,1,1790931119
2026-10-02T08:52:31+00:00,2026-10-02T08:53:45.116435+00:00,2264176803898382980,2264176803898382980,7,3,0,4,0,1,1,1,1790931123
2026-10-02T08:52:31+00:00,2026-10-02T08:53:45.116435+00:00,1975886280004030604,1975886280004030604,15,4,0,8,0,1,1,1,1790931123
2026-10-02T08:52:31+00:00,2026-10-02T08:53:45.116435+00:00,f83464e4-0de8-11e7-991c-3863bb43a7d0,3,0,0,12,0,0,1,0,0,1790931120
2026-10-02T08:52:31+00:00,2026-10-02T08:53:45.116435+00:00,ec3eea05-a3ff-43c6-9e24-0c63f09b915f,378,16,3,0,3,0,1,1,1,1790931121
2026-10-02T08:52:31+00:00,2026-10-02T08:53:45.116435+00:00,f8347118-0de8-11e7-991c-3863bb43a7d0,22,3,0,0,31,1,1,1,1,1790931121
2026-10-02T08:52:31+00:00,2026-10-02T08:53:45.116435+00:00,676ca473-eed6-4971-aaf3-e199a7ca335b,433,14,4,0,4,1,1,1,1,1790931121
2026-10-02T08:52:31+00:00,2026-10-02T08:53:45.116435+00:00,70f20fcb-8e63-4015-9007-b97c525ab0a9,335,18,0,0,1,0,1,1,1,1790931118
2026-10-02T08:52:31+00:00,2026-10-02T08:53:45.116435+00:00,2107991976288962746,2107991976288962746,9,0,4,7,0,1,1,1,1790931126
2026-10-02T08:52:31+00:00,2026-10-02T08:53:45.116435+00:00,f8348995-0de8-11e7-991c-3863bb43a7d0,58,4,0,1,14,0,1,1,1,1790931125
2026-10-02T08:52:31+00:00,2026-10-02T08:53:45.116435+00:00,5f726a7d-5c5d-48b1-9b13-06c77572a237,516,0,0,0,11,0,1,1,1,1790931126
2026-10-02T08:52:31+00:00,2026-10-02T08:53:45.116435+00:00,2136942888571742916,2136942888571742916,11,1,1,3,0,1,1,1,1790931126
2026-10-02T08:52:31+00:00,2026-10-02T08:53:45.116435+00:00,f83523e3-0de8-11e7-991c-3863bb43a7d0,201,2,2,0,13,0,1,1,1,1790931127
2026-10-02T08:52:31+00:00,2026-10-02T08:53:45.116435+00:00,2111712079786088918,2111712079786088918,13,3,1,1,0,1,1,1,1790931127
2026-10-02T08:52:31+00:00,2026-10-02T08:53:45.116435+00:00,f8348136-0de8-11e7-991c-3863bb43a7d0,41,25,1,1,1,0,1,1,1,1790931127
2026-10-02T08:52:31+00:00,2026-10-02T08:53:45.116435+00:00,2043912031919765854,2043912031919765854,0,0,0,20,0,1,1,1,1790931129
2026-10-02T08:52:31+00:00,2026-10-02T08:53:45.116435+00:00,f36e24cd-de4c-4a5e-adf4-cb97ccd2958d,505,6,1,1,4,0,1,1,1,1790931129
2026-10-02T08:52:31+00:00,2026-10-02T08:53:45.116435+00:00,f83494b4-0de8-11e7-991c-3863bb43a7d0,69,18,5,1,0,0,1,1,1,1790931130
2026-10-02T08:52:31+00:00,2026-10-02T08:53:45.116435+00:00,2078337213380274244,2078337213380274244,5,3,0,6,0,1,1,1,1790931128
2026-10-02T08:52:31+00:00,2026-10-02T08:53:45.116435+00:00,2223043968513191970,2223043968513191970,9,0,0,7,0,1,1,1,1790931128
2026-10-02T08:52:31+00:00,2026-10-02T08:53:45.116435+00:00,13918b3b-9ac5-4968-a74d-e40dd3bc952e,479,0,0,0,19,0,1,1,1,1790931128
2026-10-02T08:52:31+00:00,2026-10-02T08:53:45.116435+00:00,2113555008851845550,2113555008851845550,8,1,0,12,0,1,1,1,1790931124
2026-10-02T08:52:31+00:00,2026-10-02T08:53:45.116435+00:00,2223045710883822544,2223045710883822544,10,0,0,5,0,1,1,1,1790931125
2026-10-02T08:52:31+00:00,2026-10-02T08:53:45.116435+00:00,f6df6c1a-064f-428a-951c-2069a081b9df,380,0,0,1,17,0,1,1,1,1790931127
2026-10-02T08:52:31+00:00,2026-10-02T08:53:45.116435+00:00,d7ec834e-9d9a-402c-9956-7d5f42676b94,d7ec834e-9d9a-402c-9956-7d5f42676b94,14,5,1,0,0,1,1,1,1790931128
2026-10-02T08:52:31+00:00,2026-10-02T08:53:45.116435+00:00,f83510fd-0de8-11e7-991c-3863bb43a7d0,171,17,2,1,5,0,1,1,1,1790931133
2026-10-02T08:52:31+00:00,2026-10-02T08:53:45.116435+00:00,f8349c69-0de8-11e7-991c-3863bb43a7d0,78,15,4,1,3,0,1,1,1,1790931135
2026-10-02T08:52:31+00:00,2026-10-02T08:53:45.116435+00:00,2038239468396569074,2038239468396569074,6,0,2,23,1,1,1,1,1790931135
2026-10-02T08:52:31+00:00,2026-10-02T08:53:45.116435+00:00,36a8fbc8-6069-4a29-bbfd-63a2d019c9a5,415,0,0,0,19,0,1,1,1,1790931132
2026-10-02T08:52:31+00:00,2026-10-02T08:53:45.116435+00:00,02a4416f-80b4-4472-accd-5db482ed5b6d,367,11,3,0,8,0,1,1,1,1790931131
2026-10-02T08:52:31+00:00,2026-10-02T08:53:45.116435+00:00,f8346768-0de8-11e7-991c-3863bb43a7d0,7,0,0,0,15,0,1,1,1,1790931130
2026-10-02T08:52:31+00:00,2026-10-02T08:53:45.116435+00:00,2141932795355773712,2141932795355773712,0,0,9,6,0,1,0,0,1790883446
2026-10-02T08:52:31+00:00,2026-10-02T08:53:45.116435+00:00,20b0b405-54ba-4a80-b89c-0819772665db,440,6,3,0,9,0,1,1,1,1790931138
2026-10-02T08:52:31+00:00,2026-10-02T08:53:45.116435+00:00,f8351336-0de8-11e7-991c-3863bb43a7d0,176,15,0,0,0,0,1,1,1,1790931138
2026-10-02T08:52:31+00:00,2026-10-02T08:53:45.116435+00:00,f8348481-0de8-11e7-991c-3863bb43a7d0,47,15,0,2,2,1,1,1,1,1790931138
2026-10-02T08:52:31+00:00,2026-10-02T08:53:45.116435+00:00,2217856523888952522,2217856523888952522,13,0,1,6,0,1,1,1,1790931139
2026-10-02T08:52:31+00:00,2026-10-02T08:53:45.116435+00:00,2029805507281123700,2029805507281123700,10,1,1,8,0,1,1,1,1790931139
2026-10-02T15:07:31+00:00,2026-10-02T15:07:58.995863+00:00,f8346e51-0de8-11e7-991c-3863bb43a7d0,17,0,0,13,2,0,1,0,0,1790930329
2026-10-02T15:07:31+00:00,2026-10-02T15:07:58.995863+00:00,2089808297152151688,2089808297152151688,7,2,1,4,0,1,1,1,1790953371
2026-10-02T15:07:31+00:00,2026-10-02T15:07:58.995863+00:00,6eaa7343-402d-41c9-9aac-8c664fdbdcf1,6eaa7343-402d-41c9-9aac-8c664fdbdcf1,0,0,0,0,0,0,0,0,86400
2026-10-02T15:07:31+00:00,2026-10-02T15:07:58.995863+00:00,2227859082657747444,2227859082657747444,5,0,0,2,0,1,1,1,1790953518
2026-10-02T15:07:31+00:00,2026-10-02T15:07:58.995863+00:00,8bc42f7f-753d-4cca-a7d6-0d7c2530ea2c,364,3,0,1,14,0,1,1,1,1790953517
2026-10-02T15:07:31+00:00,2026-10-02T15:07:58.995863+00:00,f8349070-0de8-11e7-991c-3863bb43a7d0,61,12,5,0,7,0,1,1,1,1790953518
2026-10-02T15:07:31+00:00,2026-10-02T15:07:58.995863+00:00,2131371824572002576,2131371824572002576,8,1,0,8,0,1,1,1,1790953519
2026-10-02T15:07:31+00:00,2026-10-02T15:07:58.995863+00:00,f8349599-0de8-11e7-991c-3863bb43a7d0,71,4,0,0,19,0,1,1,1,1790953519
2026-10-02T15:07:31+00:00,2026-10-02T15:07:58.995863+00:00,f83532fa-0de8-11e7-991c-3863bb43a7d0,219,5,0,0,10,0,1,1,1,1790953518
2026-10-02T15:07:31+00:00,2026-10-02T15:07:58.995863+00:00,d1a5e406-718c-44b9-b9dd-e63605b888aa,555,8,7,0,6,0,1,1,1,1790953521
2026-10-02T15:07:31+00:00,2026-10-02T15:07:58.995863+00:00,f606593b-3d07-40f2-bc6d-a0eb96588e44,456,3,0,0,15,0,1,1,1,1790953521
2026-10-02T15:07:31+00:00,2026-10-02T15:07:58.995863+00:00,f83466c6-0de8-11e7-991c-3863bb43a7d0,6,9,0,1,4,0,1,1,1,1790953526
2026-10-02T15:07:31+00:00,2026-10-02T15:07:58.995863+00:00,2127634714741013228,2127634714741013228,10,0,2,12,0,1,1,1,1790953528
2026-10-02T15:07:31+00:00,2026-10-02T15:07:58.995863+00:00,f8352973-0de8-11e7-991c-3863bb43a7d0,210,12,1,0,3,0,1,1,1,1790953529
2026-10-02T15:07:31+00:00,2026-10-02T15:07:58.995863+00:00,625f105e-4407-4988-9095-d1979cbda5e1,234,8,0,0,11,0,1,1,1,1790953530
2026-10-02T15:07:31+00:00,2026-10-02T15:07:58.995863+00:00,133d159e-a202-4310-910f-eca392fe181e,398,5,2,1,13,0,1,1,1,1790953529
2026-10-02T15:07:31+00:00,2026-10-02T15:07:58.995863+00:00,57f5003b-6574-40b3-83d7-3b5dee1472e0,518,7,2,1,3,0,1,1,1,1790953531
2026-10-02T15:07:31+00:00,2026-10-02T15:07:58.995863+00:00,f7d416f8-4377-4019-bba7-302dc1d5a11d,391,10,1,1,4,0,1,1,1,1790953545
2026-10-02T15:07:31+00:00,2026-10-02T15:07:58.995863+00:00,f8351649-0de8-11e7-991c-3863bb43a7d0,183,15,5,0,4,0,1,1,1,1790953541
2026-10-02T15:07:31+00:00,2026-10-02T15:07:58.995863+00:00,87b5a8b7-a330-4c51-ab32-7dafa292c88f,421,14,1,0,5,0,1,1,1,1790953544
2026-10-02T15:07:31+00:00,2026-10-02T15:07:58.995863+00:00,f8351791-0de8-11e7-991c-3863bb43a7d0,186,5,3,1,9,0,1,1,1,1790953543
2026-10-02T15:07:31+00:00,2026-10-02T15:07:58.995863+00:00,ec4e1168-25dc-4929-b17b-e4ae578dd888,425,4,0,0,12,0,1,1,1,1790953551
2026-10-02T15:07:31+00:00,2026-10-02T15:07:58.995863+00:00,ea00f276-26dc-48ee-b2c8-6e56fd632a2d,272,9,0,0,10,0,1,1,1,1790953552
2026-10-02T15:07:31+00:00,2026-10-02T15:07:58.995863+00:00,2261583246847893606,2261583246847893606,6,0,0,13,0,1,1,1,1790953554
2026-10-02T15:07:31+00:00,2026-10-02T15:07:58.995863+00:00,f834a2a8-0de8-11e7-991c-3863bb43a7d0,85,19,7,0,0,0,1,1,1,1790953564
2026-10-02T15:07:31+00:00,2026-10-02T15:07:58.995863+00:00,a6d6d4b2-3666-43ad-a690-7f676bdcc3fd,542,13,0,1,5,0,1,1,1,1790953564
2026-10-02T15:07:31+00:00,2026-10-02T15:07:58.995863+00:00,82b41ffb-e284-4e4d-b22a-0cad2bfd4bee,443,12,0,1,6,0,1,1,1,1790953565
2026-10-02T15:07:31+00:00,2026-10-02T15:07:58.995863+00:00,6cec3afa-554c-466f-8323-5c619fe0ddc6,6cec3afa-554c-466f-8323-5c619fe0ddc6,7,2,0,4,0,1,1,1,1790953562
2026-10-02T15:07:31+00:00,2026-10-02T15:07:58.995863+00:00,f834cb89-0de8-11e7-991c-3863bb43a7d0,115,12,0,1,6,0,1,1,1,1790953563
2026-10-02T15:07:31+00:00,2026-10-02T15:07:58.995863+00:00,1976280681456741062,1976280681456741062,3,1,0,8,0,1,1,1,1790953560
2026-10-02T15:07:31+00:00,2026-10-02T15:07:58.995863+00:00,1976640911178291400,1976640911178291400,2,2,0,9,0,1,1,1,1790953560
2026-10-02T15:07:31+00:00,2026-10-02T15:07:58.995863+00:00,52ca4d94-587f-4a61-a298-a1a755e73bfb,362,5,2,0,14,0,1,1,1,1790953564
2026-10-02T15:07:31+00:00,2026-10-02T15:07:58.995863+00:00,f8351569-0de8-11e7-991c-3863bb43a7d0,181,8,1,0,11,0,1,1,1,1790953550
2026-10-02T15:07:31+00:00,2026-10-02T15:07:58.995863+00:00,2127252912986958612,2127252912986958612,3,0,1,11,0,1,1,1,1790953558
2026-10-02T15:07:31+00:00,2026-10-02T15:07:58.995863+00:00,f834a1de-0de8-11e7-991c-3863bb43a7d0,84,7,0,1,7,0,1,1,1,1790953559
2026-10-02T15:07:31+00:00,2026-10-02T15:07:58.995863+00:00,acb27827-d69a-4287-b132-3f529ca62ad2,427,3,3,0,16,0,1,1,1,1790953557
2026-10-02T15:07:31+00:00,2026-10-02T15:07:58.995863+00:00,f8348598-0de8-11e7-991c-3863bb43a7d0,49,3,1,0,15,0,1,1,1,1790953557
2026-10-02T15:07:31+00:00,2026-10-02T15:07:58.995863+00:00,800bde2c-51df-497c-ac2d-bc3a8c00c164,800bde2c-51df-497c-ac2d-bc3a8c00c164,15,1,0,0,0,1,1,1,1790953567
2026-10-02T15:07:31+00:00,2026-10-02T15:07:58.995863+00:00,f8347a8b-0de8-11e7-991c-3863bb43a7d0,29,18,1,0,1,0,1,1,1,1790953567
2026-10-02T15:07:31+00:00,2026-10-02T15:07:58.995863+00:00,f834f036-0de8-11e7-991c-3863bb43a7d0,133,6,0,2,14,0,1,1,1,1790953568
2026-10-02T15:07:31+00:00,2026-10-02T15:07:58.995863+00:00,88b35b6d-f355-44dc-b85e-ed2eb1bc9099,406,9,0,0,10,0,1,1,1,1790953569
2026-10-02T15:07:31+00:00,2026-10-02T15:07:58.995863+00:00,9fef6df2-7f8f-43fc-a85b-7dd5453860f9,437,11,0,0,6,0,1,1,1,1790953574
2026-10-02T15:07:31+00:00,2026-10-02T15:07:58.995863+00:00,f834e75d-0de8-11e7-991c-3863bb43a7d0,129,13,3,1,4,1,1,1,1,1790953570
2026-10-02T15:07:31+00:00,2026-10-02T15:07:58.995863+00:00,f8347ba8-0de8-11e7-991c-3863bb43a7d0,31,8,6,0,11,0,1,1,1,1790953573
2026-10-02T15:07:31+00:00,2026-10-02T15:07:58.995863+00:00,f834b183-0de8-11e7-991c-3863bb43a7d0,98,3,1,0,19,0,1,1,1,1790953572
2026-10-02T15:07:31+00:00,2026-10-02T15:07:58.995863+00:00,2251556760922290606,2251556760922290606,2,0,0,13,0,1,1,1,1790953575
2026-10-02T15:07:31+00:00,2026-10-02T15:07:58.995863+00:00,dcd76e42-eebc-4432-9726-cdb3372b0b07,557,16,3,0,3,0,1,1,1,1790953575
2026-10-02T15:07:31+00:00,2026-10-02T15:07:58.995863+00:00,e335fa7c-7adf-4360-9bfa-76b18124a56f,541,5,1,0,6,0,1,1,1,1790953576
2026-10-02T15:07:31+00:00,2026-10-02T15:07:58.995863+00:00,4d953f0f-13b5-4b3d-b2da-342003ff7cba,4d953f0f-13b5-4b3d-b2da-342003ff7cba,3,2,0,8,0,1,1,1,1790953577
2026-10-02T15:07:31+00:00,2026-10-02T15:07:58.995863+00:00,15ec5783-ca7a-4225-ba51-cd0a45ecc975,15ec5783-ca7a-4225-ba51-cd0a45ecc975,9,2,0,2,0,1,1,1,1790953577
2026-10-02T15:07:31+00:00,2026-10-02T15:07:58.995863+00:00,2028220168245183460,2028220168245183460,10,0,0,9,0,1,1,1,1790953577
2026-10-02T15:07:31+00:00,2026-10-02T15:07:58.995863+00:00,1994515539257334312,1994515539257334312,3,0,0,16,0,1,1,1,1790953579
2026-10-02T15:07:31+00:00,2026-10-02T15:07:58.995863+00:00,f8350d30-0de8-11e7-991c-3863bb43a7d0,163,10,2,0,8,0,1,1,1,1790953579
2026-10-02T15:07:31+00:00,2026-10-02T15:07:58.995863+00:00,f834916a-0de8-11e7-991c-3863bb43a7d0,63,4,0,0,11,0,1,1,1,1790953580
2026-10-02T15:07:31+00:00,2026-10-02T15:07:58.995863+00:00,f8346c96-0de8-11e7-991c-3863bb43a7d0,14,18,13,0,7,0,1,1,1,1790953578
2026-10-02T15:07:31+00:00,2026-10-02T15:07:58.995863+00:00,f8347002-0de8-11e7-991c-3863bb43a7d0,20,11,1,0,12,0,1,1,1,1790953582
2026-10-02T15:07:31+00:00,2026-10-02T15:07:58.995863+00:00,768433a9-fc30-4485-b136-22d6f8a96f1c,768433a9-fc30-4485-b136-22d6f8a96f1c,7,7,0,4,0,1,1,1,1790953581
2026-10-02T15:07:31+00:00,2026-10-02T15:07:58.995863+00:00,8e7c1984-dc81-43b0-a0d3-58c6de45225a,465,7,0,2,2,0,1,1,1,1790953583
2026-10-02T15:07:31+00:00,2026-10-02T15:07:58.995863+00:00,1999644268058967024,1999644268058967024,9,3,1,14,0,1,1,1,1790953573
2026-10-02T15:07:31+00:00,2026-10-02T15:07:58.995863+00:00,569f4952-5a25-4394-a419-f9c4d9cca6f3,495,9,1,0,9,0,1,1,1,1790953583
2026-10-02T15:07:31+00:00,2026-10-02T15:07:58.995863+00:00,1919521884659886482,1919521884659886482,2,0,0,17,0,1,1,1,1790953587
2026-10-02T15:07:31+00:00,2026-10-02T15:07:58.995863+00:00,2438d052-2cd6-4fba-83c9-39f46cb59398,2438d052-2cd6-4fba-83c9-39f46cb59398,9,5,0,10,0,1,1,1,1790953587
2026-10-02T15:07:31+00:00,2026-10-02T15:07:58.995863+00:00,f834a67b-0de8-11e7-991c-3863bb43a7d0,89,19,2,0,0,0,1,1,1,1790953588
2026-10-02T15:07:31+00:00,2026-10-02T15:07:58.995863+00:00,1331197c-f6c6-4f4a-a29b-95e580359886,224,10,1,0,7,0,1,1,1,1790953586
2026-10-02T15:07:31+00:00,2026-10-02T15:07:58.995863+00:00,8d535c23-f186-4161-aa10-17e94be6d4ae,436,9,1,2,3,1,1,1,1,1790953586
2026-10-02T15:07:31+00:00,2026-10-02T15:07:58.995863+00:00,f835244e-0de8-11e7-991c-3863bb43a7d0,202,8,3,0,7,0,1,1,1,1790953590
2026-10-02T15:07:31+00:00,2026-10-02T15:07:58.995863+00:00,f8350199-0de8-11e7-991c-3863bb43a7d0,150,10,0,1,8,0,1,1,1,1790953586
2026-10-02T15:07:31+00:00,2026-10-02T15:07:58.995863+00:00,2110566771130438288,2110566771130438288,0,0,1,15,0,1,1,1,1790953594
2026-10-02T15:07:31+00:00,2026-10-02T15:07:58.995863+00:00,f834b1ed-0de8-11e7-991c-3863bb43a7d0,99,8,0,0,7,0,1,1,1,1790953594
2026-10-02T15:07:31+00:00,2026-10-02T15:07:58.995863+00:00,f83473ea-0de8-11e7-991c-3863bb43a7d0,27,14,0,0,9,0,1,1,1,1790953592
2026-10-02T15:07:31+00:00,2026-10-02T15:07:58.995863+00:00,a825b55d-3ab3-481f-9c50-d3a7313e6843,228,14,4,0,5,0,1,1,1,1790953592
2026-10-02T15:07:31+00:00,2026-10-02T15:07:58.995863+00:00,4b5de733-9353-4873-9dc2-9558b3cb063a,393,4,3,0,11,0,1,1,1,1790953592
2026-10-02T15:07:31+00:00,2026-10-02T15:07:58.995863+00:00,1997031876360597884,1997031876360597884,7,2,0,4,0,1,1,1,1790953593
2026-10-02T15:07:31+00:00,2026-10-02T15:07:58.995863+00:00,918335df-fc1a-45c2-9cfc-c5e2e93aecc0,467,4,0,1,6,0,1,1,1,1790953595
2026-10-02T15:07:31+00:00,2026-10-02T15:07:58.995863+00:00,f834f948-0de8-11e7-991c-3863bb43a7d0,138,7,1,1,6,0,1,1,1,1790953595
2026-10-02T15:07:31+00:00,2026-10-02T15:07:58.995863+00:00,2134720099473744344,2134720099473744344,10,1,0,11,0,1,1,1,1790953591
2026-10-02T15:07:31+00:00,2026-10-02T15:07:58.995863+00:00,01d29f8c-768d-4c4f-84ca-3de966075287,469,7,2,0,4,0,1,1,1,1790953595
2026-10-02T15:07:31+00:00,2026-10-02T15:07:58.995863+00:00,2039387081833476178,2039387081833476178,8,0,0,12,0,1,1,1,1790953599
2026-10-02T15:07:31+00:00,2026-10-02T15:07:58.995863+00:00,1999639508813492766,1999639508813492766,1,0,0,19,0,1,1,1,1790953598
2026-10-02T15:07:31+00:00,2026-10-02T15:07:58.995863+00:00,c111ef1a-f276-415d-a95e-8e3c4e3a0c03,522,14,4,0,1,0,1,1,1,1790953600
2026-10-02T15:07:31+00:00,2026-10-02T15:07:58.995863+00:00,f55cdf0a-3d7b-491c-bed2-7dc0ef2062d5,489,9,0,0,7,0,1,1,1,1790953602
2026-10-02T15:07:31+00:00,2026-10-02T15:07:58.995863+00:00,e519df41-c4d7-403a-9afa-a5dd7cdd2d03,536,2,1,1,15,0,1,1,1,1790953602
2026-10-02T15:07:31+00:00,2026-10-02T15:07:58.995863+00:00,1991921362058752616,1991921362058752616,18,12,0,2,0,1,1,1,1790953602
2026-10-02T15:07:31+00:00,2026-10-02T15:07:58.995863+00:00,f834b928-0de8-11e7-991c-3863bb43a7d0,106,3,0,1,10,0,1,1,1,1790953602
2026-10-02T15:07:31+00:00,2026-10-02T15:07:58.995863+00:00,77c1736c-a609-4453-94f7-8e4253a8193c,474,8,4,0,4,0,1,1,1,1790953604
2026-10-02T15:07:31+00:00,2026-10-02T15:07:58.995863+00:00,eed9e64f-f09d-43c1-aa31-da968c66750a,368,7,1,0,8,0,1,1,1,1790953603
2026-10-02T15:07:31+00:00,2026-10-02T15:07:58.995863+00:00,2250817396738253956,2250817396738253956,10,0,1,4,0,1,1,1,1790953607
2026-10-02T15:07:31+00:00,2026-10-02T15:07:58.995863+00:00,f83493c0-0de8-11e7-991c-3863bb43a7d0,67,29,2,0,1,0,1,1,1,1790953606
2026-10-02T15:07:31+00:00,2026-10-02T15:07:58.995863+00:00,38706d8c-8d4b-49f7-b6ed-7688449db261,463,6,4,0,13,0,1,1,1,1790953608
2026-10-02T15:07:31+00:00,2026-10-02T15:07:58.995863+00:00,f8351f87-0de8-11e7-991c-3863bb43a7d0,192,12,5,0,7,0,1,1,1,1790953609
2026-10-02T15:07:31+00:00,2026-10-02T15:07:58.995863+00:00,f8348719-0de8-11e7-991c-3863bb43a7d0,52,6,0,2,15,0,1,1,1,1790953608
2026-10-02T15:07:31+00:00,2026-10-02T15:07:58.995863+00:00,1986694622707704150,1986694622707704150,8,0,1,10,0,1,1,1,1790953608
2026-10-02T15:07:31+00:00,2026-10-02T15:07:58.995863+00:00,f834c6f5-0de8-11e7-991c-3863bb43a7d0,111,7,2,1,6,1,1,1,1,1790953610
2026-10-02T15:07:31+00:00,2026-10-02T15:07:58.995863+00:00,2036412579943670600,2036412579943670600,2,0,2,8,0,1,1,1,1790953594
2026-10-02T15:07:31+00:00,2026-10-02T15:07:58.995863+00:00,ab6517ea-ed53-42eb-8881-657d362e56e8,560,9,2,0,6,0,1,1,1,1790953616
2026-10-02T15:07:31+00:00,2026-10-02T15:07:58.995863+00:00,2126567695528519906,2126567695528519906,11,3,1,8,0,1,1,1,1790953616
2026-10-02T15:07:31+00:00,2026-10-02T15:07:58.995863+00:00,9b0aff89-5242-475e-b03b-87c3c3bf51bb,477,12,6,0,7,0,1,1,1,1790953610
2026-10-02T15:07:31+00:00,2026-10-02T15:07:58.995863+00:00,25489822-e43a-4704-b2a8-d905b78ba77c,389,3,1,0,11,0,1,1,1,1790953633
2026-10-02T15:07:31+00:00,2026-10-02T15:07:58.995863+00:00,f8350129-0de8-11e7-991c-3863bb43a7d0,149,7,0,0,11,0,1,1,1,1790953634
2026-10-02T15:07:31+00:00,2026-10-02T15:07:58.995863+00:00,2363c5a3-93cc-41a2-a767-90f1826c041f,426,12,9,1,14,0,1,1,1,1790953634
2026-10-02T15:07:31+00:00,2026-10-02T15:07:58.995863+00:00,2129149628430547474,2129149628430547474,14,2,0,2,0,1,1,1,1790953539
2026-10-02T15:07:31+00:00,2026-10-02T15:07:58.995863+00:00,2036103727838931110,2036103727838931110,6,2,2,3,0,1,1,1,1790953637
2026-10-02T15:07:31+00:00,2026-10-02T15:07:58.995863+00:00,803a0c16-4f81-44f1-8b49-a13fcdda40c1,370,7,2,0,9,0,1,1,1,1790953631
2026-10-02T15:07:31+00:00,2026-10-02T15:07:58.995863+00:00,b44b7c3d-c054-4591-92a9-3b96d86050ab,b44b7c3d-c054-4591-92a9-3b96d86050ab,3,3,0,8,0,1,1,1,1790953622
2026-10-02T15:07:31+00:00,2026-10-02T15:07:58.995863+00:00,f8347ded-0de8-11e7-991c-3863bb43a7d0,35,18,8,2,11,0,1,1,1,1790953622
2026-10-02T15:07:31+00:00,2026-10-02T15:07:58.995863+00:00,829fa5a8-cc88-4ab2-9f34-b481aaa1612e,259,11,2,0,4,0,1,1,1,1790953616
2026-10-02T15:07:31+00:00,2026-10-02T15:07:58.995863+00:00,2071991821019036242,2071991821019036242,0,0,0,20,0,1,1,1,1790953575
2026-10-02T15:07:31+00:00,2026-10-02T15:07:58.995863+00:00,1ef9964d-47ac-4cd4-916e-7c006fa1e605,339,8,4,1,6,0,1,1,1,1790953620
2026-10-02T15:07:31+00:00,2026-10-02T15:07:58.995863+00:00,25d6f87f-7025-48c5-b202-f91511a4ae19,25d6f87f-7025-48c5-b202-f91511a4ae19,4,0,0,15,0,1,1,1,1790953617
2026-10-02T15:07:31+00:00,2026-10-02T15:07:58.995863+00:00,f834fcbe-0de8-11e7-991c-3863bb43a7d0,141,5,3,1,9,0,1,1,1,1790953617
2026-10-02T15:07:31+00:00,2026-10-02T15:07:58.995863+00:00,f834d34b-0de8-11e7-991c-3863bb43a7d0,120,11,0,1,27,0,1,1,1,1790953618
2026-10-02T15:07:31+00:00,2026-10-02T15:07:58.995863+00:00,5410aac7-2ec0-47b6-b728-b99c5137b463,5410aac7-2ec0-47b6-b728-b99c5137b463,7,1,0,4,0,1,1,1,1790953622
2026-10-02T15:07:31+00:00,2026-10-02T15:07:58.995863+00:00,2132460331327742574,2132460331327742574,10,5,0,8,0,1,1,1,1790953622
2026-10-02T15:07:31+00:00,2026-10-02T15:07:58.995863+00:00,2219705277630124418,2219705277630124418,7,0,0,8,0,1,1,1,1790953613
2026-10-02T15:07:31+00:00,2026-10-02T15:07:58.995863+00:00,2124664048772581794,2124664048772581794,8,3,0,3,0,1,1,1,1790953624
2026-10-02T15:07:31+00:00,2026-10-02T15:07:58.995863+00:00,986068c4-d11a-465a-b8d0-bd0960c57f51,986068c4-d11a-465a-b8d0-bd0960c57f51,12,1,1,1,0,1,1,1,1790953624
2026-10-02T15:07:31+00:00,2026-10-02T15:07:58.995863+00:00,2031175112202687108,2031175112202687108,9,1,0,7,0,1,1,1,1790953622
2026-10-02T15:07:31+00:00,2026-10-02T15:07:58.995863+00:00,2251186911126913182,2251186911126913182,12,1,0,7,0,1,1,1,1790953623
2026-10-02T15:07:31+00:00,2026-10-02T15:07:58.995863+00:00,f834d260-0de8-11e7-991c-3863bb43a7d0,119,7,3,1,7,0,1,1,1,1790953625
2026-10-02T15:07:31+00:00,2026-10-02T15:07:58.995863+00:00,40ee059e-8530-4992-9114-c16b87d6832f,441,2,0,1,16,0,1,1,1,1790953625
2026-10-02T15:07:31+00:00,2026-10-02T15:07:58.995863+00:00,199f3d59-e726-4549-b9c1-4dfc8a343fdb,508,4,1,0,7,0,1,1,1,1790953625
2026-10-02T15:07:31+00:00,2026-10-02T15:07:58.995863+00:00,f834c5c9-0de8-11e7-991c-3863bb43a7d0,110,12,0,1,1,0,1,1,1,1790953627
2026-10-02T15:07:31+00:00,2026-10-02T15:07:58.995863+00:00,e4d5271f-5f76-401b-b7f0-c8dce3c26f10,462,5,1,0,6,0,1,1,1,1790953628
2026-10-02T15:07:31+00:00,2026-10-02T15:07:58.995863+00:00,2113559364250874028,2113559364250874028,4,0,0,11,0,1,1,1,1790953629
2026-10-02T15:07:31+00:00,2026-10-02T15:07:58.995863+00:00,2027855476515070160,2027855476515070160,7,0,0,20,0,1,1,1,1790953629
2026-10-02T15:07:31+00:00,2026-10-02T15:07:58.995863+00:00,2149920539832638004,2149920539832638004,7,0,1,6,0,1,1,1,1790953630
2026-10-02T15:07:31+00:00,2026-10-02T15:07:58.995863+00:00,2220033166406469278,2220033166406469278,10,3,0,5,0,1,1,1,1790953629
2026-10-02T15:07:31+00:00,2026-10-02T15:07:58.995863+00:00,5d17f129-af8c-4f30-bc58-6a8279052772,543,6,2,0,13,0,1,1,1,1790953629
2026-10-02T15:07:31+00:00,2026-10-02T15:07:58.995863+00:00,aefc33cd-40b9-48da-8b87-415428816bdb,488,8,0,0,7,0,1,1,1,1790953630
2026-10-02T15:07:31+00:00,2026-10-02T15:07:58.995863+00:00,f8346dbd-0de8-11e7-991c-3863bb43a7d0,16,8,3,1,10,0,1,1,1,1790953631
2026-10-02T15:07:31+00:00,2026-10-02T15:07:58.995863+00:00,97a1e4e7-a1ff-427a-aaea-48ca0d00bf9c,348,4,1,0,11,0,1,1,1,1790953631
2026-10-02T15:07:31+00:00,2026-10-02T15:07:58.995863+00:00,1ef5abb2-5af9-41f2-a0dd-1e44278ad9f1,502,4,0,0,7,0,1,1,1,1790953631
2026-10-02T15:07:31+00:00,2026-10-02T15:07:58.995863+00:00,cad0e759-b605-458a-b772-768dcce81dc6,372,8,4,0,10,0,1,1,1,1790953626
2026-10-02T15:07:31+00:00,2026-10-02T15:07:58.995863+00:00,f8351255-0de8-11e7-991c-3863bb43a7d0,174,11,2,2,2,0,1,1,1,1790953638
2026-10-02T15:07:31+00:00,2026-10-02T15:07:58.995863+00:00,2074236051937964826,2074236051937964826,9,0,1,5,1,1,1,1,1790953488
2026-10-02T15:07:31+00:00,2026-10-02T15:07:58.995863+00:00,1994461916590643872,1994461916590643872,7,5,0,4,0,1,1,1,1790953547
2026-10-02T15:07:31+00:00,2026-10-02T15:07:58.995863+00:00,f4a64c30-b97f-4ae5-b531-a11698b558d7,562,4,1,1,3,0,1,1,1,1790953546
2026-10-02T15:07:31+00:00,2026-10-02T15:07:58.995863+00:00,f83514f9-0de8-11e7-991c-3863bb43a7d0,180,12,2,1,6,0,1,1,1,1790953543
2026-10-02T15:07:31+00:00,2026-10-02T15:07:58.995863+00:00,f834d064-0de8-11e7-991c-3863bb43a7d0,118,4,0,3,12,0,1,1,1,1790953547
2026-10-02T15:07:31+00:00,2026-10-02T15:07:58.995863+00:00,dc770287-c70c-43ea-a635-39f3dc6b09cd,dc770287-c70c-43ea-a635-39f3dc6b09cd,5,4,0,6,0,1,1,1,1790953548
2026-10-02T15:07:31+00:00,2026-10-02T15:07:58.995863+00:00,a439fff7-8630-464c-b277-efca6f6bc664,531,3,0,2,10,0,1,1,1,1790953549
2026-10-02T15:07:31+00:00,2026-10-02T15:07:58.995863+00:00,dd008e3c-ff17-4c82-abe0-502272a62425,558,6,0,1,10,0,1,1,1,1790953550
2026-10-02T15:07:31+00:00,2026-10-02T15:07:58.995863+00:00,f835259f-0de8-11e7-991c-3863bb43a7d0,205,3,0,0,12,0,1,1,1,1790953521
2026-10-02T15:07:31+00:00,2026-10-02T15:07:58.995863+00:00,f834fb66-0de8-11e7-991c-3863bb43a7d0,139,2,0,0,17,0,1,1,1,1790953524
2026-10-02T15:07:31+00:00,2026-10-02T15:07:58.995863+00:00,7dd0fc98-c1dd-4c93-9c1d-4bbdf5f93346,473,12,8,0,2,0,1,1,1,1790953522
2026-10-02T15:07:31+00:00,2026-10-02T15:07:58.995863+00:00,c98f50f6-1901-4c64-b164-8cf33245e022,282,11,0,1,6,0,1,1,1,1790953528
2026-10-02T15:07:31+00:00,2026-10-02T15:07:58.995863+00:00,f83487f0-0de8-11e7-991c-3863bb43a7d0,54,4,0,0,11,0,1,1,1,1790953528
2026-10-02T15:07:31+00:00,2026-10-02T15:07:58.995863+00:00,f8346c01-0de8-11e7-991c-3863bb43a7d0,13,15,0,2,2,0,1,1,1,1790953535
2026-10-02T15:07:31+00:00,2026-10-02T15:07:58.995863+00:00,3f4f4ad4-a715-43d5-828f-f8381f26b66a,390,12,1,1,1,1,1,1,1,1790953538
2026-10-02T15:07:31+00:00,2026-10-02T15:07:58.995863+00:00,f1cafe36-f800-41f6-b74d-73953cb6394c,471,25,2,1,1,0,1,1,1,1790953541
2026-10-02T15:07:31+00:00,2026-10-02T15:07:58.995863+00:00,f8348924-0de8-11e7-991c-3863bb43a7d0,57,5,1,1,8,0,1,1,1,1790953540
2026-10-02T15:07:31+00:00,2026-10-02T15:07:58.995863+00:00,13681246-4bf8-444a-a908-fa165e4ad298,329,5,0,0,10,0,1,1,1,1790953555
2026-10-02T15:07:31+00:00,2026-10-02T15:07:58.995863+00:00,dd05a440-f881-410c-a071-864da11c634a,318,15,1,3,1,0,1,1,1,1790953557
2026-10-02T15:07:31+00:00,2026-10-02T15:07:58.995863+00:00,e3f5d039-a49e-4b3b-ab4d-4efbef2068c6,e3f5d039-a49e-4b3b-ab4d-4efbef2068c6,16,12,0,7,0,1,1,1,1790953557
2026-10-02T15:07:31+00:00,2026-10-02T15:07:58.995863+00:00,50cc3c7f-50ed-4c70-b483-c89f3f47c938,491,10,0,0,9,0,1,1,1,1790953561
2026-10-02T15:07:31+00:00,2026-10-02T15:07:58.995863+00:00,fae99a0c-e88a-4112-94d8-f655cf34e651,fae99a0c-e88a-4112-94d8-f655cf34e651,1,0,0,18,0,1,1,1,1790953561
2026-10-02T15:07:31+00:00,2026-10-02T15:07:58.995863+00:00,2002247509585342522,2002247509585342522,0,0,0,11,0,1,1,1,1790953562
2026-10-02T15:07:31+00:00,2026-10-02T15:07:58.995863+00:00,2113560016964645240,2113560016964645240,13,0,0,6,0,1,1,1,1790953565
2026-10-02T15:07:31+00:00,2026-10-02T15:07:58.995863+00:00,f8352c1a-0de8-11e7-991c-3863bb43a7d0,216,15,1,0,4,0,1,1,1,1790953563
2026-10-02T15:07:31+00:00,2026-10-02T15:07:58.995863+00:00,2111332861978124760,2111332861978124760,1,0,1,14,0,1,1,1,1790953563
2026-10-02T15:07:31+00:00,2026-10-02T15:07:58.995863+00:00,082262bd-086b-46c7-83ce-eed2b39142ff,416,5,0,0,10,0,1,1,1,1790953561
2026-10-02T15:07:31+00:00,2026-10-02T15:07:58.995863+00:00,f834923d-0de8-11e7-991c-3863bb43a7d0,65,7,3,0,12,0,1,1,1,1790953581
2026-10-02T15:07:31+00:00,2026-10-02T15:07:58.995863+00:00,f8353277-0de8-11e7-991c-3863bb43a7d0,218,9,3,0,6,0,1,1,1,1790953582
2026-10-02T15:07:31+00:00,2026-10-02T15:07:58.995863+00:00,b5894555-30a3-46db-918a-fdeb083d6001,336,13,4,2,0,0,1,1,1,1790953583
2026-10-02T15:07:31+00:00,2026-10-02T15:07:58.995863+00:00,c935cfb1-ef73-402e-9b86-83aaaac6534d,478,8,0,0,11,0,1,1,1,1790953583
2026-10-02T15:07:31+00:00,2026-10-02T15:07:58.995863+00:00,be7e7068-b85f-42c1-8ea1-e1d64e531323,be7e7068-b85f-42c1-8ea1-e1d64e531323,4,1,0,11,0,1,1,1,1790953579
2026-10-02T15:07:31+00:00,2026-10-02T15:07:58.995863+00:00,f8348021-0de8-11e7-991c-3863bb43a7d0,39,13,1,0,14,0,1,1,1,1790953580
2026-10-02T15:07:31+00:00,2026-10-02T15:07:58.995863+00:00,57caf362-1e8b-46aa-9ee3-82341c405ab0,271,14,6,0,1,0,1,1,1,1790953581
2026-10-02T15:07:31+00:00,2026-10-02T15:07:58.995863+00:00,2120986392451359068,2120986392451359068,2,0,0,17,0,1,1,1,1790953599
2026-10-02T15:07:31+00:00,2026-10-02T15:07:58.995863+00:00,634b697d-0e64-4102-8849-abac7a7f8e35,455,10,0,1,1,0,1,1,1,1790953600
2026-10-02T15:07:31+00:00,2026-10-02T15:07:58.995863+00:00,1e3beeb4-f8e1-452c-93e5-48df78d4b313,334,8,0,0,10,0,1,1,1,1790953601
2026-10-02T15:07:31+00:00,2026-10-02T15:07:58.995863+00:00,dd8dee9d-d044-41d6-9371-8463cf9c671b,526,5,3,0,10,0,1,1,1,1790953598
2026-10-02T15:07:31+00:00,2026-10-02T15:07:58.995863+00:00,1206f5c8-7d1f-4c32-9d65-f3e80186fbde,511,10,8,0,9,0,1,1,1,1790953597
2026-10-02T15:07:31+00:00,2026-10-02T15:07:58.995863+00:00,3a6d94a7-9fee-41c5-b8cc-a8487c5e691b,549,6,0,2,15,0,1,1,1,1790953597
2026-10-02T15:07:31+00:00,2026-10-02T15:07:58.995863+00:00,a9bc314b-a3fd-46e5-a63b-f005258bba5f,a9bc314b-a3fd-46e5-a63b-f005258bba5f,1,0,0,17,0,1,1,1,1790953601
2026-10-02T15:07:31+00:00,2026-10-02T15:07:58.995863+00:00,fbb9b58c-2b92-4bcf-8e4c-a982e40d2f39,221,18,0,0,1,0,1,1,1,1790953609
2026-10-02T15:07:31+00:00,2026-10-02T15:07:58.995863+00:00,f8350c56-0de8-11e7-991c-3863bb43a7d0,161,0,0,0,23,0,1,1,1,1790953609
2026-10-02T15:07:31+00:00,2026-10-02T15:07:58.995863+00:00,f834fda2-0de8-11e7-991c-3863bb43a7d0,143,14,1,0,9,0,1,1,1,1790953607
2026-10-02T15:07:31+00:00,2026-10-02T15:07:58.995863+00:00,2248987790637065652,2248987790637065652,6,1,1,5,0,1,1,1,1790953601
2026-10-02T15:07:31+00:00,2026-10-02T15:07:58.995863+00:00,2136546016037880534,2136546016037880534,8,0,0,7,0,1,1,1,1790953607
2026-10-02T15:07:31+00:00,2026-10-02T15:07:58.995863+00:00,2158217922577811100,2158217922577811100,6,1,0,13,0,1,1,1,1790953609
2026-10-02T15:07:31+00:00,2026-10-02T15:07:58.995863+00:00,1963273678015717438,1963273678015717438,8,0,1,10,0,1,1,1,1790953569
2026-10-02T15:07:31+00:00,2026-10-02T15:07:58.995863+00:00,609c2f06-310e-4134-8dd2-3d23aa41487b,609c2f06-310e-4134-8dd2-3d23aa41487b,8,1,1,13,0,1,1,1,1790953565
2026-10-02T15:07:31+00:00,2026-10-02T15:07:58.995863+00:00,f8351ff1-0de8-11e7-991c-3863bb43a7d0,193,12,0,0,3,0,1,1,1,1790953566
2026-10-02T15:07:31+00:00,2026-10-02T15:07:58.995863+00:00,af066ffd-b892-434f-8532-1982fc408780,480,0,0,1,10,0,1,1,1,1790953571
2026-10-02T15:07:31+00:00,2026-10-02T15:07:58.995863+00:00,0bc49982-74e9-4bbf-9991-e3d809d6319e,530,1,0,0,18,0,1,1,1,1790953574
2026-10-02T15:07:31+00:00,2026-10-02T15:07:58.995863+00:00,68323451-daf0-4532-a6cb-b070e3ef358f,68323451-daf0-4532-a6cb-b070e3ef358f,8,1,3,8,0,1,1,1,1790953566
2026-10-02T15:07:31+00:00,2026-10-02T15:07:58.995863+00:00,e49a5b83-2c9c-4610-a48b-89cfea172c8f,504,3,0,0,8,0,1,1,1,1790953567
2026-10-02T15:07:31+00:00,2026-10-02T15:07:58.995863+00:00,f8347361-0de8-11e7-991c-3863bb43a7d0,26,4,0,0,11,0,1,1,1,1790953567
2026-10-02T15:07:31+00:00,2026-10-02T15:07:58.995863+00:00,910f1452-dbeb-4e69-b226-71b2d7e85715,910f1452-dbeb-4e69-b226-71b2d7e85715,6,2,1,3,0,1,1,1,1790953578
2026-10-02T15:07:31+00:00,2026-10-02T15:07:58.995863+00:00,f8352a4d-0de8-11e7-991c-3863bb43a7d0,212,11,1,0,21,0,1,1,1,1790953575
2026-10-02T15:07:31+00:00,2026-10-02T15:07:58.995863+00:00,f835141c-0de8-11e7-991c-3863bb43a7d0,178,1,0,0,18,0,1,1,1,1790953575
2026-10-02T15:07:31+00:00,2026-10-02T15:07:58.995863+00:00,2115804056935012722,2115804056935012722,0,0,0,19,0,1,1,1,1790953575
2026-10-02T15:07:31+00:00,2026-10-02T15:07:58.995863+00:00,25cc602a-152a-4abe-9df8-a131d0a5d94b,235,2,0,0,13,0,1,1,1,1790953576
2026-10-02T15:07:31+00:00,2026-10-02T15:07:58.995863+00:00,ee0fa23e-a6c2-474d-a6ef-bf581d63f1ae,ee0fa23e-a6c2-474d-a6ef-bf581d63f1ae,2,1,0,9,0,1,1,1,1790953587
2026-10-02T15:07:31+00:00,2026-10-02T15:07:58.995863+00:00,f834ffc9-0de8-11e7-991c-3863bb43a7d0,146,6,5,0,13,0,1,1,1,1790953623
2026-10-02T15:07:31+00:00,2026-10-02T15:07:58.995863+00:00,f8349672-0de8-11e7-991c-3863bb43a7d0,72,21,0,0,3,0,1,1,1,1790953625
2026-10-02T15:07:31+00:00,2026-10-02T15:07:58.995863+00:00,f834b652-0de8-11e7-991c-3863bb43a7d0,104,12,2,1,4,0,1,1,1,1790953625
2026-10-02T15:07:31+00:00,2026-10-02T15:07:58.995863+00:00,f8351e42-0de8-11e7-991c-3863bb43a7d0,189,22,6,0,1,0,1,1,1,1790953622
2026-10-02T15:07:31+00:00,2026-10-02T15:07:58.995863+00:00,2100948177843249670,2100948177843249670,10,7,0,1,0,1,1,1,1790953624
2026-10-02T15:07:31+00:00,2026-10-02T15:07:58.995863+00:00,2fded452-cbd0-4248-b008-f8a61ed9a85f,2fded452-cbd0-4248-b008-f8a61ed9a85f,3,1,0,12,0,1,1,1,1790953625
2026-10-02T15:07:31+00:00,2026-10-02T15:07:58.995863+00:00,2035765531590062506,2035765531590062506,2,0,0,8,1,1,1,1,1790953626
2026-10-02T15:07:31+00:00,2026-10-02T15:07:58.995863+00:00,f8350be5-0de8-11e7-991c-3863bb43a7d0,160,4,1,0,10,0,1,1,1,1790953590
2026-10-02T15:07:31+00:00,2026-10-02T15:07:58.995863+00:00,2126939746529359956,2126939746529359956,1,0,0,18,0,1,1,1,1790953590
2026-10-02T15:07:31+00:00,2026-10-02T15:07:58.995863+00:00,a51b429f-bf06-425a-b3fe-b3155aa6468c,a51b429f-bf06-425a-b3fe-b3155aa6468c,3,0,0,8,0,1,1,1,1790953596
2026-10-02T15:07:31+00:00,2026-10-02T15:07:58.995863+00:00,ee18dbd6-05b8-4d38-a120-f84c3499a77e,519,1,1,0,10,0,1,1,1,1790953591
2026-10-02T15:07:31+00:00,2026-10-02T15:07:58.995863+00:00,2256120653476329202,2256120653476329202,8,1,0,7,0,1,1,1,1790953592
2026-10-02T15:07:31+00:00,2026-10-02T15:07:58.995863+00:00,2131714490587826928,2131714490587826928,13,9,0,3,0,1,1,1,1790953595
2026-10-02T15:07:31+00:00,2026-10-02T15:07:58.995863+00:00,2012646293885032702,2012646293885032702,20,8,1,3,0,1,1,1,1790953606
2026-10-02T15:07:31+00:00,2026-10-02T15:07:58.995863+00:00,f834db9b-0de8-11e7-991c-3863bb43a7d0,121,3,2,2,12,0,1,1,1,1790953601
2026-10-02T15:07:31+00:00,2026-10-02T15:07:58.995863+00:00,f835027c-0de8-11e7-991c-3863bb43a7d0,152,22,3,0,5,0,1,1,1,1790953602
2026-10-02T15:07:31+00:00,2026-10-02T15:07:58.995863+00:00,8b703219-1e16-4ba1-9f46-2b7030c7849a,360,0,0,0,15,0,1,1,1,1790953612
2026-10-02T15:07:31+00:00,2026-10-02T15:07:58.995863+00:00,2080157934789007958,2080157934789007958,18,3,0,1,0,1,1,1,1790953612
2026-10-02T15:07:31+00:00,2026-10-02T15:07:58.995863+00:00,a9d13461-7f0f-47b0-9a97-8ec9e9792865,533,3,0,0,16,0,1,1,1,1790953612
2026-10-02T15:07:31+00:00,2026-10-02T15:07:58.995863+00:00,f8352150-0de8-11e7-991c-3863bb43a7d0,196,6,1,0,4,0,1,1,1,1790953615
2026-10-02T15:07:31+00:00,2026-10-02T15:07:58.995863+00:00,f834b50a-0de8-11e7-991c-3863bb43a7d0,102,7,3,0,8,0,1,1,1,1790953616
2026-10-02T15:07:31+00:00,2026-10-02T15:07:58.995863+00:00,4caf6e93-ddd7-4b6f-9e61-f9df1206ac92,4caf6e93-ddd7-4b6f-9e61-f9df1206ac92,5,0,1,13,0,1,1,1,1790953615
2026-10-02T15:07:31+00:00,2026-10-02T15:07:58.995863+00:00,2079440939380771716,2079440939380771716,5,3,0,5,0,1,1,1,1790953613
2026-10-02T15:07:31+00:00,2026-10-02T15:07:58.995863+00:00,f834a32d-0de8-11e7-991c-3863bb43a7d0,86,22,2,2,1,0,1,1,1,1790953615
2026-10-02T15:07:31+00:00,2026-10-02T15:07:58.995863+00:00,2223046412750968128,2223046412750968128,4,2,0,15,0,1,1,1,1790953617
2026-10-02T15:07:31+00:00,2026-10-02T15:07:58.995863+00:00,1961066392414132348,1961066392414132348,17,3,1,1,0,1,1,1,1790953618
2026-10-02T15:07:31+00:00,2026-10-02T15:07:58.995863+00:00,2124668538068359456,2124668538068359456,6,0,0,13,0,1,1,1,1790953619
2026-10-02T15:07:31+00:00,2026-10-02T15:07:58.995863+00:00,f836bc28-36a7-4ca6-bba6-0d75333d84bb,538,13,2,0,6,0,1,1,1,1790953619
2026-10-02T15:07:31+00:00,2026-10-02T15:07:58.995863+00:00,f834ff5a-0de8-11e7-991c-3863bb43a7d0,145,12,0,0,7,0,1,1,1,1790953619
2026-10-02T15:07:31+00:00,2026-10-02T15:07:58.995863+00:00,31382324-2931-491a-827a-40149e45afee,232,2,0,0,9,0,1,1,1,1790953619
2026-10-02T15:07:31+00:00,2026-10-02T15:07:58.995863+00:00,b0b8e427-7203-4844-9c70-129e08a74452,347,10,3,1,3,0,1,1,1,1790953620
2026-10-02T15:07:31+00:00,2026-10-02T15:07:58.995863+00:00,3dbbb3cb-b52d-46f8-8f9c-db11e83d081c,327,9,0,1,4,0,1,1,1,1790953617
2026-10-02T15:07:31+00:00,2026-10-02T15:07:58.995863+00:00,3c837bc0-fd08-49c4-adf5-0e9a98e918a7,524,6,1,1,8,0,1,1,1,1790953616
2026-10-02T15:07:31+00:00,2026-10-02T15:07:58.995863+00:00,d81e16e2-a410-4a0b-b5ae-b72748fc9781,d81e16e2-a410-4a0b-b5ae-b72748fc9781,8,2,0,11,0,1,1,1,1790953618
2026-10-02T15:07:31+00:00,2026-10-02T15:07:58.995863+00:00,3b158c7a-a362-43ae-af1f-121b78be32d7,483,15,0,0,2,0,1,1,1,1790953621
2026-10-02T15:07:31+00:00,2026-10-02T15:07:58.995863+00:00,f8348857-0de8-11e7-991c-3863bb43a7d0,55,6,0,0,9,0,1,1,1,1790953621
2026-10-02T15:07:31+00:00,2026-10-02T15:07:58.995863+00:00,8f51f8f1-ecb8-4cd3-8529-296a03140c51,8f51f8f1-ecb8-4cd3-8529-296a03140c51,9,3,0,10,0,1,1,1,1790953617
2026-10-02T15:07:31+00:00,2026-10-02T15:07:58.995863+00:00,f8346a3c-0de8-11e7-991c-3863bb43a7d0,10,8,2,0,4,0,1,1,1,1790953617
2026-10-02T15:07:31+00:00,2026-10-02T15:07:58.995863+00:00,66763558-7a03-48a9-8665-6b4445b81f48,458,8,0,0,7,0,1,1,1,1790953617
2026-10-02T15:07:31+00:00,2026-10-02T15:07:58.995863+00:00,3de6e5da-9702-4623-8683-26abd98012a8,525,6,1,0,6,0,1,1,1,1790953621
2026-10-02T15:07:31+00:00,2026-10-02T15:07:58.995863+00:00,2071724371800490690,2071724371800490690,7,2,0,13,0,1,1,1,1790953632
2026-10-02T15:07:31+00:00,2026-10-02T15:07:58.995863+00:00,0cb6d635-6a7d-4d75-89b4-36b12616be12,432,14,10,0,5,0,1,1,1,1790953632
2026-10-02T15:07:31+00:00,2026-10-02T15:07:58.995863+00:00,4764641e-b080-4c70-a1e1-049de81e09d0,273,29,1,4,7,0,1,1,1,1790953629
2026-10-02T15:07:31+00:00,2026-10-02T15:07:58.995863+00:00,2004828637786472956,2004828637786472956,8,0,1,9,1,1,1,1,1790953627
2026-10-02T15:07:31+00:00,2026-10-02T15:07:58.995863+00:00,f8348781-0de8-11e7-991c-3863bb43a7d0,53,1,0,1,17,0,1,1,1,1790953628
2026-10-02T15:07:31+00:00,2026-10-02T15:07:58.995863+00:00,2253794653988522864,2253794653988522864,2,0,0,17,0,1,1,1,1790953628
2026-10-02T15:07:31+00:00,2026-10-02T15:07:58.995863+00:00,f8349d6e-0de8-11e7-991c-3863bb43a7d0,79,10,1,0,8,0,1,1,1,1790953631
2026-10-02T15:07:31+00:00,2026-10-02T15:07:58.995863+00:00,1984021766354634770,1984021766354634770,7,1,1,11,0,1,1,1,1790953634
2026-10-02T15:07:31+00:00,2026-10-02T15:07:58.995863+00:00,f8349de4-0de8-11e7-991c-3863bb43a7d0,80,32,4,1,1,0,1,1,1,1790953634
2026-10-02T15:07:31+00:00,2026-10-02T15:07:58.995863+00:00,f83472d3-0de8-11e7-991c-3863bb43a7d0,25,1,0,0,14,0,1,1,1,1790953636
2026-10-02T15:07:31+00:00,2026-10-02T15:07:58.995863+00:00,f8352306-0de8-11e7-991c-3863bb43a7d0,199,4,3,0,11,0,1,1,1,1790953636
2026-10-02T15:07:31+00:00,2026-10-02T15:07:58.995863+00:00,efd724b2-31cb-4aec-b9d9-8ab79271630c,493,10,0,0,7,0,1,1,1,1790953636
2026-10-02T15:07:31+00:00,2026-10-02T15:07:58.995863+00:00,a3b94ed8-8301-4ec6-baf2-64ac493b5106,529,4,1,2,10,0,1,1,1,1790953637
2026-10-02T15:07:31+00:00,2026-10-02T15:07:58.995863+00:00,2171110977443594588,2171110977443594588,7,0,1,7,0,1,1,1,1790953638
2026-10-02T15:07:31+00:00,2026-10-02T15:07:58.995863+00:00,12141b77-6e5f-444b-bace-2abf16db4fee,12141b77-6e5f-444b-bace-2abf16db4fee,0,0,7,4,0,1,0,0,1790828072
2026-10-02T15:07:31+00:00,2026-10-02T15:07:58.995863+00:00,1989983491501558234,1989983491501558234,0,0,5,6,0,1,0,0,1790932396
2026-10-02T15:07:31+00:00,2026-10-02T15:07:58.995863+00:00,aa556ad4-0092-4687-96c2-8dbc69addb56,485,4,3,0,7,0,1,1,1,1790953546
2026-10-02T15:07:31+00:00,2026-10-02T15:07:58.995863+00:00,bd3d4824-7203-4edc-a314-cea2b413e886,319,3,0,1,22,1,1,1,1,1790953547
2026-10-02T15:07:31+00:00,2026-10-02T15:07:58.995863+00:00,f8347b1e-0de8-11e7-991c-3863bb43a7d0,30,13,1,1,1,0,1,1,1,1790953548
2026-10-02T15:07:31+00:00,2026-10-02T15:07:58.995863+00:00,42886366-9cbf-432c-ba84-beef38877c87,408,6,0,0,9,0,1,1,1,1790953548
2026-10-02T15:07:31+00:00,2026-10-02T15:07:58.995863+00:00,eee3aab6-bd98-4d1f-8887-9c4e2adce482,eee3aab6-bd98-4d1f-8887-9c4e2adce482,7,1,0,4,0,1,1,1,1790953518
2026-10-02T15:07:31+00:00,2026-10-02T15:07:58.995863+00:00,8347c34d-68df-404b-ac58-7a387cc3ce4b,414,10,2,0,13,0,1,1,1,1790953522
2026-10-02T15:07:31+00:00,2026-10-02T15:07:58.995863+00:00,f8352068-0de8-11e7-991c-3863bb43a7d0,194,9,0,0,10,0,1,1,1,1790953525
2026-10-02T15:07:31+00:00,2026-10-02T15:07:58.995863+00:00,2002248857751890568,2002248857751890568,8,5,0,3,0,1,1,1,1790953524
2026-10-02T15:07:31+00:00,2026-10-02T15:07:58.995863+00:00,f83512c9-0de8-11e7-991c-3863bb43a7d0,175,16,2,1,0,0,1,1,1,1790953531
2026-10-02T15:07:31+00:00,2026-10-02T15:07:58.995863+00:00,2225590560002383786,2225590560002383786,6,1,0,9,0,1,1,1,1790953531
2026-10-02T15:07:31+00:00,2026-10-02T15:07:58.995863+00:00,f834dedf-0de8-11e7-991c-3863bb43a7d0,124,3,0,0,11,0,1,1,1,1790953529
2026-10-02T15:07:31+00:00,2026-10-02T15:07:58.995863+00:00,f8351dc2-0de8-11e7-991c-3863bb43a7d0,188,6,0,0,9,0,1,1,1,1790953529
2026-10-02T15:07:31+00:00,2026-10-02T15:07:58.995863+00:00,4fe8e777-345b-4fc2-a684-dd874e8186d8,4fe8e777-345b-4fc2-a684-dd874e8186d8,6,6,0,8,0,1,1,1,1790953534
2026-10-02T15:07:31+00:00,2026-10-02T15:07:58.995863+00:00,9c8366d8-3b58-4894-b281-09e22f6fe5f7,464,1,0,2,8,0,1,1,1,1790953538
2026-10-02T15:07:31+00:00,2026-10-02T15:07:58.995863+00:00,f8350204-0de8-11e7-991c-3863bb43a7d0,151,5,0,0,14,0,1,1,1,1790953541
2026-10-02T15:07:31+00:00,2026-10-02T15:07:58.995863+00:00,f8346f6f-0de8-11e7-991c-3863bb43a7d0,19,12,1,0,2,0,1,1,1,1790953541
2026-10-02T15:07:31+00:00,2026-10-02T15:07:58.995863+00:00,be18593a-9e4c-4a13-8bb2-a5bac3d9b2b3,547,8,1,0,10,0,1,1,1,1790953554
2026-10-02T15:07:31+00:00,2026-10-02T15:07:58.995863+00:00,c202f2ca-ec1d-4dc5-a734-e0a342f23ba4,279,18,0,0,5,0,1,1,1,1790953554
2026-10-02T15:07:31+00:00,2026-10-02T15:07:58.995863+00:00,065e0e5d-8a0d-49b7-9c1f-c8eaba51a8b4,490,10,2,1,7,0,1,1,1,1790953558
2026-10-02T15:07:31+00:00,2026-10-02T15:07:58.995863+00:00,f8351490-0de8-11e7-991c-3863bb43a7d0,179,0,0,1,51,0,1,1,1,1790953556
2026-10-02T15:07:31+00:00,2026-10-02T15:07:58.995863+00:00,f83520d8-0de8-11e7-991c-3863bb43a7d0,195,13,1,0,10,0,1,1,1,1790953561
2026-10-02T15:07:31+00:00,2026-10-02T15:07:58.995863+00:00,53548ba4-ad0a-4d92-8e57-fd5c9f3ad102,399,3,1,0,12,0,1,1,1,1790953562
2026-10-02T15:07:31+00:00,2026-10-02T15:07:58.995863+00:00,bd1755dc-f26c-420e-85b3-fd025d0b5445,554,9,0,2,4,0,1,1,1,1790953559
2026-10-02T15:07:31+00:00,2026-10-02T15:07:58.995863+00:00,81bfc33b-30d8-4881-b261-712715a8b2bc,363,4,0,0,14,0,1,1,1,1790953564
2026-10-02T15:07:31+00:00,2026-10-02T15:07:58.995863+00:00,f0f01d4c-ba4a-4ab2-9cc0-9fa1f9223300,394,9,6,1,4,0,1,1,1,1790953565
2026-10-02T15:07:31+00:00,2026-10-02T15:07:58.995863+00:00,d1c0b0c2-6e4c-424e-a946-a2a95a711633,422,1,0,0,14,0,1,1,1,1790953563
2026-10-02T15:07:31+00:00,2026-10-02T15:07:58.995863+00:00,f834fede-0de8-11e7-991c-3863bb43a7d0,144,4,1,1,14,0,1,1,1,1790953566
2026-10-02T15:07:31+00:00,2026-10-02T15:07:58.995863+00:00,f8352378-0de8-11e7-991c-3863bb43a7d0,200,11,1,0,8,0,1,1,1,1790953566
2026-10-02T15:07:31+00:00,2026-10-02T15:07:58.995863+00:00,2071630998981871920,2071630998981871920,4,0,0,16,0,1,1,1,1790953563
2026-10-02T15:07:31+00:00,2026-10-02T15:07:58.995863+00:00,e32c0bb9-e85b-4764-b0fb-5c582cfd3a90,340,9,5,0,8,2,1,1,1,1790953566
2026-10-02T15:07:31+00:00,2026-10-02T15:07:58.995863+00:00,f834f8ca-0de8-11e7-991c-3863bb43a7d0,137,9,1,0,10,0,1,1,1,1790953565
2026-10-02T15:07:31+00:00,2026-10-02T15:07:58.995863+00:00,f83480a9-0de8-11e7-991c-3863bb43a7d0,40,10,0,1,20,0,1,1,1,1790953571
2026-10-02T15:07:31+00:00,2026-10-02T15:07:58.995863+00:00,f8351eb0-0de8-11e7-991c-3863bb43a7d0,190,10,0,0,27,0,1,1,1,1790953570
2026-10-02T15:07:31+00:00,2026-10-02T15:07:58.995863+00:00,f714390d-6874-43fa-a079-a07f83c79c7b,f714390d-6874-43fa-a079-a07f83c79c7b,2,1,0,9,0,1,1,1,1790953570
2026-10-02T15:07:31+00:00,2026-10-02T15:07:58.995863+00:00,a83f982f-a4f1-43e4-98e8-c8f4a0bb7290,452,6,1,1,8,0,1,1,1,1790953568
2026-10-02T15:07:31+00:00,2026-10-02T15:07:58.995863+00:00,f834ba08-0de8-11e7-991c-3863bb43a7d0,108,15,0,1,0,0,1,1,1,1790953571
2026-10-02T15:07:31+00:00,2026-10-02T15:07:58.995863+00:00,2267959380696438832,2267959380696438832,7,0,0,4,0,1,1,1,1790953571
2026-10-02T15:07:31+00:00,2026-10-02T15:07:58.995863+00:00,5f8ced09-665c-41e5-b67e-1e58fac21830,521,9,1,0,2,0,1,1,1,1790953574
2026-10-02T15:07:31+00:00,2026-10-02T15:07:58.995863+00:00,52485851-e554-49de-ab9f-f536806d2d34,52485851-e554-49de-ab9f-f536806d2d34,3,0,0,8,0,1,1,1,1790953574
2026-10-02T15:07:31+00:00,2026-10-02T15:07:58.995863+00:00,2d32e355-faee-407b-9bb7-45d80ffb059a,2d32e355-faee-407b-9bb7-45d80ffb059a,15,3,0,4,0,1,1,1,1790953573
2026-10-02T15:07:31+00:00,2026-10-02T15:07:58.995863+00:00,2129865213174084448,2129865213174084448,9,0,0,10,0,1,1,1,1790953573
2026-10-02T15:07:31+00:00,2026-10-02T15:07:58.995863+00:00,7feae3ce-ddf2-4a45-a123-1209c8a9182b,484,6,1,0,5,0,1,1,1,1790953575
2026-10-02T15:07:31+00:00,2026-10-02T15:07:58.995863+00:00,f8349e56-0de8-11e7-991c-3863bb43a7d0,81,4,0,1,14,0,1,1,1,1790953576
2026-10-02T15:07:31+00:00,2026-10-02T15:07:58.995863+00:00,5bbdd12f-fec4-4741-9d5d-4a60834c5d02,377,9,0,0,10,0,1,1,1,1790953577
2026-10-02T15:07:31+00:00,2026-10-02T15:07:58.995863+00:00,f834a7d1-0de8-11e7-991c-3863bb43a7d0,91,5,0,1,13,0,1,1,1,1790953576
2026-10-02T15:07:31+00:00,2026-10-02T15:07:58.995863+00:00,9f582e05-15e0-4a39-aef5-c719e0c78e26,466,1,0,2,8,0,1,1,1,1790953576
2026-10-02T15:07:31+00:00,2026-10-02T15:07:58.995863+00:00,c23a4c0d-7e43-4042-80e2-7c894d07763b,559,6,2,0,5,0,1,1,1,1790953582
2026-10-02T15:07:31+00:00,2026-10-02T15:07:58.995863+00:00,1676a6f7-c417-48d2-92e8-5ce21995efc3,374,9,0,0,9,0,1,1,1,1790953577
2026-10-02T15:07:31+00:00,2026-10-02T15:07:58.995863+00:00,f83481c5-0de8-11e7-991c-3863bb43a7d0,42,8,3,0,23,0,1,1,1,1790953578
2026-10-02T15:07:31+00:00,2026-10-02T15:07:58.995863+00:00,f8351726-0de8-11e7-991c-3863bb43a7d0,185,5,0,2,8,0,1,1,1,1790953583
2026-10-02T15:07:31+00:00,2026-10-02T15:07:58.995863+00:00,2130224177726511580,2130224177726511580,6,4,0,9,0,1,1,1,1790953583
2026-10-02T15:07:31+00:00,2026-10-02T15:07:58.995863+00:00,f83471a1-0de8-11e7-991c-3863bb43a7d0,23,8,6,1,15,1,1,1,1,1790953588
2026-10-02T15:07:31+00:00,2026-10-02T15:07:58.995863+00:00,f834b99d-0de8-11e7-991c-3863bb43a7d0,107,11,2,0,6,0,1,1,1,1790953587
2026-10-02T15:07:31+00:00,2026-10-02T15:07:58.995863+00:00,f834658f-0de8-11e7-991c-3863bb43a7d0,4,10,0,0,9,0,1,1,1,1790953587
2026-10-02T15:07:31+00:00,2026-10-02T15:07:58.995863+00:00,1978882443666915710,1978882443666915710,7,0,0,10,1,1,1,1,1790953591
2026-10-02T15:07:31+00:00,2026-10-02T15:07:58.995863+00:00,0daf7408-7a15-4d2b-8c39-f1a097cdbe85,403,1,0,1,13,0,1,1,1,1790953591
2026-10-02T15:07:31+00:00,2026-10-02T15:07:58.995863+00:00,4c128753-6fde-4d4c-896e-a1adf89ada98,4c128753-6fde-4d4c-896e-a1adf89ada98,22,4,1,1,1,1,1,1,1790953589
2026-10-02T15:07:31+00:00,2026-10-02T15:07:58.995863+00:00,2123672938202825324,2123672938202825324,1,0,0,14,0,1,1,1,1790953589
2026-10-02T15:07:31+00:00,2026-10-02T15:07:58.995863+00:00,f83529e2-0de8-11e7-991c-3863bb43a7d0,211,4,0,0,11,0,1,1,1,1790953589
2026-10-02T15:07:31+00:00,2026-10-02T15:07:58.995863+00:00,47c44bb1-d065-41f5-ad79-c18aee60af34,342,0,0,2,10,0,1,1,1,1790953591
2026-10-02T15:07:31+00:00,2026-10-02T15:07:58.995863+00:00,4f25f6ef-236b-43b4-8a92-68a24db0504b,4f25f6ef-236b-43b4-8a92-68a24db0504b,5,1,0,9,0,1,1,1,1790953594
2026-10-02T15:07:31+00:00,2026-10-02T15:07:58.995863+00:00,f83483f3-0de8-11e7-991c-3863bb43a7d0,46,1,0,0,38,0,1,1,1,1790953594
2026-10-02T15:07:31+00:00,2026-10-02T15:07:58.995863+00:00,f8350a84-0de8-11e7-991c-3863bb43a7d0,157,11,2,0,4,0,1,1,1,1790953592
2026-10-02T15:07:31+00:00,2026-10-02T15:07:58.995863+00:00,228b8017-e4da-4722-9223-b8279a14b8ad,448,2,2,0,8,0,1,1,1,1790953595
2026-10-02T15:07:31+00:00,2026-10-02T15:07:58.995863+00:00,6e340d8e-45db-4fd9-b6eb-b74ec73b0d3e,535,6,0,0,9,0,1,1,1,1790953595
2026-10-02T15:07:31+00:00,2026-10-02T15:07:58.995863+00:00,e2c306f6-82c7-4d0d-89fd-c9452d2f9ad1,361,30,4,3,10,0,1,1,1,1790953595
2026-10-02T15:07:31+00:00,2026-10-02T15:07:58.995863+00:00,186accbb-6a08-4e1d-b267-9033c4443a56,401,10,0,0,5,0,1,1,1,1790953596
2026-10-02T15:07:31+00:00,2026-10-02T15:07:58.995863+00:00,ad2fb6f2-921f-440c-83de-08be76e35c2a,468,7,0,0,8,0,1,1,1,1790953596
2026-10-02T15:07:31+00:00,2026-10-02T15:07:58.995863+00:00,1a39ab83-f029-4134-aad4-35380b30bf2c,1a39ab83-f029-4134-aad4-35380b30bf2c,8,0,0,11,0,1,1,1,1790953597
2026-10-02T15:07:31+00:00,2026-10-02T15:07:58.995863+00:00,f834a838-0de8-11e7-991c-3863bb43a7d0,92,11,3,2,5,0,1,1,1,1790953598
2026-10-02T15:07:31+00:00,2026-10-02T15:07:58.995863+00:00,2096125468116637776,2096125468116637776,5,1,1,8,0,1,1,1,1790953601
2026-10-02T15:07:31+00:00,2026-10-02T15:07:58.995863+00:00,1976642295079838524,1976642295079838524,6,0,0,5,0,1,1,1,1790953600
2026-10-02T15:07:31+00:00,2026-10-02T15:07:58.995863+00:00,2093488029445054742,2093488029445054742,5,1,1,22,0,1,1,1,1790953602
2026-10-02T15:07:31+00:00,2026-10-02T15:07:58.995863+00:00,2109111257926871498,2109111257926871498,0,0,0,19,0,1,1,1,1790953599
2026-10-02T15:07:31+00:00,2026-10-02T15:07:58.995863+00:00,fe534b6f-61ad-47d3-b9f6-cdaa128f53a4,395,3,0,0,12,0,1,1,1,1790953604
2026-10-02T15:07:31+00:00,2026-10-02T15:07:58.995863+00:00,c5017e67-cada-4549-a52e-0f13dddd289d,424,9,0,0,10,0,1,1,1,1790953605
2026-10-02T15:07:31+00:00,2026-10-02T15:07:58.995863+00:00,f834ea45-0de8-11e7-991c-3863bb43a7d0,130,8,0,0,7,0,1,1,1,1790953605
2026-10-02T15:07:31+00:00,2026-10-02T15:07:58.995863+00:00,13d4171b-6d93-490e-923f-f2a17d5c7613,13d4171b-6d93-490e-923f-f2a17d5c7613,4,4,3,4,0,1,1,1,1790953606
2026-10-02T15:07:31+00:00,2026-10-02T15:07:58.995863+00:00,00802fe6-4268-4dc8-8f55-0dbbc1665ce6,515,0,0,1,18,0,1,1,1,1790953606
2026-10-02T15:07:31+00:00,2026-10-02T15:07:58.995863+00:00,2254164250455119196,2254164250455119196,7,4,0,8,0,1,1,1,1790953606
2026-10-02T15:07:31+00:00,2026-10-02T15:07:58.995863+00:00,1942556871369959976,1942556871369959976,8,0,0,11,0,1,1,1,1790953608
2026-10-02T15:07:31+00:00,2026-10-02T15:07:58.995863+00:00,ed6c012e-6d6c-41e7-8e01-90749fd67575,546,8,6,0,8,0,1,1,1,1790953608
2026-10-02T15:07:31+00:00,2026-10-02T15:07:58.995863+00:00,a3bf0bfe-198b-4160-a2fb-cc7d10cfb4cf,a3bf0bfe-198b-4160-a2fb-cc7d10cfb4cf,9,1,1,9,0,1,1,1,1790953608
2026-10-02T15:07:31+00:00,2026-10-02T15:07:58.995863+00:00,2220822464984366036,2220822464984366036,10,7,0,1,1,1,1,1,1790953608
2026-10-02T15:07:31+00:00,2026-10-02T15:07:58.995863+00:00,2118368356250680236,2118368356250680236,5,1,0,11,0,1,1,1,1790953609
2026-10-02T15:07:31+00:00,2026-10-02T15:07:58.995863+00:00,0b0467c1-0c90-4529-a556-fe4d57835bbb,435,13,10,0,1,1,1,1,1,1790953609
2026-10-02T15:07:31+00:00,2026-10-02T15:07:58.995863+00:00,2002579415401984808,2002579415401984808,6,2,0,5,0,1,1,1,1790953613
2026-10-02T15:07:31+00:00,2026-10-02T15:07:58.995863+00:00,93381e13-cd04-4e10-ac81-9f5926aa01d5,333,19,2,1,5,0,1,1,1,1790953611
2026-10-02T15:07:31+00:00,2026-10-02T15:07:58.995863+00:00,2249419943962214726,2249419943962214726,1,0,0,18,0,1,1,1,1790953624
2026-10-02T15:07:31+00:00,2026-10-02T15:07:58.995863+00:00,a75d3da1-ce74-447f-8e80-52506a81aff3,a75d3da1-ce74-447f-8e80-52506a81aff3,1,1,0,10,0,1,1,1,1790953627
2026-10-02T15:07:31+00:00,2026-10-02T15:07:58.995863+00:00,f8348a68-0de8-11e7-991c-3863bb43a7d0,60,8,1,0,11,0,1,1,1,1790953626
2026-10-02T15:07:31+00:00,2026-10-02T15:07:58.995863+00:00,2104f242-2dde-4ec0-8197-4454b1021ac1,381,1,0,2,20,1,1,1,1,1790953623
2026-10-02T15:07:31+00:00,2026-10-02T15:07:58.995863+00:00,2131760674371160748,2131760674371160748,1,0,1,18,0,1,1,1,1790953623
2026-10-02T15:07:31+00:00,2026-10-02T15:07:58.995863+00:00,2038981933682610536,2038981933682610536,8,2,0,7,1,1,1,1,1790953624
2026-10-02T15:07:31+00:00,2026-10-02T15:07:58.995863+00:00,2151136782588526782,2151136782588526782,11,2,0,0,0,1,1,1,1790953624
2026-10-02T15:07:31+00:00,2026-10-02T15:07:58.995863+00:00,f834caf2-0de8-11e7-991c-3863bb43a7d0,114,5,1,1,9,0,1,1,1,1790953627
2026-10-02T15:07:31+00:00,2026-10-02T15:07:58.995863+00:00,fe6a64e7-c712-404c-85ae-ee77a37245b1,355,13,0,1,3,0,1,1,1,1790953612
2026-10-02T15:07:31+00:00,2026-10-02T15:07:58.995863+00:00,f834dc46-0de8-11e7-991c-3863bb43a7d0,122,11,5,0,4,0,1,1,1,1790953612
2026-10-02T15:07:31+00:00,2026-10-02T15:07:58.995863+00:00,c1789d39-705f-4c03-9c14-4d6a3a4f4400,561,16,12,0,3,0,1,1,1,1790953615
2026-10-02T15:07:31+00:00,2026-10-02T15:07:58.995863+00:00,7c860828-3359-4229-b59b-963f5a4bab00,236,8,0,1,3,0,1,1,1,1790953614
2026-10-02T15:07:31+00:00,2026-10-02T15:07:58.995863+00:00,7df1ee28-441e-44c1-8507-8f58946be96b,239,7,0,1,7,0,1,1,1,1790953617
2026-10-02T15:07:31+00:00,2026-10-02T15:07:58.995863+00:00,2076849845777355316,2076849845777355316,2,0,3,25,2,1,1,1,1790953617
2026-10-02T15:07:31+00:00,2026-10-02T15:07:58.995863+00:00,f835260c-0de8-11e7-991c-3863bb43a7d0,206,6,2,1,33,0,1,1,1,1790953616
2026-10-02T15:07:31+00:00,2026-10-02T15:07:58.995863+00:00,f834ec42-0de8-11e7-991c-3863bb43a7d0,131,11,0,1,6,0,1,1,1,1790953618
2026-10-02T15:07:31+00:00,2026-10-02T15:07:58.995863+00:00,2035660824473983142,2035660824473983142,13,1,0,6,0,1,1,1,1790953617
2026-10-02T15:07:31+00:00,2026-10-02T15:07:58.995863+00:00,2014558273483754010,2014558273483754010,3,0,0,16,0,1,1,1,1790953621
2026-10-02T15:07:31+00:00,2026-10-02T15:07:58.995863+00:00,12d463d2-ce50-43bd-81b1-6be4dbdbbc1b,430,13,3,0,6,0,1,1,1,1790953621
2026-10-02T15:07:31+00:00,2026-10-02T15:07:58.995863+00:00,f8352ac4-0de8-11e7-991c-3863bb43a7d0,213,5,1,1,8,0,1,1,1,1790953618
2026-10-02T15:07:31+00:00,2026-10-02T15:07:58.995863+00:00,f8285d4f-5053-4e26-bb28-72016fe11353,405,9,1,1,9,0,1,1,1,1790953619
2026-10-02T15:07:31+00:00,2026-10-02T15:07:58.995863+00:00,ca76adb6-4c84-4484-9ec3-b411b81ddbef,ca76adb6-4c84-4484-9ec3-b411b81ddbef,12,0,0,7,0,1,1,1,1790953619
2026-10-02T15:07:31+00:00,2026-10-02T15:07:58.995863+00:00,2098360140389493528,2098360140389493528,4,3,3,4,0,1,1,1,1790953622
2026-10-02T15:07:31+00:00,2026-10-02T15:07:58.995863+00:00,f834a3a0-0de8-11e7-991c-3863bb43a7d0,87,1,1,0,13,0,1,1,1,1790953621
2026-10-02T15:07:31+00:00,2026-10-02T15:07:58.995863+00:00,f83515d8-0de8-11e7-991c-3863bb43a7d0,182,2,0,0,17,0,1,1,1,1790953623
2026-10-02T15:07:31+00:00,2026-10-02T15:07:58.995863+00:00,2212663228188806942,2212663228188806942,7,2,0,17,0,1,1,1,1790953623
2026-10-02T15:07:31+00:00,2026-10-02T15:07:58.995863+00:00,2040842277416872172,2040842277416872172,13,4,0,3,0,1,1,1,1790953629
2026-10-02T15:07:31+00:00,2026-10-02T15:07:58.995863+00:00,f834ab92-0de8-11e7-991c-3863bb43a7d0,95,5,0,3,5,3,1,1,1,1790953630
2026-10-02T15:07:31+00:00,2026-10-02T15:07:58.995863+00:00,9e9be067-c6bb-41de-9491-eda69d24d6de,371,14,10,0,4,1,1,1,1,1790953631
2026-10-02T15:07:31+00:00,2026-10-02T15:07:58.995863+00:00,2007420398783036020,2007420398783036020,11,1,0,9,0,1,1,1,1790953631
2026-10-02T15:07:31+00:00,2026-10-02T15:07:58.995863+00:00,f8349ed6-0de8-11e7-991c-3863bb43a7d0,82,7,0,1,17,0,1,1,1,1790953632
2026-10-02T15:07:31+00:00,2026-10-02T15:07:58.995863+00:00,1921360868231155718,1921360868231155718,14,6,0,5,0,1,1,1,1790953633
2026-10-02T15:07:31+00:00,2026-10-02T15:07:58.995863+00:00,f834824e-0de8-11e7-991c-3863bb43a7d0,43,4,2,0,11,0,1,1,1,1790953632
2026-10-02T15:07:31+00:00,2026-10-02T15:07:58.995863+00:00,74cb9bf6-bb53-4c70-88d2-67998b99628c,296,6,5,1,16,0,1,1,1,1790953635
2026-10-02T15:07:31+00:00,2026-10-02T15:07:58.995863+00:00,2245672241002318634,2245672241002318634,1,0,0,17,0,1,1,1,1790953636
2026-10-02T15:07:31+00:00,2026-10-02T15:07:58.995863+00:00,eb8824c3-9c84-4fec-8d6f-d537c8ab3beb,349,11,6,0,5,1,1,1,1,1790953636
2026-10-02T15:07:31+00:00,2026-10-02T15:07:58.995863+00:00,9340e113-e0b2-48ac-b58a-8b6f001b0a94,486,9,6,1,1,0,1,1,1,1790953637
2026-10-02T15:07:31+00:00,2026-10-02T15:07:58.995863+00:00,f834fc57-0de8-11e7-991c-3863bb43a7d0,140,4,0,0,13,0,1,1,1,1790953637
2026-10-02T15:07:31+00:00,2026-10-02T15:07:58.995863+00:00,81676204-e42f-4d3d-991e-9c1264f36229,357,5,0,0,10,0,1,1,1,1790953634
2026-10-02T15:07:31+00:00,2026-10-02T15:07:58.995863+00:00,f83489ff-0de8-11e7-991c-3863bb43a7d0,59,8,1,1,9,1,1,1,1,1790953635
2026-10-02T15:07:31+00:00,2026-10-02T15:07:58.995863+00:00,2212258635631104970,2212258635631104970,4,0,0,19,0,1,1,1,1790953634
2026-10-02T15:07:31+00:00,2026-10-02T15:07:58.995863+00:00,403c0f6c-d01a-4171-a7be-3aa4dbb0d7d1,407,4,0,1,13,0,1,1,1,1790953636
2026-10-02T15:07:31+00:00,2026-10-02T15:07:58.995863+00:00,f835108b-0de8-11e7-991c-3863bb43a7d0,170,6,0,0,8,0,1,1,1,1790953637
2026-10-02T15:07:31+00:00,2026-10-02T15:07:58.995863+00:00,9cc65d3d-cfcc-45ff-8f75-7264556b1cf9,9cc65d3d-cfcc-45ff-8f75-7264556b1cf9,2,0,1,16,0,1,1,1,1790953637
2026-10-02T15:07:31+00:00,2026-10-02T15:07:58.995863+00:00,f83517fa-0de8-11e7-991c-3863bb43a7d0,187,0,0,14,1,0,1,0,0,1790930483
2026-10-02T15:07:31+00:00,2026-10-02T15:07:58.995863+00:00,1df03e33-c105-4e53-b013-d20056cd57f8,1df03e33-c105-4e53-b013-d20056cd57f8,0,0,0,0,0,0,0,0,86400
2026-10-02T15:07:31+00:00,2026-10-02T15:07:58.995863+00:00,2270454512964591136,2270454512964591136,0,0,0,0,0,0,0,0,86400
2026-10-02T15:07:31+00:00,2026-10-02T15:07:58.995863+00:00,2043911250700610106,2043911250700610106,5,1,3,7,0,1,1,1,1790953482
2026-10-02T15:07:31+00:00,2026-10-02T15:07:58.995863+00:00,9721c80e-fc8f-474f-8918-b68c041d2836,9721c80e-fc8f-474f-8918-b68c041d2836,0,0,0,23,0,1,1,1,1790953522
2026-10-02T15:07:31+00:00,2026-10-02T15:07:58.995863+00:00,1963613484180639992,1963613484180639992,16,2,0,3,0,1,1,1,1790953522
2026-10-02T15:07:31+00:00,2026-10-02T15:07:58.995863+00:00,fe90d430-d33f-48b2-a5cd-bc161b220939,553,3,0,0,20,0,1,1,1,1790953523
2026-10-02T15:07:31+00:00,2026-10-02T15:07:58.995863+00:00,1965873511294959658,1965873511294959658,10,3,1,12,0,1,1,1,1790953523
2026-10-02T15:07:31+00:00,2026-10-02T15:07:58.995863+00:00,903b9b5d-4244-43e4-8441-0d17f9a994f7,528,3,0,1,7,0,1,1,1,1790953528
2026-10-02T15:07:31+00:00,2026-10-02T15:07:58.995863+00:00,81323081-749c-44cf-ac62-0e6c64305c32,461,3,0,0,7,0,1,1,1,1790953521
2026-10-02T15:07:31+00:00,2026-10-02T15:07:58.995863+00:00,51bb4381-dae4-4aeb-b213-0614b807be29,344,6,0,0,13,0,1,1,1,1790953523
2026-10-02T15:07:31+00:00,2026-10-02T15:07:58.995863+00:00,f83491d4-0de8-11e7-991c-3863bb43a7d0,64,10,5,1,12,0,1,1,1,1790953525
2026-10-02T15:07:31+00:00,2026-10-02T15:07:58.995863+00:00,90330e1a-dee5-4914-9d3f-3891aeca12ca,434,14,3,0,5,0,1,1,1,1790953533
2026-10-02T15:07:31+00:00,2026-10-02T15:07:58.995863+00:00,e4678b17-face-42c3-9b5f-98418d31e3b6,e4678b17-face-42c3-9b5f-98418d31e3b6,1,0,0,10,0,1,1,1,1790953532
2026-10-02T15:07:31+00:00,2026-10-02T15:07:58.995863+00:00,f8350ecf-0de8-11e7-991c-3863bb43a7d0,167,0,0,0,15,0,1,1,1,1790953534
2026-10-02T15:07:31+00:00,2026-10-02T15:07:58.995863+00:00,f835288a-0de8-11e7-991c-3863bb43a7d0,208,11,0,0,4,0,1,1,1,1790953534
2026-10-02T15:07:31+00:00,2026-10-02T15:07:58.995863+00:00,f9524971-e9f9-4572-aebc-580e48de042f,f9524971-e9f9-4572-aebc-580e48de042f,10,0,0,9,0,1,1,1,1790953541
2026-10-02T15:07:31+00:00,2026-10-02T15:07:58.995863+00:00,f8346ad7-0de8-11e7-991c-3863bb43a7d0,11,9,4,1,4,0,1,1,1,1790953537
2026-10-02T15:07:31+00:00,2026-10-02T15:07:58.995863+00:00,5b1d2661-8a93-4f14-b242-ebc52792f951,337,15,1,0,0,0,1,1,1,1790953538
2026-10-02T15:07:31+00:00,2026-10-02T15:07:58.995863+00:00,f834e534-0de8-11e7-991c-3863bb43a7d0,128,12,0,0,7,0,1,1,1,1790953538
2026-10-02T15:07:31+00:00,2026-10-02T15:07:58.995863+00:00,940638c5-7cd0-4a11-899e-86af3868d400,532,14,2,0,4,0,1,1,1,1790953571
2026-10-02T15:07:31+00:00,2026-10-02T15:07:58.995863+00:00,2069389896750516900,2069389896750516900,19,3,1,0,0,1,1,1,1790953569
2026-10-02T15:07:31+00:00,2026-10-02T15:07:58.995863+00:00,2014865445230483952,2014865445230483952,6,0,2,9,0,1,1,1,1790953569
2026-10-02T15:07:31+00:00,2026-10-02T15:07:58.995863+00:00,1a661bb7-7d14-49e9-ac3d-22bafec8a2f0,507,3,3,2,6,0,1,1,1,1790953570
2026-10-02T15:07:31+00:00,2026-10-02T15:07:58.995863+00:00,aa964f5b-fadf-4fc1-8c91-84ee36e15f0d,341,3,1,0,12,0,1,1,1,1790953568
2026-10-02T15:07:31+00:00,2026-10-02T15:07:58.995863+00:00,2080205593583047424,2080205593583047424,0,0,0,16,0,1,1,1,1790953568
2026-10-02T15:07:31+00:00,2026-10-02T15:07:58.995863+00:00,23146f28-9762-4a6d-a6db-fcd4ff0e5d07,356,14,2,1,8,0,1,1,1,1790953542
2026-10-02T15:07:31+00:00,2026-10-02T15:07:58.995863+00:00,61168d8b-20b7-46c8-8f08-6ae1f100c4e0,550,5,0,1,11,0,1,1,1,1790953547
2026-10-02T15:07:31+00:00,2026-10-02T15:07:58.995863+00:00,d7507124-4cab-4063-8445-a59a33a3d6e4,512,9,0,0,10,0,1,1,1,1790953544
2026-10-02T15:07:31+00:00,2026-10-02T15:07:58.995863+00:00,f83482d2-0de8-11e7-991c-3863bb43a7d0,44,7,1,1,23,0,1,1,1,1790953546
2026-10-02T15:07:31+00:00,2026-10-02T15:07:58.995863+00:00,f8351f1d-0de8-11e7-991c-3863bb43a7d0,191,5,0,0,10,0,1,1,1,1790953545
2026-10-02T15:07:31+00:00,2026-10-02T15:07:58.995863+00:00,f2b83aa2-86cd-4904-a099-74bf2023f768,330,9,0,0,6,0,1,1,1,1790953550
2026-10-02T15:07:31+00:00,2026-10-02T15:07:58.995863+00:00,7f68a70d-af0e-450a-b7a8-ce621cd0c8c1,280,13,9,0,6,0,1,1,1,1790953551
2026-10-02T15:07:31+00:00,2026-10-02T15:07:58.995863+00:00,7560f0e3-267b-4fb3-bbfa-6e02010cfcb7,225,0,0,0,19,0,1,1,1,1790953549
2026-10-02T15:07:31+00:00,2026-10-02T15:07:58.995863+00:00,d8ce5f8b-2440-45e1-ab1c-23cb3bcbde84,527,6,1,0,7,0,1,1,1,1790953549
2026-10-02T15:07:31+00:00,2026-10-02T15:07:58.995863+00:00,f8347c41-0de8-11e7-991c-3863bb43a7d0,32,9,2,0,5,0,1,1,1,1790953550
2026-10-02T15:07:31+00:00,2026-10-02T15:07:58.995863+00:00,1991922092203192944,1991922092203192944,4,0,0,15,0,1,1,1,1790953555
2026-10-02T15:07:31+00:00,2026-10-02T15:07:58.995863+00:00,36f36eed-1070-49be-8b31-5676b8b3489f,227,19,1,0,0,0,1,1,1,1790953558
2026-10-02T15:07:31+00:00,2026-10-02T15:07:58.995863+00:00,baab0b05-a028-4147-8432-a2726c7e48ea,328,10,1,3,2,0,1,1,1,1790953560
2026-10-02T15:07:31+00:00,2026-10-02T15:07:58.995863+00:00,f8350cc1-0de8-11e7-991c-3863bb43a7d0,162,7,2,0,8,0,1,1,1,1790953566
2026-10-02T15:07:31+00:00,2026-10-02T15:07:58.995863+00:00,f834723b-0de8-11e7-991c-3863bb43a7d0,24,18,8,1,4,0,1,1,1,1790953565
2026-10-02T15:07:31+00:00,2026-10-02T15:07:58.995863+00:00,2141791438824588162,2141791438824588162,3,2,0,16,0,1,1,1,1790953567
2026-10-02T15:07:31+00:00,2026-10-02T15:07:58.995863+00:00,8983c75a-12c1-4995-aedc-24c94bd895e3,384,7,1,1,11,0,1,1,1,1790953561
2026-10-02T15:07:31+00:00,2026-10-02T15:07:58.995863+00:00,868ccc83-99e5-4faf-96eb-e1fae26b9741,481,19,4,0,0,0,1,1,1,1790953563
2026-10-02T15:07:31+00:00,2026-10-02T15:07:58.995863+00:00,ff938129-8179-455c-9ac9-9fcb9fc0b6d5,ff938129-8179-455c-9ac9-9fcb9fc0b6d5,7,1,1,11,0,1,1,1,1790953575
2026-10-02T15:07:31+00:00,2026-10-02T15:07:58.995863+00:00,1994466222105870452,1994466222105870452,7,2,1,3,0,1,1,1,1790953584
2026-10-02T15:07:31+00:00,2026-10-02T15:07:58.995863+00:00,2227858849424910006,2227858849424910006,5,0,0,3,0,1,1,1,1790953581
2026-10-02T15:07:31+00:00,2026-10-02T15:07:58.995863+00:00,ad2cf74c-0e8c-4e15-8f19-2259e8c82f0f,404,4,0,0,12,0,1,1,1,1790953583
2026-10-02T15:07:31+00:00,2026-10-02T15:07:58.995863+00:00,d22265a8-a6d7-4922-a6b5-4be738a9e5c4,392,15,13,0,0,0,1,1,1,1790953585
2026-10-02T15:07:31+00:00,2026-10-02T15:07:58.995863+00:00,b6a8522d-296d-4c05-887d-842374520780,545,10,10,0,3,1,1,1,1,1790953577
2026-10-02T15:07:31+00:00,2026-10-02T15:07:58.995863+00:00,2087949096844032050,2087949096844032050,0,0,1,14,0,1,1,1,1790953575
2026-10-02T15:07:31+00:00,2026-10-02T15:07:58.995863+00:00,295553ea-851b-4ac2-a094-f9d1208e399a,412,5,0,1,13,0,1,1,1,1790953578
2026-10-02T15:07:31+00:00,2026-10-02T15:07:58.995863+00:00,48abed77-c9ba-4a39-8a5c-6a1e9bb8a9a5,48abed77-c9ba-4a39-8a5c-6a1e9bb8a9a5,4,0,0,12,0,1,1,1,1790953588
2026-10-02T15:07:31+00:00,2026-10-02T15:07:58.995863+00:00,ef6ef93b-488f-496b-afbf-3aedfd967129,517,5,1,1,9,0,1,1,1,1790953589
2026-10-02T15:07:31+00:00,2026-10-02T15:07:58.995863+00:00,2040842870122359032,2040842870122359032,14,1,0,6,0,1,1,1,1790953566
2026-10-02T15:07:31+00:00,2026-10-02T15:07:58.995863+00:00,b205d2bb-bb76-49ac-8d14-85eec5a874d3,343,10,1,1,4,0,1,1,1,1790953589
2026-10-02T15:07:31+00:00,2026-10-02T15:07:58.995863+00:00,56817d8e-3a1c-431a-a529-1a600f80c364,366,11,1,0,16,0,1,1,1,1790953589
2026-10-02T15:07:31+00:00,2026-10-02T15:07:58.995863+00:00,f83511d4-0de8-11e7-991c-3863bb43a7d0,173,2,0,0,11,1,1,1,1,1790953586
2026-10-02T15:07:31+00:00,2026-10-02T15:07:58.995863+00:00,f8346803-0de8-11e7-991c-3863bb43a7d0,8,8,0,0,11,0,1,1,1,1790953587
2026-10-02T15:07:31+00:00,2026-10-02T15:07:58.995863+00:00,f83492b4-0de8-11e7-991c-3863bb43a7d0,66,0,0,0,15,0,1,1,1,1790953595
2026-10-02T15:07:31+00:00,2026-10-02T15:07:58.995863+00:00,380de8b2-2728-4e4b-83f1-251bfbb5acf2,487,1,0,1,17,0,1,1,1,1790953597
2026-10-02T15:07:31+00:00,2026-10-02T15:07:58.995863+00:00,f83488be-0de8-11e7-991c-3863bb43a7d0,56,15,2,1,2,0,1,1,1,1790953597
2026-10-02T15:07:31+00:00,2026-10-02T15:07:58.995863+00:00,f8352534-0de8-11e7-991c-3863bb43a7d0,204,6,1,0,9,0,1,1,1,1790953596
2026-10-02T15:07:31+00:00,2026-10-02T15:07:58.995863+00:00,f834c7a9-0de8-11e7-991c-3863bb43a7d0,112,5,0,1,9,0,1,1,1,1790953596
2026-10-02T15:07:31+00:00,2026-10-02T15:07:58.995863+00:00,f8350b76-0de8-11e7-991c-3863bb43a7d0,159,4,0,0,14,2,1,1,1,1790953601
2026-10-02T15:07:31+00:00,2026-10-02T15:07:58.995863+00:00,2039109354743046934,2039109354743046934,13,1,2,4,1,1,1,1,1790953602
2026-10-02T15:07:31+00:00,2026-10-02T15:07:58.995863+00:00,6aebc664-1e3c-479f-8f65-2bae99215ed3,6aebc664-1e3c-479f-8f65-2bae99215ed3,4,2,0,7,0,1,1,1,1790953601
2026-10-02T15:07:31+00:00,2026-10-02T15:07:58.995863+00:00,68e5e79a-3c94-4848-b619-9c0829d7f687,475,9,3,0,5,0,1,1,1,1790953601
2026-10-02T15:07:31+00:00,2026-10-02T15:07:58.995863+00:00,25a9114f-66f0-427c-920f-5526ca84f056,346,7,0,1,7,0,1,1,1,1790953601
2026-10-02T15:07:31+00:00,2026-10-02T15:07:58.995863+00:00,cf5f920f-b61d-4db0-b139-14aff04d577c,459,3,0,1,19,0,1,1,1,1790953599
2026-10-02T15:07:31+00:00,2026-10-02T15:07:58.995863+00:00,2259733531216984776,2259733531216984776,10,0,0,5,0,1,1,1,1790953601
2026-10-02T15:07:31+00:00,2026-10-02T15:07:58.995863+00:00,0208190e-851c-417d-8bc7-1b218db97fbf,0208190e-851c-417d-8bc7-1b218db97fbf,22,7,1,0,0,1,1,1,1790953604
2026-10-02T15:07:31+00:00,2026-10-02T15:07:58.995863+00:00,f834662c-0de8-11e7-991c-3863bb43a7d0,5,4,2,0,11,0,1,1,1,1790953605
2026-10-02T15:07:31+00:00,2026-10-02T15:07:58.995863+00:00,2085366936904166272,2085366936904166272,7,0,0,8,0,1,1,1,1790953605
2026-10-02T15:07:31+00:00,2026-10-02T15:07:58.995863+00:00,f834a8a0-0de8-11e7-991c-3863bb43a7d0,93,6,1,0,25,0,1,1,1,1790953606
2026-10-02T15:07:31+00:00,2026-10-02T15:07:58.995863+00:00,f8352219-0de8-11e7-991c-3863bb43a7d0,197,3,1,1,11,0,1,1,1,1790953606
2026-10-02T15:07:31+00:00,2026-10-02T15:07:58.995863+00:00,f834b101-0de8-11e7-991c-3863bb43a7d0,97,13,2,3,2,1,1,1,1,1790953606
2026-10-02T15:07:31+00:00,2026-10-02T15:07:58.995863+00:00,2249415127458891992,2249415127458891992,6,0,0,9,0,1,1,1,1790953608
2026-10-02T15:07:31+00:00,2026-10-02T15:07:58.995863+00:00,99675a11-a92c-465c-bf5a-434b08ba5fc6,400,8,1,1,43,0,1,1,1,1790953610
2026-10-02T15:07:31+00:00,2026-10-02T15:07:58.995863+00:00,f834a959-0de8-11e7-991c-3863bb43a7d0,94,1,0,2,8,0,1,1,1,1790953613
2026-10-02T15:07:31+00:00,2026-10-02T15:07:58.995863+00:00,f834cfd8-0de8-11e7-991c-3863bb43a7d0,117,10,0,4,0,2,1,1,1,1790953609
2026-10-02T15:07:31+00:00,2026-10-02T15:07:58.995863+00:00,f8352ba8-0de8-11e7-991c-3863bb43a7d0,215,4,0,0,11,0,1,1,1,1790953611
2026-10-02T15:07:31+00:00,2026-10-02T15:07:58.995863+00:00,8a404180-7c2e-4dbe-9489-c478ed959282,8a404180-7c2e-4dbe-9489-c478ed959282,14,5,2,3,0,1,1,1,1790953610
2026-10-02T15:07:31+00:00,2026-10-02T15:07:58.995863+00:00,a6e0db4f-fc9b-42af-bfe0-36cc0259b717,446,15,0,0,1,0,1,1,1,1790953616
2026-10-02T15:07:31+00:00,2026-10-02T15:07:58.995863+00:00,1994054629753598708,1994054629753598708,10,0,0,4,0,1,1,1,1790953616
2026-10-02T15:07:31+00:00,2026-10-02T15:07:58.995863+00:00,2119105928286481344,2119105928286481344,11,3,0,8,0,1,1,1,1790953618
2026-10-02T15:07:31+00:00,2026-10-02T15:07:58.995863+00:00,f834f6a3-0de8-11e7-991c-3863bb43a7d0,135,10,2,0,7,0,1,1,1,1790953615
2026-10-02T15:07:31+00:00,2026-10-02T15:07:58.995863+00:00,2246034666940677832,2246034666940677832,7,2,0,4,0,1,1,1,1790953615
2026-10-02T15:07:31+00:00,2026-10-02T15:07:58.995863+00:00,f834b8b3-0de8-11e7-991c-3863bb43a7d0,105,3,1,0,15,0,1,1,1,1790953614
2026-10-02T15:07:31+00:00,2026-10-02T15:07:58.995863+00:00,fbc512a5-4b98-4821-bcfb-bb0c7ac83543,365,13,1,0,6,0,1,1,1,1790953613
2026-10-02T15:07:31+00:00,2026-10-02T15:07:58.995863+00:00,2110984374959099994,2110984374959099994,13,7,1,5,1,1,1,1,1790953613
2026-10-02T15:07:31+00:00,2026-10-02T15:07:58.995863+00:00,ccf82572-a142-4378-9a4b-5a51fcb4ef81,350,10,2,0,7,0,1,1,1,1790953622
2026-10-02T15:07:31+00:00,2026-10-02T15:07:58.995863+00:00,f8347f09-0de8-11e7-991c-3863bb43a7d0,37,6,0,1,8,0,1,1,1,1790953618
2026-10-02T15:07:31+00:00,2026-10-02T15:07:58.995863+00:00,f8347e78-0de8-11e7-991c-3863bb43a7d0,36,11,0,0,20,0,1,1,1,1790953619
2026-10-02T15:07:31+00:00,2026-10-02T15:07:58.995863+00:00,2027502297316997708,2027502297316997708,10,0,1,0,0,1,1,1,1790953623
2026-10-02T15:07:31+00:00,2026-10-02T15:07:58.995863+00:00,d5349097-b478-4b3f-9c46-d8fbcf38e3f4,509,4,0,0,8,0,1,1,1,1790953620
2026-10-02T15:07:31+00:00,2026-10-02T15:07:58.995863+00:00,df03c61a-29d7-445d-9980-d7f058916591,345,12,4,0,7,0,1,1,1,1790953621
2026-10-02T15:07:31+00:00,2026-10-02T15:07:58.995863+00:00,1e1b40cd-8e00-4b74-b147-be6b23f5c9e7,385,10,4,0,5,0,1,1,1,1790953624
2026-10-02T15:07:31+00:00,2026-10-02T15:07:58.995863+00:00,888780ee-bf2f-474e-9622-6bc725aa1b00,888780ee-bf2f-474e-9622-6bc725aa1b00,1,1,0,10,0,1,1,1,1790953626
2026-10-02T15:07:31+00:00,2026-10-02T15:07:58.995863+00:00,f8348622-0de8-11e7-991c-3863bb43a7d0,50,9,1,2,7,1,1,1,1,1790953626
2026-10-02T15:07:31+00:00,2026-10-02T15:07:58.995863+00:00,8d893519-bc21-4536-b346-f558988bc8ad,260,9,0,0,6,0,1,1,1,1790953626
2026-10-02T15:07:31+00:00,2026-10-02T15:07:58.995863+00:00,57716f8d-c9ee-4768-8872-71343ec3ffd8,514,17,8,2,0,0,1,1,1,1790953627
2026-10-02T15:07:31+00:00,2026-10-02T15:07:58.995863+00:00,c5cfd1ed-aa44-4e20-96bb-e334c96f0d68,376,1,0,0,14,0,1,1,1,1790953627
2026-10-02T15:07:31+00:00,2026-10-02T15:07:58.995863+00:00,2090158541932726550,2090158541932726550,5,0,0,10,0,1,1,1,1790953552
2026-10-02T15:07:31+00:00,2026-10-02T15:07:58.995863+00:00,8b97606e-a849-4db8-ae9b-4009fe48d90b,556,11,3,0,8,0,1,1,1,1790953628
2026-10-02T15:07:31+00:00,2026-10-02T15:07:58.995863+00:00,2090635592862466836,2090635592862466836,21,6,1,8,1,1,1,1,1790953629
2026-10-02T15:07:31+00:00,2026-10-02T15:07:58.995863+00:00,2145094035874873892,2145094035874873892,1,1,1,17,0,1,1,1,1790953632
2026-10-02T15:07:31+00:00,2026-10-02T15:07:58.995863+00:00,1986302395589722758,1986302395589722758,6,0,0,4,0,1,1,1,1790953632
2026-10-02T15:07:31+00:00,2026-10-02T15:07:58.995863+00:00,dede6d5f-7d62-496e-a8ca-d5a64afe39c1,544,1,1,0,14,0,1,1,1,1790953630
2026-10-02T15:07:31+00:00,2026-10-02T15:07:58.995863+00:00,f834abfd-0de8-11e7-991c-3863bb43a7d0,96,17,2,0,2,0,1,1,1,1790953631
2026-10-02T15:07:31+00:00,2026-10-02T15:07:58.995863+00:00,2270212773802111256,2270212773802111256,14,0,0,5,0,1,1,1,1790953629
2026-10-02T15:07:31+00:00,2026-10-02T15:07:58.995863+00:00,f8347ccd-0de8-11e7-991c-3863bb43a7d0,33,5,2,0,22,0,1,1,1,1790953629
2026-10-02T15:07:31+00:00,2026-10-02T15:07:58.995863+00:00,2118728866631796788,2118728866631796788,2,1,0,13,0,1,1,1,1790953631
2026-10-02T15:07:31+00:00,2026-10-02T15:07:58.995863+00:00,f834708e-0de8-11e7-991c-3863bb43a7d0,21,17,0,1,0,0,1,1,1,1790953631
2026-10-02T15:07:31+00:00,2026-10-02T15:07:58.995863+00:00,1cced911-b428-4cfd-81be-3a8f77ce7379,233,12,0,2,1,0,1,1,1,1790953635
2026-10-02T15:07:31+00:00,2026-10-02T15:07:58.995863+00:00,b34694c2-c640-4f70-b196-1c357ab798e0,b34694c2-c640-4f70-b196-1c357ab798e0,9,0,0,6,0,1,1,1,1790953635
2026-10-02T15:07:31+00:00,2026-10-02T15:07:58.995863+00:00,f8346b6f-0de8-11e7-991c-3863bb43a7d0,12,23,3,1,0,2,1,1,1,1790953635
2026-10-02T15:07:31+00:00,2026-10-02T15:07:58.995863+00:00,f8346d23-0de8-11e7-991c-3863bb43a7d0,15,9,1,2,4,0,1,1,1,1790953631
2026-10-02T15:07:31+00:00,2026-10-02T15:07:58.995863+00:00,f83513a7-0de8-11e7-991c-3863bb43a7d0,177,11,2,2,7,0,1,1,1,1790953634
2026-10-02T15:07:31+00:00,2026-10-02T15:07:58.995863+00:00,9bfa4a32-5598-46ea-a1a1-17b4c6ed9d84,431,12,2,0,3,0,1,1,1,1790953629
2026-10-02T15:07:31+00:00,2026-10-02T15:07:58.995863+00:00,2088704000370565344,2088704000370565344,4,2,2,6,0,1,1,1,1790953634
2026-10-02T15:07:31+00:00,2026-10-02T15:07:58.995863+00:00,ea65c25f-0718-4f79-8588-c58b9fe3a105,226,6,1,0,7,1,1,1,1,1790953633
2026-10-02T15:07:31+00:00,2026-10-02T15:07:58.995863+00:00,270ad97d-035d-472a-9827-76d3187afc56,402,4,0,0,11,0,1,1,1,1790953635
2026-10-02T15:07:31+00:00,2026-10-02T15:07:58.995863+00:00,f8349440-0de8-11e7-991c-3863bb43a7d0,68,6,3,1,12,0,1,1,1,1790953634
2026-10-02T15:07:31+00:00,2026-10-02T15:07:58.995863+00:00,2085737662370069102,2085737662370069102,10,3,0,8,1,1,1,1,1790953635
2026-10-02T15:07:31+00:00,2026-10-02T15:07:58.995863+00:00,7e1dae55-4d3d-4a41-b969-2aeca70e0e69,7e1dae55-4d3d-4a41-b969-2aeca70e0e69,4,1,0,7,0,1,1,1,1790953635
2026-10-02T15:07:31+00:00,2026-10-02T15:07:58.995863+00:00,f8352b39-0de8-11e7-991c-3863bb43a7d0,214,1,0,0,12,1,1,1,1,1790953637
2026-10-02T15:07:31+00:00,2026-10-02T15:07:58.995863+00:00,f83497b9-0de8-11e7-991c-3863bb43a7d0,74,14,3,5,0,0,1,1,1,1790953637
2026-10-02T15:07:31+00:00,2026-10-02T15:07:58.995863+00:00,f8349b20-0de8-11e7-991c-3863bb43a7d0,76,8,1,1,7,0,1,1,1,1790953638
2026-10-02T15:07:31+00:00,2026-10-02T15:07:58.995863+00:00,103a9881-e30a-4d57-b81d-863b995ff759,255,0,0,0,0,0,0,0,0,86400
2026-10-02T15:07:31+00:00,2026-10-02T15:07:58.995863+00:00,2071632496372113488,2071632496372113488,2,0,0,18,0,1,1,1,1790953352
2026-10-02T15:07:31+00:00,2026-10-02T15:07:58.995863+00:00,f35de2ab-979e-42d5-8cbd-dc479ed637e9,503,4,4,0,2,0,1,1,1,1790953533
2026-10-02T15:07:31+00:00,2026-10-02T15:07:58.995863+00:00,2071993292066931472,2071993292066931472,16,2,0,4,0,1,1,1,1790953534
2026-10-02T15:07:31+00:00,2026-10-02T15:07:58.995863+00:00,f8349ba9-0de8-11e7-991c-3863bb43a7d0,77,1,0,0,16,0,1,1,1,1790953532
2026-10-02T15:07:31+00:00,2026-10-02T15:07:58.995863+00:00,ff6ed364-8676-45a0-b97f-71025683849e,442,9,1,0,6,0,1,1,1,1790953535
2026-10-02T15:07:31+00:00,2026-10-02T15:07:58.995863+00:00,c1ae49bd-2a20-4684-886b-ead8dd627cfd,c1ae49bd-2a20-4684-886b-ead8dd627cfd,2,0,2,13,0,1,1,1,1790953537
2026-10-02T15:07:31+00:00,2026-10-02T15:07:58.995863+00:00,2170342425741020744,2170342425741020744,6,1,0,11,0,1,1,1,1790953537
2026-10-02T15:07:31+00:00,2026-10-02T15:07:58.995863+00:00,ccd6fdd4-b39e-46d7-b43c-7bacffb6bd87,523,12,7,0,5,0,1,1,1,1790953553
2026-10-02T15:07:31+00:00,2026-10-02T15:07:58.995863+00:00,20b0b405-54ba-4a80-b89c-0819772665db,440,7,0,1,7,0,1,1,1,1790953506
2026-10-02T15:07:31+00:00,2026-10-02T15:07:58.995863+00:00,f8349745-0de8-11e7-991c-3863bb43a7d0,73,13,4,1,1,0,1,1,1,1790953558
2026-10-02T15:07:31+00:00,2026-10-02T15:07:58.995863+00:00,f834e244-0de8-11e7-991c-3863bb43a7d0,126,8,2,2,5,0,1,1,1,1790953558
2026-10-02T15:07:31+00:00,2026-10-02T15:07:58.995863+00:00,350e73e3-6f70-4b2d-87ab-24c8629e9a6a,350e73e3-6f70-4b2d-87ab-24c8629e9a6a,17,2,1,1,0,1,1,1,1790953558
2026-10-02T15:07:31+00:00,2026-10-02T15:07:58.995863+00:00,2327cb08-fa9f-459b-9ab0-1a319b0f2f4c,539,7,0,1,10,0,1,1,1,1790953560
2026-10-02T15:07:31+00:00,2026-10-02T15:07:58.995863+00:00,5018e851-f2f3-4e18-9914-c316bbcc2c3d,331,15,2,0,0,0,1,1,1,1790953558
2026-10-02T15:07:31+00:00,2026-10-02T15:07:58.995863+00:00,f8348509-0de8-11e7-991c-3863bb43a7d0,48,6,5,1,12,0,1,1,1,1790953558
2026-10-02T15:07:31+00:00,2026-10-02T15:07:58.995863+00:00,2223043968513191970,2223043968513191970,8,1,0,8,0,1,1,1,1790953561
2026-10-02T15:07:31+00:00,2026-10-02T15:07:58.995863+00:00,2267569638034503736,2267569638034503736,12,0,1,6,0,1,1,1,1790953518
2026-10-02T15:07:31+00:00,2026-10-02T15:07:58.995863+00:00,2264176803898382980,2264176803898382980,7,3,0,4,0,1,1,1,1790953518
2026-10-02T15:07:31+00:00,2026-10-02T15:07:58.995863+00:00,f834fd36-0de8-11e7-991c-3863bb43a7d0,142,11,3,0,12,0,1,1,1,1790953521
2026-10-02T15:07:31+00:00,2026-10-02T15:07:58.995863+00:00,1960693490199507164,1960693490199507164,7,0,0,12,0,1,1,1,1790953524
2026-10-02T15:07:31+00:00,2026-10-02T15:07:58.995863+00:00,9f54207a-3308-43bd-b45c-9042b6389598,423,15,2,1,3,0,1,1,1,1790953546
2026-10-02T15:07:31+00:00,2026-10-02T15:07:58.995863+00:00,2fd22786-dfeb-4126-a906-4f01802087f3,454,2,0,0,17,0,1,1,1,1790953543
2026-10-02T15:07:31+00:00,2026-10-02T15:07:58.995863+00:00,f24a573e-ef07-4785-9270-70c443510ea6,359,10,1,3,2,0,1,1,1,1790953541
2026-10-02T15:07:31+00:00,2026-10-02T15:07:58.995863+00:00,2029805507281123700,2029805507281123700,10,1,1,8,0,1,1,1,1790953545
2026-10-02T15:07:31+00:00,2026-10-02T15:07:58.995863+00:00,510239fe-69c3-458b-b53c-6ce001845f4a,354,0,0,1,14,0,1,1,1,1790953565
2026-10-02T15:07:31+00:00,2026-10-02T15:07:58.995863+00:00,54d86d05-b399-42c5-a63a-a97713afc5d4,54d86d05-b399-42c5-a63a-a97713afc5d4,6,1,0,4,0,1,1,1,1790953566
2026-10-02T15:07:31+00:00,2026-10-02T15:07:58.995863+00:00,2057166010169469732,2057166010169469732,2,0,0,13,0,1,1,1,1790953566
2026-10-02T15:07:31+00:00,2026-10-02T15:07:58.995863+00:00,7ec0c53c-876a-419c-a78b-4edd000bbc9a,445,7,0,1,11,0,1,1,1,1790953567
2026-10-02T15:07:31+00:00,2026-10-02T15:07:58.995863+00:00,9ca92778-9101-48df-90ea-08b784e26a1a,413,0,0,0,19,0,1,1,1,1790953567
2026-10-02T15:07:31+00:00,2026-10-02T15:07:58.995863+00:00,53a148ca-ac69-4a9c-a986-9a4b4df2f5df,387,7,4,0,8,0,1,1,1,1790953564
2026-10-02T15:07:31+00:00,2026-10-02T15:07:58.995863+00:00,342a2c60-71b0-4d19-98d6-47987cf20dbc,379,0,0,0,15,0,1,1,1,1790953562
2026-10-02T15:07:31+00:00,2026-10-02T15:07:58.995863+00:00,f8352c92-0de8-11e7-991c-3863bb43a7d0,217,0,0,1,17,0,1,1,1,1790953569
2026-10-02T15:07:31+00:00,2026-10-02T15:07:58.995863+00:00,ef54374b-0406-4b17-b0a1-847f1d7bea06,410,11,5,0,4,0,1,1,1,1790953572
2026-10-02T15:07:31+00:00,2026-10-02T15:07:58.995863+00:00,dfdaf866-b814-48e5-9bd3-eb7c4a733697,dfdaf866-b814-48e5-9bd3-eb7c4a733697,9,4,0,8,0,1,1,1,1790953573
2026-10-02T15:07:31+00:00,2026-10-02T15:07:58.995863+00:00,2113555008851845550,2113555008851845550,5,1,0,15,0,1,1,1,1790953577
2026-10-02T15:07:31+00:00,2026-10-02T15:07:58.995863+00:00,f36e24cd-de4c-4a5e-adf4-cb97ccd2958d,505,3,1,1,7,0,1,1,1,1790953577
2026-10-02T15:07:31+00:00,2026-10-02T15:07:58.995863+00:00,0adccd89-1d8d-44da-9f7c-5f18acafeddf,338,0,0,0,14,0,1,1,1,1790953574
2026-10-02T15:07:31+00:00,2026-10-02T15:07:58.995863+00:00,2241260819676115550,2241260819676115550,16,0,0,7,0,1,1,1,1790953574
2026-10-02T15:07:31+00:00,2026-10-02T15:07:58.995863+00:00,1944724820826878816,1944724820826878816,1,0,1,15,0,1,1,1,1790953575
2026-10-02T15:07:31+00:00,2026-10-02T15:07:58.995863+00:00,70f20fcb-8e63-4015-9007-b97c525ab0a9,335,1,0,0,18,0,1,1,1,1790953576
2026-10-02T15:07:31+00:00,2026-10-02T15:07:58.995863+00:00,f83510fd-0de8-11e7-991c-3863bb43a7d0,171,14,2,2,6,1,1,1,1,1790953579
2026-10-02T15:07:31+00:00,2026-10-02T15:07:58.995863+00:00,2ba0c5dd-c990-4434-8a84-5c3eca23f096,447,7,0,0,12,0,1,1,1,1790953583
2026-10-02T15:07:31+00:00,2026-10-02T15:07:58.995863+00:00,f83464e4-0de8-11e7-991c-3863bb43a7d0,3,12,1,0,1,0,1,1,1,1790953581
2026-10-02T15:07:31+00:00,2026-10-02T15:07:58.995863+00:00,f83523e3-0de8-11e7-991c-3863bb43a7d0,201,3,0,0,12,0,1,1,1,1790953581
2026-10-02T15:07:31+00:00,2026-10-02T15:07:58.995863+00:00,2078337213380274244,2078337213380274244,5,2,0,6,0,1,1,1,1790953580
2026-10-02T15:07:31+00:00,2026-10-02T15:07:58.995863+00:00,1975886280004030604,1975886280004030604,15,4,0,8,0,1,1,1,1790953584
2026-10-02T15:07:31+00:00,2026-10-02T15:07:58.995863+00:00,f8348136-0de8-11e7-991c-3863bb43a7d0,41,13,0,1,13,0,1,1,1,1790953586
2026-10-02T15:07:31+00:00,2026-10-02T15:07:58.995863+00:00,f8349c69-0de8-11e7-991c-3863bb43a7d0,78,1,0,1,17,0,1,1,1,1790953589
2026-10-02T15:07:31+00:00,2026-10-02T15:07:58.995863+00:00,36a8fbc8-6069-4a29-bbfd-63a2d019c9a5,415,4,1,0,15,0,1,1,1,1790953589
2026-10-02T15:07:31+00:00,2026-10-02T15:07:58.995863+00:00,2038619205667946906,2038619205667946906,0,0,0,20,0,1,1,1,1790953590
2026-10-02T15:07:31+00:00,2026-10-02T15:07:58.995863+00:00,f6df6c1a-064f-428a-951c-2069a081b9df,380,15,0,2,1,0,1,1,1,1790953585
2026-10-02T15:07:31+00:00,2026-10-02T15:07:58.995863+00:00,2043912031919765854,2043912031919765854,6,0,0,14,0,1,1,1,1790953586
2026-10-02T15:07:31+00:00,2026-10-02T15:07:58.995863+00:00,2136942888571742916,2136942888571742916,4,0,0,11,0,1,1,1,1790953519
2026-10-02T15:07:31+00:00,2026-10-02T15:07:58.995863+00:00,5bc7cba9-f0b0-442d-932c-e8c7927d87ce,386,0,0,1,18,0,1,1,1,1790953591
2026-10-02T15:07:31+00:00,2026-10-02T15:07:58.995863+00:00,518f6524-0e7f-454d-974e-e3ff9db1f795,494,6,1,0,5,0,1,1,1,1790953590
2026-10-02T15:07:31+00:00,2026-10-02T15:07:58.995863+00:00,2072145327190878794,2072145327190878794,10,0,0,14,0,1,1,1,1790953595
2026-10-02T15:07:31+00:00,2026-10-02T15:07:58.995863+00:00,0839bb10-e876-4198-95e4-0147a561853d,258,14,0,0,1,0,1,1,1,1790953597
2026-10-02T15:07:31+00:00,2026-10-02T15:07:58.995863+00:00,40e58976-02cc-4c7c-911f-7a6c97588bfa,520,6,3,0,15,0,1,1,1,1790953596
2026-10-02T15:07:31+00:00,2026-10-02T15:07:58.995863+00:00,f8349824-0de8-11e7-991c-3863bb43a7d0,75,3,0,0,11,0,1,1,1,1790953599
2026-10-02T15:07:31+00:00,2026-10-02T15:07:58.995863+00:00,f8351336-0de8-11e7-991c-3863bb43a7d0,176,0,0,0,15,0,1,1,1,1790953606
2026-10-02T15:07:31+00:00,2026-10-02T15:07:58.995863+00:00,f834e1b2-0de8-11e7-991c-3863bb43a7d0,125,0,0,2,17,0,1,1,1,1790953602
2026-10-02T15:07:31+00:00,2026-10-02T15:07:58.995863+00:00,533620e8-00ff-494a-b288-bd67602bc98e,472,25,3,0,2,0,1,1,1,1790953606
2026-10-02T15:07:31+00:00,2026-10-02T15:07:58.995863+00:00,b23674a7-15a8-46d2-8219-6668acecf24a,548,14,2,0,4,0,1,1,1,1790953620
2026-10-02T15:07:31+00:00,2026-10-02T15:07:58.995863+00:00,f8346894-0de8-11e7-991c-3863bb43a7d0,9,6,0,3,6,0,1,1,1,1790953620
2026-10-02T15:07:31+00:00,2026-10-02T15:07:58.995863+00:00,f8348995-0de8-11e7-991c-3863bb43a7d0,58,7,0,2,11,0,1,1,1,1790953606
2026-10-02T15:07:31+00:00,2026-10-02T15:07:58.995863+00:00,bb27977d-36c1-496d-8bac-631b612dd7b8,332,0,0,1,14,0,1,1,1,1790953621
2026-10-02T15:07:31+00:00,2026-10-02T15:07:58.995863+00:00,2217856523888952522,2217856523888952522,4,1,1,15,0,1,1,1,1790953622
2026-10-02T15:07:31+00:00,2026-10-02T15:07:58.995863+00:00,ba634139-d7bf-448f-aac4-25995d36b67b,373,3,2,1,11,0,1,1,1,1790953620
2026-10-02T15:07:31+00:00,2026-10-02T15:07:58.995863+00:00,2111712079786088918,2111712079786088918,5,1,1,9,0,1,1,1,1790953603
2026-10-02T15:07:31+00:00,2026-10-02T15:07:58.995863+00:00,e68655be-23d3-46e5-a509-25be677e7542,482,6,0,0,5,0,1,1,1,1790953604
2026-10-02T15:07:31+00:00,2026-10-02T15:07:58.995863+00:00,0f554e1d-9f0f-452d-9b4a-e00aa2c5911e,492,13,1,1,1,0,1,1,1,1790953605
2026-10-02T15:07:31+00:00,2026-10-02T15:07:58.995863+00:00,2141932795355773712,2141932795355773712,0,0,9,6,0,1,0,0,1790883446
2026-10-02T15:07:31+00:00,2026-10-02T15:07:58.995863+00:00,2107991976288962746,2107991976288962746,15,0,4,1,0,1,1,1,1790953617
2026-10-02T15:07:31+00:00,2026-10-02T15:07:58.995863+00:00,2223045710883822544,2223045710883822544,6,0,0,9,0,1,1,1,1790953617
2026-10-02T15:07:31+00:00,2026-10-02T15:07:58.995863+00:00,f8348481-0de8-11e7-991c-3863bb43a7d0,47,8,2,1,9,1,1,1,1,1790953617
2026-10-02T15:07:31+00:00,2026-10-02T15:07:58.995863+00:00,f8351019-0de8-11e7-991c-3863bb43a7d0,169,4,0,1,14,0,1,1,1,1790953613
2026-10-02T15:07:31+00:00,2026-10-02T15:07:58.995863+00:00,13444449-b3a8-43d2-b8b9-a59fbc59a174,397,5,1,1,9,0,1,1,1,1790953615
2026-10-02T15:07:31+00:00,2026-10-02T15:07:58.995863+00:00,f83524c0-0de8-11e7-991c-3863bb43a7d0,203,1,0,1,12,0,1,1,1,1790953614
2026-10-02T15:07:31+00:00,2026-10-02T15:07:58.995863+00:00,02a4416f-80b4-4472-accd-5db482ed5b6d,367,8,0,0,11,0,1,1,1,1790953616
2026-10-02T15:07:31+00:00,2026-10-02T15:07:58.995863+00:00,f83486ab-0de8-11e7-991c-3863bb43a7d0,51,0,0,0,15,0,1,1,1,1790953616
2026-10-02T15:07:31+00:00,2026-10-02T15:07:58.995863+00:00,5f726a7d-5c5d-48b1-9b13-06c77572a237,516,2,1,0,9,0,1,1,1,1790953616
2026-10-02T15:07:31+00:00,2026-10-02T15:07:58.995863+00:00,13918b3b-9ac5-4968-a74d-e40dd3bc952e,479,19,4,0,0,0,1,1,1,1790953616
2026-10-02T15:07:31+00:00,2026-10-02T15:07:58.995863+00:00,f8346768-0de8-11e7-991c-3863bb43a7d0,7,7,1,0,8,0,1,1,1,1790953613
2026-10-02T15:07:31+00:00,2026-10-02T15:07:58.995863+00:00,f834b42d-0de8-11e7-991c-3863bb43a7d0,100,16,0,0,9,0,1,1,1,1790953617
2026-10-02T15:07:31+00:00,2026-10-02T15:07:58.995863+00:00,2038239468396569074,2038239468396569074,10,0,2,19,1,1,1,1,1790953623
2026-10-02T15:07:31+00:00,2026-10-02T15:07:58.995863+00:00,9e710d48-51c1-460e-a027-3d16bde62b13,419,0,0,14,0,1,1,1,1,1790953626
2026-10-02T15:07:31+00:00,2026-10-02T15:07:58.995863+00:00,2070180968009321294,2070180968009321294,12,1,0,7,2,1,1,1,1790953626
2026-10-02T15:07:31+00:00,2026-10-02T15:07:58.995863+00:00,2113200093114979090,2113200093114979090,2,0,0,13,1,1,1,1,1790953631
2026-10-02T15:07:31+00:00,2026-10-02T15:07:58.995863+00:00,5afe91c4-8076-4f9f-b83b-cf233bda2331,460,4,0,0,11,0,1,1,1,1790953631
2026-10-02T15:07:31+00:00,2026-10-02T15:07:58.995863+00:00,f834b5d9-0de8-11e7-991c-3863bb43a7d0,103,1,0,1,13,0,1,1,1,1790953629
2026-10-02T15:07:31+00:00,2026-10-02T15:07:58.995863+00:00,f8347118-0de8-11e7-991c-3863bb43a7d0,22,4,3,1,29,1,1,1,1,1790953630
2026-10-02T15:07:31+00:00,2026-10-02T15:07:58.995863+00:00,f834952a-0de8-11e7-991c-3863bb43a7d0,70,20,0,1,2,0,1,1,1,1790953628
2026-10-02T15:07:31+00:00,2026-10-02T15:07:58.995863+00:00,ce55d1b1-4267-40a9-ad44-5eab888ce18a,ce55d1b1-4267-40a9-ad44-5eab888ce18a,20,2,0,2,1,1,1,1,1790953629
2026-10-02T15:07:31+00:00,2026-10-02T15:07:58.995863+00:00,f834f814-0de8-11e7-991c-3863bb43a7d0,136,18,2,0,1,0,1,1,1,1790953629
2026-10-02T15:07:31+00:00,2026-10-02T15:07:58.995863+00:00,ddcc8869-b8d4-483c-b9da-457fcebc8dc1,417,9,1,0,9,0,1,1,1,1790953629
2026-10-02T15:07:31+00:00,2026-10-02T15:07:58.995863+00:00,676ca473-eed6-4971-aaf3-e199a7ca335b,433,14,4,0,4,1,1,1,1,1790953631
2026-10-02T15:07:31+00:00,2026-10-02T15:07:58.995863+00:00,abefafdc-c772-4671-86fe-fc15a42adebb,abefafdc-c772-4671-86fe-fc15a42adebb,0,0,0,23,0,1,1,1,1790953628
2026-10-02T15:07:31+00:00,2026-10-02T15:07:58.995863+00:00,f834b49d-0de8-11e7-991c-3863bb43a7d0,101,11,0,2,5,0,1,1,1,1790953629
2026-10-02T15:07:31+00:00,2026-10-02T15:07:58.995863+00:00,a18e1e55-507e-49d8-b7c0-5c0efd959125,358,3,0,0,16,0,1,1,1,1790953633
2026-10-02T15:07:31+00:00,2026-10-02T15:07:58.995863+00:00,f83516b8-0de8-11e7-991c-3863bb43a7d0,184,1,0,0,17,1,1,1,1,1790953634
2026-10-02T15:07:31+00:00,2026-10-02T15:07:58.995863+00:00,287aedf5-0361-47e9-9de0-14ae3b75cc0d,287aedf5-0361-47e9-9de0-14ae3b75cc0d,20,1,0,1,0,1,1,1,1790953636
2026-10-02T15:07:31+00:00,2026-10-02T15:07:58.995863+00:00,93911aa1-b5e4-48aa-a2b6-38fbcf613006,93911aa1-b5e4-48aa-a2b6-38fbcf613006,5,0,0,13,0,1,1,1,1790953637
2026-10-02T15:07:31+00:00,2026-10-02T15:07:58.995863+00:00,ec3eea05-a3ff-43c6-9e24-0c63f09b915f,378,7,1,0,12,0,1,1,1,1790953636
2026-10-02T15:07:31+00:00,2026-10-02T15:07:58.995863+00:00,42a3ecca-af9a-4556-90ba-7631546f96f8,42a3ecca-af9a-4556-90ba-7631546f96f8,2,1,0,9,0,1,1,1,1790953636
2026-10-02T15:07:31+00:00,2026-10-02T15:07:58.995863+00:00,83183df0-38c2-4ae8-a0c4-4b59599c9582,222,2,0,0,11,0,1,1,1,1790953638
2026-10-02T15:07:31+00:00,2026-10-02T15:07:58.995863+00:00,2103549125054737064,2103549125054737064,9,1,0,7,0,1,1,1,1790953529
2026-10-02T15:07:31+00:00,2026-10-02T15:07:58.995863+00:00,b995a0b4-fc26-4661-9bc8-e166d648edfd,353,9,2,0,6,0,1,1,1,1790953638
2026-10-02T15:07:31+00:00,2026-10-02T15:07:58.995863+00:00,f83494b4-0de8-11e7-991c-3863bb43a7d0,69,4,0,2,15,0,1,1,1,1790953638
2026-10-02T15:07:31+00:00,2026-10-02T15:07:58.995863+00:00,1997031579059661288,1997031579059661288,5,0,1,5,0,1,1,1,1790953638
2026-10-02T15:07:31+00:00,2026-10-02T15:07:58.995863+00:00,d7ec834e-9d9a-402c-9956-7d5f42676b94,d7ec834e-9d9a-402c-9956-7d5f42676b94,4,1,1,10,0,1,1,1,1790953638
2026-10-02T15:07:31+00:00,2026-10-02T15:07:58.995863+00:00,f834cf45-0de8-11e7-991c-3863bb43a7d0,116,6,0,0,16,0,1,1,1,1790953639
2026-10-02T19:55:31+00:00,2026-10-02T19:55:44.473835+00:00,6eaa7343-402d-41c9-9aac-8c664fdbdcf1,6eaa7343-402d-41c9-9aac-8c664fdbdcf1,0,0,0,0,0,0,0,0,86400
2026-10-02T19:55:31+00:00,2026-10-02T19:55:44.473835+00:00,2036412579943670600,2036412579943670600,0,0,0,12,0,1,1,1,1790970765
2026-10-02T19:55:31+00:00,2026-10-02T19:55:44.473835+00:00,2110566771130438288,2110566771130438288,0,0,1,15,0,1,1,1,1790970762
2026-10-02T19:55:31+00:00,2026-10-02T19:55:44.473835+00:00,8e7c1984-dc81-43b0-a0d3-58c6de45225a,465,3,0,1,7,0,1,1,1,1790970813
2026-10-02T19:55:31+00:00,2026-10-02T19:55:44.473835+00:00,f834f036-0de8-11e7-991c-3863bb43a7d0,133,8,1,1,13,0,1,1,1,1790970806
2026-10-02T19:55:31+00:00,2026-10-02T19:55:44.473835+00:00,82b41ffb-e284-4e4d-b22a-0cad2bfd4bee,443,12,0,1,6,0,1,1,1,1790970799
2026-10-02T19:55:31+00:00,2026-10-02T19:55:44.473835+00:00,1976280681456741062,1976280681456741062,3,1,0,8,0,1,1,1,1790970799
2026-10-02T19:55:31+00:00,2026-10-02T19:55:44.473835+00:00,4d953f0f-13b5-4b3d-b2da-342003ff7cba,4d953f0f-13b5-4b3d-b2da-342003ff7cba,2,1,0,9,0,1,1,1,1790970812
2026-10-02T19:55:31+00:00,2026-10-02T19:55:44.473835+00:00,e335fa7c-7adf-4360-9bfa-76b18124a56f,541,5,1,0,6,0,1,1,1,1790970811
2026-10-02T19:55:31+00:00,2026-10-02T19:55:44.473835+00:00,800bde2c-51df-497c-ac2d-bc3a8c00c164,800bde2c-51df-497c-ac2d-bc3a8c00c164,11,0,1,3,0,1,1,1,1790970872
2026-10-02T19:55:31+00:00,2026-10-02T19:55:44.473835+00:00,2036103727838931110,2036103727838931110,6,0,2,3,0,1,1,1,1790970873
2026-10-02T19:55:31+00:00,2026-10-02T19:55:44.473835+00:00,a6d6d4b2-3666-43ad-a690-7f676bdcc3fd,542,13,0,1,5,0,1,1,1,1790970873
2026-10-02T19:55:31+00:00,2026-10-02T19:55:44.473835+00:00,2028220168245183460,2028220168245183460,11,1,0,8,0,1,1,1,1790970878
2026-10-02T19:55:31+00:00,2026-10-02T19:55:44.473835+00:00,f8346c96-0de8-11e7-991c-3863bb43a7d0,14,2,1,1,22,0,1,1,1,1790970879
2026-10-02T19:55:31+00:00,2026-10-02T19:55:44.473835+00:00,2131371824572002576,2131371824572002576,11,0,0,5,0,1,1,1,1790970875
2026-10-02T19:55:31+00:00,2026-10-02T19:55:44.473835+00:00,1999644268058967024,1999644268058967024,6,1,0,18,0,1,1,1,1790970876
2026-10-02T19:55:31+00:00,2026-10-02T19:55:44.473835+00:00,57f5003b-6574-40b3-83d7-3b5dee1472e0,518,5,2,1,5,0,1,1,1,1790970875
2026-10-02T19:55:31+00:00,2026-10-02T19:55:44.473835+00:00,1919521884659886482,1919521884659886482,5,1,0,14,0,1,1,1,1790970878
2026-10-02T19:55:31+00:00,2026-10-02T19:55:44.473835+00:00,dcd76e42-eebc-4432-9726-cdb3372b0b07,557,7,0,0,12,0,1,1,1,1790970878
2026-10-02T19:55:31+00:00,2026-10-02T19:55:44.473835+00:00,f83532fa-0de8-11e7-991c-3863bb43a7d0,219,13,3,0,2,0,1,1,1,1790970876
2026-10-02T19:55:31+00:00,2026-10-02T19:55:44.473835+00:00,8bc42f7f-753d-4cca-a7d6-0d7c2530ea2c,364,5,2,1,13,0,1,1,1,1790970875
2026-10-02T19:55:31+00:00,2026-10-02T19:55:44.473835+00:00,1331197c-f6c6-4f4a-a29b-95e580359886,224,9,0,0,8,0,1,1,1,1790970823
2026-10-02T19:55:31+00:00,2026-10-02T19:55:44.473835+00:00,f8347002-0de8-11e7-991c-3863bb43a7d0,20,15,4,0,8,0,1,1,1,1790970824
2026-10-02T19:55:31+00:00,2026-10-02T19:55:44.473835+00:00,2071991821019036242,2071991821019036242,19,0,0,1,0,1,1,1,1790970821
2026-10-02T19:55:31+00:00,2026-10-02T19:55:44.473835+00:00,8d535c23-f186-4161-aa10-17e94be6d4ae,436,8,0,2,4,1,1,1,1,1790970825
2026-10-02T19:55:31+00:00,2026-10-02T19:55:44.473835+00:00,a825b55d-3ab3-481f-9c50-d3a7313e6843,228,11,0,0,8,0,1,1,1,1790970826
2026-10-02T19:55:31+00:00,2026-10-02T19:55:44.473835+00:00,4b5de733-9353-4873-9dc2-9558b3cb063a,393,3,2,0,12,0,1,1,1,1790970827
2026-10-02T19:55:31+00:00,2026-10-02T19:55:44.473835+00:00,2113559364250874028,2113559364250874028,8,0,0,7,0,1,1,1,1790970824
2026-10-02T19:55:31+00:00,2026-10-02T19:55:44.473835+00:00,2089808297152151688,2089808297152151688,2,0,2,8,0,1,1,1,1790970829
2026-10-02T19:55:31+00:00,2026-10-02T19:55:44.473835+00:00,f83473ea-0de8-11e7-991c-3863bb43a7d0,27,12,1,0,11,0,1,1,1,1790970831
2026-10-02T19:55:31+00:00,2026-10-02T19:55:44.473835+00:00,2126567695528519906,2126567695528519906,9,0,0,11,0,1,1,1,1790970831
2026-10-02T19:55:31+00:00,2026-10-02T19:55:44.473835+00:00,1ef9964d-47ac-4cd4-916e-7c006fa1e605,339,6,2,1,8,0,1,1,1,1790970843
2026-10-02T19:55:31+00:00,2026-10-02T19:55:44.473835+00:00,38706d8c-8d4b-49f7-b6ed-7688449db261,463,5,3,0,14,0,1,1,1,1790970843
2026-10-02T19:55:31+00:00,2026-10-02T19:55:44.473835+00:00,f834e75d-0de8-11e7-991c-3863bb43a7d0,129,6,1,1,11,1,1,1,1,1790970839
2026-10-02T19:55:31+00:00,2026-10-02T19:55:44.473835+00:00,f834916a-0de8-11e7-991c-3863bb43a7d0,63,8,3,0,7,0,1,1,1,1790970839
2026-10-02T19:55:31+00:00,2026-10-02T19:55:44.473835+00:00,e519df41-c4d7-403a-9afa-a5dd7cdd2d03,536,1,0,0,17,0,1,1,1,1790970840
2026-10-02T19:55:31+00:00,2026-10-02T19:55:44.473835+00:00,f8347ba8-0de8-11e7-991c-3863bb43a7d0,31,1,0,0,18,0,1,1,1,1790970860
2026-10-02T19:55:31+00:00,2026-10-02T19:55:44.473835+00:00,1999639508813492766,1999639508813492766,2,0,0,18,0,1,1,1,1790970835
2026-10-02T19:55:31+00:00,2026-10-02T19:55:44.473835+00:00,2438d052-2cd6-4fba-83c9-39f46cb59398,2438d052-2cd6-4fba-83c9-39f46cb59398,10,0,1,8,0,1,1,1,1790970860
2026-10-02T19:55:31+00:00,2026-10-02T19:55:44.473835+00:00,2132460331327742574,2132460331327742574,7,0,0,11,0,1,1,1,1790970858
2026-10-02T19:55:31+00:00,2026-10-02T19:55:44.473835+00:00,40ee059e-8530-4992-9114-c16b87d6832f,441,5,3,1,13,0,1,1,1,1790970860
2026-10-02T19:55:31+00:00,2026-10-02T19:55:44.473835+00:00,f834c5c9-0de8-11e7-991c-3863bb43a7d0,110,4,0,3,8,0,1,1,1,1790970863
2026-10-02T19:55:31+00:00,2026-10-02T19:55:44.473835+00:00,e4d5271f-5f76-401b-b7f0-c8dce3c26f10,462,2,1,0,9,0,1,1,1,1790970862
2026-10-02T19:55:31+00:00,2026-10-02T19:55:44.473835+00:00,1997031876360597884,1997031876360597884,5,2,1,5,0,1,1,1,1790970867
2026-10-02T19:55:31+00:00,2026-10-02T19:55:44.473835+00:00,1ef5abb2-5af9-41f2-a0dd-1e44278ad9f1,502,3,0,0,8,0,1,1,1,1790970865
2026-10-02T19:55:31+00:00,2026-10-02T19:55:44.473835+00:00,25489822-e43a-4704-b2a8-d905b78ba77c,389,2,0,0,12,0,1,1,1,1790970866
2026-10-02T19:55:31+00:00,2026-10-02T19:55:44.473835+00:00,f8347ded-0de8-11e7-991c-3863bb43a7d0,35,7,0,1,23,0,1,1,1,1790970865
2026-10-02T19:55:31+00:00,2026-10-02T19:55:44.473835+00:00,768433a9-fc30-4485-b136-22d6f8a96f1c,768433a9-fc30-4485-b136-22d6f8a96f1c,4,4,0,7,0,1,1,1,1790970866
2026-10-02T19:55:31+00:00,2026-10-02T19:55:44.473835+00:00,1986694622707704150,1986694622707704150,8,0,1,10,0,1,1,1,1790970819
2026-10-02T19:55:31+00:00,2026-10-02T19:55:44.473835+00:00,1994515539257334312,1994515539257334312,4,0,0,15,0,1,1,1,1790970819
2026-10-02T19:55:31+00:00,2026-10-02T19:55:44.473835+00:00,ab6517ea-ed53-42eb-8881-657d362e56e8,560,12,1,0,2,0,1,1,1,1790970819
2026-10-02T19:55:31+00:00,2026-10-02T19:55:44.473835+00:00,199f3d59-e726-4549-b9c1-4dfc8a343fdb,508,5,2,0,6,0,1,1,1,1790970819
2026-10-02T19:55:31+00:00,2026-10-02T19:55:44.473835+00:00,f55cdf0a-3d7b-491c-bed2-7dc0ef2062d5,489,10,0,0,6,0,1,1,1,1790970837
2026-10-02T19:55:31+00:00,2026-10-02T19:55:44.473835+00:00,2129149628430547474,2129149628430547474,14,2,0,2,0,1,1,1,1790970838
2026-10-02T19:55:31+00:00,2026-10-02T19:55:44.473835+00:00,986068c4-d11a-465a-b8d0-bd0960c57f51,986068c4-d11a-465a-b8d0-bd0960c57f51,13,1,1,0,0,1,1,1,1790970846
2026-10-02T19:55:31+00:00,2026-10-02T19:55:44.473835+00:00,f834fcbe-0de8-11e7-991c-3863bb43a7d0,141,2,0,1,12,0,1,1,1,1790970846
2026-10-02T19:55:31+00:00,2026-10-02T19:55:44.473835+00:00,2219705277630124418,2219705277630124418,8,0,0,7,0,1,1,1,1790970847
2026-10-02T19:55:31+00:00,2026-10-02T19:55:44.473835+00:00,9b0aff89-5242-475e-b03b-87c3c3bf51bb,477,8,2,0,11,0,1,1,1,1790970847
2026-10-02T19:55:31+00:00,2026-10-02T19:55:44.473835+00:00,f8348719-0de8-11e7-991c-3863bb43a7d0,52,13,0,0,10,0,1,1,1,1790970847
2026-10-02T19:55:31+00:00,2026-10-02T19:55:44.473835+00:00,f835244e-0de8-11e7-991c-3863bb43a7d0,202,6,0,0,9,0,1,1,1,1790970848
2026-10-02T19:55:31+00:00,2026-10-02T19:55:44.473835+00:00,829fa5a8-cc88-4ab2-9f34-b481aaa1612e,259,12,3,0,3,0,1,1,1,1790970851
2026-10-02T19:55:31+00:00,2026-10-02T19:55:44.473835+00:00,f834a2a8-0de8-11e7-991c-3863bb43a7d0,85,19,6,0,0,0,1,1,1,1790970850
2026-10-02T19:55:31+00:00,2026-10-02T19:55:44.473835+00:00,b44b7c3d-c054-4591-92a9-3b96d86050ab,b44b7c3d-c054-4591-92a9-3b96d86050ab,2,2,0,9,0,1,1,1,1790970856
2026-10-02T19:55:31+00:00,2026-10-02T19:55:44.473835+00:00,f834b1ed-0de8-11e7-991c-3863bb43a7d0,99,6,0,0,9,0,1,1,1,1790970857
2026-10-02T19:55:31+00:00,2026-10-02T19:55:44.473835+00:00,803a0c16-4f81-44f1-8b49-a13fcdda40c1,370,15,1,0,2,0,1,1,1,1790970856
2026-10-02T19:55:31+00:00,2026-10-02T19:55:44.473835+00:00,f834d260-0de8-11e7-991c-3863bb43a7d0,119,13,1,1,1,0,1,1,1,1790970858
2026-10-02T19:55:31+00:00,2026-10-02T19:55:44.473835+00:00,f606593b-3d07-40f2-bc6d-a0eb96588e44,456,4,1,0,14,0,1,1,1,1790970880
2026-10-02T19:55:31+00:00,2026-10-02T19:55:44.473835+00:00,2027855476515070160,2027855476515070160,12,0,1,14,0,1,1,1,1790970883
2026-10-02T19:55:31+00:00,2026-10-02T19:55:44.473835+00:00,f8352973-0de8-11e7-991c-3863bb43a7d0,210,12,1,0,3,0,1,1,1,1790970883
2026-10-02T19:55:31+00:00,2026-10-02T19:55:44.473835+00:00,52ca4d94-587f-4a61-a298-a1a755e73bfb,362,7,4,0,12,0,1,1,1,1790970883
2026-10-02T19:55:31+00:00,2026-10-02T19:55:44.473835+00:00,2127634714741013228,2127634714741013228,11,0,0,13,0,1,1,1,1790970887
2026-10-02T19:55:31+00:00,2026-10-02T19:55:44.473835+00:00,97a1e4e7-a1ff-427a-aaea-48ca0d00bf9c,348,3,0,0,12,0,1,1,1,1790970887
2026-10-02T19:55:31+00:00,2026-10-02T19:55:44.473835+00:00,625f105e-4407-4988-9095-d1979cbda5e1,234,11,3,0,8,0,1,1,1,1790970888
2026-10-02T19:55:31+00:00,2026-10-02T19:55:44.473835+00:00,f83493c0-0de8-11e7-991c-3863bb43a7d0,67,1,0,0,30,0,1,1,1,1790970889
2026-10-02T19:55:31+00:00,2026-10-02T19:55:44.473835+00:00,f8351255-0de8-11e7-991c-3863bb43a7d0,174,8,0,0,7,0,1,1,1,1790970887
2026-10-02T19:55:31+00:00,2026-10-02T19:55:44.473835+00:00,f83466c6-0de8-11e7-991c-3863bb43a7d0,6,5,0,1,8,0,1,1,1,1790970885
2026-10-02T19:55:31+00:00,2026-10-02T19:55:44.473835+00:00,f834d34b-0de8-11e7-991c-3863bb43a7d0,120,13,3,0,25,0,1,1,1,1790970886
2026-10-02T19:55:31+00:00,2026-10-02T19:55:44.473835+00:00,f8349070-0de8-11e7-991c-3863bb43a7d0,61,14,6,0,5,0,1,1,1,1790970886
2026-10-02T19:55:31+00:00,2026-10-02T19:55:44.473835+00:00,77c1736c-a609-4453-94f7-8e4253a8193c,474,7,3,0,4,0,1,1,1,1790970885
2026-10-02T19:55:31+00:00,2026-10-02T19:55:44.473835+00:00,133d159e-a202-4310-910f-eca392fe181e,398,9,0,2,8,0,1,1,1,1790970886
2026-10-02T19:55:31+00:00,2026-10-02T19:55:44.473835+00:00,f8351f87-0de8-11e7-991c-3863bb43a7d0,192,5,1,0,14,0,1,1,1,1790970887
2026-10-02T19:55:31+00:00,2026-10-02T19:55:44.473835+00:00,f8346e51-0de8-11e7-991c-3863bb43a7d0,17,8,2,0,7,0,1,1,1,1790970902
2026-10-02T19:55:31+00:00,2026-10-02T19:55:44.473835+00:00,f8350199-0de8-11e7-991c-3863bb43a7d0,150,11,0,0,8,0,1,1,1,1790970903
2026-10-02T19:55:31+00:00,2026-10-02T19:55:44.473835+00:00,f8351791-0de8-11e7-991c-3863bb43a7d0,186,4,0,1,10,0,1,1,1,1790970903
2026-10-02T19:55:31+00:00,2026-10-02T19:55:44.473835+00:00,569f4952-5a25-4394-a419-f9c4d9cca6f3,495,6,1,0,12,0,1,1,1,1790970903
2026-10-02T19:55:31+00:00,2026-10-02T19:55:44.473835+00:00,2039387081833476178,2039387081833476178,9,0,0,11,0,1,1,1,1790970904
2026-10-02T19:55:31+00:00,2026-10-02T19:55:44.473835+00:00,1991921362058752616,1991921362058752616,7,0,0,13,0,1,1,1,1790970905
2026-10-02T19:55:31+00:00,2026-10-02T19:55:44.473835+00:00,f834c6f5-0de8-11e7-991c-3863bb43a7d0,111,4,1,1,9,1,1,1,1,1790970901
2026-10-02T19:55:31+00:00,2026-10-02T19:55:44.473835+00:00,87b5a8b7-a330-4c51-ab32-7dafa292c88f,421,14,1,0,5,0,1,1,1,1790970901
2026-10-02T19:55:31+00:00,2026-10-02T19:55:44.473835+00:00,f834b928-0de8-11e7-991c-3863bb43a7d0,106,6,2,1,7,0,1,1,1,1790970905
2026-10-02T19:55:31+00:00,2026-10-02T19:55:44.473835+00:00,f8349599-0de8-11e7-991c-3863bb43a7d0,71,5,0,0,17,0,1,1,1,1790970902
2026-10-02T19:55:31+00:00,2026-10-02T19:55:44.473835+00:00,f7d416f8-4377-4019-bba7-302dc1d5a11d,391,8,0,1,6,0,1,1,1,1790970902
2026-10-02T19:55:31+00:00,2026-10-02T19:55:44.473835+00:00,f834cb89-0de8-11e7-991c-3863bb43a7d0,115,17,1,2,0,0,1,1,1,1790970904
2026-10-02T19:55:31+00:00,2026-10-02T19:55:44.473835+00:00,ec4e1168-25dc-4929-b17b-e4ae578dd888,425,2,0,0,14,0,1,1,1,1790970906
2026-10-02T19:55:31+00:00,2026-10-02T19:55:44.473835+00:00,f8350d30-0de8-11e7-991c-3863bb43a7d0,163,6,0,1,12,0,1,1,1,1790970893
2026-10-02T19:55:31+00:00,2026-10-02T19:55:44.473835+00:00,f8351649-0de8-11e7-991c-3863bb43a7d0,183,12,1,0,7,0,1,1,1,1790970894
2026-10-02T19:55:31+00:00,2026-10-02T19:55:44.473835+00:00,aefc33cd-40b9-48da-8b87-415428816bdb,488,7,0,0,8,0,1,1,1,1790970894
2026-10-02T19:55:31+00:00,2026-10-02T19:55:44.473835+00:00,f8350129-0de8-11e7-991c-3863bb43a7d0,149,16,2,1,1,0,1,1,1,1790970894
2026-10-02T19:55:31+00:00,2026-10-02T19:55:44.473835+00:00,15ec5783-ca7a-4225-ba51-cd0a45ecc975,15ec5783-ca7a-4225-ba51-cd0a45ecc975,10,3,0,1,0,1,1,1,1790970889
2026-10-02T19:55:31+00:00,2026-10-02T19:55:44.473835+00:00,2250817396738253956,2250817396738253956,13,0,0,2,0,1,1,1,1790970894
2026-10-02T19:55:31+00:00,2026-10-02T19:55:44.473835+00:00,2031175112202687108,2031175112202687108,8,3,0,8,0,1,1,1,1790970890
2026-10-02T19:55:31+00:00,2026-10-02T19:55:44.473835+00:00,f8351569-0de8-11e7-991c-3863bb43a7d0,181,7,0,1,11,0,1,1,1,1790970907
2026-10-02T19:55:31+00:00,2026-10-02T19:55:44.473835+00:00,5d17f129-af8c-4f30-bc58-6a8279052772,543,6,2,0,13,0,1,1,1,1790970908
2026-10-02T19:55:31+00:00,2026-10-02T19:55:44.473835+00:00,eed9e64f-f09d-43c1-aa31-da968c66750a,368,6,1,0,9,0,1,1,1,1790970907
2026-10-02T19:55:31+00:00,2026-10-02T19:55:44.473835+00:00,88b35b6d-f355-44dc-b85e-ed2eb1bc9099,406,9,1,1,9,0,1,1,1,1790970907
2026-10-02T19:55:31+00:00,2026-10-02T19:55:44.473835+00:00,f8348598-0de8-11e7-991c-3863bb43a7d0,49,16,2,0,2,0,1,1,1,1790970909
2026-10-02T19:55:31+00:00,2026-10-02T19:55:44.473835+00:00,f834b183-0de8-11e7-991c-3863bb43a7d0,98,11,4,0,11,0,1,1,1,1790970906
2026-10-02T19:55:31+00:00,2026-10-02T19:55:44.473835+00:00,25d6f87f-7025-48c5-b202-f91511a4ae19,25d6f87f-7025-48c5-b202-f91511a4ae19,6,1,0,13,0,1,1,1,1790970910
2026-10-02T19:55:31+00:00,2026-10-02T19:55:44.473835+00:00,9fef6df2-7f8f-43fc-a85b-7dd5453860f9,437,2,0,0,15,0,1,1,1,1790970900
2026-10-02T19:55:31+00:00,2026-10-02T19:55:44.473835+00:00,d1a5e406-718c-44b9-b9dd-e63605b888aa,555,8,7,0,6,0,1,1,1,1790970900
2026-10-02T19:55:31+00:00,2026-10-02T19:55:44.473835+00:00,f8347a8b-0de8-11e7-991c-3863bb43a7d0,29,17,3,0,2,0,1,1,1,1790970897
2026-10-02T19:55:31+00:00,2026-10-02T19:55:44.473835+00:00,2227859082657747444,2227859082657747444,7,2,0,0,0,1,1,1,1790970895
2026-10-02T19:55:31+00:00,2026-10-02T19:55:44.473835+00:00,2149920539832638004,2149920539832638004,3,0,2,11,0,1,1,1,1790970899
2026-10-02T19:55:31+00:00,2026-10-02T19:55:44.473835+00:00,2251556760922290606,2251556760922290606,5,2,0,10,0,1,1,1,1790970867
2026-10-02T19:55:31+00:00,2026-10-02T19:55:44.473835+00:00,5410aac7-2ec0-47b6-b728-b99c5137b463,5410aac7-2ec0-47b6-b728-b99c5137b463,7,2,2,2,0,1,1,1,1790970899
2026-10-02T19:55:31+00:00,2026-10-02T19:55:44.473835+00:00,2251186911126913182,2251186911126913182,11,2,1,7,0,1,1,1,1790970900
2026-10-02T19:55:31+00:00,2026-10-02T19:55:44.473835+00:00,2127252912986958612,2127252912986958612,8,0,1,6,0,1,1,1,1790970913
2026-10-02T19:55:31+00:00,2026-10-02T19:55:44.473835+00:00,f834f948-0de8-11e7-991c-3863bb43a7d0,138,8,3,1,4,0,1,1,1,1790970910
2026-10-02T19:55:31+00:00,2026-10-02T19:55:44.473835+00:00,2124664048772581794,2124664048772581794,5,1,1,5,0,1,1,1,1790970910
2026-10-02T19:55:31+00:00,2026-10-02T19:55:44.473835+00:00,2363c5a3-93cc-41a2-a767-90f1826c041f,426,7,0,2,18,0,1,1,1,1790970911
2026-10-02T19:55:31+00:00,2026-10-02T19:55:44.473835+00:00,ea00f276-26dc-48ee-b2c8-6e56fd632a2d,272,9,0,0,9,0,1,1,1,1790970911
2026-10-02T19:55:31+00:00,2026-10-02T19:55:44.473835+00:00,01d29f8c-768d-4c4f-84ca-3de966075287,469,7,2,0,4,0,1,1,1,1790970912
2026-10-02T19:55:31+00:00,2026-10-02T19:55:44.473835+00:00,1976640911178291400,1976640911178291400,2,2,0,9,0,1,1,1,1790970911
2026-10-02T19:55:31+00:00,2026-10-02T19:55:44.473835+00:00,918335df-fc1a-45c2-9cfc-c5e2e93aecc0,467,4,0,1,6,0,1,1,1,1790970911
2026-10-02T19:55:31+00:00,2026-10-02T19:55:44.473835+00:00,2134720099473744344,2134720099473744344,2,0,0,19,0,1,1,1,1790970910
2026-10-02T19:55:31+00:00,2026-10-02T19:55:44.473835+00:00,cad0e759-b605-458a-b772-768dcce81dc6,372,11,3,1,6,0,1,1,1,1790970915
2026-10-02T19:55:31+00:00,2026-10-02T19:55:44.473835+00:00,2261583246847893606,2261583246847893606,2,0,0,17,0,1,1,1,1790970915
2026-10-02T19:55:31+00:00,2026-10-02T19:55:44.473835+00:00,f834a67b-0de8-11e7-991c-3863bb43a7d0,89,7,0,0,12,0,1,1,1,1790970911
2026-10-02T19:55:31+00:00,2026-10-02T19:55:44.473835+00:00,6cec3afa-554c-466f-8323-5c619fe0ddc6,6cec3afa-554c-466f-8323-5c619fe0ddc6,8,3,0,3,0,1,1,1,1790970916
2026-10-02T19:55:31+00:00,2026-10-02T19:55:44.473835+00:00,f834a1de-0de8-11e7-991c-3863bb43a7d0,84,9,0,1,5,0,1,1,1,1790970917
2026-10-02T19:55:31+00:00,2026-10-02T19:55:44.473835+00:00,2220033166406469278,2220033166406469278,10,3,0,5,0,1,1,1,1790970896
2026-10-02T19:55:31+00:00,2026-10-02T19:55:44.473835+00:00,acb27827-d69a-4287-b132-3f529ca62ad2,427,2,2,0,17,0,1,1,1,1790970918
2026-10-02T19:55:31+00:00,2026-10-02T19:55:44.473835+00:00,f8346dbd-0de8-11e7-991c-3863bb43a7d0,16,18,4,0,1,0,1,1,1,1790970919
2026-10-02T19:55:31+00:00,2026-10-02T19:55:44.473835+00:00,c111ef1a-f276-415d-a95e-8e3c4e3a0c03,522,12,3,1,2,0,1,1,1,1790970919
2026-10-02T19:55:31+00:00,2026-10-02T19:55:44.473835+00:00,f835141c-0de8-11e7-991c-3863bb43a7d0,178,5,1,0,14,0,1,1,1,1790970810
2026-10-02T19:55:31+00:00,2026-10-02T19:55:44.473835+00:00,be7e7068-b85f-42c1-8ea1-e1d64e531323,be7e7068-b85f-42c1-8ea1-e1d64e531323,8,0,0,7,0,1,1,1,1790970812
2026-10-02T19:55:31+00:00,2026-10-02T19:55:44.473835+00:00,f834923d-0de8-11e7-991c-3863bb43a7d0,65,11,4,0,8,0,1,1,1,1790970814
2026-10-02T19:55:31+00:00,2026-10-02T19:55:44.473835+00:00,8b703219-1e16-4ba1-9f46-2b7030c7849a,360,3,2,0,12,0,1,1,1,1790970799
2026-10-02T19:55:31+00:00,2026-10-02T19:55:44.473835+00:00,af066ffd-b892-434f-8532-1982fc408780,480,0,0,1,10,0,1,1,1,1790970806
2026-10-02T19:55:31+00:00,2026-10-02T19:55:44.473835+00:00,68323451-daf0-4532-a6cb-b070e3ef358f,68323451-daf0-4532-a6cb-b070e3ef358f,5,0,0,14,0,1,1,1,1790970804
2026-10-02T19:55:31+00:00,2026-10-02T19:55:44.473835+00:00,609c2f06-310e-4134-8dd2-3d23aa41487b,609c2f06-310e-4134-8dd2-3d23aa41487b,7,1,0,15,0,1,1,1,1790970804
2026-10-02T19:55:31+00:00,2026-10-02T19:55:44.473835+00:00,f8352a4d-0de8-11e7-991c-3863bb43a7d0,212,8,0,0,24,0,1,1,1,1790970816
2026-10-02T19:55:31+00:00,2026-10-02T19:55:44.473835+00:00,c935cfb1-ef73-402e-9b86-83aaaac6534d,478,10,1,0,9,0,1,1,1,1790970818
2026-10-02T19:55:31+00:00,2026-10-02T19:55:44.473835+00:00,f834a32d-0de8-11e7-991c-3863bb43a7d0,86,20,2,2,3,0,1,1,1,1790970783
2026-10-02T19:55:31+00:00,2026-10-02T19:55:44.473835+00:00,f8348021-0de8-11e7-991c-3863bb43a7d0,39,5,0,0,22,0,1,1,1,1790970820
2026-10-02T19:55:31+00:00,2026-10-02T19:55:44.473835+00:00,ee0fa23e-a6c2-474d-a6ef-bf581d63f1ae,ee0fa23e-a6c2-474d-a6ef-bf581d63f1ae,5,3,0,6,0,1,1,1,1790970822
2026-10-02T19:55:31+00:00,2026-10-02T19:55:44.473835+00:00,57caf362-1e8b-46aa-9ee3-82341c405ab0,271,12,7,0,3,0,1,1,1,1790970820
2026-10-02T19:55:31+00:00,2026-10-02T19:55:44.473835+00:00,2126939746529359956,2126939746529359956,3,0,0,16,0,1,1,1,1790970826
2026-10-02T19:55:31+00:00,2026-10-02T19:55:44.473835+00:00,2131714490587826928,2131714490587826928,15,10,0,1,0,1,1,1,1790970830
2026-10-02T19:55:31+00:00,2026-10-02T19:55:44.473835+00:00,50cc3c7f-50ed-4c70-b483-c89f3f47c938,491,14,0,1,4,0,1,1,1,1790970835
2026-10-02T19:55:31+00:00,2026-10-02T19:55:44.473835+00:00,2120986392451359068,2120986392451359068,2,1,0,17,0,1,1,1,1790970835
2026-10-02T19:55:31+00:00,2026-10-02T19:55:44.473835+00:00,3a6d94a7-9fee-41c5-b8cc-a8487c5e691b,549,7,0,1,15,0,1,1,1,1790970833
2026-10-02T19:55:31+00:00,2026-10-02T19:55:44.473835+00:00,dd8dee9d-d044-41d6-9371-8463cf9c671b,526,7,5,0,8,0,1,1,1,1790970834
2026-10-02T19:55:31+00:00,2026-10-02T19:55:44.473835+00:00,2115804056935012722,2115804056935012722,12,1,0,7,0,1,1,1,1790970832
2026-10-02T19:55:31+00:00,2026-10-02T19:55:44.473835+00:00,a3b94ed8-8301-4ec6-baf2-64ac493b5106,529,6,0,1,9,0,1,1,1,1790970838
2026-10-02T19:55:31+00:00,2026-10-02T19:55:44.473835+00:00,3de6e5da-9702-4623-8683-26abd98012a8,525,5,2,0,7,0,1,1,1,1790970841
2026-10-02T19:55:31+00:00,2026-10-02T19:55:44.473835+00:00,1e3beeb4-f8e1-452c-93e5-48df78d4b313,334,5,1,0,13,0,1,1,1,1790970837
2026-10-02T19:55:31+00:00,2026-10-02T19:55:44.473835+00:00,a9bc314b-a3fd-46e5-a63b-f005258bba5f,a9bc314b-a3fd-46e5-a63b-f005258bba5f,1,1,0,17,0,1,1,1,1790970839
2026-10-02T19:55:31+00:00,2026-10-02T19:55:44.473835+00:00,f834fda2-0de8-11e7-991c-3863bb43a7d0,143,12,0,0,11,0,1,1,1,1790970843
2026-10-02T19:55:31+00:00,2026-10-02T19:55:44.473835+00:00,a9d13461-7f0f-47b0-9a97-8ec9e9792865,533,2,0,0,16,0,1,1,1,1790970848
2026-10-02T19:55:31+00:00,2026-10-02T19:55:44.473835+00:00,f8349de4-0de8-11e7-991c-3863bb43a7d0,80,18,0,1,15,0,1,1,1,1790970850
2026-10-02T19:55:31+00:00,2026-10-02T19:55:44.473835+00:00,f8352150-0de8-11e7-991c-3863bb43a7d0,196,5,1,0,5,0,1,1,1,1790970851
2026-10-02T19:55:31+00:00,2026-10-02T19:55:44.473835+00:00,2079440939380771716,2079440939380771716,4,3,0,6,0,1,1,1,1790970849
2026-10-02T19:55:31+00:00,2026-10-02T19:55:44.473835+00:00,2248987790637065652,2248987790637065652,2,0,0,10,0,1,1,1,1790970853
2026-10-02T19:55:31+00:00,2026-10-02T19:55:44.473835+00:00,3c837bc0-fd08-49c4-adf5-0e9a98e918a7,524,6,1,1,8,0,1,1,1,1790970854
2026-10-02T19:55:31+00:00,2026-10-02T19:55:44.473835+00:00,f836bc28-36a7-4ca6-bba6-0d75333d84bb,538,14,3,0,5,0,1,1,1,1790970855
2026-10-02T19:55:31+00:00,2026-10-02T19:55:44.473835+00:00,2124668538068359456,2124668538068359456,3,0,0,16,0,1,1,1,1790970855
2026-10-02T19:55:31+00:00,2026-10-02T19:55:44.473835+00:00,31382324-2931-491a-827a-40149e45afee,232,2,0,0,9,0,1,1,1,1790970852
2026-10-02T19:55:31+00:00,2026-10-02T19:55:44.473835+00:00,66763558-7a03-48a9-8665-6b4445b81f48,458,9,0,0,6,0,1,1,1,1790970854
2026-10-02T19:55:31+00:00,2026-10-02T19:55:44.473835+00:00,2100948177843249670,2100948177843249670,11,8,0,0,0,1,1,1,1790970856
2026-10-02T19:55:31+00:00,2026-10-02T19:55:44.473835+00:00,fbb9b58c-2b92-4bcf-8e4c-a982e40d2f39,221,8,1,0,11,0,1,1,1,1790970858
2026-10-02T19:55:31+00:00,2026-10-02T19:55:44.473835+00:00,f834ffc9-0de8-11e7-991c-3863bb43a7d0,146,7,3,0,12,0,1,1,1,1790970859
2026-10-02T19:55:31+00:00,2026-10-02T19:55:44.473835+00:00,f8348857-0de8-11e7-991c-3863bb43a7d0,55,14,0,1,0,0,1,1,1,1790970861
2026-10-02T19:55:31+00:00,2026-10-02T19:55:44.473835+00:00,2158217922577811100,2158217922577811100,3,0,0,16,0,1,1,1,1790970866
2026-10-02T19:55:31+00:00,2026-10-02T19:55:44.473835+00:00,0cb6d635-6a7d-4d75-89b4-36b12616be12,432,14,10,0,5,0,1,1,1,1790970867
2026-10-02T19:55:31+00:00,2026-10-02T19:55:44.473835+00:00,910f1452-dbeb-4e69-b226-71b2d7e85715,910f1452-dbeb-4e69-b226-71b2d7e85715,5,1,1,4,0,1,1,1,1790970867
2026-10-02T19:55:31+00:00,2026-10-02T19:55:44.473835+00:00,3dbbb3cb-b52d-46f8-8f9c-db11e83d081c,327,4,1,1,9,0,1,1,1,1790970862
2026-10-02T19:55:31+00:00,2026-10-02T19:55:44.473835+00:00,2fded452-cbd0-4248-b008-f8a61ed9a85f,2fded452-cbd0-4248-b008-f8a61ed9a85f,2,0,0,13,0,1,1,1,1790970862
2026-10-02T19:55:31+00:00,2026-10-02T19:55:44.473835+00:00,4764641e-b080-4c70-a1e1-049de81e09d0,273,33,2,5,2,0,1,1,1,1790970869
2026-10-02T19:55:31+00:00,2026-10-02T19:55:44.473835+00:00,f8352306-0de8-11e7-991c-3863bb43a7d0,199,2,2,0,13,0,1,1,1,1790970870
2026-10-02T19:55:31+00:00,2026-10-02T19:55:44.473835+00:00,f8351ff1-0de8-11e7-991c-3863bb43a7d0,193,11,0,0,4,0,1,1,1,1790970870
2026-10-02T19:55:31+00:00,2026-10-02T19:55:44.473835+00:00,f834b50a-0de8-11e7-991c-3863bb43a7d0,102,0,0,0,15,0,1,1,1,1790970870
2026-10-02T19:55:31+00:00,2026-10-02T19:55:44.473835+00:00,1984021766354634770,1984021766354634770,2,1,2,15,0,1,1,1,1790970870
2026-10-02T19:55:31+00:00,2026-10-02T19:55:44.473835+00:00,f8350c56-0de8-11e7-991c-3863bb43a7d0,161,13,5,0,10,0,1,1,1,1790970871
2026-10-02T19:55:31+00:00,2026-10-02T19:55:44.473835+00:00,1961066392414132348,1961066392414132348,11,1,1,7,0,1,1,1,1790970857
2026-10-02T19:55:31+00:00,2026-10-02T19:55:44.473835+00:00,d81e16e2-a410-4a0b-b5ae-b72748fc9781,d81e16e2-a410-4a0b-b5ae-b72748fc9781,4,0,0,15,0,1,1,1,1790970856
2026-10-02T19:55:31+00:00,2026-10-02T19:55:44.473835+00:00,f8349d6e-0de8-11e7-991c-3863bb43a7d0,79,9,1,0,9,0,1,1,1,1790970866
2026-10-02T19:55:31+00:00,2026-10-02T19:55:44.473835+00:00,a439fff7-8630-464c-b277-efca6f6bc664,531,7,1,1,7,0,1,1,1,1790970909
2026-10-02T19:55:31+00:00,2026-10-02T19:55:44.473835+00:00,efd724b2-31cb-4aec-b9d9-8ab79271630c,493,10,0,0,7,0,1,1,1,1790970909
2026-10-02T19:55:31+00:00,2026-10-02T19:55:44.473835+00:00,dd008e3c-ff17-4c82-abe0-502272a62425,558,0,0,0,17,0,1,1,1,1790970909
2026-10-02T19:55:31+00:00,2026-10-02T19:55:44.473835+00:00,f8347361-0de8-11e7-991c-3863bb43a7d0,26,10,1,0,4,0,1,1,1,1790970909
2026-10-02T19:55:31+00:00,2026-10-02T19:55:44.473835+00:00,f8346a3c-0de8-11e7-991c-3863bb43a7d0,10,0,0,1,10,0,1,1,1,1790970909
2026-10-02T19:55:31+00:00,2026-10-02T19:55:44.473835+00:00,ee18dbd6-05b8-4d38-a120-f84c3499a77e,519,2,2,0,9,0,1,1,1,1790970905
2026-10-02T19:55:31+00:00,2026-10-02T19:55:44.473835+00:00,f834d064-0de8-11e7-991c-3863bb43a7d0,118,5,2,3,11,0,1,1,1,1790970905
2026-10-02T19:55:31+00:00,2026-10-02T19:55:44.473835+00:00,2113560016964645240,2113560016964645240,7,0,0,12,0,1,1,1,1790970907
2026-10-02T19:55:31+00:00,2026-10-02T19:55:44.473835+00:00,1963273678015717438,1963273678015717438,14,0,1,4,0,1,1,1,1790970907
2026-10-02T19:55:31+00:00,2026-10-02T19:55:44.473835+00:00,f8346c01-0de8-11e7-991c-3863bb43a7d0,13,3,1,2,14,0,1,1,1,1790970904
2026-10-02T19:55:31+00:00,2026-10-02T19:55:44.473835+00:00,3b158c7a-a362-43ae-af1f-121b78be32d7,483,14,0,0,3,0,1,1,1,1790970856
2026-10-02T19:55:31+00:00,2026-10-02T19:55:44.473835+00:00,f83487f0-0de8-11e7-991c-3863bb43a7d0,54,5,0,0,10,0,1,1,1,1790970883
2026-10-02T19:55:31+00:00,2026-10-02T19:55:44.473835+00:00,f8348781-0de8-11e7-991c-3863bb43a7d0,53,15,0,0,4,0,1,1,1,1790970869
2026-10-02T19:55:31+00:00,2026-10-02T19:55:44.473835+00:00,2111332861978124760,2111332861978124760,2,0,1,13,0,1,1,1,1790970888
2026-10-02T19:55:31+00:00,2026-10-02T19:55:44.473835+00:00,c98f50f6-1901-4c64-b164-8cf33245e022,282,15,1,2,1,0,1,1,1,1790970888
2026-10-02T19:55:31+00:00,2026-10-02T19:55:44.473835+00:00,2080157934789007958,2080157934789007958,18,3,0,1,0,1,1,1,1790970889
2026-10-02T19:55:31+00:00,2026-10-02T19:55:44.473835+00:00,25cc602a-152a-4abe-9df8-a131d0a5d94b,235,3,0,0,12,0,1,1,1,1790970888
2026-10-02T19:55:31+00:00,2026-10-02T19:55:44.473835+00:00,f834b652-0de8-11e7-991c-3863bb43a7d0,104,5,0,0,12,0,1,1,1,1790970863
2026-10-02T19:55:31+00:00,2026-10-02T19:55:44.473835+00:00,0bc49982-74e9-4bbf-9991-e3d809d6319e,530,4,1,0,15,0,1,1,1,1790970864
2026-10-02T19:55:31+00:00,2026-10-02T19:55:44.473835+00:00,f835259f-0de8-11e7-991c-3863bb43a7d0,205,2,0,0,13,0,1,1,1,1790970876
2026-10-02T19:55:31+00:00,2026-10-02T19:55:44.473835+00:00,f8349672-0de8-11e7-991c-3863bb43a7d0,72,15,0,1,8,0,1,1,1,1790970879
2026-10-02T19:55:31+00:00,2026-10-02T19:55:44.473835+00:00,dc770287-c70c-43ea-a635-39f3dc6b09cd,dc770287-c70c-43ea-a635-39f3dc6b09cd,3,2,0,8,0,1,1,1,1790970879
2026-10-02T19:55:31+00:00,2026-10-02T19:55:44.473835+00:00,f8353277-0de8-11e7-991c-3863bb43a7d0,218,8,1,0,7,0,1,1,1,1790970877
2026-10-02T19:55:31+00:00,2026-10-02T19:55:44.473835+00:00,7dd0fc98-c1dd-4c93-9c1d-4bbdf5f93346,473,12,8,0,2,0,1,1,1,1790970881
2026-10-02T19:55:31+00:00,2026-10-02T19:55:44.473835+00:00,2004828637786472956,2004828637786472956,9,2,1,9,0,1,1,1,1790970878
2026-10-02T19:55:31+00:00,2026-10-02T19:55:44.473835+00:00,2256120653476329202,2256120653476329202,9,2,0,6,0,1,1,1,1790970885
2026-10-02T19:55:31+00:00,2026-10-02T19:55:44.473835+00:00,2223046412750968128,2223046412750968128,3,1,0,16,0,1,1,1,1790970887
2026-10-02T19:55:31+00:00,2026-10-02T19:55:44.473835+00:00,2071724371800490690,2071724371800490690,5,1,0,15,0,1,1,1,1790970903
2026-10-02T19:55:31+00:00,2026-10-02T19:55:44.473835+00:00,b5894555-30a3-46db-918a-fdeb083d6001,336,13,4,2,0,0,1,1,1,1790970899
2026-10-02T19:55:31+00:00,2026-10-02T19:55:44.473835+00:00,f1cafe36-f800-41f6-b74d-73953cb6394c,471,27,2,0,0,0,1,1,1,1790970899
2026-10-02T19:55:31+00:00,2026-10-02T19:55:44.473835+00:00,2035765531590062506,2035765531590062506,4,2,0,6,1,1,1,1,1790970899
2026-10-02T19:55:31+00:00,2026-10-02T19:55:44.473835+00:00,f8351e42-0de8-11e7-991c-3863bb43a7d0,189,13,0,2,8,0,1,1,1,1790970902
2026-10-02T19:55:31+00:00,2026-10-02T19:55:44.473835+00:00,f83514f9-0de8-11e7-991c-3863bb43a7d0,180,11,1,0,7,0,1,1,1,1790970901
2026-10-02T19:55:31+00:00,2026-10-02T19:55:44.473835+00:00,f8350be5-0de8-11e7-991c-3863bb43a7d0,160,5,0,0,9,0,1,1,1,1790970900
2026-10-02T19:55:31+00:00,2026-10-02T19:55:44.473835+00:00,1994461916590643872,1994461916590643872,7,5,0,4,0,1,1,1,1790970900
2026-10-02T19:55:31+00:00,2026-10-02T19:55:44.473835+00:00,8f51f8f1-ecb8-4cd3-8529-296a03140c51,8f51f8f1-ecb8-4cd3-8529-296a03140c51,10,3,0,9,0,1,1,1,1790970903
2026-10-02T19:55:31+00:00,2026-10-02T19:55:44.473835+00:00,f8348924-0de8-11e7-991c-3863bb43a7d0,57,0,0,0,14,0,1,1,1,1790970902
2026-10-02T19:55:31+00:00,2026-10-02T19:55:44.473835+00:00,2136546016037880534,2136546016037880534,5,0,0,10,0,1,1,1,1790970905
2026-10-02T19:55:31+00:00,2026-10-02T19:55:44.473835+00:00,e49a5b83-2c9c-4610-a48b-89cfea172c8f,504,0,0,0,11,0,1,1,1,1790970899
2026-10-02T19:55:31+00:00,2026-10-02T19:55:44.473835+00:00,f834db9b-0de8-11e7-991c-3863bb43a7d0,121,13,8,2,2,0,1,1,1,1790970894
2026-10-02T19:55:31+00:00,2026-10-02T19:55:44.473835+00:00,f4a64c30-b97f-4ae5-b531-a11698b558d7,562,9,1,0,0,0,1,1,1,1790970894
2026-10-02T19:55:31+00:00,2026-10-02T19:55:44.473835+00:00,3f4f4ad4-a715-43d5-828f-f8381f26b66a,390,12,0,1,1,1,1,1,1,1790970893
2026-10-02T19:55:31+00:00,2026-10-02T19:55:44.473835+00:00,a51b429f-bf06-425a-b3fe-b3155aa6468c,a51b429f-bf06-425a-b3fe-b3155aa6468c,3,1,0,8,0,1,1,1,1790970913
2026-10-02T19:55:31+00:00,2026-10-02T19:55:44.473835+00:00,13681246-4bf8-444a-a908-fa165e4ad298,329,11,3,0,4,0,1,1,1,1790970913
2026-10-02T19:55:31+00:00,2026-10-02T19:55:44.473835+00:00,2253794653988522864,2253794653988522864,2,1,0,17,0,1,1,1,1790970910
2026-10-02T19:55:31+00:00,2026-10-02T19:55:44.473835+00:00,4caf6e93-ddd7-4b6f-9e61-f9df1206ac92,4caf6e93-ddd7-4b6f-9e61-f9df1206ac92,3,0,0,16,0,1,1,1,1790970912
2026-10-02T19:55:31+00:00,2026-10-02T19:55:44.473835+00:00,dd05a440-f881-410c-a071-864da11c634a,318,11,0,0,7,0,1,1,1,1790970911
2026-10-02T19:55:31+00:00,2026-10-02T19:55:44.473835+00:00,f835027c-0de8-11e7-991c-3863bb43a7d0,152,17,0,0,10,0,1,1,1,1790970911
2026-10-02T19:55:31+00:00,2026-10-02T19:55:44.473835+00:00,2074236051937964826,2074236051937964826,6,0,0,8,2,1,1,1,1790970914
2026-10-02T19:55:31+00:00,2026-10-02T19:55:44.473835+00:00,1206f5c8-7d1f-4c32-9d65-f3e80186fbde,511,10,8,0,9,0,1,1,1,1790970915
2026-10-02T19:55:31+00:00,2026-10-02T19:55:44.473835+00:00,f834fb66-0de8-11e7-991c-3863bb43a7d0,139,1,0,0,18,0,1,1,1,1790970911
2026-10-02T19:55:31+00:00,2026-10-02T19:55:44.473835+00:00,082262bd-086b-46c7-83ce-eed2b39142ff,416,12,0,0,4,0,1,1,1,1790970916
2026-10-02T19:55:31+00:00,2026-10-02T19:55:44.473835+00:00,2002247509585342522,2002247509585342522,1,0,0,10,0,1,1,1,1790970916
2026-10-02T19:55:31+00:00,2026-10-02T19:55:44.473835+00:00,2171110977443594588,2171110977443594588,7,0,1,7,0,1,1,1,1790970917
2026-10-02T19:55:31+00:00,2026-10-02T19:55:44.473835+00:00,f83472d3-0de8-11e7-991c-3863bb43a7d0,25,9,0,0,6,0,1,1,1,1790970918
2026-10-02T19:55:31+00:00,2026-10-02T19:55:44.473835+00:00,f834ff5a-0de8-11e7-991c-3863bb43a7d0,145,9,0,0,10,0,1,1,1,1790970866
2026-10-02T19:55:31+00:00,2026-10-02T19:55:44.473835+00:00,b0b8e427-7203-4844-9c70-129e08a74452,347,11,4,1,2,0,1,1,1,1790970918
2026-10-02T19:55:31+00:00,2026-10-02T19:55:44.473835+00:00,fae99a0c-e88a-4112-94d8-f655cf34e651,fae99a0c-e88a-4112-94d8-f655cf34e651,0,0,0,18,0,1,1,1,1790970917
2026-10-02T19:55:31+00:00,2026-10-02T19:55:44.473835+00:00,e3f5d039-a49e-4b3b-ab4d-4efbef2068c6,e3f5d039-a49e-4b3b-ab4d-4efbef2068c6,5,3,0,18,0,1,1,1,1790970918
2026-10-02T19:55:31+00:00,2026-10-02T19:55:44.473835+00:00,f8352c1a-0de8-11e7-991c-3863bb43a7d0,216,19,5,0,0,0,1,1,1,1790970919
2026-10-02T19:55:31+00:00,2026-10-02T19:55:44.473835+00:00,2012646293885032702,2012646293885032702,23,6,1,0,0,1,1,1,1790970919
2026-10-02T19:55:31+00:00,2026-10-02T19:55:44.473835+00:00,634b697d-0e64-4102-8849-abac7a7f8e35,455,10,1,0,2,0,1,1,1,1790970918
2026-10-02T19:55:31+00:00,2026-10-02T19:55:44.473835+00:00,12141b77-6e5f-444b-bace-2abf16db4fee,12141b77-6e5f-444b-bace-2abf16db4fee,0,0,7,4,0,1,0,0,1790828072
2026-10-02T19:55:31+00:00,2026-10-02T19:55:44.473835+00:00,2130224177726511580,2130224177726511580,2,1,0,13,0,1,1,1,1790970817
2026-10-02T19:55:31+00:00,2026-10-02T19:55:44.473835+00:00,c23a4c0d-7e43-4042-80e2-7c894d07763b,559,8,3,0,3,0,1,1,1,1790970815
2026-10-02T19:55:31+00:00,2026-10-02T19:55:44.473835+00:00,f834a838-0de8-11e7-991c-3863bb43a7d0,92,2,0,2,14,0,1,1,1,1790970817
2026-10-02T19:55:31+00:00,2026-10-02T19:55:44.473835+00:00,ad2fb6f2-921f-440c-83de-08be76e35c2a,468,8,1,0,7,0,1,1,1,1790970831
2026-10-02T19:55:31+00:00,2026-10-02T19:55:44.473835+00:00,4f25f6ef-236b-43b4-8a92-68a24db0504b,4f25f6ef-236b-43b4-8a92-68a24db0504b,5,1,0,9,0,1,1,1,1790970832
2026-10-02T19:55:31+00:00,2026-10-02T19:55:44.473835+00:00,186accbb-6a08-4e1d-b267-9033c4443a56,401,10,0,0,5,0,1,1,1,1790970832
2026-10-02T19:55:31+00:00,2026-10-02T19:55:44.473835+00:00,2109111257926871498,2109111257926871498,1,1,0,18,0,1,1,1,1790970834
2026-10-02T19:55:31+00:00,2026-10-02T19:55:44.473835+00:00,f8351726-0de8-11e7-991c-3863bb43a7d0,185,1,0,2,11,0,1,1,1,1790970821
2026-10-02T19:55:31+00:00,2026-10-02T19:55:44.473835+00:00,2d32e355-faee-407b-9bb7-45d80ffb059a,2d32e355-faee-407b-9bb7-45d80ffb059a,13,0,1,5,0,1,1,1,1790970823
2026-10-02T19:55:31+00:00,2026-10-02T19:55:44.473835+00:00,47c44bb1-d065-41f5-ad79-c18aee60af34,342,4,3,0,8,0,1,1,1,1790970826
2026-10-02T19:55:31+00:00,2026-10-02T19:55:44.473835+00:00,e32c0bb9-e85b-4764-b0fb-5c582cfd3a90,340,10,6,0,7,2,1,1,1,1790970825
2026-10-02T19:55:31+00:00,2026-10-02T19:55:44.473835+00:00,f83529e2-0de8-11e7-991c-3863bb43a7d0,211,5,0,0,10,0,1,1,1,1790970826
2026-10-02T19:55:31+00:00,2026-10-02T19:55:44.473835+00:00,2014558273483754010,2014558273483754010,1,1,0,18,0,1,1,1,1790970826
2026-10-02T19:55:31+00:00,2026-10-02T19:55:44.473835+00:00,f83489ff-0de8-11e7-991c-3863bb43a7d0,59,10,3,1,7,1,1,1,1,1790970828
2026-10-02T19:55:31+00:00,2026-10-02T19:55:44.473835+00:00,6e340d8e-45db-4fd9-b6eb-b74ec73b0d3e,535,7,0,0,8,0,1,1,1,1790970829
2026-10-02T19:55:31+00:00,2026-10-02T19:55:44.473835+00:00,f83471a1-0de8-11e7-991c-3863bb43a7d0,23,1,0,0,23,1,1,1,1,1790970828
2026-10-02T19:55:31+00:00,2026-10-02T19:55:44.473835+00:00,9f582e05-15e0-4a39-aef5-c719e0c78e26,466,1,0,1,9,0,1,1,1,1790970830
2026-10-02T19:55:31+00:00,2026-10-02T19:55:44.473835+00:00,f834ea45-0de8-11e7-991c-3863bb43a7d0,130,9,3,0,6,0,1,1,1,1790970835
2026-10-02T19:55:31+00:00,2026-10-02T19:55:44.473835+00:00,2096125468116637776,2096125468116637776,4,0,1,9,0,1,1,1,1790970837
2026-10-02T19:55:31+00:00,2026-10-02T19:55:44.473835+00:00,f8349e56-0de8-11e7-991c-3863bb43a7d0,81,14,4,0,5,0,1,1,1,1790970837
2026-10-02T19:55:31+00:00,2026-10-02T19:55:44.473835+00:00,a83f982f-a4f1-43e4-98e8-c8f4a0bb7290,452,5,0,2,8,0,1,1,1,1790970839
2026-10-02T19:55:31+00:00,2026-10-02T19:55:44.473835+00:00,f834f8ca-0de8-11e7-991c-3863bb43a7d0,137,8,1,0,11,0,1,1,1,1790970802
2026-10-02T19:55:31+00:00,2026-10-02T19:55:44.473835+00:00,f714390d-6874-43fa-a079-a07f83c79c7b,f714390d-6874-43fa-a079-a07f83c79c7b,0,0,0,11,0,1,1,1,1790970804
2026-10-02T19:55:31+00:00,2026-10-02T19:55:44.473835+00:00,f834fede-0de8-11e7-991c-3863bb43a7d0,144,2,0,1,16,0,1,1,1,1790970804
2026-10-02T19:55:31+00:00,2026-10-02T19:55:44.473835+00:00,2267959380696438832,2267959380696438832,7,0,0,4,0,1,1,1,1790970804
2026-10-02T19:55:31+00:00,2026-10-02T19:55:44.473835+00:00,f8352378-0de8-11e7-991c-3863bb43a7d0,200,10,0,0,9,0,1,1,1,1790970813
2026-10-02T19:55:31+00:00,2026-10-02T19:55:44.473835+00:00,1676a6f7-c417-48d2-92e8-5ce21995efc3,374,0,0,0,18,0,1,1,1,1790970813
2026-10-02T19:55:31+00:00,2026-10-02T19:55:44.473835+00:00,5bbdd12f-fec4-4741-9d5d-4a60834c5d02,377,9,1,0,10,0,1,1,1,1790970811
2026-10-02T19:55:31+00:00,2026-10-02T19:55:44.473835+00:00,f834a7d1-0de8-11e7-991c-3863bb43a7d0,91,9,0,1,9,0,1,1,1,1790970812
2026-10-02T19:55:31+00:00,2026-10-02T19:55:44.473835+00:00,f83480a9-0de8-11e7-991c-3863bb43a7d0,40,24,5,1,6,0,1,1,1,1790970812
2026-10-02T19:55:31+00:00,2026-10-02T19:55:44.473835+00:00,5f8ced09-665c-41e5-b67e-1e58fac21830,521,6,1,0,5,0,1,1,1,1790970809
2026-10-02T19:55:31+00:00,2026-10-02T19:55:44.473835+00:00,52485851-e554-49de-ab9f-f536806d2d34,52485851-e554-49de-ab9f-f536806d2d34,6,0,0,5,0,1,1,1,1790970808
2026-10-02T19:55:31+00:00,2026-10-02T19:55:44.473835+00:00,2129865213174084448,2129865213174084448,9,0,0,10,0,1,1,1,1790970809
2026-10-02T19:55:31+00:00,2026-10-02T19:55:44.473835+00:00,f834ba08-0de8-11e7-991c-3863bb43a7d0,108,10,0,1,5,0,1,1,1,1790970810
2026-10-02T19:55:31+00:00,2026-10-02T19:55:44.473835+00:00,7feae3ce-ddf2-4a45-a123-1209c8a9182b,484,6,1,0,5,0,1,1,1,1790970808
2026-10-02T19:55:31+00:00,2026-10-02T19:55:44.473835+00:00,74cb9bf6-bb53-4c70-88d2-67998b99628c,296,5,3,1,17,0,1,1,1,1790970842
2026-10-02T19:55:31+00:00,2026-10-02T19:55:44.473835+00:00,00802fe6-4268-4dc8-8f55-0dbbc1665ce6,515,8,2,1,10,0,1,1,1,1790970840
2026-10-02T19:55:31+00:00,2026-10-02T19:55:44.473835+00:00,13d4171b-6d93-490e-923f-f2a17d5c7613,13d4171b-6d93-490e-923f-f2a17d5c7613,3,3,3,5,0,1,1,1,1790970840
2026-10-02T19:55:31+00:00,2026-10-02T19:55:44.473835+00:00,81bfc33b-30d8-4881-b261-712715a8b2bc,363,14,3,0,4,0,1,1,1,1790970842
2026-10-02T19:55:31+00:00,2026-10-02T19:55:44.473835+00:00,1942556871369959976,1942556871369959976,8,0,0,11,0,1,1,1,1790970844
2026-10-02T19:55:31+00:00,2026-10-02T19:55:44.473835+00:00,ed6c012e-6d6c-41e7-8e01-90749fd67575,546,8,6,0,8,0,1,1,1,1790970844
2026-10-02T19:55:31+00:00,2026-10-02T19:55:44.473835+00:00,a3bf0bfe-198b-4160-a2fb-cc7d10cfb4cf,a3bf0bfe-198b-4160-a2fb-cc7d10cfb4cf,7,0,1,11,0,1,1,1,1790970844
2026-10-02T19:55:31+00:00,2026-10-02T19:55:44.473835+00:00,c5017e67-cada-4549-a52e-0f13dddd289d,424,4,0,0,15,0,1,1,1,1790970841
2026-10-02T19:55:31+00:00,2026-10-02T19:55:44.473835+00:00,2002579415401984808,2002579415401984808,5,1,0,6,0,1,1,1,1790970848
2026-10-02T19:55:31+00:00,2026-10-02T19:55:44.473835+00:00,4c128753-6fde-4d4c-896e-a1adf89ada98,4c128753-6fde-4d4c-896e-a1adf89ada98,12,0,0,12,1,1,1,1,1790970849
2026-10-02T19:55:31+00:00,2026-10-02T19:55:44.473835+00:00,1989983491501558234,1989983491501558234,5,2,0,6,0,1,1,1,1790970847
2026-10-02T19:55:31+00:00,2026-10-02T19:55:44.473835+00:00,fe6a64e7-c712-404c-85ae-ee77a37245b1,355,14,1,0,3,0,1,1,1,1790970847
2026-10-02T19:55:31+00:00,2026-10-02T19:55:44.473835+00:00,93381e13-cd04-4e10-ac81-9f5926aa01d5,333,23,3,1,1,0,1,1,1,1790970847
2026-10-02T19:55:31+00:00,2026-10-02T19:55:44.473835+00:00,c1789d39-705f-4c03-9c14-4d6a3a4f4400,561,4,2,0,14,0,1,1,1,1790970851
2026-10-02T19:55:31+00:00,2026-10-02T19:55:44.473835+00:00,7df1ee28-441e-44c1-8507-8f58946be96b,239,6,1,0,9,0,1,1,1,1790970852
2026-10-02T19:55:31+00:00,2026-10-02T19:55:44.473835+00:00,7c860828-3359-4229-b59b-963f5a4bab00,236,7,1,1,4,0,1,1,1,1790970850
2026-10-02T19:55:31+00:00,2026-10-02T19:55:44.473835+00:00,eb8824c3-9c84-4fec-8d6f-d537c8ab3beb,349,12,7,0,4,1,1,1,1,1790970853
2026-10-02T19:55:31+00:00,2026-10-02T19:55:44.473835+00:00,12d463d2-ce50-43bd-81b1-6be4dbdbbc1b,430,13,3,0,6,0,1,1,1,1790970859
2026-10-02T19:55:31+00:00,2026-10-02T19:55:44.473835+00:00,2098360140389493528,2098360140389493528,3,3,4,4,0,1,1,1,1790970858
2026-10-02T19:55:31+00:00,2026-10-02T19:55:44.473835+00:00,403c0f6c-d01a-4171-a7be-3aa4dbb0d7d1,407,8,0,1,9,0,1,1,1,1790970859
2026-10-02T19:55:31+00:00,2026-10-02T19:55:44.473835+00:00,f8285d4f-5053-4e26-bb28-72016fe11353,405,11,1,0,8,0,1,1,1,1790970856
2026-10-02T19:55:31+00:00,2026-10-02T19:55:44.473835+00:00,2151136782588526782,2151136782588526782,11,2,0,0,0,1,1,1,1790970859
2026-10-02T19:55:31+00:00,2026-10-02T19:55:44.473835+00:00,f834b99d-0de8-11e7-991c-3863bb43a7d0,107,9,0,2,6,0,1,1,1,1790970854
2026-10-02T19:55:31+00:00,2026-10-02T19:55:44.473835+00:00,f834824e-0de8-11e7-991c-3863bb43a7d0,43,1,1,0,14,0,1,1,1,1790970865
2026-10-02T19:55:31+00:00,2026-10-02T19:55:44.473835+00:00,f83515d8-0de8-11e7-991c-3863bb43a7d0,182,5,0,0,14,0,1,1,1,1790970865
2026-10-02T19:55:31+00:00,2026-10-02T19:55:44.473835+00:00,f8350a84-0de8-11e7-991c-3863bb43a7d0,157,3,0,1,11,0,1,1,1,1790970865
2026-10-02T19:55:31+00:00,2026-10-02T19:55:44.473835+00:00,2220822464984366036,2220822464984366036,6,4,0,5,1,1,1,1,1790970866
2026-10-02T19:55:31+00:00,2026-10-02T19:55:44.473835+00:00,f834ab92-0de8-11e7-991c-3863bb43a7d0,95,2,0,2,8,3,1,1,1,1790970868
2026-10-02T19:55:31+00:00,2026-10-02T19:55:44.473835+00:00,9e9be067-c6bb-41de-9491-eda69d24d6de,371,10,9,0,8,1,1,1,1,1790970868
2026-10-02T19:55:31+00:00,2026-10-02T19:55:44.473835+00:00,2071630998981871920,2071630998981871920,14,0,0,5,0,1,1,1,1790970878
2026-10-02T19:55:31+00:00,2026-10-02T19:55:44.473835+00:00,f834dc46-0de8-11e7-991c-3863bb43a7d0,122,3,0,1,10,0,1,1,1,1790970879
2026-10-02T19:55:31+00:00,2026-10-02T19:55:44.473835+00:00,fe534b6f-61ad-47d3-b9f6-cdaa128f53a4,395,4,1,0,11,0,1,1,1,1790970879
2026-10-02T19:55:31+00:00,2026-10-02T19:55:44.473835+00:00,2225590560002383786,2225590560002383786,6,0,0,9,0,1,1,1,1790970884
2026-10-02T19:55:31+00:00,2026-10-02T19:55:44.473835+00:00,2093488029445054742,2093488029445054742,7,0,3,18,0,1,1,1,1790970882
2026-10-02T19:55:31+00:00,2026-10-02T19:55:44.473835+00:00,f8348a68-0de8-11e7-991c-3863bb43a7d0,60,15,0,1,3,0,1,1,1,1790970880
2026-10-02T19:55:31+00:00,2026-10-02T19:55:44.473835+00:00,8347c34d-68df-404b-ac58-7a387cc3ce4b,414,11,3,0,12,0,1,1,1,1790970880
2026-10-02T19:55:31+00:00,2026-10-02T19:55:44.473835+00:00,f83520d8-0de8-11e7-991c-3863bb43a7d0,195,6,0,0,17,0,1,1,1,1790970883
2026-10-02T19:55:31+00:00,2026-10-02T19:55:44.473835+00:00,2002248857751890568,2002248857751890568,9,4,1,1,0,1,1,1,1790970881
2026-10-02T19:55:31+00:00,2026-10-02T19:55:44.473835+00:00,f0f01d4c-ba4a-4ab2-9cc0-9fa1f9223300,394,11,8,1,2,0,1,1,1,1790970879
2026-10-02T19:55:31+00:00,2026-10-02T19:55:44.473835+00:00,f834fc57-0de8-11e7-991c-3863bb43a7d0,140,4,1,0,13,0,1,1,1,1790970888
2026-10-02T19:55:31+00:00,2026-10-02T19:55:44.473835+00:00,f8351eb0-0de8-11e7-991c-3863bb43a7d0,190,19,2,0,18,0,1,1,1,1790970889
2026-10-02T19:55:31+00:00,2026-10-02T19:55:44.473835+00:00,f8351dc2-0de8-11e7-991c-3863bb43a7d0,188,10,2,0,5,0,1,1,1,1790970889
2026-10-02T19:55:31+00:00,2026-10-02T19:55:44.473835+00:00,228b8017-e4da-4722-9223-b8279a14b8ad,448,6,2,0,4,0,1,1,1,1790970889
2026-10-02T19:55:31+00:00,2026-10-02T19:55:44.473835+00:00,f8346f6f-0de8-11e7-991c-3863bb43a7d0,19,5,1,0,9,0,1,1,1,1790970889
2026-10-02T19:55:31+00:00,2026-10-02T19:55:44.473835+00:00,f8352ac4-0de8-11e7-991c-3863bb43a7d0,213,1,1,1,12,0,1,1,1,1790970847
2026-10-02T19:55:31+00:00,2026-10-02T19:55:44.473835+00:00,9c8366d8-3b58-4894-b281-09e22f6fe5f7,464,6,0,2,3,0,1,1,1,1790970886
2026-10-02T19:55:31+00:00,2026-10-02T19:55:44.473835+00:00,0daf7408-7a15-4d2b-8c39-f1a097cdbe85,403,9,6,0,6,0,1,1,1,1790970886
2026-10-02T19:55:31+00:00,2026-10-02T19:55:44.473835+00:00,f834dedf-0de8-11e7-991c-3863bb43a7d0,124,4,0,1,9,0,1,1,1,1790970886
2026-10-02T19:55:31+00:00,2026-10-02T19:55:44.473835+00:00,f83512c9-0de8-11e7-991c-3863bb43a7d0,175,14,0,1,2,0,1,1,1,1790970886
2026-10-02T19:55:31+00:00,2026-10-02T19:55:44.473835+00:00,c202f2ca-ec1d-4dc5-a734-e0a342f23ba4,279,19,1,0,4,0,1,1,1,1790970886
2026-10-02T19:55:31+00:00,2026-10-02T19:55:44.473835+00:00,f834ec42-0de8-11e7-991c-3863bb43a7d0,131,15,3,0,3,0,1,1,1,1790970857
2026-10-02T19:55:31+00:00,2026-10-02T19:55:44.473835+00:00,a75d3da1-ce74-447f-8e80-52506a81aff3,a75d3da1-ce74-447f-8e80-52506a81aff3,2,0,2,7,0,1,1,1,1790970862
2026-10-02T19:55:31+00:00,2026-10-02T19:55:44.473835+00:00,f8351490-0de8-11e7-991c-3863bb43a7d0,179,17,0,1,34,0,1,1,1,1790970862
2026-10-02T19:55:31+00:00,2026-10-02T19:55:44.473835+00:00,2131760674371160748,2131760674371160748,4,1,1,15,0,1,1,1,1790970872
2026-10-02T19:55:31+00:00,2026-10-02T19:55:44.473835+00:00,eee3aab6-bd98-4d1f-8887-9c4e2adce482,eee3aab6-bd98-4d1f-8887-9c4e2adce482,8,1,0,3,0,1,1,1,1790970873
2026-10-02T19:55:31+00:00,2026-10-02T19:55:44.473835+00:00,81676204-e42f-4d3d-991e-9c1264f36229,357,8,1,0,7,0,1,1,1,1790970870
2026-10-02T19:55:31+00:00,2026-10-02T19:55:44.473835+00:00,9340e113-e0b2-48ac-b58a-8b6f001b0a94,486,10,7,1,0,0,1,1,1,1790970870
2026-10-02T19:55:31+00:00,2026-10-02T19:55:44.473835+00:00,f834caf2-0de8-11e7-991c-3863bb43a7d0,114,2,0,1,12,0,1,1,1,1790970871
2026-10-02T19:55:31+00:00,2026-10-02T19:55:44.473835+00:00,9cc65d3d-cfcc-45ff-8f75-7264556b1cf9,9cc65d3d-cfcc-45ff-8f75-7264556b1cf9,2,1,0,17,0,1,1,1,1790970877
2026-10-02T19:55:31+00:00,2026-10-02T19:55:44.473835+00:00,2035660824473983142,2035660824473983142,15,3,0,4,0,1,1,1,1790970891
2026-10-02T19:55:31+00:00,2026-10-02T19:55:44.473835+00:00,f834658f-0de8-11e7-991c-3863bb43a7d0,4,3,0,0,16,0,1,1,1,1790970891
2026-10-02T19:55:31+00:00,2026-10-02T19:55:44.473835+00:00,1921360868231155718,1921360868231155718,2,0,0,17,0,1,1,1,1790970891
2026-10-02T19:55:31+00:00,2026-10-02T19:55:44.473835+00:00,4fe8e777-345b-4fc2-a684-dd874e8186d8,4fe8e777-345b-4fc2-a684-dd874e8186d8,6,6,0,8,0,1,1,1,1790970893
2026-10-02T19:55:31+00:00,2026-10-02T19:55:44.473835+00:00,bd3d4824-7203-4edc-a314-cea2b413e886,319,3,0,1,22,1,1,1,1,1790970897
2026-10-02T19:55:31+00:00,2026-10-02T19:55:44.473835+00:00,f834a3a0-0de8-11e7-991c-3863bb43a7d0,87,4,1,0,11,0,1,1,1,1790970900
2026-10-02T19:55:31+00:00,2026-10-02T19:55:44.473835+00:00,2249419943962214726,2249419943962214726,2,1,0,17,0,1,1,1,1790970900
2026-10-02T19:55:31+00:00,2026-10-02T19:55:44.473835+00:00,f8350204-0de8-11e7-991c-3863bb43a7d0,151,2,0,0,17,0,1,1,1,1790970898
2026-10-02T19:55:31+00:00,2026-10-02T19:55:44.473835+00:00,bd1755dc-f26c-420e-85b3-fd025d0b5445,554,1,0,0,14,0,1,1,1,1790970898
2026-10-02T19:55:31+00:00,2026-10-02T19:55:44.473835+00:00,2007420398783036020,2007420398783036020,10,1,0,10,0,1,1,1,1790970898
2026-10-02T19:55:31+00:00,2026-10-02T19:55:44.473835+00:00,2040842277416872172,2040842277416872172,10,6,0,6,0,1,1,1,1790970896
2026-10-02T19:55:31+00:00,2026-10-02T19:55:44.473835+00:00,f83481c5-0de8-11e7-991c-3863bb43a7d0,42,12,3,0,19,0,1,1,1,1790970902
2026-10-02T19:55:31+00:00,2026-10-02T19:55:44.473835+00:00,2118368356250680236,2118368356250680236,1,0,0,15,0,1,1,1,1790970903
2026-10-02T19:55:31+00:00,2026-10-02T19:55:44.473835+00:00,42886366-9cbf-432c-ba84-beef38877c87,408,5,2,0,10,0,1,1,1,1790970904
2026-10-02T19:55:31+00:00,2026-10-02T19:55:44.473835+00:00,2076849845777355316,2076849845777355316,11,3,2,17,2,1,1,1,1790970904
2026-10-02T19:55:31+00:00,2026-10-02T19:55:44.473835+00:00,2123672938202825324,2123672938202825324,2,1,0,13,0,1,1,1,1790970904
2026-10-02T19:55:31+00:00,2026-10-02T19:55:44.473835+00:00,f8347b1e-0de8-11e7-991c-3863bb43a7d0,30,10,0,0,5,0,1,1,1,1790970906
2026-10-02T19:55:31+00:00,2026-10-02T19:55:44.473835+00:00,aa556ad4-0092-4687-96c2-8dbc69addb56,485,2,1,0,9,0,1,1,1,1790970903
2026-10-02T19:55:31+00:00,2026-10-02T19:55:44.473835+00:00,2254164250455119196,2254164250455119196,9,6,0,5,0,1,1,1,1790970909
2026-10-02T19:55:31+00:00,2026-10-02T19:55:44.473835+00:00,f83483f3-0de8-11e7-991c-3863bb43a7d0,46,7,1,0,30,0,1,1,1,1790970907
2026-10-02T19:55:31+00:00,2026-10-02T19:55:44.473835+00:00,2104f242-2dde-4ec0-8197-4454b1021ac1,381,12,2,3,8,1,1,1,1,1790970907
2026-10-02T19:55:31+00:00,2026-10-02T19:55:44.473835+00:00,2212258635631104970,2212258635631104970,2,0,0,21,0,1,1,1,1790970906
2026-10-02T19:55:31+00:00,2026-10-02T19:55:44.473835+00:00,f835260c-0de8-11e7-991c-3863bb43a7d0,206,5,0,0,35,0,1,1,1,1790970906
2026-10-02T19:55:31+00:00,2026-10-02T19:55:44.473835+00:00,1978882443666915710,1978882443666915710,7,0,0,10,1,1,1,1,1790970907
2026-10-02T19:55:31+00:00,2026-10-02T19:55:44.473835+00:00,2038981933682610536,2038981933682610536,14,2,0,1,1,1,1,1,1790970915
2026-10-02T19:55:31+00:00,2026-10-02T19:55:44.473835+00:00,2212663228188806942,2212663228188806942,7,3,1,16,0,1,1,1,1790970911
2026-10-02T19:55:31+00:00,2026-10-02T19:55:44.473835+00:00,f8349ed6-0de8-11e7-991c-3863bb43a7d0,82,6,0,1,18,0,1,1,1,1790970911
2026-10-02T19:55:31+00:00,2026-10-02T19:55:44.473835+00:00,0b0467c1-0c90-4529-a556-fe4d57835bbb,435,12,9,1,1,1,1,1,1,1790970915
2026-10-02T19:55:31+00:00,2026-10-02T19:55:44.473835+00:00,2245672241002318634,2245672241002318634,1,0,0,17,0,1,1,1,1790970915
2026-10-02T19:55:31+00:00,2026-10-02T19:55:44.473835+00:00,be18593a-9e4c-4a13-8bb2-a5bac3d9b2b3,547,7,1,0,11,0,1,1,1,1790970913
2026-10-02T19:55:31+00:00,2026-10-02T19:55:44.473835+00:00,1a39ab83-f029-4134-aad4-35380b30bf2c,1a39ab83-f029-4134-aad4-35380b30bf2c,10,1,0,9,0,1,1,1,1790970913
2026-10-02T19:55:31+00:00,2026-10-02T19:55:44.473835+00:00,1976642295079838524,1976642295079838524,6,0,0,5,0,1,1,1,1790970913
2026-10-02T19:55:31+00:00,2026-10-02T19:55:44.473835+00:00,ca76adb6-4c84-4484-9ec3-b411b81ddbef,ca76adb6-4c84-4484-9ec3-b411b81ddbef,7,0,1,11,0,1,1,1,1790970914
2026-10-02T19:55:31+00:00,2026-10-02T19:55:44.473835+00:00,f835108b-0de8-11e7-991c-3863bb43a7d0,170,4,0,0,10,0,1,1,1,1790970918
2026-10-02T19:55:31+00:00,2026-10-02T19:55:44.473835+00:00,e2c306f6-82c7-4d0d-89fd-c9452d2f9ad1,361,16,3,1,24,0,1,1,1,1790970918
2026-10-02T19:55:31+00:00,2026-10-02T19:55:44.473835+00:00,065e0e5d-8a0d-49b7-9c1f-c8eaba51a8b4,490,9,2,1,7,0,1,1,1,1790970918
2026-10-02T19:55:31+00:00,2026-10-02T19:55:44.473835+00:00,d1c0b0c2-6e4c-424e-a946-a2a95a711633,422,2,1,0,13,0,1,1,1,1790970918
2026-10-02T19:55:31+00:00,2026-10-02T19:55:44.473835+00:00,53548ba4-ad0a-4d92-8e57-fd5c9f3ad102,399,5,2,0,10,0,1,1,1,1790970919
2026-10-02T19:55:31+00:00,2026-10-02T19:55:44.473835+00:00,f8352068-0de8-11e7-991c-3863bb43a7d0,194,11,2,0,8,0,1,1,1,1790970919
2026-10-02T19:55:31+00:00,2026-10-02T19:55:44.473835+00:00,f83482d2-0de8-11e7-991c-3863bb43a7d0,44,0,0,10,21,0,1,0,0,1790960617
2026-10-02T19:55:31+00:00,2026-10-02T19:55:44.473835+00:00,1df03e33-c105-4e53-b013-d20056cd57f8,1df03e33-c105-4e53-b013-d20056cd57f8,0,0,0,0,0,0,0,0,86400
2026-10-02T19:55:31+00:00,2026-10-02T19:55:44.473835+00:00,36f36eed-1070-49be-8b31-5676b8b3489f,227,3,0,0,16,0,1,1,1,1790970800
2026-10-02T19:55:31+00:00,2026-10-02T19:55:44.473835+00:00,aa964f5b-fadf-4fc1-8c91-84ee36e15f0d,341,1,0,0,14,0,1,1,1,1790970805
2026-10-02T19:55:31+00:00,2026-10-02T19:55:44.473835+00:00,dede6d5f-7d62-496e-a8ca-d5a64afe39c1,544,6,0,0,9,0,1,1,1,1790970806
2026-10-02T19:55:31+00:00,2026-10-02T19:55:44.473835+00:00,868ccc83-99e5-4faf-96eb-e1fae26b9741,481,14,0,0,5,0,1,1,1,1790970803
2026-10-02T19:55:31+00:00,2026-10-02T19:55:44.473835+00:00,2141791438824588162,2141791438824588162,4,2,0,15,0,1,1,1,1790970803
2026-10-02T19:55:31+00:00,2026-10-02T19:55:44.473835+00:00,1a661bb7-7d14-49e9-ac3d-22bafec8a2f0,507,2,2,2,7,0,1,1,1,1790970803
2026-10-02T19:55:31+00:00,2026-10-02T19:55:44.473835+00:00,ff938129-8179-455c-9ac9-9fcb9fc0b6d5,ff938129-8179-455c-9ac9-9fcb9fc0b6d5,7,0,1,11,0,1,1,1,1790970811
2026-10-02T19:55:31+00:00,2026-10-02T19:55:44.473835+00:00,57716f8d-c9ee-4768-8872-71343ec3ffd8,514,5,0,2,12,0,1,1,1,1790970810
2026-10-02T19:55:31+00:00,2026-10-02T19:55:44.473835+00:00,8983c75a-12c1-4995-aedc-24c94bd895e3,384,17,1,1,1,0,1,1,1,1790970810
2026-10-02T19:55:31+00:00,2026-10-02T19:55:44.473835+00:00,2014865445230483952,2014865445230483952,4,2,0,13,0,1,1,1,1790970808
2026-10-02T19:55:31+00:00,2026-10-02T19:55:44.473835+00:00,940638c5-7cd0-4a11-899e-86af3868d400,532,13,2,0,5,0,1,1,1,1790970808
2026-10-02T19:55:31+00:00,2026-10-02T19:55:44.473835+00:00,f8350cc1-0de8-11e7-991c-3863bb43a7d0,162,5,0,0,10,0,1,1,1,1790970811
2026-10-02T19:55:31+00:00,2026-10-02T19:55:44.473835+00:00,b6a8522d-296d-4c05-887d-842374520780,545,9,9,1,2,1,1,1,1,1790970812
2026-10-02T19:55:31+00:00,2026-10-02T19:55:44.473835+00:00,2087949096844032050,2087949096844032050,5,1,0,10,0,1,1,1,1790970747
2026-10-02T19:55:31+00:00,2026-10-02T19:55:44.473835+00:00,1994466222105870452,1994466222105870452,6,1,1,4,0,1,1,1,1790970818
2026-10-02T19:55:31+00:00,2026-10-02T19:55:44.473835+00:00,baab0b05-a028-4147-8432-a2726c7e48ea,328,7,0,2,6,0,1,1,1,1790970816
2026-10-02T19:55:31+00:00,2026-10-02T19:55:44.473835+00:00,cf5f920f-b61d-4db0-b139-14aff04d577c,459,22,8,0,1,0,1,1,1,1790970817
2026-10-02T19:55:31+00:00,2026-10-02T19:55:44.473835+00:00,ef6ef93b-488f-496b-afbf-3aedfd967129,517,5,2,0,10,0,1,1,1,1790970822
2026-10-02T19:55:31+00:00,2026-10-02T19:55:44.473835+00:00,295553ea-851b-4ac2-a094-f9d1208e399a,412,6,0,0,13,0,1,1,1,1790970815
2026-10-02T19:55:31+00:00,2026-10-02T19:55:44.473835+00:00,d22265a8-a6d7-4922-a6b5-4be738a9e5c4,392,13,11,0,2,0,1,1,1,1790970821
2026-10-02T19:55:31+00:00,2026-10-02T19:55:44.473835+00:00,f834c7a9-0de8-11e7-991c-3863bb43a7d0,112,4,0,1,10,0,1,1,1,1790970831
2026-10-02T19:55:31+00:00,2026-10-02T19:55:44.473835+00:00,380de8b2-2728-4e4b-83f1-251bfbb5acf2,487,4,0,1,14,0,1,1,1,1790970832
2026-10-02T19:55:31+00:00,2026-10-02T19:55:44.473835+00:00,9bfa4a32-5598-46ea-a1a1-17b4c6ed9d84,431,12,2,0,3,0,1,1,1,1790970832
2026-10-02T19:55:31+00:00,2026-10-02T19:55:44.473835+00:00,2227858849424910006,2227858849424910006,4,1,0,4,0,1,1,1,1790970840
2026-10-02T19:55:31+00:00,2026-10-02T19:55:44.473835+00:00,0208190e-851c-417d-8bc7-1b218db97fbf,0208190e-851c-417d-8bc7-1b218db97fbf,10,0,1,12,0,1,1,1,1790970842
2026-10-02T19:55:31+00:00,2026-10-02T19:55:44.473835+00:00,f8352219-0de8-11e7-991c-3863bb43a7d0,197,3,1,1,11,0,1,1,1,1790970839
2026-10-02T19:55:31+00:00,2026-10-02T19:55:44.473835+00:00,25a9114f-66f0-427c-920f-5526ca84f056,346,5,0,1,9,0,1,1,1,1790970834
2026-10-02T19:55:31+00:00,2026-10-02T19:55:44.473835+00:00,a6e0db4f-fc9b-42af-bfe0-36cc0259b717,446,1,1,0,15,0,1,1,1,1790970834
2026-10-02T19:55:31+00:00,2026-10-02T19:55:44.473835+00:00,b34694c2-c640-4f70-b196-1c357ab798e0,b34694c2-c640-4f70-b196-1c357ab798e0,8,0,0,7,0,1,1,1,1790970835
2026-10-02T19:55:31+00:00,2026-10-02T19:55:44.473835+00:00,2118728866631796788,2118728866631796788,6,2,0,9,0,1,1,1,1790970843
2026-10-02T19:55:31+00:00,2026-10-02T19:55:44.473835+00:00,8a404180-7c2e-4dbe-9489-c478ed959282,8a404180-7c2e-4dbe-9489-c478ed959282,11,2,2,6,0,1,1,1,1790970847
2026-10-02T19:55:31+00:00,2026-10-02T19:55:44.473835+00:00,f834cfd8-0de8-11e7-991c-3863bb43a7d0,117,0,0,4,10,2,1,1,1,1790970848
2026-10-02T19:55:31+00:00,2026-10-02T19:55:44.473835+00:00,903b9b5d-4244-43e4-8441-0d17f9a994f7,528,3,0,1,7,0,1,1,1,1790970848
2026-10-02T19:55:31+00:00,2026-10-02T19:55:44.473835+00:00,1994054629753598708,1994054629753598708,11,1,0,3,0,1,1,1,1790970853
2026-10-02T19:55:31+00:00,2026-10-02T19:55:44.473835+00:00,f834f6a3-0de8-11e7-991c-3863bb43a7d0,135,7,0,1,9,0,1,1,1,1790970850
2026-10-02T19:55:31+00:00,2026-10-02T19:55:44.473835+00:00,f8347ccd-0de8-11e7-991c-3863bb43a7d0,33,1,0,1,25,0,1,1,1,1790970850
2026-10-02T19:55:31+00:00,2026-10-02T19:55:44.473835+00:00,f83513a7-0de8-11e7-991c-3863bb43a7d0,177,4,0,0,15,0,1,1,1,1790970855
2026-10-02T19:55:31+00:00,2026-10-02T19:55:44.473835+00:00,f834b8b3-0de8-11e7-991c-3863bb43a7d0,105,16,1,0,2,0,1,1,1,1790970854
2026-10-02T19:55:31+00:00,2026-10-02T19:55:44.473835+00:00,d5349097-b478-4b3f-9c46-d8fbcf38e3f4,509,4,1,0,8,0,1,1,1,1790970853
2026-10-02T19:55:31+00:00,2026-10-02T19:55:44.473835+00:00,df03c61a-29d7-445d-9980-d7f058916591,345,6,1,0,13,0,1,1,1,1790970856
2026-10-02T19:55:31+00:00,2026-10-02T19:55:44.473835+00:00,8d893519-bc21-4536-b346-f558988bc8ad,260,10,0,1,4,0,1,1,1,1790970861
2026-10-02T19:55:31+00:00,2026-10-02T19:55:44.473835+00:00,888780ee-bf2f-474e-9622-6bc725aa1b00,888780ee-bf2f-474e-9622-6bc725aa1b00,1,1,0,10,0,1,1,1,1790970862
2026-10-02T19:55:31+00:00,2026-10-02T19:55:44.473835+00:00,8b97606e-a849-4db8-ae9b-4009fe48d90b,556,11,3,0,8,0,1,1,1,1790970866
2026-10-02T19:55:31+00:00,2026-10-02T19:55:44.473835+00:00,1cced911-b428-4cfd-81be-3a8f77ce7379,233,6,0,0,9,0,1,1,1,1790970866
2026-10-02T19:55:31+00:00,2026-10-02T19:55:44.473835+00:00,2246034666940677832,2246034666940677832,7,2,0,4,0,1,1,1,1790970864
2026-10-02T19:55:31+00:00,2026-10-02T19:55:44.473835+00:00,2145094035874873892,2145094035874873892,4,2,0,15,0,1,1,1,1790970871
2026-10-02T19:55:31+00:00,2026-10-02T19:55:44.473835+00:00,1986302395589722758,1986302395589722758,5,0,0,5,0,1,1,1,1790970868
2026-10-02T19:55:31+00:00,2026-10-02T19:55:44.473835+00:00,1991922092203192944,1991922092203192944,3,1,0,16,0,1,1,1,1790970872
2026-10-02T19:55:31+00:00,2026-10-02T19:55:44.473835+00:00,7e1dae55-4d3d-4a41-b969-2aeca70e0e69,7e1dae55-4d3d-4a41-b969-2aeca70e0e69,3,0,0,8,0,1,1,1,1790970872
2026-10-02T19:55:31+00:00,2026-10-02T19:55:44.473835+00:00,f8346b6f-0de8-11e7-991c-3863bb43a7d0,12,16,1,1,7,2,1,1,1,1790970872
2026-10-02T19:55:31+00:00,2026-10-02T19:55:44.473835+00:00,f8352ba8-0de8-11e7-991c-3863bb43a7d0,215,4,0,0,11,0,1,1,1,1790970880
2026-10-02T19:55:31+00:00,2026-10-02T19:55:44.473835+00:00,ad2cf74c-0e8c-4e15-8f19-2259e8c82f0f,404,4,3,0,12,0,1,1,1,1790970881
2026-10-02T19:55:31+00:00,2026-10-02T19:55:44.473835+00:00,f8349440-0de8-11e7-991c-3863bb43a7d0,68,12,0,2,5,0,1,1,1,1790970872
2026-10-02T19:55:31+00:00,2026-10-02T19:55:44.473835+00:00,81323081-749c-44cf-ac62-0e6c64305c32,461,4,2,0,7,0,1,1,1,1790970874
2026-10-02T19:55:31+00:00,2026-10-02T19:55:44.473835+00:00,1963613484180639992,1963613484180639992,16,0,0,3,0,1,1,1,1790970880
2026-10-02T19:55:31+00:00,2026-10-02T19:55:44.473835+00:00,270ad97d-035d-472a-9827-76d3187afc56,402,0,0,0,15,0,1,1,1,1790970877
2026-10-02T19:55:31+00:00,2026-10-02T19:55:44.473835+00:00,f834723b-0de8-11e7-991c-3863bb43a7d0,24,16,5,1,5,0,1,1,1,1790970878
2026-10-02T19:55:31+00:00,2026-10-02T19:55:44.473835+00:00,f83497b9-0de8-11e7-991c-3863bb43a7d0,74,15,0,1,2,0,1,1,1,1790970884
2026-10-02T19:55:31+00:00,2026-10-02T19:55:44.473835+00:00,2090635592862466836,2090635592862466836,27,2,1,2,1,1,1,1,1790970884
2026-10-02T19:55:31+00:00,2026-10-02T19:55:44.473835+00:00,b205d2bb-bb76-49ac-8d14-85eec5a874d3,343,11,2,0,4,0,1,1,1,1790970882
2026-10-02T19:55:31+00:00,2026-10-02T19:55:44.473835+00:00,9721c80e-fc8f-474f-8918-b68c041d2836,9721c80e-fc8f-474f-8918-b68c041d2836,9,5,1,13,0,1,1,1,1790970882
2026-10-02T19:55:31+00:00,2026-10-02T19:55:44.473835+00:00,f83488be-0de8-11e7-991c-3863bb43a7d0,56,11,2,0,7,0,1,1,1,1790970881
2026-10-02T19:55:31+00:00,2026-10-02T19:55:44.473835+00:00,7f68a70d-af0e-450a-b7a8-ce621cd0c8c1,280,13,8,0,6,0,1,1,1,1790970882
2026-10-02T19:55:31+00:00,2026-10-02T19:55:44.473835+00:00,51bb4381-dae4-4aeb-b213-0614b807be29,344,4,1,0,15,0,1,1,1,1790970882
2026-10-02T19:55:31+00:00,2026-10-02T19:55:44.473835+00:00,f83491d4-0de8-11e7-991c-3863bb43a7d0,64,13,0,1,9,0,1,1,1,1790970885
2026-10-02T19:55:31+00:00,2026-10-02T19:55:44.473835+00:00,f834708e-0de8-11e7-991c-3863bb43a7d0,21,9,1,2,7,0,1,1,1,1790970886
2026-10-02T19:55:31+00:00,2026-10-02T19:55:44.473835+00:00,1965873511294959658,1965873511294959658,11,2,1,11,0,1,1,1,1790970885
2026-10-02T19:55:31+00:00,2026-10-02T19:55:44.473835+00:00,2043911250700610106,2043911250700610106,11,5,0,4,0,1,1,1,1790970885
2026-10-02T19:55:31+00:00,2026-10-02T19:55:44.473835+00:00,2039109354743046934,2039109354743046934,12,1,3,4,1,1,1,1,1790970827
2026-10-02T19:55:31+00:00,2026-10-02T19:55:44.473835+00:00,f8352b39-0de8-11e7-991c-3863bb43a7d0,214,2,0,0,11,1,1,1,1,1790970887
2026-10-02T19:55:31+00:00,2026-10-02T19:55:44.473835+00:00,2119105928286481344,2119105928286481344,5,0,0,14,0,1,1,1,1790970887
2026-10-02T19:55:31+00:00,2026-10-02T19:55:44.473835+00:00,e4678b17-face-42c3-9b5f-98418d31e3b6,e4678b17-face-42c3-9b5f-98418d31e3b6,1,0,0,10,0,1,1,1,1790970890
2026-10-02T19:55:31+00:00,2026-10-02T19:55:44.473835+00:00,f8346803-0de8-11e7-991c-3863bb43a7d0,8,6,0,2,11,0,1,1,1,1790970891
2026-10-02T19:55:31+00:00,2026-10-02T19:55:44.473835+00:00,f83517fa-0de8-11e7-991c-3863bb43a7d0,187,13,2,0,2,0,1,1,1,1790970888
2026-10-02T19:55:31+00:00,2026-10-02T19:55:44.473835+00:00,f8349b20-0de8-11e7-991c-3863bb43a7d0,76,0,0,0,16,0,1,1,1,1790970889
2026-10-02T19:55:31+00:00,2026-10-02T19:55:44.473835+00:00,90330e1a-dee5-4914-9d3f-3891aeca12ca,434,14,3,1,4,0,1,1,1,1790970890
2026-10-02T19:55:31+00:00,2026-10-02T19:55:44.473835+00:00,f834abfd-0de8-11e7-991c-3863bb43a7d0,96,10,0,0,9,0,1,1,1,1790970895
2026-10-02T19:55:31+00:00,2026-10-02T19:55:44.473835+00:00,5b1d2661-8a93-4f14-b242-ebc52792f951,337,15,1,0,0,0,1,1,1,1790970893
2026-10-02T19:55:31+00:00,2026-10-02T19:55:44.473835+00:00,f8346ad7-0de8-11e7-991c-3863bb43a7d0,11,6,6,2,7,0,1,1,1,1790970894
2026-10-02T19:55:31+00:00,2026-10-02T19:55:44.473835+00:00,f83511d4-0de8-11e7-991c-3863bb43a7d0,173,3,1,0,10,1,1,1,1,1790970706
2026-10-02T19:55:31+00:00,2026-10-02T19:55:44.473835+00:00,f835288a-0de8-11e7-991c-3863bb43a7d0,208,13,1,0,2,0,1,1,1,1790970896
2026-10-02T19:55:31+00:00,2026-10-02T19:55:44.473835+00:00,f8350ecf-0de8-11e7-991c-3863bb43a7d0,167,1,0,1,13,0,1,1,1,1790970893
2026-10-02T19:55:31+00:00,2026-10-02T19:55:44.473835+00:00,ccf82572-a142-4378-9a4b-5a51fcb4ef81,350,10,2,0,7,0,1,1,1,1790970896
2026-10-02T19:55:31+00:00,2026-10-02T19:55:44.473835+00:00,f83492b4-0de8-11e7-991c-3863bb43a7d0,66,5,3,0,9,0,1,1,1,1790970901
2026-10-02T19:55:31+00:00,2026-10-02T19:55:44.473835+00:00,2040842870122359032,2040842870122359032,2,0,0,18,0,1,1,1,1790970902
2026-10-02T19:55:31+00:00,2026-10-02T19:55:44.473835+00:00,f8352534-0de8-11e7-991c-3863bb43a7d0,204,5,1,0,10,0,1,1,1,1790970901
2026-10-02T19:55:31+00:00,2026-10-02T19:55:44.473835+00:00,f834e534-0de8-11e7-991c-3863bb43a7d0,128,14,0,1,4,0,1,1,1,1790970897
2026-10-02T19:55:31+00:00,2026-10-02T19:55:44.473835+00:00,2069389896750516900,2069389896750516900,7,0,1,12,0,1,1,1,1790970897
2026-10-02T19:55:31+00:00,2026-10-02T19:55:44.473835+00:00,1e1b40cd-8e00-4b74-b147-be6b23f5c9e7,385,2,0,0,13,0,1,1,1,1790970897
2026-10-02T19:55:31+00:00,2026-10-02T19:55:44.473835+00:00,f8350b76-0de8-11e7-991c-3863bb43a7d0,159,2,1,0,16,2,1,1,1,1790970900
2026-10-02T19:55:31+00:00,2026-10-02T19:55:44.473835+00:00,f8347f09-0de8-11e7-991c-3863bb43a7d0,37,8,0,0,7,0,1,1,1,1790970899
2026-10-02T19:55:31+00:00,2026-10-02T19:55:44.473835+00:00,f834a8a0-0de8-11e7-991c-3863bb43a7d0,93,11,3,0,20,0,1,1,1,1790970899
2026-10-02T19:55:31+00:00,2026-10-02T19:55:44.473835+00:00,f8351f1d-0de8-11e7-991c-3863bb43a7d0,191,6,1,0,9,0,1,1,1,1790970900
2026-10-02T19:55:31+00:00,2026-10-02T19:55:44.473835+00:00,f9524971-e9f9-4572-aebc-580e48de042f,f9524971-e9f9-4572-aebc-580e48de042f,9,0,0,10,0,1,1,1,1790970900
2026-10-02T19:55:31+00:00,2026-10-02T19:55:44.473835+00:00,f8348622-0de8-11e7-991c-3863bb43a7d0,50,11,0,0,7,1,1,1,1,1790970898
2026-10-02T19:55:31+00:00,2026-10-02T19:55:44.473835+00:00,fe90d430-d33f-48b2-a5cd-bc161b220939,553,3,1,0,20,0,1,1,1,1790970902
2026-10-02T19:55:31+00:00,2026-10-02T19:55:44.473835+00:00,f834b101-0de8-11e7-991c-3863bb43a7d0,97,3,0,1,14,1,1,1,1,1790970907
2026-10-02T19:55:31+00:00,2026-10-02T19:55:44.473835+00:00,2270212773802111256,2270212773802111256,16,0,0,4,0,1,1,1,1790970906
2026-10-02T19:55:31+00:00,2026-10-02T19:55:44.473835+00:00,ea65c25f-0718-4f79-8588-c58b9fe3a105,226,4,1,1,8,1,1,1,1,1790970907
2026-10-02T19:55:31+00:00,2026-10-02T19:55:44.473835+00:00,d8ce5f8b-2440-45e1-ab1c-23cb3bcbde84,527,6,1,0,7,0,1,1,1,1790970907
2026-10-02T19:55:31+00:00,2026-10-02T19:55:44.473835+00:00,7560f0e3-267b-4fb3-bbfa-6e02010cfcb7,225,2,0,0,17,0,1,1,1,1790970906
2026-10-02T19:55:31+00:00,2026-10-02T19:55:44.473835+00:00,56817d8e-3a1c-431a-a529-1a600f80c364,366,0,0,0,27,0,1,1,1,1790970906
2026-10-02T19:55:31+00:00,2026-10-02T19:55:44.473835+00:00,2027502297316997708,2027502297316997708,8,1,0,3,0,1,1,1,1790970903
2026-10-02T19:55:31+00:00,2026-10-02T19:55:44.473835+00:00,c5cfd1ed-aa44-4e20-96bb-e334c96f0d68,376,6,0,0,9,0,1,1,1,1790970904
2026-10-02T19:55:31+00:00,2026-10-02T19:55:44.473835+00:00,48abed77-c9ba-4a39-8a5c-6a1e9bb8a9a5,48abed77-c9ba-4a39-8a5c-6a1e9bb8a9a5,0,0,0,16,0,1,1,1,1790970903
2026-10-02T19:55:31+00:00,2026-10-02T19:55:44.473835+00:00,2088704000370565344,2088704000370565344,6,3,2,4,0,1,1,1,1790970903
2026-10-02T19:55:31+00:00,2026-10-02T19:55:44.473835+00:00,d7507124-4cab-4063-8445-a59a33a3d6e4,512,10,1,0,9,0,1,1,1,1790970905
2026-10-02T19:55:31+00:00,2026-10-02T19:55:44.473835+00:00,61168d8b-20b7-46c8-8f08-6ae1f100c4e0,550,1,0,0,16,0,1,1,1,1790970905
2026-10-02T19:55:31+00:00,2026-10-02T19:55:44.473835+00:00,f8347c41-0de8-11e7-991c-3863bb43a7d0,32,7,1,0,7,0,1,1,1,1790970907
2026-10-02T19:55:31+00:00,2026-10-02T19:55:44.473835+00:00,23146f28-9762-4a6d-a6db-fcd4ff0e5d07,356,20,1,1,2,0,1,1,1,1790970904
2026-10-02T19:55:31+00:00,2026-10-02T19:55:44.473835+00:00,2085737662370069102,2085737662370069102,12,5,0,6,1,1,1,1,1790970879
2026-10-02T19:55:31+00:00,2026-10-02T19:55:44.473835+00:00,f834a959-0de8-11e7-991c-3863bb43a7d0,94,6,5,0,5,0,1,1,1,1790970909
2026-10-02T19:55:31+00:00,2026-10-02T19:55:44.473835+00:00,f2b83aa2-86cd-4904-a099-74bf2023f768,330,13,2,0,1,0,1,1,1,1790970909
2026-10-02T19:55:31+00:00,2026-10-02T19:55:44.473835+00:00,2270454512964591136,2270454512964591136,3,1,0,16,0,1,1,1,1790970911
2026-10-02T19:55:31+00:00,2026-10-02T19:55:44.473835+00:00,2085366936904166272,2085366936904166272,8,1,0,7,0,1,1,1,1790970909
2026-10-02T19:55:31+00:00,2026-10-02T19:55:44.473835+00:00,fbc512a5-4b98-4821-bcfb-bb0c7ac83543,365,13,0,0,6,0,1,1,1,1790970912
2026-10-02T19:55:31+00:00,2026-10-02T19:55:44.473835+00:00,2080205593583047424,2080205593583047424,1,0,0,15,0,1,1,1,1790970913
2026-10-02T19:55:31+00:00,2026-10-02T19:55:44.473835+00:00,6aebc664-1e3c-479f-8f65-2bae99215ed3,6aebc664-1e3c-479f-8f65-2bae99215ed3,3,1,0,8,0,1,1,1,1790970916
2026-10-02T19:55:31+00:00,2026-10-02T19:55:44.473835+00:00,2110984374959099994,2110984374959099994,9,6,0,10,1,1,1,1,1790970917
2026-10-02T19:55:31+00:00,2026-10-02T19:55:44.473835+00:00,2090158541932726550,2090158541932726550,5,0,0,10,0,1,1,1,1790970913
2026-10-02T19:55:31+00:00,2026-10-02T19:55:44.473835+00:00,2249415127458891992,2249415127458891992,4,0,0,11,0,1,1,1,1790970918
2026-10-02T19:55:31+00:00,2026-10-02T19:55:44.473835+00:00,68e5e79a-3c94-4848-b619-9c0829d7f687,475,8,2,0,6,0,1,1,1,1790970918
2026-10-02T19:55:31+00:00,2026-10-02T19:55:44.473835+00:00,2259733531216984776,2259733531216984776,9,0,0,6,0,1,1,1,1790970917
2026-10-02T19:55:31+00:00,2026-10-02T19:55:44.473835+00:00,f834662c-0de8-11e7-991c-3863bb43a7d0,5,3,1,0,12,0,1,1,1,1790970914
2026-10-02T19:55:31+00:00,2026-10-02T19:55:44.473835+00:00,99675a11-a92c-465c-bf5a-434b08ba5fc6,400,6,4,1,45,0,1,1,1,1790970918
2026-10-02T19:55:31+00:00,2026-10-02T19:55:44.473835+00:00,f8346d23-0de8-11e7-991c-3863bb43a7d0,15,5,1,1,9,0,1,1,1,1790970918
2026-10-02T19:55:31+00:00,2026-10-02T19:55:44.473835+00:00,f8347e78-0de8-11e7-991c-3863bb43a7d0,36,25,1,1,5,0,1,1,1,1790970919
2026-10-02T19:55:31+00:00,2026-10-02T19:55:44.473835+00:00,103a9881-e30a-4d57-b81d-863b995ff759,255,0,0,0,0,0,0,0,0,86400
2026-10-02T19:55:31+00:00,2026-10-02T19:55:44.473835+00:00,2113200093114979090,2113200093114979090,2,1,0,13,1,1,1,1,1790970788
2026-10-02T19:55:31+00:00,2026-10-02T19:55:44.473835+00:00,f8352c92-0de8-11e7-991c-3863bb43a7d0,217,2,0,1,15,0,1,1,1,1790970800
2026-10-02T19:55:31+00:00,2026-10-02T19:55:44.473835+00:00,9ca92778-9101-48df-90ea-08b784e26a1a,413,2,1,0,17,0,1,1,1,1790970802
2026-10-02T19:55:31+00:00,2026-10-02T19:55:44.473835+00:00,510239fe-69c3-458b-b53c-6ce001845f4a,354,4,2,0,11,0,1,1,1,1790970803
2026-10-02T19:55:31+00:00,2026-10-02T19:55:44.473835+00:00,f83510fd-0de8-11e7-991c-3863bb43a7d0,171,9,0,2,12,0,1,1,1,1790970809
2026-10-02T19:55:31+00:00,2026-10-02T19:55:44.473835+00:00,dfdaf866-b814-48e5-9bd3-eb7c4a733697,dfdaf866-b814-48e5-9bd3-eb7c4a733697,9,4,0,8,0,1,1,1,1790970810
2026-10-02T19:55:31+00:00,2026-10-02T19:55:44.473835+00:00,ef54374b-0406-4b17-b0a1-847f1d7bea06,410,11,5,0,4,0,1,1,1,1790970814
2026-10-02T19:55:31+00:00,2026-10-02T19:55:44.473835+00:00,2078337213380274244,2078337213380274244,4,2,0,7,0,1,1,1,1790970814
2026-10-02T19:55:31+00:00,2026-10-02T19:55:44.473835+00:00,d7ec834e-9d9a-402c-9956-7d5f42676b94,d7ec834e-9d9a-402c-9956-7d5f42676b94,8,3,0,6,1,1,1,1,1790970818
2026-10-02T19:55:31+00:00,2026-10-02T19:55:44.473835+00:00,f8349824-0de8-11e7-991c-3863bb43a7d0,75,3,1,0,12,0,1,1,1,1790970827
2026-10-02T19:55:31+00:00,2026-10-02T19:55:44.473835+00:00,1975886280004030604,1975886280004030604,18,6,0,5,0,1,1,1,1790970825
2026-10-02T19:55:31+00:00,2026-10-02T19:55:44.473835+00:00,f8349c69-0de8-11e7-991c-3863bb43a7d0,78,7,0,1,11,0,1,1,1,1790970824
2026-10-02T19:55:31+00:00,2026-10-02T19:55:44.473835+00:00,2038619205667946906,2038619205667946906,4,3,0,16,0,1,1,1,1790970828
2026-10-02T19:55:31+00:00,2026-10-02T19:55:44.473835+00:00,36a8fbc8-6069-4a29-bbfd-63a2d019c9a5,415,14,4,0,5,0,1,1,1,1790970826
2026-10-02T19:55:31+00:00,2026-10-02T19:55:44.473835+00:00,54d86d05-b399-42c5-a63a-a97713afc5d4,54d86d05-b399-42c5-a63a-a97713afc5d4,2,0,1,7,0,1,1,1,1790970830
2026-10-02T19:55:31+00:00,2026-10-02T19:55:44.473835+00:00,40e58976-02cc-4c7c-911f-7a6c97588bfa,520,9,3,0,12,0,1,1,1,1790970832
2026-10-02T19:55:31+00:00,2026-10-02T19:55:44.473835+00:00,f834e1b2-0de8-11e7-991c-3863bb43a7d0,125,1,0,4,14,0,1,1,1,1790970839
2026-10-02T19:55:31+00:00,2026-10-02T19:55:44.473835+00:00,518f6524-0e7f-454d-974e-e3ff9db1f795,494,5,0,0,6,0,1,1,1,1790970839
2026-10-02T19:55:31+00:00,2026-10-02T19:55:44.473835+00:00,ec3eea05-a3ff-43c6-9e24-0c63f09b915f,378,5,2,1,14,0,1,1,1,1790970840
2026-10-02T19:55:31+00:00,2026-10-02T19:55:44.473835+00:00,f834b42d-0de8-11e7-991c-3863bb43a7d0,100,17,0,1,7,0,1,1,1,1790970855
2026-10-02T19:55:31+00:00,2026-10-02T19:55:44.473835+00:00,20b0b405-54ba-4a80-b89c-0819772665db,440,6,1,0,9,0,1,1,1,1790970856
2026-10-02T19:55:31+00:00,2026-10-02T19:55:44.473835+00:00,f83516b8-0de8-11e7-991c-3863bb43a7d0,184,2,0,0,16,1,1,1,1,1790970854
2026-10-02T19:55:31+00:00,2026-10-02T19:55:44.473835+00:00,2107991976288962746,2107991976288962746,12,1,1,7,0,1,1,1,1790970857
2026-10-02T19:55:31+00:00,2026-10-02T19:55:44.473835+00:00,ba634139-d7bf-448f-aac4-25995d36b67b,373,3,2,1,11,0,1,1,1,1790970857
2026-10-02T19:55:31+00:00,2026-10-02T19:55:44.473835+00:00,b23674a7-15a8-46d2-8219-6668acecf24a,548,13,3,2,3,0,1,1,1,1790970858
2026-10-02T19:55:31+00:00,2026-10-02T19:55:44.473835+00:00,2217856523888952522,2217856523888952522,7,0,1,12,0,1,1,1,1790970857
2026-10-02T19:55:31+00:00,2026-10-02T19:55:44.473835+00:00,bb27977d-36c1-496d-8bac-631b612dd7b8,332,0,0,0,15,0,1,1,1,1790970859
2026-10-02T19:55:31+00:00,2026-10-02T19:55:44.473835+00:00,f6df6c1a-064f-428a-951c-2069a081b9df,380,4,0,2,12,0,1,1,1,1790970859
2026-10-02T19:55:31+00:00,2026-10-02T19:55:44.473835+00:00,ddcc8869-b8d4-483c-b9da-457fcebc8dc1,417,10,1,1,7,0,1,1,1,1790970866
2026-10-02T19:55:31+00:00,2026-10-02T19:55:44.473835+00:00,f834952a-0de8-11e7-991c-3863bb43a7d0,70,21,0,2,0,0,1,1,1,1790970866
2026-10-02T19:55:31+00:00,2026-10-02T19:55:44.473835+00:00,f834f814-0de8-11e7-991c-3863bb43a7d0,136,14,0,0,5,0,1,1,1,1790970866
2026-10-02T19:55:31+00:00,2026-10-02T19:55:44.473835+00:00,f834b5d9-0de8-11e7-991c-3863bb43a7d0,103,2,1,1,12,0,1,1,1,1790970863
2026-10-02T19:55:31+00:00,2026-10-02T19:55:44.473835+00:00,5afe91c4-8076-4f9f-b83b-cf233bda2331,460,7,0,0,8,0,1,1,1,1790970865
2026-10-02T19:55:31+00:00,2026-10-02T19:55:44.473835+00:00,f8348481-0de8-11e7-991c-3863bb43a7d0,47,7,0,2,9,1,1,1,1,1790970840
2026-10-02T19:55:31+00:00,2026-10-02T19:55:44.473835+00:00,2111712079786088918,2111712079786088918,2,1,0,13,0,1,1,1,1790970840
2026-10-02T19:55:31+00:00,2026-10-02T19:55:44.473835+00:00,f834b49d-0de8-11e7-991c-3863bb43a7d0,101,13,2,1,4,0,1,1,1,1790970842
2026-10-02T19:55:31+00:00,2026-10-02T19:55:44.473835+00:00,f8348136-0de8-11e7-991c-3863bb43a7d0,41,16,1,1,10,0,1,1,1,1790970847
2026-10-02T19:55:31+00:00,2026-10-02T19:55:44.473835+00:00,0f554e1d-9f0f-452d-9b4a-e00aa2c5911e,492,13,1,1,1,0,1,1,1,1790970850
2026-10-02T19:55:31+00:00,2026-10-02T19:55:44.473835+00:00,f8351019-0de8-11e7-991c-3863bb43a7d0,169,5,2,1,13,0,1,1,1,1790970851
2026-10-02T19:55:31+00:00,2026-10-02T19:55:44.473835+00:00,02a4416f-80b4-4472-accd-5db482ed5b6d,367,6,0,1,12,0,1,1,1,1790970853
2026-10-02T19:55:31+00:00,2026-10-02T19:55:44.473835+00:00,13444449-b3a8-43d2-b8b9-a59fbc59a174,397,3,0,2,10,0,1,1,1,1790970851
2026-10-02T19:55:31+00:00,2026-10-02T19:55:44.473835+00:00,ce55d1b1-4267-40a9-ad44-5eab888ce18a,ce55d1b1-4267-40a9-ad44-5eab888ce18a,21,0,0,1,1,1,1,1,1790970868
2026-10-02T19:55:31+00:00,2026-10-02T19:55:44.473835+00:00,f83523e3-0de8-11e7-991c-3863bb43a7d0,201,4,1,0,11,0,1,1,1,1790970868
2026-10-02T19:55:31+00:00,2026-10-02T19:55:44.473835+00:00,a18e1e55-507e-49d8-b7c0-5c0efd959125,358,6,0,0,13,0,1,1,1,1790970870
2026-10-02T19:55:31+00:00,2026-10-02T19:55:44.473835+00:00,f83494b4-0de8-11e7-991c-3863bb43a7d0,69,6,4,1,12,0,1,1,1,1790970860
2026-10-02T19:55:31+00:00,2026-10-02T19:55:44.473835+00:00,2070180968009321294,2070180968009321294,12,1,0,7,2,1,1,1,1790970869
2026-10-02T19:55:31+00:00,2026-10-02T19:55:44.473835+00:00,e68655be-23d3-46e5-a509-25be677e7542,482,5,0,0,6,0,1,1,1,1790970869
2026-10-02T19:55:31+00:00,2026-10-02T19:55:44.473835+00:00,f36e24cd-de4c-4a5e-adf4-cb97ccd2958d,505,5,0,1,5,0,1,1,1,1790970870
2026-10-02T19:55:31+00:00,2026-10-02T19:55:44.473835+00:00,42a3ecca-af9a-4556-90ba-7631546f96f8,42a3ecca-af9a-4556-90ba-7631546f96f8,2,0,0,9,0,1,1,1,1790970874
2026-10-02T19:55:31+00:00,2026-10-02T19:55:44.473835+00:00,2267569638034503736,2267569638034503736,12,0,1,6,0,1,1,1,1790970875
2026-10-02T19:55:31+00:00,2026-10-02T19:55:44.473835+00:00,83183df0-38c2-4ae8-a0c4-4b59599c9582,222,10,5,0,4,0,1,1,1,1790970873
2026-10-02T19:55:31+00:00,2026-10-02T19:55:44.473835+00:00,2264176803898382980,2264176803898382980,7,3,0,4,0,1,1,1,1790970877
2026-10-02T19:55:31+00:00,2026-10-02T19:55:44.473835+00:00,2ba0c5dd-c990-4434-8a84-5c3eca23f096,447,10,1,0,9,0,1,1,1,1790970878
2026-10-02T19:55:31+00:00,2026-10-02T19:55:44.473835+00:00,f834fd36-0de8-11e7-991c-3863bb43a7d0,142,10,2,0,13,0,1,1,1,1790970879
2026-10-02T19:55:31+00:00,2026-10-02T19:55:44.473835+00:00,f8349745-0de8-11e7-991c-3863bb43a7d0,73,9,0,0,6,0,1,1,1,1790970882
2026-10-02T19:55:31+00:00,2026-10-02T19:55:44.473835+00:00,2170342425741020744,2170342425741020744,5,3,0,12,0,1,1,1,1790970882
2026-10-02T19:55:31+00:00,2026-10-02T19:55:44.473835+00:00,f35de2ab-979e-42d5-8cbd-dc479ed637e9,503,4,4,0,2,0,1,1,1,1790970886
2026-10-02T19:55:31+00:00,2026-10-02T19:55:44.473835+00:00,f834cf45-0de8-11e7-991c-3863bb43a7d0,116,3,0,1,18,0,1,1,1,1790970885
2026-10-02T19:55:31+00:00,2026-10-02T19:55:44.473835+00:00,7ec0c53c-876a-419c-a78b-4edd000bbc9a,445,7,0,1,11,0,1,1,1,1790970885
2026-10-02T19:55:31+00:00,2026-10-02T19:55:44.473835+00:00,f8349ba9-0de8-11e7-991c-3863bb43a7d0,77,7,0,0,10,0,1,1,1,1790970887
2026-10-02T19:55:31+00:00,2026-10-02T19:55:44.473835+00:00,70f20fcb-8e63-4015-9007-b97c525ab0a9,335,8,5,2,9,0,1,1,1,1790970885
2026-10-02T19:55:31+00:00,2026-10-02T19:55:44.473835+00:00,f8346768-0de8-11e7-991c-3863bb43a7d0,7,8,0,0,7,0,1,1,1,1790970905
2026-10-02T19:55:31+00:00,2026-10-02T19:55:44.473835+00:00,2057166010169469732,2057166010169469732,8,0,1,6,0,1,1,1,1790970906
2026-10-02T19:55:31+00:00,2026-10-02T19:55:44.473835+00:00,f8348995-0de8-11e7-991c-3863bb43a7d0,58,10,0,1,8,0,1,1,1,1790970907
2026-10-02T19:55:31+00:00,2026-10-02T19:55:44.473835+00:00,5bc7cba9-f0b0-442d-932c-e8c7927d87ce,386,10,4,0,9,0,1,1,1,1790970909
2026-10-02T19:55:31+00:00,2026-10-02T19:55:44.473835+00:00,53a148ca-ac69-4a9c-a986-9a4b4df2f5df,387,9,5,0,6,0,1,1,1,1790970909
2026-10-02T19:55:31+00:00,2026-10-02T19:55:44.473835+00:00,9e710d48-51c1-460e-a027-3d16bde62b13,419,0,0,14,0,1,1,1,1,1790970904
2026-10-02T19:55:31+00:00,2026-10-02T19:55:44.473835+00:00,2072145327190878794,2072145327190878794,2,0,0,23,0,1,1,1,1790970904
2026-10-02T19:55:31+00:00,2026-10-02T19:55:44.473835+00:00,350e73e3-6f70-4b2d-87ab-24c8629e9a6a,350e73e3-6f70-4b2d-87ab-24c8629e9a6a,15,0,1,3,0,1,1,1,1790970884
2026-10-02T19:55:31+00:00,2026-10-02T19:55:44.473835+00:00,1960693490199507164,1960693490199507164,5,0,0,14,0,1,1,1,1790970883
2026-10-02T19:55:31+00:00,2026-10-02T19:55:44.473835+00:00,c1ae49bd-2a20-4684-886b-ead8dd627cfd,c1ae49bd-2a20-4684-886b-ead8dd627cfd,0,0,2,15,0,1,1,1,1790970896
2026-10-02T19:55:31+00:00,2026-10-02T19:55:44.473835+00:00,2241260819676115550,2241260819676115550,15,0,0,8,0,1,1,1,1790970894
2026-10-02T19:55:31+00:00,2026-10-02T19:55:44.473835+00:00,5018e851-f2f3-4e18-9914-c316bbcc2c3d,331,5,1,0,10,0,1,1,1,1790970894
2026-10-02T19:55:31+00:00,2026-10-02T19:55:44.473835+00:00,2113555008851845550,2113555008851845550,4,0,0,16,0,1,1,1,1790970897
2026-10-02T19:55:31+00:00,2026-10-02T19:55:44.473835+00:00,f24a573e-ef07-4785-9270-70c443510ea6,359,3,0,3,9,0,1,1,1,1790970897
2026-10-02T19:55:31+00:00,2026-10-02T19:55:44.473835+00:00,2141932795355773712,2141932795355773712,14,1,0,3,0,1,1,1,1790970889
2026-10-02T19:55:31+00:00,2026-10-02T19:55:44.473835+00:00,2136942888571742916,2136942888571742916,0,0,0,15,0,1,1,1,1790970889
2026-10-02T19:55:31+00:00,2026-10-02T19:55:44.473835+00:00,1944724820826878816,1944724820826878816,6,2,0,11,0,1,1,1,1790970889
2026-10-02T19:55:31+00:00,2026-10-02T19:55:44.473835+00:00,abefafdc-c772-4671-86fe-fc15a42adebb,abefafdc-c772-4671-86fe-fc15a42adebb,3,0,0,20,0,1,1,1,1790970891
2026-10-02T19:55:31+00:00,2026-10-02T19:55:44.473835+00:00,1997031579059661288,1997031579059661288,4,0,2,5,0,1,1,1,1790970891
2026-10-02T19:55:31+00:00,2026-10-02T19:55:44.473835+00:00,287aedf5-0361-47e9-9de0-14ae3b75cc0d,287aedf5-0361-47e9-9de0-14ae3b75cc0d,20,1,0,1,0,1,1,1,1790970892
2026-10-02T19:55:31+00:00,2026-10-02T19:55:44.473835+00:00,2223043968513191970,2223043968513191970,6,0,0,10,0,1,1,1,1790970891
2026-10-02T19:55:31+00:00,2026-10-02T19:55:44.473835+00:00,93911aa1-b5e4-48aa-a2b6-38fbcf613006,93911aa1-b5e4-48aa-a2b6-38fbcf613006,6,1,0,12,0,1,1,1,1790970892
2026-10-02T19:55:31+00:00,2026-10-02T19:55:44.473835+00:00,2038239468396569074,2038239468396569074,29,3,2,0,1,1,1,1,1790970888
2026-10-02T19:55:31+00:00,2026-10-02T19:55:44.473835+00:00,ff6ed364-8676-45a0-b97f-71025683849e,442,11,2,0,4,0,1,1,1,1790970889
2026-10-02T19:55:31+00:00,2026-10-02T19:55:44.473835+00:00,b995a0b4-fc26-4661-9bc8-e166d648edfd,353,9,2,0,6,0,1,1,1,1790970913
2026-10-02T19:55:31+00:00,2026-10-02T19:55:44.473835+00:00,f8348509-0de8-11e7-991c-3863bb43a7d0,48,3,0,2,14,0,1,1,1,1790970913
2026-10-02T19:55:31+00:00,2026-10-02T19:55:44.473835+00:00,f834e244-0de8-11e7-991c-3863bb43a7d0,126,6,0,1,8,0,1,1,1,1790970913
2026-10-02T19:55:31+00:00,2026-10-02T19:55:44.473835+00:00,2223045710883822544,2223045710883822544,7,4,0,8,0,1,1,1,1790970913
2026-10-02T19:55:31+00:00,2026-10-02T19:55:44.473835+00:00,ccd6fdd4-b39e-46d7-b43c-7bacffb6bd87,523,5,0,0,12,0,1,1,1,1790970913
2026-10-02T19:55:31+00:00,2026-10-02T19:55:44.473835+00:00,0839bb10-e876-4198-95e4-0147a561853d,258,15,0,0,0,0,1,1,1,1790970914
2026-10-02T19:55:31+00:00,2026-10-02T19:55:44.473835+00:00,2071632496372113488,2071632496372113488,5,3,0,14,0,1,1,1,1790970915
2026-10-02T19:55:31+00:00,2026-10-02T19:55:44.473835+00:00,f83486ab-0de8-11e7-991c-3863bb43a7d0,51,1,0,0,14,0,1,1,1,1790970910
2026-10-02T19:55:31+00:00,2026-10-02T19:55:44.473835+00:00,5f726a7d-5c5d-48b1-9b13-06c77572a237,516,1,0,0,10,0,1,1,1,1790970910
2026-10-02T19:55:31+00:00,2026-10-02T19:55:44.473835+00:00,2043912031919765854,2043912031919765854,5,0,0,15,0,1,1,1,1790970910
2026-10-02T19:55:31+00:00,2026-10-02T19:55:44.473835+00:00,2103549125054737064,2103549125054737064,12,4,0,5,0,1,1,1,1790970911
2026-10-02T19:55:31+00:00,2026-10-02T19:55:44.473835+00:00,0adccd89-1d8d-44da-9f7c-5f18acafeddf,338,4,1,0,10,0,1,1,1,1790970911
2026-10-02T19:55:31+00:00,2026-10-02T19:55:44.473835+00:00,f83464e4-0de8-11e7-991c-3863bb43a7d0,3,10,0,0,3,0,1,1,1,1790970911
2026-10-02T19:55:31+00:00,2026-10-02T19:55:44.473835+00:00,f83524c0-0de8-11e7-991c-3863bb43a7d0,203,1,0,1,12,0,1,1,1,1790970902
2026-10-02T19:55:31+00:00,2026-10-02T19:55:44.473835+00:00,9f54207a-3308-43bd-b45c-9042b6389598,423,14,1,1,4,0,1,1,1,1790970902
2026-10-02T19:55:31+00:00,2026-10-02T19:55:44.473835+00:00,2fd22786-dfeb-4126-a906-4f01802087f3,454,12,1,1,6,0,1,1,1,1790970903
2026-10-02T19:55:31+00:00,2026-10-02T19:55:44.473835+00:00,f8346894-0de8-11e7-991c-3863bb43a7d0,9,4,1,2,9,0,1,1,1,1790970901
2026-10-02T19:55:31+00:00,2026-10-02T19:55:44.473835+00:00,342a2c60-71b0-4d19-98d6-47987cf20dbc,379,5,0,0,10,0,1,1,1,1790970915
2026-10-02T19:55:31+00:00,2026-10-02T19:55:44.473835+00:00,533620e8-00ff-494a-b288-bd67602bc98e,472,14,0,0,12,0,1,1,1,1790970916
2026-10-02T19:55:31+00:00,2026-10-02T19:55:44.473835+00:00,676ca473-eed6-4971-aaf3-e199a7ca335b,433,15,5,0,3,1,1,1,1,1790970917
2026-10-02T19:55:31+00:00,2026-10-02T19:55:44.473835+00:00,13918b3b-9ac5-4968-a74d-e40dd3bc952e,479,18,0,0,1,0,1,1,1,1790970916
2026-10-02T19:55:31+00:00,2026-10-02T19:55:44.473835+00:00,f8347118-0de8-11e7-991c-3863bb43a7d0,22,18,6,0,18,1,1,1,1,1790970917
2026-10-02T19:55:31+00:00,2026-10-02T19:55:44.473835+00:00,2071993292066931472,2071993292066931472,18,4,0,2,0,1,1,1,1790970917
2026-10-02T19:55:31+00:00,2026-10-02T19:55:44.473835+00:00,2029805507281123700,2029805507281123700,9,1,1,9,0,1,1,1,1790970917
2026-10-02T19:55:31+00:00,2026-10-02T19:55:44.473835+00:00,f8351336-0de8-11e7-991c-3863bb43a7d0,176,13,5,0,2,0,1,1,1,1790970918
2026-10-02T19:55:31+00:00,2026-10-02T19:55:44.473835+00:00,2327cb08-fa9f-459b-9ab0-1a319b0f2f4c,539,8,0,1,9,0,1,1,1,1790970918
2026-10-02T23:35:32+00:00,2026-10-02T23:36:33.167594+00:00,6eaa7343-402d-41c9-9aac-8c664fdbdcf1,6eaa7343-402d-41c9-9aac-8c664fdbdcf1,0,0,0,0,0,0,0,0,86400
2026-10-02T23:35:32+00:00,2026-10-02T23:36:33.167594+00:00,2261583246847893606,2261583246847893606,11,0,0,8,0,1,1,1,1790984004
2026-10-02T23:35:32+00:00,2026-10-02T23:36:33.167594+00:00,f8351649-0de8-11e7-991c-3863bb43a7d0,183,6,1,0,13,0,1,1,1,1790984003
2026-10-02T23:35:32+00:00,2026-10-02T23:36:33.167594+00:00,88b35b6d-f355-44dc-b85e-ed2eb1bc9099,406,12,4,0,7,0,1,1,1,1790984014
2026-10-02T23:35:32+00:00,2026-10-02T23:36:33.167594+00:00,2036412579943670600,2036412579943670600,2,2,0,10,0,1,1,1,1790984022
2026-10-02T23:35:32+00:00,2026-10-02T23:36:33.167594+00:00,82b41ffb-e284-4e4d-b22a-0cad2bfd4bee,443,11,0,1,7,0,1,1,1,1790984029
2026-10-02T23:35:32+00:00,2026-10-02T23:36:33.167594+00:00,2089808297152151688,2089808297152151688,10,4,2,0,0,1,1,1,1790984030
2026-10-02T23:35:32+00:00,2026-10-02T23:36:33.167594+00:00,f834a1de-0de8-11e7-991c-3863bb43a7d0,84,4,1,1,10,0,1,1,1,1790984027
2026-10-02T23:35:32+00:00,2026-10-02T23:36:33.167594+00:00,acb27827-d69a-4287-b132-3f529ca62ad2,427,3,2,0,16,0,1,1,1,1790984029
2026-10-02T23:35:32+00:00,2026-10-02T23:36:33.167594+00:00,199f3d59-e726-4549-b9c1-4dfc8a343fdb,508,7,4,0,4,0,1,1,1,1790984047
2026-10-02T23:35:32+00:00,2026-10-02T23:36:33.167594+00:00,c111ef1a-f276-415d-a95e-8e3c4e3a0c03,522,10,1,1,4,0,1,1,1,1790984047
2026-10-02T23:35:32+00:00,2026-10-02T23:36:33.167594+00:00,918335df-fc1a-45c2-9cfc-c5e2e93aecc0,467,5,1,1,5,0,1,1,1,1790984050
2026-10-02T23:35:32+00:00,2026-10-02T23:36:33.167594+00:00,768433a9-fc30-4485-b136-22d6f8a96f1c,768433a9-fc30-4485-b136-22d6f8a96f1c,4,3,0,7,0,1,1,1,1790984051
2026-10-02T23:35:32+00:00,2026-10-02T23:36:33.167594+00:00,f835244e-0de8-11e7-991c-3863bb43a7d0,202,6,0,0,9,0,1,1,1,1790984051
2026-10-02T23:35:32+00:00,2026-10-02T23:36:33.167594+00:00,1986694622707704150,1986694622707704150,10,0,1,8,0,1,1,1,1790984050
2026-10-02T23:35:32+00:00,2026-10-02T23:36:33.167594+00:00,ab6517ea-ed53-42eb-8881-657d362e56e8,560,9,0,0,5,0,1,1,1,1790984049
2026-10-02T23:35:32+00:00,2026-10-02T23:36:33.167594+00:00,f8346c96-0de8-11e7-991c-3863bb43a7d0,14,0,0,0,25,0,1,1,1,1790984048
2026-10-02T23:35:32+00:00,2026-10-02T23:36:33.167594+00:00,f834916a-0de8-11e7-991c-3863bb43a7d0,63,9,0,0,6,0,1,1,1,1790984049
2026-10-02T23:35:32+00:00,2026-10-02T23:36:33.167594+00:00,f834cb89-0de8-11e7-991c-3863bb43a7d0,115,16,8,2,1,0,1,1,1,1790984050
2026-10-02T23:35:32+00:00,2026-10-02T23:36:33.167594+00:00,8d535c23-f186-4161-aa10-17e94be6d4ae,436,4,0,2,7,1,1,1,1,1790984052
2026-10-02T23:35:32+00:00,2026-10-02T23:36:33.167594+00:00,2220033166406469278,2220033166406469278,10,3,0,5,0,1,1,1,1790984054
2026-10-02T23:35:32+00:00,2026-10-02T23:36:33.167594+00:00,1331197c-f6c6-4f4a-a29b-95e580359886,224,8,0,0,9,0,1,1,1,1790984053
2026-10-02T23:35:32+00:00,2026-10-02T23:36:33.167594+00:00,1994515539257334312,1994515539257334312,11,5,0,8,0,1,1,1,1790984053
2026-10-02T23:35:32+00:00,2026-10-02T23:36:33.167594+00:00,1919521884659886482,1919521884659886482,8,0,0,11,0,1,1,1,1790984055
2026-10-02T23:35:32+00:00,2026-10-02T23:36:33.167594+00:00,2113559364250874028,2113559364250874028,9,1,0,6,0,1,1,1,1790984055
2026-10-02T23:35:32+00:00,2026-10-02T23:36:33.167594+00:00,625f105e-4407-4988-9095-d1979cbda5e1,234,8,2,1,10,0,1,1,1,1790984054
2026-10-02T23:35:32+00:00,2026-10-02T23:36:33.167594+00:00,569f4952-5a25-4394-a419-f9c4d9cca6f3,495,6,2,0,12,0,1,1,1,1790984007
2026-10-02T23:35:32+00:00,2026-10-02T23:36:33.167594+00:00,9fef6df2-7f8f-43fc-a85b-7dd5453860f9,437,11,0,0,6,0,1,1,1,1790984008
2026-10-02T23:35:32+00:00,2026-10-02T23:36:33.167594+00:00,f8347a8b-0de8-11e7-991c-3863bb43a7d0,29,11,0,0,8,0,1,1,1,1790984007
2026-10-02T23:35:32+00:00,2026-10-02T23:36:33.167594+00:00,87b5a8b7-a330-4c51-ab32-7dafa292c88f,421,13,0,0,6,0,1,1,1,1790984010
2026-10-02T23:35:32+00:00,2026-10-02T23:36:33.167594+00:00,f8351f87-0de8-11e7-991c-3863bb43a7d0,192,6,0,0,13,0,1,1,1,1790983997
2026-10-02T23:35:32+00:00,2026-10-02T23:36:33.167594+00:00,2127634714741013228,2127634714741013228,17,2,0,7,0,1,1,1,1790983998
2026-10-02T23:35:32+00:00,2026-10-02T23:36:33.167594+00:00,ec4e1168-25dc-4929-b17b-e4ae578dd888,425,1,0,0,15,0,1,1,1,1790984013
2026-10-02T23:35:32+00:00,2026-10-02T23:36:33.167594+00:00,f7d416f8-4377-4019-bba7-302dc1d5a11d,391,11,3,1,3,0,1,1,1,1790984036
2026-10-02T23:35:32+00:00,2026-10-02T23:36:33.167594+00:00,f8350199-0de8-11e7-991c-3863bb43a7d0,150,2,0,0,17,0,1,1,1,1790984031
2026-10-02T23:35:32+00:00,2026-10-02T23:36:33.167594+00:00,a6d6d4b2-3666-43ad-a690-7f676bdcc3fd,542,12,0,1,6,0,1,1,1,1790984034
2026-10-02T23:35:32+00:00,2026-10-02T23:36:33.167594+00:00,f834a2a8-0de8-11e7-991c-3863bb43a7d0,85,8,0,0,11,0,1,1,1,1790984035
2026-10-02T23:35:32+00:00,2026-10-02T23:36:33.167594+00:00,e335fa7c-7adf-4360-9bfa-76b18124a56f,541,4,0,0,7,0,1,1,1,1790984040
2026-10-02T23:35:32+00:00,2026-10-02T23:36:33.167594+00:00,8e7c1984-dc81-43b0-a0d3-58c6de45225a,465,2,1,1,8,0,1,1,1,1790984039
2026-10-02T23:35:32+00:00,2026-10-02T23:36:33.167594+00:00,f834c6f5-0de8-11e7-991c-3863bb43a7d0,111,5,1,1,8,1,1,1,1,1790984040
2026-10-02T23:35:32+00:00,2026-10-02T23:36:33.167594+00:00,2438d052-2cd6-4fba-83c9-39f46cb59398,2438d052-2cd6-4fba-83c9-39f46cb59398,0,0,1,18,0,1,1,1,1790984037
2026-10-02T23:35:32+00:00,2026-10-02T23:36:33.167594+00:00,2129149628430547474,2129149628430547474,15,3,0,1,0,1,1,1,1790984037
2026-10-02T23:35:32+00:00,2026-10-02T23:36:33.167594+00:00,2028220168245183460,2028220168245183460,11,1,0,8,0,1,1,1,1790984044
2026-10-02T23:35:32+00:00,2026-10-02T23:36:33.167594+00:00,2227859082657747444,2227859082657747444,6,2,0,1,0,1,1,1,1790984044
2026-10-02T23:35:32+00:00,2026-10-02T23:36:33.167594+00:00,f8350d30-0de8-11e7-991c-3863bb43a7d0,163,3,1,0,15,0,1,1,1,1790984046
2026-10-02T23:35:32+00:00,2026-10-02T23:36:33.167594+00:00,15ec5783-ca7a-4225-ba51-cd0a45ecc975,15ec5783-ca7a-4225-ba51-cd0a45ecc975,11,4,0,0,0,1,1,1,1790984044
2026-10-02T23:35:32+00:00,2026-10-02T23:36:33.167594+00:00,f834e75d-0de8-11e7-991c-3863bb43a7d0,129,5,1,0,13,1,1,1,1,1790984042
2026-10-02T23:35:32+00:00,2026-10-02T23:36:33.167594+00:00,dcd76e42-eebc-4432-9726-cdb3372b0b07,557,1,0,0,18,0,1,1,1,1790984046
2026-10-02T23:35:32+00:00,2026-10-02T23:36:33.167594+00:00,01d29f8c-768d-4c4f-84ca-3de966075287,469,6,0,0,5,0,1,1,1,1790984046
2026-10-02T23:35:32+00:00,2026-10-02T23:36:33.167594+00:00,f834b1ed-0de8-11e7-991c-3863bb43a7d0,99,5,1,0,10,0,1,1,1,1790984059
2026-10-02T23:35:32+00:00,2026-10-02T23:36:33.167594+00:00,f8347002-0de8-11e7-991c-3863bb43a7d0,20,12,1,0,11,0,1,1,1,1790984059
2026-10-02T23:35:32+00:00,2026-10-02T23:36:33.167594+00:00,2127252912986958612,2127252912986958612,8,0,1,6,0,1,1,1,1790984062
2026-10-02T23:35:32+00:00,2026-10-02T23:36:33.167594+00:00,1999644268058967024,1999644268058967024,21,6,1,2,0,1,1,1,1790984058
2026-10-02T23:35:32+00:00,2026-10-02T23:36:33.167594+00:00,1997031876360597884,1997031876360597884,6,2,1,4,0,1,1,1,1790984056
2026-10-02T23:35:32+00:00,2026-10-02T23:36:33.167594+00:00,f834f948-0de8-11e7-991c-3863bb43a7d0,138,10,0,1,2,0,1,1,1,1790984063
2026-10-02T23:35:32+00:00,2026-10-02T23:36:33.167594+00:00,f83473ea-0de8-11e7-991c-3863bb43a7d0,27,9,0,2,12,0,1,1,1,1790984063
2026-10-02T23:35:32+00:00,2026-10-02T23:36:33.167594+00:00,eed9e64f-f09d-43c1-aa31-da968c66750a,368,7,1,0,8,0,1,1,1,1790984063
2026-10-02T23:35:32+00:00,2026-10-02T23:36:33.167594+00:00,f834b928-0de8-11e7-991c-3863bb43a7d0,106,4,0,2,8,0,1,1,1,1790984067
2026-10-02T23:35:32+00:00,2026-10-02T23:36:33.167594+00:00,e519df41-c4d7-403a-9afa-a5dd7cdd2d03,536,2,0,1,15,0,1,1,1,1790984069
2026-10-02T23:35:32+00:00,2026-10-02T23:36:33.167594+00:00,2251556760922290606,2251556760922290606,13,4,0,2,0,1,1,1,1790984070
2026-10-02T23:35:32+00:00,2026-10-02T23:36:33.167594+00:00,1ef9964d-47ac-4cd4-916e-7c006fa1e605,339,7,3,1,7,0,1,1,1,1790984073
2026-10-02T23:35:32+00:00,2026-10-02T23:36:33.167594+00:00,2219705277630124418,2219705277630124418,8,0,0,7,0,1,1,1,1790984075
2026-10-02T23:35:32+00:00,2026-10-02T23:36:33.167594+00:00,f834fcbe-0de8-11e7-991c-3863bb43a7d0,141,0,0,1,14,0,1,1,1,1790984075
2026-10-02T23:35:32+00:00,2026-10-02T23:36:33.167594+00:00,986068c4-d11a-465a-b8d0-bd0960c57f51,986068c4-d11a-465a-b8d0-bd0960c57f51,13,3,1,0,0,1,1,1,1790984076
2026-10-02T23:35:32+00:00,2026-10-02T23:36:33.167594+00:00,f8348719-0de8-11e7-991c-3863bb43a7d0,52,1,0,1,21,0,1,1,1,1790984077
2026-10-02T23:35:32+00:00,2026-10-02T23:36:33.167594+00:00,9b0aff89-5242-475e-b03b-87c3c3bf51bb,477,13,4,0,6,0,1,1,1,1790984080
2026-10-02T23:35:32+00:00,2026-10-02T23:36:33.167594+00:00,1976640911178291400,1976640911178291400,4,4,0,7,0,1,1,1,1790984082
2026-10-02T23:35:32+00:00,2026-10-02T23:36:33.167594+00:00,38706d8c-8d4b-49f7-b6ed-7688449db261,463,1,0,0,18,0,1,1,1,1790984082
2026-10-02T23:35:32+00:00,2026-10-02T23:36:33.167594+00:00,4d953f0f-13b5-4b3d-b2da-342003ff7cba,4d953f0f-13b5-4b3d-b2da-342003ff7cba,2,2,0,9,0,1,1,1,1790984084
2026-10-02T23:35:32+00:00,2026-10-02T23:36:33.167594+00:00,829fa5a8-cc88-4ab2-9f34-b481aaa1612e,259,9,0,0,6,0,1,1,1,1790984081
2026-10-02T23:35:32+00:00,2026-10-02T23:36:33.167594+00:00,f834b183-0de8-11e7-991c-3863bb43a7d0,98,11,1,0,12,0,1,1,1,1790984082
2026-10-02T23:35:32+00:00,2026-10-02T23:36:33.167594+00:00,4b5de733-9353-4873-9dc2-9558b3cb063a,393,3,2,0,12,0,1,1,1,1790984081
2026-10-02T23:35:32+00:00,2026-10-02T23:36:33.167594+00:00,800bde2c-51df-497c-ac2d-bc3a8c00c164,800bde2c-51df-497c-ac2d-bc3a8c00c164,3,0,0,12,0,1,1,1,1790984083
2026-10-02T23:35:32+00:00,2026-10-02T23:36:33.167594+00:00,5410aac7-2ec0-47b6-b728-b99c5137b463,5410aac7-2ec0-47b6-b728-b99c5137b463,5,1,0,6,0,1,1,1,1790984084
2026-10-02T23:35:32+00:00,2026-10-02T23:36:33.167594+00:00,2110566771130438288,2110566771130438288,0,0,1,15,0,1,1,1,1790984087
2026-10-02T23:35:32+00:00,2026-10-02T23:36:33.167594+00:00,2124664048772581794,2124664048772581794,4,0,0,7,0,1,1,1,1790984087
2026-10-02T23:35:32+00:00,2026-10-02T23:36:33.167594+00:00,2250817396738253956,2250817396738253956,14,1,0,0,1,1,1,1,1790984088
2026-10-02T23:35:32+00:00,2026-10-02T23:36:33.167594+00:00,2132460331327742574,2132460331327742574,8,0,0,10,0,1,1,1,1790984088
2026-10-02T23:35:32+00:00,2026-10-02T23:36:33.167594+00:00,25d6f87f-7025-48c5-b202-f91511a4ae19,25d6f87f-7025-48c5-b202-f91511a4ae19,8,0,0,11,0,1,1,1,1790984089
2026-10-02T23:35:32+00:00,2026-10-02T23:36:33.167594+00:00,1999639508813492766,1999639508813492766,1,0,0,19,0,1,1,1,1790984088
2026-10-02T23:35:32+00:00,2026-10-02T23:36:33.167594+00:00,b44b7c3d-c054-4591-92a9-3b96d86050ab,b44b7c3d-c054-4591-92a9-3b96d86050ab,2,1,0,9,0,1,1,1,1790984086
2026-10-02T23:35:32+00:00,2026-10-02T23:36:33.167594+00:00,f834d260-0de8-11e7-991c-3863bb43a7d0,119,12,2,1,2,0,1,1,1,1790984086
2026-10-02T23:35:32+00:00,2026-10-02T23:36:33.167594+00:00,f8351569-0de8-11e7-991c-3863bb43a7d0,181,8,0,0,11,0,1,1,1,1790984092
2026-10-02T23:35:32+00:00,2026-10-02T23:36:33.167594+00:00,40ee059e-8530-4992-9114-c16b87d6832f,441,5,1,1,13,0,1,1,1,1790984089
2026-10-02T23:35:32+00:00,2026-10-02T23:36:33.167594+00:00,f8348598-0de8-11e7-991c-3863bb43a7d0,49,13,0,0,5,0,1,1,1,1790984089
2026-10-02T23:35:32+00:00,2026-10-02T23:36:33.167594+00:00,5d17f129-af8c-4f30-bc58-6a8279052772,543,6,2,0,13,0,1,1,1,1790984094
2026-10-02T23:35:32+00:00,2026-10-02T23:36:33.167594+00:00,25489822-e43a-4704-b2a8-d905b78ba77c,389,4,0,0,10,0,1,1,1,1790984093
2026-10-02T23:35:32+00:00,2026-10-02T23:36:33.167594+00:00,803a0c16-4f81-44f1-8b49-a13fcdda40c1,370,16,0,0,1,0,1,1,1,1790984088
2026-10-02T23:35:32+00:00,2026-10-02T23:36:33.167594+00:00,e4d5271f-5f76-401b-b7f0-c8dce3c26f10,462,7,2,0,4,0,1,1,1,1790984091
2026-10-02T23:35:32+00:00,2026-10-02T23:36:33.167594+00:00,f8346e51-0de8-11e7-991c-3863bb43a7d0,17,4,0,0,10,0,1,1,1,1790984090
2026-10-02T23:35:32+00:00,2026-10-02T23:36:33.167594+00:00,2134720099473744344,2134720099473744344,1,1,0,20,0,1,1,1,1790984102
2026-10-02T23:35:32+00:00,2026-10-02T23:36:33.167594+00:00,f8351791-0de8-11e7-991c-3863bb43a7d0,186,11,1,1,3,0,1,1,1,1790984101
2026-10-02T23:35:32+00:00,2026-10-02T23:36:33.167594+00:00,57f5003b-6574-40b3-83d7-3b5dee1472e0,518,7,2,0,3,0,1,1,1,1790984103
2026-10-02T23:35:32+00:00,2026-10-02T23:36:33.167594+00:00,f8347ded-0de8-11e7-991c-3863bb43a7d0,35,2,1,1,28,0,1,1,1,1790984100
2026-10-02T23:35:32+00:00,2026-10-02T23:36:33.167594+00:00,2036103727838931110,2036103727838931110,7,0,2,2,0,1,1,1,1790984103
2026-10-02T23:35:32+00:00,2026-10-02T23:36:33.167594+00:00,2027855476515070160,2027855476515070160,9,0,1,17,0,1,1,1,1790984104
2026-10-02T23:35:32+00:00,2026-10-02T23:36:33.167594+00:00,f8347ba8-0de8-11e7-991c-3863bb43a7d0,31,0,0,0,19,0,1,1,1,1790984102
2026-10-02T23:35:32+00:00,2026-10-02T23:36:33.167594+00:00,f834f036-0de8-11e7-991c-3863bb43a7d0,133,7,1,1,14,0,1,1,1,1790984100
2026-10-02T23:35:32+00:00,2026-10-02T23:36:33.167594+00:00,ea00f276-26dc-48ee-b2c8-6e56fd632a2d,272,10,1,0,9,0,1,1,1,1790984096
2026-10-02T23:35:32+00:00,2026-10-02T23:36:33.167594+00:00,aefc33cd-40b9-48da-8b87-415428816bdb,488,8,0,1,7,0,1,1,1,1790984099
2026-10-02T23:35:32+00:00,2026-10-02T23:36:33.167594+00:00,2149920539832638004,2149920539832638004,3,0,2,10,0,1,1,1,1790984095
2026-10-02T23:35:32+00:00,2026-10-02T23:36:33.167594+00:00,1ef5abb2-5af9-41f2-a0dd-1e44278ad9f1,502,2,0,0,9,0,1,1,1,1790984095
2026-10-02T23:35:32+00:00,2026-10-02T23:36:33.167594+00:00,f834c5c9-0de8-11e7-991c-3863bb43a7d0,110,1,0,2,12,0,1,1,1,1790984095
2026-10-02T23:35:32+00:00,2026-10-02T23:36:33.167594+00:00,2031175112202687108,2031175112202687108,6,0,0,10,0,1,1,1,1790984108
2026-10-02T23:35:32+00:00,2026-10-02T23:36:33.167594+00:00,1976280681456741062,1976280681456741062,3,2,0,8,0,1,1,1,1790984109
2026-10-02T23:35:32+00:00,2026-10-02T23:36:33.167594+00:00,f8349070-0de8-11e7-991c-3863bb43a7d0,61,1,0,0,17,0,1,1,1,1790984105
2026-10-02T23:35:32+00:00,2026-10-02T23:36:33.167594+00:00,d1a5e406-718c-44b9-b9dd-e63605b888aa,555,8,7,0,6,0,1,1,1,1790984105
2026-10-02T23:35:32+00:00,2026-10-02T23:36:33.167594+00:00,2126567695528519906,2126567695528519906,8,0,0,12,0,1,1,1,1790984106
2026-10-02T23:35:32+00:00,2026-10-02T23:36:33.167594+00:00,f83532fa-0de8-11e7-991c-3863bb43a7d0,219,12,2,0,3,0,1,1,1,1790984106
2026-10-02T23:35:32+00:00,2026-10-02T23:36:33.167594+00:00,8bc42f7f-753d-4cca-a7d6-0d7c2530ea2c,364,1,0,0,18,0,1,1,1,1790984106
2026-10-02T23:35:32+00:00,2026-10-02T23:36:33.167594+00:00,6cec3afa-554c-466f-8323-5c619fe0ddc6,6cec3afa-554c-466f-8323-5c619fe0ddc6,8,3,0,3,0,1,1,1,1790984108
2026-10-02T23:35:32+00:00,2026-10-02T23:36:33.167594+00:00,f834d34b-0de8-11e7-991c-3863bb43a7d0,120,11,0,1,27,0,1,1,1,1790984104
2026-10-02T23:35:32+00:00,2026-10-02T23:36:33.167594+00:00,1991921362058752616,1991921362058752616,2,0,0,18,0,1,1,1,1790984105
2026-10-02T23:35:32+00:00,2026-10-02T23:36:33.167594+00:00,f8346dbd-0de8-11e7-991c-3863bb43a7d0,16,15,0,0,4,0,1,1,1,1790984109
2026-10-02T23:35:32+00:00,2026-10-02T23:36:33.167594+00:00,f55cdf0a-3d7b-491c-bed2-7dc0ef2062d5,489,14,2,0,2,0,1,1,1,1790984110
2026-10-02T23:35:32+00:00,2026-10-02T23:36:33.167594+00:00,2251186911126913182,2251186911126913182,7,2,1,11,0,1,1,1,1790984111
2026-10-02T23:35:32+00:00,2026-10-02T23:36:33.167594+00:00,f834a67b-0de8-11e7-991c-3863bb43a7d0,89,4,0,0,16,0,1,1,1,1790984112
2026-10-02T23:35:32+00:00,2026-10-02T23:36:33.167594+00:00,f8352973-0de8-11e7-991c-3863bb43a7d0,210,11,0,0,4,0,1,1,1,1790984111
2026-10-02T23:35:32+00:00,2026-10-02T23:36:33.167594+00:00,f606593b-3d07-40f2-bc6d-a0eb96588e44,456,4,0,0,14,0,1,1,1,1790984112
2026-10-02T23:35:32+00:00,2026-10-02T23:36:33.167594+00:00,2363c5a3-93cc-41a2-a767-90f1826c041f,426,13,0,2,12,0,1,1,1,1790984111
2026-10-02T23:35:32+00:00,2026-10-02T23:36:33.167594+00:00,a825b55d-3ab3-481f-9c50-d3a7313e6843,228,0,0,0,19,0,1,1,1,1790984114
2026-10-02T23:35:32+00:00,2026-10-02T23:36:33.167594+00:00,2039387081833476178,2039387081833476178,10,2,0,10,0,1,1,1,1790984113
2026-10-02T23:35:32+00:00,2026-10-02T23:36:33.167594+00:00,f8350129-0de8-11e7-991c-3863bb43a7d0,149,8,0,1,9,0,1,1,1,1790984113
2026-10-02T23:35:32+00:00,2026-10-02T23:36:33.167594+00:00,cad0e759-b605-458a-b772-768dcce81dc6,372,0,0,2,17,0,1,1,1,1790984114
2026-10-02T23:35:32+00:00,2026-10-02T23:36:33.167594+00:00,52ca4d94-587f-4a61-a298-a1a755e73bfb,362,5,2,0,14,0,1,1,1,1790984113
2026-10-02T23:35:32+00:00,2026-10-02T23:36:33.167594+00:00,f83493c0-0de8-11e7-991c-3863bb43a7d0,67,2,0,1,27,0,1,1,1,1790984115
2026-10-02T23:35:32+00:00,2026-10-02T23:36:33.167594+00:00,77c1736c-a609-4453-94f7-8e4253a8193c,474,7,3,0,4,0,1,1,1,1790984115
2026-10-02T23:35:32+00:00,2026-10-02T23:36:33.167594+00:00,2131371824572002576,2131371824572002576,9,0,0,7,0,1,1,1,1790984115
2026-10-02T23:35:32+00:00,2026-10-02T23:36:33.167594+00:00,2071991821019036242,2071991821019036242,20,0,0,0,0,1,1,1,1790984115
2026-10-02T23:35:32+00:00,2026-10-02T23:36:33.167594+00:00,f8351255-0de8-11e7-991c-3863bb43a7d0,174,15,4,0,0,0,1,1,1,1790984116
2026-10-02T23:35:32+00:00,2026-10-02T23:36:33.167594+00:00,f83466c6-0de8-11e7-991c-3863bb43a7d0,6,5,2,2,7,0,1,1,1,1790984117
2026-10-02T23:35:32+00:00,2026-10-02T23:36:33.167594+00:00,f8349599-0de8-11e7-991c-3863bb43a7d0,71,7,2,0,16,0,1,1,1,1790984118
2026-10-02T23:35:32+00:00,2026-10-02T23:36:33.167594+00:00,133d159e-a202-4310-910f-eca392fe181e,398,7,0,1,11,0,1,1,1,1790984117
2026-10-02T23:35:32+00:00,2026-10-02T23:36:33.167594+00:00,97a1e4e7-a1ff-427a-aaea-48ca0d00bf9c,348,3,0,0,12,0,1,1,1,1790984118
2026-10-02T23:35:32+00:00,2026-10-02T23:36:33.167594+00:00,c98f50f6-1901-4c64-b164-8cf33245e022,282,17,2,1,0,0,1,1,1,1790983999
2026-10-02T23:35:32+00:00,2026-10-02T23:36:33.167594+00:00,3f4f4ad4-a715-43d5-828f-f8381f26b66a,390,13,1,2,0,1,1,1,1,1790984000
2026-10-02T23:35:32+00:00,2026-10-02T23:36:33.167594+00:00,4caf6e93-ddd7-4b6f-9e61-f9df1206ac92,4caf6e93-ddd7-4b6f-9e61-f9df1206ac92,8,3,0,11,0,1,1,1,1790984005
2026-10-02T23:35:32+00:00,2026-10-02T23:36:33.167594+00:00,f4a64c30-b97f-4ae5-b531-a11698b558d7,562,6,0,0,3,0,1,1,1,1790984002
2026-10-02T23:35:32+00:00,2026-10-02T23:36:33.167594+00:00,e49a5b83-2c9c-4610-a48b-89cfea172c8f,504,1,0,0,10,0,1,1,1,1790984007
2026-10-02T23:35:32+00:00,2026-10-02T23:36:33.167594+00:00,1994461916590643872,1994461916590643872,6,5,0,5,0,1,1,1,1790984007
2026-10-02T23:35:32+00:00,2026-10-02T23:36:33.167594+00:00,b0b8e427-7203-4844-9c70-129e08a74452,347,13,6,1,1,0,1,1,1,1790984007
2026-10-02T23:35:32+00:00,2026-10-02T23:36:33.167594+00:00,2035765531590062506,2035765531590062506,2,2,0,8,1,1,1,1,1790984005
2026-10-02T23:35:32+00:00,2026-10-02T23:36:33.167594+00:00,8f51f8f1-ecb8-4cd3-8529-296a03140c51,8f51f8f1-ecb8-4cd3-8529-296a03140c51,11,3,0,8,0,1,1,1,1790984012
2026-10-02T23:35:32+00:00,2026-10-02T23:36:33.167594+00:00,f834fb66-0de8-11e7-991c-3863bb43a7d0,139,16,1,0,3,0,1,1,1,1790984015
2026-10-02T23:35:32+00:00,2026-10-02T23:36:33.167594+00:00,f8347361-0de8-11e7-991c-3863bb43a7d0,26,10,0,1,3,0,1,1,1,1790984016
2026-10-02T23:35:32+00:00,2026-10-02T23:36:33.167594+00:00,a439fff7-8630-464c-b277-efca6f6bc664,531,14,3,1,0,0,1,1,1,1790984020
2026-10-02T23:35:32+00:00,2026-10-02T23:36:33.167594+00:00,dd008e3c-ff17-4c82-abe0-502272a62425,558,1,0,0,16,0,1,1,1,1790984021
2026-10-02T23:35:32+00:00,2026-10-02T23:36:33.167594+00:00,1206f5c8-7d1f-4c32-9d65-f3e80186fbde,511,10,8,0,9,0,1,1,1,1790984022
2026-10-02T23:35:32+00:00,2026-10-02T23:36:33.167594+00:00,082262bd-086b-46c7-83ce-eed2b39142ff,416,2,0,0,13,0,1,1,1,1790984022
2026-10-02T23:35:32+00:00,2026-10-02T23:36:33.167594+00:00,1963273678015717438,1963273678015717438,13,0,0,6,0,1,1,1,1790984026
2026-10-02T23:35:32+00:00,2026-10-02T23:36:33.167594+00:00,f8352c1a-0de8-11e7-991c-3863bb43a7d0,216,19,5,0,0,0,1,1,1,1790984029
2026-10-02T23:35:32+00:00,2026-10-02T23:36:33.167594+00:00,2158217922577811100,2158217922577811100,3,0,0,16,0,1,1,1,1790984038
2026-10-02T23:35:32+00:00,2026-10-02T23:36:33.167594+00:00,609c2f06-310e-4134-8dd2-3d23aa41487b,609c2f06-310e-4134-8dd2-3d23aa41487b,9,1,0,13,0,1,1,1,1790984037
2026-10-02T23:35:32+00:00,2026-10-02T23:36:33.167594+00:00,68323451-daf0-4532-a6cb-b070e3ef358f,68323451-daf0-4532-a6cb-b070e3ef358f,5,0,0,14,0,1,1,1,1790984037
2026-10-02T23:35:32+00:00,2026-10-02T23:36:33.167594+00:00,50cc3c7f-50ed-4c70-b483-c89f3f47c938,491,9,1,0,10,0,1,1,1,1790984030
2026-10-02T23:35:32+00:00,2026-10-02T23:36:33.167594+00:00,8b703219-1e16-4ba1-9f46-2b7030c7849a,360,0,0,0,15,0,1,1,1,1790984028
2026-10-02T23:35:32+00:00,2026-10-02T23:36:33.167594+00:00,f8351ff1-0de8-11e7-991c-3863bb43a7d0,193,13,2,0,2,0,1,1,1,1790984030
2026-10-02T23:35:32+00:00,2026-10-02T23:36:33.167594+00:00,0bc49982-74e9-4bbf-9991-e3d809d6319e,530,4,0,0,15,0,1,1,1,1790984042
2026-10-02T23:35:32+00:00,2026-10-02T23:36:33.167594+00:00,2256120653476329202,2256120653476329202,10,3,0,5,0,1,1,1,1790984060
2026-10-02T23:35:32+00:00,2026-10-02T23:36:33.167594+00:00,2131714490587826928,2131714490587826928,14,10,0,2,0,1,1,1,1790984061
2026-10-02T23:35:32+00:00,2026-10-02T23:36:33.167594+00:00,c935cfb1-ef73-402e-9b86-83aaaac6534d,478,9,0,0,10,0,1,1,1,1790984061
2026-10-02T23:35:32+00:00,2026-10-02T23:36:33.167594+00:00,2074236051937964826,2074236051937964826,13,4,1,0,2,1,1,1,1790983972
2026-10-02T23:35:32+00:00,2026-10-02T23:36:33.167594+00:00,dd8dee9d-d044-41d6-9371-8463cf9c671b,526,5,3,0,10,0,1,1,1,1790984064
2026-10-02T23:35:32+00:00,2026-10-02T23:36:33.167594+00:00,2111332861978124760,2111332861978124760,2,1,1,13,0,1,1,1,1790984077
2026-10-02T23:35:32+00:00,2026-10-02T23:36:33.167594+00:00,2171110977443594588,2171110977443594588,9,2,1,5,0,1,1,1,1790984079
2026-10-02T23:35:32+00:00,2026-10-02T23:36:33.167594+00:00,31382324-2931-491a-827a-40149e45afee,232,2,0,0,9,0,1,1,1,1790984080
2026-10-02T23:35:32+00:00,2026-10-02T23:36:33.167594+00:00,f834b50a-0de8-11e7-991c-3863bb43a7d0,102,6,4,0,9,0,1,1,1,1790984077
2026-10-02T23:35:32+00:00,2026-10-02T23:36:33.167594+00:00,3dbbb3cb-b52d-46f8-8f9c-db11e83d081c,327,6,4,1,8,0,1,1,1,1790984082
2026-10-02T23:35:32+00:00,2026-10-02T23:36:33.167594+00:00,2100948177843249670,2100948177843249670,8,6,0,3,0,1,1,1,1790984083
2026-10-02T23:35:32+00:00,2026-10-02T23:36:33.167594+00:00,f835141c-0de8-11e7-991c-3863bb43a7d0,178,7,0,1,11,0,1,1,1,1790984082
2026-10-02T23:35:32+00:00,2026-10-02T23:36:33.167594+00:00,f8346a3c-0de8-11e7-991c-3863bb43a7d0,10,0,0,1,10,0,1,1,1,1790984085
2026-10-02T23:35:32+00:00,2026-10-02T23:36:33.167594+00:00,f834fda2-0de8-11e7-991c-3863bb43a7d0,143,12,2,0,11,0,1,1,1,1790984085
2026-10-02T23:35:32+00:00,2026-10-02T23:36:33.167594+00:00,f8352150-0de8-11e7-991c-3863bb43a7d0,196,5,0,0,5,0,1,1,1,1790984085
2026-10-02T23:35:32+00:00,2026-10-02T23:36:33.167594+00:00,f1cafe36-f800-41f6-b74d-73953cb6394c,471,0,0,0,27,0,1,1,1,1790984086
2026-10-02T23:35:32+00:00,2026-10-02T23:36:33.167594+00:00,f834d064-0de8-11e7-991c-3863bb43a7d0,118,6,4,3,10,0,1,1,1,1790984081
2026-10-02T23:35:32+00:00,2026-10-02T23:36:33.167594+00:00,2120986392451359068,2120986392451359068,2,0,0,16,0,1,1,1,1790984081
2026-10-02T23:35:32+00:00,2026-10-02T23:36:33.167594+00:00,3b158c7a-a362-43ae-af1f-121b78be32d7,483,14,0,0,3,0,1,1,1,1790984086
2026-10-02T23:35:32+00:00,2026-10-02T23:36:33.167594+00:00,3c837bc0-fd08-49c4-adf5-0e9a98e918a7,524,6,1,1,8,0,1,1,1,1790984086
2026-10-02T23:35:32+00:00,2026-10-02T23:36:33.167594+00:00,e3f5d039-a49e-4b3b-ab4d-4efbef2068c6,e3f5d039-a49e-4b3b-ab4d-4efbef2068c6,6,2,0,17,0,1,1,1,1790984082
2026-10-02T23:35:32+00:00,2026-10-02T23:36:33.167594+00:00,66763558-7a03-48a9-8665-6b4445b81f48,458,11,1,0,4,0,1,1,1,1790984085
2026-10-02T23:35:32+00:00,2026-10-02T23:36:33.167594+00:00,f834ffc9-0de8-11e7-991c-3863bb43a7d0,146,3,2,0,16,0,1,1,1,1790984089
2026-10-02T23:35:32+00:00,2026-10-02T23:36:33.167594+00:00,1961066392414132348,1961066392414132348,3,0,1,15,0,1,1,1,1790984089
2026-10-02T23:35:32+00:00,2026-10-02T23:36:33.167594+00:00,f8349672-0de8-11e7-991c-3863bb43a7d0,72,0,0,0,23,0,1,1,1,1790984091
2026-10-02T23:35:32+00:00,2026-10-02T23:36:33.167594+00:00,2124668538068359456,2124668538068359456,5,1,0,14,0,1,1,1,1790984088
2026-10-02T23:35:32+00:00,2026-10-02T23:36:33.167594+00:00,d81e16e2-a410-4a0b-b5ae-b72748fc9781,d81e16e2-a410-4a0b-b5ae-b72748fc9781,4,0,0,15,0,1,1,1,1790984088
2026-10-02T23:35:32+00:00,2026-10-02T23:36:33.167594+00:00,13681246-4bf8-444a-a908-fa165e4ad298,329,12,2,0,2,0,1,1,1,1790984089
2026-10-02T23:35:32+00:00,2026-10-02T23:36:33.167594+00:00,f834a32d-0de8-11e7-991c-3863bb43a7d0,86,19,1,2,4,0,1,1,1,1790984090
2026-10-02T23:35:32+00:00,2026-10-02T23:36:33.167594+00:00,f8353277-0de8-11e7-991c-3863bb43a7d0,218,8,0,0,7,0,1,1,1,1790984042
2026-10-02T23:35:32+00:00,2026-10-02T23:36:33.167594+00:00,910f1452-dbeb-4e69-b226-71b2d7e85715,910f1452-dbeb-4e69-b226-71b2d7e85715,8,4,0,2,0,1,1,1,1790984044
2026-10-02T23:35:32+00:00,2026-10-02T23:36:33.167594+00:00,57caf362-1e8b-46aa-9ee3-82341c405ab0,271,10,6,1,4,0,1,1,1,1790984045
2026-10-02T23:35:32+00:00,2026-10-02T23:36:33.167594+00:00,f8350c56-0de8-11e7-991c-3863bb43a7d0,161,16,9,0,7,0,1,1,1,1790984046
2026-10-02T23:35:32+00:00,2026-10-02T23:36:33.167594+00:00,a51b429f-bf06-425a-b3fe-b3155aa6468c,a51b429f-bf06-425a-b3fe-b3155aa6468c,3,1,0,8,0,1,1,1,1790984045
2026-10-02T23:35:32+00:00,2026-10-02T23:36:33.167594+00:00,25cc602a-152a-4abe-9df8-a131d0a5d94b,235,7,5,0,8,0,1,1,1,1790984046
2026-10-02T23:35:32+00:00,2026-10-02T23:36:33.167594+00:00,2115804056935012722,2115804056935012722,10,1,1,8,0,1,1,1,1790984043
2026-10-02T23:35:32+00:00,2026-10-02T23:36:33.167594+00:00,dd05a440-f881-410c-a071-864da11c634a,318,1,0,0,17,0,1,1,1,1790984049
2026-10-02T23:35:32+00:00,2026-10-02T23:36:33.167594+00:00,b5894555-30a3-46db-918a-fdeb083d6001,336,12,5,2,1,0,1,1,1,1790984050
2026-10-02T23:35:32+00:00,2026-10-02T23:36:33.167594+00:00,f8352a4d-0de8-11e7-991c-3863bb43a7d0,212,8,0,0,24,0,1,1,1,1790984049
2026-10-02T23:35:32+00:00,2026-10-02T23:36:33.167594+00:00,ee0fa23e-a6c2-474d-a6ef-bf581d63f1ae,ee0fa23e-a6c2-474d-a6ef-bf581d63f1ae,6,3,0,5,0,1,1,1,1790984052
2026-10-02T23:35:32+00:00,2026-10-02T23:36:33.167594+00:00,2002247509585342522,2002247509585342522,6,4,0,5,0,1,1,1,1790984052
2026-10-02T23:35:32+00:00,2026-10-02T23:36:33.167594+00:00,f8348021-0de8-11e7-991c-3863bb43a7d0,39,10,0,1,16,0,1,1,1,1790984053
2026-10-02T23:35:32+00:00,2026-10-02T23:36:33.167594+00:00,af066ffd-b892-434f-8532-1982fc408780,480,3,1,1,7,0,1,1,1,1790984052
2026-10-02T23:35:32+00:00,2026-10-02T23:36:33.167594+00:00,a9bc314b-a3fd-46e5-a63b-f005258bba5f,a9bc314b-a3fd-46e5-a63b-f005258bba5f,0,0,0,18,0,1,1,1,1790984070
2026-10-02T23:35:32+00:00,2026-10-02T23:36:33.167594+00:00,3de6e5da-9702-4623-8683-26abd98012a8,525,4,1,0,8,0,1,1,1,1790984070
2026-10-02T23:35:32+00:00,2026-10-02T23:36:33.167594+00:00,a3b94ed8-8301-4ec6-baf2-64ac493b5106,529,2,0,1,13,0,1,1,1,1790984068
2026-10-02T23:35:32+00:00,2026-10-02T23:36:33.167594+00:00,f834db9b-0de8-11e7-991c-3863bb43a7d0,121,12,1,2,3,0,1,1,1,1790984067
2026-10-02T23:35:32+00:00,2026-10-02T23:36:33.167594+00:00,1e3beeb4-f8e1-452c-93e5-48df78d4b313,334,10,3,0,8,0,1,1,1,1790984067
2026-10-02T23:35:32+00:00,2026-10-02T23:36:33.167594+00:00,f834923d-0de8-11e7-991c-3863bb43a7d0,65,4,0,0,15,0,1,1,1,1790984073
2026-10-02T23:35:32+00:00,2026-10-02T23:36:33.167594+00:00,3a6d94a7-9fee-41c5-b8cc-a8487c5e691b,549,23,2,0,0,0,1,1,1,1790984073
2026-10-02T23:35:32+00:00,2026-10-02T23:36:33.167594+00:00,2071724371800490690,2071724371800490690,2,0,0,18,0,1,1,1,1790984074
2026-10-02T23:35:32+00:00,2026-10-02T23:36:33.167594+00:00,2126939746529359956,2126939746529359956,6,0,1,12,0,1,1,1,1790984074
2026-10-02T23:35:32+00:00,2026-10-02T23:36:33.167594+00:00,fbb9b58c-2b92-4bcf-8e4c-a982e40d2f39,221,9,0,0,10,0,1,1,1,1790984072
2026-10-02T23:35:32+00:00,2026-10-02T23:36:33.167594+00:00,2079440939380771716,2079440939380771716,3,3,0,7,0,1,1,1,1790984095
2026-10-02T23:35:32+00:00,2026-10-02T23:36:33.167594+00:00,f834b652-0de8-11e7-991c-3863bb43a7d0,104,5,0,0,12,0,1,1,1,1790984095
2026-10-02T23:35:32+00:00,2026-10-02T23:36:33.167594+00:00,f834ff5a-0de8-11e7-991c-3863bb43a7d0,145,10,2,0,8,0,1,1,1,1790984093
2026-10-02T23:35:32+00:00,2026-10-02T23:36:33.167594+00:00,be7e7068-b85f-42c1-8ea1-e1d64e531323,be7e7068-b85f-42c1-8ea1-e1d64e531323,5,4,1,9,0,1,1,1,1790984093
2026-10-02T23:35:32+00:00,2026-10-02T23:36:33.167594+00:00,f8349de4-0de8-11e7-991c-3863bb43a7d0,80,16,0,1,17,0,1,1,1,1790984094
2026-10-02T23:35:32+00:00,2026-10-02T23:36:33.167594+00:00,f8348857-0de8-11e7-991c-3863bb43a7d0,55,7,0,1,7,0,1,1,1,1790984094
2026-10-02T23:35:32+00:00,2026-10-02T23:36:33.167594+00:00,f8346c01-0de8-11e7-991c-3863bb43a7d0,13,0,0,2,17,0,1,1,1,1790984092
2026-10-02T23:35:32+00:00,2026-10-02T23:36:33.167594+00:00,2223046412750968128,2223046412750968128,2,1,0,17,0,1,1,1,1790984093
2026-10-02T23:35:32+00:00,2026-10-02T23:36:33.167594+00:00,0cb6d635-6a7d-4d75-89b4-36b12616be12,432,14,10,0,5,0,1,1,1,1790984096
2026-10-02T23:35:32+00:00,2026-10-02T23:36:33.167594+00:00,a9d13461-7f0f-47b0-9a97-8ec9e9792865,533,4,1,0,15,0,1,1,1,1790984097
2026-10-02T23:35:32+00:00,2026-10-02T23:36:33.167594+00:00,1984021766354634770,1984021766354634770,10,1,2,7,0,1,1,1,1790984101
2026-10-02T23:35:32+00:00,2026-10-02T23:36:33.167594+00:00,ee18dbd6-05b8-4d38-a120-f84c3499a77e,519,3,2,0,8,0,1,1,1,1790984102
2026-10-02T23:35:32+00:00,2026-10-02T23:36:33.167594+00:00,2fded452-cbd0-4248-b008-f8a61ed9a85f,2fded452-cbd0-4248-b008-f8a61ed9a85f,2,0,0,13,0,1,1,1,1790984099
2026-10-02T23:35:32+00:00,2026-10-02T23:36:33.167594+00:00,f8352306-0de8-11e7-991c-3863bb43a7d0,199,7,6,0,8,0,1,1,1,1790984099
2026-10-02T23:35:32+00:00,2026-10-02T23:36:33.167594+00:00,2136546016037880534,2136546016037880534,7,1,0,8,0,1,1,1,1790984106
2026-10-02T23:35:32+00:00,2026-10-02T23:36:33.167594+00:00,f83472d3-0de8-11e7-991c-3863bb43a7d0,25,7,0,0,8,0,1,1,1,1790984107
2026-10-02T23:35:32+00:00,2026-10-02T23:36:33.167594+00:00,fae99a0c-e88a-4112-94d8-f655cf34e651,fae99a0c-e88a-4112-94d8-f655cf34e651,2,0,0,17,0,1,1,1,1790984106
2026-10-02T23:35:32+00:00,2026-10-02T23:36:33.167594+00:00,efd724b2-31cb-4aec-b9d9-8ab79271630c,493,10,0,0,7,0,1,1,1,1790984106
2026-10-02T23:35:32+00:00,2026-10-02T23:36:33.167594+00:00,f8351e42-0de8-11e7-991c-3863bb43a7d0,189,0,0,1,22,0,1,1,1,1790984108
2026-10-02T23:35:32+00:00,2026-10-02T23:36:33.167594+00:00,2253794653988522864,2253794653988522864,6,1,0,13,0,1,1,1,1790984102
2026-10-02T23:35:32+00:00,2026-10-02T23:36:33.167594+00:00,f8349d6e-0de8-11e7-991c-3863bb43a7d0,79,7,0,0,11,0,1,1,1,1790984102
2026-10-02T23:35:32+00:00,2026-10-02T23:36:33.167594+00:00,634b697d-0e64-4102-8849-abac7a7f8e35,455,11,1,1,0,0,1,1,1,1790984102
2026-10-02T23:35:32+00:00,2026-10-02T23:36:33.167594+00:00,2012646293885032702,2012646293885032702,10,0,1,13,0,1,1,1,1790984110
2026-10-02T23:35:32+00:00,2026-10-02T23:36:33.167594+00:00,dc770287-c70c-43ea-a635-39f3dc6b09cd,dc770287-c70c-43ea-a635-39f3dc6b09cd,2,0,0,8,0,1,1,1,1790984109
2026-10-02T23:35:32+00:00,2026-10-02T23:36:33.167594+00:00,2248987790637065652,2248987790637065652,7,2,0,5,0,1,1,1,1790984110
2026-10-02T23:35:32+00:00,2026-10-02T23:36:33.167594+00:00,f83487f0-0de8-11e7-991c-3863bb43a7d0,54,0,0,0,15,0,1,1,1,1790984111
2026-10-02T23:35:32+00:00,2026-10-02T23:36:33.167594+00:00,7dd0fc98-c1dd-4c93-9c1d-4bbdf5f93346,473,12,8,0,2,0,1,1,1,1790984111
2026-10-02T23:35:32+00:00,2026-10-02T23:36:33.167594+00:00,2113560016964645240,2113560016964645240,16,0,1,2,0,1,1,1,1790984104
2026-10-02T23:35:32+00:00,2026-10-02T23:36:33.167594+00:00,4764641e-b080-4c70-a1e1-049de81e09d0,273,29,1,5,6,0,1,1,1,1790984105
2026-10-02T23:35:32+00:00,2026-10-02T23:36:33.167594+00:00,f835259f-0de8-11e7-991c-3863bb43a7d0,205,3,1,0,12,0,1,1,1,1790984105
2026-10-02T23:35:32+00:00,2026-10-02T23:36:33.167594+00:00,2004828637786472956,2004828637786472956,17,1,1,1,0,1,1,1,1790984105
2026-10-02T23:35:32+00:00,2026-10-02T23:36:33.167594+00:00,f8350be5-0de8-11e7-991c-3863bb43a7d0,160,1,1,0,13,0,1,1,1,1790984103
2026-10-02T23:35:32+00:00,2026-10-02T23:36:33.167594+00:00,f8348924-0de8-11e7-991c-3863bb43a7d0,57,12,0,1,1,0,1,1,1,1790984115
2026-10-02T23:35:32+00:00,2026-10-02T23:36:33.167594+00:00,f835027c-0de8-11e7-991c-3863bb43a7d0,152,23,0,0,4,0,1,1,1,1790984115
2026-10-02T23:35:32+00:00,2026-10-02T23:36:33.167594+00:00,f83514f9-0de8-11e7-991c-3863bb43a7d0,180,11,1,0,7,0,1,1,1,1790984112
2026-10-02T23:35:32+00:00,2026-10-02T23:36:33.167594+00:00,f836bc28-36a7-4ca6-bba6-0d75333d84bb,538,14,2,0,5,0,1,1,1,1790984112
2026-10-02T23:35:32+00:00,2026-10-02T23:36:33.167594+00:00,2080157934789007958,2080157934789007958,19,4,0,0,0,1,1,1,1790984116
2026-10-02T23:35:32+00:00,2026-10-02T23:36:33.167594+00:00,f8348781-0de8-11e7-991c-3863bb43a7d0,53,15,1,1,4,0,1,1,1,1790984117
2026-10-02T23:35:32+00:00,2026-10-02T23:36:33.167594+00:00,f8346f6f-0de8-11e7-991c-3863bb43a7d0,19,4,0,0,10,0,1,1,1,1790983998
2026-10-02T23:35:32+00:00,2026-10-02T23:36:33.167594+00:00,4fe8e777-345b-4fc2-a684-dd874e8186d8,4fe8e777-345b-4fc2-a684-dd874e8186d8,7,7,0,7,0,1,1,1,1790984003
2026-10-02T23:35:32+00:00,2026-10-02T23:36:33.167594+00:00,f835108b-0de8-11e7-991c-3863bb43a7d0,170,9,4,0,5,0,1,1,1,1790983819
2026-10-02T23:35:32+00:00,2026-10-02T23:36:33.167594+00:00,bd1755dc-f26c-420e-85b3-fd025d0b5445,554,9,0,0,6,0,1,1,1,1790984008
2026-10-02T23:35:32+00:00,2026-10-02T23:36:33.167594+00:00,bd3d4824-7203-4edc-a314-cea2b413e886,319,2,0,1,23,1,1,1,1,1790984008
2026-10-02T23:35:32+00:00,2026-10-02T23:36:33.167594+00:00,42886366-9cbf-432c-ba84-beef38877c87,408,7,0,1,7,0,1,1,1,1790984011
2026-10-02T23:35:32+00:00,2026-10-02T23:36:33.167594+00:00,f834a3a0-0de8-11e7-991c-3863bb43a7d0,87,12,0,1,2,0,1,1,1,1790984009
2026-10-02T23:35:32+00:00,2026-10-02T23:36:33.167594+00:00,2245672241002318634,2245672241002318634,7,1,1,10,0,1,1,1,1790984023
2026-10-02T23:35:32+00:00,2026-10-02T23:36:33.167594+00:00,065e0e5d-8a0d-49b7-9c1f-c8eaba51a8b4,490,10,3,1,7,0,1,1,1,1790984020
2026-10-02T23:35:32+00:00,2026-10-02T23:36:33.167594+00:00,f83483f3-0de8-11e7-991c-3863bb43a7d0,46,23,0,0,16,0,1,1,1,1790984021
2026-10-02T23:35:32+00:00,2026-10-02T23:36:33.167594+00:00,be18593a-9e4c-4a13-8bb2-a5bac3d9b2b3,547,7,1,0,11,0,1,1,1,1790984022
2026-10-02T23:35:32+00:00,2026-10-02T23:36:33.167594+00:00,53548ba4-ad0a-4d92-8e57-fd5c9f3ad102,399,0,0,0,15,0,1,1,1,1790984027
2026-10-02T23:35:32+00:00,2026-10-02T23:36:33.167594+00:00,ca76adb6-4c84-4484-9ec3-b411b81ddbef,ca76adb6-4c84-4484-9ec3-b411b81ddbef,6,1,1,12,0,1,1,1,1790984025
2026-10-02T23:35:32+00:00,2026-10-02T23:36:33.167594+00:00,2267959380696438832,2267959380696438832,7,0,0,4,0,1,1,1,1790984032
2026-10-02T23:35:32+00:00,2026-10-02T23:36:33.167594+00:00,2212258635631104970,2212258635631104970,3,1,0,20,0,1,1,1,1790984033
2026-10-02T23:35:32+00:00,2026-10-02T23:36:33.167594+00:00,f8352378-0de8-11e7-991c-3863bb43a7d0,200,13,0,0,6,0,1,1,1,1790984034
2026-10-02T23:35:32+00:00,2026-10-02T23:36:33.167594+00:00,81bfc33b-30d8-4881-b261-712715a8b2bc,363,11,0,0,7,0,1,1,1,1790984031
2026-10-02T23:35:32+00:00,2026-10-02T23:36:33.167594+00:00,e32c0bb9-e85b-4764-b0fb-5c582cfd3a90,340,13,8,0,4,2,1,1,1,1790984038
2026-10-02T23:35:32+00:00,2026-10-02T23:36:33.167594+00:00,f83481c5-0de8-11e7-991c-3863bb43a7d0,42,16,0,0,15,0,1,1,1,1790984038
2026-10-02T23:35:32+00:00,2026-10-02T23:36:33.167594+00:00,52485851-e554-49de-ab9f-f536806d2d34,52485851-e554-49de-ab9f-f536806d2d34,3,0,0,8,0,1,1,1,1790984038
2026-10-02T23:35:32+00:00,2026-10-02T23:36:33.167594+00:00,2d32e355-faee-407b-9bb7-45d80ffb059a,2d32e355-faee-407b-9bb7-45d80ffb059a,1,1,0,18,0,1,1,1,1790984040
2026-10-02T23:35:32+00:00,2026-10-02T23:36:33.167594+00:00,9f582e05-15e0-4a39-aef5-c719e0c78e26,466,1,0,1,9,0,1,1,1,1790984037
2026-10-02T23:35:32+00:00,2026-10-02T23:36:33.167594+00:00,f8349e56-0de8-11e7-991c-3863bb43a7d0,81,17,0,1,1,0,1,1,1,1790984039
2026-10-02T23:35:32+00:00,2026-10-02T23:36:33.167594+00:00,f0f01d4c-ba4a-4ab2-9cc0-9fa1f9223300,394,11,8,0,3,0,1,1,1,1790984035
2026-10-02T23:35:32+00:00,2026-10-02T23:36:33.167594+00:00,a83f982f-a4f1-43e4-98e8-c8f4a0bb7290,452,13,2,1,1,0,1,1,1,1790984036
2026-10-02T23:35:32+00:00,2026-10-02T23:36:33.167594+00:00,1976642295079838524,1976642295079838524,6,0,0,5,0,1,1,1,1790984043
2026-10-02T23:35:32+00:00,2026-10-02T23:36:33.167594+00:00,c23a4c0d-7e43-4042-80e2-7c894d07763b,559,8,2,0,3,0,1,1,1,1790984042
2026-10-02T23:35:32+00:00,2026-10-02T23:36:33.167594+00:00,f834ba08-0de8-11e7-991c-3863bb43a7d0,108,0,0,1,15,0,1,1,1,1790984042
2026-10-02T23:35:32+00:00,2026-10-02T23:36:33.167594+00:00,f834a7d1-0de8-11e7-991c-3863bb43a7d0,91,3,0,0,16,0,1,1,1,1790984042
2026-10-02T23:35:32+00:00,2026-10-02T23:36:33.167594+00:00,2131760674371160748,2131760674371160748,8,0,2,10,0,1,1,1,1790984044
2026-10-02T23:35:32+00:00,2026-10-02T23:36:33.167594+00:00,1676a6f7-c417-48d2-92e8-5ce21995efc3,374,2,0,0,16,0,1,1,1,1790984044
2026-10-02T23:35:32+00:00,2026-10-02T23:36:33.167594+00:00,aa556ad4-0092-4687-96c2-8dbc69addb56,485,3,1,0,8,0,1,1,1,1790984044
2026-10-02T23:35:32+00:00,2026-10-02T23:36:33.167594+00:00,2123672938202825324,2123672938202825324,0,0,0,15,0,1,1,1,1790984040
2026-10-02T23:35:32+00:00,2026-10-02T23:36:33.167594+00:00,2129865213174084448,2129865213174084448,9,0,0,10,0,1,1,1,1790984040
2026-10-02T23:35:32+00:00,2026-10-02T23:36:33.167594+00:00,f8351726-0de8-11e7-991c-3863bb43a7d0,185,0,0,1,13,0,1,1,1,1790984051
2026-10-02T23:35:32+00:00,2026-10-02T23:36:33.167594+00:00,f714390d-6874-43fa-a079-a07f83c79c7b,f714390d-6874-43fa-a079-a07f83c79c7b,3,0,0,8,0,1,1,1,1790984050
2026-10-02T23:35:32+00:00,2026-10-02T23:36:33.167594+00:00,f834dc46-0de8-11e7-991c-3863bb43a7d0,122,1,0,1,13,0,1,1,1,1790984050
2026-10-02T23:35:32+00:00,2026-10-02T23:36:33.167594+00:00,f834658f-0de8-11e7-991c-3863bb43a7d0,4,17,4,0,2,0,1,1,1,1790984053
2026-10-02T23:35:32+00:00,2026-10-02T23:36:33.167594+00:00,12141b77-6e5f-444b-bace-2abf16db4fee,12141b77-6e5f-444b-bace-2abf16db4fee,0,0,7,4,0,1,0,0,1790828072
2026-10-02T23:35:32+00:00,2026-10-02T23:36:33.167594+00:00,2014558273483754010,2014558273483754010,3,0,0,16,0,1,1,1,1790984055
2026-10-02T23:35:32+00:00,2026-10-02T23:36:33.167594+00:00,5f8ced09-665c-41e5-b67e-1e58fac21830,521,6,1,0,5,0,1,1,1,1790984055
2026-10-02T23:35:32+00:00,2026-10-02T23:36:33.167594+00:00,1978882443666915710,1978882443666915710,7,0,0,10,1,1,1,1,1790984055
2026-10-02T23:35:32+00:00,2026-10-02T23:36:33.167594+00:00,0daf7408-7a15-4d2b-8c39-f1a097cdbe85,403,13,1,0,2,0,1,1,1,1790984054
2026-10-02T23:35:32+00:00,2026-10-02T23:36:33.167594+00:00,47c44bb1-d065-41f5-ad79-c18aee60af34,342,5,0,1,6,0,1,1,1,1790984056
2026-10-02T23:35:32+00:00,2026-10-02T23:36:33.167594+00:00,1a39ab83-f029-4134-aad4-35380b30bf2c,1a39ab83-f029-4134-aad4-35380b30bf2c,8,0,0,11,0,1,1,1,1790984061
2026-10-02T23:35:32+00:00,2026-10-02T23:36:33.167594+00:00,ad2fb6f2-921f-440c-83de-08be76e35c2a,468,7,0,0,8,0,1,1,1,1790984061
2026-10-02T23:35:32+00:00,2026-10-02T23:36:33.167594+00:00,4f25f6ef-236b-43b4-8a92-68a24db0504b,4f25f6ef-236b-43b4-8a92-68a24db0504b,6,2,0,8,0,1,1,1,1790984062
2026-10-02T23:35:32+00:00,2026-10-02T23:36:33.167594+00:00,6e340d8e-45db-4fd9-b6eb-b74ec73b0d3e,535,8,1,0,7,0,1,1,1,1790984059
2026-10-02T23:35:32+00:00,2026-10-02T23:36:33.167594+00:00,f83489ff-0de8-11e7-991c-3863bb43a7d0,59,3,1,1,14,1,1,1,1,1790984059
2026-10-02T23:35:32+00:00,2026-10-02T23:36:33.167594+00:00,f834a838-0de8-11e7-991c-3863bb43a7d0,92,2,0,2,14,0,1,1,1,1790984058
2026-10-02T23:35:32+00:00,2026-10-02T23:36:33.167594+00:00,7feae3ce-ddf2-4a45-a123-1209c8a9182b,484,4,1,0,7,0,1,1,1,1790984063
2026-10-02T23:35:32+00:00,2026-10-02T23:36:33.167594+00:00,f83480a9-0de8-11e7-991c-3863bb43a7d0,40,27,1,1,3,0,1,1,1,1790984063
2026-10-02T23:35:32+00:00,2026-10-02T23:36:33.167594+00:00,4c128753-6fde-4d4c-896e-a1adf89ada98,4c128753-6fde-4d4c-896e-a1adf89ada98,0,0,0,24,1,1,1,1,1790984063
2026-10-02T23:35:32+00:00,2026-10-02T23:36:33.167594+00:00,f834ea45-0de8-11e7-991c-3863bb43a7d0,130,13,6,0,2,0,1,1,1,1790984065
2026-10-02T23:35:32+00:00,2026-10-02T23:36:33.167594+00:00,f83529e2-0de8-11e7-991c-3863bb43a7d0,211,8,0,0,7,0,1,1,1,1790984066
2026-10-02T23:35:32+00:00,2026-10-02T23:36:33.167594+00:00,2220822464984366036,2220822464984366036,4,2,0,7,1,1,1,1,1790984066
2026-10-02T23:35:32+00:00,2026-10-02T23:36:33.167594+00:00,d1c0b0c2-6e4c-424e-a946-a2a95a711633,422,2,1,0,13,0,1,1,1,1790984066
2026-10-02T23:35:32+00:00,2026-10-02T23:36:33.167594+00:00,2096125468116637776,2096125468116637776,7,0,1,6,0,1,1,1,1790984068
2026-10-02T23:35:32+00:00,2026-10-02T23:36:33.167594+00:00,2109111257926871498,2109111257926871498,8,0,1,10,0,1,1,1,1790984068
2026-10-02T23:35:32+00:00,2026-10-02T23:36:33.167594+00:00,c5017e67-cada-4549-a52e-0f13dddd289d,424,13,4,0,6,0,1,1,1,1790984070
2026-10-02T23:35:32+00:00,2026-10-02T23:36:33.167594+00:00,2040842277416872172,2040842277416872172,4,0,0,12,0,1,1,1,1790984071
2026-10-02T23:35:32+00:00,2026-10-02T23:36:33.167594+00:00,f8352ac4-0de8-11e7-991c-3863bb43a7d0,213,2,0,1,11,0,1,1,1,1790984071
2026-10-02T23:35:32+00:00,2026-10-02T23:36:33.167594+00:00,12d463d2-ce50-43bd-81b1-6be4dbdbbc1b,430,14,4,0,5,0,1,1,1,1790984090
2026-10-02T23:35:32+00:00,2026-10-02T23:36:33.167594+00:00,f834ec42-0de8-11e7-991c-3863bb43a7d0,131,17,0,0,1,0,1,1,1,1790984090
2026-10-02T23:35:32+00:00,2026-10-02T23:36:33.167594+00:00,f8285d4f-5053-4e26-bb28-72016fe11353,405,10,1,0,9,0,1,1,1,1790984087
2026-10-02T23:35:32+00:00,2026-10-02T23:36:33.167594+00:00,2098360140389493528,2098360140389493528,3,3,4,4,0,1,1,1,1790984087
2026-10-02T23:35:32+00:00,2026-10-02T23:36:33.167594+00:00,2151136782588526782,2151136782588526782,11,2,0,0,0,1,1,1,1790984088
2026-10-02T23:35:32+00:00,2026-10-02T23:36:33.167594+00:00,228b8017-e4da-4722-9223-b8279a14b8ad,448,5,1,0,5,0,1,1,1,1790984097
2026-10-02T23:35:32+00:00,2026-10-02T23:36:33.167594+00:00,9e9be067-c6bb-41de-9491-eda69d24d6de,371,12,10,0,6,1,1,1,1,1790984097
2026-10-02T23:35:32+00:00,2026-10-02T23:36:33.167594+00:00,9340e113-e0b2-48ac-b58a-8b6f001b0a94,486,7,4,1,3,0,1,1,1,1790984097
2026-10-02T23:35:32+00:00,2026-10-02T23:36:33.167594+00:00,1921360868231155718,1921360868231155718,1,1,0,18,0,1,1,1,1790984099
2026-10-02T23:35:32+00:00,2026-10-02T23:36:33.167594+00:00,81676204-e42f-4d3d-991e-9c1264f36229,357,12,2,0,3,0,1,1,1,1790984099
2026-10-02T23:35:32+00:00,2026-10-02T23:36:33.167594+00:00,186accbb-6a08-4e1d-b267-9033c4443a56,401,13,0,0,2,0,1,1,1,1790984072
2026-10-02T23:35:32+00:00,2026-10-02T23:36:33.167594+00:00,13d4171b-6d93-490e-923f-f2a17d5c7613,13d4171b-6d93-490e-923f-f2a17d5c7613,4,4,3,4,0,1,1,1,1790984073
2026-10-02T23:35:32+00:00,2026-10-02T23:36:33.167594+00:00,a3bf0bfe-198b-4160-a2fb-cc7d10cfb4cf,a3bf0bfe-198b-4160-a2fb-cc7d10cfb4cf,7,3,0,12,0,1,1,1,1790984074
2026-10-02T23:35:32+00:00,2026-10-02T23:36:33.167594+00:00,1989983491501558234,1989983491501558234,5,2,0,6,0,1,1,1,1790984074
2026-10-02T23:35:32+00:00,2026-10-02T23:36:33.167594+00:00,f834fc57-0de8-11e7-991c-3863bb43a7d0,140,12,4,0,5,0,1,1,1,1790984011
2026-10-02T23:35:32+00:00,2026-10-02T23:36:33.167594+00:00,f8349ed6-0de8-11e7-991c-3863bb43a7d0,82,14,4,1,10,0,1,1,1,1790984077
2026-10-02T23:35:32+00:00,2026-10-02T23:36:33.167594+00:00,fe6a64e7-c712-404c-85ae-ee77a37245b1,355,16,2,0,1,0,1,1,1,1790984077
2026-10-02T23:35:32+00:00,2026-10-02T23:36:33.167594+00:00,ed6c012e-6d6c-41e7-8e01-90749fd67575,546,8,6,0,8,0,1,1,1,1790984076
2026-10-02T23:35:32+00:00,2026-10-02T23:36:33.167594+00:00,5bbdd12f-fec4-4741-9d5d-4a60834c5d02,377,10,1,0,9,0,1,1,1,1790984076
2026-10-02T23:35:32+00:00,2026-10-02T23:36:33.167594+00:00,1942556871369959976,1942556871369959976,9,1,0,10,0,1,1,1,1790984075
2026-10-02T23:35:32+00:00,2026-10-02T23:36:33.167594+00:00,2130224177726511580,2130224177726511580,3,0,1,11,0,1,1,1,1790984078
2026-10-02T23:35:32+00:00,2026-10-02T23:36:33.167594+00:00,f834fede-0de8-11e7-991c-3863bb43a7d0,144,4,0,0,15,0,1,1,1,1790984102
2026-10-02T23:35:32+00:00,2026-10-02T23:36:33.167594+00:00,f83515d8-0de8-11e7-991c-3863bb43a7d0,182,2,0,0,17,0,1,1,1,1790984101
2026-10-02T23:35:32+00:00,2026-10-02T23:36:33.167594+00:00,eee3aab6-bd98-4d1f-8887-9c4e2adce482,eee3aab6-bd98-4d1f-8887-9c4e2adce482,3,0,0,8,0,1,1,1,1790984102
2026-10-02T23:35:32+00:00,2026-10-02T23:36:33.167594+00:00,f834824e-0de8-11e7-991c-3863bb43a7d0,43,3,0,0,12,0,1,1,1,1790984104
2026-10-02T23:35:32+00:00,2026-10-02T23:36:33.167594+00:00,2076849845777355316,2076849845777355316,15,2,2,13,2,1,1,1,1790984101
2026-10-02T23:35:32+00:00,2026-10-02T23:36:33.167594+00:00,f835260c-0de8-11e7-991c-3863bb43a7d0,206,17,0,0,23,0,1,1,1,1790984101
2026-10-02T23:35:32+00:00,2026-10-02T23:36:33.167594+00:00,f834b99d-0de8-11e7-991c-3863bb43a7d0,107,1,0,0,16,0,1,1,1,1790984084
2026-10-02T23:35:32+00:00,2026-10-02T23:36:33.167594+00:00,2118368356250680236,2118368356250680236,0,0,0,16,0,1,1,1,1790984084
2026-10-02T23:35:32+00:00,2026-10-02T23:36:33.167594+00:00,74cb9bf6-bb53-4c70-88d2-67998b99628c,296,4,1,1,18,0,1,1,1,1790984085
2026-10-02T23:35:32+00:00,2026-10-02T23:36:33.167594+00:00,7c860828-3359-4229-b59b-963f5a4bab00,236,8,1,1,3,0,1,1,1,1790984082
2026-10-02T23:35:32+00:00,2026-10-02T23:36:33.167594+00:00,f834caf2-0de8-11e7-991c-3863bb43a7d0,114,5,3,1,9,0,1,1,1,1790984083
2026-10-02T23:35:32+00:00,2026-10-02T23:36:33.167594+00:00,7df1ee28-441e-44c1-8507-8f58946be96b,239,7,3,0,8,0,1,1,1,1790984082
2026-10-02T23:35:32+00:00,2026-10-02T23:36:33.167594+00:00,c1789d39-705f-4c03-9c14-4d6a3a4f4400,561,4,0,0,15,0,1,1,1,1790984080
2026-10-02T23:35:32+00:00,2026-10-02T23:36:33.167594+00:00,f8351dc2-0de8-11e7-991c-3863bb43a7d0,188,14,4,0,1,0,1,1,1,1790984082
2026-10-02T23:35:32+00:00,2026-10-02T23:36:33.167594+00:00,2002579415401984808,2002579415401984808,4,1,0,7,0,1,1,1,1790984079
2026-10-02T23:35:32+00:00,2026-10-02T23:36:33.167594+00:00,93381e13-cd04-4e10-ac81-9f5926aa01d5,333,23,3,1,1,0,1,1,1,1790984079
2026-10-02T23:35:32+00:00,2026-10-02T23:36:33.167594+00:00,a75d3da1-ce74-447f-8e80-52506a81aff3,a75d3da1-ce74-447f-8e80-52506a81aff3,9,5,0,2,0,1,1,1,1790984091
2026-10-02T23:35:32+00:00,2026-10-02T23:36:33.167594+00:00,e2c306f6-82c7-4d0d-89fd-c9452d2f9ad1,361,4,0,3,36,0,1,1,1,1790984092
2026-10-02T23:35:32+00:00,2026-10-02T23:36:33.167594+00:00,f834ab92-0de8-11e7-991c-3863bb43a7d0,95,7,0,0,5,3,1,1,1,1790984092
2026-10-02T23:35:32+00:00,2026-10-02T23:36:33.167594+00:00,eb8824c3-9c84-4fec-8d6f-d537c8ab3beb,349,11,7,0,5,1,1,1,1,1790984091
2026-10-02T23:35:32+00:00,2026-10-02T23:36:33.167594+00:00,2254164250455119196,2254164250455119196,9,6,0,6,0,1,1,1,1790984091
2026-10-02T23:35:32+00:00,2026-10-02T23:36:33.167594+00:00,2007420398783036020,2007420398783036020,13,0,0,7,0,1,1,1,1790984093
2026-10-02T23:35:32+00:00,2026-10-02T23:36:33.167594+00:00,2104f242-2dde-4ec0-8197-4454b1021ac1,381,16,0,3,4,1,1,1,1,1790984094
2026-10-02T23:35:32+00:00,2026-10-02T23:36:33.167594+00:00,0b0467c1-0c90-4529-a556-fe4d57835bbb,435,14,11,0,0,1,1,1,1,1790984093
2026-10-02T23:35:32+00:00,2026-10-02T23:36:33.167594+00:00,f8347b1e-0de8-11e7-991c-3863bb43a7d0,30,0,0,0,15,0,1,1,1,1790984093
2026-10-02T23:35:32+00:00,2026-10-02T23:36:33.167594+00:00,f8348a68-0de8-11e7-991c-3863bb43a7d0,60,0,0,2,16,0,1,1,1,1790984093
2026-10-02T23:35:32+00:00,2026-10-02T23:36:33.167594+00:00,f8350a84-0de8-11e7-991c-3863bb43a7d0,157,7,0,1,7,0,1,1,1,1790984093
2026-10-02T23:35:32+00:00,2026-10-02T23:36:33.167594+00:00,f834f8ca-0de8-11e7-991c-3863bb43a7d0,137,15,5,0,4,0,1,1,1,1790984111
2026-10-02T23:35:32+00:00,2026-10-02T23:36:33.167594+00:00,2035660824473983142,2035660824473983142,15,2,0,4,0,1,1,1,1790984110
2026-10-02T23:35:32+00:00,2026-10-02T23:36:33.167594+00:00,fe534b6f-61ad-47d3-b9f6-cdaa128f53a4,395,4,1,0,11,0,1,1,1,1790984110
2026-10-02T23:35:32+00:00,2026-10-02T23:36:33.167594+00:00,2038981933682610536,2038981933682610536,13,1,1,1,1,1,1,1,1790984111
2026-10-02T23:35:32+00:00,2026-10-02T23:36:33.167594+00:00,9cc65d3d-cfcc-45ff-8f75-7264556b1cf9,9cc65d3d-cfcc-45ff-8f75-7264556b1cf9,14,6,0,5,0,1,1,1,1790984109
2026-10-02T23:35:32+00:00,2026-10-02T23:36:33.167594+00:00,2002248857751890568,2002248857751890568,9,4,1,1,0,1,1,1,1790984109
2026-10-02T23:35:32+00:00,2026-10-02T23:36:33.167594+00:00,2249419943962214726,2249419943962214726,3,0,1,15,0,1,1,1,1790984110
2026-10-02T23:35:32+00:00,2026-10-02T23:36:33.167594+00:00,f83471a1-0de8-11e7-991c-3863bb43a7d0,23,5,2,1,18,1,1,1,1,1790984110
2026-10-02T23:35:32+00:00,2026-10-02T23:36:33.167594+00:00,f8351eb0-0de8-11e7-991c-3863bb43a7d0,190,28,1,0,9,0,1,1,1,1790984109
2026-10-02T23:35:32+00:00,2026-10-02T23:36:33.167594+00:00,2212663228188806942,2212663228188806942,1,0,0,23,0,1,1,1,1790984107
2026-10-02T23:35:32+00:00,2026-10-02T23:36:33.167594+00:00,f834dedf-0de8-11e7-991c-3863bb43a7d0,124,8,2,0,6,0,1,1,1,1790984115
2026-10-02T23:35:32+00:00,2026-10-02T23:36:33.167594+00:00,2225590560002383786,2225590560002383786,1,0,0,14,0,1,1,1,1790984115
2026-10-02T23:35:32+00:00,2026-10-02T23:36:33.167594+00:00,403c0f6c-d01a-4171-a7be-3aa4dbb0d7d1,407,3,0,1,14,0,1,1,1,1790984117
2026-10-02T23:35:32+00:00,2026-10-02T23:36:33.167594+00:00,f83512c9-0de8-11e7-991c-3863bb43a7d0,175,11,0,1,5,0,1,1,1,1790984113
2026-10-02T23:35:32+00:00,2026-10-02T23:36:33.167594+00:00,2071630998981871920,2071630998981871920,17,2,0,3,0,1,1,1,1790984112
2026-10-02T23:35:32+00:00,2026-10-02T23:36:33.167594+00:00,00802fe6-4268-4dc8-8f55-0dbbc1665ce6,515,16,1,3,0,0,1,1,1,1790984112
2026-10-02T23:35:32+00:00,2026-10-02T23:36:33.167594+00:00,f8352068-0de8-11e7-991c-3863bb43a7d0,194,16,4,0,3,0,1,1,1,1790984116
2026-10-02T23:35:32+00:00,2026-10-02T23:36:33.167594+00:00,f8351490-0de8-11e7-991c-3863bb43a7d0,179,19,0,2,31,0,1,1,1,1790984113
2026-10-02T23:35:32+00:00,2026-10-02T23:36:33.167594+00:00,2093488029445054742,2093488029445054742,0,0,1,27,0,1,1,1,1790984114
2026-10-02T23:35:32+00:00,2026-10-02T23:36:33.167594+00:00,9c8366d8-3b58-4894-b281-09e22f6fe5f7,464,8,1,2,1,0,1,1,1,1790984114
2026-10-02T23:35:32+00:00,2026-10-02T23:36:33.167594+00:00,f83520d8-0de8-11e7-991c-3863bb43a7d0,195,5,0,0,18,0,1,1,1,1790984114
2026-10-02T23:35:32+00:00,2026-10-02T23:36:33.167594+00:00,f8350204-0de8-11e7-991c-3863bb43a7d0,151,2,1,0,17,0,1,1,1,1790984114
2026-10-02T23:35:32+00:00,2026-10-02T23:36:33.167594+00:00,8347c34d-68df-404b-ac58-7a387cc3ce4b,414,11,1,0,12,0,1,1,1,1790984118
2026-10-02T23:35:32+00:00,2026-10-02T23:36:33.167594+00:00,c202f2ca-ec1d-4dc5-a734-e0a342f23ba4,279,23,2,0,0,0,1,1,1,1790984118
2026-10-02T23:35:32+00:00,2026-10-02T23:36:33.167594+00:00,1df03e33-c105-4e53-b013-d20056cd57f8,1df03e33-c105-4e53-b013-d20056cd57f8,0,0,0,0,0,0,0,0,86400
2026-10-02T23:35:32+00:00,2026-10-02T23:36:33.167594+00:00,f83482d2-0de8-11e7-991c-3863bb43a7d0,44,0,0,10,21,0,1,0,0,1790960617
2026-10-02T23:35:32+00:00,2026-10-02T23:36:33.167594+00:00,48abed77-c9ba-4a39-8a5c-6a1e9bb8a9a5,48abed77-c9ba-4a39-8a5c-6a1e9bb8a9a5,8,5,0,8,0,1,1,1,1790984002
2026-10-02T23:35:32+00:00,2026-10-02T23:36:33.167594+00:00,f8350ecf-0de8-11e7-991c-3863bb43a7d0,167,5,1,1,9,0,1,1,1,1790984003
2026-10-02T23:35:32+00:00,2026-10-02T23:36:33.167594+00:00,2249415127458891992,2249415127458891992,0,0,0,15,0,1,1,1,1790984019
2026-10-02T23:35:32+00:00,2026-10-02T23:36:33.167594+00:00,f2b83aa2-86cd-4904-a099-74bf2023f768,330,13,1,0,2,0,1,1,1,1790984017
2026-10-02T23:35:32+00:00,2026-10-02T23:36:33.167594+00:00,2080205593583047424,2080205593583047424,12,4,0,4,0,1,1,1,1790984019
2026-10-02T23:35:32+00:00,2026-10-02T23:36:33.167594+00:00,6aebc664-1e3c-479f-8f65-2bae99215ed3,6aebc664-1e3c-479f-8f65-2bae99215ed3,4,3,0,7,0,1,1,1,1790984025
2026-10-02T23:35:32+00:00,2026-10-02T23:36:33.167594+00:00,f8349b20-0de8-11e7-991c-3863bb43a7d0,76,15,2,1,0,0,1,1,1,1790984027
2026-10-02T23:35:32+00:00,2026-10-02T23:36:33.167594+00:00,23146f28-9762-4a6d-a6db-fcd4ff0e5d07,356,4,0,1,18,0,1,1,1,1790984030
2026-10-02T23:35:32+00:00,2026-10-02T23:36:33.167594+00:00,f8350cc1-0de8-11e7-991c-3863bb43a7d0,162,2,0,0,13,0,1,1,1,1790984029
2026-10-02T23:35:32+00:00,2026-10-02T23:36:33.167594+00:00,68e5e79a-3c94-4848-b619-9c0829d7f687,475,6,0,2,7,0,1,1,1,1790984033
2026-10-02T23:35:32+00:00,2026-10-02T23:36:33.167594+00:00,f834723b-0de8-11e7-991c-3863bb43a7d0,24,7,0,0,16,0,1,1,1,1790984032
2026-10-02T23:35:32+00:00,2026-10-02T23:36:33.167594+00:00,1a661bb7-7d14-49e9-ac3d-22bafec8a2f0,507,0,0,1,10,0,1,1,1,1790984031
2026-10-02T23:35:32+00:00,2026-10-02T23:36:33.167594+00:00,a6e0db4f-fc9b-42af-bfe0-36cc0259b717,446,1,0,0,15,0,1,1,1,1790984031
2026-10-02T23:35:32+00:00,2026-10-02T23:36:33.167594+00:00,2227858849424910006,2227858849424910006,6,2,0,2,0,1,1,1,1790983993
2026-10-02T23:35:32+00:00,2026-10-02T23:36:33.167594+00:00,61168d8b-20b7-46c8-8f08-6ae1f100c4e0,550,4,0,1,12,0,1,1,1,1790984014
2026-10-02T23:35:32+00:00,2026-10-02T23:36:33.167594+00:00,7560f0e3-267b-4fb3-bbfa-6e02010cfcb7,225,16,0,0,3,0,1,1,1,1790984016
2026-10-02T23:35:32+00:00,2026-10-02T23:36:33.167594+00:00,f834e534-0de8-11e7-991c-3863bb43a7d0,128,18,4,1,0,0,1,1,1,1790984008
2026-10-02T23:35:32+00:00,2026-10-02T23:36:33.167594+00:00,ea65c25f-0718-4f79-8588-c58b9fe3a105,226,13,1,0,0,1,1,1,1,1790984006
2026-10-02T23:35:32+00:00,2026-10-02T23:36:33.167594+00:00,f9524971-e9f9-4572-aebc-580e48de042f,f9524971-e9f9-4572-aebc-580e48de042f,16,1,0,2,0,1,1,1,1790984009
2026-10-02T23:35:32+00:00,2026-10-02T23:36:33.167594+00:00,f8351f1d-0de8-11e7-991c-3863bb43a7d0,191,8,2,0,7,0,1,1,1,1790984007
2026-10-02T23:35:32+00:00,2026-10-02T23:36:33.167594+00:00,2119105928286481344,2119105928286481344,3,2,0,16,0,1,1,1,1790984005
2026-10-02T23:35:32+00:00,2026-10-02T23:36:33.167594+00:00,ccf82572-a142-4378-9a4b-5a51fcb4ef81,350,9,1,0,8,0,1,1,1,1790984006
2026-10-02T23:35:32+00:00,2026-10-02T23:36:33.167594+00:00,aa964f5b-fadf-4fc1-8c91-84ee36e15f0d,341,4,2,0,11,0,1,1,1,1790984035
2026-10-02T23:35:32+00:00,2026-10-02T23:36:33.167594+00:00,f8347c41-0de8-11e7-991c-3863bb43a7d0,32,2,0,0,12,0,1,1,1,1790984035
2026-10-02T23:35:32+00:00,2026-10-02T23:36:33.167594+00:00,868ccc83-99e5-4faf-96eb-e1fae26b9741,481,10,0,0,9,0,1,1,1,1790984037
2026-10-02T23:35:32+00:00,2026-10-02T23:36:33.167594+00:00,dede6d5f-7d62-496e-a8ca-d5a64afe39c1,544,11,0,0,4,0,1,1,1,1790984037
2026-10-02T23:35:32+00:00,2026-10-02T23:36:33.167594+00:00,56817d8e-3a1c-431a-a529-1a600f80c364,366,6,3,0,21,0,1,1,1,1790984042
2026-10-02T23:35:32+00:00,2026-10-02T23:36:33.167594+00:00,f8352534-0de8-11e7-991c-3863bb43a7d0,204,8,3,1,6,0,1,1,1,1790984044
2026-10-02T23:35:32+00:00,2026-10-02T23:36:33.167594+00:00,2014865445230483952,2014865445230483952,4,0,0,13,0,1,1,1,1790984040
2026-10-02T23:35:32+00:00,2026-10-02T23:36:33.167594+00:00,57716f8d-c9ee-4768-8872-71343ec3ffd8,514,11,2,3,6,0,1,1,1,1790984040
2026-10-02T23:35:32+00:00,2026-10-02T23:36:33.167594+00:00,ff938129-8179-455c-9ac9-9fcb9fc0b6d5,ff938129-8179-455c-9ac9-9fcb9fc0b6d5,9,1,1,9,0,1,1,1,1790984043
2026-10-02T23:35:32+00:00,2026-10-02T23:36:33.167594+00:00,b6a8522d-296d-4c05-887d-842374520780,545,9,9,1,2,1,1,1,1,1790984040
2026-10-02T23:35:32+00:00,2026-10-02T23:36:33.167594+00:00,1994466222105870452,1994466222105870452,9,1,1,1,0,1,1,1,1790984048
2026-10-02T23:35:32+00:00,2026-10-02T23:36:33.167594+00:00,f8346b6f-0de8-11e7-991c-3863bb43a7d0,12,0,0,0,27,0,1,1,1,1790984048
2026-10-02T23:35:32+00:00,2026-10-02T23:36:33.167594+00:00,fbc512a5-4b98-4821-bcfb-bb0c7ac83543,365,9,1,0,10,0,1,1,1,1790984048
2026-10-02T23:35:32+00:00,2026-10-02T23:36:33.167594+00:00,2090635592862466836,2090635592862466836,16,1,1,13,1,1,1,1,1790984050
2026-10-02T23:35:32+00:00,2026-10-02T23:36:33.167594+00:00,36f36eed-1070-49be-8b31-5676b8b3489f,227,4,0,1,14,0,1,1,1,1790984053
2026-10-02T23:35:32+00:00,2026-10-02T23:36:33.167594+00:00,8983c75a-12c1-4995-aedc-24c94bd895e3,384,15,0,1,3,0,1,1,1,1790984054
2026-10-02T23:35:32+00:00,2026-10-02T23:36:33.167594+00:00,b205d2bb-bb76-49ac-8d14-85eec5a874d3,343,11,2,0,4,0,1,1,1,1790984052
2026-10-02T23:35:32+00:00,2026-10-02T23:36:33.167594+00:00,f8346803-0de8-11e7-991c-3863bb43a7d0,8,12,3,1,6,0,1,1,1,1790984057
2026-10-02T23:35:32+00:00,2026-10-02T23:36:33.167594+00:00,f834c7a9-0de8-11e7-991c-3863bb43a7d0,112,6,0,1,8,0,1,1,1,1790984060
2026-10-02T23:35:32+00:00,2026-10-02T23:36:33.167594+00:00,f834a8a0-0de8-11e7-991c-3863bb43a7d0,93,8,1,0,23,0,1,1,1,1790984056
2026-10-02T23:35:32+00:00,2026-10-02T23:36:33.167594+00:00,2246034666940677832,2246034666940677832,7,2,0,4,0,1,1,1,1790984028
2026-10-02T23:35:32+00:00,2026-10-02T23:36:33.167594+00:00,9bfa4a32-5598-46ea-a1a1-17b4c6ed9d84,431,12,2,0,3,0,1,1,1,1790984060
2026-10-02T23:35:32+00:00,2026-10-02T23:36:33.167594+00:00,2110984374959099994,2110984374959099994,16,6,0,3,1,1,1,1,1790983984
2026-10-02T23:35:32+00:00,2026-10-02T23:36:33.167594+00:00,ef6ef93b-488f-496b-afbf-3aedfd967129,517,3,0,1,11,0,1,1,1,1790984067
2026-10-02T23:35:32+00:00,2026-10-02T23:36:33.167594+00:00,f8352219-0de8-11e7-991c-3863bb43a7d0,197,3,0,1,11,0,1,1,1,1790984067
2026-10-02T23:35:32+00:00,2026-10-02T23:36:33.167594+00:00,1991922092203192944,1991922092203192944,2,1,0,17,0,1,1,1,1790984071
2026-10-02T23:35:32+00:00,2026-10-02T23:36:33.167594+00:00,f834708e-0de8-11e7-991c-3863bb43a7d0,21,13,0,3,2,0,1,1,1,1790984068
2026-10-02T23:35:32+00:00,2026-10-02T23:36:33.167594+00:00,25a9114f-66f0-427c-920f-5526ca84f056,346,6,3,0,9,0,1,1,1,1790984062
2026-10-02T23:35:32+00:00,2026-10-02T23:36:33.167594+00:00,e4678b17-face-42c3-9b5f-98418d31e3b6,e4678b17-face-42c3-9b5f-98418d31e3b6,5,0,0,6,0,1,1,1,1790984063
2026-10-02T23:35:32+00:00,2026-10-02T23:36:33.167594+00:00,b34694c2-c640-4f70-b196-1c357ab798e0,b34694c2-c640-4f70-b196-1c357ab798e0,11,1,0,4,0,1,1,1,1790984065
2026-10-02T23:35:32+00:00,2026-10-02T23:36:33.167594+00:00,2088704000370565344,2088704000370565344,7,4,2,3,0,1,1,1,1790984065
2026-10-02T23:35:32+00:00,2026-10-02T23:36:33.167594+00:00,380de8b2-2728-4e4b-83f1-251bfbb5acf2,487,2,0,1,16,0,1,1,1,1790984060
2026-10-02T23:35:32+00:00,2026-10-02T23:36:33.167594+00:00,90330e1a-dee5-4914-9d3f-3891aeca12ca,434,11,1,1,7,0,1,1,1,1790984072
2026-10-02T23:35:32+00:00,2026-10-02T23:36:33.167594+00:00,f8347f09-0de8-11e7-991c-3863bb43a7d0,37,14,4,0,1,0,1,1,1,1790984072
2026-10-02T23:35:32+00:00,2026-10-02T23:36:33.167594+00:00,2118728866631796788,2118728866631796788,6,2,0,9,0,1,1,1,1790984072
2026-10-02T23:35:32+00:00,2026-10-02T23:36:33.167594+00:00,0208190e-851c-417d-8bc7-1b218db97fbf,0208190e-851c-417d-8bc7-1b218db97fbf,0,0,0,23,0,1,1,1,1790984075
2026-10-02T23:35:32+00:00,2026-10-02T23:36:33.167594+00:00,d8ce5f8b-2440-45e1-ab1c-23cb3bcbde84,527,4,0,0,9,0,1,1,1,1790984075
2026-10-02T23:35:32+00:00,2026-10-02T23:36:33.167594+00:00,f8346ad7-0de8-11e7-991c-3863bb43a7d0,11,0,0,1,13,0,1,1,1,1790984075
2026-10-02T23:35:32+00:00,2026-10-02T23:36:33.167594+00:00,f834a959-0de8-11e7-991c-3863bb43a7d0,94,9,4,0,1,0,1,1,1,1790984077
2026-10-02T23:35:32+00:00,2026-10-02T23:36:33.167594+00:00,baab0b05-a028-4147-8432-a2726c7e48ea,328,7,2,4,4,0,1,1,1,1790984080
2026-10-02T23:35:32+00:00,2026-10-02T23:36:33.167594+00:00,f834f6a3-0de8-11e7-991c-3863bb43a7d0,135,0,0,0,17,0,1,1,1,1790984081
2026-10-02T23:35:32+00:00,2026-10-02T23:36:33.167594+00:00,8a404180-7c2e-4dbe-9489-c478ed959282,8a404180-7c2e-4dbe-9489-c478ed959282,3,0,2,14,0,1,1,1,1790984078
2026-10-02T23:35:32+00:00,2026-10-02T23:36:33.167594+00:00,2085737662370069102,2085737662370069102,15,9,0,3,1,1,1,1,1790984085
2026-10-02T23:35:32+00:00,2026-10-02T23:36:33.167594+00:00,d22265a8-a6d7-4922-a6b5-4be738a9e5c4,392,14,12,0,1,0,1,1,1,1790984083
2026-10-02T23:35:32+00:00,2026-10-02T23:36:33.167594+00:00,d5349097-b478-4b3f-9c46-d8fbcf38e3f4,509,3,2,0,9,0,1,1,1,1790984086
2026-10-02T23:35:32+00:00,2026-10-02T23:36:33.167594+00:00,2027502297316997708,2027502297316997708,6,1,0,5,0,1,1,1,1790984086
2026-10-02T23:35:32+00:00,2026-10-02T23:36:33.167594+00:00,f83513a7-0de8-11e7-991c-3863bb43a7d0,177,9,0,1,9,0,1,1,1,1790984086
2026-10-02T23:35:32+00:00,2026-10-02T23:36:33.167594+00:00,c5cfd1ed-aa44-4e20-96bb-e334c96f0d68,376,3,0,0,12,0,1,1,1,1790984089
2026-10-02T23:35:32+00:00,2026-10-02T23:36:33.167594+00:00,f834abfd-0de8-11e7-991c-3863bb43a7d0,96,4,0,0,15,0,1,1,1,1790984088
2026-10-02T23:35:32+00:00,2026-10-02T23:36:33.167594+00:00,2090158541932726550,2090158541932726550,12,4,0,3,0,1,1,1,1790984087
2026-10-02T23:35:32+00:00,2026-10-02T23:36:33.167594+00:00,2259733531216984776,2259733531216984776,9,0,0,6,0,1,1,1,1790984095
2026-10-02T23:35:32+00:00,2026-10-02T23:36:33.167594+00:00,1e1b40cd-8e00-4b74-b147-be6b23f5c9e7,385,0,0,0,15,0,1,1,1,1790984092
2026-10-02T23:35:32+00:00,2026-10-02T23:36:33.167594+00:00,8d893519-bc21-4536-b346-f558988bc8ad,260,13,2,1,1,0,1,1,1,1790984091
2026-10-02T23:35:32+00:00,2026-10-02T23:36:33.167594+00:00,f834cfd8-0de8-11e7-991c-3863bb43a7d0,117,1,0,4,10,2,1,1,1,1790984092
2026-10-02T23:35:32+00:00,2026-10-02T23:36:33.167594+00:00,888780ee-bf2f-474e-9622-6bc725aa1b00,888780ee-bf2f-474e-9622-6bc725aa1b00,1,1,0,10,0,1,1,1,1790984092
2026-10-02T23:35:32+00:00,2026-10-02T23:36:33.167594+00:00,1986302395589722758,1986302395589722758,9,4,0,1,0,1,1,1,1790984099
2026-10-02T23:35:32+00:00,2026-10-02T23:36:33.167594+00:00,2085366936904166272,2085366936904166272,12,2,0,3,0,1,1,1,1790984096
2026-10-02T23:35:32+00:00,2026-10-02T23:36:33.167594+00:00,f8350b76-0de8-11e7-991c-3863bb43a7d0,159,3,3,0,15,2,1,1,1,1790984096
2026-10-02T23:35:32+00:00,2026-10-02T23:36:33.167594+00:00,f83488be-0de8-11e7-991c-3863bb43a7d0,56,9,0,0,9,0,1,1,1,1790984096
2026-10-02T23:35:32+00:00,2026-10-02T23:36:33.167594+00:00,99675a11-a92c-465c-bf5a-434b08ba5fc6,400,17,0,1,34,0,1,1,1,1790984097
2026-10-02T23:35:32+00:00,2026-10-02T23:36:33.167594+00:00,8b97606e-a849-4db8-ae9b-4009fe48d90b,556,9,1,0,10,0,1,1,1,1790984097
2026-10-02T23:35:32+00:00,2026-10-02T23:36:33.167594+00:00,1cced911-b428-4cfd-81be-3a8f77ce7379,233,11,0,1,3,0,1,1,1,1790984097
2026-10-02T23:35:32+00:00,2026-10-02T23:36:33.167594+00:00,f8346d23-0de8-11e7-991c-3863bb43a7d0,15,5,0,1,9,0,1,1,1,1790984098
2026-10-02T23:35:32+00:00,2026-10-02T23:36:33.167594+00:00,81323081-749c-44cf-ac62-0e6c64305c32,461,5,1,0,6,0,1,1,1,1790984101
2026-10-02T23:35:32+00:00,2026-10-02T23:36:33.167594+00:00,ad2cf74c-0e8c-4e15-8f19-2259e8c82f0f,404,4,0,0,12,0,1,1,1,1790984101
2026-10-02T23:35:32+00:00,2026-10-02T23:36:33.167594+00:00,f83492b4-0de8-11e7-991c-3863bb43a7d0,66,9,0,0,6,0,1,1,1,1790984101
2026-10-02T23:35:32+00:00,2026-10-02T23:36:33.167594+00:00,1994054629753598708,1994054629753598708,12,2,0,2,0,1,1,1,1790984101
2026-10-02T23:35:32+00:00,2026-10-02T23:36:33.167594+00:00,df03c61a-29d7-445d-9980-d7f058916591,345,5,0,0,14,0,1,1,1,1790984101
2026-10-02T23:35:32+00:00,2026-10-02T23:36:33.167594+00:00,2087949096844032050,2087949096844032050,8,2,0,7,0,1,1,1,1790984100
2026-10-02T23:35:32+00:00,2026-10-02T23:36:33.167594+00:00,2270212773802111256,2270212773802111256,8,0,0,11,0,1,1,1,1790984106
2026-10-02T23:35:32+00:00,2026-10-02T23:36:33.167594+00:00,270ad97d-035d-472a-9827-76d3187afc56,402,7,1,0,8,0,1,1,1,1790984105
2026-10-02T23:35:32+00:00,2026-10-02T23:36:33.167594+00:00,7e1dae55-4d3d-4a41-b969-2aeca70e0e69,7e1dae55-4d3d-4a41-b969-2aeca70e0e69,3,0,0,8,0,1,1,1,1790984102
2026-10-02T23:35:32+00:00,2026-10-02T23:36:33.167594+00:00,f834662c-0de8-11e7-991c-3863bb43a7d0,5,0,0,0,15,0,1,1,1,1790984103
2026-10-02T23:35:32+00:00,2026-10-02T23:36:33.167594+00:00,2270454512964591136,2270454512964591136,1,0,0,18,0,1,1,1,1790984104
2026-10-02T23:35:32+00:00,2026-10-02T23:36:33.167594+00:00,f8349440-0de8-11e7-991c-3863bb43a7d0,68,18,1,1,0,0,1,1,1,1790984103
2026-10-02T23:35:32+00:00,2026-10-02T23:36:33.167594+00:00,f8347e78-0de8-11e7-991c-3863bb43a7d0,36,23,0,2,6,0,1,1,1,1790984104
2026-10-02T23:35:32+00:00,2026-10-02T23:36:33.167594+00:00,2145094035874873892,2145094035874873892,0,0,1,18,0,1,1,1,1790984104
2026-10-02T23:35:32+00:00,2026-10-02T23:36:33.167594+00:00,f8348622-0de8-11e7-991c-3863bb43a7d0,50,1,0,0,17,1,1,1,1,1790984110
2026-10-02T23:35:32+00:00,2026-10-02T23:36:33.167594+00:00,1963613484180639992,1963613484180639992,13,0,0,6,0,1,1,1,1790984111
2026-10-02T23:35:32+00:00,2026-10-02T23:36:33.167594+00:00,5b1d2661-8a93-4f14-b242-ebc52792f951,337,15,0,0,0,0,1,1,1,1790984109
2026-10-02T23:35:32+00:00,2026-10-02T23:36:33.167594+00:00,2039109354743046934,2039109354743046934,12,1,3,4,1,1,1,1,1790984109
2026-10-02T23:35:32+00:00,2026-10-02T23:36:33.167594+00:00,f834b101-0de8-11e7-991c-3863bb43a7d0,97,15,1,1,2,1,1,1,1,1790984101
2026-10-02T23:35:32+00:00,2026-10-02T23:36:33.167594+00:00,2069389896750516900,2069389896750516900,0,0,0,20,0,1,1,1,1790984101
2026-10-02T23:35:32+00:00,2026-10-02T23:36:33.167594+00:00,f8352ba8-0de8-11e7-991c-3863bb43a7d0,215,3,0,0,12,0,1,1,1,1790984111
2026-10-02T23:35:32+00:00,2026-10-02T23:36:33.167594+00:00,2141791438824588162,2141791438824588162,3,1,1,15,0,1,1,1,1790984112
2026-10-02T23:35:32+00:00,2026-10-02T23:36:33.167594+00:00,7f68a70d-af0e-450a-b7a8-ce621cd0c8c1,280,11,4,0,8,0,1,1,1,1790984117
2026-10-02T23:35:32+00:00,2026-10-02T23:36:33.167594+00:00,f83517fa-0de8-11e7-991c-3863bb43a7d0,187,13,1,0,2,0,1,1,1,1790984117
2026-10-02T23:35:32+00:00,2026-10-02T23:36:33.167594+00:00,f83491d4-0de8-11e7-991c-3863bb43a7d0,64,9,0,1,13,0,1,1,1,1790984117
2026-10-02T23:35:32+00:00,2026-10-02T23:36:33.167594+00:00,1965873511294959658,1965873511294959658,10,1,1,12,0,1,1,1,1790984117
2026-10-02T23:35:32+00:00,2026-10-02T23:36:33.167594+00:00,903b9b5d-4244-43e4-8441-0d17f9a994f7,528,1,0,1,8,0,1,1,1,1790984115
2026-10-02T23:35:32+00:00,2026-10-02T23:36:33.167594+00:00,9721c80e-fc8f-474f-8918-b68c041d2836,9721c80e-fc8f-474f-8918-b68c041d2836,10,2,0,13,0,1,1,1,1790984115
2026-10-02T23:35:32+00:00,2026-10-02T23:36:33.167594+00:00,2040842870122359032,2040842870122359032,0,0,0,20,0,1,1,1,1790984114
2026-10-02T23:35:32+00:00,2026-10-02T23:36:33.167594+00:00,cf5f920f-b61d-4db0-b139-14aff04d577c,459,22,6,0,1,0,1,1,1,1790984114
2026-10-02T23:35:32+00:00,2026-10-02T23:36:33.167594+00:00,f8347ccd-0de8-11e7-991c-3863bb43a7d0,33,2,0,1,24,0,1,1,1,1790984114
2026-10-02T23:35:32+00:00,2026-10-02T23:36:33.167594+00:00,51bb4381-dae4-4aeb-b213-0614b807be29,344,7,4,0,12,0,1,1,1,1790984113
2026-10-02T23:35:32+00:00,2026-10-02T23:36:33.167594+00:00,f83511d4-0de8-11e7-991c-3863bb43a7d0,173,2,1,0,11,1,1,1,1,1790984116
2026-10-02T23:35:32+00:00,2026-10-02T23:36:33.167594+00:00,940638c5-7cd0-4a11-899e-86af3868d400,532,9,2,0,9,0,1,1,1,1790984112
2026-10-02T23:35:32+00:00,2026-10-02T23:36:33.167594+00:00,f8352b39-0de8-11e7-991c-3863bb43a7d0,214,1,0,0,12,1,1,1,1,1790984118
2026-10-02T23:35:32+00:00,2026-10-02T23:36:33.167594+00:00,f834b8b3-0de8-11e7-991c-3863bb43a7d0,105,12,0,1,6,0,1,1,1,1790984117
2026-10-02T23:35:32+00:00,2026-10-02T23:36:33.167594+00:00,f83497b9-0de8-11e7-991c-3863bb43a7d0,74,9,0,2,8,0,1,1,1,1790984117
2026-10-02T23:35:32+00:00,2026-10-02T23:36:33.167594+00:00,295553ea-851b-4ac2-a094-f9d1208e399a,412,16,3,0,2,0,1,1,1,1790984117
2026-10-02T23:35:32+00:00,2026-10-02T23:36:33.167594+00:00,d7507124-4cab-4063-8445-a59a33a3d6e4,512,10,1,0,9,0,1,1,1,1790984118
2026-10-02T23:35:32+00:00,2026-10-02T23:36:33.167594+00:00,fe90d430-d33f-48b2-a5cd-bc161b220939,553,14,0,0,9,0,1,1,1,1790984118
2026-10-02T23:35:32+00:00,2026-10-02T23:36:33.167594+00:00,2043911250700610106,2043911250700610106,2,0,0,13,0,1,1,1,1790984119
2026-10-02T23:35:32+00:00,2026-10-02T23:36:33.167594+00:00,f835288a-0de8-11e7-991c-3863bb43a7d0,208,14,1,0,1,0,1,1,1,1790984119
2026-10-02T23:35:32+00:00,2026-10-02T23:36:33.167594+00:00,103a9881-e30a-4d57-b81d-863b995ff759,255,0,0,0,0,0,0,0,0,86400
2026-10-02T23:35:32+00:00,2026-10-02T23:36:33.167594+00:00,53a148ca-ac69-4a9c-a986-9a4b4df2f5df,387,10,5,0,5,0,1,1,1,1790984016
2026-10-02T23:35:32+00:00,2026-10-02T23:36:33.167594+00:00,5f726a7d-5c5d-48b1-9b13-06c77572a237,516,1,0,0,10,0,1,1,1,1790984016
2026-10-02T23:35:32+00:00,2026-10-02T23:36:33.167594+00:00,f8348509-0de8-11e7-991c-3863bb43a7d0,48,5,0,1,11,0,1,1,1,1790984021
2026-10-02T23:35:32+00:00,2026-10-02T23:36:33.167594+00:00,2327cb08-fa9f-459b-9ab0-1a319b0f2f4c,539,8,0,1,9,0,1,1,1,1790984028
2026-10-02T23:35:32+00:00,2026-10-02T23:36:33.167594+00:00,54d86d05-b399-42c5-a63a-a97713afc5d4,54d86d05-b399-42c5-a63a-a97713afc5d4,2,1,1,7,0,1,1,1,1790984027
2026-10-02T23:35:32+00:00,2026-10-02T23:36:33.167594+00:00,f834b49d-0de8-11e7-991c-3863bb43a7d0,101,11,1,1,6,0,1,1,1,1790984032
2026-10-02T23:35:32+00:00,2026-10-02T23:36:33.167594+00:00,f8349ba9-0de8-11e7-991c-3863bb43a7d0,77,5,1,0,12,0,1,1,1,1790983998
2026-10-02T23:35:32+00:00,2026-10-02T23:36:33.167594+00:00,93911aa1-b5e4-48aa-a2b6-38fbcf613006,93911aa1-b5e4-48aa-a2b6-38fbcf613006,1,0,0,17,0,1,1,1,1790984001
2026-10-02T23:35:32+00:00,2026-10-02T23:36:33.167594+00:00,5018e851-f2f3-4e18-9914-c316bbcc2c3d,331,0,0,1,14,0,1,1,1,1790984004
2026-10-02T23:35:32+00:00,2026-10-02T23:36:33.167594+00:00,2038619205667946906,2038619205667946906,5,0,0,15,0,1,1,1,1790984012
2026-10-02T23:35:32+00:00,2026-10-02T23:36:33.167594+00:00,2043912031919765854,2043912031919765854,8,0,1,10,0,1,1,1,1790984010
2026-10-02T23:35:32+00:00,2026-10-02T23:36:33.167594+00:00,2fd22786-dfeb-4126-a906-4f01802087f3,454,4,0,0,15,0,1,1,1,1790984014
2026-10-02T23:35:32+00:00,2026-10-02T23:36:33.167594+00:00,9ca92778-9101-48df-90ea-08b784e26a1a,413,14,0,0,5,0,1,1,1,1790984032
2026-10-02T23:35:32+00:00,2026-10-02T23:36:33.167594+00:00,f36e24cd-de4c-4a5e-adf4-cb97ccd2958d,505,4,0,2,5,0,1,1,1,1790984033
2026-10-02T23:35:32+00:00,2026-10-02T23:36:33.167594+00:00,518f6524-0e7f-454d-974e-e3ff9db1f795,494,6,0,0,5,0,1,1,1,1790984036
2026-10-02T23:35:32+00:00,2026-10-02T23:36:33.167594+00:00,510239fe-69c3-458b-b53c-6ce001845f4a,354,15,9,0,0,0,1,1,1,1790984037
2026-10-02T23:35:32+00:00,2026-10-02T23:36:33.167594+00:00,ef54374b-0406-4b17-b0a1-847f1d7bea06,410,13,5,0,2,0,1,1,1,1790984038
2026-10-02T23:35:32+00:00,2026-10-02T23:36:33.167594+00:00,70f20fcb-8e63-4015-9007-b97c525ab0a9,335,11,0,1,7,0,1,1,1,1790984037
2026-10-02T23:35:32+00:00,2026-10-02T23:36:33.167594+00:00,f8349824-0de8-11e7-991c-3863bb43a7d0,75,15,0,0,0,0,1,1,1,1790984039
2026-10-02T23:35:32+00:00,2026-10-02T23:36:33.167594+00:00,0adccd89-1d8d-44da-9f7c-5f18acafeddf,338,3,0,0,11,0,1,1,1,1790984033
2026-10-02T23:35:32+00:00,2026-10-02T23:36:33.167594+00:00,2078337213380274244,2078337213380274244,4,1,0,7,0,1,1,1,1790984042
2026-10-02T23:35:32+00:00,2026-10-02T23:36:33.167594+00:00,f83464e4-0de8-11e7-991c-3863bb43a7d0,3,1,0,0,12,0,1,1,1,1790984045
2026-10-02T23:35:32+00:00,2026-10-02T23:36:33.167594+00:00,f83523e3-0de8-11e7-991c-3863bb43a7d0,201,2,0,0,13,0,1,1,1,1790984046
2026-10-02T23:35:32+00:00,2026-10-02T23:36:33.167594+00:00,2170342425741020744,2170342425741020744,14,3,2,1,0,1,1,1,1790984047
2026-10-02T23:35:32+00:00,2026-10-02T23:36:33.167594+00:00,9e710d48-51c1-460e-a027-3d16bde62b13,419,0,0,14,0,1,1,1,1,1790984050
2026-10-02T23:35:32+00:00,2026-10-02T23:36:33.167594+00:00,2072145327190878794,2072145327190878794,2,0,0,22,0,1,1,1,1790984049
2026-10-02T23:35:32+00:00,2026-10-02T23:36:33.167594+00:00,ec3eea05-a3ff-43c6-9e24-0c63f09b915f,378,9,1,0,10,0,1,1,1,1790984050
2026-10-02T23:35:32+00:00,2026-10-02T23:36:33.167594+00:00,f8349c69-0de8-11e7-991c-3863bb43a7d0,78,19,4,0,0,0,1,1,1,1790984055
2026-10-02T23:35:32+00:00,2026-10-02T23:36:33.167594+00:00,f8348136-0de8-11e7-991c-3863bb43a7d0,41,24,10,1,2,0,1,1,1,1790984060
2026-10-02T23:35:32+00:00,2026-10-02T23:36:33.167594+00:00,1975886280004030604,1975886280004030604,17,5,0,6,0,1,1,1,1790984061
2026-10-02T23:35:32+00:00,2026-10-02T23:36:33.167594+00:00,36a8fbc8-6069-4a29-bbfd-63a2d019c9a5,415,4,0,0,15,0,1,1,1,1790984058
2026-10-02T23:35:32+00:00,2026-10-02T23:36:33.167594+00:00,f8348995-0de8-11e7-991c-3863bb43a7d0,58,17,0,0,2,0,1,1,1,1790984058
2026-10-02T23:35:32+00:00,2026-10-02T23:36:33.167594+00:00,2071632496372113488,2071632496372113488,6,2,0,14,0,1,1,1,1790984058
2026-10-02T23:35:32+00:00,2026-10-02T23:36:33.167594+00:00,2264176803898382980,2264176803898382980,5,2,0,6,0,1,1,1,1790984016
2026-10-02T23:35:32+00:00,2026-10-02T23:36:33.167594+00:00,dfdaf866-b814-48e5-9bd3-eb7c4a733697,dfdaf866-b814-48e5-9bd3-eb7c4a733697,10,4,0,7,0,1,1,1,1790984059
2026-10-02T23:35:32+00:00,2026-10-02T23:36:33.167594+00:00,2113555008851845550,2113555008851845550,8,2,0,12,0,1,1,1,1790984061
2026-10-02T23:35:32+00:00,2026-10-02T23:36:33.167594+00:00,5bc7cba9-f0b0-442d-932c-e8c7927d87ce,386,14,3,0,5,0,1,1,1,1790984069
2026-10-02T23:35:32+00:00,2026-10-02T23:36:33.167594+00:00,f24a573e-ef07-4785-9270-70c443510ea6,359,1,0,3,11,0,1,1,1,1790984067
2026-10-02T23:35:32+00:00,2026-10-02T23:36:33.167594+00:00,e68655be-23d3-46e5-a509-25be677e7542,482,6,1,0,5,0,1,1,1,1790984066
2026-10-02T23:35:32+00:00,2026-10-02T23:36:33.167594+00:00,9f54207a-3308-43bd-b45c-9042b6389598,423,14,1,1,4,0,1,1,1,1790984067
2026-10-02T23:35:32+00:00,2026-10-02T23:36:33.167594+00:00,f834e1b2-0de8-11e7-991c-3863bb43a7d0,125,8,2,0,11,0,1,1,1,1790984072
2026-10-02T23:35:32+00:00,2026-10-02T23:36:33.167594+00:00,f8348481-0de8-11e7-991c-3863bb43a7d0,47,14,5,3,1,1,1,1,1,1790984070
2026-10-02T23:35:32+00:00,2026-10-02T23:36:33.167594+00:00,2070180968009321294,2070180968009321294,13,2,0,6,2,1,1,1,1790984058
2026-10-02T23:35:32+00:00,2026-10-02T23:36:33.167594+00:00,0f554e1d-9f0f-452d-9b4a-e00aa2c5911e,492,13,0,1,1,0,1,1,1,1790984070
2026-10-02T23:35:32+00:00,2026-10-02T23:36:33.167594+00:00,f834e244-0de8-11e7-991c-3863bb43a7d0,126,8,1,2,5,0,1,1,1,1790984072
2026-10-02T23:35:32+00:00,2026-10-02T23:36:33.167594+00:00,c1ae49bd-2a20-4684-886b-ead8dd627cfd,c1ae49bd-2a20-4684-886b-ead8dd627cfd,0,0,3,14,0,1,1,1,1790984076
2026-10-02T23:35:32+00:00,2026-10-02T23:36:33.167594+00:00,f8351019-0de8-11e7-991c-3863bb43a7d0,169,4,4,0,15,0,1,1,1,1790984082
2026-10-02T23:35:32+00:00,2026-10-02T23:36:33.167594+00:00,13444449-b3a8-43d2-b8b9-a59fbc59a174,397,6,3,1,8,0,1,1,1,1790984082
2026-10-02T23:35:32+00:00,2026-10-02T23:36:33.167594+00:00,f83516b8-0de8-11e7-991c-3863bb43a7d0,184,3,0,0,15,1,1,1,1,1790984085
2026-10-02T23:35:32+00:00,2026-10-02T23:36:33.167594+00:00,02a4416f-80b4-4472-accd-5db482ed5b6d,367,8,0,1,10,0,1,1,1,1790984085
2026-10-02T23:35:32+00:00,2026-10-02T23:36:33.167594+00:00,f83524c0-0de8-11e7-991c-3863bb43a7d0,203,2,0,0,12,0,1,1,1,1790984082
2026-10-02T23:35:32+00:00,2026-10-02T23:36:33.167594+00:00,f83494b4-0de8-11e7-991c-3863bb43a7d0,69,18,3,1,0,0,1,1,1,1790984086
2026-10-02T23:35:32+00:00,2026-10-02T23:36:33.167594+00:00,f834b42d-0de8-11e7-991c-3863bb43a7d0,100,19,4,1,5,0,1,1,1,1790984088
2026-10-02T23:35:32+00:00,2026-10-02T23:36:33.167594+00:00,1997031579059661288,1997031579059661288,5,1,2,4,0,1,1,1,1790984088
2026-10-02T23:35:32+00:00,2026-10-02T23:36:33.167594+00:00,ba634139-d7bf-448f-aac4-25995d36b67b,373,6,4,1,8,0,1,1,1,1790984088
2026-10-02T23:35:32+00:00,2026-10-02T23:36:33.167594+00:00,20b0b405-54ba-4a80-b89c-0819772665db,440,5,2,0,10,0,1,1,1,1790984092
2026-10-02T23:35:32+00:00,2026-10-02T23:36:33.167594+00:00,b23674a7-15a8-46d2-8219-6668acecf24a,548,12,2,2,4,0,1,1,1,1790984091
2026-10-02T23:35:32+00:00,2026-10-02T23:36:33.167594+00:00,ccd6fdd4-b39e-46d7-b43c-7bacffb6bd87,523,4,4,1,12,0,1,1,1,1790984091
2026-10-02T23:35:32+00:00,2026-10-02T23:36:33.167594+00:00,f834b5d9-0de8-11e7-991c-3863bb43a7d0,103,13,5,1,1,0,1,1,1,1790984092
2026-10-02T23:35:32+00:00,2026-10-02T23:36:33.167594+00:00,f8351336-0de8-11e7-991c-3863bb43a7d0,176,14,1,0,1,0,1,1,1,1790984089
2026-10-02T23:35:32+00:00,2026-10-02T23:36:33.167594+00:00,bb27977d-36c1-496d-8bac-631b612dd7b8,332,11,0,1,3,0,1,1,1,1790984090
2026-10-02T23:35:32+00:00,2026-10-02T23:36:33.167594+00:00,f8346894-0de8-11e7-991c-3863bb43a7d0,9,10,1,2,3,0,1,1,1,1790984089
2026-10-02T23:35:32+00:00,2026-10-02T23:36:33.167594+00:00,f834f814-0de8-11e7-991c-3863bb43a7d0,136,3,0,0,16,0,1,1,1,1790984097
2026-10-02T23:35:32+00:00,2026-10-02T23:36:33.167594+00:00,f8346768-0de8-11e7-991c-3863bb43a7d0,7,5,1,1,9,0,1,1,1,1790984095
2026-10-02T23:35:32+00:00,2026-10-02T23:36:33.167594+00:00,2223045710883822544,2223045710883822544,10,4,0,5,0,1,1,1,1790984096
2026-10-02T23:35:32+00:00,2026-10-02T23:36:33.167594+00:00,f834cf45-0de8-11e7-991c-3863bb43a7d0,116,19,4,1,3,0,1,1,1,1790984095
2026-10-02T23:35:32+00:00,2026-10-02T23:36:33.167594+00:00,f834952a-0de8-11e7-991c-3863bb43a7d0,70,6,0,2,15,0,1,1,1,1790984096
2026-10-02T23:35:32+00:00,2026-10-02T23:36:33.167594+00:00,abefafdc-c772-4671-86fe-fc15a42adebb,abefafdc-c772-4671-86fe-fc15a42adebb,4,0,0,19,0,1,1,1,1790984097
2026-10-02T23:35:32+00:00,2026-10-02T23:36:33.167594+00:00,d7ec834e-9d9a-402c-9956-7d5f42676b94,d7ec834e-9d9a-402c-9956-7d5f42676b94,8,0,0,7,1,1,1,1,1790984098
2026-10-02T23:35:32+00:00,2026-10-02T23:36:33.167594+00:00,ddcc8869-b8d4-483c-b9da-457fcebc8dc1,417,17,0,2,0,0,1,1,1,1790984097
2026-10-02T23:35:32+00:00,2026-10-02T23:36:33.167594+00:00,676ca473-eed6-4971-aaf3-e199a7ca335b,433,15,5,0,3,1,1,1,1,1790984100
2026-10-02T23:35:32+00:00,2026-10-02T23:36:33.167594+00:00,2217856523888952522,2217856523888952522,12,1,0,8,0,1,1,1,1790984099
2026-10-02T23:35:32+00:00,2026-10-02T23:36:33.167594+00:00,a18e1e55-507e-49d8-b7c0-5c0efd959125,358,16,5,0,3,0,1,1,1,1790984100
2026-10-02T23:35:32+00:00,2026-10-02T23:36:33.167594+00:00,ce55d1b1-4267-40a9-ad44-5eab888ce18a,ce55d1b1-4267-40a9-ad44-5eab888ce18a,1,0,0,21,1,1,1,1,1790984099
2026-10-02T23:35:32+00:00,2026-10-02T23:36:33.167594+00:00,287aedf5-0361-47e9-9de0-14ae3b75cc0d,287aedf5-0361-47e9-9de0-14ae3b75cc0d,17,0,0,4,0,1,1,1,1790984099
2026-10-02T23:35:32+00:00,2026-10-02T23:36:33.167594+00:00,2038239468396569074,2038239468396569074,29,5,2,0,1,1,1,1,1790984099
2026-10-02T23:35:32+00:00,2026-10-02T23:36:33.167594+00:00,342a2c60-71b0-4d19-98d6-47987cf20dbc,379,15,0,0,0,0,1,1,1,1790984106
2026-10-02T23:35:32+00:00,2026-10-02T23:36:33.167594+00:00,b995a0b4-fc26-4661-9bc8-e166d648edfd,353,9,2,0,6,0,1,1,1,1790984106
2026-10-02T23:35:32+00:00,2026-10-02T23:36:33.167594+00:00,2107991976288962746,2107991976288962746,9,0,1,10,0,1,1,1,1790984106
2026-10-02T23:35:32+00:00,2026-10-02T23:36:33.167594+00:00,42a3ecca-af9a-4556-90ba-7631546f96f8,42a3ecca-af9a-4556-90ba-7631546f96f8,3,0,0,8,0,1,1,1,1790984106
2026-10-02T23:35:32+00:00,2026-10-02T23:36:33.167594+00:00,83183df0-38c2-4ae8-a0c4-4b59599c9582,222,13,4,0,1,0,1,1,1,1790984102
2026-10-02T23:35:32+00:00,2026-10-02T23:36:33.167594+00:00,2103549125054737064,2103549125054737064,9,0,0,7,0,1,1,1,1790984103
2026-10-02T23:35:32+00:00,2026-10-02T23:36:33.167594+00:00,40e58976-02cc-4c7c-911f-7a6c97588bfa,520,11,4,0,10,0,1,1,1,1790984104
2026-10-02T23:35:32+00:00,2026-10-02T23:36:33.167594+00:00,2267569638034503736,2267569638034503736,12,0,1,6,0,1,1,1,1790984105
2026-10-02T23:35:32+00:00,2026-10-02T23:36:33.167594+00:00,f8352c92-0de8-11e7-991c-3863bb43a7d0,217,3,1,1,14,0,1,1,1,1790984105
2026-10-02T23:35:32+00:00,2026-10-02T23:36:33.167594+00:00,2057166010169469732,2057166010169469732,2,1,1,12,0,1,1,1,1790984103
2026-10-02T23:35:32+00:00,2026-10-02T23:36:33.167594+00:00,2111712079786088918,2111712079786088918,12,6,0,3,0,1,1,1,1790984108
2026-10-02T23:35:32+00:00,2026-10-02T23:36:33.167594+00:00,0839bb10-e876-4198-95e4-0147a561853d,258,14,0,0,1,0,1,1,1,1790984107
2026-10-02T23:35:32+00:00,2026-10-02T23:36:33.167594+00:00,1944724820826878816,1944724820826878816,9,1,0,8,0,1,1,1,1790984108
2026-10-02T23:35:32+00:00,2026-10-02T23:36:33.167594+00:00,f6df6c1a-064f-428a-951c-2069a081b9df,380,2,0,0,16,0,1,1,1,1790984108
2026-10-02T23:35:32+00:00,2026-10-02T23:36:33.167594+00:00,2071993292066931472,2071993292066931472,12,0,0,8,0,1,1,1,1790984108
2026-10-02T23:35:32+00:00,2026-10-02T23:36:33.167594+00:00,2136942888571742916,2136942888571742916,0,0,0,15,0,1,1,1,1790984109
2026-10-02T23:35:32+00:00,2026-10-02T23:36:33.167594+00:00,7ec0c53c-876a-419c-a78b-4edd000bbc9a,445,13,2,1,5,0,1,1,1,1790984109
2026-10-02T23:35:32+00:00,2026-10-02T23:36:33.167594+00:00,f834fd36-0de8-11e7-991c-3863bb43a7d0,142,6,1,0,17,0,1,1,1,1790984110
2026-10-02T23:35:32+00:00,2026-10-02T23:36:33.167594+00:00,2ba0c5dd-c990-4434-8a84-5c3eca23f096,447,6,0,0,13,0,1,1,1,1790984110
2026-10-02T23:35:32+00:00,2026-10-02T23:36:33.167594+00:00,f8349745-0de8-11e7-991c-3863bb43a7d0,73,14,1,0,1,0,1,1,1,1790984110
2026-10-02T23:35:32+00:00,2026-10-02T23:36:33.167594+00:00,f83486ab-0de8-11e7-991c-3863bb43a7d0,51,0,0,0,15,0,1,1,1,1790984110
2026-10-02T23:35:32+00:00,2026-10-02T23:36:33.167594+00:00,2113200093114979090,2113200093114979090,2,0,0,13,1,1,1,1,1790984112
2026-10-02T23:35:32+00:00,2026-10-02T23:36:33.167594+00:00,2223043968513191970,2223043968513191970,7,0,0,9,0,1,1,1,1790984113
2026-10-02T23:35:32+00:00,2026-10-02T23:36:33.167594+00:00,2029805507281123700,2029805507281123700,9,1,1,9,0,1,1,1,1790984113
2026-10-02T23:35:32+00:00,2026-10-02T23:36:33.167594+00:00,f35de2ab-979e-42d5-8cbd-dc479ed637e9,503,5,5,0,1,0,1,1,1,1790984113
2026-10-02T23:35:32+00:00,2026-10-02T23:36:33.167594+00:00,533620e8-00ff-494a-b288-bd67602bc98e,472,2,0,1,23,0,1,1,1,1790984114
2026-10-02T23:35:32+00:00,2026-10-02T23:36:33.167594+00:00,1960693490199507164,1960693490199507164,9,1,0,10,0,1,1,1,1790984114
2026-10-02T23:35:32+00:00,2026-10-02T23:36:33.167594+00:00,f8347118-0de8-11e7-991c-3863bb43a7d0,22,16,1,0,18,1,1,1,1,1790984116
2026-10-02T23:35:32+00:00,2026-10-02T23:36:33.167594+00:00,13918b3b-9ac5-4968-a74d-e40dd3bc952e,479,0,0,0,19,0,1,1,1,1790984116
2026-10-02T23:35:32+00:00,2026-10-02T23:36:33.167594+00:00,ff6ed364-8676-45a0-b97f-71025683849e,442,13,1,0,2,0,1,1,1,1790984117
2026-10-02T23:35:32+00:00,2026-10-02T23:36:33.167594+00:00,2241260819676115550,2241260819676115550,7,0,0,16,0,1,1,1,1790984116
2026-10-02T23:35:32+00:00,2026-10-02T23:36:33.167594+00:00,f83510fd-0de8-11e7-991c-3863bb43a7d0,171,13,3,2,7,1,1,1,1,1790984118
2026-10-02T23:35:32+00:00,2026-10-02T23:36:33.167594+00:00,5afe91c4-8076-4f9f-b83b-cf233bda2331,460,4,0,0,11,0,1,1,1,1790984118
2026-10-02T23:35:32+00:00,2026-10-02T23:36:33.167594+00:00,2141932795355773712,2141932795355773712,11,0,1,5,0,1,1,1,1790984118
2026-10-02T23:35:32+00:00,2026-10-02T23:36:33.167594+00:00,350e73e3-6f70-4b2d-87ab-24c8629e9a6a,350e73e3-6f70-4b2d-87ab-24c8629e9a6a,15,0,1,3,0,1,1,1,1790984118
