snapshot_utc,fetched_utc,station_id,legacy_id,num_bikes_available,num_ebikes_available,num_bikes_disabled,num_docks_available,num_docks_disabled,is_installed,is_renting,is_returning,last_reported
2026-10-04T02:10:09+00:00,2026-10-04T02:11:09.858137+00:00,6eaa7343-402d-41c9-9aac-8c664fdbdcf1,6eaa7343-402d-41c9-9aac-8c664fdbdcf1,0,0,0,0,0,0,0,0,86400
2026-10-04T02:10:09+00:00,2026-10-04T02:11:09.858137+00:00,2251186911126913182,2251186911126913182,6,0,0,13,0,1,1,1,1791079616
2026-10-04T02:10:09+00:00,2026-10-04T02:11:09.858137+00:00,2036412579943670600,2036412579943670600,4,0,0,8,0,1,1,1,1791079669
2026-10-04T02:10:09+00:00,2026-10-04T02:11:09.858137+00:00,f834b183-0de8-11e7-991c-3863bb43a7d0,98,7,0,1,14,0,1,1,1,1791079682
2026-10-04T02:10:09+00:00,2026-10-04T02:11:09.858137+00:00,f835244e-0de8-11e7-991c-3863bb43a7d0,202,7,1,0,8,0,1,1,1,1791079683
2026-10-04T02:10:09+00:00,2026-10-04T02:11:09.858137+00:00,f834a1de-0de8-11e7-991c-3863bb43a7d0,84,11,0,1,3,0,1,1,1,1791079681
2026-10-04T02:10:09+00:00,2026-10-04T02:11:09.858137+00:00,01d29f8c-768d-4c4f-84ca-3de966075287,469,4,1,0,7,0,1,1,1,1791079684
2026-10-04T02:10:09+00:00,2026-10-04T02:11:09.858137+00:00,e335fa7c-7adf-4360-9bfa-76b18124a56f,541,1,0,0,10,0,1,1,1,1791079678
2026-10-04T02:10:09+00:00,2026-10-04T02:11:09.858137+00:00,2031175112202687108,2031175112202687108,11,1,0,5,0,1,1,1,1791079687
2026-10-04T02:10:09+00:00,2026-10-04T02:11:09.858137+00:00,2028220168245183460,2028220168245183460,11,0,0,8,0,1,1,1,1791079689
2026-10-04T02:10:09+00:00,2026-10-04T02:11:09.858137+00:00,f8347ba8-0de8-11e7-991c-3863bb43a7d0,31,16,2,0,3,0,1,1,1,1791079689
2026-10-04T02:10:09+00:00,2026-10-04T02:11:09.858137+00:00,f55cdf0a-3d7b-491c-bed2-7dc0ef2062d5,489,14,2,0,2,0,1,1,1,1791079701
2026-10-04T02:10:09+00:00,2026-10-04T02:11:09.858137+00:00,dcd76e42-eebc-4432-9726-cdb3372b0b07,557,2,1,0,17,0,1,1,1,1791079702
2026-10-04T02:10:09+00:00,2026-10-04T02:11:09.858137+00:00,f834fcbe-0de8-11e7-991c-3863bb43a7d0,141,2,0,1,12,0,1,1,1,1791079714
2026-10-04T02:10:09+00:00,2026-10-04T02:11:09.858137+00:00,f834b928-0de8-11e7-991c-3863bb43a7d0,106,7,3,1,6,0,1,1,1,1791079712
2026-10-04T02:10:09+00:00,2026-10-04T02:11:09.858137+00:00,f834f948-0de8-11e7-991c-3863bb43a7d0,138,10,0,2,2,0,1,1,1,1791079713
2026-10-04T02:10:09+00:00,2026-10-04T02:11:09.858137+00:00,f834c6f5-0de8-11e7-991c-3863bb43a7d0,111,14,3,0,0,1,1,1,1,1791079691
2026-10-04T02:10:09+00:00,2026-10-04T02:11:09.858137+00:00,acb27827-d69a-4287-b132-3f529ca62ad2,427,0,0,0,0,0,1,0,0,1791079689
2026-10-04T02:10:09+00:00,2026-10-04T02:11:09.858137+00:00,2132460331327742574,2132460331327742574,15,0,1,2,0,1,1,1,1791079730
2026-10-04T02:10:09+00:00,2026-10-04T02:11:09.858137+00:00,57f5003b-6574-40b3-83d7-3b5dee1472e0,518,7,0,1,2,0,1,1,1,1791079730
2026-10-04T02:10:09+00:00,2026-10-04T02:11:09.858137+00:00,f83493c0-0de8-11e7-991c-3863bb43a7d0,67,2,0,2,27,0,1,1,1,1791079730
2026-10-04T02:10:09+00:00,2026-10-04T02:11:09.858137+00:00,f8348719-0de8-11e7-991c-3863bb43a7d0,52,8,0,0,15,0,1,1,1,1791079730
2026-10-04T02:10:09+00:00,2026-10-04T02:11:09.858137+00:00,e4d5271f-5f76-401b-b7f0-c8dce3c26f10,462,4,2,0,7,0,1,1,1,1791079727
2026-10-04T02:10:09+00:00,2026-10-04T02:11:09.858137+00:00,f8346e51-0de8-11e7-991c-3863bb43a7d0,17,0,0,4,11,0,1,0,0,1791062629
2026-10-04T02:10:09+00:00,2026-10-04T02:11:09.858137+00:00,f834f036-0de8-11e7-991c-3863bb43a7d0,133,7,1,0,16,0,1,1,1,1791079694
2026-10-04T02:10:09+00:00,2026-10-04T02:11:09.858137+00:00,a6d6d4b2-3666-43ad-a690-7f676bdcc3fd,542,13,0,1,5,0,1,1,1,1791079696
2026-10-04T02:10:09+00:00,2026-10-04T02:11:09.858137+00:00,1331197c-f6c6-4f4a-a29b-95e580359886,224,9,1,0,8,0,1,1,1,1791079697
2026-10-04T02:10:09+00:00,2026-10-04T02:11:09.858137+00:00,f8350199-0de8-11e7-991c-3863bb43a7d0,150,7,0,1,11,0,1,1,1,1791079698
2026-10-04T02:10:09+00:00,2026-10-04T02:11:09.858137+00:00,2129149628430547474,2129149628430547474,16,4,0,0,0,1,1,1,1791079690
2026-10-04T02:10:09+00:00,2026-10-04T02:11:09.858137+00:00,2126567695528519906,2126567695528519906,19,0,0,1,0,1,1,1,1791079698
2026-10-04T02:10:09+00:00,2026-10-04T02:11:09.858137+00:00,f834b1ed-0de8-11e7-991c-3863bb43a7d0,99,9,2,0,6,0,1,1,1,1791079697
2026-10-04T02:10:09+00:00,2026-10-04T02:11:09.858137+00:00,1986694622707704150,1986694622707704150,10,0,1,8,0,1,1,1,1791079697
2026-10-04T02:10:09+00:00,2026-10-04T02:11:09.858137+00:00,c111ef1a-f276-415d-a95e-8e3c4e3a0c03,522,8,3,1,6,0,1,1,1,1791079697
2026-10-04T02:10:09+00:00,2026-10-04T02:11:09.858137+00:00,1ef5abb2-5af9-41f2-a0dd-1e44278ad9f1,502,1,0,0,10,0,1,1,1,1791079732
2026-10-04T02:10:09+00:00,2026-10-04T02:11:09.858137+00:00,5d17f129-af8c-4f30-bc58-6a8279052772,543,6,2,0,13,0,1,1,1,1791079736
2026-10-04T02:10:09+00:00,2026-10-04T02:11:09.858137+00:00,f83473ea-0de8-11e7-991c-3863bb43a7d0,27,1,0,1,21,0,1,1,1,1791079734
2026-10-04T02:10:09+00:00,2026-10-04T02:11:09.858137+00:00,f834d260-0de8-11e7-991c-3863bb43a7d0,119,13,0,1,1,0,1,1,1,1791079713
2026-10-04T02:10:09+00:00,2026-10-04T02:11:09.858137+00:00,2227859082657747444,2227859082657747444,4,3,1,2,0,1,1,1,1791079313
2026-10-04T02:10:09+00:00,2026-10-04T02:11:09.858137+00:00,38706d8c-8d4b-49f7-b6ed-7688449db261,463,2,0,0,17,0,1,1,1,1791079714
2026-10-04T02:10:09+00:00,2026-10-04T02:11:09.858137+00:00,829fa5a8-cc88-4ab2-9f34-b481aaa1612e,259,9,0,0,6,0,1,1,1,1791079727
2026-10-04T02:10:09+00:00,2026-10-04T02:11:09.858137+00:00,25489822-e43a-4704-b2a8-d905b78ba77c,389,8,3,0,6,0,1,1,1,1791079726
2026-10-04T02:10:09+00:00,2026-10-04T02:11:09.858137+00:00,b44b7c3d-c054-4591-92a9-3b96d86050ab,b44b7c3d-c054-4591-92a9-3b96d86050ab,2,1,0,9,0,1,1,1,1791079724
2026-10-04T02:10:09+00:00,2026-10-04T02:11:09.858137+00:00,ab6517ea-ed53-42eb-8881-657d362e56e8,560,0,0,0,15,0,1,1,1,1791079724
2026-10-04T02:10:09+00:00,2026-10-04T02:11:09.858137+00:00,2124664048772581794,2124664048772581794,6,2,0,5,0,1,1,1,1791079723
2026-10-04T02:10:09+00:00,2026-10-04T02:11:09.858137+00:00,97a1e4e7-a1ff-427a-aaea-48ca0d00bf9c,348,5,4,0,10,0,1,1,1,1791079768
2026-10-04T02:10:09+00:00,2026-10-04T02:11:09.858137+00:00,800bde2c-51df-497c-ac2d-bc3a8c00c164,800bde2c-51df-497c-ac2d-bc3a8c00c164,10,0,0,5,0,1,1,1,1791079768
2026-10-04T02:10:09+00:00,2026-10-04T02:11:09.858137+00:00,ec4e1168-25dc-4929-b17b-e4ae578dd888,425,8,1,0,8,0,1,1,1,1791079771
2026-10-04T02:10:09+00:00,2026-10-04T02:11:09.858137+00:00,88b35b6d-f355-44dc-b85e-ed2eb1bc9099,406,11,1,0,9,0,1,1,1,1791079772
2026-10-04T02:10:09+00:00,2026-10-04T02:11:09.858137+00:00,8bc42f7f-753d-4cca-a7d6-0d7c2530ea2c,364,9,4,2,9,0,1,1,1,1791079770
2026-10-04T02:10:09+00:00,2026-10-04T02:11:09.858137+00:00,1997031876360597884,1997031876360597884,6,0,1,4,0,1,1,1,1791079769
2026-10-04T02:10:09+00:00,2026-10-04T02:11:09.858137+00:00,2071991821019036242,2071991821019036242,18,1,0,2,0,1,1,1,1791079769
2026-10-04T02:10:09+00:00,2026-10-04T02:11:09.858137+00:00,f834e75d-0de8-11e7-991c-3863bb43a7d0,129,1,0,0,17,1,1,1,1,1791079704
2026-10-04T02:10:09+00:00,2026-10-04T02:11:09.858137+00:00,f834a2a8-0de8-11e7-991c-3863bb43a7d0,85,3,0,0,16,0,1,1,1,1791079700
2026-10-04T02:10:09+00:00,2026-10-04T02:11:09.858137+00:00,199f3d59-e726-4549-b9c1-4dfc8a343fdb,508,7,4,0,4,0,1,1,1,1791079704
2026-10-04T02:10:09+00:00,2026-10-04T02:11:09.858137+00:00,1919521884659886482,1919521884659886482,2,0,0,17,0,1,1,1,1791079705
2026-10-04T02:10:09+00:00,2026-10-04T02:11:09.858137+00:00,8d535c23-f186-4161-aa10-17e94be6d4ae,436,5,0,3,6,1,1,1,1,1791079702
2026-10-04T02:10:09+00:00,2026-10-04T02:11:09.858137+00:00,f834c5c9-0de8-11e7-991c-3863bb43a7d0,110,5,0,0,10,0,1,1,1,1791079741
2026-10-04T02:10:09+00:00,2026-10-04T02:11:09.858137+00:00,f8347002-0de8-11e7-991c-3863bb43a7d0,20,2,0,0,21,0,1,1,1,1791079742
2026-10-04T02:10:09+00:00,2026-10-04T02:11:09.858137+00:00,2113559364250874028,2113559364250874028,10,2,0,5,0,1,1,1,1791079746
2026-10-04T02:10:09+00:00,2026-10-04T02:11:09.858137+00:00,eed9e64f-f09d-43c1-aa31-da968c66750a,368,7,2,0,8,0,1,1,1,1791079693
2026-10-04T02:10:09+00:00,2026-10-04T02:11:09.858137+00:00,f8350d30-0de8-11e7-991c-3863bb43a7d0,163,17,5,0,1,0,1,1,1,1791079693
2026-10-04T02:10:09+00:00,2026-10-04T02:11:09.858137+00:00,f8346c96-0de8-11e7-991c-3863bb43a7d0,14,7,1,1,17,0,1,1,1,1791079708
2026-10-04T02:10:09+00:00,2026-10-04T02:11:09.858137+00:00,768433a9-fc30-4485-b136-22d6f8a96f1c,768433a9-fc30-4485-b136-22d6f8a96f1c,4,0,0,7,0,1,1,1,1791079708
2026-10-04T02:10:09+00:00,2026-10-04T02:11:09.858137+00:00,f834a67b-0de8-11e7-991c-3863bb43a7d0,89,13,2,0,5,0,1,1,1,1791079708
2026-10-04T02:10:09+00:00,2026-10-04T02:11:09.858137+00:00,f834916a-0de8-11e7-991c-3863bb43a7d0,63,4,2,0,11,0,1,1,1,1791079708
2026-10-04T02:10:09+00:00,2026-10-04T02:11:09.858137+00:00,15ec5783-ca7a-4225-ba51-cd0a45ecc975,15ec5783-ca7a-4225-ba51-cd0a45ecc975,8,5,0,3,0,1,1,1,1791079747
2026-10-04T02:10:09+00:00,2026-10-04T02:11:09.858137+00:00,f83532fa-0de8-11e7-991c-3863bb43a7d0,219,13,2,1,1,0,1,1,1,1791079751
2026-10-04T02:10:09+00:00,2026-10-04T02:11:09.858137+00:00,40ee059e-8530-4992-9114-c16b87d6832f,441,11,2,1,7,0,1,1,1,1791079751
2026-10-04T02:10:09+00:00,2026-10-04T02:11:09.858137+00:00,77c1736c-a609-4453-94f7-8e4253a8193c,474,7,3,0,4,0,1,1,1,1791079752
2026-10-04T02:10:09+00:00,2026-10-04T02:11:09.858137+00:00,2131371824572002576,2131371824572002576,1,0,1,14,0,1,1,1,1791079752
2026-10-04T02:10:09+00:00,2026-10-04T02:11:09.858137+00:00,25d6f87f-7025-48c5-b202-f91511a4ae19,25d6f87f-7025-48c5-b202-f91511a4ae19,7,0,0,12,0,1,1,1,1791079751
2026-10-04T02:10:09+00:00,2026-10-04T02:11:09.858137+00:00,f8351791-0de8-11e7-991c-3863bb43a7d0,186,11,0,0,4,0,1,1,1,1791079753
2026-10-04T02:10:09+00:00,2026-10-04T02:11:09.858137+00:00,aefc33cd-40b9-48da-8b87-415428816bdb,488,8,0,0,8,0,1,1,1,1791079757
2026-10-04T02:10:09+00:00,2026-10-04T02:11:09.858137+00:00,f8352973-0de8-11e7-991c-3863bb43a7d0,210,10,1,0,5,0,1,1,1,1791079752
2026-10-04T02:10:09+00:00,2026-10-04T02:11:09.858137+00:00,1ef9964d-47ac-4cd4-916e-7c006fa1e605,339,4,1,0,11,0,1,1,1,1791079717
2026-10-04T02:10:09+00:00,2026-10-04T02:11:09.858137+00:00,e519df41-c4d7-403a-9afa-a5dd7cdd2d03,536,4,0,0,14,0,1,1,1,1791079718
2026-10-04T02:10:09+00:00,2026-10-04T02:11:09.858137+00:00,1991921362058752616,1991921362058752616,11,5,0,9,0,1,1,1,1791079738
2026-10-04T02:10:09+00:00,2026-10-04T02:11:09.858137+00:00,2149920539832638004,2149920539832638004,0,0,0,15,0,1,1,1,1791079738
2026-10-04T02:10:09+00:00,2026-10-04T02:11:09.858137+00:00,2039387081833476178,2039387081833476178,16,3,0,4,0,1,1,1,1791079737
2026-10-04T02:10:09+00:00,2026-10-04T02:11:09.858137+00:00,f8351649-0de8-11e7-991c-3863bb43a7d0,183,3,1,1,15,0,1,1,1,1791079759
2026-10-04T02:10:09+00:00,2026-10-04T02:11:09.858137+00:00,f834d34b-0de8-11e7-991c-3863bb43a7d0,120,25,0,0,14,0,1,1,1,1791079758
2026-10-04T02:10:09+00:00,2026-10-04T02:11:09.858137+00:00,2134720099473744344,2134720099473744344,3,1,0,18,0,1,1,1,1791079758
2026-10-04T02:10:09+00:00,2026-10-04T02:11:09.858137+00:00,2363c5a3-93cc-41a2-a767-90f1826c041f,426,23,1,2,2,0,1,1,1,1791079706
2026-10-04T02:10:09+00:00,2026-10-04T02:11:09.858137+00:00,2036103727838931110,2036103727838931110,8,0,0,1,0,1,1,1,1791079762
2026-10-04T02:10:09+00:00,2026-10-04T02:11:09.858137+00:00,a825b55d-3ab3-481f-9c50-d3a7313e6843,228,6,0,0,12,1,1,1,1,1791079758
2026-10-04T02:10:09+00:00,2026-10-04T02:11:09.858137+00:00,52ca4d94-587f-4a61-a298-a1a755e73bfb,362,14,2,1,4,0,1,1,1,1791079758
2026-10-04T02:10:09+00:00,2026-10-04T02:11:09.858137+00:00,f8351255-0de8-11e7-991c-3863bb43a7d0,174,12,3,0,3,0,1,1,1,1791079761
2026-10-04T02:10:09+00:00,2026-10-04T02:11:09.858137+00:00,cad0e759-b605-458a-b772-768dcce81dc6,372,4,0,2,13,0,1,1,1,1791079758
2026-10-04T02:10:09+00:00,2026-10-04T02:11:09.858137+00:00,2219705277630124418,2219705277630124418,8,1,0,7,0,1,1,1,1791079759
2026-10-04T02:10:09+00:00,2026-10-04T02:11:09.858137+00:00,133d159e-a202-4310-910f-eca392fe181e,398,10,1,1,8,0,1,1,1,1791079764
2026-10-04T02:10:09+00:00,2026-10-04T02:11:09.858137+00:00,9fef6df2-7f8f-43fc-a85b-7dd5453860f9,437,2,2,0,15,0,1,1,1,1791079767
2026-10-04T02:10:09+00:00,2026-10-04T02:11:09.858137+00:00,f7d416f8-4377-4019-bba7-302dc1d5a11d,391,12,2,1,2,0,1,1,1,1791079768
2026-10-04T02:10:09+00:00,2026-10-04T02:11:09.858137+00:00,1976640911178291400,1976640911178291400,3,3,0,8,0,1,1,1,1791079767
2026-10-04T02:10:09+00:00,2026-10-04T02:11:09.858137+00:00,d1a5e406-718c-44b9-b9dd-e63605b888aa,555,10,8,0,5,0,1,1,1,1791079766
2026-10-04T02:10:09+00:00,2026-10-04T02:11:09.858137+00:00,f83466c6-0de8-11e7-991c-3863bb43a7d0,6,7,2,3,4,0,1,1,1,1791079775
2026-10-04T02:10:09+00:00,2026-10-04T02:11:09.858137+00:00,f834cb89-0de8-11e7-991c-3863bb43a7d0,115,18,1,0,1,0,1,1,1,1791079777
2026-10-04T02:10:09+00:00,2026-10-04T02:11:09.858137+00:00,f8351f87-0de8-11e7-991c-3863bb43a7d0,192,9,0,0,10,0,1,1,1,1791079773
2026-10-04T02:10:09+00:00,2026-10-04T02:11:09.858137+00:00,f8346dbd-0de8-11e7-991c-3863bb43a7d0,16,0,0,1,18,0,1,1,1,1791079774
2026-10-04T02:10:09+00:00,2026-10-04T02:11:09.858137+00:00,f606593b-3d07-40f2-bc6d-a0eb96588e44,456,4,2,0,14,0,1,1,1,1791079773
2026-10-04T02:10:09+00:00,2026-10-04T02:11:09.858137+00:00,2127252912986958612,2127252912986958612,3,1,0,12,0,1,1,1,1791079774
2026-10-04T02:10:09+00:00,2026-10-04T02:11:09.858137+00:00,9b0aff89-5242-475e-b03b-87c3c3bf51bb,477,11,4,0,8,0,1,1,1,1791079774
2026-10-04T02:10:09+00:00,2026-10-04T02:11:09.858137+00:00,986068c4-d11a-465a-b8d0-bd0960c57f51,986068c4-d11a-465a-b8d0-bd0960c57f51,3,1,1,11,0,1,1,1,1791079776
2026-10-04T02:10:09+00:00,2026-10-04T02:11:09.858137+00:00,f8348598-0de8-11e7-991c-3863bb43a7d0,49,14,1,0,4,0,1,1,1,1791079773
2026-10-04T02:10:09+00:00,2026-10-04T02:11:09.858137+00:00,87b5a8b7-a330-4c51-ab32-7dafa292c88f,421,14,1,0,5,0,1,1,1,1791079777
2026-10-04T02:10:09+00:00,2026-10-04T02:11:09.858137+00:00,625f105e-4407-4988-9095-d1979cbda5e1,234,9,6,1,8,0,1,1,1,1791079772
2026-10-04T02:10:09+00:00,2026-10-04T02:11:09.858137+00:00,2027855476515070160,2027855476515070160,19,2,0,8,0,1,1,1,1791079773
2026-10-04T02:10:09+00:00,2026-10-04T02:11:09.858137+00:00,f8349070-0de8-11e7-991c-3863bb43a7d0,61,6,0,2,11,0,1,1,1,1791079778
2026-10-04T02:10:09+00:00,2026-10-04T02:11:09.858137+00:00,2127634714741013228,2127634714741013228,17,0,0,7,0,1,1,1,1791079778
2026-10-04T02:10:09+00:00,2026-10-04T02:11:09.858137+00:00,f8351569-0de8-11e7-991c-3863bb43a7d0,181,9,2,0,10,0,1,1,1,1791079780
2026-10-04T02:10:09+00:00,2026-10-04T02:11:09.858137+00:00,8e7c1984-dc81-43b0-a0d3-58c6de45225a,465,8,2,0,3,0,1,1,1,1791079780
2026-10-04T02:10:09+00:00,2026-10-04T02:11:09.858137+00:00,2261583246847893606,2261583246847893606,10,0,0,9,0,1,1,1,1791079786
2026-10-04T02:10:09+00:00,2026-10-04T02:11:09.858137+00:00,f8347a8b-0de8-11e7-991c-3863bb43a7d0,29,18,1,0,1,0,1,1,1,1791079785
2026-10-04T02:10:09+00:00,2026-10-04T02:11:09.858137+00:00,f8350129-0de8-11e7-991c-3863bb43a7d0,149,16,1,0,2,0,1,1,1,1791079785
2026-10-04T02:10:09+00:00,2026-10-04T02:11:09.858137+00:00,5410aac7-2ec0-47b6-b728-b99c5137b463,5410aac7-2ec0-47b6-b728-b99c5137b463,3,0,0,8,0,1,1,1,1791079784
2026-10-04T02:10:09+00:00,2026-10-04T02:11:09.858137+00:00,569f4952-5a25-4394-a419-f9c4d9cca6f3,495,5,1,0,13,0,1,1,1,1791079784
2026-10-04T02:10:09+00:00,2026-10-04T02:11:09.858137+00:00,6cec3afa-554c-466f-8323-5c619fe0ddc6,6cec3afa-554c-466f-8323-5c619fe0ddc6,4,0,0,6,0,1,1,1,1791079789
2026-10-04T02:10:09+00:00,2026-10-04T02:11:09.858137+00:00,4d953f0f-13b5-4b3d-b2da-342003ff7cba,4d953f0f-13b5-4b3d-b2da-342003ff7cba,2,2,0,9,0,1,1,1,1791079789
2026-10-04T02:10:09+00:00,2026-10-04T02:11:09.858137+00:00,f8347ded-0de8-11e7-991c-3863bb43a7d0,35,3,1,1,27,0,1,1,1,1791079783
2026-10-04T02:10:09+00:00,2026-10-04T02:11:09.858137+00:00,2250817396738253956,2250817396738253956,14,0,0,0,1,1,1,1,1791079794
2026-10-04T02:10:09+00:00,2026-10-04T02:11:09.858137+00:00,82b41ffb-e284-4e4d-b22a-0cad2bfd4bee,443,9,0,0,10,0,1,1,1,1791079792
2026-10-04T02:10:09+00:00,2026-10-04T02:11:09.858137+00:00,2438d052-2cd6-4fba-83c9-39f46cb59398,2438d052-2cd6-4fba-83c9-39f46cb59398,0,0,0,19,0,1,1,1,1791079790
2026-10-04T02:10:09+00:00,2026-10-04T02:11:09.858137+00:00,4b5de733-9353-4873-9dc2-9558b3cb063a,393,10,2,0,3,0,1,1,1,1791079790
2026-10-04T02:10:09+00:00,2026-10-04T02:11:09.858137+00:00,918335df-fc1a-45c2-9cfc-c5e2e93aecc0,467,2,0,1,8,0,1,1,1,1791079790
2026-10-04T02:10:09+00:00,2026-10-04T02:11:09.858137+00:00,1999644268058967024,1999644268058967024,19,6,0,5,0,1,1,1,1791079791
2026-10-04T02:10:09+00:00,2026-10-04T02:11:09.858137+00:00,2089808297152151688,2089808297152151688,8,0,2,2,0,1,1,1,1791079791
2026-10-04T02:10:09+00:00,2026-10-04T02:11:09.858137+00:00,2251556760922290606,2251556760922290606,12,2,0,4,0,1,1,1,1791079791
2026-10-04T02:10:09+00:00,2026-10-04T02:11:09.858137+00:00,1994515539257334312,1994515539257334312,16,9,0,3,0,1,1,1,1791079791
2026-10-04T02:10:09+00:00,2026-10-04T02:11:09.858137+00:00,2220033166406469278,2220033166406469278,10,3,0,5,0,1,1,1,1791079794
2026-10-04T02:10:09+00:00,2026-10-04T02:11:09.858137+00:00,ea00f276-26dc-48ee-b2c8-6e56fd632a2d,272,6,1,0,13,0,1,1,1,1791079795
2026-10-04T02:10:09+00:00,2026-10-04T02:11:09.858137+00:00,f8349599-0de8-11e7-991c-3863bb43a7d0,71,0,0,0,23,0,1,1,1,1791079795
2026-10-04T02:10:09+00:00,2026-10-04T02:11:09.858137+00:00,1999639508813492766,1999639508813492766,2,1,0,18,0,1,1,1,1791079796
2026-10-04T02:10:09+00:00,2026-10-04T02:11:09.858137+00:00,2110566771130438288,2110566771130438288,8,6,1,7,0,1,1,1,1791079796
2026-10-04T02:10:09+00:00,2026-10-04T02:11:09.858137+00:00,803a0c16-4f81-44f1-8b49-a13fcdda40c1,370,6,0,0,9,0,1,1,1,1791079797
2026-10-04T02:10:09+00:00,2026-10-04T02:11:09.858137+00:00,1976280681456741062,1976280681456741062,8,5,0,3,0,1,1,1,1791079798
2026-10-04T02:10:09+00:00,2026-10-04T02:11:09.858137+00:00,2248987790637065652,2248987790637065652,10,1,0,2,0,1,1,1,1791079636
2026-10-04T02:10:09+00:00,2026-10-04T02:11:09.858137+00:00,57caf362-1e8b-46aa-9ee3-82341c405ab0,271,6,2,0,9,0,1,1,1,1791079680
2026-10-04T02:10:09+00:00,2026-10-04T02:11:09.858137+00:00,a439fff7-8630-464c-b277-efca6f6bc664,531,3,0,0,11,0,1,1,1,1791079678
2026-10-04T02:10:09+00:00,2026-10-04T02:11:09.858137+00:00,dd8dee9d-d044-41d6-9371-8463cf9c671b,526,6,4,0,8,1,1,1,1,1791079715
2026-10-04T02:10:09+00:00,2026-10-04T02:11:09.858137+00:00,f834b50a-0de8-11e7-991c-3863bb43a7d0,102,2,2,1,12,0,1,1,1,1791079711
2026-10-04T02:10:09+00:00,2026-10-04T02:11:09.858137+00:00,f8350be5-0de8-11e7-991c-3863bb43a7d0,160,0,0,0,14,0,1,1,1,1791079719
2026-10-04T02:10:09+00:00,2026-10-04T02:11:09.858137+00:00,fae99a0c-e88a-4112-94d8-f655cf34e651,fae99a0c-e88a-4112-94d8-f655cf34e651,6,0,0,13,0,1,1,1,1791079718
2026-10-04T02:10:09+00:00,2026-10-04T02:11:09.858137+00:00,f8353277-0de8-11e7-991c-3863bb43a7d0,218,7,2,0,8,0,1,1,1,1791079719
2026-10-04T02:10:09+00:00,2026-10-04T02:11:09.858137+00:00,634b697d-0e64-4102-8849-abac7a7f8e35,455,11,1,0,0,1,1,1,1,1791079717
2026-10-04T02:10:09+00:00,2026-10-04T02:11:09.858137+00:00,2131714490587826928,2131714490587826928,12,7,0,4,0,1,1,1,1791079721
2026-10-04T02:10:09+00:00,2026-10-04T02:11:09.858137+00:00,f836bc28-36a7-4ca6-bba6-0d75333d84bb,538,17,2,0,2,0,1,1,1,1791079733
2026-10-04T02:10:09+00:00,2026-10-04T02:11:09.858137+00:00,f8352306-0de8-11e7-991c-3863bb43a7d0,199,8,7,0,7,0,1,1,1,1791079735
2026-10-04T02:10:09+00:00,2026-10-04T02:11:09.858137+00:00,2111332861978124760,2111332861978124760,9,1,1,6,0,1,1,1,1791079667
2026-10-04T02:10:09+00:00,2026-10-04T02:11:09.858137+00:00,2223046412750968128,2223046412750968128,10,0,0,9,0,1,1,1,1791079738
2026-10-04T02:10:09+00:00,2026-10-04T02:11:09.858137+00:00,2120986392451359068,2120986392451359068,4,1,0,15,0,1,1,1,1791079736
2026-10-04T02:10:09+00:00,2026-10-04T02:11:09.858137+00:00,f8349d6e-0de8-11e7-991c-3863bb43a7d0,79,12,3,0,6,0,1,1,1,1791079736
2026-10-04T02:10:09+00:00,2026-10-04T02:11:09.858137+00:00,f8349672-0de8-11e7-991c-3863bb43a7d0,72,2,0,0,21,0,1,1,1,1791079736
2026-10-04T02:10:09+00:00,2026-10-04T02:11:09.858137+00:00,2012646293885032702,2012646293885032702,21,0,1,2,0,1,1,1,1791079736
2026-10-04T02:10:09+00:00,2026-10-04T02:11:09.858137+00:00,0cb6d635-6a7d-4d75-89b4-36b12616be12,432,12,8,0,7,0,1,1,1,1791079737
2026-10-04T02:10:09+00:00,2026-10-04T02:11:09.858137+00:00,f8351e42-0de8-11e7-991c-3863bb43a7d0,189,0,0,0,23,0,1,1,1,1791079740
2026-10-04T02:10:09+00:00,2026-10-04T02:11:09.858137+00:00,2115804056935012722,2115804056935012722,4,2,0,14,1,1,1,1,1791079740
2026-10-04T02:10:09+00:00,2026-10-04T02:11:09.858137+00:00,ee18dbd6-05b8-4d38-a120-f84c3499a77e,519,3,0,0,8,0,1,1,1,1791079739
2026-10-04T02:10:09+00:00,2026-10-04T02:11:09.858137+00:00,dd008e3c-ff17-4c82-abe0-502272a62425,558,15,7,0,2,0,1,1,1,1791079686
2026-10-04T02:10:09+00:00,2026-10-04T02:11:09.858137+00:00,609c2f06-310e-4134-8dd2-3d23aa41487b,609c2f06-310e-4134-8dd2-3d23aa41487b,18,5,0,4,0,1,1,1,1791079698
2026-10-04T02:10:09+00:00,2026-10-04T02:11:09.858137+00:00,3de6e5da-9702-4623-8683-26abd98012a8,525,5,0,1,6,0,1,1,1,1791079704
2026-10-04T02:10:09+00:00,2026-10-04T02:11:09.858137+00:00,a9bc314b-a3fd-46e5-a63b-f005258bba5f,a9bc314b-a3fd-46e5-a63b-f005258bba5f,5,0,0,12,1,1,1,1,1791079728
2026-10-04T02:10:09+00:00,2026-10-04T02:11:09.858137+00:00,f8348781-0de8-11e7-991c-3863bb43a7d0,53,3,0,4,12,0,1,1,1,1791079732
2026-10-04T02:10:09+00:00,2026-10-04T02:11:09.858137+00:00,2124668538068359456,2124668538068359456,1,0,0,18,0,1,1,1,1791079730
2026-10-04T02:10:09+00:00,2026-10-04T02:11:09.858137+00:00,3b158c7a-a362-43ae-af1f-121b78be32d7,483,13,0,0,4,0,1,1,1,1791079730
2026-10-04T02:10:09+00:00,2026-10-04T02:11:09.858137+00:00,a9d13461-7f0f-47b0-9a97-8ec9e9792865,533,14,5,0,4,0,1,1,1,1791079730
2026-10-04T02:10:09+00:00,2026-10-04T02:11:09.858137+00:00,efd724b2-31cb-4aec-b9d9-8ab79271630c,493,9,0,0,8,0,1,1,1,1791079764
2026-10-04T02:10:09+00:00,2026-10-04T02:11:09.858137+00:00,7dd0fc98-c1dd-4c93-9c1d-4bbdf5f93346,473,11,8,0,3,0,1,1,1,1791079763
2026-10-04T02:10:09+00:00,2026-10-04T02:11:09.858137+00:00,f835027c-0de8-11e7-991c-3863bb43a7d0,152,11,0,0,16,0,1,1,1,1791079764
2026-10-04T02:10:09+00:00,2026-10-04T02:11:09.858137+00:00,e49a5b83-2c9c-4610-a48b-89cfea172c8f,504,5,2,0,6,0,1,1,1,1791079766
2026-10-04T02:10:09+00:00,2026-10-04T02:11:09.858137+00:00,2004828637786472956,2004828637786472956,16,2,1,2,0,1,1,1,1791079767
2026-10-04T02:10:09+00:00,2026-10-04T02:11:09.858137+00:00,b0b8e427-7203-4844-9c70-129e08a74452,347,12,5,1,2,0,1,1,1,1791079767
2026-10-04T02:10:09+00:00,2026-10-04T02:11:09.858137+00:00,c935cfb1-ef73-402e-9b86-83aaaac6534d,478,10,0,0,9,0,1,1,1,1791079768
2026-10-04T02:10:09+00:00,2026-10-04T02:11:09.858137+00:00,2035765531590062506,2035765531590062506,7,4,1,3,0,1,1,1,1791079766
2026-10-04T02:10:09+00:00,2026-10-04T02:11:09.858137+00:00,f8348857-0de8-11e7-991c-3863bb43a7d0,55,1,1,0,14,0,1,1,1,1791079765
2026-10-04T02:10:09+00:00,2026-10-04T02:11:09.858137+00:00,910f1452-dbeb-4e69-b226-71b2d7e85715,910f1452-dbeb-4e69-b226-71b2d7e85715,6,2,0,4,0,1,1,1,1791079687
2026-10-04T02:10:09+00:00,2026-10-04T02:11:09.858137+00:00,b5894555-30a3-46db-918a-fdeb083d6001,336,11,1,2,2,0,1,1,1,1791079692
2026-10-04T02:10:09+00:00,2026-10-04T02:11:09.858137+00:00,e3f5d039-a49e-4b3b-ab4d-4efbef2068c6,e3f5d039-a49e-4b3b-ab4d-4efbef2068c6,22,3,0,0,0,1,1,1,1791079693
2026-10-04T02:10:09+00:00,2026-10-04T02:11:09.858137+00:00,50cc3c7f-50ed-4c70-b483-c89f3f47c938,491,9,2,0,10,0,1,1,1,1791079693
2026-10-04T02:10:09+00:00,2026-10-04T02:11:09.858137+00:00,0bc49982-74e9-4bbf-9991-e3d809d6319e,530,12,0,0,7,0,1,1,1,1791079693
2026-10-04T02:10:09+00:00,2026-10-04T02:11:09.858137+00:00,25cc602a-152a-4abe-9df8-a131d0a5d94b,235,7,1,0,8,0,1,1,1,1791079708
2026-10-04T02:10:09+00:00,2026-10-04T02:11:09.858137+00:00,fbb9b58c-2b92-4bcf-8e4c-a982e40d2f39,221,3,0,0,16,0,1,1,1,1791079707
2026-10-04T02:10:09+00:00,2026-10-04T02:11:09.858137+00:00,f83472d3-0de8-11e7-991c-3863bb43a7d0,25,8,2,1,6,0,1,1,1,1791079705
2026-10-04T02:10:09+00:00,2026-10-04T02:11:09.858137+00:00,f834db9b-0de8-11e7-991c-3863bb43a7d0,121,13,7,2,2,0,1,1,1,1791079710
2026-10-04T02:10:09+00:00,2026-10-04T02:11:09.858137+00:00,31382324-2931-491a-827a-40149e45afee,232,1,0,0,10,0,1,1,1,1791079710
2026-10-04T02:10:09+00:00,2026-10-04T02:11:09.858137+00:00,f835259f-0de8-11e7-991c-3863bb43a7d0,205,4,2,0,11,0,1,1,1,1791079744
2026-10-04T02:10:09+00:00,2026-10-04T02:11:09.858137+00:00,2fded452-cbd0-4248-b008-f8a61ed9a85f,2fded452-cbd0-4248-b008-f8a61ed9a85f,2,0,0,13,0,1,1,1,1791079744
2026-10-04T02:10:09+00:00,2026-10-04T02:11:09.858137+00:00,f8346c01-0de8-11e7-991c-3863bb43a7d0,13,11,0,0,8,0,1,1,1,1791079749
2026-10-04T02:10:09+00:00,2026-10-04T02:11:09.858137+00:00,66763558-7a03-48a9-8665-6b4445b81f48,458,4,0,0,11,0,1,1,1,1791079746
2026-10-04T02:10:09+00:00,2026-10-04T02:11:09.858137+00:00,1961066392414132348,1961066392414132348,1,0,0,18,0,1,1,1,1791079746
2026-10-04T02:10:09+00:00,2026-10-04T02:11:09.858137+00:00,f834923d-0de8-11e7-991c-3863bb43a7d0,65,3,0,0,16,0,1,1,1,1791079747
2026-10-04T02:10:09+00:00,2026-10-04T02:11:09.858137+00:00,f834ffc9-0de8-11e7-991c-3863bb43a7d0,146,10,2,0,9,0,1,1,1,1791079748
2026-10-04T02:10:09+00:00,2026-10-04T02:11:09.858137+00:00,3f4f4ad4-a715-43d5-828f-f8381f26b66a,390,12,1,2,0,1,1,1,1,1791079749
2026-10-04T02:10:09+00:00,2026-10-04T02:11:09.858137+00:00,3c837bc0-fd08-49c4-adf5-0e9a98e918a7,524,6,2,0,9,0,1,1,1,1791079743
2026-10-04T02:10:09+00:00,2026-10-04T02:11:09.858137+00:00,f83487f0-0de8-11e7-991c-3863bb43a7d0,54,2,0,0,13,0,1,1,1,1791079748
2026-10-04T02:10:09+00:00,2026-10-04T02:11:09.858137+00:00,dc770287-c70c-43ea-a635-39f3dc6b09cd,dc770287-c70c-43ea-a635-39f3dc6b09cd,4,2,0,7,0,1,1,1,1791079747
2026-10-04T02:10:09+00:00,2026-10-04T02:11:09.858137+00:00,f8347361-0de8-11e7-991c-3863bb43a7d0,26,5,1,0,10,0,1,1,1,1791079770
2026-10-04T02:10:09+00:00,2026-10-04T02:11:09.858137+00:00,d81e16e2-a410-4a0b-b5ae-b72748fc9781,d81e16e2-a410-4a0b-b5ae-b72748fc9781,0,0,0,19,0,1,1,1,1791079773
2026-10-04T02:10:09+00:00,2026-10-04T02:11:09.858137+00:00,f8346a3c-0de8-11e7-991c-3863bb43a7d0,10,4,1,2,5,0,1,1,1,1791079774
2026-10-04T02:10:09+00:00,2026-10-04T02:11:09.858137+00:00,a51b429f-bf06-425a-b3fe-b3155aa6468c,a51b429f-bf06-425a-b3fe-b3155aa6468c,5,0,2,4,0,1,1,1,1791079694
2026-10-04T02:10:09+00:00,2026-10-04T02:11:09.858137+00:00,68323451-daf0-4532-a6cb-b070e3ef358f,68323451-daf0-4532-a6cb-b070e3ef358f,6,0,0,13,0,1,1,1,1791079693
2026-10-04T02:10:09+00:00,2026-10-04T02:11:09.858137+00:00,ee0fa23e-a6c2-474d-a6ef-bf581d63f1ae,ee0fa23e-a6c2-474d-a6ef-bf581d63f1ae,10,9,0,1,0,1,1,1,1791079696
2026-10-04T02:10:09+00:00,2026-10-04T02:11:09.858137+00:00,2158217922577811100,2158217922577811100,7,0,0,12,0,1,1,1,1791079697
2026-10-04T02:10:09+00:00,2026-10-04T02:11:09.858137+00:00,2071724371800490690,2071724371800490690,9,0,0,11,0,1,1,1,1791079724
2026-10-04T02:10:09+00:00,2026-10-04T02:11:09.858137+00:00,2100948177843249670,2100948177843249670,6,5,0,5,0,1,1,1,1791079725
2026-10-04T02:10:09+00:00,2026-10-04T02:11:09.858137+00:00,f8352a4d-0de8-11e7-991c-3863bb43a7d0,212,4,0,0,28,0,1,1,1,1791079725
2026-10-04T02:10:09+00:00,2026-10-04T02:11:09.858137+00:00,3dbbb3cb-b52d-46f8-8f9c-db11e83d081c,327,1,1,0,14,0,1,1,1,1791079727
2026-10-04T02:10:09+00:00,2026-10-04T02:11:09.858137+00:00,2079440939380771716,2079440939380771716,4,1,0,6,0,1,1,1,1791079727
2026-10-04T02:10:09+00:00,2026-10-04T02:11:09.858137+00:00,f834b652-0de8-11e7-991c-3863bb43a7d0,104,11,1,0,6,0,1,1,1,1791079755
2026-10-04T02:10:09+00:00,2026-10-04T02:11:09.858137+00:00,1994461916590643872,1994461916590643872,5,1,1,5,0,1,1,1,1791079756
2026-10-04T02:10:09+00:00,2026-10-04T02:11:09.858137+00:00,f8352150-0de8-11e7-991c-3863bb43a7d0,196,3,1,0,7,0,1,1,1,1791079757
2026-10-04T02:10:09+00:00,2026-10-04T02:11:09.858137+00:00,2253794653988522864,2253794653988522864,5,0,0,14,0,1,1,1,1791079760
2026-10-04T02:10:09+00:00,2026-10-04T02:11:09.858137+00:00,1e3beeb4-f8e1-452c-93e5-48df78d4b313,334,7,1,0,11,0,1,1,1,1791079761
2026-10-04T02:10:09+00:00,2026-10-04T02:11:09.858137+00:00,2136546016037880534,2136546016037880534,8,0,1,6,0,1,1,1,1791079677
2026-10-04T02:10:09+00:00,2026-10-04T02:11:09.858137+00:00,f4a64c30-b97f-4ae5-b531-a11698b558d7,562,5,2,0,3,0,1,1,1,1791079761
2026-10-04T02:10:09+00:00,2026-10-04T02:11:09.858137+00:00,2171110977443594588,2171110977443594588,9,1,1,5,0,1,1,1,1791079778
2026-10-04T02:10:09+00:00,2026-10-04T02:11:09.858137+00:00,f834fb66-0de8-11e7-991c-3863bb43a7d0,139,1,1,0,18,0,1,1,1,1791079778
2026-10-04T02:10:09+00:00,2026-10-04T02:11:09.858137+00:00,2002247509585342522,2002247509585342522,11,1,0,0,0,1,1,1,1791079777
2026-10-04T02:10:09+00:00,2026-10-04T02:11:09.858137+00:00,dd05a440-f881-410c-a071-864da11c634a,318,1,0,2,16,0,1,1,1,1791079777
2026-10-04T02:10:09+00:00,2026-10-04T02:11:09.858137+00:00,f834a32d-0de8-11e7-991c-3863bb43a7d0,86,23,0,0,2,0,1,1,1,1791079690
2026-10-04T02:10:09+00:00,2026-10-04T02:11:09.858137+00:00,8f51f8f1-ecb8-4cd3-8529-296a03140c51,8f51f8f1-ecb8-4cd3-8529-296a03140c51,11,3,0,8,0,1,1,1,1791079773
2026-10-04T02:10:09+00:00,2026-10-04T02:11:09.858137+00:00,f8348924-0de8-11e7-991c-3863bb43a7d0,57,3,0,0,11,0,1,1,1,1791079773
2026-10-04T02:10:09+00:00,2026-10-04T02:11:09.858137+00:00,4764641e-b080-4c70-a1e1-049de81e09d0,273,30,1,1,9,0,1,1,1,1791079778
2026-10-04T02:10:09+00:00,2026-10-04T02:11:09.858137+00:00,f1cafe36-f800-41f6-b74d-73953cb6394c,471,1,0,0,26,0,1,1,1,1791079785
2026-10-04T02:10:09+00:00,2026-10-04T02:11:09.858137+00:00,8b703219-1e16-4ba1-9f46-2b7030c7849a,360,10,6,1,4,0,1,1,1,1791079785
2026-10-04T02:10:09+00:00,2026-10-04T02:11:09.858137+00:00,2080157934789007958,2080157934789007958,17,2,1,1,0,1,1,1,1791079785
2026-10-04T02:10:09+00:00,2026-10-04T02:11:09.858137+00:00,f8348021-0de8-11e7-991c-3863bb43a7d0,39,2,0,0,25,0,1,1,1,1791079789
2026-10-04T02:10:09+00:00,2026-10-04T02:11:09.858137+00:00,2126939746529359956,2126939746529359956,9,3,0,10,0,1,1,1,1791079790
2026-10-04T02:10:09+00:00,2026-10-04T02:11:09.858137+00:00,f834fda2-0de8-11e7-991c-3863bb43a7d0,143,8,0,1,14,0,1,1,1,1791079790
2026-10-04T02:10:09+00:00,2026-10-04T02:11:09.858137+00:00,f834d064-0de8-11e7-991c-3863bb43a7d0,118,7,7,3,9,0,1,1,1,1791079788
2026-10-04T02:10:09+00:00,2026-10-04T02:11:09.858137+00:00,4caf6e93-ddd7-4b6f-9e61-f9df1206ac92,4caf6e93-ddd7-4b6f-9e61-f9df1206ac92,11,2,0,8,0,1,1,1,1791079790
2026-10-04T02:10:09+00:00,2026-10-04T02:11:09.858137+00:00,2256120653476329202,2256120653476329202,10,1,0,5,0,1,1,1,1791079791
2026-10-04T02:10:09+00:00,2026-10-04T02:11:09.858137+00:00,2113560016964645240,2113560016964645240,11,1,0,8,0,1,1,1,1791079791
2026-10-04T02:10:09+00:00,2026-10-04T02:11:09.858137+00:00,1984021766354634770,1984021766354634770,4,0,0,15,0,1,1,1,1791079776
2026-10-04T02:10:09+00:00,2026-10-04T02:11:09.858137+00:00,082262bd-086b-46c7-83ce-eed2b39142ff,416,14,0,0,1,0,1,1,1,1791079775
2026-10-04T02:10:09+00:00,2026-10-04T02:11:09.858137+00:00,3a6d94a7-9fee-41c5-b8cc-a8487c5e691b,549,22,1,0,1,0,1,1,1,1791079776
2026-10-04T02:10:09+00:00,2026-10-04T02:11:09.858137+00:00,c98f50f6-1901-4c64-b164-8cf33245e022,282,15,7,3,1,0,1,1,1,1791079784
2026-10-04T02:10:09+00:00,2026-10-04T02:11:09.858137+00:00,f83514f9-0de8-11e7-991c-3863bb43a7d0,180,11,0,0,8,0,1,1,1,1791079781
2026-10-04T02:10:09+00:00,2026-10-04T02:11:09.858137+00:00,2074236051937964826,2074236051937964826,13,7,0,1,2,1,1,1,1791079761
2026-10-04T02:10:09+00:00,2026-10-04T02:11:09.858137+00:00,f835141c-0de8-11e7-991c-3863bb43a7d0,178,2,0,0,17,0,1,1,1,1791079783
2026-10-04T02:10:09+00:00,2026-10-04T02:11:09.858137+00:00,1206f5c8-7d1f-4c32-9d65-f3e80186fbde,511,7,3,0,12,0,1,1,1,1791079784
2026-10-04T02:10:09+00:00,2026-10-04T02:11:09.858137+00:00,f834ff5a-0de8-11e7-991c-3863bb43a7d0,145,9,2,0,10,0,1,1,1,1791079782
2026-10-04T02:10:09+00:00,2026-10-04T02:11:09.858137+00:00,f8350c56-0de8-11e7-991c-3863bb43a7d0,161,20,4,2,1,0,1,1,1,1791079786
2026-10-04T02:10:09+00:00,2026-10-04T02:11:09.858137+00:00,f8349de4-0de8-11e7-991c-3863bb43a7d0,80,0,0,0,34,0,1,1,1,1791079787
2026-10-04T02:10:09+00:00,2026-10-04T02:11:09.858137+00:00,f8351ff1-0de8-11e7-991c-3863bb43a7d0,193,5,0,0,10,0,1,1,1,1791079796
2026-10-04T02:10:09+00:00,2026-10-04T02:11:09.858137+00:00,be7e7068-b85f-42c1-8ea1-e1d64e531323,be7e7068-b85f-42c1-8ea1-e1d64e531323,9,7,0,6,0,1,1,1,1791079793
2026-10-04T02:10:09+00:00,2026-10-04T02:11:09.858137+00:00,13681246-4bf8-444a-a908-fa165e4ad298,329,14,6,2,1,0,1,1,1,1791079793
2026-10-04T02:10:09+00:00,2026-10-04T02:11:09.858137+00:00,1963273678015717438,1963273678015717438,8,0,0,11,0,1,1,1,1791079795
2026-10-04T02:10:09+00:00,2026-10-04T02:11:09.858137+00:00,af066ffd-b892-434f-8532-1982fc408780,480,3,2,0,8,0,1,1,1,1791079792
2026-10-04T02:10:09+00:00,2026-10-04T02:11:09.858137+00:00,a3b94ed8-8301-4ec6-baf2-64ac493b5106,529,9,3,2,3,0,1,1,1,1791079793
2026-10-04T02:10:09+00:00,2026-10-04T02:11:09.858137+00:00,f8352c1a-0de8-11e7-991c-3863bb43a7d0,216,19,4,0,0,0,1,1,1,1791079796
2026-10-04T02:10:09+00:00,2026-10-04T02:11:09.858137+00:00,f8349e56-0de8-11e7-991c-3863bb43a7d0,81,10,0,1,8,0,1,1,1,1791079680
2026-10-04T02:10:09+00:00,2026-10-04T02:11:09.858137+00:00,1976642295079838524,1976642295079838524,4,1,0,7,0,1,1,1,1791079681
2026-10-04T02:10:09+00:00,2026-10-04T02:11:09.858137+00:00,2130224177726511580,2130224177726511580,3,3,0,12,0,1,1,1,1791079681
2026-10-04T02:10:09+00:00,2026-10-04T02:11:09.858137+00:00,f8352378-0de8-11e7-991c-3863bb43a7d0,200,14,1,0,5,0,1,1,1,1791079686
2026-10-04T02:10:09+00:00,2026-10-04T02:11:09.858137+00:00,2d32e355-faee-407b-9bb7-45d80ffb059a,2d32e355-faee-407b-9bb7-45d80ffb059a,3,0,0,16,0,1,1,1,1791079688
2026-10-04T02:10:09+00:00,2026-10-04T02:11:09.858137+00:00,2129865213174084448,2129865213174084448,14,2,0,5,0,1,1,1,1791079688
2026-10-04T02:10:09+00:00,2026-10-04T02:11:09.858137+00:00,f834f8ca-0de8-11e7-991c-3863bb43a7d0,137,17,6,0,2,0,1,1,1,1791079689
2026-10-04T02:10:09+00:00,2026-10-04T02:11:09.858137+00:00,f834dc46-0de8-11e7-991c-3863bb43a7d0,122,11,0,0,4,0,1,1,1,1791079689
2026-10-04T02:10:09+00:00,2026-10-04T02:11:09.858137+00:00,f834fede-0de8-11e7-991c-3863bb43a7d0,144,3,1,0,16,0,1,1,1,1791079690
2026-10-04T02:10:09+00:00,2026-10-04T02:11:09.858137+00:00,0daf7408-7a15-4d2b-8c39-f1a097cdbe85,403,14,1,0,1,0,1,1,1,1791079688
2026-10-04T02:10:09+00:00,2026-10-04T02:11:09.858137+00:00,1676a6f7-c417-48d2-92e8-5ce21995efc3,374,1,0,0,17,0,1,1,1,1791079694
2026-10-04T02:10:09+00:00,2026-10-04T02:11:09.858137+00:00,f0f01d4c-ba4a-4ab2-9cc0-9fa1f9223300,394,6,2,0,8,0,1,1,1,1791079695
2026-10-04T02:10:09+00:00,2026-10-04T02:11:09.858137+00:00,2220822464984366036,2220822464984366036,4,1,0,8,0,1,1,1,1791079637
2026-10-04T02:10:09+00:00,2026-10-04T02:11:09.858137+00:00,f834658f-0de8-11e7-991c-3863bb43a7d0,4,10,3,0,9,0,1,1,1,1791079699
2026-10-04T02:10:09+00:00,2026-10-04T02:11:09.858137+00:00,c5017e67-cada-4549-a52e-0f13dddd289d,424,19,3,0,0,0,1,1,1,1791079702
2026-10-04T02:10:09+00:00,2026-10-04T02:11:09.858137+00:00,f8351726-0de8-11e7-991c-3863bb43a7d0,185,0,0,1,14,0,1,1,1,1791079702
2026-10-04T02:10:09+00:00,2026-10-04T02:11:09.858137+00:00,6e340d8e-45db-4fd9-b6eb-b74ec73b0d3e,535,8,1,0,7,0,1,1,1,1791079702
2026-10-04T02:10:09+00:00,2026-10-04T02:11:09.858137+00:00,2014558273483754010,2014558273483754010,9,1,0,10,0,1,1,1,1791079701
2026-10-04T02:10:09+00:00,2026-10-04T02:11:09.858137+00:00,1a39ab83-f029-4134-aad4-35380b30bf2c,1a39ab83-f029-4134-aad4-35380b30bf2c,9,0,0,10,0,1,1,1,1791079712
2026-10-04T02:10:09+00:00,2026-10-04T02:11:09.858137+00:00,f83481c5-0de8-11e7-991c-3863bb43a7d0,42,26,0,0,5,0,1,1,1,1791079713
2026-10-04T02:10:09+00:00,2026-10-04T02:11:09.858137+00:00,1978882443666915710,1978882443666915710,16,0,0,1,1,1,1,1,1791079706
2026-10-04T02:10:09+00:00,2026-10-04T02:11:09.858137+00:00,f834ea45-0de8-11e7-991c-3863bb43a7d0,130,12,5,0,3,0,1,1,1,1791079706
2026-10-04T02:10:09+00:00,2026-10-04T02:11:09.858137+00:00,e32c0bb9-e85b-4764-b0fb-5c582cfd3a90,340,13,6,0,4,2,1,1,1,1791079703
2026-10-04T02:10:09+00:00,2026-10-04T02:11:09.858137+00:00,4f25f6ef-236b-43b4-8a92-68a24db0504b,4f25f6ef-236b-43b4-8a92-68a24db0504b,8,5,1,5,0,1,1,1,1791079707
2026-10-04T02:10:09+00:00,2026-10-04T02:11:09.858137+00:00,f8351eb0-0de8-11e7-991c-3863bb43a7d0,190,15,2,0,21,0,1,1,1,1791079707
2026-10-04T02:10:09+00:00,2026-10-04T02:11:09.858137+00:00,ca76adb6-4c84-4484-9ec3-b411b81ddbef,ca76adb6-4c84-4484-9ec3-b411b81ddbef,3,1,2,14,0,1,1,1,1791079719
2026-10-04T02:10:09+00:00,2026-10-04T02:11:09.858137+00:00,1942556871369959976,1942556871369959976,8,0,0,11,0,1,1,1,1791079724
2026-10-04T02:10:09+00:00,2026-10-04T02:11:09.858137+00:00,ed6c012e-6d6c-41e7-8e01-90749fd67575,546,10,9,0,6,0,1,1,1,1791079723
2026-10-04T02:10:09+00:00,2026-10-04T02:11:09.858137+00:00,c1789d39-705f-4c03-9c14-4d6a3a4f4400,561,17,1,0,2,0,1,1,1,1791079723
2026-10-04T02:10:09+00:00,2026-10-04T02:11:09.858137+00:00,a3bf0bfe-198b-4160-a2fb-cc7d10cfb4cf,a3bf0bfe-198b-4160-a2fb-cc7d10cfb4cf,13,1,1,5,0,1,1,1,1791079721
2026-10-04T02:10:09+00:00,2026-10-04T02:11:09.858137+00:00,a75d3da1-ce74-447f-8e80-52506a81aff3,a75d3da1-ce74-447f-8e80-52506a81aff3,9,7,0,2,0,1,1,1,1791079728
2026-10-04T02:10:09+00:00,2026-10-04T02:11:09.858137+00:00,2151136782588526782,2151136782588526782,6,0,0,5,0,1,1,1,1791079730
2026-10-04T02:10:09+00:00,2026-10-04T02:11:09.858137+00:00,f834ab92-0de8-11e7-991c-3863bb43a7d0,95,3,3,0,9,2,1,1,1,1791079726
2026-10-04T02:10:09+00:00,2026-10-04T02:11:09.858137+00:00,7df1ee28-441e-44c1-8507-8f58946be96b,239,3,1,0,12,0,1,1,1,1791079728
2026-10-04T02:10:09+00:00,2026-10-04T02:11:09.858137+00:00,9340e113-e0b2-48ac-b58a-8b6f001b0a94,486,5,1,1,5,0,1,1,1,1791079729
2026-10-04T02:10:09+00:00,2026-10-04T02:11:09.858137+00:00,2254164250455119196,2254164250455119196,12,10,0,3,0,1,1,1,1791079734
2026-10-04T02:10:09+00:00,2026-10-04T02:11:09.858137+00:00,7c860828-3359-4229-b59b-963f5a4bab00,236,3,0,1,8,0,1,1,1,1791079734
2026-10-04T02:10:09+00:00,2026-10-04T02:11:09.858137+00:00,403c0f6c-d01a-4171-a7be-3aa4dbb0d7d1,407,3,2,1,14,0,1,1,1,1791079731
2026-10-04T02:10:09+00:00,2026-10-04T02:11:09.858137+00:00,93381e13-cd04-4e10-ac81-9f5926aa01d5,333,21,2,2,2,0,1,1,1,1791079732
2026-10-04T02:10:09+00:00,2026-10-04T02:11:09.858137+00:00,2071630998981871920,2071630998981871920,1,0,0,19,0,1,1,1,1791079703
2026-10-04T02:10:09+00:00,2026-10-04T02:11:09.858137+00:00,0b0467c1-0c90-4529-a556-fe4d57835bbb,435,11,10,0,3,1,1,1,1,1791079731
2026-10-04T02:10:09+00:00,2026-10-04T02:11:09.858137+00:00,2007420398783036020,2007420398783036020,12,1,1,7,0,1,1,1,1791079740
2026-10-04T02:10:09+00:00,2026-10-04T02:11:09.858137+00:00,52485851-e554-49de-ab9f-f536806d2d34,52485851-e554-49de-ab9f-f536806d2d34,0,0,0,11,0,1,1,1,1791079738
2026-10-04T02:10:09+00:00,2026-10-04T02:11:09.858137+00:00,2002579415401984808,2002579415401984808,7,2,0,4,0,1,1,1,1791079768
2026-10-04T02:10:09+00:00,2026-10-04T02:11:09.858137+00:00,aa556ad4-0092-4687-96c2-8dbc69addb56,485,2,1,1,8,0,1,1,1,1791079771
2026-10-04T02:10:09+00:00,2026-10-04T02:11:09.858137+00:00,f8346f6f-0de8-11e7-991c-3863bb43a7d0,19,6,0,1,7,0,1,1,1,1791079772
2026-10-04T02:10:09+00:00,2026-10-04T02:11:09.858137+00:00,c202f2ca-ec1d-4dc5-a734-e0a342f23ba4,279,21,2,0,2,0,1,1,1,1791079771
2026-10-04T02:10:09+00:00,2026-10-04T02:11:09.858137+00:00,12141b77-6e5f-444b-bace-2abf16db4fee,12141b77-6e5f-444b-bace-2abf16db4fee,0,0,7,4,0,1,0,0,1790828072
2026-10-04T02:10:09+00:00,2026-10-04T02:11:09.858137+00:00,2245672241002318634,2245672241002318634,8,1,1,9,0,1,1,1,1791079770
2026-10-04T02:10:09+00:00,2026-10-04T02:11:09.858137+00:00,e2c306f6-82c7-4d0d-89fd-c9452d2f9ad1,361,6,0,0,37,0,1,1,1,1791079771
2026-10-04T02:10:09+00:00,2026-10-04T02:11:09.858137+00:00,f8352068-0de8-11e7-991c-3863bb43a7d0,194,8,0,1,10,0,1,1,1,1791079771
2026-10-04T02:10:09+00:00,2026-10-04T02:11:09.858137+00:00,42886366-9cbf-432c-ba84-beef38877c87,408,4,1,0,11,0,1,1,1,1791079767
2026-10-04T02:10:09+00:00,2026-10-04T02:11:09.858137+00:00,f834b99d-0de8-11e7-991c-3863bb43a7d0,107,3,0,0,15,0,1,1,1,1791079772
2026-10-04T02:10:09+00:00,2026-10-04T02:11:09.858137+00:00,065e0e5d-8a0d-49b7-9c1f-c8eaba51a8b4,490,11,4,1,6,0,1,1,1,1791079772
2026-10-04T02:10:09+00:00,2026-10-04T02:11:09.858137+00:00,9cc65d3d-cfcc-45ff-8f75-7264556b1cf9,9cc65d3d-cfcc-45ff-8f75-7264556b1cf9,19,2,0,0,0,1,1,1,1791079773
2026-10-04T02:10:09+00:00,2026-10-04T02:11:09.858137+00:00,eee3aab6-bd98-4d1f-8887-9c4e2adce482,eee3aab6-bd98-4d1f-8887-9c4e2adce482,3,1,1,7,0,1,1,1,1791079774
2026-10-04T02:10:09+00:00,2026-10-04T02:11:09.858137+00:00,2093488029445054742,2093488029445054742,20,1,1,7,0,1,1,1,1791079776
2026-10-04T02:10:09+00:00,2026-10-04T02:11:09.858137+00:00,2098360140389493528,2098360140389493528,3,2,4,4,0,1,1,1,1791079776
2026-10-04T02:10:09+00:00,2026-10-04T02:11:09.858137+00:00,f834a3a0-0de8-11e7-991c-3863bb43a7d0,87,11,0,0,4,0,1,1,1,1791079772
2026-10-04T02:10:09+00:00,2026-10-04T02:11:09.858137+00:00,eb8824c3-9c84-4fec-8d6f-d537c8ab3beb,349,12,8,0,4,1,1,1,1,1791079776
2026-10-04T02:10:09+00:00,2026-10-04T02:11:09.858137+00:00,f83520d8-0de8-11e7-991c-3863bb43a7d0,195,3,0,0,20,0,1,1,1,1791079777
2026-10-04T02:10:09+00:00,2026-10-04T02:11:09.858137+00:00,f8347b1e-0de8-11e7-991c-3863bb43a7d0,30,9,0,0,6,0,1,1,1,1791079775
2026-10-04T02:10:09+00:00,2026-10-04T02:11:09.858137+00:00,2002248857751890568,2002248857751890568,5,3,0,6,0,1,1,1,1791079745
2026-10-04T02:10:09+00:00,2026-10-04T02:11:09.858137+00:00,1921360868231155718,1921360868231155718,14,7,1,4,0,1,1,1,1791079746
2026-10-04T02:10:09+00:00,2026-10-04T02:11:09.858137+00:00,ad2fb6f2-921f-440c-83de-08be76e35c2a,468,8,2,0,7,0,1,1,1,1791079746
2026-10-04T02:10:09+00:00,2026-10-04T02:11:09.858137+00:00,f83489ff-0de8-11e7-991c-3863bb43a7d0,59,5,1,1,12,1,1,1,1,1791079747
2026-10-04T02:10:09+00:00,2026-10-04T02:11:09.858137+00:00,f834a838-0de8-11e7-991c-3863bb43a7d0,92,10,5,2,6,0,1,1,1,1791079743
2026-10-04T02:10:09+00:00,2026-10-04T02:11:09.858137+00:00,9c8366d8-3b58-4894-b281-09e22f6fe5f7,464,9,1,0,2,0,1,1,1,1791079744
2026-10-04T02:10:09+00:00,2026-10-04T02:11:09.858137+00:00,f8348a68-0de8-11e7-991c-3863bb43a7d0,60,18,2,1,0,0,1,1,1,1791079741
2026-10-04T02:10:09+00:00,2026-10-04T02:11:09.858137+00:00,1989983491501558234,1989983491501558234,5,2,0,6,0,1,1,1,1791079754
2026-10-04T02:10:09+00:00,2026-10-04T02:11:09.858137+00:00,2118368356250680236,2118368356250680236,2,1,0,14,0,1,1,1,1791079755
2026-10-04T02:10:09+00:00,2026-10-04T02:11:09.858137+00:00,2104f242-2dde-4ec0-8197-4454b1021ac1,381,13,3,0,10,1,1,1,1,1791079754
2026-10-04T02:10:09+00:00,2026-10-04T02:11:09.858137+00:00,186accbb-6a08-4e1d-b267-9033c4443a56,401,12,7,1,2,0,1,1,1,1791079751
2026-10-04T02:10:09+00:00,2026-10-04T02:11:09.858137+00:00,2109111257926871498,2109111257926871498,4,1,1,14,0,1,1,1,1791079780
2026-10-04T02:10:09+00:00,2026-10-04T02:11:09.858137+00:00,5bbdd12f-fec4-4741-9d5d-4a60834c5d02,377,13,2,0,6,0,1,1,1,1791079782
2026-10-04T02:10:09+00:00,2026-10-04T02:11:09.858137+00:00,13d4171b-6d93-490e-923f-f2a17d5c7613,13d4171b-6d93-490e-923f-f2a17d5c7613,5,3,3,3,0,1,1,1,1791079779
2026-10-04T02:10:09+00:00,2026-10-04T02:11:09.858137+00:00,4c128753-6fde-4d4c-896e-a1adf89ada98,4c128753-6fde-4d4c-896e-a1adf89ada98,11,2,0,13,1,1,1,1,1791079779
2026-10-04T02:10:09+00:00,2026-10-04T02:11:09.858137+00:00,f83480a9-0de8-11e7-991c-3863bb43a7d0,40,18,6,2,12,0,1,1,1,1791079782
2026-10-04T02:10:09+00:00,2026-10-04T02:11:09.858137+00:00,2212258635631104970,2212258635631104970,0,0,0,23,0,1,1,1,1791079783
2026-10-04T02:10:09+00:00,2026-10-04T02:11:09.858137+00:00,12d463d2-ce50-43bd-81b1-6be4dbdbbc1b,430,14,4,0,5,0,1,1,1,1791079742
2026-10-04T02:10:09+00:00,2026-10-04T02:11:09.858137+00:00,f834ba08-0de8-11e7-991c-3863bb43a7d0,108,1,1,0,15,0,1,1,1,1791079749
2026-10-04T02:10:09+00:00,2026-10-04T02:11:09.858137+00:00,81676204-e42f-4d3d-991e-9c1264f36229,357,14,1,0,1,0,1,1,1,1791079747
2026-10-04T02:10:09+00:00,2026-10-04T02:11:09.858137+00:00,47c44bb1-d065-41f5-ad79-c18aee60af34,342,10,1,0,5,0,1,1,1,1791079749
2026-10-04T02:10:09+00:00,2026-10-04T02:11:09.858137+00:00,f834ec42-0de8-11e7-991c-3863bb43a7d0,131,5,0,0,13,0,1,1,1,1791079749
2026-10-04T02:10:09+00:00,2026-10-04T02:11:09.858137+00:00,2225590560002383786,2225590560002383786,0,0,0,15,0,1,1,1,1791079760
2026-10-04T02:10:09+00:00,2026-10-04T02:11:09.858137+00:00,2249419943962214726,2249419943962214726,5,1,1,13,0,1,1,1,1791079760
2026-10-04T02:10:09+00:00,2026-10-04T02:11:09.858137+00:00,f8285d4f-5053-4e26-bb28-72016fe11353,405,7,0,0,12,0,1,1,1,1791079760
2026-10-04T02:10:09+00:00,2026-10-04T02:11:09.858137+00:00,f83512c9-0de8-11e7-991c-3863bb43a7d0,175,12,4,2,3,0,1,1,1,1791079761
2026-10-04T02:10:09+00:00,2026-10-04T02:11:09.858137+00:00,5f8ced09-665c-41e5-b67e-1e58fac21830,521,1,0,0,10,0,1,1,1,1791079759
2026-10-04T02:10:09+00:00,2026-10-04T02:11:09.858137+00:00,2040842277416872172,2040842277416872172,12,0,0,4,0,1,1,1,1791079756
2026-10-04T02:10:09+00:00,2026-10-04T02:11:09.858137+00:00,2076849845777355316,2076849845777355316,8,0,2,20,2,1,1,1,1791079757
2026-10-04T02:10:09+00:00,2026-10-04T02:11:09.858137+00:00,fe534b6f-61ad-47d3-b9f6-cdaa128f53a4,395,1,0,1,13,0,1,1,1,1791079760
2026-10-04T02:10:09+00:00,2026-10-04T02:11:09.858137+00:00,fe6a64e7-c712-404c-85ae-ee77a37245b1,355,15,1,0,2,0,1,1,1,1791079763
2026-10-04T02:10:09+00:00,2026-10-04T02:11:09.858137+00:00,f83471a1-0de8-11e7-991c-3863bb43a7d0,23,6,1,1,17,1,1,1,1,1791079764
2026-10-04T02:10:09+00:00,2026-10-04T02:11:09.858137+00:00,8347c34d-68df-404b-ac58-7a387cc3ce4b,414,12,0,0,11,0,1,1,1,1791079764
2026-10-04T02:10:09+00:00,2026-10-04T02:11:09.858137+00:00,f714390d-6874-43fa-a079-a07f83c79c7b,f714390d-6874-43fa-a079-a07f83c79c7b,6,2,0,5,0,1,1,1,1791079763
2026-10-04T02:10:09+00:00,2026-10-04T02:11:09.858137+00:00,2131760674371160748,2131760674371160748,5,0,1,14,0,1,1,1,1791079784
2026-10-04T02:10:09+00:00,2026-10-04T02:11:09.858137+00:00,f8350a84-0de8-11e7-991c-3863bb43a7d0,157,8,0,0,7,0,1,1,1,1791079784
2026-10-04T02:10:09+00:00,2026-10-04T02:11:09.858137+00:00,f8349ed6-0de8-11e7-991c-3863bb43a7d0,82,7,1,1,17,0,1,1,1,1791079784
2026-10-04T02:10:09+00:00,2026-10-04T02:11:09.858137+00:00,f83515d8-0de8-11e7-991c-3863bb43a7d0,182,1,1,2,16,0,1,1,1,1791079785
2026-10-04T02:10:09+00:00,2026-10-04T02:11:09.858137+00:00,f835108b-0de8-11e7-991c-3863bb43a7d0,170,8,6,0,6,0,1,1,1,1791079785
2026-10-04T02:10:09+00:00,2026-10-04T02:11:09.858137+00:00,f834a7d1-0de8-11e7-991c-3863bb43a7d0,91,9,1,0,11,0,1,1,1,1791079785
2026-10-04T02:10:09+00:00,2026-10-04T02:11:09.858137+00:00,2267959380696438832,2267959380696438832,7,0,0,4,0,1,1,1,1791079786
2026-10-04T02:10:09+00:00,2026-10-04T02:11:09.858137+00:00,00802fe6-4268-4dc8-8f55-0dbbc1665ce6,515,5,0,1,14,0,1,1,1,1791079786
2026-10-04T02:10:09+00:00,2026-10-04T02:11:09.858137+00:00,2038981933682610536,2038981933682610536,11,2,0,5,1,1,1,1,1791079787
2026-10-04T02:10:09+00:00,2026-10-04T02:11:09.858137+00:00,f8350204-0de8-11e7-991c-3863bb43a7d0,151,0,0,0,19,0,1,1,1,1791079787
2026-10-04T02:10:09+00:00,2026-10-04T02:11:09.858137+00:00,f83529e2-0de8-11e7-991c-3863bb43a7d0,211,8,0,0,7,0,1,1,1,1791079785
2026-10-04T02:10:09+00:00,2026-10-04T02:11:09.858137+00:00,228b8017-e4da-4722-9223-b8279a14b8ad,448,6,2,1,3,0,1,1,1,1791079786
2026-10-04T02:10:09+00:00,2026-10-04T02:11:09.858137+00:00,bd1755dc-f26c-420e-85b3-fd025d0b5445,554,1,0,1,13,0,1,1,1,1791079786
2026-10-04T02:10:09+00:00,2026-10-04T02:11:09.858137+00:00,2035660824473983142,2035660824473983142,13,0,0,6,0,1,1,1,1791079788
2026-10-04T02:10:09+00:00,2026-10-04T02:11:09.858137+00:00,9f582e05-15e0-4a39-aef5-c719e0c78e26,466,2,0,1,8,0,1,1,1,1791079788
2026-10-04T02:10:09+00:00,2026-10-04T02:11:09.858137+00:00,9e9be067-c6bb-41de-9491-eda69d24d6de,371,18,7,0,0,1,1,1,1,1791079787
2026-10-04T02:10:09+00:00,2026-10-04T02:11:09.858137+00:00,be18593a-9e4c-4a13-8bb2-a5bac3d9b2b3,547,7,1,0,11,0,1,1,1,1791079792
2026-10-04T02:10:09+00:00,2026-10-04T02:11:09.858137+00:00,f835260c-0de8-11e7-991c-3863bb43a7d0,206,15,0,0,25,0,1,1,1,1791079792
2026-10-04T02:10:09+00:00,2026-10-04T02:11:09.858137+00:00,7feae3ce-ddf2-4a45-a123-1209c8a9182b,484,4,0,0,7,0,1,1,1,1791079792
2026-10-04T02:10:09+00:00,2026-10-04T02:11:09.858137+00:00,f834fc57-0de8-11e7-991c-3863bb43a7d0,140,12,1,0,5,0,1,1,1,1791079785
2026-10-04T02:10:09+00:00,2026-10-04T02:11:09.858137+00:00,53548ba4-ad0a-4d92-8e57-fd5c9f3ad102,399,11,4,0,4,0,1,1,1,1791079792
2026-10-04T02:10:09+00:00,2026-10-04T02:11:09.858137+00:00,2096125468116637776,2096125468116637776,9,0,0,6,0,1,1,1,1791079791
2026-10-04T02:10:09+00:00,2026-10-04T02:11:09.858137+00:00,f8351dc2-0de8-11e7-991c-3863bb43a7d0,188,8,2,0,8,0,1,1,1,1791079789
2026-10-04T02:10:09+00:00,2026-10-04T02:11:09.858137+00:00,2212663228188806942,2212663228188806942,10,2,0,14,0,1,1,1,1791079791
2026-10-04T02:10:09+00:00,2026-10-04T02:11:09.858137+00:00,c23a4c0d-7e43-4042-80e2-7c894d07763b,559,6,1,0,5,0,1,1,1,1791079794
2026-10-04T02:10:09+00:00,2026-10-04T02:11:09.858137+00:00,4fe8e777-345b-4fc2-a684-dd874e8186d8,4fe8e777-345b-4fc2-a684-dd874e8186d8,11,8,0,3,0,1,1,1,1791079789
2026-10-04T02:10:09+00:00,2026-10-04T02:11:09.858137+00:00,f834824e-0de8-11e7-991c-3863bb43a7d0,43,2,0,0,13,0,1,1,1,1791079794
2026-10-04T02:10:09+00:00,2026-10-04T02:11:09.858137+00:00,74cb9bf6-bb53-4c70-88d2-67998b99628c,296,6,2,1,16,0,1,1,1,1791079795
2026-10-04T02:10:09+00:00,2026-10-04T02:11:09.858137+00:00,bd3d4824-7203-4edc-a314-cea2b413e886,319,2,1,0,24,1,1,1,1,1791079795
2026-10-04T02:10:09+00:00,2026-10-04T02:11:09.858137+00:00,f834dedf-0de8-11e7-991c-3863bb43a7d0,124,13,3,0,1,0,1,1,1,1791079795
2026-10-04T02:10:09+00:00,2026-10-04T02:11:09.858137+00:00,d1c0b0c2-6e4c-424e-a946-a2a95a711633,422,3,2,0,12,0,1,1,1,1791079795
2026-10-04T02:10:09+00:00,2026-10-04T02:11:09.858137+00:00,f83483f3-0de8-11e7-991c-3863bb43a7d0,46,7,0,2,32,0,1,1,1,1791079796
2026-10-04T02:10:09+00:00,2026-10-04T02:11:09.858137+00:00,2123672938202825324,2123672938202825324,11,0,0,4,0,1,1,1,1791079797
2026-10-04T02:10:09+00:00,2026-10-04T02:11:09.858137+00:00,f8352ac4-0de8-11e7-991c-3863bb43a7d0,213,8,1,1,5,0,1,1,1,1791079797
2026-10-04T02:10:09+00:00,2026-10-04T02:11:09.858137+00:00,f8351490-0de8-11e7-991c-3863bb43a7d0,179,29,0,2,20,0,1,1,1,1791079797
2026-10-04T02:10:09+00:00,2026-10-04T02:11:09.858137+00:00,81bfc33b-30d8-4881-b261-712715a8b2bc,363,10,5,0,7,1,1,1,1,1791079797
2026-10-04T02:10:09+00:00,2026-10-04T02:11:09.858137+00:00,f834caf2-0de8-11e7-991c-3863bb43a7d0,114,1,0,0,14,0,1,1,1,1791079797
2026-10-04T02:10:09+00:00,2026-10-04T02:11:09.858137+00:00,a83f982f-a4f1-43e4-98e8-c8f4a0bb7290,452,6,0,0,9,0,1,1,1,1791079798
2026-10-04T02:10:09+00:00,2026-10-04T02:11:09.858137+00:00,1df03e33-c105-4e53-b013-d20056cd57f8,1df03e33-c105-4e53-b013-d20056cd57f8,0,0,0,0,0,0,0,0,86400
2026-10-04T02:10:09+00:00,2026-10-04T02:11:09.858137+00:00,2090158541932726550,2090158541932726550,1,0,0,14,0,1,1,1,1791079638
2026-10-04T02:10:09+00:00,2026-10-04T02:11:09.858137+00:00,baab0b05-a028-4147-8432-a2726c7e48ea,328,9,0,0,6,0,1,1,1,1791079685
2026-10-04T02:10:09+00:00,2026-10-04T02:11:09.858137+00:00,b205d2bb-bb76-49ac-8d14-85eec5a874d3,343,11,2,0,4,0,1,1,1,1791079687
2026-10-04T02:10:09+00:00,2026-10-04T02:11:09.858137+00:00,dede6d5f-7d62-496e-a8ca-d5a64afe39c1,544,5,1,0,10,0,1,1,1,1791079683
2026-10-04T02:10:09+00:00,2026-10-04T02:11:09.858137+00:00,1994466222105870452,1994466222105870452,2,1,2,7,0,1,1,1,1791079692
2026-10-04T02:10:09+00:00,2026-10-04T02:11:09.858137+00:00,57716f8d-c9ee-4768-8872-71343ec3ffd8,514,15,0,2,2,0,1,1,1,1791079690
2026-10-04T02:10:09+00:00,2026-10-04T02:11:09.858137+00:00,d7507124-4cab-4063-8445-a59a33a3d6e4,512,10,1,0,9,0,1,1,1,1791079680
2026-10-04T02:10:09+00:00,2026-10-04T02:11:09.858137+00:00,f835288a-0de8-11e7-991c-3863bb43a7d0,208,14,1,0,1,0,1,1,1,1791079679
2026-10-04T02:10:09+00:00,2026-10-04T02:11:09.858137+00:00,2141791438824588162,2141791438824588162,2,0,1,16,0,1,1,1,1791079679
2026-10-04T02:10:09+00:00,2026-10-04T02:11:09.858137+00:00,b6a8522d-296d-4c05-887d-842374520780,545,11,11,0,2,1,1,1,1,1791079680
2026-10-04T02:10:09+00:00,2026-10-04T02:11:09.858137+00:00,c5cfd1ed-aa44-4e20-96bb-e334c96f0d68,376,7,0,1,7,0,1,1,1,1791079681
2026-10-04T02:10:09+00:00,2026-10-04T02:11:09.858137+00:00,aa964f5b-fadf-4fc1-8c91-84ee36e15f0d,341,5,1,0,10,0,1,1,1,1791079681
2026-10-04T02:10:09+00:00,2026-10-04T02:11:09.858137+00:00,f8352219-0de8-11e7-991c-3863bb43a7d0,197,7,2,1,7,0,1,1,1,1791079693
2026-10-04T02:10:09+00:00,2026-10-04T02:11:09.858137+00:00,940638c5-7cd0-4a11-899e-86af3868d400,532,8,0,0,10,0,1,1,1,1791079698
2026-10-04T02:10:09+00:00,2026-10-04T02:11:09.858137+00:00,380de8b2-2728-4e4b-83f1-251bfbb5acf2,487,5,1,0,14,0,1,1,1,1791079696
2026-10-04T02:10:09+00:00,2026-10-04T02:11:09.858137+00:00,9bfa4a32-5598-46ea-a1a1-17b4c6ed9d84,431,11,2,0,4,0,1,1,1,1791079696
2026-10-04T02:10:09+00:00,2026-10-04T02:11:09.858137+00:00,ff938129-8179-455c-9ac9-9fcb9fc0b6d5,ff938129-8179-455c-9ac9-9fcb9fc0b6d5,2,1,0,17,0,1,1,1,1791079698
2026-10-04T02:10:09+00:00,2026-10-04T02:11:09.858137+00:00,d22265a8-a6d7-4922-a6b5-4be738a9e5c4,392,14,10,0,1,0,1,1,1,1791079694
2026-10-04T02:10:09+00:00,2026-10-04T02:11:09.858137+00:00,cf5f920f-b61d-4db0-b139-14aff04d577c,459,6,2,0,17,0,1,1,1,1791079706
2026-10-04T02:10:09+00:00,2026-10-04T02:11:09.858137+00:00,f8347f09-0de8-11e7-991c-3863bb43a7d0,37,8,0,1,6,0,1,1,1,1791079705
2026-10-04T02:10:09+00:00,2026-10-04T02:11:09.858137+00:00,b34694c2-c640-4f70-b196-1c357ab798e0,b34694c2-c640-4f70-b196-1c357ab798e0,10,3,0,5,0,1,1,1,1791079709
2026-10-04T02:10:09+00:00,2026-10-04T02:11:09.858137+00:00,868ccc83-99e5-4faf-96eb-e1fae26b9741,481,12,2,0,7,0,1,1,1,1791079704
2026-10-04T02:10:09+00:00,2026-10-04T02:11:09.858137+00:00,df03c61a-29d7-445d-9980-d7f058916591,345,12,1,3,5,0,1,1,1,1791079728
2026-10-04T02:10:09+00:00,2026-10-04T02:11:09.858137+00:00,0208190e-851c-417d-8bc7-1b218db97fbf,0208190e-851c-417d-8bc7-1b218db97fbf,0,0,0,23,0,1,1,1,1791079728
2026-10-04T02:10:09+00:00,2026-10-04T02:11:09.858137+00:00,f834c7a9-0de8-11e7-991c-3863bb43a7d0,112,8,3,0,7,0,1,1,1,1791079729
2026-10-04T02:10:09+00:00,2026-10-04T02:11:09.858137+00:00,f83511d4-0de8-11e7-991c-3863bb43a7d0,173,6,1,0,7,1,1,1,1,1791079727
2026-10-04T02:10:09+00:00,2026-10-04T02:11:09.858137+00:00,1986302395589722758,1986302395589722758,6,1,0,4,0,1,1,1,1791079750
2026-10-04T02:10:09+00:00,2026-10-04T02:11:09.858137+00:00,1cced911-b428-4cfd-81be-3a8f77ce7379,233,5,0,0,10,0,1,1,1,1791079750
2026-10-04T02:10:09+00:00,2026-10-04T02:11:09.858137+00:00,2227858849424910006,2227858849424910006,7,0,0,1,0,1,1,1,1791079693
2026-10-04T02:10:09+00:00,2026-10-04T02:11:09.858137+00:00,f83492b4-0de8-11e7-991c-3863bb43a7d0,66,7,2,2,6,0,1,1,1,1791079749
2026-10-04T02:10:09+00:00,2026-10-04T02:11:09.858137+00:00,23146f28-9762-4a6d-a6db-fcd4ff0e5d07,356,3,0,0,20,0,1,1,1,1791079749
2026-10-04T02:10:09+00:00,2026-10-04T02:11:09.858137+00:00,48abed77-c9ba-4a39-8a5c-6a1e9bb8a9a5,48abed77-c9ba-4a39-8a5c-6a1e9bb8a9a5,4,2,0,12,0,1,1,1,1791079752
2026-10-04T02:10:09+00:00,2026-10-04T02:11:09.858137+00:00,8a404180-7c2e-4dbe-9489-c478ed959282,8a404180-7c2e-4dbe-9489-c478ed959282,7,2,3,9,0,1,1,1,1791079752
2026-10-04T02:10:09+00:00,2026-10-04T02:11:09.858137+00:00,888780ee-bf2f-474e-9622-6bc725aa1b00,888780ee-bf2f-474e-9622-6bc725aa1b00,1,0,0,10,0,1,1,1,1791079751
2026-10-04T02:10:09+00:00,2026-10-04T02:11:09.858137+00:00,8983c75a-12c1-4995-aedc-24c94bd895e3,384,12,0,2,5,0,1,1,1,1791079764
2026-10-04T02:10:09+00:00,2026-10-04T02:11:09.858137+00:00,e4678b17-face-42c3-9b5f-98418d31e3b6,e4678b17-face-42c3-9b5f-98418d31e3b6,8,3,0,3,0,1,1,1,1791079768
2026-10-04T02:10:09+00:00,2026-10-04T02:11:09.858137+00:00,51bb4381-dae4-4aeb-b213-0614b807be29,344,0,0,0,19,0,1,1,1,1791079766
2026-10-04T02:10:09+00:00,2026-10-04T02:11:09.858137+00:00,f8351f1d-0de8-11e7-991c-3863bb43a7d0,191,5,0,0,10,0,1,1,1,1791079766
2026-10-04T02:10:09+00:00,2026-10-04T02:11:09.858137+00:00,f8352b39-0de8-11e7-991c-3863bb43a7d0,214,2,0,0,11,1,1,1,1,1791079766
2026-10-04T02:10:09+00:00,2026-10-04T02:11:09.858137+00:00,ea65c25f-0718-4f79-8588-c58b9fe3a105,226,8,1,1,5,1,1,1,1,1791079766
2026-10-04T02:10:09+00:00,2026-10-04T02:11:09.858137+00:00,2259733531216984776,2259733531216984776,7,0,0,8,0,1,1,1,1791079768
2026-10-04T02:10:09+00:00,2026-10-04T02:11:09.858137+00:00,2088704000370565344,2088704000370565344,5,1,2,5,0,1,1,1,1791079689
2026-10-04T02:10:09+00:00,2026-10-04T02:11:09.858137+00:00,f83497b9-0de8-11e7-991c-3863bb43a7d0,74,5,1,2,12,0,1,1,1,1791079774
2026-10-04T02:10:09+00:00,2026-10-04T02:11:09.858137+00:00,56817d8e-3a1c-431a-a529-1a600f80c364,366,4,0,1,22,0,1,1,1,1791079774
2026-10-04T02:10:09+00:00,2026-10-04T02:11:09.858137+00:00,2119105928286481344,2119105928286481344,2,2,0,17,0,1,1,1,1791079774
2026-10-04T02:10:09+00:00,2026-10-04T02:11:09.858137+00:00,90330e1a-dee5-4914-9d3f-3891aeca12ca,434,11,2,0,8,0,1,1,1,1791079771
2026-10-04T02:10:09+00:00,2026-10-04T02:11:09.858137+00:00,7f68a70d-af0e-450a-b7a8-ce621cd0c8c1,280,18,10,1,0,0,1,1,1,1791079771
2026-10-04T02:10:09+00:00,2026-10-04T02:11:09.858137+00:00,f834b101-0de8-11e7-991c-3863bb43a7d0,97,7,0,0,11,1,1,1,1,1791079776
2026-10-04T02:10:09+00:00,2026-10-04T02:11:09.858137+00:00,f8349440-0de8-11e7-991c-3863bb43a7d0,68,1,1,0,18,0,1,1,1,1791079776
2026-10-04T02:10:09+00:00,2026-10-04T02:11:09.858137+00:00,f8347e78-0de8-11e7-991c-3863bb43a7d0,36,15,0,1,15,0,1,1,1,1791079771
2026-10-04T02:10:09+00:00,2026-10-04T02:11:09.858137+00:00,7e1dae55-4d3d-4a41-b969-2aeca70e0e69,7e1dae55-4d3d-4a41-b969-2aeca70e0e69,6,1,0,5,0,1,1,1,1791079772
2026-10-04T02:10:09+00:00,2026-10-04T02:11:09.858137+00:00,99675a11-a92c-465c-bf5a-434b08ba5fc6,400,8,0,0,44,0,1,1,1,1791079772
2026-10-04T02:10:09+00:00,2026-10-04T02:11:09.858137+00:00,2270454512964591136,2270454512964591136,2,0,0,17,0,1,1,1,1791079774
2026-10-04T02:10:09+00:00,2026-10-04T02:11:09.858137+00:00,f834abfd-0de8-11e7-991c-3863bb43a7d0,96,4,2,0,15,0,1,1,1,1791079773
2026-10-04T02:10:09+00:00,2026-10-04T02:11:09.858137+00:00,f8348622-0de8-11e7-991c-3863bb43a7d0,50,1,0,0,17,1,1,1,1,1791079770
2026-10-04T02:10:09+00:00,2026-10-04T02:11:09.858137+00:00,f8349b20-0de8-11e7-991c-3863bb43a7d0,76,5,0,0,11,0,1,1,1,1791079777
2026-10-04T02:10:09+00:00,2026-10-04T02:11:09.858137+00:00,9721c80e-fc8f-474f-8918-b68c041d2836,9721c80e-fc8f-474f-8918-b68c041d2836,8,2,0,15,0,1,1,1,1791079777
2026-10-04T02:10:09+00:00,2026-10-04T02:11:09.858137+00:00,f8350ecf-0de8-11e7-991c-3863bb43a7d0,167,8,2,1,6,0,1,1,1,1791079778
2026-10-04T02:10:09+00:00,2026-10-04T02:11:09.858137+00:00,d5349097-b478-4b3f-9c46-d8fbcf38e3f4,509,6,3,0,6,0,1,1,1,1791079778
2026-10-04T02:10:09+00:00,2026-10-04T02:11:09.858137+00:00,1963613484180639992,1963613484180639992,16,3,0,3,0,1,1,1,1791079779
2026-10-04T02:10:09+00:00,2026-10-04T02:11:09.858137+00:00,295553ea-851b-4ac2-a094-f9d1208e399a,412,7,0,0,12,0,1,1,1,1791079781
2026-10-04T02:10:09+00:00,2026-10-04T02:11:09.858137+00:00,fe90d430-d33f-48b2-a5cd-bc161b220939,553,12,0,0,11,0,1,1,1,1791079781
2026-10-04T02:10:09+00:00,2026-10-04T02:11:09.858137+00:00,f2b83aa2-86cd-4904-a099-74bf2023f768,330,10,1,0,5,0,1,1,1,1791079781
2026-10-04T02:10:09+00:00,2026-10-04T02:11:09.858137+00:00,1965873511294959658,1965873511294959658,3,0,0,20,0,1,1,1,1791079782
2026-10-04T02:10:09+00:00,2026-10-04T02:11:09.858137+00:00,1991922092203192944,1991922092203192944,3,1,0,16,0,1,1,1,1791079734
2026-10-04T02:10:09+00:00,2026-10-04T02:11:09.858137+00:00,f834a8a0-0de8-11e7-991c-3863bb43a7d0,93,7,2,0,24,0,1,1,1,1791079784
2026-10-04T02:10:09+00:00,2026-10-04T02:11:09.858137+00:00,f834e534-0de8-11e7-991c-3863bb43a7d0,128,8,4,1,11,0,1,1,1,1791079786
2026-10-04T02:10:09+00:00,2026-10-04T02:11:09.858137+00:00,d8ce5f8b-2440-45e1-ab1c-23cb3bcbde84,527,4,0,0,9,0,1,1,1,1791079787
2026-10-04T02:10:09+00:00,2026-10-04T02:11:09.858137+00:00,2087949096844032050,2087949096844032050,9,2,0,6,0,1,1,1,1791079738
2026-10-04T02:10:09+00:00,2026-10-04T02:11:09.858137+00:00,7560f0e3-267b-4fb3-bbfa-6e02010cfcb7,225,15,2,0,4,0,1,1,1,1791079783
2026-10-04T02:10:09+00:00,2026-10-04T02:11:09.858137+00:00,61168d8b-20b7-46c8-8f08-6ae1f100c4e0,550,7,3,0,10,0,1,1,1,1791079783
2026-10-04T02:10:09+00:00,2026-10-04T02:11:09.858137+00:00,f83491d4-0de8-11e7-991c-3863bb43a7d0,64,22,1,0,1,0,1,1,1,1791079782
2026-10-04T02:10:09+00:00,2026-10-04T02:11:09.858137+00:00,2043911250700610106,2043911250700610106,8,0,0,7,0,1,1,1,1791079785
2026-10-04T02:10:09+00:00,2026-10-04T02:11:09.858137+00:00,f9524971-e9f9-4572-aebc-580e48de042f,f9524971-e9f9-4572-aebc-580e48de042f,12,3,0,7,0,1,1,1,1791079785
2026-10-04T02:10:09+00:00,2026-10-04T02:11:09.858137+00:00,f8350b76-0de8-11e7-991c-3863bb43a7d0,159,5,0,0,13,2,1,1,1,1791079786
2026-10-04T02:10:09+00:00,2026-10-04T02:11:09.858137+00:00,f8347c41-0de8-11e7-991c-3863bb43a7d0,32,9,0,0,5,0,1,1,1,1791079783
2026-10-04T02:10:09+00:00,2026-10-04T02:11:09.858137+00:00,ccf82572-a142-4378-9a4b-5a51fcb4ef81,350,12,4,0,5,0,1,1,1,1791079783
2026-10-04T02:10:09+00:00,2026-10-04T02:11:09.858137+00:00,1a661bb7-7d14-49e9-ac3d-22bafec8a2f0,507,6,2,1,4,0,1,1,1,1791079783
2026-10-04T02:10:09+00:00,2026-10-04T02:11:09.858137+00:00,f834f6a3-0de8-11e7-991c-3863bb43a7d0,135,5,0,0,12,0,1,1,1,1791079725
2026-10-04T02:10:09+00:00,2026-10-04T02:11:09.858137+00:00,f83482d2-0de8-11e7-991c-3863bb43a7d0,44,2,0,3,26,0,1,1,1,1791079725
2026-10-04T02:10:09+00:00,2026-10-04T02:11:09.858137+00:00,2040842870122359032,2040842870122359032,2,0,0,18,0,1,1,1,1791079716
2026-10-04T02:10:09+00:00,2026-10-04T02:11:09.858137+00:00,2249415127458891992,2249415127458891992,10,4,0,5,0,1,1,1,1791079720
2026-10-04T02:10:09+00:00,2026-10-04T02:11:09.858137+00:00,2270212773802111256,2270212773802111256,2,0,0,17,0,1,1,1,1791079717
2026-10-04T02:10:09+00:00,2026-10-04T02:11:09.858137+00:00,f834a959-0de8-11e7-991c-3863bb43a7d0,94,5,0,0,6,0,1,1,1,1791079718
2026-10-04T02:10:09+00:00,2026-10-04T02:11:09.858137+00:00,25a9114f-66f0-427c-920f-5526ca84f056,346,12,2,0,3,0,1,1,1,1791079713
2026-10-04T02:10:09+00:00,2026-10-04T02:11:09.858137+00:00,f8346803-0de8-11e7-991c-3863bb43a7d0,8,18,5,0,1,0,1,1,1,1791079713
2026-10-04T02:10:09+00:00,2026-10-04T02:11:09.858137+00:00,2110984374959099994,2110984374959099994,9,2,0,10,1,1,1,1,1791079711
2026-10-04T02:10:09+00:00,2026-10-04T02:11:09.858137+00:00,903b9b5d-4244-43e4-8441-0d17f9a994f7,528,2,2,2,7,0,1,1,1,1791079715
2026-10-04T02:10:09+00:00,2026-10-04T02:11:09.858137+00:00,1e1b40cd-8e00-4b74-b147-be6b23f5c9e7,385,2,1,0,13,0,1,1,1,1791079744
2026-10-04T02:10:09+00:00,2026-10-04T02:11:09.858137+00:00,f8346d23-0de8-11e7-991c-3863bb43a7d0,15,10,0,1,4,0,1,1,1,1791079745
2026-10-04T02:10:09+00:00,2026-10-04T02:11:09.858137+00:00,f8352534-0de8-11e7-991c-3863bb43a7d0,204,7,1,1,7,0,1,1,1,1791079792
2026-10-04T02:10:09+00:00,2026-10-04T02:11:09.858137+00:00,f8346ad7-0de8-11e7-991c-3863bb43a7d0,11,5,0,1,8,0,1,1,1,1791079789
2026-10-04T02:10:09+00:00,2026-10-04T02:11:09.858137+00:00,f8347ccd-0de8-11e7-991c-3863bb43a7d0,33,1,0,2,24,0,1,1,1,1791079789
2026-10-04T02:10:09+00:00,2026-10-04T02:11:09.858137+00:00,6aebc664-1e3c-479f-8f65-2bae99215ed3,6aebc664-1e3c-479f-8f65-2bae99215ed3,7,2,0,4,0,1,1,1,1791079789
2026-10-04T02:10:09+00:00,2026-10-04T02:11:09.858137+00:00,81323081-749c-44cf-ac62-0e6c64305c32,461,5,0,0,6,0,1,1,1,1791079789
2026-10-04T02:10:09+00:00,2026-10-04T02:11:09.858137+00:00,2039109354743046934,2039109354743046934,12,3,3,4,1,1,1,1,1791079790
2026-10-04T02:10:09+00:00,2026-10-04T02:11:09.858137+00:00,2090635592862466836,2090635592862466836,24,4,1,5,1,1,1,1,1791079790
2026-10-04T02:10:09+00:00,2026-10-04T02:11:09.858137+00:00,f8350cc1-0de8-11e7-991c-3863bb43a7d0,162,9,2,0,6,0,1,1,1,1791079789
2026-10-04T02:10:09+00:00,2026-10-04T02:11:09.858137+00:00,8b97606e-a849-4db8-ae9b-4009fe48d90b,556,8,0,0,11,0,1,1,1,1791079788
2026-10-04T02:10:09+00:00,2026-10-04T02:11:09.858137+00:00,f83513a7-0de8-11e7-991c-3863bb43a7d0,177,1,0,0,18,0,1,1,1,1791079736
2026-10-04T02:10:09+00:00,2026-10-04T02:11:09.858137+00:00,f834708e-0de8-11e7-991c-3863bb43a7d0,21,11,0,1,6,0,1,1,1,1791079733
2026-10-04T02:10:09+00:00,2026-10-04T02:11:09.858137+00:00,2085737662370069102,2085737662370069102,18,11,0,0,1,1,1,1,1791079735
2026-10-04T02:10:09+00:00,2026-10-04T02:11:09.858137+00:00,2118728866631796788,2118728866631796788,9,2,0,6,0,1,1,1,1791079738
2026-10-04T02:10:09+00:00,2026-10-04T02:11:09.858137+00:00,2069389896750516900,2069389896750516900,2,0,0,18,0,1,1,1,1791079684
2026-10-04T02:10:09+00:00,2026-10-04T02:11:09.858137+00:00,f83488be-0de8-11e7-991c-3863bb43a7d0,56,5,1,1,12,0,1,1,1,1791079738
2026-10-04T02:10:09+00:00,2026-10-04T02:11:09.858137+00:00,1994054629753598708,1994054629753598708,13,3,0,1,0,1,1,1,1791079736
2026-10-04T02:10:09+00:00,2026-10-04T02:11:09.858137+00:00,8d893519-bc21-4536-b346-f558988bc8ad,260,12,2,1,2,0,1,1,1,1791079738
2026-10-04T02:10:09+00:00,2026-10-04T02:11:09.858137+00:00,270ad97d-035d-472a-9827-76d3187afc56,402,7,0,1,7,0,1,1,1,1791079739
2026-10-04T02:10:09+00:00,2026-10-04T02:11:09.858137+00:00,f834cfd8-0de8-11e7-991c-3863bb43a7d0,117,2,0,4,9,2,1,1,1,1791079740
2026-10-04T02:10:09+00:00,2026-10-04T02:11:09.858137+00:00,f834662c-0de8-11e7-991c-3863bb43a7d0,5,2,0,0,13,0,1,1,1,1791079738
2026-10-04T02:10:09+00:00,2026-10-04T02:11:09.858137+00:00,2080205593583047424,2080205593583047424,4,0,0,12,0,1,1,1,1791079755
2026-10-04T02:10:09+00:00,2026-10-04T02:11:09.858137+00:00,2014865445230483952,2014865445230483952,7,0,0,10,0,1,1,1,1791079756
2026-10-04T02:10:09+00:00,2026-10-04T02:11:09.858137+00:00,2027502297316997708,2027502297316997708,1,0,0,9,0,1,1,1,1791079754
2026-10-04T02:10:09+00:00,2026-10-04T02:11:09.858137+00:00,f834b8b3-0de8-11e7-991c-3863bb43a7d0,105,4,0,0,14,0,1,1,1,1791079757
2026-10-04T02:10:09+00:00,2026-10-04T02:11:09.858137+00:00,2145094035874873892,2145094035874873892,17,4,0,2,0,1,1,1,1791079760
2026-10-04T02:10:09+00:00,2026-10-04T02:11:09.858137+00:00,f8352ba8-0de8-11e7-991c-3863bb43a7d0,215,0,0,0,15,0,1,1,1,1791079761
2026-10-04T02:10:09+00:00,2026-10-04T02:11:09.858137+00:00,ef6ef93b-488f-496b-afbf-3aedfd967129,517,7,3,1,7,0,1,1,1,1791079760
2026-10-04T02:10:09+00:00,2026-10-04T02:11:09.858137+00:00,5b1d2661-8a93-4f14-b242-ebc52792f951,337,15,3,0,0,0,1,1,1,1791079759
2026-10-04T02:10:09+00:00,2026-10-04T02:11:09.858137+00:00,36f36eed-1070-49be-8b31-5676b8b3489f,227,9,0,1,9,0,1,1,1,1791079792
2026-10-04T02:10:09+00:00,2026-10-04T02:11:09.858137+00:00,f83517fa-0de8-11e7-991c-3863bb43a7d0,187,10,0,1,3,0,1,1,1,1791079794
2026-10-04T02:10:09+00:00,2026-10-04T02:11:09.858137+00:00,a6e0db4f-fc9b-42af-bfe0-36cc0259b717,446,6,1,0,10,0,1,1,1,1791079795
2026-10-04T02:10:09+00:00,2026-10-04T02:11:09.858137+00:00,fbc512a5-4b98-4821-bcfb-bb0c7ac83543,365,9,2,0,10,0,1,1,1,1791079796
2026-10-04T02:10:09+00:00,2026-10-04T02:11:09.858137+00:00,2085366936904166272,2085366936904166272,7,1,1,7,0,1,1,1,1791079779
2026-10-04T02:10:09+00:00,2026-10-04T02:11:09.858137+00:00,ad2cf74c-0e8c-4e15-8f19-2259e8c82f0f,404,6,0,1,9,0,1,1,1,1791079796
2026-10-04T02:10:09+00:00,2026-10-04T02:11:09.858137+00:00,2246034666940677832,2246034666940677832,5,0,0,6,0,1,1,1,1791079796
2026-10-04T02:10:09+00:00,2026-10-04T02:11:09.858137+00:00,68e5e79a-3c94-4848-b619-9c0829d7f687,475,12,2,3,0,0,1,1,1,1791079796
2026-10-04T02:10:09+00:00,2026-10-04T02:11:09.858137+00:00,f8346b6f-0de8-11e7-991c-3863bb43a7d0,12,3,0,1,23,0,1,1,1,1791079797
2026-10-04T02:10:09+00:00,2026-10-04T02:11:09.858137+00:00,f834723b-0de8-11e7-991c-3863bb43a7d0,24,8,0,0,15,0,1,1,1,1791079798
2026-10-04T02:10:09+00:00,2026-10-04T02:11:09.858137+00:00,103a9881-e30a-4d57-b81d-863b995ff759,255,0,0,0,0,0,0,0,0,86400
2026-10-04T02:10:09+00:00,2026-10-04T02:11:09.858137+00:00,ef54374b-0406-4b17-b0a1-847f1d7bea06,410,12,4,0,3,0,1,1,1,1791079679
2026-10-04T02:10:09+00:00,2026-10-04T02:11:09.858137+00:00,2327cb08-fa9f-459b-9ab0-1a319b0f2f4c,539,7,0,1,10,0,1,1,1,1791079683
2026-10-04T02:10:09+00:00,2026-10-04T02:11:09.858137+00:00,f83464e4-0de8-11e7-991c-3863bb43a7d0,3,12,0,0,1,0,1,1,1,1791079692
2026-10-04T02:10:09+00:00,2026-10-04T02:11:09.858137+00:00,ccd6fdd4-b39e-46d7-b43c-7bacffb6bd87,523,4,4,1,12,0,1,1,1,1791079687
2026-10-04T02:10:09+00:00,2026-10-04T02:11:09.858137+00:00,f83523e3-0de8-11e7-991c-3863bb43a7d0,201,6,3,0,9,0,1,1,1,1791079689
2026-10-04T02:10:09+00:00,2026-10-04T02:11:09.858137+00:00,2103549125054737064,2103549125054737064,6,1,0,10,0,1,1,1,1791079690
2026-10-04T02:10:09+00:00,2026-10-04T02:11:09.858137+00:00,f8346768-0de8-11e7-991c-3863bb43a7d0,7,3,0,0,12,0,1,1,1,1791079701
2026-10-04T02:10:09+00:00,2026-10-04T02:11:09.858137+00:00,1997031579059661288,1997031579059661288,10,3,0,1,0,1,1,1,1791079714
2026-10-04T02:10:09+00:00,2026-10-04T02:11:09.858137+00:00,d7ec834e-9d9a-402c-9956-7d5f42676b94,d7ec834e-9d9a-402c-9956-7d5f42676b94,4,4,0,10,1,1,1,1,1791079712
2026-10-04T02:10:09+00:00,2026-10-04T02:11:09.858137+00:00,0f554e1d-9f0f-452d-9b4a-e00aa2c5911e,492,10,0,1,4,0,1,1,1,1791079712
2026-10-04T02:10:09+00:00,2026-10-04T02:11:09.858137+00:00,70f20fcb-8e63-4015-9007-b97c525ab0a9,335,3,0,0,16,0,1,1,1,1791079694
2026-10-04T02:10:09+00:00,2026-10-04T02:11:09.858137+00:00,f8349c69-0de8-11e7-991c-3863bb43a7d0,78,13,1,0,6,0,1,1,1,1791079697
2026-10-04T02:10:09+00:00,2026-10-04T02:11:09.858137+00:00,2111712079786088918,2111712079786088918,9,2,0,6,0,1,1,1,1791079717
2026-10-04T02:10:09+00:00,2026-10-04T02:11:09.858137+00:00,2267569638034503736,2267569638034503736,9,0,0,10,0,1,1,1,1791079750
2026-10-04T02:10:09+00:00,2026-10-04T02:11:09.858137+00:00,a18e1e55-507e-49d8-b7c0-5c0efd959125,358,16,4,0,3,0,1,1,1,1791079750
2026-10-04T02:10:09+00:00,2026-10-04T02:11:09.858137+00:00,676ca473-eed6-4971-aaf3-e199a7ca335b,433,15,7,1,2,1,1,1,1,1791079751
2026-10-04T02:10:09+00:00,2026-10-04T02:11:09.858137+00:00,ddcc8869-b8d4-483c-b9da-457fcebc8dc1,417,16,2,0,3,0,1,1,1,1791079751
2026-10-04T02:10:09+00:00,2026-10-04T02:11:09.858137+00:00,7ec0c53c-876a-419c-a78b-4edd000bbc9a,445,16,1,2,1,0,1,1,1,1791079752
2026-10-04T02:10:09+00:00,2026-10-04T02:11:09.858137+00:00,0839bb10-e876-4198-95e4-0147a561853d,258,15,0,0,0,0,1,1,1,1791079751
2026-10-04T02:10:09+00:00,2026-10-04T02:11:09.858137+00:00,2038239468396569074,2038239468396569074,28,1,1,2,1,1,1,1,1791079748
2026-10-04T02:10:09+00:00,2026-10-04T02:11:09.858137+00:00,f834b42d-0de8-11e7-991c-3863bb43a7d0,100,5,0,1,19,0,1,1,1,1791079748
2026-10-04T02:10:09+00:00,2026-10-04T02:11:09.858137+00:00,ff6ed364-8676-45a0-b97f-71025683849e,442,4,0,0,11,0,1,1,1,1791079752
2026-10-04T02:10:09+00:00,2026-10-04T02:11:09.858137+00:00,ec3eea05-a3ff-43c6-9e24-0c63f09b915f,378,10,2,0,9,0,1,1,1,1791079755
2026-10-04T02:10:09+00:00,2026-10-04T02:11:09.858137+00:00,b995a0b4-fc26-4661-9bc8-e166d648edfd,353,7,0,0,8,0,1,1,1,1791079753
2026-10-04T02:10:09+00:00,2026-10-04T02:11:09.858137+00:00,f834b5d9-0de8-11e7-991c-3863bb43a7d0,103,8,0,0,7,0,1,1,1,1791079754
2026-10-04T02:10:09+00:00,2026-10-04T02:11:09.858137+00:00,f8352c92-0de8-11e7-991c-3863bb43a7d0,217,3,1,0,15,0,1,1,1,1791079756
2026-10-04T02:10:09+00:00,2026-10-04T02:11:09.858137+00:00,510239fe-69c3-458b-b53c-6ce001845f4a,354,4,3,0,11,0,1,1,1,1791079753
2026-10-04T02:10:09+00:00,2026-10-04T02:11:09.858137+00:00,f6df6c1a-064f-428a-951c-2069a081b9df,380,0,0,0,18,0,1,1,1,1791079707
2026-10-04T02:10:09+00:00,2026-10-04T02:11:09.858137+00:00,40e58976-02cc-4c7c-911f-7a6c97588bfa,520,15,0,1,5,0,1,1,1,1791079708
2026-10-04T02:10:09+00:00,2026-10-04T02:11:09.858137+00:00,36a8fbc8-6069-4a29-bbfd-63a2d019c9a5,415,4,2,0,15,0,1,1,1,1791079709
2026-10-04T02:10:09+00:00,2026-10-04T02:11:09.858137+00:00,2170342425741020744,2170342425741020744,15,2,2,0,0,1,1,1,1791079723
2026-10-04T02:10:09+00:00,2026-10-04T02:11:09.858137+00:00,2038619205667946906,2038619205667946906,16,4,1,3,0,1,1,1,1791079746
2026-10-04T02:10:09+00:00,2026-10-04T02:11:09.858137+00:00,f834f814-0de8-11e7-991c-3863bb43a7d0,136,5,4,1,14,0,1,1,1,1791079747
2026-10-04T02:10:09+00:00,2026-10-04T02:11:09.858137+00:00,bb27977d-36c1-496d-8bac-631b612dd7b8,332,10,0,1,4,0,1,1,1,1791079747
2026-10-04T02:10:09+00:00,2026-10-04T02:11:09.858137+00:00,ba634139-d7bf-448f-aac4-25995d36b67b,373,3,1,0,12,0,1,1,1,1791079745
2026-10-04T02:10:09+00:00,2026-10-04T02:11:09.858137+00:00,2078337213380274244,2078337213380274244,11,4,0,0,0,1,1,1,1791079743
2026-10-04T02:10:09+00:00,2026-10-04T02:11:09.858137+00:00,2223043968513191970,2223043968513191970,7,0,0,9,0,1,1,1,1791079744
2026-10-04T02:10:09+00:00,2026-10-04T02:11:09.858137+00:00,f834952a-0de8-11e7-991c-3863bb43a7d0,70,15,0,1,6,1,1,1,1,1791079744
2026-10-04T02:10:09+00:00,2026-10-04T02:11:09.858137+00:00,b23674a7-15a8-46d2-8219-6668acecf24a,548,11,1,0,7,0,1,1,1,1791079747
2026-10-04T02:10:09+00:00,2026-10-04T02:11:09.858137+00:00,f834e1b2-0de8-11e7-991c-3863bb43a7d0,125,9,1,0,9,0,1,1,1,1791079759
2026-10-04T02:10:09+00:00,2026-10-04T02:11:09.858137+00:00,e68655be-23d3-46e5-a509-25be677e7542,482,7,2,0,4,0,1,1,1,1791079759
2026-10-04T02:10:09+00:00,2026-10-04T02:11:09.858137+00:00,ce55d1b1-4267-40a9-ad44-5eab888ce18a,ce55d1b1-4267-40a9-ad44-5eab888ce18a,1,0,1,20,1,1,1,1,1791079760
2026-10-04T02:10:09+00:00,2026-10-04T02:11:09.858137+00:00,02a4416f-80b4-4472-accd-5db482ed5b6d,367,2,0,0,17,0,1,1,1,1791079761
2026-10-04T02:10:09+00:00,2026-10-04T02:11:09.858137+00:00,2141932795355773712,2141932795355773712,12,1,1,4,0,1,1,1,1791079760
2026-10-04T02:10:09+00:00,2026-10-04T02:11:09.858137+00:00,2113200093114979090,2113200093114979090,5,1,0,10,1,1,1,1,1791079763
2026-10-04T02:10:09+00:00,2026-10-04T02:11:09.858137+00:00,f8348136-0de8-11e7-991c-3863bb43a7d0,41,19,3,2,6,0,1,1,1,1791079730
2026-10-04T02:10:09+00:00,2026-10-04T02:11:09.858137+00:00,f35de2ab-979e-42d5-8cbd-dc479ed637e9,503,2,2,0,4,0,1,1,1,1791079734
2026-10-04T02:10:09+00:00,2026-10-04T02:11:09.858137+00:00,13444449-b3a8-43d2-b8b9-a59fbc59a174,397,4,1,2,9,0,1,1,1,1791079734
2026-10-04T02:10:09+00:00,2026-10-04T02:11:09.858137+00:00,f83516b8-0de8-11e7-991c-3863bb43a7d0,184,0,0,0,18,1,1,1,1,1791079736
2026-10-04T02:10:09+00:00,2026-10-04T02:11:09.858137+00:00,f83524c0-0de8-11e7-991c-3863bb43a7d0,203,1,0,0,13,0,1,1,1,1791079736
2026-10-04T02:10:09+00:00,2026-10-04T02:11:09.858137+00:00,287aedf5-0361-47e9-9de0-14ae3b75cc0d,287aedf5-0361-47e9-9de0-14ae3b75cc0d,9,1,1,11,0,1,1,1,1791079737
2026-10-04T02:10:09+00:00,2026-10-04T02:11:09.858137+00:00,2136942888571742916,2136942888571742916,6,1,1,8,0,1,1,1,1791079737
2026-10-04T02:10:09+00:00,2026-10-04T02:11:09.858137+00:00,1944724820826878816,1944724820826878816,10,0,0,7,0,1,1,1,1791079697
2026-10-04T02:10:09+00:00,2026-10-04T02:11:09.858137+00:00,f8349824-0de8-11e7-991c-3863bb43a7d0,75,1,1,0,14,0,1,1,1,1791079695
2026-10-04T02:10:09+00:00,2026-10-04T02:11:09.858137+00:00,20b0b405-54ba-4a80-b89c-0819772665db,440,6,1,0,8,1,1,1,1,1791079699
2026-10-04T02:10:09+00:00,2026-10-04T02:11:09.858137+00:00,f8349745-0de8-11e7-991c-3863bb43a7d0,73,13,0,1,1,0,1,1,1,1791079739
2026-10-04T02:10:09+00:00,2026-10-04T02:11:09.858137+00:00,f8346894-0de8-11e7-991c-3863bb43a7d0,9,0,0,2,13,0,1,1,1,1791079741
2026-10-04T02:10:09+00:00,2026-10-04T02:11:09.858137+00:00,42a3ecca-af9a-4556-90ba-7631546f96f8,42a3ecca-af9a-4556-90ba-7631546f96f8,1,0,1,9,0,1,1,1,1791079766
2026-10-04T02:10:09+00:00,2026-10-04T02:11:09.858137+00:00,2ba0c5dd-c990-4434-8a84-5c3eca23f096,447,5,2,0,14,0,1,1,1,1791079766
2026-10-04T02:10:09+00:00,2026-10-04T02:11:09.858137+00:00,2071632496372113488,2071632496372113488,9,1,0,11,0,1,1,1,1791079767
2026-10-04T02:10:09+00:00,2026-10-04T02:11:09.858137+00:00,f83486ab-0de8-11e7-991c-3863bb43a7d0,51,7,0,0,8,0,1,1,1,1791079768
2026-10-04T02:10:09+00:00,2026-10-04T02:11:09.858137+00:00,2217856523888952522,2217856523888952522,9,3,0,11,0,1,1,1,1791079751
2026-10-04T02:10:09+00:00,2026-10-04T02:11:09.858137+00:00,f8351019-0de8-11e7-991c-3863bb43a7d0,169,12,5,0,7,0,1,1,1,1791079764
2026-10-04T02:10:09+00:00,2026-10-04T02:11:09.858137+00:00,2264176803898382980,2264176803898382980,4,4,0,7,0,1,1,1,1791079717
2026-10-04T02:10:09+00:00,2026-10-04T02:11:09.858137+00:00,f83494b4-0de8-11e7-991c-3863bb43a7d0,69,16,1,0,3,0,1,1,1,1791079778
2026-10-04T02:10:09+00:00,2026-10-04T02:11:09.858137+00:00,f834e244-0de8-11e7-991c-3863bb43a7d0,126,7,2,1,7,0,1,1,1,1791079777
2026-10-04T02:10:09+00:00,2026-10-04T02:11:09.858137+00:00,2071993292066931472,2071993292066931472,12,0,0,8,0,1,1,1,1791079674
2026-10-04T02:10:09+00:00,2026-10-04T02:11:09.858137+00:00,5018e851-f2f3-4e18-9914-c316bbcc2c3d,331,2,2,0,13,0,1,1,1,1791079776
2026-10-04T02:10:09+00:00,2026-10-04T02:11:09.858137+00:00,5bc7cba9-f0b0-442d-932c-e8c7927d87ce,386,11,2,2,6,0,1,1,1,1791079776
2026-10-04T02:10:09+00:00,2026-10-04T02:11:09.858137+00:00,f834fd36-0de8-11e7-991c-3863bb43a7d0,142,8,5,0,15,0,1,1,1,1791079776
2026-10-04T02:10:09+00:00,2026-10-04T02:11:09.858137+00:00,5f726a7d-5c5d-48b1-9b13-06c77572a237,516,3,3,1,7,0,1,1,1,1791079770
2026-10-04T02:10:09+00:00,2026-10-04T02:11:09.858137+00:00,2072145327190878794,2072145327190878794,9,1,0,15,0,1,1,1,1791079778
2026-10-04T02:10:09+00:00,2026-10-04T02:11:09.858137+00:00,f8349ba9-0de8-11e7-991c-3863bb43a7d0,77,6,5,1,11,0,1,1,1,1791079779
2026-10-04T02:10:09+00:00,2026-10-04T02:11:09.858137+00:00,2057166010169469732,2057166010169469732,1,0,1,13,0,1,1,1,1791079775
2026-10-04T02:10:09+00:00,2026-10-04T02:11:09.858137+00:00,342a2c60-71b0-4d19-98d6-47987cf20dbc,379,15,0,0,0,0,1,1,1,1791079775
2026-10-04T02:10:09+00:00,2026-10-04T02:11:09.858137+00:00,2241260819676115550,2241260819676115550,2,1,0,21,0,1,1,1,1791079780
2026-10-04T02:10:09+00:00,2026-10-04T02:11:09.858137+00:00,f36e24cd-de4c-4a5e-adf4-cb97ccd2958d,505,6,3,3,3,0,1,1,1,1791079769
2026-10-04T02:10:09+00:00,2026-10-04T02:11:09.858137+00:00,dfdaf866-b814-48e5-9bd3-eb7c4a733697,dfdaf866-b814-48e5-9bd3-eb7c4a733697,10,4,0,7,0,1,1,1,1791079772
2026-10-04T02:10:09+00:00,2026-10-04T02:11:09.858137+00:00,93911aa1-b5e4-48aa-a2b6-38fbcf613006,93911aa1-b5e4-48aa-a2b6-38fbcf613006,11,0,0,7,0,1,1,1,1791079772
2026-10-04T02:10:09+00:00,2026-10-04T02:11:09.858137+00:00,2107991976288962746,2107991976288962746,3,0,3,14,0,1,1,1,1791079773
2026-10-04T02:10:09+00:00,2026-10-04T02:11:09.858137+00:00,f8348481-0de8-11e7-991c-3863bb43a7d0,47,13,0,1,3,1,1,1,1,1791079773
2026-10-04T02:10:09+00:00,2026-10-04T02:11:09.858137+00:00,53a148ca-ac69-4a9c-a986-9a4b4df2f5df,387,8,3,0,7,0,1,1,1,1791079772
2026-10-04T02:10:09+00:00,2026-10-04T02:11:09.858137+00:00,54d86d05-b399-42c5-a63a-a97713afc5d4,54d86d05-b399-42c5-a63a-a97713afc5d4,4,2,1,5,0,1,1,1,1791079782
2026-10-04T02:10:09+00:00,2026-10-04T02:11:09.858137+00:00,1975886280004030604,1975886280004030604,15,2,0,8,0,1,1,1,1791079781
2026-10-04T02:10:09+00:00,2026-10-04T02:11:09.858137+00:00,83183df0-38c2-4ae8-a0c4-4b59599c9582,222,6,1,0,9,0,1,1,1,1791079781
2026-10-04T02:10:09+00:00,2026-10-04T02:11:09.858137+00:00,abefafdc-c772-4671-86fe-fc15a42adebb,abefafdc-c772-4671-86fe-fc15a42adebb,6,1,0,17,0,1,1,1,1791079784
2026-10-04T02:10:09+00:00,2026-10-04T02:11:09.858137+00:00,f8348509-0de8-11e7-991c-3863bb43a7d0,48,0,0,0,17,0,1,1,1,1791079780
2026-10-04T02:10:09+00:00,2026-10-04T02:11:09.858137+00:00,f834b49d-0de8-11e7-991c-3863bb43a7d0,101,17,9,0,1,0,1,1,1,1791079784
2026-10-04T02:10:09+00:00,2026-10-04T02:11:09.858137+00:00,2070180968009321294,2070180968009321294,15,0,0,4,2,1,1,1,1791079765
2026-10-04T02:10:09+00:00,2026-10-04T02:11:09.858137+00:00,f83510fd-0de8-11e7-991c-3863bb43a7d0,171,21,3,1,1,0,1,1,1,1791079785
2026-10-04T02:10:09+00:00,2026-10-04T02:11:09.858137+00:00,f8351336-0de8-11e7-991c-3863bb43a7d0,176,13,3,0,2,0,1,1,1,1791079787
2026-10-04T02:10:09+00:00,2026-10-04T02:11:09.858137+00:00,2029805507281123700,2029805507281123700,14,4,1,4,0,1,1,1,1791079790
2026-10-04T02:10:09+00:00,2026-10-04T02:11:09.858137+00:00,2113555008851845550,2113555008851845550,12,2,1,7,0,1,1,1,1791079790
2026-10-04T02:10:09+00:00,2026-10-04T02:11:09.858137+00:00,518f6524-0e7f-454d-974e-e3ff9db1f795,494,5,1,0,6,0,1,1,1,1791079791
2026-10-04T02:10:09+00:00,2026-10-04T02:11:09.858137+00:00,f24a573e-ef07-4785-9270-70c443510ea6,359,6,0,4,6,0,1,1,1,1791079791
2026-10-04T02:10:09+00:00,2026-10-04T02:11:09.858137+00:00,1960693490199507164,1960693490199507164,4,0,0,15,0,1,1,1,1791079793
2026-10-04T02:10:09+00:00,2026-10-04T02:11:09.858137+00:00,350e73e3-6f70-4b2d-87ab-24c8629e9a6a,350e73e3-6f70-4b2d-87ab-24c8629e9a6a,16,1,0,3,0,1,1,1,1791079793
2026-10-04T02:10:09+00:00,2026-10-04T02:11:09.858137+00:00,c1ae49bd-2a20-4684-886b-ead8dd627cfd,c1ae49bd-2a20-4684-886b-ead8dd627cfd,7,0,1,9,0,1,1,1,1791079794
2026-10-04T02:10:09+00:00,2026-10-04T02:11:09.858137+00:00,5afe91c4-8076-4f9f-b83b-cf233bda2331,460,5,0,0,10,0,1,1,1,1791079796
2026-10-04T02:10:09+00:00,2026-10-04T02:11:09.858137+00:00,f8348995-0de8-11e7-991c-3863bb43a7d0,58,15,1,0,2,0,1,1,1,1791079796
2026-10-04T02:10:09+00:00,2026-10-04T02:11:09.858137+00:00,0adccd89-1d8d-44da-9f7c-5f18acafeddf,338,4,3,0,11,0,1,1,1,1791079794
2026-10-04T02:10:09+00:00,2026-10-04T02:11:09.858137+00:00,f834cf45-0de8-11e7-991c-3863bb43a7d0,116,2,1,0,21,0,1,1,1,1791079794
2026-10-04T02:10:09+00:00,2026-10-04T02:11:09.858137+00:00,533620e8-00ff-494a-b288-bd67602bc98e,472,9,0,0,17,0,1,1,1,1791079795
2026-10-04T02:10:09+00:00,2026-10-04T02:11:09.858137+00:00,2223045710883822544,2223045710883822544,7,2,0,8,0,1,1,1,1791079795
2026-10-04T02:10:09+00:00,2026-10-04T02:11:09.858137+00:00,2fd22786-dfeb-4126-a906-4f01802087f3,454,13,0,0,6,0,1,1,1,1791079792
2026-10-04T02:10:09+00:00,2026-10-04T02:11:09.858137+00:00,2043912031919765854,2043912031919765854,4,1,0,16,0,1,1,1,1791079793
2026-10-04T02:10:09+00:00,2026-10-04T02:11:09.858137+00:00,13918b3b-9ac5-4968-a74d-e40dd3bc952e,479,1,1,0,18,0,1,1,1,1791079797
2026-10-04T02:10:09+00:00,2026-10-04T02:11:09.858137+00:00,9f54207a-3308-43bd-b45c-9042b6389598,423,14,2,1,4,0,1,1,1,1791079797
2026-10-04T02:10:09+00:00,2026-10-04T02:11:09.858137+00:00,f8347118-0de8-11e7-991c-3863bb43a7d0,22,11,1,1,22,1,1,1,1,1791079797
2026-10-04T02:10:09+00:00,2026-10-04T02:11:09.858137+00:00,9ca92778-9101-48df-90ea-08b784e26a1a,413,18,0,1,0,0,1,1,1,1791079797
2026-10-04T02:10:09+00:00,2026-10-04T02:11:09.858137+00:00,9e710d48-51c1-460e-a027-3d16bde62b13,419,0,0,14,0,1,1,0,0,1791079798
2026-10-04T08:24:09+00:00,2026-10-04T08:24:42.698969+00:00,6eaa7343-402d-41c9-9aac-8c664fdbdcf1,6eaa7343-402d-41c9-9aac-8c664fdbdcf1,0,0,0,0,0,0,0,0,86400
2026-10-04T08:24:09+00:00,2026-10-04T08:24:42.698969+00:00,f8346e51-0de8-11e7-991c-3863bb43a7d0,17,0,0,4,11,0,1,0,0,1791062629
2026-10-04T08:24:09+00:00,2026-10-04T08:24:42.698969+00:00,2227859082657747444,2227859082657747444,6,5,1,0,0,1,1,1,1791102019
2026-10-04T08:24:09+00:00,2026-10-04T08:24:42.698969+00:00,1976280681456741062,1976280681456741062,10,7,0,1,0,1,1,1,1791102134
2026-10-04T08:24:09+00:00,2026-10-04T08:24:42.698969+00:00,cad0e759-b605-458a-b772-768dcce81dc6,372,2,0,1,15,0,1,1,1,1791102134
2026-10-04T08:24:09+00:00,2026-10-04T08:24:42.698969+00:00,5410aac7-2ec0-47b6-b728-b99c5137b463,5410aac7-2ec0-47b6-b728-b99c5137b463,3,0,0,8,0,1,1,1,1791102131
2026-10-04T08:24:09+00:00,2026-10-04T08:24:42.698969+00:00,e335fa7c-7adf-4360-9bfa-76b18124a56f,541,1,0,0,10,0,1,1,1,1791102131
2026-10-04T08:24:09+00:00,2026-10-04T08:24:42.698969+00:00,f835244e-0de8-11e7-991c-3863bb43a7d0,202,8,2,0,7,0,1,1,1,1791102134
2026-10-04T08:24:09+00:00,2026-10-04T08:24:42.698969+00:00,f834a1de-0de8-11e7-991c-3863bb43a7d0,84,12,0,1,2,0,1,1,1,1791102137
2026-10-04T08:24:09+00:00,2026-10-04T08:24:42.698969+00:00,f8349599-0de8-11e7-991c-3863bb43a7d0,71,3,1,0,20,0,1,1,1,1791102137
2026-10-04T08:24:09+00:00,2026-10-04T08:24:42.698969+00:00,acb27827-d69a-4287-b132-3f529ca62ad2,427,0,0,0,0,0,1,0,0,1791102140
2026-10-04T08:24:09+00:00,2026-10-04T08:24:42.698969+00:00,f834b183-0de8-11e7-991c-3863bb43a7d0,98,15,1,1,6,0,1,1,1,1791102141
2026-10-04T08:24:09+00:00,2026-10-04T08:24:42.698969+00:00,a825b55d-3ab3-481f-9c50-d3a7313e6843,228,3,0,0,15,1,1,1,1,1791102143
2026-10-04T08:24:09+00:00,2026-10-04T08:24:42.698969+00:00,2028220168245183460,2028220168245183460,11,0,0,8,0,1,1,1,1791102143
2026-10-04T08:24:09+00:00,2026-10-04T08:24:42.698969+00:00,4d953f0f-13b5-4b3d-b2da-342003ff7cba,4d953f0f-13b5-4b3d-b2da-342003ff7cba,2,2,0,9,0,1,1,1,1791102147
2026-10-04T08:24:09+00:00,2026-10-04T08:24:42.698969+00:00,f8347ba8-0de8-11e7-991c-3863bb43a7d0,31,14,0,0,5,0,1,1,1,1791102145
2026-10-04T08:24:09+00:00,2026-10-04T08:24:42.698969+00:00,f8350d30-0de8-11e7-991c-3863bb43a7d0,163,15,4,0,3,0,1,1,1,1791102148
2026-10-04T08:24:09+00:00,2026-10-04T08:24:42.698969+00:00,4b5de733-9353-4873-9dc2-9558b3cb063a,393,11,3,0,2,0,1,1,1,1791102148
2026-10-04T08:24:09+00:00,2026-10-04T08:24:42.698969+00:00,f8347ded-0de8-11e7-991c-3863bb43a7d0,35,1,0,0,30,0,1,1,1,1791102125
2026-10-04T08:24:09+00:00,2026-10-04T08:24:42.698969+00:00,f834b1ed-0de8-11e7-991c-3863bb43a7d0,99,9,2,0,6,0,1,1,1,1791102150
2026-10-04T08:24:09+00:00,2026-10-04T08:24:42.698969+00:00,1331197c-f6c6-4f4a-a29b-95e580359886,224,9,1,0,8,0,1,1,1,1791102151
2026-10-04T08:24:09+00:00,2026-10-04T08:24:42.698969+00:00,f8347a8b-0de8-11e7-991c-3863bb43a7d0,29,19,0,0,0,0,1,1,1,1791102153
2026-10-04T08:24:09+00:00,2026-10-04T08:24:42.698969+00:00,a6d6d4b2-3666-43ad-a690-7f676bdcc3fd,542,13,0,1,5,0,1,1,1,1791102153
2026-10-04T08:24:09+00:00,2026-10-04T08:24:42.698969+00:00,f834f036-0de8-11e7-991c-3863bb43a7d0,133,5,0,0,18,0,1,1,1,1791102152
2026-10-04T08:24:09+00:00,2026-10-04T08:24:42.698969+00:00,f55cdf0a-3d7b-491c-bed2-7dc0ef2062d5,489,16,3,0,0,0,1,1,1,1791102153
2026-10-04T08:24:09+00:00,2026-10-04T08:24:42.698969+00:00,8d535c23-f186-4161-aa10-17e94be6d4ae,436,5,0,3,6,1,1,1,1,1791102159
2026-10-04T08:24:09+00:00,2026-10-04T08:24:42.698969+00:00,dcd76e42-eebc-4432-9726-cdb3372b0b07,557,1,1,0,18,0,1,1,1,1791102159
2026-10-04T08:24:09+00:00,2026-10-04T08:24:42.698969+00:00,f834a2a8-0de8-11e7-991c-3863bb43a7d0,85,2,0,0,17,0,1,1,1,1791102158
2026-10-04T08:24:09+00:00,2026-10-04T08:24:42.698969+00:00,f8350199-0de8-11e7-991c-3863bb43a7d0,150,15,0,1,3,0,1,1,1,1791102159
2026-10-04T08:24:09+00:00,2026-10-04T08:24:42.698969+00:00,1919521884659886482,1919521884659886482,3,1,0,16,0,1,1,1,1791102161
2026-10-04T08:24:09+00:00,2026-10-04T08:24:42.698969+00:00,f834e75d-0de8-11e7-991c-3863bb43a7d0,129,2,0,0,16,1,1,1,1,1791102161
2026-10-04T08:24:09+00:00,2026-10-04T08:24:42.698969+00:00,f834d260-0de8-11e7-991c-3863bb43a7d0,119,10,1,1,4,0,1,1,1,1791102163
2026-10-04T08:24:09+00:00,2026-10-04T08:24:42.698969+00:00,768433a9-fc30-4485-b136-22d6f8a96f1c,768433a9-fc30-4485-b136-22d6f8a96f1c,7,1,0,4,0,1,1,1,1791102164
2026-10-04T08:24:09+00:00,2026-10-04T08:24:42.698969+00:00,f834916a-0de8-11e7-991c-3863bb43a7d0,63,8,6,0,7,0,1,1,1,1791102166
2026-10-04T08:24:09+00:00,2026-10-04T08:24:42.698969+00:00,f8346c96-0de8-11e7-991c-3863bb43a7d0,14,5,1,1,19,0,1,1,1,1791102166
2026-10-04T08:24:09+00:00,2026-10-04T08:24:42.698969+00:00,f834b928-0de8-11e7-991c-3863bb43a7d0,106,10,4,1,3,0,1,1,1,1791102166
2026-10-04T08:24:09+00:00,2026-10-04T08:24:42.698969+00:00,38706d8c-8d4b-49f7-b6ed-7688449db261,463,2,0,0,17,0,1,1,1,1791102168
2026-10-04T08:24:09+00:00,2026-10-04T08:24:42.698969+00:00,1999644268058967024,1999644268058967024,0,0,1,23,0,1,1,1,1791102170
2026-10-04T08:24:09+00:00,2026-10-04T08:24:42.698969+00:00,f834f948-0de8-11e7-991c-3863bb43a7d0,138,11,0,2,1,0,1,1,1,1791102169
2026-10-04T08:24:09+00:00,2026-10-04T08:24:42.698969+00:00,2124664048772581794,2124664048772581794,7,3,0,4,0,1,1,1,1791102176
2026-10-04T08:24:09+00:00,2026-10-04T08:24:42.698969+00:00,803a0c16-4f81-44f1-8b49-a13fcdda40c1,370,6,0,0,11,0,1,1,1,1791102173
2026-10-04T08:24:09+00:00,2026-10-04T08:24:42.698969+00:00,e519df41-c4d7-403a-9afa-a5dd7cdd2d03,536,0,0,0,18,0,1,1,1,1791102173
2026-10-04T08:24:09+00:00,2026-10-04T08:24:42.698969+00:00,569f4952-5a25-4394-a419-f9c4d9cca6f3,495,10,2,0,8,0,1,1,1,1791102175
2026-10-04T08:24:09+00:00,2026-10-04T08:24:42.698969+00:00,f834c6f5-0de8-11e7-991c-3863bb43a7d0,111,12,1,0,2,1,1,1,1,1791102176
2026-10-04T08:24:09+00:00,2026-10-04T08:24:42.698969+00:00,25489822-e43a-4704-b2a8-d905b78ba77c,389,10,5,0,4,0,1,1,1,1791102177
2026-10-04T08:24:09+00:00,2026-10-04T08:24:42.698969+00:00,b44b7c3d-c054-4591-92a9-3b96d86050ab,b44b7c3d-c054-4591-92a9-3b96d86050ab,2,1,0,9,0,1,1,1,1791102177
2026-10-04T08:24:09+00:00,2026-10-04T08:24:42.698969+00:00,2438d052-2cd6-4fba-83c9-39f46cb59398,2438d052-2cd6-4fba-83c9-39f46cb59398,4,1,0,15,0,1,1,1,1791102179
2026-10-04T08:24:09+00:00,2026-10-04T08:24:42.698969+00:00,e4d5271f-5f76-401b-b7f0-c8dce3c26f10,462,4,2,0,7,0,1,1,1,1791102180
2026-10-04T08:24:09+00:00,2026-10-04T08:24:42.698969+00:00,57f5003b-6574-40b3-83d7-3b5dee1472e0,518,7,0,1,2,0,1,1,1,1791102180
2026-10-04T08:24:09+00:00,2026-10-04T08:24:42.698969+00:00,1986694622707704150,1986694622707704150,10,0,1,8,0,1,1,1,1791102183
2026-10-04T08:24:09+00:00,2026-10-04T08:24:42.698969+00:00,1ef5abb2-5af9-41f2-a0dd-1e44278ad9f1,502,1,0,0,10,0,1,1,1,1791102184
2026-10-04T08:24:09+00:00,2026-10-04T08:24:42.698969+00:00,829fa5a8-cc88-4ab2-9f34-b481aaa1612e,259,12,1,0,3,0,1,1,1,1791102181
2026-10-04T08:24:09+00:00,2026-10-04T08:24:42.698969+00:00,2250817396738253956,2250817396738253956,13,0,0,1,1,1,1,1,1791102181
2026-10-04T08:24:09+00:00,2026-10-04T08:24:42.698969+00:00,199f3d59-e726-4549-b9c1-4dfc8a343fdb,508,9,6,0,2,0,1,1,1,1791102185
2026-10-04T08:24:09+00:00,2026-10-04T08:24:42.698969+00:00,9b0aff89-5242-475e-b03b-87c3c3bf51bb,477,13,5,0,6,0,1,1,1,1791102186
2026-10-04T08:24:09+00:00,2026-10-04T08:24:42.698969+00:00,c111ef1a-f276-415d-a95e-8e3c4e3a0c03,522,8,3,1,6,0,1,1,1,1791102186
2026-10-04T08:24:09+00:00,2026-10-04T08:24:42.698969+00:00,f8348719-0de8-11e7-991c-3863bb43a7d0,52,10,1,0,13,0,1,1,1,1791102186
2026-10-04T08:24:09+00:00,2026-10-04T08:24:42.698969+00:00,f83493c0-0de8-11e7-991c-3863bb43a7d0,67,10,0,2,19,0,1,1,1,1791102187
2026-10-04T08:24:09+00:00,2026-10-04T08:24:42.698969+00:00,5d17f129-af8c-4f30-bc58-6a8279052772,543,6,2,0,13,0,1,1,1,1791102191
2026-10-04T08:24:09+00:00,2026-10-04T08:24:42.698969+00:00,ea00f276-26dc-48ee-b2c8-6e56fd632a2d,272,5,0,0,14,0,1,1,1,1791102191
2026-10-04T08:24:09+00:00,2026-10-04T08:24:42.698969+00:00,2149920539832638004,2149920539832638004,1,1,0,14,0,1,1,1,1791102192
2026-10-04T08:24:09+00:00,2026-10-04T08:24:42.698969+00:00,1ef9964d-47ac-4cd4-916e-7c006fa1e605,339,4,1,0,11,0,1,1,1,1791102191
2026-10-04T08:24:09+00:00,2026-10-04T08:24:42.698969+00:00,1997031876360597884,1997031876360597884,6,0,1,4,0,1,1,1,1791102194
2026-10-04T08:24:09+00:00,2026-10-04T08:24:42.698969+00:00,1994515539257334312,1994515539257334312,19,10,0,0,0,1,1,1,1791102189
2026-10-04T08:24:09+00:00,2026-10-04T08:24:42.698969+00:00,2110566771130438288,2110566771130438288,8,2,1,7,0,1,1,1,1791102190
2026-10-04T08:24:09+00:00,2026-10-04T08:24:42.698969+00:00,2363c5a3-93cc-41a2-a767-90f1826c041f,426,17,0,2,8,0,1,1,1,1791102197
2026-10-04T08:24:09+00:00,2026-10-04T08:24:42.698969+00:00,d1a5e406-718c-44b9-b9dd-e63605b888aa,555,10,8,0,5,0,1,1,1,1791102198
2026-10-04T08:24:09+00:00,2026-10-04T08:24:42.698969+00:00,2071991821019036242,2071991821019036242,18,1,0,2,0,1,1,1,1791102191
2026-10-04T08:24:09+00:00,2026-10-04T08:24:42.698969+00:00,2036103727838931110,2036103727838931110,8,0,0,1,0,1,1,1,1791102201
2026-10-04T08:24:09+00:00,2026-10-04T08:24:42.698969+00:00,2132460331327742574,2132460331327742574,8,0,1,9,0,1,1,1,1791102202
2026-10-04T08:24:09+00:00,2026-10-04T08:24:42.698969+00:00,2089808297152151688,2089808297152151688,10,1,2,0,0,1,1,1,1791102203
2026-10-04T08:24:09+00:00,2026-10-04T08:24:42.698969+00:00,f834fcbe-0de8-11e7-991c-3863bb43a7d0,141,3,0,1,11,0,1,1,1,1791102204
2026-10-04T08:24:09+00:00,2026-10-04T08:24:42.698969+00:00,77c1736c-a609-4453-94f7-8e4253a8193c,474,7,3,0,4,0,1,1,1,1791102204
2026-10-04T08:24:09+00:00,2026-10-04T08:24:42.698969+00:00,f834c5c9-0de8-11e7-991c-3863bb43a7d0,110,0,0,0,15,0,1,1,1,1791102205
2026-10-04T08:24:09+00:00,2026-10-04T08:24:42.698969+00:00,2039387081833476178,2039387081833476178,17,3,0,3,0,1,1,1,1791102202
2026-10-04T08:24:09+00:00,2026-10-04T08:24:42.698969+00:00,82b41ffb-e284-4e4d-b22a-0cad2bfd4bee,443,9,0,0,10,0,1,1,1,1791102202
2026-10-04T08:24:09+00:00,2026-10-04T08:24:42.698969+00:00,f8352973-0de8-11e7-991c-3863bb43a7d0,210,11,1,0,4,0,1,1,1,1791102206
2026-10-04T08:24:09+00:00,2026-10-04T08:24:42.698969+00:00,87b5a8b7-a330-4c51-ab32-7dafa292c88f,421,14,1,0,5,0,1,1,1,1791102232
2026-10-04T08:24:09+00:00,2026-10-04T08:24:42.698969+00:00,eed9e64f-f09d-43c1-aa31-da968c66750a,368,8,3,0,7,0,1,1,1,1791102233
2026-10-04T08:24:09+00:00,2026-10-04T08:24:42.698969+00:00,2027855476515070160,2027855476515070160,17,0,0,10,0,1,1,1,1791102233
2026-10-04T08:24:09+00:00,2026-10-04T08:24:42.698969+00:00,f8351f87-0de8-11e7-991c-3863bb43a7d0,192,4,0,0,15,0,1,1,1,1791102230
2026-10-04T08:24:09+00:00,2026-10-04T08:24:42.698969+00:00,2134720099473744344,2134720099473744344,4,1,0,17,0,1,1,1,1791102229
2026-10-04T08:24:09+00:00,2026-10-04T08:24:42.698969+00:00,f606593b-3d07-40f2-bc6d-a0eb96588e44,456,10,3,0,8,0,1,1,1,1791102230
2026-10-04T08:24:09+00:00,2026-10-04T08:24:42.698969+00:00,f8350129-0de8-11e7-991c-3863bb43a7d0,149,16,1,0,2,0,1,1,1,1791102231
2026-10-04T08:24:09+00:00,2026-10-04T08:24:42.698969+00:00,2219705277630124418,2219705277630124418,8,1,0,7,0,1,1,1,1791102231
2026-10-04T08:24:09+00:00,2026-10-04T08:24:42.698969+00:00,1991921362058752616,1991921362058752616,4,0,0,16,0,1,1,1,1791102232
2026-10-04T08:24:09+00:00,2026-10-04T08:24:42.698969+00:00,2220033166406469278,2220033166406469278,10,3,0,5,0,1,1,1,1791102231
2026-10-04T08:24:09+00:00,2026-10-04T08:24:42.698969+00:00,f834cb89-0de8-11e7-991c-3863bb43a7d0,115,19,0,0,0,0,1,1,1,1791102232
2026-10-04T08:24:09+00:00,2026-10-04T08:24:42.698969+00:00,f83532fa-0de8-11e7-991c-3863bb43a7d0,219,13,2,1,1,0,1,1,1,1791102204
2026-10-04T08:24:09+00:00,2026-10-04T08:24:42.698969+00:00,f8348598-0de8-11e7-991c-3863bb43a7d0,49,6,0,0,12,0,1,1,1,1791102208
2026-10-04T08:24:09+00:00,2026-10-04T08:24:42.698969+00:00,f8347002-0de8-11e7-991c-3863bb43a7d0,20,1,0,0,22,0,1,1,1,1791102206
2026-10-04T08:24:09+00:00,2026-10-04T08:24:42.698969+00:00,40ee059e-8530-4992-9114-c16b87d6832f,441,11,2,2,6,0,1,1,1,1791102236
2026-10-04T08:24:09+00:00,2026-10-04T08:24:42.698969+00:00,2127634714741013228,2127634714741013228,17,0,0,7,0,1,1,1,1791102237
2026-10-04T08:24:09+00:00,2026-10-04T08:24:42.698969+00:00,2113559364250874028,2113559364250874028,9,1,0,6,0,1,1,1,1791102234
2026-10-04T08:24:09+00:00,2026-10-04T08:24:42.698969+00:00,f83466c6-0de8-11e7-991c-3863bb43a7d0,6,6,0,3,5,0,1,1,1,1791102234
2026-10-04T08:24:09+00:00,2026-10-04T08:24:42.698969+00:00,2261583246847893606,2261583246847893606,9,0,0,10,0,1,1,1,1791102235
2026-10-04T08:24:09+00:00,2026-10-04T08:24:42.698969+00:00,01d29f8c-768d-4c4f-84ca-3de966075287,469,5,1,0,6,0,1,1,1,1791102235
2026-10-04T08:24:09+00:00,2026-10-04T08:24:42.698969+00:00,f8351569-0de8-11e7-991c-3863bb43a7d0,181,9,2,0,10,0,1,1,1,1791102234
2026-10-04T08:24:09+00:00,2026-10-04T08:24:42.698969+00:00,2251186911126913182,2251186911126913182,7,1,0,12,0,1,1,1,1791102238
2026-10-04T08:24:09+00:00,2026-10-04T08:24:42.698969+00:00,f8351649-0de8-11e7-991c-3863bb43a7d0,183,0,0,1,18,0,1,1,1,1791102212
2026-10-04T08:24:09+00:00,2026-10-04T08:24:42.698969+00:00,52ca4d94-587f-4a61-a298-a1a755e73bfb,362,18,4,0,1,0,1,1,1,1791102214
2026-10-04T08:24:09+00:00,2026-10-04T08:24:42.698969+00:00,f8351791-0de8-11e7-991c-3863bb43a7d0,186,8,0,0,7,0,1,1,1,1791102206
2026-10-04T08:24:09+00:00,2026-10-04T08:24:42.698969+00:00,ab6517ea-ed53-42eb-8881-657d362e56e8,560,0,0,0,15,0,1,1,1,1791102207
2026-10-04T08:24:09+00:00,2026-10-04T08:24:42.698969+00:00,2131371824572002576,2131371824572002576,7,0,0,9,0,1,1,1,1791102207
2026-10-04T08:24:09+00:00,2026-10-04T08:24:42.698969+00:00,f834a67b-0de8-11e7-991c-3863bb43a7d0,89,7,1,0,11,0,1,1,1,1791102208
2026-10-04T08:24:09+00:00,2026-10-04T08:24:42.698969+00:00,aefc33cd-40b9-48da-8b87-415428816bdb,488,8,0,0,8,0,1,1,1,1791102214
2026-10-04T08:24:09+00:00,2026-10-04T08:24:42.698969+00:00,2129149628430547474,2129149628430547474,16,4,0,0,0,1,1,1,1791102215
2026-10-04T08:24:09+00:00,2026-10-04T08:24:42.698969+00:00,f8351255-0de8-11e7-991c-3863bb43a7d0,174,13,4,1,1,0,1,1,1,1791102215
2026-10-04T08:24:09+00:00,2026-10-04T08:24:42.698969+00:00,2036412579943670600,2036412579943670600,7,3,0,5,0,1,1,1,1791102216
2026-10-04T08:24:09+00:00,2026-10-04T08:24:42.698969+00:00,8bc42f7f-753d-4cca-a7d6-0d7c2530ea2c,364,9,0,1,9,0,1,1,1,1791102209
2026-10-04T08:24:09+00:00,2026-10-04T08:24:42.698969+00:00,25d6f87f-7025-48c5-b202-f91511a4ae19,25d6f87f-7025-48c5-b202-f91511a4ae19,10,3,0,9,0,1,1,1,1791102209
2026-10-04T08:24:09+00:00,2026-10-04T08:24:42.698969+00:00,9fef6df2-7f8f-43fc-a85b-7dd5453860f9,437,13,5,0,4,0,1,1,1,1791102220
2026-10-04T08:24:09+00:00,2026-10-04T08:24:42.698969+00:00,f7d416f8-4377-4019-bba7-302dc1d5a11d,391,5,1,1,9,0,1,1,1,1791102221
2026-10-04T08:24:09+00:00,2026-10-04T08:24:42.698969+00:00,2127252912986958612,2127252912986958612,5,1,0,10,0,1,1,1,1791102226
2026-10-04T08:24:09+00:00,2026-10-04T08:24:42.698969+00:00,f83473ea-0de8-11e7-991c-3863bb43a7d0,27,5,2,2,16,0,1,1,1,1791102227
2026-10-04T08:24:09+00:00,2026-10-04T08:24:42.698969+00:00,f8349070-0de8-11e7-991c-3863bb43a7d0,61,4,0,2,12,0,1,1,1,1791102228
2026-10-04T08:24:09+00:00,2026-10-04T08:24:42.698969+00:00,625f105e-4407-4988-9095-d1979cbda5e1,234,8,4,1,10,0,1,1,1,1791102228
2026-10-04T08:24:09+00:00,2026-10-04T08:24:42.698969+00:00,6cec3afa-554c-466f-8323-5c619fe0ddc6,6cec3afa-554c-466f-8323-5c619fe0ddc6,8,5,0,3,0,1,1,1,1791102228
2026-10-04T08:24:09+00:00,2026-10-04T08:24:42.698969+00:00,986068c4-d11a-465a-b8d0-bd0960c57f51,986068c4-d11a-465a-b8d0-bd0960c57f51,4,0,3,7,0,1,1,1,1791102227
2026-10-04T08:24:09+00:00,2026-10-04T08:24:42.698969+00:00,8e7c1984-dc81-43b0-a0d3-58c6de45225a,465,8,2,0,3,0,1,1,1,1791102228
2026-10-04T08:24:09+00:00,2026-10-04T08:24:42.698969+00:00,800bde2c-51df-497c-ac2d-bc3a8c00c164,800bde2c-51df-497c-ac2d-bc3a8c00c164,2,0,0,13,0,1,1,1,1791102220
2026-10-04T08:24:09+00:00,2026-10-04T08:24:42.698969+00:00,2031175112202687108,2031175112202687108,4,0,1,11,0,1,1,1,1791102212
2026-10-04T08:24:09+00:00,2026-10-04T08:24:42.698969+00:00,1999639508813492766,1999639508813492766,1,0,0,19,0,1,1,1,1791102212
2026-10-04T08:24:09+00:00,2026-10-04T08:24:42.698969+00:00,1976640911178291400,1976640911178291400,3,3,0,8,0,1,1,1,1791102219
2026-10-04T08:24:09+00:00,2026-10-04T08:24:42.698969+00:00,133d159e-a202-4310-910f-eca392fe181e,398,11,0,1,7,0,1,1,1,1791102220
2026-10-04T08:24:09+00:00,2026-10-04T08:24:42.698969+00:00,f8346dbd-0de8-11e7-991c-3863bb43a7d0,16,1,0,1,17,0,1,1,1,1791102217
2026-10-04T08:24:09+00:00,2026-10-04T08:24:42.698969+00:00,f834d34b-0de8-11e7-991c-3863bb43a7d0,120,28,0,0,11,0,1,1,1,1791102218
2026-10-04T08:24:09+00:00,2026-10-04T08:24:42.698969+00:00,97a1e4e7-a1ff-427a-aaea-48ca0d00bf9c,348,5,4,0,10,0,1,1,1,1791102223
2026-10-04T08:24:09+00:00,2026-10-04T08:24:42.698969+00:00,88b35b6d-f355-44dc-b85e-ed2eb1bc9099,406,13,3,0,6,0,1,1,1,1791102224
2026-10-04T08:24:09+00:00,2026-10-04T08:24:42.698969+00:00,2126567695528519906,2126567695528519906,19,0,0,1,0,1,1,1,1791102224
2026-10-04T08:24:09+00:00,2026-10-04T08:24:42.698969+00:00,ec4e1168-25dc-4929-b17b-e4ae578dd888,425,8,0,0,8,0,1,1,1,1791102223
2026-10-04T08:24:09+00:00,2026-10-04T08:24:42.698969+00:00,15ec5783-ca7a-4225-ba51-cd0a45ecc975,15ec5783-ca7a-4225-ba51-cd0a45ecc975,8,5,0,3,0,1,1,1,1791102238
2026-10-04T08:24:09+00:00,2026-10-04T08:24:42.698969+00:00,2251556760922290606,2251556760922290606,11,3,0,4,0,1,1,1,1791102239
2026-10-04T08:24:09+00:00,2026-10-04T08:24:42.698969+00:00,918335df-fc1a-45c2-9cfc-c5e2e93aecc0,467,2,0,1,8,0,1,1,1,1791102239
2026-10-04T08:24:09+00:00,2026-10-04T08:24:42.698969+00:00,fae99a0c-e88a-4112-94d8-f655cf34e651,fae99a0c-e88a-4112-94d8-f655cf34e651,0,0,8,11,0,1,0,0,1791081483
2026-10-04T08:24:09+00:00,2026-10-04T08:24:42.698969+00:00,f834fb66-0de8-11e7-991c-3863bb43a7d0,139,7,1,0,12,0,1,1,1,1791102078
2026-10-04T08:24:09+00:00,2026-10-04T08:24:42.698969+00:00,4764641e-b080-4c70-a1e1-049de81e09d0,273,28,0,1,11,0,1,1,1,1791102118
2026-10-04T08:24:09+00:00,2026-10-04T08:24:42.698969+00:00,c98f50f6-1901-4c64-b164-8cf33245e022,282,17,7,2,0,0,1,1,1,1791102122
2026-10-04T08:24:09+00:00,2026-10-04T08:24:42.698969+00:00,a3b94ed8-8301-4ec6-baf2-64ac493b5106,529,1,0,2,11,0,1,1,1,1791102123
2026-10-04T08:24:09+00:00,2026-10-04T08:24:42.698969+00:00,af066ffd-b892-434f-8532-1982fc408780,480,4,2,0,7,0,1,1,1,1791102123
2026-10-04T08:24:09+00:00,2026-10-04T08:24:42.698969+00:00,f834d064-0de8-11e7-991c-3863bb43a7d0,118,10,9,3,6,0,1,1,1,1791102123
2026-10-04T08:24:09+00:00,2026-10-04T08:24:42.698969+00:00,f8351ff1-0de8-11e7-991c-3863bb43a7d0,193,5,1,0,10,0,1,1,1,1791102130
2026-10-04T08:24:09+00:00,2026-10-04T08:24:42.698969+00:00,f8352c1a-0de8-11e7-991c-3863bb43a7d0,216,19,4,0,0,0,1,1,1,1791102128
2026-10-04T08:24:09+00:00,2026-10-04T08:24:42.698969+00:00,1963273678015717438,1963273678015717438,8,0,0,11,0,1,1,1,1791102131
2026-10-04T08:24:09+00:00,2026-10-04T08:24:42.698969+00:00,57caf362-1e8b-46aa-9ee3-82341c405ab0,271,5,1,0,10,0,1,1,1,1791102132
2026-10-04T08:24:09+00:00,2026-10-04T08:24:42.698969+00:00,f835141c-0de8-11e7-991c-3863bb43a7d0,178,19,0,0,0,0,1,1,1,1791102134
2026-10-04T08:24:09+00:00,2026-10-04T08:24:42.698969+00:00,a439fff7-8630-464c-b277-efca6f6bc664,531,2,2,0,12,0,1,1,1,1791102135
2026-10-04T08:24:09+00:00,2026-10-04T08:24:42.698969+00:00,910f1452-dbeb-4e69-b226-71b2d7e85715,910f1452-dbeb-4e69-b226-71b2d7e85715,5,1,0,5,0,1,1,1,1791102142
2026-10-04T08:24:09+00:00,2026-10-04T08:24:42.698969+00:00,a51b429f-bf06-425a-b3fe-b3155aa6468c,a51b429f-bf06-425a-b3fe-b3155aa6468c,5,0,2,4,0,1,1,1,1791102169
2026-10-04T08:24:09+00:00,2026-10-04T08:24:42.698969+00:00,dd8dee9d-d044-41d6-9371-8463cf9c671b,526,6,4,0,8,1,1,1,1,1791102170
2026-10-04T08:24:09+00:00,2026-10-04T08:24:42.698969+00:00,f834fda2-0de8-11e7-991c-3863bb43a7d0,143,9,1,1,13,0,1,1,1,1791102174
2026-10-04T08:24:09+00:00,2026-10-04T08:24:42.698969+00:00,2071724371800490690,2071724371800490690,9,0,0,11,0,1,1,1,1791102170
2026-10-04T08:24:09+00:00,2026-10-04T08:24:42.698969+00:00,1e3beeb4-f8e1-452c-93e5-48df78d4b313,334,4,0,0,14,0,1,1,1,1791102170
2026-10-04T08:24:09+00:00,2026-10-04T08:24:42.698969+00:00,f8353277-0de8-11e7-991c-3863bb43a7d0,218,1,0,0,14,0,1,1,1,1791102172
2026-10-04T08:24:09+00:00,2026-10-04T08:24:42.698969+00:00,66763558-7a03-48a9-8665-6b4445b81f48,458,6,0,0,9,0,1,1,1,1791102217
2026-10-04T08:24:09+00:00,2026-10-04T08:24:42.698969+00:00,f834a32d-0de8-11e7-991c-3863bb43a7d0,86,25,0,0,0,0,1,1,1,1791102216
2026-10-04T08:24:09+00:00,2026-10-04T08:24:42.698969+00:00,f4a64c30-b97f-4ae5-b531-a11698b558d7,562,4,1,0,4,0,1,1,1,1791102214
2026-10-04T08:24:09+00:00,2026-10-04T08:24:42.698969+00:00,13681246-4bf8-444a-a908-fa165e4ad298,329,15,5,1,0,0,1,1,1,1791102214
2026-10-04T08:24:09+00:00,2026-10-04T08:24:42.698969+00:00,4caf6e93-ddd7-4b6f-9e61-f9df1206ac92,4caf6e93-ddd7-4b6f-9e61-f9df1206ac92,0,0,12,7,0,1,0,0,1791091867
2026-10-04T08:24:09+00:00,2026-10-04T08:24:42.698969+00:00,2074236051937964826,2074236051937964826,7,0,0,7,2,1,1,1,1791102215
2026-10-04T08:24:09+00:00,2026-10-04T08:24:42.698969+00:00,2113560016964645240,2113560016964645240,15,1,0,4,0,1,1,1,1791102148
2026-10-04T08:24:09+00:00,2026-10-04T08:24:42.698969+00:00,dd008e3c-ff17-4c82-abe0-502272a62425,558,10,3,0,8,0,1,1,1,1791102146
2026-10-04T08:24:09+00:00,2026-10-04T08:24:42.698969+00:00,0bc49982-74e9-4bbf-9991-e3d809d6319e,530,10,0,0,9,0,1,1,1,1791102149
2026-10-04T08:24:09+00:00,2026-10-04T08:24:42.698969+00:00,a9d13461-7f0f-47b0-9a97-8ec9e9792865,533,10,2,0,8,0,1,1,1,1791102186
2026-10-04T08:24:09+00:00,2026-10-04T08:24:42.698969+00:00,f8352a4d-0de8-11e7-991c-3863bb43a7d0,212,5,0,0,27,0,1,1,1,1791102186
2026-10-04T08:24:09+00:00,2026-10-04T08:24:42.698969+00:00,f836bc28-36a7-4ca6-bba6-0d75333d84bb,538,17,2,0,2,0,1,1,1,1791102190
2026-10-04T08:24:09+00:00,2026-10-04T08:24:42.698969+00:00,2248987790637065652,2248987790637065652,11,2,0,1,0,1,1,1,1791102123
2026-10-04T08:24:09+00:00,2026-10-04T08:24:42.698969+00:00,2158217922577811100,2158217922577811100,7,0,0,12,0,1,1,1,1791102189
2026-10-04T08:24:09+00:00,2026-10-04T08:24:42.698969+00:00,f8349d6e-0de8-11e7-991c-3863bb43a7d0,79,16,1,0,2,0,1,1,1,1791102189
2026-10-04T08:24:09+00:00,2026-10-04T08:24:42.698969+00:00,efd724b2-31cb-4aec-b9d9-8ab79271630c,493,9,0,0,8,0,1,1,1,1791102222
2026-10-04T08:24:09+00:00,2026-10-04T08:24:42.698969+00:00,1961066392414132348,1961066392414132348,7,2,0,12,0,1,1,1,1791102222
2026-10-04T08:24:09+00:00,2026-10-04T08:24:42.698969+00:00,7dd0fc98-c1dd-4c93-9c1d-4bbdf5f93346,473,11,8,0,3,0,1,1,1,1791102220
2026-10-04T08:24:09+00:00,2026-10-04T08:24:42.698969+00:00,f8347361-0de8-11e7-991c-3863bb43a7d0,26,5,0,0,10,0,1,1,1,1791102221
2026-10-04T08:24:09+00:00,2026-10-04T08:24:42.698969+00:00,2035765531590062506,2035765531590062506,7,4,1,3,0,1,1,1,1791102219
2026-10-04T08:24:09+00:00,2026-10-04T08:24:42.698969+00:00,e49a5b83-2c9c-4610-a48b-89cfea172c8f,504,5,2,0,6,0,1,1,1,1791102219
2026-10-04T08:24:09+00:00,2026-10-04T08:24:42.698969+00:00,2256120653476329202,2256120653476329202,11,1,0,4,0,1,1,1,1791102219
2026-10-04T08:24:09+00:00,2026-10-04T08:24:42.698969+00:00,609c2f06-310e-4134-8dd2-3d23aa41487b,609c2f06-310e-4134-8dd2-3d23aa41487b,19,5,1,3,0,1,1,1,1791102158
2026-10-04T08:24:09+00:00,2026-10-04T08:24:42.698969+00:00,2126939746529359956,2126939746529359956,9,4,0,10,0,1,1,1,1791102157
2026-10-04T08:24:09+00:00,2026-10-04T08:24:42.698969+00:00,b5894555-30a3-46db-918a-fdeb083d6001,336,12,2,2,1,0,1,1,1,1791102158
2026-10-04T08:24:09+00:00,2026-10-04T08:24:42.698969+00:00,68323451-daf0-4532-a6cb-b070e3ef358f,68323451-daf0-4532-a6cb-b070e3ef358f,0,0,0,19,0,1,1,1,1791102150
2026-10-04T08:24:09+00:00,2026-10-04T08:24:42.698969+00:00,50cc3c7f-50ed-4c70-b483-c89f3f47c938,491,9,1,0,10,0,1,1,1,1791102151
2026-10-04T08:24:09+00:00,2026-10-04T08:24:42.698969+00:00,c935cfb1-ef73-402e-9b86-83aaaac6534d,478,11,0,0,8,0,1,1,1,1791102142
2026-10-04T08:24:09+00:00,2026-10-04T08:24:42.698969+00:00,e3f5d039-a49e-4b3b-ab4d-4efbef2068c6,e3f5d039-a49e-4b3b-ab4d-4efbef2068c6,22,2,0,0,0,1,1,1,1791102152
2026-10-04T08:24:09+00:00,2026-10-04T08:24:42.698969+00:00,ee0fa23e-a6c2-474d-a6ef-bf581d63f1ae,ee0fa23e-a6c2-474d-a6ef-bf581d63f1ae,11,9,0,0,0,1,1,1,1791102150
2026-10-04T08:24:09+00:00,2026-10-04T08:24:42.698969+00:00,3c837bc0-fd08-49c4-adf5-0e9a98e918a7,524,5,1,0,10,0,1,1,1,1791102198
2026-10-04T08:24:09+00:00,2026-10-04T08:24:42.698969+00:00,f8349de4-0de8-11e7-991c-3863bb43a7d0,80,0,0,0,34,0,1,1,1,1791102198
2026-10-04T08:24:09+00:00,2026-10-04T08:24:42.698969+00:00,f8348924-0de8-11e7-991c-3863bb43a7d0,57,10,1,0,4,0,1,1,1,1791102197
2026-10-04T08:24:09+00:00,2026-10-04T08:24:42.698969+00:00,d81e16e2-a410-4a0b-b5ae-b72748fc9781,d81e16e2-a410-4a0b-b5ae-b72748fc9781,2,2,0,17,0,1,1,1,1791102197
2026-10-04T08:24:09+00:00,2026-10-04T08:24:42.698969+00:00,634b697d-0e64-4102-8849-abac7a7f8e35,455,10,0,0,1,1,1,1,1,1791102197
2026-10-04T08:24:09+00:00,2026-10-04T08:24:42.698969+00:00,f83487f0-0de8-11e7-991c-3863bb43a7d0,54,1,0,0,14,0,1,1,1,1791102199
2026-10-04T08:24:09+00:00,2026-10-04T08:24:42.698969+00:00,2fded452-cbd0-4248-b008-f8a61ed9a85f,2fded452-cbd0-4248-b008-f8a61ed9a85f,3,1,0,12,0,1,1,1,1791102199
2026-10-04T08:24:09+00:00,2026-10-04T08:24:42.698969+00:00,3f4f4ad4-a715-43d5-828f-f8381f26b66a,390,12,2,2,0,1,1,1,1,1791102201
2026-10-04T08:24:09+00:00,2026-10-04T08:24:42.698969+00:00,dc770287-c70c-43ea-a635-39f3dc6b09cd,dc770287-c70c-43ea-a635-39f3dc6b09cd,4,2,0,7,0,1,1,1,1791102200
2026-10-04T08:24:09+00:00,2026-10-04T08:24:42.698969+00:00,25cc602a-152a-4abe-9df8-a131d0a5d94b,235,9,3,0,6,0,1,1,1,1791102167
2026-10-04T08:24:09+00:00,2026-10-04T08:24:42.698969+00:00,3a6d94a7-9fee-41c5-b8cc-a8487c5e691b,549,15,0,0,8,0,1,1,1,1791102167
2026-10-04T08:24:09+00:00,2026-10-04T08:24:42.698969+00:00,2253794653988522864,2253794653988522864,6,1,0,13,0,1,1,1,1791102168
2026-10-04T08:24:09+00:00,2026-10-04T08:24:42.698969+00:00,2115804056935012722,2115804056935012722,6,2,1,11,1,1,1,1,1791102154
2026-10-04T08:24:09+00:00,2026-10-04T08:24:42.698969+00:00,1984021766354634770,1984021766354634770,16,1,0,3,0,1,1,1,1791102204
2026-10-04T08:24:09+00:00,2026-10-04T08:24:42.698969+00:00,2004828637786472956,2004828637786472956,18,3,1,0,0,1,1,1,1791102202
2026-10-04T08:24:09+00:00,2026-10-04T08:24:42.698969+00:00,2136546016037880534,2136546016037880534,10,1,1,4,0,1,1,1,1791102203
2026-10-04T08:24:09+00:00,2026-10-04T08:24:42.698969+00:00,f8346c01-0de8-11e7-991c-3863bb43a7d0,13,7,0,0,12,0,1,1,1,1791102206
2026-10-04T08:24:09+00:00,2026-10-04T08:24:42.698969+00:00,f8352306-0de8-11e7-991c-3863bb43a7d0,199,8,7,0,7,0,1,1,1,1791102209
2026-10-04T08:24:09+00:00,2026-10-04T08:24:42.698969+00:00,f835259f-0de8-11e7-991c-3863bb43a7d0,205,6,2,0,9,0,1,1,1,1791102207
2026-10-04T08:24:09+00:00,2026-10-04T08:24:42.698969+00:00,2100948177843249670,2100948177843249670,7,6,0,4,0,1,1,1,1791102208
2026-10-04T08:24:09+00:00,2026-10-04T08:24:42.698969+00:00,2131714490587826928,2131714490587826928,13,8,0,3,0,1,1,1,1791102210
2026-10-04T08:24:09+00:00,2026-10-04T08:24:42.698969+00:00,fbb9b58c-2b92-4bcf-8e4c-a982e40d2f39,221,2,0,0,17,0,1,1,1,1791102160
2026-10-04T08:24:09+00:00,2026-10-04T08:24:42.698969+00:00,3de6e5da-9702-4623-8683-26abd98012a8,525,5,0,1,6,0,1,1,1,1791102161
2026-10-04T08:24:09+00:00,2026-10-04T08:24:42.698969+00:00,31382324-2931-491a-827a-40149e45afee,232,1,0,0,10,0,1,1,1,1791102161
2026-10-04T08:24:09+00:00,2026-10-04T08:24:42.698969+00:00,f834ff5a-0de8-11e7-991c-3863bb43a7d0,145,10,3,0,9,0,1,1,1,1791102161
2026-10-04T08:24:09+00:00,2026-10-04T08:24:42.698969+00:00,f834b50a-0de8-11e7-991c-3863bb43a7d0,102,2,2,1,12,0,1,1,1,1791102163
2026-10-04T08:24:09+00:00,2026-10-04T08:24:42.698969+00:00,f834db9b-0de8-11e7-991c-3863bb43a7d0,121,11,3,2,4,0,1,1,1,1791102164
2026-10-04T08:24:09+00:00,2026-10-04T08:24:42.698969+00:00,a9bc314b-a3fd-46e5-a63b-f005258bba5f,a9bc314b-a3fd-46e5-a63b-f005258bba5f,6,0,0,11,1,1,1,1,1791102178
2026-10-04T08:24:09+00:00,2026-10-04T08:24:42.698969+00:00,f8348021-0de8-11e7-991c-3863bb43a7d0,39,5,0,0,22,0,1,1,1,1791102176
2026-10-04T08:24:09+00:00,2026-10-04T08:24:42.698969+00:00,2012646293885032702,2012646293885032702,13,0,0,11,0,1,1,1,1791102178
2026-10-04T08:24:09+00:00,2026-10-04T08:24:42.698969+00:00,3dbbb3cb-b52d-46f8-8f9c-db11e83d081c,327,1,0,0,14,0,1,1,1,1791102179
2026-10-04T08:24:09+00:00,2026-10-04T08:24:42.698969+00:00,082262bd-086b-46c7-83ce-eed2b39142ff,416,13,1,0,2,0,1,1,1,1791102226
2026-10-04T08:24:09+00:00,2026-10-04T08:24:42.698969+00:00,f8348857-0de8-11e7-991c-3863bb43a7d0,55,6,0,0,9,0,1,1,1,1791102226
2026-10-04T08:24:09+00:00,2026-10-04T08:24:42.698969+00:00,2002247509585342522,2002247509585342522,11,1,0,0,0,1,1,1,1791102228
2026-10-04T08:24:09+00:00,2026-10-04T08:24:42.698969+00:00,f8350be5-0de8-11e7-991c-3863bb43a7d0,160,4,4,0,10,0,1,1,1,1791102180
2026-10-04T08:24:09+00:00,2026-10-04T08:24:42.698969+00:00,2171110977443594588,2171110977443594588,12,2,1,2,0,1,1,1,1791102223
2026-10-04T08:24:09+00:00,2026-10-04T08:24:42.698969+00:00,f8346a3c-0de8-11e7-991c-3863bb43a7d0,10,2,0,2,7,0,1,1,1,1791102227
2026-10-04T08:24:09+00:00,2026-10-04T08:24:42.698969+00:00,8f51f8f1-ecb8-4cd3-8529-296a03140c51,8f51f8f1-ecb8-4cd3-8529-296a03140c51,11,3,0,8,0,1,1,1,1791102227
2026-10-04T08:24:09+00:00,2026-10-04T08:24:42.698969+00:00,2120986392451359068,2120986392451359068,4,0,0,15,0,1,1,1,1791102229
2026-10-04T08:24:09+00:00,2026-10-04T08:24:42.698969+00:00,f8348781-0de8-11e7-991c-3863bb43a7d0,53,15,3,4,0,0,1,1,1,1791102181
2026-10-04T08:24:09+00:00,2026-10-04T08:24:42.698969+00:00,2079440939380771716,2079440939380771716,4,1,0,6,0,1,1,1,1791102183
2026-10-04T08:24:09+00:00,2026-10-04T08:24:42.698969+00:00,2124668538068359456,2124668538068359456,9,1,0,10,0,1,1,1,1791102183
2026-10-04T08:24:09+00:00,2026-10-04T08:24:42.698969+00:00,3b158c7a-a362-43ae-af1f-121b78be32d7,483,13,0,0,4,0,1,1,1,1791102184
2026-10-04T08:24:09+00:00,2026-10-04T08:24:42.698969+00:00,0cb6d635-6a7d-4d75-89b4-36b12616be12,432,12,8,0,7,0,1,1,1,1791102191
2026-10-04T08:24:09+00:00,2026-10-04T08:24:42.698969+00:00,f8349672-0de8-11e7-991c-3863bb43a7d0,72,1,0,0,22,0,1,1,1,1791102191
2026-10-04T08:24:09+00:00,2026-10-04T08:24:42.698969+00:00,2223046412750968128,2223046412750968128,10,0,0,9,0,1,1,1,1791102195
2026-10-04T08:24:09+00:00,2026-10-04T08:24:42.698969+00:00,f8351e42-0de8-11e7-991c-3863bb43a7d0,189,0,0,0,23,0,1,1,1,1791102195
2026-10-04T08:24:09+00:00,2026-10-04T08:24:42.698969+00:00,2080157934789007958,2080157934789007958,17,2,1,1,0,1,1,1,1791102195
2026-10-04T08:24:09+00:00,2026-10-04T08:24:42.698969+00:00,ee18dbd6-05b8-4d38-a120-f84c3499a77e,519,4,0,0,7,0,1,1,1,1791102192
2026-10-04T08:24:09+00:00,2026-10-04T08:24:42.698969+00:00,2111332861978124760,2111332861978124760,15,7,1,0,0,1,1,1,1791102192
2026-10-04T08:24:09+00:00,2026-10-04T08:24:42.698969+00:00,f834ffc9-0de8-11e7-991c-3863bb43a7d0,146,12,3,1,6,0,1,1,1,1791102196
2026-10-04T08:24:09+00:00,2026-10-04T08:24:42.698969+00:00,1994461916590643872,1994461916590643872,5,1,1,5,0,1,1,1,1791102235
2026-10-04T08:24:09+00:00,2026-10-04T08:24:42.698969+00:00,f1cafe36-f800-41f6-b74d-73953cb6394c,471,0,0,0,27,0,1,1,1,1791102235
2026-10-04T08:24:09+00:00,2026-10-04T08:24:42.698969+00:00,f835027c-0de8-11e7-991c-3863bb43a7d0,152,14,0,0,13,0,1,1,1,1791102232
2026-10-04T08:24:09+00:00,2026-10-04T08:24:42.698969+00:00,f834b652-0de8-11e7-991c-3863bb43a7d0,104,16,0,1,0,0,1,1,1,1791102229
2026-10-04T08:24:09+00:00,2026-10-04T08:24:42.698969+00:00,dd05a440-f881-410c-a071-864da11c634a,318,1,0,2,15,0,1,1,1,1791102229
2026-10-04T08:24:09+00:00,2026-10-04T08:24:42.698969+00:00,f83472d3-0de8-11e7-991c-3863bb43a7d0,25,8,0,1,6,0,1,1,1,1791102230
2026-10-04T08:24:09+00:00,2026-10-04T08:24:42.698969+00:00,be7e7068-b85f-42c1-8ea1-e1d64e531323,be7e7068-b85f-42c1-8ea1-e1d64e531323,11,7,0,4,0,1,1,1,1791102234
2026-10-04T08:24:09+00:00,2026-10-04T08:24:42.698969+00:00,f834923d-0de8-11e7-991c-3863bb43a7d0,65,8,0,0,11,0,1,1,1,1791102232
2026-10-04T08:24:09+00:00,2026-10-04T08:24:42.698969+00:00,f8350c56-0de8-11e7-991c-3863bb43a7d0,161,16,0,2,5,0,1,1,1,1791102236
2026-10-04T08:24:09+00:00,2026-10-04T08:24:42.698969+00:00,b0b8e427-7203-4844-9c70-129e08a74452,347,12,5,1,2,0,1,1,1,1791102236
2026-10-04T08:24:09+00:00,2026-10-04T08:24:42.698969+00:00,8b703219-1e16-4ba1-9f46-2b7030c7849a,360,12,8,1,2,0,1,1,1,1791102237
2026-10-04T08:24:09+00:00,2026-10-04T08:24:42.698969+00:00,f83514f9-0de8-11e7-991c-3863bb43a7d0,180,12,1,1,6,0,1,1,1,1791102237
2026-10-04T08:24:09+00:00,2026-10-04T08:24:42.698969+00:00,f8352150-0de8-11e7-991c-3863bb43a7d0,196,3,1,0,7,0,1,1,1,1791102237
2026-10-04T08:24:09+00:00,2026-10-04T08:24:42.698969+00:00,1206f5c8-7d1f-4c32-9d65-f3e80186fbde,511,8,4,0,11,0,1,1,1,1791102238
2026-10-04T08:24:09+00:00,2026-10-04T08:24:42.698969+00:00,12141b77-6e5f-444b-bace-2abf16db4fee,12141b77-6e5f-444b-bace-2abf16db4fee,0,0,7,4,0,1,0,0,1790828072
2026-10-04T08:24:09+00:00,2026-10-04T08:24:42.698969+00:00,2118368356250680236,2118368356250680236,7,0,0,9,0,1,1,1,1791102042
2026-10-04T08:24:09+00:00,2026-10-04T08:24:42.698969+00:00,f835108b-0de8-11e7-991c-3863bb43a7d0,170,10,8,0,4,0,1,1,1,1791102099
2026-10-04T08:24:09+00:00,2026-10-04T08:24:42.698969+00:00,f83512c9-0de8-11e7-991c-3863bb43a7d0,175,0,0,13,4,0,1,0,0,1791093355
2026-10-04T08:24:09+00:00,2026-10-04T08:24:42.698969+00:00,f834fc57-0de8-11e7-991c-3863bb43a7d0,140,14,2,0,3,0,1,1,1,1791102104
2026-10-04T08:24:09+00:00,2026-10-04T08:24:42.698969+00:00,4fe8e777-345b-4fc2-a684-dd874e8186d8,4fe8e777-345b-4fc2-a684-dd874e8186d8,0,0,11,0,3,1,1,1,1791102129
2026-10-04T08:24:09+00:00,2026-10-04T08:24:42.698969+00:00,f834dedf-0de8-11e7-991c-3863bb43a7d0,124,14,3,0,0,0,1,1,1,1791102129
2026-10-04T08:24:09+00:00,2026-10-04T08:24:42.698969+00:00,a83f982f-a4f1-43e4-98e8-c8f4a0bb7290,452,12,0,0,3,0,1,1,1,1791102130
2026-10-04T08:24:09+00:00,2026-10-04T08:24:42.698969+00:00,d1c0b0c2-6e4c-424e-a946-a2a95a711633,422,3,2,0,12,0,1,1,1,1791102126
2026-10-04T08:24:09+00:00,2026-10-04T08:24:42.698969+00:00,be18593a-9e4c-4a13-8bb2-a5bac3d9b2b3,547,7,2,0,11,0,1,1,1,1791102126
2026-10-04T08:24:09+00:00,2026-10-04T08:24:42.698969+00:00,f83515d8-0de8-11e7-991c-3863bb43a7d0,182,1,1,2,16,0,1,1,1,1791102126
2026-10-04T08:24:09+00:00,2026-10-04T08:24:42.698969+00:00,13d4171b-6d93-490e-923f-f2a17d5c7613,13d4171b-6d93-490e-923f-f2a17d5c7613,5,3,3,3,0,1,1,1,1791102167
2026-10-04T08:24:09+00:00,2026-10-04T08:24:42.698969+00:00,c23a4c0d-7e43-4042-80e2-7c894d07763b,559,6,1,0,5,0,1,1,1,1791102168
2026-10-04T08:24:09+00:00,2026-10-04T08:24:42.698969+00:00,f834ea45-0de8-11e7-991c-3863bb43a7d0,130,12,3,0,3,0,1,1,1,1791102166
2026-10-04T08:24:09+00:00,2026-10-04T08:24:42.698969+00:00,f83483f3-0de8-11e7-991c-3863bb43a7d0,46,11,0,0,28,0,1,1,1,1791102169
2026-10-04T08:24:09+00:00,2026-10-04T08:24:42.698969+00:00,f8350a84-0de8-11e7-991c-3863bb43a7d0,157,0,0,0,15,0,1,1,1,1791102145
2026-10-04T08:24:09+00:00,2026-10-04T08:24:42.698969+00:00,2d32e355-faee-407b-9bb7-45d80ffb059a,2d32e355-faee-407b-9bb7-45d80ffb059a,2,0,0,17,0,1,1,1,1791102143
2026-10-04T08:24:09+00:00,2026-10-04T08:24:42.698969+00:00,2007420398783036020,2007420398783036020,13,0,2,5,0,1,1,1,1791102144
2026-10-04T08:24:09+00:00,2026-10-04T08:24:42.698969+00:00,f834a7d1-0de8-11e7-991c-3863bb43a7d0,91,0,0,0,19,0,1,1,1,1791102142
2026-10-04T08:24:09+00:00,2026-10-04T08:24:42.698969+00:00,f834f8ca-0de8-11e7-991c-3863bb43a7d0,137,18,7,0,1,0,1,1,1,1791102146
2026-10-04T08:24:09+00:00,2026-10-04T08:24:42.698969+00:00,1976642295079838524,1976642295079838524,4,1,0,7,0,1,1,1,1791102146
2026-10-04T08:24:09+00:00,2026-10-04T08:24:42.698969+00:00,2129865213174084448,2129865213174084448,12,1,0,7,0,1,1,1,1791102143
2026-10-04T08:24:09+00:00,2026-10-04T08:24:42.698969+00:00,f8352378-0de8-11e7-991c-3863bb43a7d0,200,14,0,0,5,0,1,1,1,1791102142
2026-10-04T08:24:09+00:00,2026-10-04T08:24:42.698969+00:00,f8351eb0-0de8-11e7-991c-3863bb43a7d0,190,8,0,1,28,0,1,1,1,1791102152
2026-10-04T08:24:09+00:00,2026-10-04T08:24:42.698969+00:00,1676a6f7-c417-48d2-92e8-5ce21995efc3,374,1,0,0,17,0,1,1,1,1791102150
2026-10-04T08:24:09+00:00,2026-10-04T08:24:42.698969+00:00,f0f01d4c-ba4a-4ab2-9cc0-9fa1f9223300,394,6,2,0,8,0,1,1,1,1791102153
2026-10-04T08:24:09+00:00,2026-10-04T08:24:42.698969+00:00,2123672938202825324,2123672938202825324,4,0,0,11,0,1,1,1,1791102149
2026-10-04T08:24:09+00:00,2026-10-04T08:24:42.698969+00:00,f834b99d-0de8-11e7-991c-3863bb43a7d0,107,0,0,0,18,0,1,1,1,1791102148
2026-10-04T08:24:09+00:00,2026-10-04T08:24:42.698969+00:00,f834fede-0de8-11e7-991c-3863bb43a7d0,144,2,0,0,17,0,1,1,1,1791102147
2026-10-04T08:24:09+00:00,2026-10-04T08:24:42.698969+00:00,6e340d8e-45db-4fd9-b6eb-b74ec73b0d3e,535,7,1,0,8,0,1,1,1,1791102155
2026-10-04T08:24:09+00:00,2026-10-04T08:24:42.698969+00:00,2109111257926871498,2109111257926871498,7,2,2,10,0,1,1,1,1791102155
2026-10-04T08:24:09+00:00,2026-10-04T08:24:42.698969+00:00,2249419943962214726,2249419943962214726,10,4,3,6,0,1,1,1,1791102157
2026-10-04T08:24:09+00:00,2026-10-04T08:24:42.698969+00:00,228b8017-e4da-4722-9223-b8279a14b8ad,448,5,1,1,4,0,1,1,1,1791102158
2026-10-04T08:24:09+00:00,2026-10-04T08:24:42.698969+00:00,c5017e67-cada-4549-a52e-0f13dddd289d,424,19,3,0,0,0,1,1,1,1791102155
2026-10-04T08:24:09+00:00,2026-10-04T08:24:42.698969+00:00,f8351726-0de8-11e7-991c-3863bb43a7d0,185,0,0,1,14,0,1,1,1,1791102158
2026-10-04T08:24:09+00:00,2026-10-04T08:24:42.698969+00:00,e32c0bb9-e85b-4764-b0fb-5c582cfd3a90,340,13,6,1,3,2,1,1,1,1791102162
2026-10-04T08:24:09+00:00,2026-10-04T08:24:42.698969+00:00,00802fe6-4268-4dc8-8f55-0dbbc1665ce6,515,3,0,0,16,0,1,1,1,1791102162
2026-10-04T08:24:09+00:00,2026-10-04T08:24:42.698969+00:00,2220822464984366036,2220822464984366036,4,1,0,8,0,1,1,1,1791102162
2026-10-04T08:24:09+00:00,2026-10-04T08:24:42.698969+00:00,4f25f6ef-236b-43b4-8a92-68a24db0504b,4f25f6ef-236b-43b4-8a92-68a24db0504b,9,6,1,4,0,1,1,1,1791102163
2026-10-04T08:24:09+00:00,2026-10-04T08:24:42.698969+00:00,bd3d4824-7203-4edc-a314-cea2b413e886,319,3,1,0,23,1,1,1,1,1791102164
2026-10-04T08:24:09+00:00,2026-10-04T08:24:42.698969+00:00,1978882443666915710,1978882443666915710,16,0,0,1,1,1,1,1,1791102165
2026-10-04T08:24:09+00:00,2026-10-04T08:24:42.698969+00:00,2002579415401984808,2002579415401984808,9,4,0,2,0,1,1,1,1791102174
2026-10-04T08:24:09+00:00,2026-10-04T08:24:42.698969+00:00,f834dc46-0de8-11e7-991c-3863bb43a7d0,122,5,2,0,10,0,1,1,1,1791102172
2026-10-04T08:24:09+00:00,2026-10-04T08:24:42.698969+00:00,f834caf2-0de8-11e7-991c-3863bb43a7d0,114,3,0,0,12,0,1,1,1,1791102176
2026-10-04T08:24:09+00:00,2026-10-04T08:24:42.698969+00:00,a3bf0bfe-198b-4160-a2fb-cc7d10cfb4cf,a3bf0bfe-198b-4160-a2fb-cc7d10cfb4cf,14,2,1,4,0,1,1,1,1791102177
2026-10-04T08:24:09+00:00,2026-10-04T08:24:42.698969+00:00,fe6a64e7-c712-404c-85ae-ee77a37245b1,355,15,1,0,2,0,1,1,1,1791102177
2026-10-04T08:24:09+00:00,2026-10-04T08:24:42.698969+00:00,f83529e2-0de8-11e7-991c-3863bb43a7d0,211,8,0,0,7,0,1,1,1,1791102174
2026-10-04T08:24:09+00:00,2026-10-04T08:24:42.698969+00:00,f834658f-0de8-11e7-991c-3863bb43a7d0,4,8,0,0,11,0,1,1,1,1791102175
2026-10-04T08:24:09+00:00,2026-10-04T08:24:42.698969+00:00,2096125468116637776,2096125468116637776,9,0,0,6,0,1,1,1,1791102171
2026-10-04T08:24:09+00:00,2026-10-04T08:24:42.698969+00:00,9f582e05-15e0-4a39-aef5-c719e0c78e26,466,3,1,1,7,0,1,1,1,1791102119
2026-10-04T08:24:09+00:00,2026-10-04T08:24:42.698969+00:00,bd1755dc-f26c-420e-85b3-fd025d0b5445,554,9,1,0,6,0,1,1,1,1791102121
2026-10-04T08:24:09+00:00,2026-10-04T08:24:42.698969+00:00,53548ba4-ad0a-4d92-8e57-fd5c9f3ad102,399,4,0,0,11,0,1,1,1,1791102125
2026-10-04T08:24:09+00:00,2026-10-04T08:24:42.698969+00:00,f714390d-6874-43fa-a079-a07f83c79c7b,f714390d-6874-43fa-a079-a07f83c79c7b,5,3,0,6,0,1,1,1,1791102132
2026-10-04T08:24:09+00:00,2026-10-04T08:24:42.698969+00:00,5f8ced09-665c-41e5-b67e-1e58fac21830,521,2,1,0,9,0,1,1,1,1791102134
2026-10-04T08:24:09+00:00,2026-10-04T08:24:42.698969+00:00,f8349e56-0de8-11e7-991c-3863bb43a7d0,81,6,1,2,11,0,1,1,1,1791102133
2026-10-04T08:24:09+00:00,2026-10-04T08:24:42.698969+00:00,2130224177726511580,2130224177726511580,3,3,0,12,0,1,1,1,1791102132
2026-10-04T08:24:09+00:00,2026-10-04T08:24:42.698969+00:00,5bbdd12f-fec4-4741-9d5d-4a60834c5d02,377,14,4,0,5,0,1,1,1,1791102133
2026-10-04T08:24:09+00:00,2026-10-04T08:24:42.698969+00:00,81bfc33b-30d8-4881-b261-712715a8b2bc,363,9,2,1,7,1,1,1,1,1791102131
2026-10-04T08:24:09+00:00,2026-10-04T08:24:42.698969+00:00,0daf7408-7a15-4d2b-8c39-f1a097cdbe85,403,14,0,0,1,0,1,1,1,1791102140
2026-10-04T08:24:09+00:00,2026-10-04T08:24:42.698969+00:00,81676204-e42f-4d3d-991e-9c1264f36229,357,15,2,0,0,0,1,1,1,1791102202
2026-10-04T08:24:09+00:00,2026-10-04T08:24:42.698969+00:00,186accbb-6a08-4e1d-b267-9033c4443a56,401,14,8,1,0,0,1,1,1,1791102201
2026-10-04T08:24:09+00:00,2026-10-04T08:24:42.698969+00:00,1921360868231155718,1921360868231155718,10,7,1,8,0,1,1,1,1791102201
2026-10-04T08:24:09+00:00,2026-10-04T08:24:42.698969+00:00,2104f242-2dde-4ec0-8197-4454b1021ac1,381,12,0,0,11,1,1,1,1,1791102201
2026-10-04T08:24:09+00:00,2026-10-04T08:24:42.698969+00:00,1a39ab83-f029-4134-aad4-35380b30bf2c,1a39ab83-f029-4134-aad4-35380b30bf2c,11,0,0,8,0,1,1,1,1791102199
2026-10-04T08:24:09+00:00,2026-10-04T08:24:42.698969+00:00,2093488029445054742,2093488029445054742,5,0,1,22,0,1,1,1,1791102199
2026-10-04T08:24:09+00:00,2026-10-04T08:24:42.698969+00:00,2254164250455119196,2254164250455119196,10,10,0,5,0,1,1,1,1791102203
2026-10-04T08:24:09+00:00,2026-10-04T08:24:42.698969+00:00,1989983491501558234,1989983491501558234,4,1,0,7,0,1,1,1,1791102205
2026-10-04T08:24:09+00:00,2026-10-04T08:24:42.698969+00:00,9e9be067-c6bb-41de-9491-eda69d24d6de,371,17,6,0,1,1,1,1,1,1791102208
2026-10-04T08:24:09+00:00,2026-10-04T08:24:42.698969+00:00,f8351490-0de8-11e7-991c-3863bb43a7d0,179,50,6,3,0,0,1,1,1,1791102207
2026-10-04T08:24:09+00:00,2026-10-04T08:24:42.698969+00:00,f834ec42-0de8-11e7-991c-3863bb43a7d0,131,8,3,0,10,0,1,1,1,1791102208
2026-10-04T08:24:09+00:00,2026-10-04T08:24:42.698969+00:00,0b0467c1-0c90-4529-a556-fe4d57835bbb,435,11,10,0,3,1,1,1,1,1791102208
2026-10-04T08:24:09+00:00,2026-10-04T08:24:42.698969+00:00,2035660824473983142,2035660824473983142,13,0,0,6,0,1,1,1,1791102207
2026-10-04T08:24:09+00:00,2026-10-04T08:24:42.698969+00:00,7c860828-3359-4229-b59b-963f5a4bab00,236,2,0,1,9,0,1,1,1,1791102190
2026-10-04T08:24:09+00:00,2026-10-04T08:24:42.698969+00:00,eee3aab6-bd98-4d1f-8887-9c4e2adce482,eee3aab6-bd98-4d1f-8887-9c4e2adce482,3,1,1,7,0,1,1,1,1791102192
2026-10-04T08:24:09+00:00,2026-10-04T08:24:42.698969+00:00,f8352ac4-0de8-11e7-991c-3863bb43a7d0,213,5,0,1,8,0,1,1,1,1791102193
2026-10-04T08:24:09+00:00,2026-10-04T08:24:42.698969+00:00,f8285d4f-5053-4e26-bb28-72016fe11353,405,9,0,0,10,0,1,1,1,1791102194
2026-10-04T08:24:09+00:00,2026-10-04T08:24:42.698969+00:00,a75d3da1-ce74-447f-8e80-52506a81aff3,a75d3da1-ce74-447f-8e80-52506a81aff3,9,8,0,2,0,1,1,1,1791102194
2026-10-04T08:24:09+00:00,2026-10-04T08:24:42.698969+00:00,93381e13-cd04-4e10-ac81-9f5926aa01d5,333,24,2,1,0,0,1,1,1,1791102189
2026-10-04T08:24:09+00:00,2026-10-04T08:24:42.698969+00:00,ca76adb6-4c84-4484-9ec3-b411b81ddbef,ca76adb6-4c84-4484-9ec3-b411b81ddbef,3,1,2,14,0,1,1,1,1791102213
2026-10-04T08:24:09+00:00,2026-10-04T08:24:42.698969+00:00,2225590560002383786,2225590560002383786,0,0,0,15,0,1,1,1,1791102214
2026-10-04T08:24:09+00:00,2026-10-04T08:24:42.698969+00:00,c1789d39-705f-4c03-9c14-4d6a3a4f4400,561,14,0,0,5,0,1,1,1,1791102178
2026-10-04T08:24:09+00:00,2026-10-04T08:24:42.698969+00:00,f83480a9-0de8-11e7-991c-3863bb43a7d0,40,14,0,3,15,0,1,1,1,1791102182
2026-10-04T08:24:09+00:00,2026-10-04T08:24:42.698969+00:00,7df1ee28-441e-44c1-8507-8f58946be96b,239,8,4,0,7,0,1,1,1,1791102183
2026-10-04T08:24:09+00:00,2026-10-04T08:24:42.698969+00:00,2151136782588526782,2151136782588526782,7,0,0,4,0,1,1,1,1791102183
2026-10-04T08:24:09+00:00,2026-10-04T08:24:42.698969+00:00,f83481c5-0de8-11e7-991c-3863bb43a7d0,42,19,0,1,11,0,1,1,1,1791102184
2026-10-04T08:24:09+00:00,2026-10-04T08:24:42.698969+00:00,403c0f6c-d01a-4171-a7be-3aa4dbb0d7d1,407,3,2,1,14,0,1,1,1,1791102185
2026-10-04T08:24:09+00:00,2026-10-04T08:24:42.698969+00:00,4c128753-6fde-4d4c-896e-a1adf89ada98,4c128753-6fde-4d4c-896e-a1adf89ada98,13,1,0,11,1,1,1,1,1791102185
2026-10-04T08:24:09+00:00,2026-10-04T08:24:42.698969+00:00,2014558273483754010,2014558273483754010,12,1,0,7,0,1,1,1,1791102186
2026-10-04T08:24:09+00:00,2026-10-04T08:24:42.698969+00:00,1942556871369959976,1942556871369959976,9,1,0,10,0,1,1,1,1791102180
2026-10-04T08:24:09+00:00,2026-10-04T08:24:42.698969+00:00,9340e113-e0b2-48ac-b58a-8b6f001b0a94,486,5,1,1,5,0,1,1,1,1791102181
2026-10-04T08:24:09+00:00,2026-10-04T08:24:42.698969+00:00,f83471a1-0de8-11e7-991c-3863bb43a7d0,23,0,0,1,23,1,1,1,1,1791102181
2026-10-04T08:24:09+00:00,2026-10-04T08:24:42.698969+00:00,2038981933682610536,2038981933682610536,6,0,0,9,1,1,1,1,1791102181
2026-10-04T08:24:09+00:00,2026-10-04T08:24:42.698969+00:00,2098360140389493528,2098360140389493528,4,3,4,3,0,1,1,1,1791102181
2026-10-04T08:24:09+00:00,2026-10-04T08:24:42.698969+00:00,f834ab92-0de8-11e7-991c-3863bb43a7d0,95,4,1,0,8,2,1,1,1,1791102178
2026-10-04T08:24:09+00:00,2026-10-04T08:24:42.698969+00:00,9c8366d8-3b58-4894-b281-09e22f6fe5f7,464,8,0,0,3,0,1,1,1,1791102195
2026-10-04T08:24:09+00:00,2026-10-04T08:24:42.698969+00:00,f8348a68-0de8-11e7-991c-3863bb43a7d0,60,15,0,0,4,0,1,1,1,1791102196
2026-10-04T08:24:09+00:00,2026-10-04T08:24:42.698969+00:00,ed6c012e-6d6c-41e7-8e01-90749fd67575,546,10,9,0,6,0,1,1,1,1791102197
2026-10-04T08:24:09+00:00,2026-10-04T08:24:42.698969+00:00,12d463d2-ce50-43bd-81b1-6be4dbdbbc1b,430,12,4,0,7,0,1,1,1,1791102198
2026-10-04T08:24:09+00:00,2026-10-04T08:24:42.698969+00:00,2245672241002318634,2245672241002318634,8,0,1,9,0,1,1,1,1791102219
2026-10-04T08:24:09+00:00,2026-10-04T08:24:42.698969+00:00,42886366-9cbf-432c-ba84-beef38877c87,408,11,2,0,4,0,1,1,1,1791102219
2026-10-04T08:24:09+00:00,2026-10-04T08:24:42.698969+00:00,f834824e-0de8-11e7-991c-3863bb43a7d0,43,0,0,0,15,0,1,1,1,1791102179
2026-10-04T08:24:09+00:00,2026-10-04T08:24:42.698969+00:00,8347c34d-68df-404b-ac58-7a387cc3ce4b,414,15,2,0,8,0,1,1,1,1791102219
2026-10-04T08:24:09+00:00,2026-10-04T08:24:42.698969+00:00,fe534b6f-61ad-47d3-b9f6-cdaa128f53a4,395,2,0,1,12,0,1,1,1,1791102216
2026-10-04T08:24:09+00:00,2026-10-04T08:24:42.698969+00:00,2212663228188806942,2212663228188806942,10,2,0,14,0,1,1,1,1791102218
2026-10-04T08:24:09+00:00,2026-10-04T08:24:42.698969+00:00,47c44bb1-d065-41f5-ad79-c18aee60af34,342,11,0,0,4,0,1,1,1,1791102217
2026-10-04T08:24:09+00:00,2026-10-04T08:24:42.698969+00:00,065e0e5d-8a0d-49b7-9c1f-c8eaba51a8b4,490,10,3,1,7,0,1,1,1,1791102224
2026-10-04T08:24:09+00:00,2026-10-04T08:24:42.698969+00:00,2002248857751890568,2002248857751890568,5,3,0,6,0,1,1,1,1791102225
2026-10-04T08:24:09+00:00,2026-10-04T08:24:42.698969+00:00,52485851-e554-49de-ab9f-f536806d2d34,52485851-e554-49de-ab9f-f536806d2d34,0,0,0,11,0,1,1,1,1791102231
2026-10-04T08:24:09+00:00,2026-10-04T08:24:42.698969+00:00,eb8824c3-9c84-4fec-8d6f-d537c8ab3beb,349,13,9,0,3,1,1,1,1,1791102231
2026-10-04T08:24:09+00:00,2026-10-04T08:24:42.698969+00:00,2131760674371160748,2131760674371160748,6,0,1,13,0,1,1,1,1791102161
2026-10-04T08:24:09+00:00,2026-10-04T08:24:42.698969+00:00,f8350204-0de8-11e7-991c-3863bb43a7d0,151,1,0,0,18,0,1,1,1,1791102232
2026-10-04T08:24:09+00:00,2026-10-04T08:24:42.698969+00:00,2071630998981871920,2071630998981871920,1,0,0,19,0,1,1,1,1791102228
2026-10-04T08:24:09+00:00,2026-10-04T08:24:42.698969+00:00,2076849845777355316,2076849845777355316,12,0,2,16,2,1,1,1,1791102185
2026-10-04T08:24:09+00:00,2026-10-04T08:24:42.698969+00:00,c202f2ca-ec1d-4dc5-a734-e0a342f23ba4,279,23,2,0,0,0,1,1,1,1791102228
2026-10-04T08:24:09+00:00,2026-10-04T08:24:42.698969+00:00,f834a3a0-0de8-11e7-991c-3863bb43a7d0,87,11,0,0,4,0,1,1,1,1791102229
2026-10-04T08:24:09+00:00,2026-10-04T08:24:42.698969+00:00,ad2fb6f2-921f-440c-83de-08be76e35c2a,468,8,2,0,7,0,1,1,1,1791102229
2026-10-04T08:24:09+00:00,2026-10-04T08:24:42.698969+00:00,aa556ad4-0092-4687-96c2-8dbc69addb56,485,2,1,1,8,0,1,1,1,1791102229
2026-10-04T08:24:09+00:00,2026-10-04T08:24:42.698969+00:00,f83489ff-0de8-11e7-991c-3863bb43a7d0,59,3,0,1,14,1,1,1,1,1791102230
2026-10-04T08:24:09+00:00,2026-10-04T08:24:42.698969+00:00,f8347b1e-0de8-11e7-991c-3863bb43a7d0,30,9,0,1,5,0,1,1,1,1791102227
2026-10-04T08:24:09+00:00,2026-10-04T08:24:42.698969+00:00,2212258635631104970,2212258635631104970,0,0,0,23,0,1,1,1,1791102227
2026-10-04T08:24:09+00:00,2026-10-04T08:24:42.698969+00:00,f8352068-0de8-11e7-991c-3863bb43a7d0,194,12,3,1,6,0,1,1,1,1791102225
2026-10-04T08:24:09+00:00,2026-10-04T08:24:42.698969+00:00,9cc65d3d-cfcc-45ff-8f75-7264556b1cf9,9cc65d3d-cfcc-45ff-8f75-7264556b1cf9,18,0,0,1,0,1,1,1,1791102232
2026-10-04T08:24:09+00:00,2026-10-04T08:24:42.698969+00:00,f834a838-0de8-11e7-991c-3863bb43a7d0,92,11,5,2,5,0,1,1,1,1791102233
2026-10-04T08:24:09+00:00,2026-10-04T08:24:42.698969+00:00,2040842277416872172,2040842277416872172,12,0,0,4,0,1,1,1,1791102227
2026-10-04T08:24:09+00:00,2026-10-04T08:24:42.698969+00:00,7feae3ce-ddf2-4a45-a123-1209c8a9182b,484,4,0,0,7,0,1,1,1,1791102233
2026-10-04T08:24:09+00:00,2026-10-04T08:24:42.698969+00:00,e2c306f6-82c7-4d0d-89fd-c9452d2f9ad1,361,9,0,0,34,0,1,1,1,1791102234
2026-10-04T08:24:09+00:00,2026-10-04T08:24:42.698969+00:00,74cb9bf6-bb53-4c70-88d2-67998b99628c,296,1,0,1,21,0,1,1,1,1791102235
2026-10-04T08:24:09+00:00,2026-10-04T08:24:42.698969+00:00,f834ba08-0de8-11e7-991c-3863bb43a7d0,108,5,0,0,11,0,1,1,1,1791102236
2026-10-04T08:24:09+00:00,2026-10-04T08:24:42.698969+00:00,f83520d8-0de8-11e7-991c-3863bb43a7d0,195,7,1,0,16,0,1,1,1,1791102236
2026-10-04T08:24:09+00:00,2026-10-04T08:24:42.698969+00:00,f8349ed6-0de8-11e7-991c-3863bb43a7d0,82,4,0,1,20,0,1,1,1,1791102236
2026-10-04T08:24:09+00:00,2026-10-04T08:24:42.698969+00:00,f835260c-0de8-11e7-991c-3863bb43a7d0,206,5,0,0,35,0,1,1,1,1791102236
2026-10-04T08:24:09+00:00,2026-10-04T08:24:42.698969+00:00,2267959380696438832,2267959380696438832,7,0,0,4,0,1,1,1,1791102237
2026-10-04T08:24:09+00:00,2026-10-04T08:24:42.698969+00:00,f8346f6f-0de8-11e7-991c-3863bb43a7d0,19,13,2,1,0,0,1,1,1,1791102238
2026-10-04T08:24:09+00:00,2026-10-04T08:24:42.698969+00:00,f8351dc2-0de8-11e7-991c-3863bb43a7d0,188,11,1,0,4,0,1,1,1,1791102238
2026-10-04T08:24:09+00:00,2026-10-04T08:24:42.698969+00:00,1df03e33-c105-4e53-b013-d20056cd57f8,1df03e33-c105-4e53-b013-d20056cd57f8,0,0,0,0,0,0,0,0,86400
2026-10-04T08:24:09+00:00,2026-10-04T08:24:42.698969+00:00,f8350cc1-0de8-11e7-991c-3863bb43a7d0,162,9,3,0,6,0,1,1,1,1791102120
2026-10-04T08:24:09+00:00,2026-10-04T08:24:42.698969+00:00,2043911250700610106,2043911250700610106,9,0,0,6,0,1,1,1,1791102121
2026-10-04T08:24:09+00:00,2026-10-04T08:24:42.698969+00:00,8983c75a-12c1-4995-aedc-24c94bd895e3,384,4,0,2,13,0,1,1,1,1791102117
2026-10-04T08:24:09+00:00,2026-10-04T08:24:42.698969+00:00,f834a8a0-0de8-11e7-991c-3863bb43a7d0,93,8,3,0,23,0,1,1,1,1791102118
2026-10-04T08:24:09+00:00,2026-10-04T08:24:42.698969+00:00,1965873511294959658,1965873511294959658,3,0,0,20,0,1,1,1,1791102118
2026-10-04T08:24:09+00:00,2026-10-04T08:24:42.698969+00:00,f834723b-0de8-11e7-991c-3863bb43a7d0,24,0,0,0,23,0,1,1,1,1791102131
2026-10-04T08:24:09+00:00,2026-10-04T08:24:42.698969+00:00,f8352534-0de8-11e7-991c-3863bb43a7d0,204,9,3,0,6,0,1,1,1,1791102128
2026-10-04T08:24:09+00:00,2026-10-04T08:24:42.698969+00:00,f83492b4-0de8-11e7-991c-3863bb43a7d0,66,5,0,2,8,0,1,1,1,1791102127
2026-10-04T08:24:09+00:00,2026-10-04T08:24:42.698969+00:00,d8ce5f8b-2440-45e1-ab1c-23cb3bcbde84,527,4,0,0,9,0,1,1,1,1791102123
2026-10-04T08:24:09+00:00,2026-10-04T08:24:42.698969+00:00,f9524971-e9f9-4572-aebc-580e48de042f,f9524971-e9f9-4572-aebc-580e48de042f,12,0,0,7,0,1,1,1,1791102121
2026-10-04T08:24:09+00:00,2026-10-04T08:24:42.698969+00:00,2039109354743046934,2039109354743046934,11,2,3,5,1,1,1,1,1791102125
2026-10-04T08:24:09+00:00,2026-10-04T08:24:42.698969+00:00,2014865445230483952,2014865445230483952,10,0,0,7,0,1,1,1,1791102158
2026-10-04T08:24:09+00:00,2026-10-04T08:24:42.698969+00:00,baab0b05-a028-4147-8432-a2726c7e48ea,328,6,0,0,9,0,1,1,1,1791102157
2026-10-04T08:24:09+00:00,2026-10-04T08:24:42.698969+00:00,aa964f5b-fadf-4fc1-8c91-84ee36e15f0d,341,9,1,0,6,0,1,1,1,1791102157
2026-10-04T08:24:09+00:00,2026-10-04T08:24:42.698969+00:00,940638c5-7cd0-4a11-899e-86af3868d400,532,10,2,0,8,0,1,1,1,1791102156
2026-10-04T08:24:09+00:00,2026-10-04T08:24:42.698969+00:00,f83511d4-0de8-11e7-991c-3863bb43a7d0,173,5,1,0,8,1,1,1,1,1791102156
2026-10-04T08:24:09+00:00,2026-10-04T08:24:42.698969+00:00,295553ea-851b-4ac2-a094-f9d1208e399a,412,5,1,0,14,0,1,1,1,1791102156
2026-10-04T08:24:09+00:00,2026-10-04T08:24:42.698969+00:00,f8347f09-0de8-11e7-991c-3863bb43a7d0,37,7,0,1,7,0,1,1,1,1791102157
2026-10-04T08:24:09+00:00,2026-10-04T08:24:42.698969+00:00,f834c7a9-0de8-11e7-991c-3863bb43a7d0,112,7,1,0,8,0,1,1,1,1791102156
2026-10-04T08:24:09+00:00,2026-10-04T08:24:42.698969+00:00,2270454512964591136,2270454512964591136,2,0,0,17,0,1,1,1,1791102156
2026-10-04T08:24:09+00:00,2026-10-04T08:24:42.698969+00:00,8b97606e-a849-4db8-ae9b-4009fe48d90b,556,8,0,0,11,0,1,1,1,1791102200
2026-10-04T08:24:09+00:00,2026-10-04T08:24:42.698969+00:00,f8346d23-0de8-11e7-991c-3863bb43a7d0,15,12,0,1,2,0,1,1,1,1791102201
2026-10-04T08:24:09+00:00,2026-10-04T08:24:42.698969+00:00,2259733531216984776,2259733531216984776,8,0,0,7,0,1,1,1,1791102195
2026-10-04T08:24:09+00:00,2026-10-04T08:24:42.698969+00:00,1e1b40cd-8e00-4b74-b147-be6b23f5c9e7,385,3,2,0,12,0,1,1,1,1791102200
2026-10-04T08:24:09+00:00,2026-10-04T08:24:42.698969+00:00,f834cfd8-0de8-11e7-991c-3863bb43a7d0,117,2,0,4,9,2,1,1,1,1791102199
2026-10-04T08:24:09+00:00,2026-10-04T08:24:42.698969+00:00,f834708e-0de8-11e7-991c-3863bb43a7d0,21,9,0,2,7,0,1,1,1,1791102202
2026-10-04T08:24:09+00:00,2026-10-04T08:24:42.698969+00:00,1cced911-b428-4cfd-81be-3a8f77ce7379,233,15,1,0,0,0,1,1,1,1791102205
2026-10-04T08:24:09+00:00,2026-10-04T08:24:42.698969+00:00,c5cfd1ed-aa44-4e20-96bb-e334c96f0d68,376,12,0,1,2,0,1,1,1,1791102206
2026-10-04T08:24:09+00:00,2026-10-04T08:24:42.698969+00:00,1986302395589722758,1986302395589722758,6,1,0,4,0,1,1,1,1791102206
2026-10-04T08:24:09+00:00,2026-10-04T08:24:42.698969+00:00,2090158541932726550,2090158541932726550,3,0,0,12,0,1,1,1,1791102206
2026-10-04T08:24:09+00:00,2026-10-04T08:24:42.698969+00:00,7e1dae55-4d3d-4a41-b969-2aeca70e0e69,7e1dae55-4d3d-4a41-b969-2aeca70e0e69,5,0,0,6,0,1,1,1,1791102206
2026-10-04T08:24:09+00:00,2026-10-04T08:24:42.698969+00:00,48abed77-c9ba-4a39-8a5c-6a1e9bb8a9a5,48abed77-c9ba-4a39-8a5c-6a1e9bb8a9a5,7,2,0,9,0,1,1,1,1791102204
2026-10-04T08:24:09+00:00,2026-10-04T08:24:42.698969+00:00,2090635592862466836,2090635592862466836,25,3,1,4,1,1,1,1,1791102208
2026-10-04T08:24:09+00:00,2026-10-04T08:24:42.698969+00:00,2088704000370565344,2088704000370565344,5,1,2,5,0,1,1,1,1791102213
2026-10-04T08:24:09+00:00,2026-10-04T08:24:42.698969+00:00,5b1d2661-8a93-4f14-b242-ebc52792f951,337,15,3,0,0,0,1,1,1,1791102212
2026-10-04T08:24:09+00:00,2026-10-04T08:24:42.698969+00:00,2085366936904166272,2085366936904166272,9,1,1,5,0,1,1,1,1791102212
2026-10-04T08:24:09+00:00,2026-10-04T08:24:42.698969+00:00,f834b8b3-0de8-11e7-991c-3863bb43a7d0,105,3,0,0,15,0,1,1,1,1791102217
2026-10-04T08:24:09+00:00,2026-10-04T08:24:42.698969+00:00,f8352ba8-0de8-11e7-991c-3863bb43a7d0,215,0,0,0,15,0,1,1,1,1791102217
2026-10-04T08:24:09+00:00,2026-10-04T08:24:42.698969+00:00,2118728866631796788,2118728866631796788,11,2,0,4,0,1,1,1,1791102217
2026-10-04T08:24:09+00:00,2026-10-04T08:24:42.698969+00:00,1963613484180639992,1963613484180639992,15,2,0,4,0,1,1,1,1791102214
2026-10-04T08:24:09+00:00,2026-10-04T08:24:42.698969+00:00,2040842870122359032,2040842870122359032,0,0,0,20,0,1,1,1,1791102215
2026-10-04T08:24:09+00:00,2026-10-04T08:24:42.698969+00:00,2145094035874873892,2145094035874873892,19,1,0,0,0,1,1,1,1791102216
2026-10-04T08:24:09+00:00,2026-10-04T08:24:42.698969+00:00,f8349440-0de8-11e7-991c-3863bb43a7d0,68,0,0,1,18,0,1,1,1,1791102216
2026-10-04T08:24:09+00:00,2026-10-04T08:24:42.698969+00:00,f8352b39-0de8-11e7-991c-3863bb43a7d0,214,1,0,0,12,1,1,1,1,1791102220
2026-10-04T08:24:09+00:00,2026-10-04T08:24:42.698969+00:00,ccf82572-a142-4378-9a4b-5a51fcb4ef81,350,13,5,0,4,0,1,1,1,1791102220
2026-10-04T08:24:09+00:00,2026-10-04T08:24:42.698969+00:00,f8351f1d-0de8-11e7-991c-3863bb43a7d0,191,8,0,0,7,0,1,1,1,1791102218
2026-10-04T08:24:09+00:00,2026-10-04T08:24:42.698969+00:00,df03c61a-29d7-445d-9980-d7f058916591,345,13,0,1,6,0,1,1,1,1791102217
2026-10-04T08:24:09+00:00,2026-10-04T08:24:42.698969+00:00,25a9114f-66f0-427c-920f-5526ca84f056,346,15,5,0,0,0,1,1,1,1791102217
2026-10-04T08:24:09+00:00,2026-10-04T08:24:42.698969+00:00,2227858849424910006,2227858849424910006,8,1,0,0,0,1,1,1,1791102216
2026-10-04T08:24:09+00:00,2026-10-04T08:24:42.698969+00:00,fe90d430-d33f-48b2-a5cd-bc161b220939,553,12,1,0,11,0,1,1,1,1791102220
2026-10-04T08:24:09+00:00,2026-10-04T08:24:42.698969+00:00,ea65c25f-0718-4f79-8588-c58b9fe3a105,226,11,2,1,2,1,1,1,1,1791102220
2026-10-04T08:24:09+00:00,2026-10-04T08:24:42.698969+00:00,270ad97d-035d-472a-9827-76d3187afc56,402,9,2,1,5,0,1,1,1,1791102220
2026-10-04T08:24:09+00:00,2026-10-04T08:24:42.698969+00:00,2249415127458891992,2249415127458891992,10,3,0,5,0,1,1,1,1791102221
2026-10-04T08:24:09+00:00,2026-10-04T08:24:42.698969+00:00,e4678b17-face-42c3-9b5f-98418d31e3b6,e4678b17-face-42c3-9b5f-98418d31e3b6,9,3,0,2,0,1,1,1,1791102222
2026-10-04T08:24:09+00:00,2026-10-04T08:24:42.698969+00:00,f8347e78-0de8-11e7-991c-3863bb43a7d0,36,9,0,0,22,0,1,1,1,1791102225
2026-10-04T08:24:09+00:00,2026-10-04T08:24:42.698969+00:00,f8346ad7-0de8-11e7-991c-3863bb43a7d0,11,2,0,1,11,0,1,1,1,1791102226
2026-10-04T08:24:09+00:00,2026-10-04T08:24:42.698969+00:00,f8350b76-0de8-11e7-991c-3863bb43a7d0,159,9,3,0,9,2,1,1,1,1791102227
2026-10-04T08:24:09+00:00,2026-10-04T08:24:42.698969+00:00,90330e1a-dee5-4914-9d3f-3891aeca12ca,434,11,2,0,8,0,1,1,1,1791102223
2026-10-04T08:24:09+00:00,2026-10-04T08:24:42.698969+00:00,51bb4381-dae4-4aeb-b213-0614b807be29,344,9,3,0,10,0,1,1,1,1791102223
2026-10-04T08:24:09+00:00,2026-10-04T08:24:42.698969+00:00,868ccc83-99e5-4faf-96eb-e1fae26b9741,481,12,2,0,7,0,1,1,1,1791102164
2026-10-04T08:24:09+00:00,2026-10-04T08:24:42.698969+00:00,6aebc664-1e3c-479f-8f65-2bae99215ed3,6aebc664-1e3c-479f-8f65-2bae99215ed3,5,0,0,6,0,1,1,1,1791102163
2026-10-04T08:24:09+00:00,2026-10-04T08:24:42.698969+00:00,ad2cf74c-0e8c-4e15-8f19-2259e8c82f0f,404,3,0,0,13,0,1,1,1,1791102162
2026-10-04T08:24:09+00:00,2026-10-04T08:24:42.698969+00:00,d5349097-b478-4b3f-9c46-d8fbcf38e3f4,509,6,3,0,6,0,1,1,1,1791102166
2026-10-04T08:24:09+00:00,2026-10-04T08:24:42.698969+00:00,f834e534-0de8-11e7-991c-3863bb43a7d0,128,8,5,2,10,0,1,1,1,1791102167
2026-10-04T08:24:09+00:00,2026-10-04T08:24:42.698969+00:00,f834a959-0de8-11e7-991c-3863bb43a7d0,94,6,0,0,5,0,1,1,1,1791102171
2026-10-04T08:24:09+00:00,2026-10-04T08:24:42.698969+00:00,903b9b5d-4244-43e4-8441-0d17f9a994f7,528,3,3,2,6,0,1,1,1,1791102167
2026-10-04T08:24:09+00:00,2026-10-04T08:24:42.698969+00:00,2087949096844032050,2087949096844032050,11,0,0,4,0,1,1,1,1791102174
2026-10-04T08:24:09+00:00,2026-10-04T08:24:42.698969+00:00,81323081-749c-44cf-ac62-0e6c64305c32,461,5,0,0,6,0,1,1,1,1791102173
2026-10-04T08:24:09+00:00,2026-10-04T08:24:42.698969+00:00,1991922092203192944,1991922092203192944,0,0,0,19,0,1,1,1,1791102173
2026-10-04T08:24:09+00:00,2026-10-04T08:24:42.698969+00:00,2027502297316997708,2027502297316997708,1,0,0,9,0,1,1,1,1791102174
2026-10-04T08:24:09+00:00,2026-10-04T08:24:42.698969+00:00,0208190e-851c-417d-8bc7-1b218db97fbf,0208190e-851c-417d-8bc7-1b218db97fbf,0,0,0,23,0,1,1,1,1791102185
2026-10-04T08:24:09+00:00,2026-10-04T08:24:42.698969+00:00,a6e0db4f-fc9b-42af-bfe0-36cc0259b717,446,11,2,0,5,0,1,1,1,1791102184
2026-10-04T08:24:09+00:00,2026-10-04T08:24:42.698969+00:00,f83482d2-0de8-11e7-991c-3863bb43a7d0,44,2,0,2,27,0,1,1,1,1791102184
2026-10-04T08:24:09+00:00,2026-10-04T08:24:42.698969+00:00,b205d2bb-bb76-49ac-8d14-85eec5a874d3,343,11,2,0,4,0,1,1,1,1791102188
2026-10-04T08:24:09+00:00,2026-10-04T08:24:42.698969+00:00,8a404180-7c2e-4dbe-9489-c478ed959282,8a404180-7c2e-4dbe-9489-c478ed959282,2,0,3,14,0,1,1,1,1791102189
2026-10-04T08:24:09+00:00,2026-10-04T08:24:42.698969+00:00,f8352219-0de8-11e7-991c-3863bb43a7d0,197,9,2,1,5,0,1,1,1,1791102144
2026-10-04T08:24:09+00:00,2026-10-04T08:24:42.698969+00:00,1994466222105870452,1994466222105870452,4,1,2,5,0,1,1,1,1791102145
2026-10-04T08:24:09+00:00,2026-10-04T08:24:42.698969+00:00,2080205593583047424,2080205593583047424,5,0,0,11,0,1,1,1,1791102077
2026-10-04T08:24:09+00:00,2026-10-04T08:24:42.698969+00:00,d22265a8-a6d7-4922-a6b5-4be738a9e5c4,392,15,10,0,0,0,1,1,1,1791102147
2026-10-04T08:24:09+00:00,2026-10-04T08:24:42.698969+00:00,57716f8d-c9ee-4768-8872-71343ec3ffd8,514,15,1,2,2,0,1,1,1,1791102145
2026-10-04T08:24:09+00:00,2026-10-04T08:24:42.698969+00:00,380de8b2-2728-4e4b-83f1-251bfbb5acf2,487,10,3,0,9,0,1,1,1,1791102149
2026-10-04T08:24:09+00:00,2026-10-04T08:24:42.698969+00:00,ff938129-8179-455c-9ac9-9fcb9fc0b6d5,ff938129-8179-455c-9ac9-9fcb9fc0b6d5,6,4,0,13,0,1,1,1,1791102154
2026-10-04T08:24:09+00:00,2026-10-04T08:24:42.698969+00:00,9bfa4a32-5598-46ea-a1a1-17b4c6ed9d84,431,11,2,0,4,0,1,1,1,1791102178
2026-10-04T08:24:09+00:00,2026-10-04T08:24:42.698969+00:00,f834f6a3-0de8-11e7-991c-3863bb43a7d0,135,5,0,0,12,0,1,1,1,1791102178
2026-10-04T08:24:09+00:00,2026-10-04T08:24:42.698969+00:00,36f36eed-1070-49be-8b31-5676b8b3489f,227,6,0,3,10,0,1,1,1,1791102182
2026-10-04T08:24:09+00:00,2026-10-04T08:24:42.698969+00:00,2069389896750516900,2069389896750516900,5,1,0,15,0,1,1,1,1791102182
2026-10-04T08:24:09+00:00,2026-10-04T08:24:42.698969+00:00,68e5e79a-3c94-4848-b619-9c0829d7f687,475,12,2,3,0,0,1,1,1,1791102183
2026-10-04T08:24:09+00:00,2026-10-04T08:24:42.698969+00:00,2110984374959099994,2110984374959099994,11,4,1,7,1,1,1,1,1791102183
2026-10-04T08:24:09+00:00,2026-10-04T08:24:42.698969+00:00,2246034666940677832,2246034666940677832,5,0,0,6,0,1,1,1,1791102180
2026-10-04T08:24:09+00:00,2026-10-04T08:24:42.698969+00:00,fbc512a5-4b98-4821-bcfb-bb0c7ac83543,365,9,0,0,10,0,1,1,1,1791102181
2026-10-04T08:24:09+00:00,2026-10-04T08:24:42.698969+00:00,ef6ef93b-488f-496b-afbf-3aedfd967129,517,7,3,1,7,0,1,1,1,1791102136
2026-10-04T08:24:09+00:00,2026-10-04T08:24:42.698969+00:00,2141791438824588162,2141791438824588162,4,1,1,14,0,1,1,1,1791102133
2026-10-04T08:24:09+00:00,2026-10-04T08:24:42.698969+00:00,b6a8522d-296d-4c05-887d-842374520780,545,11,11,0,2,1,1,1,1,1791102134
2026-10-04T08:24:09+00:00,2026-10-04T08:24:42.698969+00:00,f835288a-0de8-11e7-991c-3863bb43a7d0,208,15,1,0,0,0,1,1,1,1791102140
2026-10-04T08:24:09+00:00,2026-10-04T08:24:42.698969+00:00,dede6d5f-7d62-496e-a8ca-d5a64afe39c1,544,5,0,0,10,0,1,1,1,1791102138
2026-10-04T08:24:09+00:00,2026-10-04T08:24:42.698969+00:00,d7507124-4cab-4063-8445-a59a33a3d6e4,512,10,1,0,9,0,1,1,1,1791102138
2026-10-04T08:24:09+00:00,2026-10-04T08:24:42.698969+00:00,cf5f920f-b61d-4db0-b139-14aff04d577c,459,0,0,0,23,0,1,1,1,1791102190
2026-10-04T08:24:09+00:00,2026-10-04T08:24:42.698969+00:00,f834662c-0de8-11e7-991c-3863bb43a7d0,5,9,1,0,6,0,1,1,1,1791102190
2026-10-04T08:24:09+00:00,2026-10-04T08:24:42.698969+00:00,8d893519-bc21-4536-b346-f558988bc8ad,260,14,4,1,0,0,1,1,1,1791102192
2026-10-04T08:24:09+00:00,2026-10-04T08:24:42.698969+00:00,f8346803-0de8-11e7-991c-3863bb43a7d0,8,12,0,0,6,0,1,1,1,1791102192
2026-10-04T08:24:09+00:00,2026-10-04T08:24:42.698969+00:00,1994054629753598708,1994054629753598708,13,3,0,1,0,1,1,1,1791102193
2026-10-04T08:24:09+00:00,2026-10-04T08:24:42.698969+00:00,b34694c2-c640-4f70-b196-1c357ab798e0,b34694c2-c640-4f70-b196-1c357ab798e0,10,3,0,5,0,1,1,1,1791102194
2026-10-04T08:24:09+00:00,2026-10-04T08:24:42.698969+00:00,888780ee-bf2f-474e-9622-6bc725aa1b00,888780ee-bf2f-474e-9622-6bc725aa1b00,0,0,0,11,0,1,1,1,1791102192
2026-10-04T08:24:09+00:00,2026-10-04T08:24:42.698969+00:00,f83491d4-0de8-11e7-991c-3863bb43a7d0,64,15,0,0,8,0,1,1,1,1791102194
2026-10-04T08:24:09+00:00,2026-10-04T08:24:42.698969+00:00,f834abfd-0de8-11e7-991c-3863bb43a7d0,96,4,1,0,15,0,1,1,1,1791102229
2026-10-04T08:24:09+00:00,2026-10-04T08:24:42.698969+00:00,f834b101-0de8-11e7-991c-3863bb43a7d0,97,15,0,0,3,1,1,1,1,1791102229
2026-10-04T08:24:09+00:00,2026-10-04T08:24:42.698969+00:00,f83497b9-0de8-11e7-991c-3863bb43a7d0,74,2,0,2,15,0,1,1,1,1791102230
2026-10-04T08:24:09+00:00,2026-10-04T08:24:42.698969+00:00,2085737662370069102,2085737662370069102,18,11,0,0,1,1,1,1,1791102228
2026-10-04T08:24:09+00:00,2026-10-04T08:24:42.698969+00:00,7f68a70d-af0e-450a-b7a8-ce621cd0c8c1,280,18,10,1,0,0,1,1,1,1791102229
2026-10-04T08:24:09+00:00,2026-10-04T08:24:42.698969+00:00,99675a11-a92c-465c-bf5a-434b08ba5fc6,400,1,0,0,51,0,1,1,1,1791102230
2026-10-04T08:24:09+00:00,2026-10-04T08:24:42.698969+00:00,56817d8e-3a1c-431a-a529-1a600f80c364,366,4,0,1,22,0,1,1,1,1791102231
2026-10-04T08:24:09+00:00,2026-10-04T08:24:42.698969+00:00,23146f28-9762-4a6d-a6db-fcd4ff0e5d07,356,7,1,0,16,0,1,1,1,1791102233
2026-10-04T08:24:09+00:00,2026-10-04T08:24:42.698969+00:00,f8347ccd-0de8-11e7-991c-3863bb43a7d0,33,2,0,2,23,0,1,1,1,1791102233
2026-10-04T08:24:09+00:00,2026-10-04T08:24:42.698969+00:00,f2b83aa2-86cd-4904-a099-74bf2023f768,330,11,1,0,4,0,1,1,1,1791102234
2026-10-04T08:24:09+00:00,2026-10-04T08:24:42.698969+00:00,2119105928286481344,2119105928286481344,2,1,0,17,0,1,1,1,1791102232
2026-10-04T08:24:09+00:00,2026-10-04T08:24:42.698969+00:00,1a661bb7-7d14-49e9-ac3d-22bafec8a2f0,507,7,2,1,3,0,1,1,1,1791102234
2026-10-04T08:24:09+00:00,2026-10-04T08:24:42.698969+00:00,f8350ecf-0de8-11e7-991c-3863bb43a7d0,167,2,0,1,12,0,1,1,1,1791102235
2026-10-04T08:24:09+00:00,2026-10-04T08:24:42.698969+00:00,f83513a7-0de8-11e7-991c-3863bb43a7d0,177,2,0,0,17,0,1,1,1,1791102236
2026-10-04T08:24:09+00:00,2026-10-04T08:24:42.698969+00:00,9721c80e-fc8f-474f-8918-b68c041d2836,9721c80e-fc8f-474f-8918-b68c041d2836,7,0,0,16,0,1,1,1,1791102236
2026-10-04T08:24:09+00:00,2026-10-04T08:24:42.698969+00:00,f83488be-0de8-11e7-991c-3863bb43a7d0,56,4,2,0,14,0,1,1,1,1791102236
2026-10-04T08:24:09+00:00,2026-10-04T08:24:42.698969+00:00,f8349b20-0de8-11e7-991c-3863bb43a7d0,76,0,0,0,16,0,1,1,1,1791102237
2026-10-04T08:24:09+00:00,2026-10-04T08:24:42.698969+00:00,2270212773802111256,2270212773802111256,11,1,0,8,0,1,1,1,1791102237
2026-10-04T08:24:09+00:00,2026-10-04T08:24:42.698969+00:00,f8346b6f-0de8-11e7-991c-3863bb43a7d0,12,2,0,1,24,0,1,1,1,1791102232
2026-10-04T08:24:09+00:00,2026-10-04T08:24:42.698969+00:00,f83517fa-0de8-11e7-991c-3863bb43a7d0,187,0,0,14,0,0,1,0,0,1791097495
2026-10-04T08:24:09+00:00,2026-10-04T08:24:42.698969+00:00,7560f0e3-267b-4fb3-bbfa-6e02010cfcb7,225,14,1,1,4,0,1,1,1,1791102238
2026-10-04T08:24:09+00:00,2026-10-04T08:24:42.698969+00:00,f8347c41-0de8-11e7-991c-3863bb43a7d0,32,13,1,1,0,0,1,1,1,1791102238
2026-10-04T08:24:09+00:00,2026-10-04T08:24:42.698969+00:00,f8348622-0de8-11e7-991c-3863bb43a7d0,50,3,1,1,14,1,1,1,1,1791102238
2026-10-04T08:24:09+00:00,2026-10-04T08:24:42.698969+00:00,61168d8b-20b7-46c8-8f08-6ae1f100c4e0,550,7,3,0,10,0,1,1,1,1791102238
2026-10-04T08:24:09+00:00,2026-10-04T08:24:42.698969+00:00,103a9881-e30a-4d57-b81d-863b995ff759,255,0,0,0,0,0,0,0,0,86400
2026-10-04T08:24:09+00:00,2026-10-04T08:24:42.698969+00:00,518f6524-0e7f-454d-974e-e3ff9db1f795,494,5,1,0,6,0,1,1,1,1791102122
2026-10-04T08:24:09+00:00,2026-10-04T08:24:42.698969+00:00,2fd22786-dfeb-4126-a906-4f01802087f3,454,7,0,0,12,0,1,1,1,1791102128
2026-10-04T08:24:09+00:00,2026-10-04T08:24:42.698969+00:00,533620e8-00ff-494a-b288-bd67602bc98e,472,4,0,0,22,0,1,1,1,1791102129
2026-10-04T08:24:09+00:00,2026-10-04T08:24:42.698969+00:00,9ca92778-9101-48df-90ea-08b784e26a1a,413,18,1,1,0,0,1,1,1,1791102130
2026-10-04T08:24:09+00:00,2026-10-04T08:24:42.698969+00:00,ef54374b-0406-4b17-b0a1-847f1d7bea06,410,15,4,0,0,0,1,1,1,1791102134
2026-10-04T08:24:09+00:00,2026-10-04T08:24:42.698969+00:00,2078337213380274244,2078337213380274244,11,4,0,0,0,1,1,1,1791102134
2026-10-04T08:24:09+00:00,2026-10-04T08:24:42.698969+00:00,2327cb08-fa9f-459b-9ab0-1a319b0f2f4c,539,8,1,1,9,0,1,1,1,1791102140
2026-10-04T08:24:09+00:00,2026-10-04T08:24:42.698969+00:00,9e710d48-51c1-460e-a027-3d16bde62b13,419,0,0,14,0,1,1,0,0,1791102140
2026-10-04T08:24:09+00:00,2026-10-04T08:24:42.698969+00:00,f83523e3-0de8-11e7-991c-3863bb43a7d0,201,3,0,1,11,0,1,1,1,1791102143
2026-10-04T08:24:09+00:00,2026-10-04T08:24:42.698969+00:00,ccd6fdd4-b39e-46d7-b43c-7bacffb6bd87,523,12,6,1,3,0,1,1,1,1791102145
2026-10-04T08:24:09+00:00,2026-10-04T08:24:42.698969+00:00,f834b49d-0de8-11e7-991c-3863bb43a7d0,101,17,9,0,1,0,1,1,1,1791102150
2026-10-04T08:24:09+00:00,2026-10-04T08:24:42.698969+00:00,f8349c69-0de8-11e7-991c-3863bb43a7d0,78,18,3,0,1,0,1,1,1,1791102151
2026-10-04T08:24:09+00:00,2026-10-04T08:24:42.698969+00:00,70f20fcb-8e63-4015-9007-b97c525ab0a9,335,11,0,0,8,0,1,1,1,1791102152
2026-10-04T08:24:09+00:00,2026-10-04T08:24:42.698969+00:00,2070180968009321294,2070180968009321294,13,0,0,6,2,1,1,1,1791102152
2026-10-04T08:24:09+00:00,2026-10-04T08:24:42.698969+00:00,dfdaf866-b814-48e5-9bd3-eb7c4a733697,dfdaf866-b814-48e5-9bd3-eb7c4a733697,10,4,0,7,0,1,1,1,1791102148
2026-10-04T08:24:09+00:00,2026-10-04T08:24:42.698969+00:00,1944724820826878816,1944724820826878816,17,2,0,0,0,1,1,1,1791102154
2026-10-04T08:24:09+00:00,2026-10-04T08:24:42.698969+00:00,f8349824-0de8-11e7-991c-3863bb43a7d0,75,2,1,0,13,0,1,1,1,1791102153
2026-10-04T08:24:09+00:00,2026-10-04T08:24:42.698969+00:00,f834e1b2-0de8-11e7-991c-3863bb43a7d0,125,18,2,0,1,0,1,1,1,1791102184
2026-10-04T08:24:09+00:00,2026-10-04T08:24:42.698969+00:00,f83494b4-0de8-11e7-991c-3863bb43a7d0,69,18,2,0,1,0,1,1,1,1791102188
2026-10-04T08:24:09+00:00,2026-10-04T08:24:42.698969+00:00,2029805507281123700,2029805507281123700,14,4,1,4,0,1,1,1,1791102189
2026-10-04T08:24:09+00:00,2026-10-04T08:24:42.698969+00:00,5afe91c4-8076-4f9f-b83b-cf233bda2331,460,7,0,0,8,0,1,1,1,1791102189
2026-10-04T08:24:09+00:00,2026-10-04T08:24:42.698969+00:00,13444449-b3a8-43d2-b8b9-a59fbc59a174,397,8,2,2,5,0,1,1,1,1791102191
2026-10-04T08:24:09+00:00,2026-10-04T08:24:42.698969+00:00,f83516b8-0de8-11e7-991c-3863bb43a7d0,184,17,2,0,1,1,1,1,1,1791102191
2026-10-04T08:24:09+00:00,2026-10-04T08:24:42.698969+00:00,f8348136-0de8-11e7-991c-3863bb43a7d0,41,25,0,1,1,0,1,1,1,1791102192
2026-10-04T08:24:09+00:00,2026-10-04T08:24:42.698969+00:00,d7ec834e-9d9a-402c-9956-7d5f42676b94,d7ec834e-9d9a-402c-9956-7d5f42676b94,3,2,0,11,1,1,1,1,1791102192
2026-10-04T08:24:09+00:00,2026-10-04T08:24:42.698969+00:00,f8349745-0de8-11e7-991c-3863bb43a7d0,73,0,0,1,14,0,1,1,1,1791102190
2026-10-04T08:24:09+00:00,2026-10-04T08:24:42.698969+00:00,287aedf5-0361-47e9-9de0-14ae3b75cc0d,287aedf5-0361-47e9-9de0-14ae3b75cc0d,9,1,1,11,0,1,1,1,1791102190
2026-10-04T08:24:09+00:00,2026-10-04T08:24:42.698969+00:00,2038239468396569074,2038239468396569074,17,0,1,13,1,1,1,1,1791102191
2026-10-04T08:24:09+00:00,2026-10-04T08:24:42.698969+00:00,f83486ab-0de8-11e7-991c-3863bb43a7d0,51,8,0,0,7,0,1,1,1,1791102163
2026-10-04T08:24:09+00:00,2026-10-04T08:24:42.698969+00:00,f6df6c1a-064f-428a-951c-2069a081b9df,380,4,1,1,13,0,1,1,1,1791102163
2026-10-04T08:24:09+00:00,2026-10-04T08:24:42.698969+00:00,f83464e4-0de8-11e7-991c-3863bb43a7d0,3,13,1,0,0,0,1,1,1,1791102158
2026-10-04T08:24:09+00:00,2026-10-04T08:24:42.698969+00:00,40e58976-02cc-4c7c-911f-7a6c97588bfa,520,14,0,1,6,0,1,1,1,1791102162
2026-10-04T08:24:09+00:00,2026-10-04T08:24:42.698969+00:00,2071632496372113488,2071632496372113488,10,0,0,10,0,1,1,1,1791102162
2026-10-04T08:24:09+00:00,2026-10-04T08:24:42.698969+00:00,0adccd89-1d8d-44da-9f7c-5f18acafeddf,338,2,2,0,13,0,1,1,1,1791102157
2026-10-04T08:24:09+00:00,2026-10-04T08:24:42.698969+00:00,ec3eea05-a3ff-43c6-9e24-0c63f09b915f,378,14,3,0,5,0,1,1,1,1791102172
2026-10-04T08:24:09+00:00,2026-10-04T08:24:42.698969+00:00,2111712079786088918,2111712079786088918,11,6,0,4,0,1,1,1,1791102172
2026-10-04T08:24:09+00:00,2026-10-04T08:24:42.698969+00:00,2057166010169469732,2057166010169469732,0,0,1,14,0,1,1,1,1791102195
2026-10-04T08:24:09+00:00,2026-10-04T08:24:42.698969+00:00,13918b3b-9ac5-4968-a74d-e40dd3bc952e,479,0,0,0,19,0,1,1,1,1791102195
2026-10-04T08:24:09+00:00,2026-10-04T08:24:42.698969+00:00,2223045710883822544,2223045710883822544,10,3,0,5,0,1,1,1,1791102193
2026-10-04T08:24:09+00:00,2026-10-04T08:24:42.698969+00:00,f8351019-0de8-11e7-991c-3863bb43a7d0,169,17,8,0,2,0,1,1,1,1791102194
2026-10-04T08:24:09+00:00,2026-10-04T08:24:42.698969+00:00,2038619205667946906,2038619205667946906,18,5,1,1,0,1,1,1,1791102193
2026-10-04T08:24:09+00:00,2026-10-04T08:24:42.698969+00:00,f8346768-0de8-11e7-991c-3863bb43a7d0,7,0,0,0,15,0,1,1,1,1791102194
2026-10-04T08:24:09+00:00,2026-10-04T08:24:42.698969+00:00,f83510fd-0de8-11e7-991c-3863bb43a7d0,171,18,0,1,4,0,1,1,1,1791102216
2026-10-04T08:24:09+00:00,2026-10-04T08:24:42.698969+00:00,f36e24cd-de4c-4a5e-adf4-cb97ccd2958d,505,8,4,2,1,0,1,1,1,1791102216
2026-10-04T08:24:09+00:00,2026-10-04T08:24:42.698969+00:00,2217856523888952522,2217856523888952522,8,2,0,12,0,1,1,1,1791102216
2026-10-04T08:24:09+00:00,2026-10-04T08:24:42.698969+00:00,2223043968513191970,2223043968513191970,7,0,0,9,0,1,1,1,1791102215
2026-10-04T08:24:09+00:00,2026-10-04T08:24:42.698969+00:00,2141932795355773712,2141932795355773712,1,0,2,14,0,1,1,1,1791102213
2026-10-04T08:24:09+00:00,2026-10-04T08:24:42.698969+00:00,2043912031919765854,2043912031919765854,3,0,0,17,0,1,1,1,1791102212
2026-10-04T08:24:09+00:00,2026-10-04T08:24:42.698969+00:00,36a8fbc8-6069-4a29-bbfd-63a2d019c9a5,415,0,0,0,19,0,1,1,1,1791102166
2026-10-04T08:24:09+00:00,2026-10-04T08:24:42.698969+00:00,1997031579059661288,1997031579059661288,9,2,0,2,0,1,1,1,1791102164
2026-10-04T08:24:09+00:00,2026-10-04T08:24:42.698969+00:00,f834cf45-0de8-11e7-991c-3863bb43a7d0,116,9,0,0,14,0,1,1,1,1791102168
2026-10-04T08:24:09+00:00,2026-10-04T08:24:42.698969+00:00,0f554e1d-9f0f-452d-9b4a-e00aa2c5911e,492,1,0,1,13,0,1,1,1,1791102166
2026-10-04T08:24:09+00:00,2026-10-04T08:24:42.698969+00:00,2136942888571742916,2136942888571742916,10,1,1,4,0,1,1,1,1791101920
2026-10-04T08:24:09+00:00,2026-10-04T08:24:42.698969+00:00,350e73e3-6f70-4b2d-87ab-24c8629e9a6a,350e73e3-6f70-4b2d-87ab-24c8629e9a6a,15,0,0,4,0,1,1,1,1791102179
2026-10-04T08:24:09+00:00,2026-10-04T08:24:42.698969+00:00,f8348481-0de8-11e7-991c-3863bb43a7d0,47,7,0,1,10,1,1,1,1,1791102177
2026-10-04T08:24:09+00:00,2026-10-04T08:24:42.698969+00:00,02a4416f-80b4-4472-accd-5db482ed5b6d,367,2,0,0,17,0,1,1,1,1791102199
2026-10-04T08:24:09+00:00,2026-10-04T08:24:42.698969+00:00,f834952a-0de8-11e7-991c-3863bb43a7d0,70,5,0,1,17,1,1,1,1,1791102199
2026-10-04T08:24:09+00:00,2026-10-04T08:24:42.698969+00:00,f8348995-0de8-11e7-991c-3863bb43a7d0,58,12,0,0,7,0,1,1,1,1791102157
2026-10-04T08:24:09+00:00,2026-10-04T08:24:42.698969+00:00,f8346894-0de8-11e7-991c-3863bb43a7d0,9,11,3,3,1,0,1,1,1,1791102197
2026-10-04T08:24:09+00:00,2026-10-04T08:24:42.698969+00:00,2071993292066931472,2071993292066931472,12,0,0,8,0,1,1,1,1791102198
2026-10-04T08:24:09+00:00,2026-10-04T08:24:42.698969+00:00,e68655be-23d3-46e5-a509-25be677e7542,482,8,3,0,3,0,1,1,1,1791102198
2026-10-04T08:24:09+00:00,2026-10-04T08:24:42.698969+00:00,ba634139-d7bf-448f-aac4-25995d36b67b,373,5,2,0,10,0,1,1,1,1791102202
2026-10-04T08:24:09+00:00,2026-10-04T08:24:42.698969+00:00,7ec0c53c-876a-419c-a78b-4edd000bbc9a,445,16,2,2,1,0,1,1,1,1791102205
2026-10-04T08:24:09+00:00,2026-10-04T08:24:42.698969+00:00,b23674a7-15a8-46d2-8219-6668acecf24a,548,10,0,0,8,0,1,1,1,1791102205
2026-10-04T08:24:09+00:00,2026-10-04T08:24:42.698969+00:00,0839bb10-e876-4198-95e4-0147a561853d,258,15,0,0,0,0,1,1,1,1791102205
2026-10-04T08:24:09+00:00,2026-10-04T08:24:42.698969+00:00,f8347118-0de8-11e7-991c-3863bb43a7d0,22,9,0,1,24,1,1,1,1,1791102206
2026-10-04T08:24:09+00:00,2026-10-04T08:24:42.698969+00:00,ff6ed364-8676-45a0-b97f-71025683849e,442,6,2,0,9,0,1,1,1,1791102205
2026-10-04T08:24:09+00:00,2026-10-04T08:24:42.698969+00:00,2267569638034503736,2267569638034503736,9,0,0,10,0,1,1,1,1791102203
2026-10-04T08:24:09+00:00,2026-10-04T08:24:42.698969+00:00,1975886280004030604,1975886280004030604,15,2,0,8,0,1,1,1,1791102205
2026-10-04T08:24:09+00:00,2026-10-04T08:24:42.698969+00:00,f834b42d-0de8-11e7-991c-3863bb43a7d0,100,1,0,1,23,0,1,1,1,1791102206
2026-10-04T08:24:09+00:00,2026-10-04T08:24:42.698969+00:00,f834b5d9-0de8-11e7-991c-3863bb43a7d0,103,6,0,0,9,0,1,1,1,1791102207
2026-10-04T08:24:09+00:00,2026-10-04T08:24:42.698969+00:00,676ca473-eed6-4971-aaf3-e199a7ca335b,433,15,7,1,2,1,1,1,1,1791102207
2026-10-04T08:24:09+00:00,2026-10-04T08:24:42.698969+00:00,a18e1e55-507e-49d8-b7c0-5c0efd959125,358,18,6,0,1,0,1,1,1,1791102207
2026-10-04T08:24:09+00:00,2026-10-04T08:24:42.698969+00:00,ddcc8869-b8d4-483c-b9da-457fcebc8dc1,417,15,0,0,4,0,1,1,1,1791102207
2026-10-04T08:24:09+00:00,2026-10-04T08:24:42.698969+00:00,f35de2ab-979e-42d5-8cbd-dc479ed637e9,503,2,2,0,4,0,1,1,1,1791102208
2026-10-04T08:24:09+00:00,2026-10-04T08:24:42.698969+00:00,f8352c92-0de8-11e7-991c-3863bb43a7d0,217,4,2,0,15,0,1,1,1,1791102210
2026-10-04T08:24:09+00:00,2026-10-04T08:24:42.698969+00:00,83183df0-38c2-4ae8-a0c4-4b59599c9582,222,11,5,0,3,0,1,1,1,1791102218
2026-10-04T08:24:09+00:00,2026-10-04T08:24:42.698969+00:00,b995a0b4-fc26-4661-9bc8-e166d648edfd,353,7,0,0,8,0,1,1,1,1791102217
2026-10-04T08:24:09+00:00,2026-10-04T08:24:42.698969+00:00,2103549125054737064,2103549125054737064,4,1,0,12,0,1,1,1,1791102216
2026-10-04T08:24:09+00:00,2026-10-04T08:24:42.698969+00:00,abefafdc-c772-4671-86fe-fc15a42adebb,abefafdc-c772-4671-86fe-fc15a42adebb,6,1,0,17,0,1,1,1,1791102219
2026-10-04T08:24:09+00:00,2026-10-04T08:24:42.698969+00:00,f24a573e-ef07-4785-9270-70c443510ea6,359,7,0,4,4,0,1,1,1,1791102218
2026-10-04T08:24:09+00:00,2026-10-04T08:24:42.698969+00:00,1960693490199507164,1960693490199507164,6,2,0,13,0,1,1,1,1791102224
2026-10-04T08:24:09+00:00,2026-10-04T08:24:42.698969+00:00,f83524c0-0de8-11e7-991c-3863bb43a7d0,203,5,3,0,9,0,1,1,1,1791102224
2026-10-04T08:24:09+00:00,2026-10-04T08:24:42.698969+00:00,5f726a7d-5c5d-48b1-9b13-06c77572a237,516,3,3,1,7,0,1,1,1,1791102222
2026-10-04T08:24:09+00:00,2026-10-04T08:24:42.698969+00:00,2ba0c5dd-c990-4434-8a84-5c3eca23f096,447,7,4,0,12,0,1,1,1,1791102222
2026-10-04T08:24:09+00:00,2026-10-04T08:24:42.698969+00:00,53a148ca-ac69-4a9c-a986-9a4b4df2f5df,387,8,2,1,6,0,1,1,1,1791102225
2026-10-04T08:24:09+00:00,2026-10-04T08:24:42.698969+00:00,20b0b405-54ba-4a80-b89c-0819772665db,440,8,1,0,6,1,1,1,1,1791102223
2026-10-04T08:24:09+00:00,2026-10-04T08:24:42.698969+00:00,42a3ecca-af9a-4556-90ba-7631546f96f8,42a3ecca-af9a-4556-90ba-7631546f96f8,4,4,1,6,0,1,1,1,1791102224
2026-10-04T08:24:09+00:00,2026-10-04T08:24:42.698969+00:00,2113555008851845550,2113555008851845550,20,8,0,0,0,1,1,1,1791102226
2026-10-04T08:24:09+00:00,2026-10-04T08:24:42.698969+00:00,2113200093114979090,2113200093114979090,5,1,0,10,1,1,1,1,1791102231
2026-10-04T08:24:09+00:00,2026-10-04T08:24:42.698969+00:00,2264176803898382980,2264176803898382980,4,4,0,7,0,1,1,1,1791102232
2026-10-04T08:24:09+00:00,2026-10-04T08:24:42.698969+00:00,ce55d1b1-4267-40a9-ad44-5eab888ce18a,ce55d1b1-4267-40a9-ad44-5eab888ce18a,0,0,1,21,1,1,1,1,1791102232
2026-10-04T08:24:09+00:00,2026-10-04T08:24:42.698969+00:00,f834fd36-0de8-11e7-991c-3863bb43a7d0,142,7,4,0,16,0,1,1,1,1791102232
2026-10-04T08:24:09+00:00,2026-10-04T08:24:42.698969+00:00,f834f814-0de8-11e7-991c-3863bb43a7d0,136,2,1,1,16,0,1,1,1,1791102230
2026-10-04T08:24:09+00:00,2026-10-04T08:24:42.698969+00:00,9f54207a-3308-43bd-b45c-9042b6389598,423,14,2,1,4,0,1,1,1,1791102229
2026-10-04T08:24:09+00:00,2026-10-04T08:24:42.698969+00:00,2072145327190878794,2072145327190878794,15,1,0,9,0,1,1,1,1791102227
2026-10-04T08:24:09+00:00,2026-10-04T08:24:42.698969+00:00,2107991976288962746,2107991976288962746,0,0,3,17,0,1,1,1,1791102227
2026-10-04T08:24:09+00:00,2026-10-04T08:24:42.698969+00:00,93911aa1-b5e4-48aa-a2b6-38fbcf613006,93911aa1-b5e4-48aa-a2b6-38fbcf613006,17,2,0,1,0,1,1,1,1791102227
2026-10-04T08:24:09+00:00,2026-10-04T08:24:42.698969+00:00,bb27977d-36c1-496d-8bac-631b612dd7b8,332,11,1,1,3,0,1,1,1,1791102227
2026-10-04T08:24:09+00:00,2026-10-04T08:24:42.698969+00:00,342a2c60-71b0-4d19-98d6-47987cf20dbc,379,15,0,0,0,0,1,1,1,1791102228
2026-10-04T08:24:09+00:00,2026-10-04T08:24:42.698969+00:00,f834e244-0de8-11e7-991c-3863bb43a7d0,126,8,3,1,6,0,1,1,1,1791102229
2026-10-04T08:24:09+00:00,2026-10-04T08:24:42.698969+00:00,f8348509-0de8-11e7-991c-3863bb43a7d0,48,3,0,0,14,0,1,1,1,1791102233
2026-10-04T08:24:09+00:00,2026-10-04T08:24:42.698969+00:00,54d86d05-b399-42c5-a63a-a97713afc5d4,54d86d05-b399-42c5-a63a-a97713afc5d4,4,2,1,5,0,1,1,1,1791102233
2026-10-04T08:24:09+00:00,2026-10-04T08:24:42.698969+00:00,5bc7cba9-f0b0-442d-932c-e8c7927d87ce,386,6,0,2,11,0,1,1,1,1791102232
2026-10-04T08:24:09+00:00,2026-10-04T08:24:42.698969+00:00,5018e851-f2f3-4e18-9914-c316bbcc2c3d,331,3,0,0,12,0,1,1,1,1791102233
2026-10-04T08:24:09+00:00,2026-10-04T08:24:42.698969+00:00,2170342425741020744,2170342425741020744,16,3,1,0,0,1,1,1,1791102235
2026-10-04T08:24:09+00:00,2026-10-04T08:24:42.698969+00:00,c1ae49bd-2a20-4684-886b-ead8dd627cfd,c1ae49bd-2a20-4684-886b-ead8dd627cfd,2,0,1,14,0,1,1,1,1791102235
2026-10-04T08:24:09+00:00,2026-10-04T08:24:42.698969+00:00,f8351336-0de8-11e7-991c-3863bb43a7d0,176,15,2,0,0,0,1,1,1,1791102236
2026-10-04T08:24:09+00:00,2026-10-04T08:24:42.698969+00:00,510239fe-69c3-458b-b53c-6ce001845f4a,354,15,7,0,0,0,1,1,1,1791102236
2026-10-04T08:24:09+00:00,2026-10-04T08:24:42.698969+00:00,f8349ba9-0de8-11e7-991c-3863bb43a7d0,77,8,5,1,9,0,1,1,1,1791102237
2026-10-04T08:24:09+00:00,2026-10-04T08:24:42.698969+00:00,2241260819676115550,2241260819676115550,0,0,0,23,0,1,1,1,1791102238
2026-10-04T14:16:09+00:00,2026-10-04T14:17:03.674292+00:00,6eaa7343-402d-41c9-9aac-8c664fdbdcf1,6eaa7343-402d-41c9-9aac-8c664fdbdcf1,0,0,0,0,0,0,0,0,86400
2026-10-04T14:16:09+00:00,2026-10-04T14:17:03.674292+00:00,2110566771130438288,2110566771130438288,2,0,1,13,0,1,1,1,1791123152
2026-10-04T14:16:09+00:00,2026-10-04T14:17:03.674292+00:00,f8346e51-0de8-11e7-991c-3863bb43a7d0,17,0,0,4,11,0,1,0,0,1791062629
2026-10-04T14:16:09+00:00,2026-10-04T14:17:03.674292+00:00,f8347a8b-0de8-11e7-991c-3863bb43a7d0,29,19,0,0,0,0,1,1,1,1791123242
2026-10-04T14:16:09+00:00,2026-10-04T14:17:03.674292+00:00,569f4952-5a25-4394-a419-f9c4d9cca6f3,495,11,0,0,7,0,1,1,1,1791123242
2026-10-04T14:16:09+00:00,2026-10-04T14:17:03.674292+00:00,82b41ffb-e284-4e4d-b22a-0cad2bfd4bee,443,9,0,0,10,0,1,1,1,1791123242
2026-10-04T14:16:09+00:00,2026-10-04T14:17:03.674292+00:00,5410aac7-2ec0-47b6-b728-b99c5137b463,5410aac7-2ec0-47b6-b728-b99c5137b463,3,0,1,7,0,1,1,1,1791123240
2026-10-04T14:16:09+00:00,2026-10-04T14:17:03.674292+00:00,199f3d59-e726-4549-b9c1-4dfc8a343fdb,508,9,6,0,2,0,1,1,1,1791123243
2026-10-04T14:16:09+00:00,2026-10-04T14:17:03.674292+00:00,1997031876360597884,1997031876360597884,7,1,0,4,0,1,1,1,1791123265
2026-10-04T14:16:09+00:00,2026-10-04T14:17:03.674292+00:00,a825b55d-3ab3-481f-9c50-d3a7313e6843,228,10,1,0,9,0,1,1,1,1791123262
2026-10-04T14:16:09+00:00,2026-10-04T14:17:03.674292+00:00,ab6517ea-ed53-42eb-8881-657d362e56e8,560,3,2,0,12,0,1,1,1,1791123262
2026-10-04T14:16:09+00:00,2026-10-04T14:17:03.674292+00:00,2028220168245183460,2028220168245183460,12,0,0,7,0,1,1,1,1791123262
2026-10-04T14:16:09+00:00,2026-10-04T14:17:03.674292+00:00,eed9e64f-f09d-43c1-aa31-da968c66750a,368,8,3,0,7,0,1,1,1,1791123262
2026-10-04T14:16:09+00:00,2026-10-04T14:17:03.674292+00:00,2036412579943670600,2036412579943670600,4,2,0,8,0,1,1,1,1791123247
2026-10-04T14:16:09+00:00,2026-10-04T14:17:03.674292+00:00,15ec5783-ca7a-4225-ba51-cd0a45ecc975,15ec5783-ca7a-4225-ba51-cd0a45ecc975,8,5,0,3,0,1,1,1,1791123257
2026-10-04T14:16:09+00:00,2026-10-04T14:17:03.674292+00:00,f55cdf0a-3d7b-491c-bed2-7dc0ef2062d5,489,16,3,0,0,0,1,1,1,1791123269
2026-10-04T14:16:09+00:00,2026-10-04T14:17:03.674292+00:00,2220033166406469278,2220033166406469278,10,3,0,5,0,1,1,1,1791123266
2026-10-04T14:16:09+00:00,2026-10-04T14:17:03.674292+00:00,4d953f0f-13b5-4b3d-b2da-342003ff7cba,4d953f0f-13b5-4b3d-b2da-342003ff7cba,7,0,0,4,0,1,1,1,1791123267
2026-10-04T14:16:09+00:00,2026-10-04T14:17:03.674292+00:00,f834b1ed-0de8-11e7-991c-3863bb43a7d0,99,2,0,0,13,0,1,1,1,1791123270
2026-10-04T14:16:09+00:00,2026-10-04T14:17:03.674292+00:00,f835244e-0de8-11e7-991c-3863bb43a7d0,202,8,2,0,7,0,1,1,1,1791123272
2026-10-04T14:16:09+00:00,2026-10-04T14:17:03.674292+00:00,c111ef1a-f276-415d-a95e-8e3c4e3a0c03,522,4,3,1,10,0,1,1,1,1791123273
2026-10-04T14:16:09+00:00,2026-10-04T14:17:03.674292+00:00,f834f036-0de8-11e7-991c-3863bb43a7d0,133,6,0,0,17,0,1,1,1,1791123273
2026-10-04T14:16:09+00:00,2026-10-04T14:17:03.674292+00:00,1986694622707704150,1986694622707704150,11,0,1,7,0,1,1,1,1791123273
2026-10-04T14:16:09+00:00,2026-10-04T14:17:03.674292+00:00,f834b183-0de8-11e7-991c-3863bb43a7d0,98,16,0,0,6,0,1,1,1,1791123275
2026-10-04T14:16:09+00:00,2026-10-04T14:17:03.674292+00:00,a6d6d4b2-3666-43ad-a690-7f676bdcc3fd,542,13,0,0,6,0,1,1,1,1791123276
2026-10-04T14:16:09+00:00,2026-10-04T14:17:03.674292+00:00,f8347ba8-0de8-11e7-991c-3863bb43a7d0,31,10,0,0,9,0,1,1,1,1791123277
2026-10-04T14:16:09+00:00,2026-10-04T14:17:03.674292+00:00,f834fcbe-0de8-11e7-991c-3863bb43a7d0,141,1,0,1,13,0,1,1,1,1791123280
2026-10-04T14:16:09+00:00,2026-10-04T14:17:03.674292+00:00,e335fa7c-7adf-4360-9bfa-76b18124a56f,541,2,1,0,9,0,1,1,1,1791123279
2026-10-04T14:16:09+00:00,2026-10-04T14:17:03.674292+00:00,f834a2a8-0de8-11e7-991c-3863bb43a7d0,85,3,1,0,16,0,1,1,1,1791123280
2026-10-04T14:16:09+00:00,2026-10-04T14:17:03.674292+00:00,dcd76e42-eebc-4432-9726-cdb3372b0b07,557,0,0,0,19,0,1,1,1,1791123281
2026-10-04T14:16:09+00:00,2026-10-04T14:17:03.674292+00:00,1919521884659886482,1919521884659886482,1,0,0,18,0,1,1,1,1791123281
2026-10-04T14:16:09+00:00,2026-10-04T14:17:03.674292+00:00,f8350199-0de8-11e7-991c-3863bb43a7d0,150,13,0,1,5,0,1,1,1,1791123284
2026-10-04T14:16:09+00:00,2026-10-04T14:17:03.674292+00:00,2113559364250874028,2113559364250874028,9,1,0,6,0,1,1,1,1791123284
2026-10-04T14:16:09+00:00,2026-10-04T14:17:03.674292+00:00,f834b928-0de8-11e7-991c-3863bb43a7d0,106,10,2,1,3,0,1,1,1,1791123285
2026-10-04T14:16:09+00:00,2026-10-04T14:17:03.674292+00:00,768433a9-fc30-4485-b136-22d6f8a96f1c,768433a9-fc30-4485-b136-22d6f8a96f1c,8,2,0,3,0,1,1,1,1791123286
2026-10-04T14:16:09+00:00,2026-10-04T14:17:03.674292+00:00,f834e75d-0de8-11e7-991c-3863bb43a7d0,129,2,0,0,16,1,1,1,1,1791123285
2026-10-04T14:16:09+00:00,2026-10-04T14:17:03.674292+00:00,f834f948-0de8-11e7-991c-3863bb43a7d0,138,2,1,2,10,0,1,1,1,1791123290
2026-10-04T14:16:09+00:00,2026-10-04T14:17:03.674292+00:00,acb27827-d69a-4287-b132-3f529ca62ad2,427,0,0,0,0,0,1,0,0,1791123288
2026-10-04T14:16:09+00:00,2026-10-04T14:17:03.674292+00:00,38706d8c-8d4b-49f7-b6ed-7688449db261,463,2,0,0,17,0,1,1,1,1791123288
2026-10-04T14:16:09+00:00,2026-10-04T14:17:03.674292+00:00,f8349599-0de8-11e7-991c-3863bb43a7d0,71,7,1,0,16,0,1,1,1,1791123287
2026-10-04T14:16:09+00:00,2026-10-04T14:17:03.674292+00:00,1ef9964d-47ac-4cd4-916e-7c006fa1e605,339,5,3,0,10,0,1,1,1,1791123290
2026-10-04T14:16:09+00:00,2026-10-04T14:17:03.674292+00:00,803a0c16-4f81-44f1-8b49-a13fcdda40c1,370,9,2,1,7,0,1,1,1,1791123290
2026-10-04T14:16:09+00:00,2026-10-04T14:17:03.674292+00:00,f8346c96-0de8-11e7-991c-3863bb43a7d0,14,1,1,0,24,0,1,1,1,1791123288
2026-10-04T14:16:09+00:00,2026-10-04T14:17:03.674292+00:00,25489822-e43a-4704-b2a8-d905b78ba77c,389,9,4,0,5,0,1,1,1,1791123293
2026-10-04T14:16:09+00:00,2026-10-04T14:17:03.674292+00:00,e519df41-c4d7-403a-9afa-a5dd7cdd2d03,536,0,0,0,18,0,1,1,1,1791123293
2026-10-04T14:16:09+00:00,2026-10-04T14:17:03.674292+00:00,40ee059e-8530-4992-9114-c16b87d6832f,441,15,4,2,2,0,1,1,1,1791123305
2026-10-04T14:16:09+00:00,2026-10-04T14:17:03.674292+00:00,1999644268058967024,1999644268058967024,1,1,1,22,0,1,1,1,1791123305
2026-10-04T14:16:09+00:00,2026-10-04T14:17:03.674292+00:00,1ef5abb2-5af9-41f2-a0dd-1e44278ad9f1,502,2,1,0,9,0,1,1,1,1791123306
2026-10-04T14:16:09+00:00,2026-10-04T14:17:03.674292+00:00,986068c4-d11a-465a-b8d0-bd0960c57f51,986068c4-d11a-465a-b8d0-bd0960c57f51,9,5,3,2,0,1,1,1,1791123302
2026-10-04T14:16:09+00:00,2026-10-04T14:17:03.674292+00:00,f834916a-0de8-11e7-991c-3863bb43a7d0,63,9,6,0,6,0,1,1,1,1791123302
2026-10-04T14:16:09+00:00,2026-10-04T14:17:03.674292+00:00,2132460331327742574,2132460331327742574,10,1,1,7,0,1,1,1,1791123302
2026-10-04T14:16:09+00:00,2026-10-04T14:17:03.674292+00:00,f83473ea-0de8-11e7-991c-3863bb43a7d0,27,4,0,2,17,0,1,1,1,1791123303
2026-10-04T14:16:09+00:00,2026-10-04T14:17:03.674292+00:00,829fa5a8-cc88-4ab2-9f34-b481aaa1612e,259,11,0,0,4,0,1,1,1,1791123304
2026-10-04T14:16:09+00:00,2026-10-04T14:17:03.674292+00:00,cad0e759-b605-458a-b772-768dcce81dc6,372,7,2,1,10,0,1,1,1,1791123303
2026-10-04T14:16:09+00:00,2026-10-04T14:17:03.674292+00:00,9b0aff89-5242-475e-b03b-87c3c3bf51bb,477,10,2,0,9,0,1,1,1,1791123307
2026-10-04T14:16:09+00:00,2026-10-04T14:17:03.674292+00:00,1994515539257334312,1994515539257334312,15,6,0,4,0,1,1,1,1791123316
2026-10-04T14:16:09+00:00,2026-10-04T14:17:03.674292+00:00,d1a5e406-718c-44b9-b9dd-e63605b888aa,555,9,8,0,6,0,1,1,1,1791123316
2026-10-04T14:16:09+00:00,2026-10-04T14:17:03.674292+00:00,f834c5c9-0de8-11e7-991c-3863bb43a7d0,110,3,0,0,12,0,1,1,1,1791123316
2026-10-04T14:16:09+00:00,2026-10-04T14:17:03.674292+00:00,2251186911126913182,2251186911126913182,9,1,0,10,0,1,1,1,1791123320
2026-10-04T14:16:09+00:00,2026-10-04T14:17:03.674292+00:00,f8349070-0de8-11e7-991c-3863bb43a7d0,61,7,3,2,9,0,1,1,1,1791123320
2026-10-04T14:16:09+00:00,2026-10-04T14:17:03.674292+00:00,f8348598-0de8-11e7-991c-3863bb43a7d0,49,6,0,0,12,0,1,1,1,1791123318
2026-10-04T14:16:09+00:00,2026-10-04T14:17:03.674292+00:00,77c1736c-a609-4453-94f7-8e4253a8193c,474,7,3,0,4,0,1,1,1,1791123321
2026-10-04T14:16:09+00:00,2026-10-04T14:17:03.674292+00:00,2036103727838931110,2036103727838931110,8,0,0,1,0,1,1,1,1791123319
2026-10-04T14:16:09+00:00,2026-10-04T14:17:03.674292+00:00,f8351791-0de8-11e7-991c-3863bb43a7d0,186,5,1,0,10,0,1,1,1,1791123325
2026-10-04T14:16:09+00:00,2026-10-04T14:17:03.674292+00:00,2363c5a3-93cc-41a2-a767-90f1826c041f,426,20,1,2,5,0,1,1,1,1791123325
2026-10-04T14:16:09+00:00,2026-10-04T14:17:03.674292+00:00,f83532fa-0de8-11e7-991c-3863bb43a7d0,219,13,2,0,2,0,1,1,1,1791123324
2026-10-04T14:16:09+00:00,2026-10-04T14:17:03.674292+00:00,2131371824572002576,2131371824572002576,5,0,0,11,0,1,1,1,1791123327
2026-10-04T14:16:09+00:00,2026-10-04T14:17:03.674292+00:00,2071991821019036242,2071991821019036242,14,0,0,6,0,1,1,1,1791123328
2026-10-04T14:16:09+00:00,2026-10-04T14:17:03.674292+00:00,800bde2c-51df-497c-ac2d-bc3a8c00c164,800bde2c-51df-497c-ac2d-bc3a8c00c164,5,0,0,10,0,1,1,1,1791123327
2026-10-04T14:16:09+00:00,2026-10-04T14:17:03.674292+00:00,e4d5271f-5f76-401b-b7f0-c8dce3c26f10,462,8,2,0,3,0,1,1,1,1791123328
2026-10-04T14:16:09+00:00,2026-10-04T14:17:03.674292+00:00,1331197c-f6c6-4f4a-a29b-95e580359886,224,9,1,0,8,0,1,1,1,1791123328
2026-10-04T14:16:09+00:00,2026-10-04T14:17:03.674292+00:00,1976280681456741062,1976280681456741062,5,4,1,6,0,1,1,1,1791123326
2026-10-04T14:16:09+00:00,2026-10-04T14:17:03.674292+00:00,f8351649-0de8-11e7-991c-3863bb43a7d0,183,6,2,1,12,0,1,1,1,1791123330
2026-10-04T14:16:09+00:00,2026-10-04T14:17:03.674292+00:00,1999639508813492766,1999639508813492766,5,0,0,15,0,1,1,1,1791123330
2026-10-04T14:16:09+00:00,2026-10-04T14:17:03.674292+00:00,52ca4d94-587f-4a61-a298-a1a755e73bfb,362,11,5,0,8,0,1,1,1,1791123333
2026-10-04T14:16:09+00:00,2026-10-04T14:17:03.674292+00:00,8bc42f7f-753d-4cca-a7d6-0d7c2530ea2c,364,7,0,1,11,0,1,1,1,1791123330
2026-10-04T14:16:09+00:00,2026-10-04T14:17:03.674292+00:00,f7d416f8-4377-4019-bba7-302dc1d5a11d,391,5,1,1,9,0,1,1,1,1791123339
2026-10-04T14:16:09+00:00,2026-10-04T14:17:03.674292+00:00,5d17f129-af8c-4f30-bc58-6a8279052772,543,5,2,1,13,0,1,1,1,1791123341
2026-10-04T14:16:09+00:00,2026-10-04T14:17:03.674292+00:00,88b35b6d-f355-44dc-b85e-ed2eb1bc9099,406,10,2,0,9,0,1,1,1,1791123341
2026-10-04T14:16:09+00:00,2026-10-04T14:17:03.674292+00:00,ec4e1168-25dc-4929-b17b-e4ae578dd888,425,8,0,0,8,0,1,1,1,1791123341
2026-10-04T14:16:09+00:00,2026-10-04T14:17:03.674292+00:00,25d6f87f-7025-48c5-b202-f91511a4ae19,25d6f87f-7025-48c5-b202-f91511a4ae19,9,2,0,10,0,1,1,1,1791123342
2026-10-04T14:16:09+00:00,2026-10-04T14:17:03.674292+00:00,8e7c1984-dc81-43b0-a0d3-58c6de45225a,465,7,2,0,4,0,1,1,1,1791123342
2026-10-04T14:16:09+00:00,2026-10-04T14:17:03.674292+00:00,f834c6f5-0de8-11e7-991c-3863bb43a7d0,111,11,1,0,3,1,1,1,1,1791123299
2026-10-04T14:16:09+00:00,2026-10-04T14:17:03.674292+00:00,2227859082657747444,2227859082657747444,6,5,1,0,0,1,1,1,1791123299
2026-10-04T14:16:09+00:00,2026-10-04T14:17:03.674292+00:00,2127634714741013228,2127634714741013228,16,0,0,8,0,1,1,1,1791123311
2026-10-04T14:16:09+00:00,2026-10-04T14:17:03.674292+00:00,f8350129-0de8-11e7-991c-3863bb43a7d0,149,14,0,0,4,0,1,1,1,1791123312
2026-10-04T14:16:09+00:00,2026-10-04T14:17:03.674292+00:00,f8348719-0de8-11e7-991c-3863bb43a7d0,52,13,4,1,10,0,1,1,1,1791123308
2026-10-04T14:16:09+00:00,2026-10-04T14:17:03.674292+00:00,2149920539832638004,2149920539832638004,5,0,0,10,0,1,1,1,1791123311
2026-10-04T14:16:09+00:00,2026-10-04T14:17:03.674292+00:00,2129149628430547474,2129149628430547474,16,4,0,0,0,1,1,1,1791123336
2026-10-04T14:16:09+00:00,2026-10-04T14:17:03.674292+00:00,aefc33cd-40b9-48da-8b87-415428816bdb,488,11,2,0,5,0,1,1,1,1791123336
2026-10-04T14:16:09+00:00,2026-10-04T14:17:03.674292+00:00,f834d260-0de8-11e7-991c-3863bb43a7d0,119,3,2,1,12,0,1,1,1,1791123338
2026-10-04T14:16:09+00:00,2026-10-04T14:17:03.674292+00:00,2126567695528519906,2126567695528519906,11,1,0,9,0,1,1,1,1791123339
2026-10-04T14:16:09+00:00,2026-10-04T14:17:03.674292+00:00,9fef6df2-7f8f-43fc-a85b-7dd5453860f9,437,6,0,0,11,0,1,1,1,1791123339
2026-10-04T14:16:09+00:00,2026-10-04T14:17:03.674292+00:00,f8346dbd-0de8-11e7-991c-3863bb43a7d0,16,8,2,1,10,0,1,1,1,1791123339
2026-10-04T14:16:09+00:00,2026-10-04T14:17:03.674292+00:00,f8347002-0de8-11e7-991c-3863bb43a7d0,20,7,3,0,16,0,1,1,1,1791123333
2026-10-04T14:16:09+00:00,2026-10-04T14:17:03.674292+00:00,f8351255-0de8-11e7-991c-3863bb43a7d0,174,8,6,0,7,0,1,1,1,1791123335
2026-10-04T14:16:09+00:00,2026-10-04T14:17:03.674292+00:00,b44b7c3d-c054-4591-92a9-3b96d86050ab,b44b7c3d-c054-4591-92a9-3b96d86050ab,2,1,0,9,0,1,1,1,1791123335
2026-10-04T14:16:09+00:00,2026-10-04T14:17:03.674292+00:00,1976640911178291400,1976640911178291400,1,1,2,8,0,1,1,1,1791123335
2026-10-04T14:16:09+00:00,2026-10-04T14:17:03.674292+00:00,f8347ded-0de8-11e7-991c-3863bb43a7d0,35,1,1,0,30,0,1,1,1,1791123335
2026-10-04T14:16:09+00:00,2026-10-04T14:17:03.674292+00:00,97a1e4e7-a1ff-427a-aaea-48ca0d00bf9c,348,4,3,0,11,0,1,1,1,1791123343
2026-10-04T14:16:09+00:00,2026-10-04T14:17:03.674292+00:00,2251556760922290606,2251556760922290606,7,1,0,8,0,1,1,1,1791123343
2026-10-04T14:16:09+00:00,2026-10-04T14:17:03.674292+00:00,f8350d30-0de8-11e7-991c-3863bb43a7d0,163,13,2,0,5,0,1,1,1,1791123344
2026-10-04T14:16:09+00:00,2026-10-04T14:17:03.674292+00:00,2127252912986958612,2127252912986958612,3,0,0,12,0,1,1,1,1791123344
2026-10-04T14:16:09+00:00,2026-10-04T14:17:03.674292+00:00,f834d34b-0de8-11e7-991c-3863bb43a7d0,120,25,1,0,14,0,1,1,1,1791123344
2026-10-04T14:16:09+00:00,2026-10-04T14:17:03.674292+00:00,2039387081833476178,2039387081833476178,16,3,0,4,0,1,1,1,1791123344
2026-10-04T14:16:09+00:00,2026-10-04T14:17:03.674292+00:00,8d535c23-f186-4161-aa10-17e94be6d4ae,436,6,0,3,5,1,1,1,1,1791123345
2026-10-04T14:16:09+00:00,2026-10-04T14:17:03.674292+00:00,57f5003b-6574-40b3-83d7-3b5dee1472e0,518,7,0,1,2,0,1,1,1,1791123346
2026-10-04T14:16:09+00:00,2026-10-04T14:17:03.674292+00:00,2124664048772581794,2124664048772581794,7,3,0,4,0,1,1,1,1791123344
2026-10-04T14:16:09+00:00,2026-10-04T14:17:03.674292+00:00,01d29f8c-768d-4c4f-84ca-3de966075287,469,4,1,0,7,0,1,1,1,1791123346
2026-10-04T14:16:09+00:00,2026-10-04T14:17:03.674292+00:00,f834cb89-0de8-11e7-991c-3863bb43a7d0,115,10,0,0,9,0,1,1,1,1791123348
2026-10-04T14:16:09+00:00,2026-10-04T14:17:03.674292+00:00,f8351f87-0de8-11e7-991c-3863bb43a7d0,192,4,0,0,15,0,1,1,1,1791123352
2026-10-04T14:16:09+00:00,2026-10-04T14:17:03.674292+00:00,133d159e-a202-4310-910f-eca392fe181e,398,8,1,2,9,0,1,1,1,1791123352
2026-10-04T14:16:09+00:00,2026-10-04T14:17:03.674292+00:00,f83493c0-0de8-11e7-991c-3863bb43a7d0,67,25,7,1,2,0,1,1,1,1791123352
2026-10-04T14:16:09+00:00,2026-10-04T14:17:03.674292+00:00,2089808297152151688,2089808297152151688,6,2,2,4,0,1,1,1,1791123352
2026-10-04T14:16:09+00:00,2026-10-04T14:17:03.674292+00:00,87b5a8b7-a330-4c51-ab32-7dafa292c88f,421,14,1,0,5,0,1,1,1,1791123353
2026-10-04T14:16:09+00:00,2026-10-04T14:17:03.674292+00:00,2031175112202687108,2031175112202687108,2,0,1,13,0,1,1,1,1791123349
2026-10-04T14:16:09+00:00,2026-10-04T14:17:03.674292+00:00,6cec3afa-554c-466f-8323-5c619fe0ddc6,6cec3afa-554c-466f-8323-5c619fe0ddc6,6,3,0,5,0,1,1,1,1791123350
2026-10-04T14:16:09+00:00,2026-10-04T14:17:03.674292+00:00,2261583246847893606,2261583246847893606,4,0,0,15,0,1,1,1,1791123352
2026-10-04T14:16:09+00:00,2026-10-04T14:17:03.674292+00:00,625f105e-4407-4988-9095-d1979cbda5e1,234,4,1,1,14,0,1,1,1,1791123357
2026-10-04T14:16:09+00:00,2026-10-04T14:17:03.674292+00:00,f834a1de-0de8-11e7-991c-3863bb43a7d0,84,9,0,0,6,0,1,1,1,1791123356
2026-10-04T14:16:09+00:00,2026-10-04T14:17:03.674292+00:00,2219705277630124418,2219705277630124418,8,0,0,7,0,1,1,1,1791123354
2026-10-04T14:16:09+00:00,2026-10-04T14:17:03.674292+00:00,2250817396738253956,2250817396738253956,12,0,0,2,1,1,1,1,1791123354
2026-10-04T14:16:09+00:00,2026-10-04T14:17:03.674292+00:00,918335df-fc1a-45c2-9cfc-c5e2e93aecc0,467,2,0,1,8,0,1,1,1,1791123353
2026-10-04T14:16:09+00:00,2026-10-04T14:17:03.674292+00:00,f8351569-0de8-11e7-991c-3863bb43a7d0,181,4,0,0,15,0,1,1,1,1791123353
2026-10-04T14:16:09+00:00,2026-10-04T14:17:03.674292+00:00,f606593b-3d07-40f2-bc6d-a0eb96588e44,456,6,1,0,12,0,1,1,1,1791123353
2026-10-04T14:16:09+00:00,2026-10-04T14:17:03.674292+00:00,f8352973-0de8-11e7-991c-3863bb43a7d0,210,11,1,0,4,0,1,1,1,1791123354
2026-10-04T14:16:09+00:00,2026-10-04T14:17:03.674292+00:00,2438d052-2cd6-4fba-83c9-39f46cb59398,2438d052-2cd6-4fba-83c9-39f46cb59398,10,1,0,9,0,1,1,1,1791123358
2026-10-04T14:16:09+00:00,2026-10-04T14:17:03.674292+00:00,2134720099473744344,2134720099473744344,5,0,0,16,0,1,1,1,1791123358
2026-10-04T14:16:09+00:00,2026-10-04T14:17:03.674292+00:00,f83466c6-0de8-11e7-991c-3863bb43a7d0,6,6,0,3,4,0,1,1,1,1791123358
2026-10-04T14:16:09+00:00,2026-10-04T14:17:03.674292+00:00,f834a67b-0de8-11e7-991c-3863bb43a7d0,89,5,1,1,12,0,1,1,1,1791123355
2026-10-04T14:16:09+00:00,2026-10-04T14:17:03.674292+00:00,ea00f276-26dc-48ee-b2c8-6e56fd632a2d,272,6,1,0,13,0,1,1,1,1791123355
2026-10-04T14:16:09+00:00,2026-10-04T14:17:03.674292+00:00,1991921362058752616,1991921362058752616,4,0,0,16,0,1,1,1,1791123353
2026-10-04T14:16:09+00:00,2026-10-04T14:17:03.674292+00:00,4b5de733-9353-4873-9dc2-9558b3cb063a,393,11,2,0,2,0,1,1,1,1791123358
2026-10-04T14:16:09+00:00,2026-10-04T14:17:03.674292+00:00,2027855476515070160,2027855476515070160,14,0,0,13,0,1,1,1,1791123359
2026-10-04T14:16:09+00:00,2026-10-04T14:17:03.674292+00:00,fae99a0c-e88a-4112-94d8-f655cf34e651,fae99a0c-e88a-4112-94d8-f655cf34e651,0,0,8,11,0,1,0,0,1791081483
2026-10-04T14:16:09+00:00,2026-10-04T14:17:03.674292+00:00,4caf6e93-ddd7-4b6f-9e61-f9df1206ac92,4caf6e93-ddd7-4b6f-9e61-f9df1206ac92,0,0,12,7,0,1,0,0,1791091867
2026-10-04T14:16:09+00:00,2026-10-04T14:17:03.674292+00:00,f83472d3-0de8-11e7-991c-3863bb43a7d0,25,5,0,1,9,0,1,1,1,1791123102
2026-10-04T14:16:09+00:00,2026-10-04T14:17:03.674292+00:00,f8351ff1-0de8-11e7-991c-3863bb43a7d0,193,0,0,6,9,0,1,0,0,1791105878
2026-10-04T14:16:09+00:00,2026-10-04T14:17:03.674292+00:00,be7e7068-b85f-42c1-8ea1-e1d64e531323,be7e7068-b85f-42c1-8ea1-e1d64e531323,15,11,0,0,0,1,1,1,1791123240
2026-10-04T14:16:09+00:00,2026-10-04T14:17:03.674292+00:00,a3b94ed8-8301-4ec6-baf2-64ac493b5106,529,1,0,2,11,0,1,1,1,1791123239
2026-10-04T14:16:09+00:00,2026-10-04T14:17:03.674292+00:00,c98f50f6-1901-4c64-b164-8cf33245e022,282,8,3,1,9,1,1,1,1,1791123246
2026-10-04T14:16:09+00:00,2026-10-04T14:17:03.674292+00:00,2113560016964645240,2113560016964645240,15,0,0,4,0,1,1,1,1791123247
2026-10-04T14:16:09+00:00,2026-10-04T14:17:03.674292+00:00,13681246-4bf8-444a-a908-fa165e4ad298,329,12,2,1,2,0,1,1,1,1791123247
2026-10-04T14:16:09+00:00,2026-10-04T14:17:03.674292+00:00,f834923d-0de8-11e7-991c-3863bb43a7d0,65,11,2,0,8,0,1,1,1,1791123252
2026-10-04T14:16:09+00:00,2026-10-04T14:17:03.674292+00:00,1963273678015717438,1963273678015717438,10,1,0,9,0,1,1,1,1791123253
2026-10-04T14:16:09+00:00,2026-10-04T14:17:03.674292+00:00,f834d064-0de8-11e7-991c-3863bb43a7d0,118,10,7,3,6,0,1,1,1,1791123269
2026-10-04T14:16:09+00:00,2026-10-04T14:17:03.674292+00:00,a51b429f-bf06-425a-b3fe-b3155aa6468c,a51b429f-bf06-425a-b3fe-b3155aa6468c,5,0,2,4,0,1,1,1,1791123268
2026-10-04T14:16:09+00:00,2026-10-04T14:17:03.674292+00:00,2136546016037880534,2136546016037880534,8,0,1,6,0,1,1,1,1791123261
2026-10-04T14:16:09+00:00,2026-10-04T14:17:03.674292+00:00,af066ffd-b892-434f-8532-1982fc408780,480,5,2,0,6,0,1,1,1,1791123267
2026-10-04T14:16:09+00:00,2026-10-04T14:17:03.674292+00:00,b5894555-30a3-46db-918a-fdeb083d6001,336,7,2,2,6,0,1,1,1,1791123265
2026-10-04T14:16:09+00:00,2026-10-04T14:17:03.674292+00:00,e3f5d039-a49e-4b3b-ab4d-4efbef2068c6,e3f5d039-a49e-4b3b-ab4d-4efbef2068c6,22,2,0,0,0,1,1,1,1791123275
2026-10-04T14:16:09+00:00,2026-10-04T14:17:03.674292+00:00,31382324-2931-491a-827a-40149e45afee,232,6,0,0,5,0,1,1,1,1791123277
2026-10-04T14:16:09+00:00,2026-10-04T14:17:03.674292+00:00,fbb9b58c-2b92-4bcf-8e4c-a982e40d2f39,221,4,2,0,15,0,1,1,1,1791123277
2026-10-04T14:16:09+00:00,2026-10-04T14:17:03.674292+00:00,3de6e5da-9702-4623-8683-26abd98012a8,525,5,0,1,6,0,1,1,1,1791123272
2026-10-04T14:16:09+00:00,2026-10-04T14:17:03.674292+00:00,2131714490587826928,2131714490587826928,12,7,0,4,0,1,1,1,1791123277
2026-10-04T14:16:09+00:00,2026-10-04T14:17:03.674292+00:00,910f1452-dbeb-4e69-b226-71b2d7e85715,910f1452-dbeb-4e69-b226-71b2d7e85715,5,0,0,5,0,1,1,1,1791123260
2026-10-04T14:16:09+00:00,2026-10-04T14:17:03.674292+00:00,c935cfb1-ef73-402e-9b86-83aaaac6534d,478,11,0,0,8,0,1,1,1,1791123261
2026-10-04T14:16:09+00:00,2026-10-04T14:17:03.674292+00:00,2100948177843249670,2100948177843249670,7,6,0,4,0,1,1,1,1791123279
2026-10-04T14:16:09+00:00,2026-10-04T14:17:03.674292+00:00,f834db9b-0de8-11e7-991c-3863bb43a7d0,121,2,0,2,13,0,1,1,1,1791123282
2026-10-04T14:16:09+00:00,2026-10-04T14:17:03.674292+00:00,3a6d94a7-9fee-41c5-b8cc-a8487c5e691b,549,12,1,0,11,0,1,1,1,1791123287
2026-10-04T14:16:09+00:00,2026-10-04T14:17:03.674292+00:00,f834fb66-0de8-11e7-991c-3863bb43a7d0,139,4,0,0,15,0,1,1,1,1791123287
2026-10-04T14:16:09+00:00,2026-10-04T14:17:03.674292+00:00,25cc602a-152a-4abe-9df8-a131d0a5d94b,235,5,0,0,10,0,1,1,1,1791123290
2026-10-04T14:16:09+00:00,2026-10-04T14:17:03.674292+00:00,2248987790637065652,2248987790637065652,7,0,0,5,0,1,1,1,1791123289
2026-10-04T14:16:09+00:00,2026-10-04T14:17:03.674292+00:00,1994461916590643872,1994461916590643872,5,1,1,5,0,1,1,1,1791123289
2026-10-04T14:16:09+00:00,2026-10-04T14:17:03.674292+00:00,1e3beeb4-f8e1-452c-93e5-48df78d4b313,334,3,0,0,15,0,1,1,1,1791123291
2026-10-04T14:16:09+00:00,2026-10-04T14:17:03.674292+00:00,2120986392451359068,2120986392451359068,1,0,0,18,0,1,1,1,1791123291
2026-10-04T14:16:09+00:00,2026-10-04T14:17:03.674292+00:00,a9bc314b-a3fd-46e5-a63b-f005258bba5f,a9bc314b-a3fd-46e5-a63b-f005258bba5f,5,0,0,12,1,1,1,1,1791123299
2026-10-04T14:16:09+00:00,2026-10-04T14:17:03.674292+00:00,f8348021-0de8-11e7-991c-3863bb43a7d0,39,9,1,0,18,0,1,1,1,1791123301
2026-10-04T14:16:09+00:00,2026-10-04T14:17:03.674292+00:00,ee0fa23e-a6c2-474d-a6ef-bf581d63f1ae,ee0fa23e-a6c2-474d-a6ef-bf581d63f1ae,11,9,0,0,0,1,1,1,1791123300
2026-10-04T14:16:09+00:00,2026-10-04T14:17:03.674292+00:00,609c2f06-310e-4134-8dd2-3d23aa41487b,609c2f06-310e-4134-8dd2-3d23aa41487b,18,5,1,4,0,1,1,1,1791123304
2026-10-04T14:16:09+00:00,2026-10-04T14:17:03.674292+00:00,f8352306-0de8-11e7-991c-3863bb43a7d0,199,7,6,0,8,0,1,1,1,1791123304
2026-10-04T14:16:09+00:00,2026-10-04T14:17:03.674292+00:00,2124668538068359456,2124668538068359456,9,0,0,10,0,1,1,1,1791123302
2026-10-04T14:16:09+00:00,2026-10-04T14:17:03.674292+00:00,2079440939380771716,2079440939380771716,0,0,0,10,0,1,1,1,1791123303
2026-10-04T14:16:09+00:00,2026-10-04T14:17:03.674292+00:00,f834b50a-0de8-11e7-991c-3863bb43a7d0,102,4,1,1,10,0,1,1,1,1791123303
2026-10-04T14:16:09+00:00,2026-10-04T14:17:03.674292+00:00,a9d13461-7f0f-47b0-9a97-8ec9e9792865,533,10,0,0,8,0,1,1,1,1791123310
2026-10-04T14:16:09+00:00,2026-10-04T14:17:03.674292+00:00,66763558-7a03-48a9-8665-6b4445b81f48,458,6,0,0,9,0,1,1,1,1791123309
2026-10-04T14:16:09+00:00,2026-10-04T14:17:03.674292+00:00,3b158c7a-a362-43ae-af1f-121b78be32d7,483,13,1,0,4,0,1,1,1,1791123308
2026-10-04T14:16:09+00:00,2026-10-04T14:17:03.674292+00:00,ee18dbd6-05b8-4d38-a120-f84c3499a77e,519,8,0,0,3,0,1,1,1,1791123309
2026-10-04T14:16:09+00:00,2026-10-04T14:17:03.674292+00:00,0cb6d635-6a7d-4d75-89b4-36b12616be12,432,12,8,0,7,0,1,1,1,1791123310
2026-10-04T14:16:09+00:00,2026-10-04T14:17:03.674292+00:00,f836bc28-36a7-4ca6-bba6-0d75333d84bb,538,16,1,0,3,0,1,1,1,1791123310
2026-10-04T14:16:09+00:00,2026-10-04T14:17:03.674292+00:00,f83487f0-0de8-11e7-991c-3863bb43a7d0,54,1,0,0,14,0,1,1,1,1791123316
2026-10-04T14:16:09+00:00,2026-10-04T14:17:03.674292+00:00,634b697d-0e64-4102-8849-abac7a7f8e35,455,11,1,0,0,1,1,1,1,1791123317
2026-10-04T14:16:09+00:00,2026-10-04T14:17:03.674292+00:00,f8351e42-0de8-11e7-991c-3863bb43a7d0,189,11,0,0,12,0,1,1,1,1791123316
2026-10-04T14:16:09+00:00,2026-10-04T14:17:03.674292+00:00,f8352a4d-0de8-11e7-991c-3863bb43a7d0,212,5,0,0,27,0,1,1,1,1791123313
2026-10-04T14:16:09+00:00,2026-10-04T14:17:03.674292+00:00,2071724371800490690,2071724371800490690,9,0,0,11,0,1,1,1,1791123314
2026-10-04T14:16:09+00:00,2026-10-04T14:17:03.674292+00:00,2126939746529359956,2126939746529359956,4,0,0,15,0,1,1,1,1791123314
2026-10-04T14:16:09+00:00,2026-10-04T14:17:03.674292+00:00,f835259f-0de8-11e7-991c-3863bb43a7d0,205,4,0,0,11,0,1,1,1,1791123317
2026-10-04T14:16:09+00:00,2026-10-04T14:17:03.674292+00:00,3f4f4ad4-a715-43d5-828f-f8381f26b66a,390,12,2,2,0,1,1,1,1,1791123317
2026-10-04T14:16:09+00:00,2026-10-04T14:17:03.674292+00:00,dc770287-c70c-43ea-a635-39f3dc6b09cd,dc770287-c70c-43ea-a635-39f3dc6b09cd,4,2,0,7,0,1,1,1,1791123318
2026-10-04T14:16:09+00:00,2026-10-04T14:17:03.674292+00:00,2223046412750968128,2223046412750968128,10,0,0,9,0,1,1,1,1791123317
2026-10-04T14:16:09+00:00,2026-10-04T14:17:03.674292+00:00,f8348781-0de8-11e7-991c-3863bb43a7d0,53,3,0,3,14,0,1,1,1,1791123318
2026-10-04T14:16:09+00:00,2026-10-04T14:17:03.674292+00:00,f8348924-0de8-11e7-991c-3863bb43a7d0,57,2,0,0,12,0,1,1,1,1791123318
2026-10-04T14:16:09+00:00,2026-10-04T14:17:03.674292+00:00,0bc49982-74e9-4bbf-9991-e3d809d6319e,530,11,1,0,8,0,1,1,1,1791123319
2026-10-04T14:16:09+00:00,2026-10-04T14:17:03.674292+00:00,d81e16e2-a410-4a0b-b5ae-b72748fc9781,d81e16e2-a410-4a0b-b5ae-b72748fc9781,2,2,0,17,0,1,1,1,1791123318
2026-10-04T14:16:09+00:00,2026-10-04T14:17:03.674292+00:00,2074236051937964826,2074236051937964826,6,0,0,8,2,1,1,1,1791123319
2026-10-04T14:16:09+00:00,2026-10-04T14:17:03.674292+00:00,3c837bc0-fd08-49c4-adf5-0e9a98e918a7,524,5,1,0,10,0,1,1,1,1791123319
2026-10-04T14:16:09+00:00,2026-10-04T14:17:03.674292+00:00,f8349672-0de8-11e7-991c-3863bb43a7d0,72,0,0,0,23,0,1,1,1,1791123323
2026-10-04T14:16:09+00:00,2026-10-04T14:17:03.674292+00:00,1984021766354634770,1984021766354634770,14,0,0,5,0,1,1,1,1791123323
2026-10-04T14:16:09+00:00,2026-10-04T14:17:03.674292+00:00,f8349de4-0de8-11e7-991c-3863bb43a7d0,80,12,0,0,22,0,1,1,1,1791123321
2026-10-04T14:16:09+00:00,2026-10-04T14:17:03.674292+00:00,2fded452-cbd0-4248-b008-f8a61ed9a85f,2fded452-cbd0-4248-b008-f8a61ed9a85f,2,0,0,13,0,1,1,1,1791123321
2026-10-04T14:16:09+00:00,2026-10-04T14:17:03.674292+00:00,4764641e-b080-4c70-a1e1-049de81e09d0,273,31,1,1,8,0,1,1,1,1791123323
2026-10-04T14:16:09+00:00,2026-10-04T14:17:03.674292+00:00,f835027c-0de8-11e7-991c-3863bb43a7d0,152,10,0,1,16,0,1,1,1,1791123328
2026-10-04T14:16:09+00:00,2026-10-04T14:17:03.674292+00:00,dd8dee9d-d044-41d6-9371-8463cf9c671b,526,6,4,0,8,1,1,1,1,1791123324
2026-10-04T14:16:09+00:00,2026-10-04T14:17:03.674292+00:00,1961066392414132348,1961066392414132348,4,0,0,15,0,1,1,1,1791123326
2026-10-04T14:16:09+00:00,2026-10-04T14:17:03.674292+00:00,f8346c01-0de8-11e7-991c-3863bb43a7d0,13,6,0,0,13,0,1,1,1,1791123328
2026-10-04T14:16:09+00:00,2026-10-04T14:17:03.674292+00:00,f8353277-0de8-11e7-991c-3863bb43a7d0,218,1,1,0,14,0,1,1,1,1791123331
2026-10-04T14:16:09+00:00,2026-10-04T14:17:03.674292+00:00,f4a64c30-b97f-4ae5-b531-a11698b558d7,562,5,1,0,3,0,1,1,1,1791123332
2026-10-04T14:16:09+00:00,2026-10-04T14:17:03.674292+00:00,2080157934789007958,2080157934789007958,17,2,1,1,0,1,1,1,1791123330
2026-10-04T14:16:09+00:00,2026-10-04T14:17:03.674292+00:00,f834ff5a-0de8-11e7-991c-3863bb43a7d0,145,8,1,1,10,0,1,1,1,1791123332
2026-10-04T14:16:09+00:00,2026-10-04T14:17:03.674292+00:00,57caf362-1e8b-46aa-9ee3-82341c405ab0,271,6,3,0,9,0,1,1,1,1791123333
2026-10-04T14:16:09+00:00,2026-10-04T14:17:03.674292+00:00,50cc3c7f-50ed-4c70-b483-c89f3f47c938,491,5,0,0,14,0,1,1,1,1791123331
2026-10-04T14:16:09+00:00,2026-10-04T14:17:03.674292+00:00,2004828637786472956,2004828637786472956,15,0,1,3,0,1,1,1,1791123336
2026-10-04T14:16:09+00:00,2026-10-04T14:17:03.674292+00:00,2035765531590062506,2035765531590062506,7,4,1,3,0,1,1,1,1791123337
2026-10-04T14:16:09+00:00,2026-10-04T14:17:03.674292+00:00,f834b652-0de8-11e7-991c-3863bb43a7d0,104,11,0,0,6,0,1,1,1,1791123337
2026-10-04T14:16:09+00:00,2026-10-04T14:17:03.674292+00:00,e49a5b83-2c9c-4610-a48b-89cfea172c8f,504,5,2,0,6,0,1,1,1,1791123337
2026-10-04T14:16:09+00:00,2026-10-04T14:17:03.674292+00:00,f835141c-0de8-11e7-991c-3863bb43a7d0,178,9,0,0,10,0,1,1,1,1791123334
2026-10-04T14:16:09+00:00,2026-10-04T14:17:03.674292+00:00,68323451-daf0-4532-a6cb-b070e3ef358f,68323451-daf0-4532-a6cb-b070e3ef358f,13,0,0,6,0,1,1,1,1791123333
2026-10-04T14:16:09+00:00,2026-10-04T14:17:03.674292+00:00,2012646293885032702,2012646293885032702,22,4,0,2,0,1,1,1,1791123337
2026-10-04T14:16:09+00:00,2026-10-04T14:17:03.674292+00:00,2171110977443594588,2171110977443594588,7,2,1,7,0,1,1,1,1791123335
2026-10-04T14:16:09+00:00,2026-10-04T14:17:03.674292+00:00,2115804056935012722,2115804056935012722,13,2,0,5,1,1,1,1,1791123338
2026-10-04T14:16:09+00:00,2026-10-04T14:17:03.674292+00:00,b0b8e427-7203-4844-9c70-129e08a74452,347,12,5,1,2,0,1,1,1,1791123340
2026-10-04T14:16:09+00:00,2026-10-04T14:17:03.674292+00:00,7dd0fc98-c1dd-4c93-9c1d-4bbdf5f93346,473,10,7,0,4,0,1,1,1,1791123341
2026-10-04T14:16:09+00:00,2026-10-04T14:17:03.674292+00:00,2111332861978124760,2111332861978124760,10,3,1,5,0,1,1,1,1791123342
2026-10-04T14:16:09+00:00,2026-10-04T14:17:03.674292+00:00,082262bd-086b-46c7-83ce-eed2b39142ff,416,12,0,0,3,0,1,1,1,1791123342
2026-10-04T14:16:09+00:00,2026-10-04T14:17:03.674292+00:00,f8347361-0de8-11e7-991c-3863bb43a7d0,26,7,0,0,8,0,1,1,1,1791123339
2026-10-04T14:16:09+00:00,2026-10-04T14:17:03.674292+00:00,a439fff7-8630-464c-b277-efca6f6bc664,531,2,0,0,12,0,1,1,1,1791123348
2026-10-04T14:16:09+00:00,2026-10-04T14:17:03.674292+00:00,f8349d6e-0de8-11e7-991c-3863bb43a7d0,79,9,0,0,9,0,1,1,1,1791123345
2026-10-04T14:16:09+00:00,2026-10-04T14:17:03.674292+00:00,efd724b2-31cb-4aec-b9d9-8ab79271630c,493,9,0,0,8,0,1,1,1,1791123344
2026-10-04T14:16:09+00:00,2026-10-04T14:17:03.674292+00:00,dd05a440-f881-410c-a071-864da11c634a,318,1,0,3,15,0,1,1,1,1791123347
2026-10-04T14:16:09+00:00,2026-10-04T14:17:03.674292+00:00,2256120653476329202,2256120653476329202,10,1,1,4,0,1,1,1,1791123348
2026-10-04T14:16:09+00:00,2026-10-04T14:17:03.674292+00:00,f8352150-0de8-11e7-991c-3863bb43a7d0,196,4,2,0,6,0,1,1,1,1791123344
2026-10-04T14:16:09+00:00,2026-10-04T14:17:03.674292+00:00,8f51f8f1-ecb8-4cd3-8529-296a03140c51,8f51f8f1-ecb8-4cd3-8529-296a03140c51,11,3,0,8,0,1,1,1,1791123345
2026-10-04T14:16:09+00:00,2026-10-04T14:17:03.674292+00:00,f8350c56-0de8-11e7-991c-3863bb43a7d0,161,10,2,2,11,0,1,1,1,1791123346
2026-10-04T14:16:09+00:00,2026-10-04T14:17:03.674292+00:00,2158217922577811100,2158217922577811100,7,0,0,12,0,1,1,1,1791123347
2026-10-04T14:16:09+00:00,2026-10-04T14:17:03.674292+00:00,2002247509585342522,2002247509585342522,4,0,0,7,0,1,1,1,1791123346
2026-10-04T14:16:09+00:00,2026-10-04T14:17:03.674292+00:00,f8352c1a-0de8-11e7-991c-3863bb43a7d0,216,18,3,0,1,0,1,1,1,1791123354
2026-10-04T14:16:09+00:00,2026-10-04T14:17:03.674292+00:00,dd008e3c-ff17-4c82-abe0-502272a62425,558,6,4,0,10,0,1,1,1,1791123355
2026-10-04T14:16:09+00:00,2026-10-04T14:17:03.674292+00:00,f1cafe36-f800-41f6-b74d-73953cb6394c,471,4,0,0,23,0,1,1,1,1791123356
2026-10-04T14:16:09+00:00,2026-10-04T14:17:03.674292+00:00,1206f5c8-7d1f-4c32-9d65-f3e80186fbde,511,7,4,1,11,0,1,1,1,1791123356
2026-10-04T14:16:09+00:00,2026-10-04T14:17:03.674292+00:00,f8348857-0de8-11e7-991c-3863bb43a7d0,55,7,2,0,8,0,1,1,1,1791123352
2026-10-04T14:16:09+00:00,2026-10-04T14:17:03.674292+00:00,f834ffc9-0de8-11e7-991c-3863bb43a7d0,146,11,0,1,7,0,1,1,1,1791123352
2026-10-04T14:16:09+00:00,2026-10-04T14:17:03.674292+00:00,f8346a3c-0de8-11e7-991c-3863bb43a7d0,10,6,1,1,4,0,1,1,1,1791123351
2026-10-04T14:16:09+00:00,2026-10-04T14:17:03.674292+00:00,8b703219-1e16-4ba1-9f46-2b7030c7849a,360,5,3,1,9,0,1,1,1,1791123355
2026-10-04T14:16:09+00:00,2026-10-04T14:17:03.674292+00:00,2253794653988522864,2253794653988522864,5,0,0,14,0,1,1,1,1791123356
2026-10-04T14:16:09+00:00,2026-10-04T14:17:03.674292+00:00,3dbbb3cb-b52d-46f8-8f9c-db11e83d081c,327,2,0,1,13,0,1,1,1,1791123346
2026-10-04T14:16:09+00:00,2026-10-04T14:17:03.674292+00:00,f834a32d-0de8-11e7-991c-3863bb43a7d0,86,22,0,0,3,0,1,1,1,1791123357
2026-10-04T14:16:09+00:00,2026-10-04T14:17:03.674292+00:00,f8350be5-0de8-11e7-991c-3863bb43a7d0,160,4,4,0,10,0,1,1,1,1791123358
2026-10-04T14:16:09+00:00,2026-10-04T14:17:03.674292+00:00,f83514f9-0de8-11e7-991c-3863bb43a7d0,180,15,2,1,3,0,1,1,1,1791123359
2026-10-04T14:16:09+00:00,2026-10-04T14:17:03.674292+00:00,f834fda2-0de8-11e7-991c-3863bb43a7d0,143,11,0,0,12,0,1,1,1,1791123359
2026-10-04T14:16:09+00:00,2026-10-04T14:17:03.674292+00:00,f83512c9-0de8-11e7-991c-3863bb43a7d0,175,0,0,13,4,0,1,0,0,1791093355
2026-10-04T14:16:09+00:00,2026-10-04T14:17:03.674292+00:00,a83f982f-a4f1-43e4-98e8-c8f4a0bb7290,452,0,0,13,2,0,1,0,0,1791105928
2026-10-04T14:16:09+00:00,2026-10-04T14:17:03.674292+00:00,e32c0bb9-e85b-4764-b0fb-5c582cfd3a90,340,13,6,1,3,2,1,1,1,1791123286
2026-10-04T14:16:09+00:00,2026-10-04T14:17:03.674292+00:00,f834fede-0de8-11e7-991c-3863bb43a7d0,144,2,0,0,17,0,1,1,1,1791123285
2026-10-04T14:16:09+00:00,2026-10-04T14:17:03.674292+00:00,13d4171b-6d93-490e-923f-f2a17d5c7613,13d4171b-6d93-490e-923f-f2a17d5c7613,4,3,3,4,0,1,1,1,1791123285
2026-10-04T14:16:09+00:00,2026-10-04T14:17:03.674292+00:00,2002579415401984808,2002579415401984808,11,4,0,0,0,1,1,1,1791123293
2026-10-04T14:16:09+00:00,2026-10-04T14:17:03.674292+00:00,2096125468116637776,2096125468116637776,12,2,1,2,0,1,1,1,1791123291
2026-10-04T14:16:09+00:00,2026-10-04T14:17:03.674292+00:00,f83515d8-0de8-11e7-991c-3863bb43a7d0,182,4,1,0,15,0,1,1,1,1791123292
2026-10-04T14:16:09+00:00,2026-10-04T14:17:03.674292+00:00,1a39ab83-f029-4134-aad4-35380b30bf2c,1a39ab83-f029-4134-aad4-35380b30bf2c,10,1,0,9,0,1,1,1,1791123291
2026-10-04T14:16:09+00:00,2026-10-04T14:17:03.674292+00:00,2098360140389493528,2098360140389493528,3,3,4,4,0,1,1,1,1791123300
2026-10-04T14:16:09+00:00,2026-10-04T14:17:03.674292+00:00,c1789d39-705f-4c03-9c14-4d6a3a4f4400,561,16,2,0,3,0,1,1,1,1791123300
2026-10-04T14:16:09+00:00,2026-10-04T14:17:03.674292+00:00,f834ab92-0de8-11e7-991c-3863bb43a7d0,95,4,0,0,8,2,1,1,1,1791123295
2026-10-04T14:16:09+00:00,2026-10-04T14:17:03.674292+00:00,9340e113-e0b2-48ac-b58a-8b6f001b0a94,486,5,1,1,5,0,1,1,1,1791123296
2026-10-04T14:16:09+00:00,2026-10-04T14:17:03.674292+00:00,fe6a64e7-c712-404c-85ae-ee77a37245b1,355,16,1,0,1,0,1,1,1,1791123296
2026-10-04T14:16:09+00:00,2026-10-04T14:17:03.674292+00:00,ed6c012e-6d6c-41e7-8e01-90749fd67575,546,10,9,0,6,0,1,1,1,1791123299
2026-10-04T14:16:09+00:00,2026-10-04T14:17:03.674292+00:00,a75d3da1-ce74-447f-8e80-52506a81aff3,a75d3da1-ce74-447f-8e80-52506a81aff3,8,7,0,3,0,1,1,1,1791123299
2026-10-04T14:16:09+00:00,2026-10-04T14:17:03.674292+00:00,f83483f3-0de8-11e7-991c-3863bb43a7d0,46,24,0,2,13,0,1,1,1,1791123296
2026-10-04T14:16:09+00:00,2026-10-04T14:17:03.674292+00:00,f83529e2-0de8-11e7-991c-3863bb43a7d0,211,8,0,0,7,0,1,1,1,1791123295
2026-10-04T14:16:09+00:00,2026-10-04T14:17:03.674292+00:00,7df1ee28-441e-44c1-8507-8f58946be96b,239,10,3,0,5,0,1,1,1,1791123302
2026-10-04T14:16:09+00:00,2026-10-04T14:17:03.674292+00:00,f834caf2-0de8-11e7-991c-3863bb43a7d0,114,11,0,0,4,0,1,1,1,1791123303
2026-10-04T14:16:09+00:00,2026-10-04T14:17:03.674292+00:00,f83480a9-0de8-11e7-991c-3863bb43a7d0,40,17,0,2,13,0,1,1,1,1791123307
2026-10-04T14:16:09+00:00,2026-10-04T14:17:03.674292+00:00,f83471a1-0de8-11e7-991c-3863bb43a7d0,23,0,0,1,23,1,1,1,1,1791123305
2026-10-04T14:16:09+00:00,2026-10-04T14:17:03.674292+00:00,2071630998981871920,2071630998981871920,1,0,0,19,0,1,1,1,1791123305
2026-10-04T14:16:09+00:00,2026-10-04T14:17:03.674292+00:00,2038981933682610536,2038981933682610536,8,2,0,7,1,1,1,1,1791123267
2026-10-04T14:16:09+00:00,2026-10-04T14:17:03.674292+00:00,2014558273483754010,2014558273483754010,9,1,0,10,0,1,1,1,1791123267
2026-10-04T14:16:09+00:00,2026-10-04T14:17:03.674292+00:00,2220822464984366036,2220822464984366036,3,0,0,9,0,1,1,1,1791123265
2026-10-04T14:16:09+00:00,2026-10-04T14:17:03.674292+00:00,ca76adb6-4c84-4484-9ec3-b411b81ddbef,ca76adb6-4c84-4484-9ec3-b411b81ddbef,2,0,2,15,0,1,1,1,1791123265
2026-10-04T14:16:09+00:00,2026-10-04T14:17:03.674292+00:00,0b0467c1-0c90-4529-a556-fe4d57835bbb,435,13,12,0,1,1,1,1,1,1791123309
2026-10-04T14:16:09+00:00,2026-10-04T14:17:03.674292+00:00,f8352378-0de8-11e7-991c-3863bb43a7d0,200,12,0,0,7,0,1,1,1,1791123310
2026-10-04T14:16:09+00:00,2026-10-04T14:17:03.674292+00:00,4c128753-6fde-4d4c-896e-a1adf89ada98,4c128753-6fde-4d4c-896e-a1adf89ada98,17,2,0,7,1,1,1,1,1791123309
2026-10-04T14:16:09+00:00,2026-10-04T14:17:03.674292+00:00,f834ea45-0de8-11e7-991c-3863bb43a7d0,130,12,2,0,3,0,1,1,1,1791123308
2026-10-04T14:16:09+00:00,2026-10-04T14:17:03.674292+00:00,7c860828-3359-4229-b59b-963f5a4bab00,236,2,0,1,9,0,1,1,1,1791123310
2026-10-04T14:16:09+00:00,2026-10-04T14:17:03.674292+00:00,2002248857751890568,2002248857751890568,6,3,0,5,0,1,1,1,1791123314
2026-10-04T14:16:09+00:00,2026-10-04T14:17:03.674292+00:00,f834a7d1-0de8-11e7-991c-3863bb43a7d0,91,0,0,0,19,0,1,1,1,1791123314
2026-10-04T14:16:09+00:00,2026-10-04T14:17:03.674292+00:00,be18593a-9e4c-4a13-8bb2-a5bac3d9b2b3,547,8,2,0,10,0,1,1,1,1791123315
2026-10-04T14:16:09+00:00,2026-10-04T14:17:03.674292+00:00,f83481c5-0de8-11e7-991c-3863bb43a7d0,42,18,0,0,13,0,1,1,1,1791123312
2026-10-04T14:16:09+00:00,2026-10-04T14:17:03.674292+00:00,2129865213174084448,2129865213174084448,8,0,0,11,0,1,1,1,1791123312
2026-10-04T14:16:09+00:00,2026-10-04T14:17:03.674292+00:00,f8285d4f-5053-4e26-bb28-72016fe11353,405,9,0,0,10,0,1,1,1,1791123315
2026-10-04T14:16:09+00:00,2026-10-04T14:17:03.674292+00:00,1676a6f7-c417-48d2-92e8-5ce21995efc3,374,12,0,0,6,0,1,1,1,1791123316
2026-10-04T14:16:09+00:00,2026-10-04T14:17:03.674292+00:00,186accbb-6a08-4e1d-b267-9033c4443a56,401,13,6,0,2,0,1,1,1,1791123317
2026-10-04T14:16:09+00:00,2026-10-04T14:17:03.674292+00:00,f834ec42-0de8-11e7-991c-3863bb43a7d0,131,9,3,1,8,0,1,1,1,1791123332
2026-10-04T14:16:09+00:00,2026-10-04T14:17:03.674292+00:00,2131760674371160748,2131760674371160748,4,0,1,15,0,1,1,1,1791123330
2026-10-04T14:16:09+00:00,2026-10-04T14:17:03.674292+00:00,eee3aab6-bd98-4d1f-8887-9c4e2adce482,eee3aab6-bd98-4d1f-8887-9c4e2adce482,3,1,1,7,0,1,1,1,1791123331
2026-10-04T14:16:09+00:00,2026-10-04T14:17:03.674292+00:00,f8349e56-0de8-11e7-991c-3863bb43a7d0,81,4,1,1,14,0,1,1,1,1791123330
2026-10-04T14:16:09+00:00,2026-10-04T14:17:03.674292+00:00,f834fc57-0de8-11e7-991c-3863bb43a7d0,140,11,3,0,6,0,1,1,1,1791123328
2026-10-04T14:16:09+00:00,2026-10-04T14:17:03.674292+00:00,4f25f6ef-236b-43b4-8a92-68a24db0504b,4f25f6ef-236b-43b4-8a92-68a24db0504b,8,5,1,5,0,1,1,1,1791123328
2026-10-04T14:16:09+00:00,2026-10-04T14:17:03.674292+00:00,9e9be067-c6bb-41de-9491-eda69d24d6de,371,16,5,0,2,1,1,1,1,1791123329
2026-10-04T14:16:09+00:00,2026-10-04T14:17:03.674292+00:00,2225590560002383786,2225590560002383786,0,0,0,15,0,1,1,1,1791123334
2026-10-04T14:16:09+00:00,2026-10-04T14:17:03.674292+00:00,f835260c-0de8-11e7-991c-3863bb43a7d0,206,5,0,0,35,0,1,1,1,1791123336
2026-10-04T14:16:09+00:00,2026-10-04T14:17:03.674292+00:00,42886366-9cbf-432c-ba84-beef38877c87,408,8,1,0,7,0,1,1,1,1791123337
2026-10-04T14:16:09+00:00,2026-10-04T14:17:03.674292+00:00,6e340d8e-45db-4fd9-b6eb-b74ec73b0d3e,535,7,1,0,8,0,1,1,1,1791123337
2026-10-04T14:16:09+00:00,2026-10-04T14:17:03.674292+00:00,2d32e355-faee-407b-9bb7-45d80ffb059a,2d32e355-faee-407b-9bb7-45d80ffb059a,0,0,0,19,0,1,1,1,1791123338
2026-10-04T14:16:09+00:00,2026-10-04T14:17:03.674292+00:00,9c8366d8-3b58-4894-b281-09e22f6fe5f7,464,8,0,0,3,0,1,1,1,1791123339
2026-10-04T14:16:09+00:00,2026-10-04T14:17:03.674292+00:00,2245672241002318634,2245672241002318634,2,1,1,15,0,1,1,1,1791123336
2026-10-04T14:16:09+00:00,2026-10-04T14:17:03.674292+00:00,f8349ed6-0de8-11e7-991c-3863bb43a7d0,82,13,0,1,11,0,1,1,1,1791123336
2026-10-04T14:16:09+00:00,2026-10-04T14:17:03.674292+00:00,fe534b6f-61ad-47d3-b9f6-cdaa128f53a4,395,2,0,1,12,0,1,1,1,1791123336
2026-10-04T14:16:09+00:00,2026-10-04T14:17:03.674292+00:00,53548ba4-ad0a-4d92-8e57-fd5c9f3ad102,399,4,1,0,11,0,1,1,1,1791123337
2026-10-04T14:16:09+00:00,2026-10-04T14:17:03.674292+00:00,2040842277416872172,2040842277416872172,13,2,0,3,0,1,1,1,1791123338
2026-10-04T14:16:09+00:00,2026-10-04T14:17:03.674292+00:00,1921360868231155718,1921360868231155718,6,4,1,12,0,1,1,1,1791123321
2026-10-04T14:16:09+00:00,2026-10-04T14:17:03.674292+00:00,f8351726-0de8-11e7-991c-3863bb43a7d0,185,0,0,1,14,0,1,1,1,1791123318
2026-10-04T14:16:09+00:00,2026-10-04T14:17:03.674292+00:00,47c44bb1-d065-41f5-ad79-c18aee60af34,342,8,0,0,7,0,1,1,1,1791123324
2026-10-04T14:16:09+00:00,2026-10-04T14:17:03.674292+00:00,a3bf0bfe-198b-4160-a2fb-cc7d10cfb4cf,a3bf0bfe-198b-4160-a2fb-cc7d10cfb4cf,15,0,1,3,0,1,1,1,1791123325
2026-10-04T14:16:09+00:00,2026-10-04T14:17:03.674292+00:00,74cb9bf6-bb53-4c70-88d2-67998b99628c,296,0,0,2,22,0,1,1,1,1791123327
2026-10-04T14:16:09+00:00,2026-10-04T14:17:03.674292+00:00,2212663228188806942,2212663228188806942,10,0,0,14,0,1,1,1,1791123326
2026-10-04T14:16:09+00:00,2026-10-04T14:17:03.674292+00:00,2249419943962214726,2249419943962214726,9,4,0,10,0,1,1,1,1791123341
2026-10-04T14:16:09+00:00,2026-10-04T14:17:03.674292+00:00,f835108b-0de8-11e7-991c-3863bb43a7d0,170,10,8,0,4,0,1,1,1,1791123343
2026-10-04T14:16:09+00:00,2026-10-04T14:17:03.674292+00:00,f8348a68-0de8-11e7-991c-3863bb43a7d0,60,16,0,0,3,0,1,1,1,1791123339
2026-10-04T14:16:09+00:00,2026-10-04T14:17:03.674292+00:00,4fe8e777-345b-4fc2-a684-dd874e8186d8,4fe8e777-345b-4fc2-a684-dd874e8186d8,0,0,11,0,3,1,0,0,1791123340
2026-10-04T14:16:09+00:00,2026-10-04T14:17:03.674292+00:00,065e0e5d-8a0d-49b7-9c1f-c8eaba51a8b4,490,10,3,1,7,0,1,1,1,1791123340
2026-10-04T14:16:09+00:00,2026-10-04T14:17:03.674292+00:00,8347c34d-68df-404b-ac58-7a387cc3ce4b,414,13,2,0,10,0,1,1,1,1791123341
2026-10-04T14:16:09+00:00,2026-10-04T14:17:03.674292+00:00,2254164250455119196,2254164250455119196,10,10,0,5,0,1,1,1,1791123254
2026-10-04T14:16:09+00:00,2026-10-04T14:17:03.674292+00:00,5f8ced09-665c-41e5-b67e-1e58fac21830,521,2,1,0,9,0,1,1,1,1791123254
2026-10-04T14:16:09+00:00,2026-10-04T14:17:03.674292+00:00,1976642295079838524,1976642295079838524,4,1,0,7,0,1,1,1,1791123254
2026-10-04T14:16:09+00:00,2026-10-04T14:17:03.674292+00:00,81bfc33b-30d8-4881-b261-712715a8b2bc,363,9,0,0,8,1,1,1,1,1791123252
2026-10-04T14:16:09+00:00,2026-10-04T14:17:03.674292+00:00,5bbdd12f-fec4-4741-9d5d-4a60834c5d02,377,5,0,0,14,0,1,1,1,1791123252
2026-10-04T14:16:09+00:00,2026-10-04T14:17:03.674292+00:00,bd3d4824-7203-4edc-a314-cea2b413e886,319,3,1,0,23,1,1,1,1,1791123258
2026-10-04T14:16:09+00:00,2026-10-04T14:17:03.674292+00:00,0daf7408-7a15-4d2b-8c39-f1a097cdbe85,403,10,0,0,5,0,1,1,1,1791123258
2026-10-04T14:16:09+00:00,2026-10-04T14:17:03.674292+00:00,f834dc46-0de8-11e7-991c-3863bb43a7d0,122,4,1,0,11,0,1,1,1,1791123261
2026-10-04T14:16:09+00:00,2026-10-04T14:17:03.674292+00:00,2212258635631104970,2212258635631104970,13,0,0,10,0,1,1,1,1791123349
2026-10-04T14:16:09+00:00,2026-10-04T14:17:03.674292+00:00,c202f2ca-ec1d-4dc5-a734-e0a342f23ba4,279,10,2,0,13,0,1,1,1,1791123349
2026-10-04T14:16:09+00:00,2026-10-04T14:17:03.674292+00:00,f8350204-0de8-11e7-991c-3863bb43a7d0,151,1,0,0,18,0,1,1,1,1791123350
2026-10-04T14:16:09+00:00,2026-10-04T14:17:03.674292+00:00,e2c306f6-82c7-4d0d-89fd-c9452d2f9ad1,361,7,0,0,36,0,1,1,1,1791123350
2026-10-04T14:16:09+00:00,2026-10-04T14:17:03.674292+00:00,12d463d2-ce50-43bd-81b1-6be4dbdbbc1b,430,12,4,0,7,0,1,1,1,1791123349
2026-10-04T14:16:09+00:00,2026-10-04T14:17:03.674292+00:00,f8352068-0de8-11e7-991c-3863bb43a7d0,194,12,3,0,7,0,1,1,1,1791123347
2026-10-04T14:16:09+00:00,2026-10-04T14:17:03.674292+00:00,81676204-e42f-4d3d-991e-9c1264f36229,357,14,1,0,1,0,1,1,1,1791123348
2026-10-04T14:16:09+00:00,2026-10-04T14:17:03.674292+00:00,aa556ad4-0092-4687-96c2-8dbc69addb56,485,2,1,1,8,0,1,1,1,1791123345
2026-10-04T14:16:09+00:00,2026-10-04T14:17:03.674292+00:00,f8351490-0de8-11e7-991c-3863bb43a7d0,179,19,0,4,30,0,1,1,1,1791123345
2026-10-04T14:16:09+00:00,2026-10-04T14:17:03.674292+00:00,f8347b1e-0de8-11e7-991c-3863bb43a7d0,30,11,4,1,3,0,1,1,1,1791123345
2026-10-04T14:16:09+00:00,2026-10-04T14:17:03.674292+00:00,2076849845777355316,2076849845777355316,11,0,2,17,2,1,1,1,1791123346
2026-10-04T14:16:09+00:00,2026-10-04T14:17:03.674292+00:00,f834a3a0-0de8-11e7-991c-3863bb43a7d0,87,3,0,0,12,0,1,1,1,1791123346
2026-10-04T14:16:09+00:00,2026-10-04T14:17:03.674292+00:00,f8346f6f-0de8-11e7-991c-3863bb43a7d0,19,8,1,2,4,0,1,1,1,1791123347
2026-10-04T14:16:09+00:00,2026-10-04T14:17:03.674292+00:00,2123672938202825324,2123672938202825324,3,2,0,12,0,1,1,1,1791123245
2026-10-04T14:16:09+00:00,2026-10-04T14:17:03.674292+00:00,c23a4c0d-7e43-4042-80e2-7c894d07763b,559,6,1,0,5,0,1,1,1,1791123240
2026-10-04T14:16:09+00:00,2026-10-04T14:17:03.674292+00:00,7feae3ce-ddf2-4a45-a123-1209c8a9182b,484,4,0,0,7,0,1,1,1,1791123241
2026-10-04T14:16:09+00:00,2026-10-04T14:17:03.674292+00:00,52485851-e554-49de-ab9f-f536806d2d34,52485851-e554-49de-ab9f-f536806d2d34,0,0,0,11,0,1,1,1,1791123249
2026-10-04T14:16:09+00:00,2026-10-04T14:17:03.674292+00:00,f834a838-0de8-11e7-991c-3863bb43a7d0,92,11,5,2,5,0,1,1,1,1791123247
2026-10-04T14:16:09+00:00,2026-10-04T14:17:03.674292+00:00,f8351dc2-0de8-11e7-991c-3863bb43a7d0,188,7,0,0,8,0,1,1,1,1791123245
2026-10-04T14:16:09+00:00,2026-10-04T14:17:03.674292+00:00,f714390d-6874-43fa-a079-a07f83c79c7b,f714390d-6874-43fa-a079-a07f83c79c7b,11,8,0,0,0,1,1,1,1791123250
2026-10-04T14:16:09+00:00,2026-10-04T14:17:03.674292+00:00,d1c0b0c2-6e4c-424e-a946-a2a95a711633,422,8,2,0,7,0,1,1,1,1791123247
2026-10-04T14:16:09+00:00,2026-10-04T14:17:03.674292+00:00,2130224177726511580,2130224177726511580,3,3,0,12,0,1,1,1,1791123277
2026-10-04T14:16:09+00:00,2026-10-04T14:17:03.674292+00:00,f834f8ca-0de8-11e7-991c-3863bb43a7d0,137,15,5,0,4,0,1,1,1,1791123275
2026-10-04T14:16:09+00:00,2026-10-04T14:17:03.674292+00:00,2035660824473983142,2035660824473983142,14,0,0,5,0,1,1,1,1791123275
2026-10-04T14:16:09+00:00,2026-10-04T14:17:03.674292+00:00,f8350a84-0de8-11e7-991c-3863bb43a7d0,157,8,3,0,7,0,1,1,1,1791123275
2026-10-04T14:16:09+00:00,2026-10-04T14:17:03.674292+00:00,f0f01d4c-ba4a-4ab2-9cc0-9fa1f9223300,394,6,2,0,8,0,1,1,1,1791123275
2026-10-04T14:16:09+00:00,2026-10-04T14:17:03.674292+00:00,228b8017-e4da-4722-9223-b8279a14b8ad,448,2,0,1,7,0,1,1,1,1791123278
2026-10-04T14:16:09+00:00,2026-10-04T14:17:03.674292+00:00,f834658f-0de8-11e7-991c-3863bb43a7d0,4,3,0,0,16,0,1,1,1,1791123273
2026-10-04T14:16:09+00:00,2026-10-04T14:17:03.674292+00:00,f834b99d-0de8-11e7-991c-3863bb43a7d0,107,10,0,0,8,0,1,1,1,1791123267
2026-10-04T14:16:09+00:00,2026-10-04T14:17:03.674292+00:00,2118368356250680236,2118368356250680236,2,0,0,14,0,1,1,1,1791123271
2026-10-04T14:16:09+00:00,2026-10-04T14:17:03.674292+00:00,2109111257926871498,2109111257926871498,13,0,1,5,0,1,1,1,1791123273
2026-10-04T14:16:09+00:00,2026-10-04T14:17:03.674292+00:00,ad2fb6f2-921f-440c-83de-08be76e35c2a,468,7,2,0,8,0,1,1,1,1791123279
2026-10-04T14:16:09+00:00,2026-10-04T14:17:03.674292+00:00,2104f242-2dde-4ec0-8197-4454b1021ac1,381,7,0,0,16,1,1,1,1,1791123280
2026-10-04T14:16:09+00:00,2026-10-04T14:17:03.674292+00:00,f8351eb0-0de8-11e7-991c-3863bb43a7d0,190,12,0,0,25,0,1,1,1,1791123282
2026-10-04T14:16:09+00:00,2026-10-04T14:17:03.674292+00:00,2093488029445054742,2093488029445054742,7,1,1,20,0,1,1,1,1791123282
2026-10-04T14:16:09+00:00,2026-10-04T14:17:03.674292+00:00,12141b77-6e5f-444b-bace-2abf16db4fee,12141b77-6e5f-444b-bace-2abf16db4fee,0,0,7,4,0,1,0,0,1790828072
2026-10-04T14:16:09+00:00,2026-10-04T14:17:03.674292+00:00,f83489ff-0de8-11e7-991c-3863bb43a7d0,59,3,0,1,14,1,1,1,1,1791123282
2026-10-04T14:16:09+00:00,2026-10-04T14:17:03.674292+00:00,1978882443666915710,1978882443666915710,16,0,0,1,1,1,1,1,1791123283
2026-10-04T14:16:09+00:00,2026-10-04T14:17:03.674292+00:00,00802fe6-4268-4dc8-8f55-0dbbc1665ce6,515,0,0,0,19,0,1,1,1,1791123280
2026-10-04T14:16:09+00:00,2026-10-04T14:17:03.674292+00:00,1989983491501558234,1989983491501558234,2,1,0,9,0,1,1,1,1791123356
2026-10-04T14:16:09+00:00,2026-10-04T14:17:03.674292+00:00,bd1755dc-f26c-420e-85b3-fd025d0b5445,554,9,1,1,5,0,1,1,1,1791123356
2026-10-04T14:16:09+00:00,2026-10-04T14:17:03.674292+00:00,f834ba08-0de8-11e7-991c-3863bb43a7d0,108,4,2,0,12,0,1,1,1,1791123357
2026-10-04T14:16:09+00:00,2026-10-04T14:17:03.674292+00:00,9f582e05-15e0-4a39-aef5-c719e0c78e26,466,5,1,1,5,0,1,1,1,1791123356
2026-10-04T14:16:09+00:00,2026-10-04T14:17:03.674292+00:00,eb8824c3-9c84-4fec-8d6f-d537c8ab3beb,349,13,9,0,3,1,1,1,1,1791123352
2026-10-04T14:16:09+00:00,2026-10-04T14:17:03.674292+00:00,f834824e-0de8-11e7-991c-3863bb43a7d0,43,0,0,0,15,0,1,1,1,1791123352
2026-10-04T14:16:09+00:00,2026-10-04T14:17:03.674292+00:00,f834dedf-0de8-11e7-991c-3863bb43a7d0,124,4,3,0,10,0,1,1,1,1791123353
2026-10-04T14:16:09+00:00,2026-10-04T14:17:03.674292+00:00,2267959380696438832,2267959380696438832,7,0,0,4,0,1,1,1,1791123353
2026-10-04T14:16:09+00:00,2026-10-04T14:17:03.674292+00:00,f8352ac4-0de8-11e7-991c-3863bb43a7d0,213,8,2,1,5,0,1,1,1,1791123351
2026-10-04T14:16:09+00:00,2026-10-04T14:17:03.674292+00:00,c5017e67-cada-4549-a52e-0f13dddd289d,424,16,0,0,3,0,1,1,1,1791123351
2026-10-04T14:16:09+00:00,2026-10-04T14:17:03.674292+00:00,93381e13-cd04-4e10-ac81-9f5926aa01d5,333,23,1,2,0,0,1,1,1,1791123349
2026-10-04T14:16:09+00:00,2026-10-04T14:17:03.674292+00:00,9cc65d3d-cfcc-45ff-8f75-7264556b1cf9,9cc65d3d-cfcc-45ff-8f75-7264556b1cf9,11,0,0,7,0,1,1,1,1791123355
2026-10-04T14:16:09+00:00,2026-10-04T14:17:03.674292+00:00,2151136782588526782,2151136782588526782,6,0,1,4,0,1,1,1,1791123354
2026-10-04T14:16:09+00:00,2026-10-04T14:17:03.674292+00:00,1942556871369959976,1942556871369959976,9,1,1,9,0,1,1,1,1791123357
2026-10-04T14:16:09+00:00,2026-10-04T14:17:03.674292+00:00,403c0f6c-d01a-4171-a7be-3aa4dbb0d7d1,407,4,0,1,12,0,1,1,1,1791123357
2026-10-04T14:16:09+00:00,2026-10-04T14:17:03.674292+00:00,f83520d8-0de8-11e7-991c-3863bb43a7d0,195,3,0,0,20,0,1,1,1,1791123357
2026-10-04T14:16:09+00:00,2026-10-04T14:17:03.674292+00:00,2007420398783036020,2007420398783036020,11,0,2,7,0,1,1,1,1791123359
2026-10-04T14:16:09+00:00,2026-10-04T14:17:03.674292+00:00,1df03e33-c105-4e53-b013-d20056cd57f8,1df03e33-c105-4e53-b013-d20056cd57f8,0,0,0,0,0,0,0,0,86400
2026-10-04T14:16:09+00:00,2026-10-04T14:17:03.674292+00:00,f8350b76-0de8-11e7-991c-3863bb43a7d0,159,3,0,1,14,2,1,1,1,1791123109
2026-10-04T14:16:09+00:00,2026-10-04T14:17:03.674292+00:00,f83517fa-0de8-11e7-991c-3863bb43a7d0,187,0,0,14,0,0,1,0,0,1791097495
2026-10-04T14:16:09+00:00,2026-10-04T14:17:03.674292+00:00,f83511d4-0de8-11e7-991c-3863bb43a7d0,173,7,2,0,6,1,1,1,1,1791123228
2026-10-04T14:16:09+00:00,2026-10-04T14:17:03.674292+00:00,f8352534-0de8-11e7-991c-3863bb43a7d0,204,6,0,0,9,0,1,1,1,1791123240
2026-10-04T14:16:09+00:00,2026-10-04T14:17:03.674292+00:00,ccf82572-a142-4378-9a4b-5a51fcb4ef81,350,13,5,0,4,0,1,1,1,1791123239
2026-10-04T14:16:09+00:00,2026-10-04T14:17:03.674292+00:00,f834a8a0-0de8-11e7-991c-3863bb43a7d0,93,9,6,0,22,0,1,1,1,1791123241
2026-10-04T14:16:09+00:00,2026-10-04T14:17:03.674292+00:00,f83491d4-0de8-11e7-991c-3863bb43a7d0,64,4,0,0,19,0,1,1,1,1791123244
2026-10-04T14:16:09+00:00,2026-10-04T14:17:03.674292+00:00,d8ce5f8b-2440-45e1-ab1c-23cb3bcbde84,527,4,0,0,9,0,1,1,1,1791123243
2026-10-04T14:16:09+00:00,2026-10-04T14:17:03.674292+00:00,6aebc664-1e3c-479f-8f65-2bae99215ed3,6aebc664-1e3c-479f-8f65-2bae99215ed3,6,1,0,5,0,1,1,1,1791123243
2026-10-04T14:16:09+00:00,2026-10-04T14:17:03.674292+00:00,f834e534-0de8-11e7-991c-3863bb43a7d0,128,2,2,1,17,0,1,1,1,1791123245
2026-10-04T14:16:09+00:00,2026-10-04T14:17:03.674292+00:00,f83492b4-0de8-11e7-991c-3863bb43a7d0,66,6,1,3,6,0,1,1,1,1791123241
2026-10-04T14:16:09+00:00,2026-10-04T14:17:03.674292+00:00,a6e0db4f-fc9b-42af-bfe0-36cc0259b717,446,8,1,0,8,0,1,1,1,1791123247
2026-10-04T14:16:09+00:00,2026-10-04T14:17:03.674292+00:00,2039109354743046934,2039109354743046934,11,2,2,6,1,1,1,1,1791123249
2026-10-04T14:16:09+00:00,2026-10-04T14:17:03.674292+00:00,2043911250700610106,2043911250700610106,9,0,0,6,0,1,1,1,1791123249
2026-10-04T14:16:09+00:00,2026-10-04T14:17:03.674292+00:00,f834723b-0de8-11e7-991c-3863bb43a7d0,24,2,0,0,21,0,1,1,1,1791123250
2026-10-04T14:16:09+00:00,2026-10-04T14:17:03.674292+00:00,68e5e79a-3c94-4848-b619-9c0829d7f687,475,12,1,3,0,0,1,1,1,1791123254
2026-10-04T14:16:09+00:00,2026-10-04T14:17:03.674292+00:00,ef6ef93b-488f-496b-afbf-3aedfd967129,517,7,3,1,7,0,1,1,1,1791123255
2026-10-04T14:16:09+00:00,2026-10-04T14:17:03.674292+00:00,b205d2bb-bb76-49ac-8d14-85eec5a874d3,343,11,2,0,4,0,1,1,1,1791123255
2026-10-04T14:16:09+00:00,2026-10-04T14:17:03.674292+00:00,25a9114f-66f0-427c-920f-5526ca84f056,346,8,4,0,7,0,1,1,1,1791123261
2026-10-04T14:16:09+00:00,2026-10-04T14:17:03.674292+00:00,d22265a8-a6d7-4922-a6b5-4be738a9e5c4,392,15,10,0,0,0,1,1,1,1791123265
2026-10-04T14:16:09+00:00,2026-10-04T14:17:03.674292+00:00,9bfa4a32-5598-46ea-a1a1-17b4c6ed9d84,431,10,1,0,5,0,1,1,1,1791123265
2026-10-04T14:16:09+00:00,2026-10-04T14:17:03.674292+00:00,f835288a-0de8-11e7-991c-3863bb43a7d0,208,15,1,0,0,0,1,1,1,1791123265
2026-10-04T14:16:09+00:00,2026-10-04T14:17:03.674292+00:00,baab0b05-a028-4147-8432-a2726c7e48ea,328,6,2,0,9,0,1,1,1,1791123262
2026-10-04T14:16:09+00:00,2026-10-04T14:17:03.674292+00:00,f8347f09-0de8-11e7-991c-3863bb43a7d0,37,7,0,1,7,0,1,1,1,1791123274
2026-10-04T14:16:09+00:00,2026-10-04T14:17:03.674292+00:00,2118728866631796788,2118728866631796788,11,2,0,4,0,1,1,1,1791123275
2026-10-04T14:16:09+00:00,2026-10-04T14:17:03.674292+00:00,903b9b5d-4244-43e4-8441-0d17f9a994f7,528,3,3,2,6,0,1,1,1,1791123285
2026-10-04T14:16:09+00:00,2026-10-04T14:17:03.674292+00:00,81323081-749c-44cf-ac62-0e6c64305c32,461,6,0,0,5,0,1,1,1,1791123287
2026-10-04T14:16:09+00:00,2026-10-04T14:17:03.674292+00:00,f9524971-e9f9-4572-aebc-580e48de042f,f9524971-e9f9-4572-aebc-580e48de042f,12,0,0,7,0,1,1,1,1791123283
2026-10-04T14:16:09+00:00,2026-10-04T14:17:03.674292+00:00,940638c5-7cd0-4a11-899e-86af3868d400,532,9,1,0,9,0,1,1,1,1791123290
2026-10-04T14:16:09+00:00,2026-10-04T14:17:03.674292+00:00,c5cfd1ed-aa44-4e20-96bb-e334c96f0d68,376,12,0,1,2,0,1,1,1,1791123292
2026-10-04T14:16:09+00:00,2026-10-04T14:17:03.674292+00:00,f8346803-0de8-11e7-991c-3863bb43a7d0,8,13,2,0,6,0,1,1,1,1791123293
2026-10-04T14:16:09+00:00,2026-10-04T14:17:03.674292+00:00,f834a959-0de8-11e7-991c-3863bb43a7d0,94,10,0,0,1,0,1,1,1,1791123289
2026-10-04T14:16:09+00:00,2026-10-04T14:17:03.674292+00:00,8d893519-bc21-4536-b346-f558988bc8ad,260,12,2,1,2,0,1,1,1,1791123312
2026-10-04T14:16:09+00:00,2026-10-04T14:17:03.674292+00:00,888780ee-bf2f-474e-9622-6bc725aa1b00,888780ee-bf2f-474e-9622-6bc725aa1b00,0,0,0,11,0,1,1,1,1791123313
2026-10-04T14:16:09+00:00,2026-10-04T14:17:03.674292+00:00,fe90d430-d33f-48b2-a5cd-bc161b220939,553,10,1,0,13,0,1,1,1,1791123312
2026-10-04T14:16:09+00:00,2026-10-04T14:17:03.674292+00:00,1994054629753598708,1994054629753598708,11,1,0,3,0,1,1,1,1791123313
2026-10-04T14:16:09+00:00,2026-10-04T14:17:03.674292+00:00,380de8b2-2728-4e4b-83f1-251bfbb5acf2,487,9,1,0,10,0,1,1,1,1791123314
2026-10-04T14:16:09+00:00,2026-10-04T14:17:03.674292+00:00,36f36eed-1070-49be-8b31-5676b8b3489f,227,4,0,0,15,0,1,1,1,1791123310
2026-10-04T14:16:09+00:00,2026-10-04T14:17:03.674292+00:00,2080205593583047424,2080205593583047424,4,0,0,12,0,1,1,1,1791123310
2026-10-04T14:16:09+00:00,2026-10-04T14:17:03.674292+00:00,8a404180-7c2e-4dbe-9489-c478ed959282,8a404180-7c2e-4dbe-9489-c478ed959282,1,0,3,15,0,1,1,1,1791123310
2026-10-04T14:16:09+00:00,2026-10-04T14:17:03.674292+00:00,2246034666940677832,2246034666940677832,5,0,0,6,0,1,1,1,1791123319
2026-10-04T14:16:09+00:00,2026-10-04T14:17:03.674292+00:00,0208190e-851c-417d-8bc7-1b218db97fbf,0208190e-851c-417d-8bc7-1b218db97fbf,8,2,0,15,0,1,1,1,1791123320
2026-10-04T14:16:09+00:00,2026-10-04T14:17:03.674292+00:00,48abed77-c9ba-4a39-8a5c-6a1e9bb8a9a5,48abed77-c9ba-4a39-8a5c-6a1e9bb8a9a5,8,1,0,8,0,1,1,1,1791123319
2026-10-04T14:16:09+00:00,2026-10-04T14:17:03.674292+00:00,f834abfd-0de8-11e7-991c-3863bb43a7d0,96,3,0,0,16,0,1,1,1,1791123320
2026-10-04T14:16:09+00:00,2026-10-04T14:17:03.674292+00:00,d7507124-4cab-4063-8445-a59a33a3d6e4,512,10,1,1,8,0,1,1,1,1791123318
2026-10-04T14:16:09+00:00,2026-10-04T14:17:03.674292+00:00,2014865445230483952,2014865445230483952,15,0,0,2,0,1,1,1,1791123318
2026-10-04T14:16:09+00:00,2026-10-04T14:17:03.674292+00:00,f834708e-0de8-11e7-991c-3863bb43a7d0,21,9,0,1,8,0,1,1,1,1791123319
2026-10-04T14:16:09+00:00,2026-10-04T14:17:03.674292+00:00,2088704000370565344,2088704000370565344,4,1,2,6,0,1,1,1,1791123317
2026-10-04T14:16:09+00:00,2026-10-04T14:17:03.674292+00:00,2090158541932726550,2090158541932726550,2,0,0,13,0,1,1,1,1791123317
2026-10-04T14:16:09+00:00,2026-10-04T14:17:03.674292+00:00,8b97606e-a849-4db8-ae9b-4009fe48d90b,556,8,0,0,11,0,1,1,1,1791123320
2026-10-04T14:16:09+00:00,2026-10-04T14:17:03.674292+00:00,f8346d23-0de8-11e7-991c-3863bb43a7d0,15,10,1,1,4,0,1,1,1,1791123321
2026-10-04T14:16:09+00:00,2026-10-04T14:17:03.674292+00:00,ff938129-8179-455c-9ac9-9fcb9fc0b6d5,ff938129-8179-455c-9ac9-9fcb9fc0b6d5,2,1,0,17,0,1,1,1,1791123325
2026-10-04T14:16:09+00:00,2026-10-04T14:17:03.674292+00:00,f8348622-0de8-11e7-991c-3863bb43a7d0,50,7,0,1,10,1,1,1,1,1791123320
2026-10-04T14:16:09+00:00,2026-10-04T14:17:03.674292+00:00,2270454512964591136,2270454512964591136,4,2,0,15,0,1,1,1,1791123268
2026-10-04T14:16:09+00:00,2026-10-04T14:17:03.674292+00:00,295553ea-851b-4ac2-a094-f9d1208e399a,412,3,0,0,16,0,1,1,1,1791123278
2026-10-04T14:16:09+00:00,2026-10-04T14:17:03.674292+00:00,dede6d5f-7d62-496e-a8ca-d5a64afe39c1,544,0,0,0,15,0,1,1,1,1791123278
2026-10-04T14:16:09+00:00,2026-10-04T14:17:03.674292+00:00,d5349097-b478-4b3f-9c46-d8fbcf38e3f4,509,6,3,0,6,0,1,1,1,1791123282
2026-10-04T14:16:09+00:00,2026-10-04T14:17:03.674292+00:00,f8352219-0de8-11e7-991c-3863bb43a7d0,197,3,0,1,11,0,1,1,1,1791123283
2026-10-04T14:16:09+00:00,2026-10-04T14:17:03.674292+00:00,b34694c2-c640-4f70-b196-1c357ab798e0,b34694c2-c640-4f70-b196-1c357ab798e0,10,3,0,5,0,1,1,1,1791123282
2026-10-04T14:16:09+00:00,2026-10-04T14:17:03.674292+00:00,1994466222105870452,1994466222105870452,4,1,2,5,0,1,1,1,1791123298
2026-10-04T14:16:09+00:00,2026-10-04T14:17:03.674292+00:00,2069389896750516900,2069389896750516900,4,0,0,16,0,1,1,1,1791123294
2026-10-04T14:16:09+00:00,2026-10-04T14:17:03.674292+00:00,b6a8522d-296d-4c05-887d-842374520780,545,11,11,0,2,1,1,1,1,1791123300
2026-10-04T14:16:09+00:00,2026-10-04T14:17:03.674292+00:00,2141791438824588162,2141791438824588162,2,0,1,16,0,1,1,1,1791123297
2026-10-04T14:16:09+00:00,2026-10-04T14:17:03.674292+00:00,57716f8d-c9ee-4768-8872-71343ec3ffd8,514,14,0,3,2,0,1,1,1,1791123300
2026-10-04T14:16:09+00:00,2026-10-04T14:17:03.674292+00:00,df03c61a-29d7-445d-9980-d7f058916591,345,12,0,1,7,0,1,1,1,1791123301
2026-10-04T14:16:09+00:00,2026-10-04T14:17:03.674292+00:00,f834662c-0de8-11e7-991c-3863bb43a7d0,5,12,0,0,3,0,1,1,1,1791123309
2026-10-04T14:16:09+00:00,2026-10-04T14:17:03.674292+00:00,aa964f5b-fadf-4fc1-8c91-84ee36e15f0d,341,8,0,0,7,0,1,1,1,1791123309
2026-10-04T14:16:09+00:00,2026-10-04T14:17:03.674292+00:00,270ad97d-035d-472a-9827-76d3187afc56,402,7,0,1,7,0,1,1,1,1791123307
2026-10-04T14:16:09+00:00,2026-10-04T14:17:03.674292+00:00,2087949096844032050,2087949096844032050,10,0,0,5,0,1,1,1,1791123326
2026-10-04T14:16:09+00:00,2026-10-04T14:17:03.674292+00:00,1986302395589722758,1986302395589722758,6,1,0,4,0,1,1,1,1791123327
2026-10-04T14:16:09+00:00,2026-10-04T14:17:03.674292+00:00,f834c7a9-0de8-11e7-991c-3863bb43a7d0,112,6,1,0,9,0,1,1,1,1791123325
2026-10-04T14:16:09+00:00,2026-10-04T14:17:03.674292+00:00,f834cfd8-0de8-11e7-991c-3863bb43a7d0,117,2,0,4,9,2,1,1,1,1791123325
2026-10-04T14:16:09+00:00,2026-10-04T14:17:03.674292+00:00,23146f28-9762-4a6d-a6db-fcd4ff0e5d07,356,8,3,0,15,0,1,1,1,1791123325
2026-10-04T14:16:09+00:00,2026-10-04T14:17:03.674292+00:00,7e1dae55-4d3d-4a41-b969-2aeca70e0e69,7e1dae55-4d3d-4a41-b969-2aeca70e0e69,5,0,0,6,0,1,1,1,1791123326
2026-10-04T14:16:09+00:00,2026-10-04T14:17:03.674292+00:00,2270212773802111256,2270212773802111256,0,0,0,19,0,1,1,1,1791123327
2026-10-04T14:16:09+00:00,2026-10-04T14:17:03.674292+00:00,2085737662370069102,2085737662370069102,18,11,0,0,1,1,1,1,1791123328
2026-10-04T14:16:09+00:00,2026-10-04T14:17:03.674292+00:00,1cced911-b428-4cfd-81be-3a8f77ce7379,233,4,0,0,10,0,1,1,1,1791123331
2026-10-04T14:16:09+00:00,2026-10-04T14:17:03.674292+00:00,5b1d2661-8a93-4f14-b242-ebc52792f951,337,15,2,0,0,0,1,1,1,1791123333
2026-10-04T14:16:09+00:00,2026-10-04T14:17:03.674292+00:00,1965873511294959658,1965873511294959658,4,1,0,19,0,1,1,1,1791123332
2026-10-04T14:16:09+00:00,2026-10-04T14:17:03.674292+00:00,1963613484180639992,1963613484180639992,15,1,0,4,0,1,1,1,1791123334
2026-10-04T14:16:09+00:00,2026-10-04T14:17:03.674292+00:00,2085366936904166272,2085366936904166272,5,2,1,9,0,1,1,1,1791123334
2026-10-04T14:16:09+00:00,2026-10-04T14:17:03.674292+00:00,f8349440-0de8-11e7-991c-3863bb43a7d0,68,19,6,0,0,0,1,1,1,1791123338
2026-10-04T14:16:09+00:00,2026-10-04T14:17:03.674292+00:00,f8352ba8-0de8-11e7-991c-3863bb43a7d0,215,0,0,0,15,0,1,1,1,1791123337
2026-10-04T14:16:09+00:00,2026-10-04T14:17:03.674292+00:00,f8351f1d-0de8-11e7-991c-3863bb43a7d0,191,9,0,0,6,0,1,1,1,1791123337
2026-10-04T14:16:09+00:00,2026-10-04T14:17:03.674292+00:00,fbc512a5-4b98-4821-bcfb-bb0c7ac83543,365,9,1,0,10,0,1,1,1,1791123335
2026-10-04T14:16:09+00:00,2026-10-04T14:17:03.674292+00:00,868ccc83-99e5-4faf-96eb-e1fae26b9741,481,12,2,0,7,0,1,1,1,1791123342
2026-10-04T14:16:09+00:00,2026-10-04T14:17:03.674292+00:00,f834b8b3-0de8-11e7-991c-3863bb43a7d0,105,0,0,0,18,0,1,1,1,1791123343
2026-10-04T14:16:09+00:00,2026-10-04T14:17:03.674292+00:00,2040842870122359032,2040842870122359032,2,2,0,18,0,1,1,1,1791123343
2026-10-04T14:16:09+00:00,2026-10-04T14:17:03.674292+00:00,f8347ccd-0de8-11e7-991c-3863bb43a7d0,33,1,0,1,25,0,1,1,1,1791123340
2026-10-04T14:16:09+00:00,2026-10-04T14:17:03.674292+00:00,f8352b39-0de8-11e7-991c-3863bb43a7d0,214,3,1,0,10,1,1,1,1,1791123340
2026-10-04T14:16:09+00:00,2026-10-04T14:17:03.674292+00:00,2145094035874873892,2145094035874873892,17,0,0,1,0,1,1,1,1791123339
2026-10-04T14:16:09+00:00,2026-10-04T14:17:03.674292+00:00,8983c75a-12c1-4995-aedc-24c94bd895e3,384,6,3,2,11,0,1,1,1,1791123343
2026-10-04T14:16:09+00:00,2026-10-04T14:17:03.674292+00:00,51bb4381-dae4-4aeb-b213-0614b807be29,344,8,2,0,11,0,1,1,1,1791123345
2026-10-04T14:16:09+00:00,2026-10-04T14:17:03.674292+00:00,ad2cf74c-0e8c-4e15-8f19-2259e8c82f0f,404,0,0,0,16,0,1,1,1,1791123348
2026-10-04T14:16:09+00:00,2026-10-04T14:17:03.674292+00:00,2027502297316997708,2027502297316997708,1,0,0,8,0,1,1,1,1791123347
2026-10-04T14:16:09+00:00,2026-10-04T14:17:03.674292+00:00,2249415127458891992,2249415127458891992,10,4,0,5,0,1,1,1,1791123347
2026-10-04T14:16:09+00:00,2026-10-04T14:17:03.674292+00:00,90330e1a-dee5-4914-9d3f-3891aeca12ca,434,11,2,0,8,0,1,1,1,1791123343
2026-10-04T14:16:09+00:00,2026-10-04T14:17:03.674292+00:00,2259733531216984776,2259733531216984776,8,0,0,7,0,1,1,1,1791123344
2026-10-04T14:16:09+00:00,2026-10-04T14:17:03.674292+00:00,f8346b6f-0de8-11e7-991c-3863bb43a7d0,12,5,1,1,21,0,1,1,1,1791123344
2026-10-04T14:16:09+00:00,2026-10-04T14:17:03.674292+00:00,f834f6a3-0de8-11e7-991c-3863bb43a7d0,135,9,1,0,8,0,1,1,1,1791123345
2026-10-04T14:16:09+00:00,2026-10-04T14:17:03.674292+00:00,f8346ad7-0de8-11e7-991c-3863bb43a7d0,11,8,4,1,5,0,1,1,1,1791123345
2026-10-04T14:16:09+00:00,2026-10-04T14:17:03.674292+00:00,f834b101-0de8-11e7-991c-3863bb43a7d0,97,10,0,0,8,1,1,1,1,1791123349
2026-10-04T14:16:09+00:00,2026-10-04T14:17:03.674292+00:00,1991922092203192944,1991922092203192944,5,3,0,14,0,1,1,1,1791123349
2026-10-04T14:16:09+00:00,2026-10-04T14:17:03.674292+00:00,f8347e78-0de8-11e7-991c-3863bb43a7d0,36,2,2,0,29,0,1,1,1,1791123349
2026-10-04T14:16:09+00:00,2026-10-04T14:17:03.674292+00:00,7f68a70d-af0e-450a-b7a8-ce621cd0c8c1,280,15,9,1,3,0,1,1,1,1791123353
2026-10-04T14:16:09+00:00,2026-10-04T14:17:03.674292+00:00,2227858849424910006,2227858849424910006,7,1,0,1,0,1,1,1,1791123353
2026-10-04T14:16:09+00:00,2026-10-04T14:17:03.674292+00:00,1a661bb7-7d14-49e9-ac3d-22bafec8a2f0,507,7,2,1,3,0,1,1,1,1791123352
2026-10-04T14:16:09+00:00,2026-10-04T14:17:03.674292+00:00,f2b83aa2-86cd-4904-a099-74bf2023f768,330,11,2,0,4,0,1,1,1,1791123352
2026-10-04T14:16:09+00:00,2026-10-04T14:17:03.674292+00:00,56817d8e-3a1c-431a-a529-1a600f80c364,366,4,0,1,22,0,1,1,1,1791123350
2026-10-04T14:16:09+00:00,2026-10-04T14:17:03.674292+00:00,2119105928286481344,2119105928286481344,2,1,0,17,0,1,1,1,1791123354
2026-10-04T14:16:09+00:00,2026-10-04T14:17:03.674292+00:00,2110984374959099994,2110984374959099994,8,3,1,10,1,1,1,1,1791123355
2026-10-04T14:16:09+00:00,2026-10-04T14:17:03.674292+00:00,e4678b17-face-42c3-9b5f-98418d31e3b6,e4678b17-face-42c3-9b5f-98418d31e3b6,7,0,0,4,0,1,1,1,1791123356
2026-10-04T14:16:09+00:00,2026-10-04T14:17:03.674292+00:00,f83513a7-0de8-11e7-991c-3863bb43a7d0,177,15,10,0,4,0,1,1,1,1791123355
2026-10-04T14:16:09+00:00,2026-10-04T14:17:03.674292+00:00,f8349b20-0de8-11e7-991c-3863bb43a7d0,76,4,1,0,12,0,1,1,1,1791123357
2026-10-04T14:16:09+00:00,2026-10-04T14:17:03.674292+00:00,f8350ecf-0de8-11e7-991c-3863bb43a7d0,167,6,0,1,8,0,1,1,1,1791123357
2026-10-04T14:16:09+00:00,2026-10-04T14:17:03.674292+00:00,f8347c41-0de8-11e7-991c-3863bb43a7d0,32,12,0,2,0,0,1,1,1,1791123357
2026-10-04T14:16:09+00:00,2026-10-04T14:17:03.674292+00:00,f83497b9-0de8-11e7-991c-3863bb43a7d0,74,14,2,3,2,0,1,1,1,1791123356
2026-10-04T14:16:09+00:00,2026-10-04T14:17:03.674292+00:00,f83482d2-0de8-11e7-991c-3863bb43a7d0,44,4,1,0,27,0,1,1,1,1791123357
2026-10-04T14:16:09+00:00,2026-10-04T14:17:03.674292+00:00,7560f0e3-267b-4fb3-bbfa-6e02010cfcb7,225,8,1,0,11,0,1,1,1,1791123358
2026-10-04T14:16:09+00:00,2026-10-04T14:17:03.674292+00:00,2090635592862466836,2090635592862466836,23,0,3,4,1,1,1,1,1791123358
2026-10-04T14:16:09+00:00,2026-10-04T14:17:03.674292+00:00,f83488be-0de8-11e7-991c-3863bb43a7d0,56,3,1,0,15,0,1,1,1,1791123357
2026-10-04T14:16:09+00:00,2026-10-04T14:17:03.674292+00:00,99675a11-a92c-465c-bf5a-434b08ba5fc6,400,9,5,0,43,0,1,1,1,1791123357
2026-10-04T14:16:09+00:00,2026-10-04T14:17:03.674292+00:00,cf5f920f-b61d-4db0-b139-14aff04d577c,459,2,1,1,19,0,1,1,1,1791123358
2026-10-04T14:16:09+00:00,2026-10-04T14:17:03.674292+00:00,9721c80e-fc8f-474f-8918-b68c041d2836,9721c80e-fc8f-474f-8918-b68c041d2836,3,0,0,20,0,1,1,1,1791123359
2026-10-04T14:16:09+00:00,2026-10-04T14:17:03.674292+00:00,1e1b40cd-8e00-4b74-b147-be6b23f5c9e7,385,1,0,1,13,0,1,1,1,1791123359
2026-10-04T14:16:09+00:00,2026-10-04T14:17:03.674292+00:00,f8350cc1-0de8-11e7-991c-3863bb43a7d0,162,8,2,0,7,0,1,1,1,1791123359
2026-10-04T14:16:09+00:00,2026-10-04T14:17:03.674292+00:00,ea65c25f-0718-4f79-8588-c58b9fe3a105,226,5,0,1,8,1,1,1,1,1791123359
2026-10-04T14:16:09+00:00,2026-10-04T14:17:03.674292+00:00,61168d8b-20b7-46c8-8f08-6ae1f100c4e0,550,7,3,0,10,0,1,1,1,1791123359
2026-10-04T14:16:09+00:00,2026-10-04T14:17:03.674292+00:00,0adccd89-1d8d-44da-9f7c-5f18acafeddf,338,0,0,1,14,0,1,1,1,1791123249
2026-10-04T14:16:09+00:00,2026-10-04T14:17:03.674292+00:00,2fd22786-dfeb-4126-a906-4f01802087f3,454,11,1,0,8,0,1,1,1,1791123250
2026-10-04T14:16:09+00:00,2026-10-04T14:17:03.674292+00:00,533620e8-00ff-494a-b288-bd67602bc98e,472,3,0,0,23,0,1,1,1,1791123248
2026-10-04T14:16:09+00:00,2026-10-04T14:17:03.674292+00:00,0f554e1d-9f0f-452d-9b4a-e00aa2c5911e,492,7,3,0,8,0,1,1,1,1791123290
2026-10-04T14:16:09+00:00,2026-10-04T14:17:03.674292+00:00,36a8fbc8-6069-4a29-bbfd-63a2d019c9a5,415,4,0,0,15,0,1,1,1,1791123288
2026-10-04T14:16:09+00:00,2026-10-04T14:17:03.674292+00:00,9ca92778-9101-48df-90ea-08b784e26a1a,413,13,1,1,5,0,1,1,1,1791123293
2026-10-04T14:16:09+00:00,2026-10-04T14:17:03.674292+00:00,2111712079786088918,2111712079786088918,6,0,0,9,0,1,1,1,1791123293
2026-10-04T14:16:09+00:00,2026-10-04T14:17:03.674292+00:00,d7ec834e-9d9a-402c-9956-7d5f42676b94,d7ec834e-9d9a-402c-9956-7d5f42676b94,5,0,0,9,1,1,1,1,1791123296
2026-10-04T14:16:09+00:00,2026-10-04T14:17:03.674292+00:00,f35de2ab-979e-42d5-8cbd-dc479ed637e9,503,2,2,0,4,0,1,1,1,1791123296
2026-10-04T14:16:09+00:00,2026-10-04T14:17:03.674292+00:00,2029805507281123700,2029805507281123700,14,4,1,4,0,1,1,1,1791123301
2026-10-04T14:16:09+00:00,2026-10-04T14:17:03.674292+00:00,2327cb08-fa9f-459b-9ab0-1a319b0f2f4c,539,8,1,1,9,0,1,1,1,1791123298
2026-10-04T14:16:09+00:00,2026-10-04T14:17:03.674292+00:00,f834e1b2-0de8-11e7-991c-3863bb43a7d0,125,16,0,0,3,0,1,1,1,1791123305
2026-10-04T14:16:09+00:00,2026-10-04T14:17:03.674292+00:00,287aedf5-0361-47e9-9de0-14ae3b75cc0d,287aedf5-0361-47e9-9de0-14ae3b75cc0d,9,1,0,12,0,1,1,1,1791123307
2026-10-04T14:16:09+00:00,2026-10-04T14:17:03.674292+00:00,5afe91c4-8076-4f9f-b83b-cf233bda2331,460,7,1,0,8,0,1,1,1,1791123308
2026-10-04T14:16:09+00:00,2026-10-04T14:17:03.674292+00:00,f8349745-0de8-11e7-991c-3863bb43a7d0,73,3,0,0,12,0,1,1,1,1791123306
2026-10-04T14:16:09+00:00,2026-10-04T14:17:03.674292+00:00,f83516b8-0de8-11e7-991c-3863bb43a7d0,184,17,0,0,1,1,1,1,1,1791123313
2026-10-04T14:16:09+00:00,2026-10-04T14:17:03.674292+00:00,e68655be-23d3-46e5-a509-25be677e7542,482,9,3,0,2,0,1,1,1,1791123312
2026-10-04T14:16:09+00:00,2026-10-04T14:17:03.674292+00:00,f83524c0-0de8-11e7-991c-3863bb43a7d0,203,5,3,0,9,0,1,1,1,1791123311
2026-10-04T14:16:09+00:00,2026-10-04T14:17:03.674292+00:00,2078337213380274244,2078337213380274244,4,4,0,6,0,1,1,1,1791123312
2026-10-04T14:16:09+00:00,2026-10-04T14:17:03.674292+00:00,2113200093114979090,2113200093114979090,3,0,0,12,1,1,1,1,1791123316
2026-10-04T14:16:09+00:00,2026-10-04T14:17:03.674292+00:00,f8351019-0de8-11e7-991c-3863bb43a7d0,169,14,6,0,5,0,1,1,1,1791123316
2026-10-04T14:16:09+00:00,2026-10-04T14:17:03.674292+00:00,1975886280004030604,1975886280004030604,15,2,0,8,0,1,1,1,1791123319
2026-10-04T14:16:09+00:00,2026-10-04T14:17:03.674292+00:00,70f20fcb-8e63-4015-9007-b97c525ab0a9,335,9,0,0,10,0,1,1,1,1791123316
2026-10-04T14:16:09+00:00,2026-10-04T14:17:03.674292+00:00,83183df0-38c2-4ae8-a0c4-4b59599c9582,222,8,3,0,6,0,1,1,1,1791123317
2026-10-04T14:16:09+00:00,2026-10-04T14:17:03.674292+00:00,f8346894-0de8-11e7-991c-3863bb43a7d0,9,2,1,2,11,0,1,1,1,1791123318
2026-10-04T14:16:09+00:00,2026-10-04T14:17:03.674292+00:00,2223043968513191970,2223043968513191970,7,0,0,9,0,1,1,1,1791123315
2026-10-04T14:16:09+00:00,2026-10-04T14:17:03.674292+00:00,f83523e3-0de8-11e7-991c-3863bb43a7d0,201,10,0,1,4,0,1,1,1,1791123262
2026-10-04T14:16:09+00:00,2026-10-04T14:17:03.674292+00:00,350e73e3-6f70-4b2d-87ab-24c8629e9a6a,350e73e3-6f70-4b2d-87ab-24c8629e9a6a,15,0,0,4,0,1,1,1,1791123260
2026-10-04T14:16:09+00:00,2026-10-04T14:17:03.674292+00:00,f8346768-0de8-11e7-991c-3863bb43a7d0,7,8,4,0,7,0,1,1,1,1791123260
2026-10-04T14:16:09+00:00,2026-10-04T14:17:03.674292+00:00,dfdaf866-b814-48e5-9bd3-eb7c4a733697,dfdaf866-b814-48e5-9bd3-eb7c4a733697,10,4,0,7,0,1,1,1,1791123268
2026-10-04T14:16:09+00:00,2026-10-04T14:17:03.674292+00:00,f83464e4-0de8-11e7-991c-3863bb43a7d0,3,12,0,0,2,0,1,1,1,1791123269
2026-10-04T14:16:09+00:00,2026-10-04T14:17:03.674292+00:00,2136942888571742916,2136942888571742916,4,0,1,10,0,1,1,1,1791123266
2026-10-04T14:16:09+00:00,2026-10-04T14:17:03.674292+00:00,2241260819676115550,2241260819676115550,0,0,0,23,0,1,1,1,1791123239
2026-10-04T14:16:09+00:00,2026-10-04T14:17:03.674292+00:00,abefafdc-c772-4671-86fe-fc15a42adebb,abefafdc-c772-4671-86fe-fc15a42adebb,5,0,0,18,0,1,1,1,1791123243
2026-10-04T14:16:09+00:00,2026-10-04T14:17:03.674292+00:00,f834b49d-0de8-11e7-991c-3863bb43a7d0,101,15,7,0,3,0,1,1,1,1791123271
2026-10-04T14:16:09+00:00,2026-10-04T14:17:03.674292+00:00,510239fe-69c3-458b-b53c-6ce001845f4a,354,6,2,0,9,0,1,1,1,1791123276
2026-10-04T14:16:09+00:00,2026-10-04T14:17:03.674292+00:00,f8348481-0de8-11e7-991c-3863bb43a7d0,47,5,0,1,12,1,1,1,1,1791123283
2026-10-04T14:16:09+00:00,2026-10-04T14:17:03.674292+00:00,1997031579059661288,1997031579059661288,9,2,0,2,0,1,1,1,1791123279
2026-10-04T14:16:09+00:00,2026-10-04T14:17:03.674292+00:00,103a9881-e30a-4d57-b81d-863b995ff759,255,0,0,0,0,0,0,0,0,86400
2026-10-04T14:16:09+00:00,2026-10-04T14:17:03.674292+00:00,f8348136-0de8-11e7-991c-3863bb43a7d0,41,16,0,1,10,0,1,1,1,1791123315
2026-10-04T14:16:09+00:00,2026-10-04T14:17:03.674292+00:00,f8349c69-0de8-11e7-991c-3863bb43a7d0,78,12,4,0,7,0,1,1,1,1791123322
2026-10-04T14:16:09+00:00,2026-10-04T14:17:03.674292+00:00,ba634139-d7bf-448f-aac4-25995d36b67b,373,6,3,0,9,0,1,1,1,1791123323
2026-10-04T14:16:09+00:00,2026-10-04T14:17:03.674292+00:00,f834f814-0de8-11e7-991c-3863bb43a7d0,136,3,1,1,15,0,1,1,1,1791123324
2026-10-04T14:16:09+00:00,2026-10-04T14:17:03.674292+00:00,7ec0c53c-876a-419c-a78b-4edd000bbc9a,445,14,0,2,3,0,1,1,1,1791123324
2026-10-04T14:16:09+00:00,2026-10-04T14:17:03.674292+00:00,0839bb10-e876-4198-95e4-0147a561853d,258,10,0,0,5,0,1,1,1,1791123324
2026-10-04T14:16:09+00:00,2026-10-04T14:17:03.674292+00:00,f834b5d9-0de8-11e7-991c-3863bb43a7d0,103,8,1,0,7,0,1,1,1,1791123325
2026-10-04T14:16:09+00:00,2026-10-04T14:17:03.674292+00:00,2071993292066931472,2071993292066931472,14,3,0,6,0,1,1,1,1791123325
2026-10-04T14:16:09+00:00,2026-10-04T14:17:03.674292+00:00,a18e1e55-507e-49d8-b7c0-5c0efd959125,358,15,5,0,4,0,1,1,1,1791123327
2026-10-04T14:16:09+00:00,2026-10-04T14:17:03.674292+00:00,ddcc8869-b8d4-483c-b9da-457fcebc8dc1,417,16,0,1,3,0,1,1,1,1791123327
2026-10-04T14:16:09+00:00,2026-10-04T14:17:03.674292+00:00,b23674a7-15a8-46d2-8219-6668acecf24a,548,10,0,0,8,0,1,1,1,1791123327
2026-10-04T14:16:09+00:00,2026-10-04T14:17:03.674292+00:00,f36e24cd-de4c-4a5e-adf4-cb97ccd2958d,505,8,4,2,1,0,1,1,1,1791123328
2026-10-04T14:16:09+00:00,2026-10-04T14:17:03.674292+00:00,bb27977d-36c1-496d-8bac-631b612dd7b8,332,5,0,1,9,0,1,1,1,1791123325
2026-10-04T14:16:09+00:00,2026-10-04T14:17:03.674292+00:00,2264176803898382980,2264176803898382980,4,4,0,7,0,1,1,1,1791123326
2026-10-04T14:16:09+00:00,2026-10-04T14:17:03.674292+00:00,2038239468396569074,2038239468396569074,16,0,1,14,1,1,1,1,1791123326
2026-10-04T14:16:09+00:00,2026-10-04T14:17:03.674292+00:00,2267569638034503736,2267569638034503736,9,0,1,9,0,1,1,1,1791123324
2026-10-04T14:16:09+00:00,2026-10-04T14:17:03.674292+00:00,20b0b405-54ba-4a80-b89c-0819772665db,440,13,6,0,1,1,1,1,1,1791123324
2026-10-04T14:16:09+00:00,2026-10-04T14:17:03.674292+00:00,b995a0b4-fc26-4661-9bc8-e166d648edfd,353,7,0,0,8,0,1,1,1,1791123328
2026-10-04T14:16:09+00:00,2026-10-04T14:17:03.674292+00:00,676ca473-eed6-4971-aaf3-e199a7ca335b,433,15,7,0,3,1,1,1,1,1791123328
2026-10-04T14:16:09+00:00,2026-10-04T14:17:03.674292+00:00,f83510fd-0de8-11e7-991c-3863bb43a7d0,171,14,0,2,7,0,1,1,1,1791123329
2026-10-04T14:16:09+00:00,2026-10-04T14:17:03.674292+00:00,f834b42d-0de8-11e7-991c-3863bb43a7d0,100,0,0,1,24,0,1,1,1,1791123329
2026-10-04T14:16:09+00:00,2026-10-04T14:17:03.674292+00:00,2103549125054737064,2103549125054737064,3,0,0,13,0,1,1,1,1791123331
2026-10-04T14:16:09+00:00,2026-10-04T14:17:03.674292+00:00,2141932795355773712,2141932795355773712,1,1,1,15,0,1,1,1,1791123331
2026-10-04T14:16:09+00:00,2026-10-04T14:17:03.674292+00:00,f8348995-0de8-11e7-991c-3863bb43a7d0,58,11,0,0,8,0,1,1,1,1791123331
2026-10-04T14:16:09+00:00,2026-10-04T14:17:03.674292+00:00,f8352c92-0de8-11e7-991c-3863bb43a7d0,217,3,2,0,16,0,1,1,1,1791123329
2026-10-04T14:16:09+00:00,2026-10-04T14:17:03.674292+00:00,40e58976-02cc-4c7c-911f-7a6c97588bfa,520,12,0,1,8,0,1,1,1,1791123330
2026-10-04T14:16:09+00:00,2026-10-04T14:17:03.674292+00:00,2113555008851845550,2113555008851845550,17,7,0,3,0,1,1,1,1791123332
2026-10-04T14:16:09+00:00,2026-10-04T14:17:03.674292+00:00,ef54374b-0406-4b17-b0a1-847f1d7bea06,410,15,4,0,0,0,1,1,1,1791123331
2026-10-04T14:16:09+00:00,2026-10-04T14:17:03.674292+00:00,2038619205667946906,2038619205667946906,13,6,1,6,0,1,1,1,1791123338
2026-10-04T14:16:09+00:00,2026-10-04T14:17:03.674292+00:00,5f726a7d-5c5d-48b1-9b13-06c77572a237,516,4,3,1,6,0,1,1,1,1791123339
2026-10-04T14:16:09+00:00,2026-10-04T14:17:03.674292+00:00,2070180968009321294,2070180968009321294,13,0,0,6,2,1,1,1,1791123335
2026-10-04T14:16:09+00:00,2026-10-04T14:17:03.674292+00:00,f8351336-0de8-11e7-991c-3863bb43a7d0,176,9,0,0,6,0,1,1,1,1791123337
2026-10-04T14:16:09+00:00,2026-10-04T14:17:03.674292+00:00,f24a573e-ef07-4785-9270-70c443510ea6,359,9,4,3,3,0,1,1,1,1791123336
2026-10-04T14:16:09+00:00,2026-10-04T14:17:03.674292+00:00,342a2c60-71b0-4d19-98d6-47987cf20dbc,379,15,1,0,0,0,1,1,1,1791123346
2026-10-04T14:16:09+00:00,2026-10-04T14:17:03.674292+00:00,f8347118-0de8-11e7-991c-3863bb43a7d0,22,8,1,1,25,1,1,1,1,1791123346
2026-10-04T14:16:09+00:00,2026-10-04T14:17:03.674292+00:00,f834e244-0de8-11e7-991c-3863bb43a7d0,126,7,2,1,7,0,1,1,1,1791123346
2026-10-04T14:16:09+00:00,2026-10-04T14:17:03.674292+00:00,1944724820826878816,1944724820826878816,11,0,0,7,0,1,1,1,1791123349
2026-10-04T14:16:09+00:00,2026-10-04T14:17:03.674292+00:00,54d86d05-b399-42c5-a63a-a97713afc5d4,54d86d05-b399-42c5-a63a-a97713afc5d4,4,2,1,5,0,1,1,1,1791123349
2026-10-04T14:16:09+00:00,2026-10-04T14:17:03.674292+00:00,42a3ecca-af9a-4556-90ba-7631546f96f8,42a3ecca-af9a-4556-90ba-7631546f96f8,3,3,2,6,0,1,1,1,1791123346
2026-10-04T14:16:09+00:00,2026-10-04T14:17:03.674292+00:00,1960693490199507164,1960693490199507164,3,0,0,16,0,1,1,1,1791123346
2026-10-04T14:16:09+00:00,2026-10-04T14:17:03.674292+00:00,f6df6c1a-064f-428a-951c-2069a081b9df,380,15,8,3,1,0,1,1,1,1791123346
2026-10-04T14:16:09+00:00,2026-10-04T14:17:03.674292+00:00,02a4416f-80b4-4472-accd-5db482ed5b6d,367,3,0,0,16,0,1,1,1,1791123346
2026-10-04T14:16:09+00:00,2026-10-04T14:17:03.674292+00:00,13918b3b-9ac5-4968-a74d-e40dd3bc952e,479,6,0,1,12,0,1,1,1,1791123351
2026-10-04T14:16:09+00:00,2026-10-04T14:17:03.674292+00:00,f8348509-0de8-11e7-991c-3863bb43a7d0,48,3,0,0,14,0,1,1,1,1791123351
2026-10-04T14:16:09+00:00,2026-10-04T14:17:03.674292+00:00,f834fd36-0de8-11e7-991c-3863bb43a7d0,142,5,2,0,18,0,1,1,1,1791123352
2026-10-04T14:16:09+00:00,2026-10-04T14:17:03.674292+00:00,9f54207a-3308-43bd-b45c-9042b6389598,423,14,2,0,5,0,1,1,1,1791123348
2026-10-04T14:16:09+00:00,2026-10-04T14:17:03.674292+00:00,f83494b4-0de8-11e7-991c-3863bb43a7d0,69,10,1,0,9,0,1,1,1,1791123349
2026-10-04T14:16:09+00:00,2026-10-04T14:17:03.674292+00:00,2223045710883822544,2223045710883822544,10,3,0,5,0,1,1,1,1791123349
2026-10-04T14:16:09+00:00,2026-10-04T14:17:03.674292+00:00,ec3eea05-a3ff-43c6-9e24-0c63f09b915f,378,10,1,0,10,0,1,1,1,1791123348
2026-10-04T14:16:09+00:00,2026-10-04T14:17:03.674292+00:00,93911aa1-b5e4-48aa-a2b6-38fbcf613006,93911aa1-b5e4-48aa-a2b6-38fbcf613006,12,1,0,6,0,1,1,1,1791123349
2026-10-04T14:16:09+00:00,2026-10-04T14:17:03.674292+00:00,f834952a-0de8-11e7-991c-3863bb43a7d0,70,8,0,1,13,1,1,1,1,1791123340
2026-10-04T14:16:09+00:00,2026-10-04T14:17:03.674292+00:00,ce55d1b1-4267-40a9-ad44-5eab888ce18a,ce55d1b1-4267-40a9-ad44-5eab888ce18a,1,0,0,21,1,1,1,1,1791123340
2026-10-04T14:16:09+00:00,2026-10-04T14:17:03.674292+00:00,2043912031919765854,2043912031919765854,4,0,0,16,0,1,1,1,1791123344
2026-10-04T14:16:09+00:00,2026-10-04T14:17:03.674292+00:00,53a148ca-ac69-4a9c-a986-9a4b4df2f5df,387,10,5,1,4,0,1,1,1,1791123343
2026-10-04T14:16:09+00:00,2026-10-04T14:17:03.674292+00:00,ccd6fdd4-b39e-46d7-b43c-7bacffb6bd87,523,9,3,1,5,0,1,1,1,1791123344
2026-10-04T14:16:09+00:00,2026-10-04T14:17:03.674292+00:00,2ba0c5dd-c990-4434-8a84-5c3eca23f096,447,11,3,0,8,0,1,1,1,1791123344
2026-10-04T14:16:09+00:00,2026-10-04T14:17:03.674292+00:00,2217856523888952522,2217856523888952522,10,2,0,10,0,1,1,1,1791123341
2026-10-04T14:16:09+00:00,2026-10-04T14:17:03.674292+00:00,2107991976288962746,2107991976288962746,2,0,4,14,0,1,1,1,1791123340
2026-10-04T14:16:09+00:00,2026-10-04T14:17:03.674292+00:00,5bc7cba9-f0b0-442d-932c-e8c7927d87ce,386,17,0,2,0,0,1,1,1,1791123353
2026-10-04T14:16:09+00:00,2026-10-04T14:17:03.674292+00:00,f83486ab-0de8-11e7-991c-3863bb43a7d0,51,10,1,0,5,0,1,1,1,1791123353
2026-10-04T14:16:09+00:00,2026-10-04T14:17:03.674292+00:00,5018e851-f2f3-4e18-9914-c316bbcc2c3d,331,4,1,0,11,0,1,1,1,1791123355
2026-10-04T14:16:09+00:00,2026-10-04T14:17:03.674292+00:00,f8349824-0de8-11e7-991c-3863bb43a7d0,75,7,5,0,8,0,1,1,1,1791123355
2026-10-04T14:16:09+00:00,2026-10-04T14:17:03.674292+00:00,9e710d48-51c1-460e-a027-3d16bde62b13,419,0,0,14,0,1,1,0,0,1791123355
2026-10-04T14:16:09+00:00,2026-10-04T14:17:03.674292+00:00,c1ae49bd-2a20-4684-886b-ead8dd627cfd,c1ae49bd-2a20-4684-886b-ead8dd627cfd,4,1,1,12,0,1,1,1,1791123357
2026-10-04T14:16:09+00:00,2026-10-04T14:17:03.674292+00:00,2057166010169469732,2057166010169469732,2,0,1,12,0,1,1,1,1791123358
2026-10-04T14:16:09+00:00,2026-10-04T14:17:03.674292+00:00,518f6524-0e7f-454d-974e-e3ff9db1f795,494,6,2,0,5,0,1,1,1,1791123355
2026-10-04T14:16:09+00:00,2026-10-04T14:17:03.674292+00:00,2071632496372113488,2071632496372113488,8,0,0,12,0,1,1,1,1791123357
2026-10-04T14:16:09+00:00,2026-10-04T14:17:03.674292+00:00,f834cf45-0de8-11e7-991c-3863bb43a7d0,116,5,0,0,18,0,1,1,1,1791123356
2026-10-04T14:16:09+00:00,2026-10-04T14:17:03.674292+00:00,13444449-b3a8-43d2-b8b9-a59fbc59a174,397,8,3,1,6,0,1,1,1,1791123355
2026-10-04T14:16:09+00:00,2026-10-04T14:17:03.674292+00:00,2072145327190878794,2072145327190878794,15,0,0,9,0,1,1,1,1791123358
2026-10-04T14:16:09+00:00,2026-10-04T14:17:03.674292+00:00,ff6ed364-8676-45a0-b97f-71025683849e,442,6,2,0,9,0,1,1,1,1791123358
2026-10-04T14:16:09+00:00,2026-10-04T14:17:03.674292+00:00,2170342425741020744,2170342425741020744,10,4,1,7,0,1,1,1,1791123359
2026-10-04T14:16:09+00:00,2026-10-04T14:17:03.674292+00:00,f8349ba9-0de8-11e7-991c-3863bb43a7d0,77,8,5,1,8,1,1,1,1,1791123360
2026-10-04T18:12:09+00:00,2026-10-04T18:12:44.711757+00:00,6eaa7343-402d-41c9-9aac-8c664fdbdcf1,6eaa7343-402d-41c9-9aac-8c664fdbdcf1,0,0,0,0,0,0,0,0,86400
2026-10-04T18:12:09+00:00,2026-10-04T18:12:44.711757+00:00,2036412579943670600,2036412579943670600,5,0,0,7,0,1,1,1,1791137334
2026-10-04T18:12:09+00:00,2026-10-04T18:12:44.711757+00:00,1991921362058752616,1991921362058752616,2,1,0,18,0,1,1,1,1791137402
2026-10-04T18:12:09+00:00,2026-10-04T18:12:44.711757+00:00,1994515539257334312,1994515539257334312,11,3,0,7,0,1,1,1,1791137401
2026-10-04T18:12:09+00:00,2026-10-04T18:12:44.711757+00:00,77c1736c-a609-4453-94f7-8e4253a8193c,474,7,3,0,4,0,1,1,1,1791137401
2026-10-04T18:12:09+00:00,2026-10-04T18:12:44.711757+00:00,f8352973-0de8-11e7-991c-3863bb43a7d0,210,12,1,0,3,0,1,1,1,1791137404
2026-10-04T18:12:09+00:00,2026-10-04T18:12:44.711757+00:00,25d6f87f-7025-48c5-b202-f91511a4ae19,25d6f87f-7025-48c5-b202-f91511a4ae19,8,1,0,11,0,1,1,1,1791137412
2026-10-04T18:12:09+00:00,2026-10-04T18:12:44.711757+00:00,52ca4d94-587f-4a61-a298-a1a755e73bfb,362,10,5,0,9,0,1,1,1,1791137412
2026-10-04T18:12:09+00:00,2026-10-04T18:12:44.711757+00:00,f8351255-0de8-11e7-991c-3863bb43a7d0,174,11,6,0,4,0,1,1,1,1791137414
2026-10-04T18:12:09+00:00,2026-10-04T18:12:44.711757+00:00,f8351649-0de8-11e7-991c-3863bb43a7d0,183,3,2,1,15,0,1,1,1,1791137409
2026-10-04T18:12:09+00:00,2026-10-04T18:12:44.711757+00:00,2227859082657747444,2227859082657747444,1,1,1,5,0,1,1,1,1791137355
2026-10-04T18:12:09+00:00,2026-10-04T18:12:44.711757+00:00,2129149628430547474,2129149628430547474,16,4,0,0,0,1,1,1,1791137355
2026-10-04T18:12:09+00:00,2026-10-04T18:12:44.711757+00:00,8e7c1984-dc81-43b0-a0d3-58c6de45225a,465,6,1,0,5,0,1,1,1,1791137417
2026-10-04T18:12:09+00:00,2026-10-04T18:12:44.711757+00:00,1976640911178291400,1976640911178291400,1,1,0,10,0,1,1,1,1791137414
2026-10-04T18:12:09+00:00,2026-10-04T18:12:44.711757+00:00,f8347002-0de8-11e7-991c-3863bb43a7d0,20,1,0,1,21,0,1,1,1,1791137418
2026-10-04T18:12:09+00:00,2026-10-04T18:12:44.711757+00:00,88b35b6d-f355-44dc-b85e-ed2eb1bc9099,406,6,0,1,12,0,1,1,1,1791137419
2026-10-04T18:12:09+00:00,2026-10-04T18:12:44.711757+00:00,aefc33cd-40b9-48da-8b87-415428816bdb,488,9,0,0,7,0,1,1,1,1791137419
2026-10-04T18:12:09+00:00,2026-10-04T18:12:44.711757+00:00,ec4e1168-25dc-4929-b17b-e4ae578dd888,425,8,0,0,8,0,1,1,1,1791137419
2026-10-04T18:12:09+00:00,2026-10-04T18:12:44.711757+00:00,f834cb89-0de8-11e7-991c-3863bb43a7d0,115,3,1,0,16,0,1,1,1,1791137427
2026-10-04T18:12:09+00:00,2026-10-04T18:12:44.711757+00:00,2089808297152151688,2089808297152151688,7,2,2,3,0,1,1,1,1791137432
2026-10-04T18:12:09+00:00,2026-10-04T18:12:44.711757+00:00,625f105e-4407-4988-9095-d1979cbda5e1,234,12,1,1,6,0,1,1,1,1791137430
2026-10-04T18:12:09+00:00,2026-10-04T18:12:44.711757+00:00,f8351791-0de8-11e7-991c-3863bb43a7d0,186,4,0,0,11,0,1,1,1,1791137428
2026-10-04T18:12:09+00:00,2026-10-04T18:12:44.711757+00:00,87b5a8b7-a330-4c51-ab32-7dafa292c88f,421,15,2,0,4,0,1,1,1,1791137432
2026-10-04T18:12:09+00:00,2026-10-04T18:12:44.711757+00:00,918335df-fc1a-45c2-9cfc-c5e2e93aecc0,467,2,0,1,8,0,1,1,1,1791137429
2026-10-04T18:12:09+00:00,2026-10-04T18:12:44.711757+00:00,2438d052-2cd6-4fba-83c9-39f46cb59398,2438d052-2cd6-4fba-83c9-39f46cb59398,14,2,0,5,0,1,1,1,1791137436
2026-10-04T18:12:09+00:00,2026-10-04T18:12:44.711757+00:00,f8351f87-0de8-11e7-991c-3863bb43a7d0,192,4,1,0,15,0,1,1,1,1791137434
2026-10-04T18:12:09+00:00,2026-10-04T18:12:44.711757+00:00,2219705277630124418,2219705277630124418,8,0,0,7,0,1,1,1,1791137438
2026-10-04T18:12:09+00:00,2026-10-04T18:12:44.711757+00:00,2127634714741013228,2127634714741013228,16,0,1,7,0,1,1,1,1791137441
2026-10-04T18:12:09+00:00,2026-10-04T18:12:44.711757+00:00,5410aac7-2ec0-47b6-b728-b99c5137b463,5410aac7-2ec0-47b6-b728-b99c5137b463,4,1,0,7,0,1,1,1,1791137443
2026-10-04T18:12:09+00:00,2026-10-04T18:12:44.711757+00:00,82b41ffb-e284-4e4d-b22a-0cad2bfd4bee,443,9,0,0,10,0,1,1,1,1791137443
2026-10-04T18:12:09+00:00,2026-10-04T18:12:44.711757+00:00,199f3d59-e726-4549-b9c1-4dfc8a343fdb,508,10,7,0,1,0,1,1,1,1791137442
2026-10-04T18:12:09+00:00,2026-10-04T18:12:44.711757+00:00,1999639508813492766,1999639508813492766,6,1,0,14,0,1,1,1,1791137440
2026-10-04T18:12:09+00:00,2026-10-04T18:12:44.711757+00:00,2027855476515070160,2027855476515070160,6,0,1,20,0,1,1,1,1791137444
2026-10-04T18:12:09+00:00,2026-10-04T18:12:44.711757+00:00,4d953f0f-13b5-4b3d-b2da-342003ff7cba,4d953f0f-13b5-4b3d-b2da-342003ff7cba,8,1,0,3,0,1,1,1,1791137468
2026-10-04T18:12:09+00:00,2026-10-04T18:12:44.711757+00:00,f834b183-0de8-11e7-991c-3863bb43a7d0,98,12,1,0,10,0,1,1,1,1791137468
2026-10-04T18:12:09+00:00,2026-10-04T18:12:44.711757+00:00,f55cdf0a-3d7b-491c-bed2-7dc0ef2062d5,489,14,2,0,2,0,1,1,1,1791137469
2026-10-04T18:12:09+00:00,2026-10-04T18:12:44.711757+00:00,f834b1ed-0de8-11e7-991c-3863bb43a7d0,99,5,0,0,10,0,1,1,1,1791137470
2026-10-04T18:12:09+00:00,2026-10-04T18:12:44.711757+00:00,f8347ba8-0de8-11e7-991c-3863bb43a7d0,31,10,0,0,9,0,1,1,1,1791137466
2026-10-04T18:12:09+00:00,2026-10-04T18:12:44.711757+00:00,f8349599-0de8-11e7-991c-3863bb43a7d0,71,6,0,0,17,0,1,1,1,1791137470
2026-10-04T18:12:09+00:00,2026-10-04T18:12:44.711757+00:00,2134720099473744344,2134720099473744344,15,3,0,6,0,1,1,1,1791137477
2026-10-04T18:12:09+00:00,2026-10-04T18:12:44.711757+00:00,f834d34b-0de8-11e7-991c-3863bb43a7d0,120,34,0,2,5,0,1,1,1,1791137496
2026-10-04T18:12:09+00:00,2026-10-04T18:12:44.711757+00:00,b44b7c3d-c054-4591-92a9-3b96d86050ab,b44b7c3d-c054-4591-92a9-3b96d86050ab,0,0,0,11,0,1,1,1,1791137495
2026-10-04T18:12:09+00:00,2026-10-04T18:12:44.711757+00:00,2251186911126913182,2251186911126913182,8,0,0,11,0,1,1,1,1791137496
2026-10-04T18:12:09+00:00,2026-10-04T18:12:44.711757+00:00,57f5003b-6574-40b3-83d7-3b5dee1472e0,518,7,0,1,2,0,1,1,1,1791137493
2026-10-04T18:12:09+00:00,2026-10-04T18:12:44.711757+00:00,e519df41-c4d7-403a-9afa-a5dd7cdd2d03,536,2,1,0,16,0,1,1,1,1791137494
2026-10-04T18:12:09+00:00,2026-10-04T18:12:44.711757+00:00,2124664048772581794,2124664048772581794,6,2,0,5,0,1,1,1,1791137493
2026-10-04T18:12:09+00:00,2026-10-04T18:12:44.711757+00:00,8bc42f7f-753d-4cca-a7d6-0d7c2530ea2c,364,1,0,1,17,0,1,1,1,1791137498
2026-10-04T18:12:09+00:00,2026-10-04T18:12:44.711757+00:00,2127252912986958612,2127252912986958612,14,1,0,1,0,1,1,1,1791137497
2026-10-04T18:12:09+00:00,2026-10-04T18:12:44.711757+00:00,e4d5271f-5f76-401b-b7f0-c8dce3c26f10,462,8,2,0,3,0,1,1,1,1791137497
2026-10-04T18:12:09+00:00,2026-10-04T18:12:44.711757+00:00,2131371824572002576,2131371824572002576,0,0,0,16,0,1,1,1,1791137497
2026-10-04T18:12:09+00:00,2026-10-04T18:12:44.711757+00:00,1997031876360597884,1997031876360597884,7,1,0,4,0,1,1,1,1791137450
2026-10-04T18:12:09+00:00,2026-10-04T18:12:44.711757+00:00,f834c6f5-0de8-11e7-991c-3863bb43a7d0,111,14,2,0,0,1,1,1,1,1791137450
2026-10-04T18:12:09+00:00,2026-10-04T18:12:44.711757+00:00,f8347a8b-0de8-11e7-991c-3863bb43a7d0,29,17,0,1,1,0,1,1,1,1791137445
2026-10-04T18:12:09+00:00,2026-10-04T18:12:44.711757+00:00,9fef6df2-7f8f-43fc-a85b-7dd5453860f9,437,1,0,0,16,0,1,1,1,1791137454
2026-10-04T18:12:09+00:00,2026-10-04T18:12:44.711757+00:00,f834a67b-0de8-11e7-991c-3863bb43a7d0,89,4,3,0,15,0,1,1,1,1791137472
2026-10-04T18:12:09+00:00,2026-10-04T18:12:44.711757+00:00,f834f036-0de8-11e7-991c-3863bb43a7d0,133,6,0,0,16,0,1,1,1,1791137476
2026-10-04T18:12:09+00:00,2026-10-04T18:12:44.711757+00:00,1986694622707704150,1986694622707704150,11,0,1,7,0,1,1,1,1791137476
2026-10-04T18:12:09+00:00,2026-10-04T18:12:44.711757+00:00,2110566771130438288,2110566771130438288,1,0,1,14,0,1,1,1,1791137472
2026-10-04T18:12:09+00:00,2026-10-04T18:12:44.711757+00:00,c111ef1a-f276-415d-a95e-8e3c4e3a0c03,522,3,0,1,11,0,1,1,1,1791137475
2026-10-04T18:12:09+00:00,2026-10-04T18:12:44.711757+00:00,a6d6d4b2-3666-43ad-a690-7f676bdcc3fd,542,13,0,0,6,0,1,1,1,1791137480
2026-10-04T18:12:09+00:00,2026-10-04T18:12:44.711757+00:00,2251556760922290606,2251556760922290606,6,0,0,9,0,1,1,1,1791137378
2026-10-04T18:12:09+00:00,2026-10-04T18:12:44.711757+00:00,f834fcbe-0de8-11e7-991c-3863bb43a7d0,141,1,0,1,13,0,1,1,1,1791137479
2026-10-04T18:12:09+00:00,2026-10-04T18:12:44.711757+00:00,01d29f8c-768d-4c4f-84ca-3de966075287,469,1,0,2,8,0,1,1,1,1791137479
2026-10-04T18:12:09+00:00,2026-10-04T18:12:44.711757+00:00,f834d260-0de8-11e7-991c-3863bb43a7d0,119,10,2,0,5,0,1,1,1,1791137477
2026-10-04T18:12:09+00:00,2026-10-04T18:12:44.711757+00:00,15ec5783-ca7a-4225-ba51-cd0a45ecc975,15ec5783-ca7a-4225-ba51-cd0a45ecc975,9,6,0,2,0,1,1,1,1791137479
2026-10-04T18:12:09+00:00,2026-10-04T18:12:44.711757+00:00,e335fa7c-7adf-4360-9bfa-76b18124a56f,541,2,1,0,9,0,1,1,1,1791137449
2026-10-04T18:12:09+00:00,2026-10-04T18:12:44.711757+00:00,f835244e-0de8-11e7-991c-3863bb43a7d0,202,9,2,0,6,0,1,1,1,1791137449
2026-10-04T18:12:09+00:00,2026-10-04T18:12:44.711757+00:00,569f4952-5a25-4394-a419-f9c4d9cca6f3,495,14,1,0,4,0,1,1,1,1791137446
2026-10-04T18:12:09+00:00,2026-10-04T18:12:44.711757+00:00,f8347ded-0de8-11e7-991c-3863bb43a7d0,35,1,0,0,30,0,1,1,1,1791137459
2026-10-04T18:12:09+00:00,2026-10-04T18:12:44.711757+00:00,ea00f276-26dc-48ee-b2c8-6e56fd632a2d,272,4,0,0,15,0,1,1,1,1791137456
2026-10-04T18:12:09+00:00,2026-10-04T18:12:44.711757+00:00,f8351569-0de8-11e7-991c-3863bb43a7d0,181,2,0,2,15,0,1,1,1,1791137457
2026-10-04T18:12:09+00:00,2026-10-04T18:12:44.711757+00:00,1976280681456741062,1976280681456741062,5,5,0,6,0,1,1,1,1791137457
2026-10-04T18:12:09+00:00,2026-10-04T18:12:44.711757+00:00,f834b928-0de8-11e7-991c-3863bb43a7d0,106,9,0,1,4,0,1,1,1,1791137485
2026-10-04T18:12:09+00:00,2026-10-04T18:12:44.711757+00:00,2036103727838931110,2036103727838931110,7,0,0,2,0,1,1,1,1791137486
2026-10-04T18:12:09+00:00,2026-10-04T18:12:44.711757+00:00,f834e75d-0de8-11e7-991c-3863bb43a7d0,129,1,0,0,17,1,1,1,1,1791137485
2026-10-04T18:12:09+00:00,2026-10-04T18:12:44.711757+00:00,133d159e-a202-4310-910f-eca392fe181e,398,12,2,1,6,0,1,1,1,1791137484
2026-10-04T18:12:09+00:00,2026-10-04T18:12:44.711757+00:00,1999644268058967024,1999644268058967024,2,1,0,22,0,1,1,1,1791137485
2026-10-04T18:12:09+00:00,2026-10-04T18:12:44.711757+00:00,f834a2a8-0de8-11e7-991c-3863bb43a7d0,85,5,2,0,14,0,1,1,1,1791137484
2026-10-04T18:12:09+00:00,2026-10-04T18:12:44.711757+00:00,dcd76e42-eebc-4432-9726-cdb3372b0b07,557,1,1,0,18,0,1,1,1,1791137484
2026-10-04T18:12:09+00:00,2026-10-04T18:12:44.711757+00:00,1919521884659886482,1919521884659886482,2,0,0,17,0,1,1,1,1791137483
2026-10-04T18:12:09+00:00,2026-10-04T18:12:44.711757+00:00,800bde2c-51df-497c-ac2d-bc3a8c00c164,800bde2c-51df-497c-ac2d-bc3a8c00c164,14,4,0,1,0,1,1,1,1791137483
2026-10-04T18:12:09+00:00,2026-10-04T18:12:44.711757+00:00,f606593b-3d07-40f2-bc6d-a0eb96588e44,456,3,0,0,15,0,1,1,1,1791137513
2026-10-04T18:12:09+00:00,2026-10-04T18:12:44.711757+00:00,f83466c6-0de8-11e7-991c-3863bb43a7d0,6,3,0,1,10,0,1,1,1,1791137514
2026-10-04T18:12:09+00:00,2026-10-04T18:12:44.711757+00:00,2220033166406469278,2220033166406469278,10,3,0,5,0,1,1,1,1791137514
2026-10-04T18:12:09+00:00,2026-10-04T18:12:44.711757+00:00,f7d416f8-4377-4019-bba7-302dc1d5a11d,391,8,2,1,6,0,1,1,1,1791137516
2026-10-04T18:12:09+00:00,2026-10-04T18:12:44.711757+00:00,2031175112202687108,2031175112202687108,5,1,0,11,0,1,1,1,1791137501
2026-10-04T18:12:09+00:00,2026-10-04T18:12:44.711757+00:00,d1a5e406-718c-44b9-b9dd-e63605b888aa,555,9,8,0,6,0,1,1,1,1791137517
2026-10-04T18:12:09+00:00,2026-10-04T18:12:44.711757+00:00,f8348598-0de8-11e7-991c-3863bb43a7d0,49,4,0,2,12,0,1,1,1,1791137516
2026-10-04T18:12:09+00:00,2026-10-04T18:12:44.711757+00:00,2039387081833476178,2039387081833476178,12,1,0,8,0,1,1,1,1791137514
2026-10-04T18:12:09+00:00,2026-10-04T18:12:44.711757+00:00,f8350d30-0de8-11e7-991c-3863bb43a7d0,163,7,0,0,10,0,1,1,1,1791137514
2026-10-04T18:12:09+00:00,2026-10-04T18:12:44.711757+00:00,f83493c0-0de8-11e7-991c-3863bb43a7d0,67,5,3,1,23,0,1,1,1,1791137515
2026-10-04T18:12:09+00:00,2026-10-04T18:12:44.711757+00:00,2250817396738253956,2250817396738253956,11,2,0,3,1,1,1,1,1791137464
2026-10-04T18:12:09+00:00,2026-10-04T18:12:44.711757+00:00,2028220168245183460,2028220168245183460,12,0,0,7,0,1,1,1,1791137463
2026-10-04T18:12:09+00:00,2026-10-04T18:12:44.711757+00:00,97a1e4e7-a1ff-427a-aaea-48ca0d00bf9c,348,4,3,0,11,0,1,1,1,1791137460
2026-10-04T18:12:09+00:00,2026-10-04T18:12:44.711757+00:00,a825b55d-3ab3-481f-9c50-d3a7313e6843,228,11,0,0,8,0,1,1,1,1791137461
2026-10-04T18:12:09+00:00,2026-10-04T18:12:44.711757+00:00,ab6517ea-ed53-42eb-8881-657d362e56e8,560,0,0,0,15,0,1,1,1,1791137462
2026-10-04T18:12:09+00:00,2026-10-04T18:12:44.711757+00:00,eed9e64f-f09d-43c1-aa31-da968c66750a,368,8,3,0,7,0,1,1,1,1791137462
2026-10-04T18:12:09+00:00,2026-10-04T18:12:44.711757+00:00,f8346e51-0de8-11e7-991c-3863bb43a7d0,17,8,0,1,6,0,1,1,1,1791137461
2026-10-04T18:12:09+00:00,2026-10-04T18:12:44.711757+00:00,2113559364250874028,2113559364250874028,8,1,0,7,0,1,1,1,1791137488
2026-10-04T18:12:09+00:00,2026-10-04T18:12:44.711757+00:00,38706d8c-8d4b-49f7-b6ed-7688449db261,463,2,0,0,17,0,1,1,1,1791137489
2026-10-04T18:12:09+00:00,2026-10-04T18:12:44.711757+00:00,768433a9-fc30-4485-b136-22d6f8a96f1c,768433a9-fc30-4485-b136-22d6f8a96f1c,4,0,0,7,0,1,1,1,1791137489
2026-10-04T18:12:09+00:00,2026-10-04T18:12:44.711757+00:00,1ef9964d-47ac-4cd4-916e-7c006fa1e605,339,4,3,0,11,0,1,1,1,1791137492
2026-10-04T18:12:09+00:00,2026-10-04T18:12:44.711757+00:00,f8346c96-0de8-11e7-991c-3863bb43a7d0,14,13,5,1,11,0,1,1,1,1791137491
2026-10-04T18:12:09+00:00,2026-10-04T18:12:44.711757+00:00,986068c4-d11a-465a-b8d0-bd0960c57f51,986068c4-d11a-465a-b8d0-bd0960c57f51,6,3,3,5,0,1,1,1,1791137492
2026-10-04T18:12:09+00:00,2026-10-04T18:12:44.711757+00:00,f834916a-0de8-11e7-991c-3863bb43a7d0,63,1,1,0,14,0,1,1,1,1791137492
2026-10-04T18:12:09+00:00,2026-10-04T18:12:44.711757+00:00,f834f948-0de8-11e7-991c-3863bb43a7d0,138,9,3,2,3,0,1,1,1,1791137492
2026-10-04T18:12:09+00:00,2026-10-04T18:12:44.711757+00:00,25489822-e43a-4704-b2a8-d905b78ba77c,389,5,4,0,9,0,1,1,1,1791137492
2026-10-04T18:12:09+00:00,2026-10-04T18:12:44.711757+00:00,803a0c16-4f81-44f1-8b49-a13fcdda40c1,370,14,1,0,3,0,1,1,1,1791137491
2026-10-04T18:12:09+00:00,2026-10-04T18:12:44.711757+00:00,f8350199-0de8-11e7-991c-3863bb43a7d0,150,12,2,1,6,0,1,1,1,1791137489
2026-10-04T18:12:09+00:00,2026-10-04T18:12:44.711757+00:00,2261583246847893606,2261583246847893606,5,0,0,14,0,1,1,1,1791137499
2026-10-04T18:12:09+00:00,2026-10-04T18:12:44.711757+00:00,829fa5a8-cc88-4ab2-9f34-b481aaa1612e,259,12,1,0,3,0,1,1,1,1791137503
2026-10-04T18:12:09+00:00,2026-10-04T18:12:44.711757+00:00,f83473ea-0de8-11e7-991c-3863bb43a7d0,27,10,4,2,11,0,1,1,1,1791137500
2026-10-04T18:12:09+00:00,2026-10-04T18:12:44.711757+00:00,2126567695528519906,2126567695528519906,11,0,0,9,0,1,1,1,1791137499
2026-10-04T18:12:09+00:00,2026-10-04T18:12:44.711757+00:00,1ef5abb2-5af9-41f2-a0dd-1e44278ad9f1,502,4,1,0,6,0,1,1,1,1791137502
2026-10-04T18:12:09+00:00,2026-10-04T18:12:44.711757+00:00,6cec3afa-554c-466f-8323-5c619fe0ddc6,6cec3afa-554c-466f-8323-5c619fe0ddc6,7,3,0,4,0,1,1,1,1791137508
2026-10-04T18:12:09+00:00,2026-10-04T18:12:44.711757+00:00,2132460331327742574,2132460331327742574,11,2,2,5,0,1,1,1,1791137503
2026-10-04T18:12:09+00:00,2026-10-04T18:12:44.711757+00:00,cad0e759-b605-458a-b772-768dcce81dc6,372,14,4,1,2,0,1,1,1,1791137504
2026-10-04T18:12:09+00:00,2026-10-04T18:12:44.711757+00:00,f8349070-0de8-11e7-991c-3863bb43a7d0,61,16,7,1,2,0,1,1,1,1791137504
2026-10-04T18:12:09+00:00,2026-10-04T18:12:44.711757+00:00,2071991821019036242,2071991821019036242,13,0,0,7,0,1,1,1,1791137504
2026-10-04T18:12:09+00:00,2026-10-04T18:12:44.711757+00:00,40ee059e-8530-4992-9114-c16b87d6832f,441,15,4,0,3,0,1,1,1,1791137506
2026-10-04T18:12:09+00:00,2026-10-04T18:12:44.711757+00:00,1331197c-f6c6-4f4a-a29b-95e580359886,224,9,0,1,7,0,1,1,1,1791137506
2026-10-04T18:12:09+00:00,2026-10-04T18:12:44.711757+00:00,2363c5a3-93cc-41a2-a767-90f1826c041f,426,8,1,1,18,0,1,1,1,1791137505
2026-10-04T18:12:09+00:00,2026-10-04T18:12:44.711757+00:00,f834a1de-0de8-11e7-991c-3863bb43a7d0,84,2,0,0,11,0,1,1,1,1791137511
2026-10-04T18:12:09+00:00,2026-10-04T18:12:44.711757+00:00,2149920539832638004,2149920539832638004,3,0,1,11,0,1,1,1,1791137511
2026-10-04T18:12:09+00:00,2026-10-04T18:12:44.711757+00:00,8d535c23-f186-4161-aa10-17e94be6d4ae,436,4,0,3,7,1,1,1,1,1791137510
2026-10-04T18:12:09+00:00,2026-10-04T18:12:44.711757+00:00,f8348719-0de8-11e7-991c-3863bb43a7d0,52,7,1,2,15,0,1,1,1,1791137511
2026-10-04T18:12:09+00:00,2026-10-04T18:12:44.711757+00:00,5d17f129-af8c-4f30-bc58-6a8279052772,543,5,2,1,13,0,1,1,1,1791137511
2026-10-04T18:12:09+00:00,2026-10-04T18:12:44.711757+00:00,9b0aff89-5242-475e-b03b-87c3c3bf51bb,477,9,1,0,10,0,1,1,1,1791137509
2026-10-04T18:12:09+00:00,2026-10-04T18:12:44.711757+00:00,f83532fa-0de8-11e7-991c-3863bb43a7d0,219,12,1,0,3,0,1,1,1,1791137510
2026-10-04T18:12:09+00:00,2026-10-04T18:12:44.711757+00:00,4b5de733-9353-4873-9dc2-9558b3cb063a,393,11,2,0,2,0,1,1,1,1791137510
2026-10-04T18:12:09+00:00,2026-10-04T18:12:44.711757+00:00,acb27827-d69a-4287-b132-3f529ca62ad2,427,1,1,0,18,0,1,1,1,1791137512
2026-10-04T18:12:09+00:00,2026-10-04T18:12:44.711757+00:00,f834c5c9-0de8-11e7-991c-3863bb43a7d0,110,9,3,0,5,0,1,1,1,1791137519
2026-10-04T18:12:09+00:00,2026-10-04T18:12:44.711757+00:00,f8346dbd-0de8-11e7-991c-3863bb43a7d0,16,2,0,1,16,0,1,1,1,1791137468
2026-10-04T18:12:09+00:00,2026-10-04T18:12:44.711757+00:00,f8350129-0de8-11e7-991c-3863bb43a7d0,149,15,0,0,3,0,1,1,1,1791137520
2026-10-04T18:12:09+00:00,2026-10-04T18:12:44.711757+00:00,2248987790637065652,2248987790637065652,7,0,0,5,0,1,1,1,1791137271
2026-10-04T18:12:09+00:00,2026-10-04T18:12:44.711757+00:00,3c837bc0-fd08-49c4-adf5-0e9a98e918a7,524,6,2,0,9,0,1,1,1,1791137401
2026-10-04T18:12:09+00:00,2026-10-04T18:12:44.711757+00:00,1984021766354634770,1984021766354634770,12,1,0,7,0,1,1,1,1791137404
2026-10-04T18:12:09+00:00,2026-10-04T18:12:44.711757+00:00,2fded452-cbd0-4248-b008-f8a61ed9a85f,2fded452-cbd0-4248-b008-f8a61ed9a85f,2,0,0,13,0,1,1,1,1791137402
2026-10-04T18:12:09+00:00,2026-10-04T18:12:44.711757+00:00,2256120653476329202,2256120653476329202,12,1,1,2,0,1,1,1,1791137410
2026-10-04T18:12:09+00:00,2026-10-04T18:12:44.711757+00:00,f4a64c30-b97f-4ae5-b531-a11698b558d7,562,5,0,0,3,0,1,1,1,1791137411
2026-10-04T18:12:09+00:00,2026-10-04T18:12:44.711757+00:00,f8346c01-0de8-11e7-991c-3863bb43a7d0,13,4,0,0,15,0,1,1,1,1791137415
2026-10-04T18:12:09+00:00,2026-10-04T18:12:44.711757+00:00,082262bd-086b-46c7-83ce-eed2b39142ff,416,7,0,0,8,0,1,1,1,1791137420
2026-10-04T18:12:09+00:00,2026-10-04T18:12:44.711757+00:00,e49a5b83-2c9c-4610-a48b-89cfea172c8f,504,3,0,0,8,0,1,1,1,1791137416
2026-10-04T18:12:09+00:00,2026-10-04T18:12:44.711757+00:00,8f51f8f1-ecb8-4cd3-8529-296a03140c51,8f51f8f1-ecb8-4cd3-8529-296a03140c51,11,3,0,8,0,1,1,1,1791137423
2026-10-04T18:12:09+00:00,2026-10-04T18:12:44.711757+00:00,7dd0fc98-c1dd-4c93-9c1d-4bbdf5f93346,473,10,7,0,4,0,1,1,1,1791137421
2026-10-04T18:12:09+00:00,2026-10-04T18:12:44.711757+00:00,efd724b2-31cb-4aec-b9d9-8ab79271630c,493,9,0,0,8,0,1,1,1,1791137427
2026-10-04T18:12:09+00:00,2026-10-04T18:12:44.711757+00:00,2111332861978124760,2111332861978124760,5,0,1,10,0,1,1,1,1791137349
2026-10-04T18:12:09+00:00,2026-10-04T18:12:44.711757+00:00,f8350c56-0de8-11e7-991c-3863bb43a7d0,161,16,1,2,5,0,1,1,1,1791137431
2026-10-04T18:12:09+00:00,2026-10-04T18:12:44.711757+00:00,8b703219-1e16-4ba1-9f46-2b7030c7849a,360,5,2,1,9,0,1,1,1,1791137433
2026-10-04T18:12:09+00:00,2026-10-04T18:12:44.711757+00:00,1206f5c8-7d1f-4c32-9d65-f3e80186fbde,511,7,4,1,11,0,1,1,1,1791137435
2026-10-04T18:12:09+00:00,2026-10-04T18:12:44.711757+00:00,f835141c-0de8-11e7-991c-3863bb43a7d0,178,4,0,0,15,0,1,1,1,1791137435
2026-10-04T18:12:09+00:00,2026-10-04T18:12:44.711757+00:00,f8348857-0de8-11e7-991c-3863bb43a7d0,55,3,0,0,12,0,1,1,1,1791137436
2026-10-04T18:12:09+00:00,2026-10-04T18:12:44.711757+00:00,2035765531590062506,2035765531590062506,8,4,1,2,0,1,1,1,1791137439
2026-10-04T18:12:09+00:00,2026-10-04T18:12:44.711757+00:00,f83514f9-0de8-11e7-991c-3863bb43a7d0,180,16,1,1,2,0,1,1,1,1791137440
2026-10-04T18:12:09+00:00,2026-10-04T18:12:44.711757+00:00,f834d064-0de8-11e7-991c-3863bb43a7d0,118,10,4,3,6,0,1,1,1,1791137445
2026-10-04T18:12:09+00:00,2026-10-04T18:12:44.711757+00:00,2113560016964645240,2113560016964645240,14,0,0,5,0,1,1,1,1791137450
2026-10-04T18:12:09+00:00,2026-10-04T18:12:44.711757+00:00,f8352c1a-0de8-11e7-991c-3863bb43a7d0,216,19,4,0,0,0,1,1,1,1791137450
2026-10-04T18:12:09+00:00,2026-10-04T18:12:44.711757+00:00,dd05a440-f881-410c-a071-864da11c634a,318,10,1,0,9,0,1,1,1,1791137452
2026-10-04T18:12:09+00:00,2026-10-04T18:12:44.711757+00:00,57caf362-1e8b-46aa-9ee3-82341c405ab0,271,7,4,0,8,0,1,1,1,1791137449
2026-10-04T18:12:09+00:00,2026-10-04T18:12:44.711757+00:00,4764641e-b080-4c70-a1e1-049de81e09d0,273,38,2,1,1,0,1,1,1,1791137450
2026-10-04T18:12:09+00:00,2026-10-04T18:12:44.711757+00:00,13681246-4bf8-444a-a908-fa165e4ad298,329,6,1,0,9,0,1,1,1,1791137457
2026-10-04T18:12:09+00:00,2026-10-04T18:12:44.711757+00:00,609c2f06-310e-4134-8dd2-3d23aa41487b,609c2f06-310e-4134-8dd2-3d23aa41487b,15,2,1,6,0,1,1,1,1791137484
2026-10-04T18:12:09+00:00,2026-10-04T18:12:44.711757+00:00,1994461916590643872,1994461916590643872,5,1,1,5,0,1,1,1,1791137488
2026-10-04T18:12:09+00:00,2026-10-04T18:12:44.711757+00:00,f8353277-0de8-11e7-991c-3863bb43a7d0,218,6,3,0,9,0,1,1,1,1791137489
2026-10-04T18:12:09+00:00,2026-10-04T18:12:44.711757+00:00,fae99a0c-e88a-4112-94d8-f655cf34e651,fae99a0c-e88a-4112-94d8-f655cf34e651,0,0,0,19,0,1,1,1,1791137493
2026-10-04T18:12:09+00:00,2026-10-04T18:12:44.711757+00:00,2136546016037880534,2136546016037880534,7,1,0,8,0,1,1,1,1791137493
2026-10-04T18:12:09+00:00,2026-10-04T18:12:44.711757+00:00,25cc602a-152a-4abe-9df8-a131d0a5d94b,235,9,2,0,6,0,1,1,1,1791137493
2026-10-04T18:12:09+00:00,2026-10-04T18:12:44.711757+00:00,dd8dee9d-d044-41d6-9371-8463cf9c671b,526,6,4,0,8,1,1,1,1,1791137491
2026-10-04T18:12:09+00:00,2026-10-04T18:12:44.711757+00:00,f834fb66-0de8-11e7-991c-3863bb43a7d0,139,6,0,0,13,0,1,1,1,1791137442
2026-10-04T18:12:09+00:00,2026-10-04T18:12:44.711757+00:00,4caf6e93-ddd7-4b6f-9e61-f9df1206ac92,4caf6e93-ddd7-4b6f-9e61-f9df1206ac92,4,0,0,15,0,1,1,1,1791137491
2026-10-04T18:12:09+00:00,2026-10-04T18:12:44.711757+00:00,2120986392451359068,2120986392451359068,6,1,0,12,0,1,1,1,1791137494
2026-10-04T18:12:09+00:00,2026-10-04T18:12:44.711757+00:00,f8352150-0de8-11e7-991c-3863bb43a7d0,196,4,2,0,6,0,1,1,1,1791137494
2026-10-04T18:12:09+00:00,2026-10-04T18:12:44.711757+00:00,1963273678015717438,1963273678015717438,9,1,0,10,0,1,1,1,1791137494
2026-10-04T18:12:09+00:00,2026-10-04T18:12:44.711757+00:00,c935cfb1-ef73-402e-9b86-83aaaac6534d,478,11,0,0,8,0,1,1,1,1791137494
2026-10-04T18:12:09+00:00,2026-10-04T18:12:44.711757+00:00,f834fda2-0de8-11e7-991c-3863bb43a7d0,143,12,1,0,11,0,1,1,1,1791137496
2026-10-04T18:12:09+00:00,2026-10-04T18:12:44.711757+00:00,f834ff5a-0de8-11e7-991c-3863bb43a7d0,145,5,0,1,13,0,1,1,1,1791137446
2026-10-04T18:12:09+00:00,2026-10-04T18:12:44.711757+00:00,2223046412750968128,2223046412750968128,11,0,0,8,0,1,1,1,1791137500
2026-10-04T18:12:09+00:00,2026-10-04T18:12:44.711757+00:00,2253794653988522864,2253794653988522864,6,1,0,13,0,1,1,1,1791137500
2026-10-04T18:12:09+00:00,2026-10-04T18:12:44.711757+00:00,2080157934789007958,2080157934789007958,16,1,1,2,0,1,1,1,1791137501
2026-10-04T18:12:09+00:00,2026-10-04T18:12:44.711757+00:00,a9bc314b-a3fd-46e5-a63b-f005258bba5f,a9bc314b-a3fd-46e5-a63b-f005258bba5f,4,0,0,13,1,1,1,1,1791137501
2026-10-04T18:12:09+00:00,2026-10-04T18:12:44.711757+00:00,2079440939380771716,2079440939380771716,4,2,0,6,0,1,1,1,1791137504
2026-10-04T18:12:09+00:00,2026-10-04T18:12:44.711757+00:00,d81e16e2-a410-4a0b-b5ae-b72748fc9781,d81e16e2-a410-4a0b-b5ae-b72748fc9781,1,1,0,18,0,1,1,1,1791137502
2026-10-04T18:12:09+00:00,2026-10-04T18:12:44.711757+00:00,2124668538068359456,2124668538068359456,5,0,0,14,0,1,1,1,1791137504
2026-10-04T18:12:09+00:00,2026-10-04T18:12:44.711757+00:00,f8352306-0de8-11e7-991c-3863bb43a7d0,199,6,5,0,9,0,1,1,1,1791137503
2026-10-04T18:12:09+00:00,2026-10-04T18:12:44.711757+00:00,f834923d-0de8-11e7-991c-3863bb43a7d0,65,10,2,0,9,0,1,1,1,1791137460
2026-10-04T18:12:09+00:00,2026-10-04T18:12:44.711757+00:00,2002247509585342522,2002247509585342522,4,0,0,7,0,1,1,1,1791137461
2026-10-04T18:12:09+00:00,2026-10-04T18:12:44.711757+00:00,910f1452-dbeb-4e69-b226-71b2d7e85715,910f1452-dbeb-4e69-b226-71b2d7e85715,4,0,0,6,0,1,1,1,1791137461
2026-10-04T18:12:09+00:00,2026-10-04T18:12:44.711757+00:00,a439fff7-8630-464c-b277-efca6f6bc664,531,7,1,1,6,0,1,1,1,1791137459
2026-10-04T18:12:09+00:00,2026-10-04T18:12:44.711757+00:00,f834a32d-0de8-11e7-991c-3863bb43a7d0,86,25,2,0,0,0,1,1,1,1791137468
2026-10-04T18:12:09+00:00,2026-10-04T18:12:44.711757+00:00,a51b429f-bf06-425a-b3fe-b3155aa6468c,a51b429f-bf06-425a-b3fe-b3155aa6468c,3,0,2,6,0,1,1,1,1791137469
2026-10-04T18:12:09+00:00,2026-10-04T18:12:44.711757+00:00,2012646293885032702,2012646293885032702,18,0,0,6,0,1,1,1,1791137447
2026-10-04T18:12:09+00:00,2026-10-04T18:12:44.711757+00:00,b5894555-30a3-46db-918a-fdeb083d6001,336,8,3,1,6,0,1,1,1,1791137465
2026-10-04T18:12:09+00:00,2026-10-04T18:12:44.711757+00:00,2004828637786472956,2004828637786472956,8,0,1,10,0,1,1,1,1791137466
2026-10-04T18:12:09+00:00,2026-10-04T18:12:44.711757+00:00,2071724371800490690,2071724371800490690,10,1,0,10,0,1,1,1,1791137473
2026-10-04T18:12:09+00:00,2026-10-04T18:12:44.711757+00:00,2171110977443594588,2171110977443594588,8,3,1,6,0,1,1,1,1791137473
2026-10-04T18:12:09+00:00,2026-10-04T18:12:44.711757+00:00,dd008e3c-ff17-4c82-abe0-502272a62425,558,5,0,0,12,0,1,1,1,1791137473
2026-10-04T18:12:09+00:00,2026-10-04T18:12:44.711757+00:00,be7e7068-b85f-42c1-8ea1-e1d64e531323,be7e7068-b85f-42c1-8ea1-e1d64e531323,10,6,0,5,0,1,1,1,1791137474
2026-10-04T18:12:09+00:00,2026-10-04T18:12:44.711757+00:00,3de6e5da-9702-4623-8683-26abd98012a8,525,6,1,1,5,0,1,1,1,1791137471
2026-10-04T18:12:09+00:00,2026-10-04T18:12:44.711757+00:00,ee0fa23e-a6c2-474d-a6ef-bf581d63f1ae,ee0fa23e-a6c2-474d-a6ef-bf581d63f1ae,9,8,0,2,0,1,1,1,1791137470
2026-10-04T18:12:09+00:00,2026-10-04T18:12:44.711757+00:00,2126939746529359956,2126939746529359956,3,0,0,16,0,1,1,1,1791137479
2026-10-04T18:12:09+00:00,2026-10-04T18:12:44.711757+00:00,50cc3c7f-50ed-4c70-b483-c89f3f47c938,491,7,2,0,12,0,1,1,1,1791137479
2026-10-04T18:12:09+00:00,2026-10-04T18:12:44.711757+00:00,2115804056935012722,2115804056935012722,15,2,0,3,1,1,1,1,1791137479
2026-10-04T18:12:09+00:00,2026-10-04T18:12:44.711757+00:00,1961066392414132348,1961066392414132348,1,0,1,17,0,1,1,1,1791137479
2026-10-04T18:12:09+00:00,2026-10-04T18:12:44.711757+00:00,68323451-daf0-4532-a6cb-b070e3ef358f,68323451-daf0-4532-a6cb-b070e3ef358f,5,0,1,13,0,1,1,1,1791137476
2026-10-04T18:12:09+00:00,2026-10-04T18:12:44.711757+00:00,2158217922577811100,2158217922577811100,8,1,0,11,0,1,1,1,1791137477
2026-10-04T18:12:09+00:00,2026-10-04T18:12:44.711757+00:00,fbb9b58c-2b92-4bcf-8e4c-a982e40d2f39,221,3,0,0,16,0,1,1,1,1791137477
2026-10-04T18:12:09+00:00,2026-10-04T18:12:44.711757+00:00,2131714490587826928,2131714490587826928,10,6,0,6,0,1,1,1,1791137477
2026-10-04T18:12:09+00:00,2026-10-04T18:12:44.711757+00:00,2100948177843249670,2100948177843249670,4,4,0,7,0,1,1,1,1791137478
2026-10-04T18:12:09+00:00,2026-10-04T18:12:44.711757+00:00,f834b50a-0de8-11e7-991c-3863bb43a7d0,102,2,1,1,12,0,1,1,1,1791137478
2026-10-04T18:12:09+00:00,2026-10-04T18:12:44.711757+00:00,f8350be5-0de8-11e7-991c-3863bb43a7d0,160,7,3,0,7,0,1,1,1,1791137479
2026-10-04T18:12:09+00:00,2026-10-04T18:12:44.711757+00:00,b0b8e427-7203-4844-9c70-129e08a74452,347,12,5,1,1,0,1,1,1,1791137476
2026-10-04T18:12:09+00:00,2026-10-04T18:12:44.711757+00:00,e3f5d039-a49e-4b3b-ab4d-4efbef2068c6,e3f5d039-a49e-4b3b-ab4d-4efbef2068c6,17,1,0,5,0,1,1,1,1791137479
2026-10-04T18:12:09+00:00,2026-10-04T18:12:44.711757+00:00,f834b652-0de8-11e7-991c-3863bb43a7d0,104,3,0,0,14,0,1,1,1,1791137483
2026-10-04T18:12:09+00:00,2026-10-04T18:12:44.711757+00:00,f834db9b-0de8-11e7-991c-3863bb43a7d0,121,3,3,1,13,0,1,1,1,1791137484
2026-10-04T18:12:09+00:00,2026-10-04T18:12:44.711757+00:00,af066ffd-b892-434f-8532-1982fc408780,480,2,0,0,9,0,1,1,1,1791137482
2026-10-04T18:12:09+00:00,2026-10-04T18:12:44.711757+00:00,a3b94ed8-8301-4ec6-baf2-64ac493b5106,529,3,1,2,10,0,1,1,1,1791137482
2026-10-04T18:12:09+00:00,2026-10-04T18:12:44.711757+00:00,f8348781-0de8-11e7-991c-3863bb43a7d0,53,14,1,0,5,0,1,1,1,1791137483
2026-10-04T18:12:09+00:00,2026-10-04T18:12:44.711757+00:00,a9d13461-7f0f-47b0-9a97-8ec9e9792865,533,19,4,0,0,0,1,1,1,1791137507
2026-10-04T18:12:09+00:00,2026-10-04T18:12:44.711757+00:00,f1cafe36-f800-41f6-b74d-73953cb6394c,471,0,0,0,27,0,1,1,1,1791137507
2026-10-04T18:12:09+00:00,2026-10-04T18:12:44.711757+00:00,3b158c7a-a362-43ae-af1f-121b78be32d7,483,12,1,1,4,0,1,1,1,1791137506
2026-10-04T18:12:09+00:00,2026-10-04T18:12:44.711757+00:00,3dbbb3cb-b52d-46f8-8f9c-db11e83d081c,327,5,1,0,10,0,1,1,1,1791137509
2026-10-04T18:12:09+00:00,2026-10-04T18:12:44.711757+00:00,f8346a3c-0de8-11e7-991c-3863bb43a7d0,10,8,1,1,3,0,1,1,1,1791137509
2026-10-04T18:12:09+00:00,2026-10-04T18:12:44.711757+00:00,f8351ff1-0de8-11e7-991c-3863bb43a7d0,193,5,0,1,8,0,1,1,1,1791137509
2026-10-04T18:12:09+00:00,2026-10-04T18:12:44.711757+00:00,ee18dbd6-05b8-4d38-a120-f84c3499a77e,519,9,2,0,2,0,1,1,1,1791137509
2026-10-04T18:12:09+00:00,2026-10-04T18:12:44.711757+00:00,f8349d6e-0de8-11e7-991c-3863bb43a7d0,79,6,0,0,12,0,1,1,1,1791137509
2026-10-04T18:12:09+00:00,2026-10-04T18:12:44.711757+00:00,f8349de4-0de8-11e7-991c-3863bb43a7d0,80,13,1,0,20,0,1,1,1,1791137511
2026-10-04T18:12:09+00:00,2026-10-04T18:12:44.711757+00:00,66763558-7a03-48a9-8665-6b4445b81f48,458,8,1,0,7,0,1,1,1,1791137510
2026-10-04T18:12:09+00:00,2026-10-04T18:12:44.711757+00:00,f8348021-0de8-11e7-991c-3863bb43a7d0,39,5,0,0,22,0,1,1,1,1791137505
2026-10-04T18:12:09+00:00,2026-10-04T18:12:44.711757+00:00,0cb6d635-6a7d-4d75-89b4-36b12616be12,432,12,8,0,7,0,1,1,1,1791137511
2026-10-04T18:12:09+00:00,2026-10-04T18:12:44.711757+00:00,c98f50f6-1901-4c64-b164-8cf33245e022,282,11,2,2,5,1,1,1,1,1791137508
2026-10-04T18:12:09+00:00,2026-10-04T18:12:44.711757+00:00,f835027c-0de8-11e7-991c-3863bb43a7d0,152,11,0,0,16,0,1,1,1,1791137515
2026-10-04T18:12:09+00:00,2026-10-04T18:12:44.711757+00:00,3a6d94a7-9fee-41c5-b8cc-a8487c5e691b,549,13,4,1,9,0,1,1,1,1791137515
2026-10-04T18:12:09+00:00,2026-10-04T18:12:44.711757+00:00,f83487f0-0de8-11e7-991c-3863bb43a7d0,54,9,6,0,7,0,1,1,1,1791137515
2026-10-04T18:12:09+00:00,2026-10-04T18:12:44.711757+00:00,0bc49982-74e9-4bbf-9991-e3d809d6319e,530,6,0,0,14,0,1,1,1,1791137513
2026-10-04T18:12:09+00:00,2026-10-04T18:12:44.711757+00:00,f8348924-0de8-11e7-991c-3863bb43a7d0,57,3,1,0,11,0,1,1,1,1791137511
2026-10-04T18:12:09+00:00,2026-10-04T18:12:44.711757+00:00,f83472d3-0de8-11e7-991c-3863bb43a7d0,25,0,0,1,14,0,1,1,1,1791137511
2026-10-04T18:12:09+00:00,2026-10-04T18:12:44.711757+00:00,f8349672-0de8-11e7-991c-3863bb43a7d0,72,3,2,0,20,0,1,1,1,1791137511
2026-10-04T18:12:09+00:00,2026-10-04T18:12:44.711757+00:00,f836bc28-36a7-4ca6-bba6-0d75333d84bb,538,15,0,0,4,0,1,1,1,1791137511
2026-10-04T18:12:09+00:00,2026-10-04T18:12:44.711757+00:00,f8351e42-0de8-11e7-991c-3863bb43a7d0,189,14,0,1,7,0,1,1,1,1791137517
2026-10-04T18:12:09+00:00,2026-10-04T18:12:44.711757+00:00,1e3beeb4-f8e1-452c-93e5-48df78d4b313,334,10,0,0,8,0,1,1,1,1791137515
2026-10-04T18:12:09+00:00,2026-10-04T18:12:44.711757+00:00,634b697d-0e64-4102-8849-abac7a7f8e35,455,10,1,0,1,1,1,1,1,1791137516
2026-10-04T18:12:09+00:00,2026-10-04T18:12:44.711757+00:00,3f4f4ad4-a715-43d5-828f-f8381f26b66a,390,12,2,2,0,1,1,1,1,1791137516
2026-10-04T18:12:09+00:00,2026-10-04T18:12:44.711757+00:00,f835259f-0de8-11e7-991c-3863bb43a7d0,205,4,0,0,11,0,1,1,1,1791137517
2026-10-04T18:12:09+00:00,2026-10-04T18:12:44.711757+00:00,31382324-2931-491a-827a-40149e45afee,232,6,0,0,5,0,1,1,1,1791137517
2026-10-04T18:12:09+00:00,2026-10-04T18:12:44.711757+00:00,2074236051937964826,2074236051937964826,5,0,0,9,2,1,1,1,1791137517
2026-10-04T18:12:09+00:00,2026-10-04T18:12:44.711757+00:00,dc770287-c70c-43ea-a635-39f3dc6b09cd,dc770287-c70c-43ea-a635-39f3dc6b09cd,1,1,0,10,0,1,1,1,1791137519
2026-10-04T18:12:09+00:00,2026-10-04T18:12:44.711757+00:00,f834ffc9-0de8-11e7-991c-3863bb43a7d0,146,4,2,0,15,0,1,1,1,1791137519
2026-10-04T18:12:09+00:00,2026-10-04T18:12:44.711757+00:00,f8352a4d-0de8-11e7-991c-3863bb43a7d0,212,5,0,0,28,0,1,1,1,1791137519
2026-10-04T18:12:09+00:00,2026-10-04T18:12:44.711757+00:00,f8347361-0de8-11e7-991c-3863bb43a7d0,26,12,4,0,3,0,1,1,1,1791137519
2026-10-04T18:12:09+00:00,2026-10-04T18:12:44.711757+00:00,12141b77-6e5f-444b-bace-2abf16db4fee,12141b77-6e5f-444b-bace-2abf16db4fee,0,0,7,4,0,1,0,0,1790828072
2026-10-04T18:12:09+00:00,2026-10-04T18:12:44.711757+00:00,9f582e05-15e0-4a39-aef5-c719e0c78e26,466,5,1,1,5,0,1,1,1,1791137434
2026-10-04T18:12:09+00:00,2026-10-04T18:12:44.711757+00:00,7df1ee28-441e-44c1-8507-8f58946be96b,239,7,1,0,8,0,1,1,1,1791137430
2026-10-04T18:12:09+00:00,2026-10-04T18:12:44.711757+00:00,2267959380696438832,2267959380696438832,7,0,0,4,0,1,1,1,1791137431
2026-10-04T18:12:09+00:00,2026-10-04T18:12:44.711757+00:00,f8349e56-0de8-11e7-991c-3863bb43a7d0,81,14,1,1,5,0,1,1,1,1791137452
2026-10-04T18:12:09+00:00,2026-10-04T18:12:44.711757+00:00,81bfc33b-30d8-4881-b261-712715a8b2bc,363,13,1,0,4,1,1,1,1,1791137453
2026-10-04T18:12:09+00:00,2026-10-04T18:12:44.711757+00:00,0daf7408-7a15-4d2b-8c39-f1a097cdbe85,403,6,0,0,9,0,1,1,1,1791137456
2026-10-04T18:12:09+00:00,2026-10-04T18:12:44.711757+00:00,1976642295079838524,1976642295079838524,7,2,0,4,0,1,1,1,1791137455
2026-10-04T18:12:09+00:00,2026-10-04T18:12:44.711757+00:00,7feae3ce-ddf2-4a45-a123-1209c8a9182b,484,4,0,0,7,0,1,1,1,1791137468
2026-10-04T18:12:09+00:00,2026-10-04T18:12:44.711757+00:00,ca76adb6-4c84-4484-9ec3-b411b81ddbef,ca76adb6-4c84-4484-9ec3-b411b81ddbef,3,0,2,14,0,1,1,1,1791137468
2026-10-04T18:12:09+00:00,2026-10-04T18:12:44.711757+00:00,aa556ad4-0092-4687-96c2-8dbc69addb56,485,2,0,1,8,0,1,1,1,1791137469
2026-10-04T18:12:09+00:00,2026-10-04T18:12:44.711757+00:00,2212663228188806942,2212663228188806942,12,3,0,12,0,1,1,1,1791137470
2026-10-04T18:12:09+00:00,2026-10-04T18:12:44.711757+00:00,f834f8ca-0de8-11e7-991c-3863bb43a7d0,137,15,7,0,4,0,1,1,1,1791137470
2026-10-04T18:12:09+00:00,2026-10-04T18:12:44.711757+00:00,2118368356250680236,2118368356250680236,4,1,0,12,0,1,1,1,1791137274
2026-10-04T18:12:09+00:00,2026-10-04T18:12:44.711757+00:00,1676a6f7-c417-48d2-92e8-5ce21995efc3,374,17,0,0,1,0,1,1,1,1791137472
2026-10-04T18:12:09+00:00,2026-10-04T18:12:44.711757+00:00,f834a838-0de8-11e7-991c-3863bb43a7d0,92,14,5,2,2,0,1,1,1,1791137471
2026-10-04T18:12:09+00:00,2026-10-04T18:12:44.711757+00:00,f834fede-0de8-11e7-991c-3863bb43a7d0,144,3,0,0,16,0,1,1,1,1791137471
2026-10-04T18:12:09+00:00,2026-10-04T18:12:44.711757+00:00,47c44bb1-d065-41f5-ad79-c18aee60af34,342,13,0,0,1,0,1,1,1,1791137470
2026-10-04T18:12:09+00:00,2026-10-04T18:12:44.711757+00:00,2220822464984366036,2220822464984366036,2,0,0,10,0,1,1,1,1791137300
2026-10-04T18:12:09+00:00,2026-10-04T18:12:44.711757+00:00,f83512c9-0de8-11e7-991c-3863bb43a7d0,175,10,0,1,6,0,1,1,1,1791137408
2026-10-04T18:12:09+00:00,2026-10-04T18:12:44.711757+00:00,6e340d8e-45db-4fd9-b6eb-b74ec73b0d3e,535,7,1,0,8,0,1,1,1,1791137474
2026-10-04T18:12:09+00:00,2026-10-04T18:12:44.711757+00:00,c5017e67-cada-4549-a52e-0f13dddd289d,424,8,1,0,11,0,1,1,1,1791137474
2026-10-04T18:12:09+00:00,2026-10-04T18:12:44.711757+00:00,f834658f-0de8-11e7-991c-3863bb43a7d0,4,19,10,0,0,0,1,1,1,1791137475
2026-10-04T18:12:09+00:00,2026-10-04T18:12:44.711757+00:00,52485851-e554-49de-ab9f-f536806d2d34,52485851-e554-49de-ab9f-f536806d2d34,6,4,0,5,0,1,1,1,1791137476
2026-10-04T18:12:09+00:00,2026-10-04T18:12:44.711757+00:00,f834b99d-0de8-11e7-991c-3863bb43a7d0,107,17,3,0,1,0,1,1,1,1791137477
2026-10-04T18:12:09+00:00,2026-10-04T18:12:44.711757+00:00,12d463d2-ce50-43bd-81b1-6be4dbdbbc1b,430,11,3,0,8,0,1,1,1,1791137400
2026-10-04T18:12:09+00:00,2026-10-04T18:12:44.711757+00:00,1921360868231155718,1921360868231155718,3,2,0,16,0,1,1,1,1791137401
2026-10-04T18:12:09+00:00,2026-10-04T18:12:44.711757+00:00,81676204-e42f-4d3d-991e-9c1264f36229,357,14,3,0,1,0,1,1,1,1791137402
2026-10-04T18:12:09+00:00,2026-10-04T18:12:44.711757+00:00,42886366-9cbf-432c-ba84-beef38877c87,408,2,0,0,13,0,1,1,1,1791137415
2026-10-04T18:12:09+00:00,2026-10-04T18:12:44.711757+00:00,065e0e5d-8a0d-49b7-9c1f-c8eaba51a8b4,490,10,3,1,7,0,1,1,1,1791137418
2026-10-04T18:12:09+00:00,2026-10-04T18:12:44.711757+00:00,2225590560002383786,2225590560002383786,1,0,0,14,0,1,1,1,1791137413
2026-10-04T18:12:09+00:00,2026-10-04T18:12:44.711757+00:00,fe534b6f-61ad-47d3-b9f6-cdaa128f53a4,395,7,0,1,7,0,1,1,1,1791137422
2026-10-04T18:12:09+00:00,2026-10-04T18:12:44.711757+00:00,8347c34d-68df-404b-ac58-7a387cc3ce4b,414,12,2,0,11,0,1,1,1,1791137423
2026-10-04T18:12:09+00:00,2026-10-04T18:12:44.711757+00:00,f8347b1e-0de8-11e7-991c-3863bb43a7d0,30,14,3,0,1,0,1,1,1,1791137423
2026-10-04T18:12:09+00:00,2026-10-04T18:12:44.711757+00:00,f8346f6f-0de8-11e7-991c-3863bb43a7d0,19,7,2,0,7,0,1,1,1,1791137427
2026-10-04T18:12:09+00:00,2026-10-04T18:12:44.711757+00:00,f835108b-0de8-11e7-991c-3863bb43a7d0,170,9,8,0,5,0,1,1,1,1791137428
2026-10-04T18:12:09+00:00,2026-10-04T18:12:44.711757+00:00,f83481c5-0de8-11e7-991c-3863bb43a7d0,42,28,3,0,2,0,1,1,1,1791137450
2026-10-04T18:12:09+00:00,2026-10-04T18:12:44.711757+00:00,f8349ed6-0de8-11e7-991c-3863bb43a7d0,82,9,1,0,16,0,1,1,1,1791137448
2026-10-04T18:12:09+00:00,2026-10-04T18:12:44.711757+00:00,53548ba4-ad0a-4d92-8e57-fd5c9f3ad102,399,0,0,0,15,0,1,1,1,1791137447
2026-10-04T18:12:09+00:00,2026-10-04T18:12:44.711757+00:00,be18593a-9e4c-4a13-8bb2-a5bac3d9b2b3,547,7,1,0,11,0,1,1,1,1791137447
2026-10-04T18:12:09+00:00,2026-10-04T18:12:44.711757+00:00,e2c306f6-82c7-4d0d-89fd-c9452d2f9ad1,361,6,2,0,37,0,1,1,1,1791137446
2026-10-04T18:12:09+00:00,2026-10-04T18:12:44.711757+00:00,2014558273483754010,2014558273483754010,12,1,0,7,0,1,1,1,1791137467
2026-10-04T18:12:09+00:00,2026-10-04T18:12:44.711757+00:00,f8352378-0de8-11e7-991c-3863bb43a7d0,200,6,0,0,13,0,1,1,1,1791137465
2026-10-04T18:12:09+00:00,2026-10-04T18:12:44.711757+00:00,bd3d4824-7203-4edc-a314-cea2b413e886,319,1,0,0,25,1,1,1,1,1791137462
2026-10-04T18:12:09+00:00,2026-10-04T18:12:44.711757+00:00,2d32e355-faee-407b-9bb7-45d80ffb059a,2d32e355-faee-407b-9bb7-45d80ffb059a,4,0,0,15,0,1,1,1,1791137465
2026-10-04T18:12:09+00:00,2026-10-04T18:12:44.711757+00:00,f834a7d1-0de8-11e7-991c-3863bb43a7d0,91,1,0,0,18,0,1,1,1,1791137464
2026-10-04T18:12:09+00:00,2026-10-04T18:12:44.711757+00:00,4fe8e777-345b-4fc2-a684-dd874e8186d8,4fe8e777-345b-4fc2-a684-dd874e8186d8,10,7,1,3,0,1,1,1,1791137465
2026-10-04T18:12:09+00:00,2026-10-04T18:12:44.711757+00:00,f834a3a0-0de8-11e7-991c-3863bb43a7d0,87,7,1,0,8,0,1,1,1,1791137426
2026-10-04T18:12:09+00:00,2026-10-04T18:12:44.711757+00:00,f834dedf-0de8-11e7-991c-3863bb43a7d0,124,4,2,0,10,0,1,1,1,1791137435
2026-10-04T18:12:09+00:00,2026-10-04T18:12:44.711757+00:00,f83520d8-0de8-11e7-991c-3863bb43a7d0,195,3,0,0,20,0,1,1,1,1791137439
2026-10-04T18:12:09+00:00,2026-10-04T18:12:44.711757+00:00,c23a4c0d-7e43-4042-80e2-7c894d07763b,559,5,0,0,6,0,1,1,1,1791137439
2026-10-04T18:12:09+00:00,2026-10-04T18:12:44.711757+00:00,9cc65d3d-cfcc-45ff-8f75-7264556b1cf9,9cc65d3d-cfcc-45ff-8f75-7264556b1cf9,11,1,0,8,0,1,1,1,1791137438
2026-10-04T18:12:09+00:00,2026-10-04T18:12:44.711757+00:00,d1c0b0c2-6e4c-424e-a946-a2a95a711633,422,8,2,0,7,0,1,1,1,1791137444
2026-10-04T18:12:09+00:00,2026-10-04T18:12:44.711757+00:00,2123672938202825324,2123672938202825324,2,2,1,12,0,1,1,1,1791137444
2026-10-04T18:12:09+00:00,2026-10-04T18:12:44.711757+00:00,f8351dc2-0de8-11e7-991c-3863bb43a7d0,188,14,3,0,1,0,1,1,1,1791137442
2026-10-04T18:12:09+00:00,2026-10-04T18:12:44.711757+00:00,f83515d8-0de8-11e7-991c-3863bb43a7d0,182,7,1,4,8,0,1,1,1,1791137460
2026-10-04T18:12:09+00:00,2026-10-04T18:12:44.711757+00:00,74cb9bf6-bb53-4c70-88d2-67998b99628c,296,3,1,2,18,0,1,1,1,1791137459
2026-10-04T18:12:09+00:00,2026-10-04T18:12:44.711757+00:00,f834dc46-0de8-11e7-991c-3863bb43a7d0,122,4,1,1,10,0,1,1,1,1791137461
2026-10-04T18:12:09+00:00,2026-10-04T18:12:44.711757+00:00,2212258635631104970,2212258635631104970,10,0,0,13,0,1,1,1,1791137488
2026-10-04T18:12:09+00:00,2026-10-04T18:12:44.711757+00:00,f834ba08-0de8-11e7-991c-3863bb43a7d0,108,1,0,0,15,0,1,1,1,1791137484
2026-10-04T18:12:09+00:00,2026-10-04T18:12:44.711757+00:00,f83489ff-0de8-11e7-991c-3863bb43a7d0,59,3,0,1,14,1,1,1,1,1791137484
2026-10-04T18:12:09+00:00,2026-10-04T18:12:44.711757+00:00,2130224177726511580,2130224177726511580,3,3,0,12,0,1,1,1,1791137485
2026-10-04T18:12:09+00:00,2026-10-04T18:12:44.711757+00:00,4f25f6ef-236b-43b4-8a92-68a24db0504b,4f25f6ef-236b-43b4-8a92-68a24db0504b,8,5,0,6,0,1,1,1,1791137484
2026-10-04T18:12:09+00:00,2026-10-04T18:12:44.711757+00:00,1978882443666915710,1978882443666915710,15,0,1,1,1,1,1,1,1791137484
2026-10-04T18:12:09+00:00,2026-10-04T18:12:44.711757+00:00,5f8ced09-665c-41e5-b67e-1e58fac21830,521,4,1,0,7,0,1,1,1,1791137487
2026-10-04T18:12:09+00:00,2026-10-04T18:12:44.711757+00:00,f834ec42-0de8-11e7-991c-3863bb43a7d0,131,4,0,1,13,0,1,1,1,1791137483
2026-10-04T18:12:09+00:00,2026-10-04T18:12:44.711757+00:00,2131760674371160748,2131760674371160748,6,0,1,13,0,1,1,1,1791137477
2026-10-04T18:12:09+00:00,2026-10-04T18:12:44.711757+00:00,f0f01d4c-ba4a-4ab2-9cc0-9fa1f9223300,394,7,3,0,7,0,1,1,1,1791137478
2026-10-04T18:12:09+00:00,2026-10-04T18:12:44.711757+00:00,c202f2ca-ec1d-4dc5-a734-e0a342f23ba4,279,9,1,0,14,0,1,1,1,1791137479
2026-10-04T18:12:09+00:00,2026-10-04T18:12:44.711757+00:00,f8351726-0de8-11e7-991c-3863bb43a7d0,185,3,0,1,11,0,1,1,1,1791137481
2026-10-04T18:12:09+00:00,2026-10-04T18:12:44.711757+00:00,f834ea45-0de8-11e7-991c-3863bb43a7d0,130,11,2,0,4,0,1,1,1,1791137479
2026-10-04T18:12:09+00:00,2026-10-04T18:12:44.711757+00:00,ad2fb6f2-921f-440c-83de-08be76e35c2a,468,5,2,1,9,0,1,1,1,1791137480
2026-10-04T18:12:09+00:00,2026-10-04T18:12:44.711757+00:00,9340e113-e0b2-48ac-b58a-8b6f001b0a94,486,4,1,2,5,0,1,1,1,1791137496
2026-10-04T18:12:09+00:00,2026-10-04T18:12:44.711757+00:00,c1789d39-705f-4c03-9c14-4d6a3a4f4400,561,16,6,0,2,0,1,1,1,1791137498
2026-10-04T18:12:09+00:00,2026-10-04T18:12:44.711757+00:00,a3bf0bfe-198b-4160-a2fb-cc7d10cfb4cf,a3bf0bfe-198b-4160-a2fb-cc7d10cfb4cf,18,1,0,1,0,1,1,1,1791137497
2026-10-04T18:12:09+00:00,2026-10-04T18:12:44.711757+00:00,f8350a84-0de8-11e7-991c-3863bb43a7d0,157,10,5,0,5,0,1,1,1,1791137499
2026-10-04T18:12:09+00:00,2026-10-04T18:12:44.711757+00:00,9e9be067-c6bb-41de-9491-eda69d24d6de,371,14,3,1,3,1,1,1,1,1791137499
2026-10-04T18:12:09+00:00,2026-10-04T18:12:44.711757+00:00,f834caf2-0de8-11e7-991c-3863bb43a7d0,114,7,1,0,8,0,1,1,1,1791137494
2026-10-04T18:12:09+00:00,2026-10-04T18:12:44.711757+00:00,2002579415401984808,2002579415401984808,11,4,0,0,0,1,1,1,1791137495
2026-10-04T18:12:09+00:00,2026-10-04T18:12:44.711757+00:00,f834ab92-0de8-11e7-991c-3863bb43a7d0,95,9,0,0,3,2,1,1,1,1791137495
2026-10-04T18:12:09+00:00,2026-10-04T18:12:44.711757+00:00,f83529e2-0de8-11e7-991c-3863bb43a7d0,211,8,1,0,7,0,1,1,1,1791137497
2026-10-04T18:12:09+00:00,2026-10-04T18:12:44.711757+00:00,2093488029445054742,2093488029445054742,9,0,1,18,0,1,1,1,1791137486
2026-10-04T18:12:09+00:00,2026-10-04T18:12:44.711757+00:00,2245672241002318634,2245672241002318634,0,0,1,17,0,1,1,1,1791137490
2026-10-04T18:12:09+00:00,2026-10-04T18:12:44.711757+00:00,f8351eb0-0de8-11e7-991c-3863bb43a7d0,190,12,1,0,25,0,1,1,1,1791137490
2026-10-04T18:12:09+00:00,2026-10-04T18:12:44.711757+00:00,f834fc57-0de8-11e7-991c-3863bb43a7d0,140,7,0,0,10,0,1,1,1,1791137492
2026-10-04T18:12:09+00:00,2026-10-04T18:12:44.711757+00:00,1a39ab83-f029-4134-aad4-35380b30bf2c,1a39ab83-f029-4134-aad4-35380b30bf2c,10,0,0,9,0,1,1,1,1791137492
2026-10-04T18:12:09+00:00,2026-10-04T18:12:44.711757+00:00,2071630998981871920,2071630998981871920,2,1,0,18,0,1,1,1,1791137493
2026-10-04T18:12:09+00:00,2026-10-04T18:12:44.711757+00:00,f8352ac4-0de8-11e7-991c-3863bb43a7d0,213,9,3,1,4,0,1,1,1,1791137493
2026-10-04T18:12:09+00:00,2026-10-04T18:12:44.711757+00:00,2249419943962214726,2249419943962214726,9,4,1,9,0,1,1,1,1791137493
2026-10-04T18:12:09+00:00,2026-10-04T18:12:44.711757+00:00,f834824e-0de8-11e7-991c-3863bb43a7d0,43,1,0,0,14,0,1,1,1,1791137490
2026-10-04T18:12:09+00:00,2026-10-04T18:12:44.711757+00:00,e32c0bb9-e85b-4764-b0fb-5c582cfd3a90,340,15,7,0,2,2,1,1,1,1791137490
2026-10-04T18:12:09+00:00,2026-10-04T18:12:44.711757+00:00,2096125468116637776,2096125468116637776,9,0,0,6,0,1,1,1,1791137493
2026-10-04T18:12:09+00:00,2026-10-04T18:12:44.711757+00:00,2129865213174084448,2129865213174084448,6,0,0,13,0,1,1,1,1791137494
2026-10-04T18:12:09+00:00,2026-10-04T18:12:44.711757+00:00,a75d3da1-ce74-447f-8e80-52506a81aff3,a75d3da1-ce74-447f-8e80-52506a81aff3,8,7,0,3,0,1,1,1,1791137500
2026-10-04T18:12:09+00:00,2026-10-04T18:12:44.711757+00:00,228b8017-e4da-4722-9223-b8279a14b8ad,448,6,2,1,3,0,1,1,1,1791137499
2026-10-04T18:12:09+00:00,2026-10-04T18:12:44.711757+00:00,ed6c012e-6d6c-41e7-8e01-90749fd67575,546,10,9,0,6,0,1,1,1,1791137500
2026-10-04T18:12:09+00:00,2026-10-04T18:12:44.711757+00:00,f714390d-6874-43fa-a079-a07f83c79c7b,f714390d-6874-43fa-a079-a07f83c79c7b,8,6,0,3,0,1,1,1,1791137501
2026-10-04T18:12:09+00:00,2026-10-04T18:12:44.711757+00:00,2151136782588526782,2151136782588526782,6,0,1,4,0,1,1,1,1791137501
2026-10-04T18:12:09+00:00,2026-10-04T18:12:44.711757+00:00,13d4171b-6d93-490e-923f-f2a17d5c7613,13d4171b-6d93-490e-923f-f2a17d5c7613,2,1,3,6,0,1,1,1,1791137502
2026-10-04T18:12:09+00:00,2026-10-04T18:12:44.711757+00:00,1942556871369959976,1942556871369959976,11,2,0,8,0,1,1,1,1791137503
2026-10-04T18:12:09+00:00,2026-10-04T18:12:44.711757+00:00,eb8824c3-9c84-4fec-8d6f-d537c8ab3beb,349,12,8,0,4,1,1,1,1,1791137505
2026-10-04T18:12:09+00:00,2026-10-04T18:12:44.711757+00:00,2254164250455119196,2254164250455119196,9,9,0,6,0,1,1,1,1791137398
2026-10-04T18:12:09+00:00,2026-10-04T18:12:44.711757+00:00,2098360140389493528,2098360140389493528,4,4,4,3,0,1,1,1,1791137505
2026-10-04T18:12:09+00:00,2026-10-04T18:12:44.711757+00:00,5bbdd12f-fec4-4741-9d5d-4a60834c5d02,377,8,0,0,11,0,1,1,1,1791137504
2026-10-04T18:12:09+00:00,2026-10-04T18:12:44.711757+00:00,403c0f6c-d01a-4171-a7be-3aa4dbb0d7d1,407,0,0,1,17,0,1,1,1,1791137504
2026-10-04T18:12:09+00:00,2026-10-04T18:12:44.711757+00:00,fe6a64e7-c712-404c-85ae-ee77a37245b1,355,14,0,1,2,0,1,1,1,1791137509
2026-10-04T18:12:09+00:00,2026-10-04T18:12:44.711757+00:00,f83471a1-0de8-11e7-991c-3863bb43a7d0,23,0,0,1,23,1,1,1,1,1791137509
2026-10-04T18:12:09+00:00,2026-10-04T18:12:44.711757+00:00,f8350204-0de8-11e7-991c-3863bb43a7d0,151,1,0,0,18,0,1,1,1,1791137506
2026-10-04T18:12:09+00:00,2026-10-04T18:12:44.711757+00:00,9c8366d8-3b58-4894-b281-09e22f6fe5f7,464,7,1,0,4,0,1,1,1,1791137510
2026-10-04T18:12:09+00:00,2026-10-04T18:12:44.711757+00:00,eee3aab6-bd98-4d1f-8887-9c4e2adce482,eee3aab6-bd98-4d1f-8887-9c4e2adce482,7,1,2,2,0,1,1,1,1791137510
2026-10-04T18:12:09+00:00,2026-10-04T18:12:44.711757+00:00,0b0467c1-0c90-4529-a556-fe4d57835bbb,435,14,13,0,0,1,1,1,1,1791137511
2026-10-04T18:12:09+00:00,2026-10-04T18:12:44.711757+00:00,2109111257926871498,2109111257926871498,5,0,0,14,0,1,1,1,1791137510
2026-10-04T18:12:09+00:00,2026-10-04T18:12:44.711757+00:00,2040842277416872172,2040842277416872172,11,1,0,5,0,1,1,1,1791137466
2026-10-04T18:12:09+00:00,2026-10-04T18:12:44.711757+00:00,2076849845777355316,2076849845777355316,17,1,2,11,2,1,1,1,1791137510
2026-10-04T18:12:09+00:00,2026-10-04T18:12:44.711757+00:00,7c860828-3359-4229-b59b-963f5a4bab00,236,5,0,1,6,0,1,1,1,1791137511
2026-10-04T18:12:09+00:00,2026-10-04T18:12:44.711757+00:00,93381e13-cd04-4e10-ac81-9f5926aa01d5,333,19,1,1,5,0,1,1,1,1791137511
2026-10-04T18:12:09+00:00,2026-10-04T18:12:44.711757+00:00,f83483f3-0de8-11e7-991c-3863bb43a7d0,46,3,0,2,34,0,1,1,1,1791137512
2026-10-04T18:12:09+00:00,2026-10-04T18:12:44.711757+00:00,2104f242-2dde-4ec0-8197-4454b1021ac1,381,11,1,0,12,1,1,1,1,1791137512
2026-10-04T18:12:09+00:00,2026-10-04T18:12:44.711757+00:00,bd1755dc-f26c-420e-85b3-fd025d0b5445,554,10,2,0,4,0,1,1,1,1791137512
2026-10-04T18:12:09+00:00,2026-10-04T18:12:44.711757+00:00,f8352068-0de8-11e7-991c-3863bb43a7d0,194,8,2,0,11,0,1,1,1,1791137512
2026-10-04T18:12:09+00:00,2026-10-04T18:12:44.711757+00:00,4c128753-6fde-4d4c-896e-a1adf89ada98,4c128753-6fde-4d4c-896e-a1adf89ada98,21,3,0,3,1,1,1,1,1791137512
2026-10-04T18:12:09+00:00,2026-10-04T18:12:44.711757+00:00,2002248857751890568,2002248857751890568,4,2,0,7,0,1,1,1,1791137514
2026-10-04T18:12:09+00:00,2026-10-04T18:12:44.711757+00:00,f83480a9-0de8-11e7-991c-3863bb43a7d0,40,8,1,3,20,0,1,1,1,1791137513
2026-10-04T18:12:09+00:00,2026-10-04T18:12:44.711757+00:00,2035660824473983142,2035660824473983142,12,0,0,7,0,1,1,1,1791137514
2026-10-04T18:12:09+00:00,2026-10-04T18:12:44.711757+00:00,2007420398783036020,2007420398783036020,5,0,1,14,0,1,1,1,1791137514
2026-10-04T18:12:09+00:00,2026-10-04T18:12:44.711757+00:00,f835260c-0de8-11e7-991c-3863bb43a7d0,206,6,0,0,34,0,1,1,1,1791137514
2026-10-04T18:12:09+00:00,2026-10-04T18:12:44.711757+00:00,186accbb-6a08-4e1d-b267-9033c4443a56,401,11,3,0,4,0,1,1,1,1791137516
2026-10-04T18:12:09+00:00,2026-10-04T18:12:44.711757+00:00,f8351490-0de8-11e7-991c-3863bb43a7d0,179,9,0,1,42,1,1,1,1,1791137516
2026-10-04T18:12:09+00:00,2026-10-04T18:12:44.711757+00:00,f8348a68-0de8-11e7-991c-3863bb43a7d0,60,19,0,0,0,0,1,1,1,1791137517
2026-10-04T18:12:09+00:00,2026-10-04T18:12:44.711757+00:00,00802fe6-4268-4dc8-8f55-0dbbc1665ce6,515,3,0,1,15,0,1,1,1,1791137515
2026-10-04T18:12:09+00:00,2026-10-04T18:12:44.711757+00:00,2038981933682610536,2038981933682610536,6,0,0,9,1,1,1,1,1791137503
2026-10-04T18:12:09+00:00,2026-10-04T18:12:44.711757+00:00,f8285d4f-5053-4e26-bb28-72016fe11353,405,12,1,0,7,0,1,1,1,1791137518
2026-10-04T18:12:09+00:00,2026-10-04T18:12:44.711757+00:00,1989983491501558234,1989983491501558234,4,2,0,7,0,1,1,1,1791137518
2026-10-04T18:12:09+00:00,2026-10-04T18:12:44.711757+00:00,a83f982f-a4f1-43e4-98e8-c8f4a0bb7290,452,11,0,1,3,0,1,1,1,1791137518
2026-10-04T18:12:09+00:00,2026-10-04T18:12:44.711757+00:00,1df03e33-c105-4e53-b013-d20056cd57f8,1df03e33-c105-4e53-b013-d20056cd57f8,0,0,0,0,0,0,0,0,86400
2026-10-04T18:12:09+00:00,2026-10-04T18:12:44.711757+00:00,2087949096844032050,2087949096844032050,14,2,0,1,0,1,1,1,1791137320
2026-10-04T18:12:09+00:00,2026-10-04T18:12:44.711757+00:00,2227858849424910006,2227858849424910006,8,2,0,0,0,1,1,1,1791137356
2026-10-04T18:12:09+00:00,2026-10-04T18:12:44.711757+00:00,1e1b40cd-8e00-4b74-b147-be6b23f5c9e7,385,3,0,0,12,0,1,1,1,1791137401
2026-10-04T18:12:09+00:00,2026-10-04T18:12:44.711757+00:00,f83517fa-0de8-11e7-991c-3863bb43a7d0,187,15,3,0,0,0,1,1,1,1791137404
2026-10-04T18:12:09+00:00,2026-10-04T18:12:44.711757+00:00,1986302395589722758,1986302395589722758,6,0,0,4,0,1,1,1,1791137408
2026-10-04T18:12:09+00:00,2026-10-04T18:12:44.711757+00:00,5b1d2661-8a93-4f14-b242-ebc52792f951,337,15,2,0,0,0,1,1,1,1791137409
2026-10-04T18:12:09+00:00,2026-10-04T18:12:44.711757+00:00,1963613484180639992,1963613484180639992,17,1,0,2,0,1,1,1,1791137413
2026-10-04T18:12:09+00:00,2026-10-04T18:12:44.711757+00:00,f8351f1d-0de8-11e7-991c-3863bb43a7d0,191,7,0,0,8,0,1,1,1,1791137415
2026-10-04T18:12:09+00:00,2026-10-04T18:12:44.711757+00:00,e4678b17-face-42c3-9b5f-98418d31e3b6,e4678b17-face-42c3-9b5f-98418d31e3b6,7,1,0,4,0,1,1,1,1791137422
2026-10-04T18:12:09+00:00,2026-10-04T18:12:44.711757+00:00,f8346d23-0de8-11e7-991c-3863bb43a7d0,15,5,0,0,10,0,1,1,1,1791137424
2026-10-04T18:12:09+00:00,2026-10-04T18:12:44.711757+00:00,51bb4381-dae4-4aeb-b213-0614b807be29,344,0,0,0,19,0,1,1,1,1791137426
2026-10-04T18:12:09+00:00,2026-10-04T18:12:44.711757+00:00,f834b101-0de8-11e7-991c-3863bb43a7d0,97,7,1,4,7,1,1,1,1,1791137428
2026-10-04T18:12:09+00:00,2026-10-04T18:12:44.711757+00:00,7f68a70d-af0e-450a-b7a8-ce621cd0c8c1,280,13,3,1,5,0,1,1,1,1791137435
2026-10-04T18:12:09+00:00,2026-10-04T18:12:44.711757+00:00,f2b83aa2-86cd-4904-a099-74bf2023f768,330,11,0,0,4,0,1,1,1,1791137431
2026-10-04T18:12:09+00:00,2026-10-04T18:12:44.711757+00:00,2119105928286481344,2119105928286481344,1,0,0,18,0,1,1,1,1791137435
2026-10-04T18:12:09+00:00,2026-10-04T18:12:44.711757+00:00,f8347c41-0de8-11e7-991c-3863bb43a7d0,32,6,0,1,7,0,1,1,1,1791137437
2026-10-04T18:12:09+00:00,2026-10-04T18:12:44.711757+00:00,f8352ba8-0de8-11e7-991c-3863bb43a7d0,215,2,2,0,13,0,1,1,1,1791137438
2026-10-04T18:12:09+00:00,2026-10-04T18:12:44.711757+00:00,f8352534-0de8-11e7-991c-3863bb43a7d0,204,5,1,1,9,0,1,1,1,1791137438
2026-10-04T18:12:09+00:00,2026-10-04T18:12:44.711757+00:00,61168d8b-20b7-46c8-8f08-6ae1f100c4e0,550,5,1,0,12,0,1,1,1,1791137439
2026-10-04T18:12:09+00:00,2026-10-04T18:12:44.711757+00:00,1cced911-b428-4cfd-81be-3a8f77ce7379,233,11,1,0,4,0,1,1,1,1791137438
2026-10-04T18:12:09+00:00,2026-10-04T18:12:44.711757+00:00,f8350cc1-0de8-11e7-991c-3863bb43a7d0,162,6,0,0,9,0,1,1,1,1791137438
2026-10-04T18:12:09+00:00,2026-10-04T18:12:44.711757+00:00,f8350ecf-0de8-11e7-991c-3863bb43a7d0,167,3,1,1,11,0,1,1,1,1791137437
2026-10-04T18:12:09+00:00,2026-10-04T18:12:44.711757+00:00,f834e534-0de8-11e7-991c-3863bb43a7d0,128,2,1,1,16,0,1,1,1,1791137448
2026-10-04T18:12:09+00:00,2026-10-04T18:12:44.711757+00:00,f834723b-0de8-11e7-991c-3863bb43a7d0,24,2,0,0,21,0,1,1,1,1791137451
2026-10-04T18:12:09+00:00,2026-10-04T18:12:44.711757+00:00,1a661bb7-7d14-49e9-ac3d-22bafec8a2f0,507,6,1,1,4,0,1,1,1,1791137451
2026-10-04T18:12:09+00:00,2026-10-04T18:12:44.711757+00:00,f834cfd8-0de8-11e7-991c-3863bb43a7d0,117,0,0,4,0,13,1,0,0,1791137451
2026-10-04T18:12:09+00:00,2026-10-04T18:12:44.711757+00:00,2270454512964591136,2270454512964591136,3,0,0,16,0,1,1,1,1791137464
2026-10-04T18:12:09+00:00,2026-10-04T18:12:44.711757+00:00,ccf82572-a142-4378-9a4b-5a51fcb4ef81,350,13,4,0,4,0,1,1,1,1791137465
2026-10-04T18:12:09+00:00,2026-10-04T18:12:44.711757+00:00,9bfa4a32-5598-46ea-a1a1-17b4c6ed9d84,431,11,2,0,4,0,1,1,1,1791137465
2026-10-04T18:12:09+00:00,2026-10-04T18:12:44.711757+00:00,2110984374959099994,2110984374959099994,9,3,1,9,1,1,1,1,1791137462
2026-10-04T18:12:09+00:00,2026-10-04T18:12:44.711757+00:00,d7507124-4cab-4063-8445-a59a33a3d6e4,512,9,1,1,9,0,1,1,1,1791137464
2026-10-04T18:12:09+00:00,2026-10-04T18:12:44.711757+00:00,baab0b05-a028-4147-8432-a2726c7e48ea,328,2,0,0,13,0,1,1,1,1791137464
2026-10-04T18:12:09+00:00,2026-10-04T18:12:44.711757+00:00,ea65c25f-0718-4f79-8588-c58b9fe3a105,226,1,1,1,12,1,1,1,1,1791137462
2026-10-04T18:12:09+00:00,2026-10-04T18:12:44.711757+00:00,8983c75a-12c1-4995-aedc-24c94bd895e3,384,12,4,1,6,0,1,1,1,1791137466
2026-10-04T18:12:09+00:00,2026-10-04T18:12:44.711757+00:00,2259733531216984776,2259733531216984776,8,0,0,7,0,1,1,1,1791137465
2026-10-04T18:12:09+00:00,2026-10-04T18:12:44.711757+00:00,1994466222105870452,1994466222105870452,3,1,2,6,0,1,1,1,1791137465
2026-10-04T18:12:09+00:00,2026-10-04T18:12:44.711757+00:00,25a9114f-66f0-427c-920f-5526ca84f056,346,2,0,0,13,0,1,1,1,1791137460
2026-10-04T18:12:09+00:00,2026-10-04T18:12:44.711757+00:00,56817d8e-3a1c-431a-a529-1a600f80c364,366,9,0,1,17,0,1,1,1,1791137457
2026-10-04T18:12:09+00:00,2026-10-04T18:12:44.711757+00:00,aa964f5b-fadf-4fc1-8c91-84ee36e15f0d,341,9,0,0,6,0,1,1,1,1791137457
2026-10-04T18:12:09+00:00,2026-10-04T18:12:44.711757+00:00,f8352219-0de8-11e7-991c-3863bb43a7d0,197,7,0,1,7,0,1,1,1,1791137457
2026-10-04T18:12:09+00:00,2026-10-04T18:12:44.711757+00:00,68e5e79a-3c94-4848-b619-9c0829d7f687,475,8,0,3,4,0,1,1,1,1791137457
2026-10-04T18:12:09+00:00,2026-10-04T18:12:44.711757+00:00,dede6d5f-7d62-496e-a8ca-d5a64afe39c1,544,4,2,0,11,0,1,1,1,1791137461
2026-10-04T18:12:09+00:00,2026-10-04T18:12:44.711757+00:00,2246034666940677832,2246034666940677832,5,0,0,6,0,1,1,1,1791137461
2026-10-04T18:12:09+00:00,2026-10-04T18:12:44.711757+00:00,57716f8d-c9ee-4768-8872-71343ec3ffd8,514,13,2,2,4,0,1,1,1,1791137469
2026-10-04T18:12:09+00:00,2026-10-04T18:12:44.711757+00:00,1991922092203192944,1991922092203192944,9,1,0,10,0,1,1,1,1791137469
2026-10-04T18:12:09+00:00,2026-10-04T18:12:44.711757+00:00,2088704000370565344,2088704000370565344,3,0,2,7,0,1,1,1,1791137467
2026-10-04T18:12:09+00:00,2026-10-04T18:12:44.711757+00:00,f835288a-0de8-11e7-991c-3863bb43a7d0,208,15,0,0,0,0,1,1,1,1791137471
2026-10-04T18:12:09+00:00,2026-10-04T18:12:44.711757+00:00,9721c80e-fc8f-474f-8918-b68c041d2836,9721c80e-fc8f-474f-8918-b68c041d2836,7,0,0,16,0,1,1,1,1791137472
2026-10-04T18:12:09+00:00,2026-10-04T18:12:44.711757+00:00,f8352b39-0de8-11e7-991c-3863bb43a7d0,214,3,0,0,10,1,1,1,1,1791137445
2026-10-04T18:12:09+00:00,2026-10-04T18:12:44.711757+00:00,6aebc664-1e3c-479f-8f65-2bae99215ed3,6aebc664-1e3c-479f-8f65-2bae99215ed3,8,2,0,3,0,1,1,1,1791137443
2026-10-04T18:12:09+00:00,2026-10-04T18:12:44.711757+00:00,f9524971-e9f9-4572-aebc-580e48de042f,f9524971-e9f9-4572-aebc-580e48de042f,12,0,1,6,0,1,1,1,1791137445
2026-10-04T18:12:09+00:00,2026-10-04T18:12:44.711757+00:00,1965873511294959658,1965873511294959658,5,1,0,18,0,1,1,1,1791137446
2026-10-04T18:12:09+00:00,2026-10-04T18:12:44.711757+00:00,fe90d430-d33f-48b2-a5cd-bc161b220939,553,3,0,0,20,0,1,1,1,1791137445
2026-10-04T18:12:09+00:00,2026-10-04T18:12:44.711757+00:00,f834a8a0-0de8-11e7-991c-3863bb43a7d0,93,7,1,0,24,0,1,1,1,1791137446
2026-10-04T18:12:09+00:00,2026-10-04T18:12:44.711757+00:00,2249415127458891992,2249415127458891992,14,4,1,0,0,1,1,1,1791137446
2026-10-04T18:12:09+00:00,2026-10-04T18:12:44.711757+00:00,f83491d4-0de8-11e7-991c-3863bb43a7d0,64,8,1,0,15,0,1,1,1,1791137447
2026-10-04T18:12:09+00:00,2026-10-04T18:12:44.711757+00:00,a6e0db4f-fc9b-42af-bfe0-36cc0259b717,446,8,0,0,8,0,1,1,1,1791137446
2026-10-04T18:12:09+00:00,2026-10-04T18:12:44.711757+00:00,2141791438824588162,2141791438824588162,2,1,1,16,0,1,1,1,1791137454
2026-10-04T18:12:09+00:00,2026-10-04T18:12:44.711757+00:00,b6a8522d-296d-4c05-887d-842374520780,545,11,11,0,2,1,1,1,1,1791137453
2026-10-04T18:12:09+00:00,2026-10-04T18:12:44.711757+00:00,f8347f09-0de8-11e7-991c-3863bb43a7d0,37,10,0,0,5,0,1,1,1,1791137474
2026-10-04T18:12:09+00:00,2026-10-04T18:12:44.711757+00:00,f83511d4-0de8-11e7-991c-3863bb43a7d0,173,9,3,0,4,1,1,1,1,1791137414
2026-10-04T18:12:09+00:00,2026-10-04T18:12:44.711757+00:00,99675a11-a92c-465c-bf5a-434b08ba5fc6,400,7,5,0,45,0,1,1,1,1791137473
2026-10-04T18:12:09+00:00,2026-10-04T18:12:44.711757+00:00,ff938129-8179-455c-9ac9-9fcb9fc0b6d5,ff938129-8179-455c-9ac9-9fcb9fc0b6d5,8,1,0,11,0,1,1,1,1791137477
2026-10-04T18:12:09+00:00,2026-10-04T18:12:44.711757+00:00,2118728866631796788,2118728866631796788,14,3,0,1,0,1,1,1,1791137475
2026-10-04T18:12:09+00:00,2026-10-04T18:12:44.711757+00:00,f8349440-0de8-11e7-991c-3863bb43a7d0,68,12,4,0,7,0,1,1,1,1791137474
2026-10-04T18:12:09+00:00,2026-10-04T18:12:44.711757+00:00,f8346b6f-0de8-11e7-991c-3863bb43a7d0,12,1,1,1,25,0,1,1,1,1791137475
2026-10-04T18:12:09+00:00,2026-10-04T18:12:44.711757+00:00,f834c7a9-0de8-11e7-991c-3863bb43a7d0,112,1,1,0,14,0,1,1,1,1791137475
2026-10-04T18:12:09+00:00,2026-10-04T18:12:44.711757+00:00,380de8b2-2728-4e4b-83f1-251bfbb5acf2,487,7,0,0,12,0,1,1,1,1791137478
2026-10-04T18:12:09+00:00,2026-10-04T18:12:44.711757+00:00,940638c5-7cd0-4a11-899e-86af3868d400,532,9,1,0,9,0,1,1,1,1791137478
2026-10-04T18:12:09+00:00,2026-10-04T18:12:44.711757+00:00,f83492b4-0de8-11e7-991c-3863bb43a7d0,66,6,3,5,4,0,1,1,1,1791137477
2026-10-04T18:12:09+00:00,2026-10-04T18:12:44.711757+00:00,ef6ef93b-488f-496b-afbf-3aedfd967129,517,7,4,1,7,0,1,1,1,1791137480
2026-10-04T18:12:09+00:00,2026-10-04T18:12:44.711757+00:00,2090635592862466836,2090635592862466836,8,0,1,21,1,1,1,1,1791137480
2026-10-04T18:12:09+00:00,2026-10-04T18:12:44.711757+00:00,2145094035874873892,2145094035874873892,15,2,0,4,0,1,1,1,1791137480
2026-10-04T18:12:09+00:00,2026-10-04T18:12:44.711757+00:00,d22265a8-a6d7-4922-a6b5-4be738a9e5c4,392,14,10,1,0,0,1,1,1,1791137481
2026-10-04T18:12:09+00:00,2026-10-04T18:12:44.711757+00:00,295553ea-851b-4ac2-a094-f9d1208e399a,412,18,0,0,1,0,1,1,1,1791137481
2026-10-04T18:12:09+00:00,2026-10-04T18:12:44.711757+00:00,b34694c2-c640-4f70-b196-1c357ab798e0,b34694c2-c640-4f70-b196-1c357ab798e0,7,2,0,8,0,1,1,1,1791137483
2026-10-04T18:12:09+00:00,2026-10-04T18:12:44.711757+00:00,2069389896750516900,2069389896750516900,10,2,0,10,0,1,1,1,1791137484
2026-10-04T18:12:09+00:00,2026-10-04T18:12:44.711757+00:00,2085737662370069102,2085737662370069102,17,11,0,1,1,1,1,1,1791137482
2026-10-04T18:12:09+00:00,2026-10-04T18:12:44.711757+00:00,cf5f920f-b61d-4db0-b139-14aff04d577c,459,15,1,0,7,0,1,1,1,1791137483
2026-10-04T18:12:09+00:00,2026-10-04T18:12:44.711757+00:00,2014865445230483952,2014865445230483952,2,0,0,15,0,1,1,1,1791137484
2026-10-04T18:12:09+00:00,2026-10-04T18:12:44.711757+00:00,f8349b20-0de8-11e7-991c-3863bb43a7d0,76,5,0,0,10,0,1,1,1,1791137485
2026-10-04T18:12:09+00:00,2026-10-04T18:12:44.711757+00:00,903b9b5d-4244-43e4-8441-0d17f9a994f7,528,2,2,2,7,0,1,1,1,1791137485
2026-10-04T18:12:09+00:00,2026-10-04T18:12:44.711757+00:00,f8347e78-0de8-11e7-991c-3863bb43a7d0,36,15,1,0,16,0,1,1,1,1791137486
2026-10-04T18:12:09+00:00,2026-10-04T18:12:44.711757+00:00,f834a959-0de8-11e7-991c-3863bb43a7d0,94,11,0,0,0,0,1,1,1,1791137490
2026-10-04T18:12:09+00:00,2026-10-04T18:12:44.711757+00:00,d5349097-b478-4b3f-9c46-d8fbcf38e3f4,509,8,2,0,4,0,1,1,1,1791137492
2026-10-04T18:12:09+00:00,2026-10-04T18:12:44.711757+00:00,2027502297316997708,2027502297316997708,10,0,0,0,0,1,1,1,1791137491
2026-10-04T18:12:09+00:00,2026-10-04T18:12:44.711757+00:00,df03c61a-29d7-445d-9980-d7f058916591,345,8,1,0,11,0,1,1,1,1791137501
2026-10-04T18:12:09+00:00,2026-10-04T18:12:44.711757+00:00,f83513a7-0de8-11e7-991c-3863bb43a7d0,177,2,1,0,16,0,1,1,1,1791137505
2026-10-04T18:12:09+00:00,2026-10-04T18:12:44.711757+00:00,2043911250700610106,2043911250700610106,9,0,0,6,0,1,1,1,1791137506
2026-10-04T18:12:09+00:00,2026-10-04T18:12:44.711757+00:00,270ad97d-035d-472a-9827-76d3187afc56,402,3,0,0,12,0,1,1,1,1791137506
2026-10-04T18:12:09+00:00,2026-10-04T18:12:44.711757+00:00,f8347ccd-0de8-11e7-991c-3863bb43a7d0,33,10,0,1,16,0,1,1,1,1791137504
2026-10-04T18:12:09+00:00,2026-10-04T18:12:44.711757+00:00,7e1dae55-4d3d-4a41-b969-2aeca70e0e69,7e1dae55-4d3d-4a41-b969-2aeca70e0e69,4,1,0,7,0,1,1,1,1791137497
2026-10-04T18:12:09+00:00,2026-10-04T18:12:44.711757+00:00,23146f28-9762-4a6d-a6db-fcd4ff0e5d07,356,19,5,0,4,0,1,1,1,1791137494
2026-10-04T18:12:09+00:00,2026-10-04T18:12:44.711757+00:00,868ccc83-99e5-4faf-96eb-e1fae26b9741,481,11,2,1,7,0,1,1,1,1791137494
2026-10-04T18:12:09+00:00,2026-10-04T18:12:44.711757+00:00,f83488be-0de8-11e7-991c-3863bb43a7d0,56,7,0,0,11,0,1,1,1,1791137495
2026-10-04T18:12:09+00:00,2026-10-04T18:12:44.711757+00:00,f8346803-0de8-11e7-991c-3863bb43a7d0,8,6,3,0,13,0,1,1,1,1791137496
2026-10-04T18:12:09+00:00,2026-10-04T18:12:44.711757+00:00,2080205593583047424,2080205593583047424,4,0,0,12,0,1,1,1,1791137500
2026-10-04T18:12:09+00:00,2026-10-04T18:12:44.711757+00:00,2090158541932726550,2090158541932726550,1,0,0,14,0,1,1,1,1791137498
2026-10-04T18:12:09+00:00,2026-10-04T18:12:44.711757+00:00,f834f6a3-0de8-11e7-991c-3863bb43a7d0,135,12,1,0,5,0,1,1,1,1791137498
2026-10-04T18:12:09+00:00,2026-10-04T18:12:44.711757+00:00,81323081-749c-44cf-ac62-0e6c64305c32,461,8,2,1,2,0,1,1,1,1791137507
2026-10-04T18:12:09+00:00,2026-10-04T18:12:44.711757+00:00,0208190e-851c-417d-8bc7-1b218db97fbf,0208190e-851c-417d-8bc7-1b218db97fbf,5,1,0,18,0,1,1,1,1791137508
2026-10-04T18:12:09+00:00,2026-10-04T18:12:44.711757+00:00,7560f0e3-267b-4fb3-bbfa-6e02010cfcb7,225,11,1,0,9,0,1,1,1,1791137509
2026-10-04T18:12:09+00:00,2026-10-04T18:12:44.711757+00:00,f834708e-0de8-11e7-991c-3863bb43a7d0,21,5,0,1,12,0,1,1,1,1791137507
2026-10-04T18:12:09+00:00,2026-10-04T18:12:44.711757+00:00,ad2cf74c-0e8c-4e15-8f19-2259e8c82f0f,404,9,1,0,7,0,1,1,1,1791137491
2026-10-04T18:12:09+00:00,2026-10-04T18:12:44.711757+00:00,f834662c-0de8-11e7-991c-3863bb43a7d0,5,13,0,0,2,0,1,1,1,1791137507
2026-10-04T18:12:09+00:00,2026-10-04T18:12:44.711757+00:00,d8ce5f8b-2440-45e1-ab1c-23cb3bcbde84,527,4,0,0,9,0,1,1,1,1791137507
2026-10-04T18:12:09+00:00,2026-10-04T18:12:44.711757+00:00,f834b8b3-0de8-11e7-991c-3863bb43a7d0,105,5,0,0,14,0,1,1,1,1791137509
2026-10-04T18:12:09+00:00,2026-10-04T18:12:44.711757+00:00,2085366936904166272,2085366936904166272,3,1,1,11,0,1,1,1,1791137511
2026-10-04T18:12:09+00:00,2026-10-04T18:12:44.711757+00:00,8a404180-7c2e-4dbe-9489-c478ed959282,8a404180-7c2e-4dbe-9489-c478ed959282,5,3,3,11,0,1,1,1,1791137512
2026-10-04T18:12:09+00:00,2026-10-04T18:12:44.711757+00:00,90330e1a-dee5-4914-9d3f-3891aeca12ca,434,13,4,0,6,0,1,1,1,1791137512
2026-10-04T18:12:09+00:00,2026-10-04T18:12:44.711757+00:00,8d893519-bc21-4536-b346-f558988bc8ad,260,11,1,1,3,0,1,1,1,1791137513
2026-10-04T18:12:09+00:00,2026-10-04T18:12:44.711757+00:00,2270212773802111256,2270212773802111256,0,0,0,19,0,1,1,1,1791137502
2026-10-04T18:12:09+00:00,2026-10-04T18:12:44.711757+00:00,f8346ad7-0de8-11e7-991c-3863bb43a7d0,11,10,2,1,3,0,1,1,1,1791137513
2026-10-04T18:12:09+00:00,2026-10-04T18:12:44.711757+00:00,2039109354743046934,2039109354743046934,10,1,2,7,1,1,1,1,1791137513
2026-10-04T18:12:09+00:00,2026-10-04T18:12:44.711757+00:00,f8350b76-0de8-11e7-991c-3863bb43a7d0,159,3,0,1,14,2,1,1,1,1791137514
2026-10-04T18:12:09+00:00,2026-10-04T18:12:44.711757+00:00,2040842870122359032,2040842870122359032,2,0,0,18,0,1,1,1,1791137514
2026-10-04T18:12:09+00:00,2026-10-04T18:12:44.711757+00:00,888780ee-bf2f-474e-9622-6bc725aa1b00,888780ee-bf2f-474e-9622-6bc725aa1b00,0,0,0,11,0,1,1,1,1791137514
2026-10-04T18:12:09+00:00,2026-10-04T18:12:44.711757+00:00,f834abfd-0de8-11e7-991c-3863bb43a7d0,96,1,1,0,18,0,1,1,1,1791137514
2026-10-04T18:12:09+00:00,2026-10-04T18:12:44.711757+00:00,f8348622-0de8-11e7-991c-3863bb43a7d0,50,7,3,1,11,0,1,1,1,1791137514
2026-10-04T18:12:09+00:00,2026-10-04T18:12:44.711757+00:00,1994054629753598708,1994054629753598708,11,1,0,3,0,1,1,1,1791137516
2026-10-04T18:12:09+00:00,2026-10-04T18:12:44.711757+00:00,36f36eed-1070-49be-8b31-5676b8b3489f,227,4,2,0,15,0,1,1,1,1791137516
2026-10-04T18:12:09+00:00,2026-10-04T18:12:44.711757+00:00,c5cfd1ed-aa44-4e20-96bb-e334c96f0d68,376,9,0,1,5,0,1,1,1,1791137440
2026-10-04T18:12:09+00:00,2026-10-04T18:12:44.711757+00:00,8b97606e-a849-4db8-ae9b-4009fe48d90b,556,8,0,0,11,0,1,1,1,1791137516
2026-10-04T18:12:09+00:00,2026-10-04T18:12:44.711757+00:00,f83482d2-0de8-11e7-991c-3863bb43a7d0,44,1,0,0,30,0,1,1,1,1791137517
2026-10-04T18:12:09+00:00,2026-10-04T18:12:44.711757+00:00,fbc512a5-4b98-4821-bcfb-bb0c7ac83543,365,10,0,0,9,0,1,1,1,1791137516
2026-10-04T18:12:09+00:00,2026-10-04T18:12:44.711757+00:00,b205d2bb-bb76-49ac-8d14-85eec5a874d3,343,9,1,1,5,0,1,1,1,1791137518
2026-10-04T18:12:09+00:00,2026-10-04T18:12:44.711757+00:00,f83497b9-0de8-11e7-991c-3863bb43a7d0,74,17,2,1,0,0,1,1,1,1791137519
2026-10-04T18:12:09+00:00,2026-10-04T18:12:44.711757+00:00,48abed77-c9ba-4a39-8a5c-6a1e9bb8a9a5,48abed77-c9ba-4a39-8a5c-6a1e9bb8a9a5,6,0,0,10,0,1,1,1,1791137519
2026-10-04T18:12:09+00:00,2026-10-04T18:12:44.711757+00:00,103a9881-e30a-4d57-b81d-863b995ff759,255,0,0,0,0,0,0,0,0,86400
2026-10-04T18:12:09+00:00,2026-10-04T18:12:44.711757+00:00,5bc7cba9-f0b0-442d-932c-e8c7927d87ce,386,9,4,2,8,0,1,1,1,1791137434
2026-10-04T18:12:09+00:00,2026-10-04T18:12:44.711757+00:00,f8352c92-0de8-11e7-991c-3863bb43a7d0,217,1,1,0,18,0,1,1,1,1791137436
2026-10-04T18:12:09+00:00,2026-10-04T18:12:44.711757+00:00,518f6524-0e7f-454d-974e-e3ff9db1f795,494,7,2,0,4,0,1,1,1,1791137438
2026-10-04T18:12:09+00:00,2026-10-04T18:12:44.711757+00:00,f834fd36-0de8-11e7-991c-3863bb43a7d0,142,3,1,0,20,0,1,1,1,1791137433
2026-10-04T18:12:09+00:00,2026-10-04T18:12:44.711757+00:00,5018e851-f2f3-4e18-9914-c316bbcc2c3d,331,4,2,0,11,0,1,1,1,1791137436
2026-10-04T18:12:09+00:00,2026-10-04T18:12:44.711757+00:00,c1ae49bd-2a20-4684-886b-ead8dd627cfd,c1ae49bd-2a20-4684-886b-ead8dd627cfd,7,1,1,9,0,1,1,1,1791137437
2026-10-04T18:12:09+00:00,2026-10-04T18:12:44.711757+00:00,5f726a7d-5c5d-48b1-9b13-06c77572a237,516,2,2,1,8,0,1,1,1,1791137445
2026-10-04T18:12:09+00:00,2026-10-04T18:12:44.711757+00:00,2241260819676115550,2241260819676115550,0,0,0,23,0,1,1,1,1791137443
2026-10-04T18:12:09+00:00,2026-10-04T18:12:44.711757+00:00,2223043968513191970,2223043968513191970,8,0,0,8,0,1,1,1,1791137390
2026-10-04T18:12:09+00:00,2026-10-04T18:12:44.711757+00:00,9ca92778-9101-48df-90ea-08b784e26a1a,413,9,1,0,10,0,1,1,1,1791137451
2026-10-04T18:12:09+00:00,2026-10-04T18:12:44.711757+00:00,ef54374b-0406-4b17-b0a1-847f1d7bea06,410,13,3,1,1,0,1,1,1,1791137451
2026-10-04T18:12:09+00:00,2026-10-04T18:12:44.711757+00:00,533620e8-00ff-494a-b288-bd67602bc98e,472,0,0,0,26,0,1,1,1,1791137450
2026-10-04T18:12:09+00:00,2026-10-04T18:12:44.711757+00:00,0adccd89-1d8d-44da-9f7c-5f18acafeddf,338,0,0,1,14,0,1,1,1,1791137450
2026-10-04T18:12:09+00:00,2026-10-04T18:12:44.711757+00:00,2071993292066931472,2071993292066931472,13,0,0,7,0,1,1,1,1791137448
2026-10-04T18:12:09+00:00,2026-10-04T18:12:44.711757+00:00,f8349ba9-0de8-11e7-991c-3863bb43a7d0,77,5,4,1,10,1,1,1,1,1791137456
2026-10-04T18:12:09+00:00,2026-10-04T18:12:44.711757+00:00,2043912031919765854,2043912031919765854,5,1,0,15,0,1,1,1,1791137458
2026-10-04T18:12:09+00:00,2026-10-04T18:12:44.711757+00:00,f8346768-0de8-11e7-991c-3863bb43a7d0,7,7,5,0,8,0,1,1,1,1791137461
2026-10-04T18:12:09+00:00,2026-10-04T18:12:44.711757+00:00,350e73e3-6f70-4b2d-87ab-24c8629e9a6a,350e73e3-6f70-4b2d-87ab-24c8629e9a6a,14,0,1,4,0,1,1,1,1791137465
2026-10-04T18:12:09+00:00,2026-10-04T18:12:44.711757+00:00,2327cb08-fa9f-459b-9ab0-1a319b0f2f4c,539,9,3,1,8,0,1,1,1,1791137463
2026-10-04T18:12:09+00:00,2026-10-04T18:12:44.711757+00:00,f83523e3-0de8-11e7-991c-3863bb43a7d0,201,10,1,0,5,0,1,1,1,1791137462
2026-10-04T18:12:09+00:00,2026-10-04T18:12:44.711757+00:00,9e710d48-51c1-460e-a027-3d16bde62b13,419,0,0,14,0,1,1,0,0,1791137467
2026-10-04T18:12:09+00:00,2026-10-04T18:12:44.711757+00:00,abefafdc-c772-4671-86fe-fc15a42adebb,abefafdc-c772-4671-86fe-fc15a42adebb,4,0,0,19,0,1,1,1,1791137465
2026-10-04T18:12:09+00:00,2026-10-04T18:12:44.711757+00:00,f83464e4-0de8-11e7-991c-3863bb43a7d0,3,13,1,1,0,0,1,1,1,1791137469
2026-10-04T18:12:09+00:00,2026-10-04T18:12:44.711757+00:00,2fd22786-dfeb-4126-a906-4f01802087f3,454,14,0,0,5,0,1,1,1,1791137469
2026-10-04T18:12:09+00:00,2026-10-04T18:12:44.711757+00:00,f8349c69-0de8-11e7-991c-3863bb43a7d0,78,7,0,2,10,0,1,1,1,1791137471
2026-10-04T18:12:09+00:00,2026-10-04T18:12:44.711757+00:00,d7ec834e-9d9a-402c-9956-7d5f42676b94,d7ec834e-9d9a-402c-9956-7d5f42676b94,5,0,0,9,1,1,1,1,1791137467
2026-10-04T18:12:09+00:00,2026-10-04T18:12:44.711757+00:00,ce55d1b1-4267-40a9-ad44-5eab888ce18a,ce55d1b1-4267-40a9-ad44-5eab888ce18a,1,0,0,21,1,1,1,1,1791137470
2026-10-04T18:12:09+00:00,2026-10-04T18:12:44.711757+00:00,bb27977d-36c1-496d-8bac-631b612dd7b8,332,0,0,1,14,0,1,1,1,1791137471
2026-10-04T18:12:09+00:00,2026-10-04T18:12:44.711757+00:00,f834b49d-0de8-11e7-991c-3863bb43a7d0,101,15,7,0,3,0,1,1,1,1791137475
2026-10-04T18:12:09+00:00,2026-10-04T18:12:44.711757+00:00,70f20fcb-8e63-4015-9007-b97c525ab0a9,335,0,0,1,18,0,1,1,1,1791137475
2026-10-04T18:12:09+00:00,2026-10-04T18:12:44.711757+00:00,f24a573e-ef07-4785-9270-70c443510ea6,359,4,0,2,8,0,1,1,1,1791137477
2026-10-04T18:12:09+00:00,2026-10-04T18:12:44.711757+00:00,f8347118-0de8-11e7-991c-3863bb43a7d0,22,3,0,1,29,2,1,1,1,1791137477
2026-10-04T18:12:09+00:00,2026-10-04T18:12:44.711757+00:00,ccd6fdd4-b39e-46d7-b43c-7bacffb6bd87,523,13,3,1,2,0,1,1,1,1791137473
2026-10-04T18:12:09+00:00,2026-10-04T18:12:44.711757+00:00,f8349824-0de8-11e7-991c-3863bb43a7d0,75,3,1,0,12,0,1,1,1,1791137480
2026-10-04T18:12:09+00:00,2026-10-04T18:12:44.711757+00:00,f834e244-0de8-11e7-991c-3863bb43a7d0,126,6,1,1,8,0,1,1,1,1791137479
2026-10-04T18:12:09+00:00,2026-10-04T18:12:44.711757+00:00,510239fe-69c3-458b-b53c-6ce001845f4a,354,7,0,1,7,0,1,1,1,1791137480
2026-10-04T18:12:09+00:00,2026-10-04T18:12:44.711757+00:00,1944724820826878816,1944724820826878816,6,0,0,11,0,1,1,1,1791137478
2026-10-04T18:12:09+00:00,2026-10-04T18:12:44.711757+00:00,676ca473-eed6-4971-aaf3-e199a7ca335b,433,13,6,0,5,1,1,1,1,1791137408
2026-10-04T18:12:09+00:00,2026-10-04T18:12:44.711757+00:00,ba634139-d7bf-448f-aac4-25995d36b67b,373,6,3,0,9,0,1,1,1,1791137404
2026-10-04T18:12:09+00:00,2026-10-04T18:12:44.711757+00:00,2267569638034503736,2267569638034503736,9,0,1,9,0,1,1,1,1791137402
2026-10-04T18:12:09+00:00,2026-10-04T18:12:44.711757+00:00,1975886280004030604,1975886280004030604,19,3,0,4,0,1,1,1,1791137403
2026-10-04T18:12:09+00:00,2026-10-04T18:12:44.711757+00:00,0839bb10-e876-4198-95e4-0147a561853d,258,9,0,1,5,0,1,1,1,1791137403
2026-10-04T18:12:09+00:00,2026-10-04T18:12:44.711757+00:00,f36e24cd-de4c-4a5e-adf4-cb97ccd2958d,505,7,3,2,2,0,1,1,1,1791137404
2026-10-04T18:12:09+00:00,2026-10-04T18:12:44.711757+00:00,b23674a7-15a8-46d2-8219-6668acecf24a,548,10,0,0,8,0,1,1,1,1791137408
2026-10-04T18:12:09+00:00,2026-10-04T18:12:44.711757+00:00,a18e1e55-507e-49d8-b7c0-5c0efd959125,358,8,0,0,11,0,1,1,1,1791137409
2026-10-04T18:12:09+00:00,2026-10-04T18:12:44.711757+00:00,2038619205667946906,2038619205667946906,7,6,0,13,0,1,1,1,1791137411
2026-10-04T18:12:09+00:00,2026-10-04T18:12:44.711757+00:00,f834b42d-0de8-11e7-991c-3863bb43a7d0,100,4,1,1,19,0,1,1,1,1791137411
2026-10-04T18:12:09+00:00,2026-10-04T18:12:44.711757+00:00,7ec0c53c-876a-419c-a78b-4edd000bbc9a,445,12,1,2,5,0,1,1,1,1791137413
2026-10-04T18:12:09+00:00,2026-10-04T18:12:44.711757+00:00,b995a0b4-fc26-4661-9bc8-e166d648edfd,353,8,1,0,7,0,1,1,1,1791137408
2026-10-04T18:12:09+00:00,2026-10-04T18:12:44.711757+00:00,f8346894-0de8-11e7-991c-3863bb43a7d0,9,3,1,2,10,0,1,1,1,1791137410
2026-10-04T18:12:09+00:00,2026-10-04T18:12:44.711757+00:00,ff6ed364-8676-45a0-b97f-71025683849e,442,4,2,0,11,0,1,1,1,1791137401
2026-10-04T18:12:09+00:00,2026-10-04T18:12:44.711757+00:00,f834952a-0de8-11e7-991c-3863bb43a7d0,70,14,0,0,8,1,1,1,1,1791137399
2026-10-04T18:12:09+00:00,2026-10-04T18:12:44.711757+00:00,2141932795355773712,2141932795355773712,10,1,1,6,0,1,1,1,1791137419
2026-10-04T18:12:09+00:00,2026-10-04T18:12:44.711757+00:00,2217856523888952522,2217856523888952522,5,0,0,15,0,1,1,1,1791137415
2026-10-04T18:12:09+00:00,2026-10-04T18:12:44.711757+00:00,f8348136-0de8-11e7-991c-3863bb43a7d0,41,11,0,2,15,0,1,1,1,1791137422
2026-10-04T18:12:09+00:00,2026-10-04T18:12:44.711757+00:00,ddcc8869-b8d4-483c-b9da-457fcebc8dc1,417,12,2,1,7,0,1,1,1,1791137424
2026-10-04T18:12:09+00:00,2026-10-04T18:12:44.711757+00:00,2ba0c5dd-c990-4434-8a84-5c3eca23f096,447,14,0,0,5,0,1,1,1,1791137425
2026-10-04T18:12:09+00:00,2026-10-04T18:12:44.711757+00:00,53a148ca-ac69-4a9c-a986-9a4b4df2f5df,387,1,1,1,13,0,1,1,1,1791137420
2026-10-04T18:12:09+00:00,2026-10-04T18:12:44.711757+00:00,f834b5d9-0de8-11e7-991c-3863bb43a7d0,103,5,0,0,10,0,1,1,1,1791137422
2026-10-04T18:12:09+00:00,2026-10-04T18:12:44.711757+00:00,342a2c60-71b0-4d19-98d6-47987cf20dbc,379,12,0,0,3,0,1,1,1,1791137423
2026-10-04T18:12:09+00:00,2026-10-04T18:12:44.711757+00:00,9f54207a-3308-43bd-b45c-9042b6389598,423,14,2,0,5,0,1,1,1,1791137427
2026-10-04T18:12:09+00:00,2026-10-04T18:12:44.711757+00:00,42a3ecca-af9a-4556-90ba-7631546f96f8,42a3ecca-af9a-4556-90ba-7631546f96f8,3,3,2,6,0,1,1,1,1791137427
2026-10-04T18:12:09+00:00,2026-10-04T18:12:44.711757+00:00,1960693490199507164,1960693490199507164,7,0,0,12,0,1,1,1,1791137428
2026-10-04T18:12:09+00:00,2026-10-04T18:12:44.711757+00:00,54d86d05-b399-42c5-a63a-a97713afc5d4,54d86d05-b399-42c5-a63a-a97713afc5d4,4,2,1,5,0,1,1,1,1791137428
2026-10-04T18:12:09+00:00,2026-10-04T18:12:44.711757+00:00,f8348509-0de8-11e7-991c-3863bb43a7d0,48,5,0,0,12,0,1,1,1,1791137429
2026-10-04T18:12:09+00:00,2026-10-04T18:12:44.711757+00:00,93911aa1-b5e4-48aa-a2b6-38fbcf613006,93911aa1-b5e4-48aa-a2b6-38fbcf613006,10,0,0,8,0,1,1,1,1791137430
2026-10-04T18:12:09+00:00,2026-10-04T18:12:44.711757+00:00,f8348481-0de8-11e7-991c-3863bb43a7d0,47,9,0,1,8,1,1,1,1,1791137484
2026-10-04T18:12:09+00:00,2026-10-04T18:12:44.711757+00:00,f8348995-0de8-11e7-991c-3863bb43a7d0,58,15,0,0,4,0,1,1,1,1791137485
2026-10-04T18:12:09+00:00,2026-10-04T18:12:44.711757+00:00,1997031579059661288,1997031579059661288,7,1,0,4,0,1,1,1,1791137477
2026-10-04T18:12:09+00:00,2026-10-04T18:12:44.711757+00:00,f6df6c1a-064f-428a-951c-2069a081b9df,380,3,1,2,13,0,1,1,1,1791137487
2026-10-04T18:12:09+00:00,2026-10-04T18:12:44.711757+00:00,2038239468396569074,2038239468396569074,16,2,1,14,1,1,1,1,1791137497
2026-10-04T18:12:09+00:00,2026-10-04T18:12:44.711757+00:00,f834cf45-0de8-11e7-991c-3863bb43a7d0,116,5,0,0,18,0,1,1,1,1791137496
2026-10-04T18:12:09+00:00,2026-10-04T18:12:44.711757+00:00,2111712079786088918,2111712079786088918,9,0,0,6,0,1,1,1,1791137494
2026-10-04T18:12:09+00:00,2026-10-04T18:12:44.711757+00:00,f35de2ab-979e-42d5-8cbd-dc479ed637e9,503,2,2,0,4,0,1,1,1,1791137495
2026-10-04T18:12:09+00:00,2026-10-04T18:12:44.711757+00:00,2107991976288962746,2107991976288962746,13,0,1,6,0,1,1,1,1791137496
2026-10-04T18:12:09+00:00,2026-10-04T18:12:44.711757+00:00,2078337213380274244,2078337213380274244,3,3,0,7,0,1,1,1,1791137497
2026-10-04T18:12:09+00:00,2026-10-04T18:12:44.711757+00:00,02a4416f-80b4-4472-accd-5db482ed5b6d,367,2,0,0,17,0,1,1,1,1791137493
2026-10-04T18:12:09+00:00,2026-10-04T18:12:44.711757+00:00,2170342425741020744,2170342425741020744,16,4,0,1,0,1,1,1,1791137493
2026-10-04T18:12:09+00:00,2026-10-04T18:12:44.711757+00:00,2057166010169469732,2057166010169469732,7,1,1,7,0,1,1,1,1791137504
2026-10-04T18:12:09+00:00,2026-10-04T18:12:44.711757+00:00,2103549125054737064,2103549125054737064,0,0,0,16,0,1,1,1,1791137505
2026-10-04T18:12:09+00:00,2026-10-04T18:12:44.711757+00:00,20b0b405-54ba-4a80-b89c-0819772665db,440,6,3,0,7,1,1,1,1,1791137505
2026-10-04T18:12:09+00:00,2026-10-04T18:12:44.711757+00:00,2113555008851845550,2113555008851845550,7,1,0,13,0,1,1,1,1791137499
2026-10-04T18:12:09+00:00,2026-10-04T18:12:44.711757+00:00,ec3eea05-a3ff-43c6-9e24-0c63f09b915f,378,9,1,0,10,0,1,1,1,1791137500
2026-10-04T18:12:09+00:00,2026-10-04T18:12:44.711757+00:00,f83486ab-0de8-11e7-991c-3863bb43a7d0,51,5,0,0,10,0,1,1,1,1791137503
2026-10-04T18:12:09+00:00,2026-10-04T18:12:44.711757+00:00,f8349745-0de8-11e7-991c-3863bb43a7d0,73,13,0,0,2,0,1,1,1,1791137505
2026-10-04T18:12:09+00:00,2026-10-04T18:12:44.711757+00:00,36a8fbc8-6069-4a29-bbfd-63a2d019c9a5,415,11,0,0,8,0,1,1,1,1791137490
2026-10-04T18:12:09+00:00,2026-10-04T18:12:44.711757+00:00,40e58976-02cc-4c7c-911f-7a6c97588bfa,520,12,0,1,8,0,1,1,1,1791137482
2026-10-04T18:12:09+00:00,2026-10-04T18:12:44.711757+00:00,0f554e1d-9f0f-452d-9b4a-e00aa2c5911e,492,9,2,0,6,0,1,1,1,1791137486
2026-10-04T18:12:09+00:00,2026-10-04T18:12:44.711757+00:00,2071632496372113488,2071632496372113488,12,0,0,8,0,1,1,1,1791137507
2026-10-04T18:12:09+00:00,2026-10-04T18:12:44.711757+00:00,287aedf5-0361-47e9-9de0-14ae3b75cc0d,287aedf5-0361-47e9-9de0-14ae3b75cc0d,9,2,0,12,0,1,1,1,1791137508
2026-10-04T18:12:09+00:00,2026-10-04T18:12:44.711757+00:00,dfdaf866-b814-48e5-9bd3-eb7c4a733697,dfdaf866-b814-48e5-9bd3-eb7c4a733697,11,5,0,6,0,1,1,1,1791137507
2026-10-04T18:12:09+00:00,2026-10-04T18:12:44.711757+00:00,f834e1b2-0de8-11e7-991c-3863bb43a7d0,125,14,0,0,5,0,1,1,1,1791137507
2026-10-04T18:12:09+00:00,2026-10-04T18:12:44.711757+00:00,2136942888571742916,2136942888571742916,5,0,1,10,0,1,1,1,1791137508
2026-10-04T18:12:09+00:00,2026-10-04T18:12:44.711757+00:00,2070180968009321294,2070180968009321294,13,0,0,6,2,1,1,1,1791137509
2026-10-04T18:12:09+00:00,2026-10-04T18:12:44.711757+00:00,13918b3b-9ac5-4968-a74d-e40dd3bc952e,479,8,1,0,11,0,1,1,1,1791137509
2026-10-04T18:12:09+00:00,2026-10-04T18:12:44.711757+00:00,f83510fd-0de8-11e7-991c-3863bb43a7d0,171,16,1,2,5,0,1,1,1,1791137515
2026-10-04T18:12:09+00:00,2026-10-04T18:12:44.711757+00:00,5afe91c4-8076-4f9f-b83b-cf233bda2331,460,5,0,0,10,0,1,1,1,1791137515
2026-10-04T18:12:09+00:00,2026-10-04T18:12:44.711757+00:00,f83516b8-0de8-11e7-991c-3863bb43a7d0,184,0,0,0,18,1,1,1,1,1791137515
2026-10-04T18:12:09+00:00,2026-10-04T18:12:44.711757+00:00,2072145327190878794,2072145327190878794,11,0,2,12,0,1,1,1,1791137511
2026-10-04T18:12:09+00:00,2026-10-04T18:12:44.711757+00:00,f834f814-0de8-11e7-991c-3863bb43a7d0,136,1,0,0,18,0,1,1,1,1791137511
2026-10-04T18:12:09+00:00,2026-10-04T18:12:44.711757+00:00,13444449-b3a8-43d2-b8b9-a59fbc59a174,397,7,3,4,3,0,1,1,1,1791137512
2026-10-04T18:12:09+00:00,2026-10-04T18:12:44.711757+00:00,f83524c0-0de8-11e7-991c-3863bb43a7d0,203,1,0,0,13,0,1,1,1,1791137513
2026-10-04T18:12:09+00:00,2026-10-04T18:12:44.711757+00:00,e68655be-23d3-46e5-a509-25be677e7542,482,9,3,0,2,0,1,1,1,1791137510
2026-10-04T18:12:09+00:00,2026-10-04T18:12:44.711757+00:00,2029805507281123700,2029805507281123700,16,4,1,2,0,1,1,1,1791137512
2026-10-04T18:12:09+00:00,2026-10-04T18:12:44.711757+00:00,f83494b4-0de8-11e7-991c-3863bb43a7d0,69,8,1,0,11,0,1,1,1,1791137513
2026-10-04T18:12:09+00:00,2026-10-04T18:12:44.711757+00:00,f8351336-0de8-11e7-991c-3863bb43a7d0,176,10,0,0,5,0,1,1,1,1791137517
2026-10-04T18:12:09+00:00,2026-10-04T18:12:44.711757+00:00,83183df0-38c2-4ae8-a0c4-4b59599c9582,222,5,0,0,9,0,1,1,1,1791137518
2026-10-04T18:12:09+00:00,2026-10-04T18:12:44.711757+00:00,f8351019-0de8-11e7-991c-3863bb43a7d0,169,10,3,0,9,0,1,1,1,1791137518
2026-10-04T18:12:09+00:00,2026-10-04T18:12:44.711757+00:00,2223045710883822544,2223045710883822544,11,4,0,4,0,1,1,1,1791137519
2026-10-04T18:12:09+00:00,2026-10-04T18:12:44.711757+00:00,2264176803898382980,2264176803898382980,4,4,0,7,0,1,1,1,1791137518
2026-10-04T18:12:09+00:00,2026-10-04T18:12:44.711757+00:00,2113200093114979090,2113200093114979090,2,0,0,13,1,1,1,1,1791137519
2026-10-04T23:48:10+00:00,2026-10-04T23:48:20.731212+00:00,6eaa7343-402d-41c9-9aac-8c664fdbdcf1,6eaa7343-402d-41c9-9aac-8c664fdbdcf1,0,0,0,0,0,0,0,0,86400
2026-10-04T23:48:10+00:00,2026-10-04T23:48:20.731212+00:00,88b35b6d-f355-44dc-b85e-ed2eb1bc9099,406,12,0,1,6,0,1,1,1,1791157565
2026-10-04T23:48:10+00:00,2026-10-04T23:48:20.731212+00:00,1976640911178291400,1976640911178291400,3,1,0,8,0,1,1,1,1791157561
2026-10-04T23:48:10+00:00,2026-10-04T23:48:20.731212+00:00,52ca4d94-587f-4a61-a298-a1a755e73bfb,362,9,4,0,10,0,1,1,1,1791157561
2026-10-04T23:48:10+00:00,2026-10-04T23:48:20.731212+00:00,133d159e-a202-4310-910f-eca392fe181e,398,9,1,1,9,0,1,1,1,1791157563
2026-10-04T23:48:10+00:00,2026-10-04T23:48:20.731212+00:00,f8351255-0de8-11e7-991c-3863bb43a7d0,174,12,4,1,2,0,1,1,1,1791157563
2026-10-04T23:48:10+00:00,2026-10-04T23:48:20.731212+00:00,f7d416f8-4377-4019-bba7-302dc1d5a11d,391,11,3,0,4,0,1,1,1,1791157565
2026-10-04T23:48:10+00:00,2026-10-04T23:48:20.731212+00:00,9fef6df2-7f8f-43fc-a85b-7dd5453860f9,437,10,1,0,7,0,1,1,1,1791157565
2026-10-04T23:48:10+00:00,2026-10-04T23:48:20.731212+00:00,f834cb89-0de8-11e7-991c-3863bb43a7d0,115,7,3,0,12,0,1,1,1,1791157576
2026-10-04T23:48:10+00:00,2026-10-04T23:48:20.731212+00:00,f8351569-0de8-11e7-991c-3863bb43a7d0,181,6,1,2,11,0,1,1,1,1791157581
2026-10-04T23:48:10+00:00,2026-10-04T23:48:20.731212+00:00,87b5a8b7-a330-4c51-ab32-7dafa292c88f,421,16,3,0,3,0,1,1,1,1791157581
2026-10-04T23:48:10+00:00,2026-10-04T23:48:20.731212+00:00,625f105e-4407-4988-9095-d1979cbda5e1,234,8,1,1,10,0,1,1,1,1791157581
2026-10-04T23:48:10+00:00,2026-10-04T23:48:20.731212+00:00,2438d052-2cd6-4fba-83c9-39f46cb59398,2438d052-2cd6-4fba-83c9-39f46cb59398,7,0,1,11,0,1,1,1,1791157582
2026-10-04T23:48:10+00:00,2026-10-04T23:48:20.731212+00:00,f8351f87-0de8-11e7-991c-3863bb43a7d0,192,1,0,0,18,0,1,1,1,1791157584
2026-10-04T23:48:10+00:00,2026-10-04T23:48:20.731212+00:00,8bc42f7f-753d-4cca-a7d6-0d7c2530ea2c,364,0,0,1,18,0,1,1,1,1791157559
2026-10-04T23:48:10+00:00,2026-10-04T23:48:20.731212+00:00,2127252912986958612,2127252912986958612,9,0,0,6,0,1,1,1,1791157568
2026-10-04T23:48:10+00:00,2026-10-04T23:48:20.731212+00:00,6cec3afa-554c-466f-8323-5c619fe0ddc6,6cec3afa-554c-466f-8323-5c619fe0ddc6,6,1,0,5,0,1,1,1,1791157569
2026-10-04T23:48:10+00:00,2026-10-04T23:48:20.731212+00:00,aefc33cd-40b9-48da-8b87-415428816bdb,488,9,0,0,7,0,1,1,1,1791157571
2026-10-04T23:48:10+00:00,2026-10-04T23:48:20.731212+00:00,918335df-fc1a-45c2-9cfc-c5e2e93aecc0,467,2,0,1,8,0,1,1,1,1791157571
2026-10-04T23:48:10+00:00,2026-10-04T23:48:20.731212+00:00,97a1e4e7-a1ff-427a-aaea-48ca0d00bf9c,348,4,3,0,11,0,1,1,1,1791157573
2026-10-04T23:48:10+00:00,2026-10-04T23:48:20.731212+00:00,2039387081833476178,2039387081833476178,16,3,0,4,0,1,1,1,1791157586
2026-10-04T23:48:10+00:00,2026-10-04T23:48:20.731212+00:00,199f3d59-e726-4549-b9c1-4dfc8a343fdb,508,10,6,0,1,0,1,1,1,1791157587
2026-10-04T23:48:10+00:00,2026-10-04T23:48:20.731212+00:00,82b41ffb-e284-4e4d-b22a-0cad2bfd4bee,443,8,0,1,10,0,1,1,1,1791157591
2026-10-04T23:48:10+00:00,2026-10-04T23:48:20.731212+00:00,569f4952-5a25-4394-a419-f9c4d9cca6f3,495,18,2,0,0,0,1,1,1,1791157598
2026-10-04T23:48:10+00:00,2026-10-04T23:48:20.731212+00:00,f834c6f5-0de8-11e7-991c-3863bb43a7d0,111,13,1,0,1,1,1,1,1,1791157598
2026-10-04T23:48:10+00:00,2026-10-04T23:48:20.731212+00:00,f8347a8b-0de8-11e7-991c-3863bb43a7d0,29,9,0,0,10,0,1,1,1,1791157597
2026-10-04T23:48:10+00:00,2026-10-04T23:48:20.731212+00:00,2250817396738253956,2250817396738253956,1,0,0,13,1,1,1,1,1791157598
2026-10-04T23:48:10+00:00,2026-10-04T23:48:20.731212+00:00,8e7c1984-dc81-43b0-a0d3-58c6de45225a,465,7,1,0,4,0,1,1,1,1791157599
2026-10-04T23:48:10+00:00,2026-10-04T23:48:20.731212+00:00,f835244e-0de8-11e7-991c-3863bb43a7d0,202,7,0,0,8,0,1,1,1,1791157599
2026-10-04T23:48:10+00:00,2026-10-04T23:48:20.731212+00:00,5410aac7-2ec0-47b6-b728-b99c5137b463,5410aac7-2ec0-47b6-b728-b99c5137b463,3,1,1,7,0,1,1,1,1791157593
2026-10-04T23:48:10+00:00,2026-10-04T23:48:20.731212+00:00,2027855476515070160,2027855476515070160,5,0,0,22,0,1,1,1,1791157596
2026-10-04T23:48:10+00:00,2026-10-04T23:48:20.731212+00:00,eed9e64f-f09d-43c1-aa31-da968c66750a,368,8,4,1,6,0,1,1,1,1791157607
2026-10-04T23:48:10+00:00,2026-10-04T23:48:20.731212+00:00,15ec5783-ca7a-4225-ba51-cd0a45ecc975,15ec5783-ca7a-4225-ba51-cd0a45ecc975,9,6,0,2,0,1,1,1,1791157605
2026-10-04T23:48:10+00:00,2026-10-04T23:48:20.731212+00:00,f834a1de-0de8-11e7-991c-3863bb43a7d0,84,9,1,0,3,0,1,1,1,1791157609
2026-10-04T23:48:10+00:00,2026-10-04T23:48:20.731212+00:00,a825b55d-3ab3-481f-9c50-d3a7313e6843,228,5,0,0,14,0,1,1,1,1791157607
2026-10-04T23:48:10+00:00,2026-10-04T23:48:20.731212+00:00,ea00f276-26dc-48ee-b2c8-6e56fd632a2d,272,4,2,0,15,0,1,1,1,1791157608
2026-10-04T23:48:10+00:00,2026-10-04T23:48:20.731212+00:00,e335fa7c-7adf-4360-9bfa-76b18124a56f,541,3,1,0,8,0,1,1,1,1791157609
2026-10-04T23:48:10+00:00,2026-10-04T23:48:20.731212+00:00,1999644268058967024,1999644268058967024,3,1,0,21,0,1,1,1,1791157609
2026-10-04T23:48:10+00:00,2026-10-04T23:48:20.731212+00:00,ab6517ea-ed53-42eb-8881-657d362e56e8,560,4,1,0,11,0,1,1,1,1791157610
2026-10-04T23:48:10+00:00,2026-10-04T23:48:20.731212+00:00,2036412579943670600,2036412579943670600,3,2,0,9,0,1,1,1,1791157614
2026-10-04T23:48:10+00:00,2026-10-04T23:48:20.731212+00:00,2028220168245183460,2028220168245183460,14,0,0,5,0,1,1,1,1791157611
2026-10-04T23:48:10+00:00,2026-10-04T23:48:20.731212+00:00,f834d34b-0de8-11e7-991c-3863bb43a7d0,120,26,5,1,12,0,1,1,1,1791157612
2026-10-04T23:48:10+00:00,2026-10-04T23:48:20.731212+00:00,2129149628430547474,2129149628430547474,16,3,0,0,0,1,1,1,1791157617
2026-10-04T23:48:10+00:00,2026-10-04T23:48:20.731212+00:00,4d953f0f-13b5-4b3d-b2da-342003ff7cba,4d953f0f-13b5-4b3d-b2da-342003ff7cba,11,3,0,0,0,1,1,1,1791157618
2026-10-04T23:48:10+00:00,2026-10-04T23:48:20.731212+00:00,acb27827-d69a-4287-b132-3f529ca62ad2,427,4,3,0,15,0,1,1,1,1791157620
2026-10-04T23:48:10+00:00,2026-10-04T23:48:20.731212+00:00,1999639508813492766,1999639508813492766,5,0,1,14,0,1,1,1,1791157616
2026-10-04T23:48:10+00:00,2026-10-04T23:48:20.731212+00:00,1976280681456741062,1976280681456741062,4,4,0,7,0,1,1,1,1791157619
2026-10-04T23:48:10+00:00,2026-10-04T23:48:20.731212+00:00,f55cdf0a-3d7b-491c-bed2-7dc0ef2062d5,489,16,3,0,0,0,1,1,1,1791157617
2026-10-04T23:48:10+00:00,2026-10-04T23:48:20.731212+00:00,f8347ba8-0de8-11e7-991c-3863bb43a7d0,31,6,0,0,13,0,1,1,1,1791157616
2026-10-04T23:48:10+00:00,2026-10-04T23:48:20.731212+00:00,f834b1ed-0de8-11e7-991c-3863bb43a7d0,99,3,1,1,11,0,1,1,1,1791157618
2026-10-04T23:48:10+00:00,2026-10-04T23:48:20.731212+00:00,f834b183-0de8-11e7-991c-3863bb43a7d0,98,11,2,0,11,0,1,1,1,1791157621
2026-10-04T23:48:10+00:00,2026-10-04T23:48:20.731212+00:00,2363c5a3-93cc-41a2-a767-90f1826c041f,426,5,1,1,21,0,1,1,1,1791157622
2026-10-04T23:48:10+00:00,2026-10-04T23:48:20.731212+00:00,f834fcbe-0de8-11e7-991c-3863bb43a7d0,141,0,0,0,15,0,1,1,1,1791157626
2026-10-04T23:48:10+00:00,2026-10-04T23:48:20.731212+00:00,c111ef1a-f276-415d-a95e-8e3c4e3a0c03,522,7,1,1,7,0,1,1,1,1791157623
2026-10-04T23:48:10+00:00,2026-10-04T23:48:20.731212+00:00,2149920539832638004,2149920539832638004,2,0,2,11,0,1,1,1,1791157659
2026-10-04T23:48:10+00:00,2026-10-04T23:48:20.731212+00:00,9b0aff89-5242-475e-b03b-87c3c3bf51bb,477,8,0,1,10,0,1,1,1,1791157659
2026-10-04T23:48:10+00:00,2026-10-04T23:48:20.731212+00:00,f8348598-0de8-11e7-991c-3863bb43a7d0,49,10,1,1,7,0,1,1,1,1791157659
2026-10-04T23:48:10+00:00,2026-10-04T23:48:20.731212+00:00,f8347002-0de8-11e7-991c-3863bb43a7d0,20,3,1,1,19,0,1,1,1,1791157659
2026-10-04T23:48:10+00:00,2026-10-04T23:48:20.731212+00:00,e4d5271f-5f76-401b-b7f0-c8dce3c26f10,462,8,0,1,2,0,1,1,1,1791157655
2026-10-04T23:48:10+00:00,2026-10-04T23:48:20.731212+00:00,40ee059e-8530-4992-9114-c16b87d6832f,441,15,4,0,4,0,1,1,1,1791157654
2026-10-04T23:48:10+00:00,2026-10-04T23:48:20.731212+00:00,2251186911126913182,2251186911126913182,12,1,0,7,0,1,1,1,1791157655
2026-10-04T23:48:10+00:00,2026-10-04T23:48:20.731212+00:00,d1a5e406-718c-44b9-b9dd-e63605b888aa,555,9,8,0,6,0,1,1,1,1791157664
2026-10-04T23:48:10+00:00,2026-10-04T23:48:20.731212+00:00,f8350129-0de8-11e7-991c-3863bb43a7d0,149,16,0,0,2,0,1,1,1,1791157661
2026-10-04T23:48:10+00:00,2026-10-04T23:48:20.731212+00:00,1331197c-f6c6-4f4a-a29b-95e580359886,224,10,0,1,6,0,1,1,1,1791157660
2026-10-04T23:48:10+00:00,2026-10-04T23:48:20.731212+00:00,8d535c23-f186-4161-aa10-17e94be6d4ae,436,7,2,3,4,1,1,1,1,1791157661
2026-10-04T23:48:10+00:00,2026-10-04T23:48:20.731212+00:00,f8348719-0de8-11e7-991c-3863bb43a7d0,52,10,2,1,12,0,1,1,1,1791157661
2026-10-04T23:48:10+00:00,2026-10-04T23:48:20.731212+00:00,f8347ded-0de8-11e7-991c-3863bb43a7d0,35,6,0,2,23,0,1,1,1,1791157665
2026-10-04T23:48:10+00:00,2026-10-04T23:48:20.731212+00:00,2134720099473744344,2134720099473744344,1,1,1,19,0,1,1,1,1791157661
2026-10-04T23:48:10+00:00,2026-10-04T23:48:20.731212+00:00,f8346e51-0de8-11e7-991c-3863bb43a7d0,17,13,0,1,1,0,1,1,1,1791157663
2026-10-04T23:48:10+00:00,2026-10-04T23:48:20.731212+00:00,f834a67b-0de8-11e7-991c-3863bb43a7d0,89,5,2,1,13,0,1,1,1,1791157626
2026-10-04T23:48:10+00:00,2026-10-04T23:48:20.731212+00:00,01d29f8c-768d-4c4f-84ca-3de966075287,469,3,0,0,8,0,1,1,1,1791157627
2026-10-04T23:48:10+00:00,2026-10-04T23:48:20.731212+00:00,a6d6d4b2-3666-43ad-a690-7f676bdcc3fd,542,12,0,1,6,0,1,1,1,1791157631
2026-10-04T23:48:10+00:00,2026-10-04T23:48:20.731212+00:00,803a0c16-4f81-44f1-8b49-a13fcdda40c1,370,0,0,2,15,0,1,1,1,1791157638
2026-10-04T23:48:10+00:00,2026-10-04T23:48:20.731212+00:00,38706d8c-8d4b-49f7-b6ed-7688449db261,463,3,0,0,16,0,1,1,1,1791157637
2026-10-04T23:48:10+00:00,2026-10-04T23:48:20.731212+00:00,f83493c0-0de8-11e7-991c-3863bb43a7d0,67,7,1,1,22,0,1,1,1,1791157637
2026-10-04T23:48:10+00:00,2026-10-04T23:48:20.731212+00:00,768433a9-fc30-4485-b136-22d6f8a96f1c,768433a9-fc30-4485-b136-22d6f8a96f1c,8,3,0,3,0,1,1,1,1791157639
2026-10-04T23:48:10+00:00,2026-10-04T23:48:20.731212+00:00,2124664048772581794,2124664048772581794,5,1,0,6,0,1,1,1,1791157639
2026-10-04T23:48:10+00:00,2026-10-04T23:48:20.731212+00:00,f834a2a8-0de8-11e7-991c-3863bb43a7d0,85,6,2,0,13,0,1,1,1,1791157641
2026-10-04T23:48:10+00:00,2026-10-04T23:48:20.731212+00:00,986068c4-d11a-465a-b8d0-bd0960c57f51,986068c4-d11a-465a-b8d0-bd0960c57f51,1,0,0,13,0,1,1,1,1791157641
2026-10-04T23:48:10+00:00,2026-10-04T23:48:20.731212+00:00,1ef9964d-47ac-4cd4-916e-7c006fa1e605,339,6,4,0,9,0,1,1,1,1791157640
2026-10-04T23:48:10+00:00,2026-10-04T23:48:20.731212+00:00,25489822-e43a-4704-b2a8-d905b78ba77c,389,8,5,0,6,0,1,1,1,1791157637
2026-10-04T23:48:10+00:00,2026-10-04T23:48:20.731212+00:00,f834e75d-0de8-11e7-991c-3863bb43a7d0,129,0,0,0,18,1,1,1,1,1791157637
2026-10-04T23:48:10+00:00,2026-10-04T23:48:20.731212+00:00,f83466c6-0de8-11e7-991c-3863bb43a7d0,6,0,0,1,13,0,1,1,1,1791157641
2026-10-04T23:48:10+00:00,2026-10-04T23:48:20.731212+00:00,b44b7c3d-c054-4591-92a9-3b96d86050ab,b44b7c3d-c054-4591-92a9-3b96d86050ab,5,3,0,6,0,1,1,1,1791157666
2026-10-04T23:48:10+00:00,2026-10-04T23:48:20.731212+00:00,f834916a-0de8-11e7-991c-3863bb43a7d0,63,2,2,0,12,0,1,1,1,1791157666
2026-10-04T23:48:10+00:00,2026-10-04T23:48:20.731212+00:00,2227859082657747444,2227859082657747444,4,0,2,1,0,1,1,1,1791157666
2026-10-04T23:48:10+00:00,2026-10-04T23:48:20.731212+00:00,5d17f129-af8c-4f30-bc58-6a8279052772,543,5,2,1,13,0,1,1,1,1791157670
2026-10-04T23:48:10+00:00,2026-10-04T23:48:20.731212+00:00,f8346dbd-0de8-11e7-991c-3863bb43a7d0,16,6,0,1,12,0,1,1,1,1791157667
2026-10-04T23:48:10+00:00,2026-10-04T23:48:20.731212+00:00,77c1736c-a609-4453-94f7-8e4253a8193c,474,7,3,0,4,0,1,1,1,1791157669
2026-10-04T23:48:10+00:00,2026-10-04T23:48:20.731212+00:00,f8349070-0de8-11e7-991c-3863bb43a7d0,61,7,0,3,9,0,1,1,1,1791157669
2026-10-04T23:48:10+00:00,2026-10-04T23:48:20.731212+00:00,f834c5c9-0de8-11e7-991c-3863bb43a7d0,110,4,3,0,11,0,1,1,1,1791157669
2026-10-04T23:48:10+00:00,2026-10-04T23:48:20.731212+00:00,2110566771130438288,2110566771130438288,7,3,1,8,0,1,1,1,1791157670
2026-10-04T23:48:10+00:00,2026-10-04T23:48:20.731212+00:00,57f5003b-6574-40b3-83d7-3b5dee1472e0,518,4,0,1,5,0,1,1,1,1791157670
2026-10-04T23:48:10+00:00,2026-10-04T23:48:20.731212+00:00,2036103727838931110,2036103727838931110,5,0,0,4,0,1,1,1,1791157668
2026-10-04T23:48:10+00:00,2026-10-04T23:48:20.731212+00:00,1986694622707704150,1986694622707704150,9,0,3,7,0,1,1,1,1791157627
2026-10-04T23:48:10+00:00,2026-10-04T23:48:20.731212+00:00,2219705277630124418,2219705277630124418,8,0,0,7,0,1,1,1,1791157628
2026-10-04T23:48:10+00:00,2026-10-04T23:48:20.731212+00:00,f8349599-0de8-11e7-991c-3863bb43a7d0,71,12,0,1,10,0,1,1,1,1791157628
2026-10-04T23:48:10+00:00,2026-10-04T23:48:20.731212+00:00,f834f036-0de8-11e7-991c-3863bb43a7d0,133,5,0,2,15,0,1,1,1,1791157628
2026-10-04T23:48:10+00:00,2026-10-04T23:48:20.731212+00:00,f834b928-0de8-11e7-991c-3863bb43a7d0,106,11,1,1,2,0,1,1,1,1791157633
2026-10-04T23:48:10+00:00,2026-10-04T23:48:20.731212+00:00,ec4e1168-25dc-4929-b17b-e4ae578dd888,425,9,0,0,7,0,1,1,1,1791157633
2026-10-04T23:48:10+00:00,2026-10-04T23:48:20.731212+00:00,2071991821019036242,2071991821019036242,13,0,0,7,0,1,1,1,1791157634
2026-10-04T23:48:10+00:00,2026-10-04T23:48:20.731212+00:00,dcd76e42-eebc-4432-9726-cdb3372b0b07,557,0,0,0,19,0,1,1,1,1791157635
2026-10-04T23:48:10+00:00,2026-10-04T23:48:20.731212+00:00,1919521884659886482,1919521884659886482,1,0,0,18,0,1,1,1,1791157633
2026-10-04T23:48:10+00:00,2026-10-04T23:48:20.731212+00:00,2113559364250874028,2113559364250874028,8,1,0,7,0,1,1,1,1791157636
2026-10-04T23:48:10+00:00,2026-10-04T23:48:20.731212+00:00,e519df41-c4d7-403a-9afa-a5dd7cdd2d03,536,3,0,0,15,0,1,1,1,1791157643
2026-10-04T23:48:10+00:00,2026-10-04T23:48:20.731212+00:00,1991921362058752616,1991921362058752616,0,0,0,20,0,1,1,1,1791157643
2026-10-04T23:48:10+00:00,2026-10-04T23:48:20.731212+00:00,f606593b-3d07-40f2-bc6d-a0eb96588e44,456,5,2,0,13,0,1,1,1,1791157643
2026-10-04T23:48:10+00:00,2026-10-04T23:48:20.731212+00:00,f8350199-0de8-11e7-991c-3863bb43a7d0,150,13,4,1,5,0,1,1,1,1791157644
2026-10-04T23:48:10+00:00,2026-10-04T23:48:20.731212+00:00,2127634714741013228,2127634714741013228,13,1,1,10,0,1,1,1,1791157643
2026-10-04T23:48:10+00:00,2026-10-04T23:48:20.731212+00:00,f834f948-0de8-11e7-991c-3863bb43a7d0,138,5,3,2,6,0,1,1,1,1791157643
2026-10-04T23:48:10+00:00,2026-10-04T23:48:20.731212+00:00,f8346c96-0de8-11e7-991c-3863bb43a7d0,14,17,1,1,7,0,1,1,1,1791157644
2026-10-04T23:48:10+00:00,2026-10-04T23:48:20.731212+00:00,2220033166406469278,2220033166406469278,10,3,0,5,0,1,1,1,1791157604
2026-10-04T23:48:10+00:00,2026-10-04T23:48:20.731212+00:00,4b5de733-9353-4873-9dc2-9558b3cb063a,393,10,2,0,3,0,1,1,1,1791157645
2026-10-04T23:48:10+00:00,2026-10-04T23:48:20.731212+00:00,2089808297152151688,2089808297152151688,2,0,2,8,0,1,1,1,1791157649
2026-10-04T23:48:10+00:00,2026-10-04T23:48:20.731212+00:00,1ef5abb2-5af9-41f2-a0dd-1e44278ad9f1,502,10,1,0,1,0,1,1,1,1791157649
2026-10-04T23:48:10+00:00,2026-10-04T23:48:20.731212+00:00,2251556760922290606,2251556760922290606,6,0,0,9,0,1,1,1,1791157649
2026-10-04T23:48:10+00:00,2026-10-04T23:48:20.731212+00:00,829fa5a8-cc88-4ab2-9f34-b481aaa1612e,259,12,1,0,3,0,1,1,1,1791157651
2026-10-04T23:48:10+00:00,2026-10-04T23:48:20.731212+00:00,f834d260-0de8-11e7-991c-3863bb43a7d0,119,13,2,0,2,0,1,1,1,1791157653
2026-10-04T23:48:10+00:00,2026-10-04T23:48:20.731212+00:00,2132460331327742574,2132460331327742574,7,0,0,11,0,1,1,1,1791157650
2026-10-04T23:48:10+00:00,2026-10-04T23:48:20.731212+00:00,2126567695528519906,2126567695528519906,13,0,0,7,0,1,1,1,1791157650
2026-10-04T23:48:10+00:00,2026-10-04T23:48:20.731212+00:00,800bde2c-51df-497c-ac2d-bc3a8c00c164,800bde2c-51df-497c-ac2d-bc3a8c00c164,8,1,1,6,0,1,1,1,1791157653
2026-10-04T23:48:10+00:00,2026-10-04T23:48:20.731212+00:00,cad0e759-b605-458a-b772-768dcce81dc6,372,18,1,1,0,0,1,1,1,1791157652
2026-10-04T23:48:10+00:00,2026-10-04T23:48:20.731212+00:00,f83473ea-0de8-11e7-991c-3863bb43a7d0,27,5,1,2,16,0,1,1,1,1791157651
2026-10-04T23:48:10+00:00,2026-10-04T23:48:20.731212+00:00,1997031876360597884,1997031876360597884,6,1,0,5,0,1,1,1,1791157672
2026-10-04T23:48:10+00:00,2026-10-04T23:48:20.731212+00:00,2031175112202687108,2031175112202687108,3,1,0,13,0,1,1,1,1791157673
2026-10-04T23:48:10+00:00,2026-10-04T23:48:20.731212+00:00,f8351791-0de8-11e7-991c-3863bb43a7d0,186,2,0,0,13,0,1,1,1,1791157673
2026-10-04T23:48:10+00:00,2026-10-04T23:48:20.731212+00:00,f8352973-0de8-11e7-991c-3863bb43a7d0,210,10,0,0,5,0,1,1,1,1791157673
2026-10-04T23:48:10+00:00,2026-10-04T23:48:20.731212+00:00,f83532fa-0de8-11e7-991c-3863bb43a7d0,219,13,2,0,2,0,1,1,1,1791157673
2026-10-04T23:48:10+00:00,2026-10-04T23:48:20.731212+00:00,2261583246847893606,2261583246847893606,11,2,0,8,0,1,1,1,1791157644
2026-10-04T23:48:10+00:00,2026-10-04T23:48:20.731212+00:00,1994515539257334312,1994515539257334312,19,10,0,2,0,1,1,1,1791157676
2026-10-04T23:48:10+00:00,2026-10-04T23:48:20.731212+00:00,f8350d30-0de8-11e7-991c-3863bb43a7d0,163,9,0,0,9,0,1,1,1,1791157676
2026-10-04T23:48:10+00:00,2026-10-04T23:48:20.731212+00:00,2131371824572002576,2131371824572002576,10,2,2,4,0,1,1,1,1791157676
2026-10-04T23:48:10+00:00,2026-10-04T23:48:20.731212+00:00,f8351649-0de8-11e7-991c-3863bb43a7d0,183,1,0,1,17,0,1,1,1,1791157678
2026-10-04T23:48:10+00:00,2026-10-04T23:48:20.731212+00:00,25d6f87f-7025-48c5-b202-f91511a4ae19,25d6f87f-7025-48c5-b202-f91511a4ae19,10,1,0,9,0,1,1,1,1791157678
2026-10-04T23:48:10+00:00,2026-10-04T23:48:20.731212+00:00,f8352150-0de8-11e7-991c-3863bb43a7d0,196,4,1,0,6,0,1,1,1,1791157582
2026-10-04T23:48:10+00:00,2026-10-04T23:48:20.731212+00:00,8b703219-1e16-4ba1-9f46-2b7030c7849a,360,7,2,1,7,0,1,1,1,1791157580
2026-10-04T23:48:10+00:00,2026-10-04T23:48:20.731212+00:00,efd724b2-31cb-4aec-b9d9-8ab79271630c,493,9,0,0,8,0,1,1,1,1791157580
2026-10-04T23:48:10+00:00,2026-10-04T23:48:20.731212+00:00,4caf6e93-ddd7-4b6f-9e61-f9df1206ac92,4caf6e93-ddd7-4b6f-9e61-f9df1206ac92,3,1,0,16,0,1,1,1,1791157586
2026-10-04T23:48:10+00:00,2026-10-04T23:48:20.731212+00:00,a3b94ed8-8301-4ec6-baf2-64ac493b5106,529,1,1,0,13,0,1,1,1,1791157584
2026-10-04T23:48:10+00:00,2026-10-04T23:48:20.731212+00:00,1206f5c8-7d1f-4c32-9d65-f3e80186fbde,511,5,2,1,13,0,1,1,1,1791157583
2026-10-04T23:48:10+00:00,2026-10-04T23:48:20.731212+00:00,f834b652-0de8-11e7-991c-3863bb43a7d0,104,12,2,0,5,0,1,1,1,1791157573
2026-10-04T23:48:10+00:00,2026-10-04T23:48:20.731212+00:00,2002247509585342522,2002247509585342522,5,2,0,6,0,1,1,1,1791157571
2026-10-04T23:48:10+00:00,2026-10-04T23:48:20.731212+00:00,8f51f8f1-ecb8-4cd3-8529-296a03140c51,8f51f8f1-ecb8-4cd3-8529-296a03140c51,10,2,0,9,0,1,1,1,1791157571
2026-10-04T23:48:10+00:00,2026-10-04T23:48:20.731212+00:00,b0b8e427-7203-4844-9c70-129e08a74452,347,12,5,1,1,0,1,1,1,1791157569
2026-10-04T23:48:10+00:00,2026-10-04T23:48:20.731212+00:00,f8346a3c-0de8-11e7-991c-3863bb43a7d0,10,7,0,0,4,0,1,1,1,1791157571
2026-10-04T23:48:10+00:00,2026-10-04T23:48:20.731212+00:00,f4a64c30-b97f-4ae5-b531-a11698b558d7,562,4,0,0,4,0,1,1,1,1791157557
2026-10-04T23:48:10+00:00,2026-10-04T23:48:20.731212+00:00,2035765531590062506,2035765531590062506,9,6,1,1,0,1,1,1,1791157563
2026-10-04T23:48:10+00:00,2026-10-04T23:48:20.731212+00:00,e49a5b83-2c9c-4610-a48b-89cfea172c8f,504,3,0,0,8,0,1,1,1,1791157563
2026-10-04T23:48:10+00:00,2026-10-04T23:48:20.731212+00:00,f8347361-0de8-11e7-991c-3863bb43a7d0,26,6,0,0,9,0,1,1,1,1791157565
2026-10-04T23:48:10+00:00,2026-10-04T23:48:20.731212+00:00,f8346c01-0de8-11e7-991c-3863bb43a7d0,13,10,3,0,9,0,1,1,1,1791157561
2026-10-04T23:48:10+00:00,2026-10-04T23:48:20.731212+00:00,1961066392414132348,1961066392414132348,3,2,1,15,0,1,1,1,1791157557
2026-10-04T23:48:10+00:00,2026-10-04T23:48:20.731212+00:00,c98f50f6-1901-4c64-b164-8cf33245e022,282,12,1,1,4,1,1,1,1,1791157602
2026-10-04T23:48:10+00:00,2026-10-04T23:48:20.731212+00:00,f834d064-0de8-11e7-991c-3863bb43a7d0,118,7,3,3,9,0,1,1,1,1791157601
2026-10-04T23:48:10+00:00,2026-10-04T23:48:20.731212+00:00,1963273678015717438,1963273678015717438,7,0,0,12,0,1,1,1,1791157607
2026-10-04T23:48:10+00:00,2026-10-04T23:48:20.731212+00:00,c935cfb1-ef73-402e-9b86-83aaaac6534d,478,10,1,1,8,0,1,1,1,1791157609
2026-10-04T23:48:10+00:00,2026-10-04T23:48:20.731212+00:00,a439fff7-8630-464c-b277-efca6f6bc664,531,12,0,0,2,0,1,1,1,1791157611
2026-10-04T23:48:10+00:00,2026-10-04T23:48:20.731212+00:00,910f1452-dbeb-4e69-b226-71b2d7e85715,910f1452-dbeb-4e69-b226-71b2d7e85715,1,0,0,9,0,1,1,1,1791157610
2026-10-04T23:48:10+00:00,2026-10-04T23:48:20.731212+00:00,f8348857-0de8-11e7-991c-3863bb43a7d0,55,12,1,1,2,0,1,1,1,1791157589
2026-10-04T23:48:10+00:00,2026-10-04T23:48:20.731212+00:00,af066ffd-b892-434f-8532-1982fc408780,480,0,0,0,11,0,1,1,1,1791157588
2026-10-04T23:48:10+00:00,2026-10-04T23:48:20.731212+00:00,634b697d-0e64-4102-8849-abac7a7f8e35,455,11,2,0,0,0,1,1,1,1791157595
2026-10-04T23:48:10+00:00,2026-10-04T23:48:20.731212+00:00,dd05a440-f881-410c-a071-864da11c634a,318,6,0,0,13,0,1,1,1,1791157598
2026-10-04T23:48:10+00:00,2026-10-04T23:48:20.731212+00:00,2113560016964645240,2113560016964645240,17,0,0,2,0,1,1,1,1791157600
2026-10-04T23:48:10+00:00,2026-10-04T23:48:20.731212+00:00,13681246-4bf8-444a-a908-fa165e4ad298,329,8,1,0,7,0,1,1,1,1791157600
2026-10-04T23:48:10+00:00,2026-10-04T23:48:20.731212+00:00,b5894555-30a3-46db-918a-fdeb083d6001,336,10,5,1,4,0,1,1,1,1791157613
2026-10-04T23:48:10+00:00,2026-10-04T23:48:20.731212+00:00,f835141c-0de8-11e7-991c-3863bb43a7d0,178,5,1,1,13,0,1,1,1,1791157616
2026-10-04T23:48:10+00:00,2026-10-04T23:48:20.731212+00:00,3de6e5da-9702-4623-8683-26abd98012a8,525,5,0,1,6,0,1,1,1,1791157617
2026-10-04T23:48:10+00:00,2026-10-04T23:48:20.731212+00:00,f1cafe36-f800-41f6-b74d-73953cb6394c,471,5,0,0,22,0,1,1,1,1791157617
2026-10-04T23:48:10+00:00,2026-10-04T23:48:20.731212+00:00,a51b429f-bf06-425a-b3fe-b3155aa6468c,a51b429f-bf06-425a-b3fe-b3155aa6468c,7,3,2,2,0,1,1,1,1791157618
2026-10-04T23:48:10+00:00,2026-10-04T23:48:20.731212+00:00,7dd0fc98-c1dd-4c93-9c1d-4bbdf5f93346,473,12,8,0,2,0,1,1,1,1791157621
2026-10-04T23:48:10+00:00,2026-10-04T23:48:20.731212+00:00,31382324-2931-491a-827a-40149e45afee,232,6,0,0,5,0,1,1,1,1791157620
2026-10-04T23:48:10+00:00,2026-10-04T23:48:20.731212+00:00,0bc49982-74e9-4bbf-9991-e3d809d6319e,530,1,0,0,18,0,1,1,1,1791157623
2026-10-04T23:48:10+00:00,2026-10-04T23:48:20.731212+00:00,2100948177843249670,2100948177843249670,3,3,0,8,0,1,1,1,1791157623
2026-10-04T23:48:10+00:00,2026-10-04T23:48:20.731212+00:00,fbb9b58c-2b92-4bcf-8e4c-a982e40d2f39,221,7,1,0,12,0,1,1,1,1791157623
2026-10-04T23:48:10+00:00,2026-10-04T23:48:20.731212+00:00,f834b50a-0de8-11e7-991c-3863bb43a7d0,102,3,1,1,11,0,1,1,1,1791157624
2026-10-04T23:48:10+00:00,2026-10-04T23:48:20.731212+00:00,dd008e3c-ff17-4c82-abe0-502272a62425,558,9,1,0,9,0,1,1,1,1791157626
2026-10-04T23:48:10+00:00,2026-10-04T23:48:20.731212+00:00,ee0fa23e-a6c2-474d-a6ef-bf581d63f1ae,ee0fa23e-a6c2-474d-a6ef-bf581d63f1ae,8,8,0,3,0,1,1,1,1791157624
2026-10-04T23:48:10+00:00,2026-10-04T23:48:20.731212+00:00,2158217922577811100,2158217922577811100,6,1,0,13,0,1,1,1,1791157629
2026-10-04T23:48:10+00:00,2026-10-04T23:48:20.731212+00:00,f83514f9-0de8-11e7-991c-3863bb43a7d0,180,18,1,1,0,0,1,1,1,1791157627
2026-10-04T23:48:10+00:00,2026-10-04T23:48:20.731212+00:00,2126939746529359956,2126939746529359956,3,0,0,16,0,1,1,1,1791157628
2026-10-04T23:48:10+00:00,2026-10-04T23:48:20.731212+00:00,2071724371800490690,2071724371800490690,8,0,0,12,0,1,1,1,1791157626
2026-10-04T23:48:10+00:00,2026-10-04T23:48:20.731212+00:00,f834923d-0de8-11e7-991c-3863bb43a7d0,65,7,0,0,12,0,1,1,1,1791157627
2026-10-04T23:48:10+00:00,2026-10-04T23:48:20.731212+00:00,2131714490587826928,2131714490587826928,11,7,0,5,0,1,1,1,1791157625
2026-10-04T23:48:10+00:00,2026-10-04T23:48:20.731212+00:00,be7e7068-b85f-42c1-8ea1-e1d64e531323,be7e7068-b85f-42c1-8ea1-e1d64e531323,3,0,0,12,0,1,1,1,1791157627
2026-10-04T23:48:10+00:00,2026-10-04T23:48:20.731212+00:00,1994461916590643872,1994461916590643872,4,0,1,6,0,1,1,1,1791157633
2026-10-04T23:48:10+00:00,2026-10-04T23:48:20.731212+00:00,e3f5d039-a49e-4b3b-ab4d-4efbef2068c6,e3f5d039-a49e-4b3b-ab4d-4efbef2068c6,18,0,0,4,0,1,1,1,1791157632
2026-10-04T23:48:10+00:00,2026-10-04T23:48:20.731212+00:00,f834db9b-0de8-11e7-991c-3863bb43a7d0,121,12,7,1,4,0,1,1,1,1791157631
2026-10-04T23:48:10+00:00,2026-10-04T23:48:20.731212+00:00,2074236051937964826,2074236051937964826,3,1,1,10,2,1,1,1,1791157636
2026-10-04T23:48:10+00:00,2026-10-04T23:48:20.731212+00:00,f8350c56-0de8-11e7-991c-3863bb43a7d0,161,15,0,0,8,0,1,1,1,1791157633
2026-10-04T23:48:10+00:00,2026-10-04T23:48:20.731212+00:00,f8352c1a-0de8-11e7-991c-3863bb43a7d0,216,19,4,0,0,0,1,1,1,1791157639
2026-10-04T23:48:10+00:00,2026-10-04T23:48:20.731212+00:00,1e3beeb4-f8e1-452c-93e5-48df78d4b313,334,16,3,0,2,0,1,1,1,1791157640
2026-10-04T23:48:10+00:00,2026-10-04T23:48:20.731212+00:00,609c2f06-310e-4134-8dd2-3d23aa41487b,609c2f06-310e-4134-8dd2-3d23aa41487b,21,4,2,0,0,1,1,1,1791157641
2026-10-04T23:48:10+00:00,2026-10-04T23:48:20.731212+00:00,f8348781-0de8-11e7-991c-3863bb43a7d0,53,19,1,0,0,0,1,1,1,1791157638
2026-10-04T23:48:10+00:00,2026-10-04T23:48:20.731212+00:00,3a6d94a7-9fee-41c5-b8cc-a8487c5e691b,549,13,0,1,9,0,1,1,1,1791157637
2026-10-04T23:48:10+00:00,2026-10-04T23:48:20.731212+00:00,f834fb66-0de8-11e7-991c-3863bb43a7d0,139,1,0,0,18,0,1,1,1,1791157638
2026-10-04T23:48:10+00:00,2026-10-04T23:48:20.731212+00:00,f8353277-0de8-11e7-991c-3863bb43a7d0,218,15,0,0,0,0,1,1,1,1791157636
2026-10-04T23:48:10+00:00,2026-10-04T23:48:20.731212+00:00,082262bd-086b-46c7-83ce-eed2b39142ff,416,9,0,0,6,0,1,1,1,1791157637
2026-10-04T23:48:10+00:00,2026-10-04T23:48:20.731212+00:00,2080157934789007958,2080157934789007958,16,2,2,1,0,1,1,1,1791157643
2026-10-04T23:48:10+00:00,2026-10-04T23:48:20.731212+00:00,f834fda2-0de8-11e7-991c-3863bb43a7d0,143,10,0,0,13,0,1,1,1,1791157644
2026-10-04T23:48:10+00:00,2026-10-04T23:48:20.731212+00:00,25cc602a-152a-4abe-9df8-a131d0a5d94b,235,7,1,0,8,0,1,1,1,1791157646
2026-10-04T23:48:10+00:00,2026-10-04T23:48:20.731212+00:00,2253794653988522864,2253794653988522864,11,0,0,8,0,1,1,1,1791157642
2026-10-04T23:48:10+00:00,2026-10-04T23:48:20.731212+00:00,fae99a0c-e88a-4112-94d8-f655cf34e651,fae99a0c-e88a-4112-94d8-f655cf34e651,4,0,1,15,0,1,1,1,1791157643
2026-10-04T23:48:10+00:00,2026-10-04T23:48:20.731212+00:00,2120986392451359068,2120986392451359068,4,2,0,15,0,1,1,1,1791157643
2026-10-04T23:48:10+00:00,2026-10-04T23:48:20.731212+00:00,2111332861978124760,2111332861978124760,4,1,1,11,0,1,1,1,1791157647
2026-10-04T23:48:10+00:00,2026-10-04T23:48:20.731212+00:00,3dbbb3cb-b52d-46f8-8f9c-db11e83d081c,327,6,0,0,9,0,1,1,1,1791157647
2026-10-04T23:48:10+00:00,2026-10-04T23:48:20.731212+00:00,2136546016037880534,2136546016037880534,7,0,0,8,0,1,1,1,1791157649
2026-10-04T23:48:10+00:00,2026-10-04T23:48:20.731212+00:00,f8352306-0de8-11e7-991c-3863bb43a7d0,199,8,7,0,7,0,1,1,1,1791157651
2026-10-04T23:48:10+00:00,2026-10-04T23:48:20.731212+00:00,2012646293885032702,2012646293885032702,19,2,2,3,0,1,1,1,1791157648
2026-10-04T23:48:10+00:00,2026-10-04T23:48:20.731212+00:00,f834ff5a-0de8-11e7-991c-3863bb43a7d0,145,9,3,1,9,0,1,1,1,1791157649
2026-10-04T23:48:10+00:00,2026-10-04T23:48:20.731212+00:00,2079440939380771716,2079440939380771716,6,3,1,4,0,1,1,1,1791157654
2026-10-04T23:48:10+00:00,2026-10-04T23:48:20.731212+00:00,f8348924-0de8-11e7-991c-3863bb43a7d0,57,4,3,0,10,0,1,1,1,1791157655
2026-10-04T23:48:10+00:00,2026-10-04T23:48:20.731212+00:00,f8351ff1-0de8-11e7-991c-3863bb43a7d0,193,4,0,1,9,0,1,1,1,1791157655
2026-10-04T23:48:10+00:00,2026-10-04T23:48:20.731212+00:00,a9d13461-7f0f-47b0-9a97-8ec9e9792865,533,17,0,0,1,0,1,1,1,1791157655
2026-10-04T23:48:10+00:00,2026-10-04T23:48:20.731212+00:00,ee18dbd6-05b8-4d38-a120-f84c3499a77e,519,8,2,1,2,0,1,1,1,1791157656
2026-10-04T23:48:10+00:00,2026-10-04T23:48:20.731212+00:00,dd8dee9d-d044-41d6-9371-8463cf9c671b,526,6,4,0,8,1,1,1,1,1791157656
2026-10-04T23:48:10+00:00,2026-10-04T23:48:20.731212+00:00,a9bc314b-a3fd-46e5-a63b-f005258bba5f,a9bc314b-a3fd-46e5-a63b-f005258bba5f,3,0,0,14,1,1,1,1,1791157652
2026-10-04T23:48:10+00:00,2026-10-04T23:48:20.731212+00:00,2124668538068359456,2124668538068359456,15,0,0,4,0,1,1,1,1791157652
2026-10-04T23:48:10+00:00,2026-10-04T23:48:20.731212+00:00,3b158c7a-a362-43ae-af1f-121b78be32d7,483,11,0,1,5,0,1,1,1,1791157654
2026-10-04T23:48:10+00:00,2026-10-04T23:48:20.731212+00:00,f836bc28-36a7-4ca6-bba6-0d75333d84bb,538,14,0,0,5,0,1,1,1,1791157660
2026-10-04T23:48:10+00:00,2026-10-04T23:48:20.731212+00:00,3f4f4ad4-a715-43d5-828f-f8381f26b66a,390,11,1,2,1,1,1,1,1,1791157661
2026-10-04T23:48:10+00:00,2026-10-04T23:48:20.731212+00:00,0cb6d635-6a7d-4d75-89b4-36b12616be12,432,11,7,0,8,0,1,1,1,1791157658
2026-10-04T23:48:10+00:00,2026-10-04T23:48:20.731212+00:00,66763558-7a03-48a9-8665-6b4445b81f48,458,10,3,0,5,0,1,1,1,1791157659
2026-10-04T23:48:10+00:00,2026-10-04T23:48:20.731212+00:00,f8349d6e-0de8-11e7-991c-3863bb43a7d0,79,12,1,1,5,0,1,1,1,1791157656
2026-10-04T23:48:10+00:00,2026-10-04T23:48:20.731212+00:00,f8348021-0de8-11e7-991c-3863bb43a7d0,39,22,7,0,5,0,1,1,1,1791157657
2026-10-04T23:48:10+00:00,2026-10-04T23:48:20.731212+00:00,f8349672-0de8-11e7-991c-3863bb43a7d0,72,5,5,1,17,0,1,1,1,1791157660
2026-10-04T23:48:10+00:00,2026-10-04T23:48:20.731212+00:00,f8350be5-0de8-11e7-991c-3863bb43a7d0,160,9,4,0,5,0,1,1,1,1791157662
2026-10-04T23:48:10+00:00,2026-10-04T23:48:20.731212+00:00,f83472d3-0de8-11e7-991c-3863bb43a7d0,25,1,1,1,13,0,1,1,1,1791157662
2026-10-04T23:48:10+00:00,2026-10-04T23:48:20.731212+00:00,f835259f-0de8-11e7-991c-3863bb43a7d0,205,7,2,0,8,0,1,1,1,1791157663
2026-10-04T23:48:10+00:00,2026-10-04T23:48:20.731212+00:00,f83487f0-0de8-11e7-991c-3863bb43a7d0,54,0,0,0,15,0,1,1,1,1791157662
2026-10-04T23:48:10+00:00,2026-10-04T23:48:20.731212+00:00,2115804056935012722,2115804056935012722,15,1,1,3,0,1,1,1,1791157665
2026-10-04T23:48:10+00:00,2026-10-04T23:48:20.731212+00:00,2004828637786472956,2004828637786472956,8,2,3,8,0,1,1,1,1791157666
2026-10-04T23:48:10+00:00,2026-10-04T23:48:20.731212+00:00,57caf362-1e8b-46aa-9ee3-82341c405ab0,271,9,6,0,6,0,1,1,1,1791157666
2026-10-04T23:48:10+00:00,2026-10-04T23:48:20.731212+00:00,dc770287-c70c-43ea-a635-39f3dc6b09cd,dc770287-c70c-43ea-a635-39f3dc6b09cd,1,1,0,10,0,1,1,1,1791157667
2026-10-04T23:48:10+00:00,2026-10-04T23:48:20.731212+00:00,f8351e42-0de8-11e7-991c-3863bb43a7d0,189,9,0,1,13,0,1,1,1,1791157667
2026-10-04T23:48:10+00:00,2026-10-04T23:48:20.731212+00:00,2256120653476329202,2256120653476329202,13,1,0,2,0,1,1,1,1791157667
2026-10-04T23:48:10+00:00,2026-10-04T23:48:20.731212+00:00,f834ffc9-0de8-11e7-991c-3863bb43a7d0,146,4,3,0,15,0,1,1,1,1791157670
2026-10-04T23:48:10+00:00,2026-10-04T23:48:20.731212+00:00,50cc3c7f-50ed-4c70-b483-c89f3f47c938,491,9,2,0,10,0,1,1,1,1791157669
2026-10-04T23:48:10+00:00,2026-10-04T23:48:20.731212+00:00,4764641e-b080-4c70-a1e1-049de81e09d0,273,27,0,1,12,0,1,1,1,1791157669
2026-10-04T23:48:10+00:00,2026-10-04T23:48:20.731212+00:00,2171110977443594588,2171110977443594588,7,2,2,6,0,1,1,1,1791157675
2026-10-04T23:48:10+00:00,2026-10-04T23:48:20.731212+00:00,f8349de4-0de8-11e7-991c-3863bb43a7d0,80,9,0,0,25,0,1,1,1,1791157675
2026-10-04T23:48:10+00:00,2026-10-04T23:48:20.731212+00:00,f8352a4d-0de8-11e7-991c-3863bb43a7d0,212,5,0,0,27,0,1,1,1,1791157675
2026-10-04T23:48:10+00:00,2026-10-04T23:48:20.731212+00:00,1984021766354634770,1984021766354634770,19,2,0,0,0,1,1,1,1791157675
2026-10-04T23:48:10+00:00,2026-10-04T23:48:20.731212+00:00,d81e16e2-a410-4a0b-b5ae-b72748fc9781,d81e16e2-a410-4a0b-b5ae-b72748fc9781,1,1,0,18,0,1,1,1,1791157671
2026-10-04T23:48:10+00:00,2026-10-04T23:48:20.731212+00:00,2223046412750968128,2223046412750968128,6,0,0,13,0,1,1,1,1791157673
2026-10-04T23:48:10+00:00,2026-10-04T23:48:20.731212+00:00,68323451-daf0-4532-a6cb-b070e3ef358f,68323451-daf0-4532-a6cb-b070e3ef358f,10,1,0,9,0,1,1,1,1791157674
2026-10-04T23:48:10+00:00,2026-10-04T23:48:20.731212+00:00,2248987790637065652,2248987790637065652,5,2,0,7,0,1,1,1,1791157674
2026-10-04T23:48:10+00:00,2026-10-04T23:48:20.731212+00:00,2fded452-cbd0-4248-b008-f8a61ed9a85f,2fded452-cbd0-4248-b008-f8a61ed9a85f,2,0,0,13,0,1,1,1,1791157674
2026-10-04T23:48:10+00:00,2026-10-04T23:48:20.731212+00:00,3c837bc0-fd08-49c4-adf5-0e9a98e918a7,524,7,2,1,7,0,1,1,1,1791157673
2026-10-04T23:48:10+00:00,2026-10-04T23:48:20.731212+00:00,f834a32d-0de8-11e7-991c-3863bb43a7d0,86,16,0,0,9,0,1,1,1,1791157677
2026-10-04T23:48:10+00:00,2026-10-04T23:48:20.731212+00:00,f835027c-0de8-11e7-991c-3863bb43a7d0,152,13,0,0,14,0,1,1,1,1791157676
2026-10-04T23:48:10+00:00,2026-10-04T23:48:20.731212+00:00,12141b77-6e5f-444b-bace-2abf16db4fee,12141b77-6e5f-444b-bace-2abf16db4fee,0,0,7,4,0,1,0,0,1790828072
2026-10-04T23:48:10+00:00,2026-10-04T23:48:20.731212+00:00,2225590560002383786,2225590560002383786,0,0,0,15,0,1,1,1,1791157562
2026-10-04T23:48:10+00:00,2026-10-04T23:48:20.731212+00:00,c202f2ca-ec1d-4dc5-a734-e0a342f23ba4,279,0,0,14,9,0,1,0,0,1791156258
2026-10-04T23:48:10+00:00,2026-10-04T23:48:20.731212+00:00,fe534b6f-61ad-47d3-b9f6-cdaa128f53a4,395,7,0,1,7,0,1,1,1,1791157566
2026-10-04T23:48:10+00:00,2026-10-04T23:48:20.731212+00:00,9e9be067-c6bb-41de-9491-eda69d24d6de,371,17,7,0,1,1,1,1,1,1791157560
2026-10-04T23:48:10+00:00,2026-10-04T23:48:20.731212+00:00,2267959380696438832,2267959380696438832,7,0,0,4,0,1,1,1,1791157577
2026-10-04T23:48:10+00:00,2026-10-04T23:48:20.731212+00:00,aa556ad4-0092-4687-96c2-8dbc69addb56,485,2,2,2,7,0,1,1,1,1791157571
2026-10-04T23:48:10+00:00,2026-10-04T23:48:20.731212+00:00,8347c34d-68df-404b-ac58-7a387cc3ce4b,414,17,3,0,6,0,1,1,1,1791157572
2026-10-04T23:48:10+00:00,2026-10-04T23:48:20.731212+00:00,f8346f6f-0de8-11e7-991c-3863bb43a7d0,19,12,0,1,1,0,1,1,1,1791157577
2026-10-04T23:48:10+00:00,2026-10-04T23:48:20.731212+00:00,f8350204-0de8-11e7-991c-3863bb43a7d0,151,1,0,0,18,0,1,1,1,1791157578
2026-10-04T23:48:10+00:00,2026-10-04T23:48:20.731212+00:00,f8352068-0de8-11e7-991c-3863bb43a7d0,194,6,2,0,13,0,1,1,1,1791157578
2026-10-04T23:48:10+00:00,2026-10-04T23:48:20.731212+00:00,f8347b1e-0de8-11e7-991c-3863bb43a7d0,30,9,1,0,6,0,1,1,1,1791157586
2026-10-04T23:48:10+00:00,2026-10-04T23:48:20.731212+00:00,c23a4c0d-7e43-4042-80e2-7c894d07763b,559,6,0,0,5,0,1,1,1,1791157584
2026-10-04T23:48:10+00:00,2026-10-04T23:48:20.731212+00:00,52485851-e554-49de-ab9f-f536806d2d34,52485851-e554-49de-ab9f-f536806d2d34,1,0,0,10,0,1,1,1,1791157596
2026-10-04T23:48:10+00:00,2026-10-04T23:48:20.731212+00:00,5bbdd12f-fec4-4741-9d5d-4a60834c5d02,377,14,4,0,5,0,1,1,1,1791157600
2026-10-04T23:48:10+00:00,2026-10-04T23:48:20.731212+00:00,bd1755dc-f26c-420e-85b3-fd025d0b5445,554,14,0,0,1,0,1,1,1,1791157599
2026-10-04T23:48:10+00:00,2026-10-04T23:48:20.731212+00:00,f83520d8-0de8-11e7-991c-3863bb43a7d0,195,15,2,0,8,0,1,1,1,1791157591
2026-10-04T23:48:10+00:00,2026-10-04T23:48:20.731212+00:00,f834a838-0de8-11e7-991c-3863bb43a7d0,92,13,2,1,4,0,1,1,1,1791157593
2026-10-04T23:48:10+00:00,2026-10-04T23:48:20.731212+00:00,f8351dc2-0de8-11e7-991c-3863bb43a7d0,188,4,1,0,11,0,1,1,1,1791157592
2026-10-04T23:48:10+00:00,2026-10-04T23:48:20.731212+00:00,d1c0b0c2-6e4c-424e-a946-a2a95a711633,422,8,2,0,7,0,1,1,1,1791157592
2026-10-04T23:48:10+00:00,2026-10-04T23:48:20.731212+00:00,7feae3ce-ddf2-4a45-a123-1209c8a9182b,484,5,1,0,6,0,1,1,1,1791157587
2026-10-04T23:48:10+00:00,2026-10-04T23:48:20.731212+00:00,f714390d-6874-43fa-a079-a07f83c79c7b,f714390d-6874-43fa-a079-a07f83c79c7b,10,8,0,1,0,1,1,1,1791157600
2026-10-04T23:48:10+00:00,2026-10-04T23:48:20.731212+00:00,2076849845777355316,2076849845777355316,9,0,2,18,3,1,1,1,1791157599
2026-10-04T23:48:10+00:00,2026-10-04T23:48:20.731212+00:00,81bfc33b-30d8-4881-b261-712715a8b2bc,363,8,0,0,9,1,1,1,1,1791157603
2026-10-04T23:48:10+00:00,2026-10-04T23:48:20.731212+00:00,1976642295079838524,1976642295079838524,6,2,0,5,0,1,1,1,1791157603
2026-10-04T23:48:10+00:00,2026-10-04T23:48:20.731212+00:00,5f8ced09-665c-41e5-b67e-1e58fac21830,521,0,0,0,11,0,1,1,1,1791157604
2026-10-04T23:48:10+00:00,2026-10-04T23:48:20.731212+00:00,74cb9bf6-bb53-4c70-88d2-67998b99628c,296,8,4,2,13,0,1,1,1,1791157604
2026-10-04T23:48:10+00:00,2026-10-04T23:48:20.731212+00:00,0daf7408-7a15-4d2b-8c39-f1a097cdbe85,403,9,0,0,6,0,1,1,1,1791157602
2026-10-04T23:48:10+00:00,2026-10-04T23:48:20.731212+00:00,e2c306f6-82c7-4d0d-89fd-c9452d2f9ad1,361,21,4,0,22,0,1,1,1,1791157603
2026-10-04T23:48:10+00:00,2026-10-04T23:48:20.731212+00:00,9cc65d3d-cfcc-45ff-8f75-7264556b1cf9,9cc65d3d-cfcc-45ff-8f75-7264556b1cf9,14,3,0,5,0,1,1,1,1791157602
2026-10-04T23:48:10+00:00,2026-10-04T23:48:20.731212+00:00,2130224177726511580,2130224177726511580,4,3,0,11,0,1,1,1,1791157604
2026-10-04T23:48:10+00:00,2026-10-04T23:48:20.731212+00:00,f834fc57-0de8-11e7-991c-3863bb43a7d0,140,5,2,0,12,0,1,1,1,1791157606
2026-10-04T23:48:10+00:00,2026-10-04T23:48:20.731212+00:00,f83481c5-0de8-11e7-991c-3863bb43a7d0,42,26,0,0,4,0,1,1,1,1791157607
2026-10-04T23:48:10+00:00,2026-10-04T23:48:20.731212+00:00,bd3d4824-7203-4edc-a314-cea2b413e886,319,4,1,0,22,1,1,1,1,1791157613
2026-10-04T23:48:10+00:00,2026-10-04T23:48:20.731212+00:00,f834dc46-0de8-11e7-991c-3863bb43a7d0,122,9,0,1,5,0,1,1,1,1791157609
2026-10-04T23:48:10+00:00,2026-10-04T23:48:20.731212+00:00,f8350a84-0de8-11e7-991c-3863bb43a7d0,157,6,0,0,9,0,1,1,1,1791157609
2026-10-04T23:48:10+00:00,2026-10-04T23:48:20.731212+00:00,ca76adb6-4c84-4484-9ec3-b411b81ddbef,ca76adb6-4c84-4484-9ec3-b411b81ddbef,5,1,2,12,0,1,1,1,1791157619
2026-10-04T23:48:10+00:00,2026-10-04T23:48:20.731212+00:00,7df1ee28-441e-44c1-8507-8f58946be96b,239,4,1,0,11,0,1,1,1,1791157618
2026-10-04T23:48:10+00:00,2026-10-04T23:48:20.731212+00:00,2014558273483754010,2014558273483754010,3,2,0,16,0,1,1,1,1791157615
2026-10-04T23:48:10+00:00,2026-10-04T23:48:20.731212+00:00,2109111257926871498,2109111257926871498,11,7,0,8,0,1,1,1,1791157620
2026-10-04T23:48:10+00:00,2026-10-04T23:48:20.731212+00:00,f83515d8-0de8-11e7-991c-3863bb43a7d0,182,9,0,1,8,0,1,1,1,1791157615
2026-10-04T23:48:10+00:00,2026-10-04T23:48:20.731212+00:00,f834658f-0de8-11e7-991c-3863bb43a7d0,4,5,0,1,13,0,1,1,1,1791157623
2026-10-04T23:48:10+00:00,2026-10-04T23:48:20.731212+00:00,c5017e67-cada-4549-a52e-0f13dddd289d,424,8,1,0,11,0,1,1,1,1791157622
2026-10-04T23:48:10+00:00,2026-10-04T23:48:20.731212+00:00,f834f8ca-0de8-11e7-991c-3863bb43a7d0,137,12,6,0,7,0,1,1,1,1791157620
2026-10-04T23:48:10+00:00,2026-10-04T23:48:20.731212+00:00,f834fede-0de8-11e7-991c-3863bb43a7d0,144,9,3,0,9,0,1,1,1,1791157621
2026-10-04T23:48:10+00:00,2026-10-04T23:48:20.731212+00:00,1978882443666915710,1978882443666915710,15,0,1,1,1,1,1,1,1791157633
2026-10-04T23:48:10+00:00,2026-10-04T23:48:20.731212+00:00,2220822464984366036,2220822464984366036,2,0,0,10,0,1,1,1,1791157633
2026-10-04T23:48:10+00:00,2026-10-04T23:48:20.731212+00:00,228b8017-e4da-4722-9223-b8279a14b8ad,448,8,3,1,1,0,1,1,1,1791157632
2026-10-04T23:48:10+00:00,2026-10-04T23:48:20.731212+00:00,f8349ed6-0de8-11e7-991c-3863bb43a7d0,82,19,4,0,6,0,1,1,1,1791157630
2026-10-04T23:48:10+00:00,2026-10-04T23:48:20.731212+00:00,f83489ff-0de8-11e7-991c-3863bb43a7d0,59,4,2,0,14,1,1,1,1,1791157634
2026-10-04T23:48:10+00:00,2026-10-04T23:48:20.731212+00:00,f834dedf-0de8-11e7-991c-3863bb43a7d0,124,3,0,0,11,0,1,1,1,1791157635
2026-10-04T23:48:10+00:00,2026-10-04T23:48:20.731212+00:00,13d4171b-6d93-490e-923f-f2a17d5c7613,13d4171b-6d93-490e-923f-f2a17d5c7613,1,0,3,7,0,1,1,1,1791157634
2026-10-04T23:48:10+00:00,2026-10-04T23:48:20.731212+00:00,f835260c-0de8-11e7-991c-3863bb43a7d0,206,10,1,1,29,0,1,1,1,1791157630
2026-10-04T23:48:10+00:00,2026-10-04T23:48:20.731212+00:00,f834caf2-0de8-11e7-991c-3863bb43a7d0,114,4,1,0,11,0,1,1,1,1791157642
2026-10-04T23:48:10+00:00,2026-10-04T23:48:20.731212+00:00,f834ab92-0de8-11e7-991c-3863bb43a7d0,95,5,0,0,7,2,1,1,1,1791157641
2026-10-04T23:48:10+00:00,2026-10-04T23:48:20.731212+00:00,1a39ab83-f029-4134-aad4-35380b30bf2c,1a39ab83-f029-4134-aad4-35380b30bf2c,14,2,0,5,0,1,1,1,1791157642
2026-10-04T23:48:10+00:00,2026-10-04T23:48:20.731212+00:00,9340e113-e0b2-48ac-b58a-8b6f001b0a94,486,4,1,0,7,0,1,1,1,1791157642
2026-10-04T23:48:10+00:00,2026-10-04T23:48:20.731212+00:00,2096125468116637776,2096125468116637776,13,1,2,0,0,1,1,1,1791157642
2026-10-04T23:48:10+00:00,2026-10-04T23:48:20.731212+00:00,e32c0bb9-e85b-4764-b0fb-5c582cfd3a90,340,14,7,1,2,2,1,1,1,1791157642
2026-10-04T23:48:10+00:00,2026-10-04T23:48:20.731212+00:00,be18593a-9e4c-4a13-8bb2-a5bac3d9b2b3,547,7,1,0,11,0,1,1,1,1791157646
2026-10-04T23:48:10+00:00,2026-10-04T23:48:20.731212+00:00,f834a7d1-0de8-11e7-991c-3863bb43a7d0,91,4,0,0,15,0,1,1,1,1791157646
2026-10-04T23:48:10+00:00,2026-10-04T23:48:20.731212+00:00,2249419943962214726,2249419943962214726,4,1,1,14,0,1,1,1,1791157645
2026-10-04T23:48:10+00:00,2026-10-04T23:48:20.731212+00:00,c1789d39-705f-4c03-9c14-4d6a3a4f4400,561,5,0,1,13,0,1,1,1,1791157646
2026-10-04T23:48:10+00:00,2026-10-04T23:48:20.731212+00:00,4f25f6ef-236b-43b4-8a92-68a24db0504b,4f25f6ef-236b-43b4-8a92-68a24db0504b,9,6,0,5,0,1,1,1,1791157646
2026-10-04T23:48:10+00:00,2026-10-04T23:48:20.731212+00:00,f8352378-0de8-11e7-991c-3863bb43a7d0,200,17,2,0,2,0,1,1,1,1791157643
2026-10-04T23:48:10+00:00,2026-10-04T23:48:20.731212+00:00,2002579415401984808,2002579415401984808,6,0,1,4,0,1,1,1,1791157643
2026-10-04T23:48:10+00:00,2026-10-04T23:48:20.731212+00:00,fe6a64e7-c712-404c-85ae-ee77a37245b1,355,12,0,1,4,0,1,1,1,1791157644
2026-10-04T23:48:10+00:00,2026-10-04T23:48:20.731212+00:00,f8351eb0-0de8-11e7-991c-3863bb43a7d0,190,15,3,1,22,0,1,1,1,1791157644
2026-10-04T23:48:10+00:00,2026-10-04T23:48:20.731212+00:00,f834ea45-0de8-11e7-991c-3863bb43a7d0,130,12,4,0,3,0,1,1,1,1791157627
2026-10-04T23:48:10+00:00,2026-10-04T23:48:20.731212+00:00,ad2fb6f2-921f-440c-83de-08be76e35c2a,468,5,2,1,9,0,1,1,1,1791157629
2026-10-04T23:48:10+00:00,2026-10-04T23:48:20.731212+00:00,f0f01d4c-ba4a-4ab2-9cc0-9fa1f9223300,394,5,2,0,9,0,1,1,1,1791157629
2026-10-04T23:48:10+00:00,2026-10-04T23:48:20.731212+00:00,f8351490-0de8-11e7-991c-3863bb43a7d0,179,9,0,0,43,1,1,1,1,1791157628
2026-10-04T23:48:10+00:00,2026-10-04T23:48:20.731212+00:00,42886366-9cbf-432c-ba84-beef38877c87,408,3,0,0,12,0,1,1,1,1791157629
2026-10-04T23:48:10+00:00,2026-10-04T23:48:20.731212+00:00,f834ba08-0de8-11e7-991c-3863bb43a7d0,108,4,0,0,12,0,1,1,1,1791157637
2026-10-04T23:48:10+00:00,2026-10-04T23:48:20.731212+00:00,53548ba4-ad0a-4d92-8e57-fd5c9f3ad102,399,5,1,0,10,0,1,1,1,1791157641
2026-10-04T23:48:10+00:00,2026-10-04T23:48:20.731212+00:00,ed6c012e-6d6c-41e7-8e01-90749fd67575,546,10,9,1,5,0,1,1,1,1791157649
2026-10-04T23:48:10+00:00,2026-10-04T23:48:20.731212+00:00,9f582e05-15e0-4a39-aef5-c719e0c78e26,466,6,1,0,5,0,1,1,1,1791157647
2026-10-04T23:48:10+00:00,2026-10-04T23:48:20.731212+00:00,a75d3da1-ce74-447f-8e80-52506a81aff3,a75d3da1-ce74-447f-8e80-52506a81aff3,6,6,0,5,0,1,1,1,1791157647
2026-10-04T23:48:10+00:00,2026-10-04T23:48:20.731212+00:00,2098360140389493528,2098360140389493528,5,5,4,2,0,1,1,1,1791157647
2026-10-04T23:48:10+00:00,2026-10-04T23:48:20.731212+00:00,2151136782588526782,2151136782588526782,6,0,1,4,0,1,1,1,1791157648
2026-10-04T23:48:10+00:00,2026-10-04T23:48:20.731212+00:00,1676a6f7-c417-48d2-92e8-5ce21995efc3,374,10,2,0,8,0,1,1,1,1791157649
2026-10-04T23:48:10+00:00,2026-10-04T23:48:20.731212+00:00,f83529e2-0de8-11e7-991c-3863bb43a7d0,211,12,1,0,3,0,1,1,1,1791157649
2026-10-04T23:48:10+00:00,2026-10-04T23:48:20.731212+00:00,2212663228188806942,2212663228188806942,0,0,1,23,0,1,1,1,1791157649
2026-10-04T23:48:10+00:00,2026-10-04T23:48:20.731212+00:00,2129865213174084448,2129865213174084448,7,1,0,12,0,1,1,1,1791157653
2026-10-04T23:48:10+00:00,2026-10-04T23:48:20.731212+00:00,1942556871369959976,1942556871369959976,11,2,0,8,0,1,1,1,1791157654
2026-10-04T23:48:10+00:00,2026-10-04T23:48:20.731212+00:00,2254164250455119196,2254164250455119196,9,9,0,6,0,1,1,1,1791157610
2026-10-04T23:48:10+00:00,2026-10-04T23:48:20.731212+00:00,2071630998981871920,2071630998981871920,2,0,0,18,0,1,1,1,1791157654
2026-10-04T23:48:10+00:00,2026-10-04T23:48:20.731212+00:00,f834b99d-0de8-11e7-991c-3863bb43a7d0,107,2,1,0,16,0,1,1,1,1791157654
2026-10-04T23:48:10+00:00,2026-10-04T23:48:20.731212+00:00,a3bf0bfe-198b-4160-a2fb-cc7d10cfb4cf,a3bf0bfe-198b-4160-a2fb-cc7d10cfb4cf,17,1,0,2,0,1,1,1,1791157656
2026-10-04T23:48:10+00:00,2026-10-04T23:48:20.731212+00:00,065e0e5d-8a0d-49b7-9c1f-c8eaba51a8b4,490,10,3,1,7,0,1,1,1,1791157656
2026-10-04T23:48:10+00:00,2026-10-04T23:48:20.731212+00:00,f8351726-0de8-11e7-991c-3863bb43a7d0,185,5,0,1,9,0,1,1,1,1791157652
2026-10-04T23:48:10+00:00,2026-10-04T23:48:20.731212+00:00,403c0f6c-d01a-4171-a7be-3aa4dbb0d7d1,407,3,1,1,14,0,1,1,1,1791157652
2026-10-04T23:48:10+00:00,2026-10-04T23:48:20.731212+00:00,f8349e56-0de8-11e7-991c-3863bb43a7d0,81,12,0,0,7,0,1,1,1,1791157655
2026-10-04T23:48:10+00:00,2026-10-04T23:48:20.731212+00:00,00802fe6-4268-4dc8-8f55-0dbbc1665ce6,515,16,5,0,3,0,1,1,1,1791157657
2026-10-04T23:48:10+00:00,2026-10-04T23:48:20.731212+00:00,2040842277416872172,2040842277416872172,10,0,0,6,0,1,1,1,1791157645
2026-10-04T23:48:10+00:00,2026-10-04T23:48:20.731212+00:00,2007420398783036020,2007420398783036020,6,1,2,12,0,1,1,1,1791157658
2026-10-04T23:48:10+00:00,2026-10-04T23:48:20.731212+00:00,2123672938202825324,2123672938202825324,13,2,1,0,0,1,1,1,1791157658
2026-10-04T23:48:10+00:00,2026-10-04T23:48:20.731212+00:00,f83471a1-0de8-11e7-991c-3863bb43a7d0,23,5,2,0,19,1,1,1,1,1791157661
2026-10-04T23:48:10+00:00,2026-10-04T23:48:20.731212+00:00,2035660824473983142,2035660824473983142,17,3,0,2,0,1,1,1,1791157662
2026-10-04T23:48:10+00:00,2026-10-04T23:48:20.731212+00:00,1989983491501558234,1989983491501558234,3,1,0,8,0,1,1,1,1791157662
2026-10-04T23:48:10+00:00,2026-10-04T23:48:20.731212+00:00,9c8366d8-3b58-4894-b281-09e22f6fe5f7,464,9,3,0,2,0,1,1,1,1791157662
2026-10-04T23:48:10+00:00,2026-10-04T23:48:20.731212+00:00,f834824e-0de8-11e7-991c-3863bb43a7d0,43,2,0,0,13,0,1,1,1,1791157663
2026-10-04T23:48:10+00:00,2026-10-04T23:48:20.731212+00:00,2002248857751890568,2002248857751890568,8,4,0,3,0,1,1,1,1791157660
2026-10-04T23:48:10+00:00,2026-10-04T23:48:20.731212+00:00,2104f242-2dde-4ec0-8197-4454b1021ac1,381,6,1,1,16,1,1,1,1,1791157660
2026-10-04T23:48:10+00:00,2026-10-04T23:48:20.731212+00:00,93381e13-cd04-4e10-ac81-9f5926aa01d5,333,17,0,2,7,0,1,1,1,1791157663
2026-10-04T23:48:10+00:00,2026-10-04T23:48:20.731212+00:00,f834a3a0-0de8-11e7-991c-3863bb43a7d0,87,3,1,0,12,0,1,1,1,1791157663
2026-10-04T23:48:10+00:00,2026-10-04T23:48:20.731212+00:00,7c860828-3359-4229-b59b-963f5a4bab00,236,8,2,1,3,0,1,1,1,1791157661
2026-10-04T23:48:10+00:00,2026-10-04T23:48:20.731212+00:00,f83483f3-0de8-11e7-991c-3863bb43a7d0,46,8,0,1,30,0,1,1,1,1791157659
2026-10-04T23:48:10+00:00,2026-10-04T23:48:20.731212+00:00,186accbb-6a08-4e1d-b267-9033c4443a56,401,15,7,0,0,0,1,1,1,1791157661
2026-10-04T23:48:10+00:00,2026-10-04T23:48:20.731212+00:00,0b0467c1-0c90-4529-a556-fe4d57835bbb,435,14,13,0,0,1,1,1,1,1791157661
2026-10-04T23:48:10+00:00,2026-10-04T23:48:20.731212+00:00,f8352ac4-0de8-11e7-991c-3863bb43a7d0,213,5,2,1,7,0,1,1,1,1791157666
2026-10-04T23:48:10+00:00,2026-10-04T23:48:20.731212+00:00,6e340d8e-45db-4fd9-b6eb-b74ec73b0d3e,535,7,1,0,8,0,1,1,1,1791157667
2026-10-04T23:48:10+00:00,2026-10-04T23:48:20.731212+00:00,f83480a9-0de8-11e7-991c-3863bb43a7d0,40,14,1,2,15,0,1,1,1,1791157668
2026-10-04T23:48:10+00:00,2026-10-04T23:48:20.731212+00:00,f8285d4f-5053-4e26-bb28-72016fe11353,405,14,2,0,5,0,1,1,1,1791157668
2026-10-04T23:48:10+00:00,2026-10-04T23:48:20.731212+00:00,a83f982f-a4f1-43e4-98e8-c8f4a0bb7290,452,12,1,1,2,0,1,1,1,1791157666
2026-10-04T23:48:10+00:00,2026-10-04T23:48:20.731212+00:00,4c128753-6fde-4d4c-896e-a1adf89ada98,4c128753-6fde-4d4c-896e-a1adf89ada98,18,4,1,4,1,1,1,1,1791157666
2026-10-04T23:48:10+00:00,2026-10-04T23:48:20.731212+00:00,2118368356250680236,2118368356250680236,3,2,0,13,0,1,1,1,1791157668
2026-10-04T23:48:10+00:00,2026-10-04T23:48:20.731212+00:00,2038981933682610536,2038981933682610536,4,0,0,12,0,1,1,1,1791157625
2026-10-04T23:48:10+00:00,2026-10-04T23:48:20.731212+00:00,2212258635631104970,2212258635631104970,14,0,0,9,0,1,1,1,1791157674
2026-10-04T23:48:10+00:00,2026-10-04T23:48:20.731212+00:00,47c44bb1-d065-41f5-ad79-c18aee60af34,342,7,0,0,8,0,1,1,1,1791157675
2026-10-04T23:48:10+00:00,2026-10-04T23:48:20.731212+00:00,1921360868231155718,1921360868231155718,1,1,0,18,0,1,1,1,1791157672
2026-10-04T23:48:10+00:00,2026-10-04T23:48:20.731212+00:00,eee3aab6-bd98-4d1f-8887-9c4e2adce482,eee3aab6-bd98-4d1f-8887-9c4e2adce482,8,2,2,1,0,1,1,1,1791157668
2026-10-04T23:48:10+00:00,2026-10-04T23:48:20.731212+00:00,2d32e355-faee-407b-9bb7-45d80ffb059a,2d32e355-faee-407b-9bb7-45d80ffb059a,3,3,0,16,0,1,1,1,1791157671
2026-10-04T23:48:10+00:00,2026-10-04T23:48:20.731212+00:00,f834ec42-0de8-11e7-991c-3863bb43a7d0,131,5,3,1,12,0,1,1,1,1791157671
2026-10-04T23:48:10+00:00,2026-10-04T23:48:20.731212+00:00,4fe8e777-345b-4fc2-a684-dd874e8186d8,4fe8e777-345b-4fc2-a684-dd874e8186d8,9,5,1,4,0,1,1,1,1791157671
2026-10-04T23:48:10+00:00,2026-10-04T23:48:20.731212+00:00,eb8824c3-9c84-4fec-8d6f-d537c8ab3beb,349,12,7,0,4,1,1,1,1,1791157672
2026-10-04T23:48:10+00:00,2026-10-04T23:48:20.731212+00:00,12d463d2-ce50-43bd-81b1-6be4dbdbbc1b,430,12,3,0,7,0,1,1,1,1791157672
2026-10-04T23:48:10+00:00,2026-10-04T23:48:20.731212+00:00,f835108b-0de8-11e7-991c-3863bb43a7d0,170,12,9,0,2,0,1,1,1,1791157673
2026-10-04T23:48:10+00:00,2026-10-04T23:48:20.731212+00:00,2131760674371160748,2131760674371160748,6,1,2,12,0,1,1,1,1791157676
2026-10-04T23:48:10+00:00,2026-10-04T23:48:20.731212+00:00,f8348a68-0de8-11e7-991c-3863bb43a7d0,60,9,0,0,10,0,1,1,1,1791157676
2026-10-04T23:48:10+00:00,2026-10-04T23:48:20.731212+00:00,f83512c9-0de8-11e7-991c-3863bb43a7d0,175,10,0,1,6,0,1,1,1,1791157677
2026-10-04T23:48:10+00:00,2026-10-04T23:48:20.731212+00:00,2093488029445054742,2093488029445054742,8,0,0,20,0,1,1,1,1791157678
2026-10-04T23:48:10+00:00,2026-10-04T23:48:20.731212+00:00,81676204-e42f-4d3d-991e-9c1264f36229,357,7,0,0,8,0,1,1,1,1791157678
2026-10-04T23:48:10+00:00,2026-10-04T23:48:20.731212+00:00,2245672241002318634,2245672241002318634,1,0,1,16,0,1,1,1,1791157677
2026-10-04T23:48:10+00:00,2026-10-04T23:48:20.731212+00:00,1df03e33-c105-4e53-b013-d20056cd57f8,1df03e33-c105-4e53-b013-d20056cd57f8,0,0,0,0,0,0,0,0,86400
2026-10-04T23:48:10+00:00,2026-10-04T23:48:20.731212+00:00,2088704000370565344,2088704000370565344,6,2,2,4,0,1,1,1,1791157429
2026-10-04T23:48:10+00:00,2026-10-04T23:48:20.731212+00:00,ea65c25f-0718-4f79-8588-c58b9fe3a105,226,9,3,1,4,1,1,1,1,1791157564
2026-10-04T23:48:10+00:00,2026-10-04T23:48:20.731212+00:00,1a661bb7-7d14-49e9-ac3d-22bafec8a2f0,507,9,3,1,1,0,1,1,1,1791157575
2026-10-04T23:48:10+00:00,2026-10-04T23:48:20.731212+00:00,2246034666940677832,2246034666940677832,6,1,0,5,0,1,1,1,1791157557
2026-10-04T23:48:10+00:00,2026-10-04T23:48:20.731212+00:00,1cced911-b428-4cfd-81be-3a8f77ce7379,233,15,1,0,0,0,1,1,1,1791157558
2026-10-04T23:48:10+00:00,2026-10-04T23:48:20.731212+00:00,7e1dae55-4d3d-4a41-b969-2aeca70e0e69,7e1dae55-4d3d-4a41-b969-2aeca70e0e69,6,1,0,5,0,1,1,1,1791157558
2026-10-04T23:48:10+00:00,2026-10-04T23:48:20.731212+00:00,f8352b39-0de8-11e7-991c-3863bb43a7d0,214,2,0,0,11,1,1,1,1,1791157570
2026-10-04T23:48:10+00:00,2026-10-04T23:48:20.731212+00:00,f8346ad7-0de8-11e7-991c-3863bb43a7d0,11,7,0,1,6,0,1,1,1,1791157573
2026-10-04T23:48:10+00:00,2026-10-04T23:48:20.731212+00:00,90330e1a-dee5-4914-9d3f-3891aeca12ca,434,12,3,0,7,0,1,1,1,1791157572
2026-10-04T23:48:10+00:00,2026-10-04T23:48:20.731212+00:00,e4678b17-face-42c3-9b5f-98418d31e3b6,e4678b17-face-42c3-9b5f-98418d31e3b6,9,1,0,2,0,1,1,1,1791157571
2026-10-04T23:48:10+00:00,2026-10-04T23:48:20.731212+00:00,2145094035874873892,2145094035874873892,11,0,1,7,0,1,1,1,1791157568
2026-10-04T23:48:10+00:00,2026-10-04T23:48:20.731212+00:00,7f68a70d-af0e-450a-b7a8-ce621cd0c8c1,280,16,4,1,2,0,1,1,1,1791157586
2026-10-04T23:48:10+00:00,2026-10-04T23:48:20.731212+00:00,f8352534-0de8-11e7-991c-3863bb43a7d0,204,3,0,1,11,0,1,1,1,1791157584
2026-10-04T23:48:10+00:00,2026-10-04T23:48:20.731212+00:00,f8350ecf-0de8-11e7-991c-3863bb43a7d0,167,4,3,1,10,0,1,1,1,1791157588
2026-10-04T23:48:10+00:00,2026-10-04T23:48:20.731212+00:00,f8349b20-0de8-11e7-991c-3863bb43a7d0,76,8,0,0,8,0,1,1,1,1791157589
2026-10-04T23:48:10+00:00,2026-10-04T23:48:20.731212+00:00,2119105928286481344,2119105928286481344,5,0,0,14,0,1,1,1,1791157586
2026-10-04T23:48:10+00:00,2026-10-04T23:48:20.731212+00:00,2090158541932726550,2090158541932726550,2,0,0,13,0,1,1,1,1791157587
2026-10-04T23:48:10+00:00,2026-10-04T23:48:20.731212+00:00,f8347c41-0de8-11e7-991c-3863bb43a7d0,32,5,1,2,7,0,1,1,1,1791157587
2026-10-04T23:48:10+00:00,2026-10-04T23:48:20.731212+00:00,6aebc664-1e3c-479f-8f65-2bae99215ed3,6aebc664-1e3c-479f-8f65-2bae99215ed3,6,3,1,4,0,1,1,1,1791157591
2026-10-04T23:48:10+00:00,2026-10-04T23:48:20.731212+00:00,a6e0db4f-fc9b-42af-bfe0-36cc0259b717,446,14,2,0,2,0,1,1,1,1791157595
2026-10-04T23:48:10+00:00,2026-10-04T23:48:20.731212+00:00,ccf82572-a142-4378-9a4b-5a51fcb4ef81,350,12,4,0,5,0,1,1,1,1791157592
2026-10-04T23:48:10+00:00,2026-10-04T23:48:20.731212+00:00,2227858849424910006,2227858849424910006,7,1,0,1,0,1,1,1,1791157592
2026-10-04T23:48:10+00:00,2026-10-04T23:48:20.731212+00:00,d8ce5f8b-2440-45e1-ab1c-23cb3bcbde84,527,4,0,0,9,0,1,1,1,1791157594
2026-10-04T23:48:10+00:00,2026-10-04T23:48:20.731212+00:00,f834e534-0de8-11e7-991c-3863bb43a7d0,128,7,4,0,12,0,1,1,1,1791157599
2026-10-04T23:48:10+00:00,2026-10-04T23:48:20.731212+00:00,f83491d4-0de8-11e7-991c-3863bb43a7d0,64,12,1,0,11,0,1,1,1,1791157600
2026-10-04T23:48:10+00:00,2026-10-04T23:48:20.731212+00:00,f834723b-0de8-11e7-991c-3863bb43a7d0,24,7,1,0,16,0,1,1,1,1791157600
2026-10-04T23:48:10+00:00,2026-10-04T23:48:20.731212+00:00,ef6ef93b-488f-496b-afbf-3aedfd967129,517,6,3,1,8,0,1,1,1,1791157601
2026-10-04T23:48:10+00:00,2026-10-04T23:48:20.731212+00:00,b205d2bb-bb76-49ac-8d14-85eec5a874d3,343,9,1,1,5,0,1,1,1,1791157602
2026-10-04T23:48:10+00:00,2026-10-04T23:48:20.731212+00:00,f8351f1d-0de8-11e7-991c-3863bb43a7d0,191,5,0,0,10,0,1,1,1,1791157604
2026-10-04T23:48:10+00:00,2026-10-04T23:48:20.731212+00:00,f834cfd8-0de8-11e7-991c-3863bb43a7d0,117,2,1,4,5,5,1,1,1,1791157604
2026-10-04T23:48:10+00:00,2026-10-04T23:48:20.731212+00:00,9bfa4a32-5598-46ea-a1a1-17b4c6ed9d84,431,11,2,0,4,0,1,1,1,1791157611
2026-10-04T23:48:10+00:00,2026-10-04T23:48:20.731212+00:00,d22265a8-a6d7-4922-a6b5-4be738a9e5c4,392,14,10,1,0,0,1,1,1,1791157611
2026-10-04T23:48:10+00:00,2026-10-04T23:48:20.731212+00:00,f8352219-0de8-11e7-991c-3863bb43a7d0,197,11,3,1,3,0,1,1,1,1791157616
2026-10-04T23:48:10+00:00,2026-10-04T23:48:20.731212+00:00,25a9114f-66f0-427c-920f-5526ca84f056,346,7,0,0,8,0,1,1,1,1791157605
2026-10-04T23:48:10+00:00,2026-10-04T23:48:20.731212+00:00,f83492b4-0de8-11e7-991c-3863bb43a7d0,66,4,2,2,9,0,1,1,1,1791157614
2026-10-04T23:48:10+00:00,2026-10-04T23:48:20.731212+00:00,51bb4381-dae4-4aeb-b213-0614b807be29,344,3,0,0,16,0,1,1,1,1791157644
2026-10-04T23:48:10+00:00,2026-10-04T23:48:20.731212+00:00,f8350b76-0de8-11e7-991c-3863bb43a7d0,159,2,2,1,16,1,1,1,1,1791157644
2026-10-04T23:48:10+00:00,2026-10-04T23:48:20.731212+00:00,380de8b2-2728-4e4b-83f1-251bfbb5acf2,487,5,1,0,14,0,1,1,1,1791157641
2026-10-04T23:48:10+00:00,2026-10-04T23:48:20.731212+00:00,f8350cc1-0de8-11e7-991c-3863bb43a7d0,162,8,2,0,7,0,1,1,1,1791157641
2026-10-04T23:48:10+00:00,2026-10-04T23:48:20.731212+00:00,2270454512964591136,2270454512964591136,0,0,0,19,0,1,1,1,1791157646
2026-10-04T23:48:10+00:00,2026-10-04T23:48:20.731212+00:00,f83513a7-0de8-11e7-991c-3863bb43a7d0,177,0,0,1,18,0,1,1,1,1791157648
2026-10-04T23:48:10+00:00,2026-10-04T23:48:20.731212+00:00,f8346803-0de8-11e7-991c-3863bb43a7d0,8,10,5,0,9,0,1,1,1,1791157648
2026-10-04T23:48:10+00:00,2026-10-04T23:48:20.731212+00:00,df03c61a-29d7-445d-9980-d7f058916591,345,8,0,0,11,0,1,1,1,1791157650
2026-10-04T23:48:10+00:00,2026-10-04T23:48:20.731212+00:00,23146f28-9762-4a6d-a6db-fcd4ff0e5d07,356,13,0,1,9,0,1,1,1,1791157650
2026-10-04T23:48:10+00:00,2026-10-04T23:48:20.731212+00:00,1963613484180639992,1963613484180639992,16,0,0,3,0,1,1,1,1791157650
2026-10-04T23:48:10+00:00,2026-10-04T23:48:20.731212+00:00,868ccc83-99e5-4faf-96eb-e1fae26b9741,481,10,0,1,8,0,1,1,1,1791157647
2026-10-04T23:48:10+00:00,2026-10-04T23:48:20.731212+00:00,2259733531216984776,2259733531216984776,7,0,0,8,0,1,1,1,1791157607
2026-10-04T23:48:10+00:00,2026-10-04T23:48:20.731212+00:00,f8347f09-0de8-11e7-991c-3863bb43a7d0,37,8,2,0,7,0,1,1,1,1791157619
2026-10-04T23:48:10+00:00,2026-10-04T23:48:20.731212+00:00,9721c80e-fc8f-474f-8918-b68c041d2836,9721c80e-fc8f-474f-8918-b68c041d2836,9,1,0,14,0,1,1,1,1791157621
2026-10-04T23:48:10+00:00,2026-10-04T23:48:20.731212+00:00,f9524971-e9f9-4572-aebc-580e48de042f,f9524971-e9f9-4572-aebc-580e48de042f,17,0,1,1,0,1,1,1,1791157617
2026-10-04T23:48:10+00:00,2026-10-04T23:48:20.731212+00:00,2087949096844032050,2087949096844032050,12,0,0,3,0,1,1,1,1791157618
2026-10-04T23:48:10+00:00,2026-10-04T23:48:20.731212+00:00,b6a8522d-296d-4c05-887d-842374520780,545,11,11,0,2,1,1,1,1,1791157622
2026-10-04T23:48:10+00:00,2026-10-04T23:48:20.731212+00:00,8983c75a-12c1-4995-aedc-24c94bd895e3,384,4,0,1,14,0,1,1,1,1791157635
2026-10-04T23:48:10+00:00,2026-10-04T23:48:20.731212+00:00,2043911250700610106,2043911250700610106,5,0,0,10,0,1,1,1,1791157635
2026-10-04T23:48:10+00:00,2026-10-04T23:48:20.731212+00:00,2141791438824588162,2141791438824588162,3,1,2,14,0,1,1,1,1791157635
2026-10-04T23:48:10+00:00,2026-10-04T23:48:20.731212+00:00,57716f8d-c9ee-4768-8872-71343ec3ffd8,514,13,2,2,4,0,1,1,1,1791157639
2026-10-04T23:48:10+00:00,2026-10-04T23:48:20.731212+00:00,baab0b05-a028-4147-8432-a2726c7e48ea,328,1,0,0,14,0,1,1,1,1791157640
2026-10-04T23:48:10+00:00,2026-10-04T23:48:20.731212+00:00,aa964f5b-fadf-4fc1-8c91-84ee36e15f0d,341,15,3,0,0,0,1,1,1,1791157640
2026-10-04T23:48:10+00:00,2026-10-04T23:48:20.731212+00:00,f834a959-0de8-11e7-991c-3863bb43a7d0,94,7,0,0,4,0,1,1,1,1791157638
2026-10-04T23:48:10+00:00,2026-10-04T23:48:20.731212+00:00,fe90d430-d33f-48b2-a5cd-bc161b220939,553,6,0,0,17,0,1,1,1,1791157638
2026-10-04T23:48:10+00:00,2026-10-04T23:48:20.731212+00:00,56817d8e-3a1c-431a-a529-1a600f80c364,366,6,0,1,20,0,1,1,1,1791157639
2026-10-04T23:48:10+00:00,2026-10-04T23:48:20.731212+00:00,99675a11-a92c-465c-bf5a-434b08ba5fc6,400,4,1,1,47,0,1,1,1,1791157635
2026-10-04T23:48:10+00:00,2026-10-04T23:48:20.731212+00:00,cf5f920f-b61d-4db0-b139-14aff04d577c,459,8,0,0,15,0,1,1,1,1791157634
2026-10-04T23:48:10+00:00,2026-10-04T23:48:20.731212+00:00,2080205593583047424,2080205593583047424,5,0,0,11,0,1,1,1,1791157634
2026-10-04T23:48:10+00:00,2026-10-04T23:48:20.731212+00:00,1991922092203192944,1991922092203192944,10,0,0,9,0,1,1,1,1791157634
2026-10-04T23:48:10+00:00,2026-10-04T23:48:20.731212+00:00,f83488be-0de8-11e7-991c-3863bb43a7d0,56,3,0,0,15,0,1,1,1,1791157637
2026-10-04T23:48:10+00:00,2026-10-04T23:48:20.731212+00:00,fbc512a5-4b98-4821-bcfb-bb0c7ac83543,365,15,3,0,4,0,1,1,1,1791157654
2026-10-04T23:48:10+00:00,2026-10-04T23:48:20.731212+00:00,f834c7a9-0de8-11e7-991c-3863bb43a7d0,112,10,1,1,4,0,1,1,1,1791157654
2026-10-04T23:48:10+00:00,2026-10-04T23:48:20.731212+00:00,2014865445230483952,2014865445230483952,8,1,0,9,0,1,1,1,1791157654
2026-10-04T23:48:10+00:00,2026-10-04T23:48:20.731212+00:00,ff938129-8179-455c-9ac9-9fcb9fc0b6d5,ff938129-8179-455c-9ac9-9fcb9fc0b6d5,15,5,1,3,0,1,1,1,1791157655
2026-10-04T23:48:10+00:00,2026-10-04T23:48:20.731212+00:00,f834662c-0de8-11e7-991c-3863bb43a7d0,5,15,1,0,0,0,1,1,1,1791157655
2026-10-04T23:48:10+00:00,2026-10-04T23:48:20.731212+00:00,7560f0e3-267b-4fb3-bbfa-6e02010cfcb7,225,5,0,1,13,0,1,1,1,1791157653
2026-10-04T23:48:10+00:00,2026-10-04T23:48:20.731212+00:00,270ad97d-035d-472a-9827-76d3187afc56,402,11,1,0,4,0,1,1,1,1791157653
2026-10-04T23:48:10+00:00,2026-10-04T23:48:20.731212+00:00,f2b83aa2-86cd-4904-a099-74bf2023f768,330,15,5,0,1,0,1,1,1,1791157653
2026-10-04T23:48:10+00:00,2026-10-04T23:48:20.731212+00:00,61168d8b-20b7-46c8-8f08-6ae1f100c4e0,550,8,3,0,9,0,1,1,1,1791157653
2026-10-04T23:48:10+00:00,2026-10-04T23:48:20.731212+00:00,d5349097-b478-4b3f-9c46-d8fbcf38e3f4,509,11,0,0,1,0,1,1,1,1791157627
2026-10-04T23:48:10+00:00,2026-10-04T23:48:20.731212+00:00,940638c5-7cd0-4a11-899e-86af3868d400,532,8,0,0,10,0,1,1,1,1791157628
2026-10-04T23:48:10+00:00,2026-10-04T23:48:20.731212+00:00,68e5e79a-3c94-4848-b619-9c0829d7f687,475,11,4,1,3,0,1,1,1,1791157605
2026-10-04T23:48:10+00:00,2026-10-04T23:48:20.731212+00:00,dede6d5f-7d62-496e-a8ca-d5a64afe39c1,544,1,0,0,14,0,1,1,1,1791157610
2026-10-04T23:48:10+00:00,2026-10-04T23:48:20.731212+00:00,f834708e-0de8-11e7-991c-3863bb43a7d0,21,1,1,1,16,0,1,1,1,1791157609
2026-10-04T23:48:10+00:00,2026-10-04T23:48:20.731212+00:00,f834abfd-0de8-11e7-991c-3863bb43a7d0,96,4,1,1,14,0,1,1,1,1791157608
2026-10-04T23:48:10+00:00,2026-10-04T23:48:20.731212+00:00,f834b101-0de8-11e7-991c-3863bb43a7d0,97,8,2,1,9,1,1,1,1,1791157630
2026-10-04T23:48:10+00:00,2026-10-04T23:48:20.731212+00:00,903b9b5d-4244-43e4-8441-0d17f9a994f7,528,2,1,1,8,0,1,1,1,1791157633
2026-10-04T23:48:10+00:00,2026-10-04T23:48:20.731212+00:00,1994466222105870452,1994466222105870452,2,1,2,7,0,1,1,1,1791157633
2026-10-04T23:48:10+00:00,2026-10-04T23:48:20.731212+00:00,b34694c2-c640-4f70-b196-1c357ab798e0,b34694c2-c640-4f70-b196-1c357ab798e0,7,2,0,8,0,1,1,1,1791157631
2026-10-04T23:48:10+00:00,2026-10-04T23:48:20.731212+00:00,295553ea-851b-4ac2-a094-f9d1208e399a,412,19,0,0,0,0,1,1,1,1791157632
2026-10-04T23:48:10+00:00,2026-10-04T23:48:20.731212+00:00,d7507124-4cab-4063-8445-a59a33a3d6e4,512,11,3,1,7,0,1,1,1,1791157659
2026-10-04T23:48:10+00:00,2026-10-04T23:48:20.731212+00:00,0208190e-851c-417d-8bc7-1b218db97fbf,0208190e-851c-417d-8bc7-1b218db97fbf,1,0,0,22,0,1,1,1,1791157659
2026-10-04T23:48:10+00:00,2026-10-04T23:48:20.731212+00:00,2040842870122359032,2040842870122359032,0,0,0,20,0,1,1,1,1791157658
2026-10-04T23:48:10+00:00,2026-10-04T23:48:20.731212+00:00,1986302395589722758,1986302395589722758,7,1,0,3,0,1,1,1,1791157657
2026-10-04T23:48:10+00:00,2026-10-04T23:48:20.731212+00:00,1965873511294959658,1965873511294959658,4,0,0,19,0,1,1,1,1791157658
2026-10-04T23:48:10+00:00,2026-10-04T23:48:20.731212+00:00,2249415127458891992,2249415127458891992,6,1,0,9,0,1,1,1,1791157659
2026-10-04T23:48:10+00:00,2026-10-04T23:48:20.731212+00:00,8a404180-7c2e-4dbe-9489-c478ed959282,8a404180-7c2e-4dbe-9489-c478ed959282,5,0,3,11,0,1,1,1,1791157663
2026-10-04T23:48:10+00:00,2026-10-04T23:48:20.731212+00:00,888780ee-bf2f-474e-9622-6bc725aa1b00,888780ee-bf2f-474e-9622-6bc725aa1b00,0,0,0,11,0,1,1,1,1791157663
2026-10-04T23:48:10+00:00,2026-10-04T23:48:20.731212+00:00,f83511d4-0de8-11e7-991c-3863bb43a7d0,173,7,2,0,6,1,1,1,1,1791157663
2026-10-04T23:48:10+00:00,2026-10-04T23:48:20.731212+00:00,c5cfd1ed-aa44-4e20-96bb-e334c96f0d68,376,4,0,1,10,0,1,1,1,1791157654
2026-10-04T23:48:10+00:00,2026-10-04T23:48:20.731212+00:00,1994054629753598708,1994054629753598708,12,1,0,2,0,1,1,1,1791157663
2026-10-04T23:48:10+00:00,2026-10-04T23:48:20.731212+00:00,2270212773802111256,2270212773802111256,4,0,0,15,0,1,1,1,1791157648
2026-10-04T23:48:10+00:00,2026-10-04T23:48:20.731212+00:00,f834a8a0-0de8-11e7-991c-3863bb43a7d0,93,2,0,1,28,0,1,1,1,1791157666
2026-10-04T23:48:10+00:00,2026-10-04T23:48:20.731212+00:00,48abed77-c9ba-4a39-8a5c-6a1e9bb8a9a5,48abed77-c9ba-4a39-8a5c-6a1e9bb8a9a5,6,2,1,9,0,1,1,1,1791157664
2026-10-04T23:48:10+00:00,2026-10-04T23:48:20.731212+00:00,f8347e78-0de8-11e7-991c-3863bb43a7d0,36,3,0,1,27,0,1,1,1,1791157666
2026-10-04T23:48:10+00:00,2026-10-04T23:48:20.731212+00:00,2039109354743046934,2039109354743046934,10,1,2,7,1,1,1,1,1791157667
2026-10-04T23:48:10+00:00,2026-10-04T23:48:20.731212+00:00,2118728866631796788,2118728866631796788,15,4,0,0,0,1,1,1,1791157669
2026-10-04T23:48:10+00:00,2026-10-04T23:48:20.731212+00:00,ad2cf74c-0e8c-4e15-8f19-2259e8c82f0f,404,12,1,1,3,0,1,1,1,1791157670
2026-10-04T23:48:10+00:00,2026-10-04T23:48:20.731212+00:00,8b97606e-a849-4db8-ae9b-4009fe48d90b,556,8,0,0,11,0,1,1,1,1791157671
2026-10-04T23:48:10+00:00,2026-10-04T23:48:20.731212+00:00,f8346d23-0de8-11e7-991c-3863bb43a7d0,15,3,0,0,12,0,1,1,1,1791157671
2026-10-04T23:48:10+00:00,2026-10-04T23:48:20.731212+00:00,f8349440-0de8-11e7-991c-3863bb43a7d0,68,1,1,0,18,0,1,1,1,1791157671
2026-10-04T23:48:10+00:00,2026-10-04T23:48:20.731212+00:00,f8346b6f-0de8-11e7-991c-3863bb43a7d0,12,7,0,3,17,0,1,1,1,1791157665
2026-10-04T23:48:10+00:00,2026-10-04T23:48:20.731212+00:00,8d893519-bc21-4536-b346-f558988bc8ad,260,13,2,1,1,0,1,1,1,1791157661
2026-10-04T23:48:10+00:00,2026-10-04T23:48:20.731212+00:00,2069389896750516900,2069389896750516900,6,0,1,13,0,1,1,1,1791157669
2026-10-04T23:48:10+00:00,2026-10-04T23:48:20.731212+00:00,f835288a-0de8-11e7-991c-3863bb43a7d0,208,15,0,0,0,0,1,1,1,1791157671
2026-10-04T23:48:10+00:00,2026-10-04T23:48:20.731212+00:00,f83482d2-0de8-11e7-991c-3863bb43a7d0,44,9,1,0,22,0,1,1,1,1791157671
2026-10-04T23:48:10+00:00,2026-10-04T23:48:20.731212+00:00,f83517fa-0de8-11e7-991c-3863bb43a7d0,187,14,3,1,0,0,1,1,1,1791157672
2026-10-04T23:48:10+00:00,2026-10-04T23:48:20.731212+00:00,f8352ba8-0de8-11e7-991c-3863bb43a7d0,215,4,4,0,11,0,1,1,1,1791157672
2026-10-04T23:48:10+00:00,2026-10-04T23:48:20.731212+00:00,36f36eed-1070-49be-8b31-5676b8b3489f,227,14,0,0,5,0,1,1,1,1791157672
2026-10-04T23:48:10+00:00,2026-10-04T23:48:20.731212+00:00,1e1b40cd-8e00-4b74-b147-be6b23f5c9e7,385,3,1,0,12,0,1,1,1,1791157673
2026-10-04T23:48:10+00:00,2026-10-04T23:48:20.731212+00:00,2110984374959099994,2110984374959099994,10,3,1,9,0,1,1,1,1791157639
2026-10-04T23:48:10+00:00,2026-10-04T23:48:20.731212+00:00,f834f6a3-0de8-11e7-991c-3863bb43a7d0,135,10,0,0,7,0,1,1,1,1791157674
2026-10-04T23:48:10+00:00,2026-10-04T23:48:20.731212+00:00,f8347ccd-0de8-11e7-991c-3863bb43a7d0,33,11,0,2,14,0,1,1,1,1791157674
2026-10-04T23:48:10+00:00,2026-10-04T23:48:20.731212+00:00,f83497b9-0de8-11e7-991c-3863bb43a7d0,74,10,0,0,10,0,1,1,1,1791157675
2026-10-04T23:48:10+00:00,2026-10-04T23:48:20.731212+00:00,2090635592862466836,2090635592862466836,6,0,1,23,1,1,1,1,1791157675
2026-10-04T23:48:10+00:00,2026-10-04T23:48:20.731212+00:00,2027502297316997708,2027502297316997708,7,0,0,3,0,1,1,1,1791157675
2026-10-04T23:48:10+00:00,2026-10-04T23:48:20.731212+00:00,f834b8b3-0de8-11e7-991c-3863bb43a7d0,105,1,0,0,17,0,1,1,1,1791157676
2026-10-04T23:48:10+00:00,2026-10-04T23:48:20.731212+00:00,5b1d2661-8a93-4f14-b242-ebc52792f951,337,15,2,0,0,0,1,1,1,1791157676
2026-10-04T23:48:10+00:00,2026-10-04T23:48:20.731212+00:00,2085737662370069102,2085737662370069102,17,11,0,1,1,1,1,1,1791157677
2026-10-04T23:48:10+00:00,2026-10-04T23:48:20.731212+00:00,2085366936904166272,2085366936904166272,1,0,1,13,0,1,1,1,1791157677
2026-10-04T23:48:10+00:00,2026-10-04T23:48:20.731212+00:00,f8348622-0de8-11e7-991c-3863bb43a7d0,50,3,1,1,15,0,1,1,1,1791157677
2026-10-04T23:48:10+00:00,2026-10-04T23:48:20.731212+00:00,81323081-749c-44cf-ac62-0e6c64305c32,461,8,1,0,2,0,1,1,1,1791157677
2026-10-04T23:48:10+00:00,2026-10-04T23:48:20.731212+00:00,103a9881-e30a-4d57-b81d-863b995ff759,255,0,0,0,0,0,0,0,0,86400
2026-10-04T23:48:10+00:00,2026-10-04T23:48:20.731212+00:00,f834b42d-0de8-11e7-991c-3863bb43a7d0,100,1,1,3,20,0,1,1,1,1791157563
2026-10-04T23:48:10+00:00,2026-10-04T23:48:20.731212+00:00,5f726a7d-5c5d-48b1-9b13-06c77572a237,516,2,0,1,8,0,1,1,1,1791157563
2026-10-04T23:48:10+00:00,2026-10-04T23:48:20.731212+00:00,f8348136-0de8-11e7-991c-3863bb43a7d0,41,22,2,3,3,0,1,1,1,1791157570
2026-10-04T23:48:10+00:00,2026-10-04T23:48:20.731212+00:00,53a148ca-ac69-4a9c-a986-9a4b4df2f5df,387,3,3,2,11,0,1,1,1,1791157567
2026-10-04T23:48:10+00:00,2026-10-04T23:48:20.731212+00:00,f834e244-0de8-11e7-991c-3863bb43a7d0,126,7,3,0,8,0,1,1,1,1791157571
2026-10-04T23:48:10+00:00,2026-10-04T23:48:20.731212+00:00,ce55d1b1-4267-40a9-ad44-5eab888ce18a,ce55d1b1-4267-40a9-ad44-5eab888ce18a,8,0,0,14,1,1,1,1,1791157574
2026-10-04T23:48:10+00:00,2026-10-04T23:48:20.731212+00:00,f24a573e-ef07-4785-9270-70c443510ea6,359,1,0,2,8,0,1,1,1,1791157557
2026-10-04T23:48:10+00:00,2026-10-04T23:48:20.731212+00:00,676ca473-eed6-4971-aaf3-e199a7ca335b,433,11,5,0,7,1,1,1,1,1791157558
2026-10-04T23:48:10+00:00,2026-10-04T23:48:20.731212+00:00,b995a0b4-fc26-4661-9bc8-e166d648edfd,353,8,1,0,7,0,1,1,1,1791157556
2026-10-04T23:48:10+00:00,2026-10-04T23:48:20.731212+00:00,f8352c92-0de8-11e7-991c-3863bb43a7d0,217,3,0,0,16,0,1,1,1,1791157558
2026-10-04T23:48:10+00:00,2026-10-04T23:48:20.731212+00:00,ddcc8869-b8d4-483c-b9da-457fcebc8dc1,417,11,0,1,8,0,1,1,1,1791157558
2026-10-04T23:48:10+00:00,2026-10-04T23:48:20.731212+00:00,b23674a7-15a8-46d2-8219-6668acecf24a,548,10,0,0,8,0,1,1,1,1791157558
2026-10-04T23:48:10+00:00,2026-10-04T23:48:20.731212+00:00,42a3ecca-af9a-4556-90ba-7631546f96f8,42a3ecca-af9a-4556-90ba-7631546f96f8,2,2,2,7,0,1,1,1,1791157579
2026-10-04T23:48:10+00:00,2026-10-04T23:48:20.731212+00:00,f834fd36-0de8-11e7-991c-3863bb43a7d0,142,4,2,1,18,0,1,1,1,1791157582
2026-10-04T23:48:10+00:00,2026-10-04T23:48:20.731212+00:00,f83486ab-0de8-11e7-991c-3863bb43a7d0,51,11,2,0,4,0,1,1,1,1791157581
2026-10-04T23:48:10+00:00,2026-10-04T23:48:20.731212+00:00,f8348509-0de8-11e7-991c-3863bb43a7d0,48,4,0,0,13,0,1,1,1,1791157576
2026-10-04T23:48:10+00:00,2026-10-04T23:48:20.731212+00:00,5bc7cba9-f0b0-442d-932c-e8c7927d87ce,386,1,1,1,17,0,1,1,1,1791157584
2026-10-04T23:48:10+00:00,2026-10-04T23:48:20.731212+00:00,518f6524-0e7f-454d-974e-e3ff9db1f795,494,6,2,0,5,0,1,1,1,1791157584
2026-10-04T23:48:10+00:00,2026-10-04T23:48:20.731212+00:00,1960693490199507164,1960693490199507164,8,1,0,11,0,1,1,1,1791157583
2026-10-04T23:48:10+00:00,2026-10-04T23:48:20.731212+00:00,1975886280004030604,1975886280004030604,15,2,0,8,0,1,1,1,1791157584
2026-10-04T23:48:10+00:00,2026-10-04T23:48:20.731212+00:00,9f54207a-3308-43bd-b45c-9042b6389598,423,14,2,0,5,0,1,1,1,1791157587
2026-10-04T23:48:10+00:00,2026-10-04T23:48:20.731212+00:00,5018e851-f2f3-4e18-9914-c316bbcc2c3d,331,0,0,0,15,0,1,1,1,1791157585
2026-10-04T23:48:10+00:00,2026-10-04T23:48:20.731212+00:00,f8349ba9-0de8-11e7-991c-3863bb43a7d0,77,7,1,1,9,1,1,1,1,1791157593
2026-10-04T23:48:10+00:00,2026-10-04T23:48:20.731212+00:00,c1ae49bd-2a20-4684-886b-ead8dd627cfd,c1ae49bd-2a20-4684-886b-ead8dd627cfd,5,0,1,11,0,1,1,1,1791157589
2026-10-04T23:48:10+00:00,2026-10-04T23:48:20.731212+00:00,2078337213380274244,2078337213380274244,6,5,0,5,0,1,1,1,1791157601
2026-10-04T23:48:10+00:00,2026-10-04T23:48:20.731212+00:00,2103549125054737064,2103549125054737064,3,2,0,13,0,1,1,1,1791157602
2026-10-04T23:48:10+00:00,2026-10-04T23:48:20.731212+00:00,2fd22786-dfeb-4126-a906-4f01802087f3,454,14,0,0,5,0,1,1,1,1791157605
2026-10-04T23:48:10+00:00,2026-10-04T23:48:20.731212+00:00,f8346768-0de8-11e7-991c-3863bb43a7d0,7,2,0,1,12,0,1,1,1,1791157609
2026-10-04T23:48:10+00:00,2026-10-04T23:48:20.731212+00:00,f834b49d-0de8-11e7-991c-3863bb43a7d0,101,12,4,0,6,0,1,1,1,1791157626
2026-10-04T23:48:10+00:00,2026-10-04T23:48:20.731212+00:00,2327cb08-fa9f-459b-9ab0-1a319b0f2f4c,539,5,1,1,12,0,1,1,1,1791157626
2026-10-04T23:48:10+00:00,2026-10-04T23:48:20.731212+00:00,a18e1e55-507e-49d8-b7c0-5c0efd959125,358,14,0,0,5,0,1,1,1,1791157630
2026-10-04T23:48:10+00:00,2026-10-04T23:48:20.731212+00:00,f8349824-0de8-11e7-991c-3863bb43a7d0,75,1,0,0,14,0,1,1,1,1791157632
2026-10-04T23:48:10+00:00,2026-10-04T23:48:20.731212+00:00,40e58976-02cc-4c7c-911f-7a6c97588bfa,520,19,3,1,1,0,1,1,1,1791157631
2026-10-04T23:48:10+00:00,2026-10-04T23:48:20.731212+00:00,1944724820826878816,1944724820826878816,3,0,0,14,0,1,1,1,1791157628
2026-10-04T23:48:10+00:00,2026-10-04T23:48:20.731212+00:00,510239fe-69c3-458b-b53c-6ce001845f4a,354,9,5,0,6,0,1,1,1,1791157631
2026-10-04T23:48:10+00:00,2026-10-04T23:48:20.731212+00:00,f8349745-0de8-11e7-991c-3863bb43a7d0,73,7,0,0,7,0,1,1,1,1791157649
2026-10-04T23:48:10+00:00,2026-10-04T23:48:20.731212+00:00,f8347118-0de8-11e7-991c-3863bb43a7d0,22,5,1,0,28,2,1,1,1,1791157649
2026-10-04T23:48:10+00:00,2026-10-04T23:48:20.731212+00:00,70f20fcb-8e63-4015-9007-b97c525ab0a9,335,8,1,2,9,0,1,1,1,1791157646
2026-10-04T23:48:10+00:00,2026-10-04T23:48:20.731212+00:00,2107991976288962746,2107991976288962746,14,0,1,5,0,1,1,1,1791157649
2026-10-04T23:48:10+00:00,2026-10-04T23:48:20.731212+00:00,bb27977d-36c1-496d-8bac-631b612dd7b8,332,6,0,0,7,0,1,1,1,1791157649
2026-10-04T23:48:10+00:00,2026-10-04T23:48:20.731212+00:00,5afe91c4-8076-4f9f-b83b-cf233bda2331,460,1,0,1,13,0,1,1,1,1791157655
2026-10-04T23:48:10+00:00,2026-10-04T23:48:20.731212+00:00,e68655be-23d3-46e5-a509-25be677e7542,482,9,3,0,2,0,1,1,1,1791157654
2026-10-04T23:48:10+00:00,2026-10-04T23:48:20.731212+00:00,287aedf5-0361-47e9-9de0-14ae3b75cc0d,287aedf5-0361-47e9-9de0-14ae3b75cc0d,7,0,0,14,0,1,1,1,1791157655
2026-10-04T23:48:10+00:00,2026-10-04T23:48:20.731212+00:00,ec3eea05-a3ff-43c6-9e24-0c63f09b915f,378,5,0,0,14,0,1,1,1,1791157653
2026-10-04T23:48:10+00:00,2026-10-04T23:48:20.731212+00:00,2029805507281123700,2029805507281123700,17,5,1,1,0,1,1,1,1791157653
2026-10-04T23:48:10+00:00,2026-10-04T23:48:20.731212+00:00,2241260819676115550,2241260819676115550,0,0,0,23,0,1,1,1,1791157595
2026-10-04T23:48:10+00:00,2026-10-04T23:48:20.731212+00:00,abefafdc-c772-4671-86fe-fc15a42adebb,abefafdc-c772-4671-86fe-fc15a42adebb,7,1,0,16,0,1,1,1,1791157597
2026-10-04T23:48:10+00:00,2026-10-04T23:48:20.731212+00:00,533620e8-00ff-494a-b288-bd67602bc98e,472,3,0,0,23,0,1,1,1,1791157599
2026-10-04T23:48:10+00:00,2026-10-04T23:48:20.731212+00:00,2071993292066931472,2071993292066931472,9,1,0,11,0,1,1,1,1791157611
2026-10-04T23:48:10+00:00,2026-10-04T23:48:20.731212+00:00,f83523e3-0de8-11e7-991c-3863bb43a7d0,201,8,1,0,7,0,1,1,1,1791157612
2026-10-04T23:48:10+00:00,2026-10-04T23:48:20.731212+00:00,2223043968513191970,2223043968513191970,6,0,0,10,0,1,1,1,1791157612
2026-10-04T23:48:10+00:00,2026-10-04T23:48:20.731212+00:00,93911aa1-b5e4-48aa-a2b6-38fbcf613006,93911aa1-b5e4-48aa-a2b6-38fbcf613006,12,1,0,6,0,1,1,1,1791157612
2026-10-04T23:48:10+00:00,2026-10-04T23:48:20.731212+00:00,d7ec834e-9d9a-402c-9956-7d5f42676b94,d7ec834e-9d9a-402c-9956-7d5f42676b94,7,0,0,7,1,1,1,1,1791157615
2026-10-04T23:48:10+00:00,2026-10-04T23:48:20.731212+00:00,f83464e4-0de8-11e7-991c-3863bb43a7d0,3,14,2,0,0,0,1,1,1,1791157619
2026-10-04T23:48:10+00:00,2026-10-04T23:48:20.731212+00:00,dfdaf866-b814-48e5-9bd3-eb7c4a733697,dfdaf866-b814-48e5-9bd3-eb7c4a733697,10,4,0,7,0,1,1,1,1791157620
2026-10-04T23:48:10+00:00,2026-10-04T23:48:20.731212+00:00,2113555008851845550,2113555008851845550,12,2,1,7,0,1,1,1,1791157621
2026-10-04T23:48:10+00:00,2026-10-04T23:48:20.731212+00:00,9e710d48-51c1-460e-a027-3d16bde62b13,419,0,0,14,0,1,1,0,0,1791157620
2026-10-04T23:48:10+00:00,2026-10-04T23:48:20.731212+00:00,1997031579059661288,1997031579059661288,6,1,0,5,0,1,1,1,1791157621
2026-10-04T23:48:10+00:00,2026-10-04T23:48:20.731212+00:00,2136942888571742916,2136942888571742916,3,0,0,12,0,1,1,1,1791157621
2026-10-04T23:48:10+00:00,2026-10-04T23:48:20.731212+00:00,f35de2ab-979e-42d5-8cbd-dc479ed637e9,503,2,2,0,4,0,1,1,1,1791157638
2026-10-04T23:48:10+00:00,2026-10-04T23:48:20.731212+00:00,342a2c60-71b0-4d19-98d6-47987cf20dbc,379,11,0,0,4,0,1,1,1,1791157639
2026-10-04T23:48:10+00:00,2026-10-04T23:48:20.731212+00:00,f6df6c1a-064f-428a-951c-2069a081b9df,380,0,0,2,15,0,1,1,1,1791157639
2026-10-04T23:48:10+00:00,2026-10-04T23:48:20.731212+00:00,f8348481-0de8-11e7-991c-3863bb43a7d0,47,17,4,0,2,0,1,1,1,1791157632
2026-10-04T23:48:10+00:00,2026-10-04T23:48:20.731212+00:00,f83494b4-0de8-11e7-991c-3863bb43a7d0,69,6,2,2,12,0,1,1,1,1791157638
2026-10-04T23:48:10+00:00,2026-10-04T23:48:20.731212+00:00,0f554e1d-9f0f-452d-9b4a-e00aa2c5911e,492,3,0,0,12,0,1,1,1,1791157634
2026-10-04T23:48:10+00:00,2026-10-04T23:48:20.731212+00:00,36a8fbc8-6069-4a29-bbfd-63a2d019c9a5,415,12,1,1,6,0,1,1,1,1791157641
2026-10-04T23:48:10+00:00,2026-10-04T23:48:20.731212+00:00,2264176803898382980,2264176803898382980,3,3,0,8,0,1,1,1,1791157642
2026-10-04T23:48:10+00:00,2026-10-04T23:48:20.731212+00:00,2111712079786088918,2111712079786088918,13,2,0,2,0,1,1,1,1791157644
2026-10-04T23:48:10+00:00,2026-10-04T23:48:20.731212+00:00,f834e1b2-0de8-11e7-991c-3863bb43a7d0,125,17,3,1,1,0,1,1,1,1791157658
2026-10-04T23:48:10+00:00,2026-10-04T23:48:20.731212+00:00,2141932795355773712,2141932795355773712,13,0,1,2,0,1,1,1,1791157660
2026-10-04T23:48:10+00:00,2026-10-04T23:48:20.731212+00:00,f8348995-0de8-11e7-991c-3863bb43a7d0,58,13,0,0,6,0,1,1,1,1791157660
2026-10-04T23:48:10+00:00,2026-10-04T23:48:20.731212+00:00,f834cf45-0de8-11e7-991c-3863bb43a7d0,116,5,2,0,18,0,1,1,1,1791157660
2026-10-04T23:48:10+00:00,2026-10-04T23:48:20.731212+00:00,ef54374b-0406-4b17-b0a1-847f1d7bea06,410,11,1,1,3,0,1,1,1,1791157659
2026-10-04T23:48:10+00:00,2026-10-04T23:48:20.731212+00:00,2057166010169469732,2057166010169469732,2,2,1,12,0,1,1,1,1791157656
2026-10-04T23:48:10+00:00,2026-10-04T23:48:20.731212+00:00,2038239468396569074,2038239468396569074,15,0,0,17,0,1,1,1,1791157656
2026-10-04T23:48:10+00:00,2026-10-04T23:48:20.731212+00:00,0adccd89-1d8d-44da-9f7c-5f18acafeddf,338,4,0,2,9,0,1,1,1,1791157663
2026-10-04T23:48:10+00:00,2026-10-04T23:48:20.731212+00:00,13444449-b3a8-43d2-b8b9-a59fbc59a174,397,13,6,2,0,0,1,1,1,1791157663
2026-10-04T23:48:10+00:00,2026-10-04T23:48:20.731212+00:00,f8349c69-0de8-11e7-991c-3863bb43a7d0,78,17,2,0,1,0,1,1,1,1791157663
2026-10-04T23:48:10+00:00,2026-10-04T23:48:20.731212+00:00,2038619205667946906,2038619205667946906,8,7,0,12,0,1,1,1,1791157664
2026-10-04T23:48:10+00:00,2026-10-04T23:48:20.731212+00:00,f83524c0-0de8-11e7-991c-3863bb43a7d0,203,6,4,0,8,0,1,1,1,1791157663
2026-10-04T23:48:10+00:00,2026-10-04T23:48:20.731212+00:00,f83516b8-0de8-11e7-991c-3863bb43a7d0,184,0,0,0,18,1,1,1,1,1791157665
2026-10-04T23:48:10+00:00,2026-10-04T23:48:20.731212+00:00,2170342425741020744,2170342425741020744,15,0,0,2,0,1,1,1,1791157662
2026-10-04T23:48:10+00:00,2026-10-04T23:48:20.731212+00:00,13918b3b-9ac5-4968-a74d-e40dd3bc952e,479,10,0,0,9,0,1,1,1,1791157664
2026-10-04T23:48:10+00:00,2026-10-04T23:48:20.731212+00:00,2ba0c5dd-c990-4434-8a84-5c3eca23f096,447,10,2,0,9,0,1,1,1,1791157670
2026-10-04T23:48:10+00:00,2026-10-04T23:48:20.731212+00:00,f8346894-0de8-11e7-991c-3863bb43a7d0,9,13,2,2,1,0,1,1,1,1791157670
2026-10-04T23:48:10+00:00,2026-10-04T23:48:20.731212+00:00,350e73e3-6f70-4b2d-87ab-24c8629e9a6a,350e73e3-6f70-4b2d-87ab-24c8629e9a6a,12,0,2,5,0,1,1,1,1791157668
2026-10-04T23:48:10+00:00,2026-10-04T23:48:20.731212+00:00,f8351019-0de8-11e7-991c-3863bb43a7d0,169,8,0,0,11,0,1,1,1,1791157669
2026-10-04T23:48:10+00:00,2026-10-04T23:48:20.731212+00:00,2043912031919765854,2043912031919765854,5,1,0,15,0,1,1,1,1791157670
2026-10-04T23:48:10+00:00,2026-10-04T23:48:20.731212+00:00,f834b5d9-0de8-11e7-991c-3863bb43a7d0,103,3,1,0,12,0,1,1,1,1791157671
2026-10-04T23:48:10+00:00,2026-10-04T23:48:20.731212+00:00,2223045710883822544,2223045710883822544,7,1,0,8,0,1,1,1,1791157671
2026-10-04T23:48:10+00:00,2026-10-04T23:48:20.731212+00:00,2217856523888952522,2217856523888952522,5,2,0,15,0,1,1,1,1791157671
2026-10-04T23:48:10+00:00,2026-10-04T23:48:20.731212+00:00,2071632496372113488,2071632496372113488,10,0,1,9,0,1,1,1,1791157671
2026-10-04T23:48:10+00:00,2026-10-04T23:48:20.731212+00:00,f36e24cd-de4c-4a5e-adf4-cb97ccd2958d,505,5,2,3,3,0,1,1,1,1791157668
2026-10-04T23:48:10+00:00,2026-10-04T23:48:20.731212+00:00,ff6ed364-8676-45a0-b97f-71025683849e,442,5,0,0,10,0,1,1,1,1791157668
2026-10-04T23:48:10+00:00,2026-10-04T23:48:20.731212+00:00,f83510fd-0de8-11e7-991c-3863bb43a7d0,171,16,0,2,5,0,1,1,1,1791157666
2026-10-04T23:48:10+00:00,2026-10-04T23:48:20.731212+00:00,83183df0-38c2-4ae8-a0c4-4b59599c9582,222,4,0,0,10,0,1,1,1,1791157666
2026-10-04T23:48:10+00:00,2026-10-04T23:48:20.731212+00:00,7ec0c53c-876a-419c-a78b-4edd000bbc9a,445,13,1,1,5,0,1,1,1,1791157673
2026-10-04T23:48:10+00:00,2026-10-04T23:48:20.731212+00:00,f834f814-0de8-11e7-991c-3863bb43a7d0,136,1,0,0,18,0,1,1,1,1791157675
2026-10-04T23:48:10+00:00,2026-10-04T23:48:20.731212+00:00,54d86d05-b399-42c5-a63a-a97713afc5d4,54d86d05-b399-42c5-a63a-a97713afc5d4,4,2,1,5,0,1,1,1,1791157672
2026-10-04T23:48:10+00:00,2026-10-04T23:48:20.731212+00:00,2072145327190878794,2072145327190878794,8,0,3,13,0,1,1,1,1791157672
2026-10-04T23:48:10+00:00,2026-10-04T23:48:20.731212+00:00,9ca92778-9101-48df-90ea-08b784e26a1a,413,10,2,0,9,0,1,1,1,1791157675
2026-10-04T23:48:10+00:00,2026-10-04T23:48:20.731212+00:00,f8351336-0de8-11e7-991c-3863bb43a7d0,176,12,0,0,3,0,1,1,1,1791157671
2026-10-04T23:48:10+00:00,2026-10-04T23:48:20.731212+00:00,ccd6fdd4-b39e-46d7-b43c-7bacffb6bd87,523,13,6,0,4,0,1,1,1,1791157676
2026-10-04T23:48:10+00:00,2026-10-04T23:48:20.731212+00:00,2070180968009321294,2070180968009321294,12,0,0,7,2,1,1,1,1791157676
2026-10-04T23:48:10+00:00,2026-10-04T23:48:20.731212+00:00,0839bb10-e876-4198-95e4-0147a561853d,258,9,0,1,5,0,1,1,1,1791157673
2026-10-04T23:48:10+00:00,2026-10-04T23:48:20.731212+00:00,02a4416f-80b4-4472-accd-5db482ed5b6d,367,4,2,0,15,0,1,1,1,1791157672
2026-10-04T23:48:10+00:00,2026-10-04T23:48:20.731212+00:00,2267569638034503736,2267569638034503736,9,0,1,9,0,1,1,1,1791157673
2026-10-04T23:48:10+00:00,2026-10-04T23:48:20.731212+00:00,ba634139-d7bf-448f-aac4-25995d36b67b,373,5,3,0,10,0,1,1,1,1791157677
2026-10-04T23:48:10+00:00,2026-10-04T23:48:20.731212+00:00,20b0b405-54ba-4a80-b89c-0819772665db,440,11,4,0,3,0,1,1,1,1791157678
2026-10-04T23:48:10+00:00,2026-10-04T23:48:20.731212+00:00,f834952a-0de8-11e7-991c-3863bb43a7d0,70,15,0,0,7,1,1,1,1,1791157678
2026-10-04T23:48:10+00:00,2026-10-04T23:48:20.731212+00:00,2113200093114979090,2113200093114979090,2,0,0,13,1,1,1,1,1791157677
2026-10-04T23:58:10+00:00,2026-10-04T23:58:21.303450+00:00,6eaa7343-402d-41c9-9aac-8c664fdbdcf1,6eaa7343-402d-41c9-9aac-8c664fdbdcf1,0,0,0,0,0,0,0,0,86400
2026-10-04T23:58:10+00:00,2026-10-04T23:58:21.303450+00:00,2227859082657747444,2227859082657747444,4,0,2,1,0,1,1,1,1791158001
2026-10-04T23:58:10+00:00,2026-10-04T23:58:21.303450+00:00,2251556760922290606,2251556760922290606,6,0,0,9,0,1,1,1,1791158131
2026-10-04T23:58:10+00:00,2026-10-04T23:58:21.303450+00:00,1999639508813492766,1999639508813492766,5,0,1,14,0,1,1,1,1791158163
2026-10-04T23:58:10+00:00,2026-10-04T23:58:21.303450+00:00,f8351649-0de8-11e7-991c-3863bb43a7d0,183,1,0,1,17,0,1,1,1,1791158164
2026-10-04T23:58:10+00:00,2026-10-04T23:58:21.303450+00:00,1976640911178291400,1976640911178291400,3,1,0,8,0,1,1,1,1791158168
2026-10-04T23:58:10+00:00,2026-10-04T23:58:21.303450+00:00,52ca4d94-587f-4a61-a298-a1a755e73bfb,362,9,4,0,10,0,1,1,1,1791158168
2026-10-04T23:58:10+00:00,2026-10-04T23:58:21.303450+00:00,f8351255-0de8-11e7-991c-3863bb43a7d0,174,12,4,1,2,0,1,1,1,1791158170
2026-10-04T23:58:10+00:00,2026-10-04T23:58:21.303450+00:00,f7d416f8-4377-4019-bba7-302dc1d5a11d,391,11,3,0,4,0,1,1,1,1791158171
2026-10-04T23:58:10+00:00,2026-10-04T23:58:21.303450+00:00,25d6f87f-7025-48c5-b202-f91511a4ae19,25d6f87f-7025-48c5-b202-f91511a4ae19,10,1,0,9,0,1,1,1,1791158171
2026-10-04T23:58:10+00:00,2026-10-04T23:58:21.303450+00:00,9fef6df2-7f8f-43fc-a85b-7dd5453860f9,437,11,2,0,6,0,1,1,1,1791158172
2026-10-04T23:58:10+00:00,2026-10-04T23:58:21.303450+00:00,88b35b6d-f355-44dc-b85e-ed2eb1bc9099,406,12,0,1,6,0,1,1,1,1791158172
2026-10-04T23:58:10+00:00,2026-10-04T23:58:21.303450+00:00,133d159e-a202-4310-910f-eca392fe181e,398,9,1,1,9,0,1,1,1,1791158171
2026-10-04T23:58:10+00:00,2026-10-04T23:58:21.303450+00:00,2131371824572002576,2131371824572002576,12,3,2,2,0,1,1,1,1791158174
2026-10-04T23:58:10+00:00,2026-10-04T23:58:21.303450+00:00,f8352973-0de8-11e7-991c-3863bb43a7d0,210,10,0,0,5,0,1,1,1,1791158158
2026-10-04T23:58:10+00:00,2026-10-04T23:58:21.303450+00:00,f8351791-0de8-11e7-991c-3863bb43a7d0,186,2,0,0,13,0,1,1,1,1791158158
2026-10-04T23:58:10+00:00,2026-10-04T23:58:21.303450+00:00,2089808297152151688,2089808297152151688,2,0,2,8,0,1,1,1,1791158155
2026-10-04T23:58:10+00:00,2026-10-04T23:58:21.303450+00:00,918335df-fc1a-45c2-9cfc-c5e2e93aecc0,467,2,0,1,8,0,1,1,1,1791158178
2026-10-04T23:58:10+00:00,2026-10-04T23:58:21.303450+00:00,aefc33cd-40b9-48da-8b87-415428816bdb,488,9,0,0,7,0,1,1,1,1791158177
2026-10-04T23:58:10+00:00,2026-10-04T23:58:21.303450+00:00,f8351f87-0de8-11e7-991c-3863bb43a7d0,192,1,0,0,18,0,1,1,1,1791158191
2026-10-04T23:58:10+00:00,2026-10-04T23:58:21.303450+00:00,6cec3afa-554c-466f-8323-5c619fe0ddc6,6cec3afa-554c-466f-8323-5c619fe0ddc6,6,1,0,5,0,1,1,1,1791158176
2026-10-04T23:58:10+00:00,2026-10-04T23:58:21.303450+00:00,2127252912986958612,2127252912986958612,9,0,0,6,0,1,1,1,1791158175
2026-10-04T23:58:10+00:00,2026-10-04T23:58:21.303450+00:00,f834d34b-0de8-11e7-991c-3863bb43a7d0,120,27,6,1,11,0,1,1,1,1791158219
2026-10-04T23:58:10+00:00,2026-10-04T23:58:21.303450+00:00,4b5de733-9353-4873-9dc2-9558b3cb063a,393,10,2,0,3,0,1,1,1,1791158222
2026-10-04T23:58:10+00:00,2026-10-04T23:58:21.303450+00:00,f55cdf0a-3d7b-491c-bed2-7dc0ef2062d5,489,16,3,0,0,0,1,1,1,1791158223
2026-10-04T23:58:10+00:00,2026-10-04T23:58:21.303450+00:00,f8347ba8-0de8-11e7-991c-3863bb43a7d0,31,7,1,0,12,0,1,1,1,1791158223
2026-10-04T23:58:10+00:00,2026-10-04T23:58:21.303450+00:00,2036412579943670600,2036412579943670600,3,2,0,9,0,1,1,1,1791158057
2026-10-04T23:58:10+00:00,2026-10-04T23:58:21.303450+00:00,2261583246847893606,2261583246847893606,10,1,0,9,0,1,1,1,1791158224
2026-10-04T23:58:10+00:00,2026-10-04T23:58:21.303450+00:00,4d953f0f-13b5-4b3d-b2da-342003ff7cba,4d953f0f-13b5-4b3d-b2da-342003ff7cba,11,3,0,0,0,1,1,1,1791158225
2026-10-04T23:58:10+00:00,2026-10-04T23:58:21.303450+00:00,82b41ffb-e284-4e4d-b22a-0cad2bfd4bee,443,8,0,1,10,0,1,1,1,1791158197
2026-10-04T23:58:10+00:00,2026-10-04T23:58:21.303450+00:00,f606593b-3d07-40f2-bc6d-a0eb96588e44,456,5,2,0,13,0,1,1,1,1791158198
2026-10-04T23:58:10+00:00,2026-10-04T23:58:21.303450+00:00,5410aac7-2ec0-47b6-b728-b99c5137b463,5410aac7-2ec0-47b6-b728-b99c5137b463,3,1,1,7,0,1,1,1,1791158200
2026-10-04T23:58:10+00:00,2026-10-04T23:58:21.303450+00:00,1994515539257334312,1994515539257334312,18,9,0,2,0,1,1,1,1791158200
2026-10-04T23:58:10+00:00,2026-10-04T23:58:21.303450+00:00,2438d052-2cd6-4fba-83c9-39f46cb59398,2438d052-2cd6-4fba-83c9-39f46cb59398,7,0,1,11,0,1,1,1,1791158189
2026-10-04T23:58:10+00:00,2026-10-04T23:58:21.303450+00:00,97a1e4e7-a1ff-427a-aaea-48ca0d00bf9c,348,4,3,0,11,0,1,1,1,1791158180
2026-10-04T23:58:10+00:00,2026-10-04T23:58:21.303450+00:00,f834b928-0de8-11e7-991c-3863bb43a7d0,106,11,1,1,2,0,1,1,1,1791158240
2026-10-04T23:58:10+00:00,2026-10-04T23:58:21.303450+00:00,1919521884659886482,1919521884659886482,1,0,0,18,0,1,1,1,1791158239
2026-10-04T23:58:10+00:00,2026-10-04T23:58:21.303450+00:00,199f3d59-e726-4549-b9c1-4dfc8a343fdb,508,10,6,0,1,0,1,1,1,1791158236
2026-10-04T23:58:10+00:00,2026-10-04T23:58:21.303450+00:00,f8349599-0de8-11e7-991c-3863bb43a7d0,71,12,0,1,10,0,1,1,1,1791158235
2026-10-04T23:58:10+00:00,2026-10-04T23:58:21.303450+00:00,f834f036-0de8-11e7-991c-3863bb43a7d0,133,5,0,2,15,0,1,1,1,1791158236
2026-10-04T23:58:10+00:00,2026-10-04T23:58:21.303450+00:00,a6d6d4b2-3666-43ad-a690-7f676bdcc3fd,542,12,0,1,6,0,1,1,1,1791158238
2026-10-04T23:58:10+00:00,2026-10-04T23:58:21.303450+00:00,f834cb89-0de8-11e7-991c-3863bb43a7d0,115,7,3,0,12,0,1,1,1,1791158182
2026-10-04T23:58:10+00:00,2026-10-04T23:58:21.303450+00:00,2027855476515070160,2027855476515070160,5,0,0,22,0,1,1,1,1791158204
2026-10-04T23:58:10+00:00,2026-10-04T23:58:21.303450+00:00,f8347a8b-0de8-11e7-991c-3863bb43a7d0,29,9,0,0,10,0,1,1,1,1791158204
2026-10-04T23:58:10+00:00,2026-10-04T23:58:21.303450+00:00,f834c6f5-0de8-11e7-991c-3863bb43a7d0,111,13,1,0,1,1,1,1,1,1791158205
2026-10-04T23:58:10+00:00,2026-10-04T23:58:21.303450+00:00,569f4952-5a25-4394-a419-f9c4d9cca6f3,495,18,2,0,0,0,1,1,1,1791158205
2026-10-04T23:58:10+00:00,2026-10-04T23:58:21.303450+00:00,f835244e-0de8-11e7-991c-3863bb43a7d0,202,7,0,0,8,0,1,1,1,1791158206
2026-10-04T23:58:10+00:00,2026-10-04T23:58:21.303450+00:00,8e7c1984-dc81-43b0-a0d3-58c6de45225a,465,7,1,0,4,0,1,1,1,1791158207
2026-10-04T23:58:10+00:00,2026-10-04T23:58:21.303450+00:00,1997031876360597884,1997031876360597884,6,1,0,5,0,1,1,1,1791158203
2026-10-04T23:58:10+00:00,2026-10-04T23:58:21.303450+00:00,f8351569-0de8-11e7-991c-3863bb43a7d0,181,6,1,2,11,0,1,1,1,1791158188
2026-10-04T23:58:10+00:00,2026-10-04T23:58:21.303450+00:00,87b5a8b7-a330-4c51-ab32-7dafa292c88f,421,16,3,0,3,0,1,1,1,1791158188
2026-10-04T23:58:10+00:00,2026-10-04T23:58:21.303450+00:00,625f105e-4407-4988-9095-d1979cbda5e1,234,8,1,1,10,0,1,1,1,1791158188
2026-10-04T23:58:10+00:00,2026-10-04T23:58:21.303450+00:00,f834a1de-0de8-11e7-991c-3863bb43a7d0,84,9,1,0,3,0,1,1,1,1791158216
2026-10-04T23:58:10+00:00,2026-10-04T23:58:21.303450+00:00,ab6517ea-ed53-42eb-8881-657d362e56e8,560,4,1,0,11,0,1,1,1,1791158217
2026-10-04T23:58:10+00:00,2026-10-04T23:58:21.303450+00:00,2251186911126913182,2251186911126913182,12,1,0,7,0,1,1,1,1791158218
2026-10-04T23:58:10+00:00,2026-10-04T23:58:21.303450+00:00,2028220168245183460,2028220168245183460,14,0,0,5,0,1,1,1,1791158218
2026-10-04T23:58:10+00:00,2026-10-04T23:58:21.303450+00:00,eed9e64f-f09d-43c1-aa31-da968c66750a,368,8,4,1,6,0,1,1,1,1791158213
2026-10-04T23:58:10+00:00,2026-10-04T23:58:21.303450+00:00,2031175112202687108,2031175112202687108,3,1,0,13,0,1,1,1,1791158214
2026-10-04T23:58:10+00:00,2026-10-04T23:58:21.303450+00:00,e335fa7c-7adf-4360-9bfa-76b18124a56f,541,3,1,0,8,0,1,1,1,1791158216
2026-10-04T23:58:10+00:00,2026-10-04T23:58:21.303450+00:00,f8346e51-0de8-11e7-991c-3863bb43a7d0,17,13,0,1,1,0,1,1,1,1791158214
2026-10-04T23:58:10+00:00,2026-10-04T23:58:21.303450+00:00,ea00f276-26dc-48ee-b2c8-6e56fd632a2d,272,4,2,0,15,0,1,1,1,1791158215
2026-10-04T23:58:10+00:00,2026-10-04T23:58:21.303450+00:00,a825b55d-3ab3-481f-9c50-d3a7313e6843,228,5,0,0,14,0,1,1,1,1791158214
2026-10-04T23:58:10+00:00,2026-10-04T23:58:21.303450+00:00,2129149628430547474,2129149628430547474,16,3,0,0,0,1,1,1,1791158066
2026-10-04T23:58:10+00:00,2026-10-04T23:58:21.303450+00:00,e519df41-c4d7-403a-9afa-a5dd7cdd2d03,536,3,0,0,15,0,1,1,1,1791158250
2026-10-04T23:58:10+00:00,2026-10-04T23:58:21.303450+00:00,f83532fa-0de8-11e7-991c-3863bb43a7d0,219,13,2,0,2,0,1,1,1,1791158250
2026-10-04T23:58:10+00:00,2026-10-04T23:58:21.303450+00:00,768433a9-fc30-4485-b136-22d6f8a96f1c,768433a9-fc30-4485-b136-22d6f8a96f1c,8,3,0,3,0,1,1,1,1791158247
2026-10-04T23:58:10+00:00,2026-10-04T23:58:21.303450+00:00,1ef9964d-47ac-4cd4-916e-7c006fa1e605,339,6,4,0,9,0,1,1,1,1791158247
2026-10-04T23:58:10+00:00,2026-10-04T23:58:21.303450+00:00,f83466c6-0de8-11e7-991c-3863bb43a7d0,6,0,0,1,13,0,1,1,1,1791158248
2026-10-04T23:58:10+00:00,2026-10-04T23:58:21.303450+00:00,2127634714741013228,2127634714741013228,12,0,1,11,0,1,1,1,1791158250
2026-10-04T23:58:10+00:00,2026-10-04T23:58:21.303450+00:00,f8350199-0de8-11e7-991c-3863bb43a7d0,150,13,4,1,5,0,1,1,1,1791158251
2026-10-04T23:58:10+00:00,2026-10-04T23:58:21.303450+00:00,2363c5a3-93cc-41a2-a767-90f1826c041f,426,4,1,1,22,0,1,1,1,1791158252
2026-10-04T23:58:10+00:00,2026-10-04T23:58:21.303450+00:00,2039387081833476178,2039387081833476178,16,3,0,4,0,1,1,1,1791158252
2026-10-04T23:58:10+00:00,2026-10-04T23:58:21.303450+00:00,f834f948-0de8-11e7-991c-3863bb43a7d0,138,5,3,2,6,0,1,1,1,1791158250
2026-10-04T23:58:10+00:00,2026-10-04T23:58:21.303450+00:00,f8346c96-0de8-11e7-991c-3863bb43a7d0,14,17,1,1,7,0,1,1,1,1791158251
2026-10-04T23:58:10+00:00,2026-10-04T23:58:21.303450+00:00,986068c4-d11a-465a-b8d0-bd0960c57f51,986068c4-d11a-465a-b8d0-bd0960c57f51,1,1,0,13,0,1,1,1,1791158248
2026-10-04T23:58:10+00:00,2026-10-04T23:58:21.303450+00:00,15ec5783-ca7a-4225-ba51-cd0a45ecc975,15ec5783-ca7a-4225-ba51-cd0a45ecc975,9,6,0,2,0,1,1,1,1791158212
2026-10-04T23:58:10+00:00,2026-10-04T23:58:21.303450+00:00,8bc42f7f-753d-4cca-a7d6-0d7c2530ea2c,364,1,1,1,17,0,1,1,1,1791158212
2026-10-04T23:58:10+00:00,2026-10-04T23:58:21.303450+00:00,1999644268058967024,1999644268058967024,3,1,0,21,0,1,1,1,1791158211
2026-10-04T23:58:10+00:00,2026-10-04T23:58:21.303450+00:00,acb27827-d69a-4287-b132-3f529ca62ad2,427,4,3,0,15,0,1,1,1,1791158228
2026-10-04T23:58:10+00:00,2026-10-04T23:58:21.303450+00:00,f834b1ed-0de8-11e7-991c-3863bb43a7d0,99,3,1,1,11,0,1,1,1,1791158225
2026-10-04T23:58:10+00:00,2026-10-04T23:58:21.303450+00:00,1976280681456741062,1976280681456741062,4,4,0,7,0,1,1,1,1791158226
2026-10-04T23:58:10+00:00,2026-10-04T23:58:21.303450+00:00,f8350d30-0de8-11e7-991c-3863bb43a7d0,163,9,0,0,9,0,1,1,1,1791158226
2026-10-04T23:58:10+00:00,2026-10-04T23:58:21.303450+00:00,f834b183-0de8-11e7-991c-3863bb43a7d0,98,11,2,0,11,0,1,1,1,1791158228
2026-10-04T23:58:10+00:00,2026-10-04T23:58:21.303450+00:00,c111ef1a-f276-415d-a95e-8e3c4e3a0c03,522,7,1,1,7,0,1,1,1,1791158231
2026-10-04T23:58:10+00:00,2026-10-04T23:58:21.303450+00:00,1986694622707704150,1986694622707704150,9,0,3,7,0,1,1,1,1791158233
2026-10-04T23:58:10+00:00,2026-10-04T23:58:21.303450+00:00,8d535c23-f186-4161-aa10-17e94be6d4ae,436,7,2,3,4,1,1,1,1,1791158233
2026-10-04T23:58:10+00:00,2026-10-04T23:58:21.303450+00:00,f834fcbe-0de8-11e7-991c-3863bb43a7d0,141,0,0,0,15,0,1,1,1,1791158232
2026-10-04T23:58:10+00:00,2026-10-04T23:58:21.303450+00:00,f834a67b-0de8-11e7-991c-3863bb43a7d0,89,5,2,1,13,0,1,1,1,1791158233
2026-10-04T23:58:10+00:00,2026-10-04T23:58:21.303450+00:00,01d29f8c-768d-4c4f-84ca-3de966075287,469,3,0,0,8,0,1,1,1,1791158234
2026-10-04T23:58:10+00:00,2026-10-04T23:58:21.303450+00:00,2113559364250874028,2113559364250874028,8,1,0,7,0,1,1,1,1791158244
2026-10-04T23:58:10+00:00,2026-10-04T23:58:21.303450+00:00,38706d8c-8d4b-49f7-b6ed-7688449db261,463,3,0,0,16,0,1,1,1,1791158244
2026-10-04T23:58:10+00:00,2026-10-04T23:58:21.303450+00:00,f834a2a8-0de8-11e7-991c-3863bb43a7d0,85,5,1,0,14,0,1,1,1,1791158243
2026-10-04T23:58:10+00:00,2026-10-04T23:58:21.303450+00:00,25489822-e43a-4704-b2a8-d905b78ba77c,389,8,5,0,6,0,1,1,1,1791158244
2026-10-04T23:58:10+00:00,2026-10-04T23:58:21.303450+00:00,f834e75d-0de8-11e7-991c-3863bb43a7d0,129,0,0,0,18,1,1,1,1,1791158244
2026-10-04T23:58:10+00:00,2026-10-04T23:58:21.303450+00:00,dcd76e42-eebc-4432-9726-cdb3372b0b07,557,0,0,0,19,0,1,1,1,1791158242
2026-10-04T23:58:10+00:00,2026-10-04T23:58:21.303450+00:00,ec4e1168-25dc-4929-b17b-e4ae578dd888,425,9,0,0,7,0,1,1,1,1791158241
2026-10-04T23:58:10+00:00,2026-10-04T23:58:21.303450+00:00,f83493c0-0de8-11e7-991c-3863bb43a7d0,67,7,0,0,23,0,1,1,1,1791158245
2026-10-04T23:58:10+00:00,2026-10-04T23:58:21.303450+00:00,803a0c16-4f81-44f1-8b49-a13fcdda40c1,370,0,0,2,15,0,1,1,1,1791158245
2026-10-04T23:58:10+00:00,2026-10-04T23:58:21.303450+00:00,2124664048772581794,2124664048772581794,5,1,0,6,0,1,1,1,1791158246
2026-10-04T23:58:10+00:00,2026-10-04T23:58:21.303450+00:00,1ef5abb2-5af9-41f2-a0dd-1e44278ad9f1,502,10,1,0,1,0,1,1,1,1791158256
2026-10-04T23:58:10+00:00,2026-10-04T23:58:21.303450+00:00,2071991821019036242,2071991821019036242,13,0,0,7,0,1,1,1,1791158255
2026-10-04T23:58:10+00:00,2026-10-04T23:58:21.303450+00:00,f8346dbd-0de8-11e7-991c-3863bb43a7d0,16,6,0,1,12,0,1,1,1,1791158255
2026-10-04T23:58:10+00:00,2026-10-04T23:58:21.303450+00:00,2219705277630124418,2219705277630124418,8,0,0,7,0,1,1,1,1791158254
2026-10-04T23:58:10+00:00,2026-10-04T23:58:21.303450+00:00,f834916a-0de8-11e7-991c-3863bb43a7d0,63,3,3,0,12,0,1,1,1,1791158257
2026-10-04T23:58:10+00:00,2026-10-04T23:58:21.303450+00:00,2132460331327742574,2132460331327742574,7,0,0,11,0,1,1,1,1791158257
2026-10-04T23:58:10+00:00,2026-10-04T23:58:21.303450+00:00,f83473ea-0de8-11e7-991c-3863bb43a7d0,27,3,0,2,18,0,1,1,1,1791158258
2026-10-04T23:58:10+00:00,2026-10-04T23:58:21.303450+00:00,829fa5a8-cc88-4ab2-9f34-b481aaa1612e,259,12,1,0,3,0,1,1,1,1791158257
2026-10-04T23:58:10+00:00,2026-10-04T23:58:21.303450+00:00,800bde2c-51df-497c-ac2d-bc3a8c00c164,800bde2c-51df-497c-ac2d-bc3a8c00c164,8,0,1,6,0,1,1,1,1791158260
2026-10-04T23:58:10+00:00,2026-10-04T23:58:21.303450+00:00,cad0e759-b605-458a-b772-768dcce81dc6,372,18,1,1,0,0,1,1,1,1791158260
2026-10-04T23:58:10+00:00,2026-10-04T23:58:21.303450+00:00,f834d260-0de8-11e7-991c-3863bb43a7d0,119,12,2,0,3,0,1,1,1,1791158260
2026-10-04T23:58:10+00:00,2026-10-04T23:58:21.303450+00:00,2134720099473744344,2134720099473744344,2,1,1,18,0,1,1,1,1791158261
2026-10-04T23:58:10+00:00,2026-10-04T23:58:21.303450+00:00,2126567695528519906,2126567695528519906,13,0,0,7,0,1,1,1,1791158262
2026-10-04T23:58:10+00:00,2026-10-04T23:58:21.303450+00:00,f8347002-0de8-11e7-991c-3863bb43a7d0,20,3,1,1,19,0,1,1,1,1791158267
2026-10-04T23:58:10+00:00,2026-10-04T23:58:21.303450+00:00,1331197c-f6c6-4f4a-a29b-95e580359886,224,10,0,1,6,0,1,1,1,1791158268
2026-10-04T23:58:10+00:00,2026-10-04T23:58:21.303450+00:00,2149920539832638004,2149920539832638004,2,0,2,11,0,1,1,1,1791158266
2026-10-04T23:58:10+00:00,2026-10-04T23:58:21.303450+00:00,9b0aff89-5242-475e-b03b-87c3c3bf51bb,477,8,0,1,10,0,1,1,1,1791158265
2026-10-04T23:58:10+00:00,2026-10-04T23:58:21.303450+00:00,f8348598-0de8-11e7-991c-3863bb43a7d0,49,10,1,1,7,0,1,1,1,1791158266
2026-10-04T23:58:10+00:00,2026-10-04T23:58:21.303450+00:00,e4d5271f-5f76-401b-b7f0-c8dce3c26f10,462,8,0,1,2,0,1,1,1,1791158263
2026-10-04T23:58:10+00:00,2026-10-04T23:58:21.303450+00:00,1991921362058752616,1991921362058752616,0,0,0,20,0,1,1,1,1791158264
2026-10-04T23:58:10+00:00,2026-10-04T23:58:21.303450+00:00,5d17f129-af8c-4f30-bc58-6a8279052772,543,5,2,1,13,0,1,1,1,1791158266
2026-10-04T23:58:10+00:00,2026-10-04T23:58:21.303450+00:00,f8348719-0de8-11e7-991c-3863bb43a7d0,52,11,3,0,12,0,1,1,1,1791158269
2026-10-04T23:58:10+00:00,2026-10-04T23:58:21.303450+00:00,d1a5e406-718c-44b9-b9dd-e63605b888aa,555,9,8,0,6,0,1,1,1,1791158271
2026-10-04T23:58:10+00:00,2026-10-04T23:58:21.303450+00:00,2250817396738253956,2250817396738253956,0,0,0,14,1,1,1,1,1791158272
2026-10-04T23:58:10+00:00,2026-10-04T23:58:21.303450+00:00,f8347ded-0de8-11e7-991c-3863bb43a7d0,35,7,1,1,23,0,1,1,1,1791158273
2026-10-04T23:58:10+00:00,2026-10-04T23:58:21.303450+00:00,b44b7c3d-c054-4591-92a9-3b96d86050ab,b44b7c3d-c054-4591-92a9-3b96d86050ab,5,3,0,6,0,1,1,1,1791158273
2026-10-04T23:58:10+00:00,2026-10-04T23:58:21.303450+00:00,2036103727838931110,2036103727838931110,5,0,0,4,0,1,1,1,1791158275
2026-10-04T23:58:10+00:00,2026-10-04T23:58:21.303450+00:00,2220033166406469278,2220033166406469278,10,3,0,5,0,1,1,1,1791158277
2026-10-04T23:58:10+00:00,2026-10-04T23:58:21.303450+00:00,2110566771130438288,2110566771130438288,7,3,1,8,0,1,1,1,1791158277
2026-10-04T23:58:10+00:00,2026-10-04T23:58:21.303450+00:00,f8350129-0de8-11e7-991c-3863bb43a7d0,149,15,0,0,3,0,1,1,1,1791158277
2026-10-04T23:58:10+00:00,2026-10-04T23:58:21.303450+00:00,77c1736c-a609-4453-94f7-8e4253a8193c,474,7,3,0,4,0,1,1,1,1791158276
2026-10-04T23:58:10+00:00,2026-10-04T23:58:21.303450+00:00,f8349070-0de8-11e7-991c-3863bb43a7d0,61,5,0,3,11,0,1,1,1,1791158276
2026-10-04T23:58:10+00:00,2026-10-04T23:58:21.303450+00:00,f834c5c9-0de8-11e7-991c-3863bb43a7d0,110,4,3,0,11,0,1,1,1,1791158276
2026-10-04T23:58:10+00:00,2026-10-04T23:58:21.303450+00:00,57f5003b-6574-40b3-83d7-3b5dee1472e0,518,4,0,1,5,0,1,1,1,1791158277
2026-10-04T23:58:10+00:00,2026-10-04T23:58:21.303450+00:00,40ee059e-8530-4992-9114-c16b87d6832f,441,15,4,0,4,0,1,1,1,1791158278
2026-10-04T23:58:10+00:00,2026-10-04T23:58:21.303450+00:00,2136546016037880534,2136546016037880534,7,0,0,8,0,1,1,1,1791158077
2026-10-04T23:58:10+00:00,2026-10-04T23:58:21.303450+00:00,2256120653476329202,2256120653476329202,13,1,0,2,0,1,1,1,1791158084
2026-10-04T23:58:10+00:00,2026-10-04T23:58:21.303450+00:00,f8352a4d-0de8-11e7-991c-3863bb43a7d0,212,5,0,0,27,0,1,1,1,1791158161
2026-10-04T23:58:10+00:00,2026-10-04T23:58:21.303450+00:00,3c837bc0-fd08-49c4-adf5-0e9a98e918a7,524,7,2,1,7,0,1,1,1,1791158159
2026-10-04T23:58:10+00:00,2026-10-04T23:58:21.303450+00:00,2223046412750968128,2223046412750968128,6,0,0,13,0,1,1,1,1791158158
2026-10-04T23:58:10+00:00,2026-10-04T23:58:21.303450+00:00,f4a64c30-b97f-4ae5-b531-a11698b558d7,562,4,0,0,4,0,1,1,1,1791158164
2026-10-04T23:58:10+00:00,2026-10-04T23:58:21.303450+00:00,1961066392414132348,1961066392414132348,1,0,3,15,0,1,1,1,1791158164
2026-10-04T23:58:10+00:00,2026-10-04T23:58:21.303450+00:00,f8347361-0de8-11e7-991c-3863bb43a7d0,26,6,0,0,9,0,1,1,1,1791158172
2026-10-04T23:58:10+00:00,2026-10-04T23:58:21.303450+00:00,b0b8e427-7203-4844-9c70-129e08a74452,347,12,5,1,1,0,1,1,1,1791158176
2026-10-04T23:58:10+00:00,2026-10-04T23:58:21.303450+00:00,2002247509585342522,2002247509585342522,5,2,0,6,0,1,1,1,1791158178
2026-10-04T23:58:10+00:00,2026-10-04T23:58:21.303450+00:00,8f51f8f1-ecb8-4cd3-8529-296a03140c51,8f51f8f1-ecb8-4cd3-8529-296a03140c51,10,2,0,9,0,1,1,1,1791158178
2026-10-04T23:58:10+00:00,2026-10-04T23:58:21.303450+00:00,f8346a3c-0de8-11e7-991c-3863bb43a7d0,10,7,0,0,4,0,1,1,1,1791158178
2026-10-04T23:58:10+00:00,2026-10-04T23:58:21.303450+00:00,f834b652-0de8-11e7-991c-3863bb43a7d0,104,12,2,0,5,0,1,1,1,1791158179
2026-10-04T23:58:10+00:00,2026-10-04T23:58:21.303450+00:00,2fded452-cbd0-4248-b008-f8a61ed9a85f,2fded452-cbd0-4248-b008-f8a61ed9a85f,2,0,0,13,0,1,1,1,1791158181
2026-10-04T23:58:10+00:00,2026-10-04T23:58:21.303450+00:00,8b703219-1e16-4ba1-9f46-2b7030c7849a,360,7,2,1,7,0,1,1,1,1791158187
2026-10-04T23:58:10+00:00,2026-10-04T23:58:21.303450+00:00,efd724b2-31cb-4aec-b9d9-8ab79271630c,493,9,0,0,8,0,1,1,1,1791158187
2026-10-04T23:58:10+00:00,2026-10-04T23:58:21.303450+00:00,1206f5c8-7d1f-4c32-9d65-f3e80186fbde,511,5,2,1,13,0,1,1,1,1791158190
2026-10-04T23:58:10+00:00,2026-10-04T23:58:21.303450+00:00,f8352150-0de8-11e7-991c-3863bb43a7d0,196,4,1,0,6,0,1,1,1,1791158189
2026-10-04T23:58:10+00:00,2026-10-04T23:58:21.303450+00:00,a3b94ed8-8301-4ec6-baf2-64ac493b5106,529,1,1,0,13,0,1,1,1,1791158191
2026-10-04T23:58:10+00:00,2026-10-04T23:58:21.303450+00:00,4caf6e93-ddd7-4b6f-9e61-f9df1206ac92,4caf6e93-ddd7-4b6f-9e61-f9df1206ac92,3,1,0,16,0,1,1,1,1791158193
2026-10-04T23:58:10+00:00,2026-10-04T23:58:21.303450+00:00,af066ffd-b892-434f-8532-1982fc408780,480,0,0,0,11,0,1,1,1,1791158195
2026-10-04T23:58:10+00:00,2026-10-04T23:58:21.303450+00:00,f1cafe36-f800-41f6-b74d-73953cb6394c,471,5,0,0,22,0,1,1,1,1791158193
2026-10-04T23:58:10+00:00,2026-10-04T23:58:21.303450+00:00,2035765531590062506,2035765531590062506,9,6,1,1,0,1,1,1,1791158170
2026-10-04T23:58:10+00:00,2026-10-04T23:58:21.303450+00:00,e49a5b83-2c9c-4610-a48b-89cfea172c8f,504,3,0,0,8,0,1,1,1,1791158170
2026-10-04T23:58:10+00:00,2026-10-04T23:58:21.303450+00:00,f8346c01-0de8-11e7-991c-3863bb43a7d0,13,10,3,0,9,0,1,1,1,1791158169
2026-10-04T23:58:10+00:00,2026-10-04T23:58:21.303450+00:00,dd05a440-f881-410c-a071-864da11c634a,318,6,0,0,13,0,1,1,1,1791158205
2026-10-04T23:58:10+00:00,2026-10-04T23:58:21.303450+00:00,f8352c1a-0de8-11e7-991c-3863bb43a7d0,216,19,4,0,0,0,1,1,1,1791158205
2026-10-04T23:58:10+00:00,2026-10-04T23:58:21.303450+00:00,634b697d-0e64-4102-8849-abac7a7f8e35,455,7,2,0,4,0,1,1,1,1791158206
2026-10-04T23:58:10+00:00,2026-10-04T23:58:21.303450+00:00,c98f50f6-1901-4c64-b164-8cf33245e022,282,12,1,1,4,1,1,1,1,1791158209
2026-10-04T23:58:10+00:00,2026-10-04T23:58:21.303450+00:00,f834d064-0de8-11e7-991c-3863bb43a7d0,118,7,3,3,9,0,1,1,1,1791158209
2026-10-04T23:58:10+00:00,2026-10-04T23:58:21.303450+00:00,f834fb66-0de8-11e7-991c-3863bb43a7d0,139,2,0,0,17,0,1,1,1,1791158203
2026-10-04T23:58:10+00:00,2026-10-04T23:58:21.303450+00:00,f834923d-0de8-11e7-991c-3863bb43a7d0,65,7,0,0,12,0,1,1,1,1791158207
2026-10-04T23:58:10+00:00,2026-10-04T23:58:21.303450+00:00,13681246-4bf8-444a-a908-fa165e4ad298,329,8,1,0,7,0,1,1,1,1791158207
2026-10-04T23:58:10+00:00,2026-10-04T23:58:21.303450+00:00,2113560016964645240,2113560016964645240,17,0,0,2,0,1,1,1,1791158207
2026-10-04T23:58:10+00:00,2026-10-04T23:58:21.303450+00:00,a51b429f-bf06-425a-b3fe-b3155aa6468c,a51b429f-bf06-425a-b3fe-b3155aa6468c,6,2,2,3,0,1,1,1,1791158225
2026-10-04T23:58:10+00:00,2026-10-04T23:58:21.303450+00:00,2012646293885032702,2012646293885032702,23,6,1,0,0,1,1,1,1791158224
2026-10-04T23:58:10+00:00,2026-10-04T23:58:21.303450+00:00,31382324-2931-491a-827a-40149e45afee,232,6,0,0,5,0,1,1,1,1791158227
2026-10-04T23:58:10+00:00,2026-10-04T23:58:21.303450+00:00,2111332861978124760,2111332861978124760,4,1,1,11,0,1,1,1,1791158228
2026-10-04T23:58:10+00:00,2026-10-04T23:58:21.303450+00:00,1984021766354634770,1984021766354634770,18,1,0,1,0,1,1,1,1791158257
2026-10-04T23:58:10+00:00,2026-10-04T23:58:21.303450+00:00,f834ff5a-0de8-11e7-991c-3863bb43a7d0,145,9,3,1,9,0,1,1,1,1791158256
2026-10-04T23:58:10+00:00,2026-10-04T23:58:21.303450+00:00,f8350be5-0de8-11e7-991c-3863bb43a7d0,160,9,4,0,5,0,1,1,1,1791158228
2026-10-04T23:58:10+00:00,2026-10-04T23:58:21.303450+00:00,f8352306-0de8-11e7-991c-3863bb43a7d0,199,8,7,0,7,0,1,1,1,1791158258
2026-10-04T23:58:10+00:00,2026-10-04T23:58:21.303450+00:00,f835027c-0de8-11e7-991c-3863bb43a7d0,152,13,0,0,14,0,1,1,1,1791158253
2026-10-04T23:58:10+00:00,2026-10-04T23:58:21.303450+00:00,2079440939380771716,2079440939380771716,6,3,1,4,0,1,1,1,1791158261
2026-10-04T23:58:10+00:00,2026-10-04T23:58:21.303450+00:00,3b158c7a-a362-43ae-af1f-121b78be32d7,483,11,0,1,5,0,1,1,1,1791158261
2026-10-04T23:58:10+00:00,2026-10-04T23:58:21.303450+00:00,3dbbb3cb-b52d-46f8-8f9c-db11e83d081c,327,6,0,0,9,0,1,1,1,1791158263
2026-10-04T23:58:10+00:00,2026-10-04T23:58:21.303450+00:00,dd8dee9d-d044-41d6-9371-8463cf9c671b,526,6,4,0,8,1,1,1,1,1791158263
2026-10-04T23:58:10+00:00,2026-10-04T23:58:21.303450+00:00,f8349d6e-0de8-11e7-991c-3863bb43a7d0,79,12,1,1,5,0,1,1,1,1791158263
2026-10-04T23:58:10+00:00,2026-10-04T23:58:21.303450+00:00,1e3beeb4-f8e1-452c-93e5-48df78d4b313,334,15,2,0,3,0,1,1,1,1791158262
2026-10-04T23:58:10+00:00,2026-10-04T23:58:21.303450+00:00,f8348924-0de8-11e7-991c-3863bb43a7d0,57,4,2,1,8,0,1,1,1,1791158262
2026-10-04T23:58:10+00:00,2026-10-04T23:58:21.303450+00:00,f8351ff1-0de8-11e7-991c-3863bb43a7d0,193,4,0,1,9,0,1,1,1,1791158262
2026-10-04T23:58:10+00:00,2026-10-04T23:58:21.303450+00:00,a9d13461-7f0f-47b0-9a97-8ec9e9792865,533,17,0,0,1,0,1,1,1,1791158262
2026-10-04T23:58:10+00:00,2026-10-04T23:58:21.303450+00:00,ee18dbd6-05b8-4d38-a120-f84c3499a77e,519,8,2,1,2,0,1,1,1,1791158263
2026-10-04T23:58:10+00:00,2026-10-04T23:58:21.303450+00:00,a9bc314b-a3fd-46e5-a63b-f005258bba5f,a9bc314b-a3fd-46e5-a63b-f005258bba5f,3,0,0,14,1,1,1,1,1791158259
2026-10-04T23:58:10+00:00,2026-10-04T23:58:21.303450+00:00,2124668538068359456,2124668538068359456,15,0,0,4,0,1,1,1,1791158259
2026-10-04T23:58:10+00:00,2026-10-04T23:58:21.303450+00:00,a439fff7-8630-464c-b277-efca6f6bc664,531,12,0,0,2,0,1,1,1,1791158218
2026-10-04T23:58:10+00:00,2026-10-04T23:58:21.303450+00:00,b5894555-30a3-46db-918a-fdeb083d6001,336,8,3,1,6,0,1,1,1,1791158219
2026-10-04T23:58:10+00:00,2026-10-04T23:58:21.303450+00:00,3de6e5da-9702-4623-8683-26abd98012a8,525,5,0,1,6,0,1,1,1,1791158224
2026-10-04T23:58:10+00:00,2026-10-04T23:58:21.303450+00:00,c935cfb1-ef73-402e-9b86-83aaaac6534d,478,10,1,1,8,0,1,1,1,1791158216
2026-10-04T23:58:10+00:00,2026-10-04T23:58:21.303450+00:00,910f1452-dbeb-4e69-b226-71b2d7e85715,910f1452-dbeb-4e69-b226-71b2d7e85715,1,0,0,9,0,1,1,1,1791158217
2026-10-04T23:58:10+00:00,2026-10-04T23:58:21.303450+00:00,1963273678015717438,1963273678015717438,7,0,0,12,0,1,1,1,1791158214
2026-10-04T23:58:10+00:00,2026-10-04T23:58:21.303450+00:00,1994461916590643872,1994461916590643872,4,0,1,6,0,1,1,1,1791158240
2026-10-04T23:58:10+00:00,2026-10-04T23:58:21.303450+00:00,2131714490587826928,2131714490587826928,11,7,0,5,0,1,1,1,1791158241
2026-10-04T23:58:10+00:00,2026-10-04T23:58:21.303450+00:00,f834db9b-0de8-11e7-991c-3863bb43a7d0,121,13,8,1,3,0,1,1,1,1791158238
2026-10-04T23:58:10+00:00,2026-10-04T23:58:21.303450+00:00,e3f5d039-a49e-4b3b-ab4d-4efbef2068c6,e3f5d039-a49e-4b3b-ab4d-4efbef2068c6,18,0,0,4,0,1,1,1,1791158239
2026-10-04T23:58:10+00:00,2026-10-04T23:58:21.303450+00:00,4764641e-b080-4c70-a1e1-049de81e09d0,273,27,0,1,12,0,1,1,1,1791158229
2026-10-04T23:58:10+00:00,2026-10-04T23:58:21.303450+00:00,7dd0fc98-c1dd-4c93-9c1d-4bbdf5f93346,473,12,8,0,2,0,1,1,1,1791158229
2026-10-04T23:58:10+00:00,2026-10-04T23:58:21.303450+00:00,2100948177843249670,2100948177843249670,3,3,0,8,0,1,1,1,1791158230
2026-10-04T23:58:10+00:00,2026-10-04T23:58:21.303450+00:00,f834b50a-0de8-11e7-991c-3863bb43a7d0,102,3,0,1,11,0,1,1,1,1791158231
2026-10-04T23:58:10+00:00,2026-10-04T23:58:21.303450+00:00,ee0fa23e-a6c2-474d-a6ef-bf581d63f1ae,ee0fa23e-a6c2-474d-a6ef-bf581d63f1ae,8,8,0,3,0,1,1,1,1791158232
2026-10-04T23:58:10+00:00,2026-10-04T23:58:21.303450+00:00,0bc49982-74e9-4bbf-9991-e3d809d6319e,530,0,0,0,19,0,1,1,1,1791158229
2026-10-04T23:58:10+00:00,2026-10-04T23:58:21.303450+00:00,fbb9b58c-2b92-4bcf-8e4c-a982e40d2f39,221,7,1,0,12,0,1,1,1,1791158230
2026-10-04T23:58:10+00:00,2026-10-04T23:58:21.303450+00:00,dd008e3c-ff17-4c82-abe0-502272a62425,558,9,1,0,9,0,1,1,1,1791158233
2026-10-04T23:58:10+00:00,2026-10-04T23:58:21.303450+00:00,f835141c-0de8-11e7-991c-3863bb43a7d0,178,7,2,2,11,0,1,1,1,1791158231
2026-10-04T23:58:10+00:00,2026-10-04T23:58:21.303450+00:00,2158217922577811100,2158217922577811100,6,1,0,13,0,1,1,1,1791158235
2026-10-04T23:58:10+00:00,2026-10-04T23:58:21.303450+00:00,2126939746529359956,2126939746529359956,3,0,0,16,0,1,1,1,1791158235
2026-10-04T23:58:10+00:00,2026-10-04T23:58:21.303450+00:00,f83514f9-0de8-11e7-991c-3863bb43a7d0,180,18,1,1,0,0,1,1,1,1791158235
2026-10-04T23:58:10+00:00,2026-10-04T23:58:21.303450+00:00,be7e7068-b85f-42c1-8ea1-e1d64e531323,be7e7068-b85f-42c1-8ea1-e1d64e531323,3,0,0,12,0,1,1,1,1791158234
2026-10-04T23:58:10+00:00,2026-10-04T23:58:21.303450+00:00,68323451-daf0-4532-a6cb-b070e3ef358f,68323451-daf0-4532-a6cb-b070e3ef358f,10,1,0,9,0,1,1,1,1791158234
2026-10-04T23:58:10+00:00,2026-10-04T23:58:21.303450+00:00,609c2f06-310e-4134-8dd2-3d23aa41487b,609c2f06-310e-4134-8dd2-3d23aa41487b,21,4,2,0,0,1,1,1,1791158248
2026-10-04T23:58:10+00:00,2026-10-04T23:58:21.303450+00:00,f8348781-0de8-11e7-991c-3863bb43a7d0,53,18,0,0,1,0,1,1,1,1791158244
2026-10-04T23:58:10+00:00,2026-10-04T23:58:21.303450+00:00,082262bd-086b-46c7-83ce-eed2b39142ff,416,9,0,0,6,0,1,1,1,1791158244
2026-10-04T23:58:10+00:00,2026-10-04T23:58:21.303450+00:00,3a6d94a7-9fee-41c5-b8cc-a8487c5e691b,549,14,1,0,9,0,1,1,1,1791158245
2026-10-04T23:58:10+00:00,2026-10-04T23:58:21.303450+00:00,f834fda2-0de8-11e7-991c-3863bb43a7d0,143,10,0,0,13,0,1,1,1,1791158251
2026-10-04T23:58:10+00:00,2026-10-04T23:58:21.303450+00:00,25cc602a-152a-4abe-9df8-a131d0a5d94b,235,7,1,0,8,0,1,1,1,1791158252
2026-10-04T23:58:10+00:00,2026-10-04T23:58:21.303450+00:00,fae99a0c-e88a-4112-94d8-f655cf34e651,fae99a0c-e88a-4112-94d8-f655cf34e651,5,1,1,14,0,1,1,1,1791158250
2026-10-04T23:58:10+00:00,2026-10-04T23:58:21.303450+00:00,2120986392451359068,2120986392451359068,4,2,0,15,0,1,1,1,1791158250
2026-10-04T23:58:10+00:00,2026-10-04T23:58:21.303450+00:00,f83472d3-0de8-11e7-991c-3863bb43a7d0,25,1,1,1,13,0,1,1,1,1791158249
2026-10-04T23:58:10+00:00,2026-10-04T23:58:21.303450+00:00,f8353277-0de8-11e7-991c-3863bb43a7d0,218,7,0,0,10,0,1,1,1,1791158252
2026-10-04T23:58:10+00:00,2026-10-04T23:58:21.303450+00:00,f834a32d-0de8-11e7-991c-3863bb43a7d0,86,17,0,0,8,0,1,1,1,1791158264
2026-10-04T23:58:10+00:00,2026-10-04T23:58:21.303450+00:00,f8348021-0de8-11e7-991c-3863bb43a7d0,39,23,7,0,4,0,1,1,1,1791158265
2026-10-04T23:58:10+00:00,2026-10-04T23:58:21.303450+00:00,f8350c56-0de8-11e7-991c-3863bb43a7d0,161,15,0,0,8,0,1,1,1,1791158265
2026-10-04T23:58:10+00:00,2026-10-04T23:58:21.303450+00:00,f8349672-0de8-11e7-991c-3863bb43a7d0,72,5,5,1,17,0,1,1,1,1791158266
2026-10-04T23:58:10+00:00,2026-10-04T23:58:21.303450+00:00,0cb6d635-6a7d-4d75-89b4-36b12616be12,432,11,7,0,8,0,1,1,1,1791158265
2026-10-04T23:58:10+00:00,2026-10-04T23:58:21.303450+00:00,2248987790637065652,2248987790637065652,4,2,0,8,0,1,1,1,1791158265
2026-10-04T23:58:10+00:00,2026-10-04T23:58:21.303450+00:00,66763558-7a03-48a9-8665-6b4445b81f48,458,10,3,0,5,0,1,1,1,1791158266
2026-10-04T23:58:10+00:00,2026-10-04T23:58:21.303450+00:00,f836bc28-36a7-4ca6-bba6-0d75333d84bb,538,14,0,0,5,0,1,1,1,1791158267
2026-10-04T23:58:10+00:00,2026-10-04T23:58:21.303450+00:00,3f4f4ad4-a715-43d5-828f-f8381f26b66a,390,11,1,2,1,1,1,1,1,1791158268
2026-10-04T23:58:10+00:00,2026-10-04T23:58:21.303450+00:00,f8348857-0de8-11e7-991c-3863bb43a7d0,55,12,1,1,1,0,1,1,1,1791158266
2026-10-04T23:58:10+00:00,2026-10-04T23:58:21.303450+00:00,2004828637786472956,2004828637786472956,8,2,2,9,0,1,1,1,1791158269
2026-10-04T23:58:10+00:00,2026-10-04T23:58:21.303450+00:00,2071724371800490690,2071724371800490690,8,0,0,12,0,1,1,1,1791158272
2026-10-04T23:58:10+00:00,2026-10-04T23:58:21.303450+00:00,dc770287-c70c-43ea-a635-39f3dc6b09cd,dc770287-c70c-43ea-a635-39f3dc6b09cd,2,1,0,9,0,1,1,1,1791158273
2026-10-04T23:58:10+00:00,2026-10-04T23:58:21.303450+00:00,f8349de4-0de8-11e7-991c-3863bb43a7d0,80,8,0,0,26,0,1,1,1,1791158273
2026-10-04T23:58:10+00:00,2026-10-04T23:58:21.303450+00:00,2115804056935012722,2115804056935012722,15,0,1,3,0,1,1,1,1791158273
2026-10-04T23:58:10+00:00,2026-10-04T23:58:21.303450+00:00,f8351e42-0de8-11e7-991c-3863bb43a7d0,189,6,0,1,16,0,1,1,1,1791158274
2026-10-04T23:58:10+00:00,2026-10-04T23:58:21.303450+00:00,f83487f0-0de8-11e7-991c-3863bb43a7d0,54,0,0,0,15,0,1,1,1,1791158269
2026-10-04T23:58:10+00:00,2026-10-04T23:58:21.303450+00:00,57caf362-1e8b-46aa-9ee3-82341c405ab0,271,9,6,0,6,0,1,1,1,1791158274
2026-10-04T23:58:10+00:00,2026-10-04T23:58:21.303450+00:00,2253794653988522864,2253794653988522864,11,0,0,8,0,1,1,1,1791158270
2026-10-04T23:58:10+00:00,2026-10-04T23:58:21.303450+00:00,f835259f-0de8-11e7-991c-3863bb43a7d0,205,7,2,0,8,0,1,1,1,1791158270
2026-10-04T23:58:10+00:00,2026-10-04T23:58:21.303450+00:00,2080157934789007958,2080157934789007958,16,2,2,1,0,1,1,1,1791158275
2026-10-04T23:58:10+00:00,2026-10-04T23:58:21.303450+00:00,50cc3c7f-50ed-4c70-b483-c89f3f47c938,491,7,1,0,12,0,1,1,1,1791158276
2026-10-04T23:58:10+00:00,2026-10-04T23:58:21.303450+00:00,f834ffc9-0de8-11e7-991c-3863bb43a7d0,146,4,3,0,15,0,1,1,1,1791158277
2026-10-04T23:58:10+00:00,2026-10-04T23:58:21.303450+00:00,2171110977443594588,2171110977443594588,7,2,2,6,0,1,1,1,1791158277
2026-10-04T23:58:10+00:00,2026-10-04T23:58:21.303450+00:00,d81e16e2-a410-4a0b-b5ae-b72748fc9781,d81e16e2-a410-4a0b-b5ae-b72748fc9781,1,1,0,18,0,1,1,1,1791158278
2026-10-04T23:58:10+00:00,2026-10-04T23:58:21.303450+00:00,2074236051937964826,2074236051937964826,4,2,1,9,2,1,1,1,1791158278
2026-10-04T23:58:10+00:00,2026-10-04T23:58:21.303450+00:00,2220822464984366036,2220822464984366036,2,0,0,10,0,1,1,1,1791158074
2026-10-04T23:58:10+00:00,2026-10-04T23:58:21.303450+00:00,c202f2ca-ec1d-4dc5-a734-e0a342f23ba4,279,0,0,14,9,0,1,0,0,1791156258
2026-10-04T23:58:10+00:00,2026-10-04T23:58:21.303450+00:00,12141b77-6e5f-444b-bace-2abf16db4fee,12141b77-6e5f-444b-bace-2abf16db4fee,0,0,7,4,0,1,0,0,1790828072
2026-10-04T23:58:10+00:00,2026-10-04T23:58:21.303450+00:00,2225590560002383786,2225590560002383786,0,0,0,15,0,1,1,1,1791158169
2026-10-04T23:58:10+00:00,2026-10-04T23:58:21.303450+00:00,2118368356250680236,2118368356250680236,2,1,0,14,0,1,1,1,1791158167
2026-10-04T23:58:10+00:00,2026-10-04T23:58:21.303450+00:00,9e9be067-c6bb-41de-9491-eda69d24d6de,371,17,7,0,1,1,1,1,1,1791158167
2026-10-04T23:58:10+00:00,2026-10-04T23:58:21.303450+00:00,403c0f6c-d01a-4171-a7be-3aa4dbb0d7d1,407,4,2,1,13,0,1,1,1,1791158137
2026-10-04T23:58:10+00:00,2026-10-04T23:58:21.303450+00:00,f8349ed6-0de8-11e7-991c-3863bb43a7d0,82,19,4,0,6,0,1,1,1,1791158124
2026-10-04T23:58:10+00:00,2026-10-04T23:58:21.303450+00:00,c23a4c0d-7e43-4042-80e2-7c894d07763b,559,6,0,0,5,0,1,1,1,1791158191
2026-10-04T23:58:10+00:00,2026-10-04T23:58:21.303450+00:00,f834fc57-0de8-11e7-991c-3863bb43a7d0,140,5,2,0,12,0,1,1,1,1791158191
2026-10-04T23:58:10+00:00,2026-10-04T23:58:21.303450+00:00,2040842277416872172,2040842277416872172,10,0,0,6,0,1,1,1,1791158188
2026-10-04T23:58:10+00:00,2026-10-04T23:58:21.303450+00:00,52485851-e554-49de-ab9f-f536806d2d34,52485851-e554-49de-ab9f-f536806d2d34,1,0,0,10,0,1,1,1,1791158203
2026-10-04T23:58:10+00:00,2026-10-04T23:58:21.303450+00:00,5bbdd12f-fec4-4741-9d5d-4a60834c5d02,377,14,4,0,5,0,1,1,1,1791158207
2026-10-04T23:58:10+00:00,2026-10-04T23:58:21.303450+00:00,bd1755dc-f26c-420e-85b3-fd025d0b5445,554,15,0,0,0,0,1,1,1,1791158207
2026-10-04T23:58:10+00:00,2026-10-04T23:58:21.303450+00:00,f714390d-6874-43fa-a079-a07f83c79c7b,f714390d-6874-43fa-a079-a07f83c79c7b,10,8,0,1,0,1,1,1,1791158206
2026-10-04T23:58:10+00:00,2026-10-04T23:58:21.303450+00:00,2267959380696438832,2267959380696438832,7,0,0,4,0,1,1,1,1791158209
2026-10-04T23:58:10+00:00,2026-10-04T23:58:21.303450+00:00,e2c306f6-82c7-4d0d-89fd-c9452d2f9ad1,361,23,5,0,20,0,1,1,1,1791158210
2026-10-04T23:58:10+00:00,2026-10-04T23:58:21.303450+00:00,9cc65d3d-cfcc-45ff-8f75-7264556b1cf9,9cc65d3d-cfcc-45ff-8f75-7264556b1cf9,14,3,0,5,0,1,1,1,1791158210
2026-10-04T23:58:10+00:00,2026-10-04T23:58:21.303450+00:00,0daf7408-7a15-4d2b-8c39-f1a097cdbe85,403,9,0,0,6,0,1,1,1,1791158209
2026-10-04T23:58:10+00:00,2026-10-04T23:58:21.303450+00:00,5f8ced09-665c-41e5-b67e-1e58fac21830,521,0,0,0,11,0,1,1,1,1791158211
2026-10-04T23:58:10+00:00,2026-10-04T23:58:21.303450+00:00,2130224177726511580,2130224177726511580,4,3,0,11,0,1,1,1,1791158212
2026-10-04T23:58:10+00:00,2026-10-04T23:58:21.303450+00:00,2245672241002318634,2245672241002318634,1,0,1,16,0,1,1,1,1791158213
2026-10-04T23:58:10+00:00,2026-10-04T23:58:21.303450+00:00,1976642295079838524,1976642295079838524,6,2,0,5,0,1,1,1,1791158210
2026-10-04T23:58:10+00:00,2026-10-04T23:58:21.303450+00:00,8347c34d-68df-404b-ac58-7a387cc3ce4b,414,18,4,0,5,0,1,1,1,1791158217
2026-10-04T23:58:10+00:00,2026-10-04T23:58:21.303450+00:00,f8350a84-0de8-11e7-991c-3863bb43a7d0,157,6,0,0,9,0,1,1,1,1791158216
2026-10-04T23:58:10+00:00,2026-10-04T23:58:21.303450+00:00,f834dc46-0de8-11e7-991c-3863bb43a7d0,122,9,0,1,5,0,1,1,1,1791158215
2026-10-04T23:58:10+00:00,2026-10-04T23:58:21.303450+00:00,f83481c5-0de8-11e7-991c-3863bb43a7d0,42,28,0,0,2,0,1,1,1,1791158214
2026-10-04T23:58:10+00:00,2026-10-04T23:58:21.303450+00:00,2254164250455119196,2254164250455119196,9,9,0,6,0,1,1,1,1791158120
2026-10-04T23:58:10+00:00,2026-10-04T23:58:21.303450+00:00,1921360868231155718,1921360868231155718,1,1,0,18,0,1,1,1,1791158158
2026-10-04T23:58:10+00:00,2026-10-04T23:58:21.303450+00:00,81676204-e42f-4d3d-991e-9c1264f36229,357,7,0,0,8,0,1,1,1,1791158159
2026-10-04T23:58:10+00:00,2026-10-04T23:58:21.303450+00:00,7feae3ce-ddf2-4a45-a123-1209c8a9182b,484,5,1,0,6,0,1,1,1,1791158194
2026-10-04T23:58:10+00:00,2026-10-04T23:58:21.303450+00:00,2038981933682610536,2038981933682610536,4,0,0,12,0,1,1,1,1791158194
2026-10-04T23:58:10+00:00,2026-10-04T23:58:21.303450+00:00,2123672938202825324,2123672938202825324,13,2,1,1,0,1,1,1,1791158197
2026-10-04T23:58:10+00:00,2026-10-04T23:58:21.303450+00:00,f8347b1e-0de8-11e7-991c-3863bb43a7d0,30,10,1,0,5,0,1,1,1,1791158194
2026-10-04T23:58:10+00:00,2026-10-04T23:58:21.303450+00:00,f83520d8-0de8-11e7-991c-3863bb43a7d0,195,15,2,0,8,0,1,1,1,1791158198
2026-10-04T23:58:10+00:00,2026-10-04T23:58:21.303450+00:00,d1c0b0c2-6e4c-424e-a946-a2a95a711633,422,8,2,0,7,0,1,1,1,1791158199
2026-10-04T23:58:10+00:00,2026-10-04T23:58:21.303450+00:00,f8351dc2-0de8-11e7-991c-3863bb43a7d0,188,5,2,0,10,0,1,1,1,1791158199
2026-10-04T23:58:10+00:00,2026-10-04T23:58:21.303450+00:00,aa556ad4-0092-4687-96c2-8dbc69addb56,485,2,2,2,7,0,1,1,1,1791158178
2026-10-04T23:58:10+00:00,2026-10-04T23:58:21.303450+00:00,f834ec42-0de8-11e7-991c-3863bb43a7d0,131,5,3,1,12,0,1,1,1,1791158169
2026-10-04T23:58:10+00:00,2026-10-04T23:58:21.303450+00:00,fe534b6f-61ad-47d3-b9f6-cdaa128f53a4,395,7,0,1,7,0,1,1,1,1791158173
2026-10-04T23:58:10+00:00,2026-10-04T23:58:21.303450+00:00,2249419943962214726,2249419943962214726,3,1,1,15,0,1,1,1,1791158172
2026-10-04T23:58:10+00:00,2026-10-04T23:58:21.303450+00:00,2212258635631104970,2212258635631104970,14,0,0,9,0,1,1,1,1791158182
2026-10-04T23:58:10+00:00,2026-10-04T23:58:21.303450+00:00,f8346f6f-0de8-11e7-991c-3863bb43a7d0,19,11,0,1,2,0,1,1,1,1791158183
2026-10-04T23:58:10+00:00,2026-10-04T23:58:21.303450+00:00,f8350204-0de8-11e7-991c-3863bb43a7d0,151,1,0,0,18,0,1,1,1,1791158185
2026-10-04T23:58:10+00:00,2026-10-04T23:58:21.303450+00:00,1942556871369959976,1942556871369959976,11,2,0,8,0,1,1,1,1791158260
2026-10-04T23:58:10+00:00,2026-10-04T23:58:21.303450+00:00,f8351726-0de8-11e7-991c-3863bb43a7d0,185,4,0,2,9,0,1,1,1,1791158260
2026-10-04T23:58:10+00:00,2026-10-04T23:58:21.303450+00:00,2129865213174084448,2129865213174084448,7,1,0,12,0,1,1,1,1791158261
2026-10-04T23:58:10+00:00,2026-10-04T23:58:21.303450+00:00,2109111257926871498,2109111257926871498,11,7,0,8,0,1,1,1,1791158262
2026-10-04T23:58:10+00:00,2026-10-04T23:58:21.303450+00:00,065e0e5d-8a0d-49b7-9c1f-c8eaba51a8b4,490,10,3,1,7,0,1,1,1,1791158263
2026-10-04T23:58:10+00:00,2026-10-04T23:58:21.303450+00:00,f8349e56-0de8-11e7-991c-3863bb43a7d0,81,12,0,0,7,0,1,1,1,1791158263
2026-10-04T23:58:10+00:00,2026-10-04T23:58:21.303450+00:00,2212663228188806942,2212663228188806942,0,0,1,23,0,1,1,1,1791158262
2026-10-04T23:58:10+00:00,2026-10-04T23:58:21.303450+00:00,7df1ee28-441e-44c1-8507-8f58946be96b,239,4,1,0,11,0,1,1,1,1791158225
2026-10-04T23:58:10+00:00,2026-10-04T23:58:21.303450+00:00,f8352068-0de8-11e7-991c-3863bb43a7d0,194,7,3,0,12,0,1,1,1,1791158227
2026-10-04T23:58:10+00:00,2026-10-04T23:58:21.303450+00:00,81bfc33b-30d8-4881-b261-712715a8b2bc,363,9,1,0,8,1,1,1,1,1791158228
2026-10-04T23:58:10+00:00,2026-10-04T23:58:21.303450+00:00,c5017e67-cada-4549-a52e-0f13dddd289d,424,8,1,0,11,0,1,1,1,1791158229
2026-10-04T23:58:10+00:00,2026-10-04T23:58:21.303450+00:00,ad2fb6f2-921f-440c-83de-08be76e35c2a,468,5,2,1,9,0,1,1,1,1791158236
2026-10-04T23:58:10+00:00,2026-10-04T23:58:21.303450+00:00,f0f01d4c-ba4a-4ab2-9cc0-9fa1f9223300,394,5,2,0,9,0,1,1,1,1791158235
2026-10-04T23:58:10+00:00,2026-10-04T23:58:21.303450+00:00,f8351490-0de8-11e7-991c-3863bb43a7d0,179,9,0,0,43,1,1,1,1,1791158236
2026-10-04T23:58:10+00:00,2026-10-04T23:58:21.303450+00:00,42886366-9cbf-432c-ba84-beef38877c87,408,3,0,0,12,0,1,1,1,1791158237
2026-10-04T23:58:10+00:00,2026-10-04T23:58:21.303450+00:00,f8352ac4-0de8-11e7-991c-3863bb43a7d0,213,6,2,1,7,0,1,1,1,1791158236
2026-10-04T23:58:10+00:00,2026-10-04T23:58:21.303450+00:00,f834ea45-0de8-11e7-991c-3863bb43a7d0,130,12,4,0,3,0,1,1,1,1791158234
2026-10-04T23:58:10+00:00,2026-10-04T23:58:21.303450+00:00,228b8017-e4da-4722-9223-b8279a14b8ad,448,8,3,1,1,0,1,1,1,1791158234
2026-10-04T23:58:10+00:00,2026-10-04T23:58:21.303450+00:00,74cb9bf6-bb53-4c70-88d2-67998b99628c,296,8,4,2,13,0,1,1,1,1791158238
2026-10-04T23:58:10+00:00,2026-10-04T23:58:21.303450+00:00,2071630998981871920,2071630998981871920,2,0,0,18,0,1,1,1,1791158246
2026-10-04T23:58:10+00:00,2026-10-04T23:58:21.303450+00:00,f834caf2-0de8-11e7-991c-3863bb43a7d0,114,4,1,0,11,0,1,1,1,1791158249
2026-10-04T23:58:10+00:00,2026-10-04T23:58:21.303450+00:00,f834ab92-0de8-11e7-991c-3863bb43a7d0,95,5,0,0,7,2,1,1,1,1791158248
2026-10-04T23:58:10+00:00,2026-10-04T23:58:21.303450+00:00,f835108b-0de8-11e7-991c-3863bb43a7d0,170,12,9,0,2,0,1,1,1,1791158249
2026-10-04T23:58:10+00:00,2026-10-04T23:58:21.303450+00:00,9340e113-e0b2-48ac-b58a-8b6f001b0a94,486,4,1,0,7,0,1,1,1,1791158249
2026-10-04T23:58:10+00:00,2026-10-04T23:58:21.303450+00:00,2096125468116637776,2096125468116637776,12,0,2,1,0,1,1,1,1791158249
2026-10-04T23:58:10+00:00,2026-10-04T23:58:21.303450+00:00,53548ba4-ad0a-4d92-8e57-fd5c9f3ad102,399,5,1,0,10,0,1,1,1,1791158250
2026-10-04T23:58:10+00:00,2026-10-04T23:58:21.303450+00:00,1a39ab83-f029-4134-aad4-35380b30bf2c,1a39ab83-f029-4134-aad4-35380b30bf2c,14,2,0,5,0,1,1,1,1791158250
2026-10-04T23:58:10+00:00,2026-10-04T23:58:21.303450+00:00,e32c0bb9-e85b-4764-b0fb-5c582cfd3a90,340,13,6,1,3,2,1,1,1,1791158250
2026-10-04T23:58:10+00:00,2026-10-04T23:58:21.303450+00:00,f8351eb0-0de8-11e7-991c-3863bb43a7d0,190,15,3,1,22,0,1,1,1,1791158251
2026-10-04T23:58:10+00:00,2026-10-04T23:58:21.303450+00:00,2002579415401984808,2002579415401984808,6,0,1,4,0,1,1,1,1791158250
2026-10-04T23:58:10+00:00,2026-10-04T23:58:21.303450+00:00,eb8824c3-9c84-4fec-8d6f-d537c8ab3beb,349,12,7,0,4,1,1,1,1,1791158251
2026-10-04T23:58:10+00:00,2026-10-04T23:58:21.303450+00:00,f835260c-0de8-11e7-991c-3863bb43a7d0,206,10,1,1,29,0,1,1,1,1791158252
2026-10-04T23:58:10+00:00,2026-10-04T23:58:21.303450+00:00,fe6a64e7-c712-404c-85ae-ee77a37245b1,355,12,0,1,4,0,1,1,1,1791158252
2026-10-04T23:58:10+00:00,2026-10-04T23:58:21.303450+00:00,be18593a-9e4c-4a13-8bb2-a5bac3d9b2b3,547,7,1,0,11,0,1,1,1,1791158254
2026-10-04T23:58:10+00:00,2026-10-04T23:58:21.303450+00:00,f834a7d1-0de8-11e7-991c-3863bb43a7d0,91,5,0,0,14,0,1,1,1,1791158254
2026-10-04T23:58:10+00:00,2026-10-04T23:58:21.303450+00:00,a75d3da1-ce74-447f-8e80-52506a81aff3,a75d3da1-ce74-447f-8e80-52506a81aff3,6,6,0,5,0,1,1,1,1791158254
2026-10-04T23:58:10+00:00,2026-10-04T23:58:21.303450+00:00,4f25f6ef-236b-43b4-8a92-68a24db0504b,4f25f6ef-236b-43b4-8a92-68a24db0504b,9,6,0,5,0,1,1,1,1791158254
2026-10-04T23:58:10+00:00,2026-10-04T23:58:21.303450+00:00,c1789d39-705f-4c03-9c14-4d6a3a4f4400,561,5,0,1,13,0,1,1,1,1791158253
2026-10-04T23:58:10+00:00,2026-10-04T23:58:21.303450+00:00,f834824e-0de8-11e7-991c-3863bb43a7d0,43,2,0,0,13,0,1,1,1,1791158212
2026-10-04T23:58:10+00:00,2026-10-04T23:58:21.303450+00:00,f8352378-0de8-11e7-991c-3863bb43a7d0,200,17,2,0,2,0,1,1,1,1791158250
2026-10-04T23:58:10+00:00,2026-10-04T23:58:21.303450+00:00,2014558273483754010,2014558273483754010,4,2,0,15,0,1,1,1,1791158221
2026-10-04T23:58:10+00:00,2026-10-04T23:58:21.303450+00:00,f83515d8-0de8-11e7-991c-3863bb43a7d0,182,9,0,1,8,0,1,1,1,1791158223
2026-10-04T23:58:10+00:00,2026-10-04T23:58:21.303450+00:00,4fe8e777-345b-4fc2-a684-dd874e8186d8,4fe8e777-345b-4fc2-a684-dd874e8186d8,9,5,1,4,0,1,1,1,1791158221
2026-10-04T23:58:10+00:00,2026-10-04T23:58:21.303450+00:00,bd3d4824-7203-4edc-a314-cea2b413e886,319,4,1,0,22,1,1,1,1,1791158220
2026-10-04T23:58:10+00:00,2026-10-04T23:58:21.303450+00:00,2007420398783036020,2007420398783036020,6,1,2,12,0,1,1,1,1791158220
2026-10-04T23:58:10+00:00,2026-10-04T23:58:21.303450+00:00,2d32e355-faee-407b-9bb7-45d80ffb059a,2d32e355-faee-407b-9bb7-45d80ffb059a,2,2,0,17,0,1,1,1,1791158221
2026-10-04T23:58:10+00:00,2026-10-04T23:58:21.303450+00:00,f834fede-0de8-11e7-991c-3863bb43a7d0,144,9,3,0,9,0,1,1,1,1791158228
2026-10-04T23:58:10+00:00,2026-10-04T23:58:21.303450+00:00,f834f8ca-0de8-11e7-991c-3863bb43a7d0,137,13,6,0,6,0,1,1,1,1791158232
2026-10-04T23:58:10+00:00,2026-10-04T23:58:21.303450+00:00,f834a838-0de8-11e7-991c-3863bb43a7d0,92,13,2,1,4,0,1,1,1,1791158229
2026-10-04T23:58:10+00:00,2026-10-04T23:58:21.303450+00:00,f834658f-0de8-11e7-991c-3863bb43a7d0,4,5,0,1,13,0,1,1,1,1791158229
2026-10-04T23:58:10+00:00,2026-10-04T23:58:21.303450+00:00,12d463d2-ce50-43bd-81b1-6be4dbdbbc1b,430,11,2,0,8,0,1,1,1,1791158233
2026-10-04T23:58:10+00:00,2026-10-04T23:58:21.303450+00:00,1978882443666915710,1978882443666915710,15,0,1,1,1,1,1,1,1791158240
2026-10-04T23:58:10+00:00,2026-10-04T23:58:21.303450+00:00,f83489ff-0de8-11e7-991c-3863bb43a7d0,59,4,3,0,14,1,1,1,1,1791158241
2026-10-04T23:58:10+00:00,2026-10-04T23:58:21.303450+00:00,f834ba08-0de8-11e7-991c-3863bb43a7d0,108,4,0,0,12,0,1,1,1,1791158243
2026-10-04T23:58:10+00:00,2026-10-04T23:58:21.303450+00:00,13d4171b-6d93-490e-923f-f2a17d5c7613,13d4171b-6d93-490e-923f-f2a17d5c7613,1,0,3,7,0,1,1,1,1791158242
2026-10-04T23:58:10+00:00,2026-10-04T23:58:21.303450+00:00,00802fe6-4268-4dc8-8f55-0dbbc1665ce6,515,16,5,0,2,0,1,1,1,1791158241
2026-10-04T23:58:10+00:00,2026-10-04T23:58:21.303450+00:00,f834dedf-0de8-11e7-991c-3863bb43a7d0,124,3,0,0,11,0,1,1,1,1791158242
2026-10-04T23:58:10+00:00,2026-10-04T23:58:21.303450+00:00,f83529e2-0de8-11e7-991c-3863bb43a7d0,211,12,1,0,3,0,1,1,1,1791158256
2026-10-04T23:58:10+00:00,2026-10-04T23:58:21.303450+00:00,ed6c012e-6d6c-41e7-8e01-90749fd67575,546,10,9,1,5,0,1,1,1,1791158256
2026-10-04T23:58:10+00:00,2026-10-04T23:58:21.303450+00:00,2151136782588526782,2151136782588526782,6,0,1,4,0,1,1,1,1791158256
2026-10-04T23:58:10+00:00,2026-10-04T23:58:21.303450+00:00,1676a6f7-c417-48d2-92e8-5ce21995efc3,374,9,1,0,9,0,1,1,1,1791158256
2026-10-04T23:58:10+00:00,2026-10-04T23:58:21.303450+00:00,2098360140389493528,2098360140389493528,5,5,4,2,0,1,1,1,1791158254
2026-10-04T23:58:10+00:00,2026-10-04T23:58:21.303450+00:00,9f582e05-15e0-4a39-aef5-c719e0c78e26,466,6,1,0,5,0,1,1,1,1791158255
2026-10-04T23:58:10+00:00,2026-10-04T23:58:21.303450+00:00,47c44bb1-d065-41f5-ad79-c18aee60af34,342,8,2,0,7,0,1,1,1,1791158258
2026-10-04T23:58:10+00:00,2026-10-04T23:58:21.303450+00:00,7c860828-3359-4229-b59b-963f5a4bab00,236,7,1,1,4,0,1,1,1,1791158267
2026-10-04T23:58:10+00:00,2026-10-04T23:58:21.303450+00:00,93381e13-cd04-4e10-ac81-9f5926aa01d5,333,17,0,1,7,0,1,1,1,1791158268
2026-10-04T23:58:10+00:00,2026-10-04T23:58:21.303450+00:00,2076849845777355316,2076849845777355316,9,0,2,18,3,1,1,1,1791158268
2026-10-04T23:58:10+00:00,2026-10-04T23:58:21.303450+00:00,0b0467c1-0c90-4529-a556-fe4d57835bbb,435,14,13,0,0,1,1,1,1,1791158268
2026-10-04T23:58:10+00:00,2026-10-04T23:58:21.303450+00:00,f83471a1-0de8-11e7-991c-3863bb43a7d0,23,5,1,0,19,1,1,1,1,1791158268
2026-10-04T23:58:10+00:00,2026-10-04T23:58:21.303450+00:00,2131760674371160748,2131760674371160748,4,1,1,15,0,1,1,1,1791158199
2026-10-04T23:58:10+00:00,2026-10-04T23:58:21.303450+00:00,f83512c9-0de8-11e7-991c-3863bb43a7d0,175,14,2,1,2,0,1,1,1,1791158267
2026-10-04T23:58:10+00:00,2026-10-04T23:58:21.303450+00:00,2002248857751890568,2002248857751890568,8,4,0,3,0,1,1,1,1791158267
2026-10-04T23:58:10+00:00,2026-10-04T23:58:21.303450+00:00,2104f242-2dde-4ec0-8197-4454b1021ac1,381,6,2,1,16,1,1,1,1,1791158267
2026-10-04T23:58:10+00:00,2026-10-04T23:58:21.303450+00:00,a3bf0bfe-198b-4160-a2fb-cc7d10cfb4cf,a3bf0bfe-198b-4160-a2fb-cc7d10cfb4cf,17,1,0,2,0,1,1,1,1791158263
2026-10-04T23:58:10+00:00,2026-10-04T23:58:21.303450+00:00,2035660824473983142,2035660824473983142,17,3,0,2,0,1,1,1,1791158268
2026-10-04T23:58:10+00:00,2026-10-04T23:58:21.303450+00:00,186accbb-6a08-4e1d-b267-9033c4443a56,401,15,7,0,0,0,1,1,1,1791158268
2026-10-04T23:58:10+00:00,2026-10-04T23:58:21.303450+00:00,f83483f3-0de8-11e7-991c-3863bb43a7d0,46,8,0,1,30,0,1,1,1,1791158266
2026-10-04T23:58:10+00:00,2026-10-04T23:58:21.303450+00:00,1989983491501558234,1989983491501558234,3,1,0,8,0,1,1,1,1791158269
2026-10-04T23:58:10+00:00,2026-10-04T23:58:21.303450+00:00,9c8366d8-3b58-4894-b281-09e22f6fe5f7,464,9,3,0,2,0,1,1,1,1791158269
2026-10-04T23:58:10+00:00,2026-10-04T23:58:21.303450+00:00,4c128753-6fde-4d4c-896e-a1adf89ada98,4c128753-6fde-4d4c-896e-a1adf89ada98,18,4,1,4,1,1,1,1,1791158273
2026-10-04T23:58:10+00:00,2026-10-04T23:58:21.303450+00:00,f834a3a0-0de8-11e7-991c-3863bb43a7d0,87,3,1,0,12,0,1,1,1,1791158271
2026-10-04T23:58:10+00:00,2026-10-04T23:58:21.303450+00:00,f834b99d-0de8-11e7-991c-3863bb43a7d0,107,0,0,1,17,0,1,1,1,1791158273
2026-10-04T23:58:10+00:00,2026-10-04T23:58:21.303450+00:00,f8348a68-0de8-11e7-991c-3863bb43a7d0,60,10,0,0,9,0,1,1,1,1791158274
2026-10-04T23:58:10+00:00,2026-10-04T23:58:21.303450+00:00,6e340d8e-45db-4fd9-b6eb-b74ec73b0d3e,535,7,1,0,8,0,1,1,1,1791158274
2026-10-04T23:58:10+00:00,2026-10-04T23:58:21.303450+00:00,a83f982f-a4f1-43e4-98e8-c8f4a0bb7290,452,12,1,1,2,0,1,1,1,1791158275
2026-10-04T23:58:10+00:00,2026-10-04T23:58:21.303450+00:00,f83480a9-0de8-11e7-991c-3863bb43a7d0,40,13,0,2,16,0,1,1,1,1791158275
2026-10-04T23:58:10+00:00,2026-10-04T23:58:21.303450+00:00,f8285d4f-5053-4e26-bb28-72016fe11353,405,15,2,0,4,0,1,1,1,1791158275
2026-10-04T23:58:10+00:00,2026-10-04T23:58:21.303450+00:00,ca76adb6-4c84-4484-9ec3-b411b81ddbef,ca76adb6-4c84-4484-9ec3-b411b81ddbef,5,1,2,12,0,1,1,1,1791158276
2026-10-04T23:58:10+00:00,2026-10-04T23:58:21.303450+00:00,eee3aab6-bd98-4d1f-8887-9c4e2adce482,eee3aab6-bd98-4d1f-8887-9c4e2adce482,8,2,2,1,0,1,1,1,1791158275
2026-10-04T23:58:10+00:00,2026-10-04T23:58:21.303450+00:00,2093488029445054742,2093488029445054742,8,0,0,20,0,1,1,1,1791158277
2026-10-04T23:58:10+00:00,2026-10-04T23:58:21.303450+00:00,f83511d4-0de8-11e7-991c-3863bb43a7d0,173,7,2,0,6,1,1,1,1,1791158113
2026-10-04T23:58:10+00:00,2026-10-04T23:58:21.303450+00:00,1df03e33-c105-4e53-b013-d20056cd57f8,1df03e33-c105-4e53-b013-d20056cd57f8,0,0,0,0,0,0,0,0,86400
2026-10-04T23:58:10+00:00,2026-10-04T23:58:21.303450+00:00,2087949096844032050,2087949096844032050,12,0,0,3,0,1,1,1,1791157996
2026-10-04T23:58:10+00:00,2026-10-04T23:58:21.303450+00:00,f83482d2-0de8-11e7-991c-3863bb43a7d0,44,8,0,0,23,0,1,1,1,1791158157
2026-10-04T23:58:10+00:00,2026-10-04T23:58:21.303450+00:00,f83517fa-0de8-11e7-991c-3863bb43a7d0,187,14,3,1,0,0,1,1,1,1791158158
2026-10-04T23:58:10+00:00,2026-10-04T23:58:21.303450+00:00,1e1b40cd-8e00-4b74-b147-be6b23f5c9e7,385,3,1,0,12,0,1,1,1,1791158159
2026-10-04T23:58:10+00:00,2026-10-04T23:58:21.303450+00:00,7e1dae55-4d3d-4a41-b969-2aeca70e0e69,7e1dae55-4d3d-4a41-b969-2aeca70e0e69,6,1,0,5,0,1,1,1,1791158164
2026-10-04T23:58:10+00:00,2026-10-04T23:58:21.303450+00:00,1cced911-b428-4cfd-81be-3a8f77ce7379,233,14,0,0,1,0,1,1,1,1791158165
2026-10-04T23:58:10+00:00,2026-10-04T23:58:21.303450+00:00,ea65c25f-0718-4f79-8588-c58b9fe3a105,226,11,3,1,2,1,1,1,1,1791158171
2026-10-04T23:58:10+00:00,2026-10-04T23:58:21.303450+00:00,f8352ba8-0de8-11e7-991c-3863bb43a7d0,215,4,4,0,11,0,1,1,1,1791158174
2026-10-04T23:58:10+00:00,2026-10-04T23:58:21.303450+00:00,e4678b17-face-42c3-9b5f-98418d31e3b6,e4678b17-face-42c3-9b5f-98418d31e3b6,9,1,0,2,0,1,1,1,1791158178
2026-10-04T23:58:10+00:00,2026-10-04T23:58:21.303450+00:00,f8352b39-0de8-11e7-991c-3863bb43a7d0,214,2,0,0,11,1,1,1,1,1791158177
2026-10-04T23:58:10+00:00,2026-10-04T23:58:21.303450+00:00,f8346ad7-0de8-11e7-991c-3863bb43a7d0,11,6,0,1,7,0,1,1,1,1791158179
2026-10-04T23:58:10+00:00,2026-10-04T23:58:21.303450+00:00,90330e1a-dee5-4914-9d3f-3891aeca12ca,434,12,3,0,7,0,1,1,1,1791158179
2026-10-04T23:58:10+00:00,2026-10-04T23:58:21.303450+00:00,1a661bb7-7d14-49e9-ac3d-22bafec8a2f0,507,9,3,1,1,0,1,1,1,1791158182
2026-10-04T23:58:10+00:00,2026-10-04T23:58:21.303450+00:00,f834b101-0de8-11e7-991c-3863bb43a7d0,97,8,2,1,9,1,1,1,1,1791158183
2026-10-04T23:58:10+00:00,2026-10-04T23:58:21.303450+00:00,2227858849424910006,2227858849424910006,7,1,0,1,0,1,1,1,1791158187
2026-10-04T23:58:10+00:00,2026-10-04T23:58:21.303450+00:00,f834b8b3-0de8-11e7-991c-3863bb43a7d0,105,1,0,0,17,0,1,1,1,1791158187
2026-10-04T23:58:10+00:00,2026-10-04T23:58:21.303450+00:00,f2b83aa2-86cd-4904-a099-74bf2023f768,330,15,5,0,0,0,1,1,1,1791158187
2026-10-04T23:58:10+00:00,2026-10-04T23:58:21.303450+00:00,f8352534-0de8-11e7-991c-3863bb43a7d0,204,3,0,1,11,0,1,1,1,1791158189
2026-10-04T23:58:10+00:00,2026-10-04T23:58:21.303450+00:00,7f68a70d-af0e-450a-b7a8-ce621cd0c8c1,280,16,4,1,2,0,1,1,1,1791158193
2026-10-04T23:58:10+00:00,2026-10-04T23:58:21.303450+00:00,2119105928286481344,2119105928286481344,5,0,0,14,0,1,1,1,1791158193
2026-10-04T23:58:10+00:00,2026-10-04T23:58:21.303450+00:00,ad2cf74c-0e8c-4e15-8f19-2259e8c82f0f,404,11,0,1,4,0,1,1,1,1791158193
2026-10-04T23:58:10+00:00,2026-10-04T23:58:21.303450+00:00,f8350ecf-0de8-11e7-991c-3863bb43a7d0,167,4,3,1,10,0,1,1,1,1791158195
2026-10-04T23:58:10+00:00,2026-10-04T23:58:21.303450+00:00,f83497b9-0de8-11e7-991c-3863bb43a7d0,74,13,0,0,6,0,1,1,1,1791158196
2026-10-04T23:58:10+00:00,2026-10-04T23:58:21.303450+00:00,ccf82572-a142-4378-9a4b-5a51fcb4ef81,350,12,4,0,5,0,1,1,1,1791158199
2026-10-04T23:58:10+00:00,2026-10-04T23:58:21.303450+00:00,6aebc664-1e3c-479f-8f65-2bae99215ed3,6aebc664-1e3c-479f-8f65-2bae99215ed3,6,3,1,4,0,1,1,1,1791158198
2026-10-04T23:58:10+00:00,2026-10-04T23:58:21.303450+00:00,f8349440-0de8-11e7-991c-3863bb43a7d0,68,4,0,0,15,0,1,1,1,1791158198
2026-10-04T23:58:10+00:00,2026-10-04T23:58:21.303450+00:00,f8349b20-0de8-11e7-991c-3863bb43a7d0,76,8,0,0,8,0,1,1,1,1791158196
2026-10-04T23:58:10+00:00,2026-10-04T23:58:21.303450+00:00,f834a8a0-0de8-11e7-991c-3863bb43a7d0,93,2,0,1,28,0,1,1,1,1791158203
2026-10-04T23:58:10+00:00,2026-10-04T23:58:21.303450+00:00,a6e0db4f-fc9b-42af-bfe0-36cc0259b717,446,15,2,0,1,0,1,1,1,1791158202
2026-10-04T23:58:10+00:00,2026-10-04T23:58:21.303450+00:00,d8ce5f8b-2440-45e1-ab1c-23cb3bcbde84,527,4,0,0,9,0,1,1,1,1791158201
2026-10-04T23:58:10+00:00,2026-10-04T23:58:21.303450+00:00,5b1d2661-8a93-4f14-b242-ebc52792f951,337,15,2,0,0,0,1,1,1,1791158203
2026-10-04T23:58:10+00:00,2026-10-04T23:58:21.303450+00:00,1991922092203192944,1991922092203192944,11,1,0,8,0,1,1,1,1791158216
2026-10-04T23:58:10+00:00,2026-10-04T23:58:21.303450+00:00,2069389896750516900,2069389896750516900,6,0,1,13,0,1,1,1,1791158217
2026-10-04T23:58:10+00:00,2026-10-04T23:58:21.303450+00:00,dede6d5f-7d62-496e-a8ca-d5a64afe39c1,544,1,0,0,14,0,1,1,1,1791158216
2026-10-04T23:58:10+00:00,2026-10-04T23:58:21.303450+00:00,c5cfd1ed-aa44-4e20-96bb-e334c96f0d68,376,4,0,1,10,0,1,1,1,1791158219
2026-10-04T23:58:10+00:00,2026-10-04T23:58:21.303450+00:00,2145094035874873892,2145094035874873892,10,0,1,8,0,1,1,1,1791158217
2026-10-04T23:58:10+00:00,2026-10-04T23:58:21.303450+00:00,d22265a8-a6d7-4922-a6b5-4be738a9e5c4,392,14,10,1,0,0,1,1,1,1791158218
2026-10-04T23:58:10+00:00,2026-10-04T23:58:21.303450+00:00,9bfa4a32-5598-46ea-a1a1-17b4c6ed9d84,431,11,2,0,4,0,1,1,1,1791158218
2026-10-04T23:58:10+00:00,2026-10-04T23:58:21.303450+00:00,f834723b-0de8-11e7-991c-3863bb43a7d0,24,6,0,1,16,0,1,1,1,1791158207
2026-10-04T23:58:10+00:00,2026-10-04T23:58:21.303450+00:00,f834e534-0de8-11e7-991c-3863bb43a7d0,128,7,4,0,12,0,1,1,1,1791158205
2026-10-04T23:58:10+00:00,2026-10-04T23:58:21.303450+00:00,b205d2bb-bb76-49ac-8d14-85eec5a874d3,343,9,1,1,5,0,1,1,1,1791158209
2026-10-04T23:58:10+00:00,2026-10-04T23:58:21.303450+00:00,36f36eed-1070-49be-8b31-5676b8b3489f,227,14,0,0,5,0,1,1,1,1791158211
2026-10-04T23:58:10+00:00,2026-10-04T23:58:21.303450+00:00,f8351f1d-0de8-11e7-991c-3863bb43a7d0,191,5,0,0,10,0,1,1,1,1791158211
2026-10-04T23:58:10+00:00,2026-10-04T23:58:21.303450+00:00,f834708e-0de8-11e7-991c-3863bb43a7d0,21,0,0,1,17,0,1,1,1,1791158222
2026-10-04T23:58:10+00:00,2026-10-04T23:58:21.303450+00:00,f8352219-0de8-11e7-991c-3863bb43a7d0,197,11,3,1,3,0,1,1,1,1791158223
2026-10-04T23:58:10+00:00,2026-10-04T23:58:21.303450+00:00,baab0b05-a028-4147-8432-a2726c7e48ea,328,1,0,0,14,0,1,1,1,1791158222
2026-10-04T23:58:10+00:00,2026-10-04T23:58:21.303450+00:00,f9524971-e9f9-4572-aebc-580e48de042f,f9524971-e9f9-4572-aebc-580e48de042f,18,0,1,0,0,1,1,1,1791158225
2026-10-04T23:58:10+00:00,2026-10-04T23:58:21.303450+00:00,f8347f09-0de8-11e7-991c-3863bb43a7d0,37,8,2,0,7,0,1,1,1,1791158226
2026-10-04T23:58:10+00:00,2026-10-04T23:58:21.303450+00:00,51bb4381-dae4-4aeb-b213-0614b807be29,344,3,0,0,16,0,1,1,1,1791158252
2026-10-04T23:58:10+00:00,2026-10-04T23:58:21.303450+00:00,2088704000370565344,2088704000370565344,6,2,2,4,0,1,1,1,1791158252
2026-10-04T23:58:10+00:00,2026-10-04T23:58:21.303450+00:00,f83488be-0de8-11e7-991c-3863bb43a7d0,56,3,0,0,15,0,1,1,1,1791158250
2026-10-04T23:58:10+00:00,2026-10-04T23:58:21.303450+00:00,2110984374959099994,2110984374959099994,9,2,1,10,0,1,1,1,1791158251
2026-10-04T23:58:10+00:00,2026-10-04T23:58:21.303450+00:00,f8346803-0de8-11e7-991c-3863bb43a7d0,8,9,4,0,10,0,1,1,1,1791158255
2026-10-04T23:58:10+00:00,2026-10-04T23:58:21.303450+00:00,868ccc83-99e5-4faf-96eb-e1fae26b9741,481,11,1,1,7,0,1,1,1,1791158255
2026-10-04T23:58:10+00:00,2026-10-04T23:58:21.303450+00:00,f83513a7-0de8-11e7-991c-3863bb43a7d0,177,0,0,1,18,0,1,1,1,1791158255
2026-10-04T23:58:10+00:00,2026-10-04T23:58:21.303450+00:00,f834f6a3-0de8-11e7-991c-3863bb43a7d0,135,10,0,0,7,0,1,1,1,1791158253
2026-10-04T23:58:10+00:00,2026-10-04T23:58:21.303450+00:00,23146f28-9762-4a6d-a6db-fcd4ff0e5d07,356,13,0,1,9,0,1,1,1,1791158257
2026-10-04T23:58:10+00:00,2026-10-04T23:58:21.303450+00:00,1963613484180639992,1963613484180639992,16,0,0,3,0,1,1,1,1791158257
2026-10-04T23:58:10+00:00,2026-10-04T23:58:21.303450+00:00,df03c61a-29d7-445d-9980-d7f058916591,345,8,0,0,11,0,1,1,1,1791158256
2026-10-04T23:58:10+00:00,2026-10-04T23:58:21.303450+00:00,f8347e78-0de8-11e7-991c-3863bb43a7d0,36,3,0,1,27,0,1,1,1,1791158251
2026-10-04T23:58:10+00:00,2026-10-04T23:58:21.303450+00:00,2043911250700610106,2043911250700610106,5,0,0,10,0,1,1,1,1791158252
2026-10-04T23:58:10+00:00,2026-10-04T23:58:21.303450+00:00,61168d8b-20b7-46c8-8f08-6ae1f100c4e0,550,8,3,0,9,0,1,1,1,1791158260
2026-10-04T23:58:10+00:00,2026-10-04T23:58:21.303450+00:00,2249415127458891992,2249415127458891992,6,1,0,9,0,1,1,1,1791158259
2026-10-04T23:58:10+00:00,2026-10-04T23:58:21.303450+00:00,f834662c-0de8-11e7-991c-3863bb43a7d0,5,15,1,0,0,0,1,1,1,1791158262
2026-10-04T23:58:10+00:00,2026-10-04T23:58:21.303450+00:00,ff938129-8179-455c-9ac9-9fcb9fc0b6d5,ff938129-8179-455c-9ac9-9fcb9fc0b6d5,13,5,1,5,0,1,1,1,1791158262
2026-10-04T23:58:10+00:00,2026-10-04T23:58:21.303450+00:00,f8348622-0de8-11e7-991c-3863bb43a7d0,50,2,1,1,16,0,1,1,1,1791158257
2026-10-04T23:58:10+00:00,2026-10-04T23:58:21.303450+00:00,270ad97d-035d-472a-9827-76d3187afc56,402,11,1,0,4,0,1,1,1,1791158259
2026-10-04T23:58:10+00:00,2026-10-04T23:58:21.303450+00:00,2014865445230483952,2014865445230483952,8,1,0,9,0,1,1,1,1791158262
2026-10-04T23:58:10+00:00,2026-10-04T23:58:21.303450+00:00,f8346b6f-0de8-11e7-991c-3863bb43a7d0,12,10,0,3,14,0,1,1,1,1791158259
2026-10-04T23:58:10+00:00,2026-10-04T23:58:21.303450+00:00,f83492b4-0de8-11e7-991c-3863bb43a7d0,66,4,2,2,11,0,1,1,1,1791158261
2026-10-04T23:58:10+00:00,2026-10-04T23:58:21.303450+00:00,f834c7a9-0de8-11e7-991c-3863bb43a7d0,112,11,2,1,3,0,1,1,1,1791158262
2026-10-04T23:58:10+00:00,2026-10-04T23:58:21.303450+00:00,f83491d4-0de8-11e7-991c-3863bb43a7d0,64,12,1,0,11,0,1,1,1,1791158207
2026-10-04T23:58:10+00:00,2026-10-04T23:58:21.303450+00:00,ef6ef93b-488f-496b-afbf-3aedfd967129,517,6,3,1,8,0,1,1,1,1791158208
2026-10-04T23:58:10+00:00,2026-10-04T23:58:21.303450+00:00,f834abfd-0de8-11e7-991c-3863bb43a7d0,96,5,2,1,13,0,1,1,1,1791158215
2026-10-04T23:58:10+00:00,2026-10-04T23:58:21.303450+00:00,2080205593583047424,2080205593583047424,5,0,0,11,0,1,1,1,1791158215
2026-10-04T23:58:10+00:00,2026-10-04T23:58:21.303450+00:00,2259733531216984776,2259733531216984776,7,0,0,8,0,1,1,1,1791158214
2026-10-04T23:58:10+00:00,2026-10-04T23:58:21.303450+00:00,2270454512964591136,2270454512964591136,0,0,0,19,0,1,1,1,1791158212
2026-10-04T23:58:10+00:00,2026-10-04T23:58:21.303450+00:00,68e5e79a-3c94-4848-b619-9c0829d7f687,475,10,3,1,4,0,1,1,1,1791158212
2026-10-04T23:58:10+00:00,2026-10-04T23:58:21.303450+00:00,25a9114f-66f0-427c-920f-5526ca84f056,346,7,0,0,8,0,1,1,1,1791158212
2026-10-04T23:58:10+00:00,2026-10-04T23:58:21.303450+00:00,1994466222105870452,1994466222105870452,2,1,2,7,0,1,1,1,1791158241
2026-10-04T23:58:10+00:00,2026-10-04T23:58:21.303450+00:00,cf5f920f-b61d-4db0-b139-14aff04d577c,459,7,0,0,16,0,1,1,1,1791158241
2026-10-04T23:58:10+00:00,2026-10-04T23:58:21.303450+00:00,2141791438824588162,2141791438824588162,4,2,1,14,0,1,1,1,1791158242
2026-10-04T23:58:10+00:00,2026-10-04T23:58:21.303450+00:00,2090635592862466836,2090635592862466836,6,0,1,23,1,1,1,1,1791158242
2026-10-04T23:58:10+00:00,2026-10-04T23:58:21.303450+00:00,8983c75a-12c1-4995-aedc-24c94bd895e3,384,4,0,1,14,0,1,1,1,1791158243
2026-10-04T23:58:10+00:00,2026-10-04T23:58:21.303450+00:00,f8347ccd-0de8-11e7-991c-3863bb43a7d0,33,12,1,2,13,0,1,1,1,1791158245
2026-10-04T23:58:10+00:00,2026-10-04T23:58:21.303450+00:00,b34694c2-c640-4f70-b196-1c357ab798e0,b34694c2-c640-4f70-b196-1c357ab798e0,7,2,0,8,0,1,1,1,1791158238
2026-10-04T23:58:10+00:00,2026-10-04T23:58:21.303450+00:00,295553ea-851b-4ac2-a094-f9d1208e399a,412,19,0,0,0,0,1,1,1,1791158239
2026-10-04T23:58:10+00:00,2026-10-04T23:58:21.303450+00:00,903b9b5d-4244-43e4-8441-0d17f9a994f7,528,2,1,1,8,0,1,1,1,1791158240
2026-10-04T23:58:10+00:00,2026-10-04T23:58:21.303450+00:00,f8347c41-0de8-11e7-991c-3863bb43a7d0,32,6,1,2,5,0,1,1,1,1791158239
2026-10-04T23:58:10+00:00,2026-10-04T23:58:21.303450+00:00,0208190e-851c-417d-8bc7-1b218db97fbf,0208190e-851c-417d-8bc7-1b218db97fbf,1,0,0,22,0,1,1,1,1791158266
2026-10-04T23:58:10+00:00,2026-10-04T23:58:21.303450+00:00,d7507124-4cab-4063-8445-a59a33a3d6e4,512,11,3,1,7,0,1,1,1,1791158267
2026-10-04T23:58:10+00:00,2026-10-04T23:58:21.303450+00:00,1965873511294959658,1965873511294959658,4,0,0,19,0,1,1,1,1791158265
2026-10-04T23:58:10+00:00,2026-10-04T23:58:21.303450+00:00,1986302395589722758,1986302395589722758,7,1,0,3,0,1,1,1,1791158266
2026-10-04T23:58:10+00:00,2026-10-04T23:58:21.303450+00:00,b6a8522d-296d-4c05-887d-842374520780,545,11,11,0,2,1,1,1,1,1791158229
2026-10-04T23:58:10+00:00,2026-10-04T23:58:21.303450+00:00,2118728866631796788,2118728866631796788,15,4,0,0,0,1,1,1,1791158229
2026-10-04T23:58:10+00:00,2026-10-04T23:58:21.303450+00:00,2090158541932726550,2090158541932726550,2,0,0,13,0,1,1,1,1791158221
2026-10-04T23:58:10+00:00,2026-10-04T23:58:21.303450+00:00,d5349097-b478-4b3f-9c46-d8fbcf38e3f4,509,11,0,0,1,0,1,1,1,1791158234
2026-10-04T23:58:10+00:00,2026-10-04T23:58:21.303450+00:00,81323081-749c-44cf-ac62-0e6c64305c32,461,8,1,1,2,0,1,1,1,1791158235
2026-10-04T23:58:10+00:00,2026-10-04T23:58:21.303450+00:00,940638c5-7cd0-4a11-899e-86af3868d400,532,8,0,0,10,0,1,1,1,1791158235
2026-10-04T23:58:10+00:00,2026-10-04T23:58:21.303450+00:00,f835288a-0de8-11e7-991c-3863bb43a7d0,208,15,0,0,0,0,1,1,1,1791158232
2026-10-04T23:58:10+00:00,2026-10-04T23:58:21.303450+00:00,f834a959-0de8-11e7-991c-3863bb43a7d0,94,8,0,0,3,0,1,1,1,1791158244
2026-10-04T23:58:10+00:00,2026-10-04T23:58:21.303450+00:00,56817d8e-3a1c-431a-a529-1a600f80c364,366,5,0,1,21,0,1,1,1,1791158246
2026-10-04T23:58:10+00:00,2026-10-04T23:58:21.303450+00:00,fe90d430-d33f-48b2-a5cd-bc161b220939,553,8,0,0,15,0,1,1,1,1791158246
2026-10-04T23:58:10+00:00,2026-10-04T23:58:21.303450+00:00,380de8b2-2728-4e4b-83f1-251bfbb5acf2,487,5,1,0,14,0,1,1,1,1791158249
2026-10-04T23:58:10+00:00,2026-10-04T23:58:21.303450+00:00,f8350cc1-0de8-11e7-991c-3863bb43a7d0,162,8,2,0,7,0,1,1,1,1791158248
2026-10-04T23:58:10+00:00,2026-10-04T23:58:21.303450+00:00,aa964f5b-fadf-4fc1-8c91-84ee36e15f0d,341,15,3,0,0,0,1,1,1,1791158247
2026-10-04T23:58:10+00:00,2026-10-04T23:58:21.303450+00:00,57716f8d-c9ee-4768-8872-71343ec3ffd8,514,14,3,2,3,0,1,1,1,1791158246
2026-10-04T23:58:10+00:00,2026-10-04T23:58:21.303450+00:00,99675a11-a92c-465c-bf5a-434b08ba5fc6,400,4,1,0,48,0,1,1,1,1791158272
2026-10-04T23:58:10+00:00,2026-10-04T23:58:21.303450+00:00,2246034666940677832,2246034666940677832,6,1,0,5,0,1,1,1,1791158272
2026-10-04T23:58:10+00:00,2026-10-04T23:58:21.303450+00:00,f834cfd8-0de8-11e7-991c-3863bb43a7d0,117,2,1,5,6,5,1,1,1,1791158273
2026-10-04T23:58:10+00:00,2026-10-04T23:58:21.303450+00:00,8a404180-7c2e-4dbe-9489-c478ed959282,8a404180-7c2e-4dbe-9489-c478ed959282,5,0,3,11,0,1,1,1,1791158270
2026-10-04T23:58:10+00:00,2026-10-04T23:58:21.303450+00:00,888780ee-bf2f-474e-9622-6bc725aa1b00,888780ee-bf2f-474e-9622-6bc725aa1b00,0,0,0,11,0,1,1,1,1791158270
2026-10-04T23:58:10+00:00,2026-10-04T23:58:21.303450+00:00,2085737662370069102,2085737662370069102,17,11,0,1,1,1,1,1,1791158270
2026-10-04T23:58:10+00:00,2026-10-04T23:58:21.303450+00:00,1994054629753598708,1994054629753598708,11,0,0,3,0,1,1,1,1791158270
2026-10-04T23:58:10+00:00,2026-10-04T23:58:21.303450+00:00,8d893519-bc21-4536-b346-f558988bc8ad,260,12,1,1,2,0,1,1,1,1791158268
2026-10-04T23:58:10+00:00,2026-10-04T23:58:21.303450+00:00,2027502297316997708,2027502297316997708,7,0,0,3,0,1,1,1,1791158268
2026-10-04T23:58:10+00:00,2026-10-04T23:58:21.303450+00:00,f8350b76-0de8-11e7-991c-3863bb43a7d0,159,2,2,1,16,1,1,1,1,1791158270
2026-10-04T23:58:10+00:00,2026-10-04T23:58:21.303450+00:00,48abed77-c9ba-4a39-8a5c-6a1e9bb8a9a5,48abed77-c9ba-4a39-8a5c-6a1e9bb8a9a5,6,2,1,9,0,1,1,1,1791158271
2026-10-04T23:58:10+00:00,2026-10-04T23:58:21.303450+00:00,2085366936904166272,2085366936904166272,1,0,1,13,0,1,1,1,1791158271
2026-10-04T23:58:10+00:00,2026-10-04T23:58:21.303450+00:00,7560f0e3-267b-4fb3-bbfa-6e02010cfcb7,225,4,0,2,13,0,1,1,1,1791158272
2026-10-04T23:58:10+00:00,2026-10-04T23:58:21.303450+00:00,fbc512a5-4b98-4821-bcfb-bb0c7ac83543,365,15,4,0,4,0,1,1,1,1791158268
2026-10-04T23:58:10+00:00,2026-10-04T23:58:21.303450+00:00,2270212773802111256,2270212773802111256,4,0,0,15,0,1,1,1,1791158274
2026-10-04T23:58:10+00:00,2026-10-04T23:58:21.303450+00:00,9721c80e-fc8f-474f-8918-b68c041d2836,9721c80e-fc8f-474f-8918-b68c041d2836,9,1,0,13,0,1,1,1,1791158276
2026-10-04T23:58:10+00:00,2026-10-04T23:58:21.303450+00:00,2039109354743046934,2039109354743046934,10,1,2,7,1,1,1,1,1791158276
2026-10-04T23:58:10+00:00,2026-10-04T23:58:21.303450+00:00,2040842870122359032,2040842870122359032,0,0,0,20,0,1,1,1,1791158278
2026-10-04T23:58:10+00:00,2026-10-04T23:58:21.303450+00:00,8b97606e-a849-4db8-ae9b-4009fe48d90b,556,8,0,0,11,0,1,1,1,1791158278
2026-10-04T23:58:10+00:00,2026-10-04T23:58:21.303450+00:00,f8346d23-0de8-11e7-991c-3863bb43a7d0,15,3,0,0,12,0,1,1,1,1791158278
2026-10-04T23:58:10+00:00,2026-10-04T23:58:21.303450+00:00,103a9881-e30a-4d57-b81d-863b995ff759,255,0,0,0,0,0,0,0,0,86400
2026-10-04T23:58:10+00:00,2026-10-04T23:58:21.303450+00:00,2038619205667946906,2038619205667946906,8,7,0,12,0,1,1,1,1791158134
2026-10-04T23:58:10+00:00,2026-10-04T23:58:21.303450+00:00,53a148ca-ac69-4a9c-a986-9a4b4df2f5df,387,4,3,2,10,0,1,1,1,1791158173
2026-10-04T23:58:10+00:00,2026-10-04T23:58:21.303450+00:00,f8348136-0de8-11e7-991c-3863bb43a7d0,41,23,2,3,2,0,1,1,1,1791158177
2026-10-04T23:58:10+00:00,2026-10-04T23:58:21.303450+00:00,f834e244-0de8-11e7-991c-3863bb43a7d0,126,7,3,0,8,0,1,1,1,1791158177
2026-10-04T23:58:10+00:00,2026-10-04T23:58:21.303450+00:00,54d86d05-b399-42c5-a63a-a97713afc5d4,54d86d05-b399-42c5-a63a-a97713afc5d4,4,2,1,5,0,1,1,1,1791158179
2026-10-04T23:58:10+00:00,2026-10-04T23:58:21.303450+00:00,510239fe-69c3-458b-b53c-6ce001845f4a,354,9,5,0,6,0,1,1,1,1791158238
2026-10-04T23:58:10+00:00,2026-10-04T23:58:21.303450+00:00,2038239468396569074,2038239468396569074,15,0,0,17,0,1,1,1,1791158236
2026-10-04T23:58:10+00:00,2026-10-04T23:58:21.303450+00:00,a18e1e55-507e-49d8-b7c0-5c0efd959125,358,14,0,0,5,0,1,1,1,1791158238
2026-10-04T23:58:10+00:00,2026-10-04T23:58:21.303450+00:00,1944724820826878816,1944724820826878816,3,0,0,14,0,1,1,1,1791158235
2026-10-04T23:58:10+00:00,2026-10-04T23:58:21.303450+00:00,2327cb08-fa9f-459b-9ab0-1a319b0f2f4c,539,7,2,1,10,0,1,1,1,1791158234
2026-10-04T23:58:10+00:00,2026-10-04T23:58:21.303450+00:00,40e58976-02cc-4c7c-911f-7a6c97588bfa,520,19,3,1,1,0,1,1,1,1791158238
2026-10-04T23:58:10+00:00,2026-10-04T23:58:21.303450+00:00,f8348481-0de8-11e7-991c-3863bb43a7d0,47,16,3,0,3,0,1,1,1,1791158239
2026-10-04T23:58:10+00:00,2026-10-04T23:58:21.303450+00:00,f8349824-0de8-11e7-991c-3863bb43a7d0,75,1,0,0,14,0,1,1,1,1791158239
2026-10-04T23:58:10+00:00,2026-10-04T23:58:21.303450+00:00,0f554e1d-9f0f-452d-9b4a-e00aa2c5911e,492,3,0,0,12,0,1,1,1,1791158241
2026-10-04T23:58:10+00:00,2026-10-04T23:58:21.303450+00:00,9ca92778-9101-48df-90ea-08b784e26a1a,413,10,2,0,9,0,1,1,1,1791158240
2026-10-04T23:58:10+00:00,2026-10-04T23:58:21.303450+00:00,02a4416f-80b4-4472-accd-5db482ed5b6d,367,4,1,0,15,0,1,1,1,1791158241
2026-10-04T23:58:10+00:00,2026-10-04T23:58:21.303450+00:00,f35de2ab-979e-42d5-8cbd-dc479ed637e9,503,2,2,0,4,0,1,1,1,1791158249
2026-10-04T23:58:10+00:00,2026-10-04T23:58:21.303450+00:00,f6df6c1a-064f-428a-951c-2069a081b9df,380,0,0,2,15,0,1,1,1,1791158246
2026-10-04T23:58:10+00:00,2026-10-04T23:58:21.303450+00:00,36a8fbc8-6069-4a29-bbfd-63a2d019c9a5,415,12,1,1,6,0,1,1,1,1791158247
2026-10-04T23:58:10+00:00,2026-10-04T23:58:21.303450+00:00,2111712079786088918,2111712079786088918,13,2,0,2,0,1,1,1,1791158250
2026-10-04T23:58:10+00:00,2026-10-04T23:58:21.303450+00:00,676ca473-eed6-4971-aaf3-e199a7ca335b,433,11,5,0,7,1,1,1,1,1791158165
2026-10-04T23:58:10+00:00,2026-10-04T23:58:21.303450+00:00,f8352c92-0de8-11e7-991c-3863bb43a7d0,217,3,0,0,16,0,1,1,1,1791158165
2026-10-04T23:58:10+00:00,2026-10-04T23:58:21.303450+00:00,ddcc8869-b8d4-483c-b9da-457fcebc8dc1,417,12,0,1,7,0,1,1,1,1791158165
2026-10-04T23:58:10+00:00,2026-10-04T23:58:21.303450+00:00,b23674a7-15a8-46d2-8219-6668acecf24a,548,10,0,0,8,0,1,1,1,1791158165
2026-10-04T23:58:10+00:00,2026-10-04T23:58:21.303450+00:00,b995a0b4-fc26-4661-9bc8-e166d648edfd,353,8,1,0,7,0,1,1,1,1791158163
2026-10-04T23:58:10+00:00,2026-10-04T23:58:21.303450+00:00,ba634139-d7bf-448f-aac4-25995d36b67b,373,5,3,0,10,0,1,1,1,1791158162
2026-10-04T23:58:10+00:00,2026-10-04T23:58:21.303450+00:00,f24a573e-ef07-4785-9270-70c443510ea6,359,1,0,2,8,0,1,1,1,1791158164
2026-10-04T23:58:10+00:00,2026-10-04T23:58:21.303450+00:00,bb27977d-36c1-496d-8bac-631b612dd7b8,332,8,0,0,7,0,1,1,1,1791158163
2026-10-04T23:58:10+00:00,2026-10-04T23:58:21.303450+00:00,f834f814-0de8-11e7-991c-3863bb43a7d0,136,1,0,0,18,0,1,1,1,1791158161
2026-10-04T23:58:10+00:00,2026-10-04T23:58:21.303450+00:00,5f726a7d-5c5d-48b1-9b13-06c77572a237,516,2,0,1,8,0,1,1,1,1791158170
2026-10-04T23:58:10+00:00,2026-10-04T23:58:21.303450+00:00,f834b42d-0de8-11e7-991c-3863bb43a7d0,100,1,1,3,20,0,1,1,1,1791158170
2026-10-04T23:58:10+00:00,2026-10-04T23:58:21.303450+00:00,2141932795355773712,2141932795355773712,13,0,1,3,0,1,1,1,1791158170
2026-10-04T23:58:10+00:00,2026-10-04T23:58:21.303450+00:00,d7ec834e-9d9a-402c-9956-7d5f42676b94,d7ec834e-9d9a-402c-9956-7d5f42676b94,6,0,0,8,1,1,1,1,1791158222
2026-10-04T23:58:10+00:00,2026-10-04T23:58:21.303450+00:00,f83523e3-0de8-11e7-991c-3863bb43a7d0,201,8,1,0,7,0,1,1,1,1791158219
2026-10-04T23:58:10+00:00,2026-10-04T23:58:21.303450+00:00,93911aa1-b5e4-48aa-a2b6-38fbcf613006,93911aa1-b5e4-48aa-a2b6-38fbcf613006,12,1,0,6,0,1,1,1,1791158220
2026-10-04T23:58:10+00:00,2026-10-04T23:58:21.303450+00:00,9e710d48-51c1-460e-a027-3d16bde62b13,419,0,0,14,0,1,1,0,0,1791158227
2026-10-04T23:58:10+00:00,2026-10-04T23:58:21.303450+00:00,1997031579059661288,1997031579059661288,6,1,0,5,0,1,1,1,1791158227
2026-10-04T23:58:10+00:00,2026-10-04T23:58:21.303450+00:00,f83464e4-0de8-11e7-991c-3863bb43a7d0,3,14,2,0,0,0,1,1,1,1791158226
2026-10-04T23:58:10+00:00,2026-10-04T23:58:21.303450+00:00,350e73e3-6f70-4b2d-87ab-24c8629e9a6a,350e73e3-6f70-4b2d-87ab-24c8629e9a6a,12,0,2,5,0,1,1,1,1791158226
2026-10-04T23:58:10+00:00,2026-10-04T23:58:21.303450+00:00,dfdaf866-b814-48e5-9bd3-eb7c4a733697,dfdaf866-b814-48e5-9bd3-eb7c4a733697,10,4,0,7,0,1,1,1,1791158227
2026-10-04T23:58:10+00:00,2026-10-04T23:58:21.303450+00:00,f83486ab-0de8-11e7-991c-3863bb43a7d0,51,11,2,0,4,0,1,1,1,1791158228
2026-10-04T23:58:10+00:00,2026-10-04T23:58:21.303450+00:00,ccd6fdd4-b39e-46d7-b43c-7bacffb6bd87,523,13,6,0,4,0,1,1,1,1791158233
2026-10-04T23:58:10+00:00,2026-10-04T23:58:21.303450+00:00,f834b49d-0de8-11e7-991c-3863bb43a7d0,101,13,4,0,5,0,1,1,1,1791158233
2026-10-04T23:58:10+00:00,2026-10-04T23:58:21.303450+00:00,2267569638034503736,2267569638034503736,9,0,1,9,0,1,1,1,1791158230
2026-10-04T23:58:10+00:00,2026-10-04T23:58:21.303450+00:00,c1ae49bd-2a20-4684-886b-ead8dd627cfd,c1ae49bd-2a20-4684-886b-ead8dd627cfd,5,0,1,11,0,1,1,1,1791158196
2026-10-04T23:58:10+00:00,2026-10-04T23:58:21.303450+00:00,1975886280004030604,1975886280004030604,14,1,0,9,0,1,1,1,1791158200
2026-10-04T23:58:10+00:00,2026-10-04T23:58:21.303450+00:00,9f54207a-3308-43bd-b45c-9042b6389598,423,14,2,0,5,0,1,1,1,1791158195
2026-10-04T23:58:10+00:00,2026-10-04T23:58:21.303450+00:00,f8349ba9-0de8-11e7-991c-3863bb43a7d0,77,8,2,1,8,1,1,1,1,1791158200
2026-10-04T23:58:10+00:00,2026-10-04T23:58:21.303450+00:00,2241260819676115550,2241260819676115550,0,0,0,23,0,1,1,1,1791158202
2026-10-04T23:58:10+00:00,2026-10-04T23:58:21.303450+00:00,533620e8-00ff-494a-b288-bd67602bc98e,472,4,0,0,22,0,1,1,1,1791158206
2026-10-04T23:58:10+00:00,2026-10-04T23:58:21.303450+00:00,0adccd89-1d8d-44da-9f7c-5f18acafeddf,338,3,0,2,10,0,1,1,1,1791158206
2026-10-04T23:58:10+00:00,2026-10-04T23:58:21.303450+00:00,2078337213380274244,2078337213380274244,6,5,0,5,0,1,1,1,1791158206
2026-10-04T23:58:10+00:00,2026-10-04T23:58:21.303450+00:00,342a2c60-71b0-4d19-98d6-47987cf20dbc,379,11,0,0,4,0,1,1,1,1791158205
2026-10-04T23:58:10+00:00,2026-10-04T23:58:21.303450+00:00,f834952a-0de8-11e7-991c-3863bb43a7d0,70,14,0,0,8,1,1,1,1,1791158157
2026-10-04T23:58:10+00:00,2026-10-04T23:58:21.303450+00:00,7ec0c53c-876a-419c-a78b-4edd000bbc9a,445,12,0,1,6,0,1,1,1,1791158159
2026-10-04T23:58:10+00:00,2026-10-04T23:58:21.303450+00:00,0839bb10-e876-4198-95e4-0147a561853d,258,9,0,1,5,0,1,1,1,1791158158
2026-10-04T23:58:10+00:00,2026-10-04T23:58:21.303450+00:00,2fd22786-dfeb-4126-a906-4f01802087f3,454,14,0,0,5,0,1,1,1,1791158212
2026-10-04T23:58:10+00:00,2026-10-04T23:58:21.303450+00:00,2170342425741020744,2170342425741020744,15,0,0,2,0,1,1,1,1791158217
2026-10-04T23:58:10+00:00,2026-10-04T23:58:21.303450+00:00,f8346768-0de8-11e7-991c-3863bb43a7d0,7,2,0,1,12,0,1,1,1,1791158216
2026-10-04T23:58:10+00:00,2026-10-04T23:58:21.303450+00:00,42a3ecca-af9a-4556-90ba-7631546f96f8,42a3ecca-af9a-4556-90ba-7631546f96f8,2,2,2,7,0,1,1,1,1791158186
2026-10-04T23:58:10+00:00,2026-10-04T23:58:21.303450+00:00,ce55d1b1-4267-40a9-ad44-5eab888ce18a,ce55d1b1-4267-40a9-ad44-5eab888ce18a,8,0,0,14,1,1,1,1,1791158181
2026-10-04T23:58:10+00:00,2026-10-04T23:58:21.303450+00:00,2113555008851845550,2113555008851845550,12,2,1,7,0,1,1,1,1791158182
2026-10-04T23:58:10+00:00,2026-10-04T23:58:21.303450+00:00,f8348509-0de8-11e7-991c-3863bb43a7d0,48,3,0,0,14,0,1,1,1,1791158183
2026-10-04T23:58:10+00:00,2026-10-04T23:58:21.303450+00:00,1960693490199507164,1960693490199507164,8,1,0,11,0,1,1,1,1791158191
2026-10-04T23:58:10+00:00,2026-10-04T23:58:21.303450+00:00,5bc7cba9-f0b0-442d-932c-e8c7927d87ce,386,2,2,1,16,0,1,1,1,1791158191
2026-10-04T23:58:10+00:00,2026-10-04T23:58:21.303450+00:00,518f6524-0e7f-454d-974e-e3ff9db1f795,494,6,2,0,5,0,1,1,1,1791158191
2026-10-04T23:58:10+00:00,2026-10-04T23:58:21.303450+00:00,5018e851-f2f3-4e18-9914-c316bbcc2c3d,331,0,0,0,15,0,1,1,1,1791158192
2026-10-04T23:58:10+00:00,2026-10-04T23:58:21.303450+00:00,2071632496372113488,2071632496372113488,10,0,1,9,0,1,1,1,1791158192
2026-10-04T23:58:10+00:00,2026-10-04T23:58:21.303450+00:00,f834fd36-0de8-11e7-991c-3863bb43a7d0,142,4,2,1,18,0,1,1,1,1791158188
2026-10-04T23:58:10+00:00,2026-10-04T23:58:21.303450+00:00,20b0b405-54ba-4a80-b89c-0819772665db,440,13,5,0,2,0,1,1,1,1791158254
2026-10-04T23:58:10+00:00,2026-10-04T23:58:21.303450+00:00,2029805507281123700,2029805507281123700,17,5,1,1,0,1,1,1,1791158254
2026-10-04T23:58:10+00:00,2026-10-04T23:58:21.303450+00:00,2072145327190878794,2072145327190878794,8,0,3,13,0,1,1,1,1791158252
2026-10-04T23:58:10+00:00,2026-10-04T23:58:21.303450+00:00,2057166010169469732,2057166010169469732,1,1,1,13,0,1,1,1,1791158252
2026-10-04T23:58:10+00:00,2026-10-04T23:58:21.303450+00:00,70f20fcb-8e63-4015-9007-b97c525ab0a9,335,8,1,2,9,0,1,1,1,1791158254
2026-10-04T23:58:10+00:00,2026-10-04T23:58:21.303450+00:00,2043912031919765854,2043912031919765854,5,1,0,15,0,1,1,1,1791158259
2026-10-04T23:58:10+00:00,2026-10-04T23:58:21.303450+00:00,2103549125054737064,2103549125054737064,3,2,0,13,0,1,1,1,1791158259
2026-10-04T23:58:10+00:00,2026-10-04T23:58:21.303450+00:00,2071993292066931472,2071993292066931472,8,1,0,12,0,1,1,1,1791158256
2026-10-04T23:58:10+00:00,2026-10-04T23:58:21.303450+00:00,2223043968513191970,2223043968513191970,6,0,0,10,0,1,1,1,1791158256
2026-10-04T23:58:10+00:00,2026-10-04T23:58:21.303450+00:00,2113200093114979090,2113200093114979090,3,1,0,12,1,1,1,1,1791158256
2026-10-04T23:58:10+00:00,2026-10-04T23:58:21.303450+00:00,f8349745-0de8-11e7-991c-3863bb43a7d0,73,8,1,1,6,0,1,1,1,1791158256
2026-10-04T23:58:10+00:00,2026-10-04T23:58:21.303450+00:00,2136942888571742916,2136942888571742916,3,0,0,12,0,1,1,1,1791158257
2026-10-04T23:58:10+00:00,2026-10-04T23:58:21.303450+00:00,2107991976288962746,2107991976288962746,14,0,1,5,0,1,1,1,1791158263
2026-10-04T23:58:10+00:00,2026-10-04T23:58:21.303450+00:00,f834e1b2-0de8-11e7-991c-3863bb43a7d0,125,17,3,1,1,0,1,1,1,1791158265
2026-10-04T23:58:10+00:00,2026-10-04T23:58:21.303450+00:00,5afe91c4-8076-4f9f-b83b-cf233bda2331,460,2,0,1,12,0,1,1,1,1791158262
2026-10-04T23:58:10+00:00,2026-10-04T23:58:21.303450+00:00,e68655be-23d3-46e5-a509-25be677e7542,482,9,3,0,2,0,1,1,1,1791158261
2026-10-04T23:58:10+00:00,2026-10-04T23:58:21.303450+00:00,f834cf45-0de8-11e7-991c-3863bb43a7d0,116,5,0,0,18,0,1,1,1,1791158262
2026-10-04T23:58:10+00:00,2026-10-04T23:58:21.303450+00:00,f8349c69-0de8-11e7-991c-3863bb43a7d0,78,15,0,0,3,0,1,1,1,1791158261
2026-10-04T23:58:10+00:00,2026-10-04T23:58:21.303450+00:00,287aedf5-0361-47e9-9de0-14ae3b75cc0d,287aedf5-0361-47e9-9de0-14ae3b75cc0d,7,0,0,14,0,1,1,1,1791158262
2026-10-04T23:58:10+00:00,2026-10-04T23:58:21.303450+00:00,13918b3b-9ac5-4968-a74d-e40dd3bc952e,479,10,0,0,9,0,1,1,1,1791158262
2026-10-04T23:58:10+00:00,2026-10-04T23:58:21.303450+00:00,abefafdc-c772-4671-86fe-fc15a42adebb,abefafdc-c772-4671-86fe-fc15a42adebb,6,0,0,17,0,1,1,1,1791158267
2026-10-04T23:58:10+00:00,2026-10-04T23:58:21.303450+00:00,2217856523888952522,2217856523888952522,5,2,0,15,0,1,1,1,1791158267
2026-10-04T23:58:10+00:00,2026-10-04T23:58:21.303450+00:00,ef54374b-0406-4b17-b0a1-847f1d7bea06,410,11,1,1,3,0,1,1,1,1791158267
2026-10-04T23:58:10+00:00,2026-10-04T23:58:21.303450+00:00,ec3eea05-a3ff-43c6-9e24-0c63f09b915f,378,5,0,0,14,0,1,1,1,1791158267
2026-10-04T23:58:10+00:00,2026-10-04T23:58:21.303450+00:00,13444449-b3a8-43d2-b8b9-a59fbc59a174,397,13,6,2,0,0,1,1,1,1791158269
2026-10-04T23:58:10+00:00,2026-10-04T23:58:21.303450+00:00,f8348995-0de8-11e7-991c-3863bb43a7d0,58,13,0,0,6,0,1,1,1,1791158267
2026-10-04T23:58:10+00:00,2026-10-04T23:58:21.303450+00:00,2070180968009321294,2070180968009321294,12,0,0,7,2,1,1,1,1791158271
2026-10-04T23:58:10+00:00,2026-10-04T23:58:21.303450+00:00,f83516b8-0de8-11e7-991c-3863bb43a7d0,184,0,0,0,18,1,1,1,1,1791158271
2026-10-04T23:58:10+00:00,2026-10-04T23:58:21.303450+00:00,f83524c0-0de8-11e7-991c-3863bb43a7d0,203,6,4,0,8,0,1,1,1,1791158270
2026-10-04T23:58:10+00:00,2026-10-04T23:58:21.303450+00:00,83183df0-38c2-4ae8-a0c4-4b59599c9582,222,4,0,0,10,0,1,1,1,1791158273
2026-10-04T23:58:10+00:00,2026-10-04T23:58:21.303450+00:00,f83510fd-0de8-11e7-991c-3863bb43a7d0,171,16,0,2,5,0,1,1,1,1791158273
2026-10-04T23:58:10+00:00,2026-10-04T23:58:21.303450+00:00,ff6ed364-8676-45a0-b97f-71025683849e,442,5,0,0,10,0,1,1,1,1791158275
2026-10-04T23:58:10+00:00,2026-10-04T23:58:21.303450+00:00,f8347118-0de8-11e7-991c-3863bb43a7d0,22,6,2,0,27,2,1,1,1,1791158275
2026-10-04T23:58:10+00:00,2026-10-04T23:58:21.303450+00:00,2264176803898382980,2264176803898382980,3,3,0,8,0,1,1,1,1791158274
2026-10-04T23:58:10+00:00,2026-10-04T23:58:21.303450+00:00,f36e24cd-de4c-4a5e-adf4-cb97ccd2958d,505,5,2,3,3,0,1,1,1,1791158275
2026-10-04T23:58:10+00:00,2026-10-04T23:58:21.303450+00:00,f8351019-0de8-11e7-991c-3863bb43a7d0,169,8,0,0,11,0,1,1,1,1791158276
2026-10-04T23:58:10+00:00,2026-10-04T23:58:21.303450+00:00,f83494b4-0de8-11e7-991c-3863bb43a7d0,69,6,2,1,12,0,1,1,1,1791158278
2026-10-04T23:58:10+00:00,2026-10-04T23:58:21.303450+00:00,f8346894-0de8-11e7-991c-3863bb43a7d0,9,12,2,1,2,0,1,1,1,1791158277
2026-10-04T23:58:10+00:00,2026-10-04T23:58:21.303450+00:00,2223045710883822544,2223045710883822544,7,1,0,8,0,1,1,1,1791158278
2026-10-04T23:58:10+00:00,2026-10-04T23:58:21.303450+00:00,f8351336-0de8-11e7-991c-3863bb43a7d0,176,12,0,0,3,0,1,1,1,1791158277
2026-10-04T23:58:10+00:00,2026-10-04T23:58:21.303450+00:00,f834b5d9-0de8-11e7-991c-3863bb43a7d0,103,3,1,0,12,0,1,1,1,1791158278
2026-10-04T23:58:10+00:00,2026-10-04T23:58:21.303450+00:00,2ba0c5dd-c990-4434-8a84-5c3eca23f096,447,10,2,0,9,0,1,1,1,1791158278
