snapshot_utc,fetched_utc,station_id,legacy_id,num_bikes_available,num_ebikes_available,num_bikes_disabled,num_docks_available,num_docks_disabled,is_installed,is_renting,is_returning,last_reported
2026-09-17T03:35:31+00:00,2026-09-17T03:36:48.378361+00:00,8bc42f7f-753d-4cca-a7d6-0d7c2530ea2c,364,18,3,0,1,0,1,1,1,1789616025
2026-09-17T03:35:31+00:00,2026-09-17T03:36:48.378361+00:00,97a1e4e7-a1ff-427a-aaea-48ca0d00bf9c,348,12,3,0,3,0,1,1,1,1789616024
2026-09-17T03:35:31+00:00,2026-09-17T03:36:48.378361+00:00,2110566771130438288,2110566771130438288,8,5,0,8,0,1,1,1,1789616022
2026-09-17T03:35:31+00:00,2026-09-17T03:36:48.378361+00:00,f8351f87-0de8-11e7-991c-3863bb43a7d0,192,0,0,1,18,0,1,1,1,1789616025
2026-09-17T03:35:31+00:00,2026-09-17T03:36:48.378361+00:00,f83466c6-0de8-11e7-991c-3863bb43a7d0,6,5,1,0,8,0,1,1,1,1789616090
2026-09-17T03:35:31+00:00,2026-09-17T03:36:48.378361+00:00,625f105e-4407-4988-9095-d1979cbda5e1,234,18,12,1,0,0,1,1,1,1789616088
2026-09-17T03:35:31+00:00,2026-09-17T03:36:48.378361+00:00,f834c6f5-0de8-11e7-991c-3863bb43a7d0,111,13,4,0,2,0,1,1,1,1789616089
2026-09-17T03:35:31+00:00,2026-09-17T03:36:48.378361+00:00,f834d260-0de8-11e7-991c-3863bb43a7d0,119,6,3,0,9,0,1,1,1,1789616086
2026-09-17T03:35:31+00:00,2026-09-17T03:36:48.378361+00:00,1997031876360597884,1997031876360597884,8,7,0,3,0,1,1,1,1789616005
2026-09-17T03:35:31+00:00,2026-09-17T03:36:48.378361+00:00,133d159e-a202-4310-910f-eca392fe181e,398,6,1,0,13,0,1,1,1,1789616067
2026-09-17T03:35:31+00:00,2026-09-17T03:36:48.378361+00:00,ab6517ea-ed53-42eb-8881-657d362e56e8,560,10,0,0,5,0,1,1,1,1789616069
2026-09-17T03:35:31+00:00,2026-09-17T03:36:48.378361+00:00,d1a5e406-718c-44b9-b9dd-e63605b888aa,555,11,9,0,4,0,1,1,1,1789616068
2026-09-17T03:35:31+00:00,2026-09-17T03:36:48.378361+00:00,f835244e-0de8-11e7-991c-3863bb43a7d0,202,5,1,0,10,0,1,1,1,1789616066
2026-09-17T03:35:31+00:00,2026-09-17T03:36:48.378361+00:00,f8347002-0de8-11e7-991c-3863bb43a7d0,20,12,1,1,10,0,1,1,1,1789616050
2026-09-17T03:35:31+00:00,2026-09-17T03:36:48.378361+00:00,82b41ffb-e284-4e4d-b22a-0cad2bfd4bee,443,3,0,0,16,0,1,1,1,1789616052
2026-09-17T03:35:31+00:00,2026-09-17T03:36:48.378361+00:00,2124664048772581794,2124664048772581794,3,1,0,8,0,1,1,1,1789616054
2026-09-17T03:35:31+00:00,2026-09-17T03:36:48.378361+00:00,f834916a-0de8-11e7-991c-3863bb43a7d0,63,7,1,0,8,0,1,1,1,1789616049
2026-09-17T03:35:31+00:00,2026-09-17T03:36:48.378361+00:00,2027855476515070160,2027855476515070160,1,0,1,25,0,1,1,1,1789616054
2026-09-17T03:35:31+00:00,2026-09-17T03:36:48.378361+00:00,2261583246847893606,2261583246847893606,19,4,0,0,0,1,1,1,1789616054
2026-09-17T03:35:31+00:00,2026-09-17T03:36:48.378361+00:00,15ec5783-ca7a-4225-ba51-cd0a45ecc975,15ec5783-ca7a-4225-ba51-cd0a45ecc975,4,1,1,6,0,1,1,1,1789616056
2026-09-17T03:35:31+00:00,2026-09-17T03:36:48.378361+00:00,f834f036-0de8-11e7-991c-3863bb43a7d0,133,15,2,1,8,0,1,1,1,1789616056
2026-09-17T03:35:31+00:00,2026-09-17T03:36:48.378361+00:00,f8346e51-0de8-11e7-991c-3863bb43a7d0,17,14,2,0,1,0,1,1,1,1789616007
2026-09-17T03:35:31+00:00,2026-09-17T03:36:48.378361+00:00,f83493c0-0de8-11e7-991c-3863bb43a7d0,67,4,0,3,17,0,1,1,1,1789616009
2026-09-17T03:35:31+00:00,2026-09-17T03:36:48.378361+00:00,f834cb89-0de8-11e7-991c-3863bb43a7d0,115,13,0,2,4,0,1,1,1,1789616010
2026-09-17T03:35:31+00:00,2026-09-17T03:36:48.378361+00:00,f606593b-3d07-40f2-bc6d-a0eb96588e44,456,16,3,0,2,0,1,1,1,1789616017
2026-09-17T03:35:31+00:00,2026-09-17T03:36:48.378361+00:00,f8347a8b-0de8-11e7-991c-3863bb43a7d0,29,14,0,1,4,0,1,1,1,1789616016
2026-09-17T03:35:31+00:00,2026-09-17T03:36:48.378361+00:00,8d535c23-f186-4161-aa10-17e94be6d4ae,436,10,1,0,4,1,1,1,1,1789616070
2026-09-17T03:35:31+00:00,2026-09-17T03:36:48.378361+00:00,f834e75d-0de8-11e7-991c-3863bb43a7d0,129,4,1,0,14,1,1,1,1,1789616073
2026-09-17T03:35:31+00:00,2026-09-17T03:36:48.378361+00:00,6cec3afa-554c-466f-8323-5c619fe0ddc6,6cec3afa-554c-466f-8323-5c619fe0ddc6,9,3,0,2,0,1,1,1,1789616073
2026-09-17T03:35:31+00:00,2026-09-17T03:36:48.378361+00:00,1919521884659886482,1919521884659886482,6,1,1,12,0,1,1,1,1789616074
2026-09-17T03:35:31+00:00,2026-09-17T03:36:48.378361+00:00,f8351569-0de8-11e7-991c-3863bb43a7d0,181,15,3,0,4,0,1,1,1,1789616075
2026-09-17T03:35:31+00:00,2026-09-17T03:36:48.378361+00:00,38706d8c-8d4b-49f7-b6ed-7688449db261,463,13,1,0,6,0,1,1,1,1789616072
2026-09-17T03:35:31+00:00,2026-09-17T03:36:48.378361+00:00,cad0e759-b605-458a-b772-768dcce81dc6,372,0,0,1,18,0,1,1,1,1789616022
2026-09-17T03:35:31+00:00,2026-09-17T03:36:48.378361+00:00,2127634714741013228,2127634714741013228,21,1,0,3,0,1,1,1,1789616019
2026-09-17T03:35:31+00:00,2026-09-17T03:36:48.378361+00:00,aefc33cd-40b9-48da-8b87-415428816bdb,488,10,2,0,6,0,1,1,1,1789616022
2026-09-17T03:35:31+00:00,2026-09-17T03:36:48.378361+00:00,f83532fa-0de8-11e7-991c-3863bb43a7d0,219,2,0,0,13,0,1,1,1,1789616061
2026-09-17T03:35:31+00:00,2026-09-17T03:36:48.378361+00:00,dcd76e42-eebc-4432-9726-cdb3372b0b07,557,0,0,0,19,0,1,1,1,1789616061
2026-09-17T03:35:31+00:00,2026-09-17T03:36:48.378361+00:00,2028220168245183460,2028220168245183460,11,3,0,8,0,1,1,1,1789616059
2026-09-17T03:35:31+00:00,2026-09-17T03:36:48.378361+00:00,1ef5abb2-5af9-41f2-a0dd-1e44278ad9f1,502,8,2,0,3,0,1,1,1,1789616095
2026-09-17T03:35:31+00:00,2026-09-17T03:36:48.378361+00:00,f8350129-0de8-11e7-991c-3863bb43a7d0,149,16,1,1,1,0,1,1,1,1789616093
2026-09-17T03:35:31+00:00,2026-09-17T03:36:48.378361+00:00,1ef9964d-47ac-4cd4-916e-7c006fa1e605,339,11,6,0,4,0,1,1,1,1789616093
2026-09-17T03:35:31+00:00,2026-09-17T03:36:48.378361+00:00,f7d416f8-4377-4019-bba7-302dc1d5a11d,391,8,2,1,6,0,1,1,1,1789616094
2026-09-17T03:35:31+00:00,2026-09-17T03:36:48.378361+00:00,b44b7c3d-c054-4591-92a9-3b96d86050ab,b44b7c3d-c054-4591-92a9-3b96d86050ab,4,3,0,7,0,1,1,1,1789616091
2026-09-17T03:35:31+00:00,2026-09-17T03:36:48.378361+00:00,5410aac7-2ec0-47b6-b728-b99c5137b463,5410aac7-2ec0-47b6-b728-b99c5137b463,9,5,0,2,0,1,1,1,1789616092
2026-09-17T03:35:31+00:00,2026-09-17T03:36:48.378361+00:00,8e7c1984-dc81-43b0-a0d3-58c6de45225a,465,7,1,0,4,0,1,1,1,1789616095
2026-09-17T03:35:31+00:00,2026-09-17T03:36:48.378361+00:00,2250817396738253956,2250817396738253956,11,2,0,4,0,1,1,1,1789616096
2026-09-17T03:35:31+00:00,2026-09-17T03:36:48.378361+00:00,f8347ded-0de8-11e7-991c-3863bb43a7d0,35,2,0,0,29,0,1,1,1,1789616029
2026-09-17T03:35:31+00:00,2026-09-17T03:36:48.378361+00:00,768433a9-fc30-4485-b136-22d6f8a96f1c,768433a9-fc30-4485-b136-22d6f8a96f1c,8,5,0,3,0,1,1,1,1789616028
2026-09-17T03:35:31+00:00,2026-09-17T03:36:48.378361+00:00,f834a1de-0de8-11e7-991c-3863bb43a7d0,84,6,0,0,9,0,1,1,1,1789616028
2026-09-17T03:35:31+00:00,2026-09-17T03:36:48.378361+00:00,569f4952-5a25-4394-a419-f9c4d9cca6f3,495,10,0,0,9,0,1,1,1,1789616029
2026-09-17T03:35:31+00:00,2026-09-17T03:36:48.378361+00:00,f8346c96-0de8-11e7-991c-3863bb43a7d0,14,1,0,0,24,0,1,1,1,1789616028
2026-09-17T03:35:31+00:00,2026-09-17T03:36:48.378361+00:00,986068c4-d11a-465a-b8d0-bd0960c57f51,986068c4-d11a-465a-b8d0-bd0960c57f51,2,0,1,11,0,1,1,1,1789616075
2026-09-17T03:35:31+00:00,2026-09-17T03:36:48.378361+00:00,77c1736c-a609-4453-94f7-8e4253a8193c,474,7,2,0,4,0,1,1,1,1789616076
2026-09-17T03:35:31+00:00,2026-09-17T03:36:48.378361+00:00,f8351791-0de8-11e7-991c-3863bb43a7d0,186,1,1,0,13,0,1,1,1,1789616078
2026-09-17T03:35:31+00:00,2026-09-17T03:36:48.378361+00:00,1991921362058752616,1991921362058752616,0,0,0,19,1,1,1,1,1789616077
2026-09-17T03:35:31+00:00,2026-09-17T03:36:48.378361+00:00,f8349599-0de8-11e7-991c-3863bb43a7d0,71,15,0,0,7,0,1,1,1,1789616077
2026-09-17T03:35:31+00:00,2026-09-17T03:36:48.378361+00:00,01d29f8c-768d-4c4f-84ca-3de966075287,469,5,1,0,6,0,1,1,1,1789616081
2026-09-17T03:35:31+00:00,2026-09-17T03:36:48.378361+00:00,800bde2c-51df-497c-ac2d-bc3a8c00c164,800bde2c-51df-497c-ac2d-bc3a8c00c164,0,0,0,15,0,1,1,1,1789616080
2026-09-17T03:35:31+00:00,2026-09-17T03:36:48.378361+00:00,9fef6df2-7f8f-43fc-a85b-7dd5453860f9,437,13,0,0,6,0,1,1,1,1789616082
2026-09-17T03:35:31+00:00,2026-09-17T03:36:48.378361+00:00,f834b183-0de8-11e7-991c-3863bb43a7d0,98,4,0,1,17,0,1,1,1,1789616083
2026-09-17T03:35:31+00:00,2026-09-17T03:36:48.378361+00:00,c111ef1a-f276-415d-a95e-8e3c4e3a0c03,522,13,1,2,0,0,1,1,1,1789616081
2026-09-17T03:35:31+00:00,2026-09-17T03:36:48.378361+00:00,2036103727838931110,2036103727838931110,10,0,0,1,0,1,1,1,1789616082
2026-09-17T03:35:31+00:00,2026-09-17T03:36:48.378361+00:00,87b5a8b7-a330-4c51-ab32-7dafa292c88f,421,13,0,0,6,0,1,1,1,1789616084
2026-09-17T03:35:31+00:00,2026-09-17T03:36:48.378361+00:00,40ee059e-8530-4992-9114-c16b87d6832f,441,15,1,0,3,1,1,1,1,1789616085
2026-09-17T03:35:31+00:00,2026-09-17T03:36:48.378361+00:00,f834f948-0de8-11e7-991c-3863bb43a7d0,138,11,1,0,4,0,1,1,1,1789616083
2026-09-17T03:35:31+00:00,2026-09-17T03:36:48.378361+00:00,25489822-e43a-4704-b2a8-d905b78ba77c,389,11,2,1,2,0,1,1,1,1789616085
2026-09-17T03:35:31+00:00,2026-09-17T03:36:48.378361+00:00,6eaa7343-402d-41c9-9aac-8c664fdbdcf1,6eaa7343-402d-41c9-9aac-8c664fdbdcf1,0,0,0,0,0,0,0,0,86400
2026-09-17T03:35:31+00:00,2026-09-17T03:36:48.378361+00:00,1986694622707704150,1986694622707704150,16,1,0,3,0,1,1,1,1789616042
2026-09-17T03:35:31+00:00,2026-09-17T03:36:48.378361+00:00,e4d5271f-5f76-401b-b7f0-c8dce3c26f10,462,11,2,0,0,0,1,1,1,1789616042
2026-09-17T03:35:31+00:00,2026-09-17T03:36:48.378361+00:00,2129149628430547474,2129149628430547474,2,2,0,14,0,1,1,1,1789616043
2026-09-17T03:35:31+00:00,2026-09-17T03:36:48.378361+00:00,f8350199-0de8-11e7-991c-3863bb43a7d0,150,16,1,2,1,0,1,1,1,1789616041
2026-09-17T03:35:31+00:00,2026-09-17T03:36:48.378361+00:00,f834fcbe-0de8-11e7-991c-3863bb43a7d0,141,0,0,0,15,0,1,1,1,1789616039
2026-09-17T03:35:31+00:00,2026-09-17T03:36:48.378361+00:00,1331197c-f6c6-4f4a-a29b-95e580359886,224,7,1,0,10,0,1,1,1,1789616044
2026-09-17T03:35:31+00:00,2026-09-17T03:36:48.378361+00:00,a825b55d-3ab3-481f-9c50-d3a7313e6843,228,0,0,0,19,0,1,1,1,1789616044
2026-09-17T03:35:31+00:00,2026-09-17T03:36:48.378361+00:00,f8349070-0de8-11e7-991c-3863bb43a7d0,61,1,0,0,18,0,1,1,1,1789616033
2026-09-17T03:35:31+00:00,2026-09-17T03:36:48.378361+00:00,2113559364250874028,2113559364250874028,1,1,4,10,0,1,1,1,1789616035
2026-09-17T03:35:31+00:00,2026-09-17T03:36:48.378361+00:00,f834b928-0de8-11e7-991c-3863bb43a7d0,106,11,3,0,4,0,1,1,1,1789616037
2026-09-17T03:35:31+00:00,2026-09-17T03:36:48.378361+00:00,52ca4d94-587f-4a61-a298-a1a755e73bfb,362,19,4,0,0,0,1,1,1,1789616037
2026-09-17T03:35:31+00:00,2026-09-17T03:36:48.378361+00:00,a6d6d4b2-3666-43ad-a690-7f676bdcc3fd,542,13,1,0,6,0,1,1,1,1789616035
2026-09-17T03:35:31+00:00,2026-09-17T03:36:48.378361+00:00,f834d34b-0de8-11e7-991c-3863bb43a7d0,120,29,0,0,10,0,1,1,1,1789616046
2026-09-17T03:35:31+00:00,2026-09-17T03:36:48.378361+00:00,eed9e64f-f09d-43c1-aa31-da968c66750a,368,10,2,0,5,0,1,1,1,1789616047
2026-09-17T03:35:31+00:00,2026-09-17T03:36:48.378361+00:00,88b35b6d-f355-44dc-b85e-ed2eb1bc9099,406,16,11,0,3,0,1,1,1,1789616047
2026-09-17T03:35:31+00:00,2026-09-17T03:36:48.378361+00:00,4b5de733-9353-4873-9dc2-9558b3cb063a,393,7,3,1,6,0,1,1,1,1789616093
2026-09-17T03:35:31+00:00,2026-09-17T03:36:48.378361+00:00,e335fa7c-7adf-4360-9bfa-76b18124a56f,541,3,2,0,8,0,1,1,1,1789616096
2026-09-17T03:35:31+00:00,2026-09-17T03:36:48.378361+00:00,2131371824572002576,2131371824572002576,5,0,0,11,0,1,1,1,1789616095
2026-09-17T03:35:31+00:00,2026-09-17T03:36:48.378361+00:00,2132460331327742574,2132460331327742574,0,0,0,18,0,1,1,1,1789616101
2026-09-17T03:35:31+00:00,2026-09-17T03:36:48.378361+00:00,2220033166406469278,2220033166406469278,12,5,0,3,0,1,1,1,1789615978
2026-09-17T03:35:31+00:00,2026-09-17T03:36:48.378361+00:00,f83473ea-0de8-11e7-991c-3863bb43a7d0,27,16,0,0,6,0,1,1,1,1789616098
2026-09-17T03:35:31+00:00,2026-09-17T03:36:48.378361+00:00,f8351255-0de8-11e7-991c-3863bb43a7d0,174,15,3,0,0,0,1,1,1,1789616098
2026-09-17T03:35:31+00:00,2026-09-17T03:36:48.378361+00:00,918335df-fc1a-45c2-9cfc-c5e2e93aecc0,467,4,1,1,6,0,1,1,1,1789616097
2026-09-17T03:35:31+00:00,2026-09-17T03:36:48.378361+00:00,2134720099473744344,2134720099473744344,1,1,0,20,0,1,1,1,1789616079
2026-09-17T03:35:31+00:00,2026-09-17T03:36:48.378361+00:00,5d17f129-af8c-4f30-bc58-6a8279052772,543,4,0,0,15,0,1,1,1,1789616104
2026-09-17T03:35:31+00:00,2026-09-17T03:36:48.378361+00:00,2126567695528519906,2126567695528519906,2,0,1,17,0,1,1,1,1789616102
2026-09-17T03:35:31+00:00,2026-09-17T03:36:48.378361+00:00,f834b1ed-0de8-11e7-991c-3863bb43a7d0,99,13,4,0,2,0,1,1,1,1789616102
2026-09-17T03:35:31+00:00,2026-09-17T03:36:48.378361+00:00,9b0aff89-5242-475e-b03b-87c3c3bf51bb,477,6,4,0,12,0,1,1,1,1789616104
2026-09-17T03:35:31+00:00,2026-09-17T03:36:48.378361+00:00,25d6f87f-7025-48c5-b202-f91511a4ae19,25d6f87f-7025-48c5-b202-f91511a4ae19,11,4,0,8,0,1,1,1,1789616105
2026-09-17T03:35:31+00:00,2026-09-17T03:36:48.378361+00:00,ec4e1168-25dc-4929-b17b-e4ae578dd888,425,6,6,0,10,0,1,1,1,1789616107
2026-09-17T03:35:31+00:00,2026-09-17T03:36:48.378361+00:00,f8347ba8-0de8-11e7-991c-3863bb43a7d0,31,5,0,0,14,0,1,1,1,1789616107
2026-09-17T03:35:31+00:00,2026-09-17T03:36:48.378361+00:00,2127252912986958612,2127252912986958612,3,0,0,12,0,1,1,1,1789616108
2026-09-17T03:35:31+00:00,2026-09-17T03:36:48.378361+00:00,2089808297152151688,2089808297152151688,4,0,0,8,0,1,1,1,1789616110
2026-09-17T03:35:31+00:00,2026-09-17T03:36:48.378361+00:00,2219705277630124418,2219705277630124418,10,3,0,5,0,1,1,1,1789616110
2026-09-17T03:35:31+00:00,2026-09-17T03:36:48.378361+00:00,f834a2a8-0de8-11e7-991c-3863bb43a7d0,85,4,0,2,13,0,1,1,1,1789616107
2026-09-17T03:35:31+00:00,2026-09-17T03:36:48.378361+00:00,f8352973-0de8-11e7-991c-3863bb43a7d0,210,5,0,0,10,0,1,1,1,1789616107
2026-09-17T03:35:31+00:00,2026-09-17T03:36:48.378361+00:00,2039387081833476178,2039387081833476178,9,0,0,11,0,1,1,1,1789616107
2026-09-17T03:35:31+00:00,2026-09-17T03:36:48.378361+00:00,2031175112202687108,2031175112202687108,1,0,0,15,0,1,1,1,1789616109
2026-09-17T03:35:31+00:00,2026-09-17T03:36:48.378361+00:00,f834c5c9-0de8-11e7-991c-3863bb43a7d0,110,0,0,0,15,0,1,1,1,1789616110
2026-09-17T03:35:31+00:00,2026-09-17T03:36:48.378361+00:00,1976280681456741062,1976280681456741062,8,2,0,3,0,1,1,1,1789616111
2026-09-17T03:35:31+00:00,2026-09-17T03:36:48.378361+00:00,2363c5a3-93cc-41a2-a767-90f1826c041f,426,0,0,2,25,0,1,1,1,1789616116
2026-09-17T03:35:31+00:00,2026-09-17T03:36:48.378361+00:00,2438d052-2cd6-4fba-83c9-39f46cb59398,2438d052-2cd6-4fba-83c9-39f46cb59398,10,0,1,9,0,1,1,1,1789616116
2026-09-17T03:35:31+00:00,2026-09-17T03:36:48.378361+00:00,f8348719-0de8-11e7-991c-3863bb43a7d0,52,10,1,0,13,0,1,1,1,1789616116
2026-09-17T03:35:31+00:00,2026-09-17T03:36:48.378361+00:00,e519df41-c4d7-403a-9afa-a5dd7cdd2d03,536,2,0,0,16,0,1,1,1,1789616116
2026-09-17T03:35:31+00:00,2026-09-17T03:36:48.378361+00:00,ea00f276-26dc-48ee-b2c8-6e56fd632a2d,272,7,1,0,12,0,1,1,1,1789616115
2026-09-17T03:35:31+00:00,2026-09-17T03:36:48.378361+00:00,f8350d30-0de8-11e7-991c-3863bb43a7d0,163,2,2,0,17,0,1,1,1,1789616115
2026-09-17T03:35:31+00:00,2026-09-17T03:36:48.378361+00:00,1999639508813492766,1999639508813492766,4,0,0,15,1,1,1,1,1789616115
2026-09-17T03:35:31+00:00,2026-09-17T03:36:48.378361+00:00,2227859082657747444,2227859082657747444,7,3,0,0,0,1,1,1,1789616115
2026-09-17T03:35:31+00:00,2026-09-17T03:36:48.378361+00:00,829fa5a8-cc88-4ab2-9f34-b481aaa1612e,259,3,0,0,12,0,1,1,1,1789616115
2026-09-17T03:35:31+00:00,2026-09-17T03:36:48.378361+00:00,1976640911178291400,1976640911178291400,6,4,0,5,0,1,1,1,1789616111
2026-09-17T03:35:31+00:00,2026-09-17T03:36:48.378361+00:00,2149920539832638004,2149920539832638004,12,2,0,3,0,1,1,1,1789616112
2026-09-17T03:35:31+00:00,2026-09-17T03:36:48.378361+00:00,4d953f0f-13b5-4b3d-b2da-342003ff7cba,4d953f0f-13b5-4b3d-b2da-342003ff7cba,8,5,0,3,0,1,1,1,1789616112
2026-09-17T03:35:31+00:00,2026-09-17T03:36:48.378361+00:00,2071991821019036242,2071991821019036242,13,6,0,7,0,1,1,1,1789616112
2026-09-17T03:35:31+00:00,2026-09-17T03:36:48.378361+00:00,f8346dbd-0de8-11e7-991c-3863bb43a7d0,16,0,0,0,19,0,1,1,1,1789616112
2026-09-17T03:35:31+00:00,2026-09-17T03:36:48.378361+00:00,1999644268058967024,1999644268058967024,17,1,1,6,0,1,1,1,1789616112
2026-09-17T03:35:31+00:00,2026-09-17T03:36:48.378361+00:00,f55cdf0a-3d7b-491c-bed2-7dc0ef2062d5,489,10,5,0,6,0,1,1,1,1789616113
2026-09-17T03:35:31+00:00,2026-09-17T03:36:48.378361+00:00,f8351649-0de8-11e7-991c-3863bb43a7d0,183,1,1,0,18,0,1,1,1,1789616113
2026-09-17T03:35:31+00:00,2026-09-17T03:36:48.378361+00:00,acb27827-d69a-4287-b132-3f529ca62ad2,427,13,9,1,4,1,1,1,1,1789616114
2026-09-17T03:35:31+00:00,2026-09-17T03:36:48.378361+00:00,2251556760922290606,2251556760922290606,14,3,0,1,0,1,1,1,1789616113
2026-09-17T03:35:31+00:00,2026-09-17T03:36:48.378361+00:00,f8348598-0de8-11e7-991c-3863bb43a7d0,49,9,0,2,7,0,1,1,1,1789616113
2026-09-17T03:35:31+00:00,2026-09-17T03:36:48.378361+00:00,f834a67b-0de8-11e7-991c-3863bb43a7d0,89,0,0,0,19,0,1,1,1,1789616114
2026-09-17T03:35:31+00:00,2026-09-17T03:36:48.378361+00:00,57f5003b-6574-40b3-83d7-3b5dee1472e0,518,0,0,11,0,0,1,0,0,1789385522
2026-09-17T03:35:31+00:00,2026-09-17T03:36:48.378361+00:00,1994515539257334312,1994515539257334312,19,9,0,0,0,1,1,1,1789616117
2026-09-17T03:35:31+00:00,2026-09-17T03:36:48.378361+00:00,199f3d59-e726-4549-b9c1-4dfc8a343fdb,508,1,0,0,10,0,1,1,1,1789616117
2026-09-17T03:35:31+00:00,2026-09-17T03:36:48.378361+00:00,2251186911126913182,2251186911126913182,12,2,0,7,0,1,1,1,1789616117
2026-09-17T03:35:31+00:00,2026-09-17T03:36:48.378361+00:00,2036412579943670600,2036412579943670600,6,5,0,6,0,1,1,1,1789616118
2026-09-17T03:35:31+00:00,2026-09-17T03:36:48.378361+00:00,803a0c16-4f81-44f1-8b49-a13fcdda40c1,370,2,0,1,18,0,1,1,1,1789616118
2026-09-17T03:35:31+00:00,2026-09-17T03:36:48.378361+00:00,8b703219-1e16-4ba1-9f46-2b7030c7849a,360,0,0,7,8,0,1,0,0,1789607546
2026-09-17T03:35:31+00:00,2026-09-17T03:36:48.378361+00:00,66763558-7a03-48a9-8665-6b4445b81f48,458,13,3,0,2,0,1,1,1,1789616001
2026-09-17T03:35:31+00:00,2026-09-17T03:36:48.378361+00:00,f8351e42-0de8-11e7-991c-3863bb43a7d0,189,0,0,0,23,0,1,1,1,1789615997
2026-09-17T03:35:31+00:00,2026-09-17T03:36:48.378361+00:00,f834d064-0de8-11e7-991c-3863bb43a7d0,118,19,8,0,0,0,1,1,1,1789616005
2026-09-17T03:35:31+00:00,2026-09-17T03:36:48.378361+00:00,50cc3c7f-50ed-4c70-b483-c89f3f47c938,491,10,2,0,9,0,1,1,1,1789616015
2026-09-17T03:35:31+00:00,2026-09-17T03:36:48.378361+00:00,fbb9b58c-2b92-4bcf-8e4c-a982e40d2f39,221,6,0,0,13,0,1,1,1,1789616015
2026-09-17T03:35:31+00:00,2026-09-17T03:36:48.378361+00:00,0bc49982-74e9-4bbf-9991-e3d809d6319e,530,13,1,1,5,0,1,1,1,1789616013
2026-09-17T03:35:31+00:00,2026-09-17T03:36:48.378361+00:00,2079440939380771716,2079440939380771716,8,2,1,3,0,1,1,1,1789616012
2026-09-17T03:35:31+00:00,2026-09-17T03:36:48.378361+00:00,1e3beeb4-f8e1-452c-93e5-48df78d4b313,334,7,1,0,11,0,1,1,1,1789616016
2026-09-17T03:35:31+00:00,2026-09-17T03:36:48.378361+00:00,910f1452-dbeb-4e69-b226-71b2d7e85715,910f1452-dbeb-4e69-b226-71b2d7e85715,10,3,0,0,0,1,1,1,1789616021
2026-09-17T03:35:31+00:00,2026-09-17T03:36:48.378361+00:00,25cc602a-152a-4abe-9df8-a131d0a5d94b,235,12,7,1,2,0,1,1,1,1789616021
2026-09-17T03:35:31+00:00,2026-09-17T03:36:48.378361+00:00,f834b652-0de8-11e7-991c-3863bb43a7d0,104,16,0,1,0,0,1,1,1,1789616021
2026-09-17T03:35:31+00:00,2026-09-17T03:36:48.378361+00:00,2115804056935012722,2115804056935012722,1,0,2,16,0,1,1,1,1789616018
2026-09-17T03:35:31+00:00,2026-09-17T03:36:48.378361+00:00,f8352150-0de8-11e7-991c-3863bb43a7d0,196,6,3,0,4,0,1,1,1,1789616034
2026-09-17T03:35:31+00:00,2026-09-17T03:36:48.378361+00:00,4caf6e93-ddd7-4b6f-9e61-f9df1206ac92,4caf6e93-ddd7-4b6f-9e61-f9df1206ac92,6,3,1,12,0,1,1,1,1789616037
2026-09-17T03:35:31+00:00,2026-09-17T03:36:48.378361+00:00,2124668538068359456,2124668538068359456,0,0,1,18,0,1,1,1,1789616039
2026-09-17T03:35:31+00:00,2026-09-17T03:36:48.378361+00:00,2256120653476329202,2256120653476329202,10,0,2,3,0,1,1,1,1789616042
2026-09-17T03:35:31+00:00,2026-09-17T03:36:48.378361+00:00,609c2f06-310e-4134-8dd2-3d23aa41487b,609c2f06-310e-4134-8dd2-3d23aa41487b,16,1,0,6,0,1,1,1,1789616041
2026-09-17T03:35:31+00:00,2026-09-17T03:36:48.378361+00:00,fae99a0c-e88a-4112-94d8-f655cf34e651,fae99a0c-e88a-4112-94d8-f655cf34e651,3,1,0,16,0,1,1,1,1789616040
2026-09-17T03:35:31+00:00,2026-09-17T03:36:48.378361+00:00,f1cafe36-f800-41f6-b74d-73953cb6394c,471,1,1,0,26,0,1,1,1,1789616047
2026-09-17T03:35:31+00:00,2026-09-17T03:36:48.378361+00:00,8f51f8f1-ecb8-4cd3-8529-296a03140c51,8f51f8f1-ecb8-4cd3-8529-296a03140c51,7,0,0,12,0,1,1,1,1789616049
2026-09-17T03:35:31+00:00,2026-09-17T03:36:48.378361+00:00,4764641e-b080-4c70-a1e1-049de81e09d0,273,21,0,1,18,0,1,1,1,1789616044
2026-09-17T03:35:31+00:00,2026-09-17T03:36:48.378361+00:00,f8349de4-0de8-11e7-991c-3863bb43a7d0,80,0,0,2,33,0,1,1,1,1789616046
2026-09-17T03:35:31+00:00,2026-09-17T03:36:48.378361+00:00,f834db9b-0de8-11e7-991c-3863bb43a7d0,121,10,5,0,7,0,1,1,1,1789616054
2026-09-17T03:35:31+00:00,2026-09-17T03:36:48.378361+00:00,b5894555-30a3-46db-918a-fdeb083d6001,336,14,0,1,0,0,1,1,1,1789616051
2026-09-17T03:35:31+00:00,2026-09-17T03:36:48.378361+00:00,3c837bc0-fd08-49c4-adf5-0e9a98e918a7,524,7,0,1,7,0,1,1,1,1789616056
2026-09-17T03:35:31+00:00,2026-09-17T03:36:48.378361+00:00,c935cfb1-ef73-402e-9b86-83aaaac6534d,478,16,1,0,3,0,1,1,1,1789616055
2026-09-17T03:35:31+00:00,2026-09-17T03:36:48.378361+00:00,2074236051937964826,2074236051937964826,12,0,0,4,0,1,1,1,1789616054
2026-09-17T03:35:31+00:00,2026-09-17T03:36:48.378361+00:00,2035765531590062506,2035765531590062506,3,2,0,8,0,1,1,1,1789616055
2026-09-17T03:35:31+00:00,2026-09-17T03:36:48.378361+00:00,2131714490587826928,2131714490587826928,14,7,0,2,0,1,1,1,1789616055
2026-09-17T03:35:31+00:00,2026-09-17T03:36:48.378361+00:00,3f4f4ad4-a715-43d5-828f-f8381f26b66a,390,1,0,1,13,0,1,1,1,1789616057
2026-09-17T03:35:31+00:00,2026-09-17T03:36:48.378361+00:00,1963273678015717438,1963273678015717438,15,0,1,3,0,1,1,1,1789616059
2026-09-17T03:35:31+00:00,2026-09-17T03:36:48.378361+00:00,dc770287-c70c-43ea-a635-39f3dc6b09cd,dc770287-c70c-43ea-a635-39f3dc6b09cd,6,2,0,5,0,1,1,1,1789616060
2026-09-17T03:35:31+00:00,2026-09-17T03:36:48.378361+00:00,3a6d94a7-9fee-41c5-b8cc-a8487c5e691b,549,24,0,0,0,0,1,1,1,1789615999
2026-09-17T03:35:31+00:00,2026-09-17T03:36:48.378361+00:00,634b697d-0e64-4102-8849-abac7a7f8e35,455,6,1,1,5,0,1,1,1,1789616023
2026-09-17T03:35:31+00:00,2026-09-17T03:36:48.378361+00:00,ee18dbd6-05b8-4d38-a120-f84c3499a77e,519,6,1,2,3,0,1,1,1,1789616025
2026-09-17T03:35:31+00:00,2026-09-17T03:36:48.378361+00:00,f83514f9-0de8-11e7-991c-3863bb43a7d0,180,10,3,0,9,0,1,1,1,1789616026
2026-09-17T03:35:31+00:00,2026-09-17T03:36:48.378361+00:00,f83487f0-0de8-11e7-991c-3863bb43a7d0,54,1,0,0,14,0,1,1,1,1789616031
2026-09-17T03:35:31+00:00,2026-09-17T03:36:48.378361+00:00,a9bc314b-a3fd-46e5-a63b-f005258bba5f,a9bc314b-a3fd-46e5-a63b-f005258bba5f,5,0,0,12,1,1,1,1,1789616060
2026-09-17T03:35:31+00:00,2026-09-17T03:36:48.378361+00:00,13681246-4bf8-444a-a908-fa165e4ad298,329,15,5,0,0,0,1,1,1,1789616062
2026-09-17T03:35:31+00:00,2026-09-17T03:36:48.378361+00:00,3dbbb3cb-b52d-46f8-8f9c-db11e83d081c,327,15,9,0,0,0,1,1,1,1789616062
2026-09-17T03:35:31+00:00,2026-09-17T03:36:48.378361+00:00,2004828637786472956,2004828637786472956,12,0,2,5,0,1,1,1,1789616063
2026-09-17T03:35:31+00:00,2026-09-17T03:36:48.378361+00:00,a3b94ed8-8301-4ec6-baf2-64ac493b5106,529,0,0,0,16,0,1,1,1,1789616063
2026-09-17T03:35:31+00:00,2026-09-17T03:36:48.378361+00:00,3de6e5da-9702-4623-8683-26abd98012a8,525,1,0,0,11,0,1,1,1,1789616063
2026-09-17T03:35:31+00:00,2026-09-17T03:36:48.378361+00:00,082262bd-086b-46c7-83ce-eed2b39142ff,416,6,0,0,9,0,1,1,1,1789616066
2026-09-17T03:35:31+00:00,2026-09-17T03:36:48.378361+00:00,2248987790637065652,2248987790637065652,11,3,0,1,0,1,1,1,1789616067
2026-09-17T03:35:31+00:00,2026-09-17T03:36:48.378361+00:00,f8349672-0de8-11e7-991c-3863bb43a7d0,72,4,1,0,18,0,1,1,1,1789616067
2026-09-17T03:35:31+00:00,2026-09-17T03:36:48.378361+00:00,68323451-daf0-4532-a6cb-b070e3ef358f,68323451-daf0-4532-a6cb-b070e3ef358f,1,0,0,18,0,1,1,1,1789616068
2026-09-17T03:35:31+00:00,2026-09-17T03:36:48.378361+00:00,f8348857-0de8-11e7-991c-3863bb43a7d0,55,0,0,0,15,0,1,1,1,1789616065
2026-09-17T03:35:31+00:00,2026-09-17T03:36:48.378361+00:00,a439fff7-8630-464c-b277-efca6f6bc664,531,10,1,0,4,0,1,1,1,1789616084
2026-09-17T03:35:31+00:00,2026-09-17T03:36:48.378361+00:00,0cb6d635-6a7d-4d75-89b4-36b12616be12,432,10,8,0,9,0,1,1,1,1789616091
2026-09-17T03:35:31+00:00,2026-09-17T03:36:48.378361+00:00,1961066392414132348,1961066392414132348,2,0,1,16,0,1,1,1,1789616091
2026-09-17T03:35:31+00:00,2026-09-17T03:36:48.378361+00:00,f834fb66-0de8-11e7-991c-3863bb43a7d0,139,17,4,0,2,0,1,1,1,1789616075
2026-09-17T03:35:31+00:00,2026-09-17T03:36:48.378361+00:00,ee0fa23e-a6c2-474d-a6ef-bf581d63f1ae,ee0fa23e-a6c2-474d-a6ef-bf581d63f1ae,4,3,0,7,0,1,1,1,1789616094
2026-09-17T03:35:31+00:00,2026-09-17T03:36:48.378361+00:00,b0b8e427-7203-4844-9c70-129e08a74452,347,4,2,0,11,0,1,1,1,1789616092
2026-09-17T03:35:31+00:00,2026-09-17T03:36:48.378361+00:00,2120986392451359068,2120986392451359068,11,0,0,8,0,1,1,1,1789616093
2026-09-17T03:35:31+00:00,2026-09-17T03:36:48.378361+00:00,f8350be5-0de8-11e7-991c-3863bb43a7d0,160,1,0,0,13,0,1,1,1,1789616093
2026-09-17T03:35:31+00:00,2026-09-17T03:36:48.378361+00:00,a51b429f-bf06-425a-b3fe-b3155aa6468c,a51b429f-bf06-425a-b3fe-b3155aa6468c,6,2,3,2,0,1,1,1,1789616093
2026-09-17T03:35:31+00:00,2026-09-17T03:36:48.378361+00:00,f8348021-0de8-11e7-991c-3863bb43a7d0,39,15,1,1,11,0,1,1,1,1789616093
2026-09-17T03:35:31+00:00,2026-09-17T03:36:48.378361+00:00,dd8dee9d-d044-41d6-9371-8463cf9c671b,526,6,0,1,8,0,1,1,1,1789616088
2026-09-17T03:35:31+00:00,2026-09-17T03:36:48.378361+00:00,c98f50f6-1901-4c64-b164-8cf33245e022,282,16,0,1,1,0,1,1,1,1789616090
2026-09-17T03:35:31+00:00,2026-09-17T03:36:48.378361+00:00,d81e16e2-a410-4a0b-b5ae-b72748fc9781,d81e16e2-a410-4a0b-b5ae-b72748fc9781,9,3,0,10,0,1,1,1,1789616095
2026-09-17T03:35:31+00:00,2026-09-17T03:36:48.378361+00:00,f8352c1a-0de8-11e7-991c-3863bb43a7d0,216,15,0,0,4,0,1,1,1,1789616095
2026-09-17T03:35:31+00:00,2026-09-17T03:36:48.378361+00:00,e3f5d039-a49e-4b3b-ab4d-4efbef2068c6,e3f5d039-a49e-4b3b-ab4d-4efbef2068c6,18,0,0,5,0,1,1,1,1789616096
2026-09-17T03:35:31+00:00,2026-09-17T03:36:48.378361+00:00,f8349d6e-0de8-11e7-991c-3863bb43a7d0,79,14,3,0,4,0,1,1,1,1789616097
2026-09-17T03:35:31+00:00,2026-09-17T03:36:48.378361+00:00,f8348781-0de8-11e7-991c-3863bb43a7d0,53,9,0,1,9,0,1,1,1,1789616096
2026-09-17T03:35:31+00:00,2026-09-17T03:36:48.378361+00:00,2223046412750968128,2223046412750968128,4,0,0,15,0,1,1,1,1789616096
2026-09-17T03:35:31+00:00,2026-09-17T03:36:48.378361+00:00,2113560016964645240,2113560016964645240,5,0,1,13,0,1,1,1,1789616096
2026-09-17T03:35:31+00:00,2026-09-17T03:36:48.378361+00:00,f8353277-0de8-11e7-991c-3863bb43a7d0,218,0,0,2,13,0,1,1,1,1789616073
2026-09-17T03:35:31+00:00,2026-09-17T03:36:48.378361+00:00,1994461916590643872,1994461916590643872,6,6,0,5,0,1,1,1,1789616073
2026-09-17T03:35:31+00:00,2026-09-17T03:36:48.378361+00:00,f4a64c30-b97f-4ae5-b531-a11698b558d7,562,3,1,0,6,0,1,1,1,1789616071
2026-09-17T03:35:31+00:00,2026-09-17T03:36:48.378361+00:00,f835259f-0de8-11e7-991c-3863bb43a7d0,205,11,6,0,4,0,1,1,1,1789616080
2026-09-17T03:35:31+00:00,2026-09-17T03:36:48.378361+00:00,f834ffc9-0de8-11e7-991c-3863bb43a7d0,146,19,6,0,0,0,1,1,1,1789616078
2026-09-17T03:35:31+00:00,2026-09-17T03:36:48.378361+00:00,dd008e3c-ff17-4c82-abe0-502272a62425,558,4,0,0,13,0,1,1,1,1789616082
2026-09-17T03:35:31+00:00,2026-09-17T03:36:48.378361+00:00,f8352a4d-0de8-11e7-991c-3863bb43a7d0,212,1,0,0,31,0,1,1,1,1789616082
2026-09-17T03:35:31+00:00,2026-09-17T03:36:48.378361+00:00,2171110977443594588,2171110977443594588,7,3,0,8,0,1,1,1,1789616101
2026-09-17T03:35:31+00:00,2026-09-17T03:36:48.378361+00:00,f83472d3-0de8-11e7-991c-3863bb43a7d0,25,14,0,0,1,0,1,1,1,1789616101
2026-09-17T03:35:31+00:00,2026-09-17T03:36:48.378361+00:00,dd05a440-f881-410c-a071-864da11c634a,318,0,0,0,18,0,1,1,1,1789616101
2026-09-17T03:35:31+00:00,2026-09-17T03:36:48.378361+00:00,f835141c-0de8-11e7-991c-3863bb43a7d0,178,16,1,0,2,0,1,1,1,1789616102
2026-09-17T03:35:31+00:00,2026-09-17T03:36:48.378361+00:00,af066ffd-b892-434f-8532-1982fc408780,480,7,0,1,3,0,1,1,1,1789616102
2026-09-17T03:35:31+00:00,2026-09-17T03:36:48.378361+00:00,2111332861978124760,2111332861978124760,12,0,0,3,1,1,1,1,1789616103
2026-09-17T03:35:31+00:00,2026-09-17T03:36:48.378361+00:00,2126939746529359956,2126939746529359956,2,0,1,16,0,1,1,1,1789616101
2026-09-17T03:35:31+00:00,2026-09-17T03:36:48.378361+00:00,a9d13461-7f0f-47b0-9a97-8ec9e9792865,533,5,0,0,13,0,1,1,1,1789616102
2026-09-17T03:35:31+00:00,2026-09-17T03:36:48.378361+00:00,2002247509585342522,2002247509585342522,10,3,0,1,0,1,1,1,1789616102
2026-09-17T03:35:31+00:00,2026-09-17T03:36:48.378361+00:00,2071724371800490690,2071724371800490690,14,2,0,6,0,1,1,1,1789616100
2026-09-17T03:35:31+00:00,2026-09-17T03:36:48.378361+00:00,f8348924-0de8-11e7-991c-3863bb43a7d0,57,12,0,1,1,0,1,1,1,1789616103
2026-09-17T03:35:31+00:00,2026-09-17T03:36:48.378361+00:00,2253794653988522864,2253794653988522864,19,0,0,0,0,1,1,1,1789616106
2026-09-17T03:35:31+00:00,2026-09-17T03:36:48.378361+00:00,2158217922577811100,2158217922577811100,11,2,0,8,0,1,1,1,1789616106
2026-09-17T03:35:31+00:00,2026-09-17T03:36:48.378361+00:00,f834b50a-0de8-11e7-991c-3863bb43a7d0,102,12,0,0,2,0,1,1,1,1789616109
2026-09-17T03:35:31+00:00,2026-09-17T03:36:48.378361+00:00,f836bc28-36a7-4ca6-bba6-0d75333d84bb,538,16,2,0,3,0,1,1,1,1789616105
2026-09-17T03:35:31+00:00,2026-09-17T03:36:48.378361+00:00,1984021766354634770,1984021766354634770,15,2,0,4,0,1,1,1,1789616105
2026-09-17T03:35:31+00:00,2026-09-17T03:36:48.378361+00:00,2012646293885032702,2012646293885032702,1,0,0,23,0,1,1,1,1789616109
2026-09-17T03:35:31+00:00,2026-09-17T03:36:48.378361+00:00,f835027c-0de8-11e7-991c-3863bb43a7d0,152,15,0,0,12,0,1,1,1,1789616107
2026-09-17T03:35:31+00:00,2026-09-17T03:36:48.378361+00:00,7dd0fc98-c1dd-4c93-9c1d-4bbdf5f93346,473,12,7,1,1,0,1,1,1,1789616106
2026-09-17T03:35:31+00:00,2026-09-17T03:36:48.378361+00:00,3b158c7a-a362-43ae-af1f-121b78be32d7,483,13,1,0,4,0,1,1,1,1789616108
2026-09-17T03:35:31+00:00,2026-09-17T03:36:48.378361+00:00,f8346a3c-0de8-11e7-991c-3863bb43a7d0,10,0,0,3,8,0,1,1,1,1789616107
2026-09-17T03:35:31+00:00,2026-09-17T03:36:48.378361+00:00,2136546016037880534,2136546016037880534,9,0,0,6,0,1,1,1,1789616111
2026-09-17T03:35:31+00:00,2026-09-17T03:36:48.378361+00:00,2080157934789007958,2080157934789007958,16,4,0,3,0,1,1,1,1789616113
2026-09-17T03:35:31+00:00,2026-09-17T03:36:48.378361+00:00,f834923d-0de8-11e7-991c-3863bb43a7d0,65,2,0,1,16,0,1,1,1,1789616116
2026-09-17T03:35:31+00:00,2026-09-17T03:36:48.378361+00:00,57caf362-1e8b-46aa-9ee3-82341c405ab0,271,5,0,0,10,0,1,1,1,1789616113
2026-09-17T03:35:31+00:00,2026-09-17T03:36:48.378361+00:00,be7e7068-b85f-42c1-8ea1-e1d64e531323,be7e7068-b85f-42c1-8ea1-e1d64e531323,8,4,0,7,0,1,1,1,1789616114
2026-09-17T03:35:31+00:00,2026-09-17T03:36:48.378361+00:00,f834ff5a-0de8-11e7-991c-3863bb43a7d0,145,7,1,0,10,0,1,1,1,1789616112
2026-09-17T03:35:31+00:00,2026-09-17T03:36:48.378361+00:00,f8346c01-0de8-11e7-991c-3863bb43a7d0,13,0,0,0,19,0,1,1,1,1789616113
2026-09-17T03:35:31+00:00,2026-09-17T03:36:48.378361+00:00,1206f5c8-7d1f-4c32-9d65-f3e80186fbde,511,12,9,0,7,0,1,1,1,1789616113
2026-09-17T03:35:31+00:00,2026-09-17T03:36:48.378361+00:00,f834fda2-0de8-11e7-991c-3863bb43a7d0,143,4,1,0,19,0,1,1,1,1789616115
2026-09-17T03:35:31+00:00,2026-09-17T03:36:48.378361+00:00,e49a5b83-2c9c-4610-a48b-89cfea172c8f,504,7,0,0,4,0,1,1,1,1789616116
2026-09-17T03:35:31+00:00,2026-09-17T03:36:48.378361+00:00,efd724b2-31cb-4aec-b9d9-8ab79271630c,493,10,1,0,7,0,1,1,1,1789616116
2026-09-17T03:35:31+00:00,2026-09-17T03:36:48.378361+00:00,f8347361-0de8-11e7-991c-3863bb43a7d0,26,12,2,0,3,0,1,1,1,1789616116
2026-09-17T03:35:31+00:00,2026-09-17T03:36:48.378361+00:00,31382324-2931-491a-827a-40149e45afee,232,5,2,1,5,0,1,1,1,1789616116
2026-09-17T03:35:31+00:00,2026-09-17T03:36:48.378361+00:00,f8352306-0de8-11e7-991c-3863bb43a7d0,199,4,3,1,10,0,1,1,1,1789616116
2026-09-17T03:35:31+00:00,2026-09-17T03:36:48.378361+00:00,f8351ff1-0de8-11e7-991c-3863bb43a7d0,193,12,0,0,2,0,1,1,1,1789616116
2026-09-17T03:35:31+00:00,2026-09-17T03:36:48.378361+00:00,f8350c56-0de8-11e7-991c-3863bb43a7d0,161,22,3,0,1,0,1,1,1,1789616116
2026-09-17T03:35:31+00:00,2026-09-17T03:36:48.378361+00:00,2fded452-cbd0-4248-b008-f8a61ed9a85f,2fded452-cbd0-4248-b008-f8a61ed9a85f,1,0,0,14,0,1,1,1,1789616118
2026-09-17T03:35:31+00:00,2026-09-17T03:36:48.378361+00:00,f834a32d-0de8-11e7-991c-3863bb43a7d0,86,19,0,0,6,0,1,1,1,1789616119
2026-09-17T03:35:31+00:00,2026-09-17T03:36:48.378361+00:00,2100948177843249670,2100948177843249670,8,3,0,3,0,1,1,1,1789616119
2026-09-17T03:35:31+00:00,2026-09-17T03:36:48.378361+00:00,2002579415401984808,2002579415401984808,7,2,0,4,0,1,1,1,1789616055
2026-09-17T03:35:31+00:00,2026-09-17T03:36:48.378361+00:00,a75d3da1-ce74-447f-8e80-52506a81aff3,a75d3da1-ce74-447f-8e80-52506a81aff3,3,1,0,8,0,1,1,1,1789616055
2026-09-17T03:35:31+00:00,2026-09-17T03:36:48.378361+00:00,2014558273483754010,2014558273483754010,19,1,0,0,0,1,1,1,1789616052
2026-09-17T03:35:31+00:00,2026-09-17T03:36:48.378361+00:00,5f8ced09-665c-41e5-b67e-1e58fac21830,521,1,0,0,10,0,1,1,1,1789616052
2026-09-17T03:35:31+00:00,2026-09-17T03:36:48.378361+00:00,f834b99d-0de8-11e7-991c-3863bb43a7d0,107,0,0,0,19,0,1,1,1,1789616052
2026-09-17T03:35:31+00:00,2026-09-17T03:36:48.378361+00:00,e2c306f6-82c7-4d0d-89fd-c9452d2f9ad1,361,15,0,0,27,0,1,1,1,1789616052
2026-09-17T03:35:31+00:00,2026-09-17T03:36:48.378361+00:00,f834ab92-0de8-11e7-991c-3863bb43a7d0,95,14,0,0,1,0,1,1,1,1789616052
2026-09-17T03:35:31+00:00,2026-09-17T03:36:48.378361+00:00,f83481c5-0de8-11e7-991c-3863bb43a7d0,42,3,0,0,28,0,1,1,1,1789616053
2026-09-17T03:35:31+00:00,2026-09-17T03:36:48.378361+00:00,f0f01d4c-ba4a-4ab2-9cc0-9fa1f9223300,394,7,6,0,7,0,1,1,1,1789616050
2026-09-17T03:35:31+00:00,2026-09-17T03:36:48.378361+00:00,f8347b1e-0de8-11e7-991c-3863bb43a7d0,30,1,0,0,14,0,1,1,1,1789616050
2026-09-17T03:35:31+00:00,2026-09-17T03:36:48.378361+00:00,f834fc57-0de8-11e7-991c-3863bb43a7d0,140,16,5,0,1,0,1,1,1,1789616049
2026-09-17T03:35:31+00:00,2026-09-17T03:36:48.378361+00:00,065e0e5d-8a0d-49b7-9c1f-c8eaba51a8b4,490,11,2,1,6,0,1,1,1,1789616054
2026-09-17T03:35:31+00:00,2026-09-17T03:36:48.378361+00:00,1978882443666915710,1978882443666915710,0,0,0,17,1,1,1,1,1789616054
2026-09-17T03:35:31+00:00,2026-09-17T03:36:48.378361+00:00,1a39ab83-f029-4134-aad4-35380b30bf2c,1a39ab83-f029-4134-aad4-35380b30bf2c,8,0,1,10,0,1,1,1,1789616058
2026-09-17T03:35:31+00:00,2026-09-17T03:36:48.378361+00:00,f8352068-0de8-11e7-991c-3863bb43a7d0,194,12,3,1,6,0,1,1,1,1789616062
2026-09-17T03:35:31+00:00,2026-09-17T03:36:48.378361+00:00,f714390d-6874-43fa-a079-a07f83c79c7b,f714390d-6874-43fa-a079-a07f83c79c7b,1,1,1,9,0,1,1,1,1789616060
2026-09-17T03:35:31+00:00,2026-09-17T03:36:48.378361+00:00,bd3d4824-7203-4edc-a314-cea2b413e886,319,3,2,0,24,0,1,1,1,1789616060
2026-09-17T03:35:31+00:00,2026-09-17T03:36:48.378361+00:00,f8350a84-0de8-11e7-991c-3863bb43a7d0,157,0,0,1,14,0,1,1,1,1789616061
2026-09-17T03:35:31+00:00,2026-09-17T03:36:48.378361+00:00,7df1ee28-441e-44c1-8507-8f58946be96b,239,13,3,1,1,0,1,1,1,1789616057
2026-09-17T03:35:31+00:00,2026-09-17T03:36:48.378361+00:00,bd1755dc-f26c-420e-85b3-fd025d0b5445,554,4,1,0,11,0,1,1,1,1789616057
2026-09-17T03:35:31+00:00,2026-09-17T03:36:48.378361+00:00,5bbdd12f-fec4-4741-9d5d-4a60834c5d02,377,15,0,2,0,2,1,1,1,1789616060
2026-09-17T03:35:31+00:00,2026-09-17T03:36:48.378361+00:00,12d463d2-ce50-43bd-81b1-6be4dbdbbc1b,430,11,0,0,8,0,1,1,1,1789616062
2026-09-17T03:35:31+00:00,2026-09-17T03:36:48.378361+00:00,c5017e67-cada-4549-a52e-0f13dddd289d,424,13,3,0,6,0,1,1,1,1789616063
2026-09-17T03:35:31+00:00,2026-09-17T03:36:48.378361+00:00,9e9be067-c6bb-41de-9491-eda69d24d6de,371,14,8,0,5,0,1,1,1,1789616063
2026-09-17T03:35:31+00:00,2026-09-17T03:36:48.378361+00:00,f834fede-0de8-11e7-991c-3863bb43a7d0,144,2,0,0,17,0,1,1,1,1789616067
2026-09-17T03:35:31+00:00,2026-09-17T03:36:48.378361+00:00,2245672241002318634,2245672241002318634,8,1,0,10,0,1,1,1,1789616067
2026-09-17T03:35:31+00:00,2026-09-17T03:36:48.378361+00:00,f834dc46-0de8-11e7-991c-3863bb43a7d0,122,11,2,0,4,0,1,1,1,1789616065
2026-09-17T03:35:31+00:00,2026-09-17T03:36:48.378361+00:00,f8350204-0de8-11e7-991c-3863bb43a7d0,151,0,0,0,19,0,1,1,1,1789616068
2026-09-17T03:35:31+00:00,2026-09-17T03:36:48.378361+00:00,1676a6f7-c417-48d2-92e8-5ce21995efc3,374,0,0,0,19,0,1,1,1,1789616063
2026-09-17T03:35:31+00:00,2026-09-17T03:36:48.378361+00:00,f8351726-0de8-11e7-991c-3863bb43a7d0,185,2,1,0,12,0,1,1,1,1789616069
2026-09-17T03:35:31+00:00,2026-09-17T03:36:48.378361+00:00,c1789d39-705f-4c03-9c14-4d6a3a4f4400,561,0,0,0,19,0,1,1,1,1789616070
2026-09-17T03:35:31+00:00,2026-09-17T03:36:48.378361+00:00,f83483f3-0de8-11e7-991c-3863bb43a7d0,46,10,2,1,28,0,1,1,1,1789616072
2026-09-17T03:35:31+00:00,2026-09-17T03:36:48.378361+00:00,1976642295079838524,1976642295079838524,7,1,0,4,0,1,1,1,1789616072
2026-09-17T03:35:31+00:00,2026-09-17T03:36:48.378361+00:00,2104f242-2dde-4ec0-8197-4454b1021ac1,381,20,2,2,1,1,1,1,1,1789616071
2026-09-17T03:35:31+00:00,2026-09-17T03:36:48.378361+00:00,2130224177726511580,2130224177726511580,6,2,0,9,0,1,1,1,1789616077
2026-09-17T03:35:31+00:00,2026-09-17T03:36:48.378361+00:00,c23a4c0d-7e43-4042-80e2-7c894d07763b,559,7,2,0,4,0,1,1,1,1789616076
2026-09-17T03:35:31+00:00,2026-09-17T03:36:48.378361+00:00,2129865213174084448,2129865213174084448,5,3,0,14,0,1,1,1,1789616075
2026-09-17T03:35:31+00:00,2026-09-17T03:36:48.378361+00:00,1989983491501558234,1989983491501558234,3,3,0,8,0,1,1,1,1789616076
2026-09-17T03:35:31+00:00,2026-09-17T03:36:48.378361+00:00,f834ba08-0de8-11e7-991c-3863bb43a7d0,108,2,0,1,14,0,1,1,1,1789616075
2026-09-17T03:35:31+00:00,2026-09-17T03:36:48.378361+00:00,93381e13-cd04-4e10-ac81-9f5926aa01d5,333,14,1,1,10,0,1,1,1,1789616080
2026-09-17T03:35:31+00:00,2026-09-17T03:36:48.378361+00:00,9c8366d8-3b58-4894-b281-09e22f6fe5f7,464,7,4,0,4,0,1,1,1,1789616074
2026-09-17T03:35:31+00:00,2026-09-17T03:36:48.378361+00:00,e32c0bb9-e85b-4764-b0fb-5c582cfd3a90,340,11,3,0,7,1,1,1,1,1789616087
2026-09-17T03:35:31+00:00,2026-09-17T03:36:48.378361+00:00,2212258635631104970,2212258635631104970,1,0,0,22,0,1,1,1,1789616087
2026-09-17T03:35:31+00:00,2026-09-17T03:36:48.378361+00:00,2071630998981871920,2071630998981871920,17,7,0,3,0,1,1,1,1789616082
2026-09-17T03:35:31+00:00,2026-09-17T03:36:48.378361+00:00,4c128753-6fde-4d4c-896e-a1adf89ada98,4c128753-6fde-4d4c-896e-a1adf89ada98,0,0,0,25,0,1,1,1,1789616083
2026-09-17T03:35:31+00:00,2026-09-17T03:36:48.378361+00:00,13d4171b-6d93-490e-923f-f2a17d5c7613,13d4171b-6d93-490e-923f-f2a17d5c7613,4,0,0,7,0,1,1,1,1789616084
2026-09-17T03:35:31+00:00,2026-09-17T03:36:48.378361+00:00,f834ea45-0de8-11e7-991c-3863bb43a7d0,130,8,4,0,7,0,1,1,1,1789616084
2026-09-17T03:35:31+00:00,2026-09-17T03:36:48.378361+00:00,0b0467c1-0c90-4529-a556-fe4d57835bbb,435,5,0,0,10,0,1,1,1,1789616085
2026-09-17T03:35:31+00:00,2026-09-17T03:36:48.378361+00:00,f83471a1-0de8-11e7-991c-3863bb43a7d0,23,1,0,0,24,0,1,1,1,1789616086
2026-09-17T03:35:31+00:00,2026-09-17T03:36:48.378361+00:00,2002248857751890568,2002248857751890568,9,4,0,2,0,1,1,1,1789616086
2026-09-17T03:35:31+00:00,2026-09-17T03:36:48.378361+00:00,403c0f6c-d01a-4171-a7be-3aa4dbb0d7d1,407,6,4,1,11,0,1,1,1,1789616086
2026-09-17T03:35:31+00:00,2026-09-17T03:36:48.378361+00:00,eee3aab6-bd98-4d1f-8887-9c4e2adce482,eee3aab6-bd98-4d1f-8887-9c4e2adce482,9,2,1,1,0,1,1,1,1789616083
2026-09-17T03:35:31+00:00,2026-09-17T03:36:48.378361+00:00,f834caf2-0de8-11e7-991c-3863bb43a7d0,114,12,2,0,3,0,1,1,1,1789616011
2026-09-17T03:35:31+00:00,2026-09-17T03:36:48.378361+00:00,42886366-9cbf-432c-ba84-beef38877c87,408,15,2,0,0,0,1,1,1,1789616015
2026-09-17T03:35:31+00:00,2026-09-17T03:36:48.378361+00:00,81bfc33b-30d8-4881-b261-712715a8b2bc,363,11,1,0,7,0,1,1,1,1789616092
2026-09-17T03:35:31+00:00,2026-09-17T03:36:48.378361+00:00,53548ba4-ad0a-4d92-8e57-fd5c9f3ad102,399,7,0,0,8,0,1,1,1,1789616092
2026-09-17T03:35:31+00:00,2026-09-17T03:36:48.378361+00:00,f834658f-0de8-11e7-991c-3863bb43a7d0,4,15,0,0,4,0,1,1,1,1789616093
2026-09-17T03:35:31+00:00,2026-09-17T03:36:48.378361+00:00,9f582e05-15e0-4a39-aef5-c719e0c78e26,466,4,0,2,5,0,1,1,1,1789616089
2026-09-17T03:35:31+00:00,2026-09-17T03:36:48.378361+00:00,eb8824c3-9c84-4fec-8d6f-d537c8ab3beb,349,2,1,0,15,0,1,1,1,1789616088
2026-09-17T03:35:31+00:00,2026-09-17T03:36:48.378361+00:00,2098360140389493528,2098360140389493528,2,2,2,7,0,1,1,1,1789616088
2026-09-17T03:35:31+00:00,2026-09-17T03:36:48.378361+00:00,be18593a-9e4c-4a13-8bb2-a5bac3d9b2b3,547,5,3,1,12,0,1,1,1,1789616093
2026-09-17T03:35:31+00:00,2026-09-17T03:36:48.378361+00:00,47c44bb1-d065-41f5-ad79-c18aee60af34,342,8,1,1,6,0,1,1,1,1789616093
2026-09-17T03:35:31+00:00,2026-09-17T03:36:48.378361+00:00,f834a7d1-0de8-11e7-991c-3863bb43a7d0,91,2,0,0,17,0,1,1,1,1789616094
2026-09-17T03:35:31+00:00,2026-09-17T03:36:48.378361+00:00,f8351dc2-0de8-11e7-991c-3863bb43a7d0,188,15,3,0,0,0,1,1,1,1789615998
2026-09-17T03:35:31+00:00,2026-09-17T03:36:48.378361+00:00,f8352378-0de8-11e7-991c-3863bb43a7d0,200,5,0,0,14,0,1,1,1,1789616002
2026-09-17T03:35:31+00:00,2026-09-17T03:36:48.378361+00:00,2151136782588526782,2151136782588526782,6,0,0,5,0,1,1,1,1789616001
2026-09-17T03:35:31+00:00,2026-09-17T03:36:48.378361+00:00,2123672938202825324,2123672938202825324,5,0,0,10,0,1,1,1,1789616009
2026-09-17T03:35:31+00:00,2026-09-17T03:36:48.378361+00:00,ca76adb6-4c84-4484-9ec3-b411b81ddbef,ca76adb6-4c84-4484-9ec3-b411b81ddbef,12,1,0,7,0,1,1,1,1789616026
2026-09-17T03:35:31+00:00,2026-09-17T03:36:48.378361+00:00,f834a3a0-0de8-11e7-991c-3863bb43a7d0,87,11,5,0,4,0,1,1,1,1789616027
2026-09-17T03:35:31+00:00,2026-09-17T03:36:48.378361+00:00,f83515d8-0de8-11e7-991c-3863bb43a7d0,182,10,0,0,9,0,1,1,1,1789616024
2026-09-17T03:35:31+00:00,2026-09-17T03:36:48.378361+00:00,f8285d4f-5053-4e26-bb28-72016fe11353,405,2,0,0,17,0,1,1,1,1789616025
2026-09-17T03:35:31+00:00,2026-09-17T03:36:48.378361+00:00,f8346f6f-0de8-11e7-991c-3863bb43a7d0,19,14,1,0,1,0,1,1,1,1789616028
2026-09-17T03:35:31+00:00,2026-09-17T03:36:48.378361+00:00,f834dedf-0de8-11e7-991c-3863bb43a7d0,124,14,4,0,0,0,1,1,1,1789616026
2026-09-17T03:35:31+00:00,2026-09-17T03:36:48.378361+00:00,f8349e56-0de8-11e7-991c-3863bb43a7d0,81,8,1,1,11,0,1,1,1,1789616022
2026-09-17T03:35:31+00:00,2026-09-17T03:36:48.378361+00:00,00802fe6-4268-4dc8-8f55-0dbbc1665ce6,515,17,1,1,1,0,1,1,1,1789616019
2026-09-17T03:35:31+00:00,2026-09-17T03:36:48.378361+00:00,7feae3ce-ddf2-4a45-a123-1209c8a9182b,484,6,3,0,5,0,1,1,1,1789616029
2026-09-17T03:35:31+00:00,2026-09-17T03:36:48.378361+00:00,f8351490-0de8-11e7-991c-3863bb43a7d0,179,52,4,1,0,0,1,1,1,1789616032
2026-09-17T03:35:31+00:00,2026-09-17T03:36:48.378361+00:00,2131760674371160748,2131760674371160748,5,0,0,15,0,1,1,1,1789616032
2026-09-17T03:35:31+00:00,2026-09-17T03:36:48.378361+00:00,f83489ff-0de8-11e7-991c-3863bb43a7d0,59,3,1,1,15,1,1,1,1,1789616033
2026-09-17T03:35:31+00:00,2026-09-17T03:36:48.378361+00:00,d1c0b0c2-6e4c-424e-a946-a2a95a711633,422,6,0,1,8,0,1,1,1,1789616038
2026-09-17T03:35:31+00:00,2026-09-17T03:36:48.378361+00:00,1921360868231155718,1921360868231155718,2,0,1,16,0,1,1,1,1789616038
2026-09-17T03:35:31+00:00,2026-09-17T03:36:48.378361+00:00,12141b77-6e5f-444b-bace-2abf16db4fee,12141b77-6e5f-444b-bace-2abf16db4fee,7,0,2,2,0,1,1,1,1789616041
2026-09-17T03:35:31+00:00,2026-09-17T03:36:48.378361+00:00,c202f2ca-ec1d-4dc5-a734-e0a342f23ba4,279,22,0,0,1,0,1,1,1,1789616040
2026-09-17T03:35:31+00:00,2026-09-17T03:36:48.378361+00:00,0daf7408-7a15-4d2b-8c39-f1a097cdbe85,403,11,2,0,4,0,1,1,1,1789616041
2026-09-17T03:35:31+00:00,2026-09-17T03:36:48.378361+00:00,f83480a9-0de8-11e7-991c-3863bb43a7d0,40,30,0,0,1,0,1,1,1,1789616037
2026-09-17T03:35:31+00:00,2026-09-17T03:36:48.378361+00:00,a3bf0bfe-198b-4160-a2fb-cc7d10cfb4cf,a3bf0bfe-198b-4160-a2fb-cc7d10cfb4cf,18,3,1,0,0,1,1,1,1789616034
2026-09-17T03:35:31+00:00,2026-09-17T03:36:48.378361+00:00,2109111257926871498,2109111257926871498,13,8,0,6,0,1,1,1,1789616035
2026-09-17T03:35:31+00:00,2026-09-17T03:36:48.378361+00:00,228b8017-e4da-4722-9223-b8279a14b8ad,448,4,3,0,6,0,1,1,1,1789616035
2026-09-17T03:35:31+00:00,2026-09-17T03:36:48.378361+00:00,a83f982f-a4f1-43e4-98e8-c8f4a0bb7290,452,10,2,0,5,0,1,1,1,1789616042
2026-09-17T03:35:31+00:00,2026-09-17T03:36:48.378361+00:00,aa556ad4-0092-4687-96c2-8dbc69addb56,485,9,6,0,2,0,1,1,1,1789616045
2026-09-17T03:35:31+00:00,2026-09-17T03:36:48.378361+00:00,fe6a64e7-c712-404c-85ae-ee77a37245b1,355,12,0,0,5,0,1,1,1,1789616044
2026-09-17T03:35:31+00:00,2026-09-17T03:36:48.378361+00:00,7c860828-3359-4229-b59b-963f5a4bab00,236,8,0,0,4,0,1,1,1,1789616046
2026-09-17T03:35:31+00:00,2026-09-17T03:36:48.378361+00:00,9cc65d3d-cfcc-45ff-8f75-7264556b1cf9,9cc65d3d-cfcc-45ff-8f75-7264556b1cf9,14,3,0,5,0,1,1,1,1789616043
2026-09-17T03:35:31+00:00,2026-09-17T03:36:48.378361+00:00,2d32e355-faee-407b-9bb7-45d80ffb059a,2d32e355-faee-407b-9bb7-45d80ffb059a,0,0,0,19,0,1,1,1,1789616098
2026-09-17T03:35:31+00:00,2026-09-17T03:36:48.378361+00:00,4f25f6ef-236b-43b4-8a92-68a24db0504b,4f25f6ef-236b-43b4-8a92-68a24db0504b,10,1,0,4,0,1,1,1,1789616098
2026-09-17T03:35:31+00:00,2026-09-17T03:36:48.378361+00:00,6e340d8e-45db-4fd9-b6eb-b74ec73b0d3e,535,4,2,1,10,0,1,1,1,1789616099
2026-09-17T03:35:31+00:00,2026-09-17T03:36:48.378361+00:00,81676204-e42f-4d3d-991e-9c1264f36229,357,15,2,0,0,0,1,1,1,1789616099
2026-09-17T03:35:31+00:00,2026-09-17T03:36:48.378361+00:00,74cb9bf6-bb53-4c70-88d2-67998b99628c,296,23,6,0,0,0,1,1,1,1789616099
2026-09-17T03:35:31+00:00,2026-09-17T03:36:48.378361+00:00,2035660824473983142,2035660824473983142,5,0,2,12,0,1,1,1,1789616096
2026-09-17T03:35:31+00:00,2026-09-17T03:36:48.378361+00:00,f834ec42-0de8-11e7-991c-3863bb43a7d0,131,14,2,2,2,0,1,1,1,1789616090
2026-09-17T03:35:31+00:00,2026-09-17T03:36:48.378361+00:00,f8351eb0-0de8-11e7-991c-3863bb43a7d0,190,0,0,36,0,0,1,0,0,1789616100
2026-09-17T03:35:31+00:00,2026-09-17T03:36:48.378361+00:00,8347c34d-68df-404b-ac58-7a387cc3ce4b,414,21,5,0,2,0,1,1,1,1789616103
2026-09-17T03:35:31+00:00,2026-09-17T03:36:48.378361+00:00,f83529e2-0de8-11e7-991c-3863bb43a7d0,211,14,1,0,1,0,1,1,1,1789616102
2026-09-17T03:35:31+00:00,2026-09-17T03:36:48.378361+00:00,186accbb-6a08-4e1d-b267-9033c4443a56,401,14,4,0,1,0,1,1,1,1789616103
2026-09-17T03:35:31+00:00,2026-09-17T03:36:48.378361+00:00,ed6c012e-6d6c-41e7-8e01-90749fd67575,546,8,5,0,7,1,1,1,1,1789616105
2026-09-17T03:35:31+00:00,2026-09-17T03:36:48.378361+00:00,2220822464984366036,2220822464984366036,10,2,0,1,1,1,1,1,1789616106
2026-09-17T03:35:31+00:00,2026-09-17T03:36:48.378361+00:00,f83520d8-0de8-11e7-991c-3863bb43a7d0,195,3,1,0,20,0,1,1,1,1789616106
2026-09-17T03:35:31+00:00,2026-09-17T03:36:48.378361+00:00,2093488029445054742,2093488029445054742,3,1,1,24,0,1,1,1,1789616110
2026-09-17T03:35:31+00:00,2026-09-17T03:36:48.378361+00:00,f835108b-0de8-11e7-991c-3863bb43a7d0,170,7,3,0,7,0,1,1,1,1789616111
2026-09-17T03:35:31+00:00,2026-09-17T03:36:48.378361+00:00,2076849845777355316,2076849845777355316,29,2,1,2,0,1,1,1,1789616112
2026-09-17T03:35:31+00:00,2026-09-17T03:36:48.378361+00:00,9340e113-e0b2-48ac-b58a-8b6f001b0a94,486,5,0,0,6,0,1,1,1,1789616112
2026-09-17T03:35:31+00:00,2026-09-17T03:36:48.378361+00:00,2040842277416872172,2040842277416872172,12,0,0,4,0,1,1,1,1789616105
2026-09-17T03:35:31+00:00,2026-09-17T03:36:48.378361+00:00,ad2fb6f2-921f-440c-83de-08be76e35c2a,468,8,0,0,7,0,1,1,1,1789616107
2026-09-17T03:35:31+00:00,2026-09-17T03:36:48.378361+00:00,2249419943962214726,2249419943962214726,4,0,0,15,0,1,1,1,1789616107
2026-09-17T03:35:31+00:00,2026-09-17T03:36:48.378361+00:00,f834824e-0de8-11e7-991c-3863bb43a7d0,43,0,0,1,14,0,1,1,1,1789616108
2026-09-17T03:35:31+00:00,2026-09-17T03:36:48.378361+00:00,2254164250455119196,2254164250455119196,7,3,0,8,0,1,1,1,1789616079
2026-09-17T03:35:31+00:00,2026-09-17T03:36:48.378361+00:00,52485851-e554-49de-ab9f-f536806d2d34,52485851-e554-49de-ab9f-f536806d2d34,1,0,1,9,0,1,1,1,1789616106
2026-09-17T03:35:31+00:00,2026-09-17T03:36:48.378361+00:00,2225590560002383786,2225590560002383786,0,0,0,14,0,1,1,1,1789616107
2026-09-17T03:35:31+00:00,2026-09-17T03:36:48.378361+00:00,2038981933682610536,2038981933682610536,8,2,0,8,0,1,1,1,1789616107
2026-09-17T03:35:31+00:00,2026-09-17T03:36:48.378361+00:00,f834a838-0de8-11e7-991c-3863bb43a7d0,92,3,0,0,15,0,1,1,1,1789616113
2026-09-17T03:35:31+00:00,2026-09-17T03:36:48.378361+00:00,2118368356250680236,2118368356250680236,5,0,0,11,0,1,1,1,1789616113
2026-09-17T03:35:31+00:00,2026-09-17T03:36:48.378361+00:00,f83512c9-0de8-11e7-991c-3863bb43a7d0,175,6,2,1,10,0,1,1,1,1789616114
2026-09-17T03:35:31+00:00,2026-09-17T03:36:48.378361+00:00,f8352ac4-0de8-11e7-991c-3863bb43a7d0,213,0,0,0,14,0,1,1,1,1789616114
2026-09-17T03:35:31+00:00,2026-09-17T03:36:48.378361+00:00,f835260c-0de8-11e7-991c-3863bb43a7d0,206,13,0,0,27,0,1,1,1,1789616115
2026-09-17T03:35:31+00:00,2026-09-17T03:36:48.378361+00:00,2007420398783036020,2007420398783036020,7,0,1,12,0,1,1,1,1789616115
2026-09-17T03:35:31+00:00,2026-09-17T03:36:48.378361+00:00,2212663228188806942,2212663228188806942,17,1,0,7,0,1,1,1,1789616116
2026-09-17T03:35:31+00:00,2026-09-17T03:36:48.378361+00:00,f8349ed6-0de8-11e7-991c-3863bb43a7d0,82,14,3,0,11,0,1,1,1,1789616116
2026-09-17T03:35:31+00:00,2026-09-17T03:36:48.378361+00:00,f834f8ca-0de8-11e7-991c-3863bb43a7d0,137,14,6,2,3,0,1,1,1,1789616116
2026-09-17T03:35:31+00:00,2026-09-17T03:36:48.378361+00:00,f8348a68-0de8-11e7-991c-3863bb43a7d0,60,2,0,1,14,0,1,1,1,1789616116
2026-09-17T03:35:31+00:00,2026-09-17T03:36:48.378361+00:00,1942556871369959976,1942556871369959976,10,2,0,9,0,1,1,1,1789616117
2026-09-17T03:35:31+00:00,2026-09-17T03:36:48.378361+00:00,fe534b6f-61ad-47d3-b9f6-cdaa128f53a4,395,4,1,1,10,0,1,1,1,1789616117
2026-09-17T03:35:31+00:00,2026-09-17T03:36:48.378361+00:00,4fe8e777-345b-4fc2-a684-dd874e8186d8,4fe8e777-345b-4fc2-a684-dd874e8186d8,11,1,0,4,0,1,1,1,1789616118
2026-09-17T03:35:31+00:00,2026-09-17T03:36:48.378361+00:00,2096125468116637776,2096125468116637776,8,0,0,7,0,1,1,1,1789616118
2026-09-17T03:35:31+00:00,2026-09-17T03:36:48.378361+00:00,1df03e33-c105-4e53-b013-d20056cd57f8,1df03e33-c105-4e53-b013-d20056cd57f8,0,0,0,0,0,0,0,0,86400
2026-09-17T03:35:31+00:00,2026-09-17T03:36:48.378361+00:00,57716f8d-c9ee-4768-8872-71343ec3ffd8,514,0,0,11,8,0,1,0,0,1789609590
2026-09-17T03:35:31+00:00,2026-09-17T03:36:48.378361+00:00,2227858849424910006,2227858849424910006,7,3,0,1,0,1,1,1,1789615909
2026-09-17T03:35:31+00:00,2026-09-17T03:36:48.378361+00:00,b34694c2-c640-4f70-b196-1c357ab798e0,b34694c2-c640-4f70-b196-1c357ab798e0,6,0,0,9,0,1,1,1,1789616017
2026-09-17T03:35:31+00:00,2026-09-17T03:36:48.378361+00:00,f8349b20-0de8-11e7-991c-3863bb43a7d0,76,10,1,0,7,0,1,1,1,1789616015
2026-09-17T03:35:31+00:00,2026-09-17T03:36:48.378361+00:00,2069389896750516900,2069389896750516900,0,0,2,18,0,1,1,1,1789616015
2026-09-17T03:35:31+00:00,2026-09-17T03:36:48.378361+00:00,f83513a7-0de8-11e7-991c-3863bb43a7d0,177,0,0,0,19,0,1,1,1,1789616017
2026-09-17T03:35:31+00:00,2026-09-17T03:36:48.378361+00:00,f8352b39-0de8-11e7-991c-3863bb43a7d0,214,6,1,1,8,0,1,1,1,1789616022
2026-09-17T03:35:31+00:00,2026-09-17T03:36:48.378361+00:00,380de8b2-2728-4e4b-83f1-251bfbb5acf2,487,14,6,0,5,0,1,1,1,1789616022
2026-09-17T03:35:31+00:00,2026-09-17T03:36:48.378361+00:00,d8ce5f8b-2440-45e1-ab1c-23cb3bcbde84,527,4,0,0,9,0,1,1,1,1789616023
2026-09-17T03:35:31+00:00,2026-09-17T03:36:48.378361+00:00,7f68a70d-af0e-450a-b7a8-ce621cd0c8c1,280,18,3,0,1,0,1,1,1,1789616021
2026-09-17T03:35:31+00:00,2026-09-17T03:36:48.378361+00:00,f8346803-0de8-11e7-991c-3863bb43a7d0,8,13,2,1,6,0,1,1,1,1789616019
2026-09-17T03:35:31+00:00,2026-09-17T03:36:48.378361+00:00,f9524971-e9f9-4572-aebc-580e48de042f,f9524971-e9f9-4572-aebc-580e48de042f,18,0,0,1,0,1,1,1,1789616066
2026-09-17T03:35:31+00:00,2026-09-17T03:36:48.378361+00:00,90330e1a-dee5-4914-9d3f-3891aeca12ca,434,10,2,0,9,0,1,1,1,1789616066
2026-09-17T03:35:31+00:00,2026-09-17T03:36:48.378361+00:00,f834a8a0-0de8-11e7-991c-3863bb43a7d0,93,4,1,0,26,0,1,1,1,1789616065
2026-09-17T03:35:31+00:00,2026-09-17T03:36:48.378361+00:00,f8347f09-0de8-11e7-991c-3863bb43a7d0,37,11,3,0,4,0,1,1,1,1789616065
2026-09-17T03:35:31+00:00,2026-09-17T03:36:48.378361+00:00,2110984374959099994,2110984374959099994,20,2,0,0,0,1,1,1,1789616069
2026-09-17T03:35:31+00:00,2026-09-17T03:36:48.378361+00:00,f83492b4-0de8-11e7-991c-3863bb43a7d0,66,15,4,0,0,0,1,1,1,1789616073
2026-09-17T03:35:31+00:00,2026-09-17T03:36:48.378361+00:00,f8350ecf-0de8-11e7-991c-3863bb43a7d0,167,12,3,0,3,0,1,1,1,1789616073
2026-09-17T03:35:31+00:00,2026-09-17T03:36:48.378361+00:00,fbc512a5-4b98-4821-bcfb-bb0c7ac83543,365,4,0,0,15,0,1,1,1,1789616071
2026-09-17T03:35:31+00:00,2026-09-17T03:36:48.378361+00:00,f834cfd8-0de8-11e7-991c-3863bb43a7d0,117,0,0,1,16,0,1,1,1,1789616071
2026-09-17T03:35:31+00:00,2026-09-17T03:36:48.378361+00:00,1991922092203192944,1991922092203192944,1,0,0,18,0,1,1,1,1789616075
2026-09-17T03:35:31+00:00,2026-09-17T03:36:48.378361+00:00,5b1d2661-8a93-4f14-b242-ebc52792f951,337,15,9,0,0,0,1,1,1,1789616078
2026-09-17T03:35:31+00:00,2026-09-17T03:36:48.378361+00:00,36f36eed-1070-49be-8b31-5676b8b3489f,227,0,0,0,19,0,1,1,1,1789616079
2026-09-17T03:35:31+00:00,2026-09-17T03:36:48.378361+00:00,df03c61a-29d7-445d-9980-d7f058916591,345,3,0,0,16,0,1,1,1,1789616079
2026-09-17T03:35:31+00:00,2026-09-17T03:36:48.378361+00:00,f8346ad7-0de8-11e7-991c-3863bb43a7d0,11,0,0,4,10,0,1,1,1,1789616077
2026-09-17T03:35:31+00:00,2026-09-17T03:36:48.378361+00:00,f834b101-0de8-11e7-991c-3863bb43a7d0,97,7,0,1,11,0,1,1,1,1789616005
2026-09-17T03:35:31+00:00,2026-09-17T03:36:48.378361+00:00,f83517fa-0de8-11e7-991c-3863bb43a7d0,187,6,2,0,9,0,1,1,1,1789616003
2026-09-17T03:35:31+00:00,2026-09-17T03:36:48.378361+00:00,f834e534-0de8-11e7-991c-3863bb43a7d0,128,14,8,0,5,0,1,1,1,1789616024
2026-09-17T03:35:31+00:00,2026-09-17T03:36:48.378361+00:00,f2b83aa2-86cd-4904-a099-74bf2023f768,330,14,5,0,0,0,1,1,1,1789616044
2026-09-17T03:35:31+00:00,2026-09-17T03:36:48.378361+00:00,f83482d2-0de8-11e7-991c-3863bb43a7d0,44,1,0,0,30,0,1,1,1,1789616045
2026-09-17T03:35:31+00:00,2026-09-17T03:36:48.378361+00:00,2119105928286481344,2119105928286481344,9,8,0,10,0,1,1,1,1789616049
2026-09-17T03:35:31+00:00,2026-09-17T03:36:48.378361+00:00,868ccc83-99e5-4faf-96eb-e1fae26b9741,481,14,2,0,5,0,1,1,1,1789616049
2026-09-17T03:35:31+00:00,2026-09-17T03:36:48.378361+00:00,aa964f5b-fadf-4fc1-8c91-84ee36e15f0d,341,11,1,0,2,1,1,1,1,1789616088
2026-09-17T03:35:31+00:00,2026-09-17T03:36:48.378361+00:00,81323081-749c-44cf-ac62-0e6c64305c32,461,4,4,1,6,0,1,1,1,1789616089
2026-09-17T03:35:31+00:00,2026-09-17T03:36:48.378361+00:00,dede6d5f-7d62-496e-a8ca-d5a64afe39c1,544,10,1,0,5,0,1,1,1,1789616087
2026-09-17T03:35:31+00:00,2026-09-17T03:36:48.378361+00:00,f8350cc1-0de8-11e7-991c-3863bb43a7d0,162,8,2,0,7,0,1,1,1,1789616090
2026-09-17T03:35:31+00:00,2026-09-17T03:36:48.378361+00:00,2040842870122359032,2040842870122359032,0,0,1,19,0,1,1,1,1789616089
2026-09-17T03:35:31+00:00,2026-09-17T03:36:48.378361+00:00,f8349440-0de8-11e7-991c-3863bb43a7d0,68,8,1,1,10,0,1,1,1,1789616086
2026-09-17T03:35:31+00:00,2026-09-17T03:36:48.378361+00:00,f834c7a9-0de8-11e7-991c-3863bb43a7d0,112,10,1,0,5,0,1,1,1,1789616089
2026-09-17T03:35:31+00:00,2026-09-17T03:36:48.378361+00:00,ccf82572-a142-4378-9a4b-5a51fcb4ef81,350,5,2,0,12,0,1,1,1,1789616089
2026-09-17T03:35:31+00:00,2026-09-17T03:36:48.378361+00:00,0208190e-851c-417d-8bc7-1b218db97fbf,0208190e-851c-417d-8bc7-1b218db97fbf,1,1,1,20,0,1,1,1,1789616087
2026-09-17T03:35:31+00:00,2026-09-17T03:36:48.378361+00:00,2014865445230483952,2014865445230483952,14,3,1,1,0,1,1,1,1789616087
2026-09-17T03:35:31+00:00,2026-09-17T03:36:48.378361+00:00,68e5e79a-3c94-4848-b619-9c0829d7f687,475,6,0,3,6,0,1,1,1,1789616092
2026-09-17T03:35:31+00:00,2026-09-17T03:36:48.378361+00:00,2246034666940677832,2246034666940677832,5,3,0,6,0,1,1,1,1789616092
2026-09-17T03:35:31+00:00,2026-09-17T03:36:48.378361+00:00,1994466222105870452,1994466222105870452,11,7,0,0,0,1,1,1,1789616093
2026-09-17T03:35:31+00:00,2026-09-17T03:36:48.378361+00:00,fe90d430-d33f-48b2-a5cd-bc161b220939,553,4,0,0,18,0,1,1,1,1789616093
2026-09-17T03:35:31+00:00,2026-09-17T03:36:48.378361+00:00,1994054629753598708,1994054629753598708,13,0,0,1,0,1,1,1,1789616095
2026-09-17T03:35:31+00:00,2026-09-17T03:36:48.378361+00:00,f8346b6f-0de8-11e7-991c-3863bb43a7d0,12,5,3,0,22,0,1,1,1,1789616094
2026-09-17T03:35:31+00:00,2026-09-17T03:36:48.378361+00:00,2087949096844032050,2087949096844032050,15,0,0,0,0,1,1,1,1789616094
2026-09-17T03:35:31+00:00,2026-09-17T03:36:48.378361+00:00,c5cfd1ed-aa44-4e20-96bb-e334c96f0d68,376,15,7,0,0,0,1,1,1,1789615986
2026-09-17T03:35:31+00:00,2026-09-17T03:36:48.378361+00:00,2141791438824588162,2141791438824588162,4,1,0,15,0,1,1,1,1789616009
2026-09-17T03:35:31+00:00,2026-09-17T03:36:48.378361+00:00,56817d8e-3a1c-431a-a529-1a600f80c364,366,13,6,0,14,0,1,1,1,1789616039
2026-09-17T03:35:31+00:00,2026-09-17T03:36:48.378361+00:00,d22265a8-a6d7-4922-a6b5-4be738a9e5c4,392,14,12,0,1,0,1,1,1,1789616039
2026-09-17T03:35:31+00:00,2026-09-17T03:36:48.378361+00:00,f8346d23-0de8-11e7-991c-3863bb43a7d0,15,10,1,1,4,0,1,1,1,1789616040
2026-09-17T03:35:31+00:00,2026-09-17T03:36:48.378361+00:00,888780ee-bf2f-474e-9622-6bc725aa1b00,888780ee-bf2f-474e-9622-6bc725aa1b00,3,1,0,8,0,1,1,1,1789616042
2026-09-17T03:35:31+00:00,2026-09-17T03:36:48.378361+00:00,a6e0db4f-fc9b-42af-bfe0-36cc0259b717,446,4,0,1,11,0,1,1,1,1789616041
2026-09-17T03:35:31+00:00,2026-09-17T03:36:48.378361+00:00,6aebc664-1e3c-479f-8f65-2bae99215ed3,6aebc664-1e3c-479f-8f65-2bae99215ed3,4,2,0,7,0,1,1,1,1789616044
2026-09-17T03:35:31+00:00,2026-09-17T03:36:48.378361+00:00,f8347c41-0de8-11e7-991c-3863bb43a7d0,32,7,2,0,7,0,1,1,1,1789616043
2026-09-17T03:35:31+00:00,2026-09-17T03:36:48.378361+00:00,9bfa4a32-5598-46ea-a1a1-17b4c6ed9d84,431,4,1,0,11,0,1,1,1,1789616043
2026-09-17T03:35:31+00:00,2026-09-17T03:36:48.378361+00:00,1cced911-b428-4cfd-81be-3a8f77ce7379,233,7,0,0,7,1,1,1,1,1789616053
2026-09-17T03:35:31+00:00,2026-09-17T03:36:48.378361+00:00,23146f28-9762-4a6d-a6db-fcd4ff0e5d07,356,11,1,0,12,0,1,1,1,1789616053
2026-09-17T03:35:31+00:00,2026-09-17T03:36:48.378361+00:00,8983c75a-12c1-4995-aedc-24c94bd895e3,384,3,0,0,16,0,1,1,1,1789616050
2026-09-17T03:35:31+00:00,2026-09-17T03:36:48.378361+00:00,f834f6a3-0de8-11e7-991c-3863bb43a7d0,135,1,0,0,16,0,1,1,1,1789616056
2026-09-17T03:35:31+00:00,2026-09-17T03:36:48.378361+00:00,903b9b5d-4244-43e4-8441-0d17f9a994f7,528,9,2,0,2,0,1,1,1,1789616056
2026-09-17T03:35:31+00:00,2026-09-17T03:36:48.378361+00:00,2027502297316997708,2027502297316997708,5,0,0,6,0,1,1,1,1789616061
2026-09-17T03:35:31+00:00,2026-09-17T03:36:48.378361+00:00,f83491d4-0de8-11e7-991c-3863bb43a7d0,64,0,0,0,23,0,1,1,1,1789616062
2026-09-17T03:35:31+00:00,2026-09-17T03:36:48.378361+00:00,f8352534-0de8-11e7-991c-3863bb43a7d0,204,13,5,0,2,0,1,1,1,1789616058
2026-09-17T03:35:31+00:00,2026-09-17T03:36:48.378361+00:00,8a404180-7c2e-4dbe-9489-c478ed959282,8a404180-7c2e-4dbe-9489-c478ed959282,1,1,0,18,0,1,1,1,1789616058
2026-09-17T03:35:31+00:00,2026-09-17T03:36:48.378361+00:00,f8351f1d-0de8-11e7-991c-3863bb43a7d0,191,12,2,0,3,0,1,1,1,1789616062
2026-09-17T03:35:31+00:00,2026-09-17T03:36:48.378361+00:00,61168d8b-20b7-46c8-8f08-6ae1f100c4e0,550,4,2,0,13,0,1,1,1,1789616062
2026-09-17T03:35:31+00:00,2026-09-17T03:36:48.378361+00:00,295553ea-851b-4ac2-a094-f9d1208e399a,412,9,0,0,10,0,1,1,1,1789616029
2026-09-17T03:35:31+00:00,2026-09-17T03:36:48.378361+00:00,1963613484180639992,1963613484180639992,7,0,0,12,0,1,1,1,1789616032
2026-09-17T03:35:31+00:00,2026-09-17T03:36:48.378361+00:00,2080205593583047424,2080205593583047424,5,2,1,10,0,1,1,1,1789616029
2026-09-17T03:35:31+00:00,2026-09-17T03:36:48.378361+00:00,2088704000370565344,2088704000370565344,5,1,1,5,1,1,1,1,1789616034
2026-09-17T03:35:31+00:00,2026-09-17T03:36:48.378361+00:00,f8352ba8-0de8-11e7-991c-3863bb43a7d0,215,1,0,0,14,0,1,1,1,1789616036
2026-09-17T03:35:31+00:00,2026-09-17T03:36:48.378361+00:00,2259733531216984776,2259733531216984776,5,0,0,10,0,1,1,1,1789616038
2026-09-17T03:35:31+00:00,2026-09-17T03:36:48.378361+00:00,ea65c25f-0718-4f79-8588-c58b9fe3a105,226,5,0,0,10,0,1,1,1,1789616037
2026-09-17T03:35:31+00:00,2026-09-17T03:36:48.378361+00:00,2145094035874873892,2145094035874873892,5,1,1,13,0,1,1,1,1789616035
2026-09-17T03:35:31+00:00,2026-09-17T03:36:48.378361+00:00,48abed77-c9ba-4a39-8a5c-6a1e9bb8a9a5,48abed77-c9ba-4a39-8a5c-6a1e9bb8a9a5,13,6,0,3,0,1,1,1,1789616034
2026-09-17T03:35:31+00:00,2026-09-17T03:36:48.378361+00:00,baab0b05-a028-4147-8432-a2726c7e48ea,328,6,0,1,8,0,1,1,1,1789616080
2026-09-17T03:35:31+00:00,2026-09-17T03:36:48.378361+00:00,d5349097-b478-4b3f-9c46-d8fbcf38e3f4,509,8,2,0,4,0,1,1,1,1789616080
2026-09-17T03:35:31+00:00,2026-09-17T03:36:48.378361+00:00,1e1b40cd-8e00-4b74-b147-be6b23f5c9e7,385,0,0,0,15,0,1,1,1,1789616080
2026-09-17T03:35:31+00:00,2026-09-17T03:36:48.378361+00:00,ef6ef93b-488f-496b-afbf-3aedfd967129,517,3,1,2,10,0,1,1,1,1789616081
2026-09-17T03:35:31+00:00,2026-09-17T03:36:48.378361+00:00,2118728866631796788,2118728866631796788,7,4,0,8,0,1,1,1,1789616082
2026-09-17T03:35:31+00:00,2026-09-17T03:36:48.378361+00:00,f834b8b3-0de8-11e7-991c-3863bb43a7d0,105,16,3,0,3,0,1,1,1,1789616084
2026-09-17T03:35:31+00:00,2026-09-17T03:36:48.378361+00:00,f835288a-0de8-11e7-991c-3863bb43a7d0,208,11,1,0,4,0,1,1,1,1789616085
2026-09-17T03:35:31+00:00,2026-09-17T03:36:48.378361+00:00,9721c80e-fc8f-474f-8918-b68c041d2836,9721c80e-fc8f-474f-8918-b68c041d2836,4,0,0,19,0,1,1,1,1789616085
2026-09-17T03:35:31+00:00,2026-09-17T03:36:48.378361+00:00,2090158541932726550,2090158541932726550,6,0,0,9,0,1,1,1,1789616083
2026-09-17T03:35:31+00:00,2026-09-17T03:36:48.378361+00:00,f8347ccd-0de8-11e7-991c-3863bb43a7d0,33,4,0,0,23,0,1,1,1,1789616096
2026-09-17T03:35:31+00:00,2026-09-17T03:36:48.378361+00:00,f834a959-0de8-11e7-991c-3863bb43a7d0,94,10,3,1,0,0,1,1,1,1789616097
2026-09-17T03:35:31+00:00,2026-09-17T03:36:48.378361+00:00,d7507124-4cab-4063-8445-a59a33a3d6e4,512,16,9,0,3,0,1,1,1,1789616099
2026-09-17T03:35:31+00:00,2026-09-17T03:36:48.378361+00:00,99675a11-a92c-465c-bf5a-434b08ba5fc6,400,18,0,0,34,0,1,1,1,1789616096
2026-09-17T03:35:31+00:00,2026-09-17T03:36:48.378361+00:00,8b97606e-a849-4db8-ae9b-4009fe48d90b,556,13,0,0,5,0,1,1,1,1789616105
2026-09-17T03:35:31+00:00,2026-09-17T03:36:48.378361+00:00,2039109354743046934,2039109354743046934,18,1,1,0,1,1,1,1,1789616101
2026-09-17T03:35:31+00:00,2026-09-17T03:36:48.378361+00:00,b6a8522d-296d-4c05-887d-842374520780,545,11,10,0,3,0,1,1,1,1789616106
2026-09-17T03:35:31+00:00,2026-09-17T03:36:48.378361+00:00,2043911250700610106,2043911250700610106,0,0,0,15,0,1,1,1,1789616106
2026-09-17T03:35:31+00:00,2026-09-17T03:36:48.378361+00:00,ff938129-8179-455c-9ac9-9fcb9fc0b6d5,ff938129-8179-455c-9ac9-9fcb9fc0b6d5,13,1,0,6,0,1,1,1,1789616096
2026-09-17T03:35:31+00:00,2026-09-17T03:36:48.378361+00:00,f834723b-0de8-11e7-991c-3863bb43a7d0,24,0,0,0,23,0,1,1,1,1789616110
2026-09-17T03:35:31+00:00,2026-09-17T03:36:48.378361+00:00,b205d2bb-bb76-49ac-8d14-85eec5a874d3,343,6,1,0,9,0,1,1,1,1789616111
2026-09-17T03:35:31+00:00,2026-09-17T03:36:48.378361+00:00,1965873511294959658,1965873511294959658,9,1,0,14,0,1,1,1,1789616111
2026-09-17T03:35:31+00:00,2026-09-17T03:36:48.378361+00:00,f8350b76-0de8-11e7-991c-3863bb43a7d0,159,8,4,1,11,0,1,1,1,1789616111
2026-09-17T03:35:31+00:00,2026-09-17T03:36:48.378361+00:00,e4678b17-face-42c3-9b5f-98418d31e3b6,e4678b17-face-42c3-9b5f-98418d31e3b6,9,2,0,2,0,1,1,1,1789616102
2026-09-17T03:35:31+00:00,2026-09-17T03:36:48.378361+00:00,2090635592862466836,2090635592862466836,1,1,1,28,1,1,1,1,1789616109
2026-09-17T03:35:31+00:00,2026-09-17T03:36:48.378361+00:00,940638c5-7cd0-4a11-899e-86af3868d400,532,13,1,0,6,0,1,1,1,1789616109
2026-09-17T03:35:31+00:00,2026-09-17T03:36:48.378361+00:00,270ad97d-035d-472a-9827-76d3187afc56,402,13,5,1,1,0,1,1,1,1789616104
2026-09-17T03:35:31+00:00,2026-09-17T03:36:48.378361+00:00,51bb4381-dae4-4aeb-b213-0614b807be29,344,15,2,0,4,0,1,1,1,1789616107
2026-09-17T03:35:31+00:00,2026-09-17T03:36:48.378361+00:00,cf5f920f-b61d-4db0-b139-14aff04d577c,459,17,0,1,5,0,1,1,1,1789616108
2026-09-17T03:35:31+00:00,2026-09-17T03:36:48.378361+00:00,f8347e78-0de8-11e7-991c-3863bb43a7d0,36,0,0,0,31,0,1,1,1,1789616107
2026-09-17T03:35:31+00:00,2026-09-17T03:36:48.378361+00:00,8d893519-bc21-4536-b346-f558988bc8ad,260,12,4,0,3,0,1,1,1,1789616108
2026-09-17T03:35:31+00:00,2026-09-17T03:36:48.378361+00:00,7560f0e3-267b-4fb3-bbfa-6e02010cfcb7,225,18,2,0,1,0,1,1,1,1789616106
2026-09-17T03:35:31+00:00,2026-09-17T03:36:48.378361+00:00,1986302395589722758,1986302395589722758,7,3,0,4,0,1,1,1,1789616114
2026-09-17T03:35:31+00:00,2026-09-17T03:36:48.378361+00:00,f8352219-0de8-11e7-991c-3863bb43a7d0,197,10,6,2,3,0,1,1,1,1789616113
2026-09-17T03:35:31+00:00,2026-09-17T03:36:48.378361+00:00,2085366936904166272,2085366936904166272,15,4,0,0,0,1,1,1,1789616113
2026-09-17T03:35:31+00:00,2026-09-17T03:36:48.378361+00:00,f83488be-0de8-11e7-991c-3863bb43a7d0,56,5,0,1,12,0,1,1,1,1789616113
2026-09-17T03:35:31+00:00,2026-09-17T03:36:48.378361+00:00,7e1dae55-4d3d-4a41-b969-2aeca70e0e69,7e1dae55-4d3d-4a41-b969-2aeca70e0e69,3,0,0,8,0,1,1,1,1789616113
2026-09-17T03:35:31+00:00,2026-09-17T03:36:48.378361+00:00,ad2cf74c-0e8c-4e15-8f19-2259e8c82f0f,404,4,0,0,12,0,1,1,1,1789616113
2026-09-17T03:35:31+00:00,2026-09-17T03:36:48.378361+00:00,1a661bb7-7d14-49e9-ac3d-22bafec8a2f0,507,3,1,0,8,0,1,1,1,1789616113
2026-09-17T03:35:31+00:00,2026-09-17T03:36:48.378361+00:00,f834662c-0de8-11e7-991c-3863bb43a7d0,5,6,0,0,9,0,1,1,1,1789616115
2026-09-17T03:35:31+00:00,2026-09-17T03:36:48.378361+00:00,25a9114f-66f0-427c-920f-5526ca84f056,346,0,0,4,10,1,1,0,0,1789609909
2026-09-17T03:35:31+00:00,2026-09-17T03:36:48.378361+00:00,f83511d4-0de8-11e7-991c-3863bb43a7d0,173,5,1,0,9,0,1,1,1,1789616114
2026-09-17T03:35:31+00:00,2026-09-17T03:36:48.378361+00:00,f83497b9-0de8-11e7-991c-3863bb43a7d0,74,1,0,2,16,0,1,1,1,1789616112
2026-09-17T03:35:31+00:00,2026-09-17T03:36:48.378361+00:00,f834708e-0de8-11e7-991c-3863bb43a7d0,21,1,0,0,17,0,1,1,1,1789616112
2026-09-17T03:35:31+00:00,2026-09-17T03:36:48.378361+00:00,2085737662370069102,2085737662370069102,7,0,1,12,0,1,1,1,1789616117
2026-09-17T03:35:31+00:00,2026-09-17T03:36:48.378361+00:00,f8348622-0de8-11e7-991c-3863bb43a7d0,50,0,0,1,18,0,1,1,1,1789616117
2026-09-17T03:35:31+00:00,2026-09-17T03:36:48.378361+00:00,f834abfd-0de8-11e7-991c-3863bb43a7d0,96,4,0,0,15,0,1,1,1,1789616118
2026-09-17T03:35:31+00:00,2026-09-17T03:36:48.378361+00:00,2249415127458891992,2249415127458891992,5,1,0,10,0,1,1,1,1789616117
2026-09-17T03:35:31+00:00,2026-09-17T03:36:48.378361+00:00,2264176803898382980,2264176803898382980,3,0,0,8,0,1,1,1,1789615575
2026-09-17T03:35:31+00:00,2026-09-17T03:36:48.378361+00:00,2113200093114979090,2113200093114979090,5,2,0,10,1,1,1,1,1789615972
2026-09-17T03:35:31+00:00,2026-09-17T03:36:48.378361+00:00,42a3ecca-af9a-4556-90ba-7631546f96f8,42a3ecca-af9a-4556-90ba-7631546f96f8,6,1,0,4,0,1,1,1,1789615998
2026-09-17T03:35:31+00:00,2026-09-17T03:36:48.378361+00:00,0adccd89-1d8d-44da-9f7c-5f18acafeddf,338,4,4,0,11,0,1,1,1,1789616000
2026-09-17T03:35:31+00:00,2026-09-17T03:36:48.378361+00:00,93911aa1-b5e4-48aa-a2b6-38fbcf613006,93911aa1-b5e4-48aa-a2b6-38fbcf613006,16,3,0,2,0,1,1,1,1789616004
2026-09-17T03:35:31+00:00,2026-09-17T03:36:48.378361+00:00,518f6524-0e7f-454d-974e-e3ff9db1f795,494,10,4,0,1,0,1,1,1,1789616008
2026-09-17T03:35:31+00:00,2026-09-17T03:36:48.378361+00:00,1944724820826878816,1944724820826878816,13,2,0,4,0,1,1,1,1789616010
2026-09-17T03:35:31+00:00,2026-09-17T03:36:48.378361+00:00,70f20fcb-8e63-4015-9007-b97c525ab0a9,335,7,1,1,11,0,1,1,1,1789616015
2026-09-17T03:35:31+00:00,2026-09-17T03:36:48.378361+00:00,f6df6c1a-064f-428a-951c-2069a081b9df,380,1,1,0,17,0,1,1,1,1789616014
2026-09-17T03:35:31+00:00,2026-09-17T03:36:48.378361+00:00,9f54207a-3308-43bd-b45c-9042b6389598,423,9,1,0,10,0,1,1,1,1789616011
2026-09-17T03:35:31+00:00,2026-09-17T03:36:48.378361+00:00,b23674a7-15a8-46d2-8219-6668acecf24a,548,12,0,0,6,0,1,1,1,1789616016
2026-09-17T03:35:31+00:00,2026-09-17T03:36:48.378361+00:00,f8351019-0de8-11e7-991c-3863bb43a7d0,169,17,4,0,2,0,1,1,1,1789616016
2026-09-17T03:35:31+00:00,2026-09-17T03:36:48.378361+00:00,f36e24cd-de4c-4a5e-adf4-cb97ccd2958d,505,7,5,0,4,0,1,1,1,1789616026
2026-09-17T03:35:31+00:00,2026-09-17T03:36:48.378361+00:00,2043912031919765854,2043912031919765854,10,0,0,10,0,1,1,1,1789616028
2026-09-17T03:35:31+00:00,2026-09-17T03:36:48.378361+00:00,d7ec834e-9d9a-402c-9956-7d5f42676b94,d7ec834e-9d9a-402c-9956-7d5f42676b94,12,2,1,2,0,1,1,1,1789616028
2026-09-17T03:35:31+00:00,2026-09-17T03:36:48.378361+00:00,ba634139-d7bf-448f-aac4-25995d36b67b,373,6,4,0,9,0,1,1,1,1789616029
2026-09-17T03:35:31+00:00,2026-09-17T03:36:48.378361+00:00,83183df0-38c2-4ae8-a0c4-4b59599c9582,222,5,2,0,9,0,1,1,1,1789616036
2026-09-17T03:35:31+00:00,2026-09-17T03:36:48.378361+00:00,f8349ba9-0de8-11e7-991c-3863bb43a7d0,77,4,3,0,14,0,1,1,1,1789616040
2026-09-17T03:35:31+00:00,2026-09-17T03:36:48.378361+00:00,f8349c69-0de8-11e7-991c-3863bb43a7d0,78,17,0,0,2,0,1,1,1,1789616041
2026-09-17T03:35:31+00:00,2026-09-17T03:36:48.378361+00:00,f834b5d9-0de8-11e7-991c-3863bb43a7d0,103,4,0,0,11,0,1,1,1,1789616037
2026-09-17T03:35:31+00:00,2026-09-17T03:36:48.378361+00:00,f834fd36-0de8-11e7-991c-3863bb43a7d0,142,3,0,2,18,0,1,1,1,1789616039
2026-09-17T03:35:31+00:00,2026-09-17T03:36:48.378361+00:00,5afe91c4-8076-4f9f-b83b-cf233bda2331,460,0,0,0,15,0,1,1,1,1789616046
2026-09-17T03:35:31+00:00,2026-09-17T03:36:48.378361+00:00,02a4416f-80b4-4472-accd-5db482ed5b6d,367,14,1,0,5,0,1,1,1,1789616044
2026-09-17T03:35:31+00:00,2026-09-17T03:36:48.378361+00:00,2fd22786-dfeb-4126-a906-4f01802087f3,454,2,0,0,17,0,1,1,1,1789616050
2026-09-17T03:35:31+00:00,2026-09-17T03:36:48.378361+00:00,f8352c92-0de8-11e7-991c-3863bb43a7d0,217,13,3,0,5,0,1,1,1,1789616055
2026-09-17T03:35:31+00:00,2026-09-17T03:36:48.378361+00:00,dfdaf866-b814-48e5-9bd3-eb7c4a733697,dfdaf866-b814-48e5-9bd3-eb7c4a733697,10,0,0,7,0,1,1,1,1789616060
2026-09-17T03:35:31+00:00,2026-09-17T03:36:48.378361+00:00,54d86d05-b399-42c5-a63a-a97713afc5d4,54d86d05-b399-42c5-a63a-a97713afc5d4,9,1,0,1,0,1,1,1,1789616062
2026-09-17T03:35:31+00:00,2026-09-17T03:36:48.378361+00:00,287aedf5-0361-47e9-9de0-14ae3b75cc0d,287aedf5-0361-47e9-9de0-14ae3b75cc0d,10,0,1,11,0,1,1,1,1789616059
2026-09-17T03:35:31+00:00,2026-09-17T03:36:48.378361+00:00,b995a0b4-fc26-4661-9bc8-e166d648edfd,353,6,1,0,9,0,1,1,1,1789616060
2026-09-17T03:35:31+00:00,2026-09-17T03:36:48.378361+00:00,ef54374b-0406-4b17-b0a1-847f1d7bea06,410,14,2,0,1,0,1,1,1,1789616057
2026-09-17T03:35:31+00:00,2026-09-17T03:36:48.378361+00:00,a18e1e55-507e-49d8-b7c0-5c0efd959125,358,19,4,0,0,0,1,1,1,1789616057
2026-09-17T03:35:31+00:00,2026-09-17T03:36:48.378361+00:00,2ba0c5dd-c990-4434-8a84-5c3eca23f096,447,16,8,0,3,0,1,1,1,1789616067
2026-09-17T03:35:31+00:00,2026-09-17T03:36:48.378361+00:00,f35de2ab-979e-42d5-8cbd-dc479ed637e9,503,2,0,2,7,1,1,1,1,1789616067
2026-09-17T03:35:31+00:00,2026-09-17T03:36:48.378361+00:00,5f726a7d-5c5d-48b1-9b13-06c77572a237,516,4,1,0,7,0,1,1,1,1789616065
2026-09-17T03:35:31+00:00,2026-09-17T03:36:48.378361+00:00,5018e851-f2f3-4e18-9914-c316bbcc2c3d,331,2,0,1,12,0,1,1,1,1789616064
2026-09-17T03:35:31+00:00,2026-09-17T03:36:48.378361+00:00,f83494b4-0de8-11e7-991c-3863bb43a7d0,69,14,0,1,4,0,1,1,1,1789616064
2026-09-17T03:35:31+00:00,2026-09-17T03:36:48.378361+00:00,f8346894-0de8-11e7-991c-3863bb43a7d0,9,2,1,0,13,0,1,1,1,1789616065
2026-09-17T03:35:31+00:00,2026-09-17T03:36:48.378361+00:00,2241260819676115550,2241260819676115550,0,0,0,24,0,1,1,1,1789616066
2026-09-17T03:35:31+00:00,2026-09-17T03:36:48.378361+00:00,2136942888571742916,2136942888571742916,1,0,0,14,0,1,1,1,1789616075
2026-09-17T03:35:31+00:00,2026-09-17T03:36:48.378361+00:00,9ca92778-9101-48df-90ea-08b784e26a1a,413,0,0,14,5,0,1,0,0,1789595366
2026-09-17T03:35:31+00:00,2026-09-17T03:36:48.378361+00:00,f8348136-0de8-11e7-991c-3863bb43a7d0,41,27,3,0,0,0,1,1,1,1789616070
2026-09-17T03:35:31+00:00,2026-09-17T03:36:48.378361+00:00,2113555008851845550,2113555008851845550,7,1,0,13,0,1,1,1,1789615973
2026-09-17T03:35:31+00:00,2026-09-17T03:36:48.378361+00:00,9e710d48-51c1-460e-a027-3d16bde62b13,419,10,1,0,5,0,1,1,1,1789616069
2026-09-17T03:35:31+00:00,2026-09-17T03:36:48.378361+00:00,1997031579059661288,1997031579059661288,7,0,0,4,0,1,1,1,1789616074
2026-09-17T03:35:31+00:00,2026-09-17T03:36:48.378361+00:00,f8351336-0de8-11e7-991c-3863bb43a7d0,176,11,0,0,4,0,1,1,1,1789616077
2026-09-17T03:35:31+00:00,2026-09-17T03:36:48.378361+00:00,2071993292066931472,2071993292066931472,1,0,0,19,0,1,1,1,1789616080
2026-09-17T03:35:31+00:00,2026-09-17T03:36:48.378361+00:00,abefafdc-c772-4671-86fe-fc15a42adebb,abefafdc-c772-4671-86fe-fc15a42adebb,1,0,0,22,0,1,1,1,1789616079
2026-09-17T03:35:31+00:00,2026-09-17T03:36:48.378361+00:00,350e73e3-6f70-4b2d-87ab-24c8629e9a6a,350e73e3-6f70-4b2d-87ab-24c8629e9a6a,13,0,0,5,1,1,1,1,1789616078
2026-09-17T03:35:31+00:00,2026-09-17T03:36:48.378361+00:00,40e58976-02cc-4c7c-911f-7a6c97588bfa,520,9,2,2,10,0,1,1,1,1789616084
2026-09-17T03:35:31+00:00,2026-09-17T03:36:48.378361+00:00,533620e8-00ff-494a-b288-bd67602bc98e,472,2,0,0,23,0,1,1,1,1789616084
2026-09-17T03:35:31+00:00,2026-09-17T03:36:48.378361+00:00,2141932795355773712,2141932795355773712,5,0,0,12,0,1,1,1,1789616084
2026-09-17T03:35:31+00:00,2026-09-17T03:36:48.378361+00:00,f24a573e-ef07-4785-9270-70c443510ea6,359,3,0,0,12,0,1,1,1,1789616083
2026-09-17T03:35:31+00:00,2026-09-17T03:36:48.378361+00:00,2111712079786088918,2111712079786088918,10,1,0,5,0,1,1,1,1789616084
2026-09-17T03:35:31+00:00,2026-09-17T03:36:48.378361+00:00,2038619205667946906,2038619205667946906,13,5,0,7,0,1,1,1,1789616085
2026-09-17T03:35:31+00:00,2026-09-17T03:36:48.378361+00:00,f834b42d-0de8-11e7-991c-3863bb43a7d0,100,12,0,0,13,0,1,1,1,1789616084
2026-09-17T03:35:31+00:00,2026-09-17T03:36:48.378361+00:00,2327cb08-fa9f-459b-9ab0-1a319b0f2f4c,539,13,3,0,5,0,1,1,1,1789616081
2026-09-17T03:35:31+00:00,2026-09-17T03:36:48.378361+00:00,0839bb10-e876-4198-95e4-0147a561853d,258,14,0,0,1,0,1,1,1,1789616081
2026-09-17T03:35:31+00:00,2026-09-17T03:36:48.378361+00:00,f834952a-0de8-11e7-991c-3863bb43a7d0,70,4,0,2,17,0,1,1,1,1789616082
2026-09-17T03:35:31+00:00,2026-09-17T03:36:48.378361+00:00,0f554e1d-9f0f-452d-9b4a-e00aa2c5911e,492,7,1,0,8,0,1,1,1,1789616087
2026-09-17T03:35:31+00:00,2026-09-17T03:36:48.378361+00:00,510239fe-69c3-458b-b53c-6ce001845f4a,354,14,10,0,1,0,1,1,1,1789616087
2026-09-17T03:35:31+00:00,2026-09-17T03:36:48.378361+00:00,f83524c0-0de8-11e7-991c-3863bb43a7d0,203,9,4,0,6,0,1,1,1,1789616088
2026-09-17T03:35:31+00:00,2026-09-17T03:36:48.378361+00:00,2223045710883822544,2223045710883822544,12,1,0,3,0,1,1,1,1789616041
2026-09-17T03:35:31+00:00,2026-09-17T03:36:48.378361+00:00,f834e1b2-0de8-11e7-991c-3863bb43a7d0,125,17,13,0,2,0,1,1,1,1789616093
2026-09-17T03:35:31+00:00,2026-09-17T03:36:48.378361+00:00,f8348481-0de8-11e7-991c-3863bb43a7d0,47,15,0,1,2,1,1,1,1,1789616088
2026-09-17T03:35:31+00:00,2026-09-17T03:36:48.378361+00:00,f83523e3-0de8-11e7-991c-3863bb43a7d0,201,6,2,1,8,0,1,1,1,1789616088
2026-09-17T03:35:31+00:00,2026-09-17T03:36:48.378361+00:00,13444449-b3a8-43d2-b8b9-a59fbc59a174,397,5,3,0,10,0,1,1,1,1789616091
2026-09-17T03:35:31+00:00,2026-09-17T03:36:48.378361+00:00,1975886280004030604,1975886280004030604,1,1,1,21,0,1,1,1,1789616086
2026-09-17T03:35:31+00:00,2026-09-17T03:36:48.378361+00:00,f834e244-0de8-11e7-991c-3863bb43a7d0,126,6,2,1,8,0,1,1,1,1789616089
2026-09-17T03:35:31+00:00,2026-09-17T03:36:48.378361+00:00,ff6ed364-8676-45a0-b97f-71025683849e,442,11,3,0,4,0,1,1,1,1789616089
2026-09-17T03:35:31+00:00,2026-09-17T03:36:48.378361+00:00,f8346768-0de8-11e7-991c-3863bb43a7d0,7,0,0,0,15,0,1,1,1,1789616091
2026-09-17T03:35:31+00:00,2026-09-17T03:36:48.378361+00:00,103a9881-e30a-4d57-b81d-863b995ff759,255,3,2,0,12,0,1,1,1,1789616092
2026-09-17T03:35:31+00:00,2026-09-17T03:36:48.378361+00:00,ec3eea05-a3ff-43c6-9e24-0c63f09b915f,378,9,0,0,10,0,1,1,1,1789616092
2026-09-17T03:35:31+00:00,2026-09-17T03:36:48.378361+00:00,36a8fbc8-6069-4a29-bbfd-63a2d019c9a5,415,0,0,1,17,0,1,1,1,1789616099
2026-09-17T03:35:31+00:00,2026-09-17T03:36:48.378361+00:00,f834cf45-0de8-11e7-991c-3863bb43a7d0,116,19,2,1,3,0,1,1,1,1789616099
2026-09-17T03:35:31+00:00,2026-09-17T03:36:48.378361+00:00,2217856523888952522,2217856523888952522,15,9,3,2,0,1,1,1,1789616099
2026-09-17T03:35:31+00:00,2026-09-17T03:36:48.378361+00:00,f8348509-0de8-11e7-991c-3863bb43a7d0,48,0,0,0,19,0,1,1,1,1789616101
2026-09-17T03:35:31+00:00,2026-09-17T03:36:48.378361+00:00,bb27977d-36c1-496d-8bac-631b612dd7b8,332,11,4,0,4,0,1,1,1,1789616101
2026-09-17T03:35:31+00:00,2026-09-17T03:36:48.378361+00:00,f83464e4-0de8-11e7-991c-3863bb43a7d0,3,4,1,0,11,0,1,1,1,1789616100
2026-09-17T03:35:31+00:00,2026-09-17T03:36:48.378361+00:00,7ec0c53c-876a-419c-a78b-4edd000bbc9a,445,11,1,0,8,0,1,1,1,1789616097
2026-09-17T03:35:31+00:00,2026-09-17T03:36:48.378361+00:00,f8348995-0de8-11e7-991c-3863bb43a7d0,58,13,0,0,6,0,1,1,1,1789616104
2026-09-17T03:35:31+00:00,2026-09-17T03:36:48.378361+00:00,1960693490199507164,1960693490199507164,12,3,0,7,0,1,1,1,1789616106
2026-09-17T03:35:31+00:00,2026-09-17T03:36:48.378361+00:00,f8349745-0de8-11e7-991c-3863bb43a7d0,73,3,0,1,11,0,1,1,1,1789616106
2026-09-17T03:35:31+00:00,2026-09-17T03:36:48.378361+00:00,f834f814-0de8-11e7-991c-3863bb43a7d0,136,0,0,0,19,0,1,1,1,1789616103
2026-09-17T03:35:31+00:00,2026-09-17T03:36:48.378361+00:00,f83516b8-0de8-11e7-991c-3863bb43a7d0,184,9,0,1,9,0,1,1,1,1789616106
2026-09-17T03:35:31+00:00,2026-09-17T03:36:48.378361+00:00,5bc7cba9-f0b0-442d-932c-e8c7927d87ce,386,17,0,1,1,0,1,1,1,1789616102
2026-09-17T03:35:31+00:00,2026-09-17T03:36:48.378361+00:00,342a2c60-71b0-4d19-98d6-47987cf20dbc,379,13,0,1,1,0,1,1,1,1789616101
2026-09-17T03:35:31+00:00,2026-09-17T03:36:48.378361+00:00,13918b3b-9ac5-4968-a74d-e40dd3bc952e,479,0,0,0,19,0,1,1,1,1789616109
2026-09-17T03:35:31+00:00,2026-09-17T03:36:48.378361+00:00,f83510fd-0de8-11e7-991c-3863bb43a7d0,171,18,8,0,4,0,1,1,1,1789616111
2026-09-17T03:35:31+00:00,2026-09-17T03:36:48.378361+00:00,2223043968513191970,2223043968513191970,0,0,0,16,0,1,1,1,1789616109
2026-09-17T03:35:31+00:00,2026-09-17T03:36:48.378361+00:00,f83486ab-0de8-11e7-991c-3863bb43a7d0,51,4,3,0,11,0,1,1,1,1789616107
2026-09-17T03:35:31+00:00,2026-09-17T03:36:48.378361+00:00,2078337213380274244,2078337213380274244,6,1,0,5,0,1,1,1,1789616107
2026-09-17T03:35:31+00:00,2026-09-17T03:36:48.378361+00:00,2072145327190878794,2072145327190878794,14,1,1,9,0,1,1,1,1789616112
2026-09-17T03:35:31+00:00,2026-09-17T03:36:48.378361+00:00,f8349824-0de8-11e7-991c-3863bb43a7d0,75,3,0,0,12,0,1,1,1,1789616110
2026-09-17T03:35:31+00:00,2026-09-17T03:36:48.378361+00:00,53a148ca-ac69-4a9c-a986-9a4b4df2f5df,387,13,6,1,1,0,1,1,1,1789616116
2026-09-17T03:35:31+00:00,2026-09-17T03:36:48.378361+00:00,ce55d1b1-4267-40a9-ad44-5eab888ce18a,ce55d1b1-4267-40a9-ad44-5eab888ce18a,0,0,0,22,1,1,1,1,1789616116
2026-09-17T03:35:31+00:00,2026-09-17T03:36:48.378361+00:00,e68655be-23d3-46e5-a509-25be677e7542,482,8,4,0,3,0,1,1,1,1789616116
2026-09-17T03:35:31+00:00,2026-09-17T03:36:48.378361+00:00,2170342425741020744,2170342425741020744,16,1,0,1,0,1,1,1,1789616114
2026-09-17T03:35:31+00:00,2026-09-17T03:36:48.378361+00:00,f8347118-0de8-11e7-991c-3863bb43a7d0,22,4,0,1,30,0,1,1,1,1789616115
2026-09-17T03:35:31+00:00,2026-09-17T03:36:48.378361+00:00,ddcc8869-b8d4-483c-b9da-457fcebc8dc1,417,16,0,0,3,0,1,1,1,1789616115
2026-09-17T03:35:31+00:00,2026-09-17T03:36:48.378361+00:00,20b0b405-54ba-4a80-b89c-0819772665db,440,6,3,1,8,0,1,1,1,1789616114
2026-09-17T03:35:31+00:00,2026-09-17T03:36:48.378361+00:00,c1ae49bd-2a20-4684-886b-ead8dd627cfd,c1ae49bd-2a20-4684-886b-ead8dd627cfd,5,0,0,11,0,1,1,1,1789616114
2026-09-17T03:35:31+00:00,2026-09-17T03:36:48.378361+00:00,2070180968009321294,2070180968009321294,0,0,1,18,2,1,1,1,1789616116
2026-09-17T03:35:31+00:00,2026-09-17T03:36:48.378361+00:00,2057166010169469732,2057166010169469732,2,0,0,13,0,1,1,1,1789616116
2026-09-17T03:35:31+00:00,2026-09-17T03:36:48.378361+00:00,676ca473-eed6-4971-aaf3-e199a7ca335b,433,15,3,0,4,0,1,1,1,1789616117
2026-09-17T03:35:31+00:00,2026-09-17T03:36:48.378361+00:00,2103549125054737064,2103549125054737064,5,0,0,11,0,1,1,1,1789616112
2026-09-17T03:35:31+00:00,2026-09-17T03:36:48.378361+00:00,2038239468396569074,2038239468396569074,5,0,1,26,0,1,1,1,1789616113
2026-09-17T03:35:31+00:00,2026-09-17T03:36:48.378361+00:00,2029805507281123700,2029805507281123700,19,4,0,0,0,1,1,1,1789616116
2026-09-17T03:35:31+00:00,2026-09-17T03:36:48.378361+00:00,ccd6fdd4-b39e-46d7-b43c-7bacffb6bd87,523,5,1,0,12,0,1,1,1,1789616118
2026-09-17T03:35:31+00:00,2026-09-17T03:36:48.378361+00:00,2107991976288962746,2107991976288962746,3,0,0,17,0,1,1,1,1789616118
2026-09-17T03:35:31+00:00,2026-09-17T03:36:48.378361+00:00,f834b49d-0de8-11e7-991c-3863bb43a7d0,101,8,1,0,10,0,1,1,1,1789616118
2026-09-17T03:35:31+00:00,2026-09-17T03:36:48.378361+00:00,2071632496372113488,2071632496372113488,17,6,1,2,0,1,1,1,1789616117
2026-09-17T08:52:31+00:00,2026-09-17T08:53:11.354565+00:00,6eaa7343-402d-41c9-9aac-8c664fdbdcf1,6eaa7343-402d-41c9-9aac-8c664fdbdcf1,0,0,0,0,0,0,0,0,86400
2026-09-17T08:52:31+00:00,2026-09-17T08:53:11.354565+00:00,918335df-fc1a-45c2-9cfc-c5e2e93aecc0,467,5,1,1,5,0,1,1,1,1789635019
2026-09-17T08:52:31+00:00,2026-09-17T08:53:11.354565+00:00,87b5a8b7-a330-4c51-ab32-7dafa292c88f,421,13,0,0,6,0,1,1,1,1789635019
2026-09-17T08:52:31+00:00,2026-09-17T08:53:11.354565+00:00,40ee059e-8530-4992-9114-c16b87d6832f,441,15,0,0,3,1,1,1,1,1789635020
2026-09-17T08:52:31+00:00,2026-09-17T08:53:11.354565+00:00,f834b183-0de8-11e7-991c-3863bb43a7d0,98,5,0,1,16,0,1,1,1,1789635021
2026-09-17T08:52:31+00:00,2026-09-17T08:53:11.354565+00:00,625f105e-4407-4988-9095-d1979cbda5e1,234,18,12,1,0,0,1,1,1,1789635025
2026-09-17T08:52:31+00:00,2026-09-17T08:53:11.354565+00:00,8e7c1984-dc81-43b0-a0d3-58c6de45225a,465,7,1,0,4,0,1,1,1,1789635025
2026-09-17T08:52:31+00:00,2026-09-17T08:53:11.354565+00:00,2438d052-2cd6-4fba-83c9-39f46cb59398,2438d052-2cd6-4fba-83c9-39f46cb59398,7,0,1,12,0,1,1,1,1789635027
2026-09-17T08:52:31+00:00,2026-09-17T08:53:11.354565+00:00,1976640911178291400,1976640911178291400,6,4,0,5,0,1,1,1,1789635022
2026-09-17T08:52:31+00:00,2026-09-17T08:53:11.354565+00:00,2039387081833476178,2039387081833476178,9,0,0,11,0,1,1,1,1789635028
2026-09-17T08:52:31+00:00,2026-09-17T08:53:11.354565+00:00,f7d416f8-4377-4019-bba7-302dc1d5a11d,391,8,2,1,6,0,1,1,1,1789635027
2026-09-17T08:52:31+00:00,2026-09-17T08:53:11.354565+00:00,2132460331327742574,2132460331327742574,0,0,0,18,0,1,1,1,1789635035
2026-09-17T08:52:31+00:00,2026-09-17T08:53:11.354565+00:00,f8351255-0de8-11e7-991c-3863bb43a7d0,174,15,3,0,0,0,1,1,1,1789635034
2026-09-17T08:52:31+00:00,2026-09-17T08:53:11.354565+00:00,f834c5c9-0de8-11e7-991c-3863bb43a7d0,110,0,0,0,15,0,1,1,1,1789635036
2026-09-17T08:52:31+00:00,2026-09-17T08:53:11.354565+00:00,2227859082657747444,2227859082657747444,6,2,0,1,0,1,1,1,1789635036
2026-09-17T08:52:31+00:00,2026-09-17T08:53:11.354565+00:00,f83466c6-0de8-11e7-991c-3863bb43a7d0,6,5,1,1,7,0,1,1,1,1789635037
2026-09-17T08:52:31+00:00,2026-09-17T08:53:11.354565+00:00,5d17f129-af8c-4f30-bc58-6a8279052772,543,4,0,0,15,0,1,1,1,1789635037
2026-09-17T08:52:31+00:00,2026-09-17T08:53:11.354565+00:00,2127252912986958612,2127252912986958612,6,2,0,9,0,1,1,1,1789635040
2026-09-17T08:52:31+00:00,2026-09-17T08:53:11.354565+00:00,f834b1ed-0de8-11e7-991c-3863bb43a7d0,99,14,5,0,1,0,1,1,1,1789635048
2026-09-17T08:52:31+00:00,2026-09-17T08:53:11.354565+00:00,4d953f0f-13b5-4b3d-b2da-342003ff7cba,4d953f0f-13b5-4b3d-b2da-342003ff7cba,8,5,0,3,0,1,1,1,1789635048
2026-09-17T08:52:31+00:00,2026-09-17T08:53:11.354565+00:00,f8351649-0de8-11e7-991c-3863bb43a7d0,183,1,1,0,18,0,1,1,1,1789635048
2026-09-17T08:52:31+00:00,2026-09-17T08:53:11.354565+00:00,acb27827-d69a-4287-b132-3f529ca62ad2,427,14,10,1,3,1,1,1,1,1789635048
2026-09-17T08:52:31+00:00,2026-09-17T08:53:11.354565+00:00,f55cdf0a-3d7b-491c-bed2-7dc0ef2062d5,489,11,6,0,5,0,1,1,1,1789635048
2026-09-17T08:52:31+00:00,2026-09-17T08:53:11.354565+00:00,199f3d59-e726-4549-b9c1-4dfc8a343fdb,508,1,1,0,10,0,1,1,1,1789635049
2026-09-17T08:52:31+00:00,2026-09-17T08:53:11.354565+00:00,ea00f276-26dc-48ee-b2c8-6e56fd632a2d,272,7,1,0,12,0,1,1,1,1789635051
2026-09-17T08:52:31+00:00,2026-09-17T08:53:11.354565+00:00,e519df41-c4d7-403a-9afa-a5dd7cdd2d03,536,1,0,0,17,0,1,1,1,1789635051
2026-09-17T08:52:31+00:00,2026-09-17T08:53:11.354565+00:00,5410aac7-2ec0-47b6-b728-b99c5137b463,5410aac7-2ec0-47b6-b728-b99c5137b463,9,5,0,2,0,1,1,1,1789635055
2026-09-17T08:52:31+00:00,2026-09-17T08:53:11.354565+00:00,eed9e64f-f09d-43c1-aa31-da968c66750a,368,10,2,0,5,0,1,1,1,1789635054
2026-09-17T08:52:31+00:00,2026-09-17T08:53:11.354565+00:00,1997031876360597884,1997031876360597884,8,7,0,3,0,1,1,1,1789635060
2026-09-17T08:52:31+00:00,2026-09-17T08:53:11.354565+00:00,f83473ea-0de8-11e7-991c-3863bb43a7d0,27,15,0,0,7,0,1,1,1,1789635062
2026-09-17T08:52:31+00:00,2026-09-17T08:53:11.354565+00:00,4b5de733-9353-4873-9dc2-9558b3cb063a,393,7,3,1,6,0,1,1,1,1789635061
2026-09-17T08:52:31+00:00,2026-09-17T08:53:11.354565+00:00,25489822-e43a-4704-b2a8-d905b78ba77c,389,14,3,0,0,0,1,1,1,1789635066
2026-09-17T08:52:31+00:00,2026-09-17T08:53:11.354565+00:00,f8346e51-0de8-11e7-991c-3863bb43a7d0,17,14,3,0,1,0,1,1,1,1789635064
2026-09-17T08:52:31+00:00,2026-09-17T08:53:11.354565+00:00,f834cb89-0de8-11e7-991c-3863bb43a7d0,115,16,1,2,1,0,1,1,1,1789635065
2026-09-17T08:52:31+00:00,2026-09-17T08:53:11.354565+00:00,f83493c0-0de8-11e7-991c-3863bb43a7d0,67,2,0,3,19,0,1,1,1,1789635069
2026-09-17T08:52:31+00:00,2026-09-17T08:53:11.354565+00:00,f834c6f5-0de8-11e7-991c-3863bb43a7d0,111,12,3,0,3,0,1,1,1,1789635073
2026-09-17T08:52:31+00:00,2026-09-17T08:53:11.354565+00:00,f8352973-0de8-11e7-991c-3863bb43a7d0,210,6,0,0,9,0,1,1,1,1789635074
2026-09-17T08:52:31+00:00,2026-09-17T08:53:11.354565+00:00,f606593b-3d07-40f2-bc6d-a0eb96588e44,456,18,2,0,0,0,1,1,1,1789635076
2026-09-17T08:52:31+00:00,2026-09-17T08:53:11.354565+00:00,2127634714741013228,2127634714741013228,21,1,0,3,0,1,1,1,1789635077
2026-09-17T08:52:31+00:00,2026-09-17T08:53:11.354565+00:00,8d535c23-f186-4161-aa10-17e94be6d4ae,436,10,1,0,4,1,1,1,1,1789635077
2026-09-17T08:52:31+00:00,2026-09-17T08:53:11.354565+00:00,2134720099473744344,2134720099473744344,0,0,0,21,0,1,1,1,1789635001
2026-09-17T08:52:31+00:00,2026-09-17T08:53:11.354565+00:00,97a1e4e7-a1ff-427a-aaea-48ca0d00bf9c,348,12,3,0,3,0,1,1,1,1789635081
2026-09-17T08:52:31+00:00,2026-09-17T08:53:11.354565+00:00,f8347ded-0de8-11e7-991c-3863bb43a7d0,35,0,0,0,31,0,1,1,1,1789635082
2026-09-17T08:52:31+00:00,2026-09-17T08:53:11.354565+00:00,8bc42f7f-753d-4cca-a7d6-0d7c2530ea2c,364,17,2,0,2,0,1,1,1,1789635082
2026-09-17T08:52:31+00:00,2026-09-17T08:53:11.354565+00:00,2149920539832638004,2149920539832638004,13,2,0,2,0,1,1,1,1789635081
2026-09-17T08:52:31+00:00,2026-09-17T08:53:11.354565+00:00,ec4e1168-25dc-4929-b17b-e4ae578dd888,425,8,7,0,8,0,1,1,1,1789635079
2026-09-17T08:52:31+00:00,2026-09-17T08:53:11.354565+00:00,f8349599-0de8-11e7-991c-3863bb43a7d0,71,16,0,0,6,1,1,1,1,1789635078
2026-09-17T08:52:31+00:00,2026-09-17T08:53:11.354565+00:00,cad0e759-b605-458a-b772-768dcce81dc6,372,0,0,1,18,0,1,1,1,1789635078
2026-09-17T08:52:31+00:00,2026-09-17T08:53:11.354565+00:00,f8347a8b-0de8-11e7-991c-3863bb43a7d0,29,16,1,1,2,0,1,1,1,1789635074
2026-09-17T08:52:31+00:00,2026-09-17T08:53:11.354565+00:00,f8351569-0de8-11e7-991c-3863bb43a7d0,181,16,3,0,3,0,1,1,1,1789635086
2026-09-17T08:52:31+00:00,2026-09-17T08:53:11.354565+00:00,9b0aff89-5242-475e-b03b-87c3c3bf51bb,477,6,4,0,13,0,1,1,1,1789635087
2026-09-17T08:52:31+00:00,2026-09-17T08:53:11.354565+00:00,f8346c96-0de8-11e7-991c-3863bb43a7d0,14,1,0,0,24,0,1,1,1,1789635087
2026-09-17T08:52:31+00:00,2026-09-17T08:53:11.354565+00:00,569f4952-5a25-4394-a419-f9c4d9cca6f3,495,15,1,0,4,0,1,1,1,1789635084
2026-09-17T08:52:31+00:00,2026-09-17T08:53:11.354565+00:00,f834d260-0de8-11e7-991c-3863bb43a7d0,119,5,2,0,10,0,1,1,1,1789635084
2026-09-17T08:52:31+00:00,2026-09-17T08:53:11.354565+00:00,1976280681456741062,1976280681456741062,8,2,0,3,0,1,1,1,1789635083
2026-09-17T08:52:31+00:00,2026-09-17T08:53:11.354565+00:00,b44b7c3d-c054-4591-92a9-3b96d86050ab,b44b7c3d-c054-4591-92a9-3b96d86050ab,4,3,0,7,0,1,1,1,1789635089
2026-09-17T08:52:31+00:00,2026-09-17T08:53:11.354565+00:00,f8349070-0de8-11e7-991c-3863bb43a7d0,61,0,0,0,19,0,1,1,1,1789635090
2026-09-17T08:52:31+00:00,2026-09-17T08:53:11.354565+00:00,f834fcbe-0de8-11e7-991c-3863bb43a7d0,141,0,0,0,15,0,1,1,1,1789635093
2026-09-17T08:52:31+00:00,2026-09-17T08:53:11.354565+00:00,f834b928-0de8-11e7-991c-3863bb43a7d0,106,12,4,0,3,0,1,1,1,1789635093
2026-09-17T08:52:31+00:00,2026-09-17T08:53:11.354565+00:00,a6d6d4b2-3666-43ad-a690-7f676bdcc3fd,542,13,1,0,6,0,1,1,1,1789635094
2026-09-17T08:52:31+00:00,2026-09-17T08:53:11.354565+00:00,829fa5a8-cc88-4ab2-9f34-b481aaa1612e,259,4,1,0,11,0,1,1,1,1789635093
2026-09-17T08:52:31+00:00,2026-09-17T08:53:11.354565+00:00,f834e75d-0de8-11e7-991c-3863bb43a7d0,129,4,1,0,14,1,1,1,1,1789635095
2026-09-17T08:52:31+00:00,2026-09-17T08:53:11.354565+00:00,1986694622707704150,1986694622707704150,16,1,0,3,0,1,1,1,1789635100
2026-09-17T08:52:31+00:00,2026-09-17T08:53:11.354565+00:00,57f5003b-6574-40b3-83d7-3b5dee1472e0,518,0,0,11,0,0,1,0,0,1789385522
2026-09-17T08:52:31+00:00,2026-09-17T08:53:11.354565+00:00,1ef5abb2-5af9-41f2-a0dd-1e44278ad9f1,502,8,2,0,3,0,1,1,1,1789635098
2026-09-17T08:52:31+00:00,2026-09-17T08:53:11.354565+00:00,2220033166406469278,2220033166406469278,12,5,0,3,0,1,1,1,1789635098
2026-09-17T08:52:31+00:00,2026-09-17T08:53:11.354565+00:00,f834a67b-0de8-11e7-991c-3863bb43a7d0,89,1,1,0,18,0,1,1,1,1789635095
2026-09-17T08:52:31+00:00,2026-09-17T08:53:11.354565+00:00,1331197c-f6c6-4f4a-a29b-95e580359886,224,7,1,0,10,0,1,1,1,1789635099
2026-09-17T08:52:31+00:00,2026-09-17T08:53:11.354565+00:00,a825b55d-3ab3-481f-9c50-d3a7313e6843,228,0,0,0,19,0,1,1,1,1789635098
2026-09-17T08:52:31+00:00,2026-09-17T08:53:11.354565+00:00,f834a2a8-0de8-11e7-991c-3863bb43a7d0,85,4,0,2,13,0,1,1,1,1789635105
2026-09-17T08:52:31+00:00,2026-09-17T08:53:11.354565+00:00,f8346dbd-0de8-11e7-991c-3863bb43a7d0,16,0,0,0,19,0,1,1,1,1789635056
2026-09-17T08:52:31+00:00,2026-09-17T08:53:11.354565+00:00,52ca4d94-587f-4a61-a298-a1a755e73bfb,362,19,4,0,0,0,1,1,1,1789635101
2026-09-17T08:52:31+00:00,2026-09-17T08:53:11.354565+00:00,f834d34b-0de8-11e7-991c-3863bb43a7d0,120,28,0,0,11,0,1,1,1,1789635108
2026-09-17T08:52:31+00:00,2026-09-17T08:53:11.354565+00:00,e4d5271f-5f76-401b-b7f0-c8dce3c26f10,462,11,2,0,0,0,1,1,1,1789635108
2026-09-17T08:52:31+00:00,2026-09-17T08:53:11.354565+00:00,2031175112202687108,2031175112202687108,1,0,0,15,0,1,1,1,1789635046
2026-09-17T08:52:31+00:00,2026-09-17T08:53:11.354565+00:00,88b35b6d-f355-44dc-b85e-ed2eb1bc9099,406,18,12,0,1,0,1,1,1,1789635104
2026-09-17T08:52:31+00:00,2026-09-17T08:53:11.354565+00:00,2036412579943670600,2036412579943670600,8,7,0,4,0,1,1,1,1789635104
2026-09-17T08:52:31+00:00,2026-09-17T08:53:11.354565+00:00,f8351f87-0de8-11e7-991c-3863bb43a7d0,192,0,0,1,18,0,1,1,1,1789635105
2026-09-17T08:52:31+00:00,2026-09-17T08:53:11.354565+00:00,f8350199-0de8-11e7-991c-3863bb43a7d0,150,15,0,2,2,0,1,1,1,1789635102
2026-09-17T08:52:31+00:00,2026-09-17T08:53:11.354565+00:00,2113559364250874028,2113559364250874028,1,1,4,10,0,1,1,1,1789635110
2026-09-17T08:52:31+00:00,2026-09-17T08:53:11.354565+00:00,2261583246847893606,2261583246847893606,18,3,0,1,0,1,1,1,1789635111
2026-09-17T08:52:31+00:00,2026-09-17T08:53:11.354565+00:00,15ec5783-ca7a-4225-ba51-cd0a45ecc975,15ec5783-ca7a-4225-ba51-cd0a45ecc975,4,1,1,6,0,1,1,1,1789635111
2026-09-17T08:52:31+00:00,2026-09-17T08:53:11.354565+00:00,f834916a-0de8-11e7-991c-3863bb43a7d0,63,7,1,0,8,0,1,1,1,1789635108
2026-09-17T08:52:31+00:00,2026-09-17T08:53:11.354565+00:00,f8348719-0de8-11e7-991c-3863bb43a7d0,52,3,0,0,20,0,1,1,1,1789635108
2026-09-17T08:52:31+00:00,2026-09-17T08:53:11.354565+00:00,82b41ffb-e284-4e4d-b22a-0cad2bfd4bee,443,3,0,0,16,0,1,1,1,1789635109
2026-09-17T08:52:31+00:00,2026-09-17T08:53:11.354565+00:00,f83532fa-0de8-11e7-991c-3863bb43a7d0,219,2,0,0,13,0,1,1,1,1789635117
2026-09-17T08:52:31+00:00,2026-09-17T08:53:11.354565+00:00,2071991821019036242,2071991821019036242,12,5,0,8,0,1,1,1,1789635116
2026-09-17T08:52:31+00:00,2026-09-17T08:53:11.354565+00:00,f8347002-0de8-11e7-991c-3863bb43a7d0,20,13,1,1,9,0,1,1,1,1789635115
2026-09-17T08:52:31+00:00,2026-09-17T08:53:11.354565+00:00,1919521884659886482,1919521884659886482,7,1,1,11,0,1,1,1,1789635115
2026-09-17T08:52:31+00:00,2026-09-17T08:53:11.354565+00:00,2027855476515070160,2027855476515070160,1,0,1,25,0,1,1,1,1789635116
2026-09-17T08:52:31+00:00,2026-09-17T08:53:11.354565+00:00,2124664048772581794,2124664048772581794,3,1,0,8,0,1,1,1,1789635116
2026-09-17T08:52:31+00:00,2026-09-17T08:53:11.354565+00:00,2129149628430547474,2129149628430547474,2,2,0,14,0,1,1,1,1789635118
2026-09-17T08:52:31+00:00,2026-09-17T08:53:11.354565+00:00,2028220168245183460,2028220168245183460,10,2,0,9,0,1,1,1,1789635118
2026-09-17T08:52:31+00:00,2026-09-17T08:53:11.354565+00:00,f835244e-0de8-11e7-991c-3863bb43a7d0,202,6,2,0,9,0,1,1,1,1789635119
2026-09-17T08:52:31+00:00,2026-09-17T08:53:11.354565+00:00,1999639508813492766,1999639508813492766,4,0,0,15,1,1,1,1,1789635119
2026-09-17T08:52:31+00:00,2026-09-17T08:53:11.354565+00:00,2110566771130438288,2110566771130438288,8,5,0,8,0,1,1,1,1789635072
2026-09-17T08:52:31+00:00,2026-09-17T08:53:11.354565+00:00,133d159e-a202-4310-910f-eca392fe181e,398,5,1,0,14,0,1,1,1,1789635121
2026-09-17T08:52:31+00:00,2026-09-17T08:53:11.354565+00:00,2219705277630124418,2219705277630124418,10,3,0,5,0,1,1,1,1789635120
2026-09-17T08:52:31+00:00,2026-09-17T08:53:11.354565+00:00,803a0c16-4f81-44f1-8b49-a13fcdda40c1,370,0,0,0,19,0,1,1,1,1789635120
2026-09-17T08:52:31+00:00,2026-09-17T08:53:11.354565+00:00,d1a5e406-718c-44b9-b9dd-e63605b888aa,555,11,9,0,4,0,1,1,1,1789635122
2026-09-17T08:52:31+00:00,2026-09-17T08:53:11.354565+00:00,768433a9-fc30-4485-b136-22d6f8a96f1c,768433a9-fc30-4485-b136-22d6f8a96f1c,8,5,0,3,0,1,1,1,1789635122
2026-09-17T08:52:31+00:00,2026-09-17T08:53:11.354565+00:00,2363c5a3-93cc-41a2-a767-90f1826c041f,426,0,0,2,25,0,1,1,1,1789635123
2026-09-17T08:52:31+00:00,2026-09-17T08:53:11.354565+00:00,f8347ba8-0de8-11e7-991c-3863bb43a7d0,31,4,0,0,15,0,1,1,1,1789635119
2026-09-17T08:52:31+00:00,2026-09-17T08:53:11.354565+00:00,dcd76e42-eebc-4432-9726-cdb3372b0b07,557,0,0,0,19,0,1,1,1,1789635119
2026-09-17T08:52:31+00:00,2026-09-17T08:53:11.354565+00:00,f834f948-0de8-11e7-991c-3863bb43a7d0,138,11,1,0,4,0,1,1,1,1789635123
2026-09-17T08:52:31+00:00,2026-09-17T08:53:11.354565+00:00,e335fa7c-7adf-4360-9bfa-76b18124a56f,541,3,2,0,8,0,1,1,1,1789635124
2026-09-17T08:52:31+00:00,2026-09-17T08:53:11.354565+00:00,f834a1de-0de8-11e7-991c-3863bb43a7d0,84,4,0,0,11,0,1,1,1,1789635124
2026-09-17T08:52:31+00:00,2026-09-17T08:53:11.354565+00:00,1ef9964d-47ac-4cd4-916e-7c006fa1e605,339,13,8,0,2,0,1,1,1,1789635125
2026-09-17T08:52:31+00:00,2026-09-17T08:53:11.354565+00:00,6cec3afa-554c-466f-8323-5c619fe0ddc6,6cec3afa-554c-466f-8323-5c619fe0ddc6,9,3,0,2,0,1,1,1,1789635126
2026-09-17T08:52:31+00:00,2026-09-17T08:53:11.354565+00:00,2131371824572002576,2131371824572002576,6,1,0,10,0,1,1,1,1789635127
2026-09-17T08:52:31+00:00,2026-09-17T08:53:11.354565+00:00,38706d8c-8d4b-49f7-b6ed-7688449db261,463,13,1,0,6,0,1,1,1,1789635129
2026-09-17T08:52:31+00:00,2026-09-17T08:53:11.354565+00:00,2251556760922290606,2251556760922290606,14,3,0,1,0,1,1,1,1789635129
2026-09-17T08:52:31+00:00,2026-09-17T08:53:11.354565+00:00,ab6517ea-ed53-42eb-8881-657d362e56e8,560,10,0,0,5,0,1,1,1,1789635124
2026-09-17T08:52:31+00:00,2026-09-17T08:53:11.354565+00:00,aefc33cd-40b9-48da-8b87-415428816bdb,488,10,2,0,6,0,1,1,1,1789635124
2026-09-17T08:52:31+00:00,2026-09-17T08:53:11.354565+00:00,f8350d30-0de8-11e7-991c-3863bb43a7d0,163,0,0,0,19,0,1,1,1,1789635131
2026-09-17T08:52:31+00:00,2026-09-17T08:53:11.354565+00:00,01d29f8c-768d-4c4f-84ca-3de966075287,469,5,1,0,6,0,1,1,1,1789635134
2026-09-17T08:52:31+00:00,2026-09-17T08:53:11.354565+00:00,2250817396738253956,2250817396738253956,11,1,0,4,0,1,1,1,1789635134
2026-09-17T08:52:31+00:00,2026-09-17T08:53:11.354565+00:00,2089808297152151688,2089808297152151688,4,0,0,8,0,1,1,1,1789635135
2026-09-17T08:52:31+00:00,2026-09-17T08:53:11.354565+00:00,1999644268058967024,1999644268058967024,16,0,2,6,0,1,1,1,1789635114
2026-09-17T08:52:31+00:00,2026-09-17T08:53:11.354565+00:00,986068c4-d11a-465a-b8d0-bd0960c57f51,986068c4-d11a-465a-b8d0-bd0960c57f51,6,0,1,7,0,1,1,1,1789635131
2026-09-17T08:52:31+00:00,2026-09-17T08:53:11.354565+00:00,77c1736c-a609-4453-94f7-8e4253a8193c,474,7,2,0,4,0,1,1,1,1789635130
2026-09-17T08:52:31+00:00,2026-09-17T08:53:11.354565+00:00,f8350129-0de8-11e7-991c-3863bb43a7d0,149,14,0,1,3,0,1,1,1,1789635131
2026-09-17T08:52:31+00:00,2026-09-17T08:53:11.354565+00:00,f8348598-0de8-11e7-991c-3863bb43a7d0,49,10,0,2,7,0,1,1,1,1789635132
2026-09-17T08:52:31+00:00,2026-09-17T08:53:11.354565+00:00,1994515539257334312,1994515539257334312,19,9,0,0,0,1,1,1,1789635132
2026-09-17T08:52:31+00:00,2026-09-17T08:53:11.354565+00:00,f8351791-0de8-11e7-991c-3863bb43a7d0,186,2,0,0,12,0,1,1,1,1789635135
2026-09-17T08:52:31+00:00,2026-09-17T08:53:11.354565+00:00,9fef6df2-7f8f-43fc-a85b-7dd5453860f9,437,18,0,0,1,0,1,1,1,1789635136
2026-09-17T08:52:31+00:00,2026-09-17T08:53:11.354565+00:00,800bde2c-51df-497c-ac2d-bc3a8c00c164,800bde2c-51df-497c-ac2d-bc3a8c00c164,0,0,0,15,0,1,1,1,1789635137
2026-09-17T08:52:31+00:00,2026-09-17T08:53:11.354565+00:00,1991921362058752616,1991921362058752616,1,0,0,18,1,1,1,1,1789635137
2026-09-17T08:52:31+00:00,2026-09-17T08:53:11.354565+00:00,2251186911126913182,2251186911126913182,13,2,0,6,0,1,1,1,1789635136
2026-09-17T08:52:31+00:00,2026-09-17T08:53:11.354565+00:00,25d6f87f-7025-48c5-b202-f91511a4ae19,25d6f87f-7025-48c5-b202-f91511a4ae19,13,6,0,6,0,1,1,1,1789635136
2026-09-17T08:52:31+00:00,2026-09-17T08:53:11.354565+00:00,c111ef1a-f276-415d-a95e-8e3c4e3a0c03,522,13,1,2,0,0,1,1,1,1789635137
2026-09-17T08:52:31+00:00,2026-09-17T08:53:11.354565+00:00,2036103727838931110,2036103727838931110,10,0,0,1,0,1,1,1,1789635137
2026-09-17T08:52:31+00:00,2026-09-17T08:53:11.354565+00:00,f834f036-0de8-11e7-991c-3863bb43a7d0,133,16,2,1,7,0,1,1,1,1789635138
2026-09-17T08:52:31+00:00,2026-09-17T08:53:11.354565+00:00,2126567695528519906,2126567695528519906,2,0,1,17,0,1,1,1,1789635139
2026-09-17T08:52:31+00:00,2026-09-17T08:53:11.354565+00:00,8b703219-1e16-4ba1-9f46-2b7030c7849a,360,0,0,7,8,0,1,0,0,1789607546
2026-09-17T08:52:31+00:00,2026-09-17T08:53:11.354565+00:00,2248987790637065652,2248987790637065652,10,2,0,2,0,1,1,1,1789634857
2026-09-17T08:52:31+00:00,2026-09-17T08:53:11.354565+00:00,2256120653476329202,2256120653476329202,10,0,2,3,0,1,1,1,1789634963
2026-09-17T08:52:31+00:00,2026-09-17T08:53:11.354565+00:00,a9d13461-7f0f-47b0-9a97-8ec9e9792865,533,5,0,0,13,0,1,1,1,1789635038
2026-09-17T08:52:31+00:00,2026-09-17T08:53:11.354565+00:00,af066ffd-b892-434f-8532-1982fc408780,480,6,0,1,4,0,1,1,1,1789635038
2026-09-17T08:52:31+00:00,2026-09-17T08:53:11.354565+00:00,f835141c-0de8-11e7-991c-3863bb43a7d0,178,16,0,0,2,0,1,1,1,1789635035
2026-09-17T08:52:31+00:00,2026-09-17T08:53:11.354565+00:00,2113560016964645240,2113560016964645240,8,2,1,10,0,1,1,1,1789635032
2026-09-17T08:52:31+00:00,2026-09-17T08:53:11.354565+00:00,e3f5d039-a49e-4b3b-ab4d-4efbef2068c6,e3f5d039-a49e-4b3b-ab4d-4efbef2068c6,18,0,0,5,0,1,1,1,1789635033
2026-09-17T08:52:31+00:00,2026-09-17T08:53:11.354565+00:00,f83472d3-0de8-11e7-991c-3863bb43a7d0,25,15,1,0,0,0,1,1,1,1789635022
2026-09-17T08:52:31+00:00,2026-09-17T08:53:11.354565+00:00,dd8dee9d-d044-41d6-9371-8463cf9c671b,526,6,0,1,8,0,1,1,1,1789635024
2026-09-17T08:52:31+00:00,2026-09-17T08:53:11.354565+00:00,b0b8e427-7203-4844-9c70-129e08a74452,347,4,2,0,11,0,1,1,1,1789635026
2026-09-17T08:52:31+00:00,2026-09-17T08:53:11.354565+00:00,2002247509585342522,2002247509585342522,10,3,0,1,0,1,1,1,1789635042
2026-09-17T08:52:31+00:00,2026-09-17T08:53:11.354565+00:00,1984021766354634770,1984021766354634770,17,2,0,2,0,1,1,1,1789635041
2026-09-17T08:52:31+00:00,2026-09-17T08:53:11.354565+00:00,f8346a3c-0de8-11e7-991c-3863bb43a7d0,10,0,0,3,8,0,1,1,1,1789635039
2026-09-17T08:52:31+00:00,2026-09-17T08:53:11.354565+00:00,2158217922577811100,2158217922577811100,11,2,0,8,0,1,1,1,1789635042
2026-09-17T08:52:31+00:00,2026-09-17T08:53:11.354565+00:00,7dd0fc98-c1dd-4c93-9c1d-4bbdf5f93346,473,12,7,1,1,0,1,1,1,1789635042
2026-09-17T08:52:31+00:00,2026-09-17T08:53:11.354565+00:00,f834b50a-0de8-11e7-991c-3863bb43a7d0,102,10,0,0,4,0,1,1,1,1789635042
2026-09-17T08:52:31+00:00,2026-09-17T08:53:11.354565+00:00,efd724b2-31cb-4aec-b9d9-8ab79271630c,493,10,1,0,7,0,1,1,1,1789635053
2026-09-17T08:52:31+00:00,2026-09-17T08:53:11.354565+00:00,66763558-7a03-48a9-8665-6b4445b81f48,458,13,3,0,2,0,1,1,1,1789635052
2026-09-17T08:52:31+00:00,2026-09-17T08:53:11.354565+00:00,2100948177843249670,2100948177843249670,8,3,0,3,0,1,1,1,1789635051
2026-09-17T08:52:31+00:00,2026-09-17T08:53:11.354565+00:00,609c2f06-310e-4134-8dd2-3d23aa41487b,609c2f06-310e-4134-8dd2-3d23aa41487b,16,1,0,6,0,1,1,1,1789635056
2026-09-17T08:52:31+00:00,2026-09-17T08:53:11.354565+00:00,f8351e42-0de8-11e7-991c-3863bb43a7d0,189,0,0,0,23,0,1,1,1,1789635055
2026-09-17T08:52:31+00:00,2026-09-17T08:53:11.354565+00:00,2136546016037880534,2136546016037880534,10,0,0,5,0,1,1,1,1789635068
2026-09-17T08:52:31+00:00,2026-09-17T08:53:11.354565+00:00,1961066392414132348,1961066392414132348,2,0,1,16,0,1,1,1,1789635066
2026-09-17T08:52:31+00:00,2026-09-17T08:53:11.354565+00:00,f836bc28-36a7-4ca6-bba6-0d75333d84bb,538,16,2,0,3,0,1,1,1,1789635066
2026-09-17T08:52:31+00:00,2026-09-17T08:53:11.354565+00:00,2126939746529359956,2126939746529359956,2,0,1,16,0,1,1,1,1789635019
2026-09-17T08:52:31+00:00,2026-09-17T08:53:11.354565+00:00,a51b429f-bf06-425a-b3fe-b3155aa6468c,a51b429f-bf06-425a-b3fe-b3155aa6468c,6,2,3,2,0,1,1,1,1789635028
2026-09-17T08:52:31+00:00,2026-09-17T08:53:11.354565+00:00,f8352c1a-0de8-11e7-991c-3863bb43a7d0,216,15,0,0,4,0,1,1,1,1789635030
2026-09-17T08:52:31+00:00,2026-09-17T08:53:11.354565+00:00,f8349d6e-0de8-11e7-991c-3863bb43a7d0,79,14,3,0,4,0,1,1,1,1789635031
2026-09-17T08:52:31+00:00,2026-09-17T08:53:11.354565+00:00,f8348021-0de8-11e7-991c-3863bb43a7d0,39,15,2,1,11,0,1,1,1,1789635032
2026-09-17T08:52:31+00:00,2026-09-17T08:53:11.354565+00:00,f834ff5a-0de8-11e7-991c-3863bb43a7d0,145,5,0,0,12,0,1,1,1,1789635047
2026-09-17T08:52:31+00:00,2026-09-17T08:53:11.354565+00:00,f8346c01-0de8-11e7-991c-3863bb43a7d0,13,2,1,0,17,0,1,1,1,1789635047
2026-09-17T08:52:31+00:00,2026-09-17T08:53:11.354565+00:00,57caf362-1e8b-46aa-9ee3-82341c405ab0,271,6,0,0,9,0,1,1,1,1789635047
2026-09-17T08:52:31+00:00,2026-09-17T08:53:11.354565+00:00,f8351ff1-0de8-11e7-991c-3863bb43a7d0,193,13,1,0,1,0,1,1,1,1789635049
2026-09-17T08:52:31+00:00,2026-09-17T08:53:11.354565+00:00,f834923d-0de8-11e7-991c-3863bb43a7d0,65,2,0,1,16,0,1,1,1,1789635049
2026-09-17T08:52:31+00:00,2026-09-17T08:53:11.354565+00:00,31382324-2931-491a-827a-40149e45afee,232,5,2,1,5,0,1,1,1,1789635049
2026-09-17T08:52:31+00:00,2026-09-17T08:53:11.354565+00:00,f834fda2-0de8-11e7-991c-3863bb43a7d0,143,8,1,0,15,0,1,1,1,1789635049
2026-09-17T08:52:31+00:00,2026-09-17T08:53:11.354565+00:00,be7e7068-b85f-42c1-8ea1-e1d64e531323,be7e7068-b85f-42c1-8ea1-e1d64e531323,8,4,0,7,0,1,1,1,1789635047
2026-09-17T08:52:31+00:00,2026-09-17T08:53:11.354565+00:00,f8352306-0de8-11e7-991c-3863bb43a7d0,199,4,3,1,10,0,1,1,1,1789635048
2026-09-17T08:52:31+00:00,2026-09-17T08:53:11.354565+00:00,fbb9b58c-2b92-4bcf-8e4c-a982e40d2f39,221,5,0,0,14,0,1,1,1,1789635060
2026-09-17T08:52:31+00:00,2026-09-17T08:53:11.354565+00:00,f834d064-0de8-11e7-991c-3863bb43a7d0,118,19,8,0,0,0,1,1,1,1789635059
2026-09-17T08:52:31+00:00,2026-09-17T08:53:11.354565+00:00,f8348781-0de8-11e7-991c-3863bb43a7d0,53,6,0,1,12,0,1,1,1,1789635061
2026-09-17T08:52:31+00:00,2026-09-17T08:53:11.354565+00:00,0bc49982-74e9-4bbf-9991-e3d809d6319e,530,13,1,1,5,0,1,1,1,1789635071
2026-09-17T08:52:31+00:00,2026-09-17T08:53:11.354565+00:00,2111332861978124760,2111332861978124760,12,0,0,3,1,1,1,1,1789635072
2026-09-17T08:52:31+00:00,2026-09-17T08:53:11.354565+00:00,ee0fa23e-a6c2-474d-a6ef-bf581d63f1ae,ee0fa23e-a6c2-474d-a6ef-bf581d63f1ae,5,3,0,6,0,1,1,1,1789635072
2026-09-17T08:52:31+00:00,2026-09-17T08:53:11.354565+00:00,f4a64c30-b97f-4ae5-b531-a11698b558d7,562,3,1,0,6,0,1,1,1,1789635075
2026-09-17T08:52:31+00:00,2026-09-17T08:53:11.354565+00:00,50cc3c7f-50ed-4c70-b483-c89f3f47c938,491,12,2,0,7,0,1,1,1,1789635073
2026-09-17T08:52:31+00:00,2026-09-17T08:53:11.354565+00:00,2115804056935012722,2115804056935012722,3,0,2,14,0,1,1,1,1789635076
2026-09-17T08:52:31+00:00,2026-09-17T08:53:11.354565+00:00,910f1452-dbeb-4e69-b226-71b2d7e85715,910f1452-dbeb-4e69-b226-71b2d7e85715,9,2,0,1,0,1,1,1,1789635076
2026-09-17T08:52:31+00:00,2026-09-17T08:53:11.354565+00:00,1e3beeb4-f8e1-452c-93e5-48df78d4b313,334,4,0,0,14,0,1,1,1,1789635080
2026-09-17T08:52:31+00:00,2026-09-17T08:53:11.354565+00:00,f834b652-0de8-11e7-991c-3863bb43a7d0,104,15,0,1,1,0,1,1,1,1789635080
2026-09-17T08:52:31+00:00,2026-09-17T08:53:11.354565+00:00,a439fff7-8630-464c-b277-efca6f6bc664,531,10,1,0,4,0,1,1,1,1789635080
2026-09-17T08:52:31+00:00,2026-09-17T08:53:11.354565+00:00,25cc602a-152a-4abe-9df8-a131d0a5d94b,235,15,10,0,0,0,1,1,1,1789635081
2026-09-17T08:52:31+00:00,2026-09-17T08:53:11.354565+00:00,f83514f9-0de8-11e7-991c-3863bb43a7d0,180,11,4,0,8,0,1,1,1,1789635083
2026-09-17T08:52:31+00:00,2026-09-17T08:53:11.354565+00:00,ee18dbd6-05b8-4d38-a120-f84c3499a77e,519,6,1,2,3,0,1,1,1,1789635081
2026-09-17T08:52:31+00:00,2026-09-17T08:53:11.354565+00:00,f83487f0-0de8-11e7-991c-3863bb43a7d0,54,0,0,0,15,0,1,1,1,1789635086
2026-09-17T08:52:31+00:00,2026-09-17T08:53:11.354565+00:00,f834fb66-0de8-11e7-991c-3863bb43a7d0,139,17,4,0,2,0,1,1,1,1789635088
2026-09-17T08:52:31+00:00,2026-09-17T08:53:11.354565+00:00,3f4f4ad4-a715-43d5-828f-f8381f26b66a,390,2,1,1,12,0,1,1,1,1789635110
2026-09-17T08:52:31+00:00,2026-09-17T08:53:11.354565+00:00,2035765531590062506,2035765531590062506,4,3,0,7,0,1,1,1,1789635111
2026-09-17T08:52:31+00:00,2026-09-17T08:53:11.354565+00:00,dc770287-c70c-43ea-a635-39f3dc6b09cd,dc770287-c70c-43ea-a635-39f3dc6b09cd,6,2,0,5,0,1,1,1,1789635113
2026-09-17T08:52:31+00:00,2026-09-17T08:53:11.354565+00:00,3a6d94a7-9fee-41c5-b8cc-a8487c5e691b,549,24,0,0,0,0,1,1,1,1789635108
2026-09-17T08:52:31+00:00,2026-09-17T08:53:11.354565+00:00,f834db9b-0de8-11e7-991c-3863bb43a7d0,121,6,3,0,11,0,1,1,1,1789635109
2026-09-17T08:52:31+00:00,2026-09-17T08:53:11.354565+00:00,b5894555-30a3-46db-918a-fdeb083d6001,336,14,0,1,0,0,1,1,1,1789635109
2026-09-17T08:52:31+00:00,2026-09-17T08:53:11.354565+00:00,f8352150-0de8-11e7-991c-3863bb43a7d0,196,6,3,0,4,0,1,1,1,1789635109
2026-09-17T08:52:31+00:00,2026-09-17T08:53:11.354565+00:00,4764641e-b080-4c70-a1e1-049de81e09d0,273,22,1,1,17,0,1,1,1,1789635108
2026-09-17T08:52:31+00:00,2026-09-17T08:53:11.354565+00:00,2080157934789007958,2080157934789007958,16,4,0,3,0,1,1,1,1789635129
2026-09-17T08:52:31+00:00,2026-09-17T08:53:11.354565+00:00,f834a32d-0de8-11e7-991c-3863bb43a7d0,86,18,0,0,7,0,1,1,1,1789635130
2026-09-17T08:52:31+00:00,2026-09-17T08:53:11.354565+00:00,f8353277-0de8-11e7-991c-3863bb43a7d0,218,0,0,2,13,0,1,1,1,1789635130
2026-09-17T08:52:31+00:00,2026-09-17T08:53:11.354565+00:00,2079440939380771716,2079440939380771716,8,2,1,3,0,1,1,1,1789635130
2026-09-17T08:52:31+00:00,2026-09-17T08:53:11.354565+00:00,1206f5c8-7d1f-4c32-9d65-f3e80186fbde,511,12,9,0,7,0,1,1,1,1789635129
2026-09-17T08:52:31+00:00,2026-09-17T08:53:11.354565+00:00,0cb6d635-6a7d-4d75-89b4-36b12616be12,432,10,8,0,9,0,1,1,1,1789635099
2026-09-17T08:52:31+00:00,2026-09-17T08:53:11.354565+00:00,2253794653988522864,2253794653988522864,19,0,0,0,0,1,1,1,1789635099
2026-09-17T08:52:31+00:00,2026-09-17T08:53:11.354565+00:00,d81e16e2-a410-4a0b-b5ae-b72748fc9781,d81e16e2-a410-4a0b-b5ae-b72748fc9781,10,4,0,9,0,1,1,1,1789635099
2026-09-17T08:52:31+00:00,2026-09-17T08:53:11.354565+00:00,2071724371800490690,2071724371800490690,14,2,0,6,0,1,1,1,1789635098
2026-09-17T08:52:31+00:00,2026-09-17T08:53:11.354565+00:00,fae99a0c-e88a-4112-94d8-f655cf34e651,fae99a0c-e88a-4112-94d8-f655cf34e651,1,0,0,18,0,1,1,1,1789635095
2026-09-17T08:52:31+00:00,2026-09-17T08:53:11.354565+00:00,3b158c7a-a362-43ae-af1f-121b78be32d7,483,13,1,0,4,0,1,1,1,1789635096
2026-09-17T08:52:31+00:00,2026-09-17T08:53:11.354565+00:00,634b697d-0e64-4102-8849-abac7a7f8e35,455,5,1,1,6,0,1,1,1,1789635095
2026-09-17T08:52:31+00:00,2026-09-17T08:53:11.354565+00:00,c98f50f6-1901-4c64-b164-8cf33245e022,282,17,1,1,0,0,1,1,1,1789635095
2026-09-17T08:52:31+00:00,2026-09-17T08:53:11.354565+00:00,4caf6e93-ddd7-4b6f-9e61-f9df1206ac92,4caf6e93-ddd7-4b6f-9e61-f9df1206ac92,13,4,1,5,0,1,1,1,1789635094
2026-09-17T08:52:31+00:00,2026-09-17T08:53:11.354565+00:00,2124668538068359456,2124668538068359456,1,0,1,17,0,1,1,1,1789635094
2026-09-17T08:52:31+00:00,2026-09-17T08:53:11.354565+00:00,f1cafe36-f800-41f6-b74d-73953cb6394c,471,0,0,0,27,0,1,1,1,1789635103
2026-09-17T08:52:31+00:00,2026-09-17T08:53:11.354565+00:00,8f51f8f1-ecb8-4cd3-8529-296a03140c51,8f51f8f1-ecb8-4cd3-8529-296a03140c51,7,0,0,12,0,1,1,1,1789635104
2026-09-17T08:52:31+00:00,2026-09-17T08:53:11.354565+00:00,e49a5b83-2c9c-4610-a48b-89cfea172c8f,504,7,1,0,4,0,1,1,1,1789635107
2026-09-17T08:52:31+00:00,2026-09-17T08:53:11.354565+00:00,2120986392451359068,2120986392451359068,12,0,0,7,0,1,1,1,1789635107
2026-09-17T08:52:31+00:00,2026-09-17T08:53:11.354565+00:00,f8349de4-0de8-11e7-991c-3863bb43a7d0,80,0,0,2,33,0,1,1,1,1789635106
2026-09-17T08:52:31+00:00,2026-09-17T08:53:11.354565+00:00,a3b94ed8-8301-4ec6-baf2-64ac493b5106,529,0,0,0,16,0,1,1,1,1789635118
2026-09-17T08:52:31+00:00,2026-09-17T08:53:11.354565+00:00,dd05a440-f881-410c-a071-864da11c634a,318,1,1,0,17,0,1,1,1,1789635118
2026-09-17T08:52:31+00:00,2026-09-17T08:53:11.354565+00:00,3de6e5da-9702-4623-8683-26abd98012a8,525,1,0,0,11,0,1,1,1,1789635118
2026-09-17T08:52:31+00:00,2026-09-17T08:53:11.354565+00:00,3dbbb3cb-b52d-46f8-8f9c-db11e83d081c,327,15,9,0,0,0,1,1,1,1789635119
2026-09-17T08:52:31+00:00,2026-09-17T08:53:11.354565+00:00,1963273678015717438,1963273678015717438,15,0,1,3,0,1,1,1,1789635118
2026-09-17T08:52:31+00:00,2026-09-17T08:53:11.354565+00:00,13681246-4bf8-444a-a908-fa165e4ad298,329,7,3,0,8,0,1,1,1,1789635119
2026-09-17T08:52:31+00:00,2026-09-17T08:53:11.354565+00:00,082262bd-086b-46c7-83ce-eed2b39142ff,416,5,0,0,10,0,1,1,1,1789635119
2026-09-17T08:52:31+00:00,2026-09-17T08:53:11.354565+00:00,a9bc314b-a3fd-46e5-a63b-f005258bba5f,a9bc314b-a3fd-46e5-a63b-f005258bba5f,5,0,0,12,1,1,1,1,1789635119
2026-09-17T08:52:31+00:00,2026-09-17T08:53:11.354565+00:00,f835259f-0de8-11e7-991c-3863bb43a7d0,205,11,6,0,4,0,1,1,1,1789635117
2026-09-17T08:52:31+00:00,2026-09-17T08:53:11.354565+00:00,2fded452-cbd0-4248-b008-f8a61ed9a85f,2fded452-cbd0-4248-b008-f8a61ed9a85f,1,0,0,14,0,1,1,1,1789635116
2026-09-17T08:52:31+00:00,2026-09-17T08:53:11.354565+00:00,2074236051937964826,2074236051937964826,15,1,0,1,0,1,1,1,1789635117
2026-09-17T08:52:31+00:00,2026-09-17T08:53:11.354565+00:00,2223046412750968128,2223046412750968128,4,0,0,15,0,1,1,1,1789635117
2026-09-17T08:52:31+00:00,2026-09-17T08:53:11.354565+00:00,f8350be5-0de8-11e7-991c-3863bb43a7d0,160,1,0,0,13,0,1,1,1,1789635120
2026-09-17T08:52:31+00:00,2026-09-17T08:53:11.354565+00:00,c935cfb1-ef73-402e-9b86-83aaaac6534d,478,16,1,0,3,0,1,1,1,1789635116
2026-09-17T08:52:31+00:00,2026-09-17T08:53:11.354565+00:00,2012646293885032702,2012646293885032702,2,1,0,22,0,1,1,1,1789635116
2026-09-17T08:52:31+00:00,2026-09-17T08:53:11.354565+00:00,3c837bc0-fd08-49c4-adf5-0e9a98e918a7,524,7,0,1,7,0,1,1,1,1789635114
2026-09-17T08:52:31+00:00,2026-09-17T08:53:11.354565+00:00,f8347361-0de8-11e7-991c-3863bb43a7d0,26,12,1,1,2,0,1,1,1,1789635125
2026-09-17T08:52:31+00:00,2026-09-17T08:53:11.354565+00:00,1994461916590643872,1994461916590643872,6,6,0,5,0,1,1,1,1789635126
2026-09-17T08:52:31+00:00,2026-09-17T08:53:11.354565+00:00,f8348857-0de8-11e7-991c-3863bb43a7d0,55,0,0,0,15,0,1,1,1,1789635126
2026-09-17T08:52:31+00:00,2026-09-17T08:53:11.354565+00:00,68323451-daf0-4532-a6cb-b070e3ef358f,68323451-daf0-4532-a6cb-b070e3ef358f,5,1,0,14,0,1,1,1,1789635124
2026-09-17T08:52:31+00:00,2026-09-17T08:53:11.354565+00:00,f8349672-0de8-11e7-991c-3863bb43a7d0,72,0,0,0,22,0,1,1,1,1789635123
2026-09-17T08:52:31+00:00,2026-09-17T08:53:11.354565+00:00,f835027c-0de8-11e7-991c-3863bb43a7d0,152,14,0,0,13,0,1,1,1,1789635123
2026-09-17T08:52:31+00:00,2026-09-17T08:53:11.354565+00:00,f8352a4d-0de8-11e7-991c-3863bb43a7d0,212,0,0,0,32,0,1,1,1,1789635126
2026-09-17T08:52:31+00:00,2026-09-17T08:53:11.354565+00:00,2171110977443594588,2171110977443594588,8,4,0,7,0,1,1,1,1789635126
2026-09-17T08:52:31+00:00,2026-09-17T08:53:11.354565+00:00,dd008e3c-ff17-4c82-abe0-502272a62425,558,6,1,0,11,0,1,1,1,1789635133
2026-09-17T08:52:31+00:00,2026-09-17T08:53:11.354565+00:00,f8348924-0de8-11e7-991c-3863bb43a7d0,57,9,0,1,4,0,1,1,1,1789635133
2026-09-17T08:52:31+00:00,2026-09-17T08:53:11.354565+00:00,f834ffc9-0de8-11e7-991c-3863bb43a7d0,146,19,6,0,0,0,1,1,1,1789635136
2026-09-17T08:52:31+00:00,2026-09-17T08:53:11.354565+00:00,f8350c56-0de8-11e7-991c-3863bb43a7d0,161,22,3,0,1,0,1,1,1,1789635136
2026-09-17T08:52:31+00:00,2026-09-17T08:53:11.354565+00:00,2131714490587826928,2131714490587826928,14,7,0,2,0,1,1,1,1789635136
2026-09-17T08:52:31+00:00,2026-09-17T08:53:11.354565+00:00,2004828637786472956,2004828637786472956,12,0,2,5,0,1,1,1,1789635137
2026-09-17T08:52:31+00:00,2026-09-17T08:53:11.354565+00:00,e32c0bb9-e85b-4764-b0fb-5c582cfd3a90,340,11,3,0,7,1,1,1,1,1789635027
2026-09-17T08:52:31+00:00,2026-09-17T08:53:11.354565+00:00,f834a7d1-0de8-11e7-991c-3863bb43a7d0,91,4,1,0,15,0,1,1,1,1789635029
2026-09-17T08:52:31+00:00,2026-09-17T08:53:11.354565+00:00,4f25f6ef-236b-43b4-8a92-68a24db0504b,4f25f6ef-236b-43b4-8a92-68a24db0504b,10,1,0,4,0,1,1,1,1789635032
2026-09-17T08:52:31+00:00,2026-09-17T08:53:11.354565+00:00,2d32e355-faee-407b-9bb7-45d80ffb059a,2d32e355-faee-407b-9bb7-45d80ffb059a,1,0,0,18,0,1,1,1,1789635033
2026-09-17T08:52:31+00:00,2026-09-17T08:53:11.354565+00:00,81bfc33b-30d8-4881-b261-712715a8b2bc,363,11,0,0,7,0,1,1,1,1789635033
2026-09-17T08:52:31+00:00,2026-09-17T08:53:11.354565+00:00,1942556871369959976,1942556871369959976,10,2,0,9,0,1,1,1,1789635035
2026-09-17T08:52:31+00:00,2026-09-17T08:53:11.354565+00:00,6e340d8e-45db-4fd9-b6eb-b74ec73b0d3e,535,4,2,1,10,0,1,1,1,1789635032
2026-09-17T08:52:31+00:00,2026-09-17T08:53:11.354565+00:00,f835108b-0de8-11e7-991c-3863bb43a7d0,170,7,3,0,7,0,1,1,1,1789634981
2026-09-17T08:52:31+00:00,2026-09-17T08:53:11.354565+00:00,f834ea45-0de8-11e7-991c-3863bb43a7d0,130,8,3,0,7,0,1,1,1,1789635019
2026-09-17T08:52:31+00:00,2026-09-17T08:53:11.354565+00:00,0b0467c1-0c90-4529-a556-fe4d57835bbb,435,5,0,0,10,0,1,1,1,1789635022
2026-09-17T08:52:31+00:00,2026-09-17T08:53:11.354565+00:00,2098360140389493528,2098360140389493528,2,2,2,7,0,1,1,1,1789635022
2026-09-17T08:52:31+00:00,2026-09-17T08:53:11.354565+00:00,f834a838-0de8-11e7-991c-3863bb43a7d0,92,3,0,0,15,0,1,1,1,1789635022
2026-09-17T08:52:31+00:00,2026-09-17T08:53:11.354565+00:00,f83471a1-0de8-11e7-991c-3863bb43a7d0,23,0,0,0,25,0,1,1,1,1789635041
2026-09-17T08:52:31+00:00,2026-09-17T08:53:11.354565+00:00,fe534b6f-61ad-47d3-b9f6-cdaa128f53a4,395,3,0,1,11,0,1,1,1,1789635053
2026-09-17T08:52:31+00:00,2026-09-17T08:53:11.354565+00:00,4fe8e777-345b-4fc2-a684-dd874e8186d8,4fe8e777-345b-4fc2-a684-dd874e8186d8,13,2,0,2,0,1,1,1,1789635052
2026-09-17T08:52:31+00:00,2026-09-17T08:53:11.354565+00:00,f83512c9-0de8-11e7-991c-3863bb43a7d0,175,6,1,1,10,0,1,1,1,1789635050
2026-09-17T08:52:31+00:00,2026-09-17T08:53:11.354565+00:00,f834658f-0de8-11e7-991c-3863bb43a7d0,4,15,0,0,4,0,1,1,1,1789635064
2026-09-17T08:52:31+00:00,2026-09-17T08:53:11.354565+00:00,f8348a68-0de8-11e7-991c-3863bb43a7d0,60,2,0,1,15,0,1,1,1,1789635064
2026-09-17T08:52:31+00:00,2026-09-17T08:53:11.354565+00:00,f834824e-0de8-11e7-991c-3863bb43a7d0,43,0,0,1,14,0,1,1,1,1789635064
2026-09-17T08:52:31+00:00,2026-09-17T08:53:11.354565+00:00,ed6c012e-6d6c-41e7-8e01-90749fd67575,546,7,4,1,7,1,1,1,1,1789635062
2026-09-17T08:52:31+00:00,2026-09-17T08:53:11.354565+00:00,2118368356250680236,2118368356250680236,5,0,0,11,0,1,1,1,1789635057
2026-09-17T08:52:31+00:00,2026-09-17T08:53:11.354565+00:00,186accbb-6a08-4e1d-b267-9033c4443a56,401,14,4,0,1,0,1,1,1,1789635066
2026-09-17T08:52:31+00:00,2026-09-17T08:53:11.354565+00:00,f834ba08-0de8-11e7-991c-3863bb43a7d0,108,1,1,1,15,0,1,1,1,1789635067
2026-09-17T08:52:31+00:00,2026-09-17T08:53:11.354565+00:00,f714390d-6874-43fa-a079-a07f83c79c7b,f714390d-6874-43fa-a079-a07f83c79c7b,0,0,1,10,0,1,1,1,1789635091
2026-09-17T08:52:31+00:00,2026-09-17T08:53:11.354565+00:00,5bbdd12f-fec4-4741-9d5d-4a60834c5d02,377,15,0,2,0,2,1,1,1,1789635091
2026-09-17T08:52:31+00:00,2026-09-17T08:53:11.354565+00:00,f83489ff-0de8-11e7-991c-3863bb43a7d0,59,5,0,1,13,1,1,1,1,1789635090
2026-09-17T08:52:31+00:00,2026-09-17T08:53:11.354565+00:00,228b8017-e4da-4722-9223-b8279a14b8ad,448,4,3,0,6,0,1,1,1,1789635090
2026-09-17T08:52:31+00:00,2026-09-17T08:53:11.354565+00:00,2245672241002318634,2245672241002318634,10,1,0,8,0,1,1,1,1789635089
2026-09-17T08:52:31+00:00,2026-09-17T08:53:11.354565+00:00,ad2fb6f2-921f-440c-83de-08be76e35c2a,468,8,0,0,7,0,1,1,1,1789635089
2026-09-17T08:52:31+00:00,2026-09-17T08:53:11.354565+00:00,2225590560002383786,2225590560002383786,0,0,0,14,0,1,1,1,1789635093
2026-09-17T08:52:31+00:00,2026-09-17T08:53:11.354565+00:00,2071630998981871920,2071630998981871920,19,9,0,1,0,1,1,1,1789635093
2026-09-17T08:52:31+00:00,2026-09-17T08:53:11.354565+00:00,f83515d8-0de8-11e7-991c-3863bb43a7d0,182,10,0,0,9,0,1,1,1,1789635088
2026-09-17T08:52:31+00:00,2026-09-17T08:53:11.354565+00:00,8347c34d-68df-404b-ac58-7a387cc3ce4b,414,21,5,0,2,0,1,1,1,1789635094
2026-09-17T08:52:31+00:00,2026-09-17T08:53:11.354565+00:00,2254164250455119196,2254164250455119196,8,4,0,7,0,1,1,1,1789635000
2026-09-17T08:52:31+00:00,2026-09-17T08:53:11.354565+00:00,f8351eb0-0de8-11e7-991c-3863bb43a7d0,190,0,0,36,0,0,1,0,0,1789635093
2026-09-17T08:52:31+00:00,2026-09-17T08:53:11.354565+00:00,1921360868231155718,1921360868231155718,3,0,1,15,0,1,1,1,1789635095
2026-09-17T08:52:31+00:00,2026-09-17T08:53:11.354565+00:00,12141b77-6e5f-444b-bace-2abf16db4fee,12141b77-6e5f-444b-bace-2abf16db4fee,7,0,2,2,0,1,1,1,1789635095
2026-09-17T08:52:31+00:00,2026-09-17T08:53:11.354565+00:00,2249419943962214726,2249419943962214726,6,0,0,13,0,1,1,1,1789635098
2026-09-17T08:52:31+00:00,2026-09-17T08:53:11.354565+00:00,a83f982f-a4f1-43e4-98e8-c8f4a0bb7290,452,10,2,0,5,0,1,1,1,1789635098
2026-09-17T08:52:31+00:00,2026-09-17T08:53:11.354565+00:00,fe6a64e7-c712-404c-85ae-ee77a37245b1,355,13,1,0,4,0,1,1,1,1789635100
2026-09-17T08:52:31+00:00,2026-09-17T08:53:11.354565+00:00,f83480a9-0de8-11e7-991c-3863bb43a7d0,40,31,1,0,0,0,1,1,1,1789635098
2026-09-17T08:52:31+00:00,2026-09-17T08:53:11.354565+00:00,c202f2ca-ec1d-4dc5-a734-e0a342f23ba4,279,23,1,0,0,0,1,1,1,1789635098
2026-09-17T08:52:31+00:00,2026-09-17T08:53:11.354565+00:00,0daf7408-7a15-4d2b-8c39-f1a097cdbe85,403,9,0,0,6,0,1,1,1,1789635094
2026-09-17T08:52:31+00:00,2026-09-17T08:53:11.354565+00:00,2002248857751890568,2002248857751890568,9,4,0,2,0,1,1,1,1789635095
2026-09-17T08:52:31+00:00,2026-09-17T08:53:11.354565+00:00,9cc65d3d-cfcc-45ff-8f75-7264556b1cf9,9cc65d3d-cfcc-45ff-8f75-7264556b1cf9,12,3,0,7,0,1,1,1,1789635103
2026-09-17T08:52:31+00:00,2026-09-17T08:53:11.354565+00:00,f8352ac4-0de8-11e7-991c-3863bb43a7d0,213,0,0,0,14,0,1,1,1,1789635103
2026-09-17T08:52:31+00:00,2026-09-17T08:53:11.354565+00:00,2038981933682610536,2038981933682610536,9,2,0,7,0,1,1,1,1789635052
2026-09-17T08:52:31+00:00,2026-09-17T08:53:11.354565+00:00,2109111257926871498,2109111257926871498,14,9,0,5,0,1,1,1,1789635101
2026-09-17T08:52:31+00:00,2026-09-17T08:53:11.354565+00:00,7c860828-3359-4229-b59b-963f5a4bab00,236,10,1,0,2,0,1,1,1,1789635102
2026-09-17T08:52:31+00:00,2026-09-17T08:53:11.354565+00:00,aa556ad4-0092-4687-96c2-8dbc69addb56,485,9,6,0,2,0,1,1,1,1789635102
2026-09-17T08:52:31+00:00,2026-09-17T08:53:11.354565+00:00,f8347b1e-0de8-11e7-991c-3863bb43a7d0,30,5,0,0,10,0,1,1,1,1789635105
2026-09-17T08:52:31+00:00,2026-09-17T08:53:11.354565+00:00,2007420398783036020,2007420398783036020,6,0,1,13,0,1,1,1,1789635101
2026-09-17T08:52:31+00:00,2026-09-17T08:53:11.354565+00:00,be18593a-9e4c-4a13-8bb2-a5bac3d9b2b3,547,5,3,1,12,0,1,1,1,1789635105
2026-09-17T08:52:31+00:00,2026-09-17T08:53:11.354565+00:00,1978882443666915710,1978882443666915710,0,0,0,17,1,1,1,1,1789635106
2026-09-17T08:52:31+00:00,2026-09-17T08:53:11.354565+00:00,2014558273483754010,2014558273483754010,18,0,0,1,0,1,1,1,1789635106
2026-09-17T08:52:31+00:00,2026-09-17T08:53:11.354565+00:00,f834ab92-0de8-11e7-991c-3863bb43a7d0,95,15,0,0,0,0,1,1,1,1789635106
2026-09-17T08:52:31+00:00,2026-09-17T08:53:11.354565+00:00,5f8ced09-665c-41e5-b67e-1e58fac21830,521,1,0,0,10,0,1,1,1,1789635109
2026-09-17T08:52:31+00:00,2026-09-17T08:53:11.354565+00:00,2212258635631104970,2212258635631104970,1,0,0,22,0,1,1,1,1789635107
2026-09-17T08:52:31+00:00,2026-09-17T08:53:11.354565+00:00,f834b99d-0de8-11e7-991c-3863bb43a7d0,107,0,0,0,19,0,1,1,1,1789635107
2026-09-17T08:52:31+00:00,2026-09-17T08:53:11.354565+00:00,9f582e05-15e0-4a39-aef5-c719e0c78e26,466,3,1,3,5,0,1,1,1,1789635107
2026-09-17T08:52:31+00:00,2026-09-17T08:53:11.354565+00:00,065e0e5d-8a0d-49b7-9c1f-c8eaba51a8b4,490,11,2,1,6,0,1,1,1,1789635107
2026-09-17T08:52:31+00:00,2026-09-17T08:53:11.354565+00:00,1a39ab83-f029-4134-aad4-35380b30bf2c,1a39ab83-f029-4134-aad4-35380b30bf2c,8,0,1,10,0,1,1,1,1789635110
2026-09-17T08:52:31+00:00,2026-09-17T08:53:11.354565+00:00,f0f01d4c-ba4a-4ab2-9cc0-9fa1f9223300,394,9,8,0,5,0,1,1,1,1789635109
2026-09-17T08:52:31+00:00,2026-09-17T08:53:11.354565+00:00,7df1ee28-441e-44c1-8507-8f58946be96b,239,0,0,14,1,0,1,0,0,1789624652
2026-09-17T08:52:31+00:00,2026-09-17T08:53:11.354565+00:00,42886366-9cbf-432c-ba84-beef38877c87,408,14,1,0,1,0,1,1,1,1789635115
2026-09-17T08:52:31+00:00,2026-09-17T08:53:11.354565+00:00,e2c306f6-82c7-4d0d-89fd-c9452d2f9ad1,361,8,0,0,34,0,1,1,1,1789635115
2026-09-17T08:52:31+00:00,2026-09-17T08:53:11.354565+00:00,f83481c5-0de8-11e7-991c-3863bb43a7d0,42,3,0,0,28,0,1,1,1,1789635114
2026-09-17T08:52:31+00:00,2026-09-17T08:53:11.354565+00:00,2002579415401984808,2002579415401984808,7,2,0,4,0,1,1,1,1789635112
2026-09-17T08:52:31+00:00,2026-09-17T08:53:11.354565+00:00,f8350a84-0de8-11e7-991c-3863bb43a7d0,157,0,0,1,14,0,1,1,1,1789635117
2026-09-17T08:52:31+00:00,2026-09-17T08:53:11.354565+00:00,403c0f6c-d01a-4171-a7be-3aa4dbb0d7d1,407,8,5,1,9,0,1,1,1,1789635075
2026-09-17T08:52:31+00:00,2026-09-17T08:53:11.354565+00:00,2220822464984366036,2220822464984366036,10,2,0,1,1,1,1,1,1789635076
2026-09-17T08:52:31+00:00,2026-09-17T08:53:11.354565+00:00,81676204-e42f-4d3d-991e-9c1264f36229,357,15,2,0,0,0,1,1,1,1789635077
2026-09-17T08:52:31+00:00,2026-09-17T08:53:11.354565+00:00,f834dedf-0de8-11e7-991c-3863bb43a7d0,124,14,4,0,0,0,1,1,1,1789635080
2026-09-17T08:52:31+00:00,2026-09-17T08:53:11.354565+00:00,f834a3a0-0de8-11e7-991c-3863bb43a7d0,87,13,6,0,2,0,1,1,1,1789635081
2026-09-17T08:52:31+00:00,2026-09-17T08:53:11.354565+00:00,a75d3da1-ce74-447f-8e80-52506a81aff3,a75d3da1-ce74-447f-8e80-52506a81aff3,3,1,0,8,0,1,1,1,1789635078
2026-09-17T08:52:31+00:00,2026-09-17T08:53:11.354565+00:00,2123672938202825324,2123672938202825324,6,0,0,9,0,1,1,1,1789635078
2026-09-17T08:52:31+00:00,2026-09-17T08:53:11.354565+00:00,f8351490-0de8-11e7-991c-3863bb43a7d0,179,51,0,2,0,0,1,1,1,1789635082
2026-09-17T08:52:31+00:00,2026-09-17T08:53:11.354565+00:00,f8349e56-0de8-11e7-991c-3863bb43a7d0,81,1,0,0,18,0,1,1,1,1789635081
2026-09-17T08:52:31+00:00,2026-09-17T08:53:11.354565+00:00,2096125468116637776,2096125468116637776,10,0,0,5,0,1,1,1,1789635081
2026-09-17T08:52:31+00:00,2026-09-17T08:53:11.354565+00:00,f83529e2-0de8-11e7-991c-3863bb43a7d0,211,14,1,0,1,0,1,1,1,1789635039
2026-09-17T08:52:31+00:00,2026-09-17T08:53:11.354565+00:00,52485851-e554-49de-ab9f-f536806d2d34,52485851-e554-49de-ab9f-f536806d2d34,1,0,1,9,0,1,1,1,1789635040
2026-09-17T08:52:31+00:00,2026-09-17T08:53:11.354565+00:00,9340e113-e0b2-48ac-b58a-8b6f001b0a94,486,5,0,0,6,0,1,1,1,1789635046
2026-09-17T08:52:31+00:00,2026-09-17T08:53:11.354565+00:00,53548ba4-ad0a-4d92-8e57-fd5c9f3ad102,399,8,0,0,7,0,1,1,1,1789635058
2026-09-17T08:52:31+00:00,2026-09-17T08:53:11.354565+00:00,f8352378-0de8-11e7-991c-3863bb43a7d0,200,6,0,0,13,0,1,1,1,1789635059
2026-09-17T08:52:31+00:00,2026-09-17T08:53:11.354565+00:00,f8351dc2-0de8-11e7-991c-3863bb43a7d0,188,15,3,0,0,0,1,1,1,1789635057
2026-09-17T08:52:31+00:00,2026-09-17T08:53:11.354565+00:00,f83520d8-0de8-11e7-991c-3863bb43a7d0,195,3,1,0,20,0,1,1,1,1789635060
2026-09-17T08:52:31+00:00,2026-09-17T08:53:11.354565+00:00,2151136782588526782,2151136782588526782,6,0,0,5,0,1,1,1,1789635055
2026-09-17T08:52:31+00:00,2026-09-17T08:53:11.354565+00:00,f834caf2-0de8-11e7-991c-3863bb43a7d0,114,11,0,0,4,0,1,1,1,1789635054
2026-09-17T08:52:31+00:00,2026-09-17T08:53:11.354565+00:00,7feae3ce-ddf2-4a45-a123-1209c8a9182b,484,6,3,0,5,0,1,1,1,1789635083
2026-09-17T08:52:31+00:00,2026-09-17T08:53:11.354565+00:00,f8285d4f-5053-4e26-bb28-72016fe11353,405,2,0,0,17,0,1,1,1,1789635083
2026-09-17T08:52:31+00:00,2026-09-17T08:53:11.354565+00:00,f8346f6f-0de8-11e7-991c-3863bb43a7d0,19,15,1,0,0,0,1,1,1,1789635086
2026-09-17T08:52:31+00:00,2026-09-17T08:53:11.354565+00:00,bd3d4824-7203-4edc-a314-cea2b413e886,319,3,2,0,24,0,1,1,1,1789635084
2026-09-17T08:52:31+00:00,2026-09-17T08:53:11.354565+00:00,f834dc46-0de8-11e7-991c-3863bb43a7d0,122,10,1,0,5,0,1,1,1,1789635122
2026-09-17T08:52:31+00:00,2026-09-17T08:53:11.354565+00:00,74cb9bf6-bb53-4c70-88d2-67998b99628c,296,23,6,0,0,0,1,1,1,1789635117
2026-09-17T08:52:31+00:00,2026-09-17T08:53:11.354565+00:00,c5017e67-cada-4549-a52e-0f13dddd289d,424,14,4,0,5,0,1,1,1,1789635118
2026-09-17T08:52:31+00:00,2026-09-17T08:53:11.354565+00:00,f8352068-0de8-11e7-991c-3863bb43a7d0,194,12,2,1,6,0,1,1,1,1789635118
2026-09-17T08:52:31+00:00,2026-09-17T08:53:11.354565+00:00,f834f8ca-0de8-11e7-991c-3863bb43a7d0,137,14,6,2,3,0,1,1,1,1789635118
2026-09-17T08:52:31+00:00,2026-09-17T08:53:11.354565+00:00,12d463d2-ce50-43bd-81b1-6be4dbdbbc1b,430,11,0,0,8,0,1,1,1,1789635120
2026-09-17T08:52:31+00:00,2026-09-17T08:53:11.354565+00:00,a3bf0bfe-198b-4160-a2fb-cc7d10cfb4cf,a3bf0bfe-198b-4160-a2fb-cc7d10cfb4cf,18,3,1,0,0,1,1,1,1789635120
2026-09-17T08:52:31+00:00,2026-09-17T08:53:11.354565+00:00,d1c0b0c2-6e4c-424e-a946-a2a95a711633,422,6,0,1,8,0,1,1,1,1789635120
2026-09-17T08:52:31+00:00,2026-09-17T08:53:11.354565+00:00,2040842277416872172,2040842277416872172,12,0,0,4,0,1,1,1,1789635120
2026-09-17T08:52:31+00:00,2026-09-17T08:53:11.354565+00:00,1676a6f7-c417-48d2-92e8-5ce21995efc3,374,0,0,0,19,0,1,1,1,1789635120
2026-09-17T08:52:31+00:00,2026-09-17T08:53:11.354565+00:00,2212663228188806942,2212663228188806942,18,1,0,6,0,1,1,1,1789635119
2026-09-17T08:52:31+00:00,2026-09-17T08:53:11.354565+00:00,bd1755dc-f26c-420e-85b3-fd025d0b5445,554,0,0,0,15,0,1,1,1,1789635114
2026-09-17T08:52:31+00:00,2026-09-17T08:53:11.354565+00:00,f834fede-0de8-11e7-991c-3863bb43a7d0,144,2,0,0,17,0,1,1,1,1789635126
2026-09-17T08:52:31+00:00,2026-09-17T08:53:11.354565+00:00,f8350204-0de8-11e7-991c-3863bb43a7d0,151,0,0,0,19,0,1,1,1,1789635126
2026-09-17T08:52:31+00:00,2026-09-17T08:53:11.354565+00:00,f8351726-0de8-11e7-991c-3863bb43a7d0,185,0,0,0,14,0,1,1,1,1789635127
2026-09-17T08:52:31+00:00,2026-09-17T08:53:11.354565+00:00,1976642295079838524,1976642295079838524,7,1,0,4,0,1,1,1,1789635126
2026-09-17T08:52:31+00:00,2026-09-17T08:53:11.354565+00:00,9e9be067-c6bb-41de-9491-eda69d24d6de,371,14,8,0,5,0,1,1,1,1789635121
2026-09-17T08:52:31+00:00,2026-09-17T08:53:11.354565+00:00,c1789d39-705f-4c03-9c14-4d6a3a4f4400,561,0,0,0,19,0,1,1,1,1789635125
2026-09-17T08:52:31+00:00,2026-09-17T08:53:11.354565+00:00,2035660824473983142,2035660824473983142,5,0,2,12,0,1,1,1,1789635125
2026-09-17T08:52:31+00:00,2026-09-17T08:53:11.354565+00:00,9c8366d8-3b58-4894-b281-09e22f6fe5f7,464,6,3,0,5,0,1,1,1,1789635125
2026-09-17T08:52:31+00:00,2026-09-17T08:53:11.354565+00:00,f83483f3-0de8-11e7-991c-3863bb43a7d0,46,15,0,1,23,0,1,1,1,1789635124
2026-09-17T08:52:31+00:00,2026-09-17T08:53:11.354565+00:00,2129865213174084448,2129865213174084448,6,4,0,13,0,1,1,1,1789635130
2026-09-17T08:52:31+00:00,2026-09-17T08:53:11.354565+00:00,c23a4c0d-7e43-4042-80e2-7c894d07763b,559,7,2,0,4,0,1,1,1,1789635130
2026-09-17T08:52:31+00:00,2026-09-17T08:53:11.354565+00:00,2130224177726511580,2130224177726511580,5,1,0,10,0,1,1,1,1789635131
2026-09-17T08:52:31+00:00,2026-09-17T08:53:11.354565+00:00,1989983491501558234,1989983491501558234,2,2,0,9,0,1,1,1,1789635129
2026-09-17T08:52:31+00:00,2026-09-17T08:53:11.354565+00:00,2093488029445054742,2093488029445054742,1,0,1,26,0,1,1,1,1789635132
2026-09-17T08:52:31+00:00,2026-09-17T08:53:11.354565+00:00,f834ec42-0de8-11e7-991c-3863bb43a7d0,131,15,2,2,1,0,1,1,1,1789635131
2026-09-17T08:52:31+00:00,2026-09-17T08:53:11.354565+00:00,2104f242-2dde-4ec0-8197-4454b1021ac1,381,20,2,3,1,1,1,1,1,1789635130
2026-09-17T08:52:31+00:00,2026-09-17T08:53:11.354565+00:00,ca76adb6-4c84-4484-9ec3-b411b81ddbef,ca76adb6-4c84-4484-9ec3-b411b81ddbef,12,1,0,7,0,1,1,1,1789635134
2026-09-17T08:52:31+00:00,2026-09-17T08:53:11.354565+00:00,47c44bb1-d065-41f5-ad79-c18aee60af34,342,7,1,1,7,0,1,1,1,1789635133
2026-09-17T08:52:31+00:00,2026-09-17T08:53:11.354565+00:00,f834fc57-0de8-11e7-991c-3863bb43a7d0,140,15,4,0,2,0,1,1,1,1789635135
2026-09-17T08:52:31+00:00,2026-09-17T08:53:11.354565+00:00,eb8824c3-9c84-4fec-8d6f-d537c8ab3beb,349,3,1,0,14,0,1,1,1,1789635136
2026-09-17T08:52:31+00:00,2026-09-17T08:53:11.354565+00:00,2131760674371160748,2131760674371160748,5,0,0,15,0,1,1,1,1789635137
2026-09-17T08:52:31+00:00,2026-09-17T08:53:11.354565+00:00,eee3aab6-bd98-4d1f-8887-9c4e2adce482,eee3aab6-bd98-4d1f-8887-9c4e2adce482,9,2,1,1,0,1,1,1,1789635137
2026-09-17T08:52:31+00:00,2026-09-17T08:53:11.354565+00:00,f8349ed6-0de8-11e7-991c-3863bb43a7d0,82,16,5,0,9,0,1,1,1,1789635137
2026-09-17T08:52:31+00:00,2026-09-17T08:53:11.354565+00:00,93381e13-cd04-4e10-ac81-9f5926aa01d5,333,14,1,1,10,0,1,1,1,1789635137
2026-09-17T08:52:31+00:00,2026-09-17T08:53:11.354565+00:00,4c128753-6fde-4d4c-896e-a1adf89ada98,4c128753-6fde-4d4c-896e-a1adf89ada98,0,0,0,25,0,1,1,1,1789635138
2026-09-17T08:52:31+00:00,2026-09-17T08:53:11.354565+00:00,f835260c-0de8-11e7-991c-3863bb43a7d0,206,11,0,0,29,0,1,1,1,1789635138
2026-09-17T08:52:31+00:00,2026-09-17T08:53:11.354565+00:00,2076849845777355316,2076849845777355316,28,0,1,3,0,1,1,1,1789635139
2026-09-17T08:52:31+00:00,2026-09-17T08:53:11.354565+00:00,00802fe6-4268-4dc8-8f55-0dbbc1665ce6,515,16,1,1,2,0,1,1,1,1789635139
2026-09-17T08:52:31+00:00,2026-09-17T08:53:11.354565+00:00,13d4171b-6d93-490e-923f-f2a17d5c7613,13d4171b-6d93-490e-923f-f2a17d5c7613,4,0,0,7,0,1,1,1,1789635138
2026-09-17T08:52:31+00:00,2026-09-17T08:53:11.354565+00:00,1df03e33-c105-4e53-b013-d20056cd57f8,1df03e33-c105-4e53-b013-d20056cd57f8,0,0,0,0,0,0,0,0,86400
2026-09-17T08:52:31+00:00,2026-09-17T08:53:11.354565+00:00,2227858849424910006,2227858849424910006,7,4,0,1,0,1,1,1,1789634909
2026-09-17T08:52:31+00:00,2026-09-17T08:53:11.354565+00:00,2040842870122359032,2040842870122359032,0,0,1,19,0,1,1,1,1789635010
2026-09-17T08:52:31+00:00,2026-09-17T08:53:11.354565+00:00,f834662c-0de8-11e7-991c-3863bb43a7d0,5,10,0,0,5,0,1,1,1,1789635047
2026-09-17T08:52:31+00:00,2026-09-17T08:53:11.354565+00:00,7e1dae55-4d3d-4a41-b969-2aeca70e0e69,7e1dae55-4d3d-4a41-b969-2aeca70e0e69,3,0,0,8,0,1,1,1,1789635050
2026-09-17T08:52:31+00:00,2026-09-17T08:53:11.354565+00:00,81323081-749c-44cf-ac62-0e6c64305c32,461,4,4,1,6,0,1,1,1,1789635021
2026-09-17T08:52:31+00:00,2026-09-17T08:53:11.354565+00:00,48abed77-c9ba-4a39-8a5c-6a1e9bb8a9a5,48abed77-c9ba-4a39-8a5c-6a1e9bb8a9a5,12,6,1,3,0,1,1,1,1789635088
2026-09-17T08:52:31+00:00,2026-09-17T08:53:11.354565+00:00,f834a959-0de8-11e7-991c-3863bb43a7d0,94,11,3,0,0,0,1,1,1,1789635030
2026-09-17T08:52:31+00:00,2026-09-17T08:53:11.354565+00:00,51bb4381-dae4-4aeb-b213-0614b807be29,344,17,4,0,2,0,1,1,1,1789635044
2026-09-17T08:52:31+00:00,2026-09-17T08:53:11.354565+00:00,940638c5-7cd0-4a11-899e-86af3868d400,532,13,1,0,6,0,1,1,1,1789635046
2026-09-17T08:52:31+00:00,2026-09-17T08:53:11.354565+00:00,f8352ba8-0de8-11e7-991c-3863bb43a7d0,215,1,0,0,14,0,1,1,1,1789635061
2026-09-17T08:52:31+00:00,2026-09-17T08:53:11.354565+00:00,f8346803-0de8-11e7-991c-3863bb43a7d0,8,11,0,1,8,0,1,1,1,1789635059
2026-09-17T08:52:31+00:00,2026-09-17T08:53:11.354565+00:00,2088704000370565344,2088704000370565344,5,1,1,5,1,1,1,1,1789635059
2026-09-17T08:52:31+00:00,2026-09-17T08:53:11.354565+00:00,2141791438824588162,2141791438824588162,6,3,0,13,0,1,1,1,1789635059
2026-09-17T08:52:31+00:00,2026-09-17T08:53:11.354565+00:00,8b97606e-a849-4db8-ae9b-4009fe48d90b,556,13,0,0,5,0,1,1,1,1789635060
2026-09-17T08:52:31+00:00,2026-09-17T08:53:11.354565+00:00,f834b101-0de8-11e7-991c-3863bb43a7d0,97,7,0,0,12,0,1,1,1,1789635060
2026-09-17T08:52:31+00:00,2026-09-17T08:53:11.354565+00:00,270ad97d-035d-472a-9827-76d3187afc56,402,14,6,1,0,0,1,1,1,1789635060
2026-09-17T08:52:31+00:00,2026-09-17T08:53:11.354565+00:00,0208190e-851c-417d-8bc7-1b218db97fbf,0208190e-851c-417d-8bc7-1b218db97fbf,1,0,1,20,0,1,1,1,1789635070
2026-09-17T08:52:31+00:00,2026-09-17T08:53:11.354565+00:00,868ccc83-99e5-4faf-96eb-e1fae26b9741,481,12,1,0,7,0,1,1,1,1789635098
2026-09-17T08:52:31+00:00,2026-09-17T08:53:11.354565+00:00,6aebc664-1e3c-479f-8f65-2bae99215ed3,6aebc664-1e3c-479f-8f65-2bae99215ed3,4,2,0,7,0,1,1,1,1789635098
2026-09-17T08:52:31+00:00,2026-09-17T08:53:11.354565+00:00,f8347c41-0de8-11e7-991c-3863bb43a7d0,32,6,0,0,8,0,1,1,1,1789635098
2026-09-17T08:52:31+00:00,2026-09-17T08:53:11.354565+00:00,f83492b4-0de8-11e7-991c-3863bb43a7d0,66,15,5,0,0,0,1,1,1,1789635098
2026-09-17T08:52:31+00:00,2026-09-17T08:53:11.354565+00:00,2249415127458891992,2249415127458891992,5,1,0,10,0,1,1,1,1789635099
2026-09-17T08:52:31+00:00,2026-09-17T08:53:11.354565+00:00,d22265a8-a6d7-4922-a6b5-4be738a9e5c4,392,14,12,0,1,0,1,1,1,1789635093
2026-09-17T08:52:31+00:00,2026-09-17T08:53:11.354565+00:00,2087949096844032050,2087949096844032050,15,0,0,0,0,1,1,1,1789635095
2026-09-17T08:52:31+00:00,2026-09-17T08:53:11.354565+00:00,b6a8522d-296d-4c05-887d-842374520780,545,11,10,0,3,0,1,1,1,1789635097
2026-09-17T08:52:31+00:00,2026-09-17T08:53:11.354565+00:00,9bfa4a32-5598-46ea-a1a1-17b4c6ed9d84,431,4,1,0,11,0,1,1,1,1789635096
2026-09-17T08:52:31+00:00,2026-09-17T08:53:11.354565+00:00,b205d2bb-bb76-49ac-8d14-85eec5a874d3,343,6,1,0,9,0,1,1,1,1789635097
2026-09-17T08:52:31+00:00,2026-09-17T08:53:11.354565+00:00,2090158541932726550,2090158541932726550,7,0,0,8,0,1,1,1,1789635097
2026-09-17T08:52:31+00:00,2026-09-17T08:53:11.354565+00:00,888780ee-bf2f-474e-9622-6bc725aa1b00,888780ee-bf2f-474e-9622-6bc725aa1b00,3,1,0,8,0,1,1,1,1789635098
2026-09-17T08:52:31+00:00,2026-09-17T08:53:11.354565+00:00,f834b8b3-0de8-11e7-991c-3863bb43a7d0,105,16,3,0,3,0,1,1,1,1789635024
2026-09-17T08:52:31+00:00,2026-09-17T08:53:11.354565+00:00,ccf82572-a142-4378-9a4b-5a51fcb4ef81,350,5,2,0,12,0,1,1,1,1789635025
2026-09-17T08:52:31+00:00,2026-09-17T08:53:11.354565+00:00,aa964f5b-fadf-4fc1-8c91-84ee36e15f0d,341,12,1,0,1,1,1,1,1,1789635023
2026-09-17T08:52:31+00:00,2026-09-17T08:53:11.354565+00:00,f8348622-0de8-11e7-991c-3863bb43a7d0,50,2,0,1,16,0,1,1,1,1789635023
2026-09-17T08:52:31+00:00,2026-09-17T08:53:11.354565+00:00,1986302395589722758,1986302395589722758,6,3,0,4,0,1,1,1,1789635022
2026-09-17T08:52:31+00:00,2026-09-17T08:53:11.354565+00:00,f8350cc1-0de8-11e7-991c-3863bb43a7d0,162,10,4,0,5,0,1,1,1,1789635023
2026-09-17T08:52:31+00:00,2026-09-17T08:53:11.354565+00:00,f834c7a9-0de8-11e7-991c-3863bb43a7d0,112,11,3,0,4,0,1,1,1,1789635035
2026-09-17T08:52:31+00:00,2026-09-17T08:53:11.354565+00:00,d7507124-4cab-4063-8445-a59a33a3d6e4,512,16,9,0,3,0,1,1,1,1789635037
2026-09-17T08:52:31+00:00,2026-09-17T08:53:11.354565+00:00,f8346d23-0de8-11e7-991c-3863bb43a7d0,15,11,2,1,3,0,1,1,1,1789635071
2026-09-17T08:52:31+00:00,2026-09-17T08:53:11.354565+00:00,1994054629753598708,1994054629753598708,14,0,0,0,0,1,1,1,1789635071
2026-09-17T08:52:31+00:00,2026-09-17T08:53:11.354565+00:00,f83513a7-0de8-11e7-991c-3863bb43a7d0,177,0,0,0,19,0,1,1,1,1789635072
2026-09-17T08:52:31+00:00,2026-09-17T08:53:11.354565+00:00,380de8b2-2728-4e4b-83f1-251bfbb5acf2,487,14,6,0,5,0,1,1,1,1789635076
2026-09-17T08:52:31+00:00,2026-09-17T08:53:11.354565+00:00,f8350b76-0de8-11e7-991c-3863bb43a7d0,159,11,5,1,8,0,1,1,1,1789635071
2026-09-17T08:52:31+00:00,2026-09-17T08:53:11.354565+00:00,cf5f920f-b61d-4db0-b139-14aff04d577c,459,21,0,1,1,0,1,1,1,1789635077
2026-09-17T08:52:31+00:00,2026-09-17T08:53:11.354565+00:00,d8ce5f8b-2440-45e1-ab1c-23cb3bcbde84,527,4,0,0,9,0,1,1,1,1789635080
2026-09-17T08:52:31+00:00,2026-09-17T08:53:11.354565+00:00,f8352219-0de8-11e7-991c-3863bb43a7d0,197,10,6,2,3,0,1,1,1,1789635086
2026-09-17T08:52:31+00:00,2026-09-17T08:53:11.354565+00:00,2014865445230483952,2014865445230483952,15,4,1,0,0,1,1,1,1789635086
2026-09-17T08:52:31+00:00,2026-09-17T08:53:11.354565+00:00,36f36eed-1070-49be-8b31-5676b8b3489f,227,0,0,0,19,0,1,1,1,1789635111
2026-09-17T08:52:31+00:00,2026-09-17T08:53:11.354565+00:00,1cced911-b428-4cfd-81be-3a8f77ce7379,233,12,3,0,2,1,1,1,1,1789635111
2026-09-17T08:52:31+00:00,2026-09-17T08:53:11.354565+00:00,903b9b5d-4244-43e4-8441-0d17f9a994f7,528,9,2,0,2,0,1,1,1,1789635111
2026-09-17T08:52:31+00:00,2026-09-17T08:53:11.354565+00:00,295553ea-851b-4ac2-a094-f9d1208e399a,412,9,0,0,10,0,1,1,1,1789635112
2026-09-17T08:52:31+00:00,2026-09-17T08:53:11.354565+00:00,b34694c2-c640-4f70-b196-1c357ab798e0,b34694c2-c640-4f70-b196-1c357ab798e0,6,0,0,9,0,1,1,1,1789635107
2026-09-17T08:52:31+00:00,2026-09-17T08:53:11.354565+00:00,2110984374959099994,2110984374959099994,20,2,0,0,0,1,1,1,1789635097
2026-09-17T08:52:31+00:00,2026-09-17T08:53:11.354565+00:00,f8352534-0de8-11e7-991c-3863bb43a7d0,204,13,5,0,2,0,1,1,1,1789635110
2026-09-17T08:52:31+00:00,2026-09-17T08:53:11.354565+00:00,7560f0e3-267b-4fb3-bbfa-6e02010cfcb7,225,19,2,0,0,0,1,1,1,1789635111
2026-09-17T08:52:31+00:00,2026-09-17T08:53:11.354565+00:00,f83482d2-0de8-11e7-991c-3863bb43a7d0,44,0,0,0,31,0,1,1,1,1789635108
2026-09-17T08:52:31+00:00,2026-09-17T08:53:11.354565+00:00,f83511d4-0de8-11e7-991c-3863bb43a7d0,173,5,1,0,9,0,1,1,1,1789635112
2026-09-17T08:52:31+00:00,2026-09-17T08:53:11.354565+00:00,f834f6a3-0de8-11e7-991c-3863bb43a7d0,135,1,0,0,16,0,1,1,1,1789635112
2026-09-17T08:52:31+00:00,2026-09-17T08:53:11.354565+00:00,f2b83aa2-86cd-4904-a099-74bf2023f768,330,13,3,0,1,0,1,1,1,1789635112
2026-09-17T08:52:31+00:00,2026-09-17T08:53:11.354565+00:00,1991922092203192944,1991922092203192944,0,0,0,19,0,1,1,1,1789635107
2026-09-17T08:52:31+00:00,2026-09-17T08:53:11.354565+00:00,f83517fa-0de8-11e7-991c-3863bb43a7d0,187,7,3,0,8,0,1,1,1,1789635101
2026-09-17T08:52:31+00:00,2026-09-17T08:53:11.354565+00:00,ef6ef93b-488f-496b-afbf-3aedfd967129,517,3,1,2,10,0,1,1,1,1789635101
2026-09-17T08:52:31+00:00,2026-09-17T08:53:11.354565+00:00,d5349097-b478-4b3f-9c46-d8fbcf38e3f4,509,9,3,0,3,0,1,1,1,1789635104
2026-09-17T08:52:31+00:00,2026-09-17T08:53:11.354565+00:00,f83488be-0de8-11e7-991c-3863bb43a7d0,56,5,0,1,12,0,1,1,1,1789635105
2026-09-17T08:52:31+00:00,2026-09-17T08:53:11.354565+00:00,25a9114f-66f0-427c-920f-5526ca84f056,346,0,0,4,10,1,1,0,0,1789609909
2026-09-17T08:52:31+00:00,2026-09-17T08:53:11.354565+00:00,1a661bb7-7d14-49e9-ac3d-22bafec8a2f0,507,2,1,1,8,0,1,1,1,1789635100
2026-09-17T08:52:31+00:00,2026-09-17T08:53:11.354565+00:00,2259733531216984776,2259733531216984776,5,0,0,10,0,1,1,1,1789635100
2026-09-17T08:52:31+00:00,2026-09-17T08:53:11.354565+00:00,f834a8a0-0de8-11e7-991c-3863bb43a7d0,93,7,1,0,23,0,1,1,1,1789635100
2026-09-17T08:52:31+00:00,2026-09-17T08:53:11.354565+00:00,e4678b17-face-42c3-9b5f-98418d31e3b6,e4678b17-face-42c3-9b5f-98418d31e3b6,9,2,0,2,0,1,1,1,1789635103
2026-09-17T08:52:31+00:00,2026-09-17T08:53:11.354565+00:00,1965873511294959658,1965873511294959658,9,1,0,14,0,1,1,1,1789635103
2026-09-17T08:52:31+00:00,2026-09-17T08:53:11.354565+00:00,2119105928286481344,2119105928286481344,9,8,0,10,0,1,1,1,1789635106
2026-09-17T08:52:31+00:00,2026-09-17T08:53:11.354565+00:00,f835288a-0de8-11e7-991c-3863bb43a7d0,208,11,1,0,4,0,1,1,1,1789635103
2026-09-17T08:52:31+00:00,2026-09-17T08:53:11.354565+00:00,f8352b39-0de8-11e7-991c-3863bb43a7d0,214,5,1,1,9,0,1,1,1,1789635126
2026-09-17T08:52:31+00:00,2026-09-17T08:53:11.354565+00:00,2043911250700610106,2043911250700610106,0,0,0,15,0,1,1,1,1789635126
2026-09-17T08:52:31+00:00,2026-09-17T08:53:11.354565+00:00,7f68a70d-af0e-450a-b7a8-ce621cd0c8c1,280,18,3,0,1,0,1,1,1,1789635127
2026-09-17T08:52:31+00:00,2026-09-17T08:53:11.354565+00:00,f834cfd8-0de8-11e7-991c-3863bb43a7d0,117,0,0,1,16,0,1,1,1,1789635128
2026-09-17T08:52:31+00:00,2026-09-17T08:53:11.354565+00:00,f9524971-e9f9-4572-aebc-580e48de042f,f9524971-e9f9-4572-aebc-580e48de042f,17,1,0,2,0,1,1,1,1789635125
2026-09-17T08:52:31+00:00,2026-09-17T08:53:11.354565+00:00,f8349b20-0de8-11e7-991c-3863bb43a7d0,76,8,0,1,9,0,1,1,1,1789635125
2026-09-17T08:52:31+00:00,2026-09-17T08:53:11.354565+00:00,f834708e-0de8-11e7-991c-3863bb43a7d0,21,2,0,0,16,0,1,1,1,1789635125
2026-09-17T08:52:31+00:00,2026-09-17T08:53:11.354565+00:00,9721c80e-fc8f-474f-8918-b68c041d2836,9721c80e-fc8f-474f-8918-b68c041d2836,4,0,0,19,0,1,1,1,1789635126
2026-09-17T08:52:31+00:00,2026-09-17T08:53:11.354565+00:00,ea65c25f-0718-4f79-8588-c58b9fe3a105,226,6,1,0,9,0,1,1,1,1789635129
2026-09-17T08:52:31+00:00,2026-09-17T08:53:11.354565+00:00,f8349440-0de8-11e7-991c-3863bb43a7d0,68,5,0,1,13,0,1,1,1,1789635128
2026-09-17T08:52:31+00:00,2026-09-17T08:53:11.354565+00:00,f83497b9-0de8-11e7-991c-3863bb43a7d0,74,1,0,2,15,0,1,1,1,1789635128
2026-09-17T08:52:31+00:00,2026-09-17T08:53:11.354565+00:00,8a404180-7c2e-4dbe-9489-c478ed959282,8a404180-7c2e-4dbe-9489-c478ed959282,0,0,0,19,0,1,1,1,1789635129
2026-09-17T08:52:31+00:00,2026-09-17T08:53:11.354565+00:00,f834abfd-0de8-11e7-991c-3863bb43a7d0,96,2,0,0,17,0,1,1,1,1789635116
2026-09-17T08:52:31+00:00,2026-09-17T08:53:11.354565+00:00,1994466222105870452,1994466222105870452,11,7,0,0,0,1,1,1,1789635117
2026-09-17T08:52:31+00:00,2026-09-17T08:53:11.354565+00:00,2085737662370069102,2085737662370069102,7,0,1,12,0,1,1,1,1789635116
2026-09-17T08:52:31+00:00,2026-09-17T08:53:11.354565+00:00,2246034666940677832,2246034666940677832,5,3,0,6,0,1,1,1,1789635114
2026-09-17T08:52:31+00:00,2026-09-17T08:53:11.354565+00:00,2027502297316997708,2027502297316997708,5,0,0,6,0,1,1,1,1789635115
2026-09-17T08:52:31+00:00,2026-09-17T08:53:11.354565+00:00,f834723b-0de8-11e7-991c-3863bb43a7d0,24,0,0,0,23,0,1,1,1,1789635113
2026-09-17T08:52:31+00:00,2026-09-17T08:53:11.354565+00:00,fe90d430-d33f-48b2-a5cd-bc161b220939,553,4,0,0,18,0,1,1,1,1789635113
2026-09-17T08:52:31+00:00,2026-09-17T08:53:11.354565+00:00,f8351f1d-0de8-11e7-991c-3863bb43a7d0,191,12,2,0,3,0,1,1,1,1789635115
2026-09-17T08:52:31+00:00,2026-09-17T08:53:11.354565+00:00,dede6d5f-7d62-496e-a8ca-d5a64afe39c1,544,15,2,0,0,0,1,1,1,1789635116
2026-09-17T08:52:31+00:00,2026-09-17T08:53:11.354565+00:00,2080205593583047424,2080205593583047424,3,0,1,12,0,1,1,1,1789635112
2026-09-17T08:52:31+00:00,2026-09-17T08:53:11.354565+00:00,2039109354743046934,2039109354743046934,18,1,1,0,1,1,1,1,1789635114
2026-09-17T08:52:31+00:00,2026-09-17T08:53:11.354565+00:00,c5cfd1ed-aa44-4e20-96bb-e334c96f0d68,376,15,7,0,0,0,1,1,1,1789635117
2026-09-17T08:52:31+00:00,2026-09-17T08:53:11.354565+00:00,90330e1a-dee5-4914-9d3f-3891aeca12ca,434,10,2,0,9,0,1,1,1,1789635123
2026-09-17T08:52:31+00:00,2026-09-17T08:53:11.354565+00:00,f8350ecf-0de8-11e7-991c-3863bb43a7d0,167,12,4,0,3,0,1,1,1,1789635123
2026-09-17T08:52:31+00:00,2026-09-17T08:53:11.354565+00:00,8983c75a-12c1-4995-aedc-24c94bd895e3,384,1,0,0,18,0,1,1,1,1789635123
2026-09-17T08:52:31+00:00,2026-09-17T08:53:11.354565+00:00,f8347f09-0de8-11e7-991c-3863bb43a7d0,37,12,4,0,3,0,1,1,1,1789635121
2026-09-17T08:52:31+00:00,2026-09-17T08:53:11.354565+00:00,f83491d4-0de8-11e7-991c-3863bb43a7d0,64,0,0,0,23,0,1,1,1,1789635122
2026-09-17T08:52:31+00:00,2026-09-17T08:53:11.354565+00:00,8d893519-bc21-4536-b346-f558988bc8ad,260,13,5,0,2,0,1,1,1,1789635122
2026-09-17T08:52:31+00:00,2026-09-17T08:53:11.354565+00:00,57716f8d-c9ee-4768-8872-71343ec3ffd8,514,0,0,11,8,0,1,0,0,1789609590
2026-09-17T08:52:31+00:00,2026-09-17T08:53:11.354565+00:00,f8347e78-0de8-11e7-991c-3863bb43a7d0,36,0,0,0,31,0,1,1,1,1789635118
2026-09-17T08:52:31+00:00,2026-09-17T08:53:11.354565+00:00,fbc512a5-4b98-4821-bcfb-bb0c7ac83543,365,3,0,0,16,0,1,1,1,1789635116
2026-09-17T08:52:31+00:00,2026-09-17T08:53:11.354565+00:00,61168d8b-20b7-46c8-8f08-6ae1f100c4e0,550,3,1,0,14,0,1,1,1,1789635119
2026-09-17T08:52:31+00:00,2026-09-17T08:53:11.354565+00:00,a6e0db4f-fc9b-42af-bfe0-36cc0259b717,446,0,0,1,15,0,1,1,1,1789635119
2026-09-17T08:52:31+00:00,2026-09-17T08:53:11.354565+00:00,23146f28-9762-4a6d-a6db-fcd4ff0e5d07,356,9,1,0,14,0,1,1,1,1789635119
2026-09-17T08:52:31+00:00,2026-09-17T08:53:11.354565+00:00,1963613484180639992,1963613484180639992,7,0,0,12,0,1,1,1,1789635119
2026-09-17T08:52:31+00:00,2026-09-17T08:53:11.354565+00:00,56817d8e-3a1c-431a-a529-1a600f80c364,366,13,6,0,14,0,1,1,1,1789635131
2026-09-17T08:52:31+00:00,2026-09-17T08:53:11.354565+00:00,99675a11-a92c-465c-bf5a-434b08ba5fc6,400,19,0,0,33,0,1,1,1,1789635131
2026-09-17T08:52:31+00:00,2026-09-17T08:53:11.354565+00:00,ad2cf74c-0e8c-4e15-8f19-2259e8c82f0f,404,2,0,0,14,0,1,1,1,1789635132
2026-09-17T08:52:31+00:00,2026-09-17T08:53:11.354565+00:00,5b1d2661-8a93-4f14-b242-ebc52792f951,337,15,9,0,0,0,1,1,1,1789635133
2026-09-17T08:52:31+00:00,2026-09-17T08:53:11.354565+00:00,2145094035874873892,2145094035874873892,9,1,1,9,0,1,1,1,1789635133
2026-09-17T08:52:31+00:00,2026-09-17T08:53:11.354565+00:00,68e5e79a-3c94-4848-b619-9c0829d7f687,475,6,0,3,6,0,1,1,1,1789635130
2026-09-17T08:52:31+00:00,2026-09-17T08:53:11.354565+00:00,f8346ad7-0de8-11e7-991c-3863bb43a7d0,11,1,0,4,9,0,1,1,1,1789635133
2026-09-17T08:52:31+00:00,2026-09-17T08:53:11.354565+00:00,2085366936904166272,2085366936904166272,15,4,0,0,0,1,1,1,1789635135
2026-09-17T08:52:31+00:00,2026-09-17T08:53:11.354565+00:00,df03c61a-29d7-445d-9980-d7f058916591,345,4,0,0,15,0,1,1,1,1789635134
2026-09-17T08:52:31+00:00,2026-09-17T08:53:11.354565+00:00,f8347ccd-0de8-11e7-991c-3863bb43a7d0,33,5,0,0,22,0,1,1,1,1789635135
2026-09-17T08:52:31+00:00,2026-09-17T08:53:11.354565+00:00,2069389896750516900,2069389896750516900,0,0,2,18,0,1,1,1,1789635136
2026-09-17T08:52:31+00:00,2026-09-17T08:53:11.354565+00:00,ff938129-8179-455c-9ac9-9fcb9fc0b6d5,ff938129-8179-455c-9ac9-9fcb9fc0b6d5,14,1,0,5,0,1,1,1,1789635137
2026-09-17T08:52:31+00:00,2026-09-17T08:53:11.354565+00:00,f834e534-0de8-11e7-991c-3863bb43a7d0,128,16,10,1,2,0,1,1,1,1789635137
2026-09-17T08:52:31+00:00,2026-09-17T08:53:11.354565+00:00,2090635592862466836,2090635592862466836,1,0,2,28,1,1,1,1,1789635137
2026-09-17T08:52:31+00:00,2026-09-17T08:53:11.354565+00:00,2118728866631796788,2118728866631796788,7,4,0,8,0,1,1,1,1789635137
2026-09-17T08:52:31+00:00,2026-09-17T08:53:11.354565+00:00,f8346b6f-0de8-11e7-991c-3863bb43a7d0,12,2,0,0,25,0,1,1,1,1789635137
2026-09-17T08:52:31+00:00,2026-09-17T08:53:11.354565+00:00,1e1b40cd-8e00-4b74-b147-be6b23f5c9e7,385,1,0,0,14,0,1,1,1,1789635138
2026-09-17T08:52:31+00:00,2026-09-17T08:53:11.354565+00:00,baab0b05-a028-4147-8432-a2726c7e48ea,328,7,1,1,7,0,1,1,1,1789635139
2026-09-17T08:52:31+00:00,2026-09-17T08:53:11.354565+00:00,2071993292066931472,2071993292066931472,0,0,0,20,0,1,1,1,1789634999
2026-09-17T08:52:31+00:00,2026-09-17T08:53:11.354565+00:00,2217856523888952522,2217856523888952522,16,9,3,1,0,1,1,1,1789635020
2026-09-17T08:52:31+00:00,2026-09-17T08:53:11.354565+00:00,2327cb08-fa9f-459b-9ab0-1a319b0f2f4c,539,13,3,0,5,0,1,1,1,1789635017
2026-09-17T08:52:31+00:00,2026-09-17T08:53:11.354565+00:00,0f554e1d-9f0f-452d-9b4a-e00aa2c5911e,492,6,0,0,9,0,1,1,1,1789635019
2026-09-17T08:52:31+00:00,2026-09-17T08:53:11.354565+00:00,f8348995-0de8-11e7-991c-3863bb43a7d0,58,12,0,0,7,0,1,1,1,1789635024
2026-09-17T08:52:31+00:00,2026-09-17T08:53:11.354565+00:00,f834b42d-0de8-11e7-991c-3863bb43a7d0,100,10,0,0,15,0,1,1,1,1789635024
2026-09-17T08:52:31+00:00,2026-09-17T08:53:11.354565+00:00,f83524c0-0de8-11e7-991c-3863bb43a7d0,203,9,4,0,6,0,1,1,1,1789635024
2026-09-17T08:52:31+00:00,2026-09-17T08:53:11.354565+00:00,f24a573e-ef07-4785-9270-70c443510ea6,359,0,0,1,14,0,1,1,1,1789635023
2026-09-17T08:52:31+00:00,2026-09-17T08:53:11.354565+00:00,533620e8-00ff-494a-b288-bd67602bc98e,472,0,0,0,25,0,1,1,1,1789635026
2026-09-17T08:52:31+00:00,2026-09-17T08:53:11.354565+00:00,1975886280004030604,1975886280004030604,0,0,1,22,0,1,1,1,1789635027
2026-09-17T08:52:31+00:00,2026-09-17T08:53:11.354565+00:00,2111712079786088918,2111712079786088918,11,2,0,4,0,1,1,1,1789635034
2026-09-17T08:52:31+00:00,2026-09-17T08:53:11.354565+00:00,7ec0c53c-876a-419c-a78b-4edd000bbc9a,445,9,0,0,10,0,1,1,1,1789635032
2026-09-17T08:52:31+00:00,2026-09-17T08:53:11.354565+00:00,f8348481-0de8-11e7-991c-3863bb43a7d0,47,14,0,0,4,1,1,1,1,1789635032
2026-09-17T08:52:31+00:00,2026-09-17T08:53:11.354565+00:00,f83464e4-0de8-11e7-991c-3863bb43a7d0,3,3,0,0,12,0,1,1,1,1789635035
2026-09-17T08:52:31+00:00,2026-09-17T08:53:11.354565+00:00,f8348509-0de8-11e7-991c-3863bb43a7d0,48,0,0,0,19,0,1,1,1,1789635035
2026-09-17T08:52:31+00:00,2026-09-17T08:53:11.354565+00:00,f834f814-0de8-11e7-991c-3863bb43a7d0,136,0,0,0,19,0,1,1,1,1789635037
2026-09-17T08:52:31+00:00,2026-09-17T08:53:11.354565+00:00,5bc7cba9-f0b0-442d-932c-e8c7927d87ce,386,18,0,1,0,0,1,1,1,1789635039
2026-09-17T08:52:31+00:00,2026-09-17T08:53:11.354565+00:00,ce55d1b1-4267-40a9-ad44-5eab888ce18a,ce55d1b1-4267-40a9-ad44-5eab888ce18a,0,0,0,22,1,1,1,1,1789635052
2026-09-17T08:52:31+00:00,2026-09-17T08:53:11.354565+00:00,53a148ca-ac69-4a9c-a986-9a4b4df2f5df,387,14,7,1,0,0,1,1,1,1789635050
2026-09-17T08:52:31+00:00,2026-09-17T08:53:11.354565+00:00,ddcc8869-b8d4-483c-b9da-457fcebc8dc1,417,15,0,0,4,0,1,1,1,1789635054
2026-09-17T08:52:31+00:00,2026-09-17T08:53:11.354565+00:00,2136942888571742916,2136942888571742916,3,1,0,12,0,1,1,1,1789635050
2026-09-17T08:52:31+00:00,2026-09-17T08:53:11.354565+00:00,e68655be-23d3-46e5-a509-25be677e7542,482,8,4,0,3,0,1,1,1,1789635050
2026-09-17T08:52:31+00:00,2026-09-17T08:53:11.354565+00:00,f834b49d-0de8-11e7-991c-3863bb43a7d0,101,9,2,0,9,0,1,1,1,1789635056
2026-09-17T08:52:31+00:00,2026-09-17T08:53:11.354565+00:00,42a3ecca-af9a-4556-90ba-7631546f96f8,42a3ecca-af9a-4556-90ba-7631546f96f8,6,1,0,4,0,1,1,1,1789635057
2026-09-17T08:52:31+00:00,2026-09-17T08:53:11.354565+00:00,9ca92778-9101-48df-90ea-08b784e26a1a,413,0,0,14,5,0,1,0,0,1789595366
2026-09-17T08:52:31+00:00,2026-09-17T08:53:11.354565+00:00,13444449-b3a8-43d2-b8b9-a59fbc59a174,397,4,2,0,11,0,1,1,1,1789635060
2026-09-17T08:52:31+00:00,2026-09-17T08:53:11.354565+00:00,518f6524-0e7f-454d-974e-e3ff9db1f795,494,10,4,0,1,0,1,1,1,1789635061
2026-09-17T08:52:31+00:00,2026-09-17T08:53:11.354565+00:00,ccd6fdd4-b39e-46d7-b43c-7bacffb6bd87,523,4,0,0,12,0,1,1,1,1789635056
2026-09-17T08:52:31+00:00,2026-09-17T08:53:11.354565+00:00,f834952a-0de8-11e7-991c-3863bb43a7d0,70,1,0,2,20,0,1,1,1,1789635063
2026-09-17T08:52:31+00:00,2026-09-17T08:53:11.354565+00:00,5afe91c4-8076-4f9f-b83b-cf233bda2331,460,1,0,0,14,0,1,1,1,1789635065
2026-09-17T08:52:31+00:00,2026-09-17T08:53:11.354565+00:00,c1ae49bd-2a20-4684-886b-ead8dd627cfd,c1ae49bd-2a20-4684-886b-ead8dd627cfd,5,0,0,11,0,1,1,1,1789635065
2026-09-17T08:52:31+00:00,2026-09-17T08:53:11.354565+00:00,f834e244-0de8-11e7-991c-3863bb43a7d0,126,7,3,1,7,0,1,1,1,1789635071
2026-09-17T08:52:31+00:00,2026-09-17T08:53:11.354565+00:00,1944724820826878816,1944724820826878816,14,3,0,3,0,1,1,1,1789635068
2026-09-17T08:52:31+00:00,2026-09-17T08:53:11.354565+00:00,f8346768-0de8-11e7-991c-3863bb43a7d0,7,0,0,0,15,0,1,1,1,1789635070
2026-09-17T08:52:31+00:00,2026-09-17T08:53:11.354565+00:00,f83523e3-0de8-11e7-991c-3863bb43a7d0,201,6,2,1,8,0,1,1,1,1789635085
2026-09-17T08:52:31+00:00,2026-09-17T08:53:11.354565+00:00,70f20fcb-8e63-4015-9007-b97c525ab0a9,335,11,3,1,7,0,1,1,1,1789635085
2026-09-17T08:52:31+00:00,2026-09-17T08:53:11.354565+00:00,ba634139-d7bf-448f-aac4-25995d36b67b,373,6,4,0,9,0,1,1,1,1789635089
2026-09-17T08:52:31+00:00,2026-09-17T08:53:11.354565+00:00,510239fe-69c3-458b-b53c-6ce001845f4a,354,13,9,0,2,0,1,1,1,1789635086
2026-09-17T08:52:31+00:00,2026-09-17T08:53:11.354565+00:00,f35de2ab-979e-42d5-8cbd-dc479ed637e9,503,2,0,2,7,1,1,1,1,1789635086
2026-09-17T08:52:31+00:00,2026-09-17T08:53:11.354565+00:00,1960693490199507164,1960693490199507164,13,4,0,6,0,1,1,1,1789635090
2026-09-17T08:52:31+00:00,2026-09-17T08:53:11.354565+00:00,40e58976-02cc-4c7c-911f-7a6c97588bfa,520,9,2,2,10,0,1,1,1,1789635090
2026-09-17T08:52:31+00:00,2026-09-17T08:53:11.354565+00:00,f834e1b2-0de8-11e7-991c-3863bb43a7d0,125,18,14,0,1,0,1,1,1,1789635091
2026-09-17T08:52:31+00:00,2026-09-17T08:53:11.354565+00:00,83183df0-38c2-4ae8-a0c4-4b59599c9582,222,6,2,0,8,0,1,1,1,1789635091
2026-09-17T08:52:31+00:00,2026-09-17T08:53:11.354565+00:00,93911aa1-b5e4-48aa-a2b6-38fbcf613006,93911aa1-b5e4-48aa-a2b6-38fbcf613006,17,3,0,1,0,1,1,1,1789635076
2026-09-17T08:52:31+00:00,2026-09-17T08:53:11.354565+00:00,ff6ed364-8676-45a0-b97f-71025683849e,442,12,4,0,3,0,1,1,1,1789635073
2026-09-17T08:52:31+00:00,2026-09-17T08:53:11.354565+00:00,2107991976288962746,2107991976288962746,4,0,0,16,0,1,1,1,1789635076
2026-09-17T08:52:31+00:00,2026-09-17T08:53:11.354565+00:00,f36e24cd-de4c-4a5e-adf4-cb97ccd2958d,505,6,4,0,5,0,1,1,1,1789635076
2026-09-17T08:52:31+00:00,2026-09-17T08:53:11.354565+00:00,ef54374b-0406-4b17-b0a1-847f1d7bea06,410,14,2,0,1,0,1,1,1,1789635095
2026-09-17T08:52:31+00:00,2026-09-17T08:53:11.354565+00:00,f8349745-0de8-11e7-991c-3863bb43a7d0,73,1,1,1,13,0,1,1,1,1789635095
2026-09-17T08:52:31+00:00,2026-09-17T08:53:11.354565+00:00,f834b5d9-0de8-11e7-991c-3863bb43a7d0,103,4,0,0,11,0,1,1,1,1789635094
2026-09-17T08:52:31+00:00,2026-09-17T08:53:11.354565+00:00,f8349c69-0de8-11e7-991c-3863bb43a7d0,78,19,2,0,0,0,1,1,1,1789635096
2026-09-17T08:52:31+00:00,2026-09-17T08:53:11.354565+00:00,350e73e3-6f70-4b2d-87ab-24c8629e9a6a,350e73e3-6f70-4b2d-87ab-24c8629e9a6a,13,0,0,5,1,1,1,1,1789635109
2026-09-17T08:52:31+00:00,2026-09-17T08:53:11.354565+00:00,f83486ab-0de8-11e7-991c-3863bb43a7d0,51,6,3,0,9,0,1,1,1,1789635111
2026-09-17T08:52:31+00:00,2026-09-17T08:53:11.354565+00:00,b23674a7-15a8-46d2-8219-6668acecf24a,548,12,0,0,6,0,1,1,1,1789635110
2026-09-17T08:52:31+00:00,2026-09-17T08:53:11.354565+00:00,2113200093114979090,2113200093114979090,4,1,0,11,1,1,1,1,1789635111
2026-09-17T08:52:31+00:00,2026-09-17T08:53:11.354565+00:00,f83494b4-0de8-11e7-991c-3863bb43a7d0,69,15,1,1,3,0,1,1,1,1789635114
2026-09-17T08:52:31+00:00,2026-09-17T08:53:11.354565+00:00,f8352c92-0de8-11e7-991c-3863bb43a7d0,217,12,2,0,6,0,1,1,1,1789635114
2026-09-17T08:52:31+00:00,2026-09-17T08:53:11.354565+00:00,13918b3b-9ac5-4968-a74d-e40dd3bc952e,479,1,0,0,18,0,1,1,1,1789635115
2026-09-17T08:52:31+00:00,2026-09-17T08:53:11.354565+00:00,a18e1e55-507e-49d8-b7c0-5c0efd959125,358,19,4,0,0,0,1,1,1,1789635115
2026-09-17T08:52:31+00:00,2026-09-17T08:53:11.354565+00:00,287aedf5-0361-47e9-9de0-14ae3b75cc0d,287aedf5-0361-47e9-9de0-14ae3b75cc0d,10,0,1,11,0,1,1,1,1789635114
2026-09-17T08:52:31+00:00,2026-09-17T08:53:11.354565+00:00,2241260819676115550,2241260819676115550,0,0,0,24,0,1,1,1,1789635112
2026-09-17T08:52:31+00:00,2026-09-17T08:53:11.354565+00:00,f8351019-0de8-11e7-991c-3863bb43a7d0,169,17,4,0,2,0,1,1,1,1789635074
2026-09-17T08:52:31+00:00,2026-09-17T08:53:11.354565+00:00,f6df6c1a-064f-428a-951c-2069a081b9df,380,0,0,0,18,0,1,1,1,1789635080
2026-09-17T08:52:31+00:00,2026-09-17T08:53:11.354565+00:00,d7ec834e-9d9a-402c-9956-7d5f42676b94,d7ec834e-9d9a-402c-9956-7d5f42676b94,13,3,1,1,0,1,1,1,1789635084
2026-09-17T08:52:31+00:00,2026-09-17T08:53:11.354565+00:00,02a4416f-80b4-4472-accd-5db482ed5b6d,367,14,1,0,5,0,1,1,1,1789635100
2026-09-17T08:52:31+00:00,2026-09-17T08:53:11.354565+00:00,f8349ba9-0de8-11e7-991c-3863bb43a7d0,77,5,4,0,13,0,1,1,1,1789635101
2026-09-17T08:52:31+00:00,2026-09-17T08:53:11.354565+00:00,bb27977d-36c1-496d-8bac-631b612dd7b8,332,10,3,1,4,0,1,1,1,1789635097
2026-09-17T08:52:31+00:00,2026-09-17T08:53:11.354565+00:00,2223043968513191970,2223043968513191970,1,0,0,15,0,1,1,1,1789635102
2026-09-17T08:52:31+00:00,2026-09-17T08:53:11.354565+00:00,f8351336-0de8-11e7-991c-3863bb43a7d0,176,11,0,0,4,0,1,1,1,1789635102
2026-09-17T08:52:31+00:00,2026-09-17T08:53:11.354565+00:00,f834fd36-0de8-11e7-991c-3863bb43a7d0,142,4,0,2,17,0,1,1,1,1789635108
2026-09-17T08:52:31+00:00,2026-09-17T08:53:11.354565+00:00,2043912031919765854,2043912031919765854,10,0,0,10,0,1,1,1,1789635107
2026-09-17T08:52:31+00:00,2026-09-17T08:53:11.354565+00:00,2103549125054737064,2103549125054737064,11,1,0,5,0,1,1,1,1789635107
2026-09-17T08:52:31+00:00,2026-09-17T08:53:11.354565+00:00,2fd22786-dfeb-4126-a906-4f01802087f3,454,0,0,0,19,0,1,1,1,1789635108
2026-09-17T08:52:31+00:00,2026-09-17T08:53:11.354565+00:00,20b0b405-54ba-4a80-b89c-0819772665db,440,6,3,1,8,0,1,1,1,1789635096
2026-09-17T08:52:31+00:00,2026-09-17T08:53:11.354565+00:00,36a8fbc8-6069-4a29-bbfd-63a2d019c9a5,415,0,0,1,17,0,1,1,1,1789635103
2026-09-17T08:52:31+00:00,2026-09-17T08:53:11.354565+00:00,2078337213380274244,2078337213380274244,5,0,0,6,0,1,1,1,1789635103
2026-09-17T08:52:31+00:00,2026-09-17T08:53:11.354565+00:00,2071632496372113488,2071632496372113488,17,6,1,2,0,1,1,1,1789635105
2026-09-17T08:52:31+00:00,2026-09-17T08:53:11.354565+00:00,2057166010169469732,2057166010169469732,0,0,0,15,0,1,1,1,1789635105
2026-09-17T08:52:31+00:00,2026-09-17T08:53:11.354565+00:00,0adccd89-1d8d-44da-9f7c-5f18acafeddf,338,2,2,0,13,0,1,1,1,1789635107
2026-09-17T08:52:31+00:00,2026-09-17T08:53:11.354565+00:00,103a9881-e30a-4d57-b81d-863b995ff759,255,3,2,0,12,0,1,1,1,1789635119
2026-09-17T08:52:31+00:00,2026-09-17T08:53:11.354565+00:00,5018e851-f2f3-4e18-9914-c316bbcc2c3d,331,3,0,1,11,0,1,1,1,1789635120
2026-09-17T08:52:31+00:00,2026-09-17T08:53:11.354565+00:00,f8346894-0de8-11e7-991c-3863bb43a7d0,9,5,0,0,10,0,1,1,1,1789635120
2026-09-17T08:52:31+00:00,2026-09-17T08:53:11.354565+00:00,5f726a7d-5c5d-48b1-9b13-06c77572a237,516,4,1,0,7,0,1,1,1,1789635118
2026-09-17T08:52:31+00:00,2026-09-17T08:53:11.354565+00:00,9f54207a-3308-43bd-b45c-9042b6389598,423,9,1,0,10,0,1,1,1,1789635116
2026-09-17T08:52:31+00:00,2026-09-17T08:53:11.354565+00:00,2038619205667946906,2038619205667946906,12,4,0,8,0,1,1,1,1789635116
2026-09-17T08:52:31+00:00,2026-09-17T08:53:11.354565+00:00,b995a0b4-fc26-4661-9bc8-e166d648edfd,353,6,1,0,9,0,1,1,1,1789635116
2026-09-17T08:52:31+00:00,2026-09-17T08:53:11.354565+00:00,ec3eea05-a3ff-43c6-9e24-0c63f09b915f,378,9,0,0,10,0,1,1,1,1789635121
2026-09-17T08:52:31+00:00,2026-09-17T08:53:11.354565+00:00,2170342425741020744,2170342425741020744,16,1,0,1,0,1,1,1,1789635122
2026-09-17T08:52:31+00:00,2026-09-17T08:53:11.354565+00:00,2113555008851845550,2113555008851845550,8,2,0,12,0,1,1,1,1789635120
2026-09-17T08:52:31+00:00,2026-09-17T08:53:11.354565+00:00,676ca473-eed6-4971-aaf3-e199a7ca335b,433,15,3,0,4,0,1,1,1,1789635120
2026-09-17T08:52:31+00:00,2026-09-17T08:53:11.354565+00:00,dfdaf866-b814-48e5-9bd3-eb7c4a733697,dfdaf866-b814-48e5-9bd3-eb7c4a733697,10,0,0,7,0,1,1,1,1789635117
2026-09-17T08:52:31+00:00,2026-09-17T08:53:11.354565+00:00,2029805507281123700,2029805507281123700,19,4,0,0,0,1,1,1,1789635123
2026-09-17T08:52:31+00:00,2026-09-17T08:53:11.354565+00:00,2223045710883822544,2223045710883822544,13,2,0,2,0,1,1,1,1789635122
2026-09-17T08:52:31+00:00,2026-09-17T08:53:11.354565+00:00,2070180968009321294,2070180968009321294,1,0,2,16,2,1,1,1,1789635125
2026-09-17T08:52:31+00:00,2026-09-17T08:53:11.354565+00:00,2ba0c5dd-c990-4434-8a84-5c3eca23f096,447,16,8,1,2,0,1,1,1,1789635125
2026-09-17T08:52:31+00:00,2026-09-17T08:53:11.354565+00:00,9e710d48-51c1-460e-a027-3d16bde62b13,419,10,0,0,5,0,1,1,1,1789635123
2026-09-17T08:52:31+00:00,2026-09-17T08:53:11.354565+00:00,1997031579059661288,1997031579059661288,8,0,0,3,0,1,1,1,1789635127
2026-09-17T08:52:31+00:00,2026-09-17T08:53:11.354565+00:00,2038239468396569074,2038239468396569074,6,1,1,25,0,1,1,1,1789635126
2026-09-17T08:52:31+00:00,2026-09-17T08:53:11.354565+00:00,f83510fd-0de8-11e7-991c-3863bb43a7d0,171,18,8,0,4,0,1,1,1,1789635130
2026-09-17T08:52:31+00:00,2026-09-17T08:53:11.354565+00:00,f8347118-0de8-11e7-991c-3863bb43a7d0,22,2,0,1,32,0,1,1,1,1789635131
2026-09-17T08:52:31+00:00,2026-09-17T08:53:11.354565+00:00,2264176803898382980,2264176803898382980,3,0,0,8,0,1,1,1,1789635133
2026-09-17T08:52:31+00:00,2026-09-17T08:53:11.354565+00:00,342a2c60-71b0-4d19-98d6-47987cf20dbc,379,13,0,1,1,0,1,1,1,1789635127
2026-09-17T08:52:31+00:00,2026-09-17T08:53:11.354565+00:00,f834cf45-0de8-11e7-991c-3863bb43a7d0,116,19,2,2,3,0,1,1,1,1789635128
2026-09-17T08:52:31+00:00,2026-09-17T08:53:11.354565+00:00,f8348136-0de8-11e7-991c-3863bb43a7d0,41,22,0,0,5,0,1,1,1,1789635132
2026-09-17T08:52:31+00:00,2026-09-17T08:53:11.354565+00:00,f83516b8-0de8-11e7-991c-3863bb43a7d0,184,14,0,1,4,0,1,1,1,1789635134
2026-09-17T08:52:31+00:00,2026-09-17T08:53:11.354565+00:00,f8349824-0de8-11e7-991c-3863bb43a7d0,75,1,0,0,14,0,1,1,1,1789635131
2026-09-17T08:52:31+00:00,2026-09-17T08:53:11.354565+00:00,2141932795355773712,2141932795355773712,3,0,1,13,0,1,1,1,1789635135
2026-09-17T08:52:31+00:00,2026-09-17T08:53:11.354565+00:00,2072145327190878794,2072145327190878794,14,0,1,9,0,1,1,1,1789635044
2026-09-17T08:52:31+00:00,2026-09-17T08:53:11.354565+00:00,abefafdc-c772-4671-86fe-fc15a42adebb,abefafdc-c772-4671-86fe-fc15a42adebb,2,1,0,21,0,1,1,1,1789635138
2026-09-17T08:52:31+00:00,2026-09-17T08:53:11.354565+00:00,0839bb10-e876-4198-95e4-0147a561853d,258,14,0,0,1,0,1,1,1,1789635138
2026-09-17T08:52:31+00:00,2026-09-17T08:53:11.354565+00:00,54d86d05-b399-42c5-a63a-a97713afc5d4,54d86d05-b399-42c5-a63a-a97713afc5d4,9,1,0,1,0,1,1,1,1789635138
2026-09-17T14:00:31+00:00,2026-09-17T14:01:12.901048+00:00,6eaa7343-402d-41c9-9aac-8c664fdbdcf1,6eaa7343-402d-41c9-9aac-8c664fdbdcf1,0,0,0,0,0,0,0,0,86400
2026-09-17T14:00:31+00:00,2026-09-17T14:01:12.901048+00:00,2251186911126913182,2251186911126913182,4,0,0,15,0,1,1,1,1789653440
2026-09-17T14:00:31+00:00,2026-09-17T14:01:12.901048+00:00,2089808297152151688,2089808297152151688,6,2,0,6,0,1,1,1,1789653483
2026-09-17T14:00:31+00:00,2026-09-17T14:01:12.901048+00:00,57f5003b-6574-40b3-83d7-3b5dee1472e0,518,0,0,11,0,0,1,0,0,1789385522
2026-09-17T14:00:31+00:00,2026-09-17T14:01:12.901048+00:00,f55cdf0a-3d7b-491c-bed2-7dc0ef2062d5,489,10,6,0,6,0,1,1,1,1789653498
2026-09-17T14:00:31+00:00,2026-09-17T14:01:12.901048+00:00,f834a2a8-0de8-11e7-991c-3863bb43a7d0,85,12,3,2,5,0,1,1,1,1789653498
2026-09-17T14:00:31+00:00,2026-09-17T14:01:12.901048+00:00,eed9e64f-f09d-43c1-aa31-da968c66750a,368,8,0,0,7,0,1,1,1,1789653500
2026-09-17T14:00:31+00:00,2026-09-17T14:01:12.901048+00:00,1991921362058752616,1991921362058752616,19,11,0,0,1,1,1,1,1789653488
2026-09-17T14:00:31+00:00,2026-09-17T14:01:12.901048+00:00,e519df41-c4d7-403a-9afa-a5dd7cdd2d03,536,2,0,0,16,0,1,1,1,1789653501
2026-09-17T14:00:31+00:00,2026-09-17T14:01:12.901048+00:00,25489822-e43a-4704-b2a8-d905b78ba77c,389,11,0,0,3,0,1,1,1,1789653511
2026-09-17T14:00:31+00:00,2026-09-17T14:01:12.901048+00:00,2220033166406469278,2220033166406469278,12,5,0,3,0,1,1,1,1789653512
2026-09-17T14:00:31+00:00,2026-09-17T14:01:12.901048+00:00,4b5de733-9353-4873-9dc2-9558b3cb063a,393,4,0,1,9,0,1,1,1,1789653510
2026-09-17T14:00:31+00:00,2026-09-17T14:01:12.901048+00:00,f83473ea-0de8-11e7-991c-3863bb43a7d0,27,5,0,0,17,0,1,1,1,1789653512
2026-09-17T14:00:31+00:00,2026-09-17T14:01:12.901048+00:00,2251556760922290606,2251556760922290606,2,0,0,13,0,1,1,1,1789653516
2026-09-17T14:00:31+00:00,2026-09-17T14:01:12.901048+00:00,f8352973-0de8-11e7-991c-3863bb43a7d0,210,4,0,0,11,0,1,1,1,1789653522
2026-09-17T14:00:31+00:00,2026-09-17T14:01:12.901048+00:00,1994515539257334312,1994515539257334312,3,0,0,16,0,1,1,1,1789653523
2026-09-17T14:00:31+00:00,2026-09-17T14:01:12.901048+00:00,2149920539832638004,2149920539832638004,10,0,0,5,0,1,1,1,1789653528
2026-09-17T14:00:31+00:00,2026-09-17T14:01:12.901048+00:00,2071991821019036242,2071991821019036242,5,0,0,15,0,1,1,1,1789653530
2026-09-17T14:00:31+00:00,2026-09-17T14:01:12.901048+00:00,97a1e4e7-a1ff-427a-aaea-48ca0d00bf9c,348,10,1,0,5,0,1,1,1,1789653531
2026-09-17T14:00:31+00:00,2026-09-17T14:01:12.901048+00:00,aefc33cd-40b9-48da-8b87-415428816bdb,488,8,0,0,8,0,1,1,1,1789653530
2026-09-17T14:00:31+00:00,2026-09-17T14:01:12.901048+00:00,8d535c23-f186-4161-aa10-17e94be6d4ae,436,8,0,0,6,1,1,1,1,1789653526
2026-09-17T14:00:31+00:00,2026-09-17T14:01:12.901048+00:00,1976280681456741062,1976280681456741062,8,2,0,3,0,1,1,1,1789653534
2026-09-17T14:00:31+00:00,2026-09-17T14:01:12.901048+00:00,f834d260-0de8-11e7-991c-3863bb43a7d0,119,3,2,0,12,0,1,1,1,1789653534
2026-09-17T14:00:31+00:00,2026-09-17T14:01:12.901048+00:00,f8351f87-0de8-11e7-991c-3863bb43a7d0,192,16,0,1,2,0,1,1,1,1789653534
2026-09-17T14:00:31+00:00,2026-09-17T14:01:12.901048+00:00,f834a1de-0de8-11e7-991c-3863bb43a7d0,84,8,2,0,7,0,1,1,1,1789653532
2026-09-17T14:00:31+00:00,2026-09-17T14:01:12.901048+00:00,f8349599-0de8-11e7-991c-3863bb43a7d0,71,11,0,0,11,1,1,1,1,1789653533
2026-09-17T14:00:31+00:00,2026-09-17T14:01:12.901048+00:00,569f4952-5a25-4394-a419-f9c4d9cca6f3,495,1,0,0,18,0,1,1,1,1789653535
2026-09-17T14:00:31+00:00,2026-09-17T14:01:12.901048+00:00,768433a9-fc30-4485-b136-22d6f8a96f1c,768433a9-fc30-4485-b136-22d6f8a96f1c,7,6,0,4,0,1,1,1,1789653536
2026-09-17T14:00:31+00:00,2026-09-17T14:01:12.901048+00:00,f8347ded-0de8-11e7-991c-3863bb43a7d0,35,30,13,0,1,0,1,1,1,1789653539
2026-09-17T14:00:31+00:00,2026-09-17T14:01:12.901048+00:00,b44b7c3d-c054-4591-92a9-3b96d86050ab,b44b7c3d-c054-4591-92a9-3b96d86050ab,4,3,0,7,0,1,1,1,1789653538
2026-09-17T14:00:31+00:00,2026-09-17T14:01:12.901048+00:00,f8351569-0de8-11e7-991c-3863bb43a7d0,181,7,0,0,12,0,1,1,1,1789653539
2026-09-17T14:00:31+00:00,2026-09-17T14:01:12.901048+00:00,829fa5a8-cc88-4ab2-9f34-b481aaa1612e,259,3,1,0,12,0,1,1,1,1789653541
2026-09-17T14:00:31+00:00,2026-09-17T14:01:12.901048+00:00,f8346e51-0de8-11e7-991c-3863bb43a7d0,17,7,1,0,8,0,1,1,1,1789653537
2026-09-17T14:00:31+00:00,2026-09-17T14:01:12.901048+00:00,f834b928-0de8-11e7-991c-3863bb43a7d0,106,6,2,0,9,0,1,1,1,1789653543
2026-09-17T14:00:31+00:00,2026-09-17T14:01:12.901048+00:00,2113559364250874028,2113559364250874028,0,0,4,11,0,1,1,1,1789653544
2026-09-17T14:00:31+00:00,2026-09-17T14:01:12.901048+00:00,1ef5abb2-5af9-41f2-a0dd-1e44278ad9f1,502,4,1,1,6,0,1,1,1,1789653546
2026-09-17T14:00:31+00:00,2026-09-17T14:01:12.901048+00:00,f834e75d-0de8-11e7-991c-3863bb43a7d0,129,1,0,0,17,1,1,1,1,1789653546
2026-09-17T14:00:31+00:00,2026-09-17T14:01:12.901048+00:00,e4d5271f-5f76-401b-b7f0-c8dce3c26f10,462,4,0,0,7,0,1,1,1,1789653543
2026-09-17T14:00:31+00:00,2026-09-17T14:01:12.901048+00:00,52ca4d94-587f-4a61-a298-a1a755e73bfb,362,2,0,0,17,0,1,1,1,1789653544
2026-09-17T14:00:31+00:00,2026-09-17T14:01:12.901048+00:00,1331197c-f6c6-4f4a-a29b-95e580359886,224,8,0,1,8,0,1,1,1,1789653547
2026-09-17T14:00:31+00:00,2026-09-17T14:01:12.901048+00:00,ea00f276-26dc-48ee-b2c8-6e56fd632a2d,272,5,0,1,13,0,1,1,1,1789653548
2026-09-17T14:00:31+00:00,2026-09-17T14:01:12.901048+00:00,f834a67b-0de8-11e7-991c-3863bb43a7d0,89,19,10,0,0,0,1,1,1,1789653550
2026-09-17T14:00:31+00:00,2026-09-17T14:01:12.901048+00:00,f834916a-0de8-11e7-991c-3863bb43a7d0,63,9,1,0,6,0,1,1,1,1789653561
2026-09-17T14:00:31+00:00,2026-09-17T14:01:12.901048+00:00,f8348719-0de8-11e7-991c-3863bb43a7d0,52,2,1,0,21,0,1,1,1,1789653561
2026-09-17T14:00:31+00:00,2026-09-17T14:01:12.901048+00:00,15ec5783-ca7a-4225-ba51-cd0a45ecc975,15ec5783-ca7a-4225-ba51-cd0a45ecc975,4,1,1,6,0,1,1,1,1789653559
2026-09-17T14:00:31+00:00,2026-09-17T14:01:12.901048+00:00,f834f948-0de8-11e7-991c-3863bb43a7d0,138,10,4,0,5,0,1,1,1,1789653574
2026-09-17T14:00:31+00:00,2026-09-17T14:01:12.901048+00:00,dcd76e42-eebc-4432-9726-cdb3372b0b07,557,16,3,0,3,0,1,1,1,1789653570
2026-09-17T14:00:31+00:00,2026-09-17T14:01:12.901048+00:00,e335fa7c-7adf-4360-9bfa-76b18124a56f,541,3,2,0,8,0,1,1,1,1789653572
2026-09-17T14:00:31+00:00,2026-09-17T14:01:12.901048+00:00,ab6517ea-ed53-42eb-8881-657d362e56e8,560,11,0,0,4,0,1,1,1,1789653572
2026-09-17T14:00:31+00:00,2026-09-17T14:01:12.901048+00:00,6cec3afa-554c-466f-8323-5c619fe0ddc6,6cec3afa-554c-466f-8323-5c619fe0ddc6,3,0,0,8,0,1,1,1,1789653572
2026-09-17T14:00:31+00:00,2026-09-17T14:01:12.901048+00:00,1ef9964d-47ac-4cd4-916e-7c006fa1e605,339,11,8,0,4,0,1,1,1,1789653572
2026-09-17T14:00:31+00:00,2026-09-17T14:01:12.901048+00:00,2028220168245183460,2028220168245183460,10,0,0,9,0,1,1,1,1789653569
2026-09-17T14:00:31+00:00,2026-09-17T14:01:12.901048+00:00,133d159e-a202-4310-910f-eca392fe181e,398,15,4,0,4,0,1,1,1,1789653569
2026-09-17T14:00:31+00:00,2026-09-17T14:01:12.901048+00:00,2027855476515070160,2027855476515070160,8,1,1,18,0,1,1,1,1789653570
2026-09-17T14:00:31+00:00,2026-09-17T14:01:12.901048+00:00,d1a5e406-718c-44b9-b9dd-e63605b888aa,555,11,9,0,4,0,1,1,1,1789653569
2026-09-17T14:00:31+00:00,2026-09-17T14:01:12.901048+00:00,f8348598-0de8-11e7-991c-3863bb43a7d0,49,11,0,3,5,0,1,1,1,1789653576
2026-09-17T14:00:31+00:00,2026-09-17T14:01:12.901048+00:00,a6d6d4b2-3666-43ad-a690-7f676bdcc3fd,542,13,1,0,6,0,1,1,1,1789653592
2026-09-17T14:00:31+00:00,2026-09-17T14:01:12.901048+00:00,40ee059e-8530-4992-9114-c16b87d6832f,441,17,1,0,1,1,1,1,1,1789653590
2026-09-17T14:00:31+00:00,2026-09-17T14:01:12.901048+00:00,1976640911178291400,1976640911178291400,6,4,0,5,0,1,1,1,1789653590
2026-09-17T14:00:31+00:00,2026-09-17T14:01:12.901048+00:00,8e7c1984-dc81-43b0-a0d3-58c6de45225a,465,4,0,0,7,0,1,1,1,1789653591
2026-09-17T14:00:31+00:00,2026-09-17T14:01:12.901048+00:00,f8349070-0de8-11e7-991c-3863bb43a7d0,61,10,2,0,9,0,1,1,1,1789653592
2026-09-17T14:00:31+00:00,2026-09-17T14:01:12.901048+00:00,2039387081833476178,2039387081833476178,8,1,0,12,0,1,1,1,1789653589
2026-09-17T14:00:31+00:00,2026-09-17T14:01:12.901048+00:00,87b5a8b7-a330-4c51-ab32-7dafa292c88f,421,11,0,0,8,0,1,1,1,1789653590
2026-09-17T14:00:31+00:00,2026-09-17T14:01:12.901048+00:00,f8346dbd-0de8-11e7-991c-3863bb43a7d0,16,0,0,0,19,0,1,1,1,1789653593
2026-09-17T14:00:31+00:00,2026-09-17T14:01:12.901048+00:00,2438d052-2cd6-4fba-83c9-39f46cb59398,2438d052-2cd6-4fba-83c9-39f46cb59398,13,0,1,6,0,1,1,1,1789653595
2026-09-17T14:00:31+00:00,2026-09-17T14:01:12.901048+00:00,f7d416f8-4377-4019-bba7-302dc1d5a11d,391,6,1,1,8,0,1,1,1,1789653597
2026-09-17T14:00:31+00:00,2026-09-17T14:01:12.901048+00:00,625f105e-4407-4988-9095-d1979cbda5e1,234,0,0,1,18,0,1,1,1,1789653598
2026-09-17T14:00:31+00:00,2026-09-17T14:01:12.901048+00:00,2131371824572002576,2131371824572002576,0,0,0,16,0,1,1,1,1789653600
2026-09-17T14:00:31+00:00,2026-09-17T14:01:12.901048+00:00,f834b183-0de8-11e7-991c-3863bb43a7d0,98,1,1,1,20,0,1,1,1,1789653596
2026-09-17T14:00:31+00:00,2026-09-17T14:01:12.901048+00:00,1999639508813492766,1999639508813492766,2,0,0,17,1,1,1,1,1789653595
2026-09-17T14:00:31+00:00,2026-09-17T14:01:12.901048+00:00,5410aac7-2ec0-47b6-b728-b99c5137b463,5410aac7-2ec0-47b6-b728-b99c5137b463,8,5,0,3,0,1,1,1,1789653600
2026-09-17T14:00:31+00:00,2026-09-17T14:01:12.901048+00:00,f83493c0-0de8-11e7-991c-3863bb43a7d0,67,18,2,4,2,0,1,1,1,1789653602
2026-09-17T14:00:31+00:00,2026-09-17T14:01:12.901048+00:00,2250817396738253956,2250817396738253956,6,0,0,9,0,1,1,1,1789653514
2026-09-17T14:00:31+00:00,2026-09-17T14:01:12.901048+00:00,2134720099473744344,2134720099473744344,7,3,0,14,0,1,1,1,1789653603
2026-09-17T14:00:31+00:00,2026-09-17T14:01:12.901048+00:00,2219705277630124418,2219705277630124418,9,1,0,6,0,1,1,1,1789653604
2026-09-17T14:00:31+00:00,2026-09-17T14:01:12.901048+00:00,f8351255-0de8-11e7-991c-3863bb43a7d0,174,12,0,0,3,0,1,1,1,1789653604
2026-09-17T14:00:31+00:00,2026-09-17T14:01:12.901048+00:00,9fef6df2-7f8f-43fc-a85b-7dd5453860f9,437,0,0,0,19,0,1,1,1,1789653604
2026-09-17T14:00:31+00:00,2026-09-17T14:01:12.901048+00:00,82b41ffb-e284-4e4d-b22a-0cad2bfd4bee,443,3,0,0,16,0,1,1,1,1789653556
2026-09-17T14:00:31+00:00,2026-09-17T14:01:12.901048+00:00,2110566771130438288,2110566771130438288,0,0,0,16,0,1,1,1,1789653557
2026-09-17T14:00:31+00:00,2026-09-17T14:01:12.901048+00:00,1986694622707704150,1986694622707704150,15,0,0,4,0,1,1,1,1789653551
2026-09-17T14:00:31+00:00,2026-09-17T14:01:12.901048+00:00,2124664048772581794,2124664048772581794,3,1,0,8,0,1,1,1,1789653555
2026-09-17T14:00:31+00:00,2026-09-17T14:01:12.901048+00:00,f8350199-0de8-11e7-991c-3863bb43a7d0,150,16,6,2,1,0,1,1,1,1789653554
2026-09-17T14:00:31+00:00,2026-09-17T14:01:12.901048+00:00,cad0e759-b605-458a-b772-768dcce81dc6,372,1,0,1,17,0,1,1,1,1789653566
2026-09-17T14:00:31+00:00,2026-09-17T14:01:12.901048+00:00,f835244e-0de8-11e7-991c-3863bb43a7d0,202,6,2,0,9,0,1,1,1,1789653566
2026-09-17T14:00:31+00:00,2026-09-17T14:01:12.901048+00:00,f834f036-0de8-11e7-991c-3863bb43a7d0,133,12,4,3,9,0,1,1,1,1789653567
2026-09-17T14:00:31+00:00,2026-09-17T14:01:12.901048+00:00,803a0c16-4f81-44f1-8b49-a13fcdda40c1,370,4,1,0,15,0,1,1,1,1789653567
2026-09-17T14:00:31+00:00,2026-09-17T14:01:12.901048+00:00,2227859082657747444,2227859082657747444,3,0,0,4,0,1,1,1,1789653466
2026-09-17T14:00:31+00:00,2026-09-17T14:01:12.901048+00:00,1919521884659886482,1919521884659886482,5,0,1,13,0,1,1,1,1789653565
2026-09-17T14:00:31+00:00,2026-09-17T14:01:12.901048+00:00,f83532fa-0de8-11e7-991c-3863bb43a7d0,219,0,0,0,15,0,1,1,1,1789653565
2026-09-17T14:00:31+00:00,2026-09-17T14:01:12.901048+00:00,f8347ba8-0de8-11e7-991c-3863bb43a7d0,31,17,8,1,1,0,1,1,1,1789653568
2026-09-17T14:00:31+00:00,2026-09-17T14:01:12.901048+00:00,88b35b6d-f355-44dc-b85e-ed2eb1bc9099,406,3,0,0,16,0,1,1,1,1789653567
2026-09-17T14:00:31+00:00,2026-09-17T14:01:12.901048+00:00,77c1736c-a609-4453-94f7-8e4253a8193c,474,7,2,0,4,0,1,1,1,1789653577
2026-09-17T14:00:31+00:00,2026-09-17T14:01:12.901048+00:00,f8347002-0de8-11e7-991c-3863bb43a7d0,20,1,0,1,21,0,1,1,1,1789653580
2026-09-17T14:00:31+00:00,2026-09-17T14:01:12.901048+00:00,f8346c96-0de8-11e7-991c-3863bb43a7d0,14,25,8,0,0,0,1,1,1,1789653579
2026-09-17T14:00:31+00:00,2026-09-17T14:01:12.901048+00:00,38706d8c-8d4b-49f7-b6ed-7688449db261,463,7,1,1,11,0,1,1,1,1789653578
2026-09-17T14:00:31+00:00,2026-09-17T14:01:12.901048+00:00,a825b55d-3ab3-481f-9c50-d3a7313e6843,228,18,6,0,1,0,1,1,1,1789653581
2026-09-17T14:00:31+00:00,2026-09-17T14:01:12.901048+00:00,986068c4-d11a-465a-b8d0-bd0960c57f51,986068c4-d11a-465a-b8d0-bd0960c57f51,0,0,2,12,0,1,1,1,1789653579
2026-09-17T14:00:31+00:00,2026-09-17T14:01:12.901048+00:00,1997031876360597884,1997031876360597884,8,7,0,3,0,1,1,1,1789653580
2026-09-17T14:00:31+00:00,2026-09-17T14:01:12.901048+00:00,9b0aff89-5242-475e-b03b-87c3c3bf51bb,477,2,0,0,17,0,1,1,1,1789653584
2026-09-17T14:00:31+00:00,2026-09-17T14:01:12.901048+00:00,25d6f87f-7025-48c5-b202-f91511a4ae19,25d6f87f-7025-48c5-b202-f91511a4ae19,9,4,0,10,0,1,1,1,1789653588
2026-09-17T14:00:31+00:00,2026-09-17T14:01:12.901048+00:00,f8351791-0de8-11e7-991c-3863bb43a7d0,186,15,8,0,0,0,1,1,1,1789653586
2026-09-17T14:00:31+00:00,2026-09-17T14:01:12.901048+00:00,800bde2c-51df-497c-ac2d-bc3a8c00c164,800bde2c-51df-497c-ac2d-bc3a8c00c164,15,2,0,0,0,1,1,1,1789653586
2026-09-17T14:00:31+00:00,2026-09-17T14:01:12.901048+00:00,c111ef1a-f276-415d-a95e-8e3c4e3a0c03,522,13,1,2,0,0,1,1,1,1789653586
2026-09-17T14:00:31+00:00,2026-09-17T14:01:12.901048+00:00,2129149628430547474,2129149628430547474,3,1,0,13,0,1,1,1,1789653586
2026-09-17T14:00:31+00:00,2026-09-17T14:01:12.901048+00:00,2036103727838931110,2036103727838931110,4,0,0,7,0,1,1,1,1789653586
2026-09-17T14:00:31+00:00,2026-09-17T14:01:12.901048+00:00,918335df-fc1a-45c2-9cfc-c5e2e93aecc0,467,6,1,1,4,0,1,1,1,1789653587
2026-09-17T14:00:31+00:00,2026-09-17T14:01:12.901048+00:00,2031175112202687108,2031175112202687108,0,0,0,16,0,1,1,1,1789653588
2026-09-17T14:00:31+00:00,2026-09-17T14:01:12.901048+00:00,f834d34b-0de8-11e7-991c-3863bb43a7d0,120,12,0,0,27,0,1,1,1,1789653588
2026-09-17T14:00:31+00:00,2026-09-17T14:01:12.901048+00:00,1999644268058967024,1999644268058967024,0,0,0,24,0,1,1,1,1789653605
2026-09-17T14:00:31+00:00,2026-09-17T14:01:12.901048+00:00,f606593b-3d07-40f2-bc6d-a0eb96588e44,456,6,0,0,12,0,1,1,1,1789653605
2026-09-17T14:00:31+00:00,2026-09-17T14:01:12.901048+00:00,2127634714741013228,2127634714741013228,17,0,0,7,0,1,1,1,1789653605
2026-09-17T14:00:31+00:00,2026-09-17T14:01:12.901048+00:00,f8347a8b-0de8-11e7-991c-3863bb43a7d0,29,19,1,0,0,0,1,1,1,1789653606
2026-09-17T14:00:31+00:00,2026-09-17T14:01:12.901048+00:00,f834c6f5-0de8-11e7-991c-3863bb43a7d0,111,8,0,0,7,0,1,1,1,1789653604
2026-09-17T14:00:31+00:00,2026-09-17T14:01:12.901048+00:00,2132460331327742574,2132460331327742574,17,8,1,0,0,1,1,1,1789653605
2026-09-17T14:00:31+00:00,2026-09-17T14:01:12.901048+00:00,ec4e1168-25dc-4929-b17b-e4ae578dd888,425,5,5,0,11,0,1,1,1,1789653609
2026-09-17T14:00:31+00:00,2026-09-17T14:01:12.901048+00:00,2127252912986958612,2127252912986958612,5,0,1,9,0,1,1,1,1789653610
2026-09-17T14:00:31+00:00,2026-09-17T14:01:12.901048+00:00,f8350d30-0de8-11e7-991c-3863bb43a7d0,163,17,5,0,1,0,1,1,1,1789653612
2026-09-17T14:00:31+00:00,2026-09-17T14:01:12.901048+00:00,f8351649-0de8-11e7-991c-3863bb43a7d0,183,16,1,0,3,0,1,1,1,1789653612
2026-09-17T14:00:31+00:00,2026-09-17T14:01:12.901048+00:00,01d29f8c-768d-4c4f-84ca-3de966075287,469,3,0,0,8,0,1,1,1,1789653612
2026-09-17T14:00:31+00:00,2026-09-17T14:01:12.901048+00:00,2126567695528519906,2126567695528519906,11,4,0,9,0,1,1,1,1789653613
2026-09-17T14:00:31+00:00,2026-09-17T14:01:12.901048+00:00,2261583246847893606,2261583246847893606,3,0,1,15,0,1,1,1,1789653614
2026-09-17T14:00:31+00:00,2026-09-17T14:01:12.901048+00:00,8bc42f7f-753d-4cca-a7d6-0d7c2530ea2c,364,6,0,0,13,0,1,1,1,1789653615
2026-09-17T14:00:31+00:00,2026-09-17T14:01:12.901048+00:00,f834b1ed-0de8-11e7-991c-3863bb43a7d0,99,6,0,0,9,0,1,1,1,1789653613
2026-09-17T14:00:31+00:00,2026-09-17T14:01:12.901048+00:00,5d17f129-af8c-4f30-bc58-6a8279052772,543,4,0,0,15,0,1,1,1,1789653607
2026-09-17T14:00:31+00:00,2026-09-17T14:01:12.901048+00:00,f834c5c9-0de8-11e7-991c-3863bb43a7d0,110,14,0,0,1,0,1,1,1,1789653608
2026-09-17T14:00:31+00:00,2026-09-17T14:01:12.901048+00:00,199f3d59-e726-4549-b9c1-4dfc8a343fdb,508,0,0,0,11,0,1,1,1,1789653615
2026-09-17T14:00:31+00:00,2026-09-17T14:01:12.901048+00:00,f8350129-0de8-11e7-991c-3863bb43a7d0,149,7,0,0,11,0,1,1,1,1789653617
2026-09-17T14:00:31+00:00,2026-09-17T14:01:12.901048+00:00,2363c5a3-93cc-41a2-a767-90f1826c041f,426,25,7,2,1,0,1,1,1,1789653617
2026-09-17T14:00:31+00:00,2026-09-17T14:01:12.901048+00:00,2036412579943670600,2036412579943670600,0,0,0,12,0,1,1,1,1789653618
2026-09-17T14:00:31+00:00,2026-09-17T14:01:12.901048+00:00,4d953f0f-13b5-4b3d-b2da-342003ff7cba,4d953f0f-13b5-4b3d-b2da-342003ff7cba,7,4,0,4,0,1,1,1,1789653618
2026-09-17T14:00:31+00:00,2026-09-17T14:01:12.901048+00:00,acb27827-d69a-4287-b132-3f529ca62ad2,427,11,7,1,6,1,1,1,1,1789653619
2026-09-17T14:00:31+00:00,2026-09-17T14:01:12.901048+00:00,f83466c6-0de8-11e7-991c-3863bb43a7d0,6,4,3,1,9,0,1,1,1,1789653619
2026-09-17T14:00:31+00:00,2026-09-17T14:01:12.901048+00:00,f834fcbe-0de8-11e7-991c-3863bb43a7d0,141,15,2,0,0,0,1,1,1,1789653619
2026-09-17T14:00:31+00:00,2026-09-17T14:01:12.901048+00:00,f834cb89-0de8-11e7-991c-3863bb43a7d0,115,3,0,2,13,0,1,1,1,1789653619
2026-09-17T14:00:31+00:00,2026-09-17T14:01:12.901048+00:00,50cc3c7f-50ed-4c70-b483-c89f3f47c938,491,2,0,1,16,0,1,1,1,1789653526
2026-09-17T14:00:31+00:00,2026-09-17T14:01:12.901048+00:00,f834b652-0de8-11e7-991c-3863bb43a7d0,104,6,0,1,10,0,1,1,1,1789653535
2026-09-17T14:00:31+00:00,2026-09-17T14:01:12.901048+00:00,f83487f0-0de8-11e7-991c-3863bb43a7d0,54,1,0,0,14,0,1,1,1,1789653533
2026-09-17T14:00:31+00:00,2026-09-17T14:01:12.901048+00:00,a439fff7-8630-464c-b277-efca6f6bc664,531,4,0,0,10,0,1,1,1,1789653532
2026-09-17T14:00:31+00:00,2026-09-17T14:01:12.901048+00:00,2248987790637065652,2248987790637065652,1,0,0,11,0,1,1,1,1789653537
2026-09-17T14:00:31+00:00,2026-09-17T14:01:12.901048+00:00,f8352150-0de8-11e7-991c-3863bb43a7d0,196,8,4,0,2,0,1,1,1,1789653547
2026-09-17T14:00:31+00:00,2026-09-17T14:01:12.901048+00:00,d81e16e2-a410-4a0b-b5ae-b72748fc9781,d81e16e2-a410-4a0b-b5ae-b72748fc9781,16,2,0,3,0,1,1,1,1789653549
2026-09-17T14:00:31+00:00,2026-09-17T14:01:12.901048+00:00,2071724371800490690,2071724371800490690,11,0,0,9,0,1,1,1,1789653548
2026-09-17T14:00:31+00:00,2026-09-17T14:01:12.901048+00:00,c98f50f6-1901-4c64-b164-8cf33245e022,282,15,1,1,2,0,1,1,1,1789653549
2026-09-17T14:00:31+00:00,2026-09-17T14:01:12.901048+00:00,f83472d3-0de8-11e7-991c-3863bb43a7d0,25,0,0,0,15,0,1,1,1,1789653552
2026-09-17T14:00:31+00:00,2026-09-17T14:01:12.901048+00:00,8b703219-1e16-4ba1-9f46-2b7030c7849a,360,0,0,7,8,0,1,0,0,1789607546
2026-09-17T14:00:31+00:00,2026-09-17T14:01:12.901048+00:00,e49a5b83-2c9c-4610-a48b-89cfea172c8f,504,7,1,0,4,0,1,1,1,1789653555
2026-09-17T14:00:31+00:00,2026-09-17T14:01:12.901048+00:00,910f1452-dbeb-4e69-b226-71b2d7e85715,910f1452-dbeb-4e69-b226-71b2d7e85715,2,0,0,8,0,1,1,1,1789653552
2026-09-17T14:00:31+00:00,2026-09-17T14:01:12.901048+00:00,2115804056935012722,2115804056935012722,5,0,2,12,0,1,1,1,1789653557
2026-09-17T14:00:31+00:00,2026-09-17T14:01:12.901048+00:00,3f4f4ad4-a715-43d5-828f-f8381f26b66a,390,2,1,1,12,0,1,1,1,1789653556
2026-09-17T14:00:31+00:00,2026-09-17T14:01:12.901048+00:00,2131714490587826928,2131714490587826928,13,6,0,3,0,1,1,1,1789653560
2026-09-17T14:00:31+00:00,2026-09-17T14:01:12.901048+00:00,8f51f8f1-ecb8-4cd3-8529-296a03140c51,8f51f8f1-ecb8-4cd3-8529-296a03140c51,7,0,0,12,0,1,1,1,1789653558
2026-09-17T14:00:31+00:00,2026-09-17T14:01:12.901048+00:00,f835259f-0de8-11e7-991c-3863bb43a7d0,205,8,3,0,7,0,1,1,1,1789653559
2026-09-17T14:00:31+00:00,2026-09-17T14:01:12.901048+00:00,f834db9b-0de8-11e7-991c-3863bb43a7d0,121,7,0,1,9,0,1,1,1,1789653559
2026-09-17T14:00:31+00:00,2026-09-17T14:01:12.901048+00:00,b5894555-30a3-46db-918a-fdeb083d6001,336,14,1,1,0,0,1,1,1,1789653559
2026-09-17T14:00:31+00:00,2026-09-17T14:01:12.901048+00:00,c935cfb1-ef73-402e-9b86-83aaaac6534d,478,16,1,0,3,0,1,1,1,1789653558
2026-09-17T14:00:31+00:00,2026-09-17T14:01:12.901048+00:00,4764641e-b080-4c70-a1e1-049de81e09d0,273,25,7,0,15,0,1,1,1,1789653565
2026-09-17T14:00:31+00:00,2026-09-17T14:01:12.901048+00:00,a3b94ed8-8301-4ec6-baf2-64ac493b5106,529,3,2,4,9,0,1,1,1,1789653566
2026-09-17T14:00:31+00:00,2026-09-17T14:01:12.901048+00:00,3de6e5da-9702-4623-8683-26abd98012a8,525,7,0,0,5,0,1,1,1,1789653566
2026-09-17T14:00:31+00:00,2026-09-17T14:01:12.901048+00:00,1963273678015717438,1963273678015717438,6,0,1,12,0,1,1,1,1789653569
2026-09-17T14:00:31+00:00,2026-09-17T14:01:12.901048+00:00,2100948177843249670,2100948177843249670,6,1,0,5,0,1,1,1,1789653569
2026-09-17T14:00:31+00:00,2026-09-17T14:01:12.901048+00:00,1994461916590643872,1994461916590643872,6,6,0,5,0,1,1,1,1789653570
2026-09-17T14:00:31+00:00,2026-09-17T14:01:12.901048+00:00,2256120653476329202,2256120653476329202,11,0,2,2,0,1,1,1,1789653528
2026-09-17T14:00:31+00:00,2026-09-17T14:01:12.901048+00:00,a9bc314b-a3fd-46e5-a63b-f005258bba5f,a9bc314b-a3fd-46e5-a63b-f005258bba5f,1,0,0,16,1,1,1,1,1789653570
2026-09-17T14:00:31+00:00,2026-09-17T14:01:12.901048+00:00,609c2f06-310e-4134-8dd2-3d23aa41487b,609c2f06-310e-4134-8dd2-3d23aa41487b,9,0,0,13,0,1,1,1,1789653509
2026-09-17T14:00:31+00:00,2026-09-17T14:01:12.901048+00:00,f8351e42-0de8-11e7-991c-3863bb43a7d0,189,23,0,0,0,0,1,1,1,1789653509
2026-09-17T14:00:31+00:00,2026-09-17T14:01:12.901048+00:00,fbb9b58c-2b92-4bcf-8e4c-a982e40d2f39,221,7,0,0,12,0,1,1,1,1789653506
2026-09-17T14:00:31+00:00,2026-09-17T14:01:12.901048+00:00,f834d064-0de8-11e7-991c-3863bb43a7d0,118,8,1,0,11,0,1,1,1,1789653506
2026-09-17T14:00:31+00:00,2026-09-17T14:01:12.901048+00:00,3a6d94a7-9fee-41c5-b8cc-a8487c5e691b,549,3,0,1,20,0,1,1,1,1789653508
2026-09-17T14:00:31+00:00,2026-09-17T14:01:12.901048+00:00,efd724b2-31cb-4aec-b9d9-8ab79271630c,493,9,0,0,8,0,1,1,1,1789653505
2026-09-17T14:00:31+00:00,2026-09-17T14:01:12.901048+00:00,2fded452-cbd0-4248-b008-f8a61ed9a85f,2fded452-cbd0-4248-b008-f8a61ed9a85f,1,0,0,14,0,1,1,1,1789653505
2026-09-17T14:00:31+00:00,2026-09-17T14:01:12.901048+00:00,f8348781-0de8-11e7-991c-3863bb43a7d0,53,0,0,1,18,0,1,1,1,1789653515
2026-09-17T14:00:31+00:00,2026-09-17T14:01:12.901048+00:00,1961066392414132348,1961066392414132348,12,2,1,6,0,1,1,1,1789653518
2026-09-17T14:00:31+00:00,2026-09-17T14:01:12.901048+00:00,2079440939380771716,2079440939380771716,5,0,1,6,0,1,1,1,1789653519
2026-09-17T14:00:31+00:00,2026-09-17T14:01:12.901048+00:00,fae99a0c-e88a-4112-94d8-f655cf34e651,fae99a0c-e88a-4112-94d8-f655cf34e651,0,0,0,19,0,1,1,1,1789653521
2026-09-17T14:00:31+00:00,2026-09-17T14:01:12.901048+00:00,0bc49982-74e9-4bbf-9991-e3d809d6319e,530,12,0,1,6,0,1,1,1,1789653522
2026-09-17T14:00:31+00:00,2026-09-17T14:01:12.901048+00:00,ee0fa23e-a6c2-474d-a6ef-bf581d63f1ae,ee0fa23e-a6c2-474d-a6ef-bf581d63f1ae,2,0,0,9,0,1,1,1,1789653521
2026-09-17T14:00:31+00:00,2026-09-17T14:01:12.901048+00:00,f4a64c30-b97f-4ae5-b531-a11698b558d7,562,3,1,0,6,0,1,1,1,1789653523
2026-09-17T14:00:31+00:00,2026-09-17T14:01:12.901048+00:00,634b697d-0e64-4102-8849-abac7a7f8e35,455,3,0,1,8,0,1,1,1,1789653525
2026-09-17T14:00:31+00:00,2026-09-17T14:01:12.901048+00:00,2171110977443594588,2171110977443594588,6,2,0,9,0,1,1,1,1789653576
2026-09-17T14:00:31+00:00,2026-09-17T14:01:12.901048+00:00,68323451-daf0-4532-a6cb-b070e3ef358f,68323451-daf0-4532-a6cb-b070e3ef358f,18,2,0,1,0,1,1,1,1789653576
2026-09-17T14:00:31+00:00,2026-09-17T14:01:12.901048+00:00,f8347361-0de8-11e7-991c-3863bb43a7d0,26,1,0,0,14,0,1,1,1,1789653573
2026-09-17T14:00:31+00:00,2026-09-17T14:01:12.901048+00:00,f8353277-0de8-11e7-991c-3863bb43a7d0,218,14,4,1,0,0,1,1,1,1789653573
2026-09-17T14:00:31+00:00,2026-09-17T14:01:12.901048+00:00,2012646293885032702,2012646293885032702,8,1,0,16,0,1,1,1,1789653578
2026-09-17T14:00:31+00:00,2026-09-17T14:01:12.901048+00:00,3dbbb3cb-b52d-46f8-8f9c-db11e83d081c,327,6,1,0,9,0,1,1,1,1789653568
2026-09-17T14:00:31+00:00,2026-09-17T14:01:12.901048+00:00,f8349de4-0de8-11e7-991c-3863bb43a7d0,80,30,4,1,4,0,1,1,1,1789653569
2026-09-17T14:00:31+00:00,2026-09-17T14:01:12.901048+00:00,1206f5c8-7d1f-4c32-9d65-f3e80186fbde,511,12,9,0,7,0,1,1,1,1789653579
2026-09-17T14:00:31+00:00,2026-09-17T14:01:12.901048+00:00,f8348857-0de8-11e7-991c-3863bb43a7d0,55,0,0,0,15,0,1,1,1,1789653580
2026-09-17T14:00:31+00:00,2026-09-17T14:01:12.901048+00:00,f835027c-0de8-11e7-991c-3863bb43a7d0,152,0,0,0,27,0,1,1,1,1789653580
2026-09-17T14:00:31+00:00,2026-09-17T14:01:12.901048+00:00,2080157934789007958,2080157934789007958,16,4,0,3,0,1,1,1,1789653584
2026-09-17T14:00:31+00:00,2026-09-17T14:01:12.901048+00:00,2004828637786472956,2004828637786472956,1,0,1,17,1,1,1,1,1789653588
2026-09-17T14:00:31+00:00,2026-09-17T14:01:12.901048+00:00,f834ffc9-0de8-11e7-991c-3863bb43a7d0,146,3,0,0,16,0,1,1,1,1789653587
2026-09-17T14:00:31+00:00,2026-09-17T14:01:12.901048+00:00,2111332861978124760,2111332861978124760,8,0,0,7,1,1,1,1,1789653586
2026-09-17T14:00:31+00:00,2026-09-17T14:01:12.901048+00:00,dc770287-c70c-43ea-a635-39f3dc6b09cd,dc770287-c70c-43ea-a635-39f3dc6b09cd,4,0,0,7,0,1,1,1,1789653589
2026-09-17T14:00:31+00:00,2026-09-17T14:01:12.901048+00:00,2126939746529359956,2126939746529359956,0,0,0,19,0,1,1,1,1789653591
2026-09-17T14:00:31+00:00,2026-09-17T14:01:12.901048+00:00,082262bd-086b-46c7-83ce-eed2b39142ff,416,5,0,0,10,0,1,1,1,1789653592
2026-09-17T14:00:31+00:00,2026-09-17T14:01:12.901048+00:00,13681246-4bf8-444a-a908-fa165e4ad298,329,0,0,0,15,0,1,1,1,1789653592
2026-09-17T14:00:31+00:00,2026-09-17T14:01:12.901048+00:00,dd008e3c-ff17-4c82-abe0-502272a62425,558,11,1,2,4,0,1,1,1,1789653593
2026-09-17T14:00:31+00:00,2026-09-17T14:01:12.901048+00:00,2074236051937964826,2074236051937964826,6,0,0,10,0,1,1,1,1789653593
2026-09-17T14:00:31+00:00,2026-09-17T14:01:12.901048+00:00,0cb6d635-6a7d-4d75-89b4-36b12616be12,432,9,7,0,10,0,1,1,1,1789653594
2026-09-17T14:00:31+00:00,2026-09-17T14:01:12.901048+00:00,f1cafe36-f800-41f6-b74d-73953cb6394c,471,26,4,0,0,0,1,1,1,1789653594
2026-09-17T14:00:31+00:00,2026-09-17T14:01:12.901048+00:00,3c837bc0-fd08-49c4-adf5-0e9a98e918a7,524,6,0,1,8,0,1,1,1,1789653593
2026-09-17T14:00:31+00:00,2026-09-17T14:01:12.901048+00:00,a51b429f-bf06-425a-b3fe-b3155aa6468c,a51b429f-bf06-425a-b3fe-b3155aa6468c,6,2,3,2,0,1,1,1,1789653599
2026-09-17T14:00:31+00:00,2026-09-17T14:01:12.901048+00:00,dd8dee9d-d044-41d6-9371-8463cf9c671b,526,7,1,1,7,0,1,1,1,1789653595
2026-09-17T14:00:31+00:00,2026-09-17T14:01:12.901048+00:00,b0b8e427-7203-4844-9c70-129e08a74452,347,2,0,0,13,0,1,1,1,1789653597
2026-09-17T14:00:31+00:00,2026-09-17T14:01:12.901048+00:00,2120986392451359068,2120986392451359068,6,0,0,13,0,1,1,1,1789653599
2026-09-17T14:00:31+00:00,2026-09-17T14:01:12.901048+00:00,4caf6e93-ddd7-4b6f-9e61-f9df1206ac92,4caf6e93-ddd7-4b6f-9e61-f9df1206ac92,2,0,0,17,0,1,1,1,1789653600
2026-09-17T14:00:31+00:00,2026-09-17T14:01:12.901048+00:00,f8352a4d-0de8-11e7-991c-3863bb43a7d0,212,8,2,0,24,0,1,1,1,1789653602
2026-09-17T14:00:31+00:00,2026-09-17T14:01:12.901048+00:00,dd05a440-f881-410c-a071-864da11c634a,318,18,2,1,0,0,1,1,1,1789653602
2026-09-17T14:00:31+00:00,2026-09-17T14:01:12.901048+00:00,2035765531590062506,2035765531590062506,3,2,0,8,0,1,1,1,1789653604
2026-09-17T14:00:31+00:00,2026-09-17T14:01:12.901048+00:00,2113560016964645240,2113560016964645240,0,0,0,19,0,1,1,1,1789653604
2026-09-17T14:00:31+00:00,2026-09-17T14:01:12.901048+00:00,f8352c1a-0de8-11e7-991c-3863bb43a7d0,216,15,0,0,4,0,1,1,1,1789653601
2026-09-17T14:00:31+00:00,2026-09-17T14:01:12.901048+00:00,ee18dbd6-05b8-4d38-a120-f84c3499a77e,519,7,1,2,2,0,1,1,1,1789653602
2026-09-17T14:00:31+00:00,2026-09-17T14:01:12.901048+00:00,f835141c-0de8-11e7-991c-3863bb43a7d0,178,0,0,0,19,0,1,1,1,1789653605
2026-09-17T14:00:31+00:00,2026-09-17T14:01:12.901048+00:00,2002247509585342522,2002247509585342522,1,0,0,10,0,1,1,1,1789653605
2026-09-17T14:00:31+00:00,2026-09-17T14:01:12.901048+00:00,f8349d6e-0de8-11e7-991c-3863bb43a7d0,79,0,0,1,17,0,1,1,1,1789653603
2026-09-17T14:00:31+00:00,2026-09-17T14:01:12.901048+00:00,af066ffd-b892-434f-8532-1982fc408780,480,5,0,1,5,0,1,1,1,1789653609
2026-09-17T14:00:31+00:00,2026-09-17T14:01:12.901048+00:00,1e3beeb4-f8e1-452c-93e5-48df78d4b313,334,5,3,0,13,0,1,1,1,1789653609
2026-09-17T14:00:31+00:00,2026-09-17T14:01:12.901048+00:00,f834fb66-0de8-11e7-991c-3863bb43a7d0,139,0,0,0,19,0,1,1,1,1789653610
2026-09-17T14:00:31+00:00,2026-09-17T14:01:12.901048+00:00,e3f5d039-a49e-4b3b-ab4d-4efbef2068c6,e3f5d039-a49e-4b3b-ab4d-4efbef2068c6,12,1,0,11,0,1,1,1,1789653606
2026-09-17T14:00:31+00:00,2026-09-17T14:01:12.901048+00:00,a9d13461-7f0f-47b0-9a97-8ec9e9792865,533,4,0,0,14,0,1,1,1,1789653608
2026-09-17T14:00:31+00:00,2026-09-17T14:01:12.901048+00:00,25cc602a-152a-4abe-9df8-a131d0a5d94b,235,2,2,0,13,0,1,1,1,1789653607
2026-09-17T14:00:31+00:00,2026-09-17T14:01:12.901048+00:00,f8348021-0de8-11e7-991c-3863bb43a7d0,39,18,0,1,8,0,1,1,1,1789653607
2026-09-17T14:00:31+00:00,2026-09-17T14:01:12.901048+00:00,f8346a3c-0de8-11e7-991c-3863bb43a7d0,10,10,5,1,0,0,1,1,1,1789653607
2026-09-17T14:00:31+00:00,2026-09-17T14:01:12.901048+00:00,2223046412750968128,2223046412750968128,3,1,0,15,0,1,1,1,1789653610
2026-09-17T14:00:31+00:00,2026-09-17T14:01:12.901048+00:00,3b158c7a-a362-43ae-af1f-121b78be32d7,483,11,0,0,6,0,1,1,1,1789653609
2026-09-17T14:00:31+00:00,2026-09-17T14:01:12.901048+00:00,f836bc28-36a7-4ca6-bba6-0d75333d84bb,538,17,2,0,2,0,1,1,1,1789653611
2026-09-17T14:00:31+00:00,2026-09-17T14:01:12.901048+00:00,1984021766354634770,1984021766354634770,3,0,0,16,0,1,1,1,1789653612
2026-09-17T14:00:31+00:00,2026-09-17T14:01:12.901048+00:00,2136546016037880534,2136546016037880534,9,1,0,6,0,1,1,1,1789653603
2026-09-17T14:00:31+00:00,2026-09-17T14:01:12.901048+00:00,f8348924-0de8-11e7-991c-3863bb43a7d0,57,0,0,1,13,0,1,1,1,1789653612
2026-09-17T14:00:31+00:00,2026-09-17T14:01:12.901048+00:00,f834b50a-0de8-11e7-991c-3863bb43a7d0,102,7,0,0,7,0,1,1,1,1789653612
2026-09-17T14:00:31+00:00,2026-09-17T14:01:12.901048+00:00,f8352306-0de8-11e7-991c-3863bb43a7d0,199,4,2,1,10,0,1,1,1,1789653615
2026-09-17T14:00:31+00:00,2026-09-17T14:01:12.901048+00:00,2158217922577811100,2158217922577811100,13,3,0,6,0,1,1,1,1789653616
2026-09-17T14:00:31+00:00,2026-09-17T14:01:12.901048+00:00,2124668538068359456,2124668538068359456,4,0,2,13,0,1,1,1,1789653616
2026-09-17T14:00:31+00:00,2026-09-17T14:01:12.901048+00:00,f8346c01-0de8-11e7-991c-3863bb43a7d0,13,17,0,1,1,0,1,1,1,1789653616
2026-09-17T14:00:31+00:00,2026-09-17T14:01:12.901048+00:00,57caf362-1e8b-46aa-9ee3-82341c405ab0,271,6,0,0,9,0,1,1,1,1789653616
2026-09-17T14:00:31+00:00,2026-09-17T14:01:12.901048+00:00,f83514f9-0de8-11e7-991c-3863bb43a7d0,180,9,0,1,9,0,1,1,1,1789653614
2026-09-17T14:00:31+00:00,2026-09-17T14:01:12.901048+00:00,f8350c56-0de8-11e7-991c-3863bb43a7d0,161,7,0,0,16,0,1,1,1,1789653613
2026-09-17T14:00:31+00:00,2026-09-17T14:01:12.901048+00:00,f834a32d-0de8-11e7-991c-3863bb43a7d0,86,17,0,0,8,0,1,1,1,1789653611
2026-09-17T14:00:31+00:00,2026-09-17T14:01:12.901048+00:00,7dd0fc98-c1dd-4c93-9c1d-4bbdf5f93346,473,13,8,1,0,0,1,1,1,1789653615
2026-09-17T14:00:31+00:00,2026-09-17T14:01:12.901048+00:00,be7e7068-b85f-42c1-8ea1-e1d64e531323,be7e7068-b85f-42c1-8ea1-e1d64e531323,0,0,0,15,0,1,1,1,1789653615
2026-09-17T14:00:31+00:00,2026-09-17T14:01:12.901048+00:00,f834ff5a-0de8-11e7-991c-3863bb43a7d0,145,0,0,0,17,0,1,1,1,1789653616
2026-09-17T14:00:31+00:00,2026-09-17T14:01:12.901048+00:00,f8349672-0de8-11e7-991c-3863bb43a7d0,72,23,5,0,0,0,1,1,1,1789653617
2026-09-17T14:00:31+00:00,2026-09-17T14:01:12.901048+00:00,2253794653988522864,2253794653988522864,5,0,0,14,0,1,1,1,1789653616
2026-09-17T14:00:31+00:00,2026-09-17T14:01:12.901048+00:00,f834923d-0de8-11e7-991c-3863bb43a7d0,65,19,5,0,0,0,1,1,1,1789653618
2026-09-17T14:00:31+00:00,2026-09-17T14:01:12.901048+00:00,31382324-2931-491a-827a-40149e45afee,232,3,0,1,7,0,1,1,1,1789653617
2026-09-17T14:00:31+00:00,2026-09-17T14:01:12.901048+00:00,f834fda2-0de8-11e7-991c-3863bb43a7d0,143,15,2,0,8,0,1,1,1,1789653619
2026-09-17T14:00:31+00:00,2026-09-17T14:01:12.901048+00:00,f8350be5-0de8-11e7-991c-3863bb43a7d0,160,1,0,0,13,0,1,1,1,1789653619
2026-09-17T14:00:31+00:00,2026-09-17T14:01:12.901048+00:00,f8351ff1-0de8-11e7-991c-3863bb43a7d0,193,10,0,1,3,0,1,1,1,1789653619
2026-09-17T14:00:31+00:00,2026-09-17T14:01:12.901048+00:00,66763558-7a03-48a9-8665-6b4445b81f48,458,13,2,0,2,0,1,1,1,1789653619
2026-09-17T14:00:31+00:00,2026-09-17T14:01:12.901048+00:00,f8352068-0de8-11e7-991c-3863bb43a7d0,194,5,0,1,13,0,1,1,1,1789653569
2026-09-17T14:00:31+00:00,2026-09-17T14:01:12.901048+00:00,f83481c5-0de8-11e7-991c-3863bb43a7d0,42,2,0,0,29,0,1,1,1,1789653570
2026-09-17T14:00:31+00:00,2026-09-17T14:01:12.901048+00:00,fe6a64e7-c712-404c-85ae-ee77a37245b1,355,13,1,0,4,0,1,1,1,1789653570
2026-09-17T14:00:31+00:00,2026-09-17T14:01:12.901048+00:00,2040842277416872172,2040842277416872172,16,3,0,0,0,1,1,1,1789653571
2026-09-17T14:00:31+00:00,2026-09-17T14:01:12.901048+00:00,12d463d2-ce50-43bd-81b1-6be4dbdbbc1b,430,11,0,0,8,0,1,1,1,1789653571
2026-09-17T14:00:31+00:00,2026-09-17T14:01:12.901048+00:00,2002579415401984808,2002579415401984808,3,0,0,8,0,1,1,1,1789653567
2026-09-17T14:00:31+00:00,2026-09-17T14:01:12.901048+00:00,2220822464984366036,2220822464984366036,7,4,0,4,1,1,1,1,1789653569
2026-09-17T14:00:31+00:00,2026-09-17T14:01:12.901048+00:00,f834dc46-0de8-11e7-991c-3863bb43a7d0,122,14,0,0,1,0,1,1,1,1789653571
2026-09-17T14:00:31+00:00,2026-09-17T14:01:12.901048+00:00,9c8366d8-3b58-4894-b281-09e22f6fe5f7,464,3,2,0,8,0,1,1,1,1789653571
2026-09-17T14:00:31+00:00,2026-09-17T14:01:12.901048+00:00,f8350a84-0de8-11e7-991c-3863bb43a7d0,157,14,9,1,0,0,1,1,1,1789653569
2026-09-17T14:00:31+00:00,2026-09-17T14:01:12.901048+00:00,f83512c9-0de8-11e7-991c-3863bb43a7d0,175,0,0,0,17,0,1,1,1,1789653579
2026-09-17T14:00:31+00:00,2026-09-17T14:01:12.901048+00:00,1976642295079838524,1976642295079838524,7,1,0,4,0,1,1,1,1789653575
2026-09-17T14:00:31+00:00,2026-09-17T14:01:12.901048+00:00,f834fc57-0de8-11e7-991c-3863bb43a7d0,140,12,0,0,5,0,1,1,1,1789653578
2026-09-17T14:00:31+00:00,2026-09-17T14:01:12.901048+00:00,1989983491501558234,1989983491501558234,2,2,0,9,0,1,1,1,1789653577
2026-09-17T14:00:31+00:00,2026-09-17T14:01:12.901048+00:00,c23a4c0d-7e43-4042-80e2-7c894d07763b,559,5,1,0,6,0,1,1,1,1789653577
2026-09-17T14:00:31+00:00,2026-09-17T14:01:12.901048+00:00,2014558273483754010,2014558273483754010,8,0,1,10,0,1,1,1,1789653587
2026-09-17T14:00:31+00:00,2026-09-17T14:01:12.901048+00:00,f834a838-0de8-11e7-991c-3863bb43a7d0,92,10,5,0,8,0,1,1,1,1789653587
2026-09-17T14:00:31+00:00,2026-09-17T14:01:12.901048+00:00,9f582e05-15e0-4a39-aef5-c719e0c78e26,466,3,1,3,5,0,1,1,1,1789653588
2026-09-17T14:00:31+00:00,2026-09-17T14:01:12.901048+00:00,f834ec42-0de8-11e7-991c-3863bb43a7d0,131,14,0,3,1,0,1,1,1,1789653584
2026-09-17T14:00:31+00:00,2026-09-17T14:01:12.901048+00:00,f834ea45-0de8-11e7-991c-3863bb43a7d0,130,4,0,0,11,0,1,1,1,1789653588
2026-09-17T14:00:31+00:00,2026-09-17T14:01:12.901048+00:00,f8347b1e-0de8-11e7-991c-3863bb43a7d0,30,15,1,0,0,0,1,1,1,1789653583
2026-09-17T14:00:31+00:00,2026-09-17T14:01:12.901048+00:00,47c44bb1-d065-41f5-ad79-c18aee60af34,342,0,0,1,14,0,1,1,1,1789653584
2026-09-17T14:00:31+00:00,2026-09-17T14:01:12.901048+00:00,13d4171b-6d93-490e-923f-f2a17d5c7613,13d4171b-6d93-490e-923f-f2a17d5c7613,4,0,0,7,0,1,1,1,1789653586
2026-09-17T14:00:31+00:00,2026-09-17T14:01:12.901048+00:00,2212663228188806942,2212663228188806942,12,0,0,12,0,1,1,1,1789653590
2026-09-17T14:00:31+00:00,2026-09-17T14:01:12.901048+00:00,eb8824c3-9c84-4fec-8d6f-d537c8ab3beb,349,2,0,0,15,0,1,1,1,1789653592
2026-09-17T14:00:31+00:00,2026-09-17T14:01:12.901048+00:00,2245672241002318634,2245672241002318634,5,0,0,13,0,1,1,1,1789653592
2026-09-17T14:00:31+00:00,2026-09-17T14:01:12.901048+00:00,403c0f6c-d01a-4171-a7be-3aa4dbb0d7d1,407,6,0,0,12,0,1,1,1,1789653589
2026-09-17T14:00:31+00:00,2026-09-17T14:01:12.901048+00:00,9e9be067-c6bb-41de-9491-eda69d24d6de,371,6,3,0,13,0,1,1,1,1789653589
2026-09-17T14:00:31+00:00,2026-09-17T14:01:12.901048+00:00,2035660824473983142,2035660824473983142,0,0,2,17,0,1,1,1,1789653590
2026-09-17T14:00:31+00:00,2026-09-17T14:01:12.901048+00:00,fe534b6f-61ad-47d3-b9f6-cdaa128f53a4,395,3,0,1,11,0,1,1,1,1789653503
2026-09-17T14:00:31+00:00,2026-09-17T14:01:12.901048+00:00,00802fe6-4268-4dc8-8f55-0dbbc1665ce6,515,0,0,1,18,0,1,1,1,1789653502
2026-09-17T14:00:31+00:00,2026-09-17T14:01:12.901048+00:00,a3bf0bfe-198b-4160-a2fb-cc7d10cfb4cf,a3bf0bfe-198b-4160-a2fb-cc7d10cfb4cf,3,0,1,15,0,1,1,1,1789653540
2026-09-17T14:00:31+00:00,2026-09-17T14:01:12.901048+00:00,2131760674371160748,2131760674371160748,12,1,0,8,0,1,1,1,1789653540
2026-09-17T14:00:31+00:00,2026-09-17T14:01:12.901048+00:00,f83489ff-0de8-11e7-991c-3863bb43a7d0,59,13,2,2,4,1,1,1,1,1789653541
2026-09-17T14:00:31+00:00,2026-09-17T14:01:12.901048+00:00,f8351490-0de8-11e7-991c-3863bb43a7d0,179,0,0,0,53,0,1,1,1,1789653541
2026-09-17T14:00:31+00:00,2026-09-17T14:01:12.901048+00:00,ad2fb6f2-921f-440c-83de-08be76e35c2a,468,7,0,0,8,0,1,1,1,1789653539
2026-09-17T14:00:31+00:00,2026-09-17T14:01:12.901048+00:00,f714390d-6874-43fa-a079-a07f83c79c7b,f714390d-6874-43fa-a079-a07f83c79c7b,3,2,1,7,0,1,1,1,1789653539
2026-09-17T14:00:31+00:00,2026-09-17T14:01:12.901048+00:00,228b8017-e4da-4722-9223-b8279a14b8ad,448,6,0,1,3,0,1,1,1,1789653540
2026-09-17T14:00:31+00:00,2026-09-17T14:01:12.901048+00:00,bd3d4824-7203-4edc-a314-cea2b413e886,319,1,0,0,26,0,1,1,1,1789653539
2026-09-17T14:00:31+00:00,2026-09-17T14:01:12.901048+00:00,2109111257926871498,2109111257926871498,1,0,0,18,0,1,1,1,1789653539
2026-09-17T14:00:31+00:00,2026-09-17T14:01:12.901048+00:00,f83515d8-0de8-11e7-991c-3863bb43a7d0,182,8,1,0,11,0,1,1,1,1789653545
2026-09-17T14:00:31+00:00,2026-09-17T14:01:12.901048+00:00,1921360868231155718,1921360868231155718,16,0,1,2,0,1,1,1,1789653546
2026-09-17T14:00:31+00:00,2026-09-17T14:01:12.901048+00:00,f8349e56-0de8-11e7-991c-3863bb43a7d0,81,0,0,0,19,0,1,1,1,1789653544
2026-09-17T14:00:31+00:00,2026-09-17T14:01:12.901048+00:00,2002248857751890568,2002248857751890568,7,2,0,4,0,1,1,1,1789653543
2026-09-17T14:00:31+00:00,2026-09-17T14:01:12.901048+00:00,d1c0b0c2-6e4c-424e-a946-a2a95a711633,422,4,0,1,10,0,1,1,1,1789653543
2026-09-17T14:00:31+00:00,2026-09-17T14:01:12.901048+00:00,f834a3a0-0de8-11e7-991c-3863bb43a7d0,87,0,0,0,15,0,1,1,1,1789653529
2026-09-17T14:00:31+00:00,2026-09-17T14:01:12.901048+00:00,7feae3ce-ddf2-4a45-a123-1209c8a9182b,484,6,3,0,5,0,1,1,1,1789653530
2026-09-17T14:00:31+00:00,2026-09-17T14:01:12.901048+00:00,f8346f6f-0de8-11e7-991c-3863bb43a7d0,19,13,0,0,2,0,1,1,1,1789653536
2026-09-17T14:00:31+00:00,2026-09-17T14:01:12.901048+00:00,ca76adb6-4c84-4484-9ec3-b411b81ddbef,ca76adb6-4c84-4484-9ec3-b411b81ddbef,9,0,0,10,0,1,1,1,1789653537
2026-09-17T14:00:31+00:00,2026-09-17T14:01:12.901048+00:00,f834caf2-0de8-11e7-991c-3863bb43a7d0,114,4,0,0,11,0,1,1,1,1789653560
2026-09-17T14:00:31+00:00,2026-09-17T14:01:12.901048+00:00,f8285d4f-5053-4e26-bb28-72016fe11353,405,4,0,0,15,0,1,1,1,1789653556
2026-09-17T14:00:31+00:00,2026-09-17T14:01:12.901048+00:00,1978882443666915710,1978882443666915710,8,5,1,8,1,1,1,1,1789653557
2026-09-17T14:00:31+00:00,2026-09-17T14:01:12.901048+00:00,5f8ced09-665c-41e5-b67e-1e58fac21830,521,1,0,0,10,0,1,1,1,1789653557
2026-09-17T14:00:31+00:00,2026-09-17T14:01:12.901048+00:00,0daf7408-7a15-4d2b-8c39-f1a097cdbe85,403,4,0,1,10,0,1,1,1,1789653558
2026-09-17T14:00:31+00:00,2026-09-17T14:01:12.901048+00:00,1a39ab83-f029-4134-aad4-35380b30bf2c,1a39ab83-f029-4134-aad4-35380b30bf2c,7,0,1,11,0,1,1,1,1789653561
2026-09-17T14:00:31+00:00,2026-09-17T14:01:12.901048+00:00,5bbdd12f-fec4-4741-9d5d-4a60834c5d02,377,2,0,2,13,2,1,1,1,1789653565
2026-09-17T14:00:31+00:00,2026-09-17T14:01:12.901048+00:00,2151136782588526782,2151136782588526782,6,0,0,5,0,1,1,1,1789653566
2026-09-17T14:00:31+00:00,2026-09-17T14:01:12.901048+00:00,c5017e67-cada-4549-a52e-0f13dddd289d,424,8,0,0,11,0,1,1,1,1789653567
2026-09-17T14:00:31+00:00,2026-09-17T14:01:12.901048+00:00,f0f01d4c-ba4a-4ab2-9cc0-9fa1f9223300,394,9,8,0,5,0,1,1,1,1789653562
2026-09-17T14:00:31+00:00,2026-09-17T14:01:12.901048+00:00,bd1755dc-f26c-420e-85b3-fd025d0b5445,554,11,0,0,4,0,1,1,1,1789653565
2026-09-17T14:00:31+00:00,2026-09-17T14:01:12.901048+00:00,42886366-9cbf-432c-ba84-beef38877c87,408,1,0,0,14,0,1,1,1,1789653516
2026-09-17T14:00:31+00:00,2026-09-17T14:01:12.901048+00:00,a75d3da1-ce74-447f-8e80-52506a81aff3,a75d3da1-ce74-447f-8e80-52506a81aff3,1,0,0,10,0,1,1,1,1789653526
2026-09-17T14:00:31+00:00,2026-09-17T14:01:12.901048+00:00,f8351dc2-0de8-11e7-991c-3863bb43a7d0,188,8,0,0,7,0,1,1,1,1789653523
2026-09-17T14:00:31+00:00,2026-09-17T14:01:12.901048+00:00,81676204-e42f-4d3d-991e-9c1264f36229,357,14,0,1,0,0,1,1,1,1789653527
2026-09-17T14:00:31+00:00,2026-09-17T14:01:12.901048+00:00,2076849845777355316,2076849845777355316,0,0,1,31,0,1,1,1,1789653613
2026-09-17T14:00:31+00:00,2026-09-17T14:01:12.901048+00:00,2212258635631104970,2212258635631104970,5,0,0,18,0,1,1,1,1789653614
2026-09-17T14:00:31+00:00,2026-09-17T14:01:12.901048+00:00,2225590560002383786,2225590560002383786,14,4,0,0,0,1,1,1,1789653613
2026-09-17T14:00:31+00:00,2026-09-17T14:01:12.901048+00:00,52485851-e554-49de-ab9f-f536806d2d34,52485851-e554-49de-ab9f-f536806d2d34,1,0,1,9,0,1,1,1,1789653610
2026-09-17T14:00:31+00:00,2026-09-17T14:01:12.901048+00:00,f834824e-0de8-11e7-991c-3863bb43a7d0,43,11,2,1,3,0,1,1,1,1789653609
2026-09-17T14:00:31+00:00,2026-09-17T14:01:12.901048+00:00,2038981933682610536,2038981933682610536,9,0,0,7,0,1,1,1,1789653611
2026-09-17T14:00:31+00:00,2026-09-17T14:01:12.901048+00:00,8347c34d-68df-404b-ac58-7a387cc3ce4b,414,19,5,0,4,0,1,1,1,1789653611
2026-09-17T14:00:31+00:00,2026-09-17T14:01:12.901048+00:00,1676a6f7-c417-48d2-92e8-5ce21995efc3,374,2,1,0,17,0,1,1,1,1789653610
2026-09-17T14:00:31+00:00,2026-09-17T14:01:12.901048+00:00,c1789d39-705f-4c03-9c14-4d6a3a4f4400,561,18,12,1,0,0,1,1,1,1789653611
2026-09-17T14:00:31+00:00,2026-09-17T14:01:12.901048+00:00,186accbb-6a08-4e1d-b267-9033c4443a56,401,5,0,0,10,0,1,1,1,1789653611
2026-09-17T14:00:31+00:00,2026-09-17T14:01:12.901048+00:00,f83529e2-0de8-11e7-991c-3863bb43a7d0,211,9,0,0,6,0,1,1,1,1789653612
2026-09-17T14:00:31+00:00,2026-09-17T14:01:12.901048+00:00,f834fede-0de8-11e7-991c-3863bb43a7d0,144,3,0,0,16,0,1,1,1,1789653613
2026-09-17T14:00:31+00:00,2026-09-17T14:01:12.901048+00:00,2007420398783036020,2007420398783036020,5,0,1,14,0,1,1,1,1789653465
2026-09-17T14:00:31+00:00,2026-09-17T14:01:12.901048+00:00,7df1ee28-441e-44c1-8507-8f58946be96b,239,0,0,14,1,0,1,0,0,1789624652
2026-09-17T14:00:31+00:00,2026-09-17T14:01:12.901048+00:00,7c860828-3359-4229-b59b-963f5a4bab00,236,9,1,0,3,0,1,1,1,1789653552
2026-09-17T14:00:31+00:00,2026-09-17T14:01:12.901048+00:00,f83480a9-0de8-11e7-991c-3863bb43a7d0,40,16,0,0,15,0,1,1,1,1789653553
2026-09-17T14:00:31+00:00,2026-09-17T14:01:12.901048+00:00,f834ab92-0de8-11e7-991c-3863bb43a7d0,95,0,0,0,15,0,1,1,1,1789653554
2026-09-17T14:00:31+00:00,2026-09-17T14:01:12.901048+00:00,065e0e5d-8a0d-49b7-9c1f-c8eaba51a8b4,490,10,1,1,7,0,1,1,1,1789653554
2026-09-17T14:00:31+00:00,2026-09-17T14:01:12.901048+00:00,9cc65d3d-cfcc-45ff-8f75-7264556b1cf9,9cc65d3d-cfcc-45ff-8f75-7264556b1cf9,0,0,0,19,0,1,1,1,1789653555
2026-09-17T14:00:31+00:00,2026-09-17T14:01:12.901048+00:00,f8351eb0-0de8-11e7-991c-3863bb43a7d0,190,0,0,36,0,0,1,0,0,1789653595
2026-09-17T14:00:31+00:00,2026-09-17T14:01:12.901048+00:00,12141b77-6e5f-444b-bace-2abf16db4fee,12141b77-6e5f-444b-bace-2abf16db4fee,7,0,2,2,0,1,1,1,1789653595
2026-09-17T14:00:31+00:00,2026-09-17T14:01:12.901048+00:00,f83471a1-0de8-11e7-991c-3863bb43a7d0,23,17,3,0,8,0,1,1,1,1789653596
2026-09-17T14:00:31+00:00,2026-09-17T14:01:12.901048+00:00,f834f8ca-0de8-11e7-991c-3863bb43a7d0,137,8,0,2,9,0,1,1,1,1789653594
2026-09-17T14:00:31+00:00,2026-09-17T14:01:12.901048+00:00,f8352ac4-0de8-11e7-991c-3863bb43a7d0,213,9,2,0,5,0,1,1,1,1789653598
2026-09-17T14:00:31+00:00,2026-09-17T14:01:12.901048+00:00,4c128753-6fde-4d4c-896e-a1adf89ada98,4c128753-6fde-4d4c-896e-a1adf89ada98,23,7,2,0,0,1,1,1,1789653598
2026-09-17T14:00:31+00:00,2026-09-17T14:01:12.901048+00:00,0b0467c1-0c90-4529-a556-fe4d57835bbb,435,5,0,0,10,0,1,1,1,1789653593
2026-09-17T14:00:31+00:00,2026-09-17T14:01:12.901048+00:00,81bfc33b-30d8-4881-b261-712715a8b2bc,363,1,0,0,17,0,1,1,1,1789653597
2026-09-17T14:00:31+00:00,2026-09-17T14:01:12.901048+00:00,2098360140389493528,2098360140389493528,2,2,2,7,0,1,1,1,1789653593
2026-09-17T14:00:31+00:00,2026-09-17T14:01:12.901048+00:00,4f25f6ef-236b-43b4-8a92-68a24db0504b,4f25f6ef-236b-43b4-8a92-68a24db0504b,9,0,0,5,0,1,1,1,1789653601
2026-09-17T14:00:31+00:00,2026-09-17T14:01:12.901048+00:00,6e340d8e-45db-4fd9-b6eb-b74ec73b0d3e,535,3,2,1,11,0,1,1,1,1789653602
2026-09-17T14:00:31+00:00,2026-09-17T14:01:12.901048+00:00,f834a7d1-0de8-11e7-991c-3863bb43a7d0,91,19,0,0,0,0,1,1,1,1789653600
2026-09-17T14:00:31+00:00,2026-09-17T14:01:12.901048+00:00,53548ba4-ad0a-4d92-8e57-fd5c9f3ad102,399,4,0,0,11,0,1,1,1,1789653600
2026-09-17T14:00:31+00:00,2026-09-17T14:01:12.901048+00:00,e32c0bb9-e85b-4764-b0fb-5c582cfd3a90,340,11,2,0,7,1,1,1,1,1789653602
2026-09-17T14:00:31+00:00,2026-09-17T14:01:12.901048+00:00,2130224177726511580,2130224177726511580,6,3,0,9,0,1,1,1,1789653604
2026-09-17T14:00:31+00:00,2026-09-17T14:01:12.901048+00:00,f835260c-0de8-11e7-991c-3863bb43a7d0,206,9,0,0,31,0,1,1,1,1789653606
2026-09-17T14:00:31+00:00,2026-09-17T14:01:12.901048+00:00,2254164250455119196,2254164250455119196,7,4,0,8,0,1,1,1,1789653607
2026-09-17T14:00:31+00:00,2026-09-17T14:01:12.901048+00:00,f8349ed6-0de8-11e7-991c-3863bb43a7d0,82,8,0,0,17,0,1,1,1,1789653578
2026-09-17T14:00:31+00:00,2026-09-17T14:01:12.901048+00:00,2118368356250680236,2118368356250680236,5,0,1,10,0,1,1,1,1789653609
2026-09-17T14:00:31+00:00,2026-09-17T14:01:12.901048+00:00,1942556871369959976,1942556871369959976,4,2,0,15,0,1,1,1,1789653606
2026-09-17T14:00:31+00:00,2026-09-17T14:01:12.901048+00:00,f834dedf-0de8-11e7-991c-3863bb43a7d0,124,7,0,0,6,0,1,1,1,1789653548
2026-09-17T14:00:31+00:00,2026-09-17T14:01:12.901048+00:00,a83f982f-a4f1-43e4-98e8-c8f4a0bb7290,452,1,0,0,14,0,1,1,1,1789653547
2026-09-17T14:00:31+00:00,2026-09-17T14:01:12.901048+00:00,aa556ad4-0092-4687-96c2-8dbc69addb56,485,8,5,1,2,0,1,1,1,1789653547
2026-09-17T14:00:31+00:00,2026-09-17T14:01:12.901048+00:00,f8348a68-0de8-11e7-991c-3863bb43a7d0,60,2,2,1,15,0,1,1,1,1789653515
2026-09-17T14:00:31+00:00,2026-09-17T14:01:12.901048+00:00,f834658f-0de8-11e7-991c-3863bb43a7d0,4,9,0,0,10,0,1,1,1,1789653515
2026-09-17T14:00:31+00:00,2026-09-17T14:01:12.901048+00:00,f835108b-0de8-11e7-991c-3863bb43a7d0,170,6,2,0,8,0,1,1,1,1789653513
2026-09-17T14:00:31+00:00,2026-09-17T14:01:12.901048+00:00,2104f242-2dde-4ec0-8197-4454b1021ac1,381,0,0,2,21,1,1,1,1,1789653581
2026-09-17T14:00:31+00:00,2026-09-17T14:01:12.901048+00:00,2093488029445054742,2093488029445054742,3,0,2,23,0,1,1,1,1789653581
2026-09-17T14:00:31+00:00,2026-09-17T14:01:12.901048+00:00,2129865213174084448,2129865213174084448,1,1,0,18,0,1,1,1,1789653581
2026-09-17T14:00:31+00:00,2026-09-17T14:01:12.901048+00:00,4fe8e777-345b-4fc2-a684-dd874e8186d8,4fe8e777-345b-4fc2-a684-dd874e8186d8,12,1,0,3,0,1,1,1,1789653581
2026-09-17T14:00:31+00:00,2026-09-17T14:01:12.901048+00:00,e2c306f6-82c7-4d0d-89fd-c9452d2f9ad1,361,42,18,0,0,0,1,1,1,1789653582
2026-09-17T14:00:31+00:00,2026-09-17T14:01:12.901048+00:00,2123672938202825324,2123672938202825324,5,0,1,9,0,1,1,1,1789653610
2026-09-17T14:00:31+00:00,2026-09-17T14:01:12.901048+00:00,ed6c012e-6d6c-41e7-8e01-90749fd67575,546,6,3,1,8,1,1,1,1,1789653611
2026-09-17T14:00:31+00:00,2026-09-17T14:01:12.901048+00:00,eee3aab6-bd98-4d1f-8887-9c4e2adce482,eee3aab6-bd98-4d1f-8887-9c4e2adce482,3,2,1,6,0,1,1,1,1789653611
2026-09-17T14:00:31+00:00,2026-09-17T14:01:12.901048+00:00,f8351726-0de8-11e7-991c-3863bb43a7d0,185,14,4,0,0,0,1,1,1,1789653615
2026-09-17T14:00:31+00:00,2026-09-17T14:01:12.901048+00:00,f8350204-0de8-11e7-991c-3863bb43a7d0,151,16,1,0,3,0,1,1,1,1789653615
2026-09-17T14:00:31+00:00,2026-09-17T14:01:12.901048+00:00,2096125468116637776,2096125468116637776,6,2,0,9,0,1,1,1,1789653616
2026-09-17T14:00:31+00:00,2026-09-17T14:01:12.901048+00:00,f8352378-0de8-11e7-991c-3863bb43a7d0,200,6,0,0,13,0,1,1,1,1789653616
2026-09-17T14:00:31+00:00,2026-09-17T14:01:12.901048+00:00,2249419943962214726,2249419943962214726,0,0,0,19,0,1,1,1,1789653616
2026-09-17T14:00:31+00:00,2026-09-17T14:01:12.901048+00:00,2071630998981871920,2071630998981871920,4,0,0,16,0,1,1,1,1789653616
2026-09-17T14:00:31+00:00,2026-09-17T14:01:12.901048+00:00,9340e113-e0b2-48ac-b58a-8b6f001b0a94,486,5,0,0,6,0,1,1,1,1789653616
2026-09-17T14:00:31+00:00,2026-09-17T14:01:12.901048+00:00,f834ba08-0de8-11e7-991c-3863bb43a7d0,108,14,0,1,2,0,1,1,1,1789653617
2026-09-17T14:00:31+00:00,2026-09-17T14:01:12.901048+00:00,f83483f3-0de8-11e7-991c-3863bb43a7d0,46,4,0,3,30,0,1,1,1,1789653617
2026-09-17T14:00:31+00:00,2026-09-17T14:01:12.901048+00:00,f83520d8-0de8-11e7-991c-3863bb43a7d0,195,10,1,0,13,0,1,1,1,1789653617
2026-09-17T14:00:31+00:00,2026-09-17T14:01:12.901048+00:00,f834b99d-0de8-11e7-991c-3863bb43a7d0,107,18,9,1,1,0,1,1,1,1789653617
2026-09-17T14:00:31+00:00,2026-09-17T14:01:12.901048+00:00,be18593a-9e4c-4a13-8bb2-a5bac3d9b2b3,547,5,2,1,11,0,1,1,1,1789653617
2026-09-17T14:00:31+00:00,2026-09-17T14:01:12.901048+00:00,c202f2ca-ec1d-4dc5-a734-e0a342f23ba4,279,13,2,0,10,0,1,1,1,1789653617
2026-09-17T14:00:31+00:00,2026-09-17T14:01:12.901048+00:00,74cb9bf6-bb53-4c70-88d2-67998b99628c,296,0,0,0,23,0,1,1,1,1789653619
2026-09-17T14:00:31+00:00,2026-09-17T14:01:12.901048+00:00,2d32e355-faee-407b-9bb7-45d80ffb059a,2d32e355-faee-407b-9bb7-45d80ffb059a,19,5,0,0,0,1,1,1,1789653619
2026-09-17T14:00:31+00:00,2026-09-17T14:01:12.901048+00:00,93381e13-cd04-4e10-ac81-9f5926aa01d5,333,5,0,1,19,0,1,1,1,1789653618
2026-09-17T14:00:31+00:00,2026-09-17T14:01:12.901048+00:00,1df03e33-c105-4e53-b013-d20056cd57f8,1df03e33-c105-4e53-b013-d20056cd57f8,0,0,0,0,0,0,0,0,86400
2026-09-17T14:00:31+00:00,2026-09-17T14:01:12.901048+00:00,2040842870122359032,2040842870122359032,16,11,1,3,0,1,1,1,1789653463
2026-09-17T14:00:31+00:00,2026-09-17T14:01:12.901048+00:00,1965873511294959658,1965873511294959658,13,5,0,10,0,1,1,1,1789653505
2026-09-17T14:00:31+00:00,2026-09-17T14:01:12.901048+00:00,f8352ba8-0de8-11e7-991c-3863bb43a7d0,215,0,0,0,15,0,1,1,1,1789653510
2026-09-17T14:00:31+00:00,2026-09-17T14:01:12.901048+00:00,8b97606e-a849-4db8-ae9b-4009fe48d90b,556,14,1,0,4,0,1,1,1,1789653510
2026-09-17T14:00:31+00:00,2026-09-17T14:01:12.901048+00:00,f83517fa-0de8-11e7-991c-3863bb43a7d0,187,2,0,0,13,0,1,1,1,1789653508
2026-09-17T14:00:31+00:00,2026-09-17T14:01:12.901048+00:00,2141791438824588162,2141791438824588162,3,0,0,16,0,1,1,1,1789653508
2026-09-17T14:00:31+00:00,2026-09-17T14:01:12.901048+00:00,270ad97d-035d-472a-9827-76d3187afc56,402,3,0,2,10,0,1,1,1,1789653509
2026-09-17T14:00:31+00:00,2026-09-17T14:01:12.901048+00:00,1991922092203192944,1991922092203192944,11,2,0,8,0,1,1,1,1789653515
2026-09-17T14:00:31+00:00,2026-09-17T14:01:12.901048+00:00,25a9114f-66f0-427c-920f-5526ca84f056,346,0,0,4,10,1,1,0,0,1789609909
2026-09-17T14:00:31+00:00,2026-09-17T14:01:12.901048+00:00,57716f8d-c9ee-4768-8872-71343ec3ffd8,514,0,0,11,8,0,1,0,0,1789609590
2026-09-17T14:00:31+00:00,2026-09-17T14:01:12.901048+00:00,f8350b76-0de8-11e7-991c-3863bb43a7d0,159,14,2,1,5,0,1,1,1,1789653444
2026-09-17T14:00:31+00:00,2026-09-17T14:01:12.901048+00:00,f8346d23-0de8-11e7-991c-3863bb43a7d0,15,9,1,1,5,0,1,1,1,1789653521
2026-09-17T14:00:31+00:00,2026-09-17T14:01:12.901048+00:00,b34694c2-c640-4f70-b196-1c357ab798e0,b34694c2-c640-4f70-b196-1c357ab798e0,6,0,0,9,0,1,1,1,1789653521
2026-09-17T14:00:31+00:00,2026-09-17T14:01:12.901048+00:00,0208190e-851c-417d-8bc7-1b218db97fbf,0208190e-851c-417d-8bc7-1b218db97fbf,19,4,2,1,0,1,1,1,1789653522
2026-09-17T14:00:31+00:00,2026-09-17T14:01:12.901048+00:00,380de8b2-2728-4e4b-83f1-251bfbb5acf2,487,0,0,0,19,0,1,1,1,1789653524
2026-09-17T14:00:31+00:00,2026-09-17T14:01:12.901048+00:00,903b9b5d-4244-43e4-8441-0d17f9a994f7,528,9,2,0,2,0,1,1,1,1789653559
2026-09-17T14:00:31+00:00,2026-09-17T14:01:12.901048+00:00,f8351f1d-0de8-11e7-991c-3863bb43a7d0,191,11,1,1,3,0,1,1,1,1789653562
2026-09-17T14:00:31+00:00,2026-09-17T14:01:12.901048+00:00,f834f6a3-0de8-11e7-991c-3863bb43a7d0,135,17,8,0,0,0,1,1,1,1789653563
2026-09-17T14:00:31+00:00,2026-09-17T14:01:12.901048+00:00,2145094035874873892,2145094035874873892,12,4,1,6,0,1,1,1,1789653562
2026-09-17T14:00:31+00:00,2026-09-17T14:01:12.901048+00:00,2027502297316997708,2027502297316997708,9,0,0,2,0,1,1,1,1789653561
2026-09-17T14:00:31+00:00,2026-09-17T14:01:12.901048+00:00,1994466222105870452,1994466222105870452,11,7,0,0,0,1,1,1,1789653565
2026-09-17T14:00:31+00:00,2026-09-17T14:01:12.901048+00:00,2119105928286481344,2119105928286481344,6,5,0,13,0,1,1,1,1789653563
2026-09-17T14:00:31+00:00,2026-09-17T14:01:12.901048+00:00,f834708e-0de8-11e7-991c-3863bb43a7d0,21,16,3,0,2,0,1,1,1,1789653556
2026-09-17T14:00:31+00:00,2026-09-17T14:01:12.901048+00:00,f83482d2-0de8-11e7-991c-3863bb43a7d0,44,12,0,0,19,0,1,1,1,1789653564
2026-09-17T14:00:31+00:00,2026-09-17T14:01:12.901048+00:00,f8352b39-0de8-11e7-991c-3863bb43a7d0,214,3,0,1,11,0,1,1,1,1789653530
2026-09-17T14:00:31+00:00,2026-09-17T14:01:12.901048+00:00,888780ee-bf2f-474e-9622-6bc725aa1b00,888780ee-bf2f-474e-9622-6bc725aa1b00,3,1,0,8,0,1,1,1,1789653547
2026-09-17T14:00:31+00:00,2026-09-17T14:01:12.901048+00:00,f2b83aa2-86cd-4904-a099-74bf2023f768,330,14,4,0,0,0,1,1,1,1789653548
2026-09-17T14:00:31+00:00,2026-09-17T14:01:12.901048+00:00,9bfa4a32-5598-46ea-a1a1-17b4c6ed9d84,431,4,1,0,11,0,1,1,1,1789653544
2026-09-17T14:00:31+00:00,2026-09-17T14:01:12.901048+00:00,a6e0db4f-fc9b-42af-bfe0-36cc0259b717,446,16,2,0,0,0,1,1,1,1789653545
2026-09-17T14:00:31+00:00,2026-09-17T14:01:12.901048+00:00,ef6ef93b-488f-496b-afbf-3aedfd967129,517,3,1,2,10,0,1,1,1,1789653549
2026-09-17T14:00:31+00:00,2026-09-17T14:01:12.901048+00:00,f8346803-0de8-11e7-991c-3863bb43a7d0,8,7,0,1,12,0,1,1,1,1789653545
2026-09-17T14:00:31+00:00,2026-09-17T14:01:12.901048+00:00,b205d2bb-bb76-49ac-8d14-85eec5a874d3,343,6,1,0,9,0,1,1,1,1789653545
2026-09-17T14:00:31+00:00,2026-09-17T14:01:12.901048+00:00,2014865445230483952,2014865445230483952,0,0,0,16,0,1,1,1,1789653572
2026-09-17T14:00:31+00:00,2026-09-17T14:01:12.901048+00:00,f8350ecf-0de8-11e7-991c-3863bb43a7d0,167,7,0,0,8,0,1,1,1,1789653574
2026-09-17T14:00:31+00:00,2026-09-17T14:01:12.901048+00:00,f83491d4-0de8-11e7-991c-3863bb43a7d0,64,22,7,1,0,0,1,1,1,1789653574
2026-09-17T14:00:31+00:00,2026-09-17T14:01:12.901048+00:00,f834b101-0de8-11e7-991c-3863bb43a7d0,97,2,0,0,17,0,1,1,1,1789653576
2026-09-17T14:00:31+00:00,2026-09-17T14:01:12.901048+00:00,f8352219-0de8-11e7-991c-3863bb43a7d0,197,3,0,2,10,0,1,1,1,1789653575
2026-09-17T14:00:31+00:00,2026-09-17T14:01:12.901048+00:00,f834e534-0de8-11e7-991c-3863bb43a7d0,128,5,1,1,13,0,1,1,1,1789653534
2026-09-17T14:00:31+00:00,2026-09-17T14:01:12.901048+00:00,f8349440-0de8-11e7-991c-3863bb43a7d0,68,0,0,1,18,0,1,1,1,1789653526
2026-09-17T14:00:31+00:00,2026-09-17T14:01:12.901048+00:00,f83511d4-0de8-11e7-991c-3863bb43a7d0,173,5,0,0,9,0,1,1,1,1789653528
2026-09-17T14:00:31+00:00,2026-09-17T14:01:12.901048+00:00,7f68a70d-af0e-450a-b7a8-ce621cd0c8c1,280,11,0,1,7,0,1,1,1,1789653530
2026-09-17T14:00:31+00:00,2026-09-17T14:01:12.901048+00:00,36f36eed-1070-49be-8b31-5676b8b3489f,227,19,2,0,0,0,1,1,1,1789653566
2026-09-17T14:00:31+00:00,2026-09-17T14:01:12.901048+00:00,f8347f09-0de8-11e7-991c-3863bb43a7d0,37,14,1,0,1,0,1,1,1,1789653568
2026-09-17T14:00:31+00:00,2026-09-17T14:01:12.901048+00:00,61168d8b-20b7-46c8-8f08-6ae1f100c4e0,550,10,0,0,7,0,1,1,1,1789653569
2026-09-17T14:00:31+00:00,2026-09-17T14:01:12.901048+00:00,f834cfd8-0de8-11e7-991c-3863bb43a7d0,117,13,0,1,3,0,1,1,1,1789653578
2026-09-17T14:00:31+00:00,2026-09-17T14:01:12.901048+00:00,f834abfd-0de8-11e7-991c-3863bb43a7d0,96,6,0,0,13,0,1,1,1,1789653560
2026-09-17T14:00:31+00:00,2026-09-17T14:01:12.901048+00:00,2259733531216984776,2259733531216984776,4,0,0,11,0,1,1,1,1789653580
2026-09-17T14:00:31+00:00,2026-09-17T14:01:12.901048+00:00,5b1d2661-8a93-4f14-b242-ebc52792f951,337,12,8,0,3,0,1,1,1,1789653581
2026-09-17T14:00:31+00:00,2026-09-17T14:01:12.901048+00:00,2043911250700610106,2043911250700610106,15,6,0,0,0,1,1,1,1789653576
2026-09-17T14:00:31+00:00,2026-09-17T14:01:12.901048+00:00,f9524971-e9f9-4572-aebc-580e48de042f,f9524971-e9f9-4572-aebc-580e48de042f,5,0,0,14,0,1,1,1,1789653577
2026-09-17T14:00:31+00:00,2026-09-17T14:01:12.901048+00:00,68e5e79a-3c94-4848-b619-9c0829d7f687,475,6,1,3,6,0,1,1,1,1789653580
2026-09-17T14:00:31+00:00,2026-09-17T14:01:12.901048+00:00,8a404180-7c2e-4dbe-9489-c478ed959282,8a404180-7c2e-4dbe-9489-c478ed959282,10,7,0,9,0,1,1,1,1789653579
2026-09-17T14:00:31+00:00,2026-09-17T14:01:12.901048+00:00,90330e1a-dee5-4914-9d3f-3891aeca12ca,434,9,2,0,10,0,1,1,1,1789653578
2026-09-17T14:00:31+00:00,2026-09-17T14:01:12.901048+00:00,9721c80e-fc8f-474f-8918-b68c041d2836,9721c80e-fc8f-474f-8918-b68c041d2836,5,0,0,18,0,1,1,1,1789653579
2026-09-17T14:00:31+00:00,2026-09-17T14:01:12.901048+00:00,f8347c41-0de8-11e7-991c-3863bb43a7d0,32,13,4,0,1,0,1,1,1,1789653579
2026-09-17T14:00:31+00:00,2026-09-17T14:01:12.901048+00:00,f83497b9-0de8-11e7-991c-3863bb43a7d0,74,16,0,2,0,0,1,1,1,1789653581
2026-09-17T14:00:31+00:00,2026-09-17T14:01:12.901048+00:00,aa964f5b-fadf-4fc1-8c91-84ee36e15f0d,341,12,1,0,1,1,1,1,1,1789653594
2026-09-17T14:00:31+00:00,2026-09-17T14:01:12.901048+00:00,f8350cc1-0de8-11e7-991c-3863bb43a7d0,162,8,3,0,7,0,1,1,1,1789653592
2026-09-17T14:00:31+00:00,2026-09-17T14:01:12.901048+00:00,dede6d5f-7d62-496e-a8ca-d5a64afe39c1,544,0,0,1,14,0,1,1,1,1789653593
2026-09-17T14:00:31+00:00,2026-09-17T14:01:12.901048+00:00,1a661bb7-7d14-49e9-ac3d-22bafec8a2f0,507,5,2,0,6,0,1,1,1,1789653595
2026-09-17T14:00:31+00:00,2026-09-17T14:01:12.901048+00:00,d22265a8-a6d7-4922-a6b5-4be738a9e5c4,392,14,12,0,1,0,1,1,1,1789653598
2026-09-17T14:00:31+00:00,2026-09-17T14:01:12.901048+00:00,ccf82572-a142-4378-9a4b-5a51fcb4ef81,350,3,0,0,14,0,1,1,1,1789653598
2026-09-17T14:00:31+00:00,2026-09-17T14:01:12.901048+00:00,f834c7a9-0de8-11e7-991c-3863bb43a7d0,112,6,1,0,9,0,1,1,1,1789653593
2026-09-17T14:00:31+00:00,2026-09-17T14:01:12.901048+00:00,1986302395589722758,1986302395589722758,5,3,0,5,0,1,1,1,1789653594
2026-09-17T14:00:31+00:00,2026-09-17T14:01:12.901048+00:00,6aebc664-1e3c-479f-8f65-2bae99215ed3,6aebc664-1e3c-479f-8f65-2bae99215ed3,4,2,0,7,0,1,1,1,1789653596
2026-09-17T14:00:31+00:00,2026-09-17T14:01:12.901048+00:00,295553ea-851b-4ac2-a094-f9d1208e399a,412,7,1,0,12,0,1,1,1,1789653597
2026-09-17T14:00:31+00:00,2026-09-17T14:01:12.901048+00:00,f8347ccd-0de8-11e7-991c-3863bb43a7d0,33,9,2,0,18,0,1,1,1,1789653602
2026-09-17T14:00:31+00:00,2026-09-17T14:01:12.901048+00:00,2039109354743046934,2039109354743046934,18,1,1,0,1,1,1,1,1789653602
2026-09-17T14:00:31+00:00,2026-09-17T14:01:12.901048+00:00,baab0b05-a028-4147-8432-a2726c7e48ea,328,7,3,1,7,0,1,1,1,1789653602
2026-09-17T14:00:31+00:00,2026-09-17T14:01:12.901048+00:00,f8347e78-0de8-11e7-991c-3863bb43a7d0,36,7,5,0,24,0,1,1,1,1789653602
2026-09-17T14:00:31+00:00,2026-09-17T14:01:12.901048+00:00,b6a8522d-296d-4c05-887d-842374520780,545,11,10,0,3,0,1,1,1,1789653599
2026-09-17T14:00:31+00:00,2026-09-17T14:01:12.901048+00:00,23146f28-9762-4a6d-a6db-fcd4ff0e5d07,356,14,1,0,9,0,1,1,1,1789653600
2026-09-17T14:00:31+00:00,2026-09-17T14:01:12.901048+00:00,f834a959-0de8-11e7-991c-3863bb43a7d0,94,1,0,0,10,0,1,1,1,1789653600
2026-09-17T14:00:31+00:00,2026-09-17T14:01:12.901048+00:00,f835288a-0de8-11e7-991c-3863bb43a7d0,208,10,0,0,5,0,1,1,1,1789653601
2026-09-17T14:00:31+00:00,2026-09-17T14:01:12.901048+00:00,f83488be-0de8-11e7-991c-3863bb43a7d0,56,10,1,1,7,0,1,1,1,1789653600
2026-09-17T14:00:31+00:00,2026-09-17T14:01:12.901048+00:00,f834b8b3-0de8-11e7-991c-3863bb43a7d0,105,0,0,0,19,0,1,1,1,1789653601
2026-09-17T14:00:31+00:00,2026-09-17T14:01:12.901048+00:00,f83492b4-0de8-11e7-991c-3863bb43a7d0,66,0,0,0,15,0,1,1,1,1789653543
2026-09-17T14:00:31+00:00,2026-09-17T14:01:12.901048+00:00,1963613484180639992,1963613484180639992,11,3,0,8,0,1,1,1,1789653540
2026-09-17T14:00:31+00:00,2026-09-17T14:01:12.901048+00:00,ea65c25f-0718-4f79-8588-c58b9fe3a105,226,3,0,0,12,0,1,1,1,1789653540
2026-09-17T14:00:31+00:00,2026-09-17T14:01:12.901048+00:00,7e1dae55-4d3d-4a41-b969-2aeca70e0e69,7e1dae55-4d3d-4a41-b969-2aeca70e0e69,3,0,0,8,0,1,1,1,1789653541
2026-09-17T14:00:31+00:00,2026-09-17T14:01:12.901048+00:00,868ccc83-99e5-4faf-96eb-e1fae26b9741,481,18,2,0,1,0,1,1,1,1789653551
2026-09-17T14:00:31+00:00,2026-09-17T14:01:12.901048+00:00,d5349097-b478-4b3f-9c46-d8fbcf38e3f4,509,6,0,0,6,0,1,1,1,1789653552
2026-09-17T14:00:31+00:00,2026-09-17T14:01:12.901048+00:00,d8ce5f8b-2440-45e1-ab1c-23cb3bcbde84,527,4,0,0,9,0,1,1,1,1789653553
2026-09-17T14:00:31+00:00,2026-09-17T14:01:12.901048+00:00,e4678b17-face-42c3-9b5f-98418d31e3b6,e4678b17-face-42c3-9b5f-98418d31e3b6,8,1,0,3,0,1,1,1,1789653553
2026-09-17T14:00:31+00:00,2026-09-17T14:01:12.901048+00:00,f834a8a0-0de8-11e7-991c-3863bb43a7d0,93,2,0,0,28,0,1,1,1,1789653551
2026-09-17T14:00:31+00:00,2026-09-17T14:01:12.901048+00:00,56817d8e-3a1c-431a-a529-1a600f80c364,366,0,0,0,27,0,1,1,1,1789653554
2026-09-17T14:00:31+00:00,2026-09-17T14:01:12.901048+00:00,f8352534-0de8-11e7-991c-3863bb43a7d0,204,7,0,0,8,0,1,1,1,1789653587
2026-09-17T14:00:31+00:00,2026-09-17T14:01:12.901048+00:00,df03c61a-29d7-445d-9980-d7f058916591,345,11,3,0,8,0,1,1,1,1789653583
2026-09-17T14:00:31+00:00,2026-09-17T14:01:12.901048+00:00,f8346ad7-0de8-11e7-991c-3863bb43a7d0,11,13,5,1,0,0,1,1,1,1789653583
2026-09-17T14:00:31+00:00,2026-09-17T14:01:12.901048+00:00,2249415127458891992,2249415127458891992,13,1,0,2,0,1,1,1,1789653583
2026-09-17T14:00:31+00:00,2026-09-17T14:01:12.901048+00:00,2246034666940677832,2246034666940677832,5,3,0,6,0,1,1,1,1789653585
2026-09-17T14:00:31+00:00,2026-09-17T14:01:12.901048+00:00,2118728866631796788,2118728866631796788,2,0,0,13,0,1,1,1,1789653585
2026-09-17T14:00:31+00:00,2026-09-17T14:01:12.901048+00:00,2087949096844032050,2087949096844032050,4,0,0,11,0,1,1,1,1789653586
2026-09-17T14:00:31+00:00,2026-09-17T14:01:12.901048+00:00,2110984374959099994,2110984374959099994,14,0,0,6,0,1,1,1,1789653588
2026-09-17T14:00:31+00:00,2026-09-17T14:01:12.901048+00:00,81323081-749c-44cf-ac62-0e6c64305c32,461,3,3,1,7,0,1,1,1,1789653589
2026-09-17T14:00:31+00:00,2026-09-17T14:01:12.901048+00:00,ff938129-8179-455c-9ac9-9fcb9fc0b6d5,ff938129-8179-455c-9ac9-9fcb9fc0b6d5,6,0,0,13,0,1,1,1,1789653590
2026-09-17T14:00:31+00:00,2026-09-17T14:01:12.901048+00:00,8983c75a-12c1-4995-aedc-24c94bd895e3,384,17,6,0,2,0,1,1,1,1789653591
2026-09-17T14:00:31+00:00,2026-09-17T14:01:12.901048+00:00,f8348622-0de8-11e7-991c-3863bb43a7d0,50,18,2,1,0,0,1,1,1,1789653590
2026-09-17T14:00:31+00:00,2026-09-17T14:01:12.901048+00:00,1e1b40cd-8e00-4b74-b147-be6b23f5c9e7,385,15,0,0,0,0,1,1,1,1789653589
2026-09-17T14:00:31+00:00,2026-09-17T14:01:12.901048+00:00,2069389896750516900,2069389896750516900,20,4,0,0,0,1,1,1,1789653535
2026-09-17T14:00:31+00:00,2026-09-17T14:01:12.901048+00:00,2090158541932726550,2090158541932726550,3,0,0,12,0,1,1,1,1789653592
2026-09-17T14:00:31+00:00,2026-09-17T14:01:12.901048+00:00,1994054629753598708,1994054629753598708,13,0,0,1,0,1,1,1,1789653604
2026-09-17T14:00:31+00:00,2026-09-17T14:01:12.901048+00:00,f83513a7-0de8-11e7-991c-3863bb43a7d0,177,6,0,0,13,0,1,1,1,1789653605
2026-09-17T14:00:31+00:00,2026-09-17T14:01:12.901048+00:00,fe90d430-d33f-48b2-a5cd-bc161b220939,553,1,0,0,21,0,1,1,1,1789653604
2026-09-17T14:00:31+00:00,2026-09-17T14:01:12.901048+00:00,c5cfd1ed-aa44-4e20-96bb-e334c96f0d68,376,2,0,0,13,0,1,1,1,1789653608
2026-09-17T14:00:31+00:00,2026-09-17T14:01:12.901048+00:00,2080205593583047424,2080205593583047424,0,0,1,15,0,1,1,1,1789653609
2026-09-17T14:00:31+00:00,2026-09-17T14:01:12.901048+00:00,f8346b6f-0de8-11e7-991c-3863bb43a7d0,12,10,2,0,17,0,1,1,1,1789653603
2026-09-17T14:00:31+00:00,2026-09-17T14:01:12.901048+00:00,1cced911-b428-4cfd-81be-3a8f77ce7379,233,9,0,1,4,1,1,1,1,1789653610
2026-09-17T14:00:31+00:00,2026-09-17T14:01:12.901048+00:00,7560f0e3-267b-4fb3-bbfa-6e02010cfcb7,225,0,0,1,18,0,1,1,1,1789653610
2026-09-17T14:00:31+00:00,2026-09-17T14:01:12.901048+00:00,2085366936904166272,2085366936904166272,2,0,0,13,0,1,1,1,1789653609
2026-09-17T14:00:31+00:00,2026-09-17T14:01:12.901048+00:00,2227858849424910006,2227858849424910006,2,0,1,5,0,1,1,1,1789653610
2026-09-17T14:00:31+00:00,2026-09-17T14:01:12.901048+00:00,d7507124-4cab-4063-8445-a59a33a3d6e4,512,16,9,0,3,0,1,1,1,1789653611
2026-09-17T14:00:31+00:00,2026-09-17T14:01:12.901048+00:00,99675a11-a92c-465c-bf5a-434b08ba5fc6,400,2,2,0,50,0,1,1,1,1789653612
2026-09-17T14:00:31+00:00,2026-09-17T14:01:12.901048+00:00,2090635592862466836,2090635592862466836,10,1,0,20,1,1,1,1,1789653613
2026-09-17T14:00:31+00:00,2026-09-17T14:01:12.901048+00:00,f8349b20-0de8-11e7-991c-3863bb43a7d0,76,0,0,0,17,0,1,1,1,1789653613
2026-09-17T14:00:31+00:00,2026-09-17T14:01:12.901048+00:00,f834723b-0de8-11e7-991c-3863bb43a7d0,24,20,11,0,3,0,1,1,1,1789653615
2026-09-17T14:00:31+00:00,2026-09-17T14:01:12.901048+00:00,8d893519-bc21-4536-b346-f558988bc8ad,260,11,2,0,4,0,1,1,1,1789653615
2026-09-17T14:00:31+00:00,2026-09-17T14:01:12.901048+00:00,f834662c-0de8-11e7-991c-3863bb43a7d0,5,6,0,0,9,0,1,1,1,1789653616
2026-09-17T14:00:31+00:00,2026-09-17T14:01:12.901048+00:00,2088704000370565344,2088704000370565344,5,0,1,5,1,1,1,1,1789653602
2026-09-17T14:00:31+00:00,2026-09-17T14:01:12.901048+00:00,51bb4381-dae4-4aeb-b213-0614b807be29,344,8,0,0,11,0,1,1,1,1789653616
2026-09-17T14:00:31+00:00,2026-09-17T14:01:12.901048+00:00,cf5f920f-b61d-4db0-b139-14aff04d577c,459,2,1,0,21,0,1,1,1,1789653617
2026-09-17T14:00:31+00:00,2026-09-17T14:01:12.901048+00:00,2085737662370069102,2085737662370069102,7,0,1,12,0,1,1,1,1789653617
2026-09-17T14:00:31+00:00,2026-09-17T14:01:12.901048+00:00,fbc512a5-4b98-4821-bcfb-bb0c7ac83543,365,9,1,0,11,0,1,1,1,1789653618
2026-09-17T14:00:31+00:00,2026-09-17T14:01:12.901048+00:00,ad2cf74c-0e8c-4e15-8f19-2259e8c82f0f,404,2,0,0,15,0,1,1,1,1789653619
2026-09-17T14:00:31+00:00,2026-09-17T14:01:12.901048+00:00,48abed77-c9ba-4a39-8a5c-6a1e9bb8a9a5,48abed77-c9ba-4a39-8a5c-6a1e9bb8a9a5,3,0,1,12,0,1,1,1,1789653618
2026-09-17T14:00:31+00:00,2026-09-17T14:01:12.901048+00:00,940638c5-7cd0-4a11-899e-86af3868d400,532,13,0,0,6,0,1,1,1,1789653618
2026-09-17T14:00:31+00:00,2026-09-17T14:01:12.901048+00:00,2264176803898382980,2264176803898382980,3,0,0,8,0,1,1,1,1789653419
2026-09-17T14:00:31+00:00,2026-09-17T14:01:12.901048+00:00,9ca92778-9101-48df-90ea-08b784e26a1a,413,0,0,14,5,0,1,0,0,1789595366
2026-09-17T14:00:31+00:00,2026-09-17T14:01:12.901048+00:00,f83486ab-0de8-11e7-991c-3863bb43a7d0,51,3,0,0,12,0,1,1,1,1789653519
2026-09-17T14:00:31+00:00,2026-09-17T14:01:12.901048+00:00,42a3ecca-af9a-4556-90ba-7631546f96f8,42a3ecca-af9a-4556-90ba-7631546f96f8,5,1,0,5,0,1,1,1,1789653519
2026-09-17T14:00:31+00:00,2026-09-17T14:01:12.901048+00:00,9f54207a-3308-43bd-b45c-9042b6389598,423,8,0,0,11,0,1,1,1,1789653517
2026-09-17T14:00:31+00:00,2026-09-17T14:01:12.901048+00:00,f36e24cd-de4c-4a5e-adf4-cb97ccd2958d,505,8,6,0,3,0,1,1,1,1789653518
2026-09-17T14:00:31+00:00,2026-09-17T14:01:12.901048+00:00,c1ae49bd-2a20-4684-886b-ead8dd627cfd,c1ae49bd-2a20-4684-886b-ead8dd627cfd,3,0,0,13,0,1,1,1,1789653515
2026-09-17T14:00:31+00:00,2026-09-17T14:01:12.901048+00:00,b23674a7-15a8-46d2-8219-6668acecf24a,548,12,0,0,6,0,1,1,1,1789653525
2026-09-17T14:00:31+00:00,2026-09-17T14:01:12.901048+00:00,e68655be-23d3-46e5-a509-25be677e7542,482,7,3,0,4,0,1,1,1,1789653497
2026-09-17T14:00:31+00:00,2026-09-17T14:01:12.901048+00:00,53a148ca-ac69-4a9c-a986-9a4b4df2f5df,387,6,4,1,8,0,1,1,1,1789653499
2026-09-17T14:00:31+00:00,2026-09-17T14:01:12.901048+00:00,2029805507281123700,2029805507281123700,9,4,0,10,0,1,1,1,1789653507
2026-09-17T14:00:31+00:00,2026-09-17T14:01:12.901048+00:00,0adccd89-1d8d-44da-9f7c-5f18acafeddf,338,0,0,0,15,0,1,1,1,1789653508
2026-09-17T14:00:31+00:00,2026-09-17T14:01:12.901048+00:00,f834b49d-0de8-11e7-991c-3863bb43a7d0,101,2,0,0,16,0,1,1,1,1789653508
2026-09-17T14:00:31+00:00,2026-09-17T14:01:12.901048+00:00,ccd6fdd4-b39e-46d7-b43c-7bacffb6bd87,523,7,2,0,9,0,1,1,1,1789653510
2026-09-17T14:00:31+00:00,2026-09-17T14:01:12.901048+00:00,5afe91c4-8076-4f9f-b83b-cf233bda2331,460,13,7,1,1,0,1,1,1,1789653513
2026-09-17T14:00:31+00:00,2026-09-17T14:01:12.901048+00:00,f834fd36-0de8-11e7-991c-3863bb43a7d0,142,10,0,2,11,0,1,1,1,1789653561
2026-09-17T14:00:31+00:00,2026-09-17T14:01:12.901048+00:00,dfdaf866-b814-48e5-9bd3-eb7c4a733697,dfdaf866-b814-48e5-9bd3-eb7c4a733697,9,0,0,8,0,1,1,1,1789653567
2026-09-17T14:00:31+00:00,2026-09-17T14:01:12.901048+00:00,a18e1e55-507e-49d8-b7c0-5c0efd959125,358,6,0,0,13,0,1,1,1,1789653566
2026-09-17T14:00:31+00:00,2026-09-17T14:01:12.901048+00:00,f8352c92-0de8-11e7-991c-3863bb43a7d0,217,12,2,0,6,0,1,1,1,1789653566
2026-09-17T14:00:31+00:00,2026-09-17T14:01:12.901048+00:00,350e73e3-6f70-4b2d-87ab-24c8629e9a6a,350e73e3-6f70-4b2d-87ab-24c8629e9a6a,14,1,0,4,1,1,1,1,1789653563
2026-09-17T14:00:31+00:00,2026-09-17T14:01:12.901048+00:00,0f554e1d-9f0f-452d-9b4a-e00aa2c5911e,492,15,1,0,0,0,1,1,1,1789653585
2026-09-17T14:00:31+00:00,2026-09-17T14:01:12.901048+00:00,f83516b8-0de8-11e7-991c-3863bb43a7d0,184,10,0,0,9,0,1,1,1,1789653585
2026-09-17T14:00:31+00:00,2026-09-17T14:01:12.901048+00:00,f8349824-0de8-11e7-991c-3863bb43a7d0,75,2,0,0,13,0,1,1,1,1789653582
2026-09-17T14:00:31+00:00,2026-09-17T14:01:12.901048+00:00,d7ec834e-9d9a-402c-9956-7d5f42676b94,d7ec834e-9d9a-402c-9956-7d5f42676b94,0,0,1,14,0,1,1,1,1789653579
2026-09-17T14:00:31+00:00,2026-09-17T14:01:12.901048+00:00,f83464e4-0de8-11e7-991c-3863bb43a7d0,3,15,3,0,0,0,1,1,1,1789653606
2026-09-17T14:00:31+00:00,2026-09-17T14:01:12.901048+00:00,f8348509-0de8-11e7-991c-3863bb43a7d0,48,19,10,0,0,0,1,1,1,1789653606
2026-09-17T14:00:31+00:00,2026-09-17T14:01:12.901048+00:00,f834f814-0de8-11e7-991c-3863bb43a7d0,136,19,8,0,0,0,1,1,1,1789653607
2026-09-17T14:00:31+00:00,2026-09-17T14:01:12.901048+00:00,2072145327190878794,2072145327190878794,6,1,1,17,0,1,1,1,1789653603
2026-09-17T14:00:31+00:00,2026-09-17T14:01:12.901048+00:00,1975886280004030604,1975886280004030604,0,0,1,22,0,1,1,1,1789653604
2026-09-17T14:00:31+00:00,2026-09-17T14:01:12.901048+00:00,2071993292066931472,2071993292066931472,13,1,0,7,0,1,1,1,1789653604
2026-09-17T14:00:31+00:00,2026-09-17T14:01:12.901048+00:00,ff6ed364-8676-45a0-b97f-71025683849e,442,8,0,0,7,0,1,1,1,1789653608
2026-09-17T14:00:31+00:00,2026-09-17T14:01:12.901048+00:00,2113200093114979090,2113200093114979090,2,0,0,13,1,1,1,1,1789653608
2026-09-17T14:00:31+00:00,2026-09-17T14:01:12.901048+00:00,bb27977d-36c1-496d-8bac-631b612dd7b8,332,3,0,0,12,0,1,1,1,1789653608
2026-09-17T14:00:31+00:00,2026-09-17T14:01:12.901048+00:00,ba634139-d7bf-448f-aac4-25995d36b67b,373,6,4,0,9,0,1,1,1,1789653610
2026-09-17T14:00:31+00:00,2026-09-17T14:01:12.901048+00:00,f8349745-0de8-11e7-991c-3863bb43a7d0,73,14,3,1,0,0,1,1,1,1789653605
2026-09-17T14:00:31+00:00,2026-09-17T14:01:12.901048+00:00,ec3eea05-a3ff-43c6-9e24-0c63f09b915f,378,0,0,1,18,0,1,1,1,1789653605
2026-09-17T14:00:31+00:00,2026-09-17T14:01:12.901048+00:00,2223043968513191970,2223043968513191970,1,1,0,15,0,1,1,1,1789653613
2026-09-17T14:00:31+00:00,2026-09-17T14:01:12.901048+00:00,5bc7cba9-f0b0-442d-932c-e8c7927d87ce,386,0,0,2,17,0,1,1,1,1789653611
2026-09-17T14:00:31+00:00,2026-09-17T14:01:12.901048+00:00,93911aa1-b5e4-48aa-a2b6-38fbcf613006,93911aa1-b5e4-48aa-a2b6-38fbcf613006,0,0,0,18,0,1,1,1,1789653612
2026-09-17T14:00:31+00:00,2026-09-17T14:01:12.901048+00:00,f83494b4-0de8-11e7-991c-3863bb43a7d0,69,0,0,1,18,0,1,1,1,1789653616
2026-09-17T14:00:31+00:00,2026-09-17T14:01:12.901048+00:00,2113555008851845550,2113555008851845550,2,0,0,18,0,1,1,1,1789653613
2026-09-17T14:00:31+00:00,2026-09-17T14:01:12.901048+00:00,2078337213380274244,2078337213380274244,5,0,0,6,0,1,1,1,1789653614
2026-09-17T14:00:31+00:00,2026-09-17T14:01:12.901048+00:00,2043912031919765854,2043912031919765854,20,4,0,0,0,1,1,1,1789653614
2026-09-17T14:00:31+00:00,2026-09-17T14:01:12.901048+00:00,20b0b405-54ba-4a80-b89c-0819772665db,440,12,3,1,2,0,1,1,1,1789653614
2026-09-17T14:00:31+00:00,2026-09-17T14:01:12.901048+00:00,2071632496372113488,2071632496372113488,4,0,0,16,0,1,1,1,1789653611
2026-09-17T14:00:31+00:00,2026-09-17T14:01:12.901048+00:00,f83510fd-0de8-11e7-991c-3863bb43a7d0,171,7,0,0,15,0,1,1,1,1789653614
2026-09-17T14:00:31+00:00,2026-09-17T14:01:12.901048+00:00,f8348995-0de8-11e7-991c-3863bb43a7d0,58,7,2,0,13,0,1,1,1,1789653615
2026-09-17T14:00:31+00:00,2026-09-17T14:01:12.901048+00:00,2136942888571742916,2136942888571742916,1,0,0,14,0,1,1,1,1789653611
2026-09-17T14:00:31+00:00,2026-09-17T14:01:12.901048+00:00,2103549125054737064,2103549125054737064,8,0,0,8,0,1,1,1,1789653496
2026-09-17T14:00:31+00:00,2026-09-17T14:01:12.901048+00:00,ddcc8869-b8d4-483c-b9da-457fcebc8dc1,417,2,0,0,17,0,1,1,1,1789653506
2026-09-17T14:00:31+00:00,2026-09-17T14:01:12.901048+00:00,ce55d1b1-4267-40a9-ad44-5eab888ce18a,ce55d1b1-4267-40a9-ad44-5eab888ce18a,22,2,0,0,1,1,1,1,1789653504
2026-09-17T14:00:31+00:00,2026-09-17T14:01:12.901048+00:00,676ca473-eed6-4971-aaf3-e199a7ca335b,433,15,3,0,4,0,1,1,1,1789653502
2026-09-17T14:00:31+00:00,2026-09-17T14:01:12.901048+00:00,f83523e3-0de8-11e7-991c-3863bb43a7d0,201,4,1,1,10,0,1,1,1,1789653535
2026-09-17T14:00:31+00:00,2026-09-17T14:01:12.901048+00:00,510239fe-69c3-458b-b53c-6ce001845f4a,354,1,0,0,14,0,1,1,1,1789653539
2026-09-17T14:00:31+00:00,2026-09-17T14:01:12.901048+00:00,2217856523888952522,2217856523888952522,1,1,3,16,0,1,1,1,1789653535
2026-09-17T14:00:31+00:00,2026-09-17T14:01:12.901048+00:00,f834b5d9-0de8-11e7-991c-3863bb43a7d0,103,1,0,0,14,0,1,1,1,1789653543
2026-09-17T14:00:31+00:00,2026-09-17T14:01:12.901048+00:00,40e58976-02cc-4c7c-911f-7a6c97588bfa,520,7,1,2,12,0,1,1,1,1789653540
2026-09-17T14:00:31+00:00,2026-09-17T14:01:12.901048+00:00,ef54374b-0406-4b17-b0a1-847f1d7bea06,410,13,1,0,2,0,1,1,1,1789653541
2026-09-17T14:00:31+00:00,2026-09-17T14:01:12.901048+00:00,2241260819676115550,2241260819676115550,24,4,0,0,0,1,1,1,1789653565
2026-09-17T14:00:31+00:00,2026-09-17T14:01:12.901048+00:00,5f726a7d-5c5d-48b1-9b13-06c77572a237,516,4,1,0,7,0,1,1,1,1789653565
2026-09-17T14:00:31+00:00,2026-09-17T14:01:12.901048+00:00,f8346894-0de8-11e7-991c-3863bb43a7d0,9,2,2,1,12,0,1,1,1,1789653567
2026-09-17T14:00:31+00:00,2026-09-17T14:01:12.901048+00:00,103a9881-e30a-4d57-b81d-863b995ff759,255,3,2,0,12,0,1,1,1,1789653567
2026-09-17T14:00:31+00:00,2026-09-17T14:01:12.901048+00:00,f834e1b2-0de8-11e7-991c-3863bb43a7d0,125,2,2,0,17,0,1,1,1,1789653543
2026-09-17T14:00:31+00:00,2026-09-17T14:01:12.901048+00:00,f8349c69-0de8-11e7-991c-3863bb43a7d0,78,0,0,0,19,0,1,1,1,1789653545
2026-09-17T14:00:31+00:00,2026-09-17T14:01:12.901048+00:00,518f6524-0e7f-454d-974e-e3ff9db1f795,494,10,4,0,1,0,1,1,1,1789653545
2026-09-17T14:00:31+00:00,2026-09-17T14:01:12.901048+00:00,02a4416f-80b4-4472-accd-5db482ed5b6d,367,13,0,0,6,0,1,1,1,1789653549
2026-09-17T14:00:31+00:00,2026-09-17T14:01:12.901048+00:00,2070180968009321294,2070180968009321294,4,1,2,13,2,1,1,1,1789653551
2026-09-17T14:00:31+00:00,2026-09-17T14:01:12.901048+00:00,2057166010169469732,2057166010169469732,1,0,0,14,0,1,1,1,1789653552
2026-09-17T14:00:31+00:00,2026-09-17T14:01:12.901048+00:00,f8351336-0de8-11e7-991c-3863bb43a7d0,176,5,0,1,9,0,1,1,1,1789653551
2026-09-17T14:00:31+00:00,2026-09-17T14:01:12.901048+00:00,36a8fbc8-6069-4a29-bbfd-63a2d019c9a5,415,13,1,1,4,0,1,1,1,1789653556
2026-09-17T14:00:31+00:00,2026-09-17T14:01:12.901048+00:00,13918b3b-9ac5-4968-a74d-e40dd3bc952e,479,19,4,0,0,0,1,1,1,1789653559
2026-09-17T14:00:31+00:00,2026-09-17T14:01:12.901048+00:00,54d86d05-b399-42c5-a63a-a97713afc5d4,54d86d05-b399-42c5-a63a-a97713afc5d4,10,2,0,0,0,1,1,1,1789653560
2026-09-17T14:00:31+00:00,2026-09-17T14:01:12.901048+00:00,287aedf5-0361-47e9-9de0-14ae3b75cc0d,287aedf5-0361-47e9-9de0-14ae3b75cc0d,17,1,1,4,0,1,1,1,1789653561
2026-09-17T14:00:31+00:00,2026-09-17T14:01:12.901048+00:00,2038619205667946906,2038619205667946906,9,0,0,11,0,1,1,1,1789653561
2026-09-17T14:00:31+00:00,2026-09-17T14:01:12.901048+00:00,83183df0-38c2-4ae8-a0c4-4b59599c9582,222,1,1,0,13,0,1,1,1,1789653572
2026-09-17T14:00:31+00:00,2026-09-17T14:01:12.901048+00:00,1997031579059661288,1997031579059661288,5,3,0,6,0,1,1,1,1789653573
2026-09-17T14:00:31+00:00,2026-09-17T14:01:12.901048+00:00,b995a0b4-fc26-4661-9bc8-e166d648edfd,353,7,2,0,8,0,1,1,1,1789653573
2026-09-17T14:00:31+00:00,2026-09-17T14:01:12.901048+00:00,5018e851-f2f3-4e18-9914-c316bbcc2c3d,331,13,3,1,1,0,1,1,1,1789653568
2026-09-17T14:00:31+00:00,2026-09-17T14:01:12.901048+00:00,1944724820826878816,1944724820826878816,0,0,0,17,0,1,1,1,1789653576
2026-09-17T14:00:31+00:00,2026-09-17T14:01:12.901048+00:00,2327cb08-fa9f-459b-9ab0-1a319b0f2f4c,539,9,1,0,9,0,1,1,1,1789653590
2026-09-17T14:00:31+00:00,2026-09-17T14:01:12.901048+00:00,2038239468396569074,2038239468396569074,5,0,0,27,0,1,1,1,1789653590
2026-09-17T14:00:31+00:00,2026-09-17T14:01:12.901048+00:00,2141932795355773712,2141932795355773712,1,0,0,16,0,1,1,1,1789653591
2026-09-17T14:00:31+00:00,2026-09-17T14:01:12.901048+00:00,f8348136-0de8-11e7-991c-3863bb43a7d0,41,10,1,0,17,0,1,1,1,1789653587
2026-09-17T14:00:31+00:00,2026-09-17T14:01:12.901048+00:00,2107991976288962746,2107991976288962746,20,3,0,0,0,1,1,1,1789653587
2026-09-17T14:00:31+00:00,2026-09-17T14:01:12.901048+00:00,abefafdc-c772-4671-86fe-fc15a42adebb,abefafdc-c772-4671-86fe-fc15a42adebb,7,3,0,16,0,1,1,1,1789653589
2026-09-17T14:00:31+00:00,2026-09-17T14:01:12.901048+00:00,0839bb10-e876-4198-95e4-0147a561853d,258,15,1,0,0,0,1,1,1,1789653588
2026-09-17T14:00:31+00:00,2026-09-17T14:01:12.901048+00:00,2223045710883822544,2223045710883822544,9,0,0,6,0,1,1,1,1789653588
2026-09-17T14:00:31+00:00,2026-09-17T14:01:12.901048+00:00,2111712079786088918,2111712079786088918,4,0,0,11,0,1,1,1,1789653591
2026-09-17T14:00:31+00:00,2026-09-17T14:01:12.901048+00:00,f8348481-0de8-11e7-991c-3863bb43a7d0,47,1,1,0,17,1,1,1,1,1789653591
2026-09-17T14:00:31+00:00,2026-09-17T14:01:12.901048+00:00,2ba0c5dd-c990-4434-8a84-5c3eca23f096,447,9,2,0,10,0,1,1,1,1789653588
2026-09-17T14:00:31+00:00,2026-09-17T14:01:12.901048+00:00,533620e8-00ff-494a-b288-bd67602bc98e,472,24,5,1,0,0,1,1,1,1789653589
2026-09-17T14:00:31+00:00,2026-09-17T14:01:12.901048+00:00,2fd22786-dfeb-4126-a906-4f01802087f3,454,1,0,1,18,0,1,1,1,1789653590
2026-09-17T14:00:31+00:00,2026-09-17T14:01:12.901048+00:00,2170342425741020744,2170342425741020744,0,0,0,17,0,1,1,1,1789653598
2026-09-17T14:00:31+00:00,2026-09-17T14:01:12.901048+00:00,f83524c0-0de8-11e7-991c-3863bb43a7d0,203,7,3,0,8,0,1,1,1,1789653595
2026-09-17T14:00:31+00:00,2026-09-17T14:01:12.901048+00:00,f834952a-0de8-11e7-991c-3863bb43a7d0,70,22,3,1,0,0,1,1,1,1789653596
2026-09-17T14:00:31+00:00,2026-09-17T14:01:12.901048+00:00,f834b42d-0de8-11e7-991c-3863bb43a7d0,100,21,3,0,4,0,1,1,1,1789653594
2026-09-17T14:00:31+00:00,2026-09-17T14:01:12.901048+00:00,f8349ba9-0de8-11e7-991c-3863bb43a7d0,77,1,0,0,17,0,1,1,1,1789653594
2026-09-17T14:00:31+00:00,2026-09-17T14:01:12.901048+00:00,f8351019-0de8-11e7-991c-3863bb43a7d0,169,4,0,0,15,0,1,1,1,1789653592
2026-09-17T14:00:31+00:00,2026-09-17T14:01:12.901048+00:00,f834cf45-0de8-11e7-991c-3863bb43a7d0,116,0,0,2,21,0,1,1,1,1789653594
2026-09-17T14:00:31+00:00,2026-09-17T14:01:12.901048+00:00,13444449-b3a8-43d2-b8b9-a59fbc59a174,397,4,1,0,10,0,1,1,1,1789653598
2026-09-17T14:00:31+00:00,2026-09-17T14:01:12.901048+00:00,9e710d48-51c1-460e-a027-3d16bde62b13,419,5,1,0,10,0,1,1,1,1789653601
2026-09-17T14:00:31+00:00,2026-09-17T14:01:12.901048+00:00,7ec0c53c-876a-419c-a78b-4edd000bbc9a,445,7,0,0,12,0,1,1,1,1789653601
2026-09-17T14:00:31+00:00,2026-09-17T14:01:12.901048+00:00,f8346768-0de8-11e7-991c-3863bb43a7d0,7,13,8,0,2,0,1,1,1,1789653601
2026-09-17T14:00:31+00:00,2026-09-17T14:01:12.901048+00:00,f834e244-0de8-11e7-991c-3863bb43a7d0,126,2,0,1,12,0,1,1,1,1789653599
2026-09-17T14:00:31+00:00,2026-09-17T14:01:12.901048+00:00,342a2c60-71b0-4d19-98d6-47987cf20dbc,379,1,0,1,13,0,1,1,1,1789653599
2026-09-17T14:00:31+00:00,2026-09-17T14:01:12.901048+00:00,f35de2ab-979e-42d5-8cbd-dc479ed637e9,503,2,0,2,7,1,1,1,1,1789653616
2026-09-17T14:00:31+00:00,2026-09-17T14:01:12.901048+00:00,1960693490199507164,1960693490199507164,12,2,0,7,0,1,1,1,1789653616
2026-09-17T14:00:31+00:00,2026-09-17T14:01:12.901048+00:00,f6df6c1a-064f-428a-951c-2069a081b9df,380,16,1,1,1,0,1,1,1,1789653616
2026-09-17T14:00:31+00:00,2026-09-17T14:01:12.901048+00:00,f24a573e-ef07-4785-9270-70c443510ea6,359,13,4,1,0,0,1,1,1,1789653616
2026-09-17T14:00:31+00:00,2026-09-17T14:01:12.901048+00:00,f8347118-0de8-11e7-991c-3863bb43a7d0,22,27,13,0,8,0,1,1,1,1789653617
2026-09-17T14:00:31+00:00,2026-09-17T14:01:12.901048+00:00,70f20fcb-8e63-4015-9007-b97c525ab0a9,335,0,0,1,18,0,1,1,1,1789653618
2026-09-17T18:08:37+00:00,2026-09-17T18:09:02.222319+00:00,6eaa7343-402d-41c9-9aac-8c664fdbdcf1,6eaa7343-402d-41c9-9aac-8c664fdbdcf1,0,0,0,0,0,0,0,0,86400
2026-09-17T18:08:37+00:00,2026-09-17T18:09:02.222319+00:00,2227859082657747444,2227859082657747444,1,0,0,6,0,1,1,1,1789668169
2026-09-17T18:08:37+00:00,2026-09-17T18:09:02.222319+00:00,57f5003b-6574-40b3-83d7-3b5dee1472e0,518,0,0,11,0,0,1,0,0,1789385522
2026-09-17T18:08:37+00:00,2026-09-17T18:09:02.222319+00:00,2129149628430547474,2129149628430547474,2,1,0,14,0,1,1,1,1789668302
2026-09-17T18:08:37+00:00,2026-09-17T18:09:02.222319+00:00,f8346dbd-0de8-11e7-991c-3863bb43a7d0,16,7,0,0,12,0,1,1,1,1789668369
2026-09-17T18:08:37+00:00,2026-09-17T18:09:02.222319+00:00,2031175112202687108,2031175112202687108,1,1,0,15,0,1,1,1,1789668371
2026-09-17T18:08:37+00:00,2026-09-17T18:09:02.222319+00:00,2251556760922290606,2251556760922290606,0,0,0,15,0,1,1,1,1789668371
2026-09-17T18:08:37+00:00,2026-09-17T18:09:02.222319+00:00,f834f036-0de8-11e7-991c-3863bb43a7d0,133,8,1,2,13,0,1,1,1,1789668377
2026-09-17T18:08:37+00:00,2026-09-17T18:09:02.222319+00:00,f8348598-0de8-11e7-991c-3863bb43a7d0,49,8,2,2,9,0,1,1,1,1789668395
2026-09-17T18:08:37+00:00,2026-09-17T18:09:02.222319+00:00,87b5a8b7-a330-4c51-ab32-7dafa292c88f,421,10,0,0,9,0,1,1,1,1789668399
2026-09-17T18:08:37+00:00,2026-09-17T18:09:02.222319+00:00,40ee059e-8530-4992-9114-c16b87d6832f,441,15,0,0,3,1,1,1,1,1789668398
2026-09-17T18:08:37+00:00,2026-09-17T18:09:02.222319+00:00,8e7c1984-dc81-43b0-a0d3-58c6de45225a,465,4,1,0,7,0,1,1,1,1789668396
2026-09-17T18:08:37+00:00,2026-09-17T18:09:02.222319+00:00,1976640911178291400,1976640911178291400,5,3,0,6,0,1,1,1,1789668396
2026-09-17T18:08:37+00:00,2026-09-17T18:09:02.222319+00:00,199f3d59-e726-4549-b9c1-4dfc8a343fdb,508,5,0,0,6,0,1,1,1,1789668421
2026-09-17T18:08:37+00:00,2026-09-17T18:09:02.222319+00:00,f8351649-0de8-11e7-991c-3863bb43a7d0,183,17,1,0,2,0,1,1,1,1789668426
2026-09-17T18:08:37+00:00,2026-09-17T18:09:02.222319+00:00,eed9e64f-f09d-43c1-aa31-da968c66750a,368,8,0,0,7,0,1,1,1,1789668426
2026-09-17T18:08:37+00:00,2026-09-17T18:09:02.222319+00:00,f55cdf0a-3d7b-491c-bed2-7dc0ef2062d5,489,9,5,0,7,0,1,1,1,1789668427
2026-09-17T18:08:37+00:00,2026-09-17T18:09:02.222319+00:00,acb27827-d69a-4287-b132-3f529ca62ad2,427,10,6,1,7,1,1,1,1,1789668427
2026-09-17T18:08:37+00:00,2026-09-17T18:09:02.222319+00:00,800bde2c-51df-497c-ac2d-bc3a8c00c164,800bde2c-51df-497c-ac2d-bc3a8c00c164,10,1,0,5,0,1,1,1,1789668439
2026-09-17T18:08:37+00:00,2026-09-17T18:09:02.222319+00:00,f834cb89-0de8-11e7-991c-3863bb43a7d0,115,9,3,2,8,0,1,1,1,1789668441
2026-09-17T18:08:37+00:00,2026-09-17T18:09:02.222319+00:00,25489822-e43a-4704-b2a8-d905b78ba77c,389,10,0,0,4,0,1,1,1,1789668438
2026-09-17T18:08:37+00:00,2026-09-17T18:09:02.222319+00:00,2126567695528519906,2126567695528519906,14,4,0,6,0,1,1,1,1789668430
2026-09-17T18:08:37+00:00,2026-09-17T18:09:02.222319+00:00,4d953f0f-13b5-4b3d-b2da-342003ff7cba,4d953f0f-13b5-4b3d-b2da-342003ff7cba,6,3,0,5,0,1,1,1,1789668433
2026-09-17T18:08:37+00:00,2026-09-17T18:09:02.222319+00:00,6cec3afa-554c-466f-8323-5c619fe0ddc6,6cec3afa-554c-466f-8323-5c619fe0ddc6,4,1,0,7,0,1,1,1,1789668434
2026-09-17T18:08:37+00:00,2026-09-17T18:09:02.222319+00:00,e519df41-c4d7-403a-9afa-a5dd7cdd2d03,536,2,1,0,16,0,1,1,1,1789668430
2026-09-17T18:08:37+00:00,2026-09-17T18:09:02.222319+00:00,f834a2a8-0de8-11e7-991c-3863bb43a7d0,85,16,5,2,1,0,1,1,1,1789668430
2026-09-17T18:08:37+00:00,2026-09-17T18:09:02.222319+00:00,ea00f276-26dc-48ee-b2c8-6e56fd632a2d,272,10,3,1,8,0,1,1,1,1789668432
2026-09-17T18:08:37+00:00,2026-09-17T18:09:02.222319+00:00,f8347ba8-0de8-11e7-991c-3863bb43a7d0,31,16,5,1,2,0,1,1,1,1789668436
2026-09-17T18:08:37+00:00,2026-09-17T18:09:02.222319+00:00,f8346e51-0de8-11e7-991c-3863bb43a7d0,17,1,1,1,13,0,1,1,1,1789668442
2026-09-17T18:08:37+00:00,2026-09-17T18:09:02.222319+00:00,f83473ea-0de8-11e7-991c-3863bb43a7d0,27,2,2,0,20,0,1,1,1,1789668444
2026-09-17T18:08:37+00:00,2026-09-17T18:09:02.222319+00:00,1994515539257334312,1994515539257334312,7,2,0,12,0,1,1,1,1789668446
2026-09-17T18:08:37+00:00,2026-09-17T18:09:02.222319+00:00,2039387081833476178,2039387081833476178,8,1,0,12,0,1,1,1,1789668364
2026-09-17T18:08:37+00:00,2026-09-17T18:09:02.222319+00:00,f8351255-0de8-11e7-991c-3863bb43a7d0,174,13,0,0,2,0,1,1,1,1789668445
2026-09-17T18:08:37+00:00,2026-09-17T18:09:02.222319+00:00,e335fa7c-7adf-4360-9bfa-76b18124a56f,541,5,2,1,5,0,1,1,1,1789668378
2026-09-17T18:08:37+00:00,2026-09-17T18:09:02.222319+00:00,1ef9964d-47ac-4cd4-916e-7c006fa1e605,339,11,8,0,4,0,1,1,1,1789668378
2026-09-17T18:08:37+00:00,2026-09-17T18:09:02.222319+00:00,918335df-fc1a-45c2-9cfc-c5e2e93aecc0,467,6,1,1,4,0,1,1,1,1789668392
2026-09-17T18:08:37+00:00,2026-09-17T18:09:02.222319+00:00,f8350d30-0de8-11e7-991c-3863bb43a7d0,163,18,6,0,1,0,1,1,1,1789668391
2026-09-17T18:08:37+00:00,2026-09-17T18:09:02.222319+00:00,f834b183-0de8-11e7-991c-3863bb43a7d0,98,7,4,1,15,0,1,1,1,1789668407
2026-09-17T18:08:37+00:00,2026-09-17T18:09:02.222319+00:00,1976280681456741062,1976280681456741062,9,3,0,2,0,1,1,1,1789668463
2026-09-17T18:08:37+00:00,2026-09-17T18:09:02.222319+00:00,f834b1ed-0de8-11e7-991c-3863bb43a7d0,99,0,0,0,15,0,1,1,1,1789668464
2026-09-17T18:08:37+00:00,2026-09-17T18:09:02.222319+00:00,569f4952-5a25-4394-a419-f9c4d9cca6f3,495,6,0,0,13,0,1,1,1,1789668463
2026-09-17T18:08:37+00:00,2026-09-17T18:09:02.222319+00:00,8bc42f7f-753d-4cca-a7d6-0d7c2530ea2c,364,3,0,0,16,0,1,1,1,1789668461
2026-09-17T18:08:37+00:00,2026-09-17T18:09:02.222319+00:00,f834a1de-0de8-11e7-991c-3863bb43a7d0,84,1,0,0,14,0,1,1,1,1789668462
2026-09-17T18:08:37+00:00,2026-09-17T18:09:02.222319+00:00,f606593b-3d07-40f2-bc6d-a0eb96588e44,456,2,1,0,16,0,1,1,1,1789668459
2026-09-17T18:08:37+00:00,2026-09-17T18:09:02.222319+00:00,97a1e4e7-a1ff-427a-aaea-48ca0d00bf9c,348,8,0,0,7,0,1,1,1,1789668460
2026-09-17T18:08:37+00:00,2026-09-17T18:09:02.222319+00:00,aefc33cd-40b9-48da-8b87-415428816bdb,488,8,0,0,8,0,1,1,1,1789668460
2026-09-17T18:08:37+00:00,2026-09-17T18:09:02.222319+00:00,9fef6df2-7f8f-43fc-a85b-7dd5453860f9,437,1,1,0,18,0,1,1,1,1789668464
2026-09-17T18:08:37+00:00,2026-09-17T18:09:02.222319+00:00,1997031876360597884,1997031876360597884,7,6,0,4,0,1,1,1,1789668465
2026-09-17T18:08:37+00:00,2026-09-17T18:09:02.222319+00:00,f8349599-0de8-11e7-991c-3863bb43a7d0,71,8,1,0,15,0,1,1,1,1789668468
2026-09-17T18:08:37+00:00,2026-09-17T18:09:02.222319+00:00,f8351f87-0de8-11e7-991c-3863bb43a7d0,192,18,3,0,2,0,1,1,1,1789668468
2026-09-17T18:08:37+00:00,2026-09-17T18:09:02.222319+00:00,f8351569-0de8-11e7-991c-3863bb43a7d0,181,7,0,0,12,0,1,1,1,1789668469
2026-09-17T18:08:37+00:00,2026-09-17T18:09:02.222319+00:00,b44b7c3d-c054-4591-92a9-3b96d86050ab,b44b7c3d-c054-4591-92a9-3b96d86050ab,3,2,0,8,0,1,1,1,1789668466
2026-09-17T18:08:37+00:00,2026-09-17T18:09:02.222319+00:00,768433a9-fc30-4485-b136-22d6f8a96f1c,768433a9-fc30-4485-b136-22d6f8a96f1c,6,5,0,5,0,1,1,1,1789668467
2026-09-17T18:08:37+00:00,2026-09-17T18:09:02.222319+00:00,f83466c6-0de8-11e7-991c-3863bb43a7d0,6,4,0,0,9,0,1,1,1,1789668468
2026-09-17T18:08:37+00:00,2026-09-17T18:09:02.222319+00:00,f834d260-0de8-11e7-991c-3863bb43a7d0,119,8,6,0,7,0,1,1,1,1789668464
2026-09-17T18:08:37+00:00,2026-09-17T18:09:02.222319+00:00,2363c5a3-93cc-41a2-a767-90f1826c041f,426,21,5,2,4,0,1,1,1,1789668469
2026-09-17T18:08:37+00:00,2026-09-17T18:09:02.222319+00:00,1ef5abb2-5af9-41f2-a0dd-1e44278ad9f1,502,4,1,1,6,0,1,1,1,1789668474
2026-09-17T18:08:37+00:00,2026-09-17T18:09:02.222319+00:00,f8346c96-0de8-11e7-991c-3863bb43a7d0,14,24,4,0,1,0,1,1,1,1789668471
2026-09-17T18:08:37+00:00,2026-09-17T18:09:02.222319+00:00,f834b928-0de8-11e7-991c-3863bb43a7d0,106,4,0,0,11,0,1,1,1,1789668472
2026-09-17T18:08:37+00:00,2026-09-17T18:09:02.222319+00:00,9b0aff89-5242-475e-b03b-87c3c3bf51bb,477,0,0,0,19,0,1,1,1,1789668472
2026-09-17T18:08:37+00:00,2026-09-17T18:09:02.222319+00:00,2251186911126913182,2251186911126913182,5,1,0,14,0,1,1,1,1789668473
2026-09-17T18:08:37+00:00,2026-09-17T18:09:02.222319+00:00,2113559364250874028,2113559364250874028,0,0,4,11,0,1,1,1,1789668474
2026-09-17T18:08:37+00:00,2026-09-17T18:09:02.222319+00:00,829fa5a8-cc88-4ab2-9f34-b481aaa1612e,259,4,2,0,11,0,1,1,1,1789668470
2026-09-17T18:08:37+00:00,2026-09-17T18:09:02.222319+00:00,f834fcbe-0de8-11e7-991c-3863bb43a7d0,141,9,1,0,6,0,1,1,1,1789668470
2026-09-17T18:08:37+00:00,2026-09-17T18:09:02.222319+00:00,e4d5271f-5f76-401b-b7f0-c8dce3c26f10,462,6,1,0,5,0,1,1,1,1789668471
2026-09-17T18:08:37+00:00,2026-09-17T18:09:02.222319+00:00,f8347002-0de8-11e7-991c-3863bb43a7d0,20,1,1,0,22,0,1,1,1,1789668473
2026-09-17T18:08:37+00:00,2026-09-17T18:09:02.222319+00:00,52ca4d94-587f-4a61-a298-a1a755e73bfb,362,2,0,0,17,0,1,1,1,1789668473
2026-09-17T18:08:37+00:00,2026-09-17T18:09:02.222319+00:00,a825b55d-3ab3-481f-9c50-d3a7313e6843,228,18,4,0,1,0,1,1,1,1789668474
2026-09-17T18:08:37+00:00,2026-09-17T18:09:02.222319+00:00,5410aac7-2ec0-47b6-b728-b99c5137b463,5410aac7-2ec0-47b6-b728-b99c5137b463,7,4,0,4,0,1,1,1,1789668478
2026-09-17T18:08:37+00:00,2026-09-17T18:09:02.222319+00:00,f834e75d-0de8-11e7-991c-3863bb43a7d0,129,1,1,0,17,1,1,1,1,1789668478
2026-09-17T18:08:37+00:00,2026-09-17T18:09:02.222319+00:00,f8349070-0de8-11e7-991c-3863bb43a7d0,61,8,1,1,10,0,1,1,1,1789668477
2026-09-17T18:08:37+00:00,2026-09-17T18:09:02.222319+00:00,f8347ded-0de8-11e7-991c-3863bb43a7d0,35,28,8,0,3,0,1,1,1,1789668475
2026-09-17T18:08:37+00:00,2026-09-17T18:09:02.222319+00:00,2250817396738253956,2250817396738253956,0,0,1,14,0,1,1,1,1789668479
2026-09-17T18:08:37+00:00,2026-09-17T18:09:02.222319+00:00,a6d6d4b2-3666-43ad-a690-7f676bdcc3fd,542,13,1,0,6,0,1,1,1,1789668480
2026-09-17T18:08:37+00:00,2026-09-17T18:09:02.222319+00:00,1331197c-f6c6-4f4a-a29b-95e580359886,224,13,1,0,4,0,1,1,1,1789668476
2026-09-17T18:08:37+00:00,2026-09-17T18:09:02.222319+00:00,2028220168245183460,2028220168245183460,9,0,0,10,0,1,1,1,1789668379
2026-09-17T18:08:37+00:00,2026-09-17T18:09:02.222319+00:00,38706d8c-8d4b-49f7-b6ed-7688449db261,463,7,2,0,12,0,1,1,1,1789668411
2026-09-17T18:08:37+00:00,2026-09-17T18:09:02.222319+00:00,625f105e-4407-4988-9095-d1979cbda5e1,234,4,0,2,13,0,1,1,1,1789668409
2026-09-17T18:08:37+00:00,2026-09-17T18:09:02.222319+00:00,2132460331327742574,2132460331327742574,17,6,0,1,0,1,1,1,1789668412
2026-09-17T18:08:37+00:00,2026-09-17T18:09:02.222319+00:00,986068c4-d11a-465a-b8d0-bd0960c57f51,986068c4-d11a-465a-b8d0-bd0960c57f51,1,0,2,11,0,1,1,1,1789668412
2026-09-17T18:08:37+00:00,2026-09-17T18:09:02.222319+00:00,f8351791-0de8-11e7-991c-3863bb43a7d0,186,12,10,0,3,0,1,1,1,1789668410
2026-09-17T18:08:37+00:00,2026-09-17T18:09:02.222319+00:00,77c1736c-a609-4453-94f7-8e4253a8193c,474,7,2,0,4,0,1,1,1,1789668411
2026-09-17T18:08:37+00:00,2026-09-17T18:09:02.222319+00:00,5d17f129-af8c-4f30-bc58-6a8279052772,543,4,0,0,15,0,1,1,1,1789668415
2026-09-17T18:08:37+00:00,2026-09-17T18:09:02.222319+00:00,ab6517ea-ed53-42eb-8881-657d362e56e8,560,14,0,0,1,0,1,1,1,1789668416
2026-09-17T18:08:37+00:00,2026-09-17T18:09:02.222319+00:00,2127252912986958612,2127252912986958612,5,1,0,10,0,1,1,1,1789668417
2026-09-17T18:08:37+00:00,2026-09-17T18:09:02.222319+00:00,f834c5c9-0de8-11e7-991c-3863bb43a7d0,110,11,2,0,4,0,1,1,1,1789668417
2026-09-17T18:08:37+00:00,2026-09-17T18:09:02.222319+00:00,f834a67b-0de8-11e7-991c-3863bb43a7d0,89,17,4,0,2,0,1,1,1,1789668483
2026-09-17T18:08:37+00:00,2026-09-17T18:09:02.222319+00:00,2124664048772581794,2124664048772581794,3,1,0,8,0,1,1,1,1789668483
2026-09-17T18:08:37+00:00,2026-09-17T18:09:02.222319+00:00,2261583246847893606,2261583246847893606,7,0,0,12,0,1,1,1,1789668481
2026-09-17T18:08:37+00:00,2026-09-17T18:09:02.222319+00:00,1986694622707704150,1986694622707704150,14,0,1,4,0,1,1,1,1789668482
2026-09-17T18:08:37+00:00,2026-09-17T18:09:02.222319+00:00,f834f948-0de8-11e7-991c-3863bb43a7d0,138,13,4,0,2,0,1,1,1,1789668383
2026-09-17T18:08:37+00:00,2026-09-17T18:09:02.222319+00:00,dcd76e42-eebc-4432-9726-cdb3372b0b07,557,18,1,0,1,0,1,1,1,1789668381
2026-09-17T18:08:37+00:00,2026-09-17T18:09:02.222319+00:00,2027855476515070160,2027855476515070160,9,1,0,18,0,1,1,1,1789668382
2026-09-17T18:08:37+00:00,2026-09-17T18:09:02.222319+00:00,f7d416f8-4377-4019-bba7-302dc1d5a11d,391,8,3,1,6,0,1,1,1,1789668404
2026-09-17T18:08:37+00:00,2026-09-17T18:09:02.222319+00:00,2438d052-2cd6-4fba-83c9-39f46cb59398,2438d052-2cd6-4fba-83c9-39f46cb59398,18,0,0,1,0,1,1,1,1789668401
2026-09-17T18:08:37+00:00,2026-09-17T18:09:02.222319+00:00,c111ef1a-f276-415d-a95e-8e3c4e3a0c03,522,13,1,2,0,0,1,1,1,1789668401
2026-09-17T18:08:37+00:00,2026-09-17T18:09:02.222319+00:00,2036103727838931110,2036103727838931110,6,0,0,5,0,1,1,1,1789668453
2026-09-17T18:08:37+00:00,2026-09-17T18:09:02.222319+00:00,2071991821019036242,2071991821019036242,4,0,0,16,0,1,1,1,1789668452
2026-09-17T18:08:37+00:00,2026-09-17T18:09:02.222319+00:00,f8352973-0de8-11e7-991c-3863bb43a7d0,210,3,0,0,12,0,1,1,1,1789668450
2026-09-17T18:08:37+00:00,2026-09-17T18:09:02.222319+00:00,2219705277630124418,2219705277630124418,8,0,0,7,0,1,1,1,1789668456
2026-09-17T18:08:37+00:00,2026-09-17T18:09:02.222319+00:00,8d535c23-f186-4161-aa10-17e94be6d4ae,436,9,1,0,6,1,1,1,1,1789668456
2026-09-17T18:08:37+00:00,2026-09-17T18:09:02.222319+00:00,2089808297152151688,2089808297152151688,4,2,0,8,0,1,1,1,1789668427
2026-09-17T18:08:37+00:00,2026-09-17T18:09:02.222319+00:00,2149920539832638004,2149920539832638004,10,0,0,5,0,1,1,1,1789668457
2026-09-17T18:08:37+00:00,2026-09-17T18:09:02.222319+00:00,cad0e759-b605-458a-b772-768dcce81dc6,372,3,0,1,15,0,1,1,1,1789668458
2026-09-17T18:08:37+00:00,2026-09-17T18:09:02.222319+00:00,f8350199-0de8-11e7-991c-3863bb43a7d0,150,16,5,2,1,0,1,1,1,1789668489
2026-09-17T18:08:37+00:00,2026-09-17T18:09:02.222319+00:00,f83493c0-0de8-11e7-991c-3863bb43a7d0,67,15,0,0,9,0,1,1,1,1789668490
2026-09-17T18:08:37+00:00,2026-09-17T18:09:02.222319+00:00,f834c6f5-0de8-11e7-991c-3863bb43a7d0,111,7,0,0,8,0,1,1,1,1789668489
2026-09-17T18:08:37+00:00,2026-09-17T18:09:02.222319+00:00,1999639508813492766,1999639508813492766,0,0,0,19,1,1,1,1,1789668457
2026-09-17T18:08:37+00:00,2026-09-17T18:09:02.222319+00:00,82b41ffb-e284-4e4d-b22a-0cad2bfd4bee,443,3,0,0,16,0,1,1,1,1789668484
2026-09-17T18:08:37+00:00,2026-09-17T18:09:02.222319+00:00,88b35b6d-f355-44dc-b85e-ed2eb1bc9099,406,2,1,0,17,0,1,1,1,1789668485
2026-09-17T18:08:37+00:00,2026-09-17T18:09:02.222319+00:00,1991921362058752616,1991921362058752616,9,8,1,10,0,1,1,1,1789668485
2026-09-17T18:08:37+00:00,2026-09-17T18:09:02.222319+00:00,2220033166406469278,2220033166406469278,11,4,0,4,0,1,1,1,1789668486
2026-09-17T18:08:37+00:00,2026-09-17T18:09:02.222319+00:00,25d6f87f-7025-48c5-b202-f91511a4ae19,25d6f87f-7025-48c5-b202-f91511a4ae19,7,1,0,12,0,1,1,1,1789668487
2026-09-17T18:08:37+00:00,2026-09-17T18:09:02.222319+00:00,2110566771130438288,2110566771130438288,1,0,0,15,0,1,1,1,1789668486
2026-09-17T18:08:37+00:00,2026-09-17T18:09:02.222319+00:00,2036412579943670600,2036412579943670600,0,0,0,12,0,1,1,1,1789668494
2026-09-17T18:08:37+00:00,2026-09-17T18:09:02.222319+00:00,f83532fa-0de8-11e7-991c-3863bb43a7d0,219,1,1,0,14,0,1,1,1,1789668494
2026-09-17T18:08:37+00:00,2026-09-17T18:09:02.222319+00:00,4b5de733-9353-4873-9dc2-9558b3cb063a,393,4,0,1,9,0,1,1,1,1789668494
2026-09-17T18:08:37+00:00,2026-09-17T18:09:02.222319+00:00,1999644268058967024,1999644268058967024,7,0,0,17,0,1,1,1,1789668495
2026-09-17T18:08:37+00:00,2026-09-17T18:09:02.222319+00:00,f834d34b-0de8-11e7-991c-3863bb43a7d0,120,14,1,0,25,0,1,1,1,1789668495
2026-09-17T18:08:37+00:00,2026-09-17T18:09:02.222319+00:00,f8347a8b-0de8-11e7-991c-3863bb43a7d0,29,19,2,0,0,0,1,1,1,1789668495
2026-09-17T18:08:37+00:00,2026-09-17T18:09:02.222319+00:00,803a0c16-4f81-44f1-8b49-a13fcdda40c1,370,6,1,2,11,0,1,1,1,1789668495
2026-09-17T18:08:37+00:00,2026-09-17T18:09:02.222319+00:00,1919521884659886482,1919521884659886482,3,0,1,15,0,1,1,1,1789668495
2026-09-17T18:08:37+00:00,2026-09-17T18:09:02.222319+00:00,15ec5783-ca7a-4225-ba51-cd0a45ecc975,15ec5783-ca7a-4225-ba51-cd0a45ecc975,4,1,1,6,0,1,1,1,1789668488
2026-09-17T18:08:37+00:00,2026-09-17T18:09:02.222319+00:00,2134720099473744344,2134720099473744344,12,2,0,9,0,1,1,1,1789668491
2026-09-17T18:08:37+00:00,2026-09-17T18:09:02.222319+00:00,f835244e-0de8-11e7-991c-3863bb43a7d0,202,6,1,0,9,0,1,1,1,1789668493
2026-09-17T18:08:37+00:00,2026-09-17T18:09:02.222319+00:00,2131371824572002576,2131371824572002576,4,0,0,11,0,1,1,1,1789668492
2026-09-17T18:08:37+00:00,2026-09-17T18:09:02.222319+00:00,f834916a-0de8-11e7-991c-3863bb43a7d0,63,12,4,0,3,0,1,1,1,1789668493
2026-09-17T18:08:37+00:00,2026-09-17T18:09:02.222319+00:00,f8348719-0de8-11e7-991c-3863bb43a7d0,52,10,0,0,13,0,1,1,1,1789668493
2026-09-17T18:08:37+00:00,2026-09-17T18:09:02.222319+00:00,2127634714741013228,2127634714741013228,17,0,0,7,0,1,1,1,1789668493
2026-09-17T18:08:37+00:00,2026-09-17T18:09:02.222319+00:00,ec4e1168-25dc-4929-b17b-e4ae578dd888,425,5,4,0,11,0,1,1,1,1789668496
2026-09-17T18:08:37+00:00,2026-09-17T18:09:02.222319+00:00,133d159e-a202-4310-910f-eca392fe181e,398,11,2,0,8,0,1,1,1,1789668497
2026-09-17T18:08:37+00:00,2026-09-17T18:09:02.222319+00:00,f8350129-0de8-11e7-991c-3863bb43a7d0,149,8,2,0,9,0,1,1,1,1789668497
2026-09-17T18:08:37+00:00,2026-09-17T18:09:02.222319+00:00,d1a5e406-718c-44b9-b9dd-e63605b888aa,555,11,9,0,4,0,1,1,1,1789668497
2026-09-17T18:08:37+00:00,2026-09-17T18:09:02.222319+00:00,01d29f8c-768d-4c4f-84ca-3de966075287,469,2,0,0,9,0,1,1,1,1789668498
2026-09-17T18:08:37+00:00,2026-09-17T18:09:02.222319+00:00,2248987790637065652,2248987790637065652,0,0,0,12,0,1,1,1,1789668188
2026-09-17T18:08:37+00:00,2026-09-17T18:09:02.222319+00:00,f834fda2-0de8-11e7-991c-3863bb43a7d0,143,14,0,0,9,0,1,1,1,1789668426
2026-09-17T18:08:37+00:00,2026-09-17T18:09:02.222319+00:00,57caf362-1e8b-46aa-9ee3-82341c405ab0,271,7,1,0,8,0,1,1,1,1789668423
2026-09-17T18:08:37+00:00,2026-09-17T18:09:02.222319+00:00,f8346c01-0de8-11e7-991c-3863bb43a7d0,13,7,0,1,11,0,1,1,1,1789668423
2026-09-17T18:08:37+00:00,2026-09-17T18:09:02.222319+00:00,7dd0fc98-c1dd-4c93-9c1d-4bbdf5f93346,473,13,8,1,0,0,1,1,1,1789668424
2026-09-17T18:08:37+00:00,2026-09-17T18:09:02.222319+00:00,31382324-2931-491a-827a-40149e45afee,232,3,0,1,7,0,1,1,1,1789668424
2026-09-17T18:08:37+00:00,2026-09-17T18:09:02.222319+00:00,a9d13461-7f0f-47b0-9a97-8ec9e9792865,533,7,0,0,10,0,1,1,1,1789668424
2026-09-17T18:08:37+00:00,2026-09-17T18:09:02.222319+00:00,f8352306-0de8-11e7-991c-3863bb43a7d0,199,6,4,0,9,0,1,1,1,1789668421
2026-09-17T18:08:37+00:00,2026-09-17T18:09:02.222319+00:00,66763558-7a03-48a9-8665-6b4445b81f48,458,13,3,0,2,0,1,1,1,1789668423
2026-09-17T18:08:37+00:00,2026-09-17T18:09:02.222319+00:00,f8351ff1-0de8-11e7-991c-3863bb43a7d0,193,11,0,0,3,0,1,1,1,1789668425
2026-09-17T18:08:37+00:00,2026-09-17T18:09:02.222319+00:00,1984021766354634770,1984021766354634770,9,0,0,10,0,1,1,1,1789668422
2026-09-17T18:08:37+00:00,2026-09-17T18:09:02.222319+00:00,f8346a3c-0de8-11e7-991c-3863bb43a7d0,10,7,0,1,3,0,1,1,1,1789668431
2026-09-17T18:08:37+00:00,2026-09-17T18:09:02.222319+00:00,f8352c1a-0de8-11e7-991c-3863bb43a7d0,216,17,0,0,2,0,1,1,1,1789668412
2026-09-17T18:08:37+00:00,2026-09-17T18:09:02.222319+00:00,2113560016964645240,2113560016964645240,0,0,0,19,0,1,1,1,1789668412
2026-09-17T18:08:37+00:00,2026-09-17T18:09:02.222319+00:00,2002247509585342522,2002247509585342522,0,0,0,11,0,1,1,1,1789668411
2026-09-17T18:08:37+00:00,2026-09-17T18:09:02.222319+00:00,f835141c-0de8-11e7-991c-3863bb43a7d0,178,3,0,0,16,0,1,1,1,1789668412
2026-09-17T18:08:37+00:00,2026-09-17T18:09:02.222319+00:00,dd05a440-f881-410c-a071-864da11c634a,318,13,2,0,5,0,1,1,1,1789668410
2026-09-17T18:08:37+00:00,2026-09-17T18:09:02.222319+00:00,f834b50a-0de8-11e7-991c-3863bb43a7d0,102,6,0,0,8,0,1,1,1,1789668418
2026-09-17T18:08:37+00:00,2026-09-17T18:09:02.222319+00:00,2111332861978124760,2111332861978124760,6,0,0,9,1,1,1,1,1789668409
2026-09-17T18:08:37+00:00,2026-09-17T18:09:02.222319+00:00,8b703219-1e16-4ba1-9f46-2b7030c7849a,360,3,0,0,12,0,1,1,1,1789668415
2026-09-17T18:08:37+00:00,2026-09-17T18:09:02.222319+00:00,e3f5d039-a49e-4b3b-ab4d-4efbef2068c6,e3f5d039-a49e-4b3b-ab4d-4efbef2068c6,22,10,0,0,0,1,1,1,1789668416
2026-09-17T18:08:37+00:00,2026-09-17T18:09:02.222319+00:00,3b158c7a-a362-43ae-af1f-121b78be32d7,483,12,0,0,5,0,1,1,1,1789668417
2026-09-17T18:08:37+00:00,2026-09-17T18:09:02.222319+00:00,f8348021-0de8-11e7-991c-3863bb43a7d0,39,22,1,2,3,0,1,1,1,1789668418
2026-09-17T18:08:37+00:00,2026-09-17T18:09:02.222319+00:00,f8351e42-0de8-11e7-991c-3863bb43a7d0,189,19,3,1,3,0,1,1,1,1789668434
2026-09-17T18:08:37+00:00,2026-09-17T18:09:02.222319+00:00,f834d064-0de8-11e7-991c-3863bb43a7d0,118,9,2,0,10,0,1,1,1,1789668434
2026-09-17T18:08:37+00:00,2026-09-17T18:09:02.222319+00:00,2fded452-cbd0-4248-b008-f8a61ed9a85f,2fded452-cbd0-4248-b008-f8a61ed9a85f,1,1,0,14,0,1,1,1,1789668434
2026-09-17T18:08:37+00:00,2026-09-17T18:09:02.222319+00:00,2158217922577811100,2158217922577811100,12,0,0,7,0,1,1,1,1789668432
2026-09-17T18:08:37+00:00,2026-09-17T18:09:02.222319+00:00,f8352a4d-0de8-11e7-991c-3863bb43a7d0,212,6,0,0,26,0,1,1,1,1789668435
2026-09-17T18:08:37+00:00,2026-09-17T18:09:02.222319+00:00,fbb9b58c-2b92-4bcf-8e4c-a982e40d2f39,221,11,2,0,8,0,1,1,1,1789668435
2026-09-17T18:08:37+00:00,2026-09-17T18:09:02.222319+00:00,609c2f06-310e-4134-8dd2-3d23aa41487b,609c2f06-310e-4134-8dd2-3d23aa41487b,7,2,0,15,0,1,1,1,1789668441
2026-09-17T18:08:37+00:00,2026-09-17T18:09:02.222319+00:00,3a6d94a7-9fee-41c5-b8cc-a8487c5e691b,549,0,0,1,23,0,1,1,1,1789668439
2026-09-17T18:08:37+00:00,2026-09-17T18:09:02.222319+00:00,af066ffd-b892-434f-8532-1982fc408780,480,5,0,1,5,0,1,1,1,1789668442
2026-09-17T18:08:37+00:00,2026-09-17T18:09:02.222319+00:00,f834ffc9-0de8-11e7-991c-3863bb43a7d0,146,8,1,0,11,0,1,1,1,1789668446
2026-09-17T18:08:37+00:00,2026-09-17T18:09:02.222319+00:00,be7e7068-b85f-42c1-8ea1-e1d64e531323,be7e7068-b85f-42c1-8ea1-e1d64e531323,3,0,0,12,0,1,1,1,1789668446
2026-09-17T18:08:37+00:00,2026-09-17T18:09:02.222319+00:00,f8348781-0de8-11e7-991c-3863bb43a7d0,53,9,2,1,9,0,1,1,1,1789668446
2026-09-17T18:08:37+00:00,2026-09-17T18:09:02.222319+00:00,68323451-daf0-4532-a6cb-b070e3ef358f,68323451-daf0-4532-a6cb-b070e3ef358f,16,0,1,2,0,1,1,1,1789668447
2026-09-17T18:08:37+00:00,2026-09-17T18:09:02.222319+00:00,f8349d6e-0de8-11e7-991c-3863bb43a7d0,79,5,1,0,13,0,1,1,1,1789668445
2026-09-17T18:08:37+00:00,2026-09-17T18:09:02.222319+00:00,f83472d3-0de8-11e7-991c-3863bb43a7d0,25,0,0,0,15,0,1,1,1,1789668364
2026-09-17T18:08:37+00:00,2026-09-17T18:09:02.222319+00:00,4764641e-b080-4c70-a1e1-049de81e09d0,273,24,1,0,16,0,1,1,1,1789668379
2026-09-17T18:08:37+00:00,2026-09-17T18:09:02.222319+00:00,a9bc314b-a3fd-46e5-a63b-f005258bba5f,a9bc314b-a3fd-46e5-a63b-f005258bba5f,2,0,0,15,1,1,1,1,1789668379
2026-09-17T18:08:37+00:00,2026-09-17T18:09:02.222319+00:00,f8349672-0de8-11e7-991c-3863bb43a7d0,72,22,2,0,1,0,1,1,1,1789668385
2026-09-17T18:08:37+00:00,2026-09-17T18:09:02.222319+00:00,f8353277-0de8-11e7-991c-3863bb43a7d0,218,14,5,1,0,0,1,1,1,1789668381
2026-09-17T18:08:37+00:00,2026-09-17T18:09:02.222319+00:00,1206f5c8-7d1f-4c32-9d65-f3e80186fbde,511,11,8,0,8,0,1,1,1,1789668388
2026-09-17T18:08:37+00:00,2026-09-17T18:09:02.222319+00:00,2256120653476329202,2256120653476329202,11,0,2,2,0,1,1,1,1789668389
2026-09-17T18:08:37+00:00,2026-09-17T18:09:02.222319+00:00,dd008e3c-ff17-4c82-abe0-502272a62425,558,10,2,0,7,0,1,1,1,1789668404
2026-09-17T18:08:37+00:00,2026-09-17T18:09:02.222319+00:00,dd8dee9d-d044-41d6-9371-8463cf9c671b,526,8,2,1,6,0,1,1,1,1789668403
2026-09-17T18:08:37+00:00,2026-09-17T18:09:02.222319+00:00,2126939746529359956,2126939746529359956,1,0,0,18,0,1,1,1,1789668400
2026-09-17T18:08:37+00:00,2026-09-17T18:09:02.222319+00:00,0cb6d635-6a7d-4d75-89b4-36b12616be12,432,9,7,0,10,0,1,1,1,1789668401
2026-09-17T18:08:37+00:00,2026-09-17T18:09:02.222319+00:00,2136546016037880534,2136546016037880534,5,1,0,10,0,1,1,1,1789668401
2026-09-17T18:08:37+00:00,2026-09-17T18:09:02.222319+00:00,b0b8e427-7203-4844-9c70-129e08a74452,347,2,0,0,13,0,1,1,1,1789668405
2026-09-17T18:08:37+00:00,2026-09-17T18:09:02.222319+00:00,2120986392451359068,2120986392451359068,4,1,0,15,0,1,1,1,1789668407
2026-09-17T18:08:37+00:00,2026-09-17T18:09:02.222319+00:00,2079440939380771716,2079440939380771716,6,1,1,5,0,1,1,1,1789668448
2026-09-17T18:08:37+00:00,2026-09-17T18:09:02.222319+00:00,ee0fa23e-a6c2-474d-a6ef-bf581d63f1ae,ee0fa23e-a6c2-474d-a6ef-bf581d63f1ae,1,0,0,10,0,1,1,1,1789668451
2026-09-17T18:08:37+00:00,2026-09-17T18:09:02.222319+00:00,634b697d-0e64-4102-8849-abac7a7f8e35,455,4,0,1,7,0,1,1,1,1789668453
2026-09-17T18:08:37+00:00,2026-09-17T18:09:02.222319+00:00,2074236051937964826,2074236051937964826,4,1,0,12,0,1,1,1,1789668453
2026-09-17T18:08:37+00:00,2026-09-17T18:09:02.222319+00:00,2100948177843249670,2100948177843249670,6,0,0,5,0,1,1,1,1789668454
2026-09-17T18:08:37+00:00,2026-09-17T18:09:02.222319+00:00,0bc49982-74e9-4bbf-9991-e3d809d6319e,530,13,1,1,5,0,1,1,1,1789668453
2026-09-17T18:08:37+00:00,2026-09-17T18:09:02.222319+00:00,1961066392414132348,1961066392414132348,12,0,1,6,0,1,1,1,1789668449
2026-09-17T18:08:37+00:00,2026-09-17T18:09:02.222319+00:00,910f1452-dbeb-4e69-b226-71b2d7e85715,910f1452-dbeb-4e69-b226-71b2d7e85715,0,0,0,10,0,1,1,1,1789668455
2026-09-17T18:08:37+00:00,2026-09-17T18:09:02.222319+00:00,50cc3c7f-50ed-4c70-b483-c89f3f47c938,491,6,2,1,12,0,1,1,1,1789668457
2026-09-17T18:08:37+00:00,2026-09-17T18:09:02.222319+00:00,2115804056935012722,2115804056935012722,1,0,1,17,0,1,1,1,1789668457
2026-09-17T18:08:37+00:00,2026-09-17T18:09:02.222319+00:00,f4a64c30-b97f-4ae5-b531-a11698b558d7,562,3,1,0,6,0,1,1,1,1789668452
2026-09-17T18:08:37+00:00,2026-09-17T18:09:02.222319+00:00,f834ff5a-0de8-11e7-991c-3863bb43a7d0,145,5,0,0,12,0,1,1,1,1789668475
2026-09-17T18:08:37+00:00,2026-09-17T18:09:02.222319+00:00,f8347361-0de8-11e7-991c-3863bb43a7d0,26,3,2,0,12,0,1,1,1,1789668476
2026-09-17T18:08:37+00:00,2026-09-17T18:09:02.222319+00:00,13681246-4bf8-444a-a908-fa165e4ad298,329,0,0,0,15,0,1,1,1,1789668479
2026-09-17T18:08:37+00:00,2026-09-17T18:09:02.222319+00:00,d81e16e2-a410-4a0b-b5ae-b72748fc9781,d81e16e2-a410-4a0b-b5ae-b72748fc9781,19,1,0,1,0,1,1,1,1789668479
2026-09-17T18:08:37+00:00,2026-09-17T18:09:02.222319+00:00,f1cafe36-f800-41f6-b74d-73953cb6394c,471,22,2,0,5,0,1,1,1,1789668483
2026-09-17T18:08:37+00:00,2026-09-17T18:09:02.222319+00:00,a51b429f-bf06-425a-b3fe-b3155aa6468c,a51b429f-bf06-425a-b3fe-b3155aa6468c,7,3,3,1,0,1,1,1,1789668483
2026-09-17T18:08:37+00:00,2026-09-17T18:09:02.222319+00:00,efd724b2-31cb-4aec-b9d9-8ab79271630c,493,8,0,0,8,0,1,1,1,1789668485
2026-09-17T18:08:37+00:00,2026-09-17T18:09:02.222319+00:00,3f4f4ad4-a715-43d5-828f-f8381f26b66a,390,3,1,1,11,0,1,1,1,1789668483
2026-09-17T18:08:37+00:00,2026-09-17T18:09:02.222319+00:00,2012646293885032702,2012646293885032702,11,3,0,13,0,1,1,1,1789668483
2026-09-17T18:08:37+00:00,2026-09-17T18:09:02.222319+00:00,e49a5b83-2c9c-4610-a48b-89cfea172c8f,504,7,1,0,4,0,1,1,1,1789668483
2026-09-17T18:08:37+00:00,2026-09-17T18:09:02.222319+00:00,ee18dbd6-05b8-4d38-a120-f84c3499a77e,519,4,0,2,5,0,1,1,1,1789668484
2026-09-17T18:08:37+00:00,2026-09-17T18:09:02.222319+00:00,f834fb66-0de8-11e7-991c-3863bb43a7d0,139,1,0,0,18,0,1,1,1,1789668482
2026-09-17T18:08:37+00:00,2026-09-17T18:09:02.222319+00:00,f8352150-0de8-11e7-991c-3863bb43a7d0,196,6,3,0,4,0,1,1,1,1789668480
2026-09-17T18:08:37+00:00,2026-09-17T18:09:02.222319+00:00,c98f50f6-1901-4c64-b164-8cf33245e022,282,14,0,1,3,0,1,1,1,1789668481
2026-09-17T18:08:37+00:00,2026-09-17T18:09:02.222319+00:00,f8350c56-0de8-11e7-991c-3863bb43a7d0,161,13,1,1,9,0,1,1,1,1789668485
2026-09-17T18:08:37+00:00,2026-09-17T18:09:02.222319+00:00,f83514f9-0de8-11e7-991c-3863bb43a7d0,180,9,0,0,10,0,1,1,1,1789668464
2026-09-17T18:08:37+00:00,2026-09-17T18:09:02.222319+00:00,a439fff7-8630-464c-b277-efca6f6bc664,531,2,0,0,12,0,1,1,1,1789668464
2026-09-17T18:08:37+00:00,2026-09-17T18:09:02.222319+00:00,f8350be5-0de8-11e7-991c-3863bb43a7d0,160,11,8,0,3,0,1,1,1,1789668461
2026-09-17T18:08:37+00:00,2026-09-17T18:09:02.222319+00:00,f8348857-0de8-11e7-991c-3863bb43a7d0,55,1,0,0,14,0,1,1,1,1789668462
2026-09-17T18:08:37+00:00,2026-09-17T18:09:02.222319+00:00,f83487f0-0de8-11e7-991c-3863bb43a7d0,54,4,2,2,9,0,1,1,1,1789668461
2026-09-17T18:08:37+00:00,2026-09-17T18:09:02.222319+00:00,f8348924-0de8-11e7-991c-3863bb43a7d0,57,2,2,1,11,0,1,1,1,1789668466
2026-09-17T18:08:37+00:00,2026-09-17T18:09:02.222319+00:00,f834a32d-0de8-11e7-991c-3863bb43a7d0,86,19,2,1,5,0,1,1,1,1789668467
2026-09-17T18:08:37+00:00,2026-09-17T18:09:02.222319+00:00,f834b652-0de8-11e7-991c-3863bb43a7d0,104,4,0,0,13,0,1,1,1,1789668469
2026-09-17T18:08:37+00:00,2026-09-17T18:09:02.222319+00:00,fae99a0c-e88a-4112-94d8-f655cf34e651,fae99a0c-e88a-4112-94d8-f655cf34e651,0,0,0,19,0,1,1,1,1789668467
2026-09-17T18:08:37+00:00,2026-09-17T18:09:02.222319+00:00,2124668538068359456,2124668538068359456,16,0,1,2,0,1,1,1,1789668472
2026-09-17T18:08:37+00:00,2026-09-17T18:09:02.222319+00:00,2080157934789007958,2080157934789007958,16,4,0,3,0,1,1,1,1789668472
2026-09-17T18:08:37+00:00,2026-09-17T18:09:02.222319+00:00,f835027c-0de8-11e7-991c-3863bb43a7d0,152,1,0,0,26,0,1,1,1,1789668487
2026-09-17T18:08:37+00:00,2026-09-17T18:09:02.222319+00:00,c935cfb1-ef73-402e-9b86-83aaaac6534d,478,15,1,0,4,0,1,1,1,1789668487
2026-09-17T18:08:37+00:00,2026-09-17T18:09:02.222319+00:00,1963273678015717438,1963273678015717438,6,0,1,12,0,1,1,1,1789668487
2026-09-17T18:08:37+00:00,2026-09-17T18:09:02.222319+00:00,f836bc28-36a7-4ca6-bba6-0d75333d84bb,538,16,2,0,3,0,1,1,1,1789668488
2026-09-17T18:08:37+00:00,2026-09-17T18:09:02.222319+00:00,f834db9b-0de8-11e7-991c-3863bb43a7d0,121,5,3,0,12,0,1,1,1,1789668488
2026-09-17T18:08:37+00:00,2026-09-17T18:09:02.222319+00:00,2035765531590062506,2035765531590062506,6,4,0,5,0,1,1,1,1789668488
2026-09-17T18:08:37+00:00,2026-09-17T18:09:02.222319+00:00,dc770287-c70c-43ea-a635-39f3dc6b09cd,dc770287-c70c-43ea-a635-39f3dc6b09cd,4,0,0,7,0,1,1,1,1789668488
2026-09-17T18:08:37+00:00,2026-09-17T18:09:02.222319+00:00,b5894555-30a3-46db-918a-fdeb083d6001,336,14,1,1,0,0,1,1,1,1789668489
2026-09-17T18:08:37+00:00,2026-09-17T18:09:02.222319+00:00,2131714490587826928,2131714490587826928,10,2,1,5,0,1,1,1,1789668489
2026-09-17T18:08:37+00:00,2026-09-17T18:09:02.222319+00:00,4caf6e93-ddd7-4b6f-9e61-f9df1206ac92,4caf6e93-ddd7-4b6f-9e61-f9df1206ac92,0,0,0,19,0,1,1,1,1789668490
2026-09-17T18:08:37+00:00,2026-09-17T18:09:02.222319+00:00,f8349de4-0de8-11e7-991c-3863bb43a7d0,80,32,6,1,2,0,1,1,1,1789668490
2026-09-17T18:08:37+00:00,2026-09-17T18:09:02.222319+00:00,8f51f8f1-ecb8-4cd3-8529-296a03140c51,8f51f8f1-ecb8-4cd3-8529-296a03140c51,7,0,0,12,0,1,1,1,1789668491
2026-09-17T18:08:37+00:00,2026-09-17T18:09:02.222319+00:00,082262bd-086b-46c7-83ce-eed2b39142ff,416,3,0,0,12,0,1,1,1,1789668493
2026-09-17T18:08:37+00:00,2026-09-17T18:09:02.222319+00:00,2253794653988522864,2253794653988522864,1,1,0,18,0,1,1,1,1789668485
2026-09-17T18:08:37+00:00,2026-09-17T18:09:02.222319+00:00,f834923d-0de8-11e7-991c-3863bb43a7d0,65,10,0,0,9,0,1,1,1,1789668485
2026-09-17T18:08:37+00:00,2026-09-17T18:09:02.222319+00:00,f835259f-0de8-11e7-991c-3863bb43a7d0,205,9,3,0,6,0,1,1,1,1789668486
2026-09-17T18:08:37+00:00,2026-09-17T18:09:02.222319+00:00,3de6e5da-9702-4623-8683-26abd98012a8,525,9,1,0,3,0,1,1,1,1789668494
2026-09-17T18:08:37+00:00,2026-09-17T18:09:02.222319+00:00,a3b94ed8-8301-4ec6-baf2-64ac493b5106,529,6,5,0,10,0,1,1,1,1789668493
2026-09-17T18:08:37+00:00,2026-09-17T18:09:02.222319+00:00,2171110977443594588,2171110977443594588,7,0,0,8,0,1,1,1,1789668492
2026-09-17T18:08:37+00:00,2026-09-17T18:09:02.222319+00:00,2004828637786472956,2004828637786472956,5,4,0,14,0,1,1,1,1789668487
2026-09-17T18:08:37+00:00,2026-09-17T18:09:02.222319+00:00,3c837bc0-fd08-49c4-adf5-0e9a98e918a7,524,6,0,1,8,0,1,1,1,1789668496
2026-09-17T18:08:37+00:00,2026-09-17T18:09:02.222319+00:00,2071724371800490690,2071724371800490690,8,0,1,11,0,1,1,1,1789668492
2026-09-17T18:08:37+00:00,2026-09-17T18:09:02.222319+00:00,25cc602a-152a-4abe-9df8-a131d0a5d94b,235,1,1,0,14,0,1,1,1,1789668496
2026-09-17T18:08:37+00:00,2026-09-17T18:09:02.222319+00:00,1e3beeb4-f8e1-452c-93e5-48df78d4b313,334,2,0,0,16,0,1,1,1,1789668496
2026-09-17T18:08:37+00:00,2026-09-17T18:09:02.222319+00:00,1994461916590643872,1994461916590643872,3,3,0,8,0,1,1,1,1789668497
2026-09-17T18:08:37+00:00,2026-09-17T18:09:02.222319+00:00,2223046412750968128,2223046412750968128,4,2,0,15,0,1,1,1,1789668497
2026-09-17T18:08:37+00:00,2026-09-17T18:09:02.222319+00:00,3dbbb3cb-b52d-46f8-8f9c-db11e83d081c,327,4,0,0,11,0,1,1,1,1789668498
2026-09-17T18:08:37+00:00,2026-09-17T18:09:02.222319+00:00,2118368356250680236,2118368356250680236,14,5,1,1,0,1,1,1,1789668327
2026-09-17T18:08:37+00:00,2026-09-17T18:09:02.222319+00:00,2212663228188806942,2212663228188806942,19,7,0,5,0,1,1,1,1789668245
2026-09-17T18:08:37+00:00,2026-09-17T18:09:02.222319+00:00,f8351726-0de8-11e7-991c-3863bb43a7d0,185,13,2,0,1,0,1,1,1,1789668385
2026-09-17T18:08:37+00:00,2026-09-17T18:09:02.222319+00:00,c1789d39-705f-4c03-9c14-4d6a3a4f4400,561,18,13,1,0,0,1,1,1,1789668382
2026-09-17T18:08:37+00:00,2026-09-17T18:09:02.222319+00:00,f83481c5-0de8-11e7-991c-3863bb43a7d0,42,4,0,0,27,0,1,1,1,1789668383
2026-09-17T18:08:37+00:00,2026-09-17T18:09:02.222319+00:00,1989983491501558234,1989983491501558234,2,2,0,9,0,1,1,1,1789668382
2026-09-17T18:08:37+00:00,2026-09-17T18:09:02.222319+00:00,1976642295079838524,1976642295079838524,7,1,0,4,0,1,1,1,1789668382
2026-09-17T18:08:37+00:00,2026-09-17T18:09:02.222319+00:00,f8350204-0de8-11e7-991c-3863bb43a7d0,151,17,1,0,2,0,1,1,1,1789668386
2026-09-17T18:08:37+00:00,2026-09-17T18:09:02.222319+00:00,f834dc46-0de8-11e7-991c-3863bb43a7d0,122,14,0,0,1,0,1,1,1,1789668379
2026-09-17T18:08:37+00:00,2026-09-17T18:09:02.222319+00:00,1676a6f7-c417-48d2-92e8-5ce21995efc3,374,8,1,0,11,0,1,1,1,1789668378
2026-09-17T18:08:37+00:00,2026-09-17T18:09:02.222319+00:00,2129865213174084448,2129865213174084448,1,0,0,18,0,1,1,1,1789668390
2026-09-17T18:08:37+00:00,2026-09-17T18:09:02.222319+00:00,eee3aab6-bd98-4d1f-8887-9c4e2adce482,eee3aab6-bd98-4d1f-8887-9c4e2adce482,3,2,1,6,0,1,1,1,1789668390
2026-09-17T18:08:37+00:00,2026-09-17T18:09:02.222319+00:00,2104f242-2dde-4ec0-8197-4454b1021ac1,381,3,1,2,18,2,1,1,1,1789668391
2026-09-17T18:08:37+00:00,2026-09-17T18:09:02.222319+00:00,47c44bb1-d065-41f5-ad79-c18aee60af34,342,1,1,0,14,0,1,1,1,1789668392
2026-09-17T18:08:37+00:00,2026-09-17T18:09:02.222319+00:00,f834ea45-0de8-11e7-991c-3863bb43a7d0,130,4,0,0,11,0,1,1,1,1789668396
2026-09-17T18:08:37+00:00,2026-09-17T18:09:02.222319+00:00,f834ec42-0de8-11e7-991c-3863bb43a7d0,131,12,1,4,2,0,1,1,1,1789668393
2026-09-17T18:08:37+00:00,2026-09-17T18:09:02.222319+00:00,9f582e05-15e0-4a39-aef5-c719e0c78e26,466,3,1,3,5,0,1,1,1,1789668394
2026-09-17T18:08:37+00:00,2026-09-17T18:09:02.222319+00:00,13d4171b-6d93-490e-923f-f2a17d5c7613,13d4171b-6d93-490e-923f-f2a17d5c7613,4,0,0,7,0,1,1,1,1789668394
2026-09-17T18:08:37+00:00,2026-09-17T18:09:02.222319+00:00,93381e13-cd04-4e10-ac81-9f5926aa01d5,333,4,0,1,20,0,1,1,1,1789668397
2026-09-17T18:08:37+00:00,2026-09-17T18:09:02.222319+00:00,f8352068-0de8-11e7-991c-3863bb43a7d0,194,5,0,1,13,0,1,1,1,1789668410
2026-09-17T18:08:37+00:00,2026-09-17T18:09:02.222319+00:00,2d32e355-faee-407b-9bb7-45d80ffb059a,2d32e355-faee-407b-9bb7-45d80ffb059a,18,6,0,1,0,1,1,1,1789668412
2026-09-17T18:08:37+00:00,2026-09-17T18:09:02.222319+00:00,2131760674371160748,2131760674371160748,9,0,0,11,0,1,1,1,1789668412
2026-09-17T18:08:37+00:00,2026-09-17T18:09:02.222319+00:00,4f25f6ef-236b-43b4-8a92-68a24db0504b,4f25f6ef-236b-43b4-8a92-68a24db0504b,9,0,0,5,0,1,1,1,1789668408
2026-09-17T18:08:37+00:00,2026-09-17T18:09:02.222319+00:00,4c128753-6fde-4d4c-896e-a1adf89ada98,4c128753-6fde-4d4c-896e-a1adf89ada98,24,7,0,1,0,1,1,1,1789668409
2026-09-17T18:08:37+00:00,2026-09-17T18:09:02.222319+00:00,6e340d8e-45db-4fd9-b6eb-b74ec73b0d3e,535,3,2,1,11,0,1,1,1,1789668408
2026-09-17T18:08:37+00:00,2026-09-17T18:09:02.222319+00:00,1942556871369959976,1942556871369959976,3,1,0,16,0,1,1,1,1789668414
2026-09-17T18:08:37+00:00,2026-09-17T18:09:02.222319+00:00,f83483f3-0de8-11e7-991c-3863bb43a7d0,46,15,0,1,23,0,1,1,1,1789668414
2026-09-17T18:08:37+00:00,2026-09-17T18:09:02.222319+00:00,52485851-e554-49de-ab9f-f536806d2d34,52485851-e554-49de-ab9f-f536806d2d34,2,0,1,8,0,1,1,1,1789668416
2026-09-17T18:08:37+00:00,2026-09-17T18:09:02.222319+00:00,be18593a-9e4c-4a13-8bb2-a5bac3d9b2b3,547,6,3,1,11,0,1,1,1,1789668421
2026-09-17T18:08:37+00:00,2026-09-17T18:09:02.222319+00:00,f83529e2-0de8-11e7-991c-3863bb43a7d0,211,11,1,0,4,0,1,1,1,1789668422
2026-09-17T18:08:37+00:00,2026-09-17T18:09:02.222319+00:00,e32c0bb9-e85b-4764-b0fb-5c582cfd3a90,340,11,2,0,7,1,1,1,1,1789668433
2026-09-17T18:08:37+00:00,2026-09-17T18:09:02.222319+00:00,2096125468116637776,2096125468116637776,6,0,0,9,0,1,1,1,1789668432
2026-09-17T18:08:37+00:00,2026-09-17T18:09:02.222319+00:00,fe534b6f-61ad-47d3-b9f6-cdaa128f53a4,395,3,0,1,11,0,1,1,1,1789668433
2026-09-17T18:08:37+00:00,2026-09-17T18:09:02.222319+00:00,f834caf2-0de8-11e7-991c-3863bb43a7d0,114,2,0,0,13,0,1,1,1,1789668430
2026-09-17T18:08:37+00:00,2026-09-17T18:09:02.222319+00:00,f834a7d1-0de8-11e7-991c-3863bb43a7d0,91,18,1,0,1,0,1,1,1,1789668435
2026-09-17T18:08:37+00:00,2026-09-17T18:09:02.222319+00:00,f834824e-0de8-11e7-991c-3863bb43a7d0,43,13,1,0,2,0,1,1,1,1789668432
2026-09-17T18:08:37+00:00,2026-09-17T18:09:02.222319+00:00,7df1ee28-441e-44c1-8507-8f58946be96b,239,11,1,1,3,0,1,1,1,1789668437
2026-09-17T18:08:37+00:00,2026-09-17T18:09:02.222319+00:00,2038981933682610536,2038981933682610536,8,0,0,8,0,1,1,1,1789668436
2026-09-17T18:08:37+00:00,2026-09-17T18:09:02.222319+00:00,2071630998981871920,2071630998981871920,7,0,0,13,0,1,1,1,1789668340
2026-09-17T18:08:37+00:00,2026-09-17T18:09:02.222319+00:00,2254164250455119196,2254164250455119196,6,3,0,9,0,1,1,1,1789668349
2026-09-17T18:08:37+00:00,2026-09-17T18:09:02.222319+00:00,2098360140389493528,2098360140389493528,2,2,2,7,0,1,1,1,1789668400
2026-09-17T18:08:37+00:00,2026-09-17T18:09:02.222319+00:00,c23a4c0d-7e43-4042-80e2-7c894d07763b,559,5,0,0,6,0,1,1,1,1789668406
2026-09-17T18:08:37+00:00,2026-09-17T18:09:02.222319+00:00,9340e113-e0b2-48ac-b58a-8b6f001b0a94,486,4,0,0,7,0,1,1,1,1789668443
2026-09-17T18:08:37+00:00,2026-09-17T18:09:02.222319+00:00,42886366-9cbf-432c-ba84-beef38877c87,408,0,0,0,15,0,1,1,1,1789668444
2026-09-17T18:08:37+00:00,2026-09-17T18:09:02.222319+00:00,f834658f-0de8-11e7-991c-3863bb43a7d0,4,10,1,0,9,0,1,1,1,1789668446
2026-09-17T18:08:37+00:00,2026-09-17T18:09:02.222319+00:00,f8352378-0de8-11e7-991c-3863bb43a7d0,200,2,0,0,17,0,1,1,1,1789668442
2026-09-17T18:08:37+00:00,2026-09-17T18:09:02.222319+00:00,f8351dc2-0de8-11e7-991c-3863bb43a7d0,188,8,1,0,7,0,1,1,1,1789668441
2026-09-17T18:08:37+00:00,2026-09-17T18:09:02.222319+00:00,2040842277416872172,2040842277416872172,16,4,0,0,0,1,1,1,1789668445
2026-09-17T18:08:37+00:00,2026-09-17T18:09:02.222319+00:00,eb8824c3-9c84-4fec-8d6f-d537c8ab3beb,349,1,0,0,16,0,1,1,1,1789668465
2026-09-17T18:08:37+00:00,2026-09-17T18:09:02.222319+00:00,f8351eb0-0de8-11e7-991c-3863bb43a7d0,190,35,1,0,2,0,1,1,1,1789668465
2026-09-17T18:08:37+00:00,2026-09-17T18:09:02.222319+00:00,f8285d4f-5053-4e26-bb28-72016fe11353,405,5,0,0,14,0,1,1,1,1789668463
2026-09-17T18:08:37+00:00,2026-09-17T18:09:02.222319+00:00,f83471a1-0de8-11e7-991c-3863bb43a7d0,23,20,4,1,4,0,1,1,1,1789668464
2026-09-17T18:08:37+00:00,2026-09-17T18:09:02.222319+00:00,12d463d2-ce50-43bd-81b1-6be4dbdbbc1b,430,11,0,0,8,0,1,1,1,1789668463
2026-09-17T18:08:37+00:00,2026-09-17T18:09:02.222319+00:00,f8348a68-0de8-11e7-991c-3863bb43a7d0,60,13,4,1,4,0,1,1,1,1789668444
2026-09-17T18:08:37+00:00,2026-09-17T18:09:02.222319+00:00,0b0467c1-0c90-4529-a556-fe4d57835bbb,435,5,0,0,10,0,1,1,1,1789668444
2026-09-17T18:08:37+00:00,2026-09-17T18:09:02.222319+00:00,2220822464984366036,2220822464984366036,7,4,0,4,1,1,1,1,1789668415
2026-09-17T18:08:37+00:00,2026-09-17T18:09:02.222319+00:00,f834ba08-0de8-11e7-991c-3863bb43a7d0,108,11,0,1,5,0,1,1,1,1789668453
2026-09-17T18:08:37+00:00,2026-09-17T18:09:02.222319+00:00,403c0f6c-d01a-4171-a7be-3aa4dbb0d7d1,407,0,0,0,18,0,1,1,1,1789668454
2026-09-17T18:08:37+00:00,2026-09-17T18:09:02.222319+00:00,81bfc33b-30d8-4881-b261-712715a8b2bc,363,9,0,0,8,1,1,1,1,1789668452
2026-09-17T18:08:37+00:00,2026-09-17T18:09:02.222319+00:00,2151136782588526782,2151136782588526782,6,0,0,5,0,1,1,1,1789668452
2026-09-17T18:08:37+00:00,2026-09-17T18:09:02.222319+00:00,9e9be067-c6bb-41de-9491-eda69d24d6de,371,4,2,0,15,0,1,1,1,1789668473
2026-09-17T18:08:37+00:00,2026-09-17T18:09:02.222319+00:00,bd3d4824-7203-4edc-a314-cea2b413e886,319,2,1,0,25,0,1,1,1,1789668471
2026-09-17T18:08:37+00:00,2026-09-17T18:09:02.222319+00:00,f83489ff-0de8-11e7-991c-3863bb43a7d0,59,15,2,2,2,1,1,1,1,1789668471
2026-09-17T18:08:37+00:00,2026-09-17T18:09:02.222319+00:00,a83f982f-a4f1-43e4-98e8-c8f4a0bb7290,452,1,1,0,14,0,1,1,1,1789668476
2026-09-17T18:08:37+00:00,2026-09-17T18:09:02.222319+00:00,aa556ad4-0092-4687-96c2-8dbc69addb56,485,8,5,1,2,0,1,1,1,1789668476
2026-09-17T18:08:37+00:00,2026-09-17T18:09:02.222319+00:00,f8351490-0de8-11e7-991c-3863bb43a7d0,179,16,1,1,36,0,1,1,1,1789668473
2026-09-17T18:08:37+00:00,2026-09-17T18:09:02.222319+00:00,d1c0b0c2-6e4c-424e-a946-a2a95a711633,422,4,0,1,10,0,1,1,1,1789668473
2026-09-17T18:08:37+00:00,2026-09-17T18:09:02.222319+00:00,1921360868231155718,1921360868231155718,17,2,1,1,0,1,1,1,1789668474
2026-09-17T18:08:37+00:00,2026-09-17T18:09:02.222319+00:00,e2c306f6-82c7-4d0d-89fd-c9452d2f9ad1,361,33,15,2,7,0,1,1,1,1789668472
2026-09-17T18:08:37+00:00,2026-09-17T18:09:02.222319+00:00,81676204-e42f-4d3d-991e-9c1264f36229,357,15,1,0,0,0,1,1,1,1789668457
2026-09-17T18:08:37+00:00,2026-09-17T18:09:02.222319+00:00,f834dedf-0de8-11e7-991c-3863bb43a7d0,124,8,2,0,5,0,1,1,1,1789668457
2026-09-17T18:08:37+00:00,2026-09-17T18:09:02.222319+00:00,f834a3a0-0de8-11e7-991c-3863bb43a7d0,87,6,0,0,9,0,1,1,1,1789668458
2026-09-17T18:08:37+00:00,2026-09-17T18:09:02.222319+00:00,7feae3ce-ddf2-4a45-a123-1209c8a9182b,484,4,2,0,7,0,1,1,1,1789668457
2026-09-17T18:08:37+00:00,2026-09-17T18:09:02.222319+00:00,a75d3da1-ce74-447f-8e80-52506a81aff3,a75d3da1-ce74-447f-8e80-52506a81aff3,5,0,0,6,0,1,1,1,1789668455
2026-09-17T18:08:37+00:00,2026-09-17T18:09:02.222319+00:00,228b8017-e4da-4722-9223-b8279a14b8ad,448,6,0,1,3,0,1,1,1,1789668469
2026-09-17T18:08:37+00:00,2026-09-17T18:09:02.222319+00:00,a3bf0bfe-198b-4160-a2fb-cc7d10cfb4cf,a3bf0bfe-198b-4160-a2fb-cc7d10cfb4cf,1,1,0,18,0,1,1,1,1789668469
2026-09-17T18:08:37+00:00,2026-09-17T18:09:02.222319+00:00,f8346f6f-0de8-11e7-991c-3863bb43a7d0,19,12,0,1,2,0,1,1,1,1789668466
2026-09-17T18:08:37+00:00,2026-09-17T18:09:02.222319+00:00,f835108b-0de8-11e7-991c-3863bb43a7d0,170,3,0,0,11,0,1,1,1,1789668382
2026-09-17T18:08:37+00:00,2026-09-17T18:09:02.222319+00:00,2109111257926871498,2109111257926871498,7,1,1,11,0,1,1,1,1789668467
2026-09-17T18:08:37+00:00,2026-09-17T18:09:02.222319+00:00,4fe8e777-345b-4fc2-a684-dd874e8186d8,4fe8e777-345b-4fc2-a684-dd874e8186d8,13,1,0,2,0,1,1,1,1789668468
2026-09-17T18:08:37+00:00,2026-09-17T18:09:02.222319+00:00,ad2fb6f2-921f-440c-83de-08be76e35c2a,468,6,0,1,8,0,1,1,1,1789668468
2026-09-17T18:08:37+00:00,2026-09-17T18:09:02.222319+00:00,2093488029445054742,2093488029445054742,2,1,1,25,0,1,1,1,1789668468
2026-09-17T18:08:37+00:00,2026-09-17T18:09:02.222319+00:00,0daf7408-7a15-4d2b-8c39-f1a097cdbe85,403,5,2,0,10,0,1,1,1,1789668469
2026-09-17T18:08:37+00:00,2026-09-17T18:09:02.222319+00:00,5bbdd12f-fec4-4741-9d5d-4a60834c5d02,377,1,0,2,14,2,1,1,1,1789668471
2026-09-17T18:08:37+00:00,2026-09-17T18:09:02.222319+00:00,f8349e56-0de8-11e7-991c-3863bb43a7d0,81,9,5,0,10,0,1,1,1,1789668465
2026-09-17T18:08:37+00:00,2026-09-17T18:09:02.222319+00:00,f83512c9-0de8-11e7-991c-3863bb43a7d0,175,2,0,0,15,0,1,1,1,1789668468
2026-09-17T18:08:37+00:00,2026-09-17T18:09:02.222319+00:00,f714390d-6874-43fa-a079-a07f83c79c7b,f714390d-6874-43fa-a079-a07f83c79c7b,2,2,2,7,0,1,1,1,1789668469
2026-09-17T18:08:37+00:00,2026-09-17T18:09:02.222319+00:00,ca76adb6-4c84-4484-9ec3-b411b81ddbef,ca76adb6-4c84-4484-9ec3-b411b81ddbef,7,1,0,12,0,1,1,1,1789668469
2026-09-17T18:08:37+00:00,2026-09-17T18:09:02.222319+00:00,2245672241002318634,2245672241002318634,6,0,0,12,0,1,1,1,1789668480
2026-09-17T18:08:37+00:00,2026-09-17T18:09:02.222319+00:00,f83515d8-0de8-11e7-991c-3863bb43a7d0,182,4,0,0,15,0,1,1,1,1789668480
2026-09-17T18:08:37+00:00,2026-09-17T18:09:02.222319+00:00,2035660824473983142,2035660824473983142,0,0,2,16,0,1,1,1,1789668481
2026-09-17T18:08:37+00:00,2026-09-17T18:09:02.222319+00:00,53548ba4-ad0a-4d92-8e57-fd5c9f3ad102,399,1,0,0,14,0,1,1,1,1789668479
2026-09-17T18:08:37+00:00,2026-09-17T18:09:02.222319+00:00,12141b77-6e5f-444b-bace-2abf16db4fee,12141b77-6e5f-444b-bace-2abf16db4fee,7,1,2,2,0,1,1,1,1789668479
2026-09-17T18:08:37+00:00,2026-09-17T18:09:02.222319+00:00,7c860828-3359-4229-b59b-963f5a4bab00,236,9,1,0,3,0,1,1,1,1789668481
2026-09-17T18:08:37+00:00,2026-09-17T18:09:02.222319+00:00,f8347b1e-0de8-11e7-991c-3863bb43a7d0,30,13,0,0,2,0,1,1,1,1789668481
2026-09-17T18:08:37+00:00,2026-09-17T18:09:02.222319+00:00,fe6a64e7-c712-404c-85ae-ee77a37245b1,355,12,0,0,5,0,1,1,1,1789668479
2026-09-17T18:08:37+00:00,2026-09-17T18:09:02.222319+00:00,2014558273483754010,2014558273483754010,5,0,0,14,0,1,1,1,1789668479
2026-09-17T18:08:37+00:00,2026-09-17T18:09:02.222319+00:00,065e0e5d-8a0d-49b7-9c1f-c8eaba51a8b4,490,9,1,1,8,0,1,1,1,1789668482
2026-09-17T18:08:37+00:00,2026-09-17T18:09:02.222319+00:00,2007420398783036020,2007420398783036020,2,2,1,17,0,1,1,1,1789668482
2026-09-17T18:08:37+00:00,2026-09-17T18:09:02.222319+00:00,f834ab92-0de8-11e7-991c-3863bb43a7d0,95,1,0,0,14,0,1,1,1,1789668482
2026-09-17T18:08:37+00:00,2026-09-17T18:09:02.222319+00:00,f83520d8-0de8-11e7-991c-3863bb43a7d0,195,5,1,0,18,0,1,1,1,1789668483
2026-09-17T18:08:37+00:00,2026-09-17T18:09:02.222319+00:00,c202f2ca-ec1d-4dc5-a734-e0a342f23ba4,279,12,0,0,11,0,1,1,1,1789668483
2026-09-17T18:08:37+00:00,2026-09-17T18:09:02.222319+00:00,f834b99d-0de8-11e7-991c-3863bb43a7d0,107,13,3,0,7,0,1,1,1,1789668483
2026-09-17T18:08:37+00:00,2026-09-17T18:09:02.222319+00:00,f83480a9-0de8-11e7-991c-3863bb43a7d0,40,12,3,0,19,0,1,1,1,1789668486
2026-09-17T18:08:37+00:00,2026-09-17T18:09:02.222319+00:00,f8352ac4-0de8-11e7-991c-3863bb43a7d0,213,8,1,0,5,0,1,1,1,1789668488
2026-09-17T18:08:37+00:00,2026-09-17T18:09:02.222319+00:00,5f8ced09-665c-41e5-b67e-1e58fac21830,521,1,0,0,10,0,1,1,1,1789668486
2026-09-17T18:08:37+00:00,2026-09-17T18:09:02.222319+00:00,ed6c012e-6d6c-41e7-8e01-90749fd67575,546,7,4,0,8,1,1,1,1,1789668486
2026-09-17T18:08:37+00:00,2026-09-17T18:09:02.222319+00:00,1978882443666915710,1978882443666915710,11,5,0,6,1,1,1,1,1789668488
2026-09-17T18:08:37+00:00,2026-09-17T18:09:02.222319+00:00,74cb9bf6-bb53-4c70-88d2-67998b99628c,296,1,1,0,22,0,1,1,1,1789668487
2026-09-17T18:08:37+00:00,2026-09-17T18:09:02.222319+00:00,9cc65d3d-cfcc-45ff-8f75-7264556b1cf9,9cc65d3d-cfcc-45ff-8f75-7264556b1cf9,2,1,0,17,0,1,1,1,1789668488
2026-09-17T18:08:37+00:00,2026-09-17T18:09:02.222319+00:00,2130224177726511580,2130224177726511580,4,2,0,11,0,1,1,1,1789668489
2026-09-17T18:08:37+00:00,2026-09-17T18:09:02.222319+00:00,186accbb-6a08-4e1d-b267-9033c4443a56,401,5,0,0,10,0,1,1,1,1789668490
2026-09-17T18:08:37+00:00,2026-09-17T18:09:02.222319+00:00,2002579415401984808,2002579415401984808,3,0,0,8,0,1,1,1,1789668492
2026-09-17T18:08:37+00:00,2026-09-17T18:09:02.222319+00:00,8347c34d-68df-404b-ac58-7a387cc3ce4b,414,17,4,0,6,0,1,1,1,1789668491
2026-09-17T18:08:37+00:00,2026-09-17T18:09:02.222319+00:00,2249419943962214726,2249419943962214726,3,1,0,16,0,1,1,1,1789668492
2026-09-17T18:08:37+00:00,2026-09-17T18:09:02.222319+00:00,f0f01d4c-ba4a-4ab2-9cc0-9fa1f9223300,394,8,7,0,6,0,1,1,1,1789668493
2026-09-17T18:08:37+00:00,2026-09-17T18:09:02.222319+00:00,2123672938202825324,2123672938202825324,2,1,1,12,0,1,1,1,1789668493
2026-09-17T18:08:37+00:00,2026-09-17T18:09:02.222319+00:00,2002248857751890568,2002248857751890568,6,2,0,5,0,1,1,1,1789668490
2026-09-17T18:08:37+00:00,2026-09-17T18:09:02.222319+00:00,1a39ab83-f029-4134-aad4-35380b30bf2c,1a39ab83-f029-4134-aad4-35380b30bf2c,6,0,1,12,0,1,1,1,1789668490
2026-09-17T18:08:37+00:00,2026-09-17T18:09:02.222319+00:00,f835260c-0de8-11e7-991c-3863bb43a7d0,206,8,4,1,31,0,1,1,1,1789668494
2026-09-17T18:08:37+00:00,2026-09-17T18:09:02.222319+00:00,2225590560002383786,2225590560002383786,12,2,0,2,0,1,1,1,1789668492
2026-09-17T18:08:37+00:00,2026-09-17T18:09:02.222319+00:00,00802fe6-4268-4dc8-8f55-0dbbc1665ce6,515,3,0,2,15,0,1,1,1,1789668492
2026-09-17T18:08:37+00:00,2026-09-17T18:09:02.222319+00:00,2212258635631104970,2212258635631104970,8,1,0,15,0,1,1,1,1789668494
2026-09-17T18:08:37+00:00,2026-09-17T18:09:02.222319+00:00,f834fc57-0de8-11e7-991c-3863bb43a7d0,140,6,0,0,11,0,1,1,1,1789668495
2026-09-17T18:08:37+00:00,2026-09-17T18:09:02.222319+00:00,f8349ed6-0de8-11e7-991c-3863bb43a7d0,82,5,0,0,20,0,1,1,1,1789668496
2026-09-17T18:08:37+00:00,2026-09-17T18:09:02.222319+00:00,c5017e67-cada-4549-a52e-0f13dddd289d,424,7,1,0,12,0,1,1,1,1789668495
2026-09-17T18:08:37+00:00,2026-09-17T18:09:02.222319+00:00,f834a838-0de8-11e7-991c-3863bb43a7d0,92,15,8,0,3,0,1,1,1,1789668496
2026-09-17T18:08:37+00:00,2026-09-17T18:09:02.222319+00:00,bd1755dc-f26c-420e-85b3-fd025d0b5445,554,13,1,0,2,0,1,1,1,1789668496
2026-09-17T18:08:37+00:00,2026-09-17T18:09:02.222319+00:00,f8350a84-0de8-11e7-991c-3863bb43a7d0,157,10,7,1,3,0,1,1,1,1789668497
2026-09-17T18:08:37+00:00,2026-09-17T18:09:02.222319+00:00,2076849845777355316,2076849845777355316,12,3,1,19,0,1,1,1,1789668497
2026-09-17T18:08:37+00:00,2026-09-17T18:09:02.222319+00:00,9c8366d8-3b58-4894-b281-09e22f6fe5f7,464,2,2,0,9,0,1,1,1,1789668497
2026-09-17T18:08:37+00:00,2026-09-17T18:09:02.222319+00:00,f834f8ca-0de8-11e7-991c-3863bb43a7d0,137,3,1,2,14,0,1,1,1,1789668497
2026-09-17T18:08:37+00:00,2026-09-17T18:09:02.222319+00:00,f834fede-0de8-11e7-991c-3863bb43a7d0,144,5,0,0,14,0,1,1,1,1789668498
2026-09-17T18:08:37+00:00,2026-09-17T18:09:02.222319+00:00,1df03e33-c105-4e53-b013-d20056cd57f8,1df03e33-c105-4e53-b013-d20056cd57f8,0,0,0,0,0,0,0,0,86400
2026-09-17T18:08:37+00:00,2026-09-17T18:09:02.222319+00:00,2227858849424910006,2227858849424910006,0,0,1,7,0,1,1,1,1789668227
2026-09-17T18:08:37+00:00,2026-09-17T18:09:02.222319+00:00,61168d8b-20b7-46c8-8f08-6ae1f100c4e0,550,7,0,0,10,0,1,1,1,1789668377
2026-09-17T18:08:37+00:00,2026-09-17T18:09:02.222319+00:00,f83511d4-0de8-11e7-991c-3863bb43a7d0,173,6,0,0,8,0,1,1,1,1789668383
2026-09-17T18:08:37+00:00,2026-09-17T18:09:02.222319+00:00,f8350ecf-0de8-11e7-991c-3863bb43a7d0,167,4,1,0,11,0,1,1,1,1789668384
2026-09-17T18:08:37+00:00,2026-09-17T18:09:02.222319+00:00,36f36eed-1070-49be-8b31-5676b8b3489f,227,16,0,0,3,0,1,1,1,1789668381
2026-09-17T18:08:37+00:00,2026-09-17T18:09:02.222319+00:00,81323081-749c-44cf-ac62-0e6c64305c32,461,2,2,1,8,0,1,1,1,1789668394
2026-09-17T18:08:37+00:00,2026-09-17T18:09:02.222319+00:00,25a9114f-66f0-427c-920f-5526ca84f056,346,8,5,1,6,0,1,1,1,1789668394
2026-09-17T18:08:37+00:00,2026-09-17T18:09:02.222319+00:00,68e5e79a-3c94-4848-b619-9c0829d7f687,475,7,2,3,5,0,1,1,1,1789668389
2026-09-17T18:08:37+00:00,2026-09-17T18:09:02.222319+00:00,df03c61a-29d7-445d-9980-d7f058916591,345,3,1,0,16,0,1,1,1,1789668391
2026-09-17T18:08:37+00:00,2026-09-17T18:09:02.222319+00:00,5b1d2661-8a93-4f14-b242-ebc52792f951,337,13,9,0,2,0,1,1,1,1789668388
2026-09-17T18:08:37+00:00,2026-09-17T18:09:02.222319+00:00,f834cfd8-0de8-11e7-991c-3863bb43a7d0,117,11,1,0,6,0,1,1,1,1789668387
2026-09-17T18:08:37+00:00,2026-09-17T18:09:02.222319+00:00,2088704000370565344,2088704000370565344,5,0,1,5,1,1,1,1,1789668385
2026-09-17T18:08:37+00:00,2026-09-17T18:09:02.222319+00:00,f83491d4-0de8-11e7-991c-3863bb43a7d0,64,21,8,1,1,0,1,1,1,1789668385
2026-09-17T18:08:37+00:00,2026-09-17T18:09:02.222319+00:00,9721c80e-fc8f-474f-8918-b68c041d2836,9721c80e-fc8f-474f-8918-b68c041d2836,4,2,0,19,0,1,1,1,1789668390
2026-09-17T18:08:37+00:00,2026-09-17T18:09:02.222319+00:00,ccf82572-a142-4378-9a4b-5a51fcb4ef81,350,3,0,0,14,0,1,1,1,1789668408
2026-09-17T18:08:37+00:00,2026-09-17T18:09:02.222319+00:00,f834a959-0de8-11e7-991c-3863bb43a7d0,94,2,2,0,9,0,1,1,1,1789668408
2026-09-17T18:08:37+00:00,2026-09-17T18:09:02.222319+00:00,2141791438824588162,2141791438824588162,1,0,0,18,0,1,1,1,1789668438
2026-09-17T18:08:37+00:00,2026-09-17T18:09:02.222319+00:00,1965873511294959658,1965873511294959658,12,4,0,11,0,1,1,1,1789668438
2026-09-17T18:08:37+00:00,2026-09-17T18:09:02.222319+00:00,baab0b05-a028-4147-8432-a2726c7e48ea,328,6,0,1,8,0,1,1,1,1789668438
2026-09-17T18:08:37+00:00,2026-09-17T18:09:02.222319+00:00,f8352ba8-0de8-11e7-991c-3863bb43a7d0,215,1,0,0,14,0,1,1,1,1789668440
2026-09-17T18:08:37+00:00,2026-09-17T18:09:02.222319+00:00,8b97606e-a849-4db8-ae9b-4009fe48d90b,556,14,1,0,4,0,1,1,1,1789668441
2026-09-17T18:08:37+00:00,2026-09-17T18:09:02.222319+00:00,f834b101-0de8-11e7-991c-3863bb43a7d0,97,15,4,0,4,0,1,1,1,1789668439
2026-09-17T18:08:37+00:00,2026-09-17T18:09:02.222319+00:00,f8346ad7-0de8-11e7-991c-3863bb43a7d0,11,11,7,1,2,0,1,1,1,1789668449
2026-09-17T18:08:37+00:00,2026-09-17T18:09:02.222319+00:00,2090158541932726550,2090158541932726550,1,0,1,13,0,1,1,1,1789668447
2026-09-17T18:08:37+00:00,2026-09-17T18:09:02.222319+00:00,2080205593583047424,2080205593583047424,1,0,1,14,0,1,1,1,1789668449
2026-09-17T18:08:37+00:00,2026-09-17T18:09:02.222319+00:00,b34694c2-c640-4f70-b196-1c357ab798e0,b34694c2-c640-4f70-b196-1c357ab798e0,7,0,0,8,0,1,1,1,1789668450
2026-09-17T18:08:37+00:00,2026-09-17T18:09:02.222319+00:00,f8346d23-0de8-11e7-991c-3863bb43a7d0,15,10,0,0,5,0,1,1,1,1789668452
2026-09-17T18:08:37+00:00,2026-09-17T18:09:02.222319+00:00,f8347ccd-0de8-11e7-991c-3863bb43a7d0,33,16,3,0,11,0,1,1,1,1789668415
2026-09-17T18:08:37+00:00,2026-09-17T18:09:02.222319+00:00,2246034666940677832,2246034666940677832,5,3,0,6,0,1,1,1,1789668451
2026-09-17T18:08:37+00:00,2026-09-17T18:09:02.222319+00:00,1e1b40cd-8e00-4b74-b147-be6b23f5c9e7,385,13,1,0,2,0,1,1,1,1789668398
2026-09-17T18:08:37+00:00,2026-09-17T18:09:02.222319+00:00,2069389896750516900,2069389896750516900,13,1,0,7,0,1,1,1,1789668398
2026-09-17T18:08:37+00:00,2026-09-17T18:09:02.222319+00:00,f8350cc1-0de8-11e7-991c-3863bb43a7d0,162,8,3,0,7,0,1,1,1,1789668399
2026-09-17T18:08:37+00:00,2026-09-17T18:09:02.222319+00:00,d7507124-4cab-4063-8445-a59a33a3d6e4,512,15,8,0,4,0,1,1,1,1789668421
2026-09-17T18:08:37+00:00,2026-09-17T18:09:02.222319+00:00,7560f0e3-267b-4fb3-bbfa-6e02010cfcb7,225,6,2,1,12,0,1,1,1,1789668417
2026-09-17T18:08:37+00:00,2026-09-17T18:09:02.222319+00:00,fbc512a5-4b98-4821-bcfb-bb0c7ac83543,365,10,1,1,8,0,1,1,1,1789668421
2026-09-17T18:08:37+00:00,2026-09-17T18:09:02.222319+00:00,51bb4381-dae4-4aeb-b213-0614b807be29,344,9,0,0,10,0,1,1,1,1789668424
2026-09-17T18:08:37+00:00,2026-09-17T18:09:02.222319+00:00,f834723b-0de8-11e7-991c-3863bb43a7d0,24,23,12,0,0,0,1,1,1,1789668423
2026-09-17T18:08:37+00:00,2026-09-17T18:09:02.222319+00:00,f834662c-0de8-11e7-991c-3863bb43a7d0,5,10,2,0,5,0,1,1,1,1789668423
2026-09-17T18:08:37+00:00,2026-09-17T18:09:02.222319+00:00,8d893519-bc21-4536-b346-f558988bc8ad,260,10,1,0,5,0,1,1,1,1789668424
2026-09-17T18:08:37+00:00,2026-09-17T18:09:02.222319+00:00,aa964f5b-fadf-4fc1-8c91-84ee36e15f0d,341,11,1,0,3,1,1,1,1,1789668427
2026-09-17T18:08:37+00:00,2026-09-17T18:09:02.222319+00:00,f8346803-0de8-11e7-991c-3863bb43a7d0,8,4,0,1,15,0,1,1,1,1789668444
2026-09-17T18:08:37+00:00,2026-09-17T18:09:02.222319+00:00,2090635592862466836,2090635592862466836,28,2,1,2,0,1,1,1,1789668442
2026-09-17T18:08:37+00:00,2026-09-17T18:09:02.222319+00:00,90330e1a-dee5-4914-9d3f-3891aeca12ca,434,9,2,0,10,0,1,1,1,1789668465
2026-09-17T18:08:37+00:00,2026-09-17T18:09:02.222319+00:00,f834e534-0de8-11e7-991c-3863bb43a7d0,128,4,0,0,15,0,1,1,1,1789668466
2026-09-17T18:08:37+00:00,2026-09-17T18:09:02.222319+00:00,48abed77-c9ba-4a39-8a5c-6a1e9bb8a9a5,48abed77-c9ba-4a39-8a5c-6a1e9bb8a9a5,1,0,1,14,0,1,1,1,1789668463
2026-09-17T18:08:37+00:00,2026-09-17T18:09:02.222319+00:00,9bfa4a32-5598-46ea-a1a1-17b4c6ed9d84,431,3,0,0,12,0,1,1,1,1789668472
2026-09-17T18:08:37+00:00,2026-09-17T18:09:02.222319+00:00,d22265a8-a6d7-4922-a6b5-4be738a9e5c4,392,14,12,0,2,0,1,1,1,1789668468
2026-09-17T18:08:37+00:00,2026-09-17T18:09:02.222319+00:00,ea65c25f-0718-4f79-8588-c58b9fe3a105,226,0,0,0,15,0,1,1,1,1789668468
2026-09-17T18:08:37+00:00,2026-09-17T18:09:02.222319+00:00,f83492b4-0de8-11e7-991c-3863bb43a7d0,66,3,0,0,12,0,1,1,1,1789668468
2026-09-17T18:08:37+00:00,2026-09-17T18:09:02.222319+00:00,1963613484180639992,1963613484180639992,13,3,0,6,0,1,1,1,1789668470
2026-09-17T18:08:37+00:00,2026-09-17T18:09:02.222319+00:00,dede6d5f-7d62-496e-a8ca-d5a64afe39c1,544,4,0,1,10,0,1,1,1,1789668402
2026-09-17T18:08:37+00:00,2026-09-17T18:09:02.222319+00:00,1986302395589722758,1986302395589722758,2,2,0,8,0,1,1,1,1789668403
2026-09-17T18:08:37+00:00,2026-09-17T18:09:02.222319+00:00,2118728866631796788,2118728866631796788,1,0,0,14,0,1,1,1,1789668405
2026-09-17T18:08:37+00:00,2026-09-17T18:09:02.222319+00:00,ff938129-8179-455c-9ac9-9fcb9fc0b6d5,ff938129-8179-455c-9ac9-9fcb9fc0b6d5,4,0,0,15,0,1,1,1,1789668401
2026-09-17T18:08:37+00:00,2026-09-17T18:09:02.222319+00:00,f835288a-0de8-11e7-991c-3863bb43a7d0,208,10,0,0,5,0,1,1,1,1789668413
2026-09-17T18:08:37+00:00,2026-09-17T18:09:02.222319+00:00,57716f8d-c9ee-4768-8872-71343ec3ffd8,514,10,0,3,6,0,1,1,1,1789668413
2026-09-17T18:08:37+00:00,2026-09-17T18:09:02.222319+00:00,f834b8b3-0de8-11e7-991c-3863bb43a7d0,105,1,0,0,18,0,1,1,1,1789668412
2026-09-17T18:08:37+00:00,2026-09-17T18:09:02.222319+00:00,8983c75a-12c1-4995-aedc-24c94bd895e3,384,9,7,2,8,0,1,1,1,1789668413
2026-09-17T18:08:37+00:00,2026-09-17T18:09:02.222319+00:00,fe90d430-d33f-48b2-a5cd-bc161b220939,553,2,0,0,20,0,1,1,1,1789668414
2026-09-17T18:08:37+00:00,2026-09-17T18:09:02.222319+00:00,7e1dae55-4d3d-4a41-b969-2aeca70e0e69,7e1dae55-4d3d-4a41-b969-2aeca70e0e69,3,0,0,8,0,1,1,1,1789668430
2026-09-17T18:08:37+00:00,2026-09-17T18:09:02.222319+00:00,940638c5-7cd0-4a11-899e-86af3868d400,532,12,0,0,7,0,1,1,1,1789668428
2026-09-17T18:08:37+00:00,2026-09-17T18:09:02.222319+00:00,2087949096844032050,2087949096844032050,3,0,0,12,0,1,1,1,1789668432
2026-09-17T18:08:37+00:00,2026-09-17T18:09:02.222319+00:00,cf5f920f-b61d-4db0-b139-14aff04d577c,459,4,2,0,19,0,1,1,1,1789668429
2026-09-17T18:08:37+00:00,2026-09-17T18:09:02.222319+00:00,f9524971-e9f9-4572-aebc-580e48de042f,f9524971-e9f9-4572-aebc-580e48de042f,7,2,0,12,0,1,1,1,1789668435
2026-09-17T18:08:37+00:00,2026-09-17T18:09:02.222319+00:00,2110984374959099994,2110984374959099994,18,2,0,2,0,1,1,1,1789668436
2026-09-17T18:08:37+00:00,2026-09-17T18:09:02.222319+00:00,f83517fa-0de8-11e7-991c-3863bb43a7d0,187,0,0,0,15,0,1,1,1,1789668437
2026-09-17T18:08:37+00:00,2026-09-17T18:09:02.222319+00:00,2040842870122359032,2040842870122359032,19,13,0,1,0,1,1,1,1789668454
2026-09-17T18:08:37+00:00,2026-09-17T18:09:02.222319+00:00,1a661bb7-7d14-49e9-ac3d-22bafec8a2f0,507,5,3,0,6,0,1,1,1,1789668456
2026-09-17T18:08:37+00:00,2026-09-17T18:09:02.222319+00:00,f8349b20-0de8-11e7-991c-3863bb43a7d0,76,0,0,0,17,0,1,1,1,1789668456
2026-09-17T18:08:37+00:00,2026-09-17T18:09:02.222319+00:00,380de8b2-2728-4e4b-83f1-251bfbb5acf2,487,3,1,1,15,0,1,1,1,1789668452
2026-09-17T18:08:37+00:00,2026-09-17T18:09:02.222319+00:00,2039109354743046934,2039109354743046934,18,1,1,0,1,1,1,1,1789668453
2026-09-17T18:08:37+00:00,2026-09-17T18:09:02.222319+00:00,270ad97d-035d-472a-9827-76d3187afc56,402,2,0,0,13,0,1,1,1,1789668453
2026-09-17T18:08:37+00:00,2026-09-17T18:09:02.222319+00:00,f8349440-0de8-11e7-991c-3863bb43a7d0,68,4,1,0,15,0,1,1,1,1789668457
2026-09-17T18:08:37+00:00,2026-09-17T18:09:02.222319+00:00,0208190e-851c-417d-8bc7-1b218db97fbf,0208190e-851c-417d-8bc7-1b218db97fbf,20,0,0,2,0,1,1,1,1789668454
2026-09-17T18:08:37+00:00,2026-09-17T18:09:02.222319+00:00,f8347e78-0de8-11e7-991c-3863bb43a7d0,36,10,2,0,21,0,1,1,1,1789668457
2026-09-17T18:08:37+00:00,2026-09-17T18:09:02.222319+00:00,f8346b6f-0de8-11e7-991c-3863bb43a7d0,12,20,0,0,7,0,1,1,1,1789668460
2026-09-17T18:08:37+00:00,2026-09-17T18:09:02.222319+00:00,d8ce5f8b-2440-45e1-ab1c-23cb3bcbde84,527,4,0,0,9,0,1,1,1,1789668460
2026-09-17T18:08:37+00:00,2026-09-17T18:09:02.222319+00:00,f8352b39-0de8-11e7-991c-3863bb43a7d0,214,4,0,1,10,0,1,1,1,1789668460
2026-09-17T18:08:37+00:00,2026-09-17T18:09:02.222319+00:00,f8352219-0de8-11e7-991c-3863bb43a7d0,197,0,0,2,13,0,1,1,1,1789668459
2026-09-17T18:08:37+00:00,2026-09-17T18:09:02.222319+00:00,f834c7a9-0de8-11e7-991c-3863bb43a7d0,112,5,1,0,10,0,1,1,1,1789668458
2026-09-17T18:08:37+00:00,2026-09-17T18:09:02.222319+00:00,7f68a70d-af0e-450a-b7a8-ce621cd0c8c1,280,12,0,1,6,0,1,1,1,1789668461
2026-09-17T18:08:37+00:00,2026-09-17T18:09:02.222319+00:00,f83497b9-0de8-11e7-991c-3863bb43a7d0,74,8,2,2,8,0,1,1,1,1789668472
2026-09-17T18:08:37+00:00,2026-09-17T18:09:02.222319+00:00,2014865445230483952,2014865445230483952,2,1,0,14,0,1,1,1,1789668474
2026-09-17T18:08:37+00:00,2026-09-17T18:09:02.222319+00:00,a6e0db4f-fc9b-42af-bfe0-36cc0259b717,446,3,2,0,13,0,1,1,1,1789668473
2026-09-17T18:08:37+00:00,2026-09-17T18:09:02.222319+00:00,888780ee-bf2f-474e-9622-6bc725aa1b00,888780ee-bf2f-474e-9622-6bc725aa1b00,3,1,0,8,0,1,1,1,1789668475
2026-09-17T18:08:37+00:00,2026-09-17T18:09:02.222319+00:00,f83513a7-0de8-11e7-991c-3863bb43a7d0,177,1,0,0,18,0,1,1,1,1789668472
2026-09-17T18:08:37+00:00,2026-09-17T18:09:02.222319+00:00,2085366936904166272,2085366936904166272,2,0,0,13,0,1,1,1,1789668472
2026-09-17T18:08:37+00:00,2026-09-17T18:09:02.222319+00:00,b205d2bb-bb76-49ac-8d14-85eec5a874d3,343,6,1,0,9,0,1,1,1,1789668472
2026-09-17T18:08:37+00:00,2026-09-17T18:09:02.222319+00:00,ef6ef93b-488f-496b-afbf-3aedfd967129,517,3,1,2,10,0,1,1,1,1789668476
2026-09-17T18:08:37+00:00,2026-09-17T18:09:02.222319+00:00,f8350b76-0de8-11e7-991c-3863bb43a7d0,159,11,0,0,9,0,1,1,1,1789668476
2026-09-17T18:08:37+00:00,2026-09-17T18:09:02.222319+00:00,f8347c41-0de8-11e7-991c-3863bb43a7d0,32,11,1,0,3,0,1,1,1,1789668477
2026-09-17T18:08:37+00:00,2026-09-17T18:09:02.222319+00:00,f2b83aa2-86cd-4904-a099-74bf2023f768,330,3,0,0,11,0,1,1,1,1789668477
2026-09-17T18:08:37+00:00,2026-09-17T18:09:02.222319+00:00,f834f6a3-0de8-11e7-991c-3863bb43a7d0,135,12,2,0,5,0,1,1,1,1789668492
2026-09-17T18:08:37+00:00,2026-09-17T18:09:02.222319+00:00,ad2cf74c-0e8c-4e15-8f19-2259e8c82f0f,404,2,1,0,14,0,1,1,1,1789668488
2026-09-17T18:08:37+00:00,2026-09-17T18:09:02.222319+00:00,2119105928286481344,2119105928286481344,6,3,0,13,0,1,1,1,1789668489
2026-09-17T18:08:37+00:00,2026-09-17T18:09:02.222319+00:00,99675a11-a92c-465c-bf5a-434b08ba5fc6,400,4,0,0,48,0,1,1,1,1789668487
2026-09-17T18:08:37+00:00,2026-09-17T18:09:02.222319+00:00,2259733531216984776,2259733531216984776,3,0,0,12,0,1,1,1,1789668488
2026-09-17T18:08:37+00:00,2026-09-17T18:09:02.222319+00:00,1994054629753598708,1994054629753598708,12,0,0,2,0,1,1,1,1789668489
2026-09-17T18:08:37+00:00,2026-09-17T18:09:02.222319+00:00,2027502297316997708,2027502297316997708,9,0,0,2,0,1,1,1,1789668489
2026-09-17T18:08:37+00:00,2026-09-17T18:09:02.222319+00:00,23146f28-9762-4a6d-a6db-fcd4ff0e5d07,356,23,4,0,0,0,1,1,1,1789668490
2026-09-17T18:08:37+00:00,2026-09-17T18:09:02.222319+00:00,2085737662370069102,2085737662370069102,16,9,1,3,0,1,1,1,1789668491
2026-09-17T18:08:37+00:00,2026-09-17T18:09:02.222319+00:00,f834abfd-0de8-11e7-991c-3863bb43a7d0,96,17,1,0,2,0,1,1,1,1789668489
2026-09-17T18:08:37+00:00,2026-09-17T18:09:02.222319+00:00,f8351f1d-0de8-11e7-991c-3863bb43a7d0,191,9,0,1,5,0,1,1,1,1789668491
2026-09-17T18:08:37+00:00,2026-09-17T18:09:02.222319+00:00,903b9b5d-4244-43e4-8441-0d17f9a994f7,528,9,2,0,2,0,1,1,1,1789668488
2026-09-17T18:08:37+00:00,2026-09-17T18:09:02.222319+00:00,f8348622-0de8-11e7-991c-3863bb43a7d0,50,11,2,1,6,0,1,1,1,1789668481
2026-09-17T18:08:37+00:00,2026-09-17T18:09:02.222319+00:00,1991922092203192944,1991922092203192944,11,1,0,8,0,1,1,1,1789668477
2026-09-17T18:08:37+00:00,2026-09-17T18:09:02.222319+00:00,6aebc664-1e3c-479f-8f65-2bae99215ed3,6aebc664-1e3c-479f-8f65-2bae99215ed3,5,1,0,6,0,1,1,1,1789668481
2026-09-17T18:08:37+00:00,2026-09-17T18:09:02.222319+00:00,f834a8a0-0de8-11e7-991c-3863bb43a7d0,93,2,1,0,28,0,1,1,1,1789668482
2026-09-17T18:08:37+00:00,2026-09-17T18:09:02.222319+00:00,f8352534-0de8-11e7-991c-3863bb43a7d0,204,7,0,0,8,0,1,1,1,1789668482
2026-09-17T18:08:37+00:00,2026-09-17T18:09:02.222319+00:00,d5349097-b478-4b3f-9c46-d8fbcf38e3f4,509,3,0,0,9,0,1,1,1,1789668481
2026-09-17T18:08:37+00:00,2026-09-17T18:09:02.222319+00:00,e4678b17-face-42c3-9b5f-98418d31e3b6,e4678b17-face-42c3-9b5f-98418d31e3b6,8,1,0,3,0,1,1,1,1789668483
2026-09-17T18:08:37+00:00,2026-09-17T18:09:02.222319+00:00,2145094035874873892,2145094035874873892,17,5,1,1,0,1,1,1,1789668483
2026-09-17T18:08:37+00:00,2026-09-17T18:09:02.222319+00:00,f83488be-0de8-11e7-991c-3863bb43a7d0,56,11,2,1,6,0,1,1,1,1789668459
2026-09-17T18:08:37+00:00,2026-09-17T18:09:02.222319+00:00,295553ea-851b-4ac2-a094-f9d1208e399a,412,3,0,0,16,0,1,1,1,1789668486
2026-09-17T18:08:37+00:00,2026-09-17T18:09:02.222319+00:00,b6a8522d-296d-4c05-887d-842374520780,545,11,10,0,3,0,1,1,1,1789668485
2026-09-17T18:08:37+00:00,2026-09-17T18:09:02.222319+00:00,56817d8e-3a1c-431a-a529-1a600f80c364,366,0,0,0,27,0,1,1,1,1789668486
2026-09-17T18:08:37+00:00,2026-09-17T18:09:02.222319+00:00,868ccc83-99e5-4faf-96eb-e1fae26b9741,481,10,4,0,9,0,1,1,1,1789668483
2026-09-17T18:08:37+00:00,2026-09-17T18:09:02.222319+00:00,1994466222105870452,1994466222105870452,8,6,1,2,0,1,1,1,1789668494
2026-09-17T18:08:37+00:00,2026-09-17T18:09:02.222319+00:00,8a404180-7c2e-4dbe-9489-c478ed959282,8a404180-7c2e-4dbe-9489-c478ed959282,12,8,0,7,0,1,1,1,1789668496
2026-09-17T18:08:37+00:00,2026-09-17T18:09:02.222319+00:00,f834708e-0de8-11e7-991c-3863bb43a7d0,21,17,2,0,0,0,1,1,1,1789668495
2026-09-17T18:08:37+00:00,2026-09-17T18:09:02.222319+00:00,f8347f09-0de8-11e7-991c-3863bb43a7d0,37,13,0,0,2,0,1,1,1,1789668495
2026-09-17T18:08:37+00:00,2026-09-17T18:09:02.222319+00:00,1cced911-b428-4cfd-81be-3a8f77ce7379,233,11,0,0,3,1,1,1,1,1789668495
2026-09-17T18:08:37+00:00,2026-09-17T18:09:02.222319+00:00,2249415127458891992,2249415127458891992,15,0,0,0,0,1,1,1,1789668497
2026-09-17T18:08:37+00:00,2026-09-17T18:09:02.222319+00:00,c5cfd1ed-aa44-4e20-96bb-e334c96f0d68,376,1,0,0,14,0,1,1,1,1789668498
2026-09-17T18:08:37+00:00,2026-09-17T18:09:02.222319+00:00,2043911250700610106,2043911250700610106,15,5,0,0,0,1,1,1,1789668498
2026-09-17T18:08:37+00:00,2026-09-17T18:09:02.222319+00:00,f83482d2-0de8-11e7-991c-3863bb43a7d0,44,10,0,0,21,0,1,1,1,1789668498
2026-09-17T18:08:37+00:00,2026-09-17T18:09:02.222319+00:00,2264176803898382980,2264176803898382980,3,0,0,8,0,1,1,1,1789667834
2026-09-17T18:08:37+00:00,2026-09-17T18:09:02.222319+00:00,2072145327190878794,2072145327190878794,5,0,0,19,0,1,1,1,1789668380
2026-09-17T18:08:37+00:00,2026-09-17T18:09:02.222319+00:00,1997031579059661288,1997031579059661288,4,2,0,7,0,1,1,1,1789668378
2026-09-17T18:08:37+00:00,2026-09-17T18:09:02.222319+00:00,2136942888571742916,2136942888571742916,8,7,0,7,0,1,1,1,1789668358
2026-09-17T18:08:37+00:00,2026-09-17T18:09:02.222319+00:00,0f554e1d-9f0f-452d-9b4a-e00aa2c5911e,492,2,0,0,13,0,1,1,1,1789668391
2026-09-17T18:08:37+00:00,2026-09-17T18:09:02.222319+00:00,0839bb10-e876-4198-95e4-0147a561853d,258,14,1,0,1,0,1,1,1,1789668398
2026-09-17T18:08:37+00:00,2026-09-17T18:09:02.222319+00:00,f83516b8-0de8-11e7-991c-3863bb43a7d0,184,12,2,0,7,0,1,1,1,1789668395
2026-09-17T18:08:37+00:00,2026-09-17T18:09:02.222319+00:00,2327cb08-fa9f-459b-9ab0-1a319b0f2f4c,539,8,0,0,10,0,1,1,1,1789668401
2026-09-17T18:08:37+00:00,2026-09-17T18:09:02.222319+00:00,f24a573e-ef07-4785-9270-70c443510ea6,359,14,1,1,0,0,1,1,1,1789668409
2026-09-17T18:08:37+00:00,2026-09-17T18:09:02.222319+00:00,7ec0c53c-876a-419c-a78b-4edd000bbc9a,445,11,3,0,8,0,1,1,1,1789668409
2026-09-17T18:08:37+00:00,2026-09-17T18:09:02.222319+00:00,f8349824-0de8-11e7-991c-3863bb43a7d0,75,1,1,0,14,0,1,1,1,1789668410
2026-09-17T18:08:37+00:00,2026-09-17T18:09:02.222319+00:00,f834f814-0de8-11e7-991c-3863bb43a7d0,136,18,3,0,1,0,1,1,1,1789668417
2026-09-17T18:08:37+00:00,2026-09-17T18:09:02.222319+00:00,ec3eea05-a3ff-43c6-9e24-0c63f09b915f,378,8,2,1,10,0,1,1,1,1789668417
2026-09-17T18:08:37+00:00,2026-09-17T18:09:02.222319+00:00,bb27977d-36c1-496d-8bac-631b612dd7b8,332,1,0,2,12,0,1,1,1,1789668417
2026-09-17T18:08:37+00:00,2026-09-17T18:09:02.222319+00:00,1975886280004030604,1975886280004030604,1,1,1,21,0,1,1,1,1789668416
2026-09-17T18:08:37+00:00,2026-09-17T18:09:02.222319+00:00,f8348509-0de8-11e7-991c-3863bb43a7d0,48,16,8,0,3,0,1,1,1,1789668414
2026-09-17T18:08:37+00:00,2026-09-17T18:09:02.222319+00:00,2078337213380274244,2078337213380274244,3,0,0,8,0,1,1,1,1789668422
2026-09-17T18:08:37+00:00,2026-09-17T18:09:02.222319+00:00,1960693490199507164,1960693490199507164,10,2,0,9,0,1,1,1,1789668427
2026-09-17T18:08:37+00:00,2026-09-17T18:09:02.222319+00:00,5bc7cba9-f0b0-442d-932c-e8c7927d87ce,386,4,0,1,14,0,1,1,1,1789668420
2026-09-17T18:08:37+00:00,2026-09-17T18:09:02.222319+00:00,f83523e3-0de8-11e7-991c-3863bb43a7d0,201,2,0,1,12,0,1,1,1,1789668463
2026-09-17T18:08:37+00:00,2026-09-17T18:09:02.222319+00:00,d7ec834e-9d9a-402c-9956-7d5f42676b94,d7ec834e-9d9a-402c-9956-7d5f42676b94,5,0,1,9,0,1,1,1,1789668464
2026-09-17T18:08:37+00:00,2026-09-17T18:09:02.222319+00:00,2ba0c5dd-c990-4434-8a84-5c3eca23f096,447,2,0,0,17,0,1,1,1,1789668461
2026-09-17T18:08:37+00:00,2026-09-17T18:09:02.222319+00:00,1944724820826878816,1944724820826878816,0,0,0,17,0,1,1,1,1789668462
2026-09-17T18:08:37+00:00,2026-09-17T18:09:02.222319+00:00,2170342425741020744,2170342425741020744,6,0,0,11,0,1,1,1,1789668459
2026-09-17T18:08:37+00:00,2026-09-17T18:09:02.222319+00:00,e68655be-23d3-46e5-a509-25be677e7542,482,7,3,0,4,0,1,1,1,1789668426
2026-09-17T18:08:37+00:00,2026-09-17T18:09:02.222319+00:00,ce55d1b1-4267-40a9-ad44-5eab888ce18a,ce55d1b1-4267-40a9-ad44-5eab888ce18a,21,0,0,2,0,1,1,1,1789668435
2026-09-17T18:08:37+00:00,2026-09-17T18:09:02.222319+00:00,f83464e4-0de8-11e7-991c-3863bb43a7d0,3,14,0,0,1,0,1,1,1,1789668419
2026-09-17T18:08:37+00:00,2026-09-17T18:09:02.222319+00:00,2217856523888952522,2217856523888952522,0,0,1,19,0,1,1,1,1789668435
2026-09-17T18:08:37+00:00,2026-09-17T18:09:02.222319+00:00,518f6524-0e7f-454d-974e-e3ff9db1f795,494,5,4,0,6,0,1,1,1,1789668438
2026-09-17T18:08:37+00:00,2026-09-17T18:09:02.222319+00:00,f834cf45-0de8-11e7-991c-3863bb43a7d0,116,3,0,0,20,0,1,1,1,1789668476
2026-09-17T18:08:37+00:00,2026-09-17T18:09:02.222319+00:00,0adccd89-1d8d-44da-9f7c-5f18acafeddf,338,1,0,0,14,0,1,1,1,1789668473
2026-09-17T18:08:37+00:00,2026-09-17T18:09:02.222319+00:00,f834e1b2-0de8-11e7-991c-3863bb43a7d0,125,0,0,0,19,0,1,1,1,1789668474
2026-09-17T18:08:37+00:00,2026-09-17T18:09:02.222319+00:00,f8349c69-0de8-11e7-991c-3863bb43a7d0,78,5,1,0,14,0,1,1,1,1789668474
2026-09-17T18:08:37+00:00,2026-09-17T18:09:02.222319+00:00,510239fe-69c3-458b-b53c-6ce001845f4a,354,0,0,0,15,0,1,1,1,1789668472
2026-09-17T18:08:37+00:00,2026-09-17T18:09:02.222319+00:00,f8348995-0de8-11e7-991c-3863bb43a7d0,58,5,2,0,14,0,1,1,1,1789668478
2026-09-17T18:08:37+00:00,2026-09-17T18:09:02.222319+00:00,533620e8-00ff-494a-b288-bd67602bc98e,472,23,5,0,2,0,1,1,1,1789668440
2026-09-17T18:08:37+00:00,2026-09-17T18:09:02.222319+00:00,f834b49d-0de8-11e7-991c-3863bb43a7d0,101,4,1,0,14,0,1,1,1,1789668441
2026-09-17T18:08:37+00:00,2026-09-17T18:09:02.222319+00:00,ccd6fdd4-b39e-46d7-b43c-7bacffb6bd87,523,1,1,0,15,0,1,1,1,1789668441
2026-09-17T18:08:37+00:00,2026-09-17T18:09:02.222319+00:00,53a148ca-ac69-4a9c-a986-9a4b4df2f5df,387,7,4,1,7,0,1,1,1,1789668426
2026-09-17T18:08:37+00:00,2026-09-17T18:09:02.222319+00:00,676ca473-eed6-4971-aaf3-e199a7ca335b,433,16,5,0,3,0,1,1,1,1789668432
2026-09-17T18:08:37+00:00,2026-09-17T18:09:02.222319+00:00,ddcc8869-b8d4-483c-b9da-457fcebc8dc1,417,2,0,0,17,0,1,1,1,1789668439
2026-09-17T18:08:37+00:00,2026-09-17T18:09:02.222319+00:00,40e58976-02cc-4c7c-911f-7a6c97588bfa,520,7,1,2,12,0,1,1,1,1789668469
2026-09-17T18:08:37+00:00,2026-09-17T18:09:02.222319+00:00,ef54374b-0406-4b17-b0a1-847f1d7bea06,410,12,0,0,3,0,1,1,1,1789668468
2026-09-17T18:08:37+00:00,2026-09-17T18:09:02.222319+00:00,83183df0-38c2-4ae8-a0c4-4b59599c9582,222,1,0,0,13,0,1,1,1,1789668467
2026-09-17T18:08:37+00:00,2026-09-17T18:09:02.222319+00:00,2107991976288962746,2107991976288962746,8,0,0,12,0,1,1,1,1789668470
2026-09-17T18:08:37+00:00,2026-09-17T18:09:02.222319+00:00,f834b5d9-0de8-11e7-991c-3863bb43a7d0,103,2,0,0,13,0,1,1,1,1789668472
2026-09-17T18:08:37+00:00,2026-09-17T18:09:02.222319+00:00,70f20fcb-8e63-4015-9007-b97c525ab0a9,335,5,2,0,14,0,1,1,1,1789668453
2026-09-17T18:08:37+00:00,2026-09-17T18:09:02.222319+00:00,2043912031919765854,2043912031919765854,20,9,0,0,0,1,1,1,1789668451
2026-09-17T18:08:37+00:00,2026-09-17T18:09:02.222319+00:00,2141932795355773712,2141932795355773712,8,3,0,9,0,1,1,1,1789668452
2026-09-17T18:08:37+00:00,2026-09-17T18:09:02.222319+00:00,2111712079786088918,2111712079786088918,3,0,0,12,0,1,1,1,1789668452
2026-09-17T18:08:37+00:00,2026-09-17T18:09:02.222319+00:00,f834b42d-0de8-11e7-991c-3863bb43a7d0,100,22,0,0,3,0,1,1,1,1789668449
2026-09-17T18:08:37+00:00,2026-09-17T18:09:02.222319+00:00,2038619205667946906,2038619205667946906,5,0,0,15,0,1,1,1,1789668453
2026-09-17T18:08:37+00:00,2026-09-17T18:09:02.222319+00:00,42a3ecca-af9a-4556-90ba-7631546f96f8,42a3ecca-af9a-4556-90ba-7631546f96f8,5,1,0,5,0,1,1,1,1789668440
2026-09-17T18:08:37+00:00,2026-09-17T18:09:02.222319+00:00,f36e24cd-de4c-4a5e-adf4-cb97ccd2958d,505,8,5,0,3,0,1,1,1,1789668443
2026-09-17T18:08:37+00:00,2026-09-17T18:09:02.222319+00:00,5afe91c4-8076-4f9f-b83b-cf233bda2331,460,10,3,0,5,0,1,1,1,1789668443
2026-09-17T18:08:37+00:00,2026-09-17T18:09:02.222319+00:00,2071632496372113488,2071632496372113488,2,1,0,18,0,1,1,1,1789668444
2026-09-17T18:08:37+00:00,2026-09-17T18:09:02.222319+00:00,9f54207a-3308-43bd-b45c-9042b6389598,423,8,0,0,11,0,1,1,1,1789668445
2026-09-17T18:08:37+00:00,2026-09-17T18:09:02.222319+00:00,2113200093114979090,2113200093114979090,0,0,0,15,1,1,1,1,1789668447
2026-09-17T18:08:37+00:00,2026-09-17T18:09:02.222319+00:00,93911aa1-b5e4-48aa-a2b6-38fbcf613006,93911aa1-b5e4-48aa-a2b6-38fbcf613006,1,0,1,16,0,1,1,1,1789668445
2026-09-17T18:08:37+00:00,2026-09-17T18:09:02.222319+00:00,02a4416f-80b4-4472-accd-5db482ed5b6d,367,13,0,0,6,0,1,1,1,1789668478
2026-09-17T18:08:37+00:00,2026-09-17T18:09:02.222319+00:00,f6df6c1a-064f-428a-951c-2069a081b9df,380,15,2,1,3,0,1,1,1,1789668484
2026-09-17T18:08:37+00:00,2026-09-17T18:09:02.222319+00:00,13918b3b-9ac5-4968-a74d-e40dd3bc952e,479,18,1,0,1,0,1,1,1,1789668484
2026-09-17T18:08:37+00:00,2026-09-17T18:09:02.222319+00:00,f8351336-0de8-11e7-991c-3863bb43a7d0,176,3,0,1,11,0,1,1,1,1789668480
2026-09-17T18:08:37+00:00,2026-09-17T18:09:02.222319+00:00,13444449-b3a8-43d2-b8b9-a59fbc59a174,397,4,1,0,10,0,1,1,1,1789668482
2026-09-17T18:08:37+00:00,2026-09-17T18:09:02.222319+00:00,f834952a-0de8-11e7-991c-3863bb43a7d0,70,20,1,0,3,0,1,1,1,1789668483
2026-09-17T18:08:37+00:00,2026-09-17T18:09:02.222319+00:00,f83486ab-0de8-11e7-991c-3863bb43a7d0,51,2,0,0,13,0,1,1,1,1789668479
2026-09-17T18:08:37+00:00,2026-09-17T18:09:02.222319+00:00,f8347118-0de8-11e7-991c-3863bb43a7d0,22,15,4,0,20,0,1,1,1,1789668485
2026-09-17T18:08:37+00:00,2026-09-17T18:09:02.222319+00:00,f834e244-0de8-11e7-991c-3863bb43a7d0,126,1,0,1,13,0,1,1,1,1789668485
2026-09-17T18:08:37+00:00,2026-09-17T18:09:02.222319+00:00,5f726a7d-5c5d-48b1-9b13-06c77572a237,516,4,1,0,7,0,1,1,1,1789668493
2026-09-17T18:08:37+00:00,2026-09-17T18:09:02.222319+00:00,f8346768-0de8-11e7-991c-3863bb43a7d0,7,14,7,0,0,0,1,1,1,1789668493
2026-09-17T18:08:37+00:00,2026-09-17T18:09:02.222319+00:00,2057166010169469732,2057166010169469732,0,0,0,15,0,1,1,1,1789668495
2026-09-17T18:08:37+00:00,2026-09-17T18:09:02.222319+00:00,9e710d48-51c1-460e-a027-3d16bde62b13,419,4,0,0,11,0,1,1,1,1789668496
2026-09-17T18:08:37+00:00,2026-09-17T18:09:02.222319+00:00,a18e1e55-507e-49d8-b7c0-5c0efd959125,358,5,0,0,14,0,1,1,1,1789668496
2026-09-17T18:08:37+00:00,2026-09-17T18:09:02.222319+00:00,2223045710883822544,2223045710883822544,8,0,0,7,0,1,1,1,1789668496
2026-09-17T18:08:37+00:00,2026-09-17T18:09:02.222319+00:00,f8348136-0de8-11e7-991c-3863bb43a7d0,41,3,2,0,23,0,1,1,1,1789668495
2026-09-17T18:08:37+00:00,2026-09-17T18:09:02.222319+00:00,f83494b4-0de8-11e7-991c-3863bb43a7d0,69,3,2,1,15,0,1,1,1,1789668435
2026-09-17T18:08:37+00:00,2026-09-17T18:09:02.222319+00:00,f8349745-0de8-11e7-991c-3863bb43a7d0,73,11,3,0,4,0,1,1,1,1789668493
2026-09-17T18:08:37+00:00,2026-09-17T18:09:02.222319+00:00,f834fd36-0de8-11e7-991c-3863bb43a7d0,142,16,1,2,5,0,1,1,1,1789668493
2026-09-17T18:08:37+00:00,2026-09-17T18:09:02.222319+00:00,2070180968009321294,2070180968009321294,4,0,1,14,2,1,1,1,1789668494
2026-09-17T18:08:37+00:00,2026-09-17T18:09:02.222319+00:00,ff6ed364-8676-45a0-b97f-71025683849e,442,7,0,0,8,0,1,1,1,1789668495
2026-09-17T18:08:37+00:00,2026-09-17T18:09:02.222319+00:00,b995a0b4-fc26-4661-9bc8-e166d648edfd,353,7,2,0,8,0,1,1,1,1789668494
2026-09-17T18:08:37+00:00,2026-09-17T18:09:02.222319+00:00,f8348481-0de8-11e7-991c-3863bb43a7d0,47,9,2,0,10,0,1,1,1,1789668448
2026-09-17T18:08:37+00:00,2026-09-17T18:09:02.222319+00:00,2113555008851845550,2113555008851845550,2,0,1,17,0,1,1,1,1789668457
2026-09-17T18:08:37+00:00,2026-09-17T18:09:02.222319+00:00,9ca92778-9101-48df-90ea-08b784e26a1a,413,16,0,0,3,0,1,1,1,1789668455
2026-09-17T18:08:37+00:00,2026-09-17T18:09:02.222319+00:00,abefafdc-c772-4671-86fe-fc15a42adebb,abefafdc-c772-4671-86fe-fc15a42adebb,7,2,0,16,0,1,1,1,1789668456
2026-09-17T18:08:37+00:00,2026-09-17T18:09:02.222319+00:00,f35de2ab-979e-42d5-8cbd-dc479ed637e9,503,2,0,2,7,1,1,1,1,1789668459
2026-09-17T18:08:37+00:00,2026-09-17T18:09:02.222319+00:00,b23674a7-15a8-46d2-8219-6668acecf24a,548,12,0,0,6,0,1,1,1,1789668456
2026-09-17T18:08:37+00:00,2026-09-17T18:09:02.222319+00:00,2fd22786-dfeb-4126-a906-4f01802087f3,454,5,0,0,14,0,1,1,1,1789668490
2026-09-17T18:08:37+00:00,2026-09-17T18:09:02.222319+00:00,2038239468396569074,2038239468396569074,3,0,0,29,0,1,1,1,1789668487
2026-09-17T18:08:37+00:00,2026-09-17T18:09:02.222319+00:00,f8349ba9-0de8-11e7-991c-3863bb43a7d0,77,0,0,0,18,0,1,1,1,1789668487
2026-09-17T18:08:37+00:00,2026-09-17T18:09:02.222319+00:00,2223043968513191970,2223043968513191970,3,0,0,13,0,1,1,1,1789668481
2026-09-17T18:08:37+00:00,2026-09-17T18:09:02.222319+00:00,f83510fd-0de8-11e7-991c-3863bb43a7d0,171,11,4,1,10,0,1,1,1,1789668488
2026-09-17T18:08:37+00:00,2026-09-17T18:09:02.222319+00:00,f8351019-0de8-11e7-991c-3863bb43a7d0,169,6,1,0,13,0,1,1,1,1789668487
2026-09-17T18:08:37+00:00,2026-09-17T18:09:02.222319+00:00,36a8fbc8-6069-4a29-bbfd-63a2d019c9a5,415,15,1,0,3,0,1,1,1,1789668488
2026-09-17T18:08:37+00:00,2026-09-17T18:09:02.222319+00:00,287aedf5-0361-47e9-9de0-14ae3b75cc0d,287aedf5-0361-47e9-9de0-14ae3b75cc0d,17,1,0,4,0,1,1,1,1789668489
2026-09-17T18:08:37+00:00,2026-09-17T18:09:02.222319+00:00,342a2c60-71b0-4d19-98d6-47987cf20dbc,379,5,0,1,9,0,1,1,1,1789668490
2026-09-17T18:08:37+00:00,2026-09-17T18:09:02.222319+00:00,2071993292066931472,2071993292066931472,17,0,0,3,0,1,1,1,1789668490
2026-09-17T18:08:37+00:00,2026-09-17T18:09:02.222319+00:00,20b0b405-54ba-4a80-b89c-0819772665db,440,7,1,0,8,0,1,1,1,1789668488
2026-09-17T18:08:37+00:00,2026-09-17T18:09:02.222319+00:00,54d86d05-b399-42c5-a63a-a97713afc5d4,54d86d05-b399-42c5-a63a-a97713afc5d4,10,2,0,0,0,1,1,1,1789668486
2026-09-17T18:08:37+00:00,2026-09-17T18:09:02.222319+00:00,5018e851-f2f3-4e18-9914-c316bbcc2c3d,331,11,0,1,3,0,1,1,1,1789668497
2026-09-17T18:08:37+00:00,2026-09-17T18:09:02.222319+00:00,dfdaf866-b814-48e5-9bd3-eb7c4a733697,dfdaf866-b814-48e5-9bd3-eb7c4a733697,9,0,0,8,0,1,1,1,1789668497
2026-09-17T18:08:37+00:00,2026-09-17T18:09:02.222319+00:00,c1ae49bd-2a20-4684-886b-ead8dd627cfd,c1ae49bd-2a20-4684-886b-ead8dd627cfd,3,0,1,11,0,1,1,1,1789668497
2026-09-17T18:08:37+00:00,2026-09-17T18:09:02.222319+00:00,2103549125054737064,2103549125054737064,3,0,0,13,0,1,1,1,1789668497
2026-09-17T18:08:37+00:00,2026-09-17T18:09:02.222319+00:00,f8346894-0de8-11e7-991c-3863bb43a7d0,9,1,0,1,12,0,1,1,1,1789668497
2026-09-17T18:08:37+00:00,2026-09-17T18:09:02.222319+00:00,350e73e3-6f70-4b2d-87ab-24c8629e9a6a,350e73e3-6f70-4b2d-87ab-24c8629e9a6a,13,0,0,5,1,1,1,1,1789668497
2026-09-17T18:08:37+00:00,2026-09-17T18:09:02.222319+00:00,103a9881-e30a-4d57-b81d-863b995ff759,255,2,1,0,13,0,1,1,1,1789668497
2026-09-17T18:08:37+00:00,2026-09-17T18:09:02.222319+00:00,2029805507281123700,2029805507281123700,8,4,0,11,0,1,1,1,1789668498
2026-09-17T18:08:37+00:00,2026-09-17T18:09:02.222319+00:00,2241260819676115550,2241260819676115550,23,3,0,1,0,1,1,1,1789668497
2026-09-17T18:08:37+00:00,2026-09-17T18:09:02.222319+00:00,f8352c92-0de8-11e7-991c-3863bb43a7d0,217,14,3,0,5,0,1,1,1,1789668498
2026-09-17T18:08:37+00:00,2026-09-17T18:09:02.222319+00:00,f83524c0-0de8-11e7-991c-3863bb43a7d0,203,5,1,0,9,0,1,1,1,1789668498
2026-09-17T18:08:37+00:00,2026-09-17T18:09:02.222319+00:00,ba634139-d7bf-448f-aac4-25995d36b67b,373,4,2,0,11,0,1,1,1,1789668498
2026-09-17T23:05:37+00:00,2026-09-17T23:06:52.192503+00:00,6eaa7343-402d-41c9-9aac-8c664fdbdcf1,6eaa7343-402d-41c9-9aac-8c664fdbdcf1,0,0,0,0,0,0,0,0,86400
2026-09-17T23:05:37+00:00,2026-09-17T23:06:52.192503+00:00,2089808297152151688,2089808297152151688,3,1,0,9,0,1,1,1,1789686123
2026-09-17T23:05:37+00:00,2026-09-17T23:06:52.192503+00:00,57f5003b-6574-40b3-83d7-3b5dee1472e0,518,0,0,11,0,0,1,0,0,1789385522
2026-09-17T23:05:37+00:00,2026-09-17T23:06:52.192503+00:00,2036412579943670600,2036412579943670600,1,1,0,11,0,1,1,1,1789686161
2026-09-17T23:05:37+00:00,2026-09-17T23:06:52.192503+00:00,77c1736c-a609-4453-94f7-8e4253a8193c,474,7,2,0,4,0,1,1,1,1789686225
2026-09-17T23:05:37+00:00,2026-09-17T23:06:52.192503+00:00,2027855476515070160,2027855476515070160,2,1,0,25,0,1,1,1,1789686229
2026-09-17T23:05:37+00:00,2026-09-17T23:06:52.192503+00:00,1986694622707704150,1986694622707704150,16,0,1,2,0,1,1,1,1789686228
2026-09-17T23:05:37+00:00,2026-09-17T23:06:52.192503+00:00,38706d8c-8d4b-49f7-b6ed-7688449db261,463,4,0,0,15,0,1,1,1,1789686227
2026-09-17T23:05:37+00:00,2026-09-17T23:06:52.192503+00:00,01d29f8c-768d-4c4f-84ca-3de966075287,469,3,0,0,8,0,1,1,1,1789686225
2026-09-17T23:05:37+00:00,2026-09-17T23:06:52.192503+00:00,dcd76e42-eebc-4432-9726-cdb3372b0b07,557,0,0,1,18,0,1,1,1,1789686227
2026-09-17T23:05:37+00:00,2026-09-17T23:06:52.192503+00:00,9fef6df2-7f8f-43fc-a85b-7dd5453860f9,437,17,0,0,1,0,1,1,1,1789686231
2026-09-17T23:05:37+00:00,2026-09-17T23:06:52.192503+00:00,f8350d30-0de8-11e7-991c-3863bb43a7d0,163,8,0,1,10,0,1,1,1,1789686234
2026-09-17T23:05:37+00:00,2026-09-17T23:06:52.192503+00:00,2036103727838931110,2036103727838931110,6,1,0,5,0,1,1,1,1789686235
2026-09-17T23:05:37+00:00,2026-09-17T23:06:52.192503+00:00,8e7c1984-dc81-43b0-a0d3-58c6de45225a,465,8,3,1,2,0,1,1,1,1789686234
2026-09-17T23:05:37+00:00,2026-09-17T23:06:52.192503+00:00,f8347002-0de8-11e7-991c-3863bb43a7d0,20,18,0,1,4,0,1,1,1,1789686237
2026-09-17T23:05:37+00:00,2026-09-17T23:06:52.192503+00:00,800bde2c-51df-497c-ac2d-bc3a8c00c164,800bde2c-51df-497c-ac2d-bc3a8c00c164,1,0,0,14,0,1,1,1,1789686238
2026-09-17T23:05:37+00:00,2026-09-17T23:06:52.192503+00:00,2028220168245183460,2028220168245183460,9,1,0,10,0,1,1,1,1789686237
2026-09-17T23:05:37+00:00,2026-09-17T23:06:52.192503+00:00,2113559364250874028,2113559364250874028,0,0,4,11,0,1,1,1,1789686238
2026-09-17T23:05:37+00:00,2026-09-17T23:06:52.192503+00:00,f834c6f5-0de8-11e7-991c-3863bb43a7d0,111,7,4,0,8,0,1,1,1,1789686239
2026-09-17T23:05:37+00:00,2026-09-17T23:06:52.192503+00:00,40ee059e-8530-4992-9114-c16b87d6832f,441,17,0,0,1,1,1,1,1,1789686241
2026-09-17T23:05:37+00:00,2026-09-17T23:06:52.192503+00:00,f8351791-0de8-11e7-991c-3863bb43a7d0,186,11,0,1,3,0,1,1,1,1789686240
2026-09-17T23:05:37+00:00,2026-09-17T23:06:52.192503+00:00,f834916a-0de8-11e7-991c-3863bb43a7d0,63,9,1,0,6,0,1,1,1,1789686216
2026-09-17T23:05:37+00:00,2026-09-17T23:06:52.192503+00:00,6cec3afa-554c-466f-8323-5c619fe0ddc6,6cec3afa-554c-466f-8323-5c619fe0ddc6,7,1,0,4,0,1,1,1,1789686217
2026-09-17T23:05:37+00:00,2026-09-17T23:06:52.192503+00:00,f83532fa-0de8-11e7-991c-3863bb43a7d0,219,0,0,0,15,0,1,1,1,1789686215
2026-09-17T23:05:37+00:00,2026-09-17T23:06:52.192503+00:00,f8350199-0de8-11e7-991c-3863bb43a7d0,150,18,4,0,1,0,1,1,1,1789686215
2026-09-17T23:05:37+00:00,2026-09-17T23:06:52.192503+00:00,d1a5e406-718c-44b9-b9dd-e63605b888aa,555,11,9,0,4,0,1,1,1,1789686216
2026-09-17T23:05:37+00:00,2026-09-17T23:06:52.192503+00:00,f834d34b-0de8-11e7-991c-3863bb43a7d0,120,12,1,1,26,0,1,1,1,1789686222
2026-09-17T23:05:37+00:00,2026-09-17T23:06:52.192503+00:00,ab6517ea-ed53-42eb-8881-657d362e56e8,560,2,0,0,13,0,1,1,1,1789686220
2026-09-17T23:05:37+00:00,2026-09-17T23:06:52.192503+00:00,f7d416f8-4377-4019-bba7-302dc1d5a11d,391,8,2,1,6,0,1,1,1,1789686244
2026-09-17T23:05:37+00:00,2026-09-17T23:06:52.192503+00:00,2110566771130438288,2110566771130438288,6,1,0,10,0,1,1,1,1789686242
2026-09-17T23:05:37+00:00,2026-09-17T23:06:52.192503+00:00,c111ef1a-f276-415d-a95e-8e3c4e3a0c03,522,12,1,2,1,0,1,1,1,1789686242
2026-09-17T23:05:37+00:00,2026-09-17T23:06:52.192503+00:00,87b5a8b7-a330-4c51-ab32-7dafa292c88f,421,11,0,0,8,0,1,1,1,1789686241
2026-09-17T23:05:37+00:00,2026-09-17T23:06:52.192503+00:00,1ef9964d-47ac-4cd4-916e-7c006fa1e605,339,13,9,0,2,0,1,1,1,1789686199
2026-09-17T23:05:37+00:00,2026-09-17T23:06:52.192503+00:00,a6d6d4b2-3666-43ad-a690-7f676bdcc3fd,542,13,1,0,6,0,1,1,1,1789686200
2026-09-17T23:05:37+00:00,2026-09-17T23:06:52.192503+00:00,88b35b6d-f355-44dc-b85e-ed2eb1bc9099,406,7,3,0,12,0,1,1,1,1789686206
2026-09-17T23:05:37+00:00,2026-09-17T23:06:52.192503+00:00,15ec5783-ca7a-4225-ba51-cd0a45ecc975,15ec5783-ca7a-4225-ba51-cd0a45ecc975,4,1,1,6,0,1,1,1,1789686208
2026-09-17T23:05:37+00:00,2026-09-17T23:06:52.192503+00:00,f8347ded-0de8-11e7-991c-3863bb43a7d0,35,2,0,0,29,0,1,1,1,1789686213
2026-09-17T23:05:37+00:00,2026-09-17T23:06:52.192503+00:00,f834a67b-0de8-11e7-991c-3863bb43a7d0,89,7,0,1,11,0,1,1,1,1789686249
2026-09-17T23:05:37+00:00,2026-09-17T23:06:52.192503+00:00,2227859082657747444,2227859082657747444,7,5,0,0,0,1,1,1,1789686246
2026-09-17T23:05:37+00:00,2026-09-17T23:06:52.192503+00:00,2131371824572002576,2131371824572002576,6,0,0,10,0,1,1,1,1789686250
2026-09-17T23:05:37+00:00,2026-09-17T23:06:52.192503+00:00,5410aac7-2ec0-47b6-b728-b99c5137b463,5410aac7-2ec0-47b6-b728-b99c5137b463,8,4,0,3,0,1,1,1,1789686254
2026-09-17T23:05:37+00:00,2026-09-17T23:06:52.192503+00:00,f8346dbd-0de8-11e7-991c-3863bb43a7d0,16,5,0,0,14,0,1,1,1,1789686254
2026-09-17T23:05:37+00:00,2026-09-17T23:06:52.192503+00:00,f834b1ed-0de8-11e7-991c-3863bb43a7d0,99,9,1,0,6,0,1,1,1,1789686254
2026-09-17T23:05:37+00:00,2026-09-17T23:06:52.192503+00:00,2132460331327742574,2132460331327742574,0,0,0,18,0,1,1,1,1789686254
2026-09-17T23:05:37+00:00,2026-09-17T23:06:52.192503+00:00,ec4e1168-25dc-4929-b17b-e4ae578dd888,425,1,1,0,15,0,1,1,1,1789686256
2026-09-17T23:05:37+00:00,2026-09-17T23:06:52.192503+00:00,f83466c6-0de8-11e7-991c-3863bb43a7d0,6,2,1,0,11,0,1,1,1,1789686256
2026-09-17T23:05:37+00:00,2026-09-17T23:06:52.192503+00:00,2220033166406469278,2220033166406469278,11,4,0,4,0,1,1,1,1789686256
2026-09-17T23:05:37+00:00,2026-09-17T23:06:52.192503+00:00,2134720099473744344,2134720099473744344,4,0,0,17,0,1,1,1,1789686256
2026-09-17T23:05:37+00:00,2026-09-17T23:06:52.192503+00:00,2127252912986958612,2127252912986958612,5,0,0,10,0,1,1,1,1789686258
2026-09-17T23:05:37+00:00,2026-09-17T23:06:52.192503+00:00,f8351255-0de8-11e7-991c-3863bb43a7d0,174,13,0,0,2,0,1,1,1,1789686259
2026-09-17T23:05:37+00:00,2026-09-17T23:06:52.192503+00:00,5d17f129-af8c-4f30-bc58-6a8279052772,543,4,0,0,15,0,1,1,1,1789686256
2026-09-17T23:05:37+00:00,2026-09-17T23:06:52.192503+00:00,199f3d59-e726-4549-b9c1-4dfc8a343fdb,508,7,1,0,4,0,1,1,1,1789686260
2026-09-17T23:05:37+00:00,2026-09-17T23:06:52.192503+00:00,f8351649-0de8-11e7-991c-3863bb43a7d0,183,0,0,1,18,0,1,1,1,1789686268
2026-09-17T23:05:37+00:00,2026-09-17T23:06:52.192503+00:00,1919521884659886482,1919521884659886482,4,0,1,14,0,1,1,1,1789686268
2026-09-17T23:05:37+00:00,2026-09-17T23:06:52.192503+00:00,2261583246847893606,2261583246847893606,17,3,1,1,0,1,1,1,1789686267
2026-09-17T23:05:37+00:00,2026-09-17T23:06:52.192503+00:00,f834f948-0de8-11e7-991c-3863bb43a7d0,138,13,2,0,1,0,1,1,1,1789686266
2026-09-17T23:05:37+00:00,2026-09-17T23:06:52.192503+00:00,eed9e64f-f09d-43c1-aa31-da968c66750a,368,9,0,0,6,0,1,1,1,1789686266
2026-09-17T23:05:37+00:00,2026-09-17T23:06:52.192503+00:00,acb27827-d69a-4287-b132-3f529ca62ad2,427,13,7,1,4,1,1,1,1,1789686269
2026-09-17T23:05:37+00:00,2026-09-17T23:06:52.192503+00:00,4d953f0f-13b5-4b3d-b2da-342003ff7cba,4d953f0f-13b5-4b3d-b2da-342003ff7cba,5,3,0,6,0,1,1,1,1789686269
2026-09-17T23:05:37+00:00,2026-09-17T23:06:52.192503+00:00,2124664048772581794,2124664048772581794,1,0,0,10,0,1,1,1,1789686270
2026-09-17T23:05:37+00:00,2026-09-17T23:06:52.192503+00:00,e335fa7c-7adf-4360-9bfa-76b18124a56f,541,5,1,0,6,0,1,1,1,1789686271
2026-09-17T23:05:37+00:00,2026-09-17T23:06:52.192503+00:00,f834e75d-0de8-11e7-991c-3863bb43a7d0,129,2,1,0,16,1,1,1,1,1789686275
2026-09-17T23:05:37+00:00,2026-09-17T23:06:52.192503+00:00,1999639508813492766,1999639508813492766,1,0,0,18,1,1,1,1,1789686275
2026-09-17T23:05:37+00:00,2026-09-17T23:06:52.192503+00:00,2031175112202687108,2031175112202687108,0,0,0,16,0,1,1,1,1789686277
2026-09-17T23:05:37+00:00,2026-09-17T23:06:52.192503+00:00,2438d052-2cd6-4fba-83c9-39f46cb59398,2438d052-2cd6-4fba-83c9-39f46cb59398,17,0,0,2,0,1,1,1,1789686277
2026-09-17T23:05:37+00:00,2026-09-17T23:06:52.192503+00:00,f55cdf0a-3d7b-491c-bed2-7dc0ef2062d5,489,7,1,0,9,0,1,1,1,1789686275
2026-09-17T23:05:37+00:00,2026-09-17T23:06:52.192503+00:00,f834a2a8-0de8-11e7-991c-3863bb43a7d0,85,2,0,2,15,0,1,1,1,1789686276
2026-09-17T23:05:37+00:00,2026-09-17T23:06:52.192503+00:00,25489822-e43a-4704-b2a8-d905b78ba77c,389,11,0,0,3,0,1,1,1,1789686276
2026-09-17T23:05:37+00:00,2026-09-17T23:06:52.192503+00:00,1997031876360597884,1997031876360597884,7,6,0,4,0,1,1,1,1789686276
2026-09-17T23:05:37+00:00,2026-09-17T23:06:52.192503+00:00,f834cb89-0de8-11e7-991c-3863bb43a7d0,115,14,0,2,3,0,1,1,1,1789686279
2026-09-17T23:05:37+00:00,2026-09-17T23:06:52.192503+00:00,918335df-fc1a-45c2-9cfc-c5e2e93aecc0,467,5,1,1,5,0,1,1,1,1789686279
2026-09-17T23:05:37+00:00,2026-09-17T23:06:52.192503+00:00,e519df41-c4d7-403a-9afa-a5dd7cdd2d03,536,5,0,0,13,0,1,1,1,1789686281
2026-09-17T23:05:37+00:00,2026-09-17T23:06:52.192503+00:00,2250817396738253956,2250817396738253956,5,1,1,9,0,1,1,1,1789686243
2026-09-17T23:05:37+00:00,2026-09-17T23:06:52.192503+00:00,4b5de733-9353-4873-9dc2-9558b3cb063a,393,6,1,1,7,0,1,1,1,1789686281
2026-09-17T23:05:37+00:00,2026-09-17T23:06:52.192503+00:00,2251556760922290606,2251556760922290606,2,2,1,12,0,1,1,1,1789686279
2026-09-17T23:05:37+00:00,2026-09-17T23:06:52.192503+00:00,2219705277630124418,2219705277630124418,10,3,0,5,0,1,1,1,1789686280
2026-09-17T23:05:37+00:00,2026-09-17T23:06:52.192503+00:00,f8346e51-0de8-11e7-991c-3863bb43a7d0,17,1,0,1,13,0,1,1,1,1789686285
2026-09-17T23:05:37+00:00,2026-09-17T23:06:52.192503+00:00,2071991821019036242,2071991821019036242,12,4,0,8,0,1,1,1,1789686286
2026-09-17T23:05:37+00:00,2026-09-17T23:06:52.192503+00:00,f8348598-0de8-11e7-991c-3863bb43a7d0,49,3,2,2,14,0,1,1,1,1789686288
2026-09-17T23:05:37+00:00,2026-09-17T23:06:52.192503+00:00,1999644268058967024,1999644268058967024,22,0,0,2,0,1,1,1,1789686289
2026-09-17T23:05:37+00:00,2026-09-17T23:06:52.192503+00:00,82b41ffb-e284-4e4d-b22a-0cad2bfd4bee,443,3,0,0,16,0,1,1,1,1789686288
2026-09-17T23:05:37+00:00,2026-09-17T23:06:52.192503+00:00,f834f036-0de8-11e7-991c-3863bb43a7d0,133,13,0,2,7,0,1,1,1,1789686287
2026-09-17T23:05:37+00:00,2026-09-17T23:06:52.192503+00:00,2129149628430547474,2129149628430547474,2,1,1,13,0,1,1,1,1789686291
2026-09-17T23:05:37+00:00,2026-09-17T23:06:52.192503+00:00,803a0c16-4f81-44f1-8b49-a13fcdda40c1,370,11,0,2,4,0,1,1,1,1789686291
2026-09-17T23:05:37+00:00,2026-09-17T23:06:52.192503+00:00,f8347ba8-0de8-11e7-991c-3863bb43a7d0,31,0,0,0,19,0,1,1,1,1789686294
2026-09-17T23:05:37+00:00,2026-09-17T23:06:52.192503+00:00,f83473ea-0de8-11e7-991c-3863bb43a7d0,27,9,0,0,12,0,1,1,1,1789686294
2026-09-17T23:05:37+00:00,2026-09-17T23:06:52.192503+00:00,f8352973-0de8-11e7-991c-3863bb43a7d0,210,4,0,0,11,0,1,1,1,1789686294
2026-09-17T23:05:37+00:00,2026-09-17T23:06:52.192503+00:00,2149920539832638004,2149920539832638004,10,1,0,5,0,1,1,1,1789686298
2026-09-17T23:05:37+00:00,2026-09-17T23:06:52.192503+00:00,f834b183-0de8-11e7-991c-3863bb43a7d0,98,18,3,2,3,0,1,1,1,1789686300
2026-09-17T23:05:37+00:00,2026-09-17T23:06:52.192503+00:00,f83493c0-0de8-11e7-991c-3863bb43a7d0,67,1,0,1,22,0,1,1,1,1789686296
2026-09-17T23:05:37+00:00,2026-09-17T23:06:52.192503+00:00,1976640911178291400,1976640911178291400,4,2,0,7,0,1,1,1,1789686297
2026-09-17T23:05:37+00:00,2026-09-17T23:06:52.192503+00:00,2039387081833476178,2039387081833476178,4,0,0,16,0,1,1,1,1789686297
2026-09-17T23:05:37+00:00,2026-09-17T23:06:52.192503+00:00,f8348719-0de8-11e7-991c-3863bb43a7d0,52,5,0,0,18,0,1,1,1,1789686297
2026-09-17T23:05:37+00:00,2026-09-17T23:06:52.192503+00:00,25d6f87f-7025-48c5-b202-f91511a4ae19,25d6f87f-7025-48c5-b202-f91511a4ae19,6,1,0,13,0,1,1,1,1789686299
2026-09-17T23:05:37+00:00,2026-09-17T23:06:52.192503+00:00,1994515539257334312,1994515539257334312,19,8,0,0,0,1,1,1,1789686294
2026-09-17T23:05:37+00:00,2026-09-17T23:06:52.192503+00:00,2126567695528519906,2126567695528519906,7,0,1,12,0,1,1,1,1789686296
2026-09-17T23:05:37+00:00,2026-09-17T23:06:52.192503+00:00,b44b7c3d-c054-4591-92a9-3b96d86050ab,b44b7c3d-c054-4591-92a9-3b96d86050ab,3,2,0,8,0,1,1,1,1789686307
2026-09-17T23:05:37+00:00,2026-09-17T23:06:52.192503+00:00,f834d260-0de8-11e7-991c-3863bb43a7d0,119,8,3,0,7,0,1,1,1,1789686308
2026-09-17T23:05:37+00:00,2026-09-17T23:06:52.192503+00:00,1976280681456741062,1976280681456741062,9,3,0,2,0,1,1,1,1789686306
2026-09-17T23:05:37+00:00,2026-09-17T23:06:52.192503+00:00,cad0e759-b605-458a-b772-768dcce81dc6,372,3,0,0,16,0,1,1,1,1789686302
2026-09-17T23:05:37+00:00,2026-09-17T23:06:52.192503+00:00,8d535c23-f186-4161-aa10-17e94be6d4ae,436,6,0,0,9,1,1,1,1,1789686298
2026-09-17T23:05:37+00:00,2026-09-17T23:06:52.192503+00:00,aefc33cd-40b9-48da-8b87-415428816bdb,488,7,0,0,9,0,1,1,1,1789686305
2026-09-17T23:05:37+00:00,2026-09-17T23:06:52.192503+00:00,f834a1de-0de8-11e7-991c-3863bb43a7d0,84,6,0,0,9,0,1,1,1,1789686306
2026-09-17T23:05:37+00:00,2026-09-17T23:06:52.192503+00:00,1991921362058752616,1991921362058752616,0,0,1,19,0,1,1,1,1789686309
2026-09-17T23:05:37+00:00,2026-09-17T23:06:52.192503+00:00,986068c4-d11a-465a-b8d0-bd0960c57f51,986068c4-d11a-465a-b8d0-bd0960c57f51,7,0,2,5,0,1,1,1,1789686301
2026-09-17T23:05:37+00:00,2026-09-17T23:06:52.192503+00:00,f8347a8b-0de8-11e7-991c-3863bb43a7d0,29,2,0,0,17,0,1,1,1,1789686301
2026-09-17T23:05:37+00:00,2026-09-17T23:06:52.192503+00:00,625f105e-4407-4988-9095-d1979cbda5e1,234,18,10,1,1,0,1,1,1,1789686302
2026-09-17T23:05:37+00:00,2026-09-17T23:06:52.192503+00:00,97a1e4e7-a1ff-427a-aaea-48ca0d00bf9c,348,9,1,0,6,0,1,1,1,1789686303
2026-09-17T23:05:37+00:00,2026-09-17T23:06:52.192503+00:00,569f4952-5a25-4394-a419-f9c4d9cca6f3,495,12,3,0,7,0,1,1,1,1789686304
2026-09-17T23:05:37+00:00,2026-09-17T23:06:52.192503+00:00,f606593b-3d07-40f2-bc6d-a0eb96588e44,456,11,3,1,6,0,1,1,1,1789686304
2026-09-17T23:05:37+00:00,2026-09-17T23:06:52.192503+00:00,2127634714741013228,2127634714741013228,17,1,0,7,0,1,1,1,1789686303
2026-09-17T23:05:37+00:00,2026-09-17T23:06:52.192503+00:00,f834c5c9-0de8-11e7-991c-3863bb43a7d0,110,0,0,0,15,0,1,1,1,1789686302
2026-09-17T23:05:37+00:00,2026-09-17T23:06:52.192503+00:00,8bc42f7f-753d-4cca-a7d6-0d7c2530ea2c,364,8,0,0,11,0,1,1,1,1789686304
2026-09-17T23:05:37+00:00,2026-09-17T23:06:52.192503+00:00,f8351f87-0de8-11e7-991c-3863bb43a7d0,192,0,0,1,18,0,1,1,1,1789686311
2026-09-17T23:05:37+00:00,2026-09-17T23:06:52.192503+00:00,f8350129-0de8-11e7-991c-3863bb43a7d0,149,13,2,0,5,0,1,1,1,1789686312
2026-09-17T23:05:37+00:00,2026-09-17T23:06:52.192503+00:00,f834fcbe-0de8-11e7-991c-3863bb43a7d0,141,6,0,0,9,0,1,1,1,1789686311
2026-09-17T23:05:37+00:00,2026-09-17T23:06:52.192503+00:00,829fa5a8-cc88-4ab2-9f34-b481aaa1612e,259,5,1,0,10,0,1,1,1,1789686312
2026-09-17T23:05:37+00:00,2026-09-17T23:06:52.192503+00:00,2363c5a3-93cc-41a2-a767-90f1826c041f,426,0,0,0,27,0,1,1,1,1789686309
2026-09-17T23:05:37+00:00,2026-09-17T23:06:52.192503+00:00,2251186911126913182,2251186911126913182,9,4,0,10,0,1,1,1,1789686310
2026-09-17T23:05:37+00:00,2026-09-17T23:06:52.192503+00:00,f8349070-0de8-11e7-991c-3863bb43a7d0,61,5,0,2,12,0,1,1,1,1789686310
2026-09-17T23:05:37+00:00,2026-09-17T23:06:52.192503+00:00,768433a9-fc30-4485-b136-22d6f8a96f1c,768433a9-fc30-4485-b136-22d6f8a96f1c,8,6,0,3,0,1,1,1,1789686310
2026-09-17T23:05:37+00:00,2026-09-17T23:06:52.192503+00:00,e4d5271f-5f76-401b-b7f0-c8dce3c26f10,462,9,2,0,2,0,1,1,1,1789686311
2026-09-17T23:05:37+00:00,2026-09-17T23:06:52.192503+00:00,f8351569-0de8-11e7-991c-3863bb43a7d0,181,15,2,0,4,0,1,1,1,1789686313
2026-09-17T23:05:37+00:00,2026-09-17T23:06:52.192503+00:00,f834b928-0de8-11e7-991c-3863bb43a7d0,106,6,1,0,9,0,1,1,1,1789686314
2026-09-17T23:05:37+00:00,2026-09-17T23:06:52.192503+00:00,a825b55d-3ab3-481f-9c50-d3a7313e6843,228,1,0,0,18,0,1,1,1,1789686314
2026-09-17T23:05:37+00:00,2026-09-17T23:06:52.192503+00:00,9b0aff89-5242-475e-b03b-87c3c3bf51bb,477,2,2,0,17,0,1,1,1,1789686311
2026-09-17T23:05:37+00:00,2026-09-17T23:06:52.192503+00:00,ea00f276-26dc-48ee-b2c8-6e56fd632a2d,272,9,2,0,10,0,1,1,1,1789686312
2026-09-17T23:05:37+00:00,2026-09-17T23:06:52.192503+00:00,1ef5abb2-5af9-41f2-a0dd-1e44278ad9f1,502,4,4,1,6,0,1,1,1,1789686314
2026-09-17T23:05:37+00:00,2026-09-17T23:06:52.192503+00:00,f8349599-0de8-11e7-991c-3863bb43a7d0,71,8,1,1,14,0,1,1,1,1789686316
2026-09-17T23:05:37+00:00,2026-09-17T23:06:52.192503+00:00,52ca4d94-587f-4a61-a298-a1a755e73bfb,362,12,7,0,7,0,1,1,1,1789686316
2026-09-17T23:05:37+00:00,2026-09-17T23:06:52.192503+00:00,f835244e-0de8-11e7-991c-3863bb43a7d0,202,7,1,0,8,0,1,1,1,1789686316
2026-09-17T23:05:37+00:00,2026-09-17T23:06:52.192503+00:00,133d159e-a202-4310-910f-eca392fe181e,398,8,0,0,12,0,1,1,1,1789686316
2026-09-17T23:05:37+00:00,2026-09-17T23:06:52.192503+00:00,1331197c-f6c6-4f4a-a29b-95e580359886,224,15,0,0,2,0,1,1,1,1789686317
2026-09-17T23:05:37+00:00,2026-09-17T23:06:52.192503+00:00,f8346c96-0de8-11e7-991c-3863bb43a7d0,14,0,0,0,25,0,1,1,1,1789686317
2026-09-17T23:05:37+00:00,2026-09-17T23:06:52.192503+00:00,8f51f8f1-ecb8-4cd3-8529-296a03140c51,8f51f8f1-ecb8-4cd3-8529-296a03140c51,6,0,0,13,0,1,1,1,1789686202
2026-09-17T23:05:37+00:00,2026-09-17T23:06:52.192503+00:00,4caf6e93-ddd7-4b6f-9e61-f9df1206ac92,4caf6e93-ddd7-4b6f-9e61-f9df1206ac92,19,0,0,0,0,1,1,1,1789686199
2026-09-17T23:05:37+00:00,2026-09-17T23:06:52.192503+00:00,f1cafe36-f800-41f6-b74d-73953cb6394c,471,0,0,0,27,0,1,1,1,1789686205
2026-09-17T23:05:37+00:00,2026-09-17T23:06:52.192503+00:00,f8352150-0de8-11e7-991c-3863bb43a7d0,196,7,2,0,3,0,1,1,1,1789686205
2026-09-17T23:05:37+00:00,2026-09-17T23:06:52.192503+00:00,f835259f-0de8-11e7-991c-3863bb43a7d0,205,13,7,0,2,0,1,1,1,1789686206
2026-09-17T23:05:37+00:00,2026-09-17T23:06:52.192503+00:00,082262bd-086b-46c7-83ce-eed2b39142ff,416,1,0,0,14,0,1,1,1,1789686212
2026-09-17T23:05:37+00:00,2026-09-17T23:06:52.192503+00:00,2248987790637065652,2248987790637065652,1,0,0,11,0,1,1,1,1789686207
2026-09-17T23:05:37+00:00,2026-09-17T23:06:52.192503+00:00,c935cfb1-ef73-402e-9b86-83aaaac6534d,478,16,2,0,3,0,1,1,1,1789686209
2026-09-17T23:05:37+00:00,2026-09-17T23:06:52.192503+00:00,dc770287-c70c-43ea-a635-39f3dc6b09cd,dc770287-c70c-43ea-a635-39f3dc6b09cd,6,2,0,5,0,1,1,1,1789686209
2026-09-17T23:05:37+00:00,2026-09-17T23:06:52.192503+00:00,2131714490587826928,2131714490587826928,14,5,1,1,0,1,1,1,1789686209
2026-09-17T23:05:37+00:00,2026-09-17T23:06:52.192503+00:00,2253794653988522864,2253794653988522864,11,1,0,8,1,1,1,1,1789686189
2026-09-17T23:05:37+00:00,2026-09-17T23:06:52.192503+00:00,2035765531590062506,2035765531590062506,10,8,0,0,0,1,1,1,1789686208
2026-09-17T23:05:37+00:00,2026-09-17T23:06:52.192503+00:00,f834fb66-0de8-11e7-991c-3863bb43a7d0,139,6,0,1,12,0,1,1,1,1789686215
2026-09-17T23:05:37+00:00,2026-09-17T23:06:52.192503+00:00,3de6e5da-9702-4623-8683-26abd98012a8,525,10,3,0,2,0,1,1,1,1789686213
2026-09-17T23:05:37+00:00,2026-09-17T23:06:52.192503+00:00,1994461916590643872,1994461916590643872,6,6,0,5,0,1,1,1,1789686214
2026-09-17T23:05:37+00:00,2026-09-17T23:06:52.192503+00:00,a3b94ed8-8301-4ec6-baf2-64ac493b5106,529,0,0,0,16,0,1,1,1,1789686214
2026-09-17T23:05:37+00:00,2026-09-17T23:06:52.192503+00:00,1963273678015717438,1963273678015717438,6,0,1,12,0,1,1,1,1789686223
2026-09-17T23:05:37+00:00,2026-09-17T23:06:52.192503+00:00,3c837bc0-fd08-49c4-adf5-0e9a98e918a7,524,6,0,1,8,0,1,1,1,1789686218
2026-09-17T23:05:37+00:00,2026-09-17T23:06:52.192503+00:00,b5894555-30a3-46db-918a-fdeb083d6001,336,14,1,1,0,0,1,1,1,1789686224
2026-09-17T23:05:37+00:00,2026-09-17T23:06:52.192503+00:00,68323451-daf0-4532-a6cb-b070e3ef358f,68323451-daf0-4532-a6cb-b070e3ef358f,2,0,0,17,0,1,1,1,1789686232
2026-09-17T23:05:37+00:00,2026-09-17T23:06:52.192503+00:00,f834ffc9-0de8-11e7-991c-3863bb43a7d0,146,9,2,0,10,0,1,1,1,1789686239
2026-09-17T23:05:37+00:00,2026-09-17T23:06:52.192503+00:00,f8348857-0de8-11e7-991c-3863bb43a7d0,55,4,0,0,11,0,1,1,1,1789686240
2026-09-17T23:05:37+00:00,2026-09-17T23:06:52.192503+00:00,a9bc314b-a3fd-46e5-a63b-f005258bba5f,a9bc314b-a3fd-46e5-a63b-f005258bba5f,2,2,1,14,1,1,1,1,1789686243
2026-09-17T23:05:37+00:00,2026-09-17T23:06:52.192503+00:00,dd8dee9d-d044-41d6-9371-8463cf9c671b,526,5,0,1,9,0,1,1,1,1789686246
2026-09-17T23:05:37+00:00,2026-09-17T23:06:52.192503+00:00,2171110977443594588,2171110977443594588,8,1,0,7,0,1,1,1,1789686205
2026-09-17T23:05:37+00:00,2026-09-17T23:06:52.192503+00:00,2120986392451359068,2120986392451359068,5,1,0,14,0,1,1,1,1789686251
2026-09-17T23:05:37+00:00,2026-09-17T23:06:52.192503+00:00,dd008e3c-ff17-4c82-abe0-502272a62425,558,11,0,2,4,0,1,1,1,1789686251
2026-09-17T23:05:37+00:00,2026-09-17T23:06:52.192503+00:00,dd05a440-f881-410c-a071-864da11c634a,318,0,0,0,17,0,1,1,1,1789686251
2026-09-17T23:05:37+00:00,2026-09-17T23:06:52.192503+00:00,f8352c1a-0de8-11e7-991c-3863bb43a7d0,216,18,0,0,1,0,1,1,1,1789686252
2026-09-17T23:05:37+00:00,2026-09-17T23:06:52.192503+00:00,f835141c-0de8-11e7-991c-3863bb43a7d0,178,4,2,1,14,0,1,1,1,1789686254
2026-09-17T23:05:37+00:00,2026-09-17T23:06:52.192503+00:00,f8349d6e-0de8-11e7-991c-3863bb43a7d0,79,16,0,0,1,0,1,1,1,1789686253
2026-09-17T23:05:37+00:00,2026-09-17T23:06:52.192503+00:00,af066ffd-b892-434f-8532-1982fc408780,480,4,0,1,6,0,1,1,1,1789686255
2026-09-17T23:05:37+00:00,2026-09-17T23:06:52.192503+00:00,57caf362-1e8b-46aa-9ee3-82341c405ab0,271,10,1,0,5,0,1,1,1,1789686264
2026-09-17T23:05:37+00:00,2026-09-17T23:06:52.192503+00:00,f8346c01-0de8-11e7-991c-3863bb43a7d0,13,0,0,0,19,0,1,1,1,1789686264
2026-09-17T23:05:37+00:00,2026-09-17T23:06:52.192503+00:00,f8348021-0de8-11e7-991c-3863bb43a7d0,39,9,0,1,17,0,1,1,1,1789686265
2026-09-17T23:05:37+00:00,2026-09-17T23:06:52.192503+00:00,a9d13461-7f0f-47b0-9a97-8ec9e9792865,533,9,0,0,9,0,1,1,1,1789686260
2026-09-17T23:05:37+00:00,2026-09-17T23:06:52.192503+00:00,f836bc28-36a7-4ca6-bba6-0d75333d84bb,538,14,0,0,5,0,1,1,1,1789686263
2026-09-17T23:05:37+00:00,2026-09-17T23:06:52.192503+00:00,2100948177843249670,2100948177843249670,7,1,0,4,0,1,1,1,1789686265
2026-09-17T23:05:37+00:00,2026-09-17T23:06:52.192503+00:00,f8352a4d-0de8-11e7-991c-3863bb43a7d0,212,5,2,0,27,0,1,1,1,1789686265
2026-09-17T23:05:37+00:00,2026-09-17T23:06:52.192503+00:00,31382324-2931-491a-827a-40149e45afee,232,3,0,1,7,0,1,1,1,1789686264
2026-09-17T23:05:37+00:00,2026-09-17T23:06:52.192503+00:00,1984021766354634770,1984021766354634770,18,0,1,0,0,1,1,1,1789686265
2026-09-17T23:05:37+00:00,2026-09-17T23:06:52.192503+00:00,f8351ff1-0de8-11e7-991c-3863bb43a7d0,193,15,0,0,0,0,1,1,1,1789686267
2026-09-17T23:05:37+00:00,2026-09-17T23:06:52.192503+00:00,f834923d-0de8-11e7-991c-3863bb43a7d0,65,0,0,0,19,0,1,1,1,1789686266
2026-09-17T23:05:37+00:00,2026-09-17T23:06:52.192503+00:00,f8346a3c-0de8-11e7-991c-3863bb43a7d0,10,4,1,4,3,0,1,1,1,1789686268
2026-09-17T23:05:37+00:00,2026-09-17T23:06:52.192503+00:00,f834d064-0de8-11e7-991c-3863bb43a7d0,118,17,5,0,2,0,1,1,1,1789686275
2026-09-17T23:05:37+00:00,2026-09-17T23:06:52.192503+00:00,d81e16e2-a410-4a0b-b5ae-b72748fc9781,d81e16e2-a410-4a0b-b5ae-b72748fc9781,10,0,0,9,0,1,1,1,1789686275
2026-09-17T23:05:37+00:00,2026-09-17T23:06:52.192503+00:00,fbb9b58c-2b92-4bcf-8e4c-a982e40d2f39,221,7,3,0,12,0,1,1,1,1789686276
2026-09-17T23:05:37+00:00,2026-09-17T23:06:52.192503+00:00,f834b50a-0de8-11e7-991c-3863bb43a7d0,102,13,6,0,1,0,1,1,1,1789686261
2026-09-17T23:05:37+00:00,2026-09-17T23:06:52.192503+00:00,f8352306-0de8-11e7-991c-3863bb43a7d0,199,2,0,0,13,0,1,1,1,1789686261
2026-09-17T23:05:37+00:00,2026-09-17T23:06:52.192503+00:00,be7e7068-b85f-42c1-8ea1-e1d64e531323,be7e7068-b85f-42c1-8ea1-e1d64e531323,1,1,1,13,0,1,1,1,1789686262
2026-09-17T23:05:37+00:00,2026-09-17T23:06:52.192503+00:00,2113560016964645240,2113560016964645240,4,1,0,15,0,1,1,1,1789686257
2026-09-17T23:05:37+00:00,2026-09-17T23:06:52.192503+00:00,3b158c7a-a362-43ae-af1f-121b78be32d7,483,15,1,0,2,0,1,1,1,1789686257
2026-09-17T23:05:37+00:00,2026-09-17T23:06:52.192503+00:00,2071724371800490690,2071724371800490690,9,2,1,10,0,1,1,1,1789686261
2026-09-17T23:05:37+00:00,2026-09-17T23:06:52.192503+00:00,e3f5d039-a49e-4b3b-ab4d-4efbef2068c6,e3f5d039-a49e-4b3b-ab4d-4efbef2068c6,22,10,0,0,0,1,1,1,1789686261
2026-09-17T23:05:37+00:00,2026-09-17T23:06:52.192503+00:00,f83472d3-0de8-11e7-991c-3863bb43a7d0,25,14,0,0,1,0,1,1,1,1789686272
2026-09-17T23:05:37+00:00,2026-09-17T23:06:52.192503+00:00,b0b8e427-7203-4844-9c70-129e08a74452,347,3,1,0,12,0,1,1,1,1789686271
2026-09-17T23:05:37+00:00,2026-09-17T23:06:52.192503+00:00,2111332861978124760,2111332861978124760,10,3,0,5,0,1,1,1,1789686245
2026-09-17T23:05:37+00:00,2026-09-17T23:06:52.192503+00:00,f834fda2-0de8-11e7-991c-3863bb43a7d0,143,7,0,0,16,0,1,1,1,1789686268
2026-09-17T23:05:37+00:00,2026-09-17T23:06:52.192503+00:00,7dd0fc98-c1dd-4c93-9c1d-4bbdf5f93346,473,13,7,1,0,0,1,1,1,1789686271
2026-09-17T23:05:37+00:00,2026-09-17T23:06:52.192503+00:00,2158217922577811100,2158217922577811100,10,0,0,9,0,1,1,1,1789686271
2026-09-17T23:05:37+00:00,2026-09-17T23:06:52.192503+00:00,2fded452-cbd0-4248-b008-f8a61ed9a85f,2fded452-cbd0-4248-b008-f8a61ed9a85f,2,2,1,12,0,1,1,1,1789686279
2026-09-17T23:05:37+00:00,2026-09-17T23:06:52.192503+00:00,efd724b2-31cb-4aec-b9d9-8ab79271630c,493,8,0,1,8,0,1,1,1,1789686281
2026-09-17T23:05:37+00:00,2026-09-17T23:06:52.192503+00:00,f8347361-0de8-11e7-991c-3863bb43a7d0,26,8,2,0,7,0,1,1,1,1789686283
2026-09-17T23:05:37+00:00,2026-09-17T23:06:52.192503+00:00,609c2f06-310e-4134-8dd2-3d23aa41487b,609c2f06-310e-4134-8dd2-3d23aa41487b,15,2,0,7,0,1,1,1,1789686287
2026-09-17T23:05:37+00:00,2026-09-17T23:06:52.192503+00:00,13681246-4bf8-444a-a908-fa165e4ad298,329,6,1,0,9,0,1,1,1,1789686287
2026-09-17T23:05:37+00:00,2026-09-17T23:06:52.192503+00:00,3a6d94a7-9fee-41c5-b8cc-a8487c5e691b,549,23,3,1,0,0,1,1,1,1789686283
2026-09-17T23:05:37+00:00,2026-09-17T23:06:52.192503+00:00,2126939746529359956,2126939746529359956,5,2,0,14,0,1,1,1,1789686288
2026-09-17T23:05:37+00:00,2026-09-17T23:06:52.192503+00:00,1e3beeb4-f8e1-452c-93e5-48df78d4b313,334,6,0,0,12,0,1,1,1,1789686293
2026-09-17T23:05:37+00:00,2026-09-17T23:06:52.192503+00:00,f4a64c30-b97f-4ae5-b531-a11698b558d7,562,5,0,0,4,0,1,1,1,1789686293
2026-09-17T23:05:37+00:00,2026-09-17T23:06:52.192503+00:00,8b703219-1e16-4ba1-9f46-2b7030c7849a,360,5,3,1,10,0,1,1,1,1789686293
2026-09-17T23:05:37+00:00,2026-09-17T23:06:52.192503+00:00,634b697d-0e64-4102-8849-abac7a7f8e35,455,5,1,1,6,0,1,1,1,1789686293
2026-09-17T23:05:37+00:00,2026-09-17T23:06:52.192503+00:00,ee0fa23e-a6c2-474d-a6ef-bf581d63f1ae,ee0fa23e-a6c2-474d-a6ef-bf581d63f1ae,4,3,0,7,0,1,1,1,1789686294
2026-09-17T23:05:37+00:00,2026-09-17T23:06:52.192503+00:00,c98f50f6-1901-4c64-b164-8cf33245e022,282,16,2,1,1,0,1,1,1,1789686293
2026-09-17T23:05:37+00:00,2026-09-17T23:06:52.192503+00:00,f8348781-0de8-11e7-991c-3863bb43a7d0,53,13,0,0,5,0,1,1,1,1789686291
2026-09-17T23:05:37+00:00,2026-09-17T23:06:52.192503+00:00,2079440939380771716,2079440939380771716,5,0,0,6,0,1,1,1,1789686291
2026-09-17T23:05:37+00:00,2026-09-17T23:06:52.192503+00:00,2136546016037880534,2136546016037880534,1,0,0,14,0,1,1,1,1789686262
2026-09-17T23:05:37+00:00,2026-09-17T23:06:52.192503+00:00,ee18dbd6-05b8-4d38-a120-f84c3499a77e,519,5,0,2,4,0,1,1,1,1789686298
2026-09-17T23:05:37+00:00,2026-09-17T23:06:52.192503+00:00,1961066392414132348,1961066392414132348,6,0,1,12,0,1,1,1,1789686298
2026-09-17T23:05:37+00:00,2026-09-17T23:06:52.192503+00:00,f835027c-0de8-11e7-991c-3863bb43a7d0,152,7,2,0,20,0,1,1,1,1789686296
2026-09-17T23:05:37+00:00,2026-09-17T23:06:52.192503+00:00,2012646293885032702,2012646293885032702,16,2,1,8,0,1,1,1,1789686297
2026-09-17T23:05:37+00:00,2026-09-17T23:06:52.192503+00:00,f8353277-0de8-11e7-991c-3863bb43a7d0,218,0,0,0,14,0,1,1,1,1789686297
2026-09-17T23:05:37+00:00,2026-09-17T23:06:52.192503+00:00,f8350be5-0de8-11e7-991c-3863bb43a7d0,160,12,0,0,2,0,1,1,1,1789686297
2026-09-17T23:05:37+00:00,2026-09-17T23:06:52.192503+00:00,e49a5b83-2c9c-4610-a48b-89cfea172c8f,504,7,1,0,4,0,1,1,1,1789686298
2026-09-17T23:05:37+00:00,2026-09-17T23:06:52.192503+00:00,2115804056935012722,2115804056935012722,15,1,1,3,0,1,1,1,1789686302
2026-09-17T23:05:37+00:00,2026-09-17T23:06:52.192503+00:00,f83487f0-0de8-11e7-991c-3863bb43a7d0,54,4,2,2,9,0,1,1,1,1789686302
2026-09-17T23:05:37+00:00,2026-09-17T23:06:52.192503+00:00,0bc49982-74e9-4bbf-9991-e3d809d6319e,530,18,5,1,0,0,1,1,1,1789686298
2026-09-17T23:05:37+00:00,2026-09-17T23:06:52.192503+00:00,910f1452-dbeb-4e69-b226-71b2d7e85715,910f1452-dbeb-4e69-b226-71b2d7e85715,5,4,0,5,0,1,1,1,1789686298
2026-09-17T23:05:37+00:00,2026-09-17T23:06:52.192503+00:00,4764641e-b080-4c70-a1e1-049de81e09d0,273,27,0,0,13,0,1,1,1,1789686305
2026-09-17T23:05:37+00:00,2026-09-17T23:06:52.192503+00:00,f834db9b-0de8-11e7-991c-3863bb43a7d0,121,17,13,0,0,0,1,1,1,1789686306
2026-09-17T23:05:37+00:00,2026-09-17T23:06:52.192503+00:00,f8349672-0de8-11e7-991c-3863bb43a7d0,72,0,0,0,23,0,1,1,1,1789686309
2026-09-17T23:05:37+00:00,2026-09-17T23:06:52.192503+00:00,a439fff7-8630-464c-b277-efca6f6bc664,531,8,0,0,6,0,1,1,1,1789686309
2026-09-17T23:05:37+00:00,2026-09-17T23:06:52.192503+00:00,25cc602a-152a-4abe-9df8-a131d0a5d94b,235,6,0,0,9,0,1,1,1,1789686309
2026-09-17T23:05:37+00:00,2026-09-17T23:06:52.192503+00:00,f834a32d-0de8-11e7-991c-3863bb43a7d0,86,20,1,1,4,0,1,1,1,1789686225
2026-09-17T23:05:37+00:00,2026-09-17T23:06:52.192503+00:00,f83514f9-0de8-11e7-991c-3863bb43a7d0,180,6,1,1,12,0,1,1,1,1789686307
2026-09-17T23:05:37+00:00,2026-09-17T23:06:52.192503+00:00,2004828637786472956,2004828637786472956,19,8,0,0,0,1,1,1,1789686302
2026-09-17T23:05:37+00:00,2026-09-17T23:06:52.192503+00:00,50cc3c7f-50ed-4c70-b483-c89f3f47c938,491,7,0,2,10,0,1,1,1,1789686303
2026-09-17T23:05:37+00:00,2026-09-17T23:06:52.192503+00:00,f8349de4-0de8-11e7-991c-3863bb43a7d0,80,1,0,2,32,0,1,1,1,1789686306
2026-09-17T23:05:37+00:00,2026-09-17T23:06:52.192503+00:00,2074236051937964826,2074236051937964826,8,4,1,6,0,1,1,1,1789686312
2026-09-17T23:05:37+00:00,2026-09-17T23:06:52.192503+00:00,f834ff5a-0de8-11e7-991c-3863bb43a7d0,145,16,1,0,1,0,1,1,1,1789686309
2026-09-17T23:05:37+00:00,2026-09-17T23:06:52.192503+00:00,66763558-7a03-48a9-8665-6b4445b81f48,458,13,2,0,2,0,1,1,1,1789686310
2026-09-17T23:05:37+00:00,2026-09-17T23:06:52.192503+00:00,fae99a0c-e88a-4112-94d8-f655cf34e651,fae99a0c-e88a-4112-94d8-f655cf34e651,6,3,1,12,0,1,1,1,1789686313
2026-09-17T23:05:37+00:00,2026-09-17T23:06:52.192503+00:00,2124668538068359456,2124668538068359456,8,0,2,9,0,1,1,1,1789686314
2026-09-17T23:05:37+00:00,2026-09-17T23:06:52.192503+00:00,1206f5c8-7d1f-4c32-9d65-f3e80186fbde,511,13,10,0,6,0,1,1,1,1789686313
2026-09-17T23:05:37+00:00,2026-09-17T23:06:52.192503+00:00,0cb6d635-6a7d-4d75-89b4-36b12616be12,432,8,6,0,11,0,1,1,1,1789686309
2026-09-17T23:05:37+00:00,2026-09-17T23:06:52.192503+00:00,2080157934789007958,2080157934789007958,15,3,0,4,0,1,1,1,1789686311
2026-09-17T23:05:37+00:00,2026-09-17T23:06:52.192503+00:00,3dbbb3cb-b52d-46f8-8f9c-db11e83d081c,327,5,2,0,10,0,1,1,1,1789686314
2026-09-17T23:05:37+00:00,2026-09-17T23:06:52.192503+00:00,3f4f4ad4-a715-43d5-828f-f8381f26b66a,390,3,0,0,12,0,1,1,1,1789686315
2026-09-17T23:05:37+00:00,2026-09-17T23:06:52.192503+00:00,f8348924-0de8-11e7-991c-3863bb43a7d0,57,1,0,0,13,0,1,1,1,1789686315
2026-09-17T23:05:37+00:00,2026-09-17T23:06:52.192503+00:00,a51b429f-bf06-425a-b3fe-b3155aa6468c,a51b429f-bf06-425a-b3fe-b3155aa6468c,5,4,3,3,0,1,1,1,1789686316
2026-09-17T23:05:37+00:00,2026-09-17T23:06:52.192503+00:00,f8350c56-0de8-11e7-991c-3863bb43a7d0,161,23,2,0,0,0,1,1,1,1789686316
2026-09-17T23:05:37+00:00,2026-09-17T23:06:52.192503+00:00,f8351e42-0de8-11e7-991c-3863bb43a7d0,189,0,0,1,22,0,1,1,1,1789686316
2026-09-17T23:05:37+00:00,2026-09-17T23:06:52.192503+00:00,2002247509585342522,2002247509585342522,6,1,0,5,0,1,1,1,1789686316
2026-09-17T23:05:37+00:00,2026-09-17T23:06:52.192503+00:00,f834b652-0de8-11e7-991c-3863bb43a7d0,104,12,1,1,5,0,1,1,1,1789686316
2026-09-17T23:05:37+00:00,2026-09-17T23:06:52.192503+00:00,2223046412750968128,2223046412750968128,3,0,0,16,0,1,1,1,1789686317
2026-09-17T23:05:37+00:00,2026-09-17T23:06:52.192503+00:00,2256120653476329202,2256120653476329202,12,1,2,1,0,1,1,1,1789686317
2026-09-17T23:05:37+00:00,2026-09-17T23:06:52.192503+00:00,f834fc57-0de8-11e7-991c-3863bb43a7d0,140,6,3,0,10,1,1,1,1,1789686196
2026-09-17T23:05:37+00:00,2026-09-17T23:06:52.192503+00:00,aa556ad4-0092-4687-96c2-8dbc69addb56,485,6,3,0,5,0,1,1,1,1789686197
2026-09-17T23:05:37+00:00,2026-09-17T23:06:52.192503+00:00,a83f982f-a4f1-43e4-98e8-c8f4a0bb7290,452,14,6,1,0,0,1,1,1,1789686197
2026-09-17T23:05:37+00:00,2026-09-17T23:06:52.192503+00:00,fe6a64e7-c712-404c-85ae-ee77a37245b1,355,13,0,0,4,0,1,1,1,1789686201
2026-09-17T23:05:37+00:00,2026-09-17T23:06:52.192503+00:00,065e0e5d-8a0d-49b7-9c1f-c8eaba51a8b4,490,11,1,1,6,0,1,1,1,1789686200
2026-09-17T23:05:37+00:00,2026-09-17T23:06:52.192503+00:00,7c860828-3359-4229-b59b-963f5a4bab00,236,8,0,0,4,0,1,1,1,1789686202
2026-09-17T23:05:37+00:00,2026-09-17T23:06:52.192503+00:00,f834ab92-0de8-11e7-991c-3863bb43a7d0,95,11,1,2,2,0,1,1,1,1789686201
2026-09-17T23:05:37+00:00,2026-09-17T23:06:52.192503+00:00,9c8366d8-3b58-4894-b281-09e22f6fe5f7,464,4,2,0,7,0,1,1,1,1789686216
2026-09-17T23:05:37+00:00,2026-09-17T23:06:52.192503+00:00,f0f01d4c-ba4a-4ab2-9cc0-9fa1f9223300,394,9,8,0,5,0,1,1,1,1789686216
2026-09-17T23:05:37+00:00,2026-09-17T23:06:52.192503+00:00,f834dc46-0de8-11e7-991c-3863bb43a7d0,122,6,0,0,9,0,1,1,1,1789686222
2026-09-17T23:05:37+00:00,2026-09-17T23:06:52.192503+00:00,bd1755dc-f26c-420e-85b3-fd025d0b5445,554,9,1,1,5,0,1,1,1,1789686218
2026-09-17T23:05:37+00:00,2026-09-17T23:06:52.192503+00:00,c1789d39-705f-4c03-9c14-4d6a3a4f4400,561,0,0,0,19,0,1,1,1,1789686225
2026-09-17T23:05:37+00:00,2026-09-17T23:06:52.192503+00:00,9cc65d3d-cfcc-45ff-8f75-7264556b1cf9,9cc65d3d-cfcc-45ff-8f75-7264556b1cf9,6,2,0,13,0,1,1,1,1789686225
2026-09-17T23:05:37+00:00,2026-09-17T23:06:52.192503+00:00,1676a6f7-c417-48d2-92e8-5ce21995efc3,374,3,1,0,16,0,1,1,1,1789686223
2026-09-17T23:05:37+00:00,2026-09-17T23:06:52.192503+00:00,1976642295079838524,1976642295079838524,7,1,0,4,0,1,1,1,1789686224
2026-09-17T23:05:37+00:00,2026-09-17T23:06:52.192503+00:00,c23a4c0d-7e43-4042-80e2-7c894d07763b,559,6,0,0,5,0,1,1,1,1789686224
2026-09-17T23:05:37+00:00,2026-09-17T23:06:52.192503+00:00,9e9be067-c6bb-41de-9491-eda69d24d6de,371,7,5,0,12,0,1,1,1,1789686224
2026-09-17T23:05:37+00:00,2026-09-17T23:06:52.192503+00:00,12d463d2-ce50-43bd-81b1-6be4dbdbbc1b,430,10,0,0,9,0,1,1,1,1789686224
2026-09-17T23:05:37+00:00,2026-09-17T23:06:52.192503+00:00,f8351726-0de8-11e7-991c-3863bb43a7d0,185,9,1,0,4,0,1,1,1,1789686228
2026-09-17T23:05:37+00:00,2026-09-17T23:06:52.192503+00:00,2130224177726511580,2130224177726511580,3,0,0,12,0,1,1,1,1789686224
2026-09-17T23:05:37+00:00,2026-09-17T23:06:52.192503+00:00,f834fede-0de8-11e7-991c-3863bb43a7d0,144,5,0,0,14,0,1,1,1,1789686230
2026-09-17T23:05:37+00:00,2026-09-17T23:06:52.192503+00:00,eee3aab6-bd98-4d1f-8887-9c4e2adce482,eee3aab6-bd98-4d1f-8887-9c4e2adce482,2,1,1,7,0,1,1,1,1789686231
2026-09-17T23:05:37+00:00,2026-09-17T23:06:52.192503+00:00,f83481c5-0de8-11e7-991c-3863bb43a7d0,42,10,0,0,21,0,1,1,1,1789686231
2026-09-17T23:05:37+00:00,2026-09-17T23:06:52.192503+00:00,13d4171b-6d93-490e-923f-f2a17d5c7613,13d4171b-6d93-490e-923f-f2a17d5c7613,3,0,0,8,0,1,1,1,1789686236
2026-09-17T23:05:37+00:00,2026-09-17T23:06:52.192503+00:00,2129865213174084448,2129865213174084448,2,1,0,17,0,1,1,1,1789686233
2026-09-17T23:05:37+00:00,2026-09-17T23:06:52.192503+00:00,2220822464984366036,2220822464984366036,7,4,0,4,1,1,1,1,1789686233
2026-09-17T23:05:37+00:00,2026-09-17T23:06:52.192503+00:00,9f582e05-15e0-4a39-aef5-c719e0c78e26,466,2,0,4,5,0,1,1,1,1789686234
2026-09-17T23:05:37+00:00,2026-09-17T23:06:52.192503+00:00,f834ea45-0de8-11e7-991c-3863bb43a7d0,130,3,0,0,12,0,1,1,1,1789686237
2026-09-17T23:05:37+00:00,2026-09-17T23:06:52.192503+00:00,93381e13-cd04-4e10-ac81-9f5926aa01d5,333,14,0,1,10,0,1,1,1,1789686239
2026-09-17T23:05:37+00:00,2026-09-17T23:06:52.192503+00:00,2038981933682610536,2038981933682610536,8,0,0,8,0,1,1,1,1789686241
2026-09-17T23:05:37+00:00,2026-09-17T23:06:52.192503+00:00,f835108b-0de8-11e7-991c-3863bb43a7d0,170,1,0,0,13,0,1,1,1,1789686242
2026-09-17T23:05:37+00:00,2026-09-17T23:06:52.192503+00:00,f8352068-0de8-11e7-991c-3863bb43a7d0,194,5,1,1,13,0,1,1,1,1789686244
2026-09-17T23:05:37+00:00,2026-09-17T23:06:52.192503+00:00,2098360140389493528,2098360140389493528,3,2,2,6,0,1,1,1,1789686244
2026-09-17T23:05:37+00:00,2026-09-17T23:06:52.192503+00:00,1978882443666915710,1978882443666915710,9,2,1,8,1,1,1,1,1789686245
2026-09-17T23:05:37+00:00,2026-09-17T23:06:52.192503+00:00,0b0467c1-0c90-4529-a556-fe4d57835bbb,435,6,1,0,9,0,1,1,1,1789686246
2026-09-17T23:05:37+00:00,2026-09-17T23:06:52.192503+00:00,4f25f6ef-236b-43b4-8a92-68a24db0504b,4f25f6ef-236b-43b4-8a92-68a24db0504b,9,0,0,5,0,1,1,1,1789686249
2026-09-17T23:05:37+00:00,2026-09-17T23:06:52.192503+00:00,c5017e67-cada-4549-a52e-0f13dddd289d,424,12,4,1,6,0,1,1,1,1789686250
2026-09-17T23:05:37+00:00,2026-09-17T23:06:52.192503+00:00,6e340d8e-45db-4fd9-b6eb-b74ec73b0d3e,535,3,2,1,11,0,1,1,1,1789686250
2026-09-17T23:05:37+00:00,2026-09-17T23:06:52.192503+00:00,53548ba4-ad0a-4d92-8e57-fd5c9f3ad102,399,8,0,0,7,0,1,1,1,1789686250
2026-09-17T23:05:37+00:00,2026-09-17T23:06:52.192503+00:00,f8351490-0de8-11e7-991c-3863bb43a7d0,179,43,0,0,9,0,1,1,1,1789686247
2026-09-17T23:05:37+00:00,2026-09-17T23:06:52.192503+00:00,f8350204-0de8-11e7-991c-3863bb43a7d0,151,7,0,0,12,0,1,1,1,1789686247
2026-09-17T23:05:37+00:00,2026-09-17T23:06:52.192503+00:00,eb8824c3-9c84-4fec-8d6f-d537c8ab3beb,349,1,0,0,16,0,1,1,1,1789686256
2026-09-17T23:05:37+00:00,2026-09-17T23:06:52.192503+00:00,52485851-e554-49de-ab9f-f536806d2d34,52485851-e554-49de-ab9f-f536806d2d34,0,0,3,8,0,1,1,1,1789686257
2026-09-17T23:05:37+00:00,2026-09-17T23:06:52.192503+00:00,81bfc33b-30d8-4881-b261-712715a8b2bc,363,14,0,0,1,1,1,1,1,1789686254
2026-09-17T23:05:37+00:00,2026-09-17T23:06:52.192503+00:00,5f8ced09-665c-41e5-b67e-1e58fac21830,521,2,1,0,9,0,1,1,1,1789686207
2026-09-17T23:05:37+00:00,2026-09-17T23:06:52.192503+00:00,c202f2ca-ec1d-4dc5-a734-e0a342f23ba4,279,15,2,0,8,0,1,1,1,1789686207
2026-09-17T23:05:37+00:00,2026-09-17T23:06:52.192503+00:00,f83515d8-0de8-11e7-991c-3863bb43a7d0,182,10,9,0,9,0,1,1,1,1789686208
2026-09-17T23:05:37+00:00,2026-09-17T23:06:52.192503+00:00,2093488029445054742,2093488029445054742,10,0,2,16,0,1,1,1,1789686210
2026-09-17T23:05:37+00:00,2026-09-17T23:06:52.192503+00:00,2002579415401984808,2002579415401984808,5,0,0,6,0,1,1,1,1789686212
2026-09-17T23:05:37+00:00,2026-09-17T23:06:52.192503+00:00,f83480a9-0de8-11e7-991c-3863bb43a7d0,40,28,7,0,3,0,1,1,1,1789686214
2026-09-17T23:05:37+00:00,2026-09-17T23:06:52.192503+00:00,2249419943962214726,2249419943962214726,6,0,1,12,0,1,1,1,1789686233
2026-09-17T23:05:37+00:00,2026-09-17T23:06:52.192503+00:00,e32c0bb9-e85b-4764-b0fb-5c582cfd3a90,340,12,2,0,6,1,1,1,1,1789686258
2026-09-17T23:05:37+00:00,2026-09-17T23:06:52.192503+00:00,1a39ab83-f029-4134-aad4-35380b30bf2c,1a39ab83-f029-4134-aad4-35380b30bf2c,4,0,1,14,0,1,1,1,1789686258
2026-09-17T23:05:37+00:00,2026-09-17T23:06:52.192503+00:00,f834b99d-0de8-11e7-991c-3863bb43a7d0,107,5,0,2,12,0,1,1,1,1789686264
2026-09-17T23:05:37+00:00,2026-09-17T23:06:52.192503+00:00,8347c34d-68df-404b-ac58-7a387cc3ce4b,414,19,4,0,4,0,1,1,1,1789686263
2026-09-17T23:05:37+00:00,2026-09-17T23:06:52.192503+00:00,f8352ac4-0de8-11e7-991c-3863bb43a7d0,213,8,0,0,6,0,1,1,1,1789686263
2026-09-17T23:05:37+00:00,2026-09-17T23:06:52.192503+00:00,186accbb-6a08-4e1d-b267-9033c4443a56,401,11,4,0,4,0,1,1,1,1789686262
2026-09-17T23:05:37+00:00,2026-09-17T23:06:52.192503+00:00,2212258635631104970,2212258635631104970,9,0,0,14,0,1,1,1,1789686262
2026-09-17T23:05:37+00:00,2026-09-17T23:06:52.192503+00:00,ed6c012e-6d6c-41e7-8e01-90749fd67575,546,7,5,0,8,1,1,1,1,1789686263
2026-09-17T23:05:37+00:00,2026-09-17T23:06:52.192503+00:00,9340e113-e0b2-48ac-b58a-8b6f001b0a94,486,2,2,0,9,0,1,1,1,1789686261
2026-09-17T23:05:37+00:00,2026-09-17T23:06:52.192503+00:00,2212663228188806942,2212663228188806942,16,2,0,8,0,1,1,1,1789686265
2026-09-17T23:05:37+00:00,2026-09-17T23:06:52.192503+00:00,2d32e355-faee-407b-9bb7-45d80ffb059a,2d32e355-faee-407b-9bb7-45d80ffb059a,1,0,0,18,0,1,1,1,1789686266
2026-09-17T23:05:37+00:00,2026-09-17T23:06:52.192503+00:00,f83483f3-0de8-11e7-991c-3863bb43a7d0,46,6,0,0,33,0,1,1,1,1789686267
2026-09-17T23:05:37+00:00,2026-09-17T23:06:52.192503+00:00,f83529e2-0de8-11e7-991c-3863bb43a7d0,211,14,0,0,1,0,1,1,1,1789686267
2026-09-17T23:05:37+00:00,2026-09-17T23:06:52.192503+00:00,f834caf2-0de8-11e7-991c-3863bb43a7d0,114,6,2,1,8,0,1,1,1,1789686272
2026-09-17T23:05:37+00:00,2026-09-17T23:06:52.192503+00:00,f83512c9-0de8-11e7-991c-3863bb43a7d0,175,3,1,0,14,0,1,1,1,1789686272
2026-09-17T23:05:37+00:00,2026-09-17T23:06:52.192503+00:00,f83520d8-0de8-11e7-991c-3863bb43a7d0,195,7,2,0,16,0,1,1,1,1789686271
2026-09-17T23:05:37+00:00,2026-09-17T23:06:52.192503+00:00,2245672241002318634,2245672241002318634,10,1,0,8,0,1,1,1,1789686270
2026-09-17T23:05:37+00:00,2026-09-17T23:06:52.192503+00:00,47c44bb1-d065-41f5-ad79-c18aee60af34,342,7,2,0,8,0,1,1,1,1789686271
2026-09-17T23:05:37+00:00,2026-09-17T23:06:52.192503+00:00,2225590560002383786,2225590560002383786,4,0,0,10,0,1,1,1,1789686271
2026-09-17T23:05:37+00:00,2026-09-17T23:06:52.192503+00:00,4fe8e777-345b-4fc2-a684-dd874e8186d8,4fe8e777-345b-4fc2-a684-dd874e8186d8,15,2,0,0,0,1,1,1,1789686273
2026-09-17T23:05:37+00:00,2026-09-17T23:06:52.192503+00:00,f83471a1-0de8-11e7-991c-3863bb43a7d0,23,0,0,0,25,0,1,1,1,1789686274
2026-09-17T23:05:37+00:00,2026-09-17T23:06:52.192503+00:00,2096125468116637776,2096125468116637776,8,1,1,6,0,1,1,1,1789686275
2026-09-17T23:05:37+00:00,2026-09-17T23:06:52.192503+00:00,2151136782588526782,2151136782588526782,6,0,0,5,0,1,1,1,1789686277
2026-09-17T23:05:37+00:00,2026-09-17T23:06:52.192503+00:00,2123672938202825324,2123672938202825324,2,0,0,13,0,1,1,1,1789686278
2026-09-17T23:05:37+00:00,2026-09-17T23:06:52.192503+00:00,f834ec42-0de8-11e7-991c-3863bb43a7d0,131,7,3,1,10,0,1,1,1,1789686279
2026-09-17T23:05:37+00:00,2026-09-17T23:06:52.192503+00:00,42886366-9cbf-432c-ba84-beef38877c87,408,12,4,0,3,0,1,1,1,1789686284
2026-09-17T23:05:37+00:00,2026-09-17T23:06:52.192503+00:00,1989983491501558234,1989983491501558234,1,1,0,10,0,1,1,1,1789686280
2026-09-17T23:05:37+00:00,2026-09-17T23:06:52.192503+00:00,2007420398783036020,2007420398783036020,5,0,1,14,0,1,1,1,1789686283
2026-09-17T23:05:37+00:00,2026-09-17T23:06:52.192503+00:00,2254164250455119196,2254164250455119196,7,4,0,8,0,1,1,1,1789686273
2026-09-17T23:05:37+00:00,2026-09-17T23:06:52.192503+00:00,2040842277416872172,2040842277416872172,6,0,0,10,0,1,1,1,1789686296
2026-09-17T23:05:37+00:00,2026-09-17T23:06:52.192503+00:00,a75d3da1-ce74-447f-8e80-52506a81aff3,a75d3da1-ce74-447f-8e80-52506a81aff3,7,4,0,4,0,1,1,1,1789686297
2026-09-17T23:05:37+00:00,2026-09-17T23:06:52.192503+00:00,f834dedf-0de8-11e7-991c-3863bb43a7d0,124,14,5,0,0,0,1,1,1,1789686298
2026-09-17T23:05:37+00:00,2026-09-17T23:06:52.192503+00:00,403c0f6c-d01a-4171-a7be-3aa4dbb0d7d1,407,8,7,0,10,0,1,1,1,1789686299
2026-09-17T23:05:37+00:00,2026-09-17T23:06:52.192503+00:00,f834a3a0-0de8-11e7-991c-3863bb43a7d0,87,9,0,0,6,0,1,1,1,1789686301
2026-09-17T23:05:37+00:00,2026-09-17T23:06:52.192503+00:00,7feae3ce-ddf2-4a45-a123-1209c8a9182b,484,6,4,0,5,0,1,1,1,1789686302
2026-09-17T23:05:37+00:00,2026-09-17T23:06:52.192503+00:00,f834ba08-0de8-11e7-991c-3863bb43a7d0,108,0,0,2,15,0,1,1,1,1789686299
2026-09-17T23:05:37+00:00,2026-09-17T23:06:52.192503+00:00,e2c306f6-82c7-4d0d-89fd-c9452d2f9ad1,361,9,0,1,33,0,1,1,1,1789686299
2026-09-17T23:05:37+00:00,2026-09-17T23:06:52.192503+00:00,81676204-e42f-4d3d-991e-9c1264f36229,357,15,2,0,0,0,1,1,1,1789686300
2026-09-17T23:05:37+00:00,2026-09-17T23:06:52.192503+00:00,2131760674371160748,2131760674371160748,7,0,0,13,0,1,1,1,1789686284
2026-09-17T23:05:37+00:00,2026-09-17T23:06:52.192503+00:00,f834824e-0de8-11e7-991c-3863bb43a7d0,43,0,0,1,14,0,1,1,1,1789686285
2026-09-17T23:05:37+00:00,2026-09-17T23:06:52.192503+00:00,f8348a68-0de8-11e7-991c-3863bb43a7d0,60,6,0,0,12,0,1,1,1,1789686288
2026-09-17T23:05:37+00:00,2026-09-17T23:06:52.192503+00:00,4c128753-6fde-4d4c-896e-a1adf89ada98,4c128753-6fde-4d4c-896e-a1adf89ada98,1,0,0,25,0,1,1,1,1789686288
2026-09-17T23:05:37+00:00,2026-09-17T23:06:52.192503+00:00,7df1ee28-441e-44c1-8507-8f58946be96b,239,13,1,1,1,0,1,1,1,1789686289
2026-09-17T23:05:37+00:00,2026-09-17T23:06:52.192503+00:00,f8352378-0de8-11e7-991c-3863bb43a7d0,200,2,1,0,17,0,1,1,1,1789686288
2026-09-17T23:05:37+00:00,2026-09-17T23:06:52.192503+00:00,be18593a-9e4c-4a13-8bb2-a5bac3d9b2b3,547,7,4,1,10,0,1,1,1,1789686287
2026-09-17T23:05:37+00:00,2026-09-17T23:06:52.192503+00:00,f8351dc2-0de8-11e7-991c-3863bb43a7d0,188,15,3,0,0,0,1,1,1,1789686285
2026-09-17T23:05:37+00:00,2026-09-17T23:06:52.192503+00:00,f834658f-0de8-11e7-991c-3863bb43a7d0,4,18,2,0,1,0,1,1,1,1789686290
2026-09-17T23:05:37+00:00,2026-09-17T23:06:52.192503+00:00,f835260c-0de8-11e7-991c-3863bb43a7d0,206,3,0,0,37,0,1,1,1,1789686290
2026-09-17T23:05:37+00:00,2026-09-17T23:06:52.192503+00:00,f8350a84-0de8-11e7-991c-3863bb43a7d0,157,2,1,2,11,0,1,1,1,1789686291
2026-09-17T23:05:37+00:00,2026-09-17T23:06:52.192503+00:00,fe534b6f-61ad-47d3-b9f6-cdaa128f53a4,395,5,2,1,9,0,1,1,1,1789686305
2026-09-17T23:05:37+00:00,2026-09-17T23:06:52.192503+00:00,f8285d4f-5053-4e26-bb28-72016fe11353,405,8,2,0,11,0,1,1,1,1789686307
2026-09-17T23:05:37+00:00,2026-09-17T23:06:52.192503+00:00,2109111257926871498,2109111257926871498,11,3,1,7,0,1,1,1,1789686308
2026-09-17T23:05:37+00:00,2026-09-17T23:06:52.192503+00:00,f8349ed6-0de8-11e7-991c-3863bb43a7d0,82,8,2,0,17,0,1,1,1,1789686304
2026-09-17T23:05:37+00:00,2026-09-17T23:06:52.192503+00:00,1942556871369959976,1942556871369959976,4,1,0,15,0,1,1,1,1789686311
2026-09-17T23:05:37+00:00,2026-09-17T23:06:52.192503+00:00,228b8017-e4da-4722-9223-b8279a14b8ad,448,7,1,1,2,0,1,1,1,1789686311
2026-09-17T23:05:37+00:00,2026-09-17T23:06:52.192503+00:00,f714390d-6874-43fa-a079-a07f83c79c7b,f714390d-6874-43fa-a079-a07f83c79c7b,0,0,1,10,0,1,1,1,1789686311
2026-09-17T23:05:37+00:00,2026-09-17T23:06:52.192503+00:00,f8349e56-0de8-11e7-991c-3863bb43a7d0,81,15,1,0,4,0,1,1,1,1789686311
2026-09-17T23:05:37+00:00,2026-09-17T23:06:52.192503+00:00,a3bf0bfe-198b-4160-a2fb-cc7d10cfb4cf,a3bf0bfe-198b-4160-a2fb-cc7d10cfb4cf,8,1,0,11,0,1,1,1,1789686312
2026-09-17T23:05:37+00:00,2026-09-17T23:06:52.192503+00:00,f8346f6f-0de8-11e7-991c-3863bb43a7d0,19,5,0,0,10,0,1,1,1,1789686310
2026-09-17T23:05:37+00:00,2026-09-17T23:06:52.192503+00:00,2104f242-2dde-4ec0-8197-4454b1021ac1,381,19,5,0,4,1,1,1,1,1789686310
2026-09-17T23:05:37+00:00,2026-09-17T23:06:52.192503+00:00,f834a7d1-0de8-11e7-991c-3863bb43a7d0,91,0,0,0,18,0,1,1,1,1789686310
2026-09-17T23:05:37+00:00,2026-09-17T23:06:52.192503+00:00,0daf7408-7a15-4d2b-8c39-f1a097cdbe85,403,11,1,0,4,0,1,1,1,1789686309
2026-09-17T23:05:37+00:00,2026-09-17T23:06:52.192503+00:00,2118368356250680236,2118368356250680236,3,0,1,12,0,1,1,1,1789686313
2026-09-17T23:05:37+00:00,2026-09-17T23:06:52.192503+00:00,f834a838-0de8-11e7-991c-3863bb43a7d0,92,1,0,0,17,0,1,1,1,1789686312
2026-09-17T23:05:37+00:00,2026-09-17T23:06:52.192503+00:00,ad2fb6f2-921f-440c-83de-08be76e35c2a,468,7,0,1,7,0,1,1,1,1789686310
2026-09-17T23:05:37+00:00,2026-09-17T23:06:52.192503+00:00,5bbdd12f-fec4-4741-9d5d-4a60834c5d02,377,6,0,2,9,2,1,1,1,1789686314
2026-09-17T23:05:37+00:00,2026-09-17T23:06:52.192503+00:00,d1c0b0c2-6e4c-424e-a946-a2a95a711633,422,4,0,1,10,0,1,1,1,1789686314
2026-09-17T23:05:37+00:00,2026-09-17T23:06:52.192503+00:00,ca76adb6-4c84-4484-9ec3-b411b81ddbef,ca76adb6-4c84-4484-9ec3-b411b81ddbef,11,1,0,8,0,1,1,1,1789686315
2026-09-17T23:05:37+00:00,2026-09-17T23:06:52.192503+00:00,f8351eb0-0de8-11e7-991c-3863bb43a7d0,190,34,3,0,3,0,1,1,1,1789686314
2026-09-17T23:05:37+00:00,2026-09-17T23:06:52.192503+00:00,2002248857751890568,2002248857751890568,5,3,1,5,0,1,1,1,1789686314
2026-09-17T23:05:37+00:00,2026-09-17T23:06:52.192503+00:00,2076849845777355316,2076849845777355316,31,0,1,1,0,1,1,1,1789686315
2026-09-17T23:05:37+00:00,2026-09-17T23:06:52.192503+00:00,f8347b1e-0de8-11e7-991c-3863bb43a7d0,30,2,0,0,13,0,1,1,1,1789686315
2026-09-17T23:05:37+00:00,2026-09-17T23:06:52.192503+00:00,2071630998981871920,2071630998981871920,14,3,0,6,0,1,1,1,1789686315
2026-09-17T23:05:37+00:00,2026-09-17T23:06:52.192503+00:00,12141b77-6e5f-444b-bace-2abf16db4fee,12141b77-6e5f-444b-bace-2abf16db4fee,6,1,2,3,0,1,1,1,1789686315
2026-09-17T23:05:37+00:00,2026-09-17T23:06:52.192503+00:00,f83489ff-0de8-11e7-991c-3863bb43a7d0,59,7,0,2,11,0,1,1,1,1789686315
2026-09-17T23:05:37+00:00,2026-09-17T23:06:52.192503+00:00,00802fe6-4268-4dc8-8f55-0dbbc1665ce6,515,16,3,1,2,0,1,1,1,1789686316
2026-09-17T23:05:37+00:00,2026-09-17T23:06:52.192503+00:00,f834f8ca-0de8-11e7-991c-3863bb43a7d0,137,12,8,2,5,0,1,1,1,1789686317
2026-09-17T23:05:37+00:00,2026-09-17T23:06:52.192503+00:00,74cb9bf6-bb53-4c70-88d2-67998b99628c,296,17,13,0,6,0,1,1,1,1789686318
2026-09-17T23:05:37+00:00,2026-09-17T23:06:52.192503+00:00,bd3d4824-7203-4edc-a314-cea2b413e886,319,3,1,0,24,0,1,1,1,1789686317
2026-09-17T23:05:37+00:00,2026-09-17T23:06:52.192503+00:00,1921360868231155718,1921360868231155718,2,0,0,17,0,1,1,1,1789686317
2026-09-17T23:05:37+00:00,2026-09-17T23:06:52.192503+00:00,2014558273483754010,2014558273483754010,12,1,0,7,0,1,1,1,1789686318
2026-09-17T23:05:37+00:00,2026-09-17T23:06:52.192503+00:00,2035660824473983142,2035660824473983142,0,0,2,16,1,1,1,1,1789686318
2026-09-17T23:05:37+00:00,2026-09-17T23:06:52.192503+00:00,1df03e33-c105-4e53-b013-d20056cd57f8,1df03e33-c105-4e53-b013-d20056cd57f8,0,0,0,0,0,0,0,0,86400
2026-09-17T23:05:37+00:00,2026-09-17T23:06:52.192503+00:00,6aebc664-1e3c-479f-8f65-2bae99215ed3,6aebc664-1e3c-479f-8f65-2bae99215ed3,6,3,0,5,0,1,1,1,1789686197
2026-09-17T23:05:37+00:00,2026-09-17T23:06:52.192503+00:00,f83482d2-0de8-11e7-991c-3863bb43a7d0,44,9,0,0,22,0,1,1,1,1789686225
2026-09-17T23:05:37+00:00,2026-09-17T23:06:52.192503+00:00,90330e1a-dee5-4914-9d3f-3891aeca12ca,434,12,4,0,7,0,1,1,1,1789686224
2026-09-17T23:05:37+00:00,2026-09-17T23:06:52.192503+00:00,f8350ecf-0de8-11e7-991c-3863bb43a7d0,167,3,2,0,12,0,1,1,1,1789686230
2026-09-17T23:05:37+00:00,2026-09-17T23:06:52.192503+00:00,5b1d2661-8a93-4f14-b242-ebc52792f951,337,15,8,0,0,0,1,1,1,1789686230
2026-09-17T23:05:37+00:00,2026-09-17T23:06:52.192503+00:00,f834cfd8-0de8-11e7-991c-3863bb43a7d0,117,1,0,0,16,0,1,1,1,1789686230
2026-09-17T23:05:37+00:00,2026-09-17T23:06:52.192503+00:00,df03c61a-29d7-445d-9980-d7f058916591,345,2,0,0,17,0,1,1,1,1789686232
2026-09-17T23:05:37+00:00,2026-09-17T23:06:52.192503+00:00,f9524971-e9f9-4572-aebc-580e48de042f,f9524971-e9f9-4572-aebc-580e48de042f,13,0,1,5,0,1,1,1,1789686231
2026-09-17T23:05:37+00:00,2026-09-17T23:06:52.192503+00:00,903b9b5d-4244-43e4-8441-0d17f9a994f7,528,8,0,0,3,0,1,1,1,1789686208
2026-09-17T23:05:37+00:00,2026-09-17T23:06:52.192503+00:00,8a404180-7c2e-4dbe-9489-c478ed959282,8a404180-7c2e-4dbe-9489-c478ed959282,4,1,0,15,0,1,1,1,1789686219
2026-09-17T23:05:37+00:00,2026-09-17T23:06:52.192503+00:00,f8352534-0de8-11e7-991c-3863bb43a7d0,204,10,1,1,5,0,1,1,1,1789686198
2026-09-17T23:05:37+00:00,2026-09-17T23:06:52.192503+00:00,f2b83aa2-86cd-4904-a099-74bf2023f768,330,9,0,0,5,0,1,1,1,1789686198
2026-09-17T23:05:37+00:00,2026-09-17T23:06:52.192503+00:00,c5cfd1ed-aa44-4e20-96bb-e334c96f0d68,376,12,4,0,3,0,1,1,1,1789686199
2026-09-17T23:05:37+00:00,2026-09-17T23:06:52.192503+00:00,2145094035874873892,2145094035874873892,1,0,1,17,0,1,1,1,1789686200
2026-09-17T23:05:37+00:00,2026-09-17T23:06:52.192503+00:00,f8351f1d-0de8-11e7-991c-3863bb43a7d0,191,9,1,1,5,0,1,1,1,1789686211
2026-09-17T23:05:37+00:00,2026-09-17T23:06:52.192503+00:00,f834f6a3-0de8-11e7-991c-3863bb43a7d0,135,2,1,0,15,0,1,1,1,1789686212
2026-09-17T23:05:37+00:00,2026-09-17T23:06:52.192503+00:00,2119105928286481344,2119105928286481344,2,2,0,17,0,1,1,1,1789686212
2026-09-17T23:05:37+00:00,2026-09-17T23:06:52.192503+00:00,2249415127458891992,2249415127458891992,8,0,0,7,0,1,1,1,1789686220
2026-09-17T23:05:37+00:00,2026-09-17T23:06:52.192503+00:00,f8350b76-0de8-11e7-991c-3863bb43a7d0,159,17,2,1,2,0,1,1,1,1789686221
2026-09-17T23:05:37+00:00,2026-09-17T23:06:52.192503+00:00,f8346ad7-0de8-11e7-991c-3863bb43a7d0,11,1,1,0,12,0,1,1,1,1789686234
2026-09-17T23:05:37+00:00,2026-09-17T23:06:52.192503+00:00,2118728866631796788,2118728866631796788,10,7,0,5,0,1,1,1,1789686234
2026-09-17T23:05:37+00:00,2026-09-17T23:06:52.192503+00:00,f83491d4-0de8-11e7-991c-3863bb43a7d0,64,1,0,1,21,0,1,1,1,1789686233
2026-09-17T23:05:37+00:00,2026-09-17T23:06:52.192503+00:00,81323081-749c-44cf-ac62-0e6c64305c32,461,4,3,2,5,0,1,1,1,1789686233
2026-09-17T23:05:37+00:00,2026-09-17T23:06:52.192503+00:00,61168d8b-20b7-46c8-8f08-6ae1f100c4e0,550,3,0,0,14,0,1,1,1,1789686234
2026-09-17T23:05:37+00:00,2026-09-17T23:06:52.192503+00:00,25a9114f-66f0-427c-920f-5526ca84f056,346,11,5,1,3,0,1,1,1,1789686240
2026-09-17T23:05:37+00:00,2026-09-17T23:06:52.192503+00:00,f834c7a9-0de8-11e7-991c-3863bb43a7d0,112,7,1,0,8,0,1,1,1,1789686241
2026-09-17T23:05:37+00:00,2026-09-17T23:06:52.192503+00:00,f834a959-0de8-11e7-991c-3863bb43a7d0,94,10,1,0,1,0,1,1,1,1789686249
2026-09-17T23:05:37+00:00,2026-09-17T23:06:52.192503+00:00,1986302395589722758,1986302395589722758,7,4,0,3,0,1,1,1,1789686248
2026-09-17T23:05:37+00:00,2026-09-17T23:06:52.192503+00:00,ccf82572-a142-4378-9a4b-5a51fcb4ef81,350,2,0,0,15,0,1,1,1,1789686253
2026-09-17T23:05:37+00:00,2026-09-17T23:06:52.192503+00:00,aa964f5b-fadf-4fc1-8c91-84ee36e15f0d,341,11,0,1,2,1,1,1,1,1789686245
2026-09-17T23:05:37+00:00,2026-09-17T23:06:52.192503+00:00,dede6d5f-7d62-496e-a8ca-d5a64afe39c1,544,13,0,1,1,0,1,1,1,1789686245
2026-09-17T23:05:37+00:00,2026-09-17T23:06:52.192503+00:00,2027502297316997708,2027502297316997708,5,0,0,6,0,1,1,1,1789686245
2026-09-17T23:05:37+00:00,2026-09-17T23:06:52.192503+00:00,1e1b40cd-8e00-4b74-b147-be6b23f5c9e7,385,0,0,0,15,0,1,1,1,1789686242
2026-09-17T23:05:37+00:00,2026-09-17T23:06:52.192503+00:00,fbc512a5-4b98-4821-bcfb-bb0c7ac83543,365,5,0,1,13,0,1,1,1,1789686255
2026-09-17T23:05:37+00:00,2026-09-17T23:06:52.192503+00:00,1994054629753598708,1994054629753598708,12,1,0,2,0,1,1,1,1789686256
2026-09-17T23:05:37+00:00,2026-09-17T23:06:52.192503+00:00,f835288a-0de8-11e7-991c-3863bb43a7d0,208,12,1,0,3,0,1,1,1,1789686259
2026-09-17T23:05:37+00:00,2026-09-17T23:06:52.192503+00:00,fe90d430-d33f-48b2-a5cd-bc161b220939,553,11,0,0,11,0,1,1,1,1789686259
2026-09-17T23:05:37+00:00,2026-09-17T23:06:52.192503+00:00,7560f0e3-267b-4fb3-bbfa-6e02010cfcb7,225,16,4,1,2,0,1,1,1,1789686259
2026-09-17T23:05:37+00:00,2026-09-17T23:06:52.192503+00:00,868ccc83-99e5-4faf-96eb-e1fae26b9741,481,17,2,0,2,0,1,1,1,1789686261
2026-09-17T23:05:37+00:00,2026-09-17T23:06:52.192503+00:00,f8348622-0de8-11e7-991c-3863bb43a7d0,50,1,1,2,16,0,1,1,1,1789686261
2026-09-17T23:05:37+00:00,2026-09-17T23:06:52.192503+00:00,d5349097-b478-4b3f-9c46-d8fbcf38e3f4,509,6,3,0,6,0,1,1,1,1789686261
2026-09-17T23:05:37+00:00,2026-09-17T23:06:52.192503+00:00,f834662c-0de8-11e7-991c-3863bb43a7d0,5,11,0,0,4,0,1,1,1,1789686264
2026-09-17T23:05:37+00:00,2026-09-17T23:06:52.192503+00:00,f834723b-0de8-11e7-991c-3863bb43a7d0,24,0,0,0,23,0,1,1,1,1789686265
2026-09-17T23:05:37+00:00,2026-09-17T23:06:52.192503+00:00,d7507124-4cab-4063-8445-a59a33a3d6e4,512,16,9,0,3,0,1,1,1,1789686267
2026-09-17T23:05:37+00:00,2026-09-17T23:06:52.192503+00:00,2040842870122359032,2040842870122359032,2,0,0,18,0,1,1,1,1789686269
2026-09-17T23:05:37+00:00,2026-09-17T23:06:52.192503+00:00,f8347c41-0de8-11e7-991c-3863bb43a7d0,32,1,1,2,11,0,1,1,1,1789686270
2026-09-17T23:05:37+00:00,2026-09-17T23:06:52.192503+00:00,51bb4381-dae4-4aeb-b213-0614b807be29,344,9,0,1,9,0,1,1,1,1789686267
2026-09-17T23:05:37+00:00,2026-09-17T23:06:52.192503+00:00,8d893519-bc21-4536-b346-f558988bc8ad,260,14,5,0,1,0,1,1,1,1789686268
2026-09-17T23:05:37+00:00,2026-09-17T23:06:52.192503+00:00,57716f8d-c9ee-4768-8872-71343ec3ffd8,514,14,4,2,3,0,1,1,1,1789686270
2026-09-17T23:05:37+00:00,2026-09-17T23:06:52.192503+00:00,ad2cf74c-0e8c-4e15-8f19-2259e8c82f0f,404,14,0,0,2,0,1,1,1,1789686275
2026-09-17T23:05:37+00:00,2026-09-17T23:06:52.192503+00:00,f83488be-0de8-11e7-991c-3863bb43a7d0,56,8,1,0,10,0,1,1,1,1789686275
2026-09-17T23:05:37+00:00,2026-09-17T23:06:52.192503+00:00,23146f28-9762-4a6d-a6db-fcd4ff0e5d07,356,10,2,0,12,0,1,1,1,1789686275
2026-09-17T23:05:37+00:00,2026-09-17T23:06:52.192503+00:00,9721c80e-fc8f-474f-8918-b68c041d2836,9721c80e-fc8f-474f-8918-b68c041d2836,8,1,0,14,0,1,1,1,1789686273
2026-09-17T23:05:37+00:00,2026-09-17T23:06:52.192503+00:00,8983c75a-12c1-4995-aedc-24c94bd895e3,384,12,0,2,5,0,1,1,1,1789686276
2026-09-17T23:05:37+00:00,2026-09-17T23:06:52.192503+00:00,7e1dae55-4d3d-4a41-b969-2aeca70e0e69,7e1dae55-4d3d-4a41-b969-2aeca70e0e69,6,0,0,5,0,1,1,1,1789686273
2026-09-17T23:05:37+00:00,2026-09-17T23:06:52.192503+00:00,cf5f920f-b61d-4db0-b139-14aff04d577c,459,22,0,1,0,0,1,1,1,1789686272
2026-09-17T23:05:37+00:00,2026-09-17T23:06:52.192503+00:00,68e5e79a-3c94-4848-b619-9c0829d7f687,475,12,5,3,0,0,1,1,1,1789686279
2026-09-17T23:05:37+00:00,2026-09-17T23:06:52.192503+00:00,2043911250700610106,2043911250700610106,1,0,0,14,0,1,1,1,1789686281
2026-09-17T23:05:37+00:00,2026-09-17T23:06:52.192503+00:00,36f36eed-1070-49be-8b31-5676b8b3489f,227,2,0,1,16,0,1,1,1,1789686281
2026-09-17T23:05:37+00:00,2026-09-17T23:06:52.192503+00:00,f834b101-0de8-11e7-991c-3863bb43a7d0,97,17,3,0,2,0,1,1,1,1789686282
2026-09-17T23:05:37+00:00,2026-09-17T23:06:52.192503+00:00,2141791438824588162,2141791438824588162,3,1,0,16,0,1,1,1,1789686280
2026-09-17T23:05:37+00:00,2026-09-17T23:06:52.192503+00:00,2039109354743046934,2039109354743046934,17,1,1,1,1,1,1,1,1789686280
2026-09-17T23:05:37+00:00,2026-09-17T23:06:52.192503+00:00,f83517fa-0de8-11e7-991c-3863bb43a7d0,187,4,1,0,11,0,1,1,1,1789686278
2026-09-17T23:05:37+00:00,2026-09-17T23:06:52.192503+00:00,f834708e-0de8-11e7-991c-3863bb43a7d0,21,0,0,1,17,0,1,1,1,1789686283
2026-09-17T23:05:37+00:00,2026-09-17T23:06:52.192503+00:00,2227858849424910006,2227858849424910006,5,4,1,2,0,1,1,1,1789686070
2026-09-17T23:05:37+00:00,2026-09-17T23:06:52.192503+00:00,1cced911-b428-4cfd-81be-3a8f77ce7379,233,11,2,0,3,1,1,1,1,1789686282
2026-09-17T23:05:37+00:00,2026-09-17T23:06:52.192503+00:00,2080205593583047424,2080205593583047424,8,1,0,8,0,1,1,1,1789686284
2026-09-17T23:05:37+00:00,2026-09-17T23:06:52.192503+00:00,baab0b05-a028-4147-8432-a2726c7e48ea,328,12,0,2,2,0,1,1,1,1789686284
2026-09-17T23:05:37+00:00,2026-09-17T23:06:52.192503+00:00,f8352ba8-0de8-11e7-991c-3863bb43a7d0,215,3,0,0,12,0,1,1,1,1789686284
2026-09-17T23:05:37+00:00,2026-09-17T23:06:52.192503+00:00,f834b8b3-0de8-11e7-991c-3863bb43a7d0,105,16,1,1,3,0,1,1,1,1789686284
2026-09-17T23:05:37+00:00,2026-09-17T23:06:52.192503+00:00,1965873511294959658,1965873511294959658,7,0,0,16,0,1,1,1,1789686286
2026-09-17T23:05:37+00:00,2026-09-17T23:06:52.192503+00:00,2110984374959099994,2110984374959099994,18,1,0,2,0,1,1,1,1789686290
2026-09-17T23:05:37+00:00,2026-09-17T23:06:52.192503+00:00,f8347ccd-0de8-11e7-991c-3863bb43a7d0,33,0,0,0,27,0,1,1,1,1789686289
2026-09-17T23:05:37+00:00,2026-09-17T23:06:52.192503+00:00,1994466222105870452,1994466222105870452,7,4,0,4,0,1,1,1,1789686291
2026-09-17T23:05:37+00:00,2026-09-17T23:06:52.192503+00:00,b34694c2-c640-4f70-b196-1c357ab798e0,b34694c2-c640-4f70-b196-1c357ab798e0,7,0,0,8,0,1,1,1,1789686293
2026-09-17T23:05:37+00:00,2026-09-17T23:06:52.192503+00:00,f8346803-0de8-11e7-991c-3863bb43a7d0,8,8,1,2,10,0,1,1,1,1789686290
2026-09-17T23:05:37+00:00,2026-09-17T23:06:52.192503+00:00,f83513a7-0de8-11e7-991c-3863bb43a7d0,177,1,0,0,18,0,1,1,1,1789686291
2026-09-17T23:05:37+00:00,2026-09-17T23:06:52.192503+00:00,2259733531216984776,2259733531216984776,1,0,0,14,0,1,1,1,1789686291
2026-09-17T23:05:37+00:00,2026-09-17T23:06:52.192503+00:00,270ad97d-035d-472a-9827-76d3187afc56,402,7,2,0,8,0,1,1,1,1789686292
2026-09-17T23:05:37+00:00,2026-09-17T23:06:52.192503+00:00,940638c5-7cd0-4a11-899e-86af3868d400,532,9,0,0,9,0,1,1,1,1789686296
2026-09-17T23:05:37+00:00,2026-09-17T23:06:52.192503+00:00,2088704000370565344,2088704000370565344,6,1,1,4,1,1,1,1,1789686295
2026-09-17T23:05:37+00:00,2026-09-17T23:06:52.192503+00:00,f8346d23-0de8-11e7-991c-3863bb43a7d0,15,11,0,0,4,0,1,1,1,1789686296
2026-09-17T23:05:37+00:00,2026-09-17T23:06:52.192503+00:00,e4678b17-face-42c3-9b5f-98418d31e3b6,e4678b17-face-42c3-9b5f-98418d31e3b6,10,4,0,1,0,1,1,1,1789686295
2026-09-17T23:05:37+00:00,2026-09-17T23:06:52.192503+00:00,f834abfd-0de8-11e7-991c-3863bb43a7d0,96,3,1,0,16,0,1,1,1,1789686298
2026-09-17T23:05:37+00:00,2026-09-17T23:06:52.192503+00:00,ff938129-8179-455c-9ac9-9fcb9fc0b6d5,ff938129-8179-455c-9ac9-9fcb9fc0b6d5,9,4,0,10,0,1,1,1,1789686297
2026-09-17T23:05:37+00:00,2026-09-17T23:06:52.192503+00:00,380de8b2-2728-4e4b-83f1-251bfbb5acf2,487,5,2,1,13,0,1,1,1,1789686297
2026-09-17T23:05:37+00:00,2026-09-17T23:06:52.192503+00:00,2090635592862466836,2090635592862466836,10,0,1,20,0,1,1,1,1789686297
2026-09-17T23:05:37+00:00,2026-09-17T23:06:52.192503+00:00,1a661bb7-7d14-49e9-ac3d-22bafec8a2f0,507,7,1,0,4,0,1,1,1,1789686299
2026-09-17T23:05:37+00:00,2026-09-17T23:06:52.192503+00:00,f8352219-0de8-11e7-991c-3863bb43a7d0,197,4,3,0,11,0,1,1,1,1789686299
2026-09-17T23:05:37+00:00,2026-09-17T23:06:52.192503+00:00,56817d8e-3a1c-431a-a529-1a600f80c364,366,8,5,0,18,0,1,1,1,1789686299
2026-09-17T23:05:37+00:00,2026-09-17T23:06:52.192503+00:00,d22265a8-a6d7-4922-a6b5-4be738a9e5c4,392,15,13,0,1,0,1,1,1,1789686308
2026-09-17T23:05:37+00:00,2026-09-17T23:06:52.192503+00:00,7f68a70d-af0e-450a-b7a8-ce621cd0c8c1,280,17,5,1,1,0,1,1,1,1789686305
2026-09-17T23:05:37+00:00,2026-09-17T23:06:52.192503+00:00,f83492b4-0de8-11e7-991c-3863bb43a7d0,66,10,3,0,5,0,1,1,1,1789686307
2026-09-17T23:05:37+00:00,2026-09-17T23:06:52.192503+00:00,2246034666940677832,2246034666940677832,5,3,0,6,0,1,1,1,1789686263
2026-09-17T23:05:37+00:00,2026-09-17T23:06:52.192503+00:00,d8ce5f8b-2440-45e1-ab1c-23cb3bcbde84,527,6,0,0,7,0,1,1,1,1789686303
2026-09-17T23:05:37+00:00,2026-09-17T23:06:52.192503+00:00,f8349440-0de8-11e7-991c-3863bb43a7d0,68,18,4,0,1,0,1,1,1,1789686302
2026-09-17T23:05:37+00:00,2026-09-17T23:06:52.192503+00:00,f834a8a0-0de8-11e7-991c-3863bb43a7d0,93,6,0,0,24,0,1,1,1,1789686301
2026-09-17T23:05:37+00:00,2026-09-17T23:06:52.192503+00:00,2085366936904166272,2085366936904166272,8,2,0,7,0,1,1,1,1789686301
2026-09-17T23:05:37+00:00,2026-09-17T23:06:52.192503+00:00,2069389896750516900,2069389896750516900,7,0,1,12,0,1,1,1,1789686302
2026-09-17T23:05:37+00:00,2026-09-17T23:06:52.192503+00:00,99675a11-a92c-465c-bf5a-434b08ba5fc6,400,25,0,0,27,0,1,1,1,1789686302
2026-09-17T23:05:37+00:00,2026-09-17T23:06:52.192503+00:00,48abed77-c9ba-4a39-8a5c-6a1e9bb8a9a5,48abed77-c9ba-4a39-8a5c-6a1e9bb8a9a5,13,4,0,3,0,1,1,1,1789686303
2026-09-17T23:05:37+00:00,2026-09-17T23:06:52.192503+00:00,f834e534-0de8-11e7-991c-3863bb43a7d0,128,11,4,0,8,0,1,1,1,1789686310
2026-09-17T23:05:37+00:00,2026-09-17T23:06:52.192503+00:00,1991922092203192944,1991922092203192944,7,0,0,12,0,1,1,1,1789686311
2026-09-17T23:05:37+00:00,2026-09-17T23:06:52.192503+00:00,f83511d4-0de8-11e7-991c-3863bb43a7d0,173,5,0,0,9,0,1,1,1,1789686309
2026-09-17T23:05:37+00:00,2026-09-17T23:06:52.192503+00:00,ea65c25f-0718-4f79-8588-c58b9fe3a105,226,5,0,0,10,0,1,1,1,1789686309
2026-09-17T23:05:37+00:00,2026-09-17T23:06:52.192503+00:00,f8350cc1-0de8-11e7-991c-3863bb43a7d0,162,7,2,0,8,0,1,1,1,1789686311
2026-09-17T23:05:37+00:00,2026-09-17T23:06:52.192503+00:00,2087949096844032050,2087949096844032050,10,0,0,5,0,1,1,1,1789686260
2026-09-17T23:05:37+00:00,2026-09-17T23:06:52.192503+00:00,f8352b39-0de8-11e7-991c-3863bb43a7d0,214,3,0,1,11,0,1,1,1,1789686312
2026-09-17T23:05:37+00:00,2026-09-17T23:06:52.192503+00:00,9bfa4a32-5598-46ea-a1a1-17b4c6ed9d84,431,4,1,0,11,0,1,1,1,1789686312
2026-09-17T23:05:37+00:00,2026-09-17T23:06:52.192503+00:00,295553ea-851b-4ac2-a094-f9d1208e399a,412,17,8,0,3,0,1,1,1,1789686313
2026-09-17T23:05:37+00:00,2026-09-17T23:06:52.192503+00:00,2090158541932726550,2090158541932726550,3,0,1,11,0,1,1,1,1789686314
2026-09-17T23:05:37+00:00,2026-09-17T23:06:52.192503+00:00,1963613484180639992,1963613484180639992,9,0,1,9,0,1,1,1,1789686314
2026-09-17T23:05:37+00:00,2026-09-17T23:06:52.192503+00:00,2085737662370069102,2085737662370069102,19,9,1,0,0,1,1,1,1789686313
2026-09-17T23:05:37+00:00,2026-09-17T23:06:52.192503+00:00,0208190e-851c-417d-8bc7-1b218db97fbf,0208190e-851c-417d-8bc7-1b218db97fbf,0,0,0,22,0,1,1,1,1789686315
2026-09-17T23:05:37+00:00,2026-09-17T23:06:52.192503+00:00,b205d2bb-bb76-49ac-8d14-85eec5a874d3,343,6,1,0,9,0,1,1,1,1789686313
2026-09-17T23:05:37+00:00,2026-09-17T23:06:52.192503+00:00,f8347f09-0de8-11e7-991c-3863bb43a7d0,37,11,1,0,4,0,1,1,1,1789686315
2026-09-17T23:05:37+00:00,2026-09-17T23:06:52.192503+00:00,a6e0db4f-fc9b-42af-bfe0-36cc0259b717,446,4,1,0,12,0,1,1,1,1789686315
2026-09-17T23:05:37+00:00,2026-09-17T23:06:52.192503+00:00,8b97606e-a849-4db8-ae9b-4009fe48d90b,556,13,0,0,5,0,1,1,1,1789686316
2026-09-17T23:05:37+00:00,2026-09-17T23:06:52.192503+00:00,ef6ef93b-488f-496b-afbf-3aedfd967129,517,1,0,2,12,0,1,1,1,1789686317
2026-09-17T23:05:37+00:00,2026-09-17T23:06:52.192503+00:00,b6a8522d-296d-4c05-887d-842374520780,545,11,11,0,3,0,1,1,1,1789686317
2026-09-17T23:05:37+00:00,2026-09-17T23:06:52.192503+00:00,f8346b6f-0de8-11e7-991c-3863bb43a7d0,12,21,0,0,6,0,1,1,1,1789686318
2026-09-17T23:05:37+00:00,2026-09-17T23:06:52.192503+00:00,f8349b20-0de8-11e7-991c-3863bb43a7d0,76,14,2,0,3,0,1,1,1,1789686317
2026-09-17T23:05:37+00:00,2026-09-17T23:06:52.192503+00:00,f83497b9-0de8-11e7-991c-3863bb43a7d0,74,3,3,3,12,0,1,1,1,1789686317
2026-09-17T23:05:37+00:00,2026-09-17T23:06:52.192503+00:00,888780ee-bf2f-474e-9622-6bc725aa1b00,888780ee-bf2f-474e-9622-6bc725aa1b00,2,1,1,8,0,1,1,1,1789686318
2026-09-17T23:05:37+00:00,2026-09-17T23:06:52.192503+00:00,f8347e78-0de8-11e7-991c-3863bb43a7d0,36,2,0,0,29,0,1,1,1,1789686318
2026-09-17T23:05:37+00:00,2026-09-17T23:06:52.192503+00:00,2014865445230483952,2014865445230483952,13,4,0,3,0,1,1,1,1789686318
2026-09-17T23:05:37+00:00,2026-09-17T23:06:52.192503+00:00,2170342425741020744,2170342425741020744,17,6,0,0,0,1,1,1,1789686188
2026-09-17T23:05:37+00:00,2026-09-17T23:06:52.192503+00:00,02a4416f-80b4-4472-accd-5db482ed5b6d,367,16,1,0,3,0,1,1,1,1789686199
2026-09-17T23:05:37+00:00,2026-09-17T23:06:52.192503+00:00,f83486ab-0de8-11e7-991c-3863bb43a7d0,51,2,0,0,13,0,1,1,1,1789686162
2026-09-17T23:05:37+00:00,2026-09-17T23:06:52.192503+00:00,54d86d05-b399-42c5-a63a-a97713afc5d4,54d86d05-b399-42c5-a63a-a97713afc5d4,9,1,0,1,0,1,1,1,1789686204
2026-09-17T23:05:37+00:00,2026-09-17T23:06:52.192503+00:00,f8349ba9-0de8-11e7-991c-3863bb43a7d0,77,4,3,0,14,0,1,1,1,1789686211
2026-09-17T23:05:37+00:00,2026-09-17T23:06:52.192503+00:00,5f726a7d-5c5d-48b1-9b13-06c77572a237,516,4,0,0,7,0,1,1,1,1789686211
2026-09-17T23:05:37+00:00,2026-09-17T23:06:52.192503+00:00,b995a0b4-fc26-4661-9bc8-e166d648edfd,353,6,2,0,9,0,1,1,1,1789686216
2026-09-17T23:05:37+00:00,2026-09-17T23:06:52.192503+00:00,20b0b405-54ba-4a80-b89c-0819772665db,440,10,1,0,5,0,1,1,1,1789686120
2026-09-17T23:05:37+00:00,2026-09-17T23:06:52.192503+00:00,1997031579059661288,1997031579059661288,5,1,1,5,0,1,1,1,1789686216
2026-09-17T23:05:37+00:00,2026-09-17T23:06:52.192503+00:00,dfdaf866-b814-48e5-9bd3-eb7c4a733697,dfdaf866-b814-48e5-9bd3-eb7c4a733697,9,0,0,8,0,1,1,1,1789686219
2026-09-17T23:05:37+00:00,2026-09-17T23:06:52.192503+00:00,a18e1e55-507e-49d8-b7c0-5c0efd959125,358,19,6,0,0,0,1,1,1,1789686219
2026-09-17T23:05:37+00:00,2026-09-17T23:06:52.192503+00:00,e68655be-23d3-46e5-a509-25be677e7542,482,7,3,0,4,0,1,1,1,1789686267
2026-09-17T23:05:37+00:00,2026-09-17T23:06:52.192503+00:00,ec3eea05-a3ff-43c6-9e24-0c63f09b915f,378,19,0,0,0,0,1,1,1,1789686263
2026-09-17T23:05:37+00:00,2026-09-17T23:06:52.192503+00:00,2078337213380274244,2078337213380274244,6,1,0,5,0,1,1,1,1789686264
2026-09-17T23:05:37+00:00,2026-09-17T23:06:52.192503+00:00,53a148ca-ac69-4a9c-a986-9a4b4df2f5df,387,9,6,1,5,0,1,1,1,1789686268
2026-09-17T23:05:37+00:00,2026-09-17T23:06:52.192503+00:00,1975886280004030604,1975886280004030604,1,0,1,21,0,1,1,1,1789686266
2026-09-17T23:05:37+00:00,2026-09-17T23:06:52.192503+00:00,1960693490199507164,1960693490199507164,11,4,0,8,0,1,1,1,1789686271
2026-09-17T23:05:37+00:00,2026-09-17T23:06:52.192503+00:00,f83464e4-0de8-11e7-991c-3863bb43a7d0,3,1,0,0,14,0,1,1,1,1789686264
2026-09-17T23:05:37+00:00,2026-09-17T23:06:52.192503+00:00,5bc7cba9-f0b0-442d-932c-e8c7927d87ce,386,7,0,2,10,0,1,1,1,1789686265
2026-09-17T23:05:37+00:00,2026-09-17T23:06:52.192503+00:00,676ca473-eed6-4971-aaf3-e199a7ca335b,433,16,5,0,3,0,1,1,1,1789686275
2026-09-17T23:05:37+00:00,2026-09-17T23:06:52.192503+00:00,2043912031919765854,2043912031919765854,11,0,0,9,0,1,1,1,1789686272
2026-09-17T23:05:37+00:00,2026-09-17T23:06:52.192503+00:00,f6df6c1a-064f-428a-951c-2069a081b9df,380,3,0,0,15,0,1,1,1,1789686296
2026-09-17T23:05:37+00:00,2026-09-17T23:06:52.192503+00:00,f83510fd-0de8-11e7-991c-3863bb43a7d0,171,13,6,0,9,0,1,1,1,1789686296
2026-09-17T23:05:37+00:00,2026-09-17T23:06:52.192503+00:00,f8351019-0de8-11e7-991c-3863bb43a7d0,169,15,6,0,4,0,1,1,1,1789686301
2026-09-17T23:05:37+00:00,2026-09-17T23:06:52.192503+00:00,9ca92778-9101-48df-90ea-08b784e26a1a,413,19,1,0,0,0,1,1,1,1789686297
2026-09-17T23:05:37+00:00,2026-09-17T23:06:52.192503+00:00,f35de2ab-979e-42d5-8cbd-dc479ed637e9,503,1,0,2,8,1,1,1,1,1789686299
2026-09-17T23:05:37+00:00,2026-09-17T23:06:52.192503+00:00,b23674a7-15a8-46d2-8219-6668acecf24a,548,12,0,0,6,0,1,1,1,1789686300
2026-09-17T23:05:37+00:00,2026-09-17T23:06:52.192503+00:00,2217856523888952522,2217856523888952522,8,2,1,11,0,1,1,1,1789686190
2026-09-17T23:05:37+00:00,2026-09-17T23:06:52.192503+00:00,36a8fbc8-6069-4a29-bbfd-63a2d019c9a5,415,1,0,0,17,0,1,1,1,1789686297
2026-09-17T23:05:37+00:00,2026-09-17T23:06:52.192503+00:00,f83516b8-0de8-11e7-991c-3863bb43a7d0,184,9,0,1,9,0,1,1,1,1789686298
2026-09-17T23:05:37+00:00,2026-09-17T23:06:52.192503+00:00,2029805507281123700,2029805507281123700,6,2,0,12,0,1,1,1,1789686291
2026-09-17T23:05:37+00:00,2026-09-17T23:06:52.192503+00:00,0f554e1d-9f0f-452d-9b4a-e00aa2c5911e,492,2,0,0,13,0,1,1,1,1789686292
2026-09-17T23:05:37+00:00,2026-09-17T23:06:52.192503+00:00,f834e1b2-0de8-11e7-991c-3863bb43a7d0,125,6,2,1,12,0,1,1,1,1789686291
2026-09-17T23:05:37+00:00,2026-09-17T23:06:52.192503+00:00,1944724820826878816,1944724820826878816,14,4,0,3,0,1,1,1,1789686294
2026-09-17T23:05:37+00:00,2026-09-17T23:06:52.192503+00:00,f834cf45-0de8-11e7-991c-3863bb43a7d0,116,14,0,0,9,0,1,1,1,1789686302
2026-09-17T23:05:37+00:00,2026-09-17T23:06:52.192503+00:00,350e73e3-6f70-4b2d-87ab-24c8629e9a6a,350e73e3-6f70-4b2d-87ab-24c8629e9a6a,14,1,0,4,1,1,1,1,1789686304
2026-09-17T23:05:37+00:00,2026-09-17T23:06:52.192503+00:00,f8349824-0de8-11e7-991c-3863bb43a7d0,75,2,0,0,13,0,1,1,1,1789686303
2026-09-17T23:05:37+00:00,2026-09-17T23:06:52.192503+00:00,d7ec834e-9d9a-402c-9956-7d5f42676b94,d7ec834e-9d9a-402c-9956-7d5f42676b94,1,0,1,13,0,1,1,1,1789686303
2026-09-17T23:05:37+00:00,2026-09-17T23:06:52.192503+00:00,13918b3b-9ac5-4968-a74d-e40dd3bc952e,479,0,0,0,19,0,1,1,1,1789686303
2026-09-17T23:05:37+00:00,2026-09-17T23:06:52.192503+00:00,70f20fcb-8e63-4015-9007-b97c525ab0a9,335,2,0,0,16,0,1,1,1,1789686306
2026-09-17T23:05:37+00:00,2026-09-17T23:06:52.192503+00:00,2071993292066931472,2071993292066931472,7,0,0,13,0,1,1,1,1789686276
2026-09-17T23:05:37+00:00,2026-09-17T23:06:52.192503+00:00,2223045710883822544,2223045710883822544,9,1,0,6,0,1,1,1,1789686308
2026-09-17T23:05:37+00:00,2026-09-17T23:06:52.192503+00:00,ef54374b-0406-4b17-b0a1-847f1d7bea06,410,15,3,0,0,0,1,1,1,1789686310
2026-09-17T23:05:37+00:00,2026-09-17T23:06:52.192503+00:00,83183df0-38c2-4ae8-a0c4-4b59599c9582,222,9,0,0,5,0,1,1,1,1789686308
2026-09-17T23:05:37+00:00,2026-09-17T23:06:52.192503+00:00,f834b42d-0de8-11e7-991c-3863bb43a7d0,100,23,0,1,1,0,1,1,1,1789686310
2026-09-17T23:05:37+00:00,2026-09-17T23:06:52.192503+00:00,2264176803898382980,2264176803898382980,2,0,1,8,0,1,1,1,1789685857
2026-09-17T23:05:37+00:00,2026-09-17T23:06:52.192503+00:00,f8349745-0de8-11e7-991c-3863bb43a7d0,73,3,0,1,11,0,1,1,1,1789686308
2026-09-17T23:05:37+00:00,2026-09-17T23:06:52.192503+00:00,f8346894-0de8-11e7-991c-3863bb43a7d0,9,6,1,1,8,0,1,1,1,1789686312
2026-09-17T23:05:37+00:00,2026-09-17T23:06:52.192503+00:00,2057166010169469732,2057166010169469732,5,0,1,9,0,1,1,1,1789686312
2026-09-17T23:05:37+00:00,2026-09-17T23:06:52.192503+00:00,f83494b4-0de8-11e7-991c-3863bb43a7d0,69,4,2,1,14,0,1,1,1,1789686316
2026-09-17T23:05:37+00:00,2026-09-17T23:06:52.192503+00:00,ba634139-d7bf-448f-aac4-25995d36b67b,373,3,2,0,12,0,1,1,1,1789686314
2026-09-17T23:05:37+00:00,2026-09-17T23:06:52.192503+00:00,40e58976-02cc-4c7c-911f-7a6c97588bfa,520,12,3,2,7,0,1,1,1,1789686312
2026-09-17T23:05:37+00:00,2026-09-17T23:06:52.192503+00:00,2071632496372113488,2071632496372113488,10,8,0,10,0,1,1,1,1789686313
2026-09-17T23:05:37+00:00,2026-09-17T23:06:52.192503+00:00,c1ae49bd-2a20-4684-886b-ead8dd627cfd,c1ae49bd-2a20-4684-886b-ead8dd627cfd,4,0,1,11,0,1,1,1,1789686314
2026-09-17T23:05:37+00:00,2026-09-17T23:06:52.192503+00:00,f83523e3-0de8-11e7-991c-3863bb43a7d0,201,4,3,0,11,0,1,1,1,1789686314
2026-09-17T23:05:37+00:00,2026-09-17T23:06:52.192503+00:00,f834b5d9-0de8-11e7-991c-3863bb43a7d0,103,5,1,0,10,0,1,1,1,1789686314
2026-09-17T23:05:37+00:00,2026-09-17T23:06:52.192503+00:00,9e710d48-51c1-460e-a027-3d16bde62b13,419,1,0,0,14,0,1,1,1,1789686227
2026-09-17T23:05:37+00:00,2026-09-17T23:06:52.192503+00:00,2ba0c5dd-c990-4434-8a84-5c3eca23f096,447,1,1,0,18,0,1,1,1,1789686230
2026-09-17T23:05:37+00:00,2026-09-17T23:06:52.192503+00:00,2103549125054737064,2103549125054737064,6,2,0,10,0,1,1,1,1789686229
2026-09-17T23:05:37+00:00,2026-09-17T23:06:52.192503+00:00,5018e851-f2f3-4e18-9914-c316bbcc2c3d,331,2,0,0,13,0,1,1,1,1789686220
2026-09-17T23:05:37+00:00,2026-09-17T23:06:52.192503+00:00,f8352c92-0de8-11e7-991c-3863bb43a7d0,217,15,3,0,3,0,1,1,1,1789686223
2026-09-17T23:05:37+00:00,2026-09-17T23:06:52.192503+00:00,2241260819676115550,2241260819676115550,7,0,0,18,0,1,1,1,1789686221
2026-09-17T23:05:37+00:00,2026-09-17T23:06:52.192503+00:00,533620e8-00ff-494a-b288-bd67602bc98e,472,4,0,0,21,0,1,1,1,1789686238
2026-09-17T23:05:37+00:00,2026-09-17T23:06:52.192503+00:00,f834fd36-0de8-11e7-991c-3863bb43a7d0,142,14,4,2,7,0,1,1,1,1789686242
2026-09-17T23:05:37+00:00,2026-09-17T23:06:52.192503+00:00,2111712079786088918,2111712079786088918,2,1,0,13,0,1,1,1,1789686243
2026-09-17T23:05:37+00:00,2026-09-17T23:06:52.192503+00:00,342a2c60-71b0-4d19-98d6-47987cf20dbc,379,9,1,1,5,0,1,1,1,1789686244
2026-09-17T23:05:37+00:00,2026-09-17T23:06:52.192503+00:00,f8348481-0de8-11e7-991c-3863bb43a7d0,47,19,3,0,0,0,1,1,1,1789686240
2026-09-17T23:05:37+00:00,2026-09-17T23:06:52.192503+00:00,ff6ed364-8676-45a0-b97f-71025683849e,442,8,1,0,7,0,1,1,1,1789686240
2026-09-17T23:05:37+00:00,2026-09-17T23:06:52.192503+00:00,0839bb10-e876-4198-95e4-0147a561853d,258,15,1,0,0,0,1,1,1,1789686240
2026-09-17T23:05:37+00:00,2026-09-17T23:06:52.192503+00:00,f834e244-0de8-11e7-991c-3863bb43a7d0,126,5,2,0,10,0,1,1,1,1789686240
2026-09-17T23:05:37+00:00,2026-09-17T23:06:52.192503+00:00,f8346768-0de8-11e7-991c-3863bb43a7d0,7,0,0,0,15,0,1,1,1,1789686241
2026-09-17T23:05:37+00:00,2026-09-17T23:06:52.192503+00:00,2141932795355773712,2141932795355773712,7,0,0,10,0,1,1,1,1789686241
2026-09-17T23:05:37+00:00,2026-09-17T23:06:52.192503+00:00,2038619205667946906,2038619205667946906,6,0,0,14,0,1,1,1,1789685997
2026-09-17T23:05:37+00:00,2026-09-17T23:06:52.192503+00:00,f83524c0-0de8-11e7-991c-3863bb43a7d0,203,5,2,0,10,0,1,1,1,1789686250
2026-09-17T23:05:37+00:00,2026-09-17T23:06:52.192503+00:00,13444449-b3a8-43d2-b8b9-a59fbc59a174,397,7,2,0,8,0,1,1,1,1789686250
2026-09-17T23:05:37+00:00,2026-09-17T23:06:52.192503+00:00,2fd22786-dfeb-4126-a906-4f01802087f3,454,1,0,2,16,0,1,1,1,1789686251
2026-09-17T23:05:37+00:00,2026-09-17T23:06:52.192503+00:00,2223043968513191970,2223043968513191970,3,0,0,13,0,1,1,1,1789686248
2026-09-17T23:05:37+00:00,2026-09-17T23:06:52.192503+00:00,2113555008851845550,2113555008851845550,4,1,1,15,0,1,1,1,1789686249
2026-09-17T23:05:37+00:00,2026-09-17T23:06:52.192503+00:00,abefafdc-c772-4671-86fe-fc15a42adebb,abefafdc-c772-4671-86fe-fc15a42adebb,4,0,0,19,0,1,1,1,1789686246
2026-09-17T23:05:37+00:00,2026-09-17T23:06:52.192503+00:00,f834952a-0de8-11e7-991c-3863bb43a7d0,70,1,0,1,22,0,1,1,1,1789686249
2026-09-17T23:05:37+00:00,2026-09-17T23:06:52.192503+00:00,f8348136-0de8-11e7-991c-3863bb43a7d0,41,7,0,0,20,0,1,1,1,1789686250
2026-09-17T23:05:37+00:00,2026-09-17T23:06:52.192503+00:00,2327cb08-fa9f-459b-9ab0-1a319b0f2f4c,539,9,1,0,9,0,1,1,1,1789686247
2026-09-17T23:05:37+00:00,2026-09-17T23:06:52.192503+00:00,f24a573e-ef07-4785-9270-70c443510ea6,359,6,0,1,8,0,1,1,1,1789686255
2026-09-17T23:05:37+00:00,2026-09-17T23:06:52.192503+00:00,f8351336-0de8-11e7-991c-3863bb43a7d0,176,11,0,2,2,0,1,1,1,1789686254
2026-09-17T23:05:37+00:00,2026-09-17T23:06:52.192503+00:00,7ec0c53c-876a-419c-a78b-4edd000bbc9a,445,11,1,0,8,0,1,1,1,1789686251
2026-09-17T23:05:37+00:00,2026-09-17T23:06:52.192503+00:00,2113200093114979090,2113200093114979090,3,2,0,13,0,1,1,1,1789686251
2026-09-17T23:05:37+00:00,2026-09-17T23:06:52.192503+00:00,f834f814-0de8-11e7-991c-3863bb43a7d0,136,0,0,0,19,0,1,1,1,1789686258
2026-09-17T23:05:37+00:00,2026-09-17T23:06:52.192503+00:00,f8348509-0de8-11e7-991c-3863bb43a7d0,48,0,0,0,19,0,1,1,1,1789686257
2026-09-17T23:05:37+00:00,2026-09-17T23:06:52.192503+00:00,bb27977d-36c1-496d-8bac-631b612dd7b8,332,7,0,2,6,0,1,1,1,1789686260
2026-09-17T23:05:37+00:00,2026-09-17T23:06:52.192503+00:00,2136942888571742916,2136942888571742916,2,1,1,12,0,1,1,1,1789686260
2026-09-17T23:05:37+00:00,2026-09-17T23:06:52.192503+00:00,103a9881-e30a-4d57-b81d-863b995ff759,255,2,1,0,13,0,1,1,1,1789686262
2026-09-17T23:05:37+00:00,2026-09-17T23:06:52.192503+00:00,ce55d1b1-4267-40a9-ad44-5eab888ce18a,ce55d1b1-4267-40a9-ad44-5eab888ce18a,1,0,0,22,0,1,1,1,1789686280
2026-09-17T23:05:37+00:00,2026-09-17T23:06:52.192503+00:00,2072145327190878794,2072145327190878794,9,0,0,15,0,1,1,1,1789686282
2026-09-17T23:05:37+00:00,2026-09-17T23:06:52.192503+00:00,0adccd89-1d8d-44da-9f7c-5f18acafeddf,338,8,5,0,7,0,1,1,1,1789686283
2026-09-17T23:05:37+00:00,2026-09-17T23:06:52.192503+00:00,2107991976288962746,2107991976288962746,0,0,0,20,0,1,1,1,1789686276
2026-09-17T23:05:37+00:00,2026-09-17T23:06:52.192503+00:00,f36e24cd-de4c-4a5e-adf4-cb97ccd2958d,505,8,5,0,3,0,1,1,1,1789686278
2026-09-17T23:05:37+00:00,2026-09-17T23:06:52.192503+00:00,518f6524-0e7f-454d-974e-e3ff9db1f795,494,4,4,0,7,0,1,1,1,1789686280
2026-09-17T23:05:37+00:00,2026-09-17T23:06:52.192503+00:00,42a3ecca-af9a-4556-90ba-7631546f96f8,42a3ecca-af9a-4556-90ba-7631546f96f8,6,0,0,4,0,1,1,1,1789686286
2026-09-17T23:05:37+00:00,2026-09-17T23:06:52.192503+00:00,9f54207a-3308-43bd-b45c-9042b6389598,423,8,0,0,11,0,1,1,1,1789686287
2026-09-17T23:05:37+00:00,2026-09-17T23:06:52.192503+00:00,5afe91c4-8076-4f9f-b83b-cf233bda2331,460,1,0,0,14,0,1,1,1,1789686287
2026-09-17T23:05:37+00:00,2026-09-17T23:06:52.192503+00:00,f834b49d-0de8-11e7-991c-3863bb43a7d0,101,7,2,0,11,0,1,1,1,1789686287
2026-09-17T23:05:37+00:00,2026-09-17T23:06:52.192503+00:00,ddcc8869-b8d4-483c-b9da-457fcebc8dc1,417,19,1,0,0,0,1,1,1,1789686285
2026-09-17T23:05:37+00:00,2026-09-17T23:06:52.192503+00:00,2038239468396569074,2038239468396569074,4,0,1,26,0,1,1,1,1789686288
2026-09-17T23:05:37+00:00,2026-09-17T23:06:52.192503+00:00,93911aa1-b5e4-48aa-a2b6-38fbcf613006,93911aa1-b5e4-48aa-a2b6-38fbcf613006,16,1,1,1,0,1,1,1,1789686288
2026-09-17T23:05:37+00:00,2026-09-17T23:06:52.192503+00:00,ccd6fdd4-b39e-46d7-b43c-7bacffb6bd87,523,2,0,0,15,0,1,1,1,1789686287
2026-09-17T23:05:37+00:00,2026-09-17T23:06:52.192503+00:00,287aedf5-0361-47e9-9de0-14ae3b75cc0d,287aedf5-0361-47e9-9de0-14ae3b75cc0d,11,0,0,10,0,1,1,1,1789686316
2026-09-17T23:05:37+00:00,2026-09-17T23:06:52.192503+00:00,f8349c69-0de8-11e7-991c-3863bb43a7d0,78,18,3,1,0,0,1,1,1,1789686316
2026-09-17T23:05:37+00:00,2026-09-17T23:06:52.192503+00:00,f8348995-0de8-11e7-991c-3863bb43a7d0,58,8,0,0,11,0,1,1,1,1789686316
2026-09-17T23:05:37+00:00,2026-09-17T23:06:52.192503+00:00,f8347118-0de8-11e7-991c-3863bb43a7d0,22,17,0,0,18,0,1,1,1,1789686317
2026-09-17T23:05:37+00:00,2026-09-17T23:06:52.192503+00:00,2070180968009321294,2070180968009321294,1,0,1,17,2,1,1,1,1789686272
2026-09-17T23:05:37+00:00,2026-09-17T23:06:52.192503+00:00,510239fe-69c3-458b-b53c-6ce001845f4a,354,7,4,0,8,0,1,1,1,1789686318
