snapshot_utc,fetched_utc,station_id,legacy_id,num_bikes_available,num_ebikes_available,num_bikes_disabled,num_docks_available,num_docks_disabled,is_installed,is_renting,is_returning,last_reported
2026-10-08T00:02:00+00:00,2026-10-08T00:03:21.483175+00:00,f834cb89-0de8-11e7-991c-3863bb43a7d0,115,7,3,4,8,0,1,1,1,1791417690
2026-10-08T00:02:00+00:00,2026-10-08T00:03:21.483175+00:00,f8350129-0de8-11e7-991c-3863bb43a7d0,149,12,0,1,5,0,1,1,1,1791417693
2026-10-08T00:02:00+00:00,2026-10-08T00:03:21.483175+00:00,2071991821019036242,2071991821019036242,11,2,0,9,0,1,1,1,1791417693
2026-10-08T00:02:00+00:00,2026-10-08T00:03:21.483175+00:00,82b41ffb-e284-4e4d-b22a-0cad2bfd4bee,443,7,0,0,12,0,1,1,1,1791417693
2026-10-08T00:02:00+00:00,2026-10-08T00:03:21.483175+00:00,a825b55d-3ab3-481f-9c50-d3a7313e6843,228,1,0,0,18,0,1,1,1,1791417693
2026-10-08T00:02:00+00:00,2026-10-08T00:03:21.483175+00:00,f8346e51-0de8-11e7-991c-3863bb43a7d0,17,15,1,0,0,0,1,1,1,1791417692
2026-10-08T00:02:00+00:00,2026-10-08T00:03:21.483175+00:00,f8350199-0de8-11e7-991c-3863bb43a7d0,150,6,2,1,13,0,1,1,1,1791417690
2026-10-08T00:02:00+00:00,2026-10-08T00:03:21.483175+00:00,1991921362058752616,1991921362058752616,1,0,0,19,0,1,1,1,1791417688
2026-10-08T00:02:00+00:00,2026-10-08T00:03:21.483175+00:00,2363c5a3-93cc-41a2-a767-90f1826c041f,426,0,0,0,27,0,1,1,1,1791417692
2026-10-08T00:02:00+00:00,2026-10-08T00:03:21.483175+00:00,2036412579943670600,2036412579943670600,4,4,0,8,0,1,1,1,1791417617
2026-10-08T00:02:00+00:00,2026-10-08T00:03:21.483175+00:00,2132460331327742574,2132460331327742574,1,0,0,17,0,1,1,1,1791417626
2026-10-08T00:02:00+00:00,2026-10-08T00:03:21.483175+00:00,1986694622707704150,1986694622707704150,16,0,1,2,0,1,1,1,1791417625
2026-10-08T00:02:00+00:00,2026-10-08T00:03:21.483175+00:00,569f4952-5a25-4394-a419-f9c4d9cca6f3,495,11,4,1,6,0,1,1,1,1791417625
2026-10-08T00:02:00+00:00,2026-10-08T00:03:21.483175+00:00,2127634714741013228,2127634714741013228,16,3,0,8,0,1,1,1,1791417622
2026-10-08T00:02:00+00:00,2026-10-08T00:03:21.483175+00:00,f834f036-0de8-11e7-991c-3863bb43a7d0,133,11,3,2,10,0,1,1,1,1791417654
2026-10-08T00:02:00+00:00,2026-10-08T00:03:21.483175+00:00,f8351649-0de8-11e7-991c-3863bb43a7d0,183,3,0,0,16,0,1,1,1,1791417652
2026-10-08T00:02:00+00:00,2026-10-08T00:03:21.483175+00:00,986068c4-d11a-465a-b8d0-bd0960c57f51,986068c4-d11a-465a-b8d0-bd0960c57f51,11,0,0,3,0,1,1,1,1791417653
2026-10-08T00:02:00+00:00,2026-10-08T00:03:21.483175+00:00,f606593b-3d07-40f2-bc6d-a0eb96588e44,456,7,2,0,11,0,1,1,1,1791417655
2026-10-08T00:02:00+00:00,2026-10-08T00:03:21.483175+00:00,2261583246847893606,2261583246847893606,9,4,1,9,0,1,1,1,1791417655
2026-10-08T00:02:00+00:00,2026-10-08T00:03:21.483175+00:00,a6d6d4b2-3666-43ad-a690-7f676bdcc3fd,542,9,0,4,6,0,1,1,1,1791417656
2026-10-08T00:02:00+00:00,2026-10-08T00:03:21.483175+00:00,768433a9-fc30-4485-b136-22d6f8a96f1c,768433a9-fc30-4485-b136-22d6f8a96f1c,5,0,1,5,0,1,1,1,1791417656
2026-10-08T00:02:00+00:00,2026-10-08T00:03:21.483175+00:00,1999644268058967024,1999644268058967024,23,1,0,1,0,1,1,1,1791417657
2026-10-08T00:02:00+00:00,2026-10-08T00:03:21.483175+00:00,2438d052-2cd6-4fba-83c9-39f46cb59398,2438d052-2cd6-4fba-83c9-39f46cb59398,7,2,1,11,0,1,1,1,1791417655
2026-10-08T00:02:00+00:00,2026-10-08T00:03:21.483175+00:00,8d535c23-f186-4161-aa10-17e94be6d4ae,436,5,4,3,6,1,1,1,1,1791417682
2026-10-08T00:02:00+00:00,2026-10-08T00:03:21.483175+00:00,2227859082657747444,2227859082657747444,4,1,0,3,0,1,1,1,1791417688
2026-10-08T00:02:00+00:00,2026-10-08T00:03:21.483175+00:00,2113559364250874028,2113559364250874028,8,2,0,7,0,1,1,1,1791417685
2026-10-08T00:02:00+00:00,2026-10-08T00:03:21.483175+00:00,dcd76e42-eebc-4432-9726-cdb3372b0b07,557,0,0,0,19,0,1,1,1,1791417685
2026-10-08T00:02:00+00:00,2026-10-08T00:03:21.483175+00:00,ec4e1168-25dc-4929-b17b-e4ae578dd888,425,4,2,1,11,0,1,1,1,1791417684
2026-10-08T00:02:00+00:00,2026-10-08T00:03:21.483175+00:00,2027855476515070160,2027855476515070160,1,0,0,26,0,1,1,1,1791417658
2026-10-08T00:02:00+00:00,2026-10-08T00:03:21.483175+00:00,199f3d59-e726-4549-b9c1-4dfc8a343fdb,508,10,6,0,1,0,1,1,1,1791417659
2026-10-08T00:02:00+00:00,2026-10-08T00:03:21.483175+00:00,f7d416f8-4377-4019-bba7-302dc1d5a11d,391,9,0,3,3,0,1,1,1,1791417657
2026-10-08T00:02:00+00:00,2026-10-08T00:03:21.483175+00:00,f834b183-0de8-11e7-991c-3863bb43a7d0,98,11,1,1,11,0,1,1,1,1791417661
2026-10-08T00:02:00+00:00,2026-10-08T00:03:21.483175+00:00,9fef6df2-7f8f-43fc-a85b-7dd5453860f9,437,13,2,0,4,0,1,1,1,1791417662
2026-10-08T00:02:00+00:00,2026-10-08T00:03:21.483175+00:00,2127252912986958612,2127252912986958612,5,2,0,10,0,1,1,1,1791417658
2026-10-08T00:02:00+00:00,2026-10-08T00:03:21.483175+00:00,2131371824572002576,2131371824572002576,13,0,1,2,0,1,1,1,1791417659
2026-10-08T00:02:00+00:00,2026-10-08T00:03:21.483175+00:00,f8346dbd-0de8-11e7-991c-3863bb43a7d0,16,4,0,1,14,0,1,1,1,1791417659
2026-10-08T00:02:00+00:00,2026-10-08T00:03:21.483175+00:00,f83532fa-0de8-11e7-991c-3863bb43a7d0,219,12,1,0,3,0,1,1,1,1791417665
2026-10-08T00:02:00+00:00,2026-10-08T00:03:21.483175+00:00,9b0aff89-5242-475e-b03b-87c3c3bf51bb,477,3,3,1,15,0,1,1,1,1791417663
2026-10-08T00:02:00+00:00,2026-10-08T00:03:21.483175+00:00,f834e75d-0de8-11e7-991c-3863bb43a7d0,129,8,0,0,10,1,1,1,1,1791417666
2026-10-08T00:02:00+00:00,2026-10-08T00:03:21.483175+00:00,f8351255-0de8-11e7-991c-3863bb43a7d0,174,8,2,2,5,0,1,1,1,1791417667
2026-10-08T00:02:00+00:00,2026-10-08T00:03:21.483175+00:00,f8347002-0de8-11e7-991c-3863bb43a7d0,20,19,0,1,3,0,1,1,1,1791417666
2026-10-08T00:02:00+00:00,2026-10-08T00:03:21.483175+00:00,f83473ea-0de8-11e7-991c-3863bb43a7d0,27,11,0,3,9,0,1,1,1,1791417667
2026-10-08T00:02:00+00:00,2026-10-08T00:03:21.483175+00:00,1994515539257334312,1994515539257334312,16,5,1,2,0,1,1,1,1791417616
2026-10-08T00:02:00+00:00,2026-10-08T00:03:21.483175+00:00,8e7c1984-dc81-43b0-a0d3-58c6de45225a,465,3,1,0,8,0,1,1,1,1791417617
2026-10-08T00:02:00+00:00,2026-10-08T00:03:21.483175+00:00,f8347ba8-0de8-11e7-991c-3863bb43a7d0,31,3,0,0,16,0,1,1,1,1791417618
2026-10-08T00:02:00+00:00,2026-10-08T00:03:21.483175+00:00,5d17f129-af8c-4f30-bc58-6a8279052772,543,5,2,1,13,0,1,1,1,1791417641
2026-10-08T00:02:00+00:00,2026-10-08T00:03:21.483175+00:00,4b5de733-9353-4873-9dc2-9558b3cb063a,393,7,2,1,5,0,1,1,1,1791417642
2026-10-08T00:02:00+00:00,2026-10-08T00:03:21.483175+00:00,2251556760922290606,2251556760922290606,12,0,2,1,0,1,1,1,1791417567
2026-10-08T00:02:00+00:00,2026-10-08T00:03:21.483175+00:00,acb27827-d69a-4287-b132-3f529ca62ad2,427,4,1,0,15,0,1,1,1,1791417674
2026-10-08T00:02:00+00:00,2026-10-08T00:03:21.483175+00:00,1ef5abb2-5af9-41f2-a0dd-1e44278ad9f1,502,5,1,0,6,0,1,1,1,1791417675
2026-10-08T00:02:00+00:00,2026-10-08T00:03:21.483175+00:00,1997031876360597884,1997031876360597884,6,1,0,5,0,1,1,1,1791417675
2026-10-08T00:02:00+00:00,2026-10-08T00:03:21.483175+00:00,52ca4d94-587f-4a61-a298-a1a755e73bfb,362,19,3,0,0,0,1,1,1,1791417674
2026-10-08T00:02:00+00:00,2026-10-08T00:03:21.483175+00:00,38706d8c-8d4b-49f7-b6ed-7688449db261,463,5,0,0,14,0,1,1,1,1791417675
2026-10-08T00:02:00+00:00,2026-10-08T00:03:21.483175+00:00,f835244e-0de8-11e7-991c-3863bb43a7d0,202,9,1,0,6,0,1,1,1,1791417676
2026-10-08T00:02:00+00:00,2026-10-08T00:03:21.483175+00:00,f83466c6-0de8-11e7-991c-3863bb43a7d0,6,3,3,2,9,0,1,1,1,1791417624
2026-10-08T00:02:00+00:00,2026-10-08T00:03:21.483175+00:00,800bde2c-51df-497c-ac2d-bc3a8c00c164,800bde2c-51df-497c-ac2d-bc3a8c00c164,0,0,0,15,0,1,1,1,1791417630
2026-10-08T00:02:00+00:00,2026-10-08T00:03:21.483175+00:00,1976640911178291400,1976640911178291400,6,3,0,5,0,1,1,1,1791417631
2026-10-08T00:02:00+00:00,2026-10-08T00:03:21.483175+00:00,c111ef1a-f276-415d-a95e-8e3c4e3a0c03,522,5,3,1,9,0,1,1,1,1791417627
2026-10-08T00:02:00+00:00,2026-10-08T00:03:21.483175+00:00,88b35b6d-f355-44dc-b85e-ed2eb1bc9099,406,8,1,0,11,0,1,1,1,1791417648
2026-10-08T00:02:00+00:00,2026-10-08T00:03:21.483175+00:00,40ee059e-8530-4992-9114-c16b87d6832f,441,12,4,0,7,0,1,1,1,1791417648
2026-10-08T00:02:00+00:00,2026-10-08T00:03:21.483175+00:00,f8352973-0de8-11e7-991c-3863bb43a7d0,210,6,1,0,9,0,1,1,1,1791417649
2026-10-08T00:02:00+00:00,2026-10-08T00:03:21.483175+00:00,f83493c0-0de8-11e7-991c-3863bb43a7d0,67,0,0,4,26,0,1,1,1,1791417650
2026-10-08T00:02:00+00:00,2026-10-08T00:03:21.483175+00:00,2036103727838931110,2036103727838931110,10,5,0,0,0,1,1,1,1791417652
2026-10-08T00:02:00+00:00,2026-10-08T00:03:21.483175+00:00,77c1736c-a609-4453-94f7-8e4253a8193c,474,8,3,0,3,0,1,1,1,1791417649
2026-10-08T00:02:00+00:00,2026-10-08T00:03:21.483175+00:00,f834f948-0de8-11e7-991c-3863bb43a7d0,138,11,0,1,2,0,1,1,1,1791417650
2026-10-08T00:02:00+00:00,2026-10-08T00:03:21.483175+00:00,2039387081833476178,2039387081833476178,12,2,0,8,0,1,1,1,1791417650
2026-10-08T00:02:00+00:00,2026-10-08T00:03:21.483175+00:00,f8351791-0de8-11e7-991c-3863bb43a7d0,186,14,0,0,1,0,1,1,1,1791417648
2026-10-08T00:02:00+00:00,2026-10-08T00:03:21.483175+00:00,f8349070-0de8-11e7-991c-3863bb43a7d0,61,1,0,1,17,0,1,1,1,1791417648
2026-10-08T00:02:00+00:00,2026-10-08T00:03:21.483175+00:00,8bc42f7f-753d-4cca-a7d6-0d7c2530ea2c,364,5,0,1,13,0,1,1,1,1791417680
2026-10-08T00:02:00+00:00,2026-10-08T00:03:21.483175+00:00,f8351569-0de8-11e7-991c-3863bb43a7d0,181,13,0,0,6,0,1,1,1,1791417680
2026-10-08T00:02:00+00:00,2026-10-08T00:03:21.483175+00:00,f8346c96-0de8-11e7-991c-3863bb43a7d0,14,1,1,0,24,0,1,1,1,1791417680
2026-10-08T00:02:00+00:00,2026-10-08T00:03:21.483175+00:00,eed9e64f-f09d-43c1-aa31-da968c66750a,368,5,0,0,10,0,1,1,1,1791417679
2026-10-08T00:02:00+00:00,2026-10-08T00:03:21.483175+00:00,f834a2a8-0de8-11e7-991c-3863bb43a7d0,85,2,0,0,17,0,1,1,1,1791417679
2026-10-08T00:02:00+00:00,2026-10-08T00:03:21.483175+00:00,f834d260-0de8-11e7-991c-3863bb43a7d0,119,13,9,2,0,0,1,1,1,1791417679
2026-10-08T00:02:00+00:00,2026-10-08T00:03:21.483175+00:00,4d953f0f-13b5-4b3d-b2da-342003ff7cba,4d953f0f-13b5-4b3d-b2da-342003ff7cba,3,1,0,8,0,1,1,1,1791417682
2026-10-08T00:02:00+00:00,2026-10-08T00:03:21.483175+00:00,2089808297152151688,2089808297152151688,1,0,1,10,0,1,1,1,1791417682
2026-10-08T00:02:00+00:00,2026-10-08T00:03:21.483175+00:00,1976280681456741062,1976280681456741062,5,5,0,6,0,1,1,1,1791417679
2026-10-08T00:02:00+00:00,2026-10-08T00:03:21.483175+00:00,2250817396738253956,2250817396738253956,13,4,2,0,0,1,1,1,1791417560
2026-10-08T00:02:00+00:00,2026-10-08T00:03:21.483175+00:00,25d6f87f-7025-48c5-b202-f91511a4ae19,25d6f87f-7025-48c5-b202-f91511a4ae19,13,4,1,5,0,1,1,1,1791417596
2026-10-08T00:02:00+00:00,2026-10-08T00:03:21.483175+00:00,01d29f8c-768d-4c4f-84ca-3de966075287,469,3,2,0,8,0,1,1,1,1791417594
2026-10-08T00:02:00+00:00,2026-10-08T00:03:21.483175+00:00,f834b1ed-0de8-11e7-991c-3863bb43a7d0,99,12,2,0,3,0,1,1,1,1791417595
2026-10-08T00:02:00+00:00,2026-10-08T00:03:21.483175+00:00,803a0c16-4f81-44f1-8b49-a13fcdda40c1,370,9,0,1,8,0,1,1,1,1791417601
2026-10-08T00:02:00+00:00,2026-10-08T00:03:21.483175+00:00,2028220168245183460,2028220168245183460,14,0,0,5,0,1,1,1,1791417599
2026-10-08T00:02:00+00:00,2026-10-08T00:03:21.483175+00:00,f8351f87-0de8-11e7-991c-3863bb43a7d0,192,2,1,0,17,0,1,1,1,1791417602
2026-10-08T00:02:00+00:00,2026-10-08T00:03:21.483175+00:00,15ec5783-ca7a-4225-ba51-cd0a45ecc975,15ec5783-ca7a-4225-ba51-cd0a45ecc975,7,5,0,4,0,1,1,1,1791417606
2026-10-08T00:02:00+00:00,2026-10-08T00:03:21.483175+00:00,5410aac7-2ec0-47b6-b728-b99c5137b463,5410aac7-2ec0-47b6-b728-b99c5137b463,8,2,0,3,0,1,1,1,1791417606
2026-10-08T00:02:00+00:00,2026-10-08T00:03:21.483175+00:00,f8347ded-0de8-11e7-991c-3863bb43a7d0,35,0,0,0,31,0,1,1,1,1791417584
2026-10-08T00:02:00+00:00,2026-10-08T00:03:21.483175+00:00,25489822-e43a-4704-b2a8-d905b78ba77c,389,4,2,0,10,0,1,1,1,1791417585
2026-10-08T00:02:00+00:00,2026-10-08T00:03:21.483175+00:00,aefc33cd-40b9-48da-8b87-415428816bdb,488,7,2,0,9,0,1,1,1,1791417591
2026-10-08T00:02:00+00:00,2026-10-08T00:03:21.483175+00:00,f834fcbe-0de8-11e7-991c-3863bb43a7d0,141,0,0,0,15,0,1,1,1,1791417591
2026-10-08T00:02:00+00:00,2026-10-08T00:03:21.483175+00:00,625f105e-4407-4988-9095-d1979cbda5e1,234,19,13,0,0,0,1,1,1,1791417591
2026-10-08T00:02:00+00:00,2026-10-08T00:03:21.483175+00:00,ab6517ea-ed53-42eb-8881-657d362e56e8,560,11,0,0,4,0,1,1,1,1791417592
2026-10-08T00:02:00+00:00,2026-10-08T00:03:21.483175+00:00,2129149628430547474,2129149628430547474,15,2,0,1,0,1,1,1,1791417608
2026-10-08T00:02:00+00:00,2026-10-08T00:03:21.483175+00:00,e4d5271f-5f76-401b-b7f0-c8dce3c26f10,462,7,1,1,3,0,1,1,1,1791417608
2026-10-08T00:02:00+00:00,2026-10-08T00:03:21.483175+00:00,2110566771130438288,2110566771130438288,9,6,1,6,0,1,1,1,1791417607
2026-10-08T00:02:00+00:00,2026-10-08T00:03:21.483175+00:00,b44b7c3d-c054-4591-92a9-3b96d86050ab,b44b7c3d-c054-4591-92a9-3b96d86050ab,2,2,0,9,0,1,1,1,1791417611
2026-10-08T00:02:00+00:00,2026-10-08T00:03:21.483175+00:00,f8347a8b-0de8-11e7-991c-3863bb43a7d0,29,18,0,0,1,0,1,1,1,1791417616
2026-10-08T00:02:00+00:00,2026-10-08T00:03:21.483175+00:00,918335df-fc1a-45c2-9cfc-c5e2e93aecc0,467,2,0,1,8,0,1,1,1,1791417616
2026-10-08T00:02:00+00:00,2026-10-08T00:03:21.483175+00:00,f834a1de-0de8-11e7-991c-3863bb43a7d0,84,2,0,0,11,0,1,1,1,1791417616
2026-10-08T00:02:00+00:00,2026-10-08T00:03:21.483175+00:00,1331197c-f6c6-4f4a-a29b-95e580359886,224,9,0,1,7,0,1,1,1,1791417612
2026-10-08T00:02:00+00:00,2026-10-08T00:03:21.483175+00:00,2251186911126913182,2251186911126913182,12,1,2,5,0,1,1,1,1791417531
2026-10-08T00:02:00+00:00,2026-10-08T00:03:21.483175+00:00,2124664048772581794,2124664048772581794,3,0,0,8,0,1,1,1,1791417613
2026-10-08T00:02:00+00:00,2026-10-08T00:03:21.483175+00:00,f834b928-0de8-11e7-991c-3863bb43a7d0,106,7,0,2,5,0,1,1,1,1791417615
2026-10-08T00:02:00+00:00,2026-10-08T00:03:21.483175+00:00,ea00f276-26dc-48ee-b2c8-6e56fd632a2d,272,4,0,1,14,0,1,1,1,1791417614
2026-10-08T00:02:00+00:00,2026-10-08T00:03:21.483175+00:00,6eaa7343-402d-41c9-9aac-8c664fdbdcf1,6eaa7343-402d-41c9-9aac-8c664fdbdcf1,0,0,0,0,0,0,0,0,86400
2026-10-08T00:02:00+00:00,2026-10-08T00:03:21.483175+00:00,6cec3afa-554c-466f-8323-5c619fe0ddc6,6cec3afa-554c-466f-8323-5c619fe0ddc6,5,4,0,6,0,1,1,1,1791417636
2026-10-08T00:02:00+00:00,2026-10-08T00:03:21.483175+00:00,829fa5a8-cc88-4ab2-9f34-b481aaa1612e,259,9,1,0,6,0,1,1,1,1791417636
2026-10-08T00:02:00+00:00,2026-10-08T00:03:21.483175+00:00,cad0e759-b605-458a-b772-768dcce81dc6,372,14,1,0,5,0,1,1,1,1791417634
2026-10-08T00:02:00+00:00,2026-10-08T00:03:21.483175+00:00,1919521884659886482,1919521884659886482,0,0,1,18,0,1,1,1,1791417634
2026-10-08T00:02:00+00:00,2026-10-08T00:03:21.483175+00:00,d1a5e406-718c-44b9-b9dd-e63605b888aa,555,8,7,0,7,0,1,1,1,1791417634
2026-10-08T00:02:00+00:00,2026-10-08T00:03:21.483175+00:00,f834d34b-0de8-11e7-991c-3863bb43a7d0,120,12,0,1,26,0,1,1,1,1791417644
2026-10-08T00:02:00+00:00,2026-10-08T00:03:21.483175+00:00,e519df41-c4d7-403a-9afa-a5dd7cdd2d03,536,10,0,1,7,0,1,1,1,1791417643
2026-10-08T00:02:00+00:00,2026-10-08T00:03:21.483175+00:00,2149920539832638004,2149920539832638004,13,0,1,1,0,1,1,1,1791417671
2026-10-08T00:02:00+00:00,2026-10-08T00:03:21.483175+00:00,2126567695528519906,2126567695528519906,9,0,0,11,0,1,1,1,1791417670
2026-10-08T00:02:00+00:00,2026-10-08T00:03:21.483175+00:00,f8348719-0de8-11e7-991c-3863bb43a7d0,52,7,0,0,16,0,1,1,1,1791417672
2026-10-08T00:02:00+00:00,2026-10-08T00:03:21.483175+00:00,133d159e-a202-4310-910f-eca392fe181e,398,2,0,2,15,0,1,1,1,1791417669
2026-10-08T00:02:00+00:00,2026-10-08T00:03:21.483175+00:00,f834c5c9-0de8-11e7-991c-3863bb43a7d0,110,0,0,1,13,0,1,1,1,1791417672
2026-10-08T00:02:00+00:00,2026-10-08T00:03:21.483175+00:00,f834916a-0de8-11e7-991c-3863bb43a7d0,63,2,0,0,13,0,1,1,1,1791417672
2026-10-08T00:02:00+00:00,2026-10-08T00:03:21.483175+00:00,1999639508813492766,1999639508813492766,7,0,0,13,0,1,1,1,1791417673
2026-10-08T00:02:00+00:00,2026-10-08T00:03:21.483175+00:00,e335fa7c-7adf-4360-9bfa-76b18124a56f,541,3,2,0,8,0,1,1,1,1791417695
2026-10-08T00:02:00+00:00,2026-10-08T00:03:21.483175+00:00,f8350d30-0de8-11e7-991c-3863bb43a7d0,163,10,0,0,9,0,1,1,1,1791417695
2026-10-08T00:02:00+00:00,2026-10-08T00:03:21.483175+00:00,f8348598-0de8-11e7-991c-3863bb43a7d0,49,5,0,0,13,0,1,1,1,1791417695
2026-10-08T00:02:00+00:00,2026-10-08T00:03:21.483175+00:00,1ef9964d-47ac-4cd4-916e-7c006fa1e605,339,10,6,0,5,0,1,1,1,1791417694
2026-10-08T00:02:00+00:00,2026-10-08T00:03:21.483175+00:00,2219705277630124418,2219705277630124418,5,2,0,10,0,1,1,1,1791417694
2026-10-08T00:02:00+00:00,2026-10-08T00:03:21.483175+00:00,2031175112202687108,2031175112202687108,4,0,0,12,0,1,1,1,1791417694
2026-10-08T00:02:00+00:00,2026-10-08T00:03:21.483175+00:00,2220033166406469278,2220033166406469278,10,4,1,4,0,1,1,1,1791417661
2026-10-08T00:02:00+00:00,2026-10-08T00:03:21.483175+00:00,f8349599-0de8-11e7-991c-3863bb43a7d0,71,14,6,0,9,0,1,1,1,1791417695
2026-10-08T00:02:00+00:00,2026-10-08T00:03:21.483175+00:00,57f5003b-6574-40b3-83d7-3b5dee1472e0,518,6,6,1,3,0,1,1,1,1791417696
2026-10-08T00:02:00+00:00,2026-10-08T00:03:21.483175+00:00,87b5a8b7-a330-4c51-ab32-7dafa292c88f,421,14,0,1,4,0,1,1,1,1791417695
2026-10-08T00:02:00+00:00,2026-10-08T00:03:21.483175+00:00,f834a67b-0de8-11e7-991c-3863bb43a7d0,89,3,0,1,16,0,1,1,1,1791417695
2026-10-08T00:02:00+00:00,2026-10-08T00:03:21.483175+00:00,97a1e4e7-a1ff-427a-aaea-48ca0d00bf9c,348,5,4,0,10,0,1,1,1,1791417696
2026-10-08T00:02:00+00:00,2026-10-08T00:03:21.483175+00:00,f834c6f5-0de8-11e7-991c-3863bb43a7d0,111,9,2,0,5,1,1,1,1,1791417696
2026-10-08T00:02:00+00:00,2026-10-08T00:03:21.483175+00:00,2134720099473744344,2134720099473744344,3,0,0,18,0,1,1,1,1791417698
2026-10-08T00:02:00+00:00,2026-10-08T00:03:21.483175+00:00,f55cdf0a-3d7b-491c-bed2-7dc0ef2062d5,489,10,1,0,6,0,1,1,1,1791417698
2026-10-08T00:02:00+00:00,2026-10-08T00:03:21.483175+00:00,2253794653988522864,2253794653988522864,9,1,0,10,0,1,1,1,1791417455
2026-10-08T00:02:00+00:00,2026-10-08T00:03:21.483175+00:00,7dd0fc98-c1dd-4c93-9c1d-4bbdf5f93346,473,14,9,0,0,0,1,1,1,1791417580
2026-10-08T00:02:00+00:00,2026-10-08T00:03:21.483175+00:00,1961066392414132348,1961066392414132348,3,0,0,16,0,1,1,1,1791417581
2026-10-08T00:02:00+00:00,2026-10-08T00:03:21.483175+00:00,f834a32d-0de8-11e7-991c-3863bb43a7d0,86,17,1,1,7,0,1,1,1,1791417625
2026-10-08T00:02:00+00:00,2026-10-08T00:03:21.483175+00:00,1963273678015717438,1963273678015717438,3,2,0,16,0,1,1,1,1791417625
2026-10-08T00:02:00+00:00,2026-10-08T00:03:21.483175+00:00,f8349d6e-0de8-11e7-991c-3863bb43a7d0,79,17,2,0,1,0,1,1,1,1791417627
2026-10-08T00:02:00+00:00,2026-10-08T00:03:21.483175+00:00,f8350c56-0de8-11e7-991c-3863bb43a7d0,161,21,1,0,2,0,1,1,1,1791417629
2026-10-08T00:02:00+00:00,2026-10-08T00:03:21.483175+00:00,f8351ff1-0de8-11e7-991c-3863bb43a7d0,193,9,0,1,5,0,1,1,1,1791417628
2026-10-08T00:02:00+00:00,2026-10-08T00:03:21.483175+00:00,f835259f-0de8-11e7-991c-3863bb43a7d0,205,3,2,1,11,0,1,1,1,1791417631
2026-10-08T00:02:00+00:00,2026-10-08T00:03:21.483175+00:00,634b697d-0e64-4102-8849-abac7a7f8e35,455,5,1,0,7,0,1,1,1,1791417631
2026-10-08T00:02:00+00:00,2026-10-08T00:03:21.483175+00:00,f8352a4d-0de8-11e7-991c-3863bb43a7d0,212,14,0,3,15,0,1,1,1,1791417633
2026-10-08T00:02:00+00:00,2026-10-08T00:03:21.483175+00:00,f8348021-0de8-11e7-991c-3863bb43a7d0,39,25,1,0,2,0,1,1,1,1791417634
2026-10-08T00:02:00+00:00,2026-10-08T00:03:21.483175+00:00,3de6e5da-9702-4623-8683-26abd98012a8,525,5,1,0,7,0,1,1,1,1791417579
2026-10-08T00:02:00+00:00,2026-10-08T00:03:21.483175+00:00,f8352306-0de8-11e7-991c-3863bb43a7d0,199,7,2,1,7,0,1,1,1,1791417618
2026-10-08T00:02:00+00:00,2026-10-08T00:03:21.483175+00:00,2126939746529359956,2126939746529359956,8,3,0,11,0,1,1,1,1791417619
2026-10-08T00:02:00+00:00,2026-10-08T00:03:21.483175+00:00,c935cfb1-ef73-402e-9b86-83aaaac6534d,478,4,0,1,14,0,1,1,1,1791417621
2026-10-08T00:02:00+00:00,2026-10-08T00:03:21.483175+00:00,f83487f0-0de8-11e7-991c-3863bb43a7d0,54,1,0,0,14,0,1,1,1,1791417623
2026-10-08T00:02:00+00:00,2026-10-08T00:03:21.483175+00:00,be7e7068-b85f-42c1-8ea1-e1d64e531323,be7e7068-b85f-42c1-8ea1-e1d64e531323,12,6,0,3,0,1,1,1,1791417597
2026-10-08T00:02:00+00:00,2026-10-08T00:03:21.483175+00:00,13681246-4bf8-444a-a908-fa165e4ad298,329,13,1,2,0,0,1,1,1,1791417597
2026-10-08T00:02:00+00:00,2026-10-08T00:03:21.483175+00:00,f8353277-0de8-11e7-991c-3863bb43a7d0,218,0,0,0,15,0,1,1,1,1791417598
2026-10-08T00:02:00+00:00,2026-10-08T00:03:21.483175+00:00,f834d064-0de8-11e7-991c-3863bb43a7d0,118,6,0,0,13,0,1,1,1,1791417598
2026-10-08T00:02:00+00:00,2026-10-08T00:03:21.483175+00:00,2079440939380771716,2079440939380771716,1,1,1,9,0,1,1,1,1791417653
2026-10-08T00:02:00+00:00,2026-10-08T00:03:21.483175+00:00,2002247509585342522,2002247509585342522,7,1,0,4,0,1,1,1,1791417651
2026-10-08T00:02:00+00:00,2026-10-08T00:03:21.483175+00:00,f8348857-0de8-11e7-991c-3863bb43a7d0,55,10,0,1,4,0,1,1,1,1791417654
2026-10-08T00:02:00+00:00,2026-10-08T00:03:21.483175+00:00,f8352150-0de8-11e7-991c-3863bb43a7d0,196,1,1,0,9,0,1,1,1,1791417650
2026-10-08T00:02:00+00:00,2026-10-08T00:03:21.483175+00:00,2256120653476329202,2256120653476329202,13,1,0,2,0,1,1,1,1791417668
2026-10-08T00:02:00+00:00,2026-10-08T00:03:21.483175+00:00,2111332861978124760,2111332861978124760,3,1,1,12,0,1,1,1,1791417669
2026-10-08T00:02:00+00:00,2026-10-08T00:03:21.483175+00:00,dd008e3c-ff17-4c82-abe0-502272a62425,558,1,1,1,15,0,1,1,1,1791417669
2026-10-08T00:02:00+00:00,2026-10-08T00:03:21.483175+00:00,a9bc314b-a3fd-46e5-a63b-f005258bba5f,a9bc314b-a3fd-46e5-a63b-f005258bba5f,4,0,0,13,1,1,1,1,1791417669
2026-10-08T00:02:00+00:00,2026-10-08T00:03:21.483175+00:00,f8351e42-0de8-11e7-991c-3863bb43a7d0,189,0,0,0,23,0,1,1,1,1791417669
2026-10-08T00:02:00+00:00,2026-10-08T00:03:21.483175+00:00,f835141c-0de8-11e7-991c-3863bb43a7d0,178,14,0,2,2,0,1,1,1,1791417666
2026-10-08T00:02:00+00:00,2026-10-08T00:03:21.483175+00:00,609c2f06-310e-4134-8dd2-3d23aa41487b,609c2f06-310e-4134-8dd2-3d23aa41487b,18,3,1,3,0,1,1,1,1791417667
2026-10-08T00:02:00+00:00,2026-10-08T00:03:21.483175+00:00,57caf362-1e8b-46aa-9ee3-82341c405ab0,271,3,1,1,11,0,1,1,1,1791417685
2026-10-08T00:02:00+00:00,2026-10-08T00:03:21.483175+00:00,2080157934789007958,2080157934789007958,16,2,2,1,0,1,1,1,1791417688
2026-10-08T00:02:00+00:00,2026-10-08T00:03:21.483175+00:00,dd05a440-f881-410c-a071-864da11c634a,318,0,0,0,19,0,1,1,1,1791417688
2026-10-08T00:02:00+00:00,2026-10-08T00:03:21.483175+00:00,2071724371800490690,2071724371800490690,8,0,0,12,0,1,1,1,1791417689
2026-10-08T00:02:00+00:00,2026-10-08T00:03:21.483175+00:00,f8346c01-0de8-11e7-991c-3863bb43a7d0,13,2,2,1,17,0,1,1,1,1791417685
2026-10-08T00:02:00+00:00,2026-10-08T00:03:21.483175+00:00,fae99a0c-e88a-4112-94d8-f655cf34e651,fae99a0c-e88a-4112-94d8-f655cf34e651,0,0,2,16,0,1,1,1,1791417657
2026-10-08T00:02:00+00:00,2026-10-08T00:03:21.483175+00:00,2248987790637065652,2248987790637065652,10,2,0,2,0,1,1,1,1791417657
2026-10-08T00:02:00+00:00,2026-10-08T00:03:21.483175+00:00,e49a5b83-2c9c-4610-a48b-89cfea172c8f,504,6,0,0,5,0,1,1,1,1791417658
2026-10-08T00:02:00+00:00,2026-10-08T00:03:21.483175+00:00,50cc3c7f-50ed-4c70-b483-c89f3f47c938,491,18,2,0,1,0,1,1,1,1791417660
2026-10-08T00:02:00+00:00,2026-10-08T00:03:21.483175+00:00,2035765531590062506,2035765531590062506,6,0,3,2,0,1,1,1,1791417658
2026-10-08T00:02:00+00:00,2026-10-08T00:03:21.483175+00:00,0cb6d635-6a7d-4d75-89b4-36b12616be12,432,10,6,0,9,0,1,1,1,1791417664
2026-10-08T00:02:00+00:00,2026-10-08T00:03:21.483175+00:00,f8348924-0de8-11e7-991c-3863bb43a7d0,57,12,0,0,2,0,1,1,1,1791417664
2026-10-08T00:02:00+00:00,2026-10-08T00:03:21.483175+00:00,2115804056935012722,2115804056935012722,0,0,0,18,0,1,1,1,1791417638
2026-10-08T00:02:00+00:00,2026-10-08T00:03:21.483175+00:00,dd8dee9d-d044-41d6-9371-8463cf9c671b,526,6,3,0,8,1,1,1,1,1791417639
2026-10-08T00:02:00+00:00,2026-10-08T00:03:21.483175+00:00,ee0fa23e-a6c2-474d-a6ef-bf581d63f1ae,ee0fa23e-a6c2-474d-a6ef-bf581d63f1ae,4,0,0,7,0,1,1,1,1791417641
2026-10-08T00:02:00+00:00,2026-10-08T00:03:21.483175+00:00,f8347361-0de8-11e7-991c-3863bb43a7d0,26,11,0,0,4,0,1,1,1,1791417639
2026-10-08T00:02:00+00:00,2026-10-08T00:03:21.483175+00:00,c98f50f6-1901-4c64-b164-8cf33245e022,282,16,1,1,0,1,1,1,1,1791417642
2026-10-08T00:02:00+00:00,2026-10-08T00:03:21.483175+00:00,3b158c7a-a362-43ae-af1f-121b78be32d7,483,6,2,1,10,0,1,1,1,1791417642
2026-10-08T00:02:00+00:00,2026-10-08T00:03:21.483175+00:00,e3f5d039-a49e-4b3b-ab4d-4efbef2068c6,e3f5d039-a49e-4b3b-ab4d-4efbef2068c6,13,3,1,8,0,1,1,1,1791417643
2026-10-08T00:02:00+00:00,2026-10-08T00:03:21.483175+00:00,a439fff7-8630-464c-b277-efca6f6bc664,531,11,3,3,0,0,1,1,1,1791417635
2026-10-08T00:02:00+00:00,2026-10-08T00:03:21.483175+00:00,0bc49982-74e9-4bbf-9991-e3d809d6319e,530,14,5,0,5,0,1,1,1,1791417634
2026-10-08T00:02:00+00:00,2026-10-08T00:03:21.483175+00:00,4caf6e93-ddd7-4b6f-9e61-f9df1206ac92,4caf6e93-ddd7-4b6f-9e61-f9df1206ac92,10,7,0,9,0,1,1,1,1791417634
2026-10-08T00:02:00+00:00,2026-10-08T00:03:21.483175+00:00,1e3beeb4-f8e1-452c-93e5-48df78d4b313,334,6,3,0,12,0,1,1,1,1791417634
2026-10-08T00:02:00+00:00,2026-10-08T00:03:21.483175+00:00,dc770287-c70c-43ea-a635-39f3dc6b09cd,dc770287-c70c-43ea-a635-39f3dc6b09cd,11,4,0,0,0,1,1,1,1791417635
2026-10-08T00:02:00+00:00,2026-10-08T00:03:21.483175+00:00,082262bd-086b-46c7-83ce-eed2b39142ff,416,1,0,0,14,0,1,1,1,1791417635
2026-10-08T00:02:00+00:00,2026-10-08T00:03:21.483175+00:00,2158217922577811100,2158217922577811100,6,0,0,13,0,1,1,1,1791417647
2026-10-08T00:02:00+00:00,2026-10-08T00:03:21.483175+00:00,2124668538068359456,2124668538068359456,14,0,1,4,0,1,1,1,1791417648
2026-10-08T00:02:00+00:00,2026-10-08T00:03:21.483175+00:00,f834fda2-0de8-11e7-991c-3863bb43a7d0,143,6,1,0,17,0,1,1,1,1791417648
2026-10-08T00:02:00+00:00,2026-10-08T00:03:21.483175+00:00,3f4f4ad4-a715-43d5-828f-f8381f26b66a,390,10,1,0,4,1,1,1,1,1791417648
2026-10-08T00:02:00+00:00,2026-10-08T00:03:21.483175+00:00,f8349672-0de8-11e7-991c-3863bb43a7d0,72,0,0,0,23,0,1,1,1,1791417649
2026-10-08T00:02:00+00:00,2026-10-08T00:03:21.483175+00:00,2120986392451359068,2120986392451359068,5,0,0,14,0,1,1,1,1791417645
2026-10-08T00:02:00+00:00,2026-10-08T00:03:21.483175+00:00,f4a64c30-b97f-4ae5-b531-a11698b558d7,562,6,2,0,3,0,1,1,1,1791417648
2026-10-08T00:02:00+00:00,2026-10-08T00:03:21.483175+00:00,68323451-daf0-4532-a6cb-b070e3ef358f,68323451-daf0-4532-a6cb-b070e3ef358f,2,0,1,16,0,1,1,1,1791417650
2026-10-08T00:02:00+00:00,2026-10-08T00:03:21.483175+00:00,4764641e-b080-4c70-a1e1-049de81e09d0,273,26,4,3,12,0,1,1,1,1791417673
2026-10-08T00:02:00+00:00,2026-10-08T00:03:21.483175+00:00,2012646293885032702,2012646293885032702,20,1,2,2,0,1,1,1,1791417673
2026-10-08T00:02:00+00:00,2026-10-08T00:03:21.483175+00:00,2171110977443594588,2171110977443594588,8,0,1,6,0,1,1,1,1791417674
2026-10-08T00:02:00+00:00,2026-10-08T00:03:21.483175+00:00,2fded452-cbd0-4248-b008-f8a61ed9a85f,2fded452-cbd0-4248-b008-f8a61ed9a85f,1,0,0,14,0,1,1,1,1791417675
2026-10-08T00:02:00+00:00,2026-10-08T00:03:21.483175+00:00,f836bc28-36a7-4ca6-bba6-0d75333d84bb,538,13,0,1,5,0,1,1,1,1791417675
2026-10-08T00:02:00+00:00,2026-10-08T00:03:21.483175+00:00,25cc602a-152a-4abe-9df8-a131d0a5d94b,235,14,5,0,1,0,1,1,1,1791417673
2026-10-08T00:02:00+00:00,2026-10-08T00:03:21.483175+00:00,a3b94ed8-8301-4ec6-baf2-64ac493b5106,529,2,1,0,12,0,1,1,1,1791417676
2026-10-08T00:02:00+00:00,2026-10-08T00:03:21.483175+00:00,8f51f8f1-ecb8-4cd3-8529-296a03140c51,8f51f8f1-ecb8-4cd3-8529-296a03140c51,8,3,0,11,0,1,1,1,1791417667
2026-10-08T00:02:00+00:00,2026-10-08T00:03:21.483175+00:00,b5894555-30a3-46db-918a-fdeb083d6001,336,11,6,1,3,0,1,1,1,1791417600
2026-10-08T00:02:00+00:00,2026-10-08T00:03:21.483175+00:00,f83514f9-0de8-11e7-991c-3863bb43a7d0,180,10,1,1,8,0,1,1,1,1791417601
2026-10-08T00:02:00+00:00,2026-10-08T00:03:21.483175+00:00,efd724b2-31cb-4aec-b9d9-8ab79271630c,493,9,0,0,8,0,1,1,1,1791417605
2026-10-08T00:02:00+00:00,2026-10-08T00:03:21.483175+00:00,a9d13461-7f0f-47b0-9a97-8ec9e9792865,533,16,1,1,2,0,1,1,1,1791417671
2026-10-08T00:02:00+00:00,2026-10-08T00:03:21.483175+00:00,2131714490587826928,2131714490587826928,11,8,2,3,0,1,1,1,1791417612
2026-10-08T00:02:00+00:00,2026-10-08T00:03:21.483175+00:00,a51b429f-bf06-425a-b3fe-b3155aa6468c,a51b429f-bf06-425a-b3fe-b3155aa6468c,10,2,0,1,0,1,1,1,1791417614
2026-10-08T00:02:00+00:00,2026-10-08T00:03:21.483175+00:00,2113560016964645240,2113560016964645240,9,1,1,9,0,1,1,1,1791417614
2026-10-08T00:02:00+00:00,2026-10-08T00:03:21.483175+00:00,2074236051937964826,2074236051937964826,14,0,0,1,1,1,1,1,1791417547
2026-10-08T00:02:00+00:00,2026-10-08T00:03:21.483175+00:00,910f1452-dbeb-4e69-b226-71b2d7e85715,910f1452-dbeb-4e69-b226-71b2d7e85715,8,8,0,2,0,1,1,1,1791417591
2026-10-08T00:02:00+00:00,2026-10-08T00:03:21.483175+00:00,8b703219-1e16-4ba1-9f46-2b7030c7849a,360,0,0,2,13,0,1,1,1,1791417590
2026-10-08T00:02:00+00:00,2026-10-08T00:03:21.483175+00:00,f8352c1a-0de8-11e7-991c-3863bb43a7d0,216,7,2,2,10,0,1,1,1,1791417592
2026-10-08T00:02:00+00:00,2026-10-08T00:03:21.483175+00:00,f83472d3-0de8-11e7-991c-3863bb43a7d0,25,15,3,0,0,0,1,1,1,1791417572
2026-10-08T00:02:00+00:00,2026-10-08T00:03:21.483175+00:00,f1cafe36-f800-41f6-b74d-73953cb6394c,471,0,0,0,27,0,1,1,1,1791417586
2026-10-08T00:02:00+00:00,2026-10-08T00:03:21.483175+00:00,2136546016037880534,2136546016037880534,3,1,0,12,0,1,1,1,1791417680
2026-10-08T00:02:00+00:00,2026-10-08T00:03:21.483175+00:00,af066ffd-b892-434f-8532-1982fc408780,480,6,0,0,5,0,1,1,1,1791417677
2026-10-08T00:02:00+00:00,2026-10-08T00:03:21.483175+00:00,f834ffc9-0de8-11e7-991c-3863bb43a7d0,146,19,3,0,0,0,1,1,1,1791417678
2026-10-08T00:02:00+00:00,2026-10-08T00:03:21.483175+00:00,3a6d94a7-9fee-41c5-b8cc-a8487c5e691b,549,22,0,0,1,0,1,1,1,1791417678
2026-10-08T00:02:00+00:00,2026-10-08T00:03:21.483175+00:00,b0b8e427-7203-4844-9c70-129e08a74452,347,13,4,1,0,0,1,1,1,1791417678
2026-10-08T00:02:00+00:00,2026-10-08T00:03:21.483175+00:00,fbb9b58c-2b92-4bcf-8e4c-a982e40d2f39,221,3,0,1,14,0,1,1,1,1791417678
2026-10-08T00:02:00+00:00,2026-10-08T00:03:21.483175+00:00,d81e16e2-a410-4a0b-b5ae-b72748fc9781,d81e16e2-a410-4a0b-b5ae-b72748fc9781,8,0,0,11,0,1,1,1,1791417679
2026-10-08T00:02:00+00:00,2026-10-08T00:03:21.483175+00:00,1994461916590643872,1994461916590643872,9,1,1,1,0,1,1,1,1791417678
2026-10-08T00:02:00+00:00,2026-10-08T00:03:21.483175+00:00,1984021766354634770,1984021766354634770,6,0,0,13,0,1,1,1,1791417676
2026-10-08T00:02:00+00:00,2026-10-08T00:03:21.483175+00:00,1206f5c8-7d1f-4c32-9d65-f3e80186fbde,511,8,5,1,10,0,1,1,1,1791417682
2026-10-08T00:02:00+00:00,2026-10-08T00:03:21.483175+00:00,f834fb66-0de8-11e7-991c-3863bb43a7d0,139,17,3,1,1,0,1,1,1,1791417683
2026-10-08T00:02:00+00:00,2026-10-08T00:03:21.483175+00:00,f8349de4-0de8-11e7-991c-3863bb43a7d0,80,2,2,0,32,0,1,1,1,1791417683
2026-10-08T00:02:00+00:00,2026-10-08T00:03:21.483175+00:00,f834b652-0de8-11e7-991c-3863bb43a7d0,104,6,1,1,11,0,1,1,1,1791417682
2026-10-08T00:02:00+00:00,2026-10-08T00:03:21.483175+00:00,2004828637786472956,2004828637786472956,12,5,0,7,0,1,1,1,1791417691
2026-10-08T00:02:00+00:00,2026-10-08T00:03:21.483175+00:00,66763558-7a03-48a9-8665-6b4445b81f48,458,14,7,0,1,0,1,1,1,1791417692
2026-10-08T00:02:00+00:00,2026-10-08T00:03:21.483175+00:00,3c837bc0-fd08-49c4-adf5-0e9a98e918a7,524,6,0,1,8,0,1,1,1,1791417691
2026-10-08T00:02:00+00:00,2026-10-08T00:03:21.483175+00:00,f834db9b-0de8-11e7-991c-3863bb43a7d0,121,15,7,1,1,0,1,1,1,1791417692
2026-10-08T00:02:00+00:00,2026-10-08T00:03:21.483175+00:00,31382324-2931-491a-827a-40149e45afee,232,5,0,0,6,0,1,1,1,1791417693
2026-10-08T00:02:00+00:00,2026-10-08T00:03:21.483175+00:00,f834923d-0de8-11e7-991c-3863bb43a7d0,65,5,0,0,14,0,1,1,1,1791417693
2026-10-08T00:02:00+00:00,2026-10-08T00:03:21.483175+00:00,f8348781-0de8-11e7-991c-3863bb43a7d0,53,10,1,1,8,0,1,1,1,1791417693
2026-10-08T00:02:00+00:00,2026-10-08T00:03:21.483175+00:00,2223046412750968128,2223046412750968128,4,2,0,15,0,1,1,1,1791417695
2026-10-08T00:02:00+00:00,2026-10-08T00:03:21.483175+00:00,f834ff5a-0de8-11e7-991c-3863bb43a7d0,145,6,1,1,12,0,1,1,1,1791417623
2026-10-08T00:02:00+00:00,2026-10-08T00:03:21.483175+00:00,ee18dbd6-05b8-4d38-a120-f84c3499a77e,519,3,1,0,8,0,1,1,1,1791417694
2026-10-08T00:02:00+00:00,2026-10-08T00:03:21.483175+00:00,f8346a3c-0de8-11e7-991c-3863bb43a7d0,10,1,0,3,8,0,1,1,1,1791417695
2026-10-08T00:02:00+00:00,2026-10-08T00:03:21.483175+00:00,f834b50a-0de8-11e7-991c-3863bb43a7d0,102,11,3,0,4,0,1,1,1,1791417696
2026-10-08T00:02:00+00:00,2026-10-08T00:03:21.483175+00:00,2100948177843249670,2100948177843249670,6,3,0,5,0,1,1,1,1791417697
2026-10-08T00:02:00+00:00,2026-10-08T00:03:21.483175+00:00,f8350be5-0de8-11e7-991c-3863bb43a7d0,160,0,0,1,13,0,1,1,1,1791417697
2026-10-08T00:02:00+00:00,2026-10-08T00:03:21.483175+00:00,f835027c-0de8-11e7-991c-3863bb43a7d0,152,11,0,0,16,0,1,1,1,1791417697
2026-10-08T00:02:00+00:00,2026-10-08T00:03:21.483175+00:00,3dbbb3cb-b52d-46f8-8f9c-db11e83d081c,327,14,6,0,1,0,1,1,1,1791417698
2026-10-08T00:02:00+00:00,2026-10-08T00:03:21.483175+00:00,6e340d8e-45db-4fd9-b6eb-b74ec73b0d3e,535,4,0,3,8,0,1,1,1,1791417594
2026-10-08T00:02:00+00:00,2026-10-08T00:03:21.483175+00:00,2014558273483754010,2014558273483754010,8,1,0,11,0,1,1,1,1791417589
2026-10-08T00:02:00+00:00,2026-10-08T00:03:21.483175+00:00,12141b77-6e5f-444b-bace-2abf16db4fee,12141b77-6e5f-444b-bace-2abf16db4fee,9,5,0,2,0,1,1,1,1791417592
2026-10-08T00:02:00+00:00,2026-10-08T00:03:21.483175+00:00,8347c34d-68df-404b-ac58-7a387cc3ce4b,414,3,2,0,20,0,1,1,1,1791417593
2026-10-08T00:02:00+00:00,2026-10-08T00:03:21.483175+00:00,f83481c5-0de8-11e7-991c-3863bb43a7d0,42,4,0,0,26,0,1,1,1,1791417580
2026-10-08T00:02:00+00:00,2026-10-08T00:03:21.483175+00:00,5f8ced09-665c-41e5-b67e-1e58fac21830,521,1,1,0,10,0,1,1,1,1791417586
2026-10-08T00:02:00+00:00,2026-10-08T00:03:21.483175+00:00,f834ec42-0de8-11e7-991c-3863bb43a7d0,131,14,0,1,3,0,1,1,1,1791417590
2026-10-08T00:02:00+00:00,2026-10-08T00:03:21.483175+00:00,9cc65d3d-cfcc-45ff-8f75-7264556b1cf9,9cc65d3d-cfcc-45ff-8f75-7264556b1cf9,11,2,0,9,0,1,1,1,1791417671
2026-10-08T00:02:00+00:00,2026-10-08T00:03:21.483175+00:00,93381e13-cd04-4e10-ac81-9f5926aa01d5,333,9,2,2,14,0,1,1,1,1791417671
2026-10-08T00:02:00+00:00,2026-10-08T00:03:21.483175+00:00,c202f2ca-ec1d-4dc5-a734-e0a342f23ba4,279,21,5,1,1,0,1,1,1,1791417671
2026-10-08T00:02:00+00:00,2026-10-08T00:03:21.483175+00:00,f83529e2-0de8-11e7-991c-3863bb43a7d0,211,9,1,1,5,0,1,1,1,1791417670
2026-10-08T00:02:00+00:00,2026-10-08T00:03:21.483175+00:00,7feae3ce-ddf2-4a45-a123-1209c8a9182b,484,2,0,0,9,0,1,1,1,1791417671
2026-10-08T00:02:00+00:00,2026-10-08T00:03:21.483175+00:00,f834b99d-0de8-11e7-991c-3863bb43a7d0,107,1,0,1,17,0,1,1,1,1791417669
2026-10-08T00:02:00+00:00,2026-10-08T00:03:21.483175+00:00,f834ba08-0de8-11e7-991c-3863bb43a7d0,108,1,0,0,15,0,1,1,1,1791417669
2026-10-08T00:02:00+00:00,2026-10-08T00:03:21.483175+00:00,2035660824473983142,2035660824473983142,7,0,0,11,1,1,1,1,1791417668
2026-10-08T00:02:00+00:00,2026-10-08T00:03:21.483175+00:00,f0f01d4c-ba4a-4ab2-9cc0-9fa1f9223300,394,4,1,0,10,0,1,1,1,1791417667
2026-10-08T00:02:00+00:00,2026-10-08T00:03:21.483175+00:00,9f582e05-15e0-4a39-aef5-c719e0c78e26,466,2,1,2,7,0,1,1,1,1791417672
2026-10-08T00:02:00+00:00,2026-10-08T00:03:21.483175+00:00,2123672938202825324,2123672938202825324,9,0,0,6,0,1,1,1,1791417673
2026-10-08T00:02:00+00:00,2026-10-08T00:03:21.483175+00:00,81676204-e42f-4d3d-991e-9c1264f36229,357,15,1,0,0,0,1,1,1,1791417674
2026-10-08T00:02:00+00:00,2026-10-08T00:03:21.483175+00:00,f8347b1e-0de8-11e7-991c-3863bb43a7d0,30,0,0,0,15,0,1,1,1,1791417676
2026-10-08T00:02:00+00:00,2026-10-08T00:03:21.483175+00:00,2002248857751890568,2002248857751890568,10,6,1,0,0,1,1,1,1791417676
2026-10-08T00:02:00+00:00,2026-10-08T00:03:21.483175+00:00,74cb9bf6-bb53-4c70-88d2-67998b99628c,296,23,10,0,0,0,1,1,1,1791417676
2026-10-08T00:02:00+00:00,2026-10-08T00:03:21.483175+00:00,f834a3a0-0de8-11e7-991c-3863bb43a7d0,87,12,4,0,3,0,1,1,1,1791417676
2026-10-08T00:02:00+00:00,2026-10-08T00:03:21.483175+00:00,f834fc57-0de8-11e7-991c-3863bb43a7d0,140,15,3,0,2,0,1,1,1,1791417676
2026-10-08T00:02:00+00:00,2026-10-08T00:03:21.483175+00:00,f8350a84-0de8-11e7-991c-3863bb43a7d0,157,2,0,2,12,0,1,1,1,1791417578
2026-10-08T00:02:00+00:00,2026-10-08T00:03:21.483175+00:00,81bfc33b-30d8-4881-b261-712715a8b2bc,363,14,0,0,3,1,1,1,1,1791417596
2026-10-08T00:02:00+00:00,2026-10-08T00:03:21.483175+00:00,2220822464984366036,2220822464984366036,5,2,0,7,0,1,1,1,1791417597
2026-10-08T00:02:00+00:00,2026-10-08T00:03:21.483175+00:00,be18593a-9e4c-4a13-8bb2-a5bac3d9b2b3,547,11,3,0,7,0,1,1,1,1791417598
2026-10-08T00:02:00+00:00,2026-10-08T00:03:21.483175+00:00,1989983491501558234,1989983491501558234,1,0,0,10,0,1,1,1,1791417603
2026-10-08T00:02:00+00:00,2026-10-08T00:03:21.483175+00:00,f834ab92-0de8-11e7-991c-3863bb43a7d0,95,14,0,0,1,0,1,1,1,1791417601
2026-10-08T00:02:00+00:00,2026-10-08T00:03:21.483175+00:00,f834ea45-0de8-11e7-991c-3863bb43a7d0,130,7,2,1,7,0,1,1,1,1791417606
2026-10-08T00:02:00+00:00,2026-10-08T00:03:21.483175+00:00,2d32e355-faee-407b-9bb7-45d80ffb059a,2d32e355-faee-407b-9bb7-45d80ffb059a,0,0,0,19,0,1,1,1,1791417610
2026-10-08T00:02:00+00:00,2026-10-08T00:03:21.483175+00:00,53548ba4-ad0a-4d92-8e57-fd5c9f3ad102,399,3,0,0,12,0,1,1,1,1791417611
2026-10-08T00:02:00+00:00,2026-10-08T00:03:21.483175+00:00,f83480a9-0de8-11e7-991c-3863bb43a7d0,40,27,9,1,3,0,1,1,1,1791417608
2026-10-08T00:02:00+00:00,2026-10-08T00:03:21.483175+00:00,186accbb-6a08-4e1d-b267-9033c4443a56,401,10,1,0,5,0,1,1,1,1791417607
2026-10-08T00:02:00+00:00,2026-10-08T00:03:21.483175+00:00,c5017e67-cada-4549-a52e-0f13dddd289d,424,4,2,0,15,0,1,1,1,1791417607
2026-10-08T00:02:00+00:00,2026-10-08T00:03:21.483175+00:00,2129865213174084448,2129865213174084448,13,5,0,6,0,1,1,1,1791417616
2026-10-08T00:02:00+00:00,2026-10-08T00:03:21.483175+00:00,228b8017-e4da-4722-9223-b8279a14b8ad,448,4,4,0,6,0,1,1,1,1791417616
2026-10-08T00:02:00+00:00,2026-10-08T00:03:21.483175+00:00,a75d3da1-ce74-447f-8e80-52506a81aff3,a75d3da1-ce74-447f-8e80-52506a81aff3,5,3,0,6,0,1,1,1,1791417618
2026-10-08T00:02:00+00:00,2026-10-08T00:03:21.483175+00:00,f834caf2-0de8-11e7-991c-3863bb43a7d0,114,6,1,0,9,0,1,1,1,1791417618
2026-10-08T00:02:00+00:00,2026-10-08T00:03:21.483175+00:00,1676a6f7-c417-48d2-92e8-5ce21995efc3,374,0,0,0,18,0,1,1,1,1791417620
2026-10-08T00:02:00+00:00,2026-10-08T00:03:21.483175+00:00,13d4171b-6d93-490e-923f-f2a17d5c7613,13d4171b-6d93-490e-923f-f2a17d5c7613,3,1,0,8,0,1,1,1,1791417621
2026-10-08T00:02:00+00:00,2026-10-08T00:03:21.483175+00:00,f8351eb0-0de8-11e7-991c-3863bb43a7d0,190,33,5,0,4,0,1,1,1,1791417622
2026-10-08T00:02:00+00:00,2026-10-08T00:03:21.483175+00:00,eee3aab6-bd98-4d1f-8887-9c4e2adce482,eee3aab6-bd98-4d1f-8887-9c4e2adce482,10,4,1,0,0,1,1,1,1791417623
2026-10-08T00:02:00+00:00,2026-10-08T00:03:21.483175+00:00,4f25f6ef-236b-43b4-8a92-68a24db0504b,4f25f6ef-236b-43b4-8a92-68a24db0504b,12,5,0,2,0,1,1,1,1791417623
2026-10-08T00:02:00+00:00,2026-10-08T00:03:21.483175+00:00,2151136782588526782,2151136782588526782,4,1,0,7,0,1,1,1,1791417625
2026-10-08T00:02:00+00:00,2026-10-08T00:03:21.483175+00:00,2098360140389493528,2098360140389493528,6,5,3,2,0,1,1,1,1791417626
2026-10-08T00:02:00+00:00,2026-10-08T00:03:21.483175+00:00,f83520d8-0de8-11e7-991c-3863bb43a7d0,195,5,0,0,18,0,1,1,1,1791417627
2026-10-08T00:02:00+00:00,2026-10-08T00:03:21.483175+00:00,065e0e5d-8a0d-49b7-9c1f-c8eaba51a8b4,490,12,4,1,5,0,1,1,1,1791417627
2026-10-08T00:02:00+00:00,2026-10-08T00:03:21.483175+00:00,e32c0bb9-e85b-4764-b0fb-5c582cfd3a90,340,14,8,1,2,1,1,1,1,1791417631
2026-10-08T00:02:00+00:00,2026-10-08T00:03:21.483175+00:00,f83483f3-0de8-11e7-991c-3863bb43a7d0,46,2,0,1,36,0,1,1,1,1791417628
2026-10-08T00:02:00+00:00,2026-10-08T00:03:21.483175+00:00,2002579415401984808,2002579415401984808,6,2,0,5,0,1,1,1,1791417628
2026-10-08T00:02:00+00:00,2026-10-08T00:03:21.483175+00:00,f8352378-0de8-11e7-991c-3863bb43a7d0,200,7,0,0,12,0,1,1,1,1791417630
2026-10-08T00:02:00+00:00,2026-10-08T00:03:21.483175+00:00,403c0f6c-d01a-4171-a7be-3aa4dbb0d7d1,407,1,0,2,15,0,1,1,1,1791417628
2026-10-08T00:02:00+00:00,2026-10-08T00:03:21.483175+00:00,ad2fb6f2-921f-440c-83de-08be76e35c2a,468,2,0,1,11,0,1,1,1,1791417629
2026-10-08T00:02:00+00:00,2026-10-08T00:03:21.483175+00:00,bd1755dc-f26c-420e-85b3-fd025d0b5445,554,11,1,0,4,0,1,1,1,1791417622
2026-10-08T00:02:00+00:00,2026-10-08T00:03:21.483175+00:00,2271594282663217386,2271594282663217386,2,2,0,9,0,1,1,1,1791417634
2026-10-08T00:02:00+00:00,2026-10-08T00:03:21.483175+00:00,f834dc46-0de8-11e7-991c-3863bb43a7d0,122,13,2,0,2,0,1,1,1,1791417633
2026-10-08T00:02:00+00:00,2026-10-08T00:03:21.483175+00:00,f834658f-0de8-11e7-991c-3863bb43a7d0,4,19,0,0,0,0,1,1,1,1791417633
2026-10-08T00:02:00+00:00,2026-10-08T00:03:21.483175+00:00,f8351726-0de8-11e7-991c-3863bb43a7d0,185,0,0,1,14,0,1,1,1,1791417635
2026-10-08T00:02:00+00:00,2026-10-08T00:03:21.483175+00:00,a83f982f-a4f1-43e4-98e8-c8f4a0bb7290,452,13,1,1,1,0,1,1,1,1791417637
2026-10-08T00:02:00+00:00,2026-10-08T00:03:21.483175+00:00,1978882443666915710,1978882443666915710,5,0,0,12,1,1,1,1,1791417638
2026-10-08T00:02:00+00:00,2026-10-08T00:03:21.483175+00:00,a3bf0bfe-198b-4160-a2fb-cc7d10cfb4cf,a3bf0bfe-198b-4160-a2fb-cc7d10cfb4cf,18,6,0,1,0,1,1,1,1791417637
2026-10-08T00:02:00+00:00,2026-10-08T00:03:21.483175+00:00,f834a7d1-0de8-11e7-991c-3863bb43a7d0,91,1,1,1,17,0,1,1,1,1791417636
2026-10-08T00:02:00+00:00,2026-10-08T00:03:21.483175+00:00,4fe8e777-345b-4fc2-a684-dd874e8186d8,4fe8e777-345b-4fc2-a684-dd874e8186d8,7,4,1,7,0,1,1,1,1791417641
2026-10-08T00:02:00+00:00,2026-10-08T00:03:21.483175+00:00,f834fede-0de8-11e7-991c-3863bb43a7d0,144,6,0,0,13,0,1,1,1,1791417644
2026-10-08T00:02:00+00:00,2026-10-08T00:03:21.483175+00:00,2096125468116637776,2096125468116637776,15,0,0,0,0,1,1,1,1791417643
2026-10-08T00:02:00+00:00,2026-10-08T00:03:21.483175+00:00,2245672241002318634,2245672241002318634,8,0,1,9,0,1,1,1,1791417645
2026-10-08T00:02:00+00:00,2026-10-08T00:03:21.483175+00:00,2267959380696438832,2267959380696438832,7,0,0,4,0,1,1,1,1791417646
2026-10-08T00:02:00+00:00,2026-10-08T00:03:21.483175+00:00,9340e113-e0b2-48ac-b58a-8b6f001b0a94,486,4,1,0,7,0,1,1,1,1791417649
2026-10-08T00:02:00+00:00,2026-10-08T00:03:21.483175+00:00,f714390d-6874-43fa-a079-a07f83c79c7b,f714390d-6874-43fa-a079-a07f83c79c7b,7,1,0,4,0,1,1,1,1791417649
2026-10-08T00:02:00+00:00,2026-10-08T00:03:21.483175+00:00,c23a4c0d-7e43-4042-80e2-7c894d07763b,559,5,1,0,6,0,1,1,1,1791417650
2026-10-08T00:02:00+00:00,2026-10-08T00:03:21.483175+00:00,f8352068-0de8-11e7-991c-3863bb43a7d0,194,9,1,0,10,0,1,1,1,1791417651
2026-10-08T00:02:00+00:00,2026-10-08T00:03:21.483175+00:00,ca76adb6-4c84-4484-9ec3-b411b81ddbef,ca76adb6-4c84-4484-9ec3-b411b81ddbef,7,1,2,10,0,1,1,1,1791417646
2026-10-08T00:02:00+00:00,2026-10-08T00:03:21.483175+00:00,ed6c012e-6d6c-41e7-8e01-90749fd67575,546,8,7,0,8,0,1,1,1,1791417653
2026-10-08T00:02:00+00:00,2026-10-08T00:03:21.483175+00:00,f83512c9-0de8-11e7-991c-3863bb43a7d0,175,10,5,1,6,0,1,1,1,1791417656
2026-10-08T00:02:00+00:00,2026-10-08T00:03:21.483175+00:00,1a39ab83-f029-4134-aad4-35380b30bf2c,1a39ab83-f029-4134-aad4-35380b30bf2c,2,0,0,17,0,1,1,1,1791417652
2026-10-08T00:02:00+00:00,2026-10-08T00:03:21.483175+00:00,2104f242-2dde-4ec0-8197-4454b1021ac1,381,23,4,0,0,1,1,1,1,1791417656
2026-10-08T00:02:00+00:00,2026-10-08T00:03:21.483175+00:00,f835260c-0de8-11e7-991c-3863bb43a7d0,206,5,0,0,35,0,1,1,1,1791417657
2026-10-08T00:02:00+00:00,2026-10-08T00:03:21.483175+00:00,1942556871369959976,1942556871369959976,13,5,0,6,0,1,1,1,1791417660
2026-10-08T00:02:00+00:00,2026-10-08T00:03:21.483175+00:00,bd3d4824-7203-4edc-a314-cea2b413e886,319,9,1,0,17,1,1,1,1,1791417658
2026-10-08T00:02:00+00:00,2026-10-08T00:03:21.483175+00:00,7c860828-3359-4229-b59b-963f5a4bab00,236,8,0,3,1,0,1,1,1,1791417659
2026-10-08T00:02:00+00:00,2026-10-08T00:03:21.483175+00:00,aa556ad4-0092-4687-96c2-8dbc69addb56,485,2,1,2,7,0,1,1,1,1791417662
2026-10-08T00:02:00+00:00,2026-10-08T00:03:21.483175+00:00,2109111257926871498,2109111257926871498,12,0,0,7,0,1,1,1,1791417663
2026-10-08T00:02:00+00:00,2026-10-08T00:03:21.483175+00:00,47c44bb1-d065-41f5-ad79-c18aee60af34,342,4,1,0,11,0,1,1,1,1791417663
2026-10-08T00:02:00+00:00,2026-10-08T00:03:21.483175+00:00,f834a838-0de8-11e7-991c-3863bb43a7d0,92,15,0,0,3,0,1,1,1,1791417666
2026-10-08T00:02:00+00:00,2026-10-08T00:03:21.483175+00:00,f8351dc2-0de8-11e7-991c-3863bb43a7d0,188,9,2,0,6,0,1,1,1,1791417665
2026-10-08T00:02:00+00:00,2026-10-08T00:03:21.483175+00:00,f83489ff-0de8-11e7-991c-3863bb43a7d0,59,2,0,0,16,1,1,1,1,1791417665
2026-10-08T00:02:00+00:00,2026-10-08T00:03:21.483175+00:00,1921360868231155718,1921360868231155718,1,0,1,17,0,1,1,1,1791417666
2026-10-08T00:02:00+00:00,2026-10-08T00:03:21.483175+00:00,f835108b-0de8-11e7-991c-3863bb43a7d0,170,1,0,0,13,0,1,1,1,1791417667
2026-10-08T00:02:00+00:00,2026-10-08T00:03:21.483175+00:00,2076849845777355316,2076849845777355316,27,1,2,0,3,1,1,1,1791417666
2026-10-08T00:02:00+00:00,2026-10-08T00:03:21.483175+00:00,4c128753-6fde-4d4c-896e-a1adf89ada98,4c128753-6fde-4d4c-896e-a1adf89ada98,1,0,2,21,1,1,1,1,1791417676
2026-10-08T00:02:00+00:00,2026-10-08T00:03:21.483175+00:00,2225590560002383786,2225590560002383786,0,0,0,15,0,1,1,1,1791417676
2026-10-08T00:02:00+00:00,2026-10-08T00:03:21.483175+00:00,f834dedf-0de8-11e7-991c-3863bb43a7d0,124,6,3,1,7,0,1,1,1,1791417677
2026-10-08T00:02:00+00:00,2026-10-08T00:03:21.483175+00:00,f83515d8-0de8-11e7-991c-3863bb43a7d0,182,4,0,0,15,0,1,1,1,1791417680
2026-10-08T00:02:00+00:00,2026-10-08T00:03:21.483175+00:00,2212663228188806942,2212663228188806942,11,1,0,13,0,1,1,1,1791417680
2026-10-08T00:02:00+00:00,2026-10-08T00:03:21.483175+00:00,f8285d4f-5053-4e26-bb28-72016fe11353,405,13,0,1,5,0,1,1,1,1791417676
2026-10-08T00:02:00+00:00,2026-10-08T00:03:21.483175+00:00,f8349ed6-0de8-11e7-991c-3863bb43a7d0,82,16,4,1,8,0,1,1,1,1791417685
2026-10-08T00:02:00+00:00,2026-10-08T00:03:21.483175+00:00,c1789d39-705f-4c03-9c14-4d6a3a4f4400,561,5,0,0,14,0,1,1,1,1791417685
2026-10-08T00:02:00+00:00,2026-10-08T00:03:21.483175+00:00,fe534b6f-61ad-47d3-b9f6-cdaa128f53a4,395,4,0,2,9,0,1,1,1,1791417685
2026-10-08T00:02:00+00:00,2026-10-08T00:03:21.483175+00:00,f834f8ca-0de8-11e7-991c-3863bb43a7d0,137,18,11,0,1,0,1,1,1,1791417685
2026-10-08T00:02:00+00:00,2026-10-08T00:03:21.483175+00:00,2249419943962214726,2249419943962214726,5,0,0,14,0,1,1,1,1791417685
2026-10-08T00:02:00+00:00,2026-10-08T00:03:21.483175+00:00,f8351490-0de8-11e7-991c-3863bb43a7d0,179,16,0,3,33,1,1,1,1,1791417686
2026-10-08T00:02:00+00:00,2026-10-08T00:03:21.483175+00:00,00802fe6-4268-4dc8-8f55-0dbbc1665ce6,515,4,0,0,15,0,1,1,1,1791417687
2026-10-08T00:02:00+00:00,2026-10-08T00:03:21.483175+00:00,f83471a1-0de8-11e7-991c-3863bb43a7d0,23,2,0,0,22,1,1,1,1,1791417686
2026-10-08T00:02:00+00:00,2026-10-08T00:03:21.483175+00:00,2131760674371160748,2131760674371160748,5,0,1,14,0,1,1,1,1791417686
2026-10-08T00:02:00+00:00,2026-10-08T00:03:21.483175+00:00,9e9be067-c6bb-41de-9491-eda69d24d6de,371,9,5,0,9,1,1,1,1,1791417684
2026-10-08T00:02:00+00:00,2026-10-08T00:03:21.483175+00:00,2093488029445054742,2093488029445054742,1,0,0,27,0,1,1,1,1791417684
2026-10-08T00:02:00+00:00,2026-10-08T00:03:21.483175+00:00,0daf7408-7a15-4d2b-8c39-f1a097cdbe85,403,15,3,0,0,0,1,1,1,1791417684
2026-10-08T00:02:00+00:00,2026-10-08T00:03:21.483175+00:00,2130224177726511580,2130224177726511580,7,0,0,8,0,1,1,1,1791417682
2026-10-08T00:02:00+00:00,2026-10-08T00:03:21.483175+00:00,2040842277416872172,2040842277416872172,2,0,0,14,0,1,1,1,1791417682
2026-10-08T00:02:00+00:00,2026-10-08T00:03:21.483175+00:00,12d463d2-ce50-43bd-81b1-6be4dbdbbc1b,430,13,4,0,6,0,1,1,1,1791417682
2026-10-08T00:02:00+00:00,2026-10-08T00:03:21.483175+00:00,2118368356250680236,2118368356250680236,0,0,0,16,0,1,1,1,1791417683
2026-10-08T00:02:00+00:00,2026-10-08T00:03:21.483175+00:00,52485851-e554-49de-ab9f-f536806d2d34,52485851-e554-49de-ab9f-f536806d2d34,4,4,1,5,0,1,1,1,1791417690
2026-10-08T00:02:00+00:00,2026-10-08T00:03:21.483175+00:00,f8352ac4-0de8-11e7-991c-3863bb43a7d0,213,5,0,3,6,0,1,1,1,1791417690
2026-10-08T00:02:00+00:00,2026-10-08T00:03:21.483175+00:00,2071630998981871920,2071630998981871920,11,3,1,8,0,1,1,1,1791417690
2026-10-08T00:02:00+00:00,2026-10-08T00:03:21.483175+00:00,2038981933682610536,2038981933682610536,10,3,0,6,0,1,1,1,1791417691
2026-10-08T00:02:00+00:00,2026-10-08T00:03:21.483175+00:00,f834824e-0de8-11e7-991c-3863bb43a7d0,43,1,0,1,13,0,1,1,1,1791417693
2026-10-08T00:02:00+00:00,2026-10-08T00:03:21.483175+00:00,f8350204-0de8-11e7-991c-3863bb43a7d0,151,0,0,0,19,0,1,1,1,1791417690
2026-10-08T00:02:00+00:00,2026-10-08T00:03:21.483175+00:00,5bbdd12f-fec4-4741-9d5d-4a60834c5d02,377,5,2,0,14,0,1,1,1,1791417692
2026-10-08T00:02:00+00:00,2026-10-08T00:03:21.483175+00:00,e2c306f6-82c7-4d0d-89fd-c9452d2f9ad1,361,18,3,3,22,0,1,1,1,1791417690
2026-10-08T00:02:00+00:00,2026-10-08T00:03:21.483175+00:00,f8346f6f-0de8-11e7-991c-3863bb43a7d0,19,6,1,1,7,0,1,1,1,1791417695
2026-10-08T00:02:00+00:00,2026-10-08T00:03:21.483175+00:00,1976642295079838524,1976642295079838524,8,0,1,2,0,1,1,1,1791417695
2026-10-08T00:02:00+00:00,2026-10-08T00:03:21.483175+00:00,2254164250455119196,2254164250455119196,6,6,0,9,0,1,1,1,1791417695
2026-10-08T00:02:00+00:00,2026-10-08T00:03:21.483175+00:00,9c8366d8-3b58-4894-b281-09e22f6fe5f7,464,11,4,0,0,0,1,1,1,1791417693
2026-10-08T00:02:00+00:00,2026-10-08T00:03:21.483175+00:00,7df1ee28-441e-44c1-8507-8f58946be96b,239,5,0,0,10,0,1,1,1,1791417693
2026-10-08T00:02:00+00:00,2026-10-08T00:03:21.483175+00:00,0b0467c1-0c90-4529-a556-fe4d57835bbb,435,13,11,0,1,1,1,1,1,1791417697
2026-10-08T00:02:00+00:00,2026-10-08T00:03:21.483175+00:00,d1c0b0c2-6e4c-424e-a946-a2a95a711633,422,4,0,0,11,0,1,1,1,1791417696
2026-10-08T00:02:00+00:00,2026-10-08T00:03:21.483175+00:00,42886366-9cbf-432c-ba84-beef38877c87,408,12,2,1,2,0,1,1,1,1791417695
2026-10-08T00:02:00+00:00,2026-10-08T00:03:21.483175+00:00,f8348a68-0de8-11e7-991c-3863bb43a7d0,60,1,0,0,16,0,1,1,1,1791417695
2026-10-08T00:02:00+00:00,2026-10-08T00:03:21.483175+00:00,fe6a64e7-c712-404c-85ae-ee77a37245b1,355,6,1,1,10,0,1,1,1,1791417692
2026-10-08T00:02:00+00:00,2026-10-08T00:03:21.483175+00:00,eb8824c3-9c84-4fec-8d6f-d537c8ab3beb,349,13,10,0,3,1,1,1,1,1791417698
2026-10-08T00:02:00+00:00,2026-10-08T00:03:21.483175+00:00,2007420398783036020,2007420398783036020,7,0,0,13,0,1,1,1,1791417698
2026-10-08T00:02:00+00:00,2026-10-08T00:03:21.483175+00:00,2212258635631104970,2212258635631104970,3,1,0,20,0,1,1,1,1791417698
2026-10-08T00:02:00+00:00,2026-10-08T00:03:21.483175+00:00,f8349e56-0de8-11e7-991c-3863bb43a7d0,81,3,0,0,16,0,1,1,1,1791417699
2026-10-08T00:02:00+00:00,2026-10-08T00:03:21.483175+00:00,1df03e33-c105-4e53-b013-d20056cd57f8,1df03e33-c105-4e53-b013-d20056cd57f8,0,0,0,0,0,0,0,0,86400
2026-10-08T00:02:00+00:00,2026-10-08T00:03:21.483175+00:00,7560f0e3-267b-4fb3-bbfa-6e02010cfcb7,225,13,1,0,6,0,1,1,1,1791417577
2026-10-08T00:02:00+00:00,2026-10-08T00:03:21.483175+00:00,d22265a8-a6d7-4922-a6b5-4be738a9e5c4,392,5,2,0,10,0,1,1,1,1791417580
2026-10-08T00:02:00+00:00,2026-10-08T00:03:21.483175+00:00,61168d8b-20b7-46c8-8f08-6ae1f100c4e0,550,2,1,0,15,0,1,1,1,1791417584
2026-10-08T00:02:00+00:00,2026-10-08T00:03:21.483175+00:00,f8349440-0de8-11e7-991c-3863bb43a7d0,68,0,0,1,17,0,1,1,1,1791417587
2026-10-08T00:02:00+00:00,2026-10-08T00:03:21.483175+00:00,f834723b-0de8-11e7-991c-3863bb43a7d0,24,1,0,1,21,0,1,1,1,1791417586
2026-10-08T00:02:00+00:00,2026-10-08T00:03:21.483175+00:00,2118728866631796788,2118728866631796788,4,0,0,11,0,1,1,1,1791417584
2026-10-08T00:02:00+00:00,2026-10-08T00:03:21.483175+00:00,2249415127458891992,2249415127458891992,13,0,0,2,0,1,1,1,1791417589
2026-10-08T00:02:00+00:00,2026-10-08T00:03:21.483175+00:00,51bb4381-dae4-4aeb-b213-0614b807be29,344,1,1,0,18,0,1,1,1,1791417591
2026-10-08T00:02:00+00:00,2026-10-08T00:03:21.483175+00:00,2141791438824588162,2141791438824588162,10,0,0,9,0,1,1,1,1791417593
2026-10-08T00:02:00+00:00,2026-10-08T00:03:21.483175+00:00,2119105928286481344,2119105928286481344,7,1,0,12,0,1,1,1,1791417606
2026-10-08T00:02:00+00:00,2026-10-08T00:03:21.483175+00:00,ccf82572-a142-4378-9a4b-5a51fcb4ef81,350,5,1,0,12,0,1,1,1,1791417607
2026-10-08T00:02:00+00:00,2026-10-08T00:03:21.483175+00:00,2080205593583047424,2080205593583047424,12,0,0,4,0,1,1,1,1791417608
2026-10-08T00:02:00+00:00,2026-10-08T00:03:21.483175+00:00,2027502297316997708,2027502297316997708,10,3,0,1,0,1,1,1,1791417605
2026-10-08T00:02:00+00:00,2026-10-08T00:03:21.483175+00:00,270ad97d-035d-472a-9827-76d3187afc56,402,15,4,0,0,0,1,1,1,1791417606
2026-10-08T00:02:00+00:00,2026-10-08T00:03:21.483175+00:00,f8350ecf-0de8-11e7-991c-3863bb43a7d0,167,10,5,0,5,0,1,1,1,1791417607
2026-10-08T00:02:00+00:00,2026-10-08T00:03:21.483175+00:00,f8347f09-0de8-11e7-991c-3863bb43a7d0,37,2,0,0,13,0,1,1,1,1791417598
2026-10-08T00:02:00+00:00,2026-10-08T00:03:21.483175+00:00,d5349097-b478-4b3f-9c46-d8fbcf38e3f4,509,9,2,0,3,0,1,1,1,1791417596
2026-10-08T00:02:00+00:00,2026-10-08T00:03:21.483175+00:00,f834c7a9-0de8-11e7-991c-3863bb43a7d0,112,7,4,0,8,0,1,1,1,1791417597
2026-10-08T00:02:00+00:00,2026-10-08T00:03:21.483175+00:00,f834cfd8-0de8-11e7-991c-3863bb43a7d0,117,0,0,4,11,1,1,1,1,1791417599
2026-10-08T00:02:00+00:00,2026-10-08T00:03:21.483175+00:00,1994466222105870452,1994466222105870452,7,4,2,2,0,1,1,1,1791417597
2026-10-08T00:02:00+00:00,2026-10-08T00:03:21.483175+00:00,56817d8e-3a1c-431a-a529-1a600f80c364,366,12,1,0,15,0,1,1,1,1791417591
2026-10-08T00:02:00+00:00,2026-10-08T00:03:21.483175+00:00,f834a8a0-0de8-11e7-991c-3863bb43a7d0,93,12,1,1,18,0,1,1,1,1791417611
2026-10-08T00:02:00+00:00,2026-10-08T00:03:21.483175+00:00,68e5e79a-3c94-4848-b619-9c0829d7f687,475,14,2,1,0,0,1,1,1,1791417611
2026-10-08T00:02:00+00:00,2026-10-08T00:03:21.483175+00:00,48abed77-c9ba-4a39-8a5c-6a1e9bb8a9a5,48abed77-c9ba-4a39-8a5c-6a1e9bb8a9a5,13,3,1,2,0,1,1,1,1791417613
2026-10-08T00:02:00+00:00,2026-10-08T00:03:21.483175+00:00,f8348622-0de8-11e7-991c-3863bb43a7d0,50,3,0,0,16,0,1,1,1,1791417628
2026-10-08T00:02:00+00:00,2026-10-08T00:03:21.483175+00:00,9721c80e-fc8f-474f-8918-b68c041d2836,9721c80e-fc8f-474f-8918-b68c041d2836,6,0,2,15,0,1,1,1,1791417629
2026-10-08T00:02:00+00:00,2026-10-08T00:03:21.483175+00:00,2227858849424910006,2227858849424910006,7,0,0,1,0,1,1,1,1791417547
2026-10-08T00:02:00+00:00,2026-10-08T00:03:21.483175+00:00,f83511d4-0de8-11e7-991c-3863bb43a7d0,173,8,0,0,5,1,1,1,1,1791417640
2026-10-08T00:02:00+00:00,2026-10-08T00:03:21.483175+00:00,5b1d2661-8a93-4f14-b242-ebc52792f951,337,15,2,0,0,0,1,1,1,1791417666
2026-10-08T00:02:00+00:00,2026-10-08T00:03:21.483175+00:00,2145094035874873892,2145094035874873892,3,0,2,14,0,1,1,1,1791417668
2026-10-08T00:02:00+00:00,2026-10-08T00:03:21.483175+00:00,f8352219-0de8-11e7-991c-3863bb43a7d0,197,6,3,1,8,0,1,1,1,1791417669
2026-10-08T00:02:00+00:00,2026-10-08T00:03:21.483175+00:00,2014865445230483952,2014865445230483952,8,2,0,9,0,1,1,1,1791417669
2026-10-08T00:02:00+00:00,2026-10-08T00:03:21.483175+00:00,fbc512a5-4b98-4821-bcfb-bb0c7ac83543,365,0,0,0,19,0,1,1,1,1791417670
2026-10-08T00:02:00+00:00,2026-10-08T00:03:21.483175+00:00,f8346d23-0de8-11e7-991c-3863bb43a7d0,15,6,1,0,9,0,1,1,1,1791417667
2026-10-08T00:02:00+00:00,2026-10-08T00:03:21.483175+00:00,1991922092203192944,1991922092203192944,2,0,1,16,0,1,1,1,1791417670
2026-10-08T00:02:00+00:00,2026-10-08T00:03:21.483175+00:00,ad2cf74c-0e8c-4e15-8f19-2259e8c82f0f,404,11,1,0,5,0,1,1,1,1791417670
2026-10-08T00:02:00+00:00,2026-10-08T00:03:21.483175+00:00,7f68a70d-af0e-450a-b7a8-ce621cd0c8c1,280,14,5,0,5,0,1,1,1,1791417603
2026-10-08T00:02:00+00:00,2026-10-08T00:03:21.483175+00:00,f834a959-0de8-11e7-991c-3863bb43a7d0,94,5,4,0,5,0,1,1,1,1791417620
2026-10-08T00:02:00+00:00,2026-10-08T00:03:21.483175+00:00,25a9114f-66f0-427c-920f-5526ca84f056,346,5,2,0,10,0,1,1,1,1791417620
2026-10-08T00:02:00+00:00,2026-10-08T00:03:21.483175+00:00,57716f8d-c9ee-4768-8872-71343ec3ffd8,514,6,2,2,11,0,1,1,1,1791417622
2026-10-08T00:02:00+00:00,2026-10-08T00:03:21.483175+00:00,2090158541932726550,2090158541932726550,6,1,1,8,0,1,1,1,1791417623
2026-10-08T00:02:00+00:00,2026-10-08T00:03:21.483175+00:00,23146f28-9762-4a6d-a6db-fcd4ff0e5d07,356,14,1,0,9,0,1,1,1,1791417622
2026-10-08T00:02:00+00:00,2026-10-08T00:03:21.483175+00:00,f83488be-0de8-11e7-991c-3863bb43a7d0,56,3,2,2,13,0,1,1,1,1791417623
2026-10-08T00:02:00+00:00,2026-10-08T00:03:21.483175+00:00,b34694c2-c640-4f70-b196-1c357ab798e0,b34694c2-c640-4f70-b196-1c357ab798e0,12,4,0,3,0,1,1,1,1791417624
2026-10-08T00:02:00+00:00,2026-10-08T00:03:21.483175+00:00,d8ce5f8b-2440-45e1-ab1c-23cb3bcbde84,527,5,2,0,8,0,1,1,1,1791417636
2026-10-08T00:02:00+00:00,2026-10-08T00:03:21.483175+00:00,fe90d430-d33f-48b2-a5cd-bc161b220939,553,0,0,0,23,0,1,1,1,1791417637
2026-10-08T00:02:00+00:00,2026-10-08T00:03:21.483175+00:00,36f36eed-1070-49be-8b31-5676b8b3489f,227,7,0,0,12,0,1,1,1,1791417638
2026-10-08T00:02:00+00:00,2026-10-08T00:03:21.483175+00:00,2270212773802111256,2270212773802111256,13,3,1,5,0,1,1,1,1791417639
2026-10-08T00:02:00+00:00,2026-10-08T00:03:21.483175+00:00,f834f6a3-0de8-11e7-991c-3863bb43a7d0,135,0,0,0,17,0,1,1,1,1791417639
2026-10-08T00:02:00+00:00,2026-10-08T00:03:21.483175+00:00,f834b8b3-0de8-11e7-991c-3863bb43a7d0,105,17,4,0,1,0,1,1,1,1791417639
2026-10-08T00:02:00+00:00,2026-10-08T00:03:21.483175+00:00,295553ea-851b-4ac2-a094-f9d1208e399a,412,9,0,0,10,0,1,1,1,1791417642
2026-10-08T00:02:00+00:00,2026-10-08T00:03:21.483175+00:00,b6a8522d-296d-4c05-887d-842374520780,545,10,10,0,3,1,1,1,1,1791417644
2026-10-08T00:02:00+00:00,2026-10-08T00:03:21.483175+00:00,f83491d4-0de8-11e7-991c-3863bb43a7d0,64,1,1,1,21,0,1,1,1,1791417644
2026-10-08T00:02:00+00:00,2026-10-08T00:03:21.483175+00:00,2270454512964591136,2270454512964591136,1,0,0,18,0,1,1,1,1791417643
2026-10-08T00:02:00+00:00,2026-10-08T00:03:21.483175+00:00,f8351f1d-0de8-11e7-991c-3863bb43a7d0,191,5,0,0,10,0,1,1,1,1791417647
2026-10-08T00:02:00+00:00,2026-10-08T00:03:21.483175+00:00,940638c5-7cd0-4a11-899e-86af3868d400,532,6,0,0,12,0,1,1,1,1791417643
2026-10-08T00:02:00+00:00,2026-10-08T00:03:21.483175+00:00,df03c61a-29d7-445d-9980-d7f058916591,345,2,0,0,17,0,1,1,1,1791417643
2026-10-08T00:02:00+00:00,2026-10-08T00:03:21.483175+00:00,d7507124-4cab-4063-8445-a59a33a3d6e4,512,7,2,1,11,0,1,1,1,1791417646
2026-10-08T00:02:00+00:00,2026-10-08T00:03:21.483175+00:00,2069389896750516900,2069389896750516900,15,0,1,4,0,1,1,1,1791417652
2026-10-08T00:02:00+00:00,2026-10-08T00:03:21.483175+00:00,f8352534-0de8-11e7-991c-3863bb43a7d0,204,3,3,2,10,0,1,1,1,1791417652
2026-10-08T00:02:00+00:00,2026-10-08T00:03:21.483175+00:00,1965873511294959658,1965873511294959658,2,0,0,21,0,1,1,1,1791417650
2026-10-08T00:02:00+00:00,2026-10-08T00:03:21.483175+00:00,f8346b6f-0de8-11e7-991c-3863bb43a7d0,12,3,0,0,24,0,1,1,1,1791417657
2026-10-08T00:02:00+00:00,2026-10-08T00:03:21.483175+00:00,903b9b5d-4244-43e4-8441-0d17f9a994f7,528,1,1,0,10,0,1,1,1,1791417654
2026-10-08T00:02:00+00:00,2026-10-08T00:03:21.483175+00:00,888780ee-bf2f-474e-9622-6bc725aa1b00,888780ee-bf2f-474e-9622-6bc725aa1b00,5,0,0,6,0,1,1,1,1791417657
2026-10-08T00:02:00+00:00,2026-10-08T00:03:21.483175+00:00,8d893519-bc21-4536-b346-f558988bc8ad,260,10,1,0,5,0,1,1,1,1791417656
2026-10-08T00:02:00+00:00,2026-10-08T00:03:21.483175+00:00,f8349b20-0de8-11e7-991c-3863bb43a7d0,76,13,6,0,4,0,1,1,1,1791417658
2026-10-08T00:02:00+00:00,2026-10-08T00:03:21.483175+00:00,c5cfd1ed-aa44-4e20-96bb-e334c96f0d68,376,8,0,0,7,0,1,1,1,1791417658
2026-10-08T00:02:00+00:00,2026-10-08T00:03:21.483175+00:00,f834e534-0de8-11e7-991c-3863bb43a7d0,128,2,2,0,17,0,1,1,1,1791417659
2026-10-08T00:02:00+00:00,2026-10-08T00:03:21.483175+00:00,f83517fa-0de8-11e7-991c-3863bb43a7d0,187,7,3,0,8,0,1,1,1,1791417660
2026-10-08T00:02:00+00:00,2026-10-08T00:03:21.483175+00:00,f83482d2-0de8-11e7-991c-3863bb43a7d0,44,1,0,0,30,0,1,1,1,1791417663
2026-10-08T00:02:00+00:00,2026-10-08T00:03:21.483175+00:00,2259733531216984776,2259733531216984776,4,2,0,10,0,1,1,1,1791417663
2026-10-08T00:02:00+00:00,2026-10-08T00:03:21.483175+00:00,8b97606e-a849-4db8-ae9b-4009fe48d90b,556,8,1,0,11,0,1,1,1,1791417663
2026-10-08T00:02:00+00:00,2026-10-08T00:03:21.483175+00:00,f9524971-e9f9-4572-aebc-580e48de042f,f9524971-e9f9-4572-aebc-580e48de042f,15,3,0,4,0,1,1,1,1791417663
2026-10-08T00:02:00+00:00,2026-10-08T00:03:21.483175+00:00,ea65c25f-0718-4f79-8588-c58b9fe3a105,226,14,6,0,0,1,1,1,1,1791417663
2026-10-08T00:02:00+00:00,2026-10-08T00:03:21.483175+00:00,cf5f920f-b61d-4db0-b139-14aff04d577c,459,21,3,0,2,0,1,1,1,1791417675
2026-10-08T00:02:00+00:00,2026-10-08T00:03:21.483175+00:00,f8350b76-0de8-11e7-991c-3863bb43a7d0,159,2,2,2,15,1,1,1,1,1791417673
2026-10-08T00:02:00+00:00,2026-10-08T00:03:21.483175+00:00,f834b101-0de8-11e7-991c-3863bb43a7d0,97,9,0,1,8,1,1,1,1,1791417677
2026-10-08T00:02:00+00:00,2026-10-08T00:03:21.483175+00:00,f8347e78-0de8-11e7-991c-3863bb43a7d0,36,13,0,3,15,0,1,1,1,1791417675
2026-10-08T00:02:00+00:00,2026-10-08T00:03:21.483175+00:00,f8346803-0de8-11e7-991c-3863bb43a7d0,8,11,3,0,8,0,1,1,1,1791417673
2026-10-08T00:02:00+00:00,2026-10-08T00:03:21.483175+00:00,81323081-749c-44cf-ac62-0e6c64305c32,461,11,1,0,0,0,1,1,1,1791417673
2026-10-08T00:02:00+00:00,2026-10-08T00:03:21.483175+00:00,1963613484180639992,1963613484180639992,17,2,0,2,0,1,1,1,1791417671
2026-10-08T00:02:00+00:00,2026-10-08T00:03:21.483175+00:00,aa964f5b-fadf-4fc1-8c91-84ee36e15f0d,341,15,0,0,0,0,1,1,1,1791417678
2026-10-08T00:02:00+00:00,2026-10-08T00:03:21.483175+00:00,f834662c-0de8-11e7-991c-3863bb43a7d0,5,11,0,0,4,0,1,1,1,1791417679
2026-10-08T00:02:00+00:00,2026-10-08T00:03:21.483175+00:00,1e1b40cd-8e00-4b74-b147-be6b23f5c9e7,385,2,0,0,13,0,1,1,1,1791417679
2026-10-08T00:02:00+00:00,2026-10-08T00:03:21.483175+00:00,2088704000370565344,2088704000370565344,3,0,2,7,0,1,1,1,1791417679
2026-10-08T00:02:00+00:00,2026-10-08T00:03:21.483175+00:00,0208190e-851c-417d-8bc7-1b218db97fbf,0208190e-851c-417d-8bc7-1b218db97fbf,0,0,0,23,0,1,1,1,1791417682
2026-10-08T00:02:00+00:00,2026-10-08T00:03:21.483175+00:00,ef6ef93b-488f-496b-afbf-3aedfd967129,517,4,2,0,11,0,1,1,1,1791417683
2026-10-08T00:02:00+00:00,2026-10-08T00:03:21.483175+00:00,8a404180-7c2e-4dbe-9489-c478ed959282,8a404180-7c2e-4dbe-9489-c478ed959282,0,0,2,17,0,1,1,1,1791417677
2026-10-08T00:02:00+00:00,2026-10-08T00:03:21.483175+00:00,f83492b4-0de8-11e7-991c-3863bb43a7d0,66,13,3,1,1,0,1,1,1,1791417678
2026-10-08T00:02:00+00:00,2026-10-08T00:03:21.483175+00:00,2085737662370069102,2085737662370069102,17,5,0,1,1,1,1,1,1791417604
2026-10-08T00:02:00+00:00,2026-10-08T00:03:21.483175+00:00,1a661bb7-7d14-49e9-ac3d-22bafec8a2f0,507,6,2,1,4,0,1,1,1,1791417680
2026-10-08T00:02:00+00:00,2026-10-08T00:03:21.483175+00:00,2110984374959099994,2110984374959099994,6,1,0,14,0,1,1,1,1791417680
2026-10-08T00:02:00+00:00,2026-10-08T00:03:21.483175+00:00,b205d2bb-bb76-49ac-8d14-85eec5a874d3,343,8,2,1,6,0,1,1,1,1791417681
2026-10-08T00:02:00+00:00,2026-10-08T00:03:21.483175+00:00,f835288a-0de8-11e7-991c-3863bb43a7d0,208,15,1,0,0,0,1,1,1,1791417686
2026-10-08T00:02:00+00:00,2026-10-08T00:03:21.483175+00:00,f83497b9-0de8-11e7-991c-3863bb43a7d0,74,0,0,0,19,0,1,1,1,1791417686
2026-10-08T00:02:00+00:00,2026-10-08T00:03:21.483175+00:00,f8346ad7-0de8-11e7-991c-3863bb43a7d0,11,0,0,0,15,0,1,1,1,1791417686
2026-10-08T00:02:00+00:00,2026-10-08T00:03:21.483175+00:00,2090635592862466836,2090635592862466836,0,0,2,28,1,1,1,1,1791417687
2026-10-08T00:02:00+00:00,2026-10-08T00:03:21.483175+00:00,f834708e-0de8-11e7-991c-3863bb43a7d0,21,0,0,1,17,0,1,1,1,1791417685
2026-10-08T00:02:00+00:00,2026-10-08T00:03:21.483175+00:00,e4678b17-face-42c3-9b5f-98418d31e3b6,e4678b17-face-42c3-9b5f-98418d31e3b6,10,2,0,1,0,1,1,1,1791417686
2026-10-08T00:02:00+00:00,2026-10-08T00:03:21.483175+00:00,f2b83aa2-86cd-4904-a099-74bf2023f768,330,14,1,0,1,0,1,1,1,1791417684
2026-10-08T00:02:00+00:00,2026-10-08T00:03:21.483175+00:00,90330e1a-dee5-4914-9d3f-3891aeca12ca,434,11,2,1,7,0,1,1,1,1791417685
2026-10-08T00:02:00+00:00,2026-10-08T00:03:21.483175+00:00,9bfa4a32-5598-46ea-a1a1-17b4c6ed9d84,431,10,2,0,5,0,1,1,1,1791417685
2026-10-08T00:02:00+00:00,2026-10-08T00:03:21.483175+00:00,7e1dae55-4d3d-4a41-b969-2aeca70e0e69,7e1dae55-4d3d-4a41-b969-2aeca70e0e69,0,0,1,10,0,1,1,1,1791417683
2026-10-08T00:02:00+00:00,2026-10-08T00:03:21.483175+00:00,2040842870122359032,2040842870122359032,0,0,0,20,0,1,1,1,1791417683
2026-10-08T00:02:00+00:00,2026-10-08T00:03:21.483175+00:00,1986302395589722758,1986302395589722758,6,0,0,4,0,1,1,1,1791417687
2026-10-08T00:02:00+00:00,2026-10-08T00:03:21.483175+00:00,f8352b39-0de8-11e7-991c-3863bb43a7d0,214,4,1,1,8,1,1,1,1,1791417689
2026-10-08T00:02:00+00:00,2026-10-08T00:03:21.483175+00:00,1994054629753598708,1994054629753598708,12,3,0,2,0,1,1,1,1791417691
2026-10-08T00:02:00+00:00,2026-10-08T00:03:21.483175+00:00,6aebc664-1e3c-479f-8f65-2bae99215ed3,6aebc664-1e3c-479f-8f65-2bae99215ed3,6,4,0,5,0,1,1,1,1791417692
2026-10-08T00:02:00+00:00,2026-10-08T00:03:21.483175+00:00,f8352ba8-0de8-11e7-991c-3863bb43a7d0,215,1,0,0,14,0,1,1,1,1791417692
2026-10-08T00:02:00+00:00,2026-10-08T00:03:21.483175+00:00,2246034666940677832,2246034666940677832,5,0,0,6,0,1,1,1,1791417689
2026-10-08T00:02:00+00:00,2026-10-08T00:03:21.483175+00:00,f8350cc1-0de8-11e7-991c-3863bb43a7d0,162,0,0,0,15,0,1,1,1,1791417692
2026-10-08T00:02:00+00:00,2026-10-08T00:03:21.483175+00:00,baab0b05-a028-4147-8432-a2726c7e48ea,328,0,0,10,0,0,1,0,0,1791417691
2026-10-08T00:02:00+00:00,2026-10-08T00:03:21.483175+00:00,2039109354743046934,2039109354743046934,8,0,2,9,1,1,1,1,1791417689
2026-10-08T00:02:00+00:00,2026-10-08T00:03:21.483175+00:00,dede6d5f-7d62-496e-a8ca-d5a64afe39c1,544,15,6,0,0,0,1,1,1,1791417689
2026-10-08T00:02:00+00:00,2026-10-08T00:03:21.483175+00:00,2085366936904166272,2085366936904166272,8,0,2,5,0,1,1,1,1791417694
2026-10-08T00:02:00+00:00,2026-10-08T00:03:21.483175+00:00,868ccc83-99e5-4faf-96eb-e1fae26b9741,481,3,1,0,16,0,1,1,1,1791417695
2026-10-08T00:02:00+00:00,2026-10-08T00:03:21.483175+00:00,f8347ccd-0de8-11e7-991c-3863bb43a7d0,33,10,0,0,17,0,1,1,1,1791417695
2026-10-08T00:02:00+00:00,2026-10-08T00:03:21.483175+00:00,8983c75a-12c1-4995-aedc-24c94bd895e3,384,0,0,0,19,0,1,1,1,1791417696
2026-10-08T00:02:00+00:00,2026-10-08T00:03:21.483175+00:00,99675a11-a92c-465c-bf5a-434b08ba5fc6,400,12,1,2,38,0,1,1,1,1791417696
2026-10-08T00:02:00+00:00,2026-10-08T00:03:21.483175+00:00,380de8b2-2728-4e4b-83f1-251bfbb5acf2,487,11,3,0,8,0,1,1,1,1791417696
2026-10-08T00:02:00+00:00,2026-10-08T00:03:21.483175+00:00,1cced911-b428-4cfd-81be-3a8f77ce7379,233,9,0,1,5,0,1,1,1,1791417697
2026-10-08T00:02:00+00:00,2026-10-08T00:03:21.483175+00:00,f83513a7-0de8-11e7-991c-3863bb43a7d0,177,7,1,0,12,0,1,1,1,1791417697
2026-10-08T00:02:00+00:00,2026-10-08T00:03:21.483175+00:00,f8347c41-0de8-11e7-991c-3863bb43a7d0,32,3,1,0,11,0,1,1,1,1791417697
2026-10-08T00:02:00+00:00,2026-10-08T00:03:21.483175+00:00,a6e0db4f-fc9b-42af-bfe0-36cc0259b717,446,2,1,1,13,0,1,1,1,1791417698
2026-10-08T00:02:00+00:00,2026-10-08T00:03:21.483175+00:00,f834abfd-0de8-11e7-991c-3863bb43a7d0,96,6,0,3,10,0,1,1,1,1791417699
2026-10-08T00:02:00+00:00,2026-10-08T00:03:21.483175+00:00,2087949096844032050,2087949096844032050,13,2,1,1,0,1,1,1,1791417699
2026-10-08T00:02:00+00:00,2026-10-08T00:03:21.483175+00:00,2043911250700610106,2043911250700610106,0,0,1,14,0,1,1,1,1791417698
2026-10-08T00:02:00+00:00,2026-10-08T00:03:21.483175+00:00,ff938129-8179-455c-9ac9-9fcb9fc0b6d5,ff938129-8179-455c-9ac9-9fcb9fc0b6d5,9,4,0,9,0,1,1,1,1791417698
2026-10-08T00:02:00+00:00,2026-10-08T00:03:21.483175+00:00,103a9881-e30a-4d57-b81d-863b995ff759,255,0,0,0,0,0,0,0,0,86400
2026-10-08T00:02:00+00:00,2026-10-08T00:03:21.483175+00:00,f8348995-0de8-11e7-991c-3863bb43a7d0,58,16,0,1,2,0,1,1,1,1791417571
2026-10-08T00:02:00+00:00,2026-10-08T00:03:21.483175+00:00,f8346768-0de8-11e7-991c-3863bb43a7d0,7,6,0,0,9,0,1,1,1,1791417579
2026-10-08T00:02:00+00:00,2026-10-08T00:03:21.483175+00:00,9ca92778-9101-48df-90ea-08b784e26a1a,413,11,0,0,8,0,1,1,1,1791417586
2026-10-08T00:02:00+00:00,2026-10-08T00:03:21.483175+00:00,e68655be-23d3-46e5-a509-25be677e7542,482,6,0,0,5,0,1,1,1,1791417590
2026-10-08T00:02:00+00:00,2026-10-08T00:03:21.483175+00:00,5bc7cba9-f0b0-442d-932c-e8c7927d87ce,386,7,2,1,11,0,1,1,1,1791417590
2026-10-08T00:02:00+00:00,2026-10-08T00:03:21.483175+00:00,2ba0c5dd-c990-4434-8a84-5c3eca23f096,447,1,0,0,18,0,1,1,1,1791417585
2026-10-08T00:02:00+00:00,2026-10-08T00:03:21.483175+00:00,2217856523888952522,2217856523888952522,4,3,0,16,0,1,1,1,1791417580
2026-10-08T00:02:00+00:00,2026-10-08T00:03:21.483175+00:00,f83523e3-0de8-11e7-991c-3863bb43a7d0,201,0,0,0,15,0,1,1,1,1791417595
2026-10-08T00:02:00+00:00,2026-10-08T00:03:21.483175+00:00,f834b5d9-0de8-11e7-991c-3863bb43a7d0,103,11,2,0,4,0,1,1,1,1791417638
2026-10-08T00:02:00+00:00,2026-10-08T00:03:21.483175+00:00,f834fd36-0de8-11e7-991c-3863bb43a7d0,142,9,1,0,14,0,1,1,1,1791417637
2026-10-08T00:02:00+00:00,2026-10-08T00:03:21.483175+00:00,2241260819676115550,2241260819676115550,0,0,0,25,0,1,1,1,1791417635
2026-10-08T00:02:00+00:00,2026-10-08T00:03:21.483175+00:00,1944724820826878816,1944724820826878816,7,0,0,10,0,1,1,1,1791417638
2026-10-08T00:02:00+00:00,2026-10-08T00:03:21.483175+00:00,83183df0-38c2-4ae8-a0c4-4b59599c9582,222,5,0,0,9,0,1,1,1,1791417643
2026-10-08T00:02:00+00:00,2026-10-08T00:03:21.483175+00:00,342a2c60-71b0-4d19-98d6-47987cf20dbc,379,5,0,0,10,0,1,1,1,1791417642
2026-10-08T00:02:00+00:00,2026-10-08T00:03:21.483175+00:00,0adccd89-1d8d-44da-9f7c-5f18acafeddf,338,4,2,0,11,0,1,1,1,1791417641
2026-10-08T00:02:00+00:00,2026-10-08T00:03:21.483175+00:00,f8349c69-0de8-11e7-991c-3863bb43a7d0,78,17,4,0,1,0,1,1,1,1791417640
2026-10-08T00:02:00+00:00,2026-10-08T00:03:21.483175+00:00,54d86d05-b399-42c5-a63a-a97713afc5d4,54d86d05-b399-42c5-a63a-a97713afc5d4,3,3,1,6,0,1,1,1,1791417645
2026-10-08T00:02:00+00:00,2026-10-08T00:03:21.483175+00:00,40e58976-02cc-4c7c-911f-7a6c97588bfa,520,18,5,0,3,0,1,1,1,1791417617
2026-10-08T00:02:00+00:00,2026-10-08T00:03:21.483175+00:00,2264176803898382980,2264176803898382980,4,2,0,7,0,1,1,1,1791417598
2026-10-08T00:02:00+00:00,2026-10-08T00:03:21.483175+00:00,5018e851-f2f3-4e18-9914-c316bbcc2c3d,331,0,0,0,15,0,1,1,1,1791417598
2026-10-08T00:02:00+00:00,2026-10-08T00:03:21.483175+00:00,d7ec834e-9d9a-402c-9956-7d5f42676b94,d7ec834e-9d9a-402c-9956-7d5f42676b94,12,2,1,1,0,1,1,1,1791417594
2026-10-08T00:02:00+00:00,2026-10-08T00:03:21.483175+00:00,f8349ba9-0de8-11e7-991c-3863bb43a7d0,77,6,5,0,11,1,1,1,1,1791417619
2026-10-08T00:02:00+00:00,2026-10-08T00:03:21.483175+00:00,f8348481-0de8-11e7-991c-3863bb43a7d0,47,18,3,0,1,0,1,1,1,1791417619
2026-10-08T00:02:00+00:00,2026-10-08T00:03:21.483175+00:00,ce55d1b1-4267-40a9-ad44-5eab888ce18a,ce55d1b1-4267-40a9-ad44-5eab888ce18a,1,1,0,21,1,1,1,1,1791417621
2026-10-08T00:02:00+00:00,2026-10-08T00:03:21.483175+00:00,f83464e4-0de8-11e7-991c-3863bb43a7d0,3,1,0,2,11,0,1,1,1,1791417620
2026-10-08T00:02:00+00:00,2026-10-08T00:03:21.483175+00:00,02a4416f-80b4-4472-accd-5db482ed5b6d,367,7,0,0,12,0,1,1,1,1791417604
2026-10-08T00:02:00+00:00,2026-10-08T00:03:21.483175+00:00,1960693490199507164,1960693490199507164,5,0,0,14,0,1,1,1,1791417607
2026-10-08T00:02:00+00:00,2026-10-08T00:03:21.483175+00:00,53a148ca-ac69-4a9c-a986-9a4b4df2f5df,387,7,0,0,8,0,1,1,1,1791417647
2026-10-08T00:02:00+00:00,2026-10-08T00:03:21.483175+00:00,2038619205667946906,2038619205667946906,9,3,0,11,0,1,1,1,1791417648
2026-10-08T00:02:00+00:00,2026-10-08T00:03:21.483175+00:00,93911aa1-b5e4-48aa-a2b6-38fbcf613006,93911aa1-b5e4-48aa-a2b6-38fbcf613006,1,0,0,17,0,1,1,1,1791417649
2026-10-08T00:02:00+00:00,2026-10-08T00:03:21.483175+00:00,2170342425741020744,2170342425741020744,14,5,0,3,0,1,1,1,1791417648
2026-10-08T00:02:00+00:00,2026-10-08T00:03:21.483175+00:00,b23674a7-15a8-46d2-8219-6668acecf24a,548,11,1,0,7,0,1,1,1,1791417610
2026-10-08T00:02:00+00:00,2026-10-08T00:03:21.483175+00:00,533620e8-00ff-494a-b288-bd67602bc98e,472,0,0,0,27,0,1,1,1,1791417612
2026-10-08T00:02:00+00:00,2026-10-08T00:03:21.483175+00:00,5afe91c4-8076-4f9f-b83b-cf233bda2331,460,0,0,0,15,0,1,1,1,1791417625
2026-10-08T00:02:00+00:00,2026-10-08T00:03:21.483175+00:00,287aedf5-0361-47e9-9de0-14ae3b75cc0d,287aedf5-0361-47e9-9de0-14ae3b75cc0d,8,3,1,12,0,1,1,1,1791417626
2026-10-08T00:02:00+00:00,2026-10-08T00:03:21.483175+00:00,0f554e1d-9f0f-452d-9b4a-e00aa2c5911e,492,14,0,0,0,0,1,1,1,1791417623
2026-10-08T00:02:00+00:00,2026-10-08T00:03:21.483175+00:00,f834e1b2-0de8-11e7-991c-3863bb43a7d0,125,17,10,0,2,0,1,1,1,1791417622
2026-10-08T00:02:00+00:00,2026-10-08T00:03:21.483175+00:00,5f726a7d-5c5d-48b1-9b13-06c77572a237,516,0,0,0,11,0,1,1,1,1791417630
2026-10-08T00:02:00+00:00,2026-10-08T00:03:21.483175+00:00,2327cb08-fa9f-459b-9ab0-1a319b0f2f4c,539,3,1,1,14,0,1,1,1,1791417631
2026-10-08T00:02:00+00:00,2026-10-08T00:03:21.483175+00:00,f8348136-0de8-11e7-991c-3863bb43a7d0,41,24,4,1,2,0,1,1,1,1791417631
2026-10-08T00:02:00+00:00,2026-10-08T00:03:21.483175+00:00,1975886280004030604,1975886280004030604,10,2,3,10,0,1,1,1,1791417629
2026-10-08T00:02:00+00:00,2026-10-08T00:03:21.483175+00:00,9e710d48-51c1-460e-a027-3d16bde62b13,419,0,0,14,0,1,1,0,0,1791417677
2026-10-08T00:02:00+00:00,2026-10-08T00:03:21.483175+00:00,2223045710883822544,2223045710883822544,4,0,1,10,0,1,1,1,1791417617
2026-10-08T00:02:00+00:00,2026-10-08T00:03:21.483175+00:00,9f54207a-3308-43bd-b45c-9042b6389598,423,14,0,0,5,0,1,1,1,1791417674
2026-10-08T00:02:00+00:00,2026-10-08T00:03:21.483175+00:00,2113200093114979090,2113200093114979090,6,0,0,9,1,1,1,1,1791417675
2026-10-08T00:02:00+00:00,2026-10-08T00:03:21.483175+00:00,f83486ab-0de8-11e7-991c-3863bb43a7d0,51,5,0,3,7,0,1,1,1,1791417675
2026-10-08T00:02:00+00:00,2026-10-08T00:03:21.483175+00:00,2141932795355773712,2141932795355773712,10,0,0,7,0,1,1,1,1791417651
2026-10-08T00:02:00+00:00,2026-10-08T00:03:21.483175+00:00,dfdaf866-b814-48e5-9bd3-eb7c4a733697,dfdaf866-b814-48e5-9bd3-eb7c4a733697,7,2,0,10,0,1,1,1,1791417651
2026-10-08T00:02:00+00:00,2026-10-08T00:03:21.483175+00:00,f834b49d-0de8-11e7-991c-3863bb43a7d0,101,8,0,0,10,0,1,1,1,1791417651
2026-10-08T00:02:00+00:00,2026-10-08T00:03:21.483175+00:00,2070180968009321294,2070180968009321294,15,0,0,4,2,1,1,1,1791417651
2026-10-08T00:02:00+00:00,2026-10-08T00:03:21.483175+00:00,0839bb10-e876-4198-95e4-0147a561853d,258,13,2,0,2,0,1,1,1,1791417651
2026-10-08T00:02:00+00:00,2026-10-08T00:03:21.483175+00:00,f834e244-0de8-11e7-991c-3863bb43a7d0,126,7,2,0,8,0,1,1,1,1791417652
2026-10-08T00:02:00+00:00,2026-10-08T00:03:21.483175+00:00,42a3ecca-af9a-4556-90ba-7631546f96f8,42a3ecca-af9a-4556-90ba-7631546f96f8,1,0,1,9,0,1,1,1,1791417653
2026-10-08T00:02:00+00:00,2026-10-08T00:03:21.483175+00:00,7ec0c53c-876a-419c-a78b-4edd000bbc9a,445,15,1,0,4,0,1,1,1,1791417656
2026-10-08T00:02:00+00:00,2026-10-08T00:03:21.483175+00:00,2107991976288962746,2107991976288962746,18,2,0,2,0,1,1,1,1791417658
2026-10-08T00:02:00+00:00,2026-10-08T00:03:21.483175+00:00,f6df6c1a-064f-428a-951c-2069a081b9df,380,0,0,2,16,0,1,1,1,1791417657
2026-10-08T00:02:00+00:00,2026-10-08T00:03:21.483175+00:00,510239fe-69c3-458b-b53c-6ce001845f4a,354,15,7,0,0,0,1,1,1,1791417656
2026-10-08T00:02:00+00:00,2026-10-08T00:03:21.483175+00:00,f8349745-0de8-11e7-991c-3863bb43a7d0,73,0,0,1,14,0,1,1,1,1791417660
2026-10-08T00:02:00+00:00,2026-10-08T00:03:21.483175+00:00,f8351336-0de8-11e7-991c-3863bb43a7d0,176,2,0,0,13,0,1,1,1,1791417665
2026-10-08T00:02:00+00:00,2026-10-08T00:03:21.483175+00:00,518f6524-0e7f-454d-974e-e3ff9db1f795,494,9,0,0,1,0,1,1,1,1791417666
2026-10-08T00:02:00+00:00,2026-10-08T00:03:21.483175+00:00,f8352c92-0de8-11e7-991c-3863bb43a7d0,217,14,1,2,3,0,1,1,1,1791417662
2026-10-08T00:02:00+00:00,2026-10-08T00:03:21.483175+00:00,f8349824-0de8-11e7-991c-3863bb43a7d0,75,13,1,0,2,0,1,1,1,1791417666
2026-10-08T00:02:00+00:00,2026-10-08T00:03:21.483175+00:00,36a8fbc8-6069-4a29-bbfd-63a2d019c9a5,415,3,1,0,16,0,1,1,1,1791417660
2026-10-08T00:02:00+00:00,2026-10-08T00:03:21.483175+00:00,ccd6fdd4-b39e-46d7-b43c-7bacffb6bd87,523,0,0,0,17,0,1,1,1,1791417663
2026-10-08T00:02:00+00:00,2026-10-08T00:03:21.483175+00:00,2029805507281123700,2029805507281123700,12,2,1,6,0,1,1,1,1791417664
2026-10-08T00:02:00+00:00,2026-10-08T00:03:21.483175+00:00,f24a573e-ef07-4785-9270-70c443510ea6,359,0,0,2,12,1,1,1,1,1791417672
2026-10-08T00:02:00+00:00,2026-10-08T00:03:21.483175+00:00,f83524c0-0de8-11e7-991c-3863bb43a7d0,203,9,2,0,5,0,1,1,1,1791417671
2026-10-08T00:02:00+00:00,2026-10-08T00:03:21.483175+00:00,13444449-b3a8-43d2-b8b9-a59fbc59a174,397,10,3,0,4,0,1,1,1,1791417667
2026-10-08T00:02:00+00:00,2026-10-08T00:03:21.483175+00:00,b995a0b4-fc26-4661-9bc8-e166d648edfd,353,11,5,0,4,0,1,1,1,1791417668
2026-10-08T00:02:00+00:00,2026-10-08T00:03:21.483175+00:00,2267569638034503736,2267569638034503736,6,0,4,9,0,1,1,1,1791417667
2026-10-08T00:02:00+00:00,2026-10-08T00:03:21.483175+00:00,2111712079786088918,2111712079786088918,4,3,1,10,0,1,1,1,1791417672
2026-10-08T00:02:00+00:00,2026-10-08T00:03:21.483175+00:00,f83516b8-0de8-11e7-991c-3863bb43a7d0,184,3,2,0,15,1,1,1,1,1791417673
2026-10-08T00:02:00+00:00,2026-10-08T00:03:21.483175+00:00,2113555008851845550,2113555008851845550,11,3,0,9,0,1,1,1,1791417670
2026-10-08T00:02:00+00:00,2026-10-08T00:03:21.483175+00:00,2071993292066931472,2071993292066931472,0,0,0,20,0,1,1,1,1791417668
2026-10-08T00:02:00+00:00,2026-10-08T00:03:21.483175+00:00,f8346894-0de8-11e7-991c-3863bb43a7d0,9,13,0,2,0,0,1,1,1,1791417669
2026-10-08T00:02:00+00:00,2026-10-08T00:03:21.483175+00:00,13918b3b-9ac5-4968-a74d-e40dd3bc952e,479,0,0,0,19,0,1,1,1,1791417630
2026-10-08T00:02:00+00:00,2026-10-08T00:03:21.483175+00:00,f8347118-0de8-11e7-991c-3863bb43a7d0,22,18,0,0,15,2,1,1,1,1791417678
2026-10-08T00:02:00+00:00,2026-10-08T00:03:21.483175+00:00,1997031579059661288,1997031579059661288,9,3,0,2,0,1,1,1,1791417679
2026-10-08T00:02:00+00:00,2026-10-08T00:03:21.483175+00:00,676ca473-eed6-4971-aaf3-e199a7ca335b,433,15,7,0,3,1,1,1,1,1791417681
2026-10-08T00:02:00+00:00,2026-10-08T00:03:21.483175+00:00,2136942888571742916,2136942888571742916,0,0,1,14,0,1,1,1,1791417679
2026-10-08T00:02:00+00:00,2026-10-08T00:03:21.483175+00:00,f834f814-0de8-11e7-991c-3863bb43a7d0,136,0,0,1,18,0,1,1,1,1791417679
2026-10-08T00:02:00+00:00,2026-10-08T00:03:21.483175+00:00,2038239468396569074,2038239468396569074,10,0,0,22,0,1,1,1,1791417682
2026-10-08T00:02:00+00:00,2026-10-08T00:03:21.483175+00:00,f8351019-0de8-11e7-991c-3863bb43a7d0,169,10,4,0,9,0,1,1,1,1791417689
2026-10-08T00:02:00+00:00,2026-10-08T00:03:21.483175+00:00,bb27977d-36c1-496d-8bac-631b612dd7b8,332,13,3,0,2,0,1,1,1,1791417689
2026-10-08T00:02:00+00:00,2026-10-08T00:03:21.483175+00:00,ff6ed364-8676-45a0-b97f-71025683849e,442,7,0,1,7,0,1,1,1,1791417685
2026-10-08T00:02:00+00:00,2026-10-08T00:03:21.483175+00:00,2103549125054737064,2103549125054737064,4,2,0,12,0,1,1,1,1791417686
2026-10-08T00:02:00+00:00,2026-10-08T00:03:21.483175+00:00,f83510fd-0de8-11e7-991c-3863bb43a7d0,171,14,1,1,8,0,1,1,1,1791417690
2026-10-08T00:02:00+00:00,2026-10-08T00:03:21.483175+00:00,a18e1e55-507e-49d8-b7c0-5c0efd959125,358,17,5,0,2,0,1,1,1,1791417690
2026-10-08T00:02:00+00:00,2026-10-08T00:03:21.483175+00:00,ddcc8869-b8d4-483c-b9da-457fcebc8dc1,417,19,2,0,0,0,1,1,1,1791417690
2026-10-08T00:02:00+00:00,2026-10-08T00:03:21.483175+00:00,f35de2ab-979e-42d5-8cbd-dc479ed637e9,503,4,4,0,2,0,1,1,1,1791417685
2026-10-08T00:02:00+00:00,2026-10-08T00:03:21.483175+00:00,2072145327190878794,2072145327190878794,16,1,1,7,0,1,1,1,1791417687
2026-10-08T00:02:00+00:00,2026-10-08T00:03:21.483175+00:00,350e73e3-6f70-4b2d-87ab-24c8629e9a6a,350e73e3-6f70-4b2d-87ab-24c8629e9a6a,12,0,1,6,0,1,1,1,1791417688
2026-10-08T00:02:00+00:00,2026-10-08T00:03:21.483175+00:00,2071632496372113488,2071632496372113488,12,5,1,7,0,1,1,1,1791417683
2026-10-08T00:02:00+00:00,2026-10-08T00:03:21.483175+00:00,2078337213380274244,2078337213380274244,10,7,0,1,0,1,1,1,1791417691
2026-10-08T00:02:00+00:00,2026-10-08T00:03:21.483175+00:00,f83494b4-0de8-11e7-991c-3863bb43a7d0,69,19,10,0,1,0,1,1,1,1791417691
2026-10-08T00:02:00+00:00,2026-10-08T00:03:21.483175+00:00,2057166010169469732,2057166010169469732,2,0,0,13,0,1,1,1,1791417692
2026-10-08T00:02:00+00:00,2026-10-08T00:03:21.483175+00:00,ba634139-d7bf-448f-aac4-25995d36b67b,373,9,6,0,6,0,1,1,1,1791417693
2026-10-08T00:02:00+00:00,2026-10-08T00:03:21.483175+00:00,f36e24cd-de4c-4a5e-adf4-cb97ccd2958d,505,5,1,2,4,0,1,1,1,1791417694
2026-10-08T00:02:00+00:00,2026-10-08T00:03:21.483175+00:00,ec3eea05-a3ff-43c6-9e24-0c63f09b915f,378,15,1,0,4,0,1,1,1,1791417694
2026-10-08T00:02:00+00:00,2026-10-08T00:03:21.483175+00:00,2043912031919765854,2043912031919765854,10,0,1,9,0,1,1,1,1791417694
2026-10-08T00:02:00+00:00,2026-10-08T00:03:21.483175+00:00,f834cf45-0de8-11e7-991c-3863bb43a7d0,116,19,0,0,4,0,1,1,1,1791417695
2026-10-08T00:02:00+00:00,2026-10-08T00:03:21.483175+00:00,ef54374b-0406-4b17-b0a1-847f1d7bea06,410,12,1,0,3,0,1,1,1,1791417696
2026-10-08T00:02:00+00:00,2026-10-08T00:03:21.483175+00:00,f834b42d-0de8-11e7-991c-3863bb43a7d0,100,20,0,1,5,0,1,1,1,1791417695
2026-10-08T00:02:00+00:00,2026-10-08T00:03:21.483175+00:00,abefafdc-c772-4671-86fe-fc15a42adebb,abefafdc-c772-4671-86fe-fc15a42adebb,5,0,0,18,0,1,1,1,1791417696
2026-10-08T00:02:00+00:00,2026-10-08T00:03:21.483175+00:00,70f20fcb-8e63-4015-9007-b97c525ab0a9,335,9,1,1,9,0,1,1,1,1791417697
2026-10-08T00:02:00+00:00,2026-10-08T00:03:21.483175+00:00,2fd22786-dfeb-4126-a906-4f01802087f3,454,2,0,1,16,0,1,1,1,1791417697
2026-10-08T00:02:00+00:00,2026-10-08T00:03:21.483175+00:00,20b0b405-54ba-4a80-b89c-0819772665db,440,8,3,0,7,0,1,1,1,1791417698
2026-10-08T00:02:00+00:00,2026-10-08T00:03:21.483175+00:00,f8348509-0de8-11e7-991c-3863bb43a7d0,48,1,0,0,14,0,1,1,1,1791417697
2026-10-08T00:02:00+00:00,2026-10-08T00:03:21.483175+00:00,2223043968513191970,2223043968513191970,0,0,0,16,0,1,1,1,1791417698
2026-10-08T00:02:00+00:00,2026-10-08T00:03:21.483175+00:00,f834952a-0de8-11e7-991c-3863bb43a7d0,70,3,0,1,19,0,1,1,1,1791417698
2026-10-08T00:02:00+00:00,2026-10-08T00:03:21.483175+00:00,c1ae49bd-2a20-4684-886b-ead8dd627cfd,c1ae49bd-2a20-4684-886b-ead8dd627cfd,12,0,1,4,0,1,1,1,1791417699
2026-10-08T00:11:59+00:00,2026-10-08T00:13:21.601733+00:00,6eaa7343-402d-41c9-9aac-8c664fdbdcf1,6eaa7343-402d-41c9-9aac-8c664fdbdcf1,0,0,0,0,0,0,0,0,86400
2026-10-08T00:11:59+00:00,2026-10-08T00:13:21.601733+00:00,2227859082657747444,2227859082657747444,5,2,0,2,0,1,1,1,1791418162
2026-10-08T00:11:59+00:00,2026-10-08T00:13:21.601733+00:00,f8346e51-0de8-11e7-991c-3863bb43a7d0,17,15,1,0,0,0,1,1,1,1791418186
2026-10-08T00:11:59+00:00,2026-10-08T00:13:21.601733+00:00,f834c6f5-0de8-11e7-991c-3863bb43a7d0,111,9,2,0,5,1,1,1,1,1791418182
2026-10-08T00:11:59+00:00,2026-10-08T00:13:21.601733+00:00,25489822-e43a-4704-b2a8-d905b78ba77c,389,4,2,0,10,0,1,1,1,1791418191
2026-10-08T00:11:59+00:00,2026-10-08T00:13:21.601733+00:00,82b41ffb-e284-4e4d-b22a-0cad2bfd4bee,443,7,0,0,12,0,1,1,1,1791418178
2026-10-08T00:11:59+00:00,2026-10-08T00:13:21.601733+00:00,1ef9964d-47ac-4cd4-916e-7c006fa1e605,339,9,5,0,6,0,1,1,1,1791418180
2026-10-08T00:11:59+00:00,2026-10-08T00:13:21.601733+00:00,57f5003b-6574-40b3-83d7-3b5dee1472e0,518,6,6,1,3,0,1,1,1,1791418179
2026-10-08T00:11:59+00:00,2026-10-08T00:13:21.601733+00:00,f8349599-0de8-11e7-991c-3863bb43a7d0,71,14,6,0,9,0,1,1,1,1791418180
2026-10-08T00:11:59+00:00,2026-10-08T00:13:21.601733+00:00,87b5a8b7-a330-4c51-ab32-7dafa292c88f,421,14,0,1,4,0,1,1,1,1791418181
2026-10-08T00:11:59+00:00,2026-10-08T00:13:21.601733+00:00,25d6f87f-7025-48c5-b202-f91511a4ae19,25d6f87f-7025-48c5-b202-f91511a4ae19,13,4,1,5,0,1,1,1,1791418203
2026-10-08T00:11:59+00:00,2026-10-08T00:13:21.601733+00:00,803a0c16-4f81-44f1-8b49-a13fcdda40c1,370,8,1,1,9,0,1,1,1,1791418208
2026-10-08T00:11:59+00:00,2026-10-08T00:13:21.601733+00:00,2028220168245183460,2028220168245183460,14,0,0,5,0,1,1,1,1791418206
2026-10-08T00:11:59+00:00,2026-10-08T00:13:21.601733+00:00,f8351f87-0de8-11e7-991c-3863bb43a7d0,192,2,1,0,17,0,1,1,1,1791418209
2026-10-08T00:11:59+00:00,2026-10-08T00:13:21.601733+00:00,5410aac7-2ec0-47b6-b728-b99c5137b463,5410aac7-2ec0-47b6-b728-b99c5137b463,8,2,0,3,0,1,1,1,1791418213
2026-10-08T00:11:59+00:00,2026-10-08T00:13:21.601733+00:00,15ec5783-ca7a-4225-ba51-cd0a45ecc975,15ec5783-ca7a-4225-ba51-cd0a45ecc975,7,5,0,4,0,1,1,1,1791418213
2026-10-08T00:11:59+00:00,2026-10-08T00:13:21.601733+00:00,f8348598-0de8-11e7-991c-3863bb43a7d0,49,5,0,0,13,0,1,1,1,1791418209
2026-10-08T00:11:59+00:00,2026-10-08T00:13:21.601733+00:00,1331197c-f6c6-4f4a-a29b-95e580359886,224,9,0,1,7,0,1,1,1,1791418219
2026-10-08T00:11:59+00:00,2026-10-08T00:13:21.601733+00:00,e4d5271f-5f76-401b-b7f0-c8dce3c26f10,462,7,1,1,3,0,1,1,1,1791418215
2026-10-08T00:11:59+00:00,2026-10-08T00:13:21.601733+00:00,b44b7c3d-c054-4591-92a9-3b96d86050ab,b44b7c3d-c054-4591-92a9-3b96d86050ab,2,2,0,9,0,1,1,1,1791418218
2026-10-08T00:11:59+00:00,2026-10-08T00:13:21.601733+00:00,2124664048772581794,2124664048772581794,3,0,0,8,0,1,1,1,1791418221
2026-10-08T00:11:59+00:00,2026-10-08T00:13:21.601733+00:00,f834b928-0de8-11e7-991c-3863bb43a7d0,106,7,0,1,6,0,1,1,1,1791418222
2026-10-08T00:11:59+00:00,2026-10-08T00:13:21.601733+00:00,f8347a8b-0de8-11e7-991c-3863bb43a7d0,29,18,0,0,1,0,1,1,1,1791418223
2026-10-08T00:11:59+00:00,2026-10-08T00:13:21.601733+00:00,f834a1de-0de8-11e7-991c-3863bb43a7d0,84,2,0,0,11,0,1,1,1,1791418223
2026-10-08T00:11:59+00:00,2026-10-08T00:13:21.601733+00:00,918335df-fc1a-45c2-9cfc-c5e2e93aecc0,467,2,0,1,8,0,1,1,1,1791418223
2026-10-08T00:11:59+00:00,2026-10-08T00:13:21.601733+00:00,aefc33cd-40b9-48da-8b87-415428816bdb,488,7,2,0,9,0,1,1,1,1791418197
2026-10-08T00:11:59+00:00,2026-10-08T00:13:21.601733+00:00,f834fcbe-0de8-11e7-991c-3863bb43a7d0,141,0,0,0,15,0,1,1,1,1791418198
2026-10-08T00:11:59+00:00,2026-10-08T00:13:21.601733+00:00,625f105e-4407-4988-9095-d1979cbda5e1,234,19,13,0,0,0,1,1,1,1791418198
2026-10-08T00:11:59+00:00,2026-10-08T00:13:21.601733+00:00,f8347ded-0de8-11e7-991c-3863bb43a7d0,35,0,0,0,31,0,1,1,1,1791418192
2026-10-08T00:11:59+00:00,2026-10-08T00:13:21.601733+00:00,01d29f8c-768d-4c4f-84ca-3de966075287,469,3,2,0,8,0,1,1,1,1791418200
2026-10-08T00:11:59+00:00,2026-10-08T00:13:21.601733+00:00,f834b1ed-0de8-11e7-991c-3863bb43a7d0,99,12,2,0,3,0,1,1,1,1791418202
2026-10-08T00:11:59+00:00,2026-10-08T00:13:21.601733+00:00,ab6517ea-ed53-42eb-8881-657d362e56e8,560,10,0,0,5,0,1,1,1,1791418199
2026-10-08T00:11:59+00:00,2026-10-08T00:13:21.601733+00:00,1976280681456741062,1976280681456741062,5,5,0,6,0,1,1,1,1791418227
2026-10-08T00:11:59+00:00,2026-10-08T00:13:21.601733+00:00,f8347ba8-0de8-11e7-991c-3863bb43a7d0,31,3,0,0,16,0,1,1,1,1791418225
2026-10-08T00:11:59+00:00,2026-10-08T00:13:21.601733+00:00,f834a67b-0de8-11e7-991c-3863bb43a7d0,89,1,0,1,17,0,1,1,1,1791418226
2026-10-08T00:11:59+00:00,2026-10-08T00:13:21.601733+00:00,97a1e4e7-a1ff-427a-aaea-48ca0d00bf9c,348,5,4,0,10,0,1,1,1,1791418226
2026-10-08T00:11:59+00:00,2026-10-08T00:13:21.601733+00:00,1994515539257334312,1994515539257334312,17,6,0,2,0,1,1,1,1791418224
2026-10-08T00:11:59+00:00,2026-10-08T00:13:21.601733+00:00,2127634714741013228,2127634714741013228,16,3,0,8,0,1,1,1,1791418229
2026-10-08T00:11:59+00:00,2026-10-08T00:13:21.601733+00:00,ea00f276-26dc-48ee-b2c8-6e56fd632a2d,272,4,0,1,14,0,1,1,1,1791418221
2026-10-08T00:11:59+00:00,2026-10-08T00:13:21.601733+00:00,f834d34b-0de8-11e7-991c-3863bb43a7d0,120,12,0,1,26,0,1,1,1,1791418246
2026-10-08T00:11:59+00:00,2026-10-08T00:13:21.601733+00:00,2031175112202687108,2031175112202687108,4,0,0,12,0,1,1,1,1791418246
2026-10-08T00:11:59+00:00,2026-10-08T00:13:21.601733+00:00,cad0e759-b605-458a-b772-768dcce81dc6,372,14,0,0,5,0,1,1,1,1791418241
2026-10-08T00:11:59+00:00,2026-10-08T00:13:21.601733+00:00,6cec3afa-554c-466f-8323-5c619fe0ddc6,6cec3afa-554c-466f-8323-5c619fe0ddc6,5,4,0,6,0,1,1,1,1791418242
2026-10-08T00:11:59+00:00,2026-10-08T00:13:21.601733+00:00,2251186911126913182,2251186911126913182,13,1,2,4,0,1,1,1,1791418240
2026-10-08T00:11:59+00:00,2026-10-08T00:13:21.601733+00:00,f83532fa-0de8-11e7-991c-3863bb43a7d0,219,12,1,0,3,0,1,1,1,1791418272
2026-10-08T00:11:59+00:00,2026-10-08T00:13:21.601733+00:00,133d159e-a202-4310-910f-eca392fe181e,398,2,0,2,15,0,1,1,1,1791418276
2026-10-08T00:11:59+00:00,2026-10-08T00:13:21.601733+00:00,986068c4-d11a-465a-b8d0-bd0960c57f51,986068c4-d11a-465a-b8d0-bd0960c57f51,11,0,0,2,0,1,1,1,1791418276
2026-10-08T00:11:59+00:00,2026-10-08T00:13:21.601733+00:00,f8347002-0de8-11e7-991c-3863bb43a7d0,20,19,0,1,3,0,1,1,1,1791418273
2026-10-08T00:11:59+00:00,2026-10-08T00:13:21.601733+00:00,f83473ea-0de8-11e7-991c-3863bb43a7d0,27,12,1,3,8,0,1,1,1,1791418274
2026-10-08T00:11:59+00:00,2026-10-08T00:13:21.601733+00:00,f834e75d-0de8-11e7-991c-3863bb43a7d0,129,8,0,0,10,1,1,1,1,1791418273
2026-10-08T00:11:59+00:00,2026-10-08T00:13:21.601733+00:00,f8351255-0de8-11e7-991c-3863bb43a7d0,174,8,2,2,5,0,1,1,1,1791418274
2026-10-08T00:11:59+00:00,2026-10-08T00:13:21.601733+00:00,f83466c6-0de8-11e7-991c-3863bb43a7d0,6,2,2,2,10,0,1,1,1,1791418277
2026-10-08T00:11:59+00:00,2026-10-08T00:13:21.601733+00:00,2129149628430547474,2129149628430547474,16,3,0,0,0,1,1,1,1791418280
2026-10-08T00:11:59+00:00,2026-10-08T00:13:21.601733+00:00,f834c5c9-0de8-11e7-991c-3863bb43a7d0,110,0,0,1,13,0,1,1,1,1791418278
2026-10-08T00:11:59+00:00,2026-10-08T00:13:21.601733+00:00,f8348719-0de8-11e7-991c-3863bb43a7d0,52,7,0,0,16,0,1,1,1,1791418279
2026-10-08T00:11:59+00:00,2026-10-08T00:13:21.601733+00:00,f834916a-0de8-11e7-991c-3863bb43a7d0,63,3,1,0,12,0,1,1,1,1791418279
2026-10-08T00:11:59+00:00,2026-10-08T00:13:21.601733+00:00,569f4952-5a25-4394-a419-f9c4d9cca6f3,495,15,4,0,3,0,1,1,1,1791418232
2026-10-08T00:11:59+00:00,2026-10-08T00:13:21.601733+00:00,1986694622707704150,1986694622707704150,16,0,1,2,0,1,1,1,1791418232
2026-10-08T00:11:59+00:00,2026-10-08T00:13:21.601733+00:00,f55cdf0a-3d7b-491c-bed2-7dc0ef2062d5,489,10,1,0,6,0,1,1,1,1791418231
2026-10-08T00:11:59+00:00,2026-10-08T00:13:21.601733+00:00,2089808297152151688,2089808297152151688,2,1,1,9,0,1,1,1,1791418225
2026-10-08T00:11:59+00:00,2026-10-08T00:13:21.601733+00:00,2132460331327742574,2132460331327742574,1,0,0,17,0,1,1,1,1791418233
2026-10-08T00:11:59+00:00,2026-10-08T00:13:21.601733+00:00,f8352973-0de8-11e7-991c-3863bb43a7d0,210,6,1,0,9,0,1,1,1,1791418256
2026-10-08T00:11:59+00:00,2026-10-08T00:13:21.601733+00:00,77c1736c-a609-4453-94f7-8e4253a8193c,474,8,3,0,3,0,1,1,1,1791418256
2026-10-08T00:11:59+00:00,2026-10-08T00:13:21.601733+00:00,f8351649-0de8-11e7-991c-3863bb43a7d0,183,2,0,0,17,0,1,1,1,1791418259
2026-10-08T00:11:59+00:00,2026-10-08T00:13:21.601733+00:00,2036103727838931110,2036103727838931110,10,5,0,0,0,1,1,1,1791418259
2026-10-08T00:11:59+00:00,2026-10-08T00:13:21.601733+00:00,2219705277630124418,2219705277630124418,5,2,0,10,0,1,1,1,1791418261
2026-10-08T00:11:59+00:00,2026-10-08T00:13:21.601733+00:00,9fef6df2-7f8f-43fc-a85b-7dd5453860f9,437,16,3,0,1,0,1,1,1,1791418261
2026-10-08T00:11:59+00:00,2026-10-08T00:13:21.601733+00:00,2250817396738253956,2250817396738253956,13,4,2,0,0,1,1,1,1791418261
2026-10-08T00:11:59+00:00,2026-10-08T00:13:21.601733+00:00,8d535c23-f186-4161-aa10-17e94be6d4ae,436,5,4,3,6,1,1,1,1,1791418290
2026-10-08T00:11:59+00:00,2026-10-08T00:13:21.601733+00:00,f8346c96-0de8-11e7-991c-3863bb43a7d0,14,3,2,0,23,0,1,1,1,1791418287
2026-10-08T00:11:59+00:00,2026-10-08T00:13:21.601733+00:00,4d953f0f-13b5-4b3d-b2da-342003ff7cba,4d953f0f-13b5-4b3d-b2da-342003ff7cba,4,2,0,7,0,1,1,1,1791418289
2026-10-08T00:11:59+00:00,2026-10-08T00:13:21.601733+00:00,2363c5a3-93cc-41a2-a767-90f1826c041f,426,0,0,0,27,0,1,1,1,1791418290
2026-10-08T00:11:59+00:00,2026-10-08T00:13:21.601733+00:00,ec4e1168-25dc-4929-b17b-e4ae578dd888,425,4,2,1,11,0,1,1,1,1791418291
2026-10-08T00:11:59+00:00,2026-10-08T00:13:21.601733+00:00,8bc42f7f-753d-4cca-a7d6-0d7c2530ea2c,364,3,0,1,14,0,1,1,1,1791418287
2026-10-08T00:11:59+00:00,2026-10-08T00:13:21.601733+00:00,eed9e64f-f09d-43c1-aa31-da968c66750a,368,6,1,0,9,0,1,1,1,1791418286
2026-10-08T00:11:59+00:00,2026-10-08T00:13:21.601733+00:00,f8350d30-0de8-11e7-991c-3863bb43a7d0,163,10,0,0,9,0,1,1,1,1791418285
2026-10-08T00:11:59+00:00,2026-10-08T00:13:21.601733+00:00,f83493c0-0de8-11e7-991c-3863bb43a7d0,67,0,0,4,25,0,1,1,1,1791418294
2026-10-08T00:11:59+00:00,2026-10-08T00:13:21.601733+00:00,1999644268058967024,1999644268058967024,22,1,0,2,0,1,1,1,1791418294
2026-10-08T00:11:59+00:00,2026-10-08T00:13:21.601733+00:00,2220033166406469278,2220033166406469278,10,4,1,4,0,1,1,1,1791418295
2026-10-08T00:11:59+00:00,2026-10-08T00:13:21.601733+00:00,2126567695528519906,2126567695528519906,9,0,0,11,0,1,1,1,1791418295
2026-10-08T00:11:59+00:00,2026-10-08T00:13:21.601733+00:00,2251556760922290606,2251556760922290606,12,0,2,1,0,1,1,1,1791418295
2026-10-08T00:11:59+00:00,2026-10-08T00:13:21.601733+00:00,2113559364250874028,2113559364250874028,8,2,0,7,0,1,1,1,1791418293
2026-10-08T00:11:59+00:00,2026-10-08T00:13:21.601733+00:00,f834cb89-0de8-11e7-991c-3863bb43a7d0,115,9,4,4,5,0,1,1,1,1791418297
2026-10-08T00:11:59+00:00,2026-10-08T00:13:21.601733+00:00,f8350199-0de8-11e7-991c-3863bb43a7d0,150,7,1,0,12,0,1,1,1,1791418297
2026-10-08T00:11:59+00:00,2026-10-08T00:13:21.601733+00:00,f8346dbd-0de8-11e7-991c-3863bb43a7d0,16,4,0,1,14,0,1,1,1,1791418297
2026-10-08T00:11:59+00:00,2026-10-08T00:13:21.601733+00:00,dcd76e42-eebc-4432-9726-cdb3372b0b07,557,0,0,0,19,0,1,1,1,1791418292
2026-10-08T00:11:59+00:00,2026-10-08T00:13:21.601733+00:00,f8350129-0de8-11e7-991c-3863bb43a7d0,149,12,0,0,5,0,1,1,1,1791418292
2026-10-08T00:11:59+00:00,2026-10-08T00:13:21.601733+00:00,2134720099473744344,2134720099473744344,3,0,0,18,0,1,1,1,1791418296
2026-10-08T00:11:59+00:00,2026-10-08T00:13:21.601733+00:00,a825b55d-3ab3-481f-9c50-d3a7313e6843,228,0,0,0,19,0,1,1,1,1791418238
2026-10-08T00:11:59+00:00,2026-10-08T00:13:21.601733+00:00,1976640911178291400,1976640911178291400,6,3,0,5,0,1,1,1,1791418238
2026-10-08T00:11:59+00:00,2026-10-08T00:13:21.601733+00:00,c111ef1a-f276-415d-a95e-8e3c4e3a0c03,522,5,3,1,9,0,1,1,1,1791418234
2026-10-08T00:11:59+00:00,2026-10-08T00:13:21.601733+00:00,800bde2c-51df-497c-ac2d-bc3a8c00c164,800bde2c-51df-497c-ac2d-bc3a8c00c164,0,0,0,15,0,1,1,1,1791418237
2026-10-08T00:11:59+00:00,2026-10-08T00:13:21.601733+00:00,1919521884659886482,1919521884659886482,0,0,1,18,0,1,1,1,1791418240
2026-10-08T00:11:59+00:00,2026-10-08T00:13:21.601733+00:00,e519df41-c4d7-403a-9afa-a5dd7cdd2d03,536,10,0,1,7,0,1,1,1,1791418250
2026-10-08T00:11:59+00:00,2026-10-08T00:13:21.601733+00:00,4b5de733-9353-4873-9dc2-9558b3cb063a,393,7,2,1,5,0,1,1,1,1791418250
2026-10-08T00:11:59+00:00,2026-10-08T00:13:21.601733+00:00,5d17f129-af8c-4f30-bc58-6a8279052772,543,5,2,1,13,0,1,1,1,1791418248
2026-10-08T00:11:59+00:00,2026-10-08T00:13:21.601733+00:00,d1a5e406-718c-44b9-b9dd-e63605b888aa,555,8,7,0,7,0,1,1,1,1791418248
2026-10-08T00:11:59+00:00,2026-10-08T00:13:21.601733+00:00,829fa5a8-cc88-4ab2-9f34-b481aaa1612e,259,9,1,0,6,0,1,1,1,1791418247
2026-10-08T00:11:59+00:00,2026-10-08T00:13:21.601733+00:00,2149920539832638004,2149920539832638004,12,0,1,2,0,1,1,1,1791418246
2026-10-08T00:11:59+00:00,2026-10-08T00:13:21.601733+00:00,88b35b6d-f355-44dc-b85e-ed2eb1bc9099,406,9,2,0,10,0,1,1,1,1791418255
2026-10-08T00:11:59+00:00,2026-10-08T00:13:21.601733+00:00,40ee059e-8530-4992-9114-c16b87d6832f,441,12,4,0,7,0,1,1,1,1791418256
2026-10-08T00:11:59+00:00,2026-10-08T00:13:21.601733+00:00,f8351791-0de8-11e7-991c-3863bb43a7d0,186,14,0,0,1,0,1,1,1,1791418255
2026-10-08T00:11:59+00:00,2026-10-08T00:13:21.601733+00:00,f8349070-0de8-11e7-991c-3863bb43a7d0,61,0,0,0,19,0,1,1,1,1791418256
2026-10-08T00:11:59+00:00,2026-10-08T00:13:21.601733+00:00,1999639508813492766,1999639508813492766,7,0,0,13,0,1,1,1,1791418254
2026-10-08T00:11:59+00:00,2026-10-08T00:13:21.601733+00:00,199f3d59-e726-4549-b9c1-4dfc8a343fdb,508,10,6,0,1,0,1,1,1,1791418265
2026-10-08T00:11:59+00:00,2026-10-08T00:13:21.601733+00:00,2027855476515070160,2027855476515070160,1,0,0,26,0,1,1,1,1791418266
2026-10-08T00:11:59+00:00,2026-10-08T00:13:21.601733+00:00,f834f036-0de8-11e7-991c-3863bb43a7d0,133,11,3,2,10,0,1,1,1,1791418261
2026-10-08T00:11:59+00:00,2026-10-08T00:13:21.601733+00:00,2131371824572002576,2131371824572002576,11,0,1,4,0,1,1,1,1791418266
2026-10-08T00:11:59+00:00,2026-10-08T00:13:21.601733+00:00,2039387081833476178,2039387081833476178,12,2,0,8,0,1,1,1,1791418264
2026-10-08T00:11:59+00:00,2026-10-08T00:13:21.601733+00:00,2127252912986958612,2127252912986958612,5,2,0,10,0,1,1,1,1791418264
2026-10-08T00:11:59+00:00,2026-10-08T00:13:21.601733+00:00,f7d416f8-4377-4019-bba7-302dc1d5a11d,391,9,0,3,3,0,1,1,1,1791418265
2026-10-08T00:11:59+00:00,2026-10-08T00:13:21.601733+00:00,a6d6d4b2-3666-43ad-a690-7f676bdcc3fd,542,9,0,4,6,0,1,1,1,1791418263
2026-10-08T00:11:59+00:00,2026-10-08T00:13:21.601733+00:00,2071991821019036242,2071991821019036242,11,1,0,9,0,1,1,1,1791418262
2026-10-08T00:11:59+00:00,2026-10-08T00:13:21.601733+00:00,2438d052-2cd6-4fba-83c9-39f46cb59398,2438d052-2cd6-4fba-83c9-39f46cb59398,6,2,1,12,0,1,1,1,1791418262
2026-10-08T00:11:59+00:00,2026-10-08T00:13:21.601733+00:00,1991921362058752616,1991921362058752616,1,0,0,19,0,1,1,1,1791418266
2026-10-08T00:11:59+00:00,2026-10-08T00:13:21.601733+00:00,2036412579943670600,2036412579943670600,4,4,0,8,0,1,1,1,1791418268
2026-10-08T00:11:59+00:00,2026-10-08T00:13:21.601733+00:00,768433a9-fc30-4485-b136-22d6f8a96f1c,768433a9-fc30-4485-b136-22d6f8a96f1c,5,0,1,5,0,1,1,1,1791418263
2026-10-08T00:11:59+00:00,2026-10-08T00:13:21.601733+00:00,9b0aff89-5242-475e-b03b-87c3c3bf51bb,477,3,3,1,15,0,1,1,1,1791418270
2026-10-08T00:11:59+00:00,2026-10-08T00:13:21.601733+00:00,e335fa7c-7adf-4360-9bfa-76b18124a56f,541,3,2,0,8,0,1,1,1,1791418268
2026-10-08T00:11:59+00:00,2026-10-08T00:13:21.601733+00:00,f834b183-0de8-11e7-991c-3863bb43a7d0,98,9,0,1,13,0,1,1,1,1791418268
2026-10-08T00:11:59+00:00,2026-10-08T00:13:21.601733+00:00,8e7c1984-dc81-43b0-a0d3-58c6de45225a,465,4,2,0,7,0,1,1,1,1791418281
2026-10-08T00:11:59+00:00,2026-10-08T00:13:21.601733+00:00,1997031876360597884,1997031876360597884,6,1,0,5,0,1,1,1,1791418282
2026-10-08T00:11:59+00:00,2026-10-08T00:13:21.601733+00:00,52ca4d94-587f-4a61-a298-a1a755e73bfb,362,19,3,0,0,0,1,1,1,1791418282
2026-10-08T00:11:59+00:00,2026-10-08T00:13:21.601733+00:00,acb27827-d69a-4287-b132-3f529ca62ad2,427,4,1,0,15,0,1,1,1,1791418282
2026-10-08T00:11:59+00:00,2026-10-08T00:13:21.601733+00:00,f606593b-3d07-40f2-bc6d-a0eb96588e44,456,7,2,0,11,0,1,1,1,1791418285
2026-10-08T00:11:59+00:00,2026-10-08T00:13:21.601733+00:00,38706d8c-8d4b-49f7-b6ed-7688449db261,463,5,0,0,14,0,1,1,1,1791418283
2026-10-08T00:11:59+00:00,2026-10-08T00:13:21.601733+00:00,f835244e-0de8-11e7-991c-3863bb43a7d0,202,9,1,0,6,0,1,1,1,1791418283
2026-10-08T00:11:59+00:00,2026-10-08T00:13:21.601733+00:00,2261583246847893606,2261583246847893606,11,6,1,7,0,1,1,1,1791418283
2026-10-08T00:11:59+00:00,2026-10-08T00:13:21.601733+00:00,f834a2a8-0de8-11e7-991c-3863bb43a7d0,85,1,0,0,18,0,1,1,1,1791418286
2026-10-08T00:11:59+00:00,2026-10-08T00:13:21.601733+00:00,f834d260-0de8-11e7-991c-3863bb43a7d0,119,13,9,2,0,0,1,1,1,1791418286
2026-10-08T00:11:59+00:00,2026-10-08T00:13:21.601733+00:00,f8351569-0de8-11e7-991c-3863bb43a7d0,181,13,0,0,6,0,1,1,1,1791418286
2026-10-08T00:11:59+00:00,2026-10-08T00:13:21.601733+00:00,1ef5abb2-5af9-41f2-a0dd-1e44278ad9f1,502,4,1,0,7,0,1,1,1,1791418282
2026-10-08T00:11:59+00:00,2026-10-08T00:13:21.601733+00:00,f834f948-0de8-11e7-991c-3863bb43a7d0,138,11,0,1,1,0,1,1,1,1791418298
2026-10-08T00:11:59+00:00,2026-10-08T00:13:21.601733+00:00,2110566771130438288,2110566771130438288,9,6,1,6,0,1,1,1,1791418299
2026-10-08T00:11:59+00:00,2026-10-08T00:13:21.601733+00:00,f83472d3-0de8-11e7-991c-3863bb43a7d0,25,14,2,1,0,0,1,1,1,1791418075
2026-10-08T00:11:59+00:00,2026-10-08T00:13:21.601733+00:00,3de6e5da-9702-4623-8683-26abd98012a8,525,5,1,0,7,0,1,1,1,1791418186
2026-10-08T00:11:59+00:00,2026-10-08T00:13:21.601733+00:00,f8346c01-0de8-11e7-991c-3863bb43a7d0,13,2,1,1,16,0,1,1,1,1791418188
2026-10-08T00:11:59+00:00,2026-10-08T00:13:21.601733+00:00,7dd0fc98-c1dd-4c93-9c1d-4bbdf5f93346,473,14,9,0,0,0,1,1,1,1791418187
2026-10-08T00:11:59+00:00,2026-10-08T00:13:21.601733+00:00,f8348781-0de8-11e7-991c-3863bb43a7d0,53,9,0,1,9,0,1,1,1,1791418189
2026-10-08T00:11:59+00:00,2026-10-08T00:13:21.601733+00:00,1961066392414132348,1961066392414132348,3,0,0,16,0,1,1,1,1791418189
2026-10-08T00:11:59+00:00,2026-10-08T00:13:21.601733+00:00,be7e7068-b85f-42c1-8ea1-e1d64e531323,be7e7068-b85f-42c1-8ea1-e1d64e531323,11,5,0,4,0,1,1,1,1791418205
2026-10-08T00:11:59+00:00,2026-10-08T00:13:21.601733+00:00,13681246-4bf8-444a-a908-fa165e4ad298,329,13,1,2,0,0,1,1,1,1791418204
2026-10-08T00:11:59+00:00,2026-10-08T00:13:21.601733+00:00,f834923d-0de8-11e7-991c-3863bb43a7d0,65,5,0,0,14,0,1,1,1,1791418179
2026-10-08T00:11:59+00:00,2026-10-08T00:13:21.601733+00:00,31382324-2931-491a-827a-40149e45afee,232,5,0,0,6,0,1,1,1,1791418178
2026-10-08T00:11:59+00:00,2026-10-08T00:13:21.601733+00:00,f1cafe36-f800-41f6-b74d-73953cb6394c,471,0,0,0,27,0,1,1,1,1791418193
2026-10-08T00:11:59+00:00,2026-10-08T00:13:21.601733+00:00,8b703219-1e16-4ba1-9f46-2b7030c7849a,360,0,0,2,13,0,1,1,1,1791418197
2026-10-08T00:11:59+00:00,2026-10-08T00:13:21.601733+00:00,f8352c1a-0de8-11e7-991c-3863bb43a7d0,216,7,2,2,10,0,1,1,1,1791418199
2026-10-08T00:11:59+00:00,2026-10-08T00:13:21.601733+00:00,efd724b2-31cb-4aec-b9d9-8ab79271630c,493,9,0,0,8,0,1,1,1,1791418212
2026-10-08T00:11:59+00:00,2026-10-08T00:13:21.601733+00:00,f8348021-0de8-11e7-991c-3863bb43a7d0,39,24,1,0,3,0,1,1,1,1791418214
2026-10-08T00:11:59+00:00,2026-10-08T00:13:21.601733+00:00,2100948177843249670,2100948177843249670,6,3,0,5,0,1,1,1,1791418182
2026-10-08T00:11:59+00:00,2026-10-08T00:13:21.601733+00:00,f8353277-0de8-11e7-991c-3863bb43a7d0,218,0,0,0,15,0,1,1,1,1791418205
2026-10-08T00:11:59+00:00,2026-10-08T00:13:21.601733+00:00,f834d064-0de8-11e7-991c-3863bb43a7d0,118,7,1,0,12,0,1,1,1,1791418205
2026-10-08T00:11:59+00:00,2026-10-08T00:13:21.601733+00:00,b5894555-30a3-46db-918a-fdeb083d6001,336,11,6,1,3,0,1,1,1,1791418207
2026-10-08T00:11:59+00:00,2026-10-08T00:13:21.601733+00:00,f83514f9-0de8-11e7-991c-3863bb43a7d0,180,10,1,1,8,0,1,1,1,1791418208
2026-10-08T00:11:59+00:00,2026-10-08T00:13:21.601733+00:00,f834b652-0de8-11e7-991c-3863bb43a7d0,104,8,2,1,10,0,1,1,1,1791418216
2026-10-08T00:11:59+00:00,2026-10-08T00:13:21.601733+00:00,2113560016964645240,2113560016964645240,9,1,1,9,0,1,1,1,1791418221
2026-10-08T00:11:59+00:00,2026-10-08T00:13:21.601733+00:00,f8352306-0de8-11e7-991c-3863bb43a7d0,199,7,2,1,7,0,1,1,1,1791418224
2026-10-08T00:11:59+00:00,2026-10-08T00:13:21.601733+00:00,f8349de4-0de8-11e7-991c-3863bb43a7d0,80,0,0,1,33,0,1,1,1,1791418226
2026-10-08T00:11:59+00:00,2026-10-08T00:13:21.601733+00:00,2126939746529359956,2126939746529359956,9,4,0,10,0,1,1,1,1791418226
2026-10-08T00:11:59+00:00,2026-10-08T00:13:21.601733+00:00,f834db9b-0de8-11e7-991c-3863bb43a7d0,121,17,8,0,0,0,1,1,1,1791418226
2026-10-08T00:11:59+00:00,2026-10-08T00:13:21.601733+00:00,2256120653476329202,2256120653476329202,13,1,0,2,0,1,1,1,1791418225
2026-10-08T00:11:59+00:00,2026-10-08T00:13:21.601733+00:00,ee18dbd6-05b8-4d38-a120-f84c3499a77e,519,3,1,0,8,0,1,1,1,1791418228
2026-10-08T00:11:59+00:00,2026-10-08T00:13:21.601733+00:00,c935cfb1-ef73-402e-9b86-83aaaac6534d,478,4,0,1,14,0,1,1,1,1791418229
2026-10-08T00:11:59+00:00,2026-10-08T00:13:21.601733+00:00,910f1452-dbeb-4e69-b226-71b2d7e85715,910f1452-dbeb-4e69-b226-71b2d7e85715,8,8,0,2,0,1,1,1,1791418228
2026-10-08T00:11:59+00:00,2026-10-08T00:13:21.601733+00:00,f83487f0-0de8-11e7-991c-3863bb43a7d0,54,0,0,0,15,0,1,1,1,1791418229
2026-10-08T00:11:59+00:00,2026-10-08T00:13:21.601733+00:00,f8349d6e-0de8-11e7-991c-3863bb43a7d0,79,18,3,0,0,0,1,1,1,1791418233
2026-10-08T00:11:59+00:00,2026-10-08T00:13:21.601733+00:00,f8351ff1-0de8-11e7-991c-3863bb43a7d0,193,11,2,1,3,0,1,1,1,1791418235
2026-10-08T00:11:59+00:00,2026-10-08T00:13:21.601733+00:00,f8346a3c-0de8-11e7-991c-3863bb43a7d0,10,0,0,2,9,0,1,1,1,1791418265
2026-10-08T00:11:59+00:00,2026-10-08T00:13:21.601733+00:00,e49a5b83-2c9c-4610-a48b-89cfea172c8f,504,6,0,0,5,0,1,1,1,1791418265
2026-10-08T00:11:59+00:00,2026-10-08T00:13:21.601733+00:00,2035765531590062506,2035765531590062506,7,1,3,1,0,1,1,1,1791418265
2026-10-08T00:11:59+00:00,2026-10-08T00:13:21.601733+00:00,50cc3c7f-50ed-4c70-b483-c89f3f47c938,491,17,2,0,2,0,1,1,1,1791418267
2026-10-08T00:11:59+00:00,2026-10-08T00:13:21.601733+00:00,2131714490587826928,2131714490587826928,11,8,2,3,0,1,1,1,1791418268
2026-10-08T00:11:59+00:00,2026-10-08T00:13:21.601733+00:00,3a6d94a7-9fee-41c5-b8cc-a8487c5e691b,549,22,0,0,1,0,1,1,1,1791418269
2026-10-08T00:11:59+00:00,2026-10-08T00:13:21.601733+00:00,a3b94ed8-8301-4ec6-baf2-64ac493b5106,529,2,1,0,12,0,1,1,1,1791418272
2026-10-08T00:11:59+00:00,2026-10-08T00:13:21.601733+00:00,f835141c-0de8-11e7-991c-3863bb43a7d0,178,14,1,2,2,0,1,1,1,1791418273
2026-10-08T00:11:59+00:00,2026-10-08T00:13:21.601733+00:00,0cb6d635-6a7d-4d75-89b4-36b12616be12,432,10,6,0,9,0,1,1,1,1791418272
2026-10-08T00:11:59+00:00,2026-10-08T00:13:21.601733+00:00,c98f50f6-1901-4c64-b164-8cf33245e022,282,16,1,1,0,1,1,1,1,1791418249
2026-10-08T00:11:59+00:00,2026-10-08T00:13:21.601733+00:00,3b158c7a-a362-43ae-af1f-121b78be32d7,483,6,2,1,10,0,1,1,1,1791418249
2026-10-08T00:11:59+00:00,2026-10-08T00:13:21.601733+00:00,e3f5d039-a49e-4b3b-ab4d-4efbef2068c6,e3f5d039-a49e-4b3b-ab4d-4efbef2068c6,12,3,1,9,0,1,1,1,1791418250
2026-10-08T00:11:59+00:00,2026-10-08T00:13:21.601733+00:00,ee0fa23e-a6c2-474d-a6ef-bf581d63f1ae,ee0fa23e-a6c2-474d-a6ef-bf581d63f1ae,4,0,0,7,0,1,1,1,1791418248
2026-10-08T00:11:59+00:00,2026-10-08T00:13:21.601733+00:00,3f4f4ad4-a715-43d5-828f-f8381f26b66a,390,10,1,0,4,1,1,1,1,1791418255
2026-10-08T00:11:59+00:00,2026-10-08T00:13:21.601733+00:00,f8349672-0de8-11e7-991c-3863bb43a7d0,72,0,0,0,23,0,1,1,1,1791418255
2026-10-08T00:11:59+00:00,2026-10-08T00:13:21.601733+00:00,fae99a0c-e88a-4112-94d8-f655cf34e651,fae99a0c-e88a-4112-94d8-f655cf34e651,3,1,2,14,0,1,1,1,1791418254
2026-10-08T00:11:59+00:00,2026-10-08T00:13:21.601733+00:00,2253794653988522864,2253794653988522864,9,1,0,10,0,1,1,1,1791418254
2026-10-08T00:11:59+00:00,2026-10-08T00:13:21.601733+00:00,2158217922577811100,2158217922577811100,6,0,0,13,0,1,1,1,1791418255
2026-10-08T00:11:59+00:00,2026-10-08T00:13:21.601733+00:00,f4a64c30-b97f-4ae5-b531-a11698b558d7,562,6,2,0,3,0,1,1,1,1791418255
2026-10-08T00:11:59+00:00,2026-10-08T00:13:21.601733+00:00,f8352150-0de8-11e7-991c-3863bb43a7d0,196,1,1,0,9,0,1,1,1,1791418258
2026-10-08T00:11:59+00:00,2026-10-08T00:13:21.601733+00:00,68323451-daf0-4532-a6cb-b070e3ef358f,68323451-daf0-4532-a6cb-b070e3ef358f,2,0,0,17,0,1,1,1,1791418257
2026-10-08T00:11:59+00:00,2026-10-08T00:13:21.601733+00:00,f834fda2-0de8-11e7-991c-3863bb43a7d0,143,6,1,0,17,0,1,1,1,1791418256
2026-10-08T00:11:59+00:00,2026-10-08T00:13:21.601733+00:00,f835259f-0de8-11e7-991c-3863bb43a7d0,205,3,2,1,11,0,1,1,1,1791418238
2026-10-08T00:11:59+00:00,2026-10-08T00:13:21.601733+00:00,4caf6e93-ddd7-4b6f-9e61-f9df1206ac92,4caf6e93-ddd7-4b6f-9e61-f9df1206ac92,10,7,0,9,0,1,1,1,1791418241
2026-10-08T00:11:59+00:00,2026-10-08T00:13:21.601733+00:00,0bc49982-74e9-4bbf-9991-e3d809d6319e,530,14,5,0,5,0,1,1,1,1791418241
2026-10-08T00:11:59+00:00,2026-10-08T00:13:21.601733+00:00,082262bd-086b-46c7-83ce-eed2b39142ff,416,0,0,0,15,0,1,1,1,1791418241
2026-10-08T00:11:59+00:00,2026-10-08T00:13:21.601733+00:00,f8352a4d-0de8-11e7-991c-3863bb43a7d0,212,13,0,3,16,0,1,1,1,1791418240
2026-10-08T00:11:59+00:00,2026-10-08T00:13:21.601733+00:00,634b697d-0e64-4102-8849-abac7a7f8e35,455,5,1,0,7,0,1,1,1,1791418238
2026-10-08T00:11:59+00:00,2026-10-08T00:13:21.601733+00:00,1e3beeb4-f8e1-452c-93e5-48df78d4b313,334,8,4,0,10,0,1,1,1,1791418241
2026-10-08T00:11:59+00:00,2026-10-08T00:13:21.601733+00:00,a439fff7-8630-464c-b277-efca6f6bc664,531,10,2,3,1,0,1,1,1,1791418243
2026-10-08T00:11:59+00:00,2026-10-08T00:13:21.601733+00:00,2115804056935012722,2115804056935012722,0,0,0,18,0,1,1,1,1791418245
2026-10-08T00:11:59+00:00,2026-10-08T00:13:21.601733+00:00,dd8dee9d-d044-41d6-9371-8463cf9c671b,526,6,3,0,8,1,1,1,1,1791418245
2026-10-08T00:11:59+00:00,2026-10-08T00:13:21.601733+00:00,dc770287-c70c-43ea-a635-39f3dc6b09cd,dc770287-c70c-43ea-a635-39f3dc6b09cd,11,4,0,0,0,1,1,1,1791418242
2026-10-08T00:11:59+00:00,2026-10-08T00:13:21.601733+00:00,f8347361-0de8-11e7-991c-3863bb43a7d0,26,11,0,0,4,0,1,1,1,1791418246
2026-10-08T00:11:59+00:00,2026-10-08T00:13:21.601733+00:00,2124668538068359456,2124668538068359456,14,0,0,4,0,1,1,1,1791418263
2026-10-08T00:11:59+00:00,2026-10-08T00:13:21.601733+00:00,2002247509585342522,2002247509585342522,7,1,0,4,0,1,1,1,1791418258
2026-10-08T00:11:59+00:00,2026-10-08T00:13:21.601733+00:00,f8350be5-0de8-11e7-991c-3863bb43a7d0,160,0,0,1,13,0,1,1,1,1791418262
2026-10-08T00:11:59+00:00,2026-10-08T00:13:21.601733+00:00,2079440939380771716,2079440939380771716,1,1,1,9,0,1,1,1,1791418261
2026-10-08T00:11:59+00:00,2026-10-08T00:13:21.601733+00:00,f8348857-0de8-11e7-991c-3863bb43a7d0,55,10,0,0,5,0,1,1,1,1791418261
2026-10-08T00:11:59+00:00,2026-10-08T00:13:21.601733+00:00,3dbbb3cb-b52d-46f8-8f9c-db11e83d081c,327,15,6,0,0,0,1,1,1,1791418260
2026-10-08T00:11:59+00:00,2026-10-08T00:13:21.601733+00:00,a9d13461-7f0f-47b0-9a97-8ec9e9792865,533,16,1,1,2,0,1,1,1,1791418278
2026-10-08T00:11:59+00:00,2026-10-08T00:13:21.601733+00:00,a9bc314b-a3fd-46e5-a63b-f005258bba5f,a9bc314b-a3fd-46e5-a63b-f005258bba5f,4,0,0,13,1,1,1,1,1791418276
2026-10-08T00:11:59+00:00,2026-10-08T00:13:21.601733+00:00,f8351e42-0de8-11e7-991c-3863bb43a7d0,189,1,0,0,22,0,1,1,1,1791418276
2026-10-08T00:11:59+00:00,2026-10-08T00:13:21.601733+00:00,a51b429f-bf06-425a-b3fe-b3155aa6468c,a51b429f-bf06-425a-b3fe-b3155aa6468c,10,2,0,1,0,1,1,1,1791418276
2026-10-08T00:11:59+00:00,2026-10-08T00:13:21.601733+00:00,dd008e3c-ff17-4c82-abe0-502272a62425,558,1,1,1,15,0,1,1,1,1791418276
2026-10-08T00:11:59+00:00,2026-10-08T00:13:21.601733+00:00,2111332861978124760,2111332861978124760,3,1,1,12,0,1,1,1,1791418276
2026-10-08T00:11:59+00:00,2026-10-08T00:13:21.601733+00:00,2120986392451359068,2120986392451359068,7,0,1,12,0,1,1,1,1791418279
2026-10-08T00:11:59+00:00,2026-10-08T00:13:21.601733+00:00,4764641e-b080-4c70-a1e1-049de81e09d0,273,25,3,3,13,0,1,1,1,1791418280
2026-10-08T00:11:59+00:00,2026-10-08T00:13:21.601733+00:00,25cc602a-152a-4abe-9df8-a131d0a5d94b,235,14,5,0,1,0,1,1,1,1791418280
2026-10-08T00:11:59+00:00,2026-10-08T00:13:21.601733+00:00,8f51f8f1-ecb8-4cd3-8529-296a03140c51,8f51f8f1-ecb8-4cd3-8529-296a03140c51,8,3,0,11,0,1,1,1,1791418274
2026-10-08T00:11:59+00:00,2026-10-08T00:13:21.601733+00:00,609c2f06-310e-4134-8dd2-3d23aa41487b,609c2f06-310e-4134-8dd2-3d23aa41487b,18,3,1,3,0,1,1,1,1791418274
2026-10-08T00:11:59+00:00,2026-10-08T00:13:21.601733+00:00,f836bc28-36a7-4ca6-bba6-0d75333d84bb,538,13,0,1,5,0,1,1,1,1791418282
2026-10-08T00:11:59+00:00,2026-10-08T00:13:21.601733+00:00,2223046412750968128,2223046412750968128,4,2,0,15,0,1,1,1,1791418281
2026-10-08T00:11:59+00:00,2026-10-08T00:13:21.601733+00:00,1984021766354634770,1984021766354634770,6,0,0,13,0,1,1,1,1791418283
2026-10-08T00:11:59+00:00,2026-10-08T00:13:21.601733+00:00,1963273678015717438,1963273678015717438,3,2,0,15,0,1,1,1,1791418283
2026-10-08T00:11:59+00:00,2026-10-08T00:13:21.601733+00:00,f834fb66-0de8-11e7-991c-3863bb43a7d0,139,16,3,1,2,0,1,1,1,1791418283
2026-10-08T00:11:59+00:00,2026-10-08T00:13:21.601733+00:00,2fded452-cbd0-4248-b008-f8a61ed9a85f,2fded452-cbd0-4248-b008-f8a61ed9a85f,1,0,0,14,0,1,1,1,1791418282
2026-10-08T00:11:59+00:00,2026-10-08T00:13:21.601733+00:00,66763558-7a03-48a9-8665-6b4445b81f48,458,14,7,0,1,0,1,1,1,1791418282
2026-10-08T00:11:59+00:00,2026-10-08T00:13:21.601733+00:00,1206f5c8-7d1f-4c32-9d65-f3e80186fbde,511,8,5,1,10,0,1,1,1,1791418289
2026-10-08T00:11:59+00:00,2026-10-08T00:13:21.601733+00:00,f834ffc9-0de8-11e7-991c-3863bb43a7d0,146,19,3,0,0,0,1,1,1,1791418285
2026-10-08T00:11:59+00:00,2026-10-08T00:13:21.601733+00:00,b0b8e427-7203-4844-9c70-129e08a74452,347,13,4,1,0,0,1,1,1,1791418285
2026-10-08T00:11:59+00:00,2026-10-08T00:13:21.601733+00:00,1994461916590643872,1994461916590643872,9,1,1,1,0,1,1,1,1791418285
2026-10-08T00:11:59+00:00,2026-10-08T00:13:21.601733+00:00,2012646293885032702,2012646293885032702,23,1,1,0,0,1,1,1,1791418285
2026-10-08T00:11:59+00:00,2026-10-08T00:13:21.601733+00:00,2074236051937964826,2074236051937964826,14,0,0,1,1,1,1,1,1791418288
2026-10-08T00:11:59+00:00,2026-10-08T00:13:21.601733+00:00,fbb9b58c-2b92-4bcf-8e4c-a982e40d2f39,221,4,0,2,14,0,1,1,1,1791418289
2026-10-08T00:11:59+00:00,2026-10-08T00:13:21.601733+00:00,2248987790637065652,2248987790637065652,10,2,0,2,0,1,1,1,1791418286
2026-10-08T00:11:59+00:00,2026-10-08T00:13:21.601733+00:00,d81e16e2-a410-4a0b-b5ae-b72748fc9781,d81e16e2-a410-4a0b-b5ae-b72748fc9781,8,0,0,11,0,1,1,1,1791418286
2026-10-08T00:11:59+00:00,2026-10-08T00:13:21.601733+00:00,f8348924-0de8-11e7-991c-3863bb43a7d0,57,11,0,0,3,0,1,1,1,1791418287
2026-10-08T00:11:59+00:00,2026-10-08T00:13:21.601733+00:00,f834a32d-0de8-11e7-991c-3863bb43a7d0,86,17,1,1,7,0,1,1,1,1791418286
2026-10-08T00:11:59+00:00,2026-10-08T00:13:21.601733+00:00,af066ffd-b892-434f-8532-1982fc408780,480,6,0,0,5,0,1,1,1,1791418284
2026-10-08T00:11:59+00:00,2026-10-08T00:13:21.601733+00:00,f8350c56-0de8-11e7-991c-3863bb43a7d0,161,23,2,0,0,0,1,1,1,1791418293
2026-10-08T00:11:59+00:00,2026-10-08T00:13:21.601733+00:00,f835027c-0de8-11e7-991c-3863bb43a7d0,152,11,0,0,16,0,1,1,1,1791418294
2026-10-08T00:11:59+00:00,2026-10-08T00:13:21.601733+00:00,2071724371800490690,2071724371800490690,8,0,0,12,0,1,1,1,1791418294
2026-10-08T00:11:59+00:00,2026-10-08T00:13:21.601733+00:00,2136546016037880534,2136546016037880534,4,1,0,11,0,1,1,1,1791418294
2026-10-08T00:11:59+00:00,2026-10-08T00:13:21.601733+00:00,2171110977443594588,2171110977443594588,8,0,1,6,0,1,1,1,1791418294
2026-10-08T00:11:59+00:00,2026-10-08T00:13:21.601733+00:00,2004828637786472956,2004828637786472956,12,5,0,7,0,1,1,1,1791418294
2026-10-08T00:11:59+00:00,2026-10-08T00:13:21.601733+00:00,2080157934789007958,2080157934789007958,16,2,2,1,0,1,1,1,1791418295
2026-10-08T00:11:59+00:00,2026-10-08T00:13:21.601733+00:00,57caf362-1e8b-46aa-9ee3-82341c405ab0,271,3,1,1,11,0,1,1,1,1791418292
2026-10-08T00:11:59+00:00,2026-10-08T00:13:21.601733+00:00,f834ff5a-0de8-11e7-991c-3863bb43a7d0,145,5,0,1,13,0,1,1,1,1791418295
2026-10-08T00:11:59+00:00,2026-10-08T00:13:21.601733+00:00,dd05a440-f881-410c-a071-864da11c634a,318,0,0,0,19,0,1,1,1,1791418295
2026-10-08T00:11:59+00:00,2026-10-08T00:13:21.601733+00:00,f834b50a-0de8-11e7-991c-3863bb43a7d0,102,11,3,0,5,0,1,1,1,1791418295
2026-10-08T00:11:59+00:00,2026-10-08T00:13:21.601733+00:00,3c837bc0-fd08-49c4-adf5-0e9a98e918a7,524,6,0,1,8,0,1,1,1,1791418298
2026-10-08T00:11:59+00:00,2026-10-08T00:13:21.601733+00:00,2271594282663217386,2271594282663217386,2,2,0,9,0,1,1,1,1791417989
2026-10-08T00:11:59+00:00,2026-10-08T00:13:21.601733+00:00,2212663228188806942,2212663228188806942,11,1,0,13,0,1,1,1,1791418126
2026-10-08T00:11:59+00:00,2026-10-08T00:13:21.601733+00:00,f8350a84-0de8-11e7-991c-3863bb43a7d0,157,3,0,1,11,0,1,1,1,1791418184
2026-10-08T00:11:59+00:00,2026-10-08T00:13:21.601733+00:00,f83481c5-0de8-11e7-991c-3863bb43a7d0,42,4,0,0,26,0,1,1,1,1791418187
2026-10-08T00:11:59+00:00,2026-10-08T00:13:21.601733+00:00,1976642295079838524,1976642295079838524,8,0,1,2,0,1,1,1,1791418181
2026-10-08T00:11:59+00:00,2026-10-08T00:13:21.601733+00:00,d1c0b0c2-6e4c-424e-a946-a2a95a711633,422,4,0,0,11,0,1,1,1,1791418182
2026-10-08T00:11:59+00:00,2026-10-08T00:13:21.601733+00:00,5f8ced09-665c-41e5-b67e-1e58fac21830,521,1,1,0,10,0,1,1,1,1791418194
2026-10-08T00:11:59+00:00,2026-10-08T00:13:21.601733+00:00,2014558273483754010,2014558273483754010,9,1,0,10,0,1,1,1,1791418196
2026-10-08T00:11:59+00:00,2026-10-08T00:13:21.601733+00:00,53548ba4-ad0a-4d92-8e57-fd5c9f3ad102,399,3,0,0,12,0,1,1,1,1791418197
2026-10-08T00:11:59+00:00,2026-10-08T00:13:21.601733+00:00,2212258635631104970,2212258635631104970,3,1,0,20,0,1,1,1,1791418198
2026-10-08T00:11:59+00:00,2026-10-08T00:13:21.601733+00:00,f834ec42-0de8-11e7-991c-3863bb43a7d0,131,14,0,1,3,0,1,1,1,1791418196
2026-10-08T00:11:59+00:00,2026-10-08T00:13:21.601733+00:00,2151136782588526782,2151136782588526782,4,1,0,7,0,1,1,1,1791418232
2026-10-08T00:11:59+00:00,2026-10-08T00:13:21.601733+00:00,4f25f6ef-236b-43b4-8a92-68a24db0504b,4f25f6ef-236b-43b4-8a92-68a24db0504b,12,5,0,2,0,1,1,1,1791418230
2026-10-08T00:11:59+00:00,2026-10-08T00:13:21.601733+00:00,065e0e5d-8a0d-49b7-9c1f-c8eaba51a8b4,490,12,4,1,5,0,1,1,1,1791418234
2026-10-08T00:11:59+00:00,2026-10-08T00:13:21.601733+00:00,bd1755dc-f26c-420e-85b3-fd025d0b5445,554,7,0,0,8,0,1,1,1,1791418229
2026-10-08T00:11:59+00:00,2026-10-08T00:13:21.601733+00:00,eee3aab6-bd98-4d1f-8887-9c4e2adce482,eee3aab6-bd98-4d1f-8887-9c4e2adce482,10,4,1,0,0,1,1,1,1791418230
2026-10-08T00:11:59+00:00,2026-10-08T00:13:21.601733+00:00,f8351eb0-0de8-11e7-991c-3863bb43a7d0,190,33,5,0,4,0,1,1,1,1791418229
2026-10-08T00:11:59+00:00,2026-10-08T00:13:21.601733+00:00,13d4171b-6d93-490e-923f-f2a17d5c7613,13d4171b-6d93-490e-923f-f2a17d5c7613,3,1,0,8,0,1,1,1,1791418229
2026-10-08T00:11:59+00:00,2026-10-08T00:13:21.601733+00:00,2038981933682610536,2038981933682610536,10,3,0,6,0,1,1,1,1791418229
2026-10-08T00:11:59+00:00,2026-10-08T00:13:21.601733+00:00,f834ab92-0de8-11e7-991c-3863bb43a7d0,95,14,1,0,1,0,1,1,1,1791418230
2026-10-08T00:11:59+00:00,2026-10-08T00:13:21.601733+00:00,f83483f3-0de8-11e7-991c-3863bb43a7d0,46,0,0,1,38,0,1,1,1,1791418235
2026-10-08T00:11:59+00:00,2026-10-08T00:13:21.601733+00:00,ad2fb6f2-921f-440c-83de-08be76e35c2a,468,2,0,1,11,0,1,1,1,1791418236
2026-10-08T00:11:59+00:00,2026-10-08T00:13:21.601733+00:00,f8352378-0de8-11e7-991c-3863bb43a7d0,200,7,0,0,12,0,1,1,1,1791418237
2026-10-08T00:11:59+00:00,2026-10-08T00:13:21.601733+00:00,2098360140389493528,2098360140389493528,6,5,3,2,0,1,1,1,1791418233
2026-10-08T00:11:59+00:00,2026-10-08T00:13:21.601733+00:00,2002579415401984808,2002579415401984808,6,2,0,5,0,1,1,1,1791418235
2026-10-08T00:11:59+00:00,2026-10-08T00:13:21.601733+00:00,f83520d8-0de8-11e7-991c-3863bb43a7d0,195,4,0,0,19,0,1,1,1,1791418234
2026-10-08T00:11:59+00:00,2026-10-08T00:13:21.601733+00:00,2002248857751890568,2002248857751890568,10,6,1,0,0,1,1,1,1791418236
2026-10-08T00:11:59+00:00,2026-10-08T00:13:21.601733+00:00,9cc65d3d-cfcc-45ff-8f75-7264556b1cf9,9cc65d3d-cfcc-45ff-8f75-7264556b1cf9,10,2,0,9,0,1,1,1,1791418233
2026-10-08T00:11:59+00:00,2026-10-08T00:13:21.601733+00:00,81bfc33b-30d8-4881-b261-712715a8b2bc,363,14,0,0,3,1,1,1,1,1791418203
2026-10-08T00:11:59+00:00,2026-10-08T00:13:21.601733+00:00,12141b77-6e5f-444b-bace-2abf16db4fee,12141b77-6e5f-444b-bace-2abf16db4fee,9,5,0,2,0,1,1,1,1791418200
2026-10-08T00:11:59+00:00,2026-10-08T00:13:21.601733+00:00,be18593a-9e4c-4a13-8bb2-a5bac3d9b2b3,547,11,3,0,7,0,1,1,1,1791418205
2026-10-08T00:11:59+00:00,2026-10-08T00:13:21.601733+00:00,6e340d8e-45db-4fd9-b6eb-b74ec73b0d3e,535,4,0,3,8,0,1,1,1,1791418201
2026-10-08T00:11:59+00:00,2026-10-08T00:13:21.601733+00:00,9c8366d8-3b58-4894-b281-09e22f6fe5f7,464,11,4,0,0,0,1,1,1,1791418208
2026-10-08T00:11:59+00:00,2026-10-08T00:13:21.601733+00:00,1989983491501558234,1989983491501558234,1,0,0,10,0,1,1,1,1791418210
2026-10-08T00:11:59+00:00,2026-10-08T00:13:21.601733+00:00,f834a7d1-0de8-11e7-991c-3863bb43a7d0,91,2,0,1,16,0,1,1,1,1791418211
2026-10-08T00:11:59+00:00,2026-10-08T00:13:21.601733+00:00,2d32e355-faee-407b-9bb7-45d80ffb059a,2d32e355-faee-407b-9bb7-45d80ffb059a,0,0,0,19,0,1,1,1,1791418217
2026-10-08T00:11:59+00:00,2026-10-08T00:13:21.601733+00:00,f83480a9-0de8-11e7-991c-3863bb43a7d0,40,28,8,1,2,0,1,1,1,1791418215
2026-10-08T00:11:59+00:00,2026-10-08T00:13:21.601733+00:00,f834ea45-0de8-11e7-991c-3863bb43a7d0,130,7,2,1,7,0,1,1,1,1791418213
2026-10-08T00:11:59+00:00,2026-10-08T00:13:21.601733+00:00,186accbb-6a08-4e1d-b267-9033c4443a56,401,10,1,0,5,0,1,1,1,1791418214
2026-10-08T00:11:59+00:00,2026-10-08T00:13:21.601733+00:00,c5017e67-cada-4549-a52e-0f13dddd289d,424,4,2,0,15,0,1,1,1,1791418213
2026-10-08T00:11:59+00:00,2026-10-08T00:13:21.601733+00:00,2129865213174084448,2129865213174084448,13,5,0,6,0,1,1,1,1791418222
2026-10-08T00:11:59+00:00,2026-10-08T00:13:21.601733+00:00,228b8017-e4da-4722-9223-b8279a14b8ad,448,4,4,0,6,0,1,1,1,1791418222
2026-10-08T00:11:59+00:00,2026-10-08T00:13:21.601733+00:00,1676a6f7-c417-48d2-92e8-5ce21995efc3,374,0,0,0,18,0,1,1,1,1791418227
2026-10-08T00:11:59+00:00,2026-10-08T00:13:21.601733+00:00,a75d3da1-ce74-447f-8e80-52506a81aff3,a75d3da1-ce74-447f-8e80-52506a81aff3,6,3,0,5,0,1,1,1,1791418225
2026-10-08T00:11:59+00:00,2026-10-08T00:13:21.601733+00:00,f834caf2-0de8-11e7-991c-3863bb43a7d0,114,6,1,0,9,0,1,1,1,1791418225
2026-10-08T00:11:59+00:00,2026-10-08T00:13:21.601733+00:00,f834dc46-0de8-11e7-991c-3863bb43a7d0,122,13,2,0,2,0,1,1,1,1791418240
2026-10-08T00:11:59+00:00,2026-10-08T00:13:21.601733+00:00,f8351726-0de8-11e7-991c-3863bb43a7d0,185,0,0,1,14,0,1,1,1,1791418241
2026-10-08T00:11:59+00:00,2026-10-08T00:13:21.601733+00:00,fe6a64e7-c712-404c-85ae-ee77a37245b1,355,6,1,1,10,0,1,1,1,1791418238
2026-10-08T00:11:59+00:00,2026-10-08T00:13:21.601733+00:00,e32c0bb9-e85b-4764-b0fb-5c582cfd3a90,340,14,8,1,2,1,1,1,1,1791418238
2026-10-08T00:11:59+00:00,2026-10-08T00:13:21.601733+00:00,f834658f-0de8-11e7-991c-3863bb43a7d0,4,18,0,0,1,0,1,1,1,1791418241
2026-10-08T00:11:59+00:00,2026-10-08T00:13:21.601733+00:00,2076849845777355316,2076849845777355316,27,1,2,0,3,1,1,1,1791418259
2026-10-08T00:11:59+00:00,2026-10-08T00:13:21.601733+00:00,2071630998981871920,2071630998981871920,12,4,1,7,0,1,1,1,1791418259
2026-10-08T00:11:59+00:00,2026-10-08T00:13:21.601733+00:00,ed6c012e-6d6c-41e7-8e01-90749fd67575,546,8,7,0,8,0,1,1,1,1791418260
2026-10-08T00:11:59+00:00,2026-10-08T00:13:21.601733+00:00,f8348a68-0de8-11e7-991c-3863bb43a7d0,60,4,0,0,14,0,1,1,1,1791418262
2026-10-08T00:11:59+00:00,2026-10-08T00:13:21.601733+00:00,f835260c-0de8-11e7-991c-3863bb43a7d0,206,6,0,0,34,0,1,1,1,1791418262
2026-10-08T00:11:59+00:00,2026-10-08T00:13:21.601733+00:00,f83512c9-0de8-11e7-991c-3863bb43a7d0,175,10,5,1,6,0,1,1,1,1791418263
2026-10-08T00:11:59+00:00,2026-10-08T00:13:21.601733+00:00,f8352068-0de8-11e7-991c-3863bb43a7d0,194,9,1,0,10,0,1,1,1,1791418258
2026-10-08T00:11:59+00:00,2026-10-08T00:13:21.601733+00:00,1a39ab83-f029-4134-aad4-35380b30bf2c,1a39ab83-f029-4134-aad4-35380b30bf2c,2,0,0,17,0,1,1,1,1791418259
2026-10-08T00:11:59+00:00,2026-10-08T00:13:21.601733+00:00,2118368356250680236,2118368356250680236,0,0,0,15,0,1,1,1,1791418261
2026-10-08T00:11:59+00:00,2026-10-08T00:13:21.601733+00:00,bd3d4824-7203-4edc-a314-cea2b413e886,319,9,1,0,17,1,1,1,1,1791418265
2026-10-08T00:11:59+00:00,2026-10-08T00:13:21.601733+00:00,7c860828-3359-4229-b59b-963f5a4bab00,236,9,0,3,0,0,1,1,1,1791418266
2026-10-08T00:11:59+00:00,2026-10-08T00:13:21.601733+00:00,1942556871369959976,1942556871369959976,13,5,0,6,0,1,1,1,1791418267
2026-10-08T00:11:59+00:00,2026-10-08T00:13:21.601733+00:00,2131760674371160748,2131760674371160748,4,0,1,15,0,1,1,1,1791418268
2026-10-08T00:11:59+00:00,2026-10-08T00:13:21.601733+00:00,aa556ad4-0092-4687-96c2-8dbc69addb56,485,2,1,2,7,0,1,1,1,1791418269
2026-10-08T00:11:59+00:00,2026-10-08T00:13:21.601733+00:00,2249419943962214726,2249419943962214726,5,0,0,14,0,1,1,1,1791418268
2026-10-08T00:11:59+00:00,2026-10-08T00:13:21.601733+00:00,47c44bb1-d065-41f5-ad79-c18aee60af34,342,6,1,0,9,0,1,1,1,1791418270
2026-10-08T00:11:59+00:00,2026-10-08T00:13:21.601733+00:00,f83489ff-0de8-11e7-991c-3863bb43a7d0,59,2,0,0,16,1,1,1,1,1791418273
2026-10-08T00:11:59+00:00,2026-10-08T00:13:21.601733+00:00,1921360868231155718,1921360868231155718,1,0,1,17,0,1,1,1,1791418273
2026-10-08T00:11:59+00:00,2026-10-08T00:13:21.601733+00:00,f8346f6f-0de8-11e7-991c-3863bb43a7d0,19,8,1,1,5,0,1,1,1,1791418269
2026-10-08T00:11:59+00:00,2026-10-08T00:13:21.601733+00:00,1978882443666915710,1978882443666915710,5,0,0,12,1,1,1,1,1791418245
2026-10-08T00:11:59+00:00,2026-10-08T00:13:21.601733+00:00,f834fede-0de8-11e7-991c-3863bb43a7d0,144,6,0,0,13,0,1,1,1,1791418252
2026-10-08T00:11:59+00:00,2026-10-08T00:13:21.601733+00:00,2267959380696438832,2267959380696438832,7,0,0,4,0,1,1,1,1791418252
2026-10-08T00:11:59+00:00,2026-10-08T00:13:21.601733+00:00,2096125468116637776,2096125468116637776,15,0,0,0,0,1,1,1,1791418249
2026-10-08T00:11:59+00:00,2026-10-08T00:13:21.601733+00:00,f8349e56-0de8-11e7-991c-3863bb43a7d0,81,1,0,0,18,0,1,1,1,1791418250
2026-10-08T00:11:59+00:00,2026-10-08T00:13:21.601733+00:00,4fe8e777-345b-4fc2-a684-dd874e8186d8,4fe8e777-345b-4fc2-a684-dd874e8186d8,7,4,1,7,0,1,1,1,1791418248
2026-10-08T00:11:59+00:00,2026-10-08T00:13:21.601733+00:00,ca76adb6-4c84-4484-9ec3-b411b81ddbef,ca76adb6-4c84-4484-9ec3-b411b81ddbef,5,1,2,12,0,1,1,1,1791418253
2026-10-08T00:11:59+00:00,2026-10-08T00:13:21.601733+00:00,a3bf0bfe-198b-4160-a2fb-cc7d10cfb4cf,a3bf0bfe-198b-4160-a2fb-cc7d10cfb4cf,19,7,0,0,0,1,1,1,1791418243
2026-10-08T00:11:59+00:00,2026-10-08T00:13:21.601733+00:00,a83f982f-a4f1-43e4-98e8-c8f4a0bb7290,452,13,1,1,1,0,1,1,1,1791418244
2026-10-08T00:11:59+00:00,2026-10-08T00:13:21.601733+00:00,f835108b-0de8-11e7-991c-3863bb43a7d0,170,1,0,0,13,0,1,1,1,1791418248
2026-10-08T00:11:59+00:00,2026-10-08T00:13:21.601733+00:00,c23a4c0d-7e43-4042-80e2-7c894d07763b,559,5,1,0,6,0,1,1,1,1791418257
2026-10-08T00:11:59+00:00,2026-10-08T00:13:21.601733+00:00,9340e113-e0b2-48ac-b58a-8b6f001b0a94,486,4,1,0,7,0,1,1,1,1791418257
2026-10-08T00:11:59+00:00,2026-10-08T00:13:21.601733+00:00,f714390d-6874-43fa-a079-a07f83c79c7b,f714390d-6874-43fa-a079-a07f83c79c7b,7,1,0,4,0,1,1,1,1791418256
2026-10-08T00:11:59+00:00,2026-10-08T00:13:21.601733+00:00,f0f01d4c-ba4a-4ab2-9cc0-9fa1f9223300,394,4,1,0,10,0,1,1,1,1791418258
2026-10-08T00:11:59+00:00,2026-10-08T00:13:21.601733+00:00,f834a838-0de8-11e7-991c-3863bb43a7d0,92,15,0,0,3,0,1,1,1,1791418273
2026-10-08T00:11:59+00:00,2026-10-08T00:13:21.601733+00:00,0b0467c1-0c90-4529-a556-fe4d57835bbb,435,13,11,0,1,1,1,1,1,1791418273
2026-10-08T00:11:59+00:00,2026-10-08T00:13:21.601733+00:00,2093488029445054742,2093488029445054742,0,0,0,28,0,1,1,1,1791418274
2026-10-08T00:11:59+00:00,2026-10-08T00:13:21.601733+00:00,2104f242-2dde-4ec0-8197-4454b1021ac1,381,21,3,0,3,1,1,1,1,1791418275
2026-10-08T00:11:59+00:00,2026-10-08T00:13:21.601733+00:00,f83529e2-0de8-11e7-991c-3863bb43a7d0,211,9,1,1,5,0,1,1,1,1791418277
2026-10-08T00:11:59+00:00,2026-10-08T00:13:21.601733+00:00,93381e13-cd04-4e10-ac81-9f5926aa01d5,333,9,2,1,15,0,1,1,1,1791418278
2026-10-08T00:11:59+00:00,2026-10-08T00:13:21.601733+00:00,f834ba08-0de8-11e7-991c-3863bb43a7d0,108,0,0,1,15,0,1,1,1,1791418276
2026-10-08T00:11:59+00:00,2026-10-08T00:13:21.601733+00:00,f834b99d-0de8-11e7-991c-3863bb43a7d0,107,1,0,1,17,0,1,1,1,1791418276
2026-10-08T00:11:59+00:00,2026-10-08T00:13:21.601733+00:00,7feae3ce-ddf2-4a45-a123-1209c8a9182b,484,2,0,0,9,0,1,1,1,1791418277
2026-10-08T00:11:59+00:00,2026-10-08T00:13:21.601733+00:00,2035660824473983142,2035660824473983142,7,0,0,11,1,1,1,1,1791418276
2026-10-08T00:11:59+00:00,2026-10-08T00:13:21.601733+00:00,2123672938202825324,2123672938202825324,9,0,0,6,0,1,1,1,1791418280
2026-10-08T00:11:59+00:00,2026-10-08T00:13:21.601733+00:00,9f582e05-15e0-4a39-aef5-c719e0c78e26,466,2,1,2,7,0,1,1,1,1791418279
2026-10-08T00:11:59+00:00,2026-10-08T00:13:21.601733+00:00,81676204-e42f-4d3d-991e-9c1264f36229,357,15,1,0,0,0,1,1,1,1791418281
2026-10-08T00:11:59+00:00,2026-10-08T00:13:21.601733+00:00,2007420398783036020,2007420398783036020,6,0,0,14,0,1,1,1,1791418282
2026-10-08T00:11:59+00:00,2026-10-08T00:13:21.601733+00:00,8347c34d-68df-404b-ac58-7a387cc3ce4b,414,4,2,0,19,0,1,1,1,1791418282
2026-10-08T00:11:59+00:00,2026-10-08T00:13:21.601733+00:00,403c0f6c-d01a-4171-a7be-3aa4dbb0d7d1,407,1,0,2,15,0,1,1,1,1791418282
2026-10-08T00:11:59+00:00,2026-10-08T00:13:21.601733+00:00,f834824e-0de8-11e7-991c-3863bb43a7d0,43,1,0,0,14,0,1,1,1,1791418279
2026-10-08T00:11:59+00:00,2026-10-08T00:13:21.601733+00:00,c202f2ca-ec1d-4dc5-a734-e0a342f23ba4,279,21,5,1,1,0,1,1,1,1791418278
2026-10-08T00:11:59+00:00,2026-10-08T00:13:21.601733+00:00,f834a3a0-0de8-11e7-991c-3863bb43a7d0,87,13,4,0,2,0,1,1,1,1791418283
2026-10-08T00:11:59+00:00,2026-10-08T00:13:21.601733+00:00,f8347b1e-0de8-11e7-991c-3863bb43a7d0,30,0,0,0,15,0,1,1,1,1791418283
2026-10-08T00:11:59+00:00,2026-10-08T00:13:21.601733+00:00,2225590560002383786,2225590560002383786,0,0,0,15,0,1,1,1,1791418283
2026-10-08T00:11:59+00:00,2026-10-08T00:13:21.601733+00:00,42886366-9cbf-432c-ba84-beef38877c87,408,14,4,1,0,0,1,1,1,1791418283
2026-10-08T00:11:59+00:00,2026-10-08T00:13:21.601733+00:00,2109111257926871498,2109111257926871498,14,2,0,5,0,1,1,1,1791418284
2026-10-08T00:11:59+00:00,2026-10-08T00:13:21.601733+00:00,4c128753-6fde-4d4c-896e-a1adf89ada98,4c128753-6fde-4d4c-896e-a1adf89ada98,1,0,2,21,1,1,1,1,1791418284
2026-10-08T00:11:59+00:00,2026-10-08T00:13:21.601733+00:00,f8285d4f-5053-4e26-bb28-72016fe11353,405,13,0,1,5,0,1,1,1,1791418284
2026-10-08T00:11:59+00:00,2026-10-08T00:13:21.601733+00:00,f834fc57-0de8-11e7-991c-3863bb43a7d0,140,15,3,0,2,0,1,1,1,1791418285
2026-10-08T00:11:59+00:00,2026-10-08T00:13:21.601733+00:00,74cb9bf6-bb53-4c70-88d2-67998b99628c,296,23,10,0,0,0,1,1,1,1791418285
2026-10-08T00:11:59+00:00,2026-10-08T00:13:21.601733+00:00,f834dedf-0de8-11e7-991c-3863bb43a7d0,124,6,3,1,7,0,1,1,1,1791418285
2026-10-08T00:11:59+00:00,2026-10-08T00:13:21.601733+00:00,f83515d8-0de8-11e7-991c-3863bb43a7d0,182,12,0,0,6,0,1,1,1,1791418287
2026-10-08T00:11:59+00:00,2026-10-08T00:13:21.601733+00:00,12d463d2-ce50-43bd-81b1-6be4dbdbbc1b,430,13,4,0,6,0,1,1,1,1791418289
2026-10-08T00:11:59+00:00,2026-10-08T00:13:21.601733+00:00,2130224177726511580,2130224177726511580,7,0,0,8,0,1,1,1,1791418289
2026-10-08T00:11:59+00:00,2026-10-08T00:13:21.601733+00:00,2254164250455119196,2254164250455119196,6,6,0,9,0,1,1,1,1791418280
2026-10-08T00:11:59+00:00,2026-10-08T00:13:21.601733+00:00,9e9be067-c6bb-41de-9491-eda69d24d6de,371,10,6,0,8,1,1,1,1,1791418291
2026-10-08T00:11:59+00:00,2026-10-08T00:13:21.601733+00:00,f8351dc2-0de8-11e7-991c-3863bb43a7d0,188,9,2,0,5,0,1,1,1,1791418292
2026-10-08T00:11:59+00:00,2026-10-08T00:13:21.601733+00:00,eb8824c3-9c84-4fec-8d6f-d537c8ab3beb,349,13,10,0,3,1,1,1,1,1791418291
2026-10-08T00:11:59+00:00,2026-10-08T00:13:21.601733+00:00,0daf7408-7a15-4d2b-8c39-f1a097cdbe85,403,15,3,0,0,0,1,1,1,1791418290
2026-10-08T00:11:59+00:00,2026-10-08T00:13:21.601733+00:00,f834f8ca-0de8-11e7-991c-3863bb43a7d0,137,17,10,0,2,0,1,1,1,1791418292
2026-10-08T00:11:59+00:00,2026-10-08T00:13:21.601733+00:00,2220822464984366036,2220822464984366036,5,2,0,7,0,1,1,1,1791418293
2026-10-08T00:11:59+00:00,2026-10-08T00:13:21.601733+00:00,fe534b6f-61ad-47d3-b9f6-cdaa128f53a4,395,4,0,2,9,0,1,1,1,1791418293
2026-10-08T00:11:59+00:00,2026-10-08T00:13:21.601733+00:00,7df1ee28-441e-44c1-8507-8f58946be96b,239,5,0,0,10,0,1,1,1,1791418293
2026-10-08T00:11:59+00:00,2026-10-08T00:13:21.601733+00:00,c1789d39-705f-4c03-9c14-4d6a3a4f4400,561,5,0,0,14,0,1,1,1,1791418293
2026-10-08T00:11:59+00:00,2026-10-08T00:13:21.601733+00:00,f8351490-0de8-11e7-991c-3863bb43a7d0,179,16,0,3,34,1,1,1,1,1791418293
2026-10-08T00:11:59+00:00,2026-10-08T00:13:21.601733+00:00,f83471a1-0de8-11e7-991c-3863bb43a7d0,23,2,0,0,22,1,1,1,1,1791418294
2026-10-08T00:11:59+00:00,2026-10-08T00:13:21.601733+00:00,2040842277416872172,2040842277416872172,2,0,0,14,0,1,1,1,1791418205
2026-10-08T00:11:59+00:00,2026-10-08T00:13:21.601733+00:00,e2c306f6-82c7-4d0d-89fd-c9452d2f9ad1,361,18,3,3,22,0,1,1,1,1791418297
2026-10-08T00:11:59+00:00,2026-10-08T00:13:21.601733+00:00,f8352ac4-0de8-11e7-991c-3863bb43a7d0,213,5,0,3,6,0,1,1,1,1791418296
2026-10-08T00:11:59+00:00,2026-10-08T00:13:21.601733+00:00,f8350204-0de8-11e7-991c-3863bb43a7d0,151,1,0,0,18,0,1,1,1,1791418297
2026-10-08T00:11:59+00:00,2026-10-08T00:13:21.601733+00:00,52485851-e554-49de-ab9f-f536806d2d34,52485851-e554-49de-ab9f-f536806d2d34,4,4,1,5,0,1,1,1,1791418297
2026-10-08T00:11:59+00:00,2026-10-08T00:13:21.601733+00:00,00802fe6-4268-4dc8-8f55-0dbbc1665ce6,515,4,0,0,14,0,1,1,1,1791418296
2026-10-08T00:11:59+00:00,2026-10-08T00:13:21.601733+00:00,f8349ed6-0de8-11e7-991c-3863bb43a7d0,82,16,4,1,8,0,1,1,1,1791418294
2026-10-08T00:11:59+00:00,2026-10-08T00:13:21.601733+00:00,2245672241002318634,2245672241002318634,8,0,1,9,0,1,1,1,1791418298
2026-10-08T00:11:59+00:00,2026-10-08T00:13:21.601733+00:00,5bbdd12f-fec4-4741-9d5d-4a60834c5d02,377,5,2,0,14,0,1,1,1,1791418298
2026-10-08T00:11:59+00:00,2026-10-08T00:13:21.601733+00:00,1df03e33-c105-4e53-b013-d20056cd57f8,1df03e33-c105-4e53-b013-d20056cd57f8,0,0,0,0,0,0,0,0,86400
2026-10-08T00:11:59+00:00,2026-10-08T00:13:21.601733+00:00,2246034666940677832,2246034666940677832,5,0,0,6,0,1,1,1,1791418154
2026-10-08T00:11:59+00:00,2026-10-08T00:13:21.601733+00:00,6aebc664-1e3c-479f-8f65-2bae99215ed3,6aebc664-1e3c-479f-8f65-2bae99215ed3,6,4,0,5,0,1,1,1,1791418178
2026-10-08T00:11:59+00:00,2026-10-08T00:13:21.601733+00:00,868ccc83-99e5-4faf-96eb-e1fae26b9741,481,3,1,0,16,0,1,1,1,1791418181
2026-10-08T00:11:59+00:00,2026-10-08T00:13:21.601733+00:00,f8347c41-0de8-11e7-991c-3863bb43a7d0,32,4,1,0,10,0,1,1,1,1791418183
2026-10-08T00:11:59+00:00,2026-10-08T00:13:21.601733+00:00,1cced911-b428-4cfd-81be-3a8f77ce7379,233,10,0,1,4,0,1,1,1,1791418182
2026-10-08T00:11:59+00:00,2026-10-08T00:13:21.601733+00:00,a6e0db4f-fc9b-42af-bfe0-36cc0259b717,446,1,1,1,14,0,1,1,1,1791418183
2026-10-08T00:11:59+00:00,2026-10-08T00:13:21.601733+00:00,8983c75a-12c1-4995-aedc-24c94bd895e3,384,0,0,0,19,0,1,1,1,1791418182
2026-10-08T00:11:59+00:00,2026-10-08T00:13:21.601733+00:00,d5349097-b478-4b3f-9c46-d8fbcf38e3f4,509,7,0,0,5,0,1,1,1,1791418186
2026-10-08T00:11:59+00:00,2026-10-08T00:13:21.601733+00:00,7560f0e3-267b-4fb3-bbfa-6e02010cfcb7,225,15,2,0,4,0,1,1,1,1791418185
2026-10-08T00:11:59+00:00,2026-10-08T00:13:21.601733+00:00,ff938129-8179-455c-9ac9-9fcb9fc0b6d5,ff938129-8179-455c-9ac9-9fcb9fc0b6d5,10,5,0,9,0,1,1,1,1791418243
2026-10-08T00:11:59+00:00,2026-10-08T00:13:21.601733+00:00,d8ce5f8b-2440-45e1-ab1c-23cb3bcbde84,527,5,2,0,8,0,1,1,1,1791418244
2026-10-08T00:11:59+00:00,2026-10-08T00:13:21.601733+00:00,f834f6a3-0de8-11e7-991c-3863bb43a7d0,135,0,0,0,17,0,1,1,1,1791418246
2026-10-08T00:11:59+00:00,2026-10-08T00:13:21.601733+00:00,36f36eed-1070-49be-8b31-5676b8b3489f,227,6,0,0,13,0,1,1,1,1791418245
2026-10-08T00:11:59+00:00,2026-10-08T00:13:21.601733+00:00,fe90d430-d33f-48b2-a5cd-bc161b220939,553,0,0,0,23,0,1,1,1,1791418244
2026-10-08T00:11:59+00:00,2026-10-08T00:13:21.601733+00:00,295553ea-851b-4ac2-a094-f9d1208e399a,412,9,0,0,10,0,1,1,1,1791418248
2026-10-08T00:11:59+00:00,2026-10-08T00:13:21.601733+00:00,940638c5-7cd0-4a11-899e-86af3868d400,532,7,1,0,11,0,1,1,1,1791418250
2026-10-08T00:11:59+00:00,2026-10-08T00:13:21.601733+00:00,f83491d4-0de8-11e7-991c-3863bb43a7d0,64,0,0,1,22,0,1,1,1,1791418251
2026-10-08T00:11:59+00:00,2026-10-08T00:13:21.601733+00:00,b6a8522d-296d-4c05-887d-842374520780,545,10,10,0,3,1,1,1,1,1791418251
2026-10-08T00:11:59+00:00,2026-10-08T00:13:21.601733+00:00,d7507124-4cab-4063-8445-a59a33a3d6e4,512,7,2,1,11,0,1,1,1,1791418253
2026-10-08T00:11:59+00:00,2026-10-08T00:13:21.601733+00:00,2118728866631796788,2118728866631796788,4,0,0,11,0,1,1,1,1791418192
2026-10-08T00:11:59+00:00,2026-10-08T00:13:21.601733+00:00,d22265a8-a6d7-4922-a6b5-4be738a9e5c4,392,5,2,0,10,0,1,1,1,1791418187
2026-10-08T00:11:59+00:00,2026-10-08T00:13:21.601733+00:00,61168d8b-20b7-46c8-8f08-6ae1f100c4e0,550,2,1,0,15,0,1,1,1,1791418191
2026-10-08T00:11:59+00:00,2026-10-08T00:13:21.601733+00:00,2027502297316997708,2027502297316997708,10,3,0,1,0,1,1,1,1791418212
2026-10-08T00:11:59+00:00,2026-10-08T00:13:21.601733+00:00,270ad97d-035d-472a-9827-76d3187afc56,402,15,4,0,0,0,1,1,1,1791418213
2026-10-08T00:11:59+00:00,2026-10-08T00:13:21.601733+00:00,1965873511294959658,1965873511294959658,2,0,0,21,0,1,1,1,1791418257
2026-10-08T00:11:59+00:00,2026-10-08T00:13:21.601733+00:00,f8351f1d-0de8-11e7-991c-3863bb43a7d0,191,5,0,0,10,0,1,1,1,1791418254
2026-10-08T00:11:59+00:00,2026-10-08T00:13:21.601733+00:00,2043911250700610106,2043911250700610106,0,0,0,15,0,1,1,1,1791418189
2026-10-08T00:11:59+00:00,2026-10-08T00:13:21.601733+00:00,f834723b-0de8-11e7-991c-3863bb43a7d0,24,2,0,1,20,0,1,1,1,1791418193
2026-10-08T00:11:59+00:00,2026-10-08T00:13:21.601733+00:00,25a9114f-66f0-427c-920f-5526ca84f056,346,5,2,0,10,0,1,1,1,1791418216
2026-10-08T00:11:59+00:00,2026-10-08T00:13:21.601733+00:00,f9524971-e9f9-4572-aebc-580e48de042f,f9524971-e9f9-4572-aebc-580e48de042f,17,3,0,2,0,1,1,1,1791418217
2026-10-08T00:11:59+00:00,2026-10-08T00:13:21.601733+00:00,68e5e79a-3c94-4848-b619-9c0829d7f687,475,14,2,1,0,0,1,1,1,1791418218
2026-10-08T00:11:59+00:00,2026-10-08T00:13:21.601733+00:00,48abed77-c9ba-4a39-8a5c-6a1e9bb8a9a5,48abed77-c9ba-4a39-8a5c-6a1e9bb8a9a5,13,3,1,2,0,1,1,1,1791418220
2026-10-08T00:11:59+00:00,2026-10-08T00:13:21.601733+00:00,f834a8a0-0de8-11e7-991c-3863bb43a7d0,93,10,0,1,20,0,1,1,1,1791418218
2026-10-08T00:11:59+00:00,2026-10-08T00:13:21.601733+00:00,f8350ecf-0de8-11e7-991c-3863bb43a7d0,167,10,5,0,5,0,1,1,1,1791418214
2026-10-08T00:11:59+00:00,2026-10-08T00:13:21.601733+00:00,ccf82572-a142-4378-9a4b-5a51fcb4ef81,350,5,1,0,12,0,1,1,1,1791418214
2026-10-08T00:11:59+00:00,2026-10-08T00:13:21.601733+00:00,f83513a7-0de8-11e7-991c-3863bb43a7d0,177,5,0,0,14,0,1,1,1,1791418219
2026-10-08T00:11:59+00:00,2026-10-08T00:13:21.601733+00:00,2119105928286481344,2119105928286481344,7,1,0,12,0,1,1,1,1791418213
2026-10-08T00:11:59+00:00,2026-10-08T00:13:21.601733+00:00,f8347f09-0de8-11e7-991c-3863bb43a7d0,37,2,0,0,13,0,1,1,1,1791418205
2026-10-08T00:11:59+00:00,2026-10-08T00:13:21.601733+00:00,51bb4381-dae4-4aeb-b213-0614b807be29,344,0,0,0,19,0,1,1,1,1791418198
2026-10-08T00:11:59+00:00,2026-10-08T00:13:21.601733+00:00,56817d8e-3a1c-431a-a529-1a600f80c364,366,12,1,0,15,0,1,1,1,1791418198
2026-10-08T00:11:59+00:00,2026-10-08T00:13:21.601733+00:00,1994466222105870452,1994466222105870452,7,4,2,2,0,1,1,1,1791418204
2026-10-08T00:11:59+00:00,2026-10-08T00:13:21.601733+00:00,f834c7a9-0de8-11e7-991c-3863bb43a7d0,112,7,4,0,8,0,1,1,1,1791418204
2026-10-08T00:11:59+00:00,2026-10-08T00:13:21.601733+00:00,f834cfd8-0de8-11e7-991c-3863bb43a7d0,117,0,0,4,11,1,1,1,1,1791418206
2026-10-08T00:11:59+00:00,2026-10-08T00:13:21.601733+00:00,23146f28-9762-4a6d-a6db-fcd4ff0e5d07,356,14,1,0,9,0,1,1,1,1791418230
2026-10-08T00:11:59+00:00,2026-10-08T00:13:21.601733+00:00,57716f8d-c9ee-4768-8872-71343ec3ffd8,514,6,2,2,11,0,1,1,1,1791418228
2026-10-08T00:11:59+00:00,2026-10-08T00:13:21.601733+00:00,f834a959-0de8-11e7-991c-3863bb43a7d0,94,6,5,0,4,0,1,1,1,1791418227
2026-10-08T00:11:59+00:00,2026-10-08T00:13:21.601733+00:00,baab0b05-a028-4147-8432-a2726c7e48ea,328,0,0,10,0,0,1,0,0,1791418228
2026-10-08T00:11:59+00:00,2026-10-08T00:13:21.601733+00:00,f8347e78-0de8-11e7-991c-3863bb43a7d0,36,12,0,3,16,0,1,1,1,1791418285
2026-10-08T00:11:59+00:00,2026-10-08T00:13:21.601733+00:00,aa964f5b-fadf-4fc1-8c91-84ee36e15f0d,341,15,0,0,0,0,1,1,1,1791418285
2026-10-08T00:11:59+00:00,2026-10-08T00:13:21.601733+00:00,8a404180-7c2e-4dbe-9489-c478ed959282,8a404180-7c2e-4dbe-9489-c478ed959282,0,0,2,17,0,1,1,1,1791418284
2026-10-08T00:11:59+00:00,2026-10-08T00:13:21.601733+00:00,f834b101-0de8-11e7-991c-3863bb43a7d0,97,9,0,1,8,1,1,1,1,1791418284
2026-10-08T00:11:59+00:00,2026-10-08T00:13:21.601733+00:00,1994054629753598708,1994054629753598708,12,3,0,2,0,1,1,1,1791418282
2026-10-08T00:11:59+00:00,2026-10-08T00:13:21.601733+00:00,cf5f920f-b61d-4db0-b139-14aff04d577c,459,22,4,0,1,0,1,1,1,1791418282
2026-10-08T00:11:59+00:00,2026-10-08T00:13:21.601733+00:00,f8350cc1-0de8-11e7-991c-3863bb43a7d0,162,0,0,0,15,0,1,1,1,1791418284
2026-10-08T00:11:59+00:00,2026-10-08T00:13:21.601733+00:00,1e1b40cd-8e00-4b74-b147-be6b23f5c9e7,385,2,0,0,13,0,1,1,1,1791418286
2026-10-08T00:11:59+00:00,2026-10-08T00:13:21.601733+00:00,f8349440-0de8-11e7-991c-3863bb43a7d0,68,4,0,1,14,0,1,1,1,1791418290
2026-10-08T00:11:59+00:00,2026-10-08T00:13:21.601733+00:00,0208190e-851c-417d-8bc7-1b218db97fbf,0208190e-851c-417d-8bc7-1b218db97fbf,1,0,0,22,0,1,1,1,1791418289
2026-10-08T00:11:59+00:00,2026-10-08T00:13:21.601733+00:00,f8350b76-0de8-11e7-991c-3863bb43a7d0,159,2,2,2,15,1,1,1,1,1791418289
2026-10-08T00:11:59+00:00,2026-10-08T00:13:21.601733+00:00,9721c80e-fc8f-474f-8918-b68c041d2836,9721c80e-fc8f-474f-8918-b68c041d2836,5,0,2,16,0,1,1,1,1791418289
2026-10-08T00:11:59+00:00,2026-10-08T00:13:21.601733+00:00,ef6ef93b-488f-496b-afbf-3aedfd967129,517,4,2,0,11,0,1,1,1,1791418289
2026-10-08T00:11:59+00:00,2026-10-08T00:13:21.601733+00:00,f8349b20-0de8-11e7-991c-3863bb43a7d0,76,14,5,0,2,0,1,1,1,1791418286
2026-10-08T00:11:59+00:00,2026-10-08T00:13:21.601733+00:00,b205d2bb-bb76-49ac-8d14-85eec5a874d3,343,8,2,1,6,0,1,1,1,1791418288
2026-10-08T00:11:59+00:00,2026-10-08T00:13:21.601733+00:00,f2b83aa2-86cd-4904-a099-74bf2023f768,330,12,0,1,2,0,1,1,1,1791418291
2026-10-08T00:11:59+00:00,2026-10-08T00:13:21.601733+00:00,90330e1a-dee5-4914-9d3f-3891aeca12ca,434,11,2,1,7,0,1,1,1,1791418291
2026-10-08T00:11:59+00:00,2026-10-08T00:13:21.601733+00:00,9bfa4a32-5598-46ea-a1a1-17b4c6ed9d84,431,10,2,0,5,0,1,1,1,1791418292
2026-10-08T00:11:59+00:00,2026-10-08T00:13:21.601733+00:00,7e1dae55-4d3d-4a41-b969-2aeca70e0e69,7e1dae55-4d3d-4a41-b969-2aeca70e0e69,1,0,1,9,0,1,1,1,1791418290
2026-10-08T00:11:59+00:00,2026-10-08T00:13:21.601733+00:00,ad2cf74c-0e8c-4e15-8f19-2259e8c82f0f,404,13,1,0,3,0,1,1,1,1791418288
2026-10-08T00:11:59+00:00,2026-10-08T00:13:21.601733+00:00,2069389896750516900,2069389896750516900,15,0,1,4,0,1,1,1,1791418291
2026-10-08T00:11:59+00:00,2026-10-08T00:13:21.601733+00:00,f834708e-0de8-11e7-991c-3863bb43a7d0,21,0,0,1,17,0,1,1,1,1791418292
2026-10-08T00:11:59+00:00,2026-10-08T00:13:21.601733+00:00,f83497b9-0de8-11e7-991c-3863bb43a7d0,74,0,0,0,19,0,1,1,1,1791418293
2026-10-08T00:11:59+00:00,2026-10-08T00:13:21.601733+00:00,2090158541932726550,2090158541932726550,6,1,1,8,0,1,1,1,1791418296
2026-10-08T00:11:59+00:00,2026-10-08T00:13:21.601733+00:00,2227858849424910006,2227858849424910006,7,0,0,1,0,1,1,1,1791418296
2026-10-08T00:11:59+00:00,2026-10-08T00:13:21.601733+00:00,f8352b39-0de8-11e7-991c-3863bb43a7d0,214,4,1,1,8,1,1,1,1,1791418296
2026-10-08T00:11:59+00:00,2026-10-08T00:13:21.601733+00:00,1991922092203192944,1991922092203192944,2,0,1,16,0,1,1,1,1791418296
2026-10-08T00:11:59+00:00,2026-10-08T00:13:21.601733+00:00,dede6d5f-7d62-496e-a8ca-d5a64afe39c1,544,15,6,0,0,0,1,1,1,1791418297
2026-10-08T00:11:59+00:00,2026-10-08T00:13:21.601733+00:00,f835288a-0de8-11e7-991c-3863bb43a7d0,208,15,1,0,0,0,1,1,1,1791418293
2026-10-08T00:11:59+00:00,2026-10-08T00:13:21.601733+00:00,f83488be-0de8-11e7-991c-3863bb43a7d0,56,3,1,2,13,0,1,1,1,1791418293
2026-10-08T00:11:59+00:00,2026-10-08T00:13:21.601733+00:00,f8346ad7-0de8-11e7-991c-3863bb43a7d0,11,0,0,0,15,0,1,1,1,1791418294
2026-10-08T00:11:59+00:00,2026-10-08T00:13:21.601733+00:00,1986302395589722758,1986302395589722758,6,0,0,4,0,1,1,1,1791418294
2026-10-08T00:11:59+00:00,2026-10-08T00:13:21.601733+00:00,380de8b2-2728-4e4b-83f1-251bfbb5acf2,487,10,3,0,9,0,1,1,1,1791418292
2026-10-08T00:11:59+00:00,2026-10-08T00:13:21.601733+00:00,2090635592862466836,2090635592862466836,0,0,2,28,1,1,1,1,1791418292
2026-10-08T00:11:59+00:00,2026-10-08T00:13:21.601733+00:00,e4678b17-face-42c3-9b5f-98418d31e3b6,e4678b17-face-42c3-9b5f-98418d31e3b6,10,2,0,1,0,1,1,1,1791418293
2026-10-08T00:11:59+00:00,2026-10-08T00:13:21.601733+00:00,c5cfd1ed-aa44-4e20-96bb-e334c96f0d68,376,8,0,0,7,0,1,1,1,1791418295
2026-10-08T00:11:59+00:00,2026-10-08T00:13:21.601733+00:00,2085737662370069102,2085737662370069102,17,5,0,1,1,1,1,1,1791418295
2026-10-08T00:11:59+00:00,2026-10-08T00:13:21.601733+00:00,2141791438824588162,2141791438824588162,10,0,0,9,0,1,1,1,1791418199
2026-10-08T00:11:59+00:00,2026-10-08T00:13:21.601733+00:00,f8346b6f-0de8-11e7-991c-3863bb43a7d0,12,1,0,0,26,0,1,1,1,1791418221
2026-10-08T00:11:59+00:00,2026-10-08T00:13:21.601733+00:00,2080205593583047424,2080205593583047424,12,0,0,4,0,1,1,1,1791418223
2026-10-08T00:11:59+00:00,2026-10-08T00:13:21.601733+00:00,2270454512964591136,2270454512964591136,1,0,0,18,0,1,1,1,1791418259
2026-10-08T00:11:59+00:00,2026-10-08T00:13:21.601733+00:00,7f68a70d-af0e-450a-b7a8-ce621cd0c8c1,280,14,5,0,5,0,1,1,1,1791418261
2026-10-08T00:11:59+00:00,2026-10-08T00:13:21.601733+00:00,903b9b5d-4244-43e4-8441-0d17f9a994f7,528,1,0,0,10,0,1,1,1,1791418262
2026-10-08T00:11:59+00:00,2026-10-08T00:13:21.601733+00:00,f8348622-0de8-11e7-991c-3863bb43a7d0,50,0,0,0,19,0,1,1,1,1791418262
2026-10-08T00:11:59+00:00,2026-10-08T00:13:21.601733+00:00,888780ee-bf2f-474e-9622-6bc725aa1b00,888780ee-bf2f-474e-9622-6bc725aa1b00,5,0,0,6,0,1,1,1,1791418264
2026-10-08T00:11:59+00:00,2026-10-08T00:13:21.601733+00:00,8d893519-bc21-4536-b346-f558988bc8ad,260,10,1,0,5,0,1,1,1,1791418263
2026-10-08T00:11:59+00:00,2026-10-08T00:13:21.601733+00:00,1a661bb7-7d14-49e9-ac3d-22bafec8a2f0,507,6,2,1,4,0,1,1,1,1791418258
2026-10-08T00:11:59+00:00,2026-10-08T00:13:21.601733+00:00,f8352534-0de8-11e7-991c-3863bb43a7d0,204,3,3,2,10,0,1,1,1,1791418259
2026-10-08T00:11:59+00:00,2026-10-08T00:13:21.601733+00:00,f8347ccd-0de8-11e7-991c-3863bb43a7d0,33,10,0,0,17,0,1,1,1,1791418264
2026-10-08T00:11:59+00:00,2026-10-08T00:13:21.601733+00:00,f834e534-0de8-11e7-991c-3863bb43a7d0,128,2,2,0,17,0,1,1,1,1791418267
2026-10-08T00:11:59+00:00,2026-10-08T00:13:21.601733+00:00,f834b8b3-0de8-11e7-991c-3863bb43a7d0,105,17,4,0,0,0,1,1,1,1791418267
2026-10-08T00:11:59+00:00,2026-10-08T00:13:21.601733+00:00,2259733531216984776,2259733531216984776,5,3,0,10,0,1,1,1,1791418266
2026-10-08T00:11:59+00:00,2026-10-08T00:13:21.601733+00:00,fbc512a5-4b98-4821-bcfb-bb0c7ac83543,365,0,0,0,19,0,1,1,1,1791418269
2026-10-08T00:11:59+00:00,2026-10-08T00:13:21.601733+00:00,8b97606e-a849-4db8-ae9b-4009fe48d90b,556,8,1,0,11,0,1,1,1,1791418270
2026-10-08T00:11:59+00:00,2026-10-08T00:13:21.601733+00:00,ea65c25f-0718-4f79-8588-c58b9fe3a105,226,12,4,1,1,1,1,1,1,1791418270
2026-10-08T00:11:59+00:00,2026-10-08T00:13:21.601733+00:00,2088704000370565344,2088704000370565344,3,0,2,7,0,1,1,1,1791418266
2026-10-08T00:11:59+00:00,2026-10-08T00:13:21.601733+00:00,f83517fa-0de8-11e7-991c-3863bb43a7d0,187,6,3,0,9,0,1,1,1,1791418267
2026-10-08T00:11:59+00:00,2026-10-08T00:13:21.601733+00:00,f834abfd-0de8-11e7-991c-3863bb43a7d0,96,9,0,3,7,0,1,1,1,1791418269
2026-10-08T00:11:59+00:00,2026-10-08T00:13:21.601733+00:00,b34694c2-c640-4f70-b196-1c357ab798e0,b34694c2-c640-4f70-b196-1c357ab798e0,12,4,0,3,0,1,1,1,1791418231
2026-10-08T00:11:59+00:00,2026-10-08T00:13:21.601733+00:00,2085366936904166272,2085366936904166272,8,0,2,5,0,1,1,1,1791418236
2026-10-08T00:11:59+00:00,2026-10-08T00:13:21.601733+00:00,f83492b4-0de8-11e7-991c-3863bb43a7d0,66,13,3,1,1,0,1,1,1,1791418240
2026-10-08T00:11:59+00:00,2026-10-08T00:13:21.601733+00:00,5b1d2661-8a93-4f14-b242-ebc52792f951,337,15,2,0,0,0,1,1,1,1791418273
2026-10-08T00:11:59+00:00,2026-10-08T00:13:21.601733+00:00,f834662c-0de8-11e7-991c-3863bb43a7d0,5,10,0,0,5,0,1,1,1,1791418271
2026-10-08T00:11:59+00:00,2026-10-08T00:13:21.601733+00:00,f83482d2-0de8-11e7-991c-3863bb43a7d0,44,2,0,0,29,0,1,1,1,1791418271
2026-10-08T00:11:59+00:00,2026-10-08T00:13:21.601733+00:00,2249415127458891992,2249415127458891992,13,0,0,2,0,1,1,1,1791418276
2026-10-08T00:11:59+00:00,2026-10-08T00:13:21.601733+00:00,df03c61a-29d7-445d-9980-d7f058916591,345,2,0,0,17,0,1,1,1,1791418276
2026-10-08T00:11:59+00:00,2026-10-08T00:13:21.601733+00:00,f8346d23-0de8-11e7-991c-3863bb43a7d0,15,6,1,0,9,0,1,1,1,1791418274
2026-10-08T00:11:59+00:00,2026-10-08T00:13:21.601733+00:00,f8352219-0de8-11e7-991c-3863bb43a7d0,197,7,4,1,7,0,1,1,1,1791418275
2026-10-08T00:11:59+00:00,2026-10-08T00:13:21.601733+00:00,2087949096844032050,2087949096844032050,14,3,1,0,0,1,1,1,1791418271
2026-10-08T00:11:59+00:00,2026-10-08T00:13:21.601733+00:00,f83511d4-0de8-11e7-991c-3863bb43a7d0,173,8,0,0,5,1,1,1,1,1791418276
2026-10-08T00:11:59+00:00,2026-10-08T00:13:21.601733+00:00,2039109354743046934,2039109354743046934,8,0,2,9,1,1,1,1,1791418277
2026-10-08T00:11:59+00:00,2026-10-08T00:13:21.601733+00:00,2014865445230483952,2014865445230483952,9,2,0,8,0,1,1,1,1791418276
2026-10-08T00:11:59+00:00,2026-10-08T00:13:21.601733+00:00,1963613484180639992,1963613484180639992,17,2,0,2,0,1,1,1,1791418278
2026-10-08T00:11:59+00:00,2026-10-08T00:13:21.601733+00:00,f8346803-0de8-11e7-991c-3863bb43a7d0,8,10,2,0,9,0,1,1,1,1791418280
2026-10-08T00:11:59+00:00,2026-10-08T00:13:21.601733+00:00,81323081-749c-44cf-ac62-0e6c64305c32,461,11,1,0,0,0,1,1,1,1791418280
2026-10-08T00:11:59+00:00,2026-10-08T00:13:21.601733+00:00,2040842870122359032,2040842870122359032,0,0,0,20,0,1,1,1,1791418281
2026-10-08T00:11:59+00:00,2026-10-08T00:13:21.601733+00:00,2145094035874873892,2145094035874873892,3,0,2,14,0,1,1,1,1791418275
2026-10-08T00:11:59+00:00,2026-10-08T00:13:21.601733+00:00,2110984374959099994,2110984374959099994,6,1,0,14,0,1,1,1,1791418298
2026-10-08T00:11:59+00:00,2026-10-08T00:13:21.601733+00:00,2270212773802111256,2270212773802111256,13,3,1,5,0,1,1,1,1791418298
2026-10-08T00:11:59+00:00,2026-10-08T00:13:21.601733+00:00,f8352ba8-0de8-11e7-991c-3863bb43a7d0,215,1,0,0,14,0,1,1,1,1791418299
2026-10-08T00:11:59+00:00,2026-10-08T00:13:21.601733+00:00,99675a11-a92c-465c-bf5a-434b08ba5fc6,400,15,2,2,35,0,1,1,1,1791418298
2026-10-08T00:11:59+00:00,2026-10-08T00:13:21.601733+00:00,2103549125054737064,2103549125054737064,4,2,0,12,0,1,1,1,1791418063
2026-10-08T00:11:59+00:00,2026-10-08T00:13:21.601733+00:00,103a9881-e30a-4d57-b81d-863b995ff759,255,0,0,0,0,0,0,0,0,86400
2026-10-08T00:11:59+00:00,2026-10-08T00:13:21.601733+00:00,2136942888571742916,2136942888571742916,0,0,1,14,0,1,1,1,1791418152
2026-10-08T00:11:59+00:00,2026-10-08T00:13:21.601733+00:00,2170342425741020744,2170342425741020744,14,5,0,3,0,1,1,1,1791418172
2026-10-08T00:11:59+00:00,2026-10-08T00:13:21.601733+00:00,ef54374b-0406-4b17-b0a1-847f1d7bea06,410,12,1,0,3,0,1,1,1,1791418181
2026-10-08T00:11:59+00:00,2026-10-08T00:13:21.601733+00:00,f36e24cd-de4c-4a5e-adf4-cb97ccd2958d,505,5,1,2,4,0,1,1,1,1791418179
2026-10-08T00:11:59+00:00,2026-10-08T00:13:21.601733+00:00,ba634139-d7bf-448f-aac4-25995d36b67b,373,9,6,0,6,0,1,1,1,1791418179
2026-10-08T00:11:59+00:00,2026-10-08T00:13:21.601733+00:00,9ca92778-9101-48df-90ea-08b784e26a1a,413,12,0,0,7,0,1,1,1,1791418193
2026-10-08T00:11:59+00:00,2026-10-08T00:13:21.601733+00:00,2264176803898382980,2264176803898382980,4,2,0,7,0,1,1,1,1791418194
2026-10-08T00:11:59+00:00,2026-10-08T00:13:21.601733+00:00,93911aa1-b5e4-48aa-a2b6-38fbcf613006,93911aa1-b5e4-48aa-a2b6-38fbcf613006,2,0,0,16,0,1,1,1,1791418191
2026-10-08T00:11:59+00:00,2026-10-08T00:13:21.601733+00:00,2ba0c5dd-c990-4434-8a84-5c3eca23f096,447,1,0,0,18,0,1,1,1,1791418191
2026-10-08T00:11:59+00:00,2026-10-08T00:13:21.601733+00:00,f8346768-0de8-11e7-991c-3863bb43a7d0,7,4,0,0,11,0,1,1,1,1791418185
2026-10-08T00:11:59+00:00,2026-10-08T00:13:21.601733+00:00,f834fd36-0de8-11e7-991c-3863bb43a7d0,142,9,1,0,14,0,1,1,1,1791418190
2026-10-08T00:11:59+00:00,2026-10-08T00:13:21.601733+00:00,5bc7cba9-f0b0-442d-932c-e8c7927d87ce,386,9,4,1,9,0,1,1,1,1791418197
2026-10-08T00:11:59+00:00,2026-10-08T00:13:21.601733+00:00,c1ae49bd-2a20-4684-886b-ead8dd627cfd,c1ae49bd-2a20-4684-886b-ead8dd627cfd,12,0,1,4,0,1,1,1,1791418198
2026-10-08T00:11:59+00:00,2026-10-08T00:13:21.601733+00:00,e68655be-23d3-46e5-a509-25be677e7542,482,6,0,0,5,0,1,1,1,1791418196
2026-10-08T00:11:59+00:00,2026-10-08T00:13:21.601733+00:00,f83523e3-0de8-11e7-991c-3863bb43a7d0,201,0,0,0,15,0,1,1,1,1791418202
2026-10-08T00:11:59+00:00,2026-10-08T00:13:21.601733+00:00,5018e851-f2f3-4e18-9914-c316bbcc2c3d,331,0,0,0,15,0,1,1,1,1791418205
2026-10-08T00:11:59+00:00,2026-10-08T00:13:21.601733+00:00,d7ec834e-9d9a-402c-9956-7d5f42676b94,d7ec834e-9d9a-402c-9956-7d5f42676b94,12,2,1,1,0,1,1,1,1791418201
2026-10-08T00:11:59+00:00,2026-10-08T00:13:21.601733+00:00,02a4416f-80b4-4472-accd-5db482ed5b6d,367,7,0,0,12,0,1,1,1,1791418208
2026-10-08T00:11:59+00:00,2026-10-08T00:13:21.601733+00:00,ce55d1b1-4267-40a9-ad44-5eab888ce18a,ce55d1b1-4267-40a9-ad44-5eab888ce18a,0,0,0,22,1,1,1,1,1791418210
2026-10-08T00:11:59+00:00,2026-10-08T00:13:21.601733+00:00,f8349c69-0de8-11e7-991c-3863bb43a7d0,78,17,4,0,1,0,1,1,1,1791418209
2026-10-08T00:11:59+00:00,2026-10-08T00:13:21.601733+00:00,1960693490199507164,1960693490199507164,5,0,0,14,0,1,1,1,1791418214
2026-10-08T00:11:59+00:00,2026-10-08T00:13:21.601733+00:00,0adccd89-1d8d-44da-9f7c-5f18acafeddf,338,4,2,0,11,0,1,1,1,1791418216
2026-10-08T00:11:59+00:00,2026-10-08T00:13:21.601733+00:00,b23674a7-15a8-46d2-8219-6668acecf24a,548,11,1,0,7,0,1,1,1,1791418218
2026-10-08T00:11:59+00:00,2026-10-08T00:13:21.601733+00:00,40e58976-02cc-4c7c-911f-7a6c97588bfa,520,18,5,0,3,0,1,1,1,1791418224
2026-10-08T00:11:59+00:00,2026-10-08T00:13:21.601733+00:00,533620e8-00ff-494a-b288-bd67602bc98e,472,0,0,0,27,0,1,1,1,1791418219
2026-10-08T00:11:59+00:00,2026-10-08T00:13:21.601733+00:00,f8349ba9-0de8-11e7-991c-3863bb43a7d0,77,6,5,0,11,1,1,1,1,1791418226
2026-10-08T00:11:59+00:00,2026-10-08T00:13:21.601733+00:00,f8348481-0de8-11e7-991c-3863bb43a7d0,47,17,2,0,2,0,1,1,1,1791418226
2026-10-08T00:11:59+00:00,2026-10-08T00:13:21.601733+00:00,ff6ed364-8676-45a0-b97f-71025683849e,442,6,0,1,8,0,1,1,1,1791418227
2026-10-08T00:11:59+00:00,2026-10-08T00:13:21.601733+00:00,f83464e4-0de8-11e7-991c-3863bb43a7d0,3,1,0,2,11,0,1,1,1,1791418227
2026-10-08T00:11:59+00:00,2026-10-08T00:13:21.601733+00:00,f834e1b2-0de8-11e7-991c-3863bb43a7d0,125,17,10,0,2,0,1,1,1,1791418229
2026-10-08T00:11:59+00:00,2026-10-08T00:13:21.601733+00:00,5afe91c4-8076-4f9f-b83b-cf233bda2331,460,0,0,0,15,0,1,1,1,1791418232
2026-10-08T00:11:59+00:00,2026-10-08T00:13:21.601733+00:00,5f726a7d-5c5d-48b1-9b13-06c77572a237,516,0,0,0,11,0,1,1,1,1791418237
2026-10-08T00:11:59+00:00,2026-10-08T00:13:21.601733+00:00,2327cb08-fa9f-459b-9ab0-1a319b0f2f4c,539,3,1,1,14,0,1,1,1,1791418238
2026-10-08T00:11:59+00:00,2026-10-08T00:13:21.601733+00:00,1975886280004030604,1975886280004030604,10,2,3,10,0,1,1,1,1791418236
2026-10-08T00:11:59+00:00,2026-10-08T00:13:21.601733+00:00,2fd22786-dfeb-4126-a906-4f01802087f3,454,2,0,1,16,0,1,1,1,1791418236
2026-10-08T00:11:59+00:00,2026-10-08T00:13:21.601733+00:00,287aedf5-0361-47e9-9de0-14ae3b75cc0d,287aedf5-0361-47e9-9de0-14ae3b75cc0d,8,3,1,12,0,1,1,1,1791418233
2026-10-08T00:11:59+00:00,2026-10-08T00:13:21.601733+00:00,2043912031919765854,2043912031919765854,10,0,1,9,0,1,1,1,1791418234
2026-10-08T00:11:59+00:00,2026-10-08T00:13:21.601733+00:00,f8348136-0de8-11e7-991c-3863bb43a7d0,41,24,4,1,2,0,1,1,1,1791418239
2026-10-08T00:11:59+00:00,2026-10-08T00:13:21.601733+00:00,0f554e1d-9f0f-452d-9b4a-e00aa2c5911e,492,11,0,0,3,0,1,1,1,1791418240
2026-10-08T00:11:59+00:00,2026-10-08T00:13:21.601733+00:00,f834b5d9-0de8-11e7-991c-3863bb43a7d0,103,11,2,0,4,0,1,1,1,1791418245
2026-10-08T00:11:59+00:00,2026-10-08T00:13:21.601733+00:00,f83486ab-0de8-11e7-991c-3863bb43a7d0,51,5,0,3,7,0,1,1,1,1791418245
2026-10-08T00:11:59+00:00,2026-10-08T00:13:21.601733+00:00,1944724820826878816,1944724820826878816,7,0,1,9,0,1,1,1,1791418245
2026-10-08T00:11:59+00:00,2026-10-08T00:13:21.601733+00:00,2241260819676115550,2241260819676115550,0,0,0,25,0,1,1,1,1791418242
2026-10-08T00:11:59+00:00,2026-10-08T00:13:21.601733+00:00,54d86d05-b399-42c5-a63a-a97713afc5d4,54d86d05-b399-42c5-a63a-a97713afc5d4,3,3,1,6,0,1,1,1,1791418252
2026-10-08T00:11:59+00:00,2026-10-08T00:13:21.601733+00:00,2217856523888952522,2217856523888952522,5,3,0,15,0,1,1,1,1791418252
2026-10-08T00:11:59+00:00,2026-10-08T00:13:21.601733+00:00,83183df0-38c2-4ae8-a0c4-4b59599c9582,222,5,0,0,9,0,1,1,1,1791418250
2026-10-08T00:11:59+00:00,2026-10-08T00:13:21.601733+00:00,53a148ca-ac69-4a9c-a986-9a4b4df2f5df,387,7,0,0,8,0,1,1,1,1791418254
2026-10-08T00:11:59+00:00,2026-10-08T00:13:21.601733+00:00,70f20fcb-8e63-4015-9007-b97c525ab0a9,335,8,1,1,10,0,1,1,1,1791418253
2026-10-08T00:11:59+00:00,2026-10-08T00:13:21.601733+00:00,2223045710883822544,2223045710883822544,4,0,1,10,0,1,1,1,1791418252
2026-10-08T00:11:59+00:00,2026-10-08T00:13:21.601733+00:00,f83494b4-0de8-11e7-991c-3863bb43a7d0,69,18,9,0,1,0,1,1,1,1791418262
2026-10-08T00:11:59+00:00,2026-10-08T00:13:21.601733+00:00,abefafdc-c772-4671-86fe-fc15a42adebb,abefafdc-c772-4671-86fe-fc15a42adebb,5,0,0,18,0,1,1,1,1791418257
2026-10-08T00:11:59+00:00,2026-10-08T00:13:21.601733+00:00,f8347118-0de8-11e7-991c-3863bb43a7d0,22,18,0,0,15,2,1,1,1,1791418258
2026-10-08T00:11:59+00:00,2026-10-08T00:13:21.601733+00:00,0839bb10-e876-4198-95e4-0147a561853d,258,13,2,0,2,0,1,1,1,1791418258
2026-10-08T00:11:59+00:00,2026-10-08T00:13:21.601733+00:00,42a3ecca-af9a-4556-90ba-7631546f96f8,42a3ecca-af9a-4556-90ba-7631546f96f8,1,0,1,9,0,1,1,1,1791418261
2026-10-08T00:11:59+00:00,2026-10-08T00:13:21.601733+00:00,510239fe-69c3-458b-b53c-6ce001845f4a,354,14,6,0,1,0,1,1,1,1791418263
2026-10-08T00:11:59+00:00,2026-10-08T00:13:21.601733+00:00,7ec0c53c-876a-419c-a78b-4edd000bbc9a,445,15,1,0,4,0,1,1,1,1791418263
2026-10-08T00:11:59+00:00,2026-10-08T00:13:21.601733+00:00,f834b49d-0de8-11e7-991c-3863bb43a7d0,101,9,1,0,9,0,1,1,1,1791418258
2026-10-08T00:11:59+00:00,2026-10-08T00:13:21.601733+00:00,2029805507281123700,2029805507281123700,12,2,1,6,0,1,1,1,1791418272
2026-10-08T00:11:59+00:00,2026-10-08T00:13:21.601733+00:00,2057166010169469732,2057166010169469732,1,0,0,14,0,1,1,1,1791418272
2026-10-08T00:11:59+00:00,2026-10-08T00:13:21.601733+00:00,518f6524-0e7f-454d-974e-e3ff9db1f795,494,9,0,0,1,0,1,1,1,1791418273
2026-10-08T00:11:59+00:00,2026-10-08T00:13:21.601733+00:00,f8352c92-0de8-11e7-991c-3863bb43a7d0,217,14,1,2,3,0,1,1,1,1791418269
2026-10-08T00:11:59+00:00,2026-10-08T00:13:21.601733+00:00,ccd6fdd4-b39e-46d7-b43c-7bacffb6bd87,523,0,0,0,17,0,1,1,1,1791418270
2026-10-08T00:11:59+00:00,2026-10-08T00:13:21.601733+00:00,9e710d48-51c1-460e-a027-3d16bde62b13,419,0,0,14,0,1,1,0,0,1791418283
2026-10-08T00:11:59+00:00,2026-10-08T00:13:21.601733+00:00,9f54207a-3308-43bd-b45c-9042b6389598,423,14,0,0,5,0,1,1,1,1791418281
2026-10-08T00:11:59+00:00,2026-10-08T00:13:21.601733+00:00,f8348995-0de8-11e7-991c-3863bb43a7d0,58,16,0,1,1,0,1,1,1,1791418280
2026-10-08T00:11:59+00:00,2026-10-08T00:13:21.601733+00:00,2111712079786088918,2111712079786088918,4,3,1,10,0,1,1,1,1791418280
2026-10-08T00:11:59+00:00,2026-10-08T00:13:21.601733+00:00,f83516b8-0de8-11e7-991c-3863bb43a7d0,184,3,2,0,15,1,1,1,1,1791418280
2026-10-08T00:11:59+00:00,2026-10-08T00:13:21.601733+00:00,f83524c0-0de8-11e7-991c-3863bb43a7d0,203,9,2,0,5,0,1,1,1,1791418281
2026-10-08T00:11:59+00:00,2026-10-08T00:13:21.601733+00:00,f8351336-0de8-11e7-991c-3863bb43a7d0,176,1,0,0,14,0,1,1,1,1791418278
2026-10-08T00:11:59+00:00,2026-10-08T00:13:21.601733+00:00,f24a573e-ef07-4785-9270-70c443510ea6,359,2,2,2,10,1,1,1,1,1791418279
2026-10-08T00:11:59+00:00,2026-10-08T00:13:21.601733+00:00,13918b3b-9ac5-4968-a74d-e40dd3bc952e,479,0,0,0,19,0,1,1,1,1791418248
2026-10-08T00:11:59+00:00,2026-10-08T00:13:21.601733+00:00,f834b42d-0de8-11e7-991c-3863bb43a7d0,100,18,0,0,6,0,1,1,1,1791418259
2026-10-08T00:11:59+00:00,2026-10-08T00:13:21.601733+00:00,dfdaf866-b814-48e5-9bd3-eb7c4a733697,dfdaf866-b814-48e5-9bd3-eb7c4a733697,7,2,0,10,0,1,1,1,1791418259
2026-10-08T00:11:59+00:00,2026-10-08T00:13:21.601733+00:00,f834e244-0de8-11e7-991c-3863bb43a7d0,126,7,2,0,8,0,1,1,1,1791418259
2026-10-08T00:11:59+00:00,2026-10-08T00:13:21.601733+00:00,20b0b405-54ba-4a80-b89c-0819772665db,440,8,3,0,7,0,1,1,1,1791418259
2026-10-08T00:11:59+00:00,2026-10-08T00:13:21.601733+00:00,36a8fbc8-6069-4a29-bbfd-63a2d019c9a5,415,2,1,0,17,0,1,1,1,1791418266
2026-10-08T00:11:59+00:00,2026-10-08T00:13:21.601733+00:00,f6df6c1a-064f-428a-951c-2069a081b9df,380,0,0,2,16,0,1,1,1,1791418264
2026-10-08T00:11:59+00:00,2026-10-08T00:13:21.601733+00:00,ec3eea05-a3ff-43c6-9e24-0c63f09b915f,378,16,2,0,3,0,1,1,1,1791418265
2026-10-08T00:11:59+00:00,2026-10-08T00:13:21.601733+00:00,f8349745-0de8-11e7-991c-3863bb43a7d0,73,0,0,1,14,0,1,1,1,1791418268
2026-10-08T00:11:59+00:00,2026-10-08T00:13:21.601733+00:00,f8348509-0de8-11e7-991c-3863bb43a7d0,48,0,0,0,15,0,1,1,1,1791418274
2026-10-08T00:11:59+00:00,2026-10-08T00:13:21.601733+00:00,b995a0b4-fc26-4661-9bc8-e166d648edfd,353,11,5,0,4,0,1,1,1,1791418275
2026-10-08T00:11:59+00:00,2026-10-08T00:13:21.601733+00:00,2223043968513191970,2223043968513191970,0,0,0,16,0,1,1,1,1791418274
2026-10-08T00:11:59+00:00,2026-10-08T00:13:21.601733+00:00,2267569638034503736,2267569638034503736,6,0,4,9,0,1,1,1,1791418274
2026-10-08T00:11:59+00:00,2026-10-08T00:13:21.601733+00:00,f834952a-0de8-11e7-991c-3863bb43a7d0,70,1,0,1,21,0,1,1,1,1791418274
2026-10-08T00:11:59+00:00,2026-10-08T00:13:21.601733+00:00,f8349824-0de8-11e7-991c-3863bb43a7d0,75,12,0,0,3,0,1,1,1,1791418273
2026-10-08T00:11:59+00:00,2026-10-08T00:13:21.601733+00:00,13444449-b3a8-43d2-b8b9-a59fbc59a174,397,10,3,0,4,0,1,1,1,1791418274
2026-10-08T00:11:59+00:00,2026-10-08T00:13:21.601733+00:00,f8346894-0de8-11e7-991c-3863bb43a7d0,9,12,0,2,1,0,1,1,1,1791418275
2026-10-08T00:11:59+00:00,2026-10-08T00:13:21.601733+00:00,f834cf45-0de8-11e7-991c-3863bb43a7d0,116,19,0,0,4,0,1,1,1,1791418276
2026-10-08T00:11:59+00:00,2026-10-08T00:13:21.601733+00:00,2141932795355773712,2141932795355773712,10,0,0,8,0,1,1,1,1791418286
2026-10-08T00:11:59+00:00,2026-10-08T00:13:21.601733+00:00,1997031579059661288,1997031579059661288,9,3,0,2,0,1,1,1,1791418286
2026-10-08T00:11:59+00:00,2026-10-08T00:13:21.601733+00:00,f834f814-0de8-11e7-991c-3863bb43a7d0,136,0,0,1,18,0,1,1,1,1791418286
2026-10-08T00:11:59+00:00,2026-10-08T00:13:21.601733+00:00,2072145327190878794,2072145327190878794,16,1,1,7,0,1,1,1,1791418290
2026-10-08T00:11:59+00:00,2026-10-08T00:13:21.601733+00:00,2070180968009321294,2070180968009321294,15,0,0,4,2,1,1,1,1791418287
2026-10-08T00:11:59+00:00,2026-10-08T00:13:21.601733+00:00,676ca473-eed6-4971-aaf3-e199a7ca335b,433,15,7,0,3,1,1,1,1,1791418288
2026-10-08T00:11:59+00:00,2026-10-08T00:13:21.601733+00:00,f35de2ab-979e-42d5-8cbd-dc479ed637e9,503,4,4,0,2,0,1,1,1,1791418292
2026-10-08T00:11:59+00:00,2026-10-08T00:13:21.601733+00:00,2071993292066931472,2071993292066931472,0,0,0,20,0,1,1,1,1791418295
2026-10-08T00:11:59+00:00,2026-10-08T00:13:21.601733+00:00,342a2c60-71b0-4d19-98d6-47987cf20dbc,379,5,0,0,9,0,1,1,1,1791418296
2026-10-08T00:11:59+00:00,2026-10-08T00:13:21.601733+00:00,2113200093114979090,2113200093114979090,6,0,0,9,1,1,1,1,1791418295
2026-10-08T00:11:59+00:00,2026-10-08T00:13:21.601733+00:00,2071632496372113488,2071632496372113488,13,6,1,5,0,1,1,1,1791418295
2026-10-08T00:11:59+00:00,2026-10-08T00:13:21.601733+00:00,350e73e3-6f70-4b2d-87ab-24c8629e9a6a,350e73e3-6f70-4b2d-87ab-24c8629e9a6a,12,0,1,6,0,1,1,1,1791418294
2026-10-08T00:11:59+00:00,2026-10-08T00:13:21.601733+00:00,2038239468396569074,2038239468396569074,10,0,0,22,0,1,1,1,1791418295
2026-10-08T00:11:59+00:00,2026-10-08T00:13:21.601733+00:00,2038619205667946906,2038619205667946906,9,3,0,11,0,1,1,1,1791418295
2026-10-08T00:11:59+00:00,2026-10-08T00:13:21.601733+00:00,f8351019-0de8-11e7-991c-3863bb43a7d0,169,10,4,0,9,0,1,1,1,1791418296
2026-10-08T00:11:59+00:00,2026-10-08T00:13:21.601733+00:00,bb27977d-36c1-496d-8bac-631b612dd7b8,332,13,3,0,2,0,1,1,1,1791418296
2026-10-08T00:11:59+00:00,2026-10-08T00:13:21.601733+00:00,ddcc8869-b8d4-483c-b9da-457fcebc8dc1,417,19,1,0,0,0,1,1,1,1791418297
2026-10-08T00:11:59+00:00,2026-10-08T00:13:21.601733+00:00,f83510fd-0de8-11e7-991c-3863bb43a7d0,171,13,1,1,9,0,1,1,1,1791418296
2026-10-08T00:11:59+00:00,2026-10-08T00:13:21.601733+00:00,a18e1e55-507e-49d8-b7c0-5c0efd959125,358,17,5,0,2,0,1,1,1,1791418297
2026-10-08T00:11:59+00:00,2026-10-08T00:13:21.601733+00:00,2107991976288962746,2107991976288962746,18,2,0,3,0,1,1,1,1791418297
2026-10-08T00:11:59+00:00,2026-10-08T00:13:21.601733+00:00,2113555008851845550,2113555008851845550,11,3,0,9,0,1,1,1,1791418298
2026-10-08T00:11:59+00:00,2026-10-08T00:13:21.601733+00:00,2078337213380274244,2078337213380274244,10,7,0,1,0,1,1,1,1791418298
2026-10-08T00:22:00+00:00,2026-10-08T00:23:21.807211+00:00,6eaa7343-402d-41c9-9aac-8c664fdbdcf1,6eaa7343-402d-41c9-9aac-8c664fdbdcf1,0,0,0,0,0,0,0,0,86400
2026-10-08T00:22:00+00:00,2026-10-08T00:23:21.807211+00:00,f8350199-0de8-11e7-991c-3863bb43a7d0,150,7,1,0,12,0,1,1,1,1791418783
2026-10-08T00:22:00+00:00,2026-10-08T00:23:21.807211+00:00,f834cb89-0de8-11e7-991c-3863bb43a7d0,115,8,3,4,7,0,1,1,1,1791418782
2026-10-08T00:22:00+00:00,2026-10-08T00:23:21.807211+00:00,82b41ffb-e284-4e4d-b22a-0cad2bfd4bee,443,7,0,0,12,0,1,1,1,1791418785
2026-10-08T00:22:00+00:00,2026-10-08T00:23:21.807211+00:00,57f5003b-6574-40b3-83d7-3b5dee1472e0,518,6,6,1,3,0,1,1,1,1791418785
2026-10-08T00:22:00+00:00,2026-10-08T00:23:21.807211+00:00,1ef9964d-47ac-4cd4-916e-7c006fa1e605,339,9,5,0,6,0,1,1,1,1791418786
2026-10-08T00:22:00+00:00,2026-10-08T00:23:21.807211+00:00,2071991821019036242,2071991821019036242,11,1,0,9,0,1,1,1,1791418781
2026-10-08T00:22:00+00:00,2026-10-08T00:23:21.807211+00:00,f8349599-0de8-11e7-991c-3863bb43a7d0,71,14,6,0,9,0,1,1,1,1791418787
2026-10-08T00:22:00+00:00,2026-10-08T00:23:21.807211+00:00,87b5a8b7-a330-4c51-ab32-7dafa292c88f,421,14,0,1,4,0,1,1,1,1791418788
2026-10-08T00:22:00+00:00,2026-10-08T00:23:21.807211+00:00,f8346e51-0de8-11e7-991c-3863bb43a7d0,17,15,1,0,0,0,1,1,1,1791418792
2026-10-08T00:22:00+00:00,2026-10-08T00:23:21.807211+00:00,625f105e-4407-4988-9095-d1979cbda5e1,234,19,13,0,0,0,1,1,1,1791418805
2026-10-08T00:22:00+00:00,2026-10-08T00:23:21.807211+00:00,f834fcbe-0de8-11e7-991c-3863bb43a7d0,141,0,0,0,15,0,1,1,1,1791418804
2026-10-08T00:22:00+00:00,2026-10-08T00:23:21.807211+00:00,aefc33cd-40b9-48da-8b87-415428816bdb,488,7,2,0,9,0,1,1,1,1791418804
2026-10-08T00:22:00+00:00,2026-10-08T00:23:21.807211+00:00,ab6517ea-ed53-42eb-8881-657d362e56e8,560,10,0,0,5,0,1,1,1,1791418805
2026-10-08T00:22:00+00:00,2026-10-08T00:23:21.807211+00:00,f834c6f5-0de8-11e7-991c-3863bb43a7d0,111,9,2,0,5,1,1,1,1,1791418808
2026-10-08T00:22:00+00:00,2026-10-08T00:23:21.807211+00:00,01d29f8c-768d-4c4f-84ca-3de966075287,469,3,2,0,8,0,1,1,1,1791418807
2026-10-08T00:22:00+00:00,2026-10-08T00:23:21.807211+00:00,f834b1ed-0de8-11e7-991c-3863bb43a7d0,99,12,2,0,3,0,1,1,1,1791418808
2026-10-08T00:22:00+00:00,2026-10-08T00:23:21.807211+00:00,25d6f87f-7025-48c5-b202-f91511a4ae19,25d6f87f-7025-48c5-b202-f91511a4ae19,13,4,1,5,0,1,1,1,1791418810
2026-10-08T00:22:00+00:00,2026-10-08T00:23:21.807211+00:00,f8351f87-0de8-11e7-991c-3863bb43a7d0,192,2,0,0,17,0,1,1,1,1791418816
2026-10-08T00:22:00+00:00,2026-10-08T00:23:21.807211+00:00,803a0c16-4f81-44f1-8b49-a13fcdda40c1,370,7,0,1,10,0,1,1,1,1791418815
2026-10-08T00:22:00+00:00,2026-10-08T00:23:21.807211+00:00,2028220168245183460,2028220168245183460,14,0,0,5,0,1,1,1,1791418813
2026-10-08T00:22:00+00:00,2026-10-08T00:23:21.807211+00:00,1331197c-f6c6-4f4a-a29b-95e580359886,224,9,0,1,7,0,1,1,1,1791418826
2026-10-08T00:22:00+00:00,2026-10-08T00:23:21.807211+00:00,2124664048772581794,2124664048772581794,3,0,0,8,0,1,1,1,1791418827
2026-10-08T00:22:00+00:00,2026-10-08T00:23:21.807211+00:00,f606593b-3d07-40f2-bc6d-a0eb96588e44,456,7,2,0,11,0,1,1,1,1791418822
2026-10-08T00:22:00+00:00,2026-10-08T00:23:21.807211+00:00,b44b7c3d-c054-4591-92a9-3b96d86050ab,b44b7c3d-c054-4591-92a9-3b96d86050ab,2,2,0,9,0,1,1,1,1791418825
2026-10-08T00:22:00+00:00,2026-10-08T00:23:21.807211+00:00,15ec5783-ca7a-4225-ba51-cd0a45ecc975,15ec5783-ca7a-4225-ba51-cd0a45ecc975,7,5,0,4,0,1,1,1,1791418821
2026-10-08T00:22:00+00:00,2026-10-08T00:23:21.807211+00:00,5410aac7-2ec0-47b6-b728-b99c5137b463,5410aac7-2ec0-47b6-b728-b99c5137b463,8,2,0,3,0,1,1,1,1791418820
2026-10-08T00:22:00+00:00,2026-10-08T00:23:21.807211+00:00,e4d5271f-5f76-401b-b7f0-c8dce3c26f10,462,7,1,1,3,0,1,1,1,1791418822
2026-10-08T00:22:00+00:00,2026-10-08T00:23:21.807211+00:00,1999639508813492766,1999639508813492766,8,0,0,12,0,1,1,1,1791418731
2026-10-08T00:22:00+00:00,2026-10-08T00:23:21.807211+00:00,1994515539257334312,1994515539257334312,19,8,0,0,0,1,1,1,1791418830
2026-10-08T00:22:00+00:00,2026-10-08T00:23:21.807211+00:00,ea00f276-26dc-48ee-b2c8-6e56fd632a2d,272,4,0,1,14,0,1,1,1,1791418828
2026-10-08T00:22:00+00:00,2026-10-08T00:23:21.807211+00:00,f8347a8b-0de8-11e7-991c-3863bb43a7d0,29,18,0,0,1,0,1,1,1,1791418830
2026-10-08T00:22:00+00:00,2026-10-08T00:23:21.807211+00:00,f834a1de-0de8-11e7-991c-3863bb43a7d0,84,2,0,0,11,0,1,1,1,1791418829
2026-10-08T00:22:00+00:00,2026-10-08T00:23:21.807211+00:00,f834b928-0de8-11e7-991c-3863bb43a7d0,106,7,0,1,6,0,1,1,1,1791418829
2026-10-08T00:22:00+00:00,2026-10-08T00:23:21.807211+00:00,918335df-fc1a-45c2-9cfc-c5e2e93aecc0,467,2,0,1,8,0,1,1,1,1791418829
2026-10-08T00:22:00+00:00,2026-10-08T00:23:21.807211+00:00,8e7c1984-dc81-43b0-a0d3-58c6de45225a,465,4,2,0,7,0,1,1,1,1791418832
2026-10-08T00:22:00+00:00,2026-10-08T00:23:21.807211+00:00,97a1e4e7-a1ff-427a-aaea-48ca0d00bf9c,348,5,4,0,10,0,1,1,1,1791418834
2026-10-08T00:22:00+00:00,2026-10-08T00:23:21.807211+00:00,f834a67b-0de8-11e7-991c-3863bb43a7d0,89,1,0,1,17,0,1,1,1,1791418833
2026-10-08T00:22:00+00:00,2026-10-08T00:23:21.807211+00:00,f83466c6-0de8-11e7-991c-3863bb43a7d0,6,1,1,2,11,0,1,1,1,1791418838
2026-10-08T00:22:00+00:00,2026-10-08T00:23:21.807211+00:00,2036412579943670600,2036412579943670600,4,4,0,8,0,1,1,1,1791418834
2026-10-08T00:22:00+00:00,2026-10-08T00:23:21.807211+00:00,1976280681456741062,1976280681456741062,5,5,0,6,0,1,1,1,1791418834
2026-10-08T00:22:00+00:00,2026-10-08T00:23:21.807211+00:00,2127634714741013228,2127634714741013228,15,2,0,9,0,1,1,1,1791418837
2026-10-08T00:22:00+00:00,2026-10-08T00:23:21.807211+00:00,c111ef1a-f276-415d-a95e-8e3c4e3a0c03,522,5,3,1,9,0,1,1,1,1791418841
2026-10-08T00:22:00+00:00,2026-10-08T00:23:21.807211+00:00,986068c4-d11a-465a-b8d0-bd0960c57f51,986068c4-d11a-465a-b8d0-bd0960c57f51,10,0,0,4,0,1,1,1,1791418839
2026-10-08T00:22:00+00:00,2026-10-08T00:23:21.807211+00:00,2132460331327742574,2132460331327742574,1,0,0,17,0,1,1,1,1791418840
2026-10-08T00:22:00+00:00,2026-10-08T00:23:21.807211+00:00,f83493c0-0de8-11e7-991c-3863bb43a7d0,67,1,0,4,25,0,1,1,1,1791418839
2026-10-08T00:22:00+00:00,2026-10-08T00:23:21.807211+00:00,f55cdf0a-3d7b-491c-bed2-7dc0ef2062d5,489,10,1,0,6,0,1,1,1,1791418839
2026-10-08T00:22:00+00:00,2026-10-08T00:23:21.807211+00:00,2227859082657747444,2227859082657747444,5,2,0,2,0,1,1,1,1791418844
2026-10-08T00:22:00+00:00,2026-10-08T00:23:21.807211+00:00,800bde2c-51df-497c-ac2d-bc3a8c00c164,800bde2c-51df-497c-ac2d-bc3a8c00c164,0,0,0,15,0,1,1,1,1791418844
2026-10-08T00:22:00+00:00,2026-10-08T00:23:21.807211+00:00,1976640911178291400,1976640911178291400,6,3,0,5,0,1,1,1,1791418845
2026-10-08T00:22:00+00:00,2026-10-08T00:23:21.807211+00:00,a825b55d-3ab3-481f-9c50-d3a7313e6843,228,0,0,0,19,0,1,1,1,1791418845
2026-10-08T00:22:00+00:00,2026-10-08T00:23:21.807211+00:00,25489822-e43a-4704-b2a8-d905b78ba77c,389,4,2,0,10,0,1,1,1,1791418798
2026-10-08T00:22:00+00:00,2026-10-08T00:23:21.807211+00:00,f8347ded-0de8-11e7-991c-3863bb43a7d0,35,0,0,0,31,0,1,1,1,1791418799
2026-10-08T00:22:00+00:00,2026-10-08T00:23:21.807211+00:00,2251186911126913182,2251186911126913182,14,2,2,3,0,1,1,1,1791418851
2026-10-08T00:22:00+00:00,2026-10-08T00:23:21.807211+00:00,1919521884659886482,1919521884659886482,2,0,0,17,0,1,1,1,1791418848
2026-10-08T00:22:00+00:00,2026-10-08T00:23:21.807211+00:00,6cec3afa-554c-466f-8323-5c619fe0ddc6,6cec3afa-554c-466f-8323-5c619fe0ddc6,5,4,0,6,0,1,1,1,1791418850
2026-10-08T00:22:00+00:00,2026-10-08T00:23:21.807211+00:00,2261583246847893606,2261583246847893606,11,6,1,7,0,1,1,1,1791418850
2026-10-08T00:22:00+00:00,2026-10-08T00:23:21.807211+00:00,2219705277630124418,2219705277630124418,5,2,0,10,0,1,1,1,1791418853
2026-10-08T00:22:00+00:00,2026-10-08T00:23:21.807211+00:00,2149920539832638004,2149920539832638004,13,1,1,1,0,1,1,1,1791418853
2026-10-08T00:22:00+00:00,2026-10-08T00:23:21.807211+00:00,2250817396738253956,2250817396738253956,13,4,2,0,0,1,1,1,1791418856
2026-10-08T00:22:00+00:00,2026-10-08T00:23:21.807211+00:00,829fa5a8-cc88-4ab2-9f34-b481aaa1612e,259,9,1,0,6,0,1,1,1,1791418854
2026-10-08T00:22:00+00:00,2026-10-08T00:23:21.807211+00:00,88b35b6d-f355-44dc-b85e-ed2eb1bc9099,406,10,3,0,9,0,1,1,1,1791418861
2026-10-08T00:22:00+00:00,2026-10-08T00:23:21.807211+00:00,2110566771130438288,2110566771130438288,9,6,1,6,0,1,1,1,1791418861
2026-10-08T00:22:00+00:00,2026-10-08T00:23:21.807211+00:00,e519df41-c4d7-403a-9afa-a5dd7cdd2d03,536,10,0,1,7,0,1,1,1,1791418857
2026-10-08T00:22:00+00:00,2026-10-08T00:23:21.807211+00:00,2113559364250874028,2113559364250874028,8,2,0,7,0,1,1,1,1791418858
2026-10-08T00:22:00+00:00,2026-10-08T00:23:21.807211+00:00,4b5de733-9353-4873-9dc2-9558b3cb063a,393,7,2,1,5,0,1,1,1,1791418857
2026-10-08T00:22:00+00:00,2026-10-08T00:23:21.807211+00:00,f834d34b-0de8-11e7-991c-3863bb43a7d0,120,13,0,1,25,0,1,1,1,1791418853
2026-10-08T00:22:00+00:00,2026-10-08T00:23:21.807211+00:00,2126567695528519906,2126567695528519906,9,0,0,11,0,1,1,1,1791418854
2026-10-08T00:22:00+00:00,2026-10-08T00:23:21.807211+00:00,f8349070-0de8-11e7-991c-3863bb43a7d0,61,1,0,0,18,0,1,1,1,1791418862
2026-10-08T00:22:00+00:00,2026-10-08T00:23:21.807211+00:00,5d17f129-af8c-4f30-bc58-6a8279052772,543,5,2,1,13,0,1,1,1,1791418855
2026-10-08T00:22:00+00:00,2026-10-08T00:23:21.807211+00:00,f8350129-0de8-11e7-991c-3863bb43a7d0,149,13,0,0,5,0,1,1,1,1791418854
2026-10-08T00:22:00+00:00,2026-10-08T00:23:21.807211+00:00,2438d052-2cd6-4fba-83c9-39f46cb59398,2438d052-2cd6-4fba-83c9-39f46cb59398,4,0,1,14,0,1,1,1,1791418869
2026-10-08T00:22:00+00:00,2026-10-08T00:23:21.807211+00:00,40ee059e-8530-4992-9114-c16b87d6832f,441,12,4,0,7,0,1,1,1,1791418864
2026-10-08T00:22:00+00:00,2026-10-08T00:23:21.807211+00:00,f8352973-0de8-11e7-991c-3863bb43a7d0,210,6,1,0,9,0,1,1,1,1791418863
2026-10-08T00:22:00+00:00,2026-10-08T00:23:21.807211+00:00,77c1736c-a609-4453-94f7-8e4253a8193c,474,8,3,0,3,0,1,1,1,1791418864
2026-10-08T00:22:00+00:00,2026-10-08T00:23:21.807211+00:00,1991921362058752616,1991921362058752616,1,0,0,19,0,1,1,1,1791418864
2026-10-08T00:22:00+00:00,2026-10-08T00:23:21.807211+00:00,f834f036-0de8-11e7-991c-3863bb43a7d0,133,11,3,2,10,0,1,1,1,1791418869
2026-10-08T00:22:00+00:00,2026-10-08T00:23:21.807211+00:00,2127252912986958612,2127252912986958612,5,2,0,10,0,1,1,1,1791418871
2026-10-08T00:22:00+00:00,2026-10-08T00:23:21.807211+00:00,768433a9-fc30-4485-b136-22d6f8a96f1c,768433a9-fc30-4485-b136-22d6f8a96f1c,5,0,1,5,0,1,1,1,1791418870
2026-10-08T00:22:00+00:00,2026-10-08T00:23:21.807211+00:00,a6d6d4b2-3666-43ad-a690-7f676bdcc3fd,542,9,0,4,6,0,1,1,1,1791418869
2026-10-08T00:22:00+00:00,2026-10-08T00:23:21.807211+00:00,133d159e-a202-4310-910f-eca392fe181e,398,0,0,2,17,0,1,1,1,1791418883
2026-10-08T00:22:00+00:00,2026-10-08T00:23:21.807211+00:00,f8346dbd-0de8-11e7-991c-3863bb43a7d0,16,5,0,1,13,0,1,1,1,1791418883
2026-10-08T00:22:00+00:00,2026-10-08T00:23:21.807211+00:00,2089808297152151688,2089808297152151688,2,1,1,9,0,1,1,1,1791418884
2026-10-08T00:22:00+00:00,2026-10-08T00:23:21.807211+00:00,2129149628430547474,2129149628430547474,16,3,0,0,0,1,1,1,1791418884
2026-10-08T00:22:00+00:00,2026-10-08T00:23:21.807211+00:00,f834c5c9-0de8-11e7-991c-3863bb43a7d0,110,0,0,1,13,0,1,1,1,1791418885
2026-10-08T00:22:00+00:00,2026-10-08T00:23:21.807211+00:00,f8348719-0de8-11e7-991c-3863bb43a7d0,52,3,0,0,20,0,1,1,1,1791418886
2026-10-08T00:22:00+00:00,2026-10-08T00:23:21.807211+00:00,cad0e759-b605-458a-b772-768dcce81dc6,372,13,0,0,5,0,1,1,1,1791418888
2026-10-08T00:22:00+00:00,2026-10-08T00:23:21.807211+00:00,2220033166406469278,2220033166406469278,10,4,1,4,0,1,1,1,1791418875
2026-10-08T00:22:00+00:00,2026-10-08T00:23:21.807211+00:00,1997031876360597884,1997031876360597884,6,1,0,5,0,1,1,1,1791418888
2026-10-08T00:22:00+00:00,2026-10-08T00:23:21.807211+00:00,52ca4d94-587f-4a61-a298-a1a755e73bfb,362,19,3,0,0,0,1,1,1,1791418888
2026-10-08T00:22:00+00:00,2026-10-08T00:23:21.807211+00:00,f834916a-0de8-11e7-991c-3863bb43a7d0,63,3,1,0,12,0,1,1,1,1791418886
2026-10-08T00:22:00+00:00,2026-10-08T00:23:21.807211+00:00,f8350d30-0de8-11e7-991c-3863bb43a7d0,163,10,0,0,9,0,1,1,1,1791418892
2026-10-08T00:22:00+00:00,2026-10-08T00:23:21.807211+00:00,f834d260-0de8-11e7-991c-3863bb43a7d0,119,13,9,2,0,0,1,1,1,1791418892
2026-10-08T00:22:00+00:00,2026-10-08T00:23:21.807211+00:00,1986694622707704150,1986694622707704150,16,0,1,2,0,1,1,1,1791418888
2026-10-08T00:22:00+00:00,2026-10-08T00:23:21.807211+00:00,acb27827-d69a-4287-b132-3f529ca62ad2,427,4,1,0,15,0,1,1,1,1791418889
2026-10-08T00:22:00+00:00,2026-10-08T00:23:21.807211+00:00,1ef5abb2-5af9-41f2-a0dd-1e44278ad9f1,502,5,1,0,6,0,1,1,1,1791418890
2026-10-08T00:22:00+00:00,2026-10-08T00:23:21.807211+00:00,f835244e-0de8-11e7-991c-3863bb43a7d0,202,9,1,0,6,0,1,1,1,1791418890
2026-10-08T00:22:00+00:00,2026-10-08T00:23:21.807211+00:00,2134720099473744344,2134720099473744344,3,0,0,18,0,1,1,1,1791418889
2026-10-08T00:22:00+00:00,2026-10-08T00:23:21.807211+00:00,38706d8c-8d4b-49f7-b6ed-7688449db261,463,5,0,0,14,0,1,1,1,1791418890
2026-10-08T00:22:00+00:00,2026-10-08T00:23:21.807211+00:00,1999644268058967024,1999644268058967024,22,1,0,2,0,1,1,1,1791418889
2026-10-08T00:22:00+00:00,2026-10-08T00:23:21.807211+00:00,d1a5e406-718c-44b9-b9dd-e63605b888aa,555,8,7,0,7,0,1,1,1,1791418860
2026-10-08T00:22:00+00:00,2026-10-08T00:23:21.807211+00:00,f8351649-0de8-11e7-991c-3863bb43a7d0,183,2,0,0,17,0,1,1,1,1791418866
2026-10-08T00:22:00+00:00,2026-10-08T00:23:21.807211+00:00,2251556760922290606,2251556760922290606,11,0,2,2,0,1,1,1,1791418863
2026-10-08T00:22:00+00:00,2026-10-08T00:23:21.807211+00:00,2036103727838931110,2036103727838931110,10,5,0,0,0,1,1,1,1791418866
2026-10-08T00:22:00+00:00,2026-10-08T00:23:21.807211+00:00,9fef6df2-7f8f-43fc-a85b-7dd5453860f9,437,17,3,0,0,0,1,1,1,1791418868
2026-10-08T00:22:00+00:00,2026-10-08T00:23:21.807211+00:00,e335fa7c-7adf-4360-9bfa-76b18124a56f,541,3,2,0,8,0,1,1,1,1791418875
2026-10-08T00:22:00+00:00,2026-10-08T00:23:21.807211+00:00,f834b183-0de8-11e7-991c-3863bb43a7d0,98,10,0,1,12,0,1,1,1,1791418875
2026-10-08T00:22:00+00:00,2026-10-08T00:23:21.807211+00:00,2027855476515070160,2027855476515070160,2,0,0,25,0,1,1,1,1791418872
2026-10-08T00:22:00+00:00,2026-10-08T00:23:21.807211+00:00,f7d416f8-4377-4019-bba7-302dc1d5a11d,391,9,0,3,3,0,1,1,1,1791418873
2026-10-08T00:22:00+00:00,2026-10-08T00:23:21.807211+00:00,f8348598-0de8-11e7-991c-3863bb43a7d0,49,5,0,0,13,0,1,1,1,1791418873
2026-10-08T00:22:00+00:00,2026-10-08T00:23:21.807211+00:00,2131371824572002576,2131371824572002576,11,0,1,4,0,1,1,1,1791418873
2026-10-08T00:22:00+00:00,2026-10-08T00:23:21.807211+00:00,2039387081833476178,2039387081833476178,12,2,0,8,0,1,1,1,1791418873
2026-10-08T00:22:00+00:00,2026-10-08T00:23:21.807211+00:00,199f3d59-e726-4549-b9c1-4dfc8a343fdb,508,10,6,0,1,0,1,1,1,1791418872
2026-10-08T00:22:00+00:00,2026-10-08T00:23:21.807211+00:00,9b0aff89-5242-475e-b03b-87c3c3bf51bb,477,3,3,1,15,0,1,1,1,1791418877
2026-10-08T00:22:00+00:00,2026-10-08T00:23:21.807211+00:00,569f4952-5a25-4394-a419-f9c4d9cca6f3,495,15,4,0,3,0,1,1,1,1791418876
2026-10-08T00:22:00+00:00,2026-10-08T00:23:21.807211+00:00,f8347ba8-0de8-11e7-991c-3863bb43a7d0,31,3,0,0,16,0,1,1,1,1791418882
2026-10-08T00:22:00+00:00,2026-10-08T00:23:21.807211+00:00,f83473ea-0de8-11e7-991c-3863bb43a7d0,27,14,2,3,6,0,1,1,1,1791418881
2026-10-08T00:22:00+00:00,2026-10-08T00:23:21.807211+00:00,f834e75d-0de8-11e7-991c-3863bb43a7d0,129,8,0,0,10,1,1,1,1,1791418880
2026-10-08T00:22:00+00:00,2026-10-08T00:23:21.807211+00:00,f83532fa-0de8-11e7-991c-3863bb43a7d0,219,12,1,0,3,0,1,1,1,1791418878
2026-10-08T00:22:00+00:00,2026-10-08T00:23:21.807211+00:00,2031175112202687108,2031175112202687108,4,0,0,12,0,1,1,1,1791418880
2026-10-08T00:22:00+00:00,2026-10-08T00:23:21.807211+00:00,f834f948-0de8-11e7-991c-3863bb43a7d0,138,13,0,1,0,0,1,1,1,1791418880
2026-10-08T00:22:00+00:00,2026-10-08T00:23:21.807211+00:00,f8347002-0de8-11e7-991c-3863bb43a7d0,20,19,1,0,4,0,1,1,1,1791418881
2026-10-08T00:22:00+00:00,2026-10-08T00:23:21.807211+00:00,f8351255-0de8-11e7-991c-3863bb43a7d0,174,7,2,2,6,0,1,1,1,1791418880
2026-10-08T00:22:00+00:00,2026-10-08T00:23:21.807211+00:00,f8346c96-0de8-11e7-991c-3863bb43a7d0,14,2,2,0,23,0,1,1,1,1791418894
2026-10-08T00:22:00+00:00,2026-10-08T00:23:21.807211+00:00,ec4e1168-25dc-4929-b17b-e4ae578dd888,425,4,2,1,11,0,1,1,1,1791418897
2026-10-08T00:22:00+00:00,2026-10-08T00:23:21.807211+00:00,f8351791-0de8-11e7-991c-3863bb43a7d0,186,14,0,0,1,0,1,1,1,1791418899
2026-10-08T00:22:00+00:00,2026-10-08T00:23:21.807211+00:00,4d953f0f-13b5-4b3d-b2da-342003ff7cba,4d953f0f-13b5-4b3d-b2da-342003ff7cba,4,2,0,7,0,1,1,1,1791418897
2026-10-08T00:22:00+00:00,2026-10-08T00:23:21.807211+00:00,f834a2a8-0de8-11e7-991c-3863bb43a7d0,85,0,0,0,19,0,1,1,1,1791418893
2026-10-08T00:22:00+00:00,2026-10-08T00:23:21.807211+00:00,f8351569-0de8-11e7-991c-3863bb43a7d0,181,13,0,0,6,0,1,1,1,1791418893
2026-10-08T00:22:00+00:00,2026-10-08T00:23:21.807211+00:00,2363c5a3-93cc-41a2-a767-90f1826c041f,426,0,0,0,27,0,1,1,1,1791418897
2026-10-08T00:22:00+00:00,2026-10-08T00:23:21.807211+00:00,8d535c23-f186-4161-aa10-17e94be6d4ae,436,5,4,3,6,1,1,1,1,1791418897
2026-10-08T00:22:00+00:00,2026-10-08T00:23:21.807211+00:00,eed9e64f-f09d-43c1-aa31-da968c66750a,368,6,1,0,9,0,1,1,1,1791418893
2026-10-08T00:22:00+00:00,2026-10-08T00:23:21.807211+00:00,8bc42f7f-753d-4cca-a7d6-0d7c2530ea2c,364,3,0,1,15,0,1,1,1,1791418894
2026-10-08T00:22:00+00:00,2026-10-08T00:23:21.807211+00:00,dcd76e42-eebc-4432-9726-cdb3372b0b07,557,0,0,0,19,0,1,1,1,1791418900
2026-10-08T00:22:00+00:00,2026-10-08T00:23:21.807211+00:00,f8347361-0de8-11e7-991c-3863bb43a7d0,26,11,0,0,4,0,1,1,1,1791418853
2026-10-08T00:22:00+00:00,2026-10-08T00:23:21.807211+00:00,c98f50f6-1901-4c64-b164-8cf33245e022,282,16,1,1,0,1,1,1,1,1791418855
2026-10-08T00:22:00+00:00,2026-10-08T00:23:21.807211+00:00,3b158c7a-a362-43ae-af1f-121b78be32d7,483,6,2,1,10,0,1,1,1,1791418856
2026-10-08T00:22:00+00:00,2026-10-08T00:23:21.807211+00:00,fbb9b58c-2b92-4bcf-8e4c-a982e40d2f39,221,2,0,1,16,0,1,1,1,1791418855
2026-10-08T00:22:00+00:00,2026-10-08T00:23:21.807211+00:00,ee0fa23e-a6c2-474d-a6ef-bf581d63f1ae,ee0fa23e-a6c2-474d-a6ef-bf581d63f1ae,4,0,0,7,0,1,1,1,1791418855
2026-10-08T00:22:00+00:00,2026-10-08T00:23:21.807211+00:00,2012646293885032702,2012646293885032702,21,0,0,3,0,1,1,1,1791418851
2026-10-08T00:22:00+00:00,2026-10-08T00:23:21.807211+00:00,e3f5d039-a49e-4b3b-ab4d-4efbef2068c6,e3f5d039-a49e-4b3b-ab4d-4efbef2068c6,12,3,1,9,0,1,1,1,1791418858
2026-10-08T00:22:00+00:00,2026-10-08T00:23:21.807211+00:00,2080157934789007958,2080157934789007958,16,2,2,1,0,1,1,1,1791418858
2026-10-08T00:22:00+00:00,2026-10-08T00:23:21.807211+00:00,1961066392414132348,1961066392414132348,3,1,0,16,0,1,1,1,1791418858
2026-10-08T00:22:00+00:00,2026-10-08T00:23:21.807211+00:00,fae99a0c-e88a-4112-94d8-f655cf34e651,fae99a0c-e88a-4112-94d8-f655cf34e651,3,1,2,14,0,1,1,1,1791418861
2026-10-08T00:22:00+00:00,2026-10-08T00:23:21.807211+00:00,f8350c56-0de8-11e7-991c-3863bb43a7d0,161,23,2,0,0,0,1,1,1,1791418861
2026-10-08T00:22:00+00:00,2026-10-08T00:23:21.807211+00:00,f8349672-0de8-11e7-991c-3863bb43a7d0,72,0,0,0,23,0,1,1,1,1791418862
2026-10-08T00:22:00+00:00,2026-10-08T00:23:21.807211+00:00,3f4f4ad4-a715-43d5-828f-f8381f26b66a,390,9,0,0,5,1,1,1,1,1791418863
2026-10-08T00:22:00+00:00,2026-10-08T00:23:21.807211+00:00,2120986392451359068,2120986392451359068,6,0,0,13,0,1,1,1,1791418863
2026-10-08T00:22:00+00:00,2026-10-08T00:23:21.807211+00:00,2158217922577811100,2158217922577811100,5,0,0,14,0,1,1,1,1791418861
2026-10-08T00:22:00+00:00,2026-10-08T00:23:21.807211+00:00,2074236051937964826,2074236051937964826,14,0,0,1,1,1,1,1,1791418860
2026-10-08T00:22:00+00:00,2026-10-08T00:23:21.807211+00:00,2223046412750968128,2223046412750968128,4,2,0,15,0,1,1,1,1791418811
2026-10-08T00:22:00+00:00,2026-10-08T00:23:21.807211+00:00,f8353277-0de8-11e7-991c-3863bb43a7d0,218,0,0,0,15,0,1,1,1,1791418812
2026-10-08T00:22:00+00:00,2026-10-08T00:23:21.807211+00:00,be7e7068-b85f-42c1-8ea1-e1d64e531323,be7e7068-b85f-42c1-8ea1-e1d64e531323,11,5,0,4,0,1,1,1,1791418812
2026-10-08T00:22:00+00:00,2026-10-08T00:23:21.807211+00:00,f4a64c30-b97f-4ae5-b531-a11698b558d7,562,6,2,0,3,0,1,1,1,1791418865
2026-10-08T00:22:00+00:00,2026-10-08T00:23:21.807211+00:00,3de6e5da-9702-4623-8683-26abd98012a8,525,4,0,1,8,0,1,1,1,1791418866
2026-10-08T00:22:00+00:00,2026-10-08T00:23:21.807211+00:00,2002247509585342522,2002247509585342522,7,1,0,4,0,1,1,1,1791418865
2026-10-08T00:22:00+00:00,2026-10-08T00:23:21.807211+00:00,68323451-daf0-4532-a6cb-b070e3ef358f,68323451-daf0-4532-a6cb-b070e3ef358f,2,0,0,17,0,1,1,1,1791418864
2026-10-08T00:22:00+00:00,2026-10-08T00:23:21.807211+00:00,2124668538068359456,2124668538068359456,15,0,0,4,0,1,1,1,1791418864
2026-10-08T00:22:00+00:00,2026-10-08T00:23:21.807211+00:00,f834fda2-0de8-11e7-991c-3863bb43a7d0,143,6,1,0,17,0,1,1,1,1791418864
2026-10-08T00:22:00+00:00,2026-10-08T00:23:21.807211+00:00,f8352150-0de8-11e7-991c-3863bb43a7d0,196,1,1,0,9,0,1,1,1,1791418865
2026-10-08T00:22:00+00:00,2026-10-08T00:23:21.807211+00:00,2071724371800490690,2071724371800490690,8,0,0,12,0,1,1,1,1791418866
2026-10-08T00:22:00+00:00,2026-10-08T00:23:21.807211+00:00,31382324-2931-491a-827a-40149e45afee,232,5,0,0,6,0,1,1,1,1791418785
2026-10-08T00:22:00+00:00,2026-10-08T00:23:21.807211+00:00,f834923d-0de8-11e7-991c-3863bb43a7d0,65,5,0,0,14,0,1,1,1,1791418786
2026-10-08T00:22:00+00:00,2026-10-08T00:23:21.807211+00:00,f8348021-0de8-11e7-991c-3863bb43a7d0,39,23,1,0,4,0,1,1,1,1791418794
2026-10-08T00:22:00+00:00,2026-10-08T00:23:21.807211+00:00,f8346c01-0de8-11e7-991c-3863bb43a7d0,13,2,1,1,16,0,1,1,1,1791418795
2026-10-08T00:22:00+00:00,2026-10-08T00:23:21.807211+00:00,7dd0fc98-c1dd-4c93-9c1d-4bbdf5f93346,473,14,9,0,0,0,1,1,1,1791418793
2026-10-08T00:22:00+00:00,2026-10-08T00:23:21.807211+00:00,3c837bc0-fd08-49c4-adf5-0e9a98e918a7,524,6,0,1,8,0,1,1,1,1791418783
2026-10-08T00:22:00+00:00,2026-10-08T00:23:21.807211+00:00,f834d064-0de8-11e7-991c-3863bb43a7d0,118,7,1,0,12,0,1,1,1,1791418841
2026-10-08T00:22:00+00:00,2026-10-08T00:23:21.807211+00:00,f8349d6e-0de8-11e7-991c-3863bb43a7d0,79,17,2,0,1,0,1,1,1,1791418840
2026-10-08T00:22:00+00:00,2026-10-08T00:23:21.807211+00:00,f8351ff1-0de8-11e7-991c-3863bb43a7d0,193,10,2,1,4,0,1,1,1,1791418842
2026-10-08T00:22:00+00:00,2026-10-08T00:23:21.807211+00:00,1963273678015717438,1963273678015717438,4,2,0,15,0,1,1,1,1791418839
2026-10-08T00:22:00+00:00,2026-10-08T00:23:21.807211+00:00,f834b50a-0de8-11e7-991c-3863bb43a7d0,102,10,2,0,5,0,1,1,1,1791418788
2026-10-08T00:22:00+00:00,2026-10-08T00:23:21.807211+00:00,2100948177843249670,2100948177843249670,6,3,0,5,0,1,1,1,1791418789
2026-10-08T00:22:00+00:00,2026-10-08T00:23:21.807211+00:00,f834b652-0de8-11e7-991c-3863bb43a7d0,104,7,2,1,11,0,1,1,1,1791418823
2026-10-08T00:22:00+00:00,2026-10-08T00:23:21.807211+00:00,910f1452-dbeb-4e69-b226-71b2d7e85715,910f1452-dbeb-4e69-b226-71b2d7e85715,8,8,0,2,0,1,1,1,1791418804
2026-10-08T00:22:00+00:00,2026-10-08T00:23:21.807211+00:00,f8348781-0de8-11e7-991c-3863bb43a7d0,53,9,0,1,9,0,1,1,1,1791418797
2026-10-08T00:22:00+00:00,2026-10-08T00:23:21.807211+00:00,f8352c1a-0de8-11e7-991c-3863bb43a7d0,216,7,2,2,10,0,1,1,1,1791418806
2026-10-08T00:22:00+00:00,2026-10-08T00:23:21.807211+00:00,f835259f-0de8-11e7-991c-3863bb43a7d0,205,3,2,1,11,0,1,1,1,1791418845
2026-10-08T00:22:00+00:00,2026-10-08T00:23:21.807211+00:00,634b697d-0e64-4102-8849-abac7a7f8e35,455,5,1,0,7,0,1,1,1,1791418845
2026-10-08T00:22:00+00:00,2026-10-08T00:23:21.807211+00:00,4caf6e93-ddd7-4b6f-9e61-f9df1206ac92,4caf6e93-ddd7-4b6f-9e61-f9df1206ac92,10,7,0,9,0,1,1,1,1791418847
2026-10-08T00:22:00+00:00,2026-10-08T00:23:21.807211+00:00,0bc49982-74e9-4bbf-9991-e3d809d6319e,530,14,5,0,5,0,1,1,1,1791418848
2026-10-08T00:22:00+00:00,2026-10-08T00:23:21.807211+00:00,dc770287-c70c-43ea-a635-39f3dc6b09cd,dc770287-c70c-43ea-a635-39f3dc6b09cd,11,4,0,0,0,1,1,1,1791418849
2026-10-08T00:22:00+00:00,2026-10-08T00:23:21.807211+00:00,082262bd-086b-46c7-83ce-eed2b39142ff,416,1,1,0,14,0,1,1,1,1791418848
2026-10-08T00:22:00+00:00,2026-10-08T00:23:21.807211+00:00,f8352a4d-0de8-11e7-991c-3863bb43a7d0,212,13,0,3,16,0,1,1,1,1791418847
2026-10-08T00:22:00+00:00,2026-10-08T00:23:21.807211+00:00,1e3beeb4-f8e1-452c-93e5-48df78d4b313,334,9,4,0,9,0,1,1,1,1791418848
2026-10-08T00:22:00+00:00,2026-10-08T00:23:21.807211+00:00,3dbbb3cb-b52d-46f8-8f9c-db11e83d081c,327,15,6,0,0,0,1,1,1,1791418844
2026-10-08T00:22:00+00:00,2026-10-08T00:23:21.807211+00:00,f1cafe36-f800-41f6-b74d-73953cb6394c,471,0,0,0,27,0,1,1,1,1791418851
2026-10-08T00:22:00+00:00,2026-10-08T00:23:21.807211+00:00,2115804056935012722,2115804056935012722,1,0,0,17,0,1,1,1,1791418852
2026-10-08T00:22:00+00:00,2026-10-08T00:23:21.807211+00:00,dd8dee9d-d044-41d6-9371-8463cf9c671b,526,6,3,0,8,1,1,1,1,1791418852
2026-10-08T00:22:00+00:00,2026-10-08T00:23:21.807211+00:00,a439fff7-8630-464c-b277-efca6f6bc664,531,11,3,3,0,0,1,1,1,1791418849
2026-10-08T00:22:00+00:00,2026-10-08T00:23:21.807211+00:00,2035765531590062506,2035765531590062506,6,0,3,2,0,1,1,1,1791418872
2026-10-08T00:22:00+00:00,2026-10-08T00:23:21.807211+00:00,f8346a3c-0de8-11e7-991c-3863bb43a7d0,10,0,0,2,9,0,1,1,1,1791418872
2026-10-08T00:22:00+00:00,2026-10-08T00:23:21.807211+00:00,e49a5b83-2c9c-4610-a48b-89cfea172c8f,504,6,0,0,5,0,1,1,1,1791418872
2026-10-08T00:22:00+00:00,2026-10-08T00:23:21.807211+00:00,f8348924-0de8-11e7-991c-3863bb43a7d0,57,12,0,0,2,0,1,1,1,1791418870
2026-10-08T00:22:00+00:00,2026-10-08T00:23:21.807211+00:00,f8348857-0de8-11e7-991c-3863bb43a7d0,55,9,0,0,6,0,1,1,1,1791418868
2026-10-08T00:22:00+00:00,2026-10-08T00:23:21.807211+00:00,13681246-4bf8-444a-a908-fa165e4ad298,329,12,1,2,1,0,1,1,1,1791418867
2026-10-08T00:22:00+00:00,2026-10-08T00:23:21.807211+00:00,8b703219-1e16-4ba1-9f46-2b7030c7849a,360,0,0,2,13,0,1,1,1,1791418868
2026-10-08T00:22:00+00:00,2026-10-08T00:23:21.807211+00:00,2079440939380771716,2079440939380771716,1,1,1,9,0,1,1,1,1791418868
2026-10-08T00:22:00+00:00,2026-10-08T00:23:21.807211+00:00,3a6d94a7-9fee-41c5-b8cc-a8487c5e691b,549,22,0,0,1,0,1,1,1,1791418876
2026-10-08T00:22:00+00:00,2026-10-08T00:23:21.807211+00:00,50cc3c7f-50ed-4c70-b483-c89f3f47c938,491,17,2,0,2,0,1,1,1,1791418874
2026-10-08T00:22:00+00:00,2026-10-08T00:23:21.807211+00:00,a3b94ed8-8301-4ec6-baf2-64ac493b5106,529,2,1,0,12,0,1,1,1,1791418878
2026-10-08T00:22:00+00:00,2026-10-08T00:23:21.807211+00:00,f834fb66-0de8-11e7-991c-3863bb43a7d0,139,16,3,1,2,0,1,1,1,1791418868
2026-10-08T00:22:00+00:00,2026-10-08T00:23:21.807211+00:00,2113560016964645240,2113560016964645240,9,1,1,9,0,1,1,1,1791418828
2026-10-08T00:22:00+00:00,2026-10-08T00:23:21.807211+00:00,a51b429f-bf06-425a-b3fe-b3155aa6468c,a51b429f-bf06-425a-b3fe-b3155aa6468c,9,2,0,2,0,1,1,1,1791418828
2026-10-08T00:22:00+00:00,2026-10-08T00:23:21.807211+00:00,f834db9b-0de8-11e7-991c-3863bb43a7d0,121,17,8,0,0,0,1,1,1,1791418828
2026-10-08T00:22:00+00:00,2026-10-08T00:23:21.807211+00:00,2126939746529359956,2126939746529359956,9,5,0,10,0,1,1,1,1791418832
2026-10-08T00:22:00+00:00,2026-10-08T00:23:21.807211+00:00,f8349de4-0de8-11e7-991c-3863bb43a7d0,80,0,0,0,34,0,1,1,1,1791418833
2026-10-08T00:22:00+00:00,2026-10-08T00:23:21.807211+00:00,f8352306-0de8-11e7-991c-3863bb43a7d0,199,7,2,1,7,0,1,1,1,1791418831
2026-10-08T00:22:00+00:00,2026-10-08T00:23:21.807211+00:00,f83487f0-0de8-11e7-991c-3863bb43a7d0,54,1,0,0,14,0,1,1,1,1791418836
2026-10-08T00:22:00+00:00,2026-10-08T00:23:21.807211+00:00,ee18dbd6-05b8-4d38-a120-f84c3499a77e,519,5,1,0,6,0,1,1,1,1791418835
2026-10-08T00:22:00+00:00,2026-10-08T00:23:21.807211+00:00,c935cfb1-ef73-402e-9b86-83aaaac6534d,478,4,0,1,14,0,1,1,1,1791418836
2026-10-08T00:22:00+00:00,2026-10-08T00:23:21.807211+00:00,2136546016037880534,2136546016037880534,4,1,0,11,0,1,1,1,1791418836
2026-10-08T00:22:00+00:00,2026-10-08T00:23:21.807211+00:00,f83472d3-0de8-11e7-991c-3863bb43a7d0,25,14,2,0,1,0,1,1,1,1791418835
2026-10-08T00:22:00+00:00,2026-10-08T00:23:21.807211+00:00,efd724b2-31cb-4aec-b9d9-8ab79271630c,493,9,0,0,8,0,1,1,1,1791418818
2026-10-08T00:22:00+00:00,2026-10-08T00:23:21.807211+00:00,b5894555-30a3-46db-918a-fdeb083d6001,336,11,6,1,3,0,1,1,1,1791418814
2026-10-08T00:22:00+00:00,2026-10-08T00:23:21.807211+00:00,f83514f9-0de8-11e7-991c-3863bb43a7d0,180,10,1,1,8,0,1,1,1,1791418815
2026-10-08T00:22:00+00:00,2026-10-08T00:23:21.807211+00:00,dd05a440-f881-410c-a071-864da11c634a,318,0,0,0,19,0,1,1,1,1791418825
2026-10-08T00:22:00+00:00,2026-10-08T00:23:21.807211+00:00,2131714490587826928,2131714490587826928,11,8,2,3,0,1,1,1,1791418825
2026-10-08T00:22:00+00:00,2026-10-08T00:23:21.807211+00:00,0cb6d635-6a7d-4d75-89b4-36b12616be12,432,10,6,0,9,0,1,1,1,1791418879
2026-10-08T00:22:00+00:00,2026-10-08T00:23:21.807211+00:00,609c2f06-310e-4134-8dd2-3d23aa41487b,609c2f06-310e-4134-8dd2-3d23aa41487b,19,3,1,2,0,1,1,1,1791418881
2026-10-08T00:22:00+00:00,2026-10-08T00:23:21.807211+00:00,8f51f8f1-ecb8-4cd3-8529-296a03140c51,8f51f8f1-ecb8-4cd3-8529-296a03140c51,8,3,0,11,0,1,1,1,1791418881
2026-10-08T00:22:00+00:00,2026-10-08T00:23:21.807211+00:00,f835141c-0de8-11e7-991c-3863bb43a7d0,178,13,0,2,3,0,1,1,1,1791418879
2026-10-08T00:22:00+00:00,2026-10-08T00:23:21.807211+00:00,a9d13461-7f0f-47b0-9a97-8ec9e9792865,533,16,1,1,2,0,1,1,1,1791418886
2026-10-08T00:22:00+00:00,2026-10-08T00:23:21.807211+00:00,2256120653476329202,2256120653476329202,13,1,0,2,0,1,1,1,1791418886
2026-10-08T00:22:00+00:00,2026-10-08T00:23:21.807211+00:00,f834a32d-0de8-11e7-991c-3863bb43a7d0,86,17,1,1,7,0,1,1,1,1791418886
2026-10-08T00:22:00+00:00,2026-10-08T00:23:21.807211+00:00,dd008e3c-ff17-4c82-abe0-502272a62425,558,3,2,1,13,0,1,1,1,1791418883
2026-10-08T00:22:00+00:00,2026-10-08T00:23:21.807211+00:00,a9bc314b-a3fd-46e5-a63b-f005258bba5f,a9bc314b-a3fd-46e5-a63b-f005258bba5f,5,0,0,12,1,1,1,1,1791418883
2026-10-08T00:22:00+00:00,2026-10-08T00:23:21.807211+00:00,f8351e42-0de8-11e7-991c-3863bb43a7d0,189,0,0,0,23,0,1,1,1,1791418883
2026-10-08T00:22:00+00:00,2026-10-08T00:23:21.807211+00:00,25cc602a-152a-4abe-9df8-a131d0a5d94b,235,14,5,0,1,0,1,1,1,1791418887
2026-10-08T00:22:00+00:00,2026-10-08T00:23:21.807211+00:00,2171110977443594588,2171110977443594588,8,0,1,6,0,1,1,1,1791418887
2026-10-08T00:22:00+00:00,2026-10-08T00:23:21.807211+00:00,66763558-7a03-48a9-8665-6b4445b81f48,458,14,7,0,1,0,1,1,1,1791418889
2026-10-08T00:22:00+00:00,2026-10-08T00:23:21.807211+00:00,4764641e-b080-4c70-a1e1-049de81e09d0,273,26,4,3,12,0,1,1,1,1791418887
2026-10-08T00:22:00+00:00,2026-10-08T00:23:21.807211+00:00,2fded452-cbd0-4248-b008-f8a61ed9a85f,2fded452-cbd0-4248-b008-f8a61ed9a85f,1,0,0,14,0,1,1,1,1791418889
2026-10-08T00:22:00+00:00,2026-10-08T00:23:21.807211+00:00,f8350be5-0de8-11e7-991c-3863bb43a7d0,160,0,0,1,13,0,1,1,1,1791418892
2026-10-08T00:22:00+00:00,2026-10-08T00:23:21.807211+00:00,1994461916590643872,1994461916590643872,10,2,1,0,0,1,1,1,1791418891
2026-10-08T00:22:00+00:00,2026-10-08T00:23:21.807211+00:00,2248987790637065652,2248987790637065652,10,2,0,2,0,1,1,1,1791418890
2026-10-08T00:22:00+00:00,2026-10-08T00:23:21.807211+00:00,af066ffd-b892-434f-8532-1982fc408780,480,6,0,0,5,0,1,1,1,1791418891
2026-10-08T00:22:00+00:00,2026-10-08T00:23:21.807211+00:00,f834ffc9-0de8-11e7-991c-3863bb43a7d0,146,19,3,0,0,0,1,1,1,1791418892
2026-10-08T00:22:00+00:00,2026-10-08T00:23:21.807211+00:00,f836bc28-36a7-4ca6-bba6-0d75333d84bb,538,13,0,1,5,0,1,1,1,1791418890
2026-10-08T00:22:00+00:00,2026-10-08T00:23:21.807211+00:00,1984021766354634770,1984021766354634770,8,0,0,11,0,1,1,1,1791418890
2026-10-08T00:22:00+00:00,2026-10-08T00:23:21.807211+00:00,b0b8e427-7203-4844-9c70-129e08a74452,347,13,4,1,0,0,1,1,1,1791418892
2026-10-08T00:22:00+00:00,2026-10-08T00:23:21.807211+00:00,1206f5c8-7d1f-4c32-9d65-f3e80186fbde,511,8,5,1,10,0,1,1,1,1791418895
2026-10-08T00:22:00+00:00,2026-10-08T00:23:21.807211+00:00,2253794653988522864,2253794653988522864,8,1,0,11,0,1,1,1,1791418895
2026-10-08T00:22:00+00:00,2026-10-08T00:23:21.807211+00:00,d81e16e2-a410-4a0b-b5ae-b72748fc9781,d81e16e2-a410-4a0b-b5ae-b72748fc9781,9,0,0,10,0,1,1,1,1791418893
2026-10-08T00:22:00+00:00,2026-10-08T00:23:21.807211+00:00,f834ff5a-0de8-11e7-991c-3863bb43a7d0,145,5,0,1,13,0,1,1,1,1791418898
2026-10-08T00:22:00+00:00,2026-10-08T00:23:21.807211+00:00,2111332861978124760,2111332861978124760,3,1,1,12,0,1,1,1,1791418899
2026-10-08T00:22:00+00:00,2026-10-08T00:23:21.807211+00:00,2004828637786472956,2004828637786472956,11,4,0,8,0,1,1,1,1791418899
2026-10-08T00:22:00+00:00,2026-10-08T00:23:21.807211+00:00,57caf362-1e8b-46aa-9ee3-82341c405ab0,271,3,1,1,11,0,1,1,1,1791418899
2026-10-08T00:22:00+00:00,2026-10-08T00:23:21.807211+00:00,f835027c-0de8-11e7-991c-3863bb43a7d0,152,8,0,0,19,0,1,1,1,1791418899
2026-10-08T00:22:00+00:00,2026-10-08T00:23:21.807211+00:00,42886366-9cbf-432c-ba84-beef38877c87,408,14,4,1,0,0,1,1,1,1791418889
2026-10-08T00:22:00+00:00,2026-10-08T00:23:21.807211+00:00,2271594282663217386,2271594282663217386,3,3,0,8,0,1,1,1,1791418890
2026-10-08T00:22:00+00:00,2026-10-08T00:23:21.807211+00:00,9f582e05-15e0-4a39-aef5-c719e0c78e26,466,2,1,2,7,0,1,1,1,1791418887
2026-10-08T00:22:00+00:00,2026-10-08T00:23:21.807211+00:00,2123672938202825324,2123672938202825324,9,0,0,6,0,1,1,1,1791418887
2026-10-08T00:22:00+00:00,2026-10-08T00:23:21.807211+00:00,81676204-e42f-4d3d-991e-9c1264f36229,357,15,1,0,0,0,1,1,1,1791418888
2026-10-08T00:22:00+00:00,2026-10-08T00:23:21.807211+00:00,2109111257926871498,2109111257926871498,15,3,0,4,0,1,1,1,1791418879
2026-10-08T00:22:00+00:00,2026-10-08T00:23:21.807211+00:00,f8351dc2-0de8-11e7-991c-3863bb43a7d0,188,10,3,0,5,0,1,1,1,1791418880
2026-10-08T00:22:00+00:00,2026-10-08T00:23:21.807211+00:00,f834b99d-0de8-11e7-991c-3863bb43a7d0,107,0,0,1,18,0,1,1,1,1791418884
2026-10-08T00:22:00+00:00,2026-10-08T00:23:21.807211+00:00,93381e13-cd04-4e10-ac81-9f5926aa01d5,333,8,1,1,16,0,1,1,1,1791418885
2026-10-08T00:22:00+00:00,2026-10-08T00:23:21.807211+00:00,c202f2ca-ec1d-4dc5-a734-e0a342f23ba4,279,21,5,1,1,0,1,1,1,1791418885
2026-10-08T00:22:00+00:00,2026-10-08T00:23:21.807211+00:00,f8346f6f-0de8-11e7-991c-3863bb43a7d0,19,8,1,1,5,0,1,1,1,1791418787
2026-10-08T00:22:00+00:00,2026-10-08T00:23:21.807211+00:00,1976642295079838524,1976642295079838524,8,0,1,2,0,1,1,1,1791418787
2026-10-08T00:22:00+00:00,2026-10-08T00:23:21.807211+00:00,d1c0b0c2-6e4c-424e-a946-a2a95a711633,422,4,0,0,11,0,1,1,1,1791418789
2026-10-08T00:22:00+00:00,2026-10-08T00:23:21.807211+00:00,f8349e56-0de8-11e7-991c-3863bb43a7d0,81,0,0,0,19,0,1,1,1,1791418791
2026-10-08T00:22:00+00:00,2026-10-08T00:23:21.807211+00:00,f8350a84-0de8-11e7-991c-3863bb43a7d0,157,2,0,1,12,0,1,1,1,1791418792
2026-10-08T00:22:00+00:00,2026-10-08T00:23:21.807211+00:00,f83481c5-0de8-11e7-991c-3863bb43a7d0,42,4,0,0,26,0,1,1,1,1791418795
2026-10-08T00:22:00+00:00,2026-10-08T00:23:21.807211+00:00,f83471a1-0de8-11e7-991c-3863bb43a7d0,23,1,0,0,23,1,1,1,1,1791418795
2026-10-08T00:22:00+00:00,2026-10-08T00:23:21.807211+00:00,12141b77-6e5f-444b-bace-2abf16db4fee,12141b77-6e5f-444b-bace-2abf16db4fee,9,5,0,2,0,1,1,1,1791418807
2026-10-08T00:22:00+00:00,2026-10-08T00:23:21.807211+00:00,be18593a-9e4c-4a13-8bb2-a5bac3d9b2b3,547,11,3,0,7,0,1,1,1,1791418812
2026-10-08T00:22:00+00:00,2026-10-08T00:23:21.807211+00:00,f835260c-0de8-11e7-991c-3863bb43a7d0,206,5,0,0,35,0,1,1,1,1791418890
2026-10-08T00:22:00+00:00,2026-10-08T00:23:21.807211+00:00,5f8ced09-665c-41e5-b67e-1e58fac21830,521,1,1,0,10,0,1,1,1,1791418801
2026-10-08T00:22:00+00:00,2026-10-08T00:23:21.807211+00:00,2212663228188806942,2212663228188806942,11,1,0,13,0,1,1,1,1791418801
2026-10-08T00:22:00+00:00,2026-10-08T00:23:21.807211+00:00,f834ec42-0de8-11e7-991c-3863bb43a7d0,131,14,0,1,3,0,1,1,1,1791418803
2026-10-08T00:22:00+00:00,2026-10-08T00:23:21.807211+00:00,2014558273483754010,2014558273483754010,12,4,0,7,0,1,1,1,1791418803
2026-10-08T00:22:00+00:00,2026-10-08T00:23:21.807211+00:00,53548ba4-ad0a-4d92-8e57-fd5c9f3ad102,399,3,0,0,12,0,1,1,1,1791418804
2026-10-08T00:22:00+00:00,2026-10-08T00:23:21.807211+00:00,f835108b-0de8-11e7-991c-3863bb43a7d0,170,1,0,0,13,0,1,1,1,1791418681
2026-10-08T00:22:00+00:00,2026-10-08T00:23:21.807211+00:00,f834f8ca-0de8-11e7-991c-3863bb43a7d0,137,17,10,0,2,0,1,1,1,1791418778
2026-10-08T00:22:00+00:00,2026-10-08T00:23:21.807211+00:00,f8351490-0de8-11e7-991c-3863bb43a7d0,179,14,0,3,35,1,1,1,1,1791418779
2026-10-08T00:22:00+00:00,2026-10-08T00:23:21.807211+00:00,2220822464984366036,2220822464984366036,5,2,0,7,0,1,1,1,1791418770
2026-10-08T00:22:00+00:00,2026-10-08T00:23:21.807211+00:00,2249419943962214726,2249419943962214726,5,0,0,14,0,1,1,1,1791418716
2026-10-08T00:22:00+00:00,2026-10-08T00:23:21.807211+00:00,7df1ee28-441e-44c1-8507-8f58946be96b,239,5,0,0,10,0,1,1,1,1791418858
2026-10-08T00:22:00+00:00,2026-10-08T00:23:21.807211+00:00,f834fede-0de8-11e7-991c-3863bb43a7d0,144,6,0,0,13,0,1,1,1,1791418859
2026-10-08T00:22:00+00:00,2026-10-08T00:23:21.807211+00:00,f8352ac4-0de8-11e7-991c-3863bb43a7d0,213,5,0,3,6,0,1,1,1,1791418781
2026-10-08T00:22:00+00:00,2026-10-08T00:23:21.807211+00:00,2267959380696438832,2267959380696438832,7,0,0,4,0,1,1,1,1791418859
2026-10-08T00:22:00+00:00,2026-10-08T00:23:21.807211+00:00,4fe8e777-345b-4fc2-a684-dd874e8186d8,4fe8e777-345b-4fc2-a684-dd874e8186d8,7,4,1,7,0,1,1,1,1791418855
2026-10-08T00:22:00+00:00,2026-10-08T00:23:21.807211+00:00,2096125468116637776,2096125468116637776,15,0,0,0,0,1,1,1,1791418856
2026-10-08T00:22:00+00:00,2026-10-08T00:23:21.807211+00:00,2118368356250680236,2118368356250680236,1,0,0,15,0,1,1,1,1791418838
2026-10-08T00:22:00+00:00,2026-10-08T00:23:21.807211+00:00,f834658f-0de8-11e7-991c-3863bb43a7d0,4,16,0,1,3,0,1,1,1,1791418864
2026-10-08T00:22:00+00:00,2026-10-08T00:23:21.807211+00:00,9340e113-e0b2-48ac-b58a-8b6f001b0a94,486,4,1,0,7,0,1,1,1,1791418864
2026-10-08T00:22:00+00:00,2026-10-08T00:23:21.807211+00:00,f0f01d4c-ba4a-4ab2-9cc0-9fa1f9223300,394,4,1,0,10,0,1,1,1,1791418865
2026-10-08T00:22:00+00:00,2026-10-08T00:23:21.807211+00:00,1a39ab83-f029-4134-aad4-35380b30bf2c,1a39ab83-f029-4134-aad4-35380b30bf2c,2,0,0,17,0,1,1,1,1791418866
2026-10-08T00:22:00+00:00,2026-10-08T00:23:21.807211+00:00,c23a4c0d-7e43-4042-80e2-7c894d07763b,559,5,1,0,6,0,1,1,1,1791418864
2026-10-08T00:22:00+00:00,2026-10-08T00:23:21.807211+00:00,f714390d-6874-43fa-a079-a07f83c79c7b,f714390d-6874-43fa-a079-a07f83c79c7b,6,0,0,5,0,1,1,1,1791418864
2026-10-08T00:22:00+00:00,2026-10-08T00:23:21.807211+00:00,ed6c012e-6d6c-41e7-8e01-90749fd67575,546,8,7,0,8,0,1,1,1,1791418866
2026-10-08T00:22:00+00:00,2026-10-08T00:23:21.807211+00:00,f8352068-0de8-11e7-991c-3863bb43a7d0,194,9,1,0,10,0,1,1,1,1791418866
2026-10-08T00:22:00+00:00,2026-10-08T00:23:21.807211+00:00,ca76adb6-4c84-4484-9ec3-b411b81ddbef,ca76adb6-4c84-4484-9ec3-b411b81ddbef,5,1,2,12,0,1,1,1,1791418860
2026-10-08T00:22:00+00:00,2026-10-08T00:23:21.807211+00:00,f834824e-0de8-11e7-991c-3863bb43a7d0,43,1,0,0,14,0,1,1,1,1791418867
2026-10-08T00:22:00+00:00,2026-10-08T00:23:21.807211+00:00,f83480a9-0de8-11e7-991c-3863bb43a7d0,40,26,6,0,5,0,1,1,1,1791418824
2026-10-08T00:22:00+00:00,2026-10-08T00:23:21.807211+00:00,2d32e355-faee-407b-9bb7-45d80ffb059a,2d32e355-faee-407b-9bb7-45d80ffb059a,0,0,0,19,0,1,1,1,1791418824
2026-10-08T00:22:00+00:00,2026-10-08T00:23:21.807211+00:00,e32c0bb9-e85b-4764-b0fb-5c582cfd3a90,340,14,8,1,2,1,1,1,1,1791418845
2026-10-08T00:22:00+00:00,2026-10-08T00:23:21.807211+00:00,f834dc46-0de8-11e7-991c-3863bb43a7d0,122,13,2,0,2,0,1,1,1,1791418847
2026-10-08T00:22:00+00:00,2026-10-08T00:23:21.807211+00:00,2002248857751890568,2002248857751890568,10,6,1,0,0,1,1,1,1791418843
2026-10-08T00:22:00+00:00,2026-10-08T00:23:21.807211+00:00,f834fc57-0de8-11e7-991c-3863bb43a7d0,140,15,3,0,2,0,1,1,1,1791418844
2026-10-08T00:22:00+00:00,2026-10-08T00:23:21.807211+00:00,c1789d39-705f-4c03-9c14-4d6a3a4f4400,561,5,0,0,14,0,1,1,1,1791418841
2026-10-08T00:22:00+00:00,2026-10-08T00:23:21.807211+00:00,f83483f3-0de8-11e7-991c-3863bb43a7d0,46,0,0,1,38,0,1,1,1,1791418842
2026-10-08T00:22:00+00:00,2026-10-08T00:23:21.807211+00:00,ad2fb6f2-921f-440c-83de-08be76e35c2a,468,2,0,1,11,0,1,1,1,1791418844
2026-10-08T00:22:00+00:00,2026-10-08T00:23:21.807211+00:00,f8352378-0de8-11e7-991c-3863bb43a7d0,200,7,0,0,12,0,1,1,1,1791418844
2026-10-08T00:22:00+00:00,2026-10-08T00:23:21.807211+00:00,fe6a64e7-c712-404c-85ae-ee77a37245b1,355,6,1,1,10,0,1,1,1,1791418845
2026-10-08T00:22:00+00:00,2026-10-08T00:23:21.807211+00:00,2002579415401984808,2002579415401984808,6,2,0,5,0,1,1,1,1791418842
2026-10-08T00:22:00+00:00,2026-10-08T00:23:21.807211+00:00,f83520d8-0de8-11e7-991c-3863bb43a7d0,195,4,0,0,19,0,1,1,1,1791418841
2026-10-08T00:22:00+00:00,2026-10-08T00:23:21.807211+00:00,f8350204-0de8-11e7-991c-3863bb43a7d0,151,0,0,0,19,0,1,1,1,1791418815
2026-10-08T00:22:00+00:00,2026-10-08T00:23:21.807211+00:00,6e340d8e-45db-4fd9-b6eb-b74ec73b0d3e,535,5,1,3,7,0,1,1,1,1791418808
2026-10-08T00:22:00+00:00,2026-10-08T00:23:21.807211+00:00,f834a7d1-0de8-11e7-991c-3863bb43a7d0,91,3,0,1,15,0,1,1,1,1791418818
2026-10-08T00:22:00+00:00,2026-10-08T00:23:21.807211+00:00,f834caf2-0de8-11e7-991c-3863bb43a7d0,114,7,1,0,8,0,1,1,1,1791418832
2026-10-08T00:22:00+00:00,2026-10-08T00:23:21.807211+00:00,e2c306f6-82c7-4d0d-89fd-c9452d2f9ad1,361,19,4,2,22,0,1,1,1,1791418831
2026-10-08T00:22:00+00:00,2026-10-08T00:23:21.807211+00:00,a75d3da1-ce74-447f-8e80-52506a81aff3,a75d3da1-ce74-447f-8e80-52506a81aff3,6,3,0,5,0,1,1,1,1791418832
2026-10-08T00:22:00+00:00,2026-10-08T00:23:21.807211+00:00,2245672241002318634,2245672241002318634,8,0,1,9,0,1,1,1,1791418831
2026-10-08T00:22:00+00:00,2026-10-08T00:23:21.807211+00:00,228b8017-e4da-4722-9223-b8279a14b8ad,448,4,4,0,6,0,1,1,1,1791418830
2026-10-08T00:22:00+00:00,2026-10-08T00:23:21.807211+00:00,2129865213174084448,2129865213174084448,12,4,0,7,0,1,1,1,1791418830
2026-10-08T00:22:00+00:00,2026-10-08T00:23:21.807211+00:00,2131760674371160748,2131760674371160748,4,0,1,15,0,1,1,1,1791418833
2026-10-08T00:22:00+00:00,2026-10-08T00:23:21.807211+00:00,1676a6f7-c417-48d2-92e8-5ce21995efc3,374,0,0,0,18,0,1,1,1,1791418834
2026-10-08T00:22:00+00:00,2026-10-08T00:23:21.807211+00:00,eb8824c3-9c84-4fec-8d6f-d537c8ab3beb,349,13,10,0,3,1,1,1,1,1791418852
2026-10-08T00:22:00+00:00,2026-10-08T00:23:21.807211+00:00,1978882443666915710,1978882443666915710,5,0,0,12,1,1,1,1,1791418852
2026-10-08T00:22:00+00:00,2026-10-08T00:23:21.807211+00:00,a3bf0bfe-198b-4160-a2fb-cc7d10cfb4cf,a3bf0bfe-198b-4160-a2fb-cc7d10cfb4cf,18,6,0,1,0,1,1,1,1791418850
2026-10-08T00:22:00+00:00,2026-10-08T00:23:21.807211+00:00,f8349ed6-0de8-11e7-991c-3863bb43a7d0,82,16,4,1,8,0,1,1,1,1791418851
2026-10-08T00:22:00+00:00,2026-10-08T00:23:21.807211+00:00,a83f982f-a4f1-43e4-98e8-c8f4a0bb7290,452,13,1,1,1,0,1,1,1,1791418851
2026-10-08T00:22:00+00:00,2026-10-08T00:23:21.807211+00:00,f8351726-0de8-11e7-991c-3863bb43a7d0,185,0,0,1,14,0,1,1,1,1791418849
2026-10-08T00:22:00+00:00,2026-10-08T00:23:21.807211+00:00,f834ba08-0de8-11e7-991c-3863bb43a7d0,108,0,0,0,16,0,1,1,1,1791418883
2026-10-08T00:22:00+00:00,2026-10-08T00:23:21.807211+00:00,2035660824473983142,2035660824473983142,7,0,0,11,1,1,1,1,1791418883
2026-10-08T00:22:00+00:00,2026-10-08T00:23:21.807211+00:00,1921360868231155718,1921360868231155718,1,0,1,17,0,1,1,1,1791418880
2026-10-08T00:22:00+00:00,2026-10-08T00:23:21.807211+00:00,f834a838-0de8-11e7-991c-3863bb43a7d0,92,15,0,0,3,0,1,1,1,1791418879
2026-10-08T00:22:00+00:00,2026-10-08T00:23:21.807211+00:00,f83489ff-0de8-11e7-991c-3863bb43a7d0,59,2,0,0,16,1,1,1,1,1791418881
2026-10-08T00:22:00+00:00,2026-10-08T00:23:21.807211+00:00,0b0467c1-0c90-4529-a556-fe4d57835bbb,435,13,11,0,1,1,1,1,1,1791418880
2026-10-08T00:22:00+00:00,2026-10-08T00:23:21.807211+00:00,f83529e2-0de8-11e7-991c-3863bb43a7d0,211,9,1,1,5,0,1,1,1,1791418884
2026-10-08T00:22:00+00:00,2026-10-08T00:23:21.807211+00:00,7feae3ce-ddf2-4a45-a123-1209c8a9182b,484,2,0,0,9,0,1,1,1,1791418884
2026-10-08T00:22:00+00:00,2026-10-08T00:23:21.807211+00:00,9c8366d8-3b58-4894-b281-09e22f6fe5f7,464,11,4,0,0,0,1,1,1,1791418815
2026-10-08T00:22:00+00:00,2026-10-08T00:23:21.807211+00:00,f834ab92-0de8-11e7-991c-3863bb43a7d0,95,14,1,0,1,0,1,1,1,1791418814
2026-10-08T00:22:00+00:00,2026-10-08T00:23:21.807211+00:00,c5017e67-cada-4549-a52e-0f13dddd289d,424,4,2,0,15,0,1,1,1,1791418820
2026-10-08T00:22:00+00:00,2026-10-08T00:23:21.807211+00:00,5bbdd12f-fec4-4741-9d5d-4a60834c5d02,377,5,2,0,14,0,1,1,1,1791418820
2026-10-08T00:22:00+00:00,2026-10-08T00:23:21.807211+00:00,f834ea45-0de8-11e7-991c-3863bb43a7d0,130,6,1,1,8,0,1,1,1,1791418819
2026-10-08T00:22:00+00:00,2026-10-08T00:23:21.807211+00:00,186accbb-6a08-4e1d-b267-9033c4443a56,401,10,1,0,5,0,1,1,1,1791418820
2026-10-08T00:22:00+00:00,2026-10-08T00:23:21.807211+00:00,eee3aab6-bd98-4d1f-8887-9c4e2adce482,eee3aab6-bd98-4d1f-8887-9c4e2adce482,10,4,1,0,0,1,1,1,1791418836
2026-10-08T00:22:00+00:00,2026-10-08T00:23:21.807211+00:00,1989983491501558234,1989983491501558234,1,0,0,10,0,1,1,1,1791418837
2026-10-08T00:22:00+00:00,2026-10-08T00:23:21.807211+00:00,2098360140389493528,2098360140389493528,6,5,3,2,0,1,1,1,1791418840
2026-10-08T00:22:00+00:00,2026-10-08T00:23:21.807211+00:00,52485851-e554-49de-ab9f-f536806d2d34,52485851-e554-49de-ab9f-f536806d2d34,4,4,1,5,0,1,1,1,1791418840
2026-10-08T00:22:00+00:00,2026-10-08T00:23:21.807211+00:00,9cc65d3d-cfcc-45ff-8f75-7264556b1cf9,9cc65d3d-cfcc-45ff-8f75-7264556b1cf9,9,2,0,10,0,1,1,1,1791418840
2026-10-08T00:22:00+00:00,2026-10-08T00:23:21.807211+00:00,065e0e5d-8a0d-49b7-9c1f-c8eaba51a8b4,490,12,4,1,5,0,1,1,1,1791418840
2026-10-08T00:22:00+00:00,2026-10-08T00:23:21.807211+00:00,bd1755dc-f26c-420e-85b3-fd025d0b5445,554,7,0,0,8,0,1,1,1,1791418836
2026-10-08T00:22:00+00:00,2026-10-08T00:23:21.807211+00:00,13d4171b-6d93-490e-923f-f2a17d5c7613,13d4171b-6d93-490e-923f-f2a17d5c7613,3,1,0,8,0,1,1,1,1791418836
2026-10-08T00:22:00+00:00,2026-10-08T00:23:21.807211+00:00,4f25f6ef-236b-43b4-8a92-68a24db0504b,4f25f6ef-236b-43b4-8a92-68a24db0504b,12,5,0,2,0,1,1,1,1791418837
2026-10-08T00:22:00+00:00,2026-10-08T00:23:21.807211+00:00,2151136782588526782,2151136782588526782,4,1,0,7,0,1,1,1,1791418839
2026-10-08T00:22:00+00:00,2026-10-08T00:23:21.807211+00:00,403c0f6c-d01a-4171-a7be-3aa4dbb0d7d1,407,2,1,2,14,0,1,1,1,1791418868
2026-10-08T00:22:00+00:00,2026-10-08T00:23:21.807211+00:00,f8348a68-0de8-11e7-991c-3863bb43a7d0,60,3,0,0,15,0,1,1,1,1791418868
2026-10-08T00:22:00+00:00,2026-10-08T00:23:21.807211+00:00,2093488029445054742,2093488029445054742,0,0,0,28,0,1,1,1,1791418870
2026-10-08T00:22:00+00:00,2026-10-08T00:23:21.807211+00:00,00802fe6-4268-4dc8-8f55-0dbbc1665ce6,515,4,0,0,15,0,1,1,1,1791418871
2026-10-08T00:22:00+00:00,2026-10-08T00:23:21.807211+00:00,f83512c9-0de8-11e7-991c-3863bb43a7d0,175,10,5,1,6,0,1,1,1,1791418870
2026-10-08T00:22:00+00:00,2026-10-08T00:23:21.807211+00:00,2104f242-2dde-4ec0-8197-4454b1021ac1,381,20,2,0,3,1,1,1,1,1791418870
2026-10-08T00:22:00+00:00,2026-10-08T00:23:21.807211+00:00,bd3d4824-7203-4edc-a314-cea2b413e886,319,9,1,0,17,1,1,1,1,1791418872
2026-10-08T00:22:00+00:00,2026-10-08T00:23:21.807211+00:00,2038981933682610536,2038981933682610536,8,3,0,8,0,1,1,1,1791418866
2026-10-08T00:22:00+00:00,2026-10-08T00:23:21.807211+00:00,7c860828-3359-4229-b59b-963f5a4bab00,236,9,0,3,0,0,1,1,1,1791418873
2026-10-08T00:22:00+00:00,2026-10-08T00:23:21.807211+00:00,2076849845777355316,2076849845777355316,26,0,2,1,3,1,1,1,1791418875
2026-10-08T00:22:00+00:00,2026-10-08T00:23:21.807211+00:00,81bfc33b-30d8-4881-b261-712715a8b2bc,363,13,0,0,3,1,1,1,1,1791418876
2026-10-08T00:22:00+00:00,2026-10-08T00:23:21.807211+00:00,2071630998981871920,2071630998981871920,12,4,1,7,0,1,1,1,1791418876
2026-10-08T00:22:00+00:00,2026-10-08T00:23:21.807211+00:00,47c44bb1-d065-41f5-ad79-c18aee60af34,342,5,0,0,10,0,1,1,1,1791418877
2026-10-08T00:22:00+00:00,2026-10-08T00:23:21.807211+00:00,2212258635631104970,2212258635631104970,3,1,0,20,0,1,1,1,1791418877
2026-10-08T00:22:00+00:00,2026-10-08T00:23:21.807211+00:00,aa556ad4-0092-4687-96c2-8dbc69addb56,485,2,1,2,7,0,1,1,1,1791418875
2026-10-08T00:22:00+00:00,2026-10-08T00:23:21.807211+00:00,1942556871369959976,1942556871369959976,13,5,0,6,0,1,1,1,1791418874
2026-10-08T00:22:00+00:00,2026-10-08T00:23:21.807211+00:00,f834a3a0-0de8-11e7-991c-3863bb43a7d0,87,13,4,0,2,0,1,1,1,1791418890
2026-10-08T00:22:00+00:00,2026-10-08T00:23:21.807211+00:00,2225590560002383786,2225590560002383786,0,0,0,15,0,1,1,1,1791418890
2026-10-08T00:22:00+00:00,2026-10-08T00:23:21.807211+00:00,4c128753-6fde-4d4c-896e-a1adf89ada98,4c128753-6fde-4d4c-896e-a1adf89ada98,1,0,2,21,1,1,1,1,1791418892
2026-10-08T00:22:00+00:00,2026-10-08T00:23:21.807211+00:00,2007420398783036020,2007420398783036020,6,0,0,14,0,1,1,1,1791418893
2026-10-08T00:22:00+00:00,2026-10-08T00:23:21.807211+00:00,f834dedf-0de8-11e7-991c-3863bb43a7d0,124,6,3,1,7,0,1,1,1,1791418893
2026-10-08T00:22:00+00:00,2026-10-08T00:23:21.807211+00:00,f8285d4f-5053-4e26-bb28-72016fe11353,405,13,0,1,5,0,1,1,1,1791418891
2026-10-08T00:22:00+00:00,2026-10-08T00:23:21.807211+00:00,2040842277416872172,2040842277416872172,1,0,0,15,0,1,1,1,1791418892
2026-10-08T00:22:00+00:00,2026-10-08T00:23:21.807211+00:00,f83515d8-0de8-11e7-991c-3863bb43a7d0,182,14,0,0,5,0,1,1,1,1791418894
2026-10-08T00:22:00+00:00,2026-10-08T00:23:21.807211+00:00,2130224177726511580,2130224177726511580,7,0,0,8,0,1,1,1,1791418895
2026-10-08T00:22:00+00:00,2026-10-08T00:23:21.807211+00:00,8347c34d-68df-404b-ac58-7a387cc3ce4b,414,4,2,0,19,0,1,1,1,1791418894
2026-10-08T00:22:00+00:00,2026-10-08T00:23:21.807211+00:00,2254164250455119196,2254164250455119196,6,6,0,9,0,1,1,1,1791418811
2026-10-08T00:22:00+00:00,2026-10-08T00:23:21.807211+00:00,f8347b1e-0de8-11e7-991c-3863bb43a7d0,30,0,0,0,15,0,1,1,1,1791418891
2026-10-08T00:22:00+00:00,2026-10-08T00:23:21.807211+00:00,12d463d2-ce50-43bd-81b1-6be4dbdbbc1b,430,13,4,0,6,0,1,1,1,1791418896
2026-10-08T00:22:00+00:00,2026-10-08T00:23:21.807211+00:00,f8351eb0-0de8-11e7-991c-3863bb43a7d0,190,34,5,0,3,0,1,1,1,1791418897
2026-10-08T00:22:00+00:00,2026-10-08T00:23:21.807211+00:00,74cb9bf6-bb53-4c70-88d2-67998b99628c,296,23,10,0,0,0,1,1,1,1791418897
2026-10-08T00:22:00+00:00,2026-10-08T00:23:21.807211+00:00,9e9be067-c6bb-41de-9491-eda69d24d6de,371,10,6,0,8,1,1,1,1,1791418898
2026-10-08T00:22:00+00:00,2026-10-08T00:23:21.807211+00:00,0daf7408-7a15-4d2b-8c39-f1a097cdbe85,403,15,3,0,0,0,1,1,1,1791418898
2026-10-08T00:22:00+00:00,2026-10-08T00:23:21.807211+00:00,fe534b6f-61ad-47d3-b9f6-cdaa128f53a4,395,4,0,2,9,0,1,1,1,1791418899
2026-10-08T00:22:00+00:00,2026-10-08T00:23:21.807211+00:00,1df03e33-c105-4e53-b013-d20056cd57f8,1df03e33-c105-4e53-b013-d20056cd57f8,0,0,0,0,0,0,0,0,86400
2026-10-08T00:22:00+00:00,2026-10-08T00:23:21.807211+00:00,380de8b2-2728-4e4b-83f1-251bfbb5acf2,487,10,3,0,9,0,1,1,1,1791418788
2026-10-08T00:22:00+00:00,2026-10-08T00:23:21.807211+00:00,1cced911-b428-4cfd-81be-3a8f77ce7379,233,10,0,1,4,0,1,1,1,1791418789
2026-10-08T00:22:00+00:00,2026-10-08T00:23:21.807211+00:00,868ccc83-99e5-4faf-96eb-e1fae26b9741,481,4,1,0,15,0,1,1,1,1791418788
2026-10-08T00:22:00+00:00,2026-10-08T00:23:21.807211+00:00,8983c75a-12c1-4995-aedc-24c94bd895e3,384,1,0,0,18,0,1,1,1,1791418790
2026-10-08T00:22:00+00:00,2026-10-08T00:23:21.807211+00:00,f83513a7-0de8-11e7-991c-3863bb43a7d0,177,5,0,0,14,0,1,1,1,1791418796
2026-10-08T00:22:00+00:00,2026-10-08T00:23:21.807211+00:00,d5349097-b478-4b3f-9c46-d8fbcf38e3f4,509,9,2,0,3,0,1,1,1,1791418793
2026-10-08T00:22:00+00:00,2026-10-08T00:23:21.807211+00:00,d22265a8-a6d7-4922-a6b5-4be738a9e5c4,392,5,2,0,10,0,1,1,1,1791418793
2026-10-08T00:22:00+00:00,2026-10-08T00:23:21.807211+00:00,f834723b-0de8-11e7-991c-3863bb43a7d0,24,0,0,1,22,0,1,1,1,1791418800
2026-10-08T00:22:00+00:00,2026-10-08T00:23:21.807211+00:00,f8349440-0de8-11e7-991c-3863bb43a7d0,68,2,1,1,15,0,1,1,1,1791418801
2026-10-08T00:22:00+00:00,2026-10-08T00:23:21.807211+00:00,61168d8b-20b7-46c8-8f08-6ae1f100c4e0,550,2,1,0,15,0,1,1,1,1791418798
2026-10-08T00:22:00+00:00,2026-10-08T00:23:21.807211+00:00,f8352ba8-0de8-11e7-991c-3863bb43a7d0,215,1,0,0,14,0,1,1,1,1791418799
2026-10-08T00:22:00+00:00,2026-10-08T00:23:21.807211+00:00,2246034666940677832,2246034666940677832,5,0,0,6,0,1,1,1,1791418798
2026-10-08T00:22:00+00:00,2026-10-08T00:23:21.807211+00:00,2118728866631796788,2118728866631796788,4,0,0,11,0,1,1,1,1791418798
2026-10-08T00:22:00+00:00,2026-10-08T00:23:21.807211+00:00,48abed77-c9ba-4a39-8a5c-6a1e9bb8a9a5,48abed77-c9ba-4a39-8a5c-6a1e9bb8a9a5,13,3,1,2,0,1,1,1,1791418826
2026-10-08T00:22:00+00:00,2026-10-08T00:23:21.807211+00:00,f834a8a0-0de8-11e7-991c-3863bb43a7d0,93,11,0,1,19,0,1,1,1,1791418825
2026-10-08T00:22:00+00:00,2026-10-08T00:23:21.807211+00:00,2088704000370565344,2088704000370565344,3,0,2,7,0,1,1,1,1791418716
2026-10-08T00:22:00+00:00,2026-10-08T00:23:21.807211+00:00,1986302395589722758,1986302395589722758,6,0,0,4,0,1,1,1,1791418779
2026-10-08T00:22:00+00:00,2026-10-08T00:23:21.807211+00:00,e4678b17-face-42c3-9b5f-98418d31e3b6,e4678b17-face-42c3-9b5f-98418d31e3b6,11,3,0,0,0,1,1,1,1791418778
2026-10-08T00:22:00+00:00,2026-10-08T00:23:21.807211+00:00,f835288a-0de8-11e7-991c-3863bb43a7d0,208,15,1,0,0,0,1,1,1,1791418778
2026-10-08T00:22:00+00:00,2026-10-08T00:23:21.807211+00:00,6aebc664-1e3c-479f-8f65-2bae99215ed3,6aebc664-1e3c-479f-8f65-2bae99215ed3,6,4,0,5,0,1,1,1,1791418784
2026-10-08T00:22:00+00:00,2026-10-08T00:23:21.807211+00:00,56817d8e-3a1c-431a-a529-1a600f80c364,366,13,1,0,14,0,1,1,1,1791418805
2026-10-08T00:22:00+00:00,2026-10-08T00:23:21.807211+00:00,f8352b39-0de8-11e7-991c-3863bb43a7d0,214,4,1,1,8,1,1,1,1,1791418802
2026-10-08T00:22:00+00:00,2026-10-08T00:23:21.807211+00:00,51bb4381-dae4-4aeb-b213-0614b807be29,344,0,0,0,19,0,1,1,1,1791418805
2026-10-08T00:22:00+00:00,2026-10-08T00:23:21.807211+00:00,2141791438824588162,2141791438824588162,10,0,0,9,0,1,1,1,1791418806
2026-10-08T00:22:00+00:00,2026-10-08T00:23:21.807211+00:00,f834c7a9-0de8-11e7-991c-3863bb43a7d0,112,6,3,0,9,0,1,1,1,1791418811
2026-10-08T00:22:00+00:00,2026-10-08T00:23:21.807211+00:00,1991922092203192944,1991922092203192944,1,0,1,17,0,1,1,1,1791418809
2026-10-08T00:22:00+00:00,2026-10-08T00:23:21.807211+00:00,a6e0db4f-fc9b-42af-bfe0-36cc0259b717,446,2,1,1,13,0,1,1,1,1791418808
2026-10-08T00:22:00+00:00,2026-10-08T00:23:21.807211+00:00,f8347c41-0de8-11e7-991c-3863bb43a7d0,32,2,0,0,11,0,1,1,1,1791418812
2026-10-08T00:22:00+00:00,2026-10-08T00:23:21.807211+00:00,1994466222105870452,1994466222105870452,7,4,2,2,0,1,1,1,1791418811
2026-10-08T00:22:00+00:00,2026-10-08T00:23:21.807211+00:00,7f68a70d-af0e-450a-b7a8-ce621cd0c8c1,280,14,5,0,5,0,1,1,1,1791418817
2026-10-08T00:22:00+00:00,2026-10-08T00:23:21.807211+00:00,2040842870122359032,2040842870122359032,0,0,0,20,0,1,1,1,1791418818
2026-10-08T00:22:00+00:00,2026-10-08T00:23:21.807211+00:00,dede6d5f-7d62-496e-a8ca-d5a64afe39c1,544,15,6,0,0,0,1,1,1,1791418813
2026-10-08T00:22:00+00:00,2026-10-08T00:23:21.807211+00:00,ccf82572-a142-4378-9a4b-5a51fcb4ef81,350,5,1,0,12,0,1,1,1,1791418822
2026-10-08T00:22:00+00:00,2026-10-08T00:23:21.807211+00:00,25a9114f-66f0-427c-920f-5526ca84f056,346,5,2,0,10,0,1,1,1,1791418822
2026-10-08T00:22:00+00:00,2026-10-08T00:23:21.807211+00:00,68e5e79a-3c94-4848-b619-9c0829d7f687,475,13,1,1,1,0,1,1,1,1791418824
2026-10-08T00:22:00+00:00,2026-10-08T00:23:21.807211+00:00,f8348622-0de8-11e7-991c-3863bb43a7d0,50,0,0,0,19,0,1,1,1,1791418824
2026-10-08T00:22:00+00:00,2026-10-08T00:23:21.807211+00:00,270ad97d-035d-472a-9827-76d3187afc56,402,15,4,0,0,0,1,1,1,1791418819
2026-10-08T00:22:00+00:00,2026-10-08T00:23:21.807211+00:00,2027502297316997708,2027502297316997708,10,3,0,1,0,1,1,1,1791418819
2026-10-08T00:22:00+00:00,2026-10-08T00:23:21.807211+00:00,2119105928286481344,2119105928286481344,7,1,0,12,0,1,1,1,1791418820
2026-10-08T00:22:00+00:00,2026-10-08T00:23:21.807211+00:00,f8350ecf-0de8-11e7-991c-3863bb43a7d0,167,10,5,0,5,0,1,1,1,1791418821
2026-10-08T00:22:00+00:00,2026-10-08T00:23:21.807211+00:00,f83482d2-0de8-11e7-991c-3863bb43a7d0,44,2,0,0,29,0,1,1,1,1791418878
2026-10-08T00:22:00+00:00,2026-10-08T00:23:21.807211+00:00,f8350b76-0de8-11e7-991c-3863bb43a7d0,159,2,2,2,15,1,1,1,1,1791418878
2026-10-08T00:22:00+00:00,2026-10-08T00:23:21.807211+00:00,f834662c-0de8-11e7-991c-3863bb43a7d0,5,11,1,0,4,0,1,1,1,1791418879
2026-10-08T00:22:00+00:00,2026-10-08T00:23:21.807211+00:00,f8349b20-0de8-11e7-991c-3863bb43a7d0,76,12,4,1,4,0,1,1,1,1791418874
2026-10-08T00:22:00+00:00,2026-10-08T00:23:21.807211+00:00,8b97606e-a849-4db8-ae9b-4009fe48d90b,556,8,1,0,11,0,1,1,1,1791418877
2026-10-08T00:22:00+00:00,2026-10-08T00:23:21.807211+00:00,2069389896750516900,2069389896750516900,14,0,1,5,0,1,1,1,1791418878
2026-10-08T00:22:00+00:00,2026-10-08T00:23:21.807211+00:00,f834e534-0de8-11e7-991c-3863bb43a7d0,128,2,2,0,17,0,1,1,1,1791418875
2026-10-08T00:22:00+00:00,2026-10-08T00:23:21.807211+00:00,f8346d23-0de8-11e7-991c-3863bb43a7d0,15,8,1,0,7,0,1,1,1,1791418881
2026-10-08T00:22:00+00:00,2026-10-08T00:23:21.807211+00:00,5b1d2661-8a93-4f14-b242-ebc52792f951,337,15,2,0,0,0,1,1,1,1791418882
2026-10-08T00:22:00+00:00,2026-10-08T00:23:21.807211+00:00,f83511d4-0de8-11e7-991c-3863bb43a7d0,173,8,0,0,5,1,1,1,1,1791418881
2026-10-08T00:22:00+00:00,2026-10-08T00:23:21.807211+00:00,2145094035874873892,2145094035874873892,2,0,2,15,0,1,1,1,1791418882
2026-10-08T00:22:00+00:00,2026-10-08T00:23:21.807211+00:00,f8352219-0de8-11e7-991c-3863bb43a7d0,197,7,4,1,7,0,1,1,1,1791418882
2026-10-08T00:22:00+00:00,2026-10-08T00:23:21.807211+00:00,1963613484180639992,1963613484180639992,17,2,0,2,0,1,1,1,1791418884
2026-10-08T00:22:00+00:00,2026-10-08T00:23:21.807211+00:00,2014865445230483952,2014865445230483952,8,2,0,9,0,1,1,1,1791418884
2026-10-08T00:22:00+00:00,2026-10-08T00:23:21.807211+00:00,2270212773802111256,2270212773802111256,14,3,1,4,0,1,1,1,1791418885
2026-10-08T00:22:00+00:00,2026-10-08T00:23:21.807211+00:00,f9524971-e9f9-4572-aebc-580e48de042f,f9524971-e9f9-4572-aebc-580e48de042f,19,4,0,0,0,1,1,1,1791418882
2026-10-08T00:22:00+00:00,2026-10-08T00:23:21.807211+00:00,2085737662370069102,2085737662370069102,17,5,0,1,1,1,1,1,1791418891
2026-10-08T00:22:00+00:00,2026-10-08T00:23:21.807211+00:00,f8350cc1-0de8-11e7-991c-3863bb43a7d0,162,0,0,0,15,0,1,1,1,1791418890
2026-10-08T00:22:00+00:00,2026-10-08T00:23:21.807211+00:00,1994054629753598708,1994054629753598708,12,3,0,2,0,1,1,1,1791418890
2026-10-08T00:22:00+00:00,2026-10-08T00:23:21.807211+00:00,f834abfd-0de8-11e7-991c-3863bb43a7d0,96,11,1,3,5,0,1,1,1,1791418891
2026-10-08T00:22:00+00:00,2026-10-08T00:23:21.807211+00:00,8a404180-7c2e-4dbe-9489-c478ed959282,8a404180-7c2e-4dbe-9489-c478ed959282,0,0,2,17,0,1,1,1,1791418891
2026-10-08T00:22:00+00:00,2026-10-08T00:23:21.807211+00:00,ea65c25f-0718-4f79-8588-c58b9fe3a105,226,12,4,0,1,1,1,1,1,1791418889
2026-10-08T00:22:00+00:00,2026-10-08T00:23:21.807211+00:00,cf5f920f-b61d-4db0-b139-14aff04d577c,459,23,4,0,0,0,1,1,1,1791418889
2026-10-08T00:22:00+00:00,2026-10-08T00:23:21.807211+00:00,f8347ccd-0de8-11e7-991c-3863bb43a7d0,33,10,0,0,17,0,1,1,1,1791418885
2026-10-08T00:22:00+00:00,2026-10-08T00:23:21.807211+00:00,2259733531216984776,2259733531216984776,5,3,0,10,0,1,1,1,1791418887
2026-10-08T00:22:00+00:00,2026-10-08T00:23:21.807211+00:00,81323081-749c-44cf-ac62-0e6c64305c32,461,11,1,0,0,0,1,1,1,1791418888
2026-10-08T00:22:00+00:00,2026-10-08T00:23:21.807211+00:00,f83488be-0de8-11e7-991c-3863bb43a7d0,56,4,2,1,13,0,1,1,1,1791418890
2026-10-08T00:22:00+00:00,2026-10-08T00:23:21.807211+00:00,57716f8d-c9ee-4768-8872-71343ec3ffd8,514,5,1,2,12,0,1,1,1,1791418835
2026-10-08T00:22:00+00:00,2026-10-08T00:23:21.807211+00:00,baab0b05-a028-4147-8432-a2726c7e48ea,328,0,0,10,0,0,1,0,0,1791418834
2026-10-08T00:22:00+00:00,2026-10-08T00:23:21.807211+00:00,f834cfd8-0de8-11e7-991c-3863bb43a7d0,117,0,0,4,11,1,1,1,1,1791418830
2026-10-08T00:22:00+00:00,2026-10-08T00:23:21.807211+00:00,2270454512964591136,2270454512964591136,1,0,0,18,0,1,1,1,1791418830
2026-10-08T00:22:00+00:00,2026-10-08T00:23:21.807211+00:00,9721c80e-fc8f-474f-8918-b68c041d2836,9721c80e-fc8f-474f-8918-b68c041d2836,5,0,2,16,0,1,1,1,1791418843
2026-10-08T00:22:00+00:00,2026-10-08T00:23:21.807211+00:00,903b9b5d-4244-43e4-8441-0d17f9a994f7,528,1,0,0,10,0,1,1,1,1791418869
2026-10-08T00:22:00+00:00,2026-10-08T00:23:21.807211+00:00,8d893519-bc21-4536-b346-f558988bc8ad,260,10,1,0,4,0,1,1,1,1791418872
2026-10-08T00:22:00+00:00,2026-10-08T00:23:21.807211+00:00,888780ee-bf2f-474e-9622-6bc725aa1b00,888780ee-bf2f-474e-9622-6bc725aa1b00,5,0,0,6,0,1,1,1,1791418871
2026-10-08T00:22:00+00:00,2026-10-08T00:23:21.807211+00:00,2110984374959099994,2110984374959099994,6,1,0,14,0,1,1,1,1791418873
2026-10-08T00:22:00+00:00,2026-10-08T00:23:21.807211+00:00,f83517fa-0de8-11e7-991c-3863bb43a7d0,187,6,3,0,9,0,1,1,1,1791418874
2026-10-08T00:22:00+00:00,2026-10-08T00:23:21.807211+00:00,f83491d4-0de8-11e7-991c-3863bb43a7d0,64,0,0,1,22,0,1,1,1,1791418858
2026-10-08T00:22:00+00:00,2026-10-08T00:23:21.807211+00:00,b6a8522d-296d-4c05-887d-842374520780,545,10,10,0,3,1,1,1,1,1791418859
2026-10-08T00:22:00+00:00,2026-10-08T00:23:21.807211+00:00,fbc512a5-4b98-4821-bcfb-bb0c7ac83543,365,0,0,0,19,0,1,1,1,1791418859
2026-10-08T00:22:00+00:00,2026-10-08T00:23:21.807211+00:00,2090635592862466836,2090635592862466836,0,0,2,28,1,1,1,1,1791418859
2026-10-08T00:22:00+00:00,2026-10-08T00:23:21.807211+00:00,36f36eed-1070-49be-8b31-5676b8b3489f,227,2,0,1,17,0,1,1,1,1791418862
2026-10-08T00:22:00+00:00,2026-10-08T00:23:21.807211+00:00,f8351f1d-0de8-11e7-991c-3863bb43a7d0,191,6,0,0,9,0,1,1,1,1791418861
2026-10-08T00:22:00+00:00,2026-10-08T00:23:21.807211+00:00,d7507124-4cab-4063-8445-a59a33a3d6e4,512,7,2,1,11,0,1,1,1,1791418860
2026-10-08T00:22:00+00:00,2026-10-08T00:23:21.807211+00:00,1965873511294959658,1965873511294959658,2,0,0,21,0,1,1,1,1791418864
2026-10-08T00:22:00+00:00,2026-10-08T00:23:21.807211+00:00,f834b8b3-0de8-11e7-991c-3863bb43a7d0,105,18,4,0,0,0,1,1,1,1791418849
2026-10-08T00:22:00+00:00,2026-10-08T00:23:21.807211+00:00,2080205593583047424,2080205593583047424,12,0,0,4,0,1,1,1,1791418850
2026-10-08T00:22:00+00:00,2026-10-08T00:23:21.807211+00:00,ff938129-8179-455c-9ac9-9fcb9fc0b6d5,ff938129-8179-455c-9ac9-9fcb9fc0b6d5,8,3,0,11,0,1,1,1,1791418850
2026-10-08T00:22:00+00:00,2026-10-08T00:23:21.807211+00:00,f83492b4-0de8-11e7-991c-3863bb43a7d0,66,12,2,1,2,0,1,1,1,1791418847
2026-10-08T00:22:00+00:00,2026-10-08T00:23:21.807211+00:00,2085366936904166272,2085366936904166272,8,0,2,5,0,1,1,1,1791418864
2026-10-08T00:22:00+00:00,2026-10-08T00:23:21.807211+00:00,1a661bb7-7d14-49e9-ac3d-22bafec8a2f0,507,6,2,1,4,0,1,1,1,1791418865
2026-10-08T00:22:00+00:00,2026-10-08T00:23:21.807211+00:00,f8352534-0de8-11e7-991c-3863bb43a7d0,204,3,3,2,10,0,1,1,1,1791418865
2026-10-08T00:22:00+00:00,2026-10-08T00:23:21.807211+00:00,2039109354743046934,2039109354743046934,8,0,2,9,1,1,1,1,1791418867
2026-10-08T00:22:00+00:00,2026-10-08T00:23:21.807211+00:00,f8346ad7-0de8-11e7-991c-3863bb43a7d0,11,3,0,0,12,0,1,1,1,1791418841
2026-10-08T00:22:00+00:00,2026-10-08T00:23:21.807211+00:00,f834a959-0de8-11e7-991c-3863bb43a7d0,94,6,5,0,4,0,1,1,1,1791418834
2026-10-08T00:22:00+00:00,2026-10-08T00:23:21.807211+00:00,23146f28-9762-4a6d-a6db-fcd4ff0e5d07,356,14,1,0,9,0,1,1,1,1791418838
2026-10-08T00:22:00+00:00,2026-10-08T00:23:21.807211+00:00,b34694c2-c640-4f70-b196-1c357ab798e0,b34694c2-c640-4f70-b196-1c357ab798e0,12,4,0,3,0,1,1,1,1791418837
2026-10-08T00:22:00+00:00,2026-10-08T00:23:21.807211+00:00,2249415127458891992,2249415127458891992,13,0,0,2,0,1,1,1,1791418857
2026-10-08T00:22:00+00:00,2026-10-08T00:23:21.807211+00:00,df03c61a-29d7-445d-9980-d7f058916591,345,2,0,0,17,0,1,1,1,1791418858
2026-10-08T00:22:00+00:00,2026-10-08T00:23:21.807211+00:00,f834f6a3-0de8-11e7-991c-3863bb43a7d0,135,0,0,0,17,0,1,1,1,1791418853
2026-10-08T00:22:00+00:00,2026-10-08T00:23:21.807211+00:00,7560f0e3-267b-4fb3-bbfa-6e02010cfcb7,225,14,1,0,5,0,1,1,1,1791418853
2026-10-08T00:22:00+00:00,2026-10-08T00:23:21.807211+00:00,295553ea-851b-4ac2-a094-f9d1208e399a,412,9,0,0,10,0,1,1,1,1791418856
2026-10-08T00:22:00+00:00,2026-10-08T00:23:21.807211+00:00,940638c5-7cd0-4a11-899e-86af3868d400,532,7,1,0,11,0,1,1,1,1791418857
2026-10-08T00:22:00+00:00,2026-10-08T00:23:21.807211+00:00,d8ce5f8b-2440-45e1-ab1c-23cb3bcbde84,527,5,2,0,8,0,1,1,1,1791418852
2026-10-08T00:22:00+00:00,2026-10-08T00:23:21.807211+00:00,f8346b6f-0de8-11e7-991c-3863bb43a7d0,12,3,1,0,24,0,1,1,1,1791418853
2026-10-08T00:22:00+00:00,2026-10-08T00:23:21.807211+00:00,2227858849424910006,2227858849424910006,7,0,0,1,0,1,1,1,1791418892
2026-10-08T00:22:00+00:00,2026-10-08T00:23:21.807211+00:00,1e1b40cd-8e00-4b74-b147-be6b23f5c9e7,385,3,0,0,11,0,1,1,1,1791418893
2026-10-08T00:22:00+00:00,2026-10-08T00:23:21.807211+00:00,aa964f5b-fadf-4fc1-8c91-84ee36e15f0d,341,15,0,0,0,0,1,1,1,1791418892
2026-10-08T00:22:00+00:00,2026-10-08T00:23:21.807211+00:00,99675a11-a92c-465c-bf5a-434b08ba5fc6,400,16,2,2,34,0,1,1,1,1791418893
2026-10-08T00:22:00+00:00,2026-10-08T00:23:21.807211+00:00,0208190e-851c-417d-8bc7-1b218db97fbf,0208190e-851c-417d-8bc7-1b218db97fbf,0,0,0,23,0,1,1,1,1791418896
2026-10-08T00:22:00+00:00,2026-10-08T00:23:21.807211+00:00,c5cfd1ed-aa44-4e20-96bb-e334c96f0d68,376,8,0,0,7,0,1,1,1,1791418893
2026-10-08T00:22:00+00:00,2026-10-08T00:23:21.807211+00:00,2043911250700610106,2043911250700610106,0,0,0,15,0,1,1,1,1791418894
2026-10-08T00:22:00+00:00,2026-10-08T00:23:21.807211+00:00,2087949096844032050,2087949096844032050,14,3,1,0,0,1,1,1,1791418892
2026-10-08T00:22:00+00:00,2026-10-08T00:23:21.807211+00:00,2090158541932726550,2090158541932726550,6,1,0,9,0,1,1,1,1791418893
2026-10-08T00:22:00+00:00,2026-10-08T00:23:21.807211+00:00,f834b101-0de8-11e7-991c-3863bb43a7d0,97,8,0,1,9,1,1,1,1,1791418891
2026-10-08T00:22:00+00:00,2026-10-08T00:23:21.807211+00:00,f8346803-0de8-11e7-991c-3863bb43a7d0,8,10,2,0,8,0,1,1,1,1791418892
2026-10-08T00:22:00+00:00,2026-10-08T00:23:21.807211+00:00,b205d2bb-bb76-49ac-8d14-85eec5a874d3,343,8,2,1,6,0,1,1,1,1791418894
2026-10-08T00:22:00+00:00,2026-10-08T00:23:21.807211+00:00,f8347f09-0de8-11e7-991c-3863bb43a7d0,37,2,0,0,13,0,1,1,1,1791418892
2026-10-08T00:22:00+00:00,2026-10-08T00:23:21.807211+00:00,ef6ef93b-488f-496b-afbf-3aedfd967129,517,3,2,0,12,0,1,1,1,1791418896
2026-10-08T00:22:00+00:00,2026-10-08T00:23:21.807211+00:00,ad2cf74c-0e8c-4e15-8f19-2259e8c82f0f,404,13,0,0,3,0,1,1,1,1791418876
2026-10-08T00:22:00+00:00,2026-10-08T00:23:21.807211+00:00,f2b83aa2-86cd-4904-a099-74bf2023f768,330,12,1,0,3,0,1,1,1,1791418898
2026-10-08T00:22:00+00:00,2026-10-08T00:23:21.807211+00:00,7e1dae55-4d3d-4a41-b969-2aeca70e0e69,7e1dae55-4d3d-4a41-b969-2aeca70e0e69,1,0,1,9,0,1,1,1,1791418897
2026-10-08T00:22:00+00:00,2026-10-08T00:23:21.807211+00:00,f8347e78-0de8-11e7-991c-3863bb43a7d0,36,12,0,3,16,0,1,1,1,1791418897
2026-10-08T00:22:00+00:00,2026-10-08T00:23:21.807211+00:00,fe90d430-d33f-48b2-a5cd-bc161b220939,553,0,0,0,23,0,1,1,1,1791418897
2026-10-08T00:22:00+00:00,2026-10-08T00:23:21.807211+00:00,9bfa4a32-5598-46ea-a1a1-17b4c6ed9d84,431,10,2,0,5,0,1,1,1,1791418898
2026-10-08T00:22:00+00:00,2026-10-08T00:23:21.807211+00:00,f834708e-0de8-11e7-991c-3863bb43a7d0,21,0,0,1,17,0,1,1,1,1791418898
2026-10-08T00:22:00+00:00,2026-10-08T00:23:21.807211+00:00,f83497b9-0de8-11e7-991c-3863bb43a7d0,74,0,0,0,19,0,1,1,1,1791418898
2026-10-08T00:22:00+00:00,2026-10-08T00:23:21.807211+00:00,90330e1a-dee5-4914-9d3f-3891aeca12ca,434,11,2,1,7,0,1,1,1,1791418898
2026-10-08T00:22:00+00:00,2026-10-08T00:23:21.807211+00:00,103a9881-e30a-4d57-b81d-863b995ff759,255,0,0,0,0,0,0,0,0,86400
2026-10-08T00:22:00+00:00,2026-10-08T00:23:21.807211+00:00,f35de2ab-979e-42d5-8cbd-dc479ed637e9,503,4,4,0,2,0,1,1,1,1791418777
2026-10-08T00:22:00+00:00,2026-10-08T00:23:21.807211+00:00,ddcc8869-b8d4-483c-b9da-457fcebc8dc1,417,19,1,0,0,0,1,1,1,1791418783
2026-10-08T00:22:00+00:00,2026-10-08T00:23:21.807211+00:00,2070180968009321294,2070180968009321294,15,0,0,4,2,1,1,1,1791418783
2026-10-08T00:22:00+00:00,2026-10-08T00:23:21.807211+00:00,2078337213380274244,2078337213380274244,10,7,0,1,0,1,1,1,1791418783
2026-10-08T00:22:00+00:00,2026-10-08T00:23:21.807211+00:00,a18e1e55-507e-49d8-b7c0-5c0efd959125,358,17,5,0,2,0,1,1,1,1791418783
2026-10-08T00:22:00+00:00,2026-10-08T00:23:21.807211+00:00,f8346768-0de8-11e7-991c-3863bb43a7d0,7,5,0,0,10,0,1,1,1,1791418792
2026-10-08T00:22:00+00:00,2026-10-08T00:23:21.807211+00:00,2327cb08-fa9f-459b-9ab0-1a319b0f2f4c,539,3,1,1,14,0,1,1,1,1791418844
2026-10-08T00:22:00+00:00,2026-10-08T00:23:21.807211+00:00,f8348136-0de8-11e7-991c-3863bb43a7d0,41,24,4,1,2,0,1,1,1,1791418848
2026-10-08T00:22:00+00:00,2026-10-08T00:23:21.807211+00:00,5f726a7d-5c5d-48b1-9b13-06c77572a237,516,0,0,0,11,0,1,1,1,1791418844
2026-10-08T00:22:00+00:00,2026-10-08T00:23:21.807211+00:00,1975886280004030604,1975886280004030604,10,2,3,10,0,1,1,1,1791418843
2026-10-08T00:22:00+00:00,2026-10-08T00:23:21.807211+00:00,f8351019-0de8-11e7-991c-3863bb43a7d0,169,10,4,0,9,0,1,1,1,1791418853
2026-10-08T00:22:00+00:00,2026-10-08T00:23:21.807211+00:00,2241260819676115550,2241260819676115550,0,0,0,25,0,1,1,1,1791418849
2026-10-08T00:22:00+00:00,2026-10-08T00:23:21.807211+00:00,350e73e3-6f70-4b2d-87ab-24c8629e9a6a,350e73e3-6f70-4b2d-87ab-24c8629e9a6a,12,0,1,6,0,1,1,1,1791418850
2026-10-08T00:22:00+00:00,2026-10-08T00:23:21.807211+00:00,1944724820826878816,1944724820826878816,6,0,0,11,0,1,1,1,1791418852
2026-10-08T00:22:00+00:00,2026-10-08T00:23:21.807211+00:00,f8348995-0de8-11e7-991c-3863bb43a7d0,58,17,1,1,1,0,1,1,1,1791418849
2026-10-08T00:22:00+00:00,2026-10-08T00:23:21.807211+00:00,287aedf5-0361-47e9-9de0-14ae3b75cc0d,287aedf5-0361-47e9-9de0-14ae3b75cc0d,8,3,1,12,0,1,1,1,1791418849
2026-10-08T00:22:00+00:00,2026-10-08T00:23:21.807211+00:00,f834b5d9-0de8-11e7-991c-3863bb43a7d0,103,8,0,2,5,0,1,1,1,1791418852
2026-10-08T00:22:00+00:00,2026-10-08T00:23:21.807211+00:00,f83523e3-0de8-11e7-991c-3863bb43a7d0,201,0,0,0,15,0,1,1,1,1791418809
2026-10-08T00:22:00+00:00,2026-10-08T00:23:21.807211+00:00,2136942888571742916,2136942888571742916,0,0,1,14,0,1,1,1,1791418812
2026-10-08T00:22:00+00:00,2026-10-08T00:23:21.807211+00:00,5018e851-f2f3-4e18-9914-c316bbcc2c3d,331,0,0,0,15,0,1,1,1,1791418812
2026-10-08T00:22:00+00:00,2026-10-08T00:23:21.807211+00:00,ce55d1b1-4267-40a9-ad44-5eab888ce18a,ce55d1b1-4267-40a9-ad44-5eab888ce18a,0,0,0,22,1,1,1,1,1791418817
2026-10-08T00:22:00+00:00,2026-10-08T00:23:21.807211+00:00,f8349c69-0de8-11e7-991c-3863bb43a7d0,78,18,4,0,0,0,1,1,1,1791418819
2026-10-08T00:22:00+00:00,2026-10-08T00:23:21.807211+00:00,02a4416f-80b4-4472-accd-5db482ed5b6d,367,7,0,0,12,0,1,1,1,1791418815
2026-10-08T00:22:00+00:00,2026-10-08T00:23:21.807211+00:00,f834fd36-0de8-11e7-991c-3863bb43a7d0,142,9,1,0,14,0,1,1,1,1791418797
2026-10-08T00:22:00+00:00,2026-10-08T00:23:21.807211+00:00,2ba0c5dd-c990-4434-8a84-5c3eca23f096,447,1,0,0,18,0,1,1,1,1791418798
2026-10-08T00:22:00+00:00,2026-10-08T00:23:21.807211+00:00,93911aa1-b5e4-48aa-a2b6-38fbcf613006,93911aa1-b5e4-48aa-a2b6-38fbcf613006,1,0,0,17,0,1,1,1,1791418797
2026-10-08T00:22:00+00:00,2026-10-08T00:23:21.807211+00:00,9ca92778-9101-48df-90ea-08b784e26a1a,413,12,0,0,7,0,1,1,1,1791418799
2026-10-08T00:22:00+00:00,2026-10-08T00:23:21.807211+00:00,e68655be-23d3-46e5-a509-25be677e7542,482,6,0,0,5,0,1,1,1,1791418803
2026-10-08T00:22:00+00:00,2026-10-08T00:23:21.807211+00:00,f834b42d-0de8-11e7-991c-3863bb43a7d0,100,19,1,0,6,0,1,1,1,1791418804
2026-10-08T00:22:00+00:00,2026-10-08T00:23:21.807211+00:00,5bc7cba9-f0b0-442d-932c-e8c7927d87ce,386,9,4,1,9,0,1,1,1,1791418804
2026-10-08T00:22:00+00:00,2026-10-08T00:23:21.807211+00:00,c1ae49bd-2a20-4684-886b-ead8dd627cfd,c1ae49bd-2a20-4684-886b-ead8dd627cfd,12,0,1,4,0,1,1,1,1791418805
2026-10-08T00:22:00+00:00,2026-10-08T00:23:21.807211+00:00,d7ec834e-9d9a-402c-9956-7d5f42676b94,d7ec834e-9d9a-402c-9956-7d5f42676b94,13,3,1,0,0,1,1,1,1791418808
2026-10-08T00:22:00+00:00,2026-10-08T00:23:21.807211+00:00,1960693490199507164,1960693490199507164,5,0,0,14,0,1,1,1,1791418821
2026-10-08T00:22:00+00:00,2026-10-08T00:23:21.807211+00:00,2043912031919765854,2043912031919765854,10,0,1,9,0,1,1,1,1791418691
2026-10-08T00:22:00+00:00,2026-10-08T00:23:21.807211+00:00,f36e24cd-de4c-4a5e-adf4-cb97ccd2958d,505,5,1,2,4,0,1,1,1,1791418786
2026-10-08T00:22:00+00:00,2026-10-08T00:23:21.807211+00:00,ba634139-d7bf-448f-aac4-25995d36b67b,373,9,6,0,6,0,1,1,1,1791418786
2026-10-08T00:22:00+00:00,2026-10-08T00:23:21.807211+00:00,ef54374b-0406-4b17-b0a1-847f1d7bea06,410,12,1,0,3,0,1,1,1,1791418788
2026-10-08T00:22:00+00:00,2026-10-08T00:23:21.807211+00:00,2217856523888952522,2217856523888952522,5,3,0,15,0,1,1,1,1791418789
2026-10-08T00:22:00+00:00,2026-10-08T00:23:21.807211+00:00,f83464e4-0de8-11e7-991c-3863bb43a7d0,3,1,0,2,11,0,1,1,1,1791418834
2026-10-08T00:22:00+00:00,2026-10-08T00:23:21.807211+00:00,ff6ed364-8676-45a0-b97f-71025683849e,442,6,0,1,8,0,1,1,1,1791418833
2026-10-08T00:22:00+00:00,2026-10-08T00:23:21.807211+00:00,f8349ba9-0de8-11e7-991c-3863bb43a7d0,77,5,4,0,12,1,1,1,1,1791418832
2026-10-08T00:22:00+00:00,2026-10-08T00:23:21.807211+00:00,bb27977d-36c1-496d-8bac-631b612dd7b8,332,13,3,0,2,0,1,1,1,1791418841
2026-10-08T00:22:00+00:00,2026-10-08T00:23:21.807211+00:00,5afe91c4-8076-4f9f-b83b-cf233bda2331,460,1,1,0,14,0,1,1,1,1791418839
2026-10-08T00:22:00+00:00,2026-10-08T00:23:21.807211+00:00,36a8fbc8-6069-4a29-bbfd-63a2d019c9a5,415,1,0,1,17,0,1,1,1,1791418873
2026-10-08T00:22:00+00:00,2026-10-08T00:23:21.807211+00:00,f8347118-0de8-11e7-991c-3863bb43a7d0,22,18,0,0,15,2,1,1,1,1791418874
2026-10-08T00:22:00+00:00,2026-10-08T00:23:21.807211+00:00,ec3eea05-a3ff-43c6-9e24-0c63f09b915f,378,16,2,0,3,0,1,1,1,1791418872
2026-10-08T00:22:00+00:00,2026-10-08T00:23:21.807211+00:00,13918b3b-9ac5-4968-a74d-e40dd3bc952e,479,0,0,0,19,0,1,1,1,1791418843
2026-10-08T00:22:00+00:00,2026-10-08T00:23:21.807211+00:00,42a3ecca-af9a-4556-90ba-7631546f96f8,42a3ecca-af9a-4556-90ba-7631546f96f8,1,0,1,9,0,1,1,1,1791418871
2026-10-08T00:22:00+00:00,2026-10-08T00:23:21.807211+00:00,f6df6c1a-064f-428a-951c-2069a081b9df,380,0,0,2,16,0,1,1,1,1791418871
2026-10-08T00:22:00+00:00,2026-10-08T00:23:21.807211+00:00,ccd6fdd4-b39e-46d7-b43c-7bacffb6bd87,523,0,0,0,17,0,1,1,1,1791418877
2026-10-08T00:22:00+00:00,2026-10-08T00:23:21.807211+00:00,f8352c92-0de8-11e7-991c-3863bb43a7d0,217,14,1,2,3,0,1,1,1,1791418876
2026-10-08T00:22:00+00:00,2026-10-08T00:23:21.807211+00:00,f8349745-0de8-11e7-991c-3863bb43a7d0,73,2,1,1,12,0,1,1,1,1791418876
2026-10-08T00:22:00+00:00,2026-10-08T00:23:21.807211+00:00,2113555008851845550,2113555008851845550,14,5,0,6,0,1,1,1,1791418877
2026-10-08T00:22:00+00:00,2026-10-08T00:23:21.807211+00:00,f8348509-0de8-11e7-991c-3863bb43a7d0,48,0,0,0,15,0,1,1,1,1791418881
2026-10-08T00:22:00+00:00,2026-10-08T00:23:21.807211+00:00,b995a0b4-fc26-4661-9bc8-e166d648edfd,353,11,5,0,4,0,1,1,1,1791418881
2026-10-08T00:22:00+00:00,2026-10-08T00:23:21.807211+00:00,f8346894-0de8-11e7-991c-3863bb43a7d0,9,11,0,2,2,0,1,1,1,1791418882
2026-10-08T00:22:00+00:00,2026-10-08T00:23:21.807211+00:00,2029805507281123700,2029805507281123700,12,2,1,6,0,1,1,1,1791418879
2026-10-08T00:22:00+00:00,2026-10-08T00:23:21.807211+00:00,2071993292066931472,2071993292066931472,1,0,0,19,0,1,1,1,1791418879
2026-10-08T00:22:00+00:00,2026-10-08T00:23:21.807211+00:00,2057166010169469732,2057166010169469732,1,0,0,14,0,1,1,1,1791418879
2026-10-08T00:22:00+00:00,2026-10-08T00:23:21.807211+00:00,f8349824-0de8-11e7-991c-3863bb43a7d0,75,12,0,0,3,0,1,1,1,1791418880
2026-10-08T00:22:00+00:00,2026-10-08T00:23:21.807211+00:00,13444449-b3a8-43d2-b8b9-a59fbc59a174,397,10,3,0,4,0,1,1,1,1791418881
2026-10-08T00:22:00+00:00,2026-10-08T00:23:21.807211+00:00,518f6524-0e7f-454d-974e-e3ff9db1f795,494,9,0,0,1,0,1,1,1,1791418879
2026-10-08T00:22:00+00:00,2026-10-08T00:23:21.807211+00:00,40e58976-02cc-4c7c-911f-7a6c97588bfa,520,18,5,0,3,0,1,1,1,1791418831
2026-10-08T00:22:00+00:00,2026-10-08T00:23:21.807211+00:00,b23674a7-15a8-46d2-8219-6668acecf24a,548,11,1,0,7,0,1,1,1,1791418826
2026-10-08T00:22:00+00:00,2026-10-08T00:23:21.807211+00:00,533620e8-00ff-494a-b288-bd67602bc98e,472,0,0,0,27,0,1,1,1,1791418827
2026-10-08T00:22:00+00:00,2026-10-08T00:23:21.807211+00:00,54d86d05-b399-42c5-a63a-a97713afc5d4,54d86d05-b399-42c5-a63a-a97713afc5d4,3,3,1,6,0,1,1,1,1791418858
2026-10-08T00:22:00+00:00,2026-10-08T00:23:21.807211+00:00,2fd22786-dfeb-4126-a906-4f01802087f3,454,2,0,1,16,0,1,1,1,1791418855
2026-10-08T00:22:00+00:00,2026-10-08T00:23:21.807211+00:00,83183df0-38c2-4ae8-a0c4-4b59599c9582,222,5,0,0,9,0,1,1,1,1791418857
2026-10-08T00:22:00+00:00,2026-10-08T00:23:21.807211+00:00,70f20fcb-8e63-4015-9007-b97c525ab0a9,335,9,1,1,9,0,1,1,1,1791418860
2026-10-08T00:22:00+00:00,2026-10-08T00:23:21.807211+00:00,2264176803898382980,2264176803898382980,4,2,0,7,0,1,1,1,1791418861
2026-10-08T00:22:00+00:00,2026-10-08T00:23:21.807211+00:00,53a148ca-ac69-4a9c-a986-9a4b4df2f5df,387,7,0,0,8,0,1,1,1,1791418861
2026-10-08T00:22:00+00:00,2026-10-08T00:23:21.807211+00:00,0839bb10-e876-4198-95e4-0147a561853d,258,13,2,0,2,0,1,1,1,1791418865
2026-10-08T00:22:00+00:00,2026-10-08T00:23:21.807211+00:00,2141932795355773712,2141932795355773712,10,1,0,7,0,1,1,1,1791418864
2026-10-08T00:22:00+00:00,2026-10-08T00:23:21.807211+00:00,abefafdc-c772-4671-86fe-fc15a42adebb,abefafdc-c772-4671-86fe-fc15a42adebb,5,0,0,18,0,1,1,1,1791418865
2026-10-08T00:22:00+00:00,2026-10-08T00:23:21.807211+00:00,f834b49d-0de8-11e7-991c-3863bb43a7d0,101,9,1,0,9,0,1,1,1,1791418865
2026-10-08T00:22:00+00:00,2026-10-08T00:23:21.807211+00:00,f834e244-0de8-11e7-991c-3863bb43a7d0,126,7,2,0,8,0,1,1,1,1791418866
2026-10-08T00:22:00+00:00,2026-10-08T00:23:21.807211+00:00,dfdaf866-b814-48e5-9bd3-eb7c4a733697,dfdaf866-b814-48e5-9bd3-eb7c4a733697,7,2,0,10,0,1,1,1,1791418867
2026-10-08T00:22:00+00:00,2026-10-08T00:23:21.807211+00:00,2223045710883822544,2223045710883822544,4,0,1,10,0,1,1,1,1791418802
2026-10-08T00:22:00+00:00,2026-10-08T00:23:21.807211+00:00,7ec0c53c-876a-419c-a78b-4edd000bbc9a,445,14,0,0,5,0,1,1,1,1791418870
2026-10-08T00:22:00+00:00,2026-10-08T00:23:21.807211+00:00,0f554e1d-9f0f-452d-9b4a-e00aa2c5911e,492,9,0,0,5,0,1,1,1,1791418870
2026-10-08T00:22:00+00:00,2026-10-08T00:23:21.807211+00:00,510239fe-69c3-458b-b53c-6ce001845f4a,354,15,7,0,0,0,1,1,1,1791418870
2026-10-08T00:22:00+00:00,2026-10-08T00:23:21.807211+00:00,20b0b405-54ba-4a80-b89c-0819772665db,440,8,3,0,7,0,1,1,1,1791418868
2026-10-08T00:22:00+00:00,2026-10-08T00:23:21.807211+00:00,2170342425741020744,2170342425741020744,15,5,0,2,0,1,1,1,1791418887
2026-10-08T00:22:00+00:00,2026-10-08T00:23:21.807211+00:00,f24a573e-ef07-4785-9270-70c443510ea6,359,1,1,2,11,1,1,1,1,1791418885
2026-10-08T00:22:00+00:00,2026-10-08T00:23:21.807211+00:00,f83524c0-0de8-11e7-991c-3863bb43a7d0,203,9,2,0,5,0,1,1,1,1791418886
2026-10-08T00:22:00+00:00,2026-10-08T00:23:21.807211+00:00,f8348481-0de8-11e7-991c-3863bb43a7d0,47,18,2,0,1,0,1,1,1,1791418886
2026-10-08T00:22:00+00:00,2026-10-08T00:23:21.807211+00:00,2223043968513191970,2223043968513191970,0,0,0,16,0,1,1,1,1791418886
2026-10-08T00:22:00+00:00,2026-10-08T00:23:21.807211+00:00,f834e1b2-0de8-11e7-991c-3863bb43a7d0,125,17,10,0,3,0,1,1,1,1791418878
2026-10-08T00:22:00+00:00,2026-10-08T00:23:21.807211+00:00,2111712079786088918,2111712079786088918,3,1,1,11,0,1,1,1,1791418887
2026-10-08T00:22:00+00:00,2026-10-08T00:23:21.807211+00:00,2107991976288962746,2107991976288962746,16,1,0,4,0,1,1,1,1791418888
2026-10-08T00:22:00+00:00,2026-10-08T00:23:21.807211+00:00,f83516b8-0de8-11e7-991c-3863bb43a7d0,184,6,2,0,12,1,1,1,1,1791418887
2026-10-08T00:22:00+00:00,2026-10-08T00:23:21.807211+00:00,2267569638034503736,2267569638034503736,6,0,4,9,0,1,1,1,1791418881
2026-10-08T00:22:00+00:00,2026-10-08T00:23:21.807211+00:00,f83494b4-0de8-11e7-991c-3863bb43a7d0,69,18,9,0,1,0,1,1,1,1791418881
2026-10-08T00:22:00+00:00,2026-10-08T00:23:21.807211+00:00,f834952a-0de8-11e7-991c-3863bb43a7d0,70,1,0,1,21,0,1,1,1,1791418882
2026-10-08T00:22:00+00:00,2026-10-08T00:23:21.807211+00:00,9f54207a-3308-43bd-b45c-9042b6389598,423,14,0,0,5,0,1,1,1,1791418888
2026-10-08T00:22:00+00:00,2026-10-08T00:23:21.807211+00:00,9e710d48-51c1-460e-a027-3d16bde62b13,419,0,0,14,0,1,1,0,0,1791418890
2026-10-08T00:22:00+00:00,2026-10-08T00:23:21.807211+00:00,2038619205667946906,2038619205667946906,9,3,0,11,0,1,1,1,1791418890
2026-10-08T00:22:00+00:00,2026-10-08T00:23:21.807211+00:00,f83510fd-0de8-11e7-991c-3863bb43a7d0,171,13,1,1,9,0,1,1,1,1791418889
2026-10-08T00:22:00+00:00,2026-10-08T00:23:21.807211+00:00,2071632496372113488,2071632496372113488,14,7,1,5,0,1,1,1,1791418891
2026-10-08T00:22:00+00:00,2026-10-08T00:23:21.807211+00:00,f834cf45-0de8-11e7-991c-3863bb43a7d0,116,20,1,0,3,0,1,1,1,1791418884
2026-10-08T00:22:00+00:00,2026-10-08T00:23:21.807211+00:00,2113200093114979090,2113200093114979090,6,0,0,9,1,1,1,1,1791418892
2026-10-08T00:22:00+00:00,2026-10-08T00:23:21.807211+00:00,2038239468396569074,2038239468396569074,12,0,0,20,0,1,1,1,1791418893
2026-10-08T00:22:00+00:00,2026-10-08T00:23:21.807211+00:00,1997031579059661288,1997031579059661288,9,3,0,2,0,1,1,1,1791418893
2026-10-08T00:22:00+00:00,2026-10-08T00:23:21.807211+00:00,f834f814-0de8-11e7-991c-3863bb43a7d0,136,0,0,1,18,0,1,1,1,1791418893
2026-10-08T00:22:00+00:00,2026-10-08T00:23:21.807211+00:00,f83486ab-0de8-11e7-991c-3863bb43a7d0,51,5,0,3,7,0,1,1,1,1791418892
2026-10-08T00:22:00+00:00,2026-10-08T00:23:21.807211+00:00,342a2c60-71b0-4d19-98d6-47987cf20dbc,379,7,0,0,8,0,1,1,1,1791418895
2026-10-08T00:22:00+00:00,2026-10-08T00:23:21.807211+00:00,676ca473-eed6-4971-aaf3-e199a7ca335b,433,15,7,0,3,1,1,1,1,1791418895
2026-10-08T00:22:00+00:00,2026-10-08T00:23:21.807211+00:00,2072145327190878794,2072145327190878794,18,1,1,5,0,1,1,1,1791418896
2026-10-08T00:22:00+00:00,2026-10-08T00:23:21.807211+00:00,0adccd89-1d8d-44da-9f7c-5f18acafeddf,338,4,2,0,11,0,1,1,1,1791418897
2026-10-08T00:22:00+00:00,2026-10-08T00:23:21.807211+00:00,f8351336-0de8-11e7-991c-3863bb43a7d0,176,3,0,0,12,0,1,1,1,1791418897
2026-10-08T00:22:00+00:00,2026-10-08T00:23:21.807211+00:00,2103549125054737064,2103549125054737064,4,2,0,12,0,1,1,1,1791418898
2026-10-08T00:32:00+00:00,2026-10-08T00:33:21.932440+00:00,6eaa7343-402d-41c9-9aac-8c664fdbdcf1,6eaa7343-402d-41c9-9aac-8c664fdbdcf1,0,0,0,0,0,0,0,0,86400
2026-10-08T00:32:00+00:00,2026-10-08T00:33:21.932440+00:00,2251186911126913182,2251186911126913182,14,2,2,3,0,1,1,1,1791419333
2026-10-08T00:32:00+00:00,2026-10-08T00:33:21.932440+00:00,57f5003b-6574-40b3-83d7-3b5dee1472e0,518,6,6,1,3,0,1,1,1,1791419392
2026-10-08T00:32:00+00:00,2026-10-08T00:33:21.932440+00:00,1ef9964d-47ac-4cd4-916e-7c006fa1e605,339,10,6,0,5,0,1,1,1,1791419393
2026-10-08T00:32:00+00:00,2026-10-08T00:33:21.932440+00:00,82b41ffb-e284-4e4d-b22a-0cad2bfd4bee,443,7,0,0,12,0,1,1,1,1791419391
2026-10-08T00:32:00+00:00,2026-10-08T00:33:21.932440+00:00,f8349599-0de8-11e7-991c-3863bb43a7d0,71,14,6,0,9,0,1,1,1,1791419394
2026-10-08T00:32:00+00:00,2026-10-08T00:33:21.932440+00:00,f8350199-0de8-11e7-991c-3863bb43a7d0,150,8,1,0,11,0,1,1,1,1791419390
2026-10-08T00:32:00+00:00,2026-10-08T00:33:21.932440+00:00,87b5a8b7-a330-4c51-ab32-7dafa292c88f,421,14,0,1,4,0,1,1,1,1791419395
2026-10-08T00:32:00+00:00,2026-10-08T00:33:21.932440+00:00,f8346e51-0de8-11e7-991c-3863bb43a7d0,17,15,1,0,0,0,1,1,1,1791419398
2026-10-08T00:32:00+00:00,2026-10-08T00:33:21.932440+00:00,2251556760922290606,2251556760922290606,11,0,2,2,0,1,1,1,1791419369
2026-10-08T00:32:00+00:00,2026-10-08T00:33:21.932440+00:00,2227859082657747444,2227859082657747444,4,1,0,3,0,1,1,1,1791419401
2026-10-08T00:32:00+00:00,2026-10-08T00:33:21.932440+00:00,f8347ded-0de8-11e7-991c-3863bb43a7d0,35,0,0,0,31,0,1,1,1,1791419406
2026-10-08T00:32:00+00:00,2026-10-08T00:33:21.932440+00:00,25489822-e43a-4704-b2a8-d905b78ba77c,389,4,2,0,10,0,1,1,1,1791419405
2026-10-08T00:32:00+00:00,2026-10-08T00:33:21.932440+00:00,e4d5271f-5f76-401b-b7f0-c8dce3c26f10,462,7,1,1,3,0,1,1,1,1791419428
2026-10-08T00:32:00+00:00,2026-10-08T00:33:21.932440+00:00,15ec5783-ca7a-4225-ba51-cd0a45ecc975,15ec5783-ca7a-4225-ba51-cd0a45ecc975,7,5,0,4,0,1,1,1,1791419429
2026-10-08T00:32:00+00:00,2026-10-08T00:33:21.932440+00:00,f606593b-3d07-40f2-bc6d-a0eb96588e44,456,8,2,0,10,0,1,1,1,1791419429
2026-10-08T00:32:00+00:00,2026-10-08T00:33:21.932440+00:00,1994515539257334312,1994515539257334312,19,8,0,0,0,1,1,1,1791419438
2026-10-08T00:32:00+00:00,2026-10-08T00:33:21.932440+00:00,f8347ba8-0de8-11e7-991c-3863bb43a7d0,31,3,0,0,16,0,1,1,1,1791419439
2026-10-08T00:32:00+00:00,2026-10-08T00:33:21.932440+00:00,f834a1de-0de8-11e7-991c-3863bb43a7d0,84,1,0,0,12,0,1,1,1,1791419437
2026-10-08T00:32:00+00:00,2026-10-08T00:33:21.932440+00:00,1976280681456741062,1976280681456741062,5,5,0,6,0,1,1,1,1791419440
2026-10-08T00:32:00+00:00,2026-10-08T00:33:21.932440+00:00,f834a67b-0de8-11e7-991c-3863bb43a7d0,89,0,0,1,18,0,1,1,1,1791419440
2026-10-08T00:32:00+00:00,2026-10-08T00:33:21.932440+00:00,dcd76e42-eebc-4432-9726-cdb3372b0b07,557,0,0,0,19,0,1,1,1,1791419440
2026-10-08T00:32:00+00:00,2026-10-08T00:33:21.932440+00:00,8e7c1984-dc81-43b0-a0d3-58c6de45225a,465,4,2,0,7,0,1,1,1,1791419440
2026-10-08T00:32:00+00:00,2026-10-08T00:33:21.932440+00:00,5410aac7-2ec0-47b6-b728-b99c5137b463,5410aac7-2ec0-47b6-b728-b99c5137b463,8,2,0,3,0,1,1,1,1791419427
2026-10-08T00:32:00+00:00,2026-10-08T00:33:21.932440+00:00,1331197c-f6c6-4f4a-a29b-95e580359886,224,9,0,1,7,0,1,1,1,1791419432
2026-10-08T00:32:00+00:00,2026-10-08T00:33:21.932440+00:00,4d953f0f-13b5-4b3d-b2da-342003ff7cba,4d953f0f-13b5-4b3d-b2da-342003ff7cba,4,2,0,7,0,1,1,1,1791419434
2026-10-08T00:32:00+00:00,2026-10-08T00:33:21.932440+00:00,b44b7c3d-c054-4591-92a9-3b96d86050ab,b44b7c3d-c054-4591-92a9-3b96d86050ab,2,2,0,9,0,1,1,1,1791419431
2026-10-08T00:32:00+00:00,2026-10-08T00:33:21.932440+00:00,8d535c23-f186-4161-aa10-17e94be6d4ae,436,5,4,3,6,1,1,1,1,1791419434
2026-10-08T00:32:00+00:00,2026-10-08T00:33:21.932440+00:00,ea00f276-26dc-48ee-b2c8-6e56fd632a2d,272,3,0,1,15,0,1,1,1,1791419435
2026-10-08T00:32:00+00:00,2026-10-08T00:33:21.932440+00:00,ec4e1168-25dc-4929-b17b-e4ae578dd888,425,4,2,1,11,0,1,1,1,1791419433
2026-10-08T00:32:00+00:00,2026-10-08T00:33:21.932440+00:00,2124664048772581794,2124664048772581794,3,0,0,8,0,1,1,1,1791419434
2026-10-08T00:32:00+00:00,2026-10-08T00:33:21.932440+00:00,918335df-fc1a-45c2-9cfc-c5e2e93aecc0,467,2,0,1,8,0,1,1,1,1791419436
2026-10-08T00:32:00+00:00,2026-10-08T00:33:21.932440+00:00,f834a2a8-0de8-11e7-991c-3863bb43a7d0,85,0,0,0,19,0,1,1,1,1791419443
2026-10-08T00:32:00+00:00,2026-10-08T00:33:21.932440+00:00,2127634714741013228,2127634714741013228,15,2,0,9,0,1,1,1,1791419444
2026-10-08T00:32:00+00:00,2026-10-08T00:33:21.932440+00:00,f83466c6-0de8-11e7-991c-3863bb43a7d0,6,2,1,2,10,0,1,1,1,1791419445
2026-10-08T00:32:00+00:00,2026-10-08T00:33:21.932440+00:00,569f4952-5a25-4394-a419-f9c4d9cca6f3,495,15,4,0,3,0,1,1,1,1791419446
2026-10-08T00:32:00+00:00,2026-10-08T00:33:21.932440+00:00,1986694622707704150,1986694622707704150,16,0,1,2,0,1,1,1,1791419446
2026-10-08T00:32:00+00:00,2026-10-08T00:33:21.932440+00:00,97a1e4e7-a1ff-427a-aaea-48ca0d00bf9c,348,5,4,0,10,0,1,1,1,1791419441
2026-10-08T00:32:00+00:00,2026-10-08T00:33:21.932440+00:00,8bc42f7f-753d-4cca-a7d6-0d7c2530ea2c,364,3,0,1,15,0,1,1,1,1791419464
2026-10-08T00:32:00+00:00,2026-10-08T00:33:21.932440+00:00,f8346dbd-0de8-11e7-991c-3863bb43a7d0,16,8,0,1,10,0,1,1,1,1791419461
2026-10-08T00:32:00+00:00,2026-10-08T00:33:21.932440+00:00,c111ef1a-f276-415d-a95e-8e3c4e3a0c03,522,6,3,1,8,0,1,1,1,1791419461
2026-10-08T00:32:00+00:00,2026-10-08T00:33:21.932440+00:00,e519df41-c4d7-403a-9afa-a5dd7cdd2d03,536,10,0,1,7,0,1,1,1,1791419465
2026-10-08T00:32:00+00:00,2026-10-08T00:33:21.932440+00:00,4b5de733-9353-4873-9dc2-9558b3cb063a,393,7,2,1,5,0,1,1,1,1791419465
2026-10-08T00:32:00+00:00,2026-10-08T00:33:21.932440+00:00,2113559364250874028,2113559364250874028,8,2,0,7,0,1,1,1,1791419465
2026-10-08T00:32:00+00:00,2026-10-08T00:33:21.932440+00:00,2036412579943670600,2036412579943670600,4,4,0,8,0,1,1,1,1791419467
2026-10-08T00:32:00+00:00,2026-10-08T00:33:21.932440+00:00,f834f948-0de8-11e7-991c-3863bb43a7d0,138,13,0,1,0,0,1,1,1,1791419470
2026-10-08T00:32:00+00:00,2026-10-08T00:33:21.932440+00:00,829fa5a8-cc88-4ab2-9f34-b481aaa1612e,259,9,1,0,5,0,1,1,1,1791419470
2026-10-08T00:32:00+00:00,2026-10-08T00:33:21.932440+00:00,2126567695528519906,2126567695528519906,9,0,0,11,0,1,1,1,1791419471
2026-10-08T00:32:00+00:00,2026-10-08T00:33:21.932440+00:00,f8349070-0de8-11e7-991c-3863bb43a7d0,61,2,1,0,17,0,1,1,1,1791419469
2026-10-08T00:32:00+00:00,2026-10-08T00:33:21.932440+00:00,1976640911178291400,1976640911178291400,6,3,0,5,0,1,1,1,1791419470
2026-10-08T00:32:00+00:00,2026-10-08T00:33:21.932440+00:00,f8352973-0de8-11e7-991c-3863bb43a7d0,210,6,1,0,9,0,1,1,1,1791419470
2026-10-08T00:32:00+00:00,2026-10-08T00:33:21.932440+00:00,77c1736c-a609-4453-94f7-8e4253a8193c,474,8,3,0,3,0,1,1,1,1791419472
2026-10-08T00:32:00+00:00,2026-10-08T00:33:21.932440+00:00,88b35b6d-f355-44dc-b85e-ed2eb1bc9099,406,10,3,0,9,0,1,1,1,1791419468
2026-10-08T00:32:00+00:00,2026-10-08T00:33:21.932440+00:00,f8351791-0de8-11e7-991c-3863bb43a7d0,186,12,0,0,3,0,1,1,1,1791419469
2026-10-08T00:32:00+00:00,2026-10-08T00:33:21.932440+00:00,40ee059e-8530-4992-9114-c16b87d6832f,441,12,4,0,7,0,1,1,1,1791419471
2026-10-08T00:32:00+00:00,2026-10-08T00:33:21.932440+00:00,ab6517ea-ed53-42eb-8881-657d362e56e8,560,10,0,0,5,0,1,1,1,1791419413
2026-10-08T00:32:00+00:00,2026-10-08T00:33:21.932440+00:00,aefc33cd-40b9-48da-8b87-415428816bdb,488,7,2,0,9,0,1,1,1,1791419412
2026-10-08T00:32:00+00:00,2026-10-08T00:33:21.932440+00:00,f834fcbe-0de8-11e7-991c-3863bb43a7d0,141,0,0,0,15,0,1,1,1,1791419411
2026-10-08T00:32:00+00:00,2026-10-08T00:33:21.932440+00:00,625f105e-4407-4988-9095-d1979cbda5e1,234,19,13,0,0,0,1,1,1,1791419412
2026-10-08T00:32:00+00:00,2026-10-08T00:33:21.932440+00:00,2129149628430547474,2129149628430547474,16,3,0,0,0,1,1,1,1791419410
2026-10-08T00:32:00+00:00,2026-10-08T00:33:21.932440+00:00,25d6f87f-7025-48c5-b202-f91511a4ae19,25d6f87f-7025-48c5-b202-f91511a4ae19,13,4,1,5,0,1,1,1,1791419416
2026-10-08T00:32:00+00:00,2026-10-08T00:33:21.932440+00:00,f834c6f5-0de8-11e7-991c-3863bb43a7d0,111,9,2,0,5,1,1,1,1,1791419418
2026-10-08T00:32:00+00:00,2026-10-08T00:33:21.932440+00:00,f834b1ed-0de8-11e7-991c-3863bb43a7d0,99,11,1,0,4,0,1,1,1,1791419415
2026-10-08T00:32:00+00:00,2026-10-08T00:33:21.932440+00:00,01d29f8c-768d-4c4f-84ca-3de966075287,469,3,2,0,8,0,1,1,1,1791419414
2026-10-08T00:32:00+00:00,2026-10-08T00:33:21.932440+00:00,2134720099473744344,2134720099473744344,3,0,0,18,0,1,1,1,1791419344
2026-10-08T00:32:00+00:00,2026-10-08T00:33:21.932440+00:00,f8351f87-0de8-11e7-991c-3863bb43a7d0,192,2,0,0,17,0,1,1,1,1791419423
2026-10-08T00:32:00+00:00,2026-10-08T00:33:21.932440+00:00,2028220168245183460,2028220168245183460,14,0,0,5,0,1,1,1,1791419419
2026-10-08T00:32:00+00:00,2026-10-08T00:33:21.932440+00:00,803a0c16-4f81-44f1-8b49-a13fcdda40c1,370,6,1,1,11,0,1,1,1,1791419421
2026-10-08T00:32:00+00:00,2026-10-08T00:33:21.932440+00:00,f83493c0-0de8-11e7-991c-3863bb43a7d0,67,0,0,4,26,0,1,1,1,1791419446
2026-10-08T00:32:00+00:00,2026-10-08T00:33:21.932440+00:00,f55cdf0a-3d7b-491c-bed2-7dc0ef2062d5,489,10,1,0,6,0,1,1,1,1791419446
2026-10-08T00:32:00+00:00,2026-10-08T00:33:21.932440+00:00,2132460331327742574,2132460331327742574,2,0,1,15,0,1,1,1,1791419447
2026-10-08T00:32:00+00:00,2026-10-08T00:33:21.932440+00:00,2219705277630124418,2219705277630124418,5,2,0,10,0,1,1,1,1791419450
2026-10-08T00:32:00+00:00,2026-10-08T00:33:21.932440+00:00,800bde2c-51df-497c-ac2d-bc3a8c00c164,800bde2c-51df-497c-ac2d-bc3a8c00c164,0,0,0,15,0,1,1,1,1791419451
2026-10-08T00:32:00+00:00,2026-10-08T00:33:21.932440+00:00,d1a5e406-718c-44b9-b9dd-e63605b888aa,555,8,7,0,7,0,1,1,1,1791419452
2026-10-08T00:32:00+00:00,2026-10-08T00:33:21.932440+00:00,a825b55d-3ab3-481f-9c50-d3a7313e6843,228,0,0,0,19,0,1,1,1,1791419453
2026-10-08T00:32:00+00:00,2026-10-08T00:33:21.932440+00:00,1919521884659886482,1919521884659886482,2,0,0,17,0,1,1,1,1791419454
2026-10-08T00:32:00+00:00,2026-10-08T00:33:21.932440+00:00,f834b928-0de8-11e7-991c-3863bb43a7d0,106,9,0,1,4,0,1,1,1,1791419454
2026-10-08T00:32:00+00:00,2026-10-08T00:33:21.932440+00:00,2261583246847893606,2261583246847893606,11,7,1,7,0,1,1,1,1791419456
2026-10-08T00:32:00+00:00,2026-10-08T00:33:21.932440+00:00,cad0e759-b605-458a-b772-768dcce81dc6,372,12,0,0,6,0,1,1,1,1791419455
2026-10-08T00:32:00+00:00,2026-10-08T00:33:21.932440+00:00,2039387081833476178,2039387081833476178,12,2,0,8,0,1,1,1,1791419451
2026-10-08T00:32:00+00:00,2026-10-08T00:33:21.932440+00:00,2149920539832638004,2149920539832638004,13,1,1,1,0,1,1,1,1791419460
2026-10-08T00:32:00+00:00,2026-10-08T00:33:21.932440+00:00,5d17f129-af8c-4f30-bc58-6a8279052772,543,5,2,1,13,0,1,1,1,1791419461
2026-10-08T00:32:00+00:00,2026-10-08T00:33:21.932440+00:00,f8350d30-0de8-11e7-991c-3863bb43a7d0,163,10,0,0,9,0,1,1,1,1791419378
2026-10-08T00:32:00+00:00,2026-10-08T00:33:21.932440+00:00,f834d260-0de8-11e7-991c-3863bb43a7d0,119,13,9,2,0,0,1,1,1,1791419377
2026-10-08T00:32:00+00:00,2026-10-08T00:33:21.932440+00:00,f8346c96-0de8-11e7-991c-3863bb43a7d0,14,2,2,0,23,0,1,1,1,1791419380
2026-10-08T00:32:00+00:00,2026-10-08T00:33:21.932440+00:00,eed9e64f-f09d-43c1-aa31-da968c66750a,368,6,1,0,9,0,1,1,1,1791419378
2026-10-08T00:32:00+00:00,2026-10-08T00:33:21.932440+00:00,2250817396738253956,2250817396738253956,13,4,2,0,0,1,1,1,1791419379
2026-10-08T00:32:00+00:00,2026-10-08T00:33:21.932440+00:00,f8351649-0de8-11e7-991c-3863bb43a7d0,183,3,0,0,16,0,1,1,1,1791419472
2026-10-08T00:32:00+00:00,2026-10-08T00:33:21.932440+00:00,1999639508813492766,1999639508813492766,8,0,0,12,0,1,1,1,1791419474
2026-10-08T00:32:00+00:00,2026-10-08T00:33:21.932440+00:00,2438d052-2cd6-4fba-83c9-39f46cb59398,2438d052-2cd6-4fba-83c9-39f46cb59398,3,0,1,15,0,1,1,1,1791419476
2026-10-08T00:32:00+00:00,2026-10-08T00:33:21.932440+00:00,768433a9-fc30-4485-b136-22d6f8a96f1c,768433a9-fc30-4485-b136-22d6f8a96f1c,5,0,1,5,0,1,1,1,1791419477
2026-10-08T00:32:00+00:00,2026-10-08T00:33:21.932440+00:00,2110566771130438288,2110566771130438288,10,6,1,5,0,1,1,1,1791419409
2026-10-08T00:32:00+00:00,2026-10-08T00:33:21.932440+00:00,9fef6df2-7f8f-43fc-a85b-7dd5453860f9,437,17,3,0,0,0,1,1,1,1791419475
2026-10-08T00:32:00+00:00,2026-10-08T00:33:21.932440+00:00,f834f036-0de8-11e7-991c-3863bb43a7d0,133,11,3,2,10,0,1,1,1,1791419476
2026-10-08T00:32:00+00:00,2026-10-08T00:33:21.932440+00:00,a6d6d4b2-3666-43ad-a690-7f676bdcc3fd,542,9,0,4,6,0,1,1,1,1791419476
2026-10-08T00:32:00+00:00,2026-10-08T00:33:21.932440+00:00,2027855476515070160,2027855476515070160,2,0,0,25,0,1,1,1,1791419480
2026-10-08T00:32:00+00:00,2026-10-08T00:33:21.932440+00:00,2220033166406469278,2220033166406469278,10,4,1,4,0,1,1,1,1791419483
2026-10-08T00:32:00+00:00,2026-10-08T00:33:21.932440+00:00,2089808297152151688,2089808297152151688,2,1,1,9,0,1,1,1,1791419483
2026-10-08T00:32:00+00:00,2026-10-08T00:33:21.932440+00:00,e335fa7c-7adf-4360-9bfa-76b18124a56f,541,3,2,0,8,0,1,1,1,1791419483
2026-10-08T00:32:00+00:00,2026-10-08T00:33:21.932440+00:00,2131371824572002576,2131371824572002576,12,0,1,3,0,1,1,1,1791419480
2026-10-08T00:32:00+00:00,2026-10-08T00:33:21.932440+00:00,199f3d59-e726-4549-b9c1-4dfc8a343fdb,508,10,6,0,1,0,1,1,1,1791419479
2026-10-08T00:32:00+00:00,2026-10-08T00:33:21.932440+00:00,2036103727838931110,2036103727838931110,10,5,0,0,0,1,1,1,1791419472
2026-10-08T00:32:00+00:00,2026-10-08T00:33:21.932440+00:00,f7d416f8-4377-4019-bba7-302dc1d5a11d,391,9,0,3,3,0,1,1,1,1791419480
2026-10-08T00:32:00+00:00,2026-10-08T00:33:21.932440+00:00,2127252912986958612,2127252912986958612,5,2,0,10,0,1,1,1,1791419478
2026-10-08T00:32:00+00:00,2026-10-08T00:33:21.932440+00:00,f834b183-0de8-11e7-991c-3863bb43a7d0,98,11,1,1,11,0,1,1,1,1791419482
2026-10-08T00:32:00+00:00,2026-10-08T00:33:21.932440+00:00,f8351569-0de8-11e7-991c-3863bb43a7d0,181,14,0,0,5,0,1,1,1,1791419492
2026-10-08T00:32:00+00:00,2026-10-08T00:33:21.932440+00:00,f834916a-0de8-11e7-991c-3863bb43a7d0,63,3,1,0,12,0,1,1,1,1791419493
2026-10-08T00:32:00+00:00,2026-10-08T00:33:21.932440+00:00,6cec3afa-554c-466f-8323-5c619fe0ddc6,6cec3afa-554c-466f-8323-5c619fe0ddc6,5,4,0,6,0,1,1,1,1791419493
2026-10-08T00:32:00+00:00,2026-10-08T00:33:21.932440+00:00,f834d34b-0de8-11e7-991c-3863bb43a7d0,120,15,1,1,23,0,1,1,1,1791419493
2026-10-08T00:32:00+00:00,2026-10-08T00:33:21.932440+00:00,f8348719-0de8-11e7-991c-3863bb43a7d0,52,3,1,0,22,0,1,1,1,1791419494
2026-10-08T00:32:00+00:00,2026-10-08T00:33:21.932440+00:00,1999644268058967024,1999644268058967024,23,1,0,1,0,1,1,1,1791419459
2026-10-08T00:32:00+00:00,2026-10-08T00:33:21.932440+00:00,f834c5c9-0de8-11e7-991c-3863bb43a7d0,110,1,1,1,12,0,1,1,1,1791419492
2026-10-08T00:32:00+00:00,2026-10-08T00:33:21.932440+00:00,f834e75d-0de8-11e7-991c-3863bb43a7d0,129,8,0,0,10,1,1,1,1,1791419492
2026-10-08T00:32:00+00:00,2026-10-08T00:33:21.932440+00:00,1991921362058752616,1991921362058752616,0,0,0,20,0,1,1,1,1791419490
2026-10-08T00:32:00+00:00,2026-10-08T00:33:21.932440+00:00,133d159e-a202-4310-910f-eca392fe181e,398,0,0,2,17,0,1,1,1,1791419489
2026-10-08T00:32:00+00:00,2026-10-08T00:33:21.932440+00:00,f834cb89-0de8-11e7-991c-3863bb43a7d0,115,9,4,4,5,0,1,1,1,1791419486
2026-10-08T00:32:00+00:00,2026-10-08T00:33:21.932440+00:00,f8351255-0de8-11e7-991c-3863bb43a7d0,174,7,2,2,6,0,1,1,1,1791419488
2026-10-08T00:32:00+00:00,2026-10-08T00:33:21.932440+00:00,f83532fa-0de8-11e7-991c-3863bb43a7d0,219,12,1,0,3,0,1,1,1,1791419485
2026-10-08T00:32:00+00:00,2026-10-08T00:33:21.932440+00:00,f8347a8b-0de8-11e7-991c-3863bb43a7d0,29,17,0,0,2,0,1,1,1,1791419484
2026-10-08T00:32:00+00:00,2026-10-08T00:33:21.932440+00:00,f8347002-0de8-11e7-991c-3863bb43a7d0,20,18,0,1,5,0,1,1,1,1791419488
2026-10-08T00:32:00+00:00,2026-10-08T00:33:21.932440+00:00,f83473ea-0de8-11e7-991c-3863bb43a7d0,27,13,1,3,7,0,1,1,1,1791419488
2026-10-08T00:32:00+00:00,2026-10-08T00:33:21.932440+00:00,9b0aff89-5242-475e-b03b-87c3c3bf51bb,477,3,3,1,15,0,1,1,1,1791419483
2026-10-08T00:32:00+00:00,2026-10-08T00:33:21.932440+00:00,2363c5a3-93cc-41a2-a767-90f1826c041f,426,0,0,0,27,0,1,1,1,1791419494
2026-10-08T00:32:00+00:00,2026-10-08T00:33:21.932440+00:00,2071991821019036242,2071991821019036242,11,1,0,9,0,1,1,1,1791419495
2026-10-08T00:32:00+00:00,2026-10-08T00:33:21.932440+00:00,52ca4d94-587f-4a61-a298-a1a755e73bfb,362,19,3,0,0,0,1,1,1,1791419496
2026-10-08T00:32:00+00:00,2026-10-08T00:33:21.932440+00:00,2031175112202687108,2031175112202687108,4,0,0,12,0,1,1,1,1791419496
2026-10-08T00:32:00+00:00,2026-10-08T00:33:21.932440+00:00,986068c4-d11a-465a-b8d0-bd0960c57f51,986068c4-d11a-465a-b8d0-bd0960c57f51,11,1,0,4,0,1,1,1,1791419495
2026-10-08T00:32:00+00:00,2026-10-08T00:33:21.932440+00:00,1997031876360597884,1997031876360597884,6,1,0,5,0,1,1,1,1791419495
2026-10-08T00:32:00+00:00,2026-10-08T00:33:21.932440+00:00,f835244e-0de8-11e7-991c-3863bb43a7d0,202,9,1,0,6,0,1,1,1,1791419497
2026-10-08T00:32:00+00:00,2026-10-08T00:33:21.932440+00:00,f8350129-0de8-11e7-991c-3863bb43a7d0,149,12,0,0,4,0,1,1,1,1791419496
2026-10-08T00:32:00+00:00,2026-10-08T00:33:21.932440+00:00,f8348598-0de8-11e7-991c-3863bb43a7d0,49,4,0,0,14,0,1,1,1,1791419497
2026-10-08T00:32:00+00:00,2026-10-08T00:33:21.932440+00:00,acb27827-d69a-4287-b132-3f529ca62ad2,427,4,1,0,15,0,1,1,1,1791419497
2026-10-08T00:32:00+00:00,2026-10-08T00:33:21.932440+00:00,1ef5abb2-5af9-41f2-a0dd-1e44278ad9f1,502,5,1,0,6,0,1,1,1,1791419497
2026-10-08T00:32:00+00:00,2026-10-08T00:33:21.932440+00:00,38706d8c-8d4b-49f7-b6ed-7688449db261,463,5,0,0,14,0,1,1,1,1791419498
2026-10-08T00:32:00+00:00,2026-10-08T00:33:21.932440+00:00,2253794653988522864,2253794653988522864,8,1,0,11,0,1,1,1,1791419257
2026-10-08T00:32:00+00:00,2026-10-08T00:33:21.932440+00:00,f83472d3-0de8-11e7-991c-3863bb43a7d0,25,14,2,0,1,0,1,1,1,1791419372
2026-10-08T00:32:00+00:00,2026-10-08T00:33:21.932440+00:00,3c837bc0-fd08-49c4-adf5-0e9a98e918a7,524,6,0,1,8,0,1,1,1,1791419390
2026-10-08T00:32:00+00:00,2026-10-08T00:33:21.932440+00:00,f834923d-0de8-11e7-991c-3863bb43a7d0,65,5,0,0,14,0,1,1,1,1791419392
2026-10-08T00:32:00+00:00,2026-10-08T00:33:21.932440+00:00,31382324-2931-491a-827a-40149e45afee,232,5,0,0,6,0,1,1,1,1791419392
2026-10-08T00:32:00+00:00,2026-10-08T00:33:21.932440+00:00,f8352c1a-0de8-11e7-991c-3863bb43a7d0,216,7,2,2,10,0,1,1,1,1791419413
2026-10-08T00:32:00+00:00,2026-10-08T00:33:21.932440+00:00,8b703219-1e16-4ba1-9f46-2b7030c7849a,360,2,1,2,11,0,1,1,1,1791419411
2026-10-08T00:32:00+00:00,2026-10-08T00:33:21.932440+00:00,910f1452-dbeb-4e69-b226-71b2d7e85715,910f1452-dbeb-4e69-b226-71b2d7e85715,8,8,0,2,0,1,1,1,1791419411
2026-10-08T00:32:00+00:00,2026-10-08T00:33:21.932440+00:00,b5894555-30a3-46db-918a-fdeb083d6001,336,11,6,1,3,0,1,1,1,1791419421
2026-10-08T00:32:00+00:00,2026-10-08T00:33:21.932440+00:00,f83514f9-0de8-11e7-991c-3863bb43a7d0,180,10,1,1,8,0,1,1,1,1791419421
2026-10-08T00:32:00+00:00,2026-10-08T00:33:21.932440+00:00,efd724b2-31cb-4aec-b9d9-8ab79271630c,493,9,0,0,8,0,1,1,1,1791419425
2026-10-08T00:32:00+00:00,2026-10-08T00:33:21.932440+00:00,f834ff5a-0de8-11e7-991c-3863bb43a7d0,145,5,0,1,13,0,1,1,1,1791419425
2026-10-08T00:32:00+00:00,2026-10-08T00:33:21.932440+00:00,2131714490587826928,2131714490587826928,11,8,2,3,0,1,1,1,1791419432
2026-10-08T00:32:00+00:00,2026-10-08T00:33:21.932440+00:00,f834b652-0de8-11e7-991c-3863bb43a7d0,104,8,2,1,10,0,1,1,1,1791419430
2026-10-08T00:32:00+00:00,2026-10-08T00:33:21.932440+00:00,f8346c01-0de8-11e7-991c-3863bb43a7d0,13,1,1,1,17,0,1,1,1,1791419433
2026-10-08T00:32:00+00:00,2026-10-08T00:33:21.932440+00:00,a51b429f-bf06-425a-b3fe-b3155aa6468c,a51b429f-bf06-425a-b3fe-b3155aa6468c,10,2,0,1,0,1,1,1,1791419435
2026-10-08T00:32:00+00:00,2026-10-08T00:33:21.932440+00:00,2113560016964645240,2113560016964645240,8,0,1,10,0,1,1,1,1791419434
2026-10-08T00:32:00+00:00,2026-10-08T00:33:21.932440+00:00,f834db9b-0de8-11e7-991c-3863bb43a7d0,121,15,6,0,2,0,1,1,1,1791419435
2026-10-08T00:32:00+00:00,2026-10-08T00:33:21.932440+00:00,dd05a440-f881-410c-a071-864da11c634a,318,0,0,0,19,0,1,1,1,1791419433
2026-10-08T00:32:00+00:00,2026-10-08T00:33:21.932440+00:00,2074236051937964826,2074236051937964826,14,0,0,1,1,1,1,1,1791419349
2026-10-08T00:32:00+00:00,2026-10-08T00:33:21.932440+00:00,1206f5c8-7d1f-4c32-9d65-f3e80186fbde,511,8,5,1,10,0,1,1,1,1791419381
2026-10-08T00:32:00+00:00,2026-10-08T00:33:21.932440+00:00,57caf362-1e8b-46aa-9ee3-82341c405ab0,271,2,0,1,12,0,1,1,1,1791419385
2026-10-08T00:32:00+00:00,2026-10-08T00:33:21.932440+00:00,2115804056935012722,2115804056935012722,1,0,0,17,0,1,1,1,1791419459
2026-10-08T00:32:00+00:00,2026-10-08T00:33:21.932440+00:00,f8347361-0de8-11e7-991c-3863bb43a7d0,26,11,0,0,4,0,1,1,1,1791419459
2026-10-08T00:32:00+00:00,2026-10-08T00:33:21.932440+00:00,ee0fa23e-a6c2-474d-a6ef-bf581d63f1ae,ee0fa23e-a6c2-474d-a6ef-bf581d63f1ae,4,0,0,7,0,1,1,1,1791419463
2026-10-08T00:32:00+00:00,2026-10-08T00:33:21.932440+00:00,2080157934789007958,2080157934789007958,16,2,2,1,0,1,1,1,1791419463
2026-10-08T00:32:00+00:00,2026-10-08T00:33:21.932440+00:00,dd8dee9d-d044-41d6-9371-8463cf9c671b,526,6,3,0,8,1,1,1,1,1791419459
2026-10-08T00:32:00+00:00,2026-10-08T00:33:21.932440+00:00,2248987790637065652,2248987790637065652,10,2,0,2,0,1,1,1,1791419459
2026-10-08T00:32:00+00:00,2026-10-08T00:33:21.932440+00:00,f834b50a-0de8-11e7-991c-3863bb43a7d0,102,10,2,0,5,0,1,1,1,1791419395
2026-10-08T00:32:00+00:00,2026-10-08T00:33:21.932440+00:00,f1cafe36-f800-41f6-b74d-73953cb6394c,471,0,0,0,27,0,1,1,1,1791419408
2026-10-08T00:32:00+00:00,2026-10-08T00:33:21.932440+00:00,3de6e5da-9702-4623-8683-26abd98012a8,525,4,0,0,8,0,1,1,1,1791419399
2026-10-08T00:32:00+00:00,2026-10-08T00:33:21.932440+00:00,f8348021-0de8-11e7-991c-3863bb43a7d0,39,23,1,0,4,0,1,1,1,1791419401
2026-10-08T00:32:00+00:00,2026-10-08T00:33:21.932440+00:00,7dd0fc98-c1dd-4c93-9c1d-4bbdf5f93346,473,14,9,0,0,0,1,1,1,1791419401
2026-10-08T00:32:00+00:00,2026-10-08T00:33:21.932440+00:00,1961066392414132348,1961066392414132348,3,1,0,16,0,1,1,1,1791419403
2026-10-08T00:32:00+00:00,2026-10-08T00:33:21.932440+00:00,2100948177843249670,2100948177843249670,6,3,0,5,0,1,1,1,1791419397
2026-10-08T00:32:00+00:00,2026-10-08T00:33:21.932440+00:00,13681246-4bf8-444a-a908-fa165e4ad298,329,11,1,2,2,0,1,1,1,1791419418
2026-10-08T00:32:00+00:00,2026-10-08T00:33:21.932440+00:00,2223046412750968128,2223046412750968128,4,2,0,15,0,1,1,1,1791419419
2026-10-08T00:32:00+00:00,2026-10-08T00:33:21.932440+00:00,be7e7068-b85f-42c1-8ea1-e1d64e531323,be7e7068-b85f-42c1-8ea1-e1d64e531323,11,5,0,4,0,1,1,1,1791419419
2026-10-08T00:32:00+00:00,2026-10-08T00:33:21.932440+00:00,f8353277-0de8-11e7-991c-3863bb43a7d0,218,1,0,0,14,0,1,1,1,1791419419
2026-10-08T00:32:00+00:00,2026-10-08T00:33:21.932440+00:00,f834d064-0de8-11e7-991c-3863bb43a7d0,118,7,1,0,12,0,1,1,1,1791419419
2026-10-08T00:32:00+00:00,2026-10-08T00:33:21.932440+00:00,f8352306-0de8-11e7-991c-3863bb43a7d0,199,7,2,1,7,0,1,1,1,1791419438
2026-10-08T00:32:00+00:00,2026-10-08T00:33:21.932440+00:00,2126939746529359956,2126939746529359956,9,5,0,10,0,1,1,1,1791419439
2026-10-08T00:32:00+00:00,2026-10-08T00:33:21.932440+00:00,ee18dbd6-05b8-4d38-a120-f84c3499a77e,519,5,1,0,6,0,1,1,1,1791419442
2026-10-08T00:32:00+00:00,2026-10-08T00:33:21.932440+00:00,c935cfb1-ef73-402e-9b86-83aaaac6534d,478,4,0,1,14,0,1,1,1,1791419444
2026-10-08T00:32:00+00:00,2026-10-08T00:33:21.932440+00:00,1963273678015717438,1963273678015717438,4,2,0,15,0,1,1,1,1791419446
2026-10-08T00:32:00+00:00,2026-10-08T00:33:21.932440+00:00,f8349d6e-0de8-11e7-991c-3863bb43a7d0,79,17,2,0,1,0,1,1,1,1791419446
2026-10-08T00:32:00+00:00,2026-10-08T00:33:21.932440+00:00,f8348781-0de8-11e7-991c-3863bb43a7d0,53,10,0,1,8,0,1,1,1,1791419447
2026-10-08T00:32:00+00:00,2026-10-08T00:33:21.932440+00:00,f83487f0-0de8-11e7-991c-3863bb43a7d0,54,1,0,0,14,0,1,1,1,1791419443
2026-10-08T00:32:00+00:00,2026-10-08T00:33:21.932440+00:00,f8350c56-0de8-11e7-991c-3863bb43a7d0,161,23,2,0,0,0,1,1,1,1791419447
2026-10-08T00:32:00+00:00,2026-10-08T00:33:21.932440+00:00,f8349de4-0de8-11e7-991c-3863bb43a7d0,80,2,1,0,32,0,1,1,1,1791419447
2026-10-08T00:32:00+00:00,2026-10-08T00:33:21.932440+00:00,f835259f-0de8-11e7-991c-3863bb43a7d0,205,3,2,1,11,0,1,1,1,1791419451
2026-10-08T00:32:00+00:00,2026-10-08T00:33:21.932440+00:00,f8351ff1-0de8-11e7-991c-3863bb43a7d0,193,10,2,1,4,0,1,1,1,1791419449
2026-10-08T00:32:00+00:00,2026-10-08T00:33:21.932440+00:00,634b697d-0e64-4102-8849-abac7a7f8e35,455,5,1,0,7,0,1,1,1,1791419452
2026-10-08T00:32:00+00:00,2026-10-08T00:33:21.932440+00:00,a439fff7-8630-464c-b277-efca6f6bc664,531,11,3,3,0,0,1,1,1,1791419456
2026-10-08T00:32:00+00:00,2026-10-08T00:33:21.932440+00:00,f834a32d-0de8-11e7-991c-3863bb43a7d0,86,18,2,1,6,0,1,1,1,1791419455
2026-10-08T00:32:00+00:00,2026-10-08T00:33:21.932440+00:00,f8352a4d-0de8-11e7-991c-3863bb43a7d0,212,13,0,3,16,0,1,1,1,1791419455
2026-10-08T00:32:00+00:00,2026-10-08T00:33:21.932440+00:00,4caf6e93-ddd7-4b6f-9e61-f9df1206ac92,4caf6e93-ddd7-4b6f-9e61-f9df1206ac92,10,7,0,9,0,1,1,1,1791419454
2026-10-08T00:32:00+00:00,2026-10-08T00:33:21.932440+00:00,0bc49982-74e9-4bbf-9991-e3d809d6319e,530,16,5,0,3,0,1,1,1,1791419454
2026-10-08T00:32:00+00:00,2026-10-08T00:33:21.932440+00:00,082262bd-086b-46c7-83ce-eed2b39142ff,416,1,0,0,14,0,1,1,1,1791419455
2026-10-08T00:32:00+00:00,2026-10-08T00:33:21.932440+00:00,1e3beeb4-f8e1-452c-93e5-48df78d4b313,334,10,4,0,8,0,1,1,1,1791419455
2026-10-08T00:32:00+00:00,2026-10-08T00:33:21.932440+00:00,dc770287-c70c-43ea-a635-39f3dc6b09cd,dc770287-c70c-43ea-a635-39f3dc6b09cd,11,4,0,0,0,1,1,1,1791419456
2026-10-08T00:32:00+00:00,2026-10-08T00:33:21.932440+00:00,c98f50f6-1901-4c64-b164-8cf33245e022,282,16,1,1,0,1,1,1,1,1791419463
2026-10-08T00:32:00+00:00,2026-10-08T00:33:21.932440+00:00,3b158c7a-a362-43ae-af1f-121b78be32d7,483,6,2,1,10,0,1,1,1,1791419463
2026-10-08T00:32:00+00:00,2026-10-08T00:33:21.932440+00:00,fbb9b58c-2b92-4bcf-8e4c-a982e40d2f39,221,1,0,1,17,0,1,1,1,1791419463
2026-10-08T00:32:00+00:00,2026-10-08T00:33:21.932440+00:00,fae99a0c-e88a-4112-94d8-f655cf34e651,fae99a0c-e88a-4112-94d8-f655cf34e651,3,1,2,14,0,1,1,1,1791419468
2026-10-08T00:32:00+00:00,2026-10-08T00:33:21.932440+00:00,2158217922577811100,2158217922577811100,5,0,0,14,0,1,1,1,1791419469
2026-10-08T00:32:00+00:00,2026-10-08T00:33:21.932440+00:00,f8349672-0de8-11e7-991c-3863bb43a7d0,72,0,0,0,23,0,1,1,1,1791419469
2026-10-08T00:32:00+00:00,2026-10-08T00:33:21.932440+00:00,2120986392451359068,2120986392451359068,6,0,0,13,0,1,1,1,1791419466
2026-10-08T00:32:00+00:00,2026-10-08T00:33:21.932440+00:00,3dbbb3cb-b52d-46f8-8f9c-db11e83d081c,327,15,6,0,0,0,1,1,1,1791419466
2026-10-08T00:32:00+00:00,2026-10-08T00:33:21.932440+00:00,f8348924-0de8-11e7-991c-3863bb43a7d0,57,14,1,0,0,0,1,1,1,1791419466
2026-10-08T00:32:00+00:00,2026-10-08T00:33:21.932440+00:00,f8346a3c-0de8-11e7-991c-3863bb43a7d0,10,0,0,2,9,0,1,1,1,1791419479
2026-10-08T00:32:00+00:00,2026-10-08T00:33:21.932440+00:00,f8348857-0de8-11e7-991c-3863bb43a7d0,55,9,0,1,5,0,1,1,1,1791419475
2026-10-08T00:32:00+00:00,2026-10-08T00:33:21.932440+00:00,f8350be5-0de8-11e7-991c-3863bb43a7d0,160,0,0,1,13,0,1,1,1,1791419475
2026-10-08T00:32:00+00:00,2026-10-08T00:33:21.932440+00:00,2079440939380771716,2079440939380771716,1,1,1,9,0,1,1,1,1791419476
2026-10-08T00:32:00+00:00,2026-10-08T00:33:21.932440+00:00,50cc3c7f-50ed-4c70-b483-c89f3f47c938,491,16,1,0,3,0,1,1,1,1791419481
2026-10-08T00:32:00+00:00,2026-10-08T00:33:21.932440+00:00,2136546016037880534,2136546016037880534,4,1,0,11,0,1,1,1,1791419482
2026-10-08T00:32:00+00:00,2026-10-08T00:33:21.932440+00:00,e49a5b83-2c9c-4610-a48b-89cfea172c8f,504,6,0,0,5,0,1,1,1,1791419478
2026-10-08T00:32:00+00:00,2026-10-08T00:33:21.932440+00:00,2035765531590062506,2035765531590062506,6,0,3,2,0,1,1,1,1791419479
2026-10-08T00:32:00+00:00,2026-10-08T00:33:21.932440+00:00,e3f5d039-a49e-4b3b-ab4d-4efbef2068c6,e3f5d039-a49e-4b3b-ab4d-4efbef2068c6,12,3,1,9,0,1,1,1,1791419465
2026-10-08T00:32:00+00:00,2026-10-08T00:33:21.932440+00:00,2256120653476329202,2256120653476329202,13,1,0,2,0,1,1,1,1791419470
2026-10-08T00:32:00+00:00,2026-10-08T00:33:21.932440+00:00,f4a64c30-b97f-4ae5-b531-a11698b558d7,562,6,2,0,3,0,1,1,1,1791419470
2026-10-08T00:32:00+00:00,2026-10-08T00:33:21.932440+00:00,68323451-daf0-4532-a6cb-b070e3ef358f,68323451-daf0-4532-a6cb-b070e3ef358f,2,0,0,17,0,1,1,1,1791419471
2026-10-08T00:32:00+00:00,2026-10-08T00:33:21.932440+00:00,d81e16e2-a410-4a0b-b5ae-b72748fc9781,d81e16e2-a410-4a0b-b5ae-b72748fc9781,9,0,0,10,0,1,1,1,1791419470
2026-10-08T00:32:00+00:00,2026-10-08T00:33:21.932440+00:00,3f4f4ad4-a715-43d5-828f-f8381f26b66a,390,9,0,0,5,1,1,1,1,1791419471
2026-10-08T00:32:00+00:00,2026-10-08T00:33:21.932440+00:00,2111332861978124760,2111332861978124760,3,1,1,12,0,1,1,1,1791419471
2026-10-08T00:32:00+00:00,2026-10-08T00:33:21.932440+00:00,2124668538068359456,2124668538068359456,15,0,0,4,0,1,1,1,1791419471
2026-10-08T00:32:00+00:00,2026-10-08T00:33:21.932440+00:00,f834fda2-0de8-11e7-991c-3863bb43a7d0,143,6,0,0,17,0,1,1,1,1791419472
2026-10-08T00:32:00+00:00,2026-10-08T00:33:21.932440+00:00,2002247509585342522,2002247509585342522,7,1,0,4,0,1,1,1,1791419472
2026-10-08T00:32:00+00:00,2026-10-08T00:33:21.932440+00:00,f8352150-0de8-11e7-991c-3863bb43a7d0,196,1,1,0,9,0,1,1,1,1791419472
2026-10-08T00:32:00+00:00,2026-10-08T00:33:21.932440+00:00,2012646293885032702,2012646293885032702,20,0,0,4,0,1,1,1,1791419474
2026-10-08T00:32:00+00:00,2026-10-08T00:33:21.932440+00:00,8f51f8f1-ecb8-4cd3-8529-296a03140c51,8f51f8f1-ecb8-4cd3-8529-296a03140c51,8,3,0,11,0,1,1,1,1791419488
2026-10-08T00:32:00+00:00,2026-10-08T00:33:21.932440+00:00,609c2f06-310e-4134-8dd2-3d23aa41487b,609c2f06-310e-4134-8dd2-3d23aa41487b,19,3,1,2,0,1,1,1,1791419489
2026-10-08T00:32:00+00:00,2026-10-08T00:33:21.932440+00:00,f834fb66-0de8-11e7-991c-3863bb43a7d0,139,15,3,1,3,0,1,1,1,1791419485
2026-10-08T00:32:00+00:00,2026-10-08T00:33:21.932440+00:00,0cb6d635-6a7d-4d75-89b4-36b12616be12,432,10,6,0,9,0,1,1,1,1791419487
2026-10-08T00:32:00+00:00,2026-10-08T00:33:21.932440+00:00,3a6d94a7-9fee-41c5-b8cc-a8487c5e691b,549,23,0,0,0,0,1,1,1,1791419484
2026-10-08T00:32:00+00:00,2026-10-08T00:33:21.932440+00:00,a3b94ed8-8301-4ec6-baf2-64ac493b5106,529,2,1,0,12,0,1,1,1,1791419486
2026-10-08T00:32:00+00:00,2026-10-08T00:33:21.932440+00:00,f835141c-0de8-11e7-991c-3863bb43a7d0,178,13,0,3,3,0,1,1,1,1791419490
2026-10-08T00:32:00+00:00,2026-10-08T00:33:21.932440+00:00,a9bc314b-a3fd-46e5-a63b-f005258bba5f,a9bc314b-a3fd-46e5-a63b-f005258bba5f,5,0,0,12,1,1,1,1,1791419490
2026-10-08T00:32:00+00:00,2026-10-08T00:33:21.932440+00:00,f8351e42-0de8-11e7-991c-3863bb43a7d0,189,0,0,0,23,0,1,1,1,1791419490
2026-10-08T00:32:00+00:00,2026-10-08T00:33:21.932440+00:00,4764641e-b080-4c70-a1e1-049de81e09d0,273,26,4,3,12,0,1,1,1,1791419494
2026-10-08T00:32:00+00:00,2026-10-08T00:33:21.932440+00:00,25cc602a-152a-4abe-9df8-a131d0a5d94b,235,14,6,0,1,0,1,1,1,1791419494
2026-10-08T00:32:00+00:00,2026-10-08T00:33:21.932440+00:00,2171110977443594588,2171110977443594588,8,0,1,6,0,1,1,1,1791419494
2026-10-08T00:32:00+00:00,2026-10-08T00:33:21.932440+00:00,2071724371800490690,2071724371800490690,8,0,0,12,0,1,1,1,1791419490
2026-10-08T00:32:00+00:00,2026-10-08T00:33:21.932440+00:00,dd008e3c-ff17-4c82-abe0-502272a62425,558,2,2,1,13,0,1,1,1,1791419495
2026-10-08T00:32:00+00:00,2026-10-08T00:33:21.932440+00:00,2004828637786472956,2004828637786472956,10,3,0,9,0,1,1,1,1791419493
2026-10-08T00:32:00+00:00,2026-10-08T00:33:21.932440+00:00,a9d13461-7f0f-47b0-9a97-8ec9e9792865,533,16,1,1,2,0,1,1,1,1791419493
2026-10-08T00:32:00+00:00,2026-10-08T00:33:21.932440+00:00,b0b8e427-7203-4844-9c70-129e08a74452,347,13,4,1,0,0,1,1,1,1791419492
2026-10-08T00:32:00+00:00,2026-10-08T00:33:21.932440+00:00,66763558-7a03-48a9-8665-6b4445b81f48,458,14,7,0,1,0,1,1,1,1791419496
2026-10-08T00:32:00+00:00,2026-10-08T00:33:21.932440+00:00,2fded452-cbd0-4248-b008-f8a61ed9a85f,2fded452-cbd0-4248-b008-f8a61ed9a85f,1,0,0,14,0,1,1,1,1791419495
2026-10-08T00:32:00+00:00,2026-10-08T00:33:21.932440+00:00,1984021766354634770,1984021766354634770,8,0,0,11,0,1,1,1,1791419497
2026-10-08T00:32:00+00:00,2026-10-08T00:33:21.932440+00:00,af066ffd-b892-434f-8532-1982fc408780,480,6,0,0,5,0,1,1,1,1791419498
2026-10-08T00:32:00+00:00,2026-10-08T00:33:21.932440+00:00,f836bc28-36a7-4ca6-bba6-0d75333d84bb,538,13,0,1,5,0,1,1,1,1791419498
2026-10-08T00:32:00+00:00,2026-10-08T00:33:21.932440+00:00,1994461916590643872,1994461916590643872,10,2,1,0,0,1,1,1,1791419498
2026-10-08T00:32:00+00:00,2026-10-08T00:33:21.932440+00:00,f834ffc9-0de8-11e7-991c-3863bb43a7d0,146,19,3,0,0,0,1,1,1,1791419499
2026-10-08T00:32:00+00:00,2026-10-08T00:33:21.932440+00:00,f835027c-0de8-11e7-991c-3863bb43a7d0,152,8,0,0,19,0,1,1,1,1791419499
2026-10-08T00:32:00+00:00,2026-10-08T00:33:21.932440+00:00,2220822464984366036,2220822464984366036,5,2,0,7,0,1,1,1,1791419324
2026-10-08T00:32:00+00:00,2026-10-08T00:33:21.932440+00:00,f834f8ca-0de8-11e7-991c-3863bb43a7d0,137,17,10,0,2,0,1,1,1,1791419385
2026-10-08T00:32:00+00:00,2026-10-08T00:33:21.932440+00:00,f8351490-0de8-11e7-991c-3863bb43a7d0,179,11,0,3,38,1,1,1,1,1791419386
2026-10-08T00:32:00+00:00,2026-10-08T00:33:21.932440+00:00,fe534b6f-61ad-47d3-b9f6-cdaa128f53a4,395,4,0,2,9,0,1,1,1,1791419386
2026-10-08T00:32:00+00:00,2026-10-08T00:33:21.932440+00:00,f8352ac4-0de8-11e7-991c-3863bb43a7d0,213,5,0,3,6,0,1,1,1,1791419399
2026-10-08T00:32:00+00:00,2026-10-08T00:33:21.932440+00:00,d1c0b0c2-6e4c-424e-a946-a2a95a711633,422,4,0,0,11,0,1,1,1,1791419396
2026-10-08T00:32:00+00:00,2026-10-08T00:33:21.932440+00:00,f8349e56-0de8-11e7-991c-3863bb43a7d0,81,0,0,0,19,0,1,1,1,1791419398
2026-10-08T00:32:00+00:00,2026-10-08T00:33:21.932440+00:00,f8350a84-0de8-11e7-991c-3863bb43a7d0,157,2,0,1,12,0,1,1,1,1791419398
2026-10-08T00:32:00+00:00,2026-10-08T00:33:21.932440+00:00,f8346f6f-0de8-11e7-991c-3863bb43a7d0,19,8,1,1,5,0,1,1,1,1791419394
2026-10-08T00:32:00+00:00,2026-10-08T00:33:21.932440+00:00,1976642295079838524,1976642295079838524,8,0,1,2,0,1,1,1,1791419394
2026-10-08T00:32:00+00:00,2026-10-08T00:33:21.932440+00:00,e2c306f6-82c7-4d0d-89fd-c9452d2f9ad1,361,19,3,2,22,0,1,1,1,1791419390
2026-10-08T00:32:00+00:00,2026-10-08T00:33:21.932440+00:00,9e9be067-c6bb-41de-9491-eda69d24d6de,371,10,6,0,8,1,1,1,1,1791419392
2026-10-08T00:32:00+00:00,2026-10-08T00:33:21.932440+00:00,7df1ee28-441e-44c1-8507-8f58946be96b,239,5,0,0,10,0,1,1,1,1791419392
2026-10-08T00:32:00+00:00,2026-10-08T00:33:21.932440+00:00,f83471a1-0de8-11e7-991c-3863bb43a7d0,23,1,0,0,23,1,1,1,1,1791419402
2026-10-08T00:32:00+00:00,2026-10-08T00:33:21.932440+00:00,f83481c5-0de8-11e7-991c-3863bb43a7d0,42,4,0,0,26,0,1,1,1,1791419403
2026-10-08T00:32:00+00:00,2026-10-08T00:33:21.932440+00:00,8347c34d-68df-404b-ac58-7a387cc3ce4b,414,4,2,0,19,0,1,1,1,1791419401
2026-10-08T00:32:00+00:00,2026-10-08T00:33:21.932440+00:00,12141b77-6e5f-444b-bace-2abf16db4fee,12141b77-6e5f-444b-bace-2abf16db4fee,9,5,0,2,0,1,1,1,1791419415
2026-10-08T00:32:00+00:00,2026-10-08T00:33:21.932440+00:00,4c128753-6fde-4d4c-896e-a1adf89ada98,4c128753-6fde-4d4c-896e-a1adf89ada98,1,0,2,21,1,1,1,1,1791419412
2026-10-08T00:32:00+00:00,2026-10-08T00:33:21.932440+00:00,2014558273483754010,2014558273483754010,13,4,0,6,0,1,1,1,1791419410
2026-10-08T00:32:00+00:00,2026-10-08T00:33:21.932440+00:00,53548ba4-ad0a-4d92-8e57-fd5c9f3ad102,399,3,0,0,12,0,1,1,1,1791419410
2026-10-08T00:32:00+00:00,2026-10-08T00:33:21.932440+00:00,f834ec42-0de8-11e7-991c-3863bb43a7d0,131,14,0,1,3,0,1,1,1,1791419410
2026-10-08T00:32:00+00:00,2026-10-08T00:33:21.932440+00:00,2071630998981871920,2071630998981871920,12,4,1,7,0,1,1,1,1791419410
2026-10-08T00:32:00+00:00,2026-10-08T00:33:21.932440+00:00,f83515d8-0de8-11e7-991c-3863bb43a7d0,182,14,0,0,5,0,1,1,1,1791419380
2026-10-08T00:32:00+00:00,2026-10-08T00:33:21.932440+00:00,12d463d2-ce50-43bd-81b1-6be4dbdbbc1b,430,13,4,0,6,0,1,1,1,1791419382
2026-10-08T00:32:00+00:00,2026-10-08T00:33:21.932440+00:00,5f8ced09-665c-41e5-b67e-1e58fac21830,521,1,1,0,10,0,1,1,1,1791419409
2026-10-08T00:32:00+00:00,2026-10-08T00:33:21.932440+00:00,81bfc33b-30d8-4881-b261-712715a8b2bc,363,13,1,0,4,1,1,1,1,1791419417
2026-10-08T00:32:00+00:00,2026-10-08T00:33:21.932440+00:00,be18593a-9e4c-4a13-8bb2-a5bac3d9b2b3,547,11,3,0,7,0,1,1,1,1791419419
2026-10-08T00:32:00+00:00,2026-10-08T00:33:21.932440+00:00,6e340d8e-45db-4fd9-b6eb-b74ec73b0d3e,535,5,1,3,7,0,1,1,1,1791419415
2026-10-08T00:32:00+00:00,2026-10-08T00:33:21.932440+00:00,f834a7d1-0de8-11e7-991c-3863bb43a7d0,91,3,0,1,15,0,1,1,1,1791419425
2026-10-08T00:32:00+00:00,2026-10-08T00:33:21.932440+00:00,f834ab92-0de8-11e7-991c-3863bb43a7d0,95,14,0,0,1,0,1,1,1,1791419421
2026-10-08T00:32:00+00:00,2026-10-08T00:33:21.932440+00:00,1989983491501558234,1989983491501558234,1,0,0,10,0,1,1,1,1791419423
2026-10-08T00:32:00+00:00,2026-10-08T00:33:21.932440+00:00,f8350204-0de8-11e7-991c-3863bb43a7d0,151,0,0,0,19,0,1,1,1,1791419423
2026-10-08T00:32:00+00:00,2026-10-08T00:33:21.932440+00:00,2007420398783036020,2007420398783036020,6,0,0,14,0,1,1,1,1791419423
2026-10-08T00:32:00+00:00,2026-10-08T00:33:21.932440+00:00,9c8366d8-3b58-4894-b281-09e22f6fe5f7,464,11,4,0,0,0,1,1,1,1791419422
2026-10-08T00:32:00+00:00,2026-10-08T00:33:21.932440+00:00,2129865213174084448,2129865213174084448,12,4,0,7,0,1,1,1,1791419436
2026-10-08T00:32:00+00:00,2026-10-08T00:33:21.932440+00:00,2d32e355-faee-407b-9bb7-45d80ffb059a,2d32e355-faee-407b-9bb7-45d80ffb059a,0,0,0,19,0,1,1,1,1791419431
2026-10-08T00:32:00+00:00,2026-10-08T00:33:21.932440+00:00,f834ea45-0de8-11e7-991c-3863bb43a7d0,130,6,1,1,8,0,1,1,1,1791419426
2026-10-08T00:32:00+00:00,2026-10-08T00:33:21.932440+00:00,186accbb-6a08-4e1d-b267-9033c4443a56,401,9,1,0,6,0,1,1,1,1791419427
2026-10-08T00:32:00+00:00,2026-10-08T00:33:21.932440+00:00,5bbdd12f-fec4-4741-9d5d-4a60834c5d02,377,5,2,0,14,0,1,1,1,1791419428
2026-10-08T00:32:00+00:00,2026-10-08T00:33:21.932440+00:00,c5017e67-cada-4549-a52e-0f13dddd289d,424,4,2,0,15,0,1,1,1,1791419427
2026-10-08T00:32:00+00:00,2026-10-08T00:33:21.932440+00:00,f83480a9-0de8-11e7-991c-3863bb43a7d0,40,27,6,0,4,0,1,1,1,1791419429
2026-10-08T00:32:00+00:00,2026-10-08T00:33:21.932440+00:00,a75d3da1-ce74-447f-8e80-52506a81aff3,a75d3da1-ce74-447f-8e80-52506a81aff3,7,4,0,4,0,1,1,1,1791419439
2026-10-08T00:32:00+00:00,2026-10-08T00:33:21.932440+00:00,f834caf2-0de8-11e7-991c-3863bb43a7d0,114,7,1,0,8,0,1,1,1,1791419439
2026-10-08T00:32:00+00:00,2026-10-08T00:33:21.932440+00:00,228b8017-e4da-4722-9223-b8279a14b8ad,448,0,0,0,10,0,1,1,1,1791419436
2026-10-08T00:32:00+00:00,2026-10-08T00:33:21.932440+00:00,2271594282663217386,2271594282663217386,3,3,0,8,0,1,1,1,1791419436
2026-10-08T00:32:00+00:00,2026-10-08T00:33:21.932440+00:00,4f25f6ef-236b-43b4-8a92-68a24db0504b,4f25f6ef-236b-43b4-8a92-68a24db0504b,12,5,0,2,0,1,1,1,1791419444
2026-10-08T00:32:00+00:00,2026-10-08T00:33:21.932440+00:00,1676a6f7-c417-48d2-92e8-5ce21995efc3,374,0,0,0,18,0,1,1,1,1791419441
2026-10-08T00:32:00+00:00,2026-10-08T00:33:21.932440+00:00,f8351eb0-0de8-11e7-991c-3863bb43a7d0,190,33,4,0,4,0,1,1,1,1791419443
2026-10-08T00:32:00+00:00,2026-10-08T00:33:21.932440+00:00,13d4171b-6d93-490e-923f-f2a17d5c7613,13d4171b-6d93-490e-923f-f2a17d5c7613,3,1,0,8,0,1,1,1,1791419443
2026-10-08T00:32:00+00:00,2026-10-08T00:33:21.932440+00:00,eee3aab6-bd98-4d1f-8887-9c4e2adce482,eee3aab6-bd98-4d1f-8887-9c4e2adce482,10,4,1,0,0,1,1,1,1791419444
2026-10-08T00:32:00+00:00,2026-10-08T00:33:21.932440+00:00,bd1755dc-f26c-420e-85b3-fd025d0b5445,554,6,0,0,9,0,1,1,1,1791419443
2026-10-08T00:32:00+00:00,2026-10-08T00:33:21.932440+00:00,2002248857751890568,2002248857751890568,10,6,1,0,0,1,1,1,1791419449
2026-10-08T00:32:00+00:00,2026-10-08T00:33:21.932440+00:00,403c0f6c-d01a-4171-a7be-3aa4dbb0d7d1,407,3,2,2,13,0,1,1,1,1791419449
2026-10-08T00:32:00+00:00,2026-10-08T00:33:21.932440+00:00,f83483f3-0de8-11e7-991c-3863bb43a7d0,46,1,1,1,37,0,1,1,1,1791419449
2026-10-08T00:32:00+00:00,2026-10-08T00:33:21.932440+00:00,2151136782588526782,2151136782588526782,4,1,0,7,0,1,1,1,1791419446
2026-10-08T00:32:00+00:00,2026-10-08T00:33:21.932440+00:00,2098360140389493528,2098360140389493528,6,5,3,2,0,1,1,1,1791419447
2026-10-08T00:32:00+00:00,2026-10-08T00:33:21.932440+00:00,52485851-e554-49de-ab9f-f536806d2d34,52485851-e554-49de-ab9f-f536806d2d34,4,4,1,5,0,1,1,1,1791419447
2026-10-08T00:32:00+00:00,2026-10-08T00:33:21.932440+00:00,065e0e5d-8a0d-49b7-9c1f-c8eaba51a8b4,490,12,4,1,5,0,1,1,1,1791419447
2026-10-08T00:32:00+00:00,2026-10-08T00:33:21.932440+00:00,f83520d8-0de8-11e7-991c-3863bb43a7d0,195,4,0,0,19,0,1,1,1,1791419448
2026-10-08T00:32:00+00:00,2026-10-08T00:33:21.932440+00:00,9cc65d3d-cfcc-45ff-8f75-7264556b1cf9,9cc65d3d-cfcc-45ff-8f75-7264556b1cf9,10,3,0,9,0,1,1,1,1791419447
2026-10-08T00:32:00+00:00,2026-10-08T00:33:21.932440+00:00,c1789d39-705f-4c03-9c14-4d6a3a4f4400,561,5,0,0,14,0,1,1,1,1791419447
2026-10-08T00:32:00+00:00,2026-10-08T00:33:21.932440+00:00,2245672241002318634,2245672241002318634,8,0,1,9,0,1,1,1,1791419448
2026-10-08T00:32:00+00:00,2026-10-08T00:33:21.932440+00:00,2212663228188806942,2212663228188806942,10,1,0,14,0,1,1,1,1791419449
2026-10-08T00:32:00+00:00,2026-10-08T00:33:21.932440+00:00,2002579415401984808,2002579415401984808,6,2,0,5,0,1,1,1,1791419449
2026-10-08T00:32:00+00:00,2026-10-08T00:33:21.932440+00:00,0daf7408-7a15-4d2b-8c39-f1a097cdbe85,403,14,3,0,1,0,1,1,1,1791419450
2026-10-08T00:32:00+00:00,2026-10-08T00:33:21.932440+00:00,ad2fb6f2-921f-440c-83de-08be76e35c2a,468,2,0,1,11,0,1,1,1,1791419451
2026-10-08T00:32:00+00:00,2026-10-08T00:33:21.932440+00:00,f8352378-0de8-11e7-991c-3863bb43a7d0,200,7,0,0,12,0,1,1,1,1791419451
2026-10-08T00:32:00+00:00,2026-10-08T00:33:21.932440+00:00,fe6a64e7-c712-404c-85ae-ee77a37245b1,355,6,1,1,10,0,1,1,1,1791419452
2026-10-08T00:32:00+00:00,2026-10-08T00:33:21.932440+00:00,e32c0bb9-e85b-4764-b0fb-5c582cfd3a90,340,14,8,1,2,1,1,1,1,1791419452
2026-10-08T00:32:00+00:00,2026-10-08T00:33:21.932440+00:00,f835260c-0de8-11e7-991c-3863bb43a7d0,206,4,0,0,36,0,1,1,1,1791419459
2026-10-08T00:32:00+00:00,2026-10-08T00:33:21.932440+00:00,eb8824c3-9c84-4fec-8d6f-d537c8ab3beb,349,13,10,0,3,1,1,1,1,1791419459
2026-10-08T00:32:00+00:00,2026-10-08T00:33:21.932440+00:00,a83f982f-a4f1-43e4-98e8-c8f4a0bb7290,452,14,1,1,0,0,1,1,1,1791419458
2026-10-08T00:32:00+00:00,2026-10-08T00:33:21.932440+00:00,1978882443666915710,1978882443666915710,5,0,0,12,1,1,1,1,1791419459
2026-10-08T00:32:00+00:00,2026-10-08T00:33:21.932440+00:00,a3bf0bfe-198b-4160-a2fb-cc7d10cfb4cf,a3bf0bfe-198b-4160-a2fb-cc7d10cfb4cf,18,6,0,1,0,1,1,1,1791419458
2026-10-08T00:32:00+00:00,2026-10-08T00:33:21.932440+00:00,f8351726-0de8-11e7-991c-3863bb43a7d0,185,0,0,1,14,0,1,1,1,1791419455
2026-10-08T00:32:00+00:00,2026-10-08T00:33:21.932440+00:00,f834658f-0de8-11e7-991c-3863bb43a7d0,4,16,0,0,3,0,1,1,1,1791419456
2026-10-08T00:32:00+00:00,2026-10-08T00:33:21.932440+00:00,2267959380696438832,2267959380696438832,7,0,0,4,0,1,1,1,1791419466
2026-10-08T00:32:00+00:00,2026-10-08T00:33:21.932440+00:00,4fe8e777-345b-4fc2-a684-dd874e8186d8,4fe8e777-345b-4fc2-a684-dd874e8186d8,7,4,1,7,0,1,1,1,1791419462
2026-10-08T00:32:00+00:00,2026-10-08T00:33:21.932440+00:00,ca76adb6-4c84-4484-9ec3-b411b81ddbef,ca76adb6-4c84-4484-9ec3-b411b81ddbef,4,0,2,13,0,1,1,1,1791419467
2026-10-08T00:32:00+00:00,2026-10-08T00:33:21.932440+00:00,f834dedf-0de8-11e7-991c-3863bb43a7d0,124,7,3,1,6,0,1,1,1,1791419470
2026-10-08T00:32:00+00:00,2026-10-08T00:33:21.932440+00:00,c23a4c0d-7e43-4042-80e2-7c894d07763b,559,5,1,0,6,0,1,1,1,1791419471
2026-10-08T00:32:00+00:00,2026-10-08T00:33:21.932440+00:00,f835108b-0de8-11e7-991c-3863bb43a7d0,170,1,0,0,13,0,1,1,1,1791419469
2026-10-08T00:32:00+00:00,2026-10-08T00:33:21.932440+00:00,f834fede-0de8-11e7-991c-3863bb43a7d0,144,6,0,0,14,0,1,1,1,1791419471
2026-10-08T00:32:00+00:00,2026-10-08T00:33:21.932440+00:00,9340e113-e0b2-48ac-b58a-8b6f001b0a94,486,4,1,0,7,0,1,1,1,1791419472
2026-10-08T00:32:00+00:00,2026-10-08T00:33:21.932440+00:00,2076849845777355316,2076849845777355316,25,0,2,2,3,1,1,1,1791419468
2026-10-08T00:32:00+00:00,2026-10-08T00:33:21.932440+00:00,f0f01d4c-ba4a-4ab2-9cc0-9fa1f9223300,394,4,1,0,10,0,1,1,1,1791419472
2026-10-08T00:32:00+00:00,2026-10-08T00:33:21.932440+00:00,f8352068-0de8-11e7-991c-3863bb43a7d0,194,9,1,0,10,0,1,1,1,1791419473
2026-10-08T00:32:00+00:00,2026-10-08T00:33:21.932440+00:00,1a39ab83-f029-4134-aad4-35380b30bf2c,1a39ab83-f029-4134-aad4-35380b30bf2c,2,0,0,17,0,1,1,1,1791419473
2026-10-08T00:32:00+00:00,2026-10-08T00:33:21.932440+00:00,2104f242-2dde-4ec0-8197-4454b1021ac1,381,20,2,0,3,1,1,1,1,1791419476
2026-10-08T00:32:00+00:00,2026-10-08T00:33:21.932440+00:00,f714390d-6874-43fa-a079-a07f83c79c7b,f714390d-6874-43fa-a079-a07f83c79c7b,6,0,0,5,0,1,1,1,1791419471
2026-10-08T00:32:00+00:00,2026-10-08T00:33:21.932440+00:00,f834fc57-0de8-11e7-991c-3863bb43a7d0,140,15,3,0,2,0,1,1,1,1791419484
2026-10-08T00:32:00+00:00,2026-10-08T00:33:21.932440+00:00,2040842277416872172,2040842277416872172,1,0,0,15,0,1,1,1,1791419484
2026-10-08T00:32:00+00:00,2026-10-08T00:33:21.932440+00:00,74cb9bf6-bb53-4c70-88d2-67998b99628c,296,23,10,0,1,0,1,1,1,1791419484
2026-10-08T00:32:00+00:00,2026-10-08T00:33:21.932440+00:00,ed6c012e-6d6c-41e7-8e01-90749fd67575,546,8,7,0,8,0,1,1,1,1791419474
2026-10-08T00:32:00+00:00,2026-10-08T00:33:21.932440+00:00,2118368356250680236,2118368356250680236,1,0,0,15,0,1,1,1,1791419482
2026-10-08T00:32:00+00:00,2026-10-08T00:33:21.932440+00:00,aa556ad4-0092-4687-96c2-8dbc69addb56,485,2,1,2,7,0,1,1,1,1791419482
2026-10-08T00:32:00+00:00,2026-10-08T00:33:21.932440+00:00,2212258635631104970,2212258635631104970,3,1,0,20,0,1,1,1,1791419482
2026-10-08T00:32:00+00:00,2026-10-08T00:33:21.932440+00:00,f834a838-0de8-11e7-991c-3863bb43a7d0,92,15,0,0,3,0,1,1,1,1791419486
2026-10-08T00:32:00+00:00,2026-10-08T00:33:21.932440+00:00,47c44bb1-d065-41f5-ad79-c18aee60af34,342,5,1,0,10,0,1,1,1,1791419484
2026-10-08T00:32:00+00:00,2026-10-08T00:33:21.932440+00:00,f8285d4f-5053-4e26-bb28-72016fe11353,405,12,0,1,6,0,1,1,1,1791419497
2026-10-08T00:32:00+00:00,2026-10-08T00:33:21.932440+00:00,00802fe6-4268-4dc8-8f55-0dbbc1665ce6,515,6,0,0,13,0,1,1,1,1791419496
2026-10-08T00:32:00+00:00,2026-10-08T00:33:21.932440+00:00,f834a3a0-0de8-11e7-991c-3863bb43a7d0,87,14,4,0,1,0,1,1,1,1791419496
2026-10-08T00:32:00+00:00,2026-10-08T00:33:21.932440+00:00,2096125468116637776,2096125468116637776,15,0,0,0,0,1,1,1,1791419493
2026-10-08T00:32:00+00:00,2026-10-08T00:33:21.932440+00:00,2038981933682610536,2038981933682610536,8,3,0,8,0,1,1,1,1791419492
2026-10-08T00:32:00+00:00,2026-10-08T00:33:21.932440+00:00,f834824e-0de8-11e7-991c-3863bb43a7d0,43,0,0,0,15,0,1,1,1,1791419495
2026-10-08T00:32:00+00:00,2026-10-08T00:33:21.932440+00:00,9f582e05-15e0-4a39-aef5-c719e0c78e26,466,2,1,2,7,0,1,1,1,1791419494
2026-10-08T00:32:00+00:00,2026-10-08T00:33:21.932440+00:00,2123672938202825324,2123672938202825324,10,0,0,5,0,1,1,1,1791419494
2026-10-08T00:32:00+00:00,2026-10-08T00:33:21.932440+00:00,42886366-9cbf-432c-ba84-beef38877c87,408,14,4,1,0,0,1,1,1,1791419494
2026-10-08T00:32:00+00:00,2026-10-08T00:33:21.932440+00:00,81676204-e42f-4d3d-991e-9c1264f36229,357,15,1,0,0,0,1,1,1,1791419494
2026-10-08T00:32:00+00:00,2026-10-08T00:33:21.932440+00:00,f8348a68-0de8-11e7-991c-3863bb43a7d0,60,3,0,0,15,0,1,1,1,1791419475
2026-10-08T00:32:00+00:00,2026-10-08T00:33:21.932440+00:00,7c860828-3359-4229-b59b-963f5a4bab00,236,9,0,3,0,0,1,1,1,1791419480
2026-10-08T00:32:00+00:00,2026-10-08T00:33:21.932440+00:00,f83512c9-0de8-11e7-991c-3863bb43a7d0,175,11,5,1,5,0,1,1,1,1791419477
2026-10-08T00:32:00+00:00,2026-10-08T00:33:21.932440+00:00,bd3d4824-7203-4edc-a314-cea2b413e886,319,9,1,0,17,1,1,1,1,1791419479
2026-10-08T00:32:00+00:00,2026-10-08T00:33:21.932440+00:00,1942556871369959976,1942556871369959976,13,5,0,6,0,1,1,1,1791419481
2026-10-08T00:32:00+00:00,2026-10-08T00:33:21.932440+00:00,0b0467c1-0c90-4529-a556-fe4d57835bbb,435,13,11,0,1,1,1,1,1,1791419487
2026-10-08T00:32:00+00:00,2026-10-08T00:33:21.932440+00:00,2131760674371160748,2131760674371160748,2,0,1,17,0,1,1,1,1791419488
2026-10-08T00:32:00+00:00,2026-10-08T00:33:21.932440+00:00,f834ba08-0de8-11e7-991c-3863bb43a7d0,108,1,0,0,15,0,1,1,1,1791419490
2026-10-08T00:32:00+00:00,2026-10-08T00:33:21.932440+00:00,7feae3ce-ddf2-4a45-a123-1209c8a9182b,484,2,0,0,9,0,1,1,1,1791419491
2026-10-08T00:32:00+00:00,2026-10-08T00:33:21.932440+00:00,2035660824473983142,2035660824473983142,7,0,0,11,1,1,1,1,1791419490
2026-10-08T00:32:00+00:00,2026-10-08T00:33:21.932440+00:00,2249419943962214726,2249419943962214726,6,1,0,13,0,1,1,1,1791419487
2026-10-08T00:32:00+00:00,2026-10-08T00:33:21.932440+00:00,2109111257926871498,2109111257926871498,15,3,0,4,0,1,1,1,1791419487
2026-10-08T00:32:00+00:00,2026-10-08T00:33:21.932440+00:00,2093488029445054742,2093488029445054742,0,0,0,28,0,1,1,1,1791419485
2026-10-08T00:32:00+00:00,2026-10-08T00:33:21.932440+00:00,f8351dc2-0de8-11e7-991c-3863bb43a7d0,188,10,3,0,5,0,1,1,1,1791419487
2026-10-08T00:32:00+00:00,2026-10-08T00:33:21.932440+00:00,2130224177726511580,2130224177726511580,7,0,0,8,0,1,1,1,1791419485
2026-10-08T00:32:00+00:00,2026-10-08T00:33:21.932440+00:00,f8347b1e-0de8-11e7-991c-3863bb43a7d0,30,0,0,0,15,0,1,1,1,1791419487
2026-10-08T00:32:00+00:00,2026-10-08T00:33:21.932440+00:00,1921360868231155718,1921360868231155718,1,0,1,17,0,1,1,1,1791419486
2026-10-08T00:32:00+00:00,2026-10-08T00:33:21.932440+00:00,f8349ed6-0de8-11e7-991c-3863bb43a7d0,82,16,4,1,8,0,1,1,1,1791419487
2026-10-08T00:32:00+00:00,2026-10-08T00:33:21.932440+00:00,f83529e2-0de8-11e7-991c-3863bb43a7d0,211,9,1,1,5,0,1,1,1,1791419491
2026-10-08T00:32:00+00:00,2026-10-08T00:33:21.932440+00:00,93381e13-cd04-4e10-ac81-9f5926aa01d5,333,7,1,1,17,0,1,1,1,1791419492
2026-10-08T00:32:00+00:00,2026-10-08T00:33:21.932440+00:00,c202f2ca-ec1d-4dc5-a734-e0a342f23ba4,279,22,5,1,0,0,1,1,1,1791419492
2026-10-08T00:32:00+00:00,2026-10-08T00:33:21.932440+00:00,f834b99d-0de8-11e7-991c-3863bb43a7d0,107,0,0,1,18,0,1,1,1,1791419491
2026-10-08T00:32:00+00:00,2026-10-08T00:33:21.932440+00:00,f83489ff-0de8-11e7-991c-3863bb43a7d0,59,2,0,0,16,1,1,1,1,1791419488
2026-10-08T00:32:00+00:00,2026-10-08T00:33:21.932440+00:00,2254164250455119196,2254164250455119196,6,6,0,9,0,1,1,1,1791419497
2026-10-08T00:32:00+00:00,2026-10-08T00:33:21.932440+00:00,2225590560002383786,2225590560002383786,0,0,0,15,0,1,1,1,1791419497
2026-10-08T00:32:00+00:00,2026-10-08T00:33:21.932440+00:00,f834dc46-0de8-11e7-991c-3863bb43a7d0,122,13,3,0,2,0,1,1,1,1791419498
2026-10-08T00:32:00+00:00,2026-10-08T00:33:21.932440+00:00,1df03e33-c105-4e53-b013-d20056cd57f8,1df03e33-c105-4e53-b013-d20056cd57f8,0,0,0,0,0,0,0,0,86400
2026-10-08T00:32:00+00:00,2026-10-08T00:33:21.932440+00:00,2227858849424910006,2227858849424910006,8,0,0,0,0,1,1,1,1791419350
2026-10-08T00:32:00+00:00,2026-10-08T00:33:21.932440+00:00,2087949096844032050,2087949096844032050,14,3,1,0,0,1,1,1,1791419364
2026-10-08T00:32:00+00:00,2026-10-08T00:33:21.932440+00:00,f8347c41-0de8-11e7-991c-3863bb43a7d0,32,0,0,0,14,0,1,1,1,1791419397
2026-10-08T00:32:00+00:00,2026-10-08T00:33:21.932440+00:00,1cced911-b428-4cfd-81be-3a8f77ce7379,233,9,1,1,5,0,1,1,1,1791419396
2026-10-08T00:32:00+00:00,2026-10-08T00:33:21.932440+00:00,a6e0db4f-fc9b-42af-bfe0-36cc0259b717,446,1,0,1,14,0,1,1,1,1791419397
2026-10-08T00:32:00+00:00,2026-10-08T00:33:21.932440+00:00,8983c75a-12c1-4995-aedc-24c94bd895e3,384,2,0,0,17,0,1,1,1,1791419397
2026-10-08T00:32:00+00:00,2026-10-08T00:33:21.932440+00:00,380de8b2-2728-4e4b-83f1-251bfbb5acf2,487,10,3,0,9,0,1,1,1,1791419395
2026-10-08T00:32:00+00:00,2026-10-08T00:33:21.932440+00:00,868ccc83-99e5-4faf-96eb-e1fae26b9741,481,5,1,0,14,0,1,1,1,1791419395
2026-10-08T00:32:00+00:00,2026-10-08T00:33:21.932440+00:00,f83513a7-0de8-11e7-991c-3863bb43a7d0,177,5,0,0,14,0,1,1,1,1791419396
2026-10-08T00:32:00+00:00,2026-10-08T00:33:21.932440+00:00,f8352ba8-0de8-11e7-991c-3863bb43a7d0,215,1,0,0,14,0,1,1,1,1791419407
2026-10-08T00:32:00+00:00,2026-10-08T00:33:21.932440+00:00,2085737662370069102,2085737662370069102,17,5,0,1,1,1,1,1,1791419406
2026-10-08T00:32:00+00:00,2026-10-08T00:33:21.932440+00:00,f834723b-0de8-11e7-991c-3863bb43a7d0,24,0,0,1,22,0,1,1,1,1791419407
2026-10-08T00:32:00+00:00,2026-10-08T00:33:21.932440+00:00,2118728866631796788,2118728866631796788,4,0,0,11,0,1,1,1,1791419405
2026-10-08T00:32:00+00:00,2026-10-08T00:33:21.932440+00:00,61168d8b-20b7-46c8-8f08-6ae1f100c4e0,550,2,1,0,15,0,1,1,1,1791419405
2026-10-08T00:32:00+00:00,2026-10-08T00:33:21.932440+00:00,ef6ef93b-488f-496b-afbf-3aedfd967129,517,3,2,0,12,0,1,1,1,1791419403
2026-10-08T00:32:00+00:00,2026-10-08T00:33:21.932440+00:00,1e1b40cd-8e00-4b74-b147-be6b23f5c9e7,385,4,0,0,11,0,1,1,1,1791419404
2026-10-08T00:32:00+00:00,2026-10-08T00:33:21.932440+00:00,f8352b39-0de8-11e7-991c-3863bb43a7d0,214,4,1,1,8,1,1,1,1,1791419410
2026-10-08T00:32:00+00:00,2026-10-08T00:33:21.932440+00:00,51bb4381-dae4-4aeb-b213-0614b807be29,344,0,0,0,19,0,1,1,1,1791419412
2026-10-08T00:32:00+00:00,2026-10-08T00:33:21.932440+00:00,2141791438824588162,2141791438824588162,12,0,0,7,0,1,1,1,1791419413
2026-10-08T00:32:00+00:00,2026-10-08T00:33:21.932440+00:00,f834708e-0de8-11e7-991c-3863bb43a7d0,21,0,0,1,17,0,1,1,1,1791419412
2026-10-08T00:32:00+00:00,2026-10-08T00:33:21.932440+00:00,56817d8e-3a1c-431a-a529-1a600f80c364,366,13,1,0,14,0,1,1,1,1791419412
2026-10-08T00:32:00+00:00,2026-10-08T00:33:21.932440+00:00,9bfa4a32-5598-46ea-a1a1-17b4c6ed9d84,431,10,2,0,5,0,1,1,1,1791419384
2026-10-08T00:32:00+00:00,2026-10-08T00:33:21.932440+00:00,f2b83aa2-86cd-4904-a099-74bf2023f768,330,11,1,0,4,0,1,1,1,1791419383
2026-10-08T00:32:00+00:00,2026-10-08T00:33:21.932440+00:00,2043911250700610106,2043911250700610106,0,0,0,15,0,1,1,1,1791419386
2026-10-08T00:32:00+00:00,2026-10-08T00:33:21.932440+00:00,e4678b17-face-42c3-9b5f-98418d31e3b6,e4678b17-face-42c3-9b5f-98418d31e3b6,11,3,0,0,0,1,1,1,1791419385
2026-10-08T00:32:00+00:00,2026-10-08T00:33:21.932440+00:00,f835288a-0de8-11e7-991c-3863bb43a7d0,208,15,1,0,0,0,1,1,1,1791419386
2026-10-08T00:32:00+00:00,2026-10-08T00:33:21.932440+00:00,aa964f5b-fadf-4fc1-8c91-84ee36e15f0d,341,15,0,0,0,0,1,1,1,1791419377
2026-10-08T00:32:00+00:00,2026-10-08T00:33:21.932440+00:00,b205d2bb-bb76-49ac-8d14-85eec5a874d3,343,8,2,1,6,0,1,1,1,1791419380
2026-10-08T00:32:00+00:00,2026-10-08T00:33:21.932440+00:00,1986302395589722758,1986302395589722758,6,0,0,4,0,1,1,1,1791419386
2026-10-08T00:32:00+00:00,2026-10-08T00:33:21.932440+00:00,6aebc664-1e3c-479f-8f65-2bae99215ed3,6aebc664-1e3c-479f-8f65-2bae99215ed3,6,4,0,5,0,1,1,1,1791419391
2026-10-08T00:32:00+00:00,2026-10-08T00:33:21.932440+00:00,2249415127458891992,2249415127458891992,13,0,0,2,0,1,1,1,1791419391
2026-10-08T00:32:00+00:00,2026-10-08T00:33:21.932440+00:00,d22265a8-a6d7-4922-a6b5-4be738a9e5c4,392,4,1,0,11,0,1,1,1,1791419400
2026-10-08T00:32:00+00:00,2026-10-08T00:33:21.932440+00:00,d5349097-b478-4b3f-9c46-d8fbcf38e3f4,509,9,2,0,3,0,1,1,1,1791419400
2026-10-08T00:32:00+00:00,2026-10-08T00:33:21.932440+00:00,1994466222105870452,1994466222105870452,6,3,2,3,0,1,1,1,1791419418
2026-10-08T00:32:00+00:00,2026-10-08T00:33:21.932440+00:00,f8347f09-0de8-11e7-991c-3863bb43a7d0,37,2,0,0,13,0,1,1,1,1791419419
2026-10-08T00:32:00+00:00,2026-10-08T00:33:21.932440+00:00,f834c7a9-0de8-11e7-991c-3863bb43a7d0,112,6,3,0,9,0,1,1,1,1791419418
2026-10-08T00:32:00+00:00,2026-10-08T00:33:21.932440+00:00,2027502297316997708,2027502297316997708,10,3,0,1,0,1,1,1,1791419425
2026-10-08T00:32:00+00:00,2026-10-08T00:33:21.932440+00:00,2039109354743046934,2039109354743046934,8,0,2,9,1,1,1,1,1791419426
2026-10-08T00:32:00+00:00,2026-10-08T00:33:21.932440+00:00,2119105928286481344,2119105928286481344,7,1,0,12,0,1,1,1,1791419427
2026-10-08T00:32:00+00:00,2026-10-08T00:33:21.932440+00:00,270ad97d-035d-472a-9827-76d3187afc56,402,14,4,0,1,0,1,1,1,1791419427
2026-10-08T00:32:00+00:00,2026-10-08T00:33:21.932440+00:00,f83488be-0de8-11e7-991c-3863bb43a7d0,56,4,2,1,13,0,1,1,1,1791419425
2026-10-08T00:32:00+00:00,2026-10-08T00:33:21.932440+00:00,7f68a70d-af0e-450a-b7a8-ce621cd0c8c1,280,13,4,0,6,0,1,1,1,1791419424
2026-10-08T00:32:00+00:00,2026-10-08T00:33:21.932440+00:00,2090158541932726550,2090158541932726550,6,1,0,9,0,1,1,1,1791419424
2026-10-08T00:32:00+00:00,2026-10-08T00:33:21.932440+00:00,ccf82572-a142-4378-9a4b-5a51fcb4ef81,350,5,1,0,12,0,1,1,1,1791419430
2026-10-08T00:32:00+00:00,2026-10-08T00:33:21.932440+00:00,25a9114f-66f0-427c-920f-5526ca84f056,346,6,2,0,9,0,1,1,1,1791419429
2026-10-08T00:32:00+00:00,2026-10-08T00:33:21.932440+00:00,f8348622-0de8-11e7-991c-3863bb43a7d0,50,2,1,0,17,0,1,1,1,1791419430
2026-10-08T00:32:00+00:00,2026-10-08T00:33:21.932440+00:00,2085366936904166272,2085366936904166272,8,0,2,5,0,1,1,1,1791419428
2026-10-08T00:32:00+00:00,2026-10-08T00:33:21.932440+00:00,f8350ecf-0de8-11e7-991c-3863bb43a7d0,167,10,5,0,5,0,1,1,1,1791419428
2026-10-08T00:32:00+00:00,2026-10-08T00:33:21.932440+00:00,68e5e79a-3c94-4848-b619-9c0829d7f687,475,13,1,1,1,0,1,1,1,1791419431
2026-10-08T00:32:00+00:00,2026-10-08T00:33:21.932440+00:00,f834a8a0-0de8-11e7-991c-3863bb43a7d0,93,11,0,1,19,0,1,1,1,1791419432
2026-10-08T00:32:00+00:00,2026-10-08T00:33:21.932440+00:00,48abed77-c9ba-4a39-8a5c-6a1e9bb8a9a5,48abed77-c9ba-4a39-8a5c-6a1e9bb8a9a5,13,3,1,2,0,1,1,1,1791419433
2026-10-08T00:32:00+00:00,2026-10-08T00:33:21.932440+00:00,f8350b76-0de8-11e7-991c-3863bb43a7d0,159,2,2,2,15,1,1,1,1,1791419439
2026-10-08T00:32:00+00:00,2026-10-08T00:33:21.932440+00:00,f834a959-0de8-11e7-991c-3863bb43a7d0,94,7,6,0,3,0,1,1,1,1791419440
2026-10-08T00:32:00+00:00,2026-10-08T00:33:21.932440+00:00,b34694c2-c640-4f70-b196-1c357ab798e0,b34694c2-c640-4f70-b196-1c357ab798e0,12,4,0,3,0,1,1,1,1791419444
2026-10-08T00:32:00+00:00,2026-10-08T00:33:21.932440+00:00,2270454512964591136,2270454512964591136,2,0,0,17,0,1,1,1,1791419445
2026-10-08T00:32:00+00:00,2026-10-08T00:33:21.932440+00:00,baab0b05-a028-4147-8432-a2726c7e48ea,328,0,0,10,0,0,1,0,0,1791419441
2026-10-08T00:32:00+00:00,2026-10-08T00:33:21.932440+00:00,57716f8d-c9ee-4768-8872-71343ec3ffd8,514,5,1,2,12,0,1,1,1,1791419442
2026-10-08T00:32:00+00:00,2026-10-08T00:33:21.932440+00:00,36f36eed-1070-49be-8b31-5676b8b3489f,227,3,0,0,16,0,1,1,1,1791419459
2026-10-08T00:32:00+00:00,2026-10-08T00:33:21.932440+00:00,ff938129-8179-455c-9ac9-9fcb9fc0b6d5,ff938129-8179-455c-9ac9-9fcb9fc0b6d5,8,3,0,11,0,1,1,1,1791419457
2026-10-08T00:32:00+00:00,2026-10-08T00:33:21.932440+00:00,90330e1a-dee5-4914-9d3f-3891aeca12ca,434,11,2,1,7,0,1,1,1,1791419463
2026-10-08T00:32:00+00:00,2026-10-08T00:33:21.932440+00:00,295553ea-851b-4ac2-a094-f9d1208e399a,412,9,0,0,10,0,1,1,1,1791419462
2026-10-08T00:32:00+00:00,2026-10-08T00:33:21.932440+00:00,fe90d430-d33f-48b2-a5cd-bc161b220939,553,0,0,0,23,0,1,1,1,1791419458
2026-10-08T00:32:00+00:00,2026-10-08T00:33:21.932440+00:00,d8ce5f8b-2440-45e1-ab1c-23cb3bcbde84,527,5,2,0,8,0,1,1,1,1791419459
2026-10-08T00:32:00+00:00,2026-10-08T00:33:21.932440+00:00,f834f6a3-0de8-11e7-991c-3863bb43a7d0,135,0,0,0,17,0,1,1,1,1791419460
2026-10-08T00:32:00+00:00,2026-10-08T00:33:21.932440+00:00,f834cfd8-0de8-11e7-991c-3863bb43a7d0,117,0,0,4,11,1,1,1,1,1791419461
2026-10-08T00:32:00+00:00,2026-10-08T00:33:21.932440+00:00,f83491d4-0de8-11e7-991c-3863bb43a7d0,64,0,0,1,22,0,1,1,1,1791419465
2026-10-08T00:32:00+00:00,2026-10-08T00:33:21.932440+00:00,2110984374959099994,2110984374959099994,6,1,0,14,0,1,1,1,1791419468
2026-10-08T00:32:00+00:00,2026-10-08T00:33:21.932440+00:00,2080205593583047424,2080205593583047424,12,0,0,4,0,1,1,1,1791419410
2026-10-08T00:32:00+00:00,2026-10-08T00:33:21.932440+00:00,b6a8522d-296d-4c05-887d-842374520780,545,10,10,0,3,1,1,1,1,1791419466
2026-10-08T00:32:00+00:00,2026-10-08T00:33:21.932440+00:00,d7507124-4cab-4063-8445-a59a33a3d6e4,512,7,2,1,11,0,1,1,1,1791419467
2026-10-08T00:32:00+00:00,2026-10-08T00:33:21.932440+00:00,f834abfd-0de8-11e7-991c-3863bb43a7d0,96,11,1,3,5,0,1,1,1,1791419467
2026-10-08T00:32:00+00:00,2026-10-08T00:33:21.932440+00:00,df03c61a-29d7-445d-9980-d7f058916591,345,2,0,0,17,0,1,1,1,1791419465
2026-10-08T00:32:00+00:00,2026-10-08T00:33:21.932440+00:00,f8347e78-0de8-11e7-991c-3863bb43a7d0,36,13,0,3,15,0,1,1,1,1791419478
2026-10-08T00:32:00+00:00,2026-10-08T00:33:21.932440+00:00,8d893519-bc21-4536-b346-f558988bc8ad,260,11,2,0,4,0,1,1,1,1791419476
2026-10-08T00:32:00+00:00,2026-10-08T00:33:21.932440+00:00,903b9b5d-4244-43e4-8441-0d17f9a994f7,528,1,0,0,10,0,1,1,1,1791419477
2026-10-08T00:32:00+00:00,2026-10-08T00:33:21.932440+00:00,f83511d4-0de8-11e7-991c-3863bb43a7d0,173,8,0,0,5,1,1,1,1,1791419479
2026-10-08T00:32:00+00:00,2026-10-08T00:33:21.932440+00:00,888780ee-bf2f-474e-9622-6bc725aa1b00,888780ee-bf2f-474e-9622-6bc725aa1b00,5,0,0,6,0,1,1,1,1791419478
2026-10-08T00:32:00+00:00,2026-10-08T00:33:21.932440+00:00,f8346ad7-0de8-11e7-991c-3863bb43a7d0,11,3,1,0,13,0,1,1,1,1791419475
2026-10-08T00:32:00+00:00,2026-10-08T00:33:21.932440+00:00,23146f28-9762-4a6d-a6db-fcd4ff0e5d07,356,13,1,0,10,0,1,1,1,1791419445
2026-10-08T00:32:00+00:00,2026-10-08T00:33:21.932440+00:00,0208190e-851c-417d-8bc7-1b218db97fbf,0208190e-851c-417d-8bc7-1b218db97fbf,0,0,0,23,0,1,1,1,1791419448
2026-10-08T00:32:00+00:00,2026-10-08T00:33:21.932440+00:00,9721c80e-fc8f-474f-8918-b68c041d2836,9721c80e-fc8f-474f-8918-b68c041d2836,9,2,2,12,0,1,1,1,1791419450
2026-10-08T00:32:00+00:00,2026-10-08T00:33:21.932440+00:00,2259733531216984776,2259733531216984776,5,3,0,10,0,1,1,1,1791419454
2026-10-08T00:32:00+00:00,2026-10-08T00:33:21.932440+00:00,f83492b4-0de8-11e7-991c-3863bb43a7d0,66,14,4,0,1,0,1,1,1,1791419454
2026-10-08T00:32:00+00:00,2026-10-08T00:33:21.932440+00:00,f8349440-0de8-11e7-991c-3863bb43a7d0,68,0,0,1,17,0,1,1,1,1791419449
2026-10-08T00:32:00+00:00,2026-10-08T00:33:21.932440+00:00,7e1dae55-4d3d-4a41-b969-2aeca70e0e69,7e1dae55-4d3d-4a41-b969-2aeca70e0e69,3,0,1,7,0,1,1,1,1791419450
2026-10-08T00:32:00+00:00,2026-10-08T00:33:21.932440+00:00,c5cfd1ed-aa44-4e20-96bb-e334c96f0d68,376,9,0,0,6,0,1,1,1,1791419451
2026-10-08T00:32:00+00:00,2026-10-08T00:33:21.932440+00:00,f8346b6f-0de8-11e7-991c-3863bb43a7d0,12,1,0,0,26,0,1,1,1,1791419450
2026-10-08T00:32:00+00:00,2026-10-08T00:33:21.932440+00:00,2069389896750516900,2069389896750516900,12,0,0,8,0,1,1,1,1791419454
2026-10-08T00:32:00+00:00,2026-10-08T00:33:21.932440+00:00,f834b8b3-0de8-11e7-991c-3863bb43a7d0,105,18,4,0,0,0,1,1,1,1791419456
2026-10-08T00:32:00+00:00,2026-10-08T00:33:21.932440+00:00,7560f0e3-267b-4fb3-bbfa-6e02010cfcb7,225,14,1,0,5,0,1,1,1,1791419474
2026-10-08T00:32:00+00:00,2026-10-08T00:33:21.932440+00:00,1965873511294959658,1965873511294959658,2,0,0,21,0,1,1,1,1791419471
2026-10-08T00:32:00+00:00,2026-10-08T00:33:21.932440+00:00,1991922092203192944,1991922092203192944,1,0,1,17,0,1,1,1,1791419472
2026-10-08T00:32:00+00:00,2026-10-08T00:33:21.932440+00:00,1a661bb7-7d14-49e9-ac3d-22bafec8a2f0,507,6,2,1,4,0,1,1,1,1791419472
2026-10-08T00:32:00+00:00,2026-10-08T00:33:21.932440+00:00,f8352534-0de8-11e7-991c-3863bb43a7d0,204,4,4,0,11,0,1,1,1,1791419472
2026-10-08T00:32:00+00:00,2026-10-08T00:33:21.932440+00:00,f8351f1d-0de8-11e7-991c-3863bb43a7d0,191,7,0,0,8,0,1,1,1,1791419468
2026-10-08T00:32:00+00:00,2026-10-08T00:33:21.932440+00:00,fbc512a5-4b98-4821-bcfb-bb0c7ac83543,365,1,0,0,18,0,1,1,1,1791419415
2026-10-08T00:32:00+00:00,2026-10-08T00:33:21.932440+00:00,ea65c25f-0718-4f79-8588-c58b9fe3a105,226,14,4,0,0,1,1,1,1,1791419483
2026-10-08T00:32:00+00:00,2026-10-08T00:33:21.932440+00:00,f8349b20-0de8-11e7-991c-3863bb43a7d0,76,12,4,0,5,0,1,1,1,1791419482
2026-10-08T00:32:00+00:00,2026-10-08T00:33:21.932440+00:00,f834e534-0de8-11e7-991c-3863bb43a7d0,128,2,2,0,16,0,1,1,1,1791419483
2026-10-08T00:32:00+00:00,2026-10-08T00:33:21.932440+00:00,ad2cf74c-0e8c-4e15-8f19-2259e8c82f0f,404,15,0,0,1,0,1,1,1,1791419483
2026-10-08T00:32:00+00:00,2026-10-08T00:33:21.932440+00:00,2088704000370565344,2088704000370565344,3,0,2,7,0,1,1,1,1791419481
2026-10-08T00:32:00+00:00,2026-10-08T00:33:21.932440+00:00,f83517fa-0de8-11e7-991c-3863bb43a7d0,187,6,3,0,9,0,1,1,1,1791419480
2026-10-08T00:32:00+00:00,2026-10-08T00:33:21.932440+00:00,2040842870122359032,2040842870122359032,0,0,0,20,0,1,1,1,1791419485
2026-10-08T00:32:00+00:00,2026-10-08T00:33:21.932440+00:00,f83482d2-0de8-11e7-991c-3863bb43a7d0,44,2,0,0,29,0,1,1,1,1791419484
2026-10-08T00:32:00+00:00,2026-10-08T00:33:21.932440+00:00,1994054629753598708,1994054629753598708,12,3,0,2,0,1,1,1,1791419485
2026-10-08T00:32:00+00:00,2026-10-08T00:33:21.932440+00:00,f834662c-0de8-11e7-991c-3863bb43a7d0,5,11,0,0,4,0,1,1,1,1791419486
2026-10-08T00:32:00+00:00,2026-10-08T00:33:21.932440+00:00,2145094035874873892,2145094035874873892,2,0,2,15,0,1,1,1,1791419489
2026-10-08T00:32:00+00:00,2026-10-08T00:33:21.932440+00:00,2090635592862466836,2090635592862466836,0,0,2,28,1,1,1,1,1791419489
2026-10-08T00:32:00+00:00,2026-10-08T00:33:21.932440+00:00,2014865445230483952,2014865445230483952,8,2,0,9,0,1,1,1,1791419490
2026-10-08T00:32:00+00:00,2026-10-08T00:33:21.932440+00:00,2246034666940677832,2246034666940677832,5,0,0,6,0,1,1,1,1791419491
2026-10-08T00:32:00+00:00,2026-10-08T00:33:21.932440+00:00,5b1d2661-8a93-4f14-b242-ebc52792f951,337,14,1,0,1,0,1,1,1,1791419489
2026-10-08T00:32:00+00:00,2026-10-08T00:33:21.932440+00:00,f8352219-0de8-11e7-991c-3863bb43a7d0,197,7,4,1,7,0,1,1,1,1791419489
2026-10-08T00:32:00+00:00,2026-10-08T00:33:21.932440+00:00,f8346d23-0de8-11e7-991c-3863bb43a7d0,15,7,0,0,8,0,1,1,1,1791419488
2026-10-08T00:32:00+00:00,2026-10-08T00:33:21.932440+00:00,81323081-749c-44cf-ac62-0e6c64305c32,461,11,1,0,0,0,1,1,1,1791419494
2026-10-08T00:32:00+00:00,2026-10-08T00:33:21.932440+00:00,f83497b9-0de8-11e7-991c-3863bb43a7d0,74,0,0,0,18,0,1,1,1,1791419493
2026-10-08T00:32:00+00:00,2026-10-08T00:33:21.932440+00:00,2270212773802111256,2270212773802111256,14,3,1,4,0,1,1,1,1791419494
2026-10-08T00:32:00+00:00,2026-10-08T00:33:21.932440+00:00,f8347ccd-0de8-11e7-991c-3863bb43a7d0,33,8,0,0,19,0,1,1,1,1791419493
2026-10-08T00:32:00+00:00,2026-10-08T00:33:21.932440+00:00,8b97606e-a849-4db8-ae9b-4009fe48d90b,556,8,1,0,11,0,1,1,1,1791419494
2026-10-08T00:32:00+00:00,2026-10-08T00:33:21.932440+00:00,f8346803-0de8-11e7-991c-3863bb43a7d0,8,11,1,0,8,0,1,1,1,1791419493
2026-10-08T00:32:00+00:00,2026-10-08T00:33:21.932440+00:00,1963613484180639992,1963613484180639992,17,2,0,2,0,1,1,1,1791419491
2026-10-08T00:32:00+00:00,2026-10-08T00:33:21.932440+00:00,940638c5-7cd0-4a11-899e-86af3868d400,532,7,1,0,11,0,1,1,1,1791419491
2026-10-08T00:32:00+00:00,2026-10-08T00:33:21.932440+00:00,f9524971-e9f9-4572-aebc-580e48de042f,f9524971-e9f9-4572-aebc-580e48de042f,19,4,0,1,0,1,1,1,1791419492
2026-10-08T00:32:00+00:00,2026-10-08T00:33:21.932440+00:00,cf5f920f-b61d-4db0-b139-14aff04d577c,459,23,4,0,0,0,1,1,1,1791419496
2026-10-08T00:32:00+00:00,2026-10-08T00:33:21.932440+00:00,f834b101-0de8-11e7-991c-3863bb43a7d0,97,8,0,1,9,1,1,1,1,1791419497
2026-10-08T00:32:00+00:00,2026-10-08T00:33:21.932440+00:00,dede6d5f-7d62-496e-a8ca-d5a64afe39c1,544,15,6,0,1,0,1,1,1,1791419497
2026-10-08T00:32:00+00:00,2026-10-08T00:33:21.932440+00:00,8a404180-7c2e-4dbe-9489-c478ed959282,8a404180-7c2e-4dbe-9489-c478ed959282,0,0,2,17,0,1,1,1,1791419497
2026-10-08T00:32:00+00:00,2026-10-08T00:33:21.932440+00:00,f8350cc1-0de8-11e7-991c-3863bb43a7d0,162,0,0,0,15,0,1,1,1,1791419497
2026-10-08T00:32:00+00:00,2026-10-08T00:33:21.932440+00:00,99675a11-a92c-465c-bf5a-434b08ba5fc6,400,17,3,2,33,0,1,1,1,1791419499
2026-10-08T00:32:00+00:00,2026-10-08T00:33:21.932440+00:00,103a9881-e30a-4d57-b81d-863b995ff759,255,0,0,0,0,0,0,0,0,86400
2026-10-08T00:32:00+00:00,2026-10-08T00:33:21.932440+00:00,1997031579059661288,1997031579059661288,9,3,0,2,0,1,1,1,1791419378
2026-10-08T00:32:00+00:00,2026-10-08T00:33:21.932440+00:00,f35de2ab-979e-42d5-8cbd-dc479ed637e9,503,4,4,0,2,0,1,1,1,1791419384
2026-10-08T00:32:00+00:00,2026-10-08T00:33:21.932440+00:00,2217856523888952522,2217856523888952522,6,3,0,14,0,1,1,1,1791419381
2026-10-08T00:32:00+00:00,2026-10-08T00:33:21.932440+00:00,ddcc8869-b8d4-483c-b9da-457fcebc8dc1,417,18,0,0,1,0,1,1,1,1791419390
2026-10-08T00:32:00+00:00,2026-10-08T00:33:21.932440+00:00,2078337213380274244,2078337213380274244,10,7,0,1,0,1,1,1,1791419390
2026-10-08T00:32:00+00:00,2026-10-08T00:33:21.932440+00:00,a18e1e55-507e-49d8-b7c0-5c0efd959125,358,17,5,0,2,0,1,1,1,1791419390
2026-10-08T00:32:00+00:00,2026-10-08T00:33:21.932440+00:00,ef54374b-0406-4b17-b0a1-847f1d7bea06,410,12,1,0,3,0,1,1,1,1791419395
2026-10-08T00:32:00+00:00,2026-10-08T00:33:21.932440+00:00,ba634139-d7bf-448f-aac4-25995d36b67b,373,9,6,0,6,0,1,1,1,1791419393
2026-10-08T00:32:00+00:00,2026-10-08T00:33:21.932440+00:00,f36e24cd-de4c-4a5e-adf4-cb97ccd2958d,505,5,1,2,4,0,1,1,1,1791419392
2026-10-08T00:32:00+00:00,2026-10-08T00:33:21.932440+00:00,2264176803898382980,2264176803898382980,4,2,0,7,0,1,1,1,1791419400
2026-10-08T00:32:00+00:00,2026-10-08T00:33:21.932440+00:00,93911aa1-b5e4-48aa-a2b6-38fbcf613006,93911aa1-b5e4-48aa-a2b6-38fbcf613006,2,0,0,16,0,1,1,1,1791419404
2026-10-08T00:32:00+00:00,2026-10-08T00:33:21.932440+00:00,676ca473-eed6-4971-aaf3-e199a7ca335b,433,15,7,0,3,1,1,1,1,1791419404
2026-10-08T00:32:00+00:00,2026-10-08T00:33:21.932440+00:00,f8346768-0de8-11e7-991c-3863bb43a7d0,7,6,0,0,9,0,1,1,1,1791419400
2026-10-08T00:32:00+00:00,2026-10-08T00:33:21.932440+00:00,f834fd36-0de8-11e7-991c-3863bb43a7d0,142,9,1,0,14,0,1,1,1,1791419404
2026-10-08T00:32:00+00:00,2026-10-08T00:33:21.932440+00:00,2ba0c5dd-c990-4434-8a84-5c3eca23f096,447,1,0,0,18,0,1,1,1,1791419405
2026-10-08T00:32:00+00:00,2026-10-08T00:33:21.932440+00:00,9ca92778-9101-48df-90ea-08b784e26a1a,413,13,1,0,6,0,1,1,1,1791419406
2026-10-08T00:32:00+00:00,2026-10-08T00:33:21.932440+00:00,f8349c69-0de8-11e7-991c-3863bb43a7d0,78,18,4,0,0,0,1,1,1,1791419423
2026-10-08T00:32:00+00:00,2026-10-08T00:33:21.932440+00:00,ce55d1b1-4267-40a9-ad44-5eab888ce18a,ce55d1b1-4267-40a9-ad44-5eab888ce18a,0,0,0,22,1,1,1,1,1791419424
2026-10-08T00:32:00+00:00,2026-10-08T00:33:21.932440+00:00,2038619205667946906,2038619205667946906,10,4,0,10,0,1,1,1,1791419426
2026-10-08T00:32:00+00:00,2026-10-08T00:33:21.932440+00:00,02a4416f-80b4-4472-accd-5db482ed5b6d,367,7,0,0,12,0,1,1,1,1791419422
2026-10-08T00:32:00+00:00,2026-10-08T00:33:21.932440+00:00,f8349ba9-0de8-11e7-991c-3863bb43a7d0,77,6,4,0,11,1,1,1,1,1791419439
2026-10-08T00:32:00+00:00,2026-10-08T00:33:21.932440+00:00,f8348481-0de8-11e7-991c-3863bb43a7d0,47,19,2,0,0,0,1,1,1,1791419440
2026-10-08T00:32:00+00:00,2026-10-08T00:33:21.932440+00:00,f83464e4-0de8-11e7-991c-3863bb43a7d0,3,1,0,2,11,0,1,1,1,1791419441
2026-10-08T00:32:00+00:00,2026-10-08T00:33:21.932440+00:00,ff6ed364-8676-45a0-b97f-71025683849e,442,6,0,1,8,0,1,1,1,1791419440
2026-10-08T00:32:00+00:00,2026-10-08T00:33:21.932440+00:00,40e58976-02cc-4c7c-911f-7a6c97588bfa,520,17,4,0,4,0,1,1,1,1791419438
2026-10-08T00:32:00+00:00,2026-10-08T00:33:21.932440+00:00,2223043968513191970,2223043968513191970,0,0,0,16,0,1,1,1,1791419445
2026-10-08T00:32:00+00:00,2026-10-08T00:33:21.932440+00:00,f834e1b2-0de8-11e7-991c-3863bb43a7d0,125,17,9,0,2,0,1,1,1,1791419445
2026-10-08T00:32:00+00:00,2026-10-08T00:33:21.932440+00:00,0f554e1d-9f0f-452d-9b4a-e00aa2c5911e,492,9,0,0,5,0,1,1,1,1791419444
2026-10-08T00:32:00+00:00,2026-10-08T00:33:21.932440+00:00,287aedf5-0361-47e9-9de0-14ae3b75cc0d,287aedf5-0361-47e9-9de0-14ae3b75cc0d,8,3,1,12,0,1,1,1,1791419447
2026-10-08T00:32:00+00:00,2026-10-08T00:33:21.932440+00:00,5afe91c4-8076-4f9f-b83b-cf233bda2331,460,1,1,0,14,0,1,1,1,1791419446
2026-10-08T00:32:00+00:00,2026-10-08T00:33:21.932440+00:00,f834f814-0de8-11e7-991c-3863bb43a7d0,136,0,0,1,18,0,1,1,1,1791419448
2026-10-08T00:32:00+00:00,2026-10-08T00:33:21.932440+00:00,342a2c60-71b0-4d19-98d6-47987cf20dbc,379,7,0,0,8,0,1,1,1,1791419448
2026-10-08T00:32:00+00:00,2026-10-08T00:33:21.932440+00:00,2fd22786-dfeb-4126-a906-4f01802087f3,454,2,0,1,16,0,1,1,1,1791419449
2026-10-08T00:32:00+00:00,2026-10-08T00:33:21.932440+00:00,2327cb08-fa9f-459b-9ab0-1a319b0f2f4c,539,3,1,1,14,0,1,1,1,1791419451
2026-10-08T00:32:00+00:00,2026-10-08T00:33:21.932440+00:00,2070180968009321294,2070180968009321294,15,0,0,4,2,1,1,1,1791419452
2026-10-08T00:32:00+00:00,2026-10-08T00:33:21.932440+00:00,5f726a7d-5c5d-48b1-9b13-06c77572a237,516,0,0,0,11,0,1,1,1,1791419450
2026-10-08T00:32:00+00:00,2026-10-08T00:33:21.932440+00:00,bb27977d-36c1-496d-8bac-631b612dd7b8,332,12,2,1,2,0,1,1,1,1791419449
2026-10-08T00:32:00+00:00,2026-10-08T00:33:21.932440+00:00,13918b3b-9ac5-4968-a74d-e40dd3bc952e,479,0,0,0,19,0,1,1,1,1791419450
2026-10-08T00:32:00+00:00,2026-10-08T00:33:21.932440+00:00,1975886280004030604,1975886280004030604,10,2,3,10,0,1,1,1,1791419450
2026-10-08T00:32:00+00:00,2026-10-08T00:33:21.932440+00:00,2170342425741020744,2170342425741020744,15,5,0,2,0,1,1,1,1791419450
2026-10-08T00:32:00+00:00,2026-10-08T00:33:21.932440+00:00,5bc7cba9-f0b0-442d-932c-e8c7927d87ce,386,10,4,1,8,0,1,1,1,1791419411
2026-10-08T00:32:00+00:00,2026-10-08T00:33:21.932440+00:00,d7ec834e-9d9a-402c-9956-7d5f42676b94,d7ec834e-9d9a-402c-9956-7d5f42676b94,13,3,1,0,0,1,1,1,1791419415
2026-10-08T00:32:00+00:00,2026-10-08T00:33:21.932440+00:00,f83523e3-0de8-11e7-991c-3863bb43a7d0,201,0,0,0,15,0,1,1,1,1791419416
2026-10-08T00:32:00+00:00,2026-10-08T00:33:21.932440+00:00,f834b42d-0de8-11e7-991c-3863bb43a7d0,100,20,2,0,5,0,1,1,1,1791419411
2026-10-08T00:32:00+00:00,2026-10-08T00:33:21.932440+00:00,2223045710883822544,2223045710883822544,4,0,1,10,0,1,1,1,1791419419
2026-10-08T00:32:00+00:00,2026-10-08T00:33:21.932440+00:00,5018e851-f2f3-4e18-9914-c316bbcc2c3d,331,0,0,0,15,0,1,1,1,1791419419
2026-10-08T00:32:00+00:00,2026-10-08T00:33:21.932440+00:00,1960693490199507164,1960693490199507164,5,0,0,14,0,1,1,1,1791419428
2026-10-08T00:32:00+00:00,2026-10-08T00:33:21.932440+00:00,b23674a7-15a8-46d2-8219-6668acecf24a,548,11,1,0,7,0,1,1,1,1791419434
2026-10-08T00:32:00+00:00,2026-10-08T00:33:21.932440+00:00,533620e8-00ff-494a-b288-bd67602bc98e,472,2,0,0,25,0,1,1,1,1791419435
2026-10-08T00:32:00+00:00,2026-10-08T00:33:21.932440+00:00,2241260819676115550,2241260819676115550,0,0,0,25,0,1,1,1,1791419456
2026-10-08T00:32:00+00:00,2026-10-08T00:33:21.932440+00:00,0adccd89-1d8d-44da-9f7c-5f18acafeddf,338,4,2,0,11,0,1,1,1,1791419457
2026-10-08T00:32:00+00:00,2026-10-08T00:33:21.932440+00:00,f8348136-0de8-11e7-991c-3863bb43a7d0,41,23,3,1,3,0,1,1,1,1791419454
2026-10-08T00:32:00+00:00,2026-10-08T00:33:21.932440+00:00,350e73e3-6f70-4b2d-87ab-24c8629e9a6a,350e73e3-6f70-4b2d-87ab-24c8629e9a6a,12,0,1,6,0,1,1,1,1791419457
2026-10-08T00:32:00+00:00,2026-10-08T00:33:21.932440+00:00,1944724820826878816,1944724820826878816,8,0,0,9,0,1,1,1,1791419459
2026-10-08T00:32:00+00:00,2026-10-08T00:33:21.932440+00:00,2107991976288962746,2107991976288962746,15,1,0,5,0,1,1,1,1791419459
2026-10-08T00:32:00+00:00,2026-10-08T00:33:21.932440+00:00,f8351019-0de8-11e7-991c-3863bb43a7d0,169,10,4,0,9,0,1,1,1,1791419462
2026-10-08T00:32:00+00:00,2026-10-08T00:33:21.932440+00:00,70f20fcb-8e63-4015-9007-b97c525ab0a9,335,8,1,1,10,0,1,1,1,1791419467
2026-10-08T00:32:00+00:00,2026-10-08T00:33:21.932440+00:00,83183df0-38c2-4ae8-a0c4-4b59599c9582,222,6,1,0,8,0,1,1,1,1791419464
2026-10-08T00:32:00+00:00,2026-10-08T00:33:21.932440+00:00,54d86d05-b399-42c5-a63a-a97713afc5d4,54d86d05-b399-42c5-a63a-a97713afc5d4,2,2,1,7,0,1,1,1,1791419465
2026-10-08T00:32:00+00:00,2026-10-08T00:33:21.932440+00:00,f8348995-0de8-11e7-991c-3863bb43a7d0,58,17,0,1,1,0,1,1,1,1791419464
2026-10-08T00:32:00+00:00,2026-10-08T00:33:21.932440+00:00,e68655be-23d3-46e5-a509-25be677e7542,482,6,0,0,5,0,1,1,1,1791419464
2026-10-08T00:32:00+00:00,2026-10-08T00:33:21.932440+00:00,2071632496372113488,2071632496372113488,14,7,1,5,0,1,1,1,1791419466
2026-10-08T00:32:00+00:00,2026-10-08T00:33:21.932440+00:00,53a148ca-ac69-4a9c-a986-9a4b4df2f5df,387,7,0,0,8,0,1,1,1,1791419468
2026-10-08T00:32:00+00:00,2026-10-08T00:33:21.932440+00:00,f834e244-0de8-11e7-991c-3863bb43a7d0,126,6,2,0,9,0,1,1,1,1791419473
2026-10-08T00:32:00+00:00,2026-10-08T00:33:21.932440+00:00,2113200093114979090,2113200093114979090,6,0,0,9,1,1,1,1,1791419476
2026-10-08T00:32:00+00:00,2026-10-08T00:33:21.932440+00:00,7ec0c53c-876a-419c-a78b-4edd000bbc9a,445,14,0,0,5,0,1,1,1,1791419476
2026-10-08T00:32:00+00:00,2026-10-08T00:33:21.932440+00:00,dfdaf866-b814-48e5-9bd3-eb7c4a733697,dfdaf866-b814-48e5-9bd3-eb7c4a733697,7,2,0,10,0,1,1,1,1791419475
2026-10-08T00:32:00+00:00,2026-10-08T00:33:21.932440+00:00,2141932795355773712,2141932795355773712,10,1,0,7,0,1,1,1,1791419471
2026-10-08T00:32:00+00:00,2026-10-08T00:33:21.932440+00:00,abefafdc-c772-4671-86fe-fc15a42adebb,abefafdc-c772-4671-86fe-fc15a42adebb,5,0,0,18,0,1,1,1,1791419472
2026-10-08T00:32:00+00:00,2026-10-08T00:33:21.932440+00:00,f834b49d-0de8-11e7-991c-3863bb43a7d0,101,9,1,0,9,0,1,1,1,1791419472
2026-10-08T00:32:00+00:00,2026-10-08T00:33:21.932440+00:00,0839bb10-e876-4198-95e4-0147a561853d,258,13,2,0,2,0,1,1,1,1791419471
2026-10-08T00:32:00+00:00,2026-10-08T00:33:21.932440+00:00,2071993292066931472,2071993292066931472,1,0,0,19,0,1,1,1,1791419471
2026-10-08T00:32:00+00:00,2026-10-08T00:33:21.932440+00:00,2113555008851845550,2113555008851845550,13,5,0,7,0,1,1,1,1791419471
2026-10-08T00:32:00+00:00,2026-10-08T00:33:21.932440+00:00,f8347118-0de8-11e7-991c-3863bb43a7d0,22,18,0,0,15,2,1,1,1,1791419480
2026-10-08T00:32:00+00:00,2026-10-08T00:33:21.932440+00:00,2136942888571742916,2136942888571742916,0,0,1,14,0,1,1,1,1791419480
2026-10-08T00:32:00+00:00,2026-10-08T00:33:21.932440+00:00,42a3ecca-af9a-4556-90ba-7631546f96f8,42a3ecca-af9a-4556-90ba-7631546f96f8,1,0,1,9,0,1,1,1,1791419478
2026-10-08T00:32:00+00:00,2026-10-08T00:33:21.932440+00:00,f6df6c1a-064f-428a-951c-2069a081b9df,380,0,0,2,16,0,1,1,1,1791419478
2026-10-08T00:32:00+00:00,2026-10-08T00:33:21.932440+00:00,510239fe-69c3-458b-b53c-6ce001845f4a,354,15,7,0,0,0,1,1,1,1791419478
2026-10-08T00:32:00+00:00,2026-10-08T00:33:21.932440+00:00,f83486ab-0de8-11e7-991c-3863bb43a7d0,51,5,0,1,9,0,1,1,1,1791419478
2026-10-08T00:32:00+00:00,2026-10-08T00:33:21.932440+00:00,ec3eea05-a3ff-43c6-9e24-0c63f09b915f,378,15,1,0,4,0,1,1,1,1791419480
2026-10-08T00:32:00+00:00,2026-10-08T00:33:21.932440+00:00,36a8fbc8-6069-4a29-bbfd-63a2d019c9a5,415,1,0,0,18,0,1,1,1,1791419480
2026-10-08T00:32:00+00:00,2026-10-08T00:33:21.932440+00:00,f8349745-0de8-11e7-991c-3863bb43a7d0,73,2,2,1,12,0,1,1,1,1791419483
2026-10-08T00:32:00+00:00,2026-10-08T00:33:21.932440+00:00,f83510fd-0de8-11e7-991c-3863bb43a7d0,171,13,1,1,9,0,1,1,1,1791419407
2026-10-08T00:32:00+00:00,2026-10-08T00:33:21.932440+00:00,f8352c92-0de8-11e7-991c-3863bb43a7d0,217,13,0,2,4,0,1,1,1,1791419483
2026-10-08T00:32:00+00:00,2026-10-08T00:33:21.932440+00:00,ccd6fdd4-b39e-46d7-b43c-7bacffb6bd87,523,0,0,0,17,0,1,1,1,1791419484
2026-10-08T00:32:00+00:00,2026-10-08T00:33:21.932440+00:00,2038239468396569074,2038239468396569074,14,0,0,18,0,1,1,1,1791419484
2026-10-08T00:32:00+00:00,2026-10-08T00:33:21.932440+00:00,2267569638034503736,2267569638034503736,6,0,4,9,0,1,1,1,1791419488
2026-10-08T00:32:00+00:00,2026-10-08T00:33:21.932440+00:00,13444449-b3a8-43d2-b8b9-a59fbc59a174,397,11,4,0,3,0,1,1,1,1791419488
2026-10-08T00:32:00+00:00,2026-10-08T00:33:21.932440+00:00,f834952a-0de8-11e7-991c-3863bb43a7d0,70,1,0,1,21,0,1,1,1,1791419488
2026-10-08T00:32:00+00:00,2026-10-08T00:33:21.932440+00:00,2103549125054737064,2103549125054737064,4,2,0,12,0,1,1,1,1791419488
2026-10-08T00:32:00+00:00,2026-10-08T00:33:21.932440+00:00,f8351336-0de8-11e7-991c-3863bb43a7d0,176,3,0,0,12,0,1,1,1,1791419485
2026-10-08T00:32:00+00:00,2026-10-08T00:33:21.932440+00:00,f8348509-0de8-11e7-991c-3863bb43a7d0,48,0,0,0,15,0,1,1,1,1791419488
2026-10-08T00:32:00+00:00,2026-10-08T00:33:21.932440+00:00,b995a0b4-fc26-4661-9bc8-e166d648edfd,353,11,5,0,4,0,1,1,1,1791419489
2026-10-08T00:32:00+00:00,2026-10-08T00:33:21.932440+00:00,f8346894-0de8-11e7-991c-3863bb43a7d0,9,9,1,2,4,0,1,1,1,1791419489
2026-10-08T00:32:00+00:00,2026-10-08T00:33:21.932440+00:00,518f6524-0e7f-454d-974e-e3ff9db1f795,494,9,0,0,1,0,1,1,1,1791419487
2026-10-08T00:32:00+00:00,2026-10-08T00:33:21.932440+00:00,2029805507281123700,2029805507281123700,12,2,1,6,0,1,1,1,1791419487
2026-10-08T00:32:00+00:00,2026-10-08T00:33:21.932440+00:00,f8349824-0de8-11e7-991c-3863bb43a7d0,75,11,0,0,4,0,1,1,1,1791419487
2026-10-08T00:32:00+00:00,2026-10-08T00:33:21.932440+00:00,2057166010169469732,2057166010169469732,1,0,0,14,0,1,1,1,1791419494
2026-10-08T00:32:00+00:00,2026-10-08T00:33:21.932440+00:00,f83516b8-0de8-11e7-991c-3863bb43a7d0,184,6,1,0,12,1,1,1,1,1791419494
2026-10-08T00:32:00+00:00,2026-10-08T00:33:21.932440+00:00,9f54207a-3308-43bd-b45c-9042b6389598,423,14,0,0,5,0,1,1,1,1791419495
2026-10-08T00:32:00+00:00,2026-10-08T00:33:21.932440+00:00,c1ae49bd-2a20-4684-886b-ead8dd627cfd,c1ae49bd-2a20-4684-886b-ead8dd627cfd,13,0,1,2,0,1,1,1,1791419489
2026-10-08T00:32:00+00:00,2026-10-08T00:33:21.932440+00:00,f834b5d9-0de8-11e7-991c-3863bb43a7d0,103,8,0,2,5,0,1,1,1,1791419490
2026-10-08T00:32:00+00:00,2026-10-08T00:33:21.932440+00:00,20b0b405-54ba-4a80-b89c-0819772665db,440,8,3,0,7,0,1,1,1,1791419490
2026-10-08T00:32:00+00:00,2026-10-08T00:33:21.932440+00:00,f83494b4-0de8-11e7-991c-3863bb43a7d0,69,19,10,0,0,0,1,1,1,1791419493
2026-10-08T00:32:00+00:00,2026-10-08T00:33:21.932440+00:00,2043912031919765854,2043912031919765854,10,0,1,9,0,1,1,1,1791419493
2026-10-08T00:32:00+00:00,2026-10-08T00:33:21.932440+00:00,f24a573e-ef07-4785-9270-70c443510ea6,359,1,1,2,11,1,1,1,1,1791419493
2026-10-08T00:32:00+00:00,2026-10-08T00:33:21.932440+00:00,f83524c0-0de8-11e7-991c-3863bb43a7d0,203,9,2,0,5,0,1,1,1,1791419492
2026-10-08T00:32:00+00:00,2026-10-08T00:33:21.932440+00:00,2111712079786088918,2111712079786088918,3,1,1,11,0,1,1,1,1791419495
2026-10-08T00:32:00+00:00,2026-10-08T00:33:21.932440+00:00,f834cf45-0de8-11e7-991c-3863bb43a7d0,116,20,1,0,3,0,1,1,1,1791419496
2026-10-08T00:32:00+00:00,2026-10-08T00:33:21.932440+00:00,2072145327190878794,2072145327190878794,19,1,1,4,0,1,1,1,1791419485
2026-10-08T00:32:00+00:00,2026-10-08T00:33:21.932440+00:00,9e710d48-51c1-460e-a027-3d16bde62b13,419,0,0,14,0,1,1,0,0,1791419497
2026-10-08T00:43:00+00:00,2026-10-08T00:43:22.173900+00:00,6eaa7343-402d-41c9-9aac-8c664fdbdcf1,6eaa7343-402d-41c9-9aac-8c664fdbdcf1,0,0,0,0,0,0,0,0,86400
2026-10-08T00:43:00+00:00,2026-10-08T00:43:22.173900+00:00,2127634714741013228,2127634714741013228,15,2,0,9,0,1,1,1,1791420051
2026-10-08T00:43:00+00:00,2026-10-08T00:43:22.173900+00:00,2031175112202687108,2031175112202687108,4,0,0,12,0,1,1,1,1791420047
2026-10-08T00:43:00+00:00,2026-10-08T00:43:22.173900+00:00,f83466c6-0de8-11e7-991c-3863bb43a7d0,6,0,0,2,12,0,1,1,1,1791420052
2026-10-08T00:43:00+00:00,2026-10-08T00:43:22.173900+00:00,1986694622707704150,1986694622707704150,16,0,1,2,0,1,1,1,1791420052
2026-10-08T00:43:00+00:00,2026-10-08T00:43:22.173900+00:00,569f4952-5a25-4394-a419-f9c4d9cca6f3,495,15,4,0,3,0,1,1,1,1791420053
2026-10-08T00:43:00+00:00,2026-10-08T00:43:22.173900+00:00,c111ef1a-f276-415d-a95e-8e3c4e3a0c03,522,6,3,1,8,0,1,1,1,1791420054
2026-10-08T00:43:00+00:00,2026-10-08T00:43:22.173900+00:00,800bde2c-51df-497c-ac2d-bc3a8c00c164,800bde2c-51df-497c-ac2d-bc3a8c00c164,0,0,1,14,0,1,1,1,1791420058
2026-10-08T00:43:00+00:00,2026-10-08T00:43:22.173900+00:00,2132460331327742574,2132460331327742574,0,0,0,18,0,1,1,1,1791420054
2026-10-08T00:43:00+00:00,2026-10-08T00:43:22.173900+00:00,1976640911178291400,1976640911178291400,6,3,0,5,0,1,1,1,1791420058
2026-10-08T00:43:00+00:00,2026-10-08T00:43:22.173900+00:00,cad0e759-b605-458a-b772-768dcce81dc6,372,12,0,0,6,0,1,1,1,1791420062
2026-10-08T00:43:00+00:00,2026-10-08T00:43:22.173900+00:00,d1a5e406-718c-44b9-b9dd-e63605b888aa,555,8,7,0,7,0,1,1,1,1791420060
2026-10-08T00:43:00+00:00,2026-10-08T00:43:22.173900+00:00,829fa5a8-cc88-4ab2-9f34-b481aaa1612e,259,9,0,0,6,0,1,1,1,1791420069
2026-10-08T00:43:00+00:00,2026-10-08T00:43:22.173900+00:00,2149920539832638004,2149920539832638004,13,1,1,1,0,1,1,1,1791420067
2026-10-08T00:43:00+00:00,2026-10-08T00:43:22.173900+00:00,e519df41-c4d7-403a-9afa-a5dd7cdd2d03,536,10,0,1,7,0,1,1,1,1791420071
2026-10-08T00:43:00+00:00,2026-10-08T00:43:22.173900+00:00,5d17f129-af8c-4f30-bc58-6a8279052772,543,5,2,1,13,0,1,1,1,1791420068
2026-10-08T00:43:00+00:00,2026-10-08T00:43:22.173900+00:00,1991921362058752616,1991921362058752616,0,0,0,20,0,1,1,1,1791420068
2026-10-08T00:43:00+00:00,2026-10-08T00:43:22.173900+00:00,b44b7c3d-c054-4591-92a9-3b96d86050ab,b44b7c3d-c054-4591-92a9-3b96d86050ab,2,2,0,9,0,1,1,1,1791420038
2026-10-08T00:43:00+00:00,2026-10-08T00:43:22.173900+00:00,2124664048772581794,2124664048772581794,3,0,0,8,0,1,1,1,1791420041
2026-10-08T00:43:00+00:00,2026-10-08T00:43:22.173900+00:00,1331197c-f6c6-4f4a-a29b-95e580359886,224,9,0,1,7,0,1,1,1,1791420039
2026-10-08T00:43:00+00:00,2026-10-08T00:43:22.173900+00:00,f834b928-0de8-11e7-991c-3863bb43a7d0,106,9,0,1,4,0,1,1,1,1791420043
2026-10-08T00:43:00+00:00,2026-10-08T00:43:22.173900+00:00,f8347a8b-0de8-11e7-991c-3863bb43a7d0,29,15,0,0,4,0,1,1,1,1791420043
2026-10-08T00:43:00+00:00,2026-10-08T00:43:22.173900+00:00,f834a1de-0de8-11e7-991c-3863bb43a7d0,84,1,0,0,12,0,1,1,1,1791420044
2026-10-08T00:43:00+00:00,2026-10-08T00:43:22.173900+00:00,1994515539257334312,1994515539257334312,19,8,0,0,0,1,1,1,1791420045
2026-10-08T00:43:00+00:00,2026-10-08T00:43:22.173900+00:00,918335df-fc1a-45c2-9cfc-c5e2e93aecc0,467,2,0,1,8,0,1,1,1,1791420043
2026-10-08T00:43:00+00:00,2026-10-08T00:43:22.173900+00:00,6cec3afa-554c-466f-8323-5c619fe0ddc6,6cec3afa-554c-466f-8323-5c619fe0ddc6,5,4,0,6,0,1,1,1,1791420062
2026-10-08T00:43:00+00:00,2026-10-08T00:43:22.173900+00:00,f834d34b-0de8-11e7-991c-3863bb43a7d0,120,17,2,0,22,0,1,1,1,1791420067
2026-10-08T00:43:00+00:00,2026-10-08T00:43:22.173900+00:00,986068c4-d11a-465a-b8d0-bd0960c57f51,986068c4-d11a-465a-b8d0-bd0960c57f51,9,0,0,5,0,1,1,1,1791420065
2026-10-08T00:43:00+00:00,2026-10-08T00:43:22.173900+00:00,f8351791-0de8-11e7-991c-3863bb43a7d0,186,12,0,0,3,0,1,1,1,1791420076
2026-10-08T00:43:00+00:00,2026-10-08T00:43:22.173900+00:00,f8349070-0de8-11e7-991c-3863bb43a7d0,61,3,1,0,16,0,1,1,1,1791420076
2026-10-08T00:43:00+00:00,2026-10-08T00:43:22.173900+00:00,f8352973-0de8-11e7-991c-3863bb43a7d0,210,6,1,0,9,0,1,1,1,1791420077
2026-10-08T00:43:00+00:00,2026-10-08T00:43:22.173900+00:00,88b35b6d-f355-44dc-b85e-ed2eb1bc9099,406,10,3,0,9,0,1,1,1,1791420075
2026-10-08T00:43:00+00:00,2026-10-08T00:43:22.173900+00:00,2227859082657747444,2227859082657747444,4,1,0,3,0,1,1,1,1791419964
2026-10-08T00:43:00+00:00,2026-10-08T00:43:22.173900+00:00,9fef6df2-7f8f-43fc-a85b-7dd5453860f9,437,16,2,0,1,0,1,1,1,1791420082
2026-10-08T00:43:00+00:00,2026-10-08T00:43:22.173900+00:00,f834f036-0de8-11e7-991c-3863bb43a7d0,133,11,3,2,10,0,1,1,1,1791420082
2026-10-08T00:43:00+00:00,2026-10-08T00:43:22.173900+00:00,2134720099473744344,2134720099473744344,3,0,0,18,0,1,1,1,1791420083
2026-10-08T00:43:00+00:00,2026-10-08T00:43:22.173900+00:00,2036103727838931110,2036103727838931110,10,5,0,0,0,1,1,1,1791420079
2026-10-08T00:43:00+00:00,2026-10-08T00:43:22.173900+00:00,f8351649-0de8-11e7-991c-3863bb43a7d0,183,3,0,0,16,0,1,1,1,1791420079
2026-10-08T00:43:00+00:00,2026-10-08T00:43:22.173900+00:00,f83493c0-0de8-11e7-991c-3863bb43a7d0,67,1,0,4,25,0,1,1,1,1791420079
2026-10-08T00:43:00+00:00,2026-10-08T00:43:22.173900+00:00,77c1736c-a609-4453-94f7-8e4253a8193c,474,8,3,0,3,0,1,1,1,1791420080
2026-10-08T00:43:00+00:00,2026-10-08T00:43:22.173900+00:00,f834f948-0de8-11e7-991c-3863bb43a7d0,138,13,0,1,0,0,1,1,1,1791420078
2026-10-08T00:43:00+00:00,2026-10-08T00:43:22.173900+00:00,40ee059e-8530-4992-9114-c16b87d6832f,441,13,5,0,6,0,1,1,1,1791420079
2026-10-08T00:43:00+00:00,2026-10-08T00:43:22.173900+00:00,97a1e4e7-a1ff-427a-aaea-48ca0d00bf9c,348,5,4,0,10,0,1,1,1,1791420124
2026-10-08T00:43:00+00:00,2026-10-08T00:43:22.173900+00:00,f834c6f5-0de8-11e7-991c-3863bb43a7d0,111,8,1,0,6,1,1,1,1,1791420124
2026-10-08T00:43:00+00:00,2026-10-08T00:43:22.173900+00:00,f55cdf0a-3d7b-491c-bed2-7dc0ef2062d5,489,10,1,0,6,0,1,1,1,1791420126
2026-10-08T00:43:00+00:00,2026-10-08T00:43:22.173900+00:00,87b5a8b7-a330-4c51-ab32-7dafa292c88f,421,14,0,1,4,0,1,1,1,1791420123
2026-10-08T00:43:00+00:00,2026-10-08T00:43:22.173900+00:00,e335fa7c-7adf-4360-9bfa-76b18124a56f,541,3,2,0,8,0,1,1,1,1791420122
2026-10-08T00:43:00+00:00,2026-10-08T00:43:22.173900+00:00,f8349599-0de8-11e7-991c-3863bb43a7d0,71,14,6,0,9,0,1,1,1,1791420123
2026-10-08T00:43:00+00:00,2026-10-08T00:43:22.173900+00:00,2071991821019036242,2071991821019036242,11,1,0,9,0,1,1,1,1791420063
2026-10-08T00:43:00+00:00,2026-10-08T00:43:22.173900+00:00,f8346e51-0de8-11e7-991c-3863bb43a7d0,17,14,0,0,1,0,1,1,1,1791420126
2026-10-08T00:43:00+00:00,2026-10-08T00:43:22.173900+00:00,1976280681456741062,1976280681456741062,5,5,0,6,0,1,1,1,1791420130
2026-10-08T00:43:00+00:00,2026-10-08T00:43:22.173900+00:00,15ec5783-ca7a-4225-ba51-cd0a45ecc975,15ec5783-ca7a-4225-ba51-cd0a45ecc975,8,6,0,3,0,1,1,1,1791420131
2026-10-08T00:43:00+00:00,2026-10-08T00:43:22.173900+00:00,f8348598-0de8-11e7-991c-3863bb43a7d0,49,4,0,0,14,0,1,1,1,1791420129
2026-10-08T00:43:00+00:00,2026-10-08T00:43:22.173900+00:00,8d535c23-f186-4161-aa10-17e94be6d4ae,436,5,4,3,6,1,1,1,1,1791420127
2026-10-08T00:43:00+00:00,2026-10-08T00:43:22.173900+00:00,2089808297152151688,2089808297152151688,2,1,1,9,0,1,1,1,1791420133
2026-10-08T00:43:00+00:00,2026-10-08T00:43:22.173900+00:00,2251186911126913182,2251186911126913182,13,2,2,4,0,1,1,1,1791420132
2026-10-08T00:43:00+00:00,2026-10-08T00:43:22.173900+00:00,25489822-e43a-4704-b2a8-d905b78ba77c,389,4,2,0,10,0,1,1,1,1791420133
2026-10-08T00:43:00+00:00,2026-10-08T00:43:22.173900+00:00,f8347ded-0de8-11e7-991c-3863bb43a7d0,35,0,0,0,31,0,1,1,1,1791420134
2026-10-08T00:43:00+00:00,2026-10-08T00:43:22.173900+00:00,1919521884659886482,1919521884659886482,3,1,0,16,0,1,1,1,1791420136
2026-10-08T00:43:00+00:00,2026-10-08T00:43:22.173900+00:00,1ef9964d-47ac-4cd4-916e-7c006fa1e605,339,10,6,0,5,0,1,1,1,1791420136
2026-10-08T00:43:00+00:00,2026-10-08T00:43:22.173900+00:00,4b5de733-9353-4873-9dc2-9558b3cb063a,393,5,0,0,8,0,1,1,1,1791420139
2026-10-08T00:43:00+00:00,2026-10-08T00:43:22.173900+00:00,57f5003b-6574-40b3-83d7-3b5dee1472e0,518,7,6,0,3,0,1,1,1,1791420143
2026-10-08T00:43:00+00:00,2026-10-08T00:43:22.173900+00:00,aefc33cd-40b9-48da-8b87-415428816bdb,488,7,1,0,9,0,1,1,1,1791420140
2026-10-08T00:43:00+00:00,2026-10-08T00:43:22.173900+00:00,f834fcbe-0de8-11e7-991c-3863bb43a7d0,141,0,0,0,15,0,1,1,1,1791420139
2026-10-08T00:43:00+00:00,2026-10-08T00:43:22.173900+00:00,625f105e-4407-4988-9095-d1979cbda5e1,234,19,13,0,0,0,1,1,1,1791420140
2026-10-08T00:43:00+00:00,2026-10-08T00:43:22.173900+00:00,1997031876360597884,1997031876360597884,6,1,0,5,0,1,1,1,1791420140
2026-10-08T00:43:00+00:00,2026-10-08T00:43:22.173900+00:00,ab6517ea-ed53-42eb-8881-657d362e56e8,560,10,0,0,5,0,1,1,1,1791420141
2026-10-08T00:43:00+00:00,2026-10-08T00:43:22.173900+00:00,2220033166406469278,2220033166406469278,10,4,1,4,0,1,1,1,1791420137
2026-10-08T00:43:00+00:00,2026-10-08T00:43:22.173900+00:00,01d29f8c-768d-4c4f-84ca-3de966075287,469,3,2,0,8,0,1,1,1,1791420142
2026-10-08T00:43:00+00:00,2026-10-08T00:43:22.173900+00:00,2261583246847893606,2261583246847893606,12,8,1,6,0,1,1,1,1791420085
2026-10-08T00:43:00+00:00,2026-10-08T00:43:22.173900+00:00,2027855476515070160,2027855476515070160,11,0,0,15,0,1,1,1,1791420086
2026-10-08T00:43:00+00:00,2026-10-08T00:43:22.173900+00:00,f7d416f8-4377-4019-bba7-302dc1d5a11d,391,9,0,3,3,0,1,1,1,1791420088
2026-10-08T00:43:00+00:00,2026-10-08T00:43:22.173900+00:00,2127252912986958612,2127252912986958612,4,1,0,11,0,1,1,1,1791420085
2026-10-08T00:43:00+00:00,2026-10-08T00:43:22.173900+00:00,2131371824572002576,2131371824572002576,12,0,1,3,0,1,1,1,1791420087
2026-10-08T00:43:00+00:00,2026-10-08T00:43:22.173900+00:00,768433a9-fc30-4485-b136-22d6f8a96f1c,768433a9-fc30-4485-b136-22d6f8a96f1c,4,0,1,6,0,1,1,1,1791420087
2026-10-08T00:43:00+00:00,2026-10-08T00:43:22.173900+00:00,a6d6d4b2-3666-43ad-a690-7f676bdcc3fd,542,9,0,4,6,0,1,1,1,1791420083
2026-10-08T00:43:00+00:00,2026-10-08T00:43:22.173900+00:00,f834b183-0de8-11e7-991c-3863bb43a7d0,98,11,1,1,11,0,1,1,1,1791420089
2026-10-08T00:43:00+00:00,2026-10-08T00:43:22.173900+00:00,52ca4d94-587f-4a61-a298-a1a755e73bfb,362,19,3,0,0,0,1,1,1,1791420102
2026-10-08T00:43:00+00:00,2026-10-08T00:43:22.173900+00:00,199f3d59-e726-4549-b9c1-4dfc8a343fdb,508,10,6,0,1,0,1,1,1,1791420100
2026-10-08T00:43:00+00:00,2026-10-08T00:43:22.173900+00:00,f834916a-0de8-11e7-991c-3863bb43a7d0,63,3,1,0,12,0,1,1,1,1791420100
2026-10-08T00:43:00+00:00,2026-10-08T00:43:22.173900+00:00,1ef5abb2-5af9-41f2-a0dd-1e44278ad9f1,502,5,1,0,6,0,1,1,1,1791420105
2026-10-08T00:43:00+00:00,2026-10-08T00:43:22.173900+00:00,acb27827-d69a-4287-b132-3f529ca62ad2,427,4,1,0,15,0,1,1,1,1791420105
2026-10-08T00:43:00+00:00,2026-10-08T00:43:22.173900+00:00,2126567695528519906,2126567695528519906,9,0,0,11,0,1,1,1,1791420113
2026-10-08T00:43:00+00:00,2026-10-08T00:43:22.173900+00:00,2363c5a3-93cc-41a2-a767-90f1826c041f,426,0,0,0,27,0,1,1,1,1791420110
2026-10-08T00:43:00+00:00,2026-10-08T00:43:22.173900+00:00,2438d052-2cd6-4fba-83c9-39f46cb59398,2438d052-2cd6-4fba-83c9-39f46cb59398,3,0,1,15,0,1,1,1,1791420110
2026-10-08T00:43:00+00:00,2026-10-08T00:43:22.173900+00:00,2250817396738253956,2250817396738253956,13,4,2,0,0,1,1,1,1791420115
2026-10-08T00:43:00+00:00,2026-10-08T00:43:22.173900+00:00,dcd76e42-eebc-4432-9726-cdb3372b0b07,557,0,0,0,19,0,1,1,1,1791420115
2026-10-08T00:43:00+00:00,2026-10-08T00:43:22.173900+00:00,2039387081833476178,2039387081833476178,12,2,0,8,0,1,1,1,1791420111
2026-10-08T00:43:00+00:00,2026-10-08T00:43:22.173900+00:00,ec4e1168-25dc-4929-b17b-e4ae578dd888,425,4,2,1,11,0,1,1,1,1791420111
2026-10-08T00:43:00+00:00,2026-10-08T00:43:22.173900+00:00,4d953f0f-13b5-4b3d-b2da-342003ff7cba,4d953f0f-13b5-4b3d-b2da-342003ff7cba,4,2,0,7,0,1,1,1,1791420112
2026-10-08T00:43:00+00:00,2026-10-08T00:43:22.173900+00:00,82b41ffb-e284-4e4d-b22a-0cad2bfd4bee,443,7,0,0,12,0,1,1,1,1791420120
2026-10-08T00:43:00+00:00,2026-10-08T00:43:22.173900+00:00,f834cb89-0de8-11e7-991c-3863bb43a7d0,115,8,5,4,7,0,1,1,1,1791420117
2026-10-08T00:43:00+00:00,2026-10-08T00:43:22.173900+00:00,2113559364250874028,2113559364250874028,8,2,0,7,0,1,1,1,1791420116
2026-10-08T00:43:00+00:00,2026-10-08T00:43:22.173900+00:00,1999644268058967024,1999644268058967024,23,1,0,1,0,1,1,1,1791420117
2026-10-08T00:43:00+00:00,2026-10-08T00:43:22.173900+00:00,2110566771130438288,2110566771130438288,10,6,1,5,0,1,1,1,1791420119
2026-10-08T00:43:00+00:00,2026-10-08T00:43:22.173900+00:00,f8350199-0de8-11e7-991c-3863bb43a7d0,150,8,1,0,11,0,1,1,1,1791420118
2026-10-08T00:43:00+00:00,2026-10-08T00:43:22.173900+00:00,a825b55d-3ab3-481f-9c50-d3a7313e6843,228,0,0,0,19,0,1,1,1,1791420120
2026-10-08T00:43:00+00:00,2026-10-08T00:43:22.173900+00:00,f834a67b-0de8-11e7-991c-3863bb43a7d0,89,0,0,1,18,0,1,1,1,1791420093
2026-10-08T00:43:00+00:00,2026-10-08T00:43:22.173900+00:00,9b0aff89-5242-475e-b03b-87c3c3bf51bb,477,3,3,1,15,0,1,1,1,1791420090
2026-10-08T00:43:00+00:00,2026-10-08T00:43:22.173900+00:00,f83532fa-0de8-11e7-991c-3863bb43a7d0,219,12,1,0,3,0,1,1,1,1791420093
2026-10-08T00:43:00+00:00,2026-10-08T00:43:22.173900+00:00,f834e75d-0de8-11e7-991c-3863bb43a7d0,129,7,0,0,11,1,1,1,1,1791420094
2026-10-08T00:43:00+00:00,2026-10-08T00:43:22.173900+00:00,133d159e-a202-4310-910f-eca392fe181e,398,0,0,2,17,0,1,1,1,1791420096
2026-10-08T00:43:00+00:00,2026-10-08T00:43:22.173900+00:00,f834c5c9-0de8-11e7-991c-3863bb43a7d0,110,1,1,1,12,0,1,1,1,1791420099
2026-10-08T00:43:00+00:00,2026-10-08T00:43:22.173900+00:00,f8348719-0de8-11e7-991c-3863bb43a7d0,52,1,0,1,21,0,1,1,1,1791420099
2026-10-08T00:43:00+00:00,2026-10-08T00:43:22.173900+00:00,f8351255-0de8-11e7-991c-3863bb43a7d0,174,7,2,2,6,0,1,1,1,1791420094
2026-10-08T00:43:00+00:00,2026-10-08T00:43:22.173900+00:00,f8347002-0de8-11e7-991c-3863bb43a7d0,20,18,0,0,5,0,1,1,1,1791420095
2026-10-08T00:43:00+00:00,2026-10-08T00:43:22.173900+00:00,f83473ea-0de8-11e7-991c-3863bb43a7d0,27,13,0,3,7,0,1,1,1,1791420095
2026-10-08T00:43:00+00:00,2026-10-08T00:43:22.173900+00:00,2251556760922290606,2251556760922290606,11,0,2,2,0,1,1,1,1791420097
2026-10-08T00:43:00+00:00,2026-10-08T00:43:22.173900+00:00,f8346c96-0de8-11e7-991c-3863bb43a7d0,14,2,2,0,23,0,1,1,1,1791420109
2026-10-08T00:43:00+00:00,2026-10-08T00:43:22.173900+00:00,eed9e64f-f09d-43c1-aa31-da968c66750a,368,5,0,0,10,0,1,1,1,1791420107
2026-10-08T00:43:00+00:00,2026-10-08T00:43:22.173900+00:00,8bc42f7f-753d-4cca-a7d6-0d7c2530ea2c,364,3,0,1,15,0,1,1,1,1791420108
2026-10-08T00:43:00+00:00,2026-10-08T00:43:22.173900+00:00,ea00f276-26dc-48ee-b2c8-6e56fd632a2d,272,3,0,1,15,0,1,1,1,1791420108
2026-10-08T00:43:00+00:00,2026-10-08T00:43:22.173900+00:00,38706d8c-8d4b-49f7-b6ed-7688449db261,463,5,0,0,14,0,1,1,1,1791420105
2026-10-08T00:43:00+00:00,2026-10-08T00:43:22.173900+00:00,f8350d30-0de8-11e7-991c-3863bb43a7d0,163,10,0,0,9,0,1,1,1,1791420106
2026-10-08T00:43:00+00:00,2026-10-08T00:43:22.173900+00:00,f834d260-0de8-11e7-991c-3863bb43a7d0,119,13,9,2,0,0,1,1,1,1791420106
2026-10-08T00:43:00+00:00,2026-10-08T00:43:22.173900+00:00,f834a2a8-0de8-11e7-991c-3863bb43a7d0,85,0,0,0,19,0,1,1,1,1791420107
2026-10-08T00:43:00+00:00,2026-10-08T00:43:22.173900+00:00,f8351569-0de8-11e7-991c-3863bb43a7d0,181,14,0,0,5,0,1,1,1,1791420107
2026-10-08T00:43:00+00:00,2026-10-08T00:43:22.173900+00:00,f8350129-0de8-11e7-991c-3863bb43a7d0,149,15,0,0,3,0,1,1,1,1791420146
2026-10-08T00:43:00+00:00,2026-10-08T00:43:22.173900+00:00,2219705277630124418,2219705277630124418,5,2,0,10,0,1,1,1,1791420144
2026-10-08T00:43:00+00:00,2026-10-08T00:43:22.173900+00:00,f835244e-0de8-11e7-991c-3863bb43a7d0,202,9,1,0,6,0,1,1,1,1791420147
2026-10-08T00:43:00+00:00,2026-10-08T00:43:22.173900+00:00,f834b1ed-0de8-11e7-991c-3863bb43a7d0,99,14,2,0,1,0,1,1,1,1791420144
2026-10-08T00:43:00+00:00,2026-10-08T00:43:22.173900+00:00,25d6f87f-7025-48c5-b202-f91511a4ae19,25d6f87f-7025-48c5-b202-f91511a4ae19,13,4,1,5,0,1,1,1,1791420145
2026-10-08T00:43:00+00:00,2026-10-08T00:43:22.173900+00:00,803a0c16-4f81-44f1-8b49-a13fcdda40c1,370,5,0,2,11,0,1,1,1,1791420150
2026-10-08T00:43:00+00:00,2026-10-08T00:43:22.173900+00:00,2129149628430547474,2129149628430547474,16,3,0,0,0,1,1,1,1791420120
2026-10-08T00:43:00+00:00,2026-10-08T00:43:22.173900+00:00,f8347ba8-0de8-11e7-991c-3863bb43a7d0,31,3,0,0,16,0,1,1,1,1791420154
2026-10-08T00:43:00+00:00,2026-10-08T00:43:22.173900+00:00,2028220168245183460,2028220168245183460,14,0,0,5,0,1,1,1,1791420154
2026-10-08T00:43:00+00:00,2026-10-08T00:43:22.173900+00:00,8e7c1984-dc81-43b0-a0d3-58c6de45225a,465,4,2,0,7,0,1,1,1,1791420150
2026-10-08T00:43:00+00:00,2026-10-08T00:43:22.173900+00:00,f8351f87-0de8-11e7-991c-3863bb43a7d0,192,2,0,0,17,0,1,1,1,1791420151
2026-10-08T00:43:00+00:00,2026-10-08T00:43:22.173900+00:00,1999639508813492766,1999639508813492766,9,0,0,12,0,1,1,1,1791420152
2026-10-08T00:43:00+00:00,2026-10-08T00:43:22.173900+00:00,f8346dbd-0de8-11e7-991c-3863bb43a7d0,16,8,0,1,11,0,1,1,1,1791420155
2026-10-08T00:43:00+00:00,2026-10-08T00:43:22.173900+00:00,5410aac7-2ec0-47b6-b728-b99c5137b463,5410aac7-2ec0-47b6-b728-b99c5137b463,8,2,0,3,0,1,1,1,1791420155
2026-10-08T00:43:00+00:00,2026-10-08T00:43:22.173900+00:00,2036412579943670600,2036412579943670600,5,5,0,7,0,1,1,1,1791420156
2026-10-08T00:43:00+00:00,2026-10-08T00:43:22.173900+00:00,e4d5271f-5f76-401b-b7f0-c8dce3c26f10,462,7,1,1,3,0,1,1,1,1791420157
2026-10-08T00:43:00+00:00,2026-10-08T00:43:22.173900+00:00,f606593b-3d07-40f2-bc6d-a0eb96588e44,456,6,0,0,11,0,1,1,1,1791420158
2026-10-08T00:43:00+00:00,2026-10-08T00:43:22.173900+00:00,2131714490587826928,2131714490587826928,11,8,2,3,0,1,1,1,1791420039
2026-10-08T00:43:00+00:00,2026-10-08T00:43:22.173900+00:00,a51b429f-bf06-425a-b3fe-b3155aa6468c,a51b429f-bf06-425a-b3fe-b3155aa6468c,10,2,0,1,0,1,1,1,1791420042
2026-10-08T00:43:00+00:00,2026-10-08T00:43:22.173900+00:00,f8352306-0de8-11e7-991c-3863bb43a7d0,199,7,2,1,7,0,1,1,1,1791420045
2026-10-08T00:43:00+00:00,2026-10-08T00:43:22.173900+00:00,2113560016964645240,2113560016964645240,8,0,1,10,0,1,1,1,1791420041
2026-10-08T00:43:00+00:00,2026-10-08T00:43:22.173900+00:00,2126939746529359956,2126939746529359956,8,4,0,11,0,1,1,1,1791420046
2026-10-08T00:43:00+00:00,2026-10-08T00:43:22.173900+00:00,f83487f0-0de8-11e7-991c-3863bb43a7d0,54,2,0,0,13,0,1,1,1,1791420050
2026-10-08T00:43:00+00:00,2026-10-08T00:43:22.173900+00:00,1963273678015717438,1963273678015717438,4,2,0,15,0,1,1,1,1791420053
2026-10-08T00:43:00+00:00,2026-10-08T00:43:22.173900+00:00,f8349d6e-0de8-11e7-991c-3863bb43a7d0,79,18,3,0,0,0,1,1,1,1791420053
2026-10-08T00:43:00+00:00,2026-10-08T00:43:22.173900+00:00,f8351ff1-0de8-11e7-991c-3863bb43a7d0,193,10,2,1,4,0,1,1,1,1791420056
2026-10-08T00:43:00+00:00,2026-10-08T00:43:22.173900+00:00,0bc49982-74e9-4bbf-9991-e3d809d6319e,530,16,5,0,3,0,1,1,1,1791420062
2026-10-08T00:43:00+00:00,2026-10-08T00:43:22.173900+00:00,082262bd-086b-46c7-83ce-eed2b39142ff,416,1,0,0,14,0,1,1,1,1791420062
2026-10-08T00:43:00+00:00,2026-10-08T00:43:22.173900+00:00,1e3beeb4-f8e1-452c-93e5-48df78d4b313,334,10,4,0,8,0,1,1,1,1791420062
2026-10-08T00:43:00+00:00,2026-10-08T00:43:22.173900+00:00,634b697d-0e64-4102-8849-abac7a7f8e35,455,5,1,0,7,0,1,1,1,1791420059
2026-10-08T00:43:00+00:00,2026-10-08T00:43:22.173900+00:00,3dbbb3cb-b52d-46f8-8f9c-db11e83d081c,327,15,6,0,0,0,1,1,1,1791420058
2026-10-08T00:43:00+00:00,2026-10-08T00:43:22.173900+00:00,f835259f-0de8-11e7-991c-3863bb43a7d0,205,3,2,1,11,0,1,1,1,1791420058
2026-10-08T00:43:00+00:00,2026-10-08T00:43:22.173900+00:00,f8352a4d-0de8-11e7-991c-3863bb43a7d0,212,13,0,3,16,0,1,1,1,1791420062
2026-10-08T00:43:00+00:00,2026-10-08T00:43:22.173900+00:00,dc770287-c70c-43ea-a635-39f3dc6b09cd,dc770287-c70c-43ea-a635-39f3dc6b09cd,11,4,0,0,0,1,1,1,1791420062
2026-10-08T00:43:00+00:00,2026-10-08T00:43:22.173900+00:00,a439fff7-8630-464c-b277-efca6f6bc664,531,11,3,3,0,0,1,1,1,1791420063
2026-10-08T00:43:00+00:00,2026-10-08T00:43:22.173900+00:00,f8347361-0de8-11e7-991c-3863bb43a7d0,26,10,0,0,5,0,1,1,1,1791420066
2026-10-08T00:43:00+00:00,2026-10-08T00:43:22.173900+00:00,dd8dee9d-d044-41d6-9371-8463cf9c671b,526,6,3,0,8,1,1,1,1,1791420066
2026-10-08T00:43:00+00:00,2026-10-08T00:43:22.173900+00:00,c98f50f6-1901-4c64-b164-8cf33245e022,282,16,1,1,0,1,1,1,1,1791420070
2026-10-08T00:43:00+00:00,2026-10-08T00:43:22.173900+00:00,f834a32d-0de8-11e7-991c-3863bb43a7d0,86,18,2,1,6,0,1,1,1,1791420088
2026-10-08T00:43:00+00:00,2026-10-08T00:43:22.173900+00:00,50cc3c7f-50ed-4c70-b483-c89f3f47c938,491,15,0,0,4,0,1,1,1,1791420088
2026-10-08T00:43:00+00:00,2026-10-08T00:43:22.173900+00:00,3a6d94a7-9fee-41c5-b8cc-a8487c5e691b,549,23,0,0,0,0,1,1,1,1791420091
2026-10-08T00:43:00+00:00,2026-10-08T00:43:22.173900+00:00,f834fb66-0de8-11e7-991c-3863bb43a7d0,139,16,3,1,2,0,1,1,1,1791420092
2026-10-08T00:43:00+00:00,2026-10-08T00:43:22.173900+00:00,f835141c-0de8-11e7-991c-3863bb43a7d0,178,14,0,2,2,0,1,1,1,1791420094
2026-10-08T00:43:00+00:00,2026-10-08T00:43:22.173900+00:00,609c2f06-310e-4134-8dd2-3d23aa41487b,609c2f06-310e-4134-8dd2-3d23aa41487b,19,3,1,2,0,1,1,1,1791420095
2026-10-08T00:43:00+00:00,2026-10-08T00:43:22.173900+00:00,dd008e3c-ff17-4c82-abe0-502272a62425,558,3,2,1,13,0,1,1,1,1791420097
2026-10-08T00:43:00+00:00,2026-10-08T00:43:22.173900+00:00,f8351e42-0de8-11e7-991c-3863bb43a7d0,189,0,0,0,23,0,1,1,1,1791420097
2026-10-08T00:43:00+00:00,2026-10-08T00:43:22.173900+00:00,0cb6d635-6a7d-4d75-89b4-36b12616be12,432,10,6,0,9,0,1,1,1,1791420094
2026-10-08T00:43:00+00:00,2026-10-08T00:43:22.173900+00:00,8f51f8f1-ecb8-4cd3-8529-296a03140c51,8f51f8f1-ecb8-4cd3-8529-296a03140c51,8,3,0,11,0,1,1,1,1791420094
2026-10-08T00:43:00+00:00,2026-10-08T00:43:22.173900+00:00,66763558-7a03-48a9-8665-6b4445b81f48,458,14,7,0,1,0,1,1,1,1791420102
2026-10-08T00:43:00+00:00,2026-10-08T00:43:22.173900+00:00,2071724371800490690,2071724371800490690,8,0,0,12,0,1,1,1,1791420101
2026-10-08T00:43:00+00:00,2026-10-08T00:43:22.173900+00:00,4764641e-b080-4c70-a1e1-049de81e09d0,273,26,4,3,12,0,1,1,1,1791420101
2026-10-08T00:43:00+00:00,2026-10-08T00:43:22.173900+00:00,a9d13461-7f0f-47b0-9a97-8ec9e9792865,533,16,1,1,2,0,1,1,1,1791420101
2026-10-08T00:43:00+00:00,2026-10-08T00:43:22.173900+00:00,25cc602a-152a-4abe-9df8-a131d0a5d94b,235,15,6,0,0,0,1,1,1,1791420101
2026-10-08T00:43:00+00:00,2026-10-08T00:43:22.173900+00:00,a9bc314b-a3fd-46e5-a63b-f005258bba5f,a9bc314b-a3fd-46e5-a63b-f005258bba5f,4,0,0,13,1,1,1,1,1791420098
2026-10-08T00:43:00+00:00,2026-10-08T00:43:22.173900+00:00,f834fda2-0de8-11e7-991c-3863bb43a7d0,143,6,0,0,17,0,1,1,1,1791420080
2026-10-08T00:43:00+00:00,2026-10-08T00:43:22.173900+00:00,f4a64c30-b97f-4ae5-b531-a11698b558d7,562,6,2,0,3,0,1,1,1,1791420077
2026-10-08T00:43:00+00:00,2026-10-08T00:43:22.173900+00:00,68323451-daf0-4532-a6cb-b070e3ef358f,68323451-daf0-4532-a6cb-b070e3ef358f,2,0,0,17,0,1,1,1,1791420077
2026-10-08T00:43:00+00:00,2026-10-08T00:43:22.173900+00:00,2002247509585342522,2002247509585342522,7,1,0,4,0,1,1,1,1791420079
2026-10-08T00:43:00+00:00,2026-10-08T00:43:22.173900+00:00,2158217922577811100,2158217922577811100,5,0,0,14,0,1,1,1,1791420075
2026-10-08T00:43:00+00:00,2026-10-08T00:43:22.173900+00:00,fae99a0c-e88a-4112-94d8-f655cf34e651,fae99a0c-e88a-4112-94d8-f655cf34e651,4,1,2,13,0,1,1,1,1791420075
2026-10-08T00:43:00+00:00,2026-10-08T00:43:22.173900+00:00,2120986392451359068,2120986392451359068,6,0,0,13,0,1,1,1,1791420073
2026-10-08T00:43:00+00:00,2026-10-08T00:43:22.173900+00:00,f8346a3c-0de8-11e7-991c-3863bb43a7d0,10,0,0,2,9,0,1,1,1,1791420086
2026-10-08T00:43:00+00:00,2026-10-08T00:43:22.173900+00:00,e49a5b83-2c9c-4610-a48b-89cfea172c8f,504,6,0,0,5,0,1,1,1,1791420085
2026-10-08T00:43:00+00:00,2026-10-08T00:43:22.173900+00:00,2035765531590062506,2035765531590062506,7,1,3,1,0,1,1,1,1791420086
2026-10-08T00:43:00+00:00,2026-10-08T00:43:22.173900+00:00,2079440939380771716,2079440939380771716,1,1,1,9,0,1,1,1,1791420084
2026-10-08T00:43:00+00:00,2026-10-08T00:43:22.173900+00:00,b0b8e427-7203-4844-9c70-129e08a74452,347,13,4,1,0,0,1,1,1,1791420106
2026-10-08T00:43:00+00:00,2026-10-08T00:43:22.173900+00:00,1984021766354634770,1984021766354634770,8,0,0,11,0,1,1,1,1791420105
2026-10-08T00:43:00+00:00,2026-10-08T00:43:22.173900+00:00,af066ffd-b892-434f-8532-1982fc408780,480,6,0,0,5,0,1,1,1,1791420104
2026-10-08T00:43:00+00:00,2026-10-08T00:43:22.173900+00:00,f834ffc9-0de8-11e7-991c-3863bb43a7d0,146,19,3,0,0,0,1,1,1,1791420105
2026-10-08T00:43:00+00:00,2026-10-08T00:43:22.173900+00:00,2fded452-cbd0-4248-b008-f8a61ed9a85f,2fded452-cbd0-4248-b008-f8a61ed9a85f,1,0,0,14,0,1,1,1,1791420103
2026-10-08T00:43:00+00:00,2026-10-08T00:43:22.173900+00:00,1994461916590643872,1994461916590643872,10,2,1,0,0,1,1,1,1791420105
2026-10-08T00:43:00+00:00,2026-10-08T00:43:22.173900+00:00,f836bc28-36a7-4ca6-bba6-0d75333d84bb,538,14,1,1,4,0,1,1,1,1791420106
2026-10-08T00:43:00+00:00,2026-10-08T00:43:22.173900+00:00,2012646293885032702,2012646293885032702,20,0,0,4,0,1,1,1,1791420110
2026-10-08T00:43:00+00:00,2026-10-08T00:43:22.173900+00:00,1206f5c8-7d1f-4c32-9d65-f3e80186fbde,511,8,5,1,10,0,1,1,1,1791420109
2026-10-08T00:43:00+00:00,2026-10-08T00:43:22.173900+00:00,f8349de4-0de8-11e7-991c-3863bb43a7d0,80,2,0,0,32,0,1,1,1,1791420108
2026-10-08T00:43:00+00:00,2026-10-08T00:43:22.173900+00:00,d81e16e2-a410-4a0b-b5ae-b72748fc9781,d81e16e2-a410-4a0b-b5ae-b72748fc9781,9,0,0,10,0,1,1,1,1791420107
2026-10-08T00:43:00+00:00,2026-10-08T00:43:22.173900+00:00,2248987790637065652,2248987790637065652,12,2,0,0,0,1,1,1,1791420058
2026-10-08T00:43:00+00:00,2026-10-08T00:43:22.173900+00:00,be7e7068-b85f-42c1-8ea1-e1d64e531323,be7e7068-b85f-42c1-8ea1-e1d64e531323,10,5,0,5,0,1,1,1,1791420131
2026-10-08T00:43:00+00:00,2026-10-08T00:43:22.173900+00:00,f8346c01-0de8-11e7-991c-3863bb43a7d0,13,2,2,0,17,0,1,1,1,1791420130
2026-10-08T00:43:00+00:00,2026-10-08T00:43:22.173900+00:00,f8349672-0de8-11e7-991c-3863bb43a7d0,72,0,0,0,23,0,1,1,1,1791420131
2026-10-08T00:43:00+00:00,2026-10-08T00:43:22.173900+00:00,fbb9b58c-2b92-4bcf-8e4c-a982e40d2f39,221,1,0,1,17,0,1,1,1,1791420133
2026-10-08T00:43:00+00:00,2026-10-08T00:43:22.173900+00:00,f8348924-0de8-11e7-991c-3863bb43a7d0,57,13,0,0,1,0,1,1,1,1791420133
2026-10-08T00:43:00+00:00,2026-10-08T00:43:22.173900+00:00,1961066392414132348,1961066392414132348,3,1,0,16,0,1,1,1,1791420134
2026-10-08T00:43:00+00:00,2026-10-08T00:43:22.173900+00:00,f1cafe36-f800-41f6-b74d-73953cb6394c,471,0,0,0,27,0,1,1,1,1791420134
2026-10-08T00:43:00+00:00,2026-10-08T00:43:22.173900+00:00,57caf362-1e8b-46aa-9ee3-82341c405ab0,271,2,0,1,12,0,1,1,1,1791420113
2026-10-08T00:43:00+00:00,2026-10-08T00:43:22.173900+00:00,2111332861978124760,2111332861978124760,3,1,1,12,0,1,1,1,1791420126
2026-10-08T00:43:00+00:00,2026-10-08T00:43:22.173900+00:00,2080157934789007958,2080157934789007958,16,2,2,1,0,1,1,1,1791420122
2026-10-08T00:43:00+00:00,2026-10-08T00:43:22.173900+00:00,2223046412750968128,2223046412750968128,4,2,0,15,0,1,1,1,1791420123
2026-10-08T00:43:00+00:00,2026-10-08T00:43:22.173900+00:00,7dd0fc98-c1dd-4c93-9c1d-4bbdf5f93346,473,14,9,0,0,0,1,1,1,1791420129
2026-10-08T00:43:00+00:00,2026-10-08T00:43:22.173900+00:00,3de6e5da-9702-4623-8683-26abd98012a8,525,4,0,0,8,0,1,1,1,1791420128
2026-10-08T00:43:00+00:00,2026-10-08T00:43:22.173900+00:00,2100948177843249670,2100948177843249670,7,4,0,4,0,1,1,1,1791420125
2026-10-08T00:43:00+00:00,2026-10-08T00:43:22.173900+00:00,ee18dbd6-05b8-4d38-a120-f84c3499a77e,519,5,1,0,6,0,1,1,1,1791420125
2026-10-08T00:43:00+00:00,2026-10-08T00:43:22.173900+00:00,31382324-2931-491a-827a-40149e45afee,232,5,0,0,6,0,1,1,1,1791420120
2026-10-08T00:43:00+00:00,2026-10-08T00:43:22.173900+00:00,dd05a440-f881-410c-a071-864da11c634a,318,0,0,0,19,0,1,1,1,1791420115
2026-10-08T00:43:00+00:00,2026-10-08T00:43:22.173900+00:00,f834923d-0de8-11e7-991c-3863bb43a7d0,65,5,0,0,14,0,1,1,1,1791420121
2026-10-08T00:43:00+00:00,2026-10-08T00:43:22.173900+00:00,f8348781-0de8-11e7-991c-3863bb43a7d0,53,8,0,1,10,0,1,1,1,1791420122
2026-10-08T00:43:00+00:00,2026-10-08T00:43:22.173900+00:00,3c837bc0-fd08-49c4-adf5-0e9a98e918a7,524,6,0,1,8,0,1,1,1,1791420118
2026-10-08T00:43:00+00:00,2026-10-08T00:43:22.173900+00:00,f834b50a-0de8-11e7-991c-3863bb43a7d0,102,10,2,0,5,0,1,1,1,1791420123
2026-10-08T00:43:00+00:00,2026-10-08T00:43:22.173900+00:00,f8348021-0de8-11e7-991c-3863bb43a7d0,39,23,1,1,4,0,1,1,1,1791420150
2026-10-08T00:43:00+00:00,2026-10-08T00:43:22.173900+00:00,b5894555-30a3-46db-918a-fdeb083d6001,336,11,6,1,3,0,1,1,1,1791420149
2026-10-08T00:43:00+00:00,2026-10-08T00:43:22.173900+00:00,f83514f9-0de8-11e7-991c-3863bb43a7d0,180,10,1,1,8,0,1,1,1,1791420150
2026-10-08T00:43:00+00:00,2026-10-08T00:43:22.173900+00:00,f8348857-0de8-11e7-991c-3863bb43a7d0,55,9,0,1,5,0,1,1,1,1791420154
2026-10-08T00:43:00+00:00,2026-10-08T00:43:22.173900+00:00,2136546016037880534,2136546016037880534,4,1,0,11,0,1,1,1,1791420154
2026-10-08T00:43:00+00:00,2026-10-08T00:43:22.173900+00:00,efd724b2-31cb-4aec-b9d9-8ab79271630c,493,9,0,0,8,0,1,1,1,1791420154
2026-10-08T00:43:00+00:00,2026-10-08T00:43:22.173900+00:00,2074236051937964826,2074236051937964826,14,0,0,1,1,1,1,1,1791420154
2026-10-08T00:43:00+00:00,2026-10-08T00:43:22.173900+00:00,ee0fa23e-a6c2-474d-a6ef-bf581d63f1ae,ee0fa23e-a6c2-474d-a6ef-bf581d63f1ae,4,0,0,7,0,1,1,1,1791420153
2026-10-08T00:43:00+00:00,2026-10-08T00:43:22.173900+00:00,f834d064-0de8-11e7-991c-3863bb43a7d0,118,7,1,0,12,0,1,1,1,1791420151
2026-10-08T00:43:00+00:00,2026-10-08T00:43:22.173900+00:00,a3b94ed8-8301-4ec6-baf2-64ac493b5106,529,1,0,0,13,0,1,1,1,1791420150
2026-10-08T00:43:00+00:00,2026-10-08T00:43:22.173900+00:00,f8350be5-0de8-11e7-991c-3863bb43a7d0,160,0,0,1,13,0,1,1,1,1791420150
2026-10-08T00:43:00+00:00,2026-10-08T00:43:22.173900+00:00,4caf6e93-ddd7-4b6f-9e61-f9df1206ac92,4caf6e93-ddd7-4b6f-9e61-f9df1206ac92,11,8,0,8,0,1,1,1,1791420151
2026-10-08T00:43:00+00:00,2026-10-08T00:43:22.173900+00:00,f834db9b-0de8-11e7-991c-3863bb43a7d0,121,16,6,0,1,0,1,1,1,1791420151
2026-10-08T00:43:00+00:00,2026-10-08T00:43:22.173900+00:00,f8352150-0de8-11e7-991c-3863bb43a7d0,196,1,1,0,9,0,1,1,1,1791420138
2026-10-08T00:43:00+00:00,2026-10-08T00:43:22.173900+00:00,8b703219-1e16-4ba1-9f46-2b7030c7849a,360,3,2,2,10,0,1,1,1,1791420139
2026-10-08T00:43:00+00:00,2026-10-08T00:43:22.173900+00:00,e3f5d039-a49e-4b3b-ab4d-4efbef2068c6,e3f5d039-a49e-4b3b-ab4d-4efbef2068c6,12,3,1,9,0,1,1,1,1791420140
2026-10-08T00:43:00+00:00,2026-10-08T00:43:22.173900+00:00,2115804056935012722,2115804056935012722,0,0,0,18,0,1,1,1,1791420140
2026-10-08T00:43:00+00:00,2026-10-08T00:43:22.173900+00:00,910f1452-dbeb-4e69-b226-71b2d7e85715,910f1452-dbeb-4e69-b226-71b2d7e85715,8,8,0,2,0,1,1,1,1791420140
2026-10-08T00:43:00+00:00,2026-10-08T00:43:22.173900+00:00,2124668538068359456,2124668538068359456,15,0,0,4,0,1,1,1,1791420137
2026-10-08T00:43:00+00:00,2026-10-08T00:43:22.173900+00:00,2171110977443594588,2171110977443594588,8,0,1,6,0,1,1,1,1791420143
2026-10-08T00:43:00+00:00,2026-10-08T00:43:22.173900+00:00,f835027c-0de8-11e7-991c-3863bb43a7d0,152,10,1,0,17,0,1,1,1,1791420144
2026-10-08T00:43:00+00:00,2026-10-08T00:43:22.173900+00:00,c935cfb1-ef73-402e-9b86-83aaaac6534d,478,4,0,1,14,0,1,1,1,1791420140
2026-10-08T00:43:00+00:00,2026-10-08T00:43:22.173900+00:00,f834ff5a-0de8-11e7-991c-3863bb43a7d0,145,5,0,1,13,0,1,1,1,1791420141
2026-10-08T00:43:00+00:00,2026-10-08T00:43:22.173900+00:00,f8352c1a-0de8-11e7-991c-3863bb43a7d0,216,7,2,2,10,0,1,1,1,1791420141
2026-10-08T00:43:00+00:00,2026-10-08T00:43:22.173900+00:00,3b158c7a-a362-43ae-af1f-121b78be32d7,483,6,2,1,10,0,1,1,1,1791420140
2026-10-08T00:43:00+00:00,2026-10-08T00:43:22.173900+00:00,2004828637786472956,2004828637786472956,10,3,0,9,0,1,1,1,1791420144
2026-10-08T00:43:00+00:00,2026-10-08T00:43:22.173900+00:00,13681246-4bf8-444a-a908-fa165e4ad298,329,12,2,2,1,0,1,1,1,1791420146
2026-10-08T00:43:00+00:00,2026-10-08T00:43:22.173900+00:00,f8353277-0de8-11e7-991c-3863bb43a7d0,218,0,0,0,15,0,1,1,1,1791420147
2026-10-08T00:43:00+00:00,2026-10-08T00:43:22.173900+00:00,f83472d3-0de8-11e7-991c-3863bb43a7d0,25,15,2,0,0,0,1,1,1,1791420148
2026-10-08T00:43:00+00:00,2026-10-08T00:43:22.173900+00:00,2256120653476329202,2256120653476329202,13,1,0,2,0,1,1,1,1791420155
2026-10-08T00:43:00+00:00,2026-10-08T00:43:22.173900+00:00,f8350c56-0de8-11e7-991c-3863bb43a7d0,161,23,2,0,0,0,1,1,1,1791420156
2026-10-08T00:43:00+00:00,2026-10-08T00:43:22.173900+00:00,2253794653988522864,2253794653988522864,8,1,0,11,0,1,1,1,1791420158
2026-10-08T00:43:00+00:00,2026-10-08T00:43:22.173900+00:00,f834b652-0de8-11e7-991c-3863bb43a7d0,104,8,2,1,10,0,1,1,1,1791420158
2026-10-08T00:43:00+00:00,2026-10-08T00:43:22.173900+00:00,3f4f4ad4-a715-43d5-828f-f8381f26b66a,390,9,0,0,5,1,1,1,1,1791420158
2026-10-08T00:43:00+00:00,2026-10-08T00:43:22.173900+00:00,f834ba08-0de8-11e7-991c-3863bb43a7d0,108,1,0,0,15,0,1,1,1,1791420097
2026-10-08T00:43:00+00:00,2026-10-08T00:43:22.173900+00:00,93381e13-cd04-4e10-ac81-9f5926aa01d5,333,7,1,1,17,0,1,1,1,1791420098
2026-10-08T00:43:00+00:00,2026-10-08T00:43:22.173900+00:00,42886366-9cbf-432c-ba84-beef38877c87,408,14,4,1,0,0,1,1,1,1791420099
2026-10-08T00:43:00+00:00,2026-10-08T00:43:22.173900+00:00,f834dc46-0de8-11e7-991c-3863bb43a7d0,122,11,1,0,4,0,1,1,1,1791420100
2026-10-08T00:43:00+00:00,2026-10-08T00:43:22.173900+00:00,2123672938202825324,2123672938202825324,11,0,0,4,0,1,1,1,1791420101
2026-10-08T00:43:00+00:00,2026-10-08T00:43:22.173900+00:00,7feae3ce-ddf2-4a45-a123-1209c8a9182b,484,2,0,0,9,0,1,1,1,1791420098
2026-10-08T00:43:00+00:00,2026-10-08T00:43:22.173900+00:00,c202f2ca-ec1d-4dc5-a734-e0a342f23ba4,279,22,5,1,0,0,1,1,1,1791420099
2026-10-08T00:43:00+00:00,2026-10-08T00:43:22.173900+00:00,f834b99d-0de8-11e7-991c-3863bb43a7d0,107,0,0,1,18,0,1,1,1,1791420099
2026-10-08T00:43:00+00:00,2026-10-08T00:43:22.173900+00:00,f834a3a0-0de8-11e7-991c-3863bb43a7d0,87,15,4,0,0,0,1,1,1,1791420103
2026-10-08T00:43:00+00:00,2026-10-08T00:43:22.173900+00:00,2225590560002383786,2225590560002383786,0,0,0,15,0,1,1,1,1791420104
2026-10-08T00:43:00+00:00,2026-10-08T00:43:22.173900+00:00,9f582e05-15e0-4a39-aef5-c719e0c78e26,466,2,1,2,7,0,1,1,1,1791420102
2026-10-08T00:43:00+00:00,2026-10-08T00:43:22.173900+00:00,81676204-e42f-4d3d-991e-9c1264f36229,357,15,1,0,0,0,1,1,1,1791420102
2026-10-08T00:43:00+00:00,2026-10-08T00:43:22.173900+00:00,f8347b1e-0de8-11e7-991c-3863bb43a7d0,30,2,2,0,13,0,1,1,1,1791420106
2026-10-08T00:43:00+00:00,2026-10-08T00:43:22.173900+00:00,2245672241002318634,2245672241002318634,8,0,1,9,0,1,1,1,1791420110
2026-10-08T00:43:00+00:00,2026-10-08T00:43:22.173900+00:00,12d463d2-ce50-43bd-81b1-6be4dbdbbc1b,430,13,4,0,6,0,1,1,1,1791420110
2026-10-08T00:43:00+00:00,2026-10-08T00:43:22.173900+00:00,f8285d4f-5053-4e26-bb28-72016fe11353,405,12,0,1,6,0,1,1,1,1791420107
2026-10-08T00:43:00+00:00,2026-10-08T00:43:22.173900+00:00,f834dedf-0de8-11e7-991c-3863bb43a7d0,124,7,3,1,6,0,1,1,1,1791420108
2026-10-08T00:43:00+00:00,2026-10-08T00:43:22.173900+00:00,2130224177726511580,2130224177726511580,7,0,0,8,0,1,1,1,1791420109
2026-10-08T00:43:00+00:00,2026-10-08T00:43:22.173900+00:00,0daf7408-7a15-4d2b-8c39-f1a097cdbe85,403,15,3,0,0,0,1,1,1,1791420111
2026-10-08T00:43:00+00:00,2026-10-08T00:43:22.173900+00:00,2071630998981871920,2071630998981871920,12,4,1,7,0,1,1,1,1791420107
2026-10-08T00:43:00+00:00,2026-10-08T00:43:22.173900+00:00,2035660824473983142,2035660824473983142,7,0,0,11,1,1,1,1,1791420107
2026-10-08T00:43:00+00:00,2026-10-08T00:43:22.173900+00:00,f83515d8-0de8-11e7-991c-3863bb43a7d0,182,15,0,0,4,0,1,1,1,1791420108
2026-10-08T00:43:00+00:00,2026-10-08T00:43:22.173900+00:00,f834f8ca-0de8-11e7-991c-3863bb43a7d0,137,17,10,0,2,0,1,1,1,1791420113
2026-10-08T00:43:00+00:00,2026-10-08T00:43:22.173900+00:00,f8352ac4-0de8-11e7-991c-3863bb43a7d0,213,5,0,3,6,0,1,1,1,1791420116
2026-10-08T00:43:00+00:00,2026-10-08T00:43:22.173900+00:00,52485851-e554-49de-ab9f-f536806d2d34,52485851-e554-49de-ab9f-f536806d2d34,4,4,1,5,0,1,1,1,1791420117
2026-10-08T00:43:00+00:00,2026-10-08T00:43:22.173900+00:00,2007420398783036020,2007420398783036020,6,0,0,14,0,1,1,1,1791420115
2026-10-08T00:43:00+00:00,2026-10-08T00:43:22.173900+00:00,c1789d39-705f-4c03-9c14-4d6a3a4f4400,561,5,0,0,14,0,1,1,1,1791420116
2026-10-08T00:43:00+00:00,2026-10-08T00:43:22.173900+00:00,9e9be067-c6bb-41de-9491-eda69d24d6de,371,10,6,0,8,1,1,1,1,1791420112
2026-10-08T00:43:00+00:00,2026-10-08T00:43:22.173900+00:00,fe534b6f-61ad-47d3-b9f6-cdaa128f53a4,395,4,0,2,9,0,1,1,1,1791420113
2026-10-08T00:43:00+00:00,2026-10-08T00:43:22.173900+00:00,f8351490-0de8-11e7-991c-3863bb43a7d0,179,12,0,3,37,1,1,1,1,1791420115
2026-10-08T00:43:00+00:00,2026-10-08T00:43:22.173900+00:00,228b8017-e4da-4722-9223-b8279a14b8ad,448,0,0,0,10,0,1,1,1,1791420043
2026-10-08T00:43:00+00:00,2026-10-08T00:43:22.173900+00:00,2129865213174084448,2129865213174084448,13,5,0,6,0,1,1,1,1791420043
2026-10-08T00:43:00+00:00,2026-10-08T00:43:22.173900+00:00,403c0f6c-d01a-4171-a7be-3aa4dbb0d7d1,407,5,3,2,11,0,1,1,1,1791420064
2026-10-08T00:43:00+00:00,2026-10-08T00:43:22.173900+00:00,f8351726-0de8-11e7-991c-3863bb43a7d0,185,0,0,1,14,0,1,1,1,1791420063
2026-10-08T00:43:00+00:00,2026-10-08T00:43:22.173900+00:00,a3bf0bfe-198b-4160-a2fb-cc7d10cfb4cf,a3bf0bfe-198b-4160-a2fb-cc7d10cfb4cf,17,6,0,2,0,1,1,1,1791420064
2026-10-08T00:43:00+00:00,2026-10-08T00:43:22.173900+00:00,f834658f-0de8-11e7-991c-3863bb43a7d0,4,16,0,0,3,0,1,1,1,1791420065
2026-10-08T00:43:00+00:00,2026-10-08T00:43:22.173900+00:00,7df1ee28-441e-44c1-8507-8f58946be96b,239,6,0,0,9,0,1,1,1,1791420120
2026-10-08T00:43:00+00:00,2026-10-08T00:43:22.173900+00:00,5bbdd12f-fec4-4741-9d5d-4a60834c5d02,377,4,2,0,15,0,1,1,1,1791420118
2026-10-08T00:43:00+00:00,2026-10-08T00:43:22.173900+00:00,f8350204-0de8-11e7-991c-3863bb43a7d0,151,1,0,0,18,0,1,1,1,1791420117
2026-10-08T00:43:00+00:00,2026-10-08T00:43:22.173900+00:00,e2c306f6-82c7-4d0d-89fd-c9452d2f9ad1,361,18,2,2,23,0,1,1,1,1791420118
2026-10-08T00:43:00+00:00,2026-10-08T00:43:22.173900+00:00,0b0467c1-0c90-4529-a556-fe4d57835bbb,435,13,11,0,1,1,1,1,1,1791420122
2026-10-08T00:43:00+00:00,2026-10-08T00:43:22.173900+00:00,f8346f6f-0de8-11e7-991c-3863bb43a7d0,19,9,1,0,5,0,1,1,1,1791420122
2026-10-08T00:43:00+00:00,2026-10-08T00:43:22.173900+00:00,1976642295079838524,1976642295079838524,8,0,1,2,0,1,1,1,1791420122
2026-10-08T00:43:00+00:00,2026-10-08T00:43:22.173900+00:00,2267959380696438832,2267959380696438832,7,0,0,4,0,1,1,1,1791420073
2026-10-08T00:43:00+00:00,2026-10-08T00:43:22.173900+00:00,ca76adb6-4c84-4484-9ec3-b411b81ddbef,ca76adb6-4c84-4484-9ec3-b411b81ddbef,4,0,2,13,0,1,1,1,1791420074
2026-10-08T00:43:00+00:00,2026-10-08T00:43:22.173900+00:00,f0f01d4c-ba4a-4ab2-9cc0-9fa1f9223300,394,4,1,0,10,0,1,1,1,1791420079
2026-10-08T00:43:00+00:00,2026-10-08T00:43:22.173900+00:00,2002248857751890568,2002248857751890568,10,6,1,0,0,1,1,1,1791420077
2026-10-08T00:43:00+00:00,2026-10-08T00:43:22.173900+00:00,c23a4c0d-7e43-4042-80e2-7c894d07763b,559,5,1,0,6,0,1,1,1,1791420077
2026-10-08T00:43:00+00:00,2026-10-08T00:43:22.173900+00:00,ed6c012e-6d6c-41e7-8e01-90749fd67575,546,8,7,0,8,0,1,1,1,1791420080
2026-10-08T00:43:00+00:00,2026-10-08T00:43:22.173900+00:00,1a39ab83-f029-4134-aad4-35380b30bf2c,1a39ab83-f029-4134-aad4-35380b30bf2c,2,0,0,17,0,1,1,1,1791420080
2026-10-08T00:43:00+00:00,2026-10-08T00:43:22.173900+00:00,aa556ad4-0092-4687-96c2-8dbc69addb56,485,2,1,2,7,0,1,1,1,1791420089
2026-10-08T00:43:00+00:00,2026-10-08T00:43:22.173900+00:00,1942556871369959976,1942556871369959976,13,5,0,6,0,1,1,1,1791420087
2026-10-08T00:43:00+00:00,2026-10-08T00:43:22.173900+00:00,a83f982f-a4f1-43e4-98e8-c8f4a0bb7290,452,14,1,1,0,0,1,1,1,1791420065
2026-10-08T00:43:00+00:00,2026-10-08T00:43:22.173900+00:00,1978882443666915710,1978882443666915710,5,0,0,12,1,1,1,1,1791420066
2026-10-08T00:43:00+00:00,2026-10-08T00:43:22.173900+00:00,4fe8e777-345b-4fc2-a684-dd874e8186d8,4fe8e777-345b-4fc2-a684-dd874e8186d8,5,3,3,4,3,1,1,1,1791420069
2026-10-08T00:43:00+00:00,2026-10-08T00:43:22.173900+00:00,2254164250455119196,2254164250455119196,6,6,0,9,0,1,1,1,1791420082
2026-10-08T00:43:00+00:00,2026-10-08T00:43:22.173900+00:00,7c860828-3359-4229-b59b-963f5a4bab00,236,9,0,3,0,0,1,1,1,1791420086
2026-10-08T00:43:00+00:00,2026-10-08T00:43:22.173900+00:00,f834fede-0de8-11e7-991c-3863bb43a7d0,144,6,0,0,13,0,1,1,1,1791420085
2026-10-08T00:43:00+00:00,2026-10-08T00:43:22.173900+00:00,f834fc57-0de8-11e7-991c-3863bb43a7d0,140,15,3,0,2,0,1,1,1,1791420086
2026-10-08T00:43:00+00:00,2026-10-08T00:43:22.173900+00:00,f83512c9-0de8-11e7-991c-3863bb43a7d0,175,11,5,1,5,0,1,1,1,1791420084
2026-10-08T00:43:00+00:00,2026-10-08T00:43:22.173900+00:00,bd3d4824-7203-4edc-a314-cea2b413e886,319,9,1,0,17,1,1,1,1,1791420086
2026-10-08T00:43:00+00:00,2026-10-08T00:43:22.173900+00:00,f834a838-0de8-11e7-991c-3863bb43a7d0,92,14,0,0,4,0,1,1,1,1791420093
2026-10-08T00:43:00+00:00,2026-10-08T00:43:22.173900+00:00,f83489ff-0de8-11e7-991c-3863bb43a7d0,59,1,0,0,17,1,1,1,1,1791420096
2026-10-08T00:43:00+00:00,2026-10-08T00:43:22.173900+00:00,f8351dc2-0de8-11e7-991c-3863bb43a7d0,188,10,3,0,5,0,1,1,1,1791420095
2026-10-08T00:43:00+00:00,2026-10-08T00:43:22.173900+00:00,1921360868231155718,1921360868231155718,1,0,1,17,0,1,1,1,1791420093
2026-10-08T00:43:00+00:00,2026-10-08T00:43:22.173900+00:00,2d32e355-faee-407b-9bb7-45d80ffb059a,2d32e355-faee-407b-9bb7-45d80ffb059a,0,0,0,19,0,1,1,1,1791420038
2026-10-08T00:43:00+00:00,2026-10-08T00:43:22.173900+00:00,2040842277416872172,2040842277416872172,1,0,0,15,0,1,1,1,1791420006
2026-10-08T00:43:00+00:00,2026-10-08T00:43:22.173900+00:00,a75d3da1-ce74-447f-8e80-52506a81aff3,a75d3da1-ce74-447f-8e80-52506a81aff3,7,4,0,4,0,1,1,1,1791420046
2026-10-08T00:43:00+00:00,2026-10-08T00:43:22.173900+00:00,f834caf2-0de8-11e7-991c-3863bb43a7d0,114,7,1,0,8,0,1,1,1,1791420045
2026-10-08T00:43:00+00:00,2026-10-08T00:43:22.173900+00:00,1676a6f7-c417-48d2-92e8-5ce21995efc3,374,0,0,0,18,0,1,1,1,1791420048
2026-10-08T00:43:00+00:00,2026-10-08T00:43:22.173900+00:00,bd1755dc-f26c-420e-85b3-fd025d0b5445,554,6,0,0,9,0,1,1,1,1791420050
2026-10-08T00:43:00+00:00,2026-10-08T00:43:22.173900+00:00,f8351eb0-0de8-11e7-991c-3863bb43a7d0,190,35,4,0,2,0,1,1,1,1791420050
2026-10-08T00:43:00+00:00,2026-10-08T00:43:22.173900+00:00,13d4171b-6d93-490e-923f-f2a17d5c7613,13d4171b-6d93-490e-923f-f2a17d5c7613,3,1,0,8,0,1,1,1,1791420051
2026-10-08T00:43:00+00:00,2026-10-08T00:43:22.173900+00:00,065e0e5d-8a0d-49b7-9c1f-c8eaba51a8b4,490,12,4,1,5,0,1,1,1,1791420054
2026-10-08T00:43:00+00:00,2026-10-08T00:43:22.173900+00:00,2098360140389493528,2098360140389493528,6,5,3,2,0,1,1,1,1791420054
2026-10-08T00:43:00+00:00,2026-10-08T00:43:22.173900+00:00,eee3aab6-bd98-4d1f-8887-9c4e2adce482,eee3aab6-bd98-4d1f-8887-9c4e2adce482,10,4,1,0,0,1,1,1,1791420051
2026-10-08T00:43:00+00:00,2026-10-08T00:43:22.173900+00:00,2151136782588526782,2151136782588526782,4,1,0,7,0,1,1,1,1791420052
2026-10-08T00:43:00+00:00,2026-10-08T00:43:22.173900+00:00,ad2fb6f2-921f-440c-83de-08be76e35c2a,468,2,0,1,11,0,1,1,1,1791420059
2026-10-08T00:43:00+00:00,2026-10-08T00:43:22.173900+00:00,e32c0bb9-e85b-4764-b0fb-5c582cfd3a90,340,14,8,1,2,1,1,1,1,1791420059
2026-10-08T00:43:00+00:00,2026-10-08T00:43:22.173900+00:00,f8352378-0de8-11e7-991c-3863bb43a7d0,200,7,0,0,12,0,1,1,1,1791420058
2026-10-08T00:43:00+00:00,2026-10-08T00:43:22.173900+00:00,2002579415401984808,2002579415401984808,6,2,0,5,0,1,1,1,1791420056
2026-10-08T00:43:00+00:00,2026-10-08T00:43:22.173900+00:00,f83520d8-0de8-11e7-991c-3863bb43a7d0,195,4,0,0,19,0,1,1,1,1791420056
2026-10-08T00:43:00+00:00,2026-10-08T00:43:22.173900+00:00,f83483f3-0de8-11e7-991c-3863bb43a7d0,46,0,0,1,38,0,1,1,1,1791420057
2026-10-08T00:43:00+00:00,2026-10-08T00:43:22.173900+00:00,2096125468116637776,2096125468116637776,14,0,0,1,0,1,1,1,1791420129
2026-10-08T00:43:00+00:00,2026-10-08T00:43:22.173900+00:00,5f8ced09-665c-41e5-b67e-1e58fac21830,521,1,1,0,10,0,1,1,1,1791420134
2026-10-08T00:43:00+00:00,2026-10-08T00:43:22.173900+00:00,f714390d-6874-43fa-a079-a07f83c79c7b,f714390d-6874-43fa-a079-a07f83c79c7b,6,0,0,5,0,1,1,1,1791420133
2026-10-08T00:43:00+00:00,2026-10-08T00:43:22.173900+00:00,2271594282663217386,2271594282663217386,3,3,0,8,0,1,1,1,1791420134
2026-10-08T00:43:00+00:00,2026-10-08T00:43:22.173900+00:00,f835260c-0de8-11e7-991c-3863bb43a7d0,206,4,0,0,36,0,1,1,1,1791420134
2026-10-08T00:43:00+00:00,2026-10-08T00:43:22.173900+00:00,8347c34d-68df-404b-ac58-7a387cc3ce4b,414,4,2,0,19,0,1,1,1,1791420129
2026-10-08T00:43:00+00:00,2026-10-08T00:43:22.173900+00:00,f83471a1-0de8-11e7-991c-3863bb43a7d0,23,1,0,0,23,1,1,1,1,1791420130
2026-10-08T00:43:00+00:00,2026-10-08T00:43:22.173900+00:00,f83481c5-0de8-11e7-991c-3863bb43a7d0,42,5,0,0,25,0,1,1,1,1791420129
2026-10-08T00:43:00+00:00,2026-10-08T00:43:22.173900+00:00,f8348a68-0de8-11e7-991c-3863bb43a7d0,60,3,0,0,15,0,1,1,1,1791420126
2026-10-08T00:43:00+00:00,2026-10-08T00:43:22.173900+00:00,f8349e56-0de8-11e7-991c-3863bb43a7d0,81,0,0,0,19,0,1,1,1,1791420126
2026-10-08T00:43:00+00:00,2026-10-08T00:43:22.173900+00:00,f8350a84-0de8-11e7-991c-3863bb43a7d0,157,1,0,1,13,0,1,1,1,1791420126
2026-10-08T00:43:00+00:00,2026-10-08T00:43:22.173900+00:00,d1c0b0c2-6e4c-424e-a946-a2a95a711633,422,5,1,0,10,0,1,1,1,1791420124
2026-10-08T00:43:00+00:00,2026-10-08T00:43:22.173900+00:00,eb8824c3-9c84-4fec-8d6f-d537c8ab3beb,349,13,10,0,3,1,1,1,1,1791420124
2026-10-08T00:43:00+00:00,2026-10-08T00:43:22.173900+00:00,f8349ed6-0de8-11e7-991c-3863bb43a7d0,82,16,4,1,8,0,1,1,1,1791420128
2026-10-08T00:43:00+00:00,2026-10-08T00:43:22.173900+00:00,2220822464984366036,2220822464984366036,5,2,0,7,0,1,1,1,1791420128
2026-10-08T00:43:00+00:00,2026-10-08T00:43:22.173900+00:00,2212663228188806942,2212663228188806942,10,1,0,14,0,1,1,1,1791420128
2026-10-08T00:43:00+00:00,2026-10-08T00:43:22.173900+00:00,2212258635631104970,2212258635631104970,3,1,0,20,0,1,1,1,1791420125
2026-10-08T00:43:00+00:00,2026-10-08T00:43:22.173900+00:00,fe6a64e7-c712-404c-85ae-ee77a37245b1,355,6,1,1,10,0,1,1,1,1791420122
2026-10-08T00:43:00+00:00,2026-10-08T00:43:22.173900+00:00,2104f242-2dde-4ec0-8197-4454b1021ac1,381,20,2,0,3,1,1,1,1,1791420136
2026-10-08T00:43:00+00:00,2026-10-08T00:43:22.173900+00:00,4f25f6ef-236b-43b4-8a92-68a24db0504b,4f25f6ef-236b-43b4-8a92-68a24db0504b,12,5,0,2,0,1,1,1,1791420137
2026-10-08T00:43:00+00:00,2026-10-08T00:43:22.173900+00:00,53548ba4-ad0a-4d92-8e57-fd5c9f3ad102,399,4,0,0,11,0,1,1,1,1791420138
2026-10-08T00:43:00+00:00,2026-10-08T00:43:22.173900+00:00,f834ec42-0de8-11e7-991c-3863bb43a7d0,131,14,0,1,3,0,1,1,1,1791420139
2026-10-08T00:43:00+00:00,2026-10-08T00:43:22.173900+00:00,2014558273483754010,2014558273483754010,14,4,0,5,0,1,1,1,1791420138
2026-10-08T00:43:00+00:00,2026-10-08T00:43:22.173900+00:00,12141b77-6e5f-444b-bace-2abf16db4fee,12141b77-6e5f-444b-bace-2abf16db4fee,9,5,0,2,0,1,1,1,1791420136
2026-10-08T00:43:00+00:00,2026-10-08T00:43:22.173900+00:00,81bfc33b-30d8-4881-b261-712715a8b2bc,363,13,1,0,4,1,1,1,1,1791420145
2026-10-08T00:43:00+00:00,2026-10-08T00:43:22.173900+00:00,f835108b-0de8-11e7-991c-3863bb43a7d0,170,1,0,0,13,0,1,1,1,1791420142
2026-10-08T00:43:00+00:00,2026-10-08T00:43:22.173900+00:00,2038981933682610536,2038981933682610536,8,3,0,8,0,1,1,1,1791420142
2026-10-08T00:43:00+00:00,2026-10-08T00:43:22.173900+00:00,f8352068-0de8-11e7-991c-3863bb43a7d0,194,9,1,0,10,0,1,1,1,1791420142
2026-10-08T00:43:00+00:00,2026-10-08T00:43:22.173900+00:00,9340e113-e0b2-48ac-b58a-8b6f001b0a94,486,4,1,0,7,0,1,1,1,1791420142
2026-10-08T00:43:00+00:00,2026-10-08T00:43:22.173900+00:00,2093488029445054742,2093488029445054742,0,0,0,28,0,1,1,1,1791420146
2026-10-08T00:43:00+00:00,2026-10-08T00:43:22.173900+00:00,2109111257926871498,2109111257926871498,15,3,0,4,0,1,1,1,1791420141
2026-10-08T00:43:00+00:00,2026-10-08T00:43:22.173900+00:00,4c128753-6fde-4d4c-896e-a1adf89ada98,4c128753-6fde-4d4c-896e-a1adf89ada98,1,0,2,21,1,1,1,1,1791420141
2026-10-08T00:43:00+00:00,2026-10-08T00:43:22.173900+00:00,2249419943962214726,2249419943962214726,5,0,0,14,0,1,1,1,1791420147
2026-10-08T00:43:00+00:00,2026-10-08T00:43:22.173900+00:00,be18593a-9e4c-4a13-8bb2-a5bac3d9b2b3,547,11,3,0,7,0,1,1,1,1791420147
2026-10-08T00:43:00+00:00,2026-10-08T00:43:22.173900+00:00,00802fe6-4268-4dc8-8f55-0dbbc1665ce6,515,8,0,0,11,0,1,1,1,1791420149
2026-10-08T00:43:00+00:00,2026-10-08T00:43:22.173900+00:00,f834ab92-0de8-11e7-991c-3863bb43a7d0,95,15,1,0,0,0,1,1,1,1791420149
2026-10-08T00:43:00+00:00,2026-10-08T00:43:22.173900+00:00,47c44bb1-d065-41f5-ad79-c18aee60af34,342,3,0,0,12,0,1,1,1,1791420149
2026-10-08T00:43:00+00:00,2026-10-08T00:43:22.173900+00:00,9c8366d8-3b58-4894-b281-09e22f6fe5f7,464,11,4,0,0,0,1,1,1,1791420150
2026-10-08T00:43:00+00:00,2026-10-08T00:43:22.173900+00:00,1989983491501558234,1989983491501558234,1,0,0,10,0,1,1,1,1791420151
2026-10-08T00:43:00+00:00,2026-10-08T00:43:22.173900+00:00,9cc65d3d-cfcc-45ff-8f75-7264556b1cf9,9cc65d3d-cfcc-45ff-8f75-7264556b1cf9,11,4,0,8,0,1,1,1,1791420152
2026-10-08T00:43:00+00:00,2026-10-08T00:43:22.173900+00:00,74cb9bf6-bb53-4c70-88d2-67998b99628c,296,23,10,0,0,0,1,1,1,1791420150
2026-10-08T00:43:00+00:00,2026-10-08T00:43:22.173900+00:00,2076849845777355316,2076849845777355316,20,0,2,7,3,1,1,1,1791420151
2026-10-08T00:43:00+00:00,2026-10-08T00:43:22.173900+00:00,f834ea45-0de8-11e7-991c-3863bb43a7d0,130,6,1,1,8,0,1,1,1,1791420154
2026-10-08T00:43:00+00:00,2026-10-08T00:43:22.173900+00:00,c5017e67-cada-4549-a52e-0f13dddd289d,424,4,2,0,15,0,1,1,1,1791420155
2026-10-08T00:43:00+00:00,2026-10-08T00:43:22.173900+00:00,f83529e2-0de8-11e7-991c-3863bb43a7d0,211,9,1,1,5,0,1,1,1,1791420155
2026-10-08T00:43:00+00:00,2026-10-08T00:43:22.173900+00:00,6e340d8e-45db-4fd9-b6eb-b74ec73b0d3e,535,5,1,3,7,0,1,1,1,1791420153
2026-10-08T00:43:00+00:00,2026-10-08T00:43:22.173900+00:00,f834a7d1-0de8-11e7-991c-3863bb43a7d0,91,1,0,1,17,0,1,1,1,1791420154
2026-10-08T00:43:00+00:00,2026-10-08T00:43:22.173900+00:00,186accbb-6a08-4e1d-b267-9033c4443a56,401,9,1,0,6,0,1,1,1,1791420155
2026-10-08T00:43:00+00:00,2026-10-08T00:43:22.173900+00:00,2131760674371160748,2131760674371160748,2,0,1,18,0,1,1,1,1791420157
2026-10-08T00:43:00+00:00,2026-10-08T00:43:22.173900+00:00,f834824e-0de8-11e7-991c-3863bb43a7d0,43,0,0,0,15,0,1,1,1,1791420133
2026-10-08T00:43:00+00:00,2026-10-08T00:43:22.173900+00:00,f83480a9-0de8-11e7-991c-3863bb43a7d0,40,22,1,1,8,0,1,1,1,1791420158
2026-10-08T00:43:00+00:00,2026-10-08T00:43:22.173900+00:00,2118368356250680236,2118368356250680236,0,0,0,16,0,1,1,1,1791420157
2026-10-08T00:43:00+00:00,2026-10-08T00:43:22.173900+00:00,1df03e33-c105-4e53-b013-d20056cd57f8,1df03e33-c105-4e53-b013-d20056cd57f8,0,0,0,0,0,0,0,0,86400
2026-10-08T00:43:00+00:00,2026-10-08T00:43:22.173900+00:00,2227858849424910006,2227858849424910006,8,0,0,0,0,1,1,1,1791419901
2026-10-08T00:43:00+00:00,2026-10-08T00:43:22.173900+00:00,f834f6a3-0de8-11e7-991c-3863bb43a7d0,135,0,0,0,17,0,1,1,1,1791420067
2026-10-08T00:43:00+00:00,2026-10-08T00:43:22.173900+00:00,36f36eed-1070-49be-8b31-5676b8b3489f,227,3,0,0,16,0,1,1,1,1791420066
2026-10-08T00:43:00+00:00,2026-10-08T00:43:22.173900+00:00,ff938129-8179-455c-9ac9-9fcb9fc0b6d5,ff938129-8179-455c-9ac9-9fcb9fc0b6d5,8,3,0,11,0,1,1,1,1791420064
2026-10-08T00:43:00+00:00,2026-10-08T00:43:22.173900+00:00,df03c61a-29d7-445d-9980-d7f058916591,345,2,0,0,17,0,1,1,1,1791420073
2026-10-08T00:43:00+00:00,2026-10-08T00:43:22.173900+00:00,940638c5-7cd0-4a11-899e-86af3868d400,532,7,1,0,11,0,1,1,1,1791420071
2026-10-08T00:43:00+00:00,2026-10-08T00:43:22.173900+00:00,f83491d4-0de8-11e7-991c-3863bb43a7d0,64,0,0,1,22,0,1,1,1,1791420072
2026-10-08T00:43:00+00:00,2026-10-08T00:43:22.173900+00:00,2087949096844032050,2087949096844032050,14,3,1,0,0,1,1,1,1791420073
2026-10-08T00:43:00+00:00,2026-10-08T00:43:22.173900+00:00,d7507124-4cab-4063-8445-a59a33a3d6e4,512,7,2,1,11,0,1,1,1,1791420074
2026-10-08T00:43:00+00:00,2026-10-08T00:43:22.173900+00:00,68e5e79a-3c94-4848-b619-9c0829d7f687,475,13,1,1,1,0,1,1,1,1791420039
2026-10-08T00:43:00+00:00,2026-10-08T00:43:22.173900+00:00,48abed77-c9ba-4a39-8a5c-6a1e9bb8a9a5,48abed77-c9ba-4a39-8a5c-6a1e9bb8a9a5,13,3,1,2,0,1,1,1,1791420040
2026-10-08T00:43:00+00:00,2026-10-08T00:43:22.173900+00:00,2246034666940677832,2246034666940677832,5,0,0,6,0,1,1,1,1791420045
2026-10-08T00:43:00+00:00,2026-10-08T00:43:22.173900+00:00,f8351f1d-0de8-11e7-991c-3863bb43a7d0,191,7,0,0,8,0,1,1,1,1791420074
2026-10-08T00:43:00+00:00,2026-10-08T00:43:22.173900+00:00,2039109354743046934,2039109354743046934,8,0,2,9,1,1,1,1,1791420079
2026-10-08T00:43:00+00:00,2026-10-08T00:43:22.173900+00:00,1965873511294959658,1965873511294959658,2,0,0,21,0,1,1,1,1791420078
2026-10-08T00:43:00+00:00,2026-10-08T00:43:22.173900+00:00,1a661bb7-7d14-49e9-ac3d-22bafec8a2f0,507,6,2,1,4,0,1,1,1,1791420079
2026-10-08T00:43:00+00:00,2026-10-08T00:43:22.173900+00:00,8d893519-bc21-4536-b346-f558988bc8ad,260,11,2,0,4,0,1,1,1,1791420083
2026-10-08T00:43:00+00:00,2026-10-08T00:43:22.173900+00:00,2069389896750516900,2069389896750516900,12,0,0,8,0,1,1,1,1791420084
2026-10-08T00:43:00+00:00,2026-10-08T00:43:22.173900+00:00,888780ee-bf2f-474e-9622-6bc725aa1b00,888780ee-bf2f-474e-9622-6bc725aa1b00,5,0,0,6,0,1,1,1,1791420085
2026-10-08T00:43:00+00:00,2026-10-08T00:43:22.173900+00:00,23146f28-9762-4a6d-a6db-fcd4ff0e5d07,356,16,1,0,7,0,1,1,1,1791420087
2026-10-08T00:43:00+00:00,2026-10-08T00:43:22.173900+00:00,f83517fa-0de8-11e7-991c-3863bb43a7d0,187,7,3,0,8,0,1,1,1,1791420087
2026-10-08T00:43:00+00:00,2026-10-08T00:43:22.173900+00:00,f8349b20-0de8-11e7-991c-3863bb43a7d0,76,11,3,0,6,0,1,1,1,1791420090
2026-10-08T00:43:00+00:00,2026-10-08T00:43:22.173900+00:00,b34694c2-c640-4f70-b196-1c357ab798e0,b34694c2-c640-4f70-b196-1c357ab798e0,12,4,0,3,0,1,1,1,1791420051
2026-10-08T00:43:00+00:00,2026-10-08T00:43:22.173900+00:00,f834a959-0de8-11e7-991c-3863bb43a7d0,94,7,6,0,3,0,1,1,1,1791420047
2026-10-08T00:43:00+00:00,2026-10-08T00:43:22.173900+00:00,57716f8d-c9ee-4768-8872-71343ec3ffd8,514,5,1,2,12,0,1,1,1,1791420049
2026-10-08T00:43:00+00:00,2026-10-08T00:43:22.173900+00:00,9721c80e-fc8f-474f-8918-b68c041d2836,9721c80e-fc8f-474f-8918-b68c041d2836,9,2,2,12,0,1,1,1,1791420057
2026-10-08T00:43:00+00:00,2026-10-08T00:43:22.173900+00:00,2080205593583047424,2080205593583047424,11,0,0,5,0,1,1,1,1791420025
2026-10-08T00:43:00+00:00,2026-10-08T00:43:22.173900+00:00,f83488be-0de8-11e7-991c-3863bb43a7d0,56,4,2,1,13,0,1,1,1,1791420091
2026-10-08T00:43:00+00:00,2026-10-08T00:43:22.173900+00:00,f8350b76-0de8-11e7-991c-3863bb43a7d0,159,2,2,2,15,1,1,1,1,1791420091
2026-10-08T00:43:00+00:00,2026-10-08T00:43:22.173900+00:00,f834e534-0de8-11e7-991c-3863bb43a7d0,128,5,1,0,14,0,1,1,1,1791420091
2026-10-08T00:43:00+00:00,2026-10-08T00:43:22.173900+00:00,8b97606e-a849-4db8-ae9b-4009fe48d90b,556,8,1,0,11,0,1,1,1,1791420091
2026-10-08T00:43:00+00:00,2026-10-08T00:43:22.173900+00:00,2145094035874873892,2145094035874873892,2,1,2,15,0,1,1,1,1791420096
2026-10-08T00:43:00+00:00,2026-10-08T00:43:22.173900+00:00,f8346803-0de8-11e7-991c-3863bb43a7d0,8,11,1,0,8,0,1,1,1,1791420101
2026-10-08T00:43:00+00:00,2026-10-08T00:43:22.173900+00:00,2270212773802111256,2270212773802111256,13,3,1,5,0,1,1,1,1791420096
2026-10-08T00:43:00+00:00,2026-10-08T00:43:22.173900+00:00,5b1d2661-8a93-4f14-b242-ebc52792f951,337,14,1,0,1,0,1,1,1,1791420097
2026-10-08T00:43:00+00:00,2026-10-08T00:43:22.173900+00:00,2014865445230483952,2014865445230483952,8,2,0,9,0,1,1,1,1791420097
2026-10-08T00:43:00+00:00,2026-10-08T00:43:22.173900+00:00,2110984374959099994,2110984374959099994,6,1,0,14,0,1,1,1,1791420111
2026-10-08T00:43:00+00:00,2026-10-08T00:43:22.173900+00:00,9bfa4a32-5598-46ea-a1a1-17b4c6ed9d84,431,10,2,0,5,0,1,1,1,1791420112
2026-10-08T00:43:00+00:00,2026-10-08T00:43:22.173900+00:00,2040842870122359032,2040842870122359032,0,0,0,20,0,1,1,1,1791420110
2026-10-08T00:43:00+00:00,2026-10-08T00:43:22.173900+00:00,f834b8b3-0de8-11e7-991c-3863bb43a7d0,105,16,3,0,2,0,1,1,1,1791420108
2026-10-08T00:43:00+00:00,2026-10-08T00:43:22.173900+00:00,0208190e-851c-417d-8bc7-1b218db97fbf,0208190e-851c-417d-8bc7-1b218db97fbf,0,0,0,23,0,1,1,1,1791420110
2026-10-08T00:43:00+00:00,2026-10-08T00:43:22.173900+00:00,7e1dae55-4d3d-4a41-b969-2aeca70e0e69,7e1dae55-4d3d-4a41-b969-2aeca70e0e69,3,0,1,7,0,1,1,1,1791420110
2026-10-08T00:43:00+00:00,2026-10-08T00:43:22.173900+00:00,1e1b40cd-8e00-4b74-b147-be6b23f5c9e7,385,4,0,0,11,0,1,1,1,1791420107
2026-10-08T00:43:00+00:00,2026-10-08T00:43:22.173900+00:00,ef6ef93b-488f-496b-afbf-3aedfd967129,517,3,2,0,12,0,1,1,1,1791420111
2026-10-08T00:43:00+00:00,2026-10-08T00:43:22.173900+00:00,b205d2bb-bb76-49ac-8d14-85eec5a874d3,343,8,2,1,6,0,1,1,1,1791420108
2026-10-08T00:43:00+00:00,2026-10-08T00:43:22.173900+00:00,f835288a-0de8-11e7-991c-3863bb43a7d0,208,15,1,0,0,0,1,1,1,1791420114
2026-10-08T00:43:00+00:00,2026-10-08T00:43:22.173900+00:00,1986302395589722758,1986302395589722758,6,0,0,4,0,1,1,1,1791420115
2026-10-08T00:43:00+00:00,2026-10-08T00:43:22.173900+00:00,90330e1a-dee5-4914-9d3f-3891aeca12ca,434,11,2,1,7,0,1,1,1,1791420112
2026-10-08T00:43:00+00:00,2026-10-08T00:43:22.173900+00:00,e4678b17-face-42c3-9b5f-98418d31e3b6,e4678b17-face-42c3-9b5f-98418d31e3b6,11,3,0,0,0,1,1,1,1791420113
2026-10-08T00:43:00+00:00,2026-10-08T00:43:22.173900+00:00,f83497b9-0de8-11e7-991c-3863bb43a7d0,74,3,0,0,16,0,1,1,1,1791420116
2026-10-08T00:43:00+00:00,2026-10-08T00:43:22.173900+00:00,f8352b39-0de8-11e7-991c-3863bb43a7d0,214,4,1,1,8,1,1,1,1,1791420116
2026-10-08T00:43:00+00:00,2026-10-08T00:43:22.173900+00:00,2249415127458891992,2249415127458891992,13,0,0,2,0,1,1,1,1791420077
2026-10-08T00:43:00+00:00,2026-10-08T00:43:22.173900+00:00,d22265a8-a6d7-4922-a6b5-4be738a9e5c4,392,4,1,0,11,0,1,1,1,1791420128
2026-10-08T00:43:00+00:00,2026-10-08T00:43:22.173900+00:00,f834708e-0de8-11e7-991c-3863bb43a7d0,21,1,0,1,16,0,1,1,1,1791420129
2026-10-08T00:43:00+00:00,2026-10-08T00:43:22.173900+00:00,2118728866631796788,2118728866631796788,4,0,0,11,0,1,1,1,1791420133
2026-10-08T00:43:00+00:00,2026-10-08T00:43:22.173900+00:00,61168d8b-20b7-46c8-8f08-6ae1f100c4e0,550,2,1,0,15,0,1,1,1,1791420133
2026-10-08T00:43:00+00:00,2026-10-08T00:43:22.173900+00:00,f8346ad7-0de8-11e7-991c-3863bb43a7d0,11,2,0,0,13,0,1,1,1,1791420133
2026-10-08T00:43:00+00:00,2026-10-08T00:43:22.173900+00:00,fe90d430-d33f-48b2-a5cd-bc161b220939,553,1,0,0,22,0,1,1,1,1791420131
2026-10-08T00:43:00+00:00,2026-10-08T00:43:22.173900+00:00,2090158541932726550,2090158541932726550,7,1,0,7,0,1,1,1,1791420091
2026-10-08T00:43:00+00:00,2026-10-08T00:43:22.173900+00:00,2088704000370565344,2088704000370565344,3,0,3,6,0,1,1,1,1791420130
2026-10-08T00:43:00+00:00,2026-10-08T00:43:22.173900+00:00,f834cfd8-0de8-11e7-991c-3863bb43a7d0,117,0,0,4,11,1,1,1,1,1791420134
2026-10-08T00:43:00+00:00,2026-10-08T00:43:22.173900+00:00,f8346d23-0de8-11e7-991c-3863bb43a7d0,15,7,0,0,8,0,1,1,1,1791420095
2026-10-08T00:43:00+00:00,2026-10-08T00:43:22.173900+00:00,f83482d2-0de8-11e7-991c-3863bb43a7d0,44,2,0,0,29,0,1,1,1,1791420091
2026-10-08T00:43:00+00:00,2026-10-08T00:43:22.173900+00:00,c5cfd1ed-aa44-4e20-96bb-e334c96f0d68,376,9,0,0,6,0,1,1,1,1791420093
2026-10-08T00:43:00+00:00,2026-10-08T00:43:22.173900+00:00,f8352219-0de8-11e7-991c-3863bb43a7d0,197,7,4,1,7,0,1,1,1,1791420096
2026-10-08T00:43:00+00:00,2026-10-08T00:43:22.173900+00:00,81323081-749c-44cf-ac62-0e6c64305c32,461,11,1,0,0,0,1,1,1,1791420100
2026-10-08T00:43:00+00:00,2026-10-08T00:43:22.173900+00:00,f834b101-0de8-11e7-991c-3863bb43a7d0,97,8,0,1,9,1,1,1,1,1791420104
2026-10-08T00:43:00+00:00,2026-10-08T00:43:22.173900+00:00,cf5f920f-b61d-4db0-b139-14aff04d577c,459,22,3,0,1,0,1,1,1,1791420103
2026-10-08T00:43:00+00:00,2026-10-08T00:43:22.173900+00:00,ea65c25f-0718-4f79-8588-c58b9fe3a105,226,13,4,0,1,1,1,1,1,1791420102
2026-10-08T00:43:00+00:00,2026-10-08T00:43:22.173900+00:00,aa964f5b-fadf-4fc1-8c91-84ee36e15f0d,341,15,0,0,0,0,1,1,1,1791420106
2026-10-08T00:43:00+00:00,2026-10-08T00:43:22.173900+00:00,380de8b2-2728-4e4b-83f1-251bfbb5acf2,487,10,3,0,9,0,1,1,1,1791420123
2026-10-08T00:43:00+00:00,2026-10-08T00:43:22.173900+00:00,f8350cc1-0de8-11e7-991c-3863bb43a7d0,162,0,0,0,15,0,1,1,1,1791420123
2026-10-08T00:43:00+00:00,2026-10-08T00:43:22.173900+00:00,6aebc664-1e3c-479f-8f65-2bae99215ed3,6aebc664-1e3c-479f-8f65-2bae99215ed3,6,4,0,5,0,1,1,1,1791420119
2026-10-08T00:43:00+00:00,2026-10-08T00:43:22.173900+00:00,f8347ccd-0de8-11e7-991c-3863bb43a7d0,33,8,0,0,19,0,1,1,1,1791420120
2026-10-08T00:43:00+00:00,2026-10-08T00:43:22.173900+00:00,f8352ba8-0de8-11e7-991c-3863bb43a7d0,215,1,0,0,14,0,1,1,1,1791420120
2026-10-08T00:43:00+00:00,2026-10-08T00:43:22.173900+00:00,2085366936904166272,2085366936904166272,9,1,2,4,0,1,1,1,1791420121
2026-10-08T00:43:00+00:00,2026-10-08T00:43:22.173900+00:00,baab0b05-a028-4147-8432-a2726c7e48ea,328,0,0,10,0,0,1,0,0,1791420121
2026-10-08T00:43:00+00:00,2026-10-08T00:43:22.173900+00:00,868ccc83-99e5-4faf-96eb-e1fae26b9741,481,5,1,0,14,0,1,1,1,1791420123
2026-10-08T00:43:00+00:00,2026-10-08T00:43:22.173900+00:00,1cced911-b428-4cfd-81be-3a8f77ce7379,233,8,0,1,6,0,1,1,1,1791420125
2026-10-08T00:43:00+00:00,2026-10-08T00:43:22.173900+00:00,f83513a7-0de8-11e7-991c-3863bb43a7d0,177,5,0,0,14,0,1,1,1,1791420124
2026-10-08T00:43:00+00:00,2026-10-08T00:43:22.173900+00:00,a6e0db4f-fc9b-42af-bfe0-36cc0259b717,446,0,0,1,15,0,1,1,1,1791420125
2026-10-08T00:43:00+00:00,2026-10-08T00:43:22.173900+00:00,f834abfd-0de8-11e7-991c-3863bb43a7d0,96,10,0,3,6,0,1,1,1,1791420128
2026-10-08T00:43:00+00:00,2026-10-08T00:43:22.173900+00:00,d5349097-b478-4b3f-9c46-d8fbcf38e3f4,509,9,2,0,3,0,1,1,1,1791420128
2026-10-08T00:43:00+00:00,2026-10-08T00:43:22.173900+00:00,f2b83aa2-86cd-4904-a099-74bf2023f768,330,10,1,0,5,0,1,1,1,1791420127
2026-10-08T00:43:00+00:00,2026-10-08T00:43:22.173900+00:00,7560f0e3-267b-4fb3-bbfa-6e02010cfcb7,225,14,0,0,5,0,1,1,1,1791420127
2026-10-08T00:43:00+00:00,2026-10-08T00:43:22.173900+00:00,b6a8522d-296d-4c05-887d-842374520780,545,10,10,0,3,1,1,1,1,1791420127
2026-10-08T00:43:00+00:00,2026-10-08T00:43:22.173900+00:00,f8347c41-0de8-11e7-991c-3863bb43a7d0,32,0,0,0,14,0,1,1,1,1791420125
2026-10-08T00:43:00+00:00,2026-10-08T00:43:22.173900+00:00,f834723b-0de8-11e7-991c-3863bb43a7d0,24,1,1,1,21,0,1,1,1,1791420135
2026-10-08T00:43:00+00:00,2026-10-08T00:43:22.173900+00:00,1994054629753598708,1994054629753598708,12,3,0,2,0,1,1,1,1791420136
2026-10-08T00:43:00+00:00,2026-10-08T00:43:22.173900+00:00,f834a8a0-0de8-11e7-991c-3863bb43a7d0,93,11,0,1,19,0,1,1,1,1791420139
2026-10-08T00:43:00+00:00,2026-10-08T00:43:22.173900+00:00,2090635592862466836,2090635592862466836,0,0,2,28,1,1,1,1,1791420142
2026-10-08T00:43:00+00:00,2026-10-08T00:43:22.173900+00:00,2259733531216984776,2259733531216984776,5,3,0,10,0,1,1,1,1791420143
2026-10-08T00:43:00+00:00,2026-10-08T00:43:22.173900+00:00,1991922092203192944,1991922092203192944,1,0,1,17,0,1,1,1,1791420143
2026-10-08T00:43:00+00:00,2026-10-08T00:43:22.173900+00:00,295553ea-851b-4ac2-a094-f9d1208e399a,412,9,0,0,10,0,1,1,1,1791420144
2026-10-08T00:43:00+00:00,2026-10-08T00:43:22.173900+00:00,f8349440-0de8-11e7-991c-3863bb43a7d0,68,1,0,1,16,0,1,1,1,1791420143
2026-10-08T00:43:00+00:00,2026-10-08T00:43:22.173900+00:00,f834c7a9-0de8-11e7-991c-3863bb43a7d0,112,9,5,0,6,0,1,1,1,1791420146
2026-10-08T00:43:00+00:00,2026-10-08T00:43:22.173900+00:00,fbc512a5-4b98-4821-bcfb-bb0c7ac83543,365,1,0,0,18,0,1,1,1,1791420146
2026-10-08T00:43:00+00:00,2026-10-08T00:43:22.173900+00:00,f83511d4-0de8-11e7-991c-3863bb43a7d0,173,8,0,0,5,1,1,1,1,1791420146
2026-10-08T00:43:00+00:00,2026-10-08T00:43:22.173900+00:00,56817d8e-3a1c-431a-a529-1a600f80c364,366,13,1,0,14,0,1,1,1,1791420147
2026-10-08T00:43:00+00:00,2026-10-08T00:43:22.173900+00:00,1994466222105870452,1994466222105870452,6,3,2,3,0,1,1,1,1791420147
2026-10-08T00:43:00+00:00,2026-10-08T00:43:22.173900+00:00,f8347f09-0de8-11e7-991c-3863bb43a7d0,37,2,0,0,13,0,1,1,1,1791420147
2026-10-08T00:43:00+00:00,2026-10-08T00:43:22.173900+00:00,ad2cf74c-0e8c-4e15-8f19-2259e8c82f0f,404,15,0,0,1,0,1,1,1,1791420146
2026-10-08T00:43:00+00:00,2026-10-08T00:43:22.173900+00:00,f9524971-e9f9-4572-aebc-580e48de042f,f9524971-e9f9-4572-aebc-580e48de042f,16,2,0,3,0,1,1,1,1791420147
2026-10-08T00:43:00+00:00,2026-10-08T00:43:22.173900+00:00,1963613484180639992,1963613484180639992,17,2,0,2,0,1,1,1,1791420142
2026-10-08T00:43:00+00:00,2026-10-08T00:43:22.173900+00:00,f834662c-0de8-11e7-991c-3863bb43a7d0,5,10,0,0,5,0,1,1,1,1791420141
2026-10-08T00:43:00+00:00,2026-10-08T00:43:22.173900+00:00,2085737662370069102,2085737662370069102,17,5,0,1,1,1,1,1,1791420143
2026-10-08T00:43:00+00:00,2026-10-08T00:43:22.173900+00:00,51bb4381-dae4-4aeb-b213-0614b807be29,344,0,0,0,19,0,1,1,1,1791420141
2026-10-08T00:43:00+00:00,2026-10-08T00:43:22.173900+00:00,2141791438824588162,2141791438824588162,13,1,0,6,0,1,1,1,1791420141
2026-10-08T00:43:00+00:00,2026-10-08T00:43:22.173900+00:00,8a404180-7c2e-4dbe-9489-c478ed959282,8a404180-7c2e-4dbe-9489-c478ed959282,0,0,2,17,0,1,1,1,1791420149
2026-10-08T00:43:00+00:00,2026-10-08T00:43:22.173900+00:00,f8352534-0de8-11e7-991c-3863bb43a7d0,204,4,4,0,11,0,1,1,1,1791420150
2026-10-08T00:43:00+00:00,2026-10-08T00:43:22.173900+00:00,f8347e78-0de8-11e7-991c-3863bb43a7d0,36,12,0,3,16,0,1,1,1,1791420150
2026-10-08T00:43:00+00:00,2026-10-08T00:43:22.173900+00:00,f8346b6f-0de8-11e7-991c-3863bb43a7d0,12,2,1,0,25,0,1,1,1,1791420147
2026-10-08T00:43:00+00:00,2026-10-08T00:43:22.173900+00:00,dede6d5f-7d62-496e-a8ca-d5a64afe39c1,544,14,6,0,1,0,1,1,1,1791420148
2026-10-08T00:43:00+00:00,2026-10-08T00:43:22.173900+00:00,8983c75a-12c1-4995-aedc-24c94bd895e3,384,3,0,0,17,0,1,1,1,1791420149
2026-10-08T00:43:00+00:00,2026-10-08T00:43:22.173900+00:00,d8ce5f8b-2440-45e1-ab1c-23cb3bcbde84,527,5,2,0,8,0,1,1,1,1791420149
2026-10-08T00:43:00+00:00,2026-10-08T00:43:22.173900+00:00,ccf82572-a142-4378-9a4b-5a51fcb4ef81,350,5,1,0,12,0,1,1,1,1791420152
2026-10-08T00:43:00+00:00,2026-10-08T00:43:22.173900+00:00,f83492b4-0de8-11e7-991c-3863bb43a7d0,66,15,5,0,0,0,1,1,1,1791420148
2026-10-08T00:43:00+00:00,2026-10-08T00:43:22.173900+00:00,7f68a70d-af0e-450a-b7a8-ce621cd0c8c1,280,13,4,0,6,0,1,1,1,1791420152
2026-10-08T00:43:00+00:00,2026-10-08T00:43:22.173900+00:00,270ad97d-035d-472a-9827-76d3187afc56,402,15,5,0,0,0,1,1,1,1791420154
2026-10-08T00:43:00+00:00,2026-10-08T00:43:22.173900+00:00,2270454512964591136,2270454512964591136,2,0,0,17,0,1,1,1,1791420155
2026-10-08T00:43:00+00:00,2026-10-08T00:43:22.173900+00:00,903b9b5d-4244-43e4-8441-0d17f9a994f7,528,1,0,0,10,0,1,1,1,1791420155
2026-10-08T00:43:00+00:00,2026-10-08T00:43:22.173900+00:00,2119105928286481344,2119105928286481344,7,1,0,12,0,1,1,1,1791420155
2026-10-08T00:43:00+00:00,2026-10-08T00:43:22.173900+00:00,25a9114f-66f0-427c-920f-5526ca84f056,346,7,3,0,8,0,1,1,1,1791420157
2026-10-08T00:43:00+00:00,2026-10-08T00:43:22.173900+00:00,2043911250700610106,2043911250700610106,0,0,0,15,0,1,1,1,1791420158
2026-10-08T00:43:00+00:00,2026-10-08T00:43:22.173900+00:00,f8350ecf-0de8-11e7-991c-3863bb43a7d0,167,10,5,0,5,0,1,1,1,1791420157
2026-10-08T00:43:00+00:00,2026-10-08T00:43:22.173900+00:00,2027502297316997708,2027502297316997708,10,3,0,1,0,1,1,1,1791420156
2026-10-08T00:43:00+00:00,2026-10-08T00:43:22.173900+00:00,99675a11-a92c-465c-bf5a-434b08ba5fc6,400,16,2,2,34,0,1,1,1,1791420158
2026-10-08T00:43:00+00:00,2026-10-08T00:43:22.173900+00:00,f8348622-0de8-11e7-991c-3863bb43a7d0,50,3,1,0,16,0,1,1,1,1791420156
2026-10-08T00:43:00+00:00,2026-10-08T00:43:22.173900+00:00,103a9881-e30a-4d57-b81d-863b995ff759,255,0,0,0,0,0,0,0,0,86400
2026-10-08T00:43:00+00:00,2026-10-08T00:43:22.173900+00:00,2071993292066931472,2071993292066931472,1,0,0,19,0,1,1,1,1791420021
2026-10-08T00:43:00+00:00,2026-10-08T00:43:22.173900+00:00,2170342425741020744,2170342425741020744,15,5,0,2,0,1,1,1,1791420031
2026-10-08T00:43:00+00:00,2026-10-08T00:43:22.173900+00:00,f8349ba9-0de8-11e7-991c-3863bb43a7d0,77,6,4,0,11,1,1,1,1,1791420046
2026-10-08T00:43:00+00:00,2026-10-08T00:43:22.173900+00:00,f8348481-0de8-11e7-991c-3863bb43a7d0,47,18,1,0,1,0,1,1,1,1791420047
2026-10-08T00:43:00+00:00,2026-10-08T00:43:22.173900+00:00,ff6ed364-8676-45a0-b97f-71025683849e,442,6,0,1,8,0,1,1,1,1791420047
2026-10-08T00:43:00+00:00,2026-10-08T00:43:22.173900+00:00,f834e1b2-0de8-11e7-991c-3863bb43a7d0,125,16,8,0,3,0,1,1,1,1791420052
2026-10-08T00:43:00+00:00,2026-10-08T00:43:22.173900+00:00,2241260819676115550,2241260819676115550,0,0,0,25,0,1,1,1,1791420063
2026-10-08T00:43:00+00:00,2026-10-08T00:43:22.173900+00:00,f834b5d9-0de8-11e7-991c-3863bb43a7d0,103,11,2,0,4,0,1,1,1,1791420065
2026-10-08T00:43:00+00:00,2026-10-08T00:43:22.173900+00:00,f83464e4-0de8-11e7-991c-3863bb43a7d0,3,1,0,2,11,0,1,1,1,1791420106
2026-10-08T00:43:00+00:00,2026-10-08T00:43:22.173900+00:00,f834f814-0de8-11e7-991c-3863bb43a7d0,136,0,0,1,18,0,1,1,1,1791420107
2026-10-08T00:43:00+00:00,2026-10-08T00:43:22.173900+00:00,1997031579059661288,1997031579059661288,9,3,0,2,0,1,1,1,1791420106
2026-10-08T00:43:00+00:00,2026-10-08T00:43:22.173900+00:00,2038619205667946906,2038619205667946906,10,4,0,10,0,1,1,1,1791420081
2026-10-08T00:43:00+00:00,2026-10-08T00:43:22.173900+00:00,dfdaf866-b814-48e5-9bd3-eb7c4a733697,dfdaf866-b814-48e5-9bd3-eb7c4a733697,7,2,0,10,0,1,1,1,1791420082
2026-10-08T00:43:00+00:00,2026-10-08T00:43:22.173900+00:00,7ec0c53c-876a-419c-a78b-4edd000bbc9a,445,14,0,0,5,0,1,1,1,1791420083
2026-10-08T00:43:00+00:00,2026-10-08T00:43:22.173900+00:00,2141932795355773712,2141932795355773712,9,1,0,8,0,1,1,1,1791420086
2026-10-08T00:43:00+00:00,2026-10-08T00:43:22.173900+00:00,70f20fcb-8e63-4015-9007-b97c525ab0a9,335,8,1,1,10,0,1,1,1,1791420081
2026-10-08T00:43:00+00:00,2026-10-08T00:43:22.173900+00:00,f8352c92-0de8-11e7-991c-3863bb43a7d0,217,14,1,2,3,0,1,1,1,1791420089
2026-10-08T00:43:00+00:00,2026-10-08T00:43:22.173900+00:00,f6df6c1a-064f-428a-951c-2069a081b9df,380,2,0,2,14,0,1,1,1,1791420087
2026-10-08T00:43:00+00:00,2026-10-08T00:43:22.173900+00:00,36a8fbc8-6069-4a29-bbfd-63a2d019c9a5,415,1,0,0,18,0,1,1,1,1791420087
2026-10-08T00:43:00+00:00,2026-10-08T00:43:22.173900+00:00,42a3ecca-af9a-4556-90ba-7631546f96f8,42a3ecca-af9a-4556-90ba-7631546f96f8,1,0,2,8,0,1,1,1,1791420088
2026-10-08T00:43:00+00:00,2026-10-08T00:43:22.173900+00:00,f8351336-0de8-11e7-991c-3863bb43a7d0,176,3,0,0,12,0,1,1,1,1791420092
2026-10-08T00:43:00+00:00,2026-10-08T00:43:22.173900+00:00,2070180968009321294,2070180968009321294,15,0,0,4,2,1,1,1,1791420090
2026-10-08T00:43:00+00:00,2026-10-08T00:43:22.173900+00:00,b995a0b4-fc26-4661-9bc8-e166d648edfd,353,11,5,0,4,0,1,1,1,1791420095
2026-10-08T00:43:00+00:00,2026-10-08T00:43:22.173900+00:00,518f6524-0e7f-454d-974e-e3ff9db1f795,494,9,0,0,1,0,1,1,1,1791420093
2026-10-08T00:43:00+00:00,2026-10-08T00:43:22.173900+00:00,f834952a-0de8-11e7-991c-3863bb43a7d0,70,1,0,1,21,0,1,1,1,1791420095
2026-10-08T00:43:00+00:00,2026-10-08T00:43:22.173900+00:00,f24a573e-ef07-4785-9270-70c443510ea6,359,1,1,2,11,1,1,1,1,1791420099
2026-10-08T00:43:00+00:00,2026-10-08T00:43:22.173900+00:00,13444449-b3a8-43d2-b8b9-a59fbc59a174,397,11,4,0,3,0,1,1,1,1791420094
2026-10-08T00:43:00+00:00,2026-10-08T00:43:22.173900+00:00,2071632496372113488,2071632496372113488,14,7,1,5,0,1,1,1,1791420101
2026-10-08T00:43:00+00:00,2026-10-08T00:43:22.173900+00:00,f83516b8-0de8-11e7-991c-3863bb43a7d0,184,6,1,0,12,1,1,1,1,1791420101
2026-10-08T00:43:00+00:00,2026-10-08T00:43:22.173900+00:00,9e710d48-51c1-460e-a027-3d16bde62b13,419,0,0,14,0,1,1,0,0,1791420104
2026-10-08T00:43:00+00:00,2026-10-08T00:43:22.173900+00:00,2fd22786-dfeb-4126-a906-4f01802087f3,454,1,0,1,17,0,1,1,1,1791420104
2026-10-08T00:43:00+00:00,2026-10-08T00:43:22.173900+00:00,20b0b405-54ba-4a80-b89c-0819772665db,440,8,3,0,7,0,1,1,1,1791420104
2026-10-08T00:43:00+00:00,2026-10-08T00:43:22.173900+00:00,2136942888571742916,2136942888571742916,0,0,1,14,0,1,1,1,1791420100
2026-10-08T00:43:00+00:00,2026-10-08T00:43:22.173900+00:00,f83524c0-0de8-11e7-991c-3863bb43a7d0,203,9,2,0,5,0,1,1,1,1791420099
2026-10-08T00:43:00+00:00,2026-10-08T00:43:22.173900+00:00,676ca473-eed6-4971-aaf3-e199a7ca335b,433,15,7,0,3,1,1,1,1,1791420109
2026-10-08T00:43:00+00:00,2026-10-08T00:43:22.173900+00:00,2038239468396569074,2038239468396569074,14,0,0,18,0,1,1,1,1791420111
2026-10-08T00:43:00+00:00,2026-10-08T00:43:22.173900+00:00,2217856523888952522,2217856523888952522,6,3,0,14,0,1,1,1,1791420109
2026-10-08T00:43:00+00:00,2026-10-08T00:43:22.173900+00:00,f35de2ab-979e-42d5-8cbd-dc479ed637e9,503,4,4,0,2,0,1,1,1,1791420112
2026-10-08T00:43:00+00:00,2026-10-08T00:43:22.173900+00:00,ddcc8869-b8d4-483c-b9da-457fcebc8dc1,417,19,1,0,0,0,1,1,1,1791420118
2026-10-08T00:43:00+00:00,2026-10-08T00:43:22.173900+00:00,f8351019-0de8-11e7-991c-3863bb43a7d0,169,10,4,0,9,0,1,1,1,1791420118
2026-10-08T00:43:00+00:00,2026-10-08T00:43:22.173900+00:00,bb27977d-36c1-496d-8bac-631b612dd7b8,332,12,2,1,2,0,1,1,1,1791420117
2026-10-08T00:43:00+00:00,2026-10-08T00:43:22.173900+00:00,2078337213380274244,2078337213380274244,10,7,0,1,0,1,1,1,1791420118
2026-10-08T00:43:00+00:00,2026-10-08T00:43:22.173900+00:00,350e73e3-6f70-4b2d-87ab-24c8629e9a6a,350e73e3-6f70-4b2d-87ab-24c8629e9a6a,12,0,1,6,0,1,1,1,1791420116
2026-10-08T00:43:00+00:00,2026-10-08T00:43:22.173900+00:00,5afe91c4-8076-4f9f-b83b-cf233bda2331,460,0,0,0,15,0,1,1,1,1791420053
2026-10-08T00:43:00+00:00,2026-10-08T00:43:22.173900+00:00,287aedf5-0361-47e9-9de0-14ae3b75cc0d,287aedf5-0361-47e9-9de0-14ae3b75cc0d,8,3,1,12,0,1,1,1,1791420053
2026-10-08T00:43:00+00:00,2026-10-08T00:43:22.173900+00:00,1975886280004030604,1975886280004030604,10,2,3,10,0,1,1,1,1791420057
2026-10-08T00:43:00+00:00,2026-10-08T00:43:22.173900+00:00,5f726a7d-5c5d-48b1-9b13-06c77572a237,516,0,0,0,11,0,1,1,1,1791420057
2026-10-08T00:43:00+00:00,2026-10-08T00:43:22.173900+00:00,342a2c60-71b0-4d19-98d6-47987cf20dbc,379,6,0,0,9,0,1,1,1,1791420055
2026-10-08T00:43:00+00:00,2026-10-08T00:43:22.173900+00:00,83183df0-38c2-4ae8-a0c4-4b59599c9582,222,6,1,0,8,0,1,1,1,1791420070
2026-10-08T00:43:00+00:00,2026-10-08T00:43:22.173900+00:00,2223043968513191970,2223043968513191970,0,0,0,16,0,1,1,1,1791420075
2026-10-08T00:43:00+00:00,2026-10-08T00:43:22.173900+00:00,abefafdc-c772-4671-86fe-fc15a42adebb,abefafdc-c772-4671-86fe-fc15a42adebb,5,0,0,18,0,1,1,1,1791420080
2026-10-08T00:43:00+00:00,2026-10-08T00:43:22.173900+00:00,0839bb10-e876-4198-95e4-0147a561853d,258,13,2,0,2,0,1,1,1,1791420078
2026-10-08T00:43:00+00:00,2026-10-08T00:43:22.173900+00:00,f834b49d-0de8-11e7-991c-3863bb43a7d0,101,9,1,0,9,0,1,1,1,1791420078
2026-10-08T00:43:00+00:00,2026-10-08T00:43:22.173900+00:00,f834e244-0de8-11e7-991c-3863bb43a7d0,126,6,2,0,9,0,1,1,1,1791420079
2026-10-08T00:43:00+00:00,2026-10-08T00:43:22.173900+00:00,2043912031919765854,2043912031919765854,10,0,1,9,0,1,1,1,1791420120
2026-10-08T00:43:00+00:00,2026-10-08T00:43:22.173900+00:00,f36e24cd-de4c-4a5e-adf4-cb97ccd2958d,505,5,1,2,4,0,1,1,1,1791420120
2026-10-08T00:43:00+00:00,2026-10-08T00:43:22.173900+00:00,2111712079786088918,2111712079786088918,4,1,1,10,0,1,1,1,1791420124
2026-10-08T00:43:00+00:00,2026-10-08T00:43:22.173900+00:00,9f54207a-3308-43bd-b45c-9042b6389598,423,14,0,0,5,0,1,1,1,1791420133
2026-10-08T00:43:00+00:00,2026-10-08T00:43:22.173900+00:00,2223045710883822544,2223045710883822544,4,0,1,10,0,1,1,1,1791420134
2026-10-08T00:43:00+00:00,2026-10-08T00:43:22.173900+00:00,2ba0c5dd-c990-4434-8a84-5c3eca23f096,447,2,1,0,17,0,1,1,1,1791420133
2026-10-08T00:43:00+00:00,2026-10-08T00:43:22.173900+00:00,9ca92778-9101-48df-90ea-08b784e26a1a,413,12,1,0,7,0,1,1,1,1791420134
2026-10-08T00:43:00+00:00,2026-10-08T00:43:22.173900+00:00,93911aa1-b5e4-48aa-a2b6-38fbcf613006,93911aa1-b5e4-48aa-a2b6-38fbcf613006,2,0,0,16,0,1,1,1,1791420134
2026-10-08T00:43:00+00:00,2026-10-08T00:43:22.173900+00:00,ba634139-d7bf-448f-aac4-25995d36b67b,373,9,6,0,6,0,1,1,1,1791420121
2026-10-08T00:43:00+00:00,2026-10-08T00:43:22.173900+00:00,ec3eea05-a3ff-43c6-9e24-0c63f09b915f,378,15,1,0,4,0,1,1,1,1791420122
2026-10-08T00:43:00+00:00,2026-10-08T00:43:22.173900+00:00,0f554e1d-9f0f-452d-9b4a-e00aa2c5911e,492,8,0,0,6,0,1,1,1,1791420135
2026-10-08T00:43:00+00:00,2026-10-08T00:43:22.173900+00:00,f834fd36-0de8-11e7-991c-3863bb43a7d0,142,9,1,0,14,0,1,1,1,1791420132
2026-10-08T00:43:00+00:00,2026-10-08T00:43:22.173900+00:00,2072145327190878794,2072145327190878794,19,1,1,4,0,1,1,1,1791420130
2026-10-08T00:43:00+00:00,2026-10-08T00:43:22.173900+00:00,b23674a7-15a8-46d2-8219-6668acecf24a,548,11,1,0,7,0,1,1,1,1791420131
2026-10-08T00:43:00+00:00,2026-10-08T00:43:22.173900+00:00,2029805507281123700,2029805507281123700,12,2,1,6,0,1,1,1,1791420146
2026-10-08T00:43:00+00:00,2026-10-08T00:43:22.173900+00:00,2057166010169469732,2057166010169469732,1,0,0,14,0,1,1,1,1791420146
2026-10-08T00:43:00+00:00,2026-10-08T00:43:22.173900+00:00,533620e8-00ff-494a-b288-bd67602bc98e,472,0,0,0,27,0,1,1,1,1791420143
2026-10-08T00:43:00+00:00,2026-10-08T00:43:22.173900+00:00,d7ec834e-9d9a-402c-9956-7d5f42676b94,d7ec834e-9d9a-402c-9956-7d5f42676b94,13,3,1,0,0,1,1,1,1791420143
2026-10-08T00:43:00+00:00,2026-10-08T00:43:22.173900+00:00,f83523e3-0de8-11e7-991c-3863bb43a7d0,201,0,0,0,15,0,1,1,1,1791420144
2026-10-08T00:43:00+00:00,2026-10-08T00:43:22.173900+00:00,f8348136-0de8-11e7-991c-3863bb43a7d0,41,23,3,1,3,0,1,1,1,1791420146
2026-10-08T00:43:00+00:00,2026-10-08T00:43:22.173900+00:00,f8346768-0de8-11e7-991c-3863bb43a7d0,7,6,0,0,9,0,1,1,1,1791420127
2026-10-08T00:43:00+00:00,2026-10-08T00:43:22.173900+00:00,f8348509-0de8-11e7-991c-3863bb43a7d0,48,0,0,0,15,0,1,1,1,1791420127
2026-10-08T00:43:00+00:00,2026-10-08T00:43:22.173900+00:00,ef54374b-0406-4b17-b0a1-847f1d7bea06,410,12,1,0,3,0,1,1,1,1791420130
2026-10-08T00:43:00+00:00,2026-10-08T00:43:22.173900+00:00,2107991976288962746,2107991976288962746,14,1,0,6,0,1,1,1,1791420130
2026-10-08T00:43:00+00:00,2026-10-08T00:43:22.173900+00:00,f8348995-0de8-11e7-991c-3863bb43a7d0,58,17,0,1,1,0,1,1,1,1791420121
2026-10-08T00:43:00+00:00,2026-10-08T00:43:22.173900+00:00,f8346894-0de8-11e7-991c-3863bb43a7d0,9,10,0,2,3,0,1,1,1,1791420129
2026-10-08T00:43:00+00:00,2026-10-08T00:43:22.173900+00:00,2113200093114979090,2113200093114979090,6,0,0,9,1,1,1,1,1791420141
2026-10-08T00:43:00+00:00,2026-10-08T00:43:22.173900+00:00,f8349745-0de8-11e7-991c-3863bb43a7d0,73,0,0,1,14,0,1,1,1,1791420142
2026-10-08T00:43:00+00:00,2026-10-08T00:43:22.173900+00:00,2113555008851845550,2113555008851845550,12,4,0,8,0,1,1,1,1791420138
2026-10-08T00:43:00+00:00,2026-10-08T00:43:22.173900+00:00,510239fe-69c3-458b-b53c-6ce001845f4a,354,14,6,0,1,0,1,1,1,1791420136
2026-10-08T00:43:00+00:00,2026-10-08T00:43:22.173900+00:00,5bc7cba9-f0b0-442d-932c-e8c7927d87ce,386,11,4,1,7,0,1,1,1,1791420140
2026-10-08T00:43:00+00:00,2026-10-08T00:43:22.173900+00:00,c1ae49bd-2a20-4684-886b-ead8dd627cfd,c1ae49bd-2a20-4684-886b-ead8dd627cfd,14,1,0,3,0,1,1,1,1791420140
2026-10-08T00:43:00+00:00,2026-10-08T00:43:22.173900+00:00,f834b42d-0de8-11e7-991c-3863bb43a7d0,100,19,1,0,6,0,1,1,1,1791420139
2026-10-08T00:43:00+00:00,2026-10-08T00:43:22.173900+00:00,f83494b4-0de8-11e7-991c-3863bb43a7d0,69,18,9,0,1,0,1,1,1,1791420138
2026-10-08T00:43:00+00:00,2026-10-08T00:43:22.173900+00:00,2267569638034503736,2267569638034503736,6,0,4,9,0,1,1,1,1791420138
2026-10-08T00:43:00+00:00,2026-10-08T00:43:22.173900+00:00,e68655be-23d3-46e5-a509-25be677e7542,482,6,0,0,5,0,1,1,1,1791420138
2026-10-08T00:43:00+00:00,2026-10-08T00:43:22.173900+00:00,f8349824-0de8-11e7-991c-3863bb43a7d0,75,10,0,0,5,0,1,1,1,1791420138
2026-10-08T00:43:00+00:00,2026-10-08T00:43:22.173900+00:00,ce55d1b1-4267-40a9-ad44-5eab888ce18a,ce55d1b1-4267-40a9-ad44-5eab888ce18a,0,0,0,22,1,1,1,1,1791420152
2026-10-08T00:43:00+00:00,2026-10-08T00:43:22.173900+00:00,5018e851-f2f3-4e18-9914-c316bbcc2c3d,331,0,0,0,15,0,1,1,1,1791420147
2026-10-08T00:43:00+00:00,2026-10-08T00:43:22.173900+00:00,02a4416f-80b4-4472-accd-5db482ed5b6d,367,8,0,0,11,0,1,1,1,1791420150
2026-10-08T00:43:00+00:00,2026-10-08T00:43:22.173900+00:00,2264176803898382980,2264176803898382980,4,2,0,7,0,1,1,1,1791420149
2026-10-08T00:43:00+00:00,2026-10-08T00:43:22.173900+00:00,53a148ca-ac69-4a9c-a986-9a4b4df2f5df,387,7,0,0,8,0,1,1,1,1791420150
2026-10-08T00:43:00+00:00,2026-10-08T00:43:22.173900+00:00,f8349c69-0de8-11e7-991c-3863bb43a7d0,78,17,3,0,1,0,1,1,1,1791420151
2026-10-08T00:43:00+00:00,2026-10-08T00:43:22.173900+00:00,13918b3b-9ac5-4968-a74d-e40dd3bc952e,479,0,0,0,19,0,1,1,1,1791420149
2026-10-08T00:43:00+00:00,2026-10-08T00:43:22.173900+00:00,f834cf45-0de8-11e7-991c-3863bb43a7d0,116,15,0,0,9,0,1,1,1,1791420148
2026-10-08T00:43:00+00:00,2026-10-08T00:43:22.173900+00:00,40e58976-02cc-4c7c-911f-7a6c97588bfa,520,18,5,0,3,0,1,1,1,1791420148
2026-10-08T00:43:00+00:00,2026-10-08T00:43:22.173900+00:00,f83510fd-0de8-11e7-991c-3863bb43a7d0,171,13,1,1,9,0,1,1,1,1791420152
2026-10-08T00:43:00+00:00,2026-10-08T00:43:22.173900+00:00,f8347118-0de8-11e7-991c-3863bb43a7d0,22,17,0,0,16,2,1,1,1,1791420153
2026-10-08T00:43:00+00:00,2026-10-08T00:43:22.173900+00:00,1944724820826878816,1944724820826878816,7,0,0,10,0,1,1,1,1791420153
2026-10-08T00:43:00+00:00,2026-10-08T00:43:22.173900+00:00,2103549125054737064,2103549125054737064,4,2,0,12,0,1,1,1,1791420150
2026-10-08T00:43:00+00:00,2026-10-08T00:43:22.173900+00:00,54d86d05-b399-42c5-a63a-a97713afc5d4,54d86d05-b399-42c5-a63a-a97713afc5d4,2,2,1,7,0,1,1,1,1791420154
2026-10-08T00:43:00+00:00,2026-10-08T00:43:22.173900+00:00,a18e1e55-507e-49d8-b7c0-5c0efd959125,358,17,5,0,2,0,1,1,1,1791420155
2026-10-08T00:43:00+00:00,2026-10-08T00:43:22.173900+00:00,f83486ab-0de8-11e7-991c-3863bb43a7d0,51,5,0,1,9,0,1,1,1,1791420155
2026-10-08T00:43:00+00:00,2026-10-08T00:43:22.173900+00:00,ccd6fdd4-b39e-46d7-b43c-7bacffb6bd87,523,1,1,0,16,0,1,1,1,1791420155
2026-10-08T00:43:00+00:00,2026-10-08T00:43:22.173900+00:00,2327cb08-fa9f-459b-9ab0-1a319b0f2f4c,539,3,1,1,14,0,1,1,1,1791420157
2026-10-08T00:43:00+00:00,2026-10-08T00:43:22.173900+00:00,1960693490199507164,1960693490199507164,6,1,0,13,0,1,1,1,1791420156
2026-10-08T00:43:00+00:00,2026-10-08T00:43:22.173900+00:00,0adccd89-1d8d-44da-9f7c-5f18acafeddf,338,4,2,0,11,0,1,1,1,1791420157
2026-10-08T00:52:00+00:00,2026-10-08T00:53:22.303182+00:00,6eaa7343-402d-41c9-9aac-8c664fdbdcf1,6eaa7343-402d-41c9-9aac-8c664fdbdcf1,0,0,0,0,0,0,0,0,86400
2026-10-08T00:52:00+00:00,2026-10-08T00:53:22.303182+00:00,f8346e51-0de8-11e7-991c-3863bb43a7d0,17,14,0,0,1,0,1,1,1,1791420612
2026-10-08T00:52:00+00:00,2026-10-08T00:53:22.303182+00:00,f834c6f5-0de8-11e7-991c-3863bb43a7d0,111,8,1,0,6,1,1,1,1,1791420609
2026-10-08T00:52:00+00:00,2026-10-08T00:53:22.303182+00:00,25489822-e43a-4704-b2a8-d905b78ba77c,389,3,2,0,11,0,1,1,1,1791420618
2026-10-08T00:52:00+00:00,2026-10-08T00:53:22.303182+00:00,f8347ded-0de8-11e7-991c-3863bb43a7d0,35,0,0,0,31,0,1,1,1,1791420620
2026-10-08T00:52:00+00:00,2026-10-08T00:53:22.303182+00:00,aefc33cd-40b9-48da-8b87-415428816bdb,488,7,1,0,9,0,1,1,1,1791420625
2026-10-08T00:52:00+00:00,2026-10-08T00:53:22.303182+00:00,f834fcbe-0de8-11e7-991c-3863bb43a7d0,141,0,0,0,15,0,1,1,1,1791420625
2026-10-08T00:52:00+00:00,2026-10-08T00:53:22.303182+00:00,625f105e-4407-4988-9095-d1979cbda5e1,234,17,11,0,2,0,1,1,1,1791420626
2026-10-08T00:52:00+00:00,2026-10-08T00:53:22.303182+00:00,f834b1ed-0de8-11e7-991c-3863bb43a7d0,99,14,2,0,1,0,1,1,1,1791420629
2026-10-08T00:52:00+00:00,2026-10-08T00:53:22.303182+00:00,01d29f8c-768d-4c4f-84ca-3de966075287,469,3,2,0,8,0,1,1,1,1791420628
2026-10-08T00:52:00+00:00,2026-10-08T00:53:22.303182+00:00,ab6517ea-ed53-42eb-8881-657d362e56e8,560,10,0,0,5,0,1,1,1,1791420628
2026-10-08T00:52:00+00:00,2026-10-08T00:53:22.303182+00:00,25d6f87f-7025-48c5-b202-f91511a4ae19,25d6f87f-7025-48c5-b202-f91511a4ae19,13,4,1,5,0,1,1,1,1791420630
2026-10-08T00:52:00+00:00,2026-10-08T00:53:22.303182+00:00,1999639508813492766,1999639508813492766,9,0,0,11,0,1,1,1,1791420533
2026-10-08T00:52:00+00:00,2026-10-08T00:53:22.303182+00:00,f834d260-0de8-11e7-991c-3863bb43a7d0,119,13,9,2,0,0,1,1,1,1791420591
2026-10-08T00:52:00+00:00,2026-10-08T00:53:22.303182+00:00,eed9e64f-f09d-43c1-aa31-da968c66750a,368,5,0,0,10,0,1,1,1,1791420592
2026-10-08T00:52:00+00:00,2026-10-08T00:53:22.303182+00:00,f8346c96-0de8-11e7-991c-3863bb43a7d0,14,2,2,0,23,0,1,1,1,1791420594
2026-10-08T00:52:00+00:00,2026-10-08T00:53:22.303182+00:00,f8350199-0de8-11e7-991c-3863bb43a7d0,150,8,1,0,11,0,1,1,1,1791420604
2026-10-08T00:52:00+00:00,2026-10-08T00:53:22.303182+00:00,f834cb89-0de8-11e7-991c-3863bb43a7d0,115,7,5,3,9,0,1,1,1,1791420603
2026-10-08T00:52:00+00:00,2026-10-08T00:53:22.303182+00:00,57f5003b-6574-40b3-83d7-3b5dee1472e0,518,7,6,0,3,0,1,1,1,1791420606
2026-10-08T00:52:00+00:00,2026-10-08T00:53:22.303182+00:00,f8349599-0de8-11e7-991c-3863bb43a7d0,71,14,6,0,9,0,1,1,1,1791420608
2026-10-08T00:52:00+00:00,2026-10-08T00:53:22.303182+00:00,87b5a8b7-a330-4c51-ab32-7dafa292c88f,421,14,0,1,4,0,1,1,1,1791420608
2026-10-08T00:52:00+00:00,2026-10-08T00:53:22.303182+00:00,1ef9964d-47ac-4cd4-916e-7c006fa1e605,339,10,6,0,5,0,1,1,1,1791420607
2026-10-08T00:52:00+00:00,2026-10-08T00:53:22.303182+00:00,f834e75d-0de8-11e7-991c-3863bb43a7d0,129,7,0,0,11,1,1,1,1,1791420607
2026-10-08T00:52:00+00:00,2026-10-08T00:53:22.303182+00:00,e335fa7c-7adf-4360-9bfa-76b18124a56f,541,3,2,0,8,0,1,1,1,1791420608
2026-10-08T00:52:00+00:00,2026-10-08T00:53:22.303182+00:00,f834c5c9-0de8-11e7-991c-3863bb43a7d0,110,2,1,1,11,0,1,1,1,1791420634
2026-10-08T00:52:00+00:00,2026-10-08T00:53:22.303182+00:00,2227859082657747444,2227859082657747444,5,2,0,2,0,1,1,1,1791420636
2026-10-08T00:52:00+00:00,2026-10-08T00:53:22.303182+00:00,803a0c16-4f81-44f1-8b49-a13fcdda40c1,370,5,0,2,11,0,1,1,1,1791420635
2026-10-08T00:52:00+00:00,2026-10-08T00:53:22.303182+00:00,f83532fa-0de8-11e7-991c-3863bb43a7d0,219,12,1,0,3,0,1,1,1,1791420578
2026-10-08T00:52:00+00:00,2026-10-08T00:53:22.303182+00:00,f8347002-0de8-11e7-991c-3863bb43a7d0,20,18,0,0,5,0,1,1,1,1791420581
2026-10-08T00:52:00+00:00,2026-10-08T00:53:22.303182+00:00,f8351255-0de8-11e7-991c-3863bb43a7d0,174,7,2,2,6,0,1,1,1,1791420580
2026-10-08T00:52:00+00:00,2026-10-08T00:53:22.303182+00:00,2071991821019036242,2071991821019036242,11,1,0,9,0,1,1,1,1791420583
2026-10-08T00:52:00+00:00,2026-10-08T00:53:22.303182+00:00,f8348719-0de8-11e7-991c-3863bb43a7d0,52,3,2,2,19,0,1,1,1,1791420585
2026-10-08T00:52:00+00:00,2026-10-08T00:53:22.303182+00:00,f834916a-0de8-11e7-991c-3863bb43a7d0,63,3,1,0,12,0,1,1,1,1791420586
2026-10-08T00:52:00+00:00,2026-10-08T00:53:22.303182+00:00,1997031876360597884,1997031876360597884,6,1,0,5,0,1,1,1,1791420587
2026-10-08T00:52:00+00:00,2026-10-08T00:53:22.303182+00:00,52ca4d94-587f-4a61-a298-a1a755e73bfb,362,19,3,0,0,0,1,1,1,1791420588
2026-10-08T00:52:00+00:00,2026-10-08T00:53:22.303182+00:00,f835244e-0de8-11e7-991c-3863bb43a7d0,202,9,1,0,6,0,1,1,1,1791420589
2026-10-08T00:52:00+00:00,2026-10-08T00:53:22.303182+00:00,ea00f276-26dc-48ee-b2c8-6e56fd632a2d,272,2,0,1,16,0,1,1,1,1791420649
2026-10-08T00:52:00+00:00,2026-10-08T00:53:22.303182+00:00,f834b928-0de8-11e7-991c-3863bb43a7d0,106,9,0,1,4,0,1,1,1,1791420649
2026-10-08T00:52:00+00:00,2026-10-08T00:53:22.303182+00:00,918335df-fc1a-45c2-9cfc-c5e2e93aecc0,467,2,0,1,8,0,1,1,1,1791420649
2026-10-08T00:52:00+00:00,2026-10-08T00:53:22.303182+00:00,1ef5abb2-5af9-41f2-a0dd-1e44278ad9f1,502,4,0,0,7,0,1,1,1,1791420650
2026-10-08T00:52:00+00:00,2026-10-08T00:53:22.303182+00:00,4d953f0f-13b5-4b3d-b2da-342003ff7cba,4d953f0f-13b5-4b3d-b2da-342003ff7cba,4,2,0,7,0,1,1,1,1791420648
2026-10-08T00:52:00+00:00,2026-10-08T00:53:22.303182+00:00,ec4e1168-25dc-4929-b17b-e4ae578dd888,425,4,2,1,11,0,1,1,1,1791420648
2026-10-08T00:52:00+00:00,2026-10-08T00:53:22.303182+00:00,2124664048772581794,2124664048772581794,3,0,0,8,0,1,1,1,1791420647
2026-10-08T00:52:00+00:00,2026-10-08T00:53:22.303182+00:00,8d535c23-f186-4161-aa10-17e94be6d4ae,436,5,4,3,6,1,1,1,1,1791420648
2026-10-08T00:52:00+00:00,2026-10-08T00:53:22.303182+00:00,f8347ba8-0de8-11e7-991c-3863bb43a7d0,31,3,0,0,16,0,1,1,1,1791420652
2026-10-08T00:52:00+00:00,2026-10-08T00:53:22.303182+00:00,1994515539257334312,1994515539257334312,19,8,0,0,0,1,1,1,1791420652
2026-10-08T00:52:00+00:00,2026-10-08T00:53:22.303182+00:00,2261583246847893606,2261583246847893606,11,8,1,7,0,1,1,1,1791420652
2026-10-08T00:52:00+00:00,2026-10-08T00:53:22.303182+00:00,f8347a8b-0de8-11e7-991c-3863bb43a7d0,29,15,0,0,4,0,1,1,1,1791420650
2026-10-08T00:52:00+00:00,2026-10-08T00:53:22.303182+00:00,f834a1de-0de8-11e7-991c-3863bb43a7d0,84,1,0,0,12,0,1,1,1,1791420650
2026-10-08T00:52:00+00:00,2026-10-08T00:53:22.303182+00:00,dcd76e42-eebc-4432-9726-cdb3372b0b07,557,0,0,0,19,0,1,1,1,1791420654
2026-10-08T00:52:00+00:00,2026-10-08T00:53:22.303182+00:00,2251186911126913182,2251186911126913182,13,2,2,4,0,1,1,1,1791420653
2026-10-08T00:52:00+00:00,2026-10-08T00:53:22.303182+00:00,2126567695528519906,2126567695528519906,9,0,0,11,0,1,1,1,1791420656
2026-10-08T00:52:00+00:00,2026-10-08T00:53:22.303182+00:00,f834a67b-0de8-11e7-991c-3863bb43a7d0,89,1,0,1,17,0,1,1,1,1791420654
2026-10-08T00:52:00+00:00,2026-10-08T00:53:22.303182+00:00,2219705277630124418,2219705277630124418,5,2,0,10,0,1,1,1,1791420655
2026-10-08T00:52:00+00:00,2026-10-08T00:53:22.303182+00:00,1976280681456741062,1976280681456741062,5,5,0,6,0,1,1,1,1791420654
2026-10-08T00:52:00+00:00,2026-10-08T00:53:22.303182+00:00,38706d8c-8d4b-49f7-b6ed-7688449db261,463,5,0,0,14,0,1,1,1,1791420655
2026-10-08T00:52:00+00:00,2026-10-08T00:53:22.303182+00:00,800bde2c-51df-497c-ac2d-bc3a8c00c164,800bde2c-51df-497c-ac2d-bc3a8c00c164,0,0,0,15,0,1,1,1,1791420665
2026-10-08T00:52:00+00:00,2026-10-08T00:53:22.303182+00:00,1976640911178291400,1976640911178291400,6,3,0,5,0,1,1,1,1791420665
2026-10-08T00:52:00+00:00,2026-10-08T00:53:22.303182+00:00,2251556760922290606,2251556760922290606,11,0,2,2,0,1,1,1,1791420665
2026-10-08T00:52:00+00:00,2026-10-08T00:53:22.303182+00:00,a825b55d-3ab3-481f-9c50-d3a7313e6843,228,0,0,0,19,0,1,1,1,1791420667
2026-10-08T00:52:00+00:00,2026-10-08T00:53:22.303182+00:00,d1a5e406-718c-44b9-b9dd-e63605b888aa,555,8,7,0,7,0,1,1,1,1791420668
2026-10-08T00:52:00+00:00,2026-10-08T00:53:22.303182+00:00,1919521884659886482,1919521884659886482,3,1,0,16,0,1,1,1,1791420668
2026-10-08T00:52:00+00:00,2026-10-08T00:53:22.303182+00:00,1991921362058752616,1991921362058752616,0,0,0,20,0,1,1,1,1791420668
2026-10-08T00:52:00+00:00,2026-10-08T00:53:22.303182+00:00,f83473ea-0de8-11e7-991c-3863bb43a7d0,27,13,0,3,7,0,1,1,1,1791420670
2026-10-08T00:52:00+00:00,2026-10-08T00:53:22.303182+00:00,f8350d30-0de8-11e7-991c-3863bb43a7d0,163,9,0,0,10,0,1,1,1,1791420671
2026-10-08T00:52:00+00:00,2026-10-08T00:53:22.303182+00:00,6cec3afa-554c-466f-8323-5c619fe0ddc6,6cec3afa-554c-466f-8323-5c619fe0ddc6,6,4,0,5,0,1,1,1,1791420669
2026-10-08T00:52:00+00:00,2026-10-08T00:53:22.303182+00:00,cad0e759-b605-458a-b772-768dcce81dc6,372,11,0,0,7,0,1,1,1,1791420669
2026-10-08T00:52:00+00:00,2026-10-08T00:53:22.303182+00:00,acb27827-d69a-4287-b132-3f529ca62ad2,427,4,1,0,15,0,1,1,1,1791420670
2026-10-08T00:52:00+00:00,2026-10-08T00:53:22.303182+00:00,5410aac7-2ec0-47b6-b728-b99c5137b463,5410aac7-2ec0-47b6-b728-b99c5137b463,8,2,0,3,0,1,1,1,1791420641
2026-10-08T00:52:00+00:00,2026-10-08T00:53:22.303182+00:00,e4d5271f-5f76-401b-b7f0-c8dce3c26f10,462,7,1,1,3,0,1,1,1,1791420642
2026-10-08T00:52:00+00:00,2026-10-08T00:53:22.303182+00:00,f8351f87-0de8-11e7-991c-3863bb43a7d0,192,1,0,0,18,0,1,1,1,1791420637
2026-10-08T00:52:00+00:00,2026-10-08T00:53:22.303182+00:00,2028220168245183460,2028220168245183460,14,0,0,5,0,1,1,1,1791420633
2026-10-08T00:52:00+00:00,2026-10-08T00:53:22.303182+00:00,b44b7c3d-c054-4591-92a9-3b96d86050ab,b44b7c3d-c054-4591-92a9-3b96d86050ab,2,2,0,9,0,1,1,1,1791420645
2026-10-08T00:52:00+00:00,2026-10-08T00:53:22.303182+00:00,f606593b-3d07-40f2-bc6d-a0eb96588e44,456,5,0,0,13,0,1,1,1,1791420643
2026-10-08T00:52:00+00:00,2026-10-08T00:53:22.303182+00:00,1331197c-f6c6-4f4a-a29b-95e580359886,224,9,0,1,7,0,1,1,1,1791420646
2026-10-08T00:52:00+00:00,2026-10-08T00:53:22.303182+00:00,15ec5783-ca7a-4225-ba51-cd0a45ecc975,15ec5783-ca7a-4225-ba51-cd0a45ecc975,8,6,0,3,0,1,1,1,1791420644
2026-10-08T00:52:00+00:00,2026-10-08T00:53:22.303182+00:00,f83466c6-0de8-11e7-991c-3863bb43a7d0,6,0,0,2,12,0,1,1,1,1791420659
2026-10-08T00:52:00+00:00,2026-10-08T00:53:22.303182+00:00,569f4952-5a25-4394-a419-f9c4d9cca6f3,495,15,4,0,3,0,1,1,1,1791420660
2026-10-08T00:52:00+00:00,2026-10-08T00:53:22.303182+00:00,1986694622707704150,1986694622707704150,16,0,1,2,0,1,1,1,1791420659
2026-10-08T00:52:00+00:00,2026-10-08T00:53:22.303182+00:00,986068c4-d11a-465a-b8d0-bd0960c57f51,986068c4-d11a-465a-b8d0-bd0960c57f51,11,0,0,3,0,1,1,1,1791420660
2026-10-08T00:52:00+00:00,2026-10-08T00:53:22.303182+00:00,f83493c0-0de8-11e7-991c-3863bb43a7d0,67,6,1,4,20,0,1,1,1,1791420660
2026-10-08T00:52:00+00:00,2026-10-08T00:53:22.303182+00:00,2132460331327742574,2132460331327742574,0,0,0,18,0,1,1,1,1791420661
2026-10-08T00:52:00+00:00,2026-10-08T00:53:22.303182+00:00,2110566771130438288,2110566771130438288,9,5,1,6,0,1,1,1,1791420662
2026-10-08T00:52:00+00:00,2026-10-08T00:53:22.303182+00:00,f834a2a8-0de8-11e7-991c-3863bb43a7d0,85,1,1,0,18,0,1,1,1,1791420658
2026-10-08T00:52:00+00:00,2026-10-08T00:53:22.303182+00:00,97a1e4e7-a1ff-427a-aaea-48ca0d00bf9c,348,5,4,0,10,0,1,1,1,1791420657
2026-10-08T00:52:00+00:00,2026-10-08T00:53:22.303182+00:00,2127634714741013228,2127634714741013228,15,2,0,9,0,1,1,1,1791420658
2026-10-08T00:52:00+00:00,2026-10-08T00:53:22.303182+00:00,2250817396738253956,2250817396738253956,12,3,2,1,0,1,1,1,1791420658
2026-10-08T00:52:00+00:00,2026-10-08T00:53:22.303182+00:00,c111ef1a-f276-415d-a95e-8e3c4e3a0c03,522,6,3,1,8,0,1,1,1,1791420661
2026-10-08T00:52:00+00:00,2026-10-08T00:53:22.303182+00:00,f55cdf0a-3d7b-491c-bed2-7dc0ef2062d5,489,10,1,0,6,0,1,1,1,1791420661
2026-10-08T00:52:00+00:00,2026-10-08T00:53:22.303182+00:00,82b41ffb-e284-4e4d-b22a-0cad2bfd4bee,443,7,0,0,12,0,1,1,1,1791420659
2026-10-08T00:52:00+00:00,2026-10-08T00:53:22.303182+00:00,f834d34b-0de8-11e7-991c-3863bb43a7d0,120,19,3,0,20,0,1,1,1,1791420674
2026-10-08T00:52:00+00:00,2026-10-08T00:53:22.303182+00:00,f8350129-0de8-11e7-991c-3863bb43a7d0,149,16,1,0,2,0,1,1,1,1791420673
2026-10-08T00:52:00+00:00,2026-10-08T00:53:22.303182+00:00,2149920539832638004,2149920539832638004,13,1,1,1,0,1,1,1,1791420674
2026-10-08T00:52:00+00:00,2026-10-08T00:53:22.303182+00:00,f8348598-0de8-11e7-991c-3863bb43a7d0,49,4,0,0,14,0,1,1,1,1791420675
2026-10-08T00:52:00+00:00,2026-10-08T00:53:22.303182+00:00,829fa5a8-cc88-4ab2-9f34-b481aaa1612e,259,9,0,0,6,0,1,1,1,1791420677
2026-10-08T00:52:00+00:00,2026-10-08T00:53:22.303182+00:00,e519df41-c4d7-403a-9afa-a5dd7cdd2d03,536,10,0,1,7,0,1,1,1,1791420678
2026-10-08T00:52:00+00:00,2026-10-08T00:53:22.303182+00:00,5d17f129-af8c-4f30-bc58-6a8279052772,543,5,2,1,13,0,1,1,1,1791420675
2026-10-08T00:52:00+00:00,2026-10-08T00:53:22.303182+00:00,2113559364250874028,2113559364250874028,8,2,0,7,0,1,1,1,1791420679
2026-10-08T00:52:00+00:00,2026-10-08T00:53:22.303182+00:00,8bc42f7f-753d-4cca-a7d6-0d7c2530ea2c,364,3,0,1,15,0,1,1,1,1791420679
2026-10-08T00:52:00+00:00,2026-10-08T00:53:22.303182+00:00,4b5de733-9353-4873-9dc2-9558b3cb063a,393,5,0,0,8,0,1,1,1,1791420680
2026-10-08T00:52:00+00:00,2026-10-08T00:53:22.303182+00:00,f8351569-0de8-11e7-991c-3863bb43a7d0,181,14,0,0,5,0,1,1,1,1791420680
2026-10-08T00:52:00+00:00,2026-10-08T00:53:22.303182+00:00,2031175112202687108,2031175112202687108,4,0,0,12,0,1,1,1,1791420682
2026-10-08T00:52:00+00:00,2026-10-08T00:53:22.303182+00:00,f8352973-0de8-11e7-991c-3863bb43a7d0,210,6,1,0,9,0,1,1,1,1791420683
2026-10-08T00:52:00+00:00,2026-10-08T00:53:22.303182+00:00,f8351791-0de8-11e7-991c-3863bb43a7d0,186,12,0,0,3,0,1,1,1,1791420683
2026-10-08T00:52:00+00:00,2026-10-08T00:53:22.303182+00:00,88b35b6d-f355-44dc-b85e-ed2eb1bc9099,406,10,3,0,9,0,1,1,1,1791420682
2026-10-08T00:52:00+00:00,2026-10-08T00:53:22.303182+00:00,a6d6d4b2-3666-43ad-a690-7f676bdcc3fd,542,9,0,4,6,0,1,1,1,1791420690
2026-10-08T00:52:00+00:00,2026-10-08T00:53:22.303182+00:00,9fef6df2-7f8f-43fc-a85b-7dd5453860f9,437,14,1,0,3,0,1,1,1,1791420688
2026-10-08T00:52:00+00:00,2026-10-08T00:53:22.303182+00:00,77c1736c-a609-4453-94f7-8e4253a8193c,474,8,3,0,3,0,1,1,1,1791420687
2026-10-08T00:52:00+00:00,2026-10-08T00:53:22.303182+00:00,768433a9-fc30-4485-b136-22d6f8a96f1c,768433a9-fc30-4485-b136-22d6f8a96f1c,4,0,1,6,0,1,1,1,1791420691
2026-10-08T00:52:00+00:00,2026-10-08T00:53:22.303182+00:00,2134720099473744344,2134720099473744344,3,0,0,18,0,1,1,1,1791420691
2026-10-08T00:52:00+00:00,2026-10-08T00:53:22.303182+00:00,f8346dbd-0de8-11e7-991c-3863bb43a7d0,16,7,0,1,11,0,1,1,1,1791420691
2026-10-08T00:52:00+00:00,2026-10-08T00:53:22.303182+00:00,1999644268058967024,1999644268058967024,24,2,0,0,0,1,1,1,1791420691
2026-10-08T00:52:00+00:00,2026-10-08T00:53:22.303182+00:00,2127252912986958612,2127252912986958612,4,1,0,11,0,1,1,1,1791420692
2026-10-08T00:52:00+00:00,2026-10-08T00:53:22.303182+00:00,8e7c1984-dc81-43b0-a0d3-58c6de45225a,465,4,2,0,7,0,1,1,1,1791420689
2026-10-08T00:52:00+00:00,2026-10-08T00:53:22.303182+00:00,2438d052-2cd6-4fba-83c9-39f46cb59398,2438d052-2cd6-4fba-83c9-39f46cb59398,3,1,1,15,0,1,1,1,1791420689
2026-10-08T00:52:00+00:00,2026-10-08T00:53:22.303182+00:00,f834f036-0de8-11e7-991c-3863bb43a7d0,133,11,3,2,10,0,1,1,1,1791420689
2026-10-08T00:52:00+00:00,2026-10-08T00:53:22.303182+00:00,2036103727838931110,2036103727838931110,10,5,0,0,0,1,1,1,1791420688
2026-10-08T00:52:00+00:00,2026-10-08T00:53:22.303182+00:00,2089808297152151688,2089808297152151688,2,1,1,9,0,1,1,1,1791420686
2026-10-08T00:52:00+00:00,2026-10-08T00:53:22.303182+00:00,2129149628430547474,2129149628430547474,16,3,0,0,0,1,1,1,1791420686
2026-10-08T00:52:00+00:00,2026-10-08T00:53:22.303182+00:00,40ee059e-8530-4992-9114-c16b87d6832f,441,12,4,0,7,0,1,1,1,1791420686
2026-10-08T00:52:00+00:00,2026-10-08T00:53:22.303182+00:00,133d159e-a202-4310-910f-eca392fe181e,398,0,0,2,17,0,1,1,1,1791420684
2026-10-08T00:52:00+00:00,2026-10-08T00:53:22.303182+00:00,f834f948-0de8-11e7-991c-3863bb43a7d0,138,13,0,1,0,0,1,1,1,1791420685
2026-10-08T00:52:00+00:00,2026-10-08T00:53:22.303182+00:00,f8349070-0de8-11e7-991c-3863bb43a7d0,61,1,0,1,17,0,1,1,1,1791420683
2026-10-08T00:52:00+00:00,2026-10-08T00:53:22.303182+00:00,f8351649-0de8-11e7-991c-3863bb43a7d0,183,2,0,0,17,0,1,1,1,1791420686
2026-10-08T00:52:00+00:00,2026-10-08T00:53:22.303182+00:00,2039387081833476178,2039387081833476178,12,2,0,8,0,1,1,1,1791420693
2026-10-08T00:52:00+00:00,2026-10-08T00:53:22.303182+00:00,199f3d59-e726-4549-b9c1-4dfc8a343fdb,508,10,6,0,1,0,1,1,1,1791420693
2026-10-08T00:52:00+00:00,2026-10-08T00:53:22.303182+00:00,2027855476515070160,2027855476515070160,11,0,0,15,0,1,1,1,1791420693
2026-10-08T00:52:00+00:00,2026-10-08T00:53:22.303182+00:00,2131371824572002576,2131371824572002576,11,0,1,4,0,1,1,1,1791420693
2026-10-08T00:52:00+00:00,2026-10-08T00:53:22.303182+00:00,2220033166406469278,2220033166406469278,10,4,1,4,0,1,1,1,1791420697
2026-10-08T00:52:00+00:00,2026-10-08T00:53:22.303182+00:00,f7d416f8-4377-4019-bba7-302dc1d5a11d,391,9,0,3,3,0,1,1,1,1791420696
2026-10-08T00:52:00+00:00,2026-10-08T00:53:22.303182+00:00,f834b183-0de8-11e7-991c-3863bb43a7d0,98,12,2,1,10,0,1,1,1,1791420696
2026-10-08T00:52:00+00:00,2026-10-08T00:53:22.303182+00:00,2363c5a3-93cc-41a2-a767-90f1826c041f,426,0,0,0,27,0,1,1,1,1791420694
2026-10-08T00:52:00+00:00,2026-10-08T00:53:22.303182+00:00,9b0aff89-5242-475e-b03b-87c3c3bf51bb,477,3,3,1,15,0,1,1,1,1791420697
2026-10-08T00:52:00+00:00,2026-10-08T00:53:22.303182+00:00,2036412579943670600,2036412579943670600,5,5,0,7,0,1,1,1,1791420696
2026-10-08T00:52:00+00:00,2026-10-08T00:53:22.303182+00:00,1206f5c8-7d1f-4c32-9d65-f3e80186fbde,511,8,5,1,10,0,1,1,1,1791420595
2026-10-08T00:52:00+00:00,2026-10-08T00:53:22.303182+00:00,f834ffc9-0de8-11e7-991c-3863bb43a7d0,146,19,3,0,0,0,1,1,1,1791420591
2026-10-08T00:52:00+00:00,2026-10-08T00:53:22.303182+00:00,b0b8e427-7203-4844-9c70-129e08a74452,347,13,4,1,0,0,1,1,1,1791420591
2026-10-08T00:52:00+00:00,2026-10-08T00:53:22.303182+00:00,57caf362-1e8b-46aa-9ee3-82341c405ab0,271,2,0,1,12,0,1,1,1,1791420598
2026-10-08T00:52:00+00:00,2026-10-08T00:53:22.303182+00:00,66763558-7a03-48a9-8665-6b4445b81f48,458,14,7,0,1,0,1,1,1,1791420599
2026-10-08T00:52:00+00:00,2026-10-08T00:53:22.303182+00:00,a3b94ed8-8301-4ec6-baf2-64ac493b5106,529,1,0,0,13,0,1,1,1,1791420578
2026-10-08T00:52:00+00:00,2026-10-08T00:53:22.303182+00:00,609c2f06-310e-4134-8dd2-3d23aa41487b,609c2f06-310e-4134-8dd2-3d23aa41487b,19,3,1,2,0,1,1,1,1791420581
2026-10-08T00:52:00+00:00,2026-10-08T00:53:22.303182+00:00,8f51f8f1-ecb8-4cd3-8529-296a03140c51,8f51f8f1-ecb8-4cd3-8529-296a03140c51,8,3,0,11,0,1,1,1,1791420582
2026-10-08T00:52:00+00:00,2026-10-08T00:53:22.303182+00:00,a9bc314b-a3fd-46e5-a63b-f005258bba5f,a9bc314b-a3fd-46e5-a63b-f005258bba5f,4,0,0,13,1,1,1,1,1791420584
2026-10-08T00:52:00+00:00,2026-10-08T00:53:22.303182+00:00,dd008e3c-ff17-4c82-abe0-502272a62425,558,3,2,1,13,0,1,1,1,1791420583
2026-10-08T00:52:00+00:00,2026-10-08T00:53:22.303182+00:00,25cc602a-152a-4abe-9df8-a131d0a5d94b,235,15,6,0,0,0,1,1,1,1791420587
2026-10-08T00:52:00+00:00,2026-10-08T00:53:22.303182+00:00,3c837bc0-fd08-49c4-adf5-0e9a98e918a7,524,6,0,1,8,0,1,1,1,1791420604
2026-10-08T00:52:00+00:00,2026-10-08T00:53:22.303182+00:00,f834923d-0de8-11e7-991c-3863bb43a7d0,65,5,0,0,14,0,1,1,1,1791420607
2026-10-08T00:52:00+00:00,2026-10-08T00:53:22.303182+00:00,31382324-2931-491a-827a-40149e45afee,232,5,0,0,6,0,1,1,1,1791420605
2026-10-08T00:52:00+00:00,2026-10-08T00:53:22.303182+00:00,3de6e5da-9702-4623-8683-26abd98012a8,525,4,0,0,8,0,1,1,1,1791420613
2026-10-08T00:52:00+00:00,2026-10-08T00:53:22.303182+00:00,2100948177843249670,2100948177843249670,7,4,0,4,0,1,1,1,1791420611
2026-10-08T00:52:00+00:00,2026-10-08T00:53:22.303182+00:00,f834b50a-0de8-11e7-991c-3863bb43a7d0,102,10,2,0,5,0,1,1,1,1791420609
2026-10-08T00:52:00+00:00,2026-10-08T00:53:22.303182+00:00,7dd0fc98-c1dd-4c93-9c1d-4bbdf5f93346,473,14,9,0,0,0,1,1,1,1791420615
2026-10-08T00:52:00+00:00,2026-10-08T00:53:22.303182+00:00,f8348021-0de8-11e7-991c-3863bb43a7d0,39,23,1,0,4,0,1,1,1,1791420615
2026-10-08T00:52:00+00:00,2026-10-08T00:53:22.303182+00:00,f8346c01-0de8-11e7-991c-3863bb43a7d0,13,2,2,0,17,0,1,1,1,1791420616
2026-10-08T00:52:00+00:00,2026-10-08T00:53:22.303182+00:00,f8348781-0de8-11e7-991c-3863bb43a7d0,53,8,0,1,10,0,1,1,1,1791420620
2026-10-08T00:52:00+00:00,2026-10-08T00:53:22.303182+00:00,f1cafe36-f800-41f6-b74d-73953cb6394c,471,0,0,0,27,0,1,1,1,1791420623
2026-10-08T00:52:00+00:00,2026-10-08T00:53:22.303182+00:00,8b703219-1e16-4ba1-9f46-2b7030c7849a,360,3,2,2,10,0,1,1,1,1791420625
2026-10-08T00:52:00+00:00,2026-10-08T00:53:22.303182+00:00,f8352c1a-0de8-11e7-991c-3863bb43a7d0,216,7,2,2,10,0,1,1,1,1791420627
2026-10-08T00:52:00+00:00,2026-10-08T00:53:22.303182+00:00,910f1452-dbeb-4e69-b226-71b2d7e85715,910f1452-dbeb-4e69-b226-71b2d7e85715,8,8,0,2,0,1,1,1,1791420625
2026-10-08T00:52:00+00:00,2026-10-08T00:53:22.303182+00:00,af066ffd-b892-434f-8532-1982fc408780,480,7,1,0,4,0,1,1,1,1791420629
2026-10-08T00:52:00+00:00,2026-10-08T00:53:22.303182+00:00,13681246-4bf8-444a-a908-fa165e4ad298,329,12,2,2,1,0,1,1,1,1791420632
2026-10-08T00:52:00+00:00,2026-10-08T00:53:22.303182+00:00,f8353277-0de8-11e7-991c-3863bb43a7d0,218,0,0,0,15,0,1,1,1,1791420632
2026-10-08T00:52:00+00:00,2026-10-08T00:53:22.303182+00:00,b5894555-30a3-46db-918a-fdeb083d6001,336,11,6,1,3,0,1,1,1,1791420635
2026-10-08T00:52:00+00:00,2026-10-08T00:53:22.303182+00:00,2223046412750968128,2223046412750968128,4,2,0,15,0,1,1,1,1791420634
2026-10-08T00:52:00+00:00,2026-10-08T00:53:22.303182+00:00,f83514f9-0de8-11e7-991c-3863bb43a7d0,180,10,1,1,8,0,1,1,1,1791420635
2026-10-08T00:52:00+00:00,2026-10-08T00:53:22.303182+00:00,be7e7068-b85f-42c1-8ea1-e1d64e531323,be7e7068-b85f-42c1-8ea1-e1d64e531323,10,5,0,5,0,1,1,1,1791420634
2026-10-08T00:52:00+00:00,2026-10-08T00:53:22.303182+00:00,2136546016037880534,2136546016037880534,4,1,0,11,0,1,1,1,1791420638
2026-10-08T00:52:00+00:00,2026-10-08T00:53:22.303182+00:00,f83472d3-0de8-11e7-991c-3863bb43a7d0,25,15,2,0,0,0,1,1,1,1791420637
2026-10-08T00:52:00+00:00,2026-10-08T00:53:22.303182+00:00,efd724b2-31cb-4aec-b9d9-8ab79271630c,493,9,0,0,8,0,1,1,1,1791420639
2026-10-08T00:52:00+00:00,2026-10-08T00:53:22.303182+00:00,2111332861978124760,2111332861978124760,3,1,1,12,0,1,1,1,1791420640
2026-10-08T00:52:00+00:00,2026-10-08T00:53:22.303182+00:00,f834b652-0de8-11e7-991c-3863bb43a7d0,104,9,2,1,9,0,1,1,1,1791420644
2026-10-08T00:52:00+00:00,2026-10-08T00:53:22.303182+00:00,f834ff5a-0de8-11e7-991c-3863bb43a7d0,145,5,0,1,13,0,1,1,1,1791420642
2026-10-08T00:52:00+00:00,2026-10-08T00:53:22.303182+00:00,dd05a440-f881-410c-a071-864da11c634a,318,0,0,0,19,0,1,1,1,1791420648
2026-10-08T00:52:00+00:00,2026-10-08T00:53:22.303182+00:00,2113560016964645240,2113560016964645240,8,0,1,10,0,1,1,1,1791420648
2026-10-08T00:52:00+00:00,2026-10-08T00:53:22.303182+00:00,2131714490587826928,2131714490587826928,11,8,2,3,0,1,1,1,1791420646
2026-10-08T00:52:00+00:00,2026-10-08T00:53:22.303182+00:00,f834db9b-0de8-11e7-991c-3863bb43a7d0,121,14,5,0,3,0,1,1,1,1791420649
2026-10-08T00:52:00+00:00,2026-10-08T00:53:22.303182+00:00,1961066392414132348,1961066392414132348,3,1,0,16,0,1,1,1,1791420644
2026-10-08T00:52:00+00:00,2026-10-08T00:53:22.303182+00:00,1984021766354634770,1984021766354634770,7,0,0,12,0,1,1,1,1791420645
2026-10-08T00:52:00+00:00,2026-10-08T00:53:22.303182+00:00,a51b429f-bf06-425a-b3fe-b3155aa6468c,a51b429f-bf06-425a-b3fe-b3155aa6468c,10,2,0,1,0,1,1,1,1791420649
2026-10-08T00:52:00+00:00,2026-10-08T00:53:22.303182+00:00,f8349de4-0de8-11e7-991c-3863bb43a7d0,80,0,0,0,34,0,1,1,1,1791420653
2026-10-08T00:52:00+00:00,2026-10-08T00:53:22.303182+00:00,f8352306-0de8-11e7-991c-3863bb43a7d0,199,7,2,1,7,0,1,1,1,1791420652
2026-10-08T00:52:00+00:00,2026-10-08T00:53:22.303182+00:00,f8351e42-0de8-11e7-991c-3863bb43a7d0,189,1,0,0,22,0,1,1,1,1791420652
2026-10-08T00:52:00+00:00,2026-10-08T00:53:22.303182+00:00,2126939746529359956,2126939746529359956,8,4,0,11,0,1,1,1,1791420653
2026-10-08T00:52:00+00:00,2026-10-08T00:53:22.303182+00:00,2012646293885032702,2012646293885032702,17,0,0,7,0,1,1,1,1791420653
2026-10-08T00:52:00+00:00,2026-10-08T00:53:22.303182+00:00,ee18dbd6-05b8-4d38-a120-f84c3499a77e,519,5,1,0,6,0,1,1,1,1791420656
2026-10-08T00:52:00+00:00,2026-10-08T00:53:22.303182+00:00,f83487f0-0de8-11e7-991c-3863bb43a7d0,54,2,0,0,13,0,1,1,1,1791420657
2026-10-08T00:52:00+00:00,2026-10-08T00:53:22.303182+00:00,c935cfb1-ef73-402e-9b86-83aaaac6534d,478,4,0,1,14,0,1,1,1,1791420659
2026-10-08T00:52:00+00:00,2026-10-08T00:53:22.303182+00:00,1994461916590643872,1994461916590643872,10,2,1,0,0,1,1,1,1791420659
2026-10-08T00:52:00+00:00,2026-10-08T00:53:22.303182+00:00,f8349d6e-0de8-11e7-991c-3863bb43a7d0,79,16,1,0,2,0,1,1,1,1791420660
2026-10-08T00:52:00+00:00,2026-10-08T00:53:22.303182+00:00,1963273678015717438,1963273678015717438,4,2,0,15,0,1,1,1,1791420659
2026-10-08T00:52:00+00:00,2026-10-08T00:53:22.303182+00:00,2080157934789007958,2080157934789007958,16,2,2,1,0,1,1,1,1791420662
2026-10-08T00:52:00+00:00,2026-10-08T00:53:22.303182+00:00,f8351ff1-0de8-11e7-991c-3863bb43a7d0,193,10,2,1,4,0,1,1,1,1791420663
2026-10-08T00:52:00+00:00,2026-10-08T00:53:22.303182+00:00,2074236051937964826,2074236051937964826,14,0,0,1,1,1,1,1,1791420661
2026-10-08T00:52:00+00:00,2026-10-08T00:53:22.303182+00:00,f835259f-0de8-11e7-991c-3863bb43a7d0,205,3,2,1,11,0,1,1,1,1791420665
2026-10-08T00:52:00+00:00,2026-10-08T00:53:22.303182+00:00,634b697d-0e64-4102-8849-abac7a7f8e35,455,5,1,0,7,0,1,1,1,1791420666
2026-10-08T00:52:00+00:00,2026-10-08T00:53:22.303182+00:00,f835141c-0de8-11e7-991c-3863bb43a7d0,178,13,0,2,3,0,1,1,1,1791420672
2026-10-08T00:52:00+00:00,2026-10-08T00:53:22.303182+00:00,1e3beeb4-f8e1-452c-93e5-48df78d4b313,334,10,4,0,8,0,1,1,1,1791420669
2026-10-08T00:52:00+00:00,2026-10-08T00:53:22.303182+00:00,f8352a4d-0de8-11e7-991c-3863bb43a7d0,212,14,0,2,16,0,1,1,1,1791420670
2026-10-08T00:52:00+00:00,2026-10-08T00:53:22.303182+00:00,0bc49982-74e9-4bbf-9991-e3d809d6319e,530,11,5,0,8,0,1,1,1,1791420668
2026-10-08T00:52:00+00:00,2026-10-08T00:53:22.303182+00:00,dc770287-c70c-43ea-a635-39f3dc6b09cd,dc770287-c70c-43ea-a635-39f3dc6b09cd,11,4,0,0,0,1,1,1,1791420669
2026-10-08T00:52:00+00:00,2026-10-08T00:53:22.303182+00:00,082262bd-086b-46c7-83ce-eed2b39142ff,416,1,0,0,14,0,1,1,1,1791420668
2026-10-08T00:52:00+00:00,2026-10-08T00:53:22.303182+00:00,f8348924-0de8-11e7-991c-3863bb43a7d0,57,13,0,0,1,0,1,1,1,1791420672
2026-10-08T00:52:00+00:00,2026-10-08T00:53:22.303182+00:00,3a6d94a7-9fee-41c5-b8cc-a8487c5e691b,549,21,0,0,2,0,1,1,1,1791420673
2026-10-08T00:52:00+00:00,2026-10-08T00:53:22.303182+00:00,2115804056935012722,2115804056935012722,0,0,0,18,0,1,1,1,1791420673
2026-10-08T00:52:00+00:00,2026-10-08T00:53:22.303182+00:00,4caf6e93-ddd7-4b6f-9e61-f9df1206ac92,4caf6e93-ddd7-4b6f-9e61-f9df1206ac92,13,10,0,6,0,1,1,1,1791420668
2026-10-08T00:52:00+00:00,2026-10-08T00:53:22.303182+00:00,f834fb66-0de8-11e7-991c-3863bb43a7d0,139,17,3,1,1,0,1,1,1,1791420670
2026-10-08T00:52:00+00:00,2026-10-08T00:53:22.303182+00:00,0cb6d635-6a7d-4d75-89b4-36b12616be12,432,9,5,0,10,0,1,1,1,1791420670
2026-10-08T00:52:00+00:00,2026-10-08T00:53:22.303182+00:00,f8347361-0de8-11e7-991c-3863bb43a7d0,26,10,0,0,5,0,1,1,1,1791420673
2026-10-08T00:52:00+00:00,2026-10-08T00:53:22.303182+00:00,dd8dee9d-d044-41d6-9371-8463cf9c671b,526,6,3,0,8,1,1,1,1,1791420673
2026-10-08T00:52:00+00:00,2026-10-08T00:53:22.303182+00:00,fbb9b58c-2b92-4bcf-8e4c-a982e40d2f39,221,1,0,1,17,0,1,1,1,1791420678
2026-10-08T00:52:00+00:00,2026-10-08T00:53:22.303182+00:00,c98f50f6-1901-4c64-b164-8cf33245e022,282,16,1,1,0,1,1,1,1,1791420677
2026-10-08T00:52:00+00:00,2026-10-08T00:53:22.303182+00:00,4764641e-b080-4c70-a1e1-049de81e09d0,273,26,4,3,12,0,1,1,1,1791420678
2026-10-08T00:52:00+00:00,2026-10-08T00:53:22.303182+00:00,ee0fa23e-a6c2-474d-a6ef-bf581d63f1ae,ee0fa23e-a6c2-474d-a6ef-bf581d63f1ae,4,0,0,7,0,1,1,1,1791420678
2026-10-08T00:52:00+00:00,2026-10-08T00:53:22.303182+00:00,f8350c56-0de8-11e7-991c-3863bb43a7d0,161,21,2,0,3,0,1,1,1,1791420676
2026-10-08T00:52:00+00:00,2026-10-08T00:53:22.303182+00:00,2120986392451359068,2120986392451359068,6,0,0,13,0,1,1,1,1791420680
2026-10-08T00:52:00+00:00,2026-10-08T00:53:22.303182+00:00,3b158c7a-a362-43ae-af1f-121b78be32d7,483,6,2,1,10,0,1,1,1,1791420677
2026-10-08T00:52:00+00:00,2026-10-08T00:53:22.303182+00:00,f834d064-0de8-11e7-991c-3863bb43a7d0,118,7,1,0,12,0,1,1,1,1791420680
2026-10-08T00:52:00+00:00,2026-10-08T00:53:22.303182+00:00,e3f5d039-a49e-4b3b-ab4d-4efbef2068c6,e3f5d039-a49e-4b3b-ab4d-4efbef2068c6,13,3,1,8,0,1,1,1,1791420681
2026-10-08T00:52:00+00:00,2026-10-08T00:53:22.303182+00:00,2158217922577811100,2158217922577811100,5,0,0,14,0,1,1,1,1791420682
2026-10-08T00:52:00+00:00,2026-10-08T00:53:22.303182+00:00,fae99a0c-e88a-4112-94d8-f655cf34e651,fae99a0c-e88a-4112-94d8-f655cf34e651,2,0,2,15,0,1,1,1,1791420682
2026-10-08T00:52:00+00:00,2026-10-08T00:53:22.303182+00:00,2071724371800490690,2071724371800490690,10,2,0,10,0,1,1,1,1791420683
2026-10-08T00:52:00+00:00,2026-10-08T00:53:22.303182+00:00,f8349672-0de8-11e7-991c-3863bb43a7d0,72,0,0,0,23,0,1,1,1,1791420683
2026-10-08T00:52:00+00:00,2026-10-08T00:53:22.303182+00:00,f4a64c30-b97f-4ae5-b531-a11698b558d7,562,6,2,0,3,0,1,1,1,1791420683
2026-10-08T00:52:00+00:00,2026-10-08T00:53:22.303182+00:00,2124668538068359456,2124668538068359456,15,0,0,4,0,1,1,1,1791420686
2026-10-08T00:52:00+00:00,2026-10-08T00:53:22.303182+00:00,3f4f4ad4-a715-43d5-828f-f8381f26b66a,390,9,0,0,5,1,1,1,1,1791420687
2026-10-08T00:52:00+00:00,2026-10-08T00:53:22.303182+00:00,a439fff7-8630-464c-b277-efca6f6bc664,531,11,3,3,0,0,1,1,1,1791420688
2026-10-08T00:52:00+00:00,2026-10-08T00:53:22.303182+00:00,f834a32d-0de8-11e7-991c-3863bb43a7d0,86,18,2,1,6,0,1,1,1,1791420688
2026-10-08T00:52:00+00:00,2026-10-08T00:53:22.303182+00:00,f8348857-0de8-11e7-991c-3863bb43a7d0,55,9,0,0,6,0,1,1,1,1791420689
2026-10-08T00:52:00+00:00,2026-10-08T00:53:22.303182+00:00,f8350be5-0de8-11e7-991c-3863bb43a7d0,160,0,0,1,13,0,1,1,1,1791420689
2026-10-08T00:52:00+00:00,2026-10-08T00:53:22.303182+00:00,2002247509585342522,2002247509585342522,7,1,0,4,0,1,1,1,1791420685
2026-10-08T00:52:00+00:00,2026-10-08T00:53:22.303182+00:00,d81e16e2-a410-4a0b-b5ae-b72748fc9781,d81e16e2-a410-4a0b-b5ae-b72748fc9781,9,0,0,10,0,1,1,1,1791420685
2026-10-08T00:52:00+00:00,2026-10-08T00:53:22.303182+00:00,f8352150-0de8-11e7-991c-3863bb43a7d0,196,2,2,0,8,0,1,1,1,1791420686
2026-10-08T00:52:00+00:00,2026-10-08T00:53:22.303182+00:00,68323451-daf0-4532-a6cb-b070e3ef358f,68323451-daf0-4532-a6cb-b070e3ef358f,5,0,0,14,0,1,1,1,1791420684
2026-10-08T00:52:00+00:00,2026-10-08T00:53:22.303182+00:00,2004828637786472956,2004828637786472956,10,3,0,9,0,1,1,1,1791420685
2026-10-08T00:52:00+00:00,2026-10-08T00:53:22.303182+00:00,2fded452-cbd0-4248-b008-f8a61ed9a85f,2fded452-cbd0-4248-b008-f8a61ed9a85f,2,1,0,13,0,1,1,1,1791420686
2026-10-08T00:52:00+00:00,2026-10-08T00:53:22.303182+00:00,a9d13461-7f0f-47b0-9a97-8ec9e9792865,533,17,2,1,1,0,1,1,1,1791420687
2026-10-08T00:52:00+00:00,2026-10-08T00:53:22.303182+00:00,2171110977443594588,2171110977443594588,8,0,1,6,0,1,1,1,1791420688
2026-10-08T00:52:00+00:00,2026-10-08T00:53:22.303182+00:00,2256120653476329202,2256120653476329202,13,1,0,2,0,1,1,1,1791420688
2026-10-08T00:52:00+00:00,2026-10-08T00:53:22.303182+00:00,f834fda2-0de8-11e7-991c-3863bb43a7d0,143,6,0,0,17,0,1,1,1,1791420687
2026-10-08T00:52:00+00:00,2026-10-08T00:53:22.303182+00:00,f835027c-0de8-11e7-991c-3863bb43a7d0,152,9,0,0,18,0,1,1,1,1791420688
2026-10-08T00:52:00+00:00,2026-10-08T00:53:22.303182+00:00,2035765531590062506,2035765531590062506,7,1,3,1,0,1,1,1,1791420693
2026-10-08T00:52:00+00:00,2026-10-08T00:53:22.303182+00:00,3dbbb3cb-b52d-46f8-8f9c-db11e83d081c,327,12,6,0,4,0,1,1,1,1791420693
2026-10-08T00:52:00+00:00,2026-10-08T00:53:22.303182+00:00,50cc3c7f-50ed-4c70-b483-c89f3f47c938,491,15,0,0,4,0,1,1,1,1791420696
2026-10-08T00:52:00+00:00,2026-10-08T00:53:22.303182+00:00,f836bc28-36a7-4ca6-bba6-0d75333d84bb,538,14,1,1,4,0,1,1,1,1791420695
2026-10-08T00:52:00+00:00,2026-10-08T00:53:22.303182+00:00,e49a5b83-2c9c-4610-a48b-89cfea172c8f,504,6,0,0,5,0,1,1,1,1791420692
2026-10-08T00:52:00+00:00,2026-10-08T00:53:22.303182+00:00,2079440939380771716,2079440939380771716,1,1,1,9,0,1,1,1,1791420691
2026-10-08T00:52:00+00:00,2026-10-08T00:53:22.303182+00:00,f8346a3c-0de8-11e7-991c-3863bb43a7d0,10,0,0,2,9,0,1,1,1,1791420693
2026-10-08T00:52:00+00:00,2026-10-08T00:53:22.303182+00:00,2248987790637065652,2248987790637065652,12,2,0,0,0,1,1,1,1791420692
2026-10-08T00:52:00+00:00,2026-10-08T00:53:22.303182+00:00,2253794653988522864,2253794653988522864,7,0,1,11,0,1,1,1,1791420697
2026-10-08T00:52:00+00:00,2026-10-08T00:53:22.303182+00:00,2249419943962214726,2249419943962214726,6,1,0,13,0,1,1,1,1791420457
2026-10-08T00:52:00+00:00,2026-10-08T00:53:22.303182+00:00,2220822464984366036,2220822464984366036,5,2,0,7,0,1,1,1,1791420573
2026-10-08T00:52:00+00:00,2026-10-08T00:53:22.303182+00:00,0b0467c1-0c90-4529-a556-fe4d57835bbb,435,13,11,0,1,1,1,1,1,1791420579
2026-10-08T00:52:00+00:00,2026-10-08T00:53:22.303182+00:00,f834b99d-0de8-11e7-991c-3863bb43a7d0,107,0,0,1,18,0,1,1,1,1791420580
2026-10-08T00:52:00+00:00,2026-10-08T00:53:22.303182+00:00,2123672938202825324,2123672938202825324,12,0,0,3,0,1,1,1,1791420586
2026-10-08T00:52:00+00:00,2026-10-08T00:53:22.303182+00:00,f83529e2-0de8-11e7-991c-3863bb43a7d0,211,9,1,1,5,0,1,1,1,1791420584
2026-10-08T00:52:00+00:00,2026-10-08T00:53:22.303182+00:00,93381e13-cd04-4e10-ac81-9f5926aa01d5,333,7,1,1,17,0,1,1,1,1791420584
2026-10-08T00:52:00+00:00,2026-10-08T00:53:22.303182+00:00,81676204-e42f-4d3d-991e-9c1264f36229,357,15,1,0,0,0,1,1,1,1791420587
2026-10-08T00:52:00+00:00,2026-10-08T00:53:22.303182+00:00,f8285d4f-5053-4e26-bb28-72016fe11353,405,12,0,1,6,0,1,1,1,1791420589
2026-10-08T00:52:00+00:00,2026-10-08T00:53:22.303182+00:00,f834a3a0-0de8-11e7-991c-3863bb43a7d0,87,15,4,0,0,0,1,1,1,1791420589
2026-10-08T00:52:00+00:00,2026-10-08T00:53:22.303182+00:00,7feae3ce-ddf2-4a45-a123-1209c8a9182b,484,2,0,0,9,0,1,1,1,1791420588
2026-10-08T00:52:00+00:00,2026-10-08T00:53:22.303182+00:00,12d463d2-ce50-43bd-81b1-6be4dbdbbc1b,430,13,4,0,6,0,1,1,1,1791420596
2026-10-08T00:52:00+00:00,2026-10-08T00:53:22.303182+00:00,2130224177726511580,2130224177726511580,7,0,0,8,0,1,1,1,1791420594
2026-10-08T00:52:00+00:00,2026-10-08T00:53:22.303182+00:00,f8347b1e-0de8-11e7-991c-3863bb43a7d0,30,3,2,0,12,0,1,1,1,1791420593
2026-10-08T00:52:00+00:00,2026-10-08T00:53:22.303182+00:00,f83515d8-0de8-11e7-991c-3863bb43a7d0,182,15,0,0,4,0,1,1,1,1791420594
2026-10-08T00:52:00+00:00,2026-10-08T00:53:22.303182+00:00,0daf7408-7a15-4d2b-8c39-f1a097cdbe85,403,15,3,0,0,0,1,1,1,1791420597
2026-10-08T00:52:00+00:00,2026-10-08T00:53:22.303182+00:00,f834f8ca-0de8-11e7-991c-3863bb43a7d0,137,16,9,0,3,0,1,1,1,1791420599
2026-10-08T00:52:00+00:00,2026-10-08T00:53:22.303182+00:00,f8352ac4-0de8-11e7-991c-3863bb43a7d0,213,5,0,3,6,0,1,1,1,1791420601
2026-10-08T00:52:00+00:00,2026-10-08T00:53:22.303182+00:00,fe534b6f-61ad-47d3-b9f6-cdaa128f53a4,395,4,0,2,9,0,1,1,1,1791420602
2026-10-08T00:52:00+00:00,2026-10-08T00:53:22.303182+00:00,f834a838-0de8-11e7-991c-3863bb43a7d0,92,14,0,0,4,0,1,1,1,1791420604
2026-10-08T00:52:00+00:00,2026-10-08T00:53:22.303182+00:00,2212663228188806942,2212663228188806942,10,1,0,14,0,1,1,1,1791420603
2026-10-08T00:52:00+00:00,2026-10-08T00:53:22.303182+00:00,9e9be067-c6bb-41de-9491-eda69d24d6de,371,10,6,0,8,1,1,1,1,1791420606
2026-10-08T00:52:00+00:00,2026-10-08T00:53:22.303182+00:00,7df1ee28-441e-44c1-8507-8f58946be96b,239,6,0,0,9,0,1,1,1,1791420606
2026-10-08T00:52:00+00:00,2026-10-08T00:53:22.303182+00:00,d1c0b0c2-6e4c-424e-a946-a2a95a711633,422,5,1,0,10,0,1,1,1,1791420609
2026-10-08T00:52:00+00:00,2026-10-08T00:53:22.303182+00:00,f8350a84-0de8-11e7-991c-3863bb43a7d0,157,1,0,1,13,0,1,1,1,1791420612
2026-10-08T00:52:00+00:00,2026-10-08T00:53:22.303182+00:00,12141b77-6e5f-444b-bace-2abf16db4fee,12141b77-6e5f-444b-bace-2abf16db4fee,9,5,0,2,0,1,1,1,1791420630
2026-10-08T00:52:00+00:00,2026-10-08T00:53:22.303182+00:00,81bfc33b-30d8-4881-b261-712715a8b2bc,363,12,0,0,5,1,1,1,1,1791420631
2026-10-08T00:52:00+00:00,2026-10-08T00:53:22.303182+00:00,228b8017-e4da-4722-9223-b8279a14b8ad,448,0,0,0,10,0,1,1,1,1791420650
2026-10-08T00:52:00+00:00,2026-10-08T00:53:22.303182+00:00,2129865213174084448,2129865213174084448,13,5,0,6,0,1,1,1,1791420650
2026-10-08T00:52:00+00:00,2026-10-08T00:53:22.303182+00:00,f8346f6f-0de8-11e7-991c-3863bb43a7d0,19,9,2,0,5,0,1,1,1,1791420608
2026-10-08T00:52:00+00:00,2026-10-08T00:53:22.303182+00:00,1976642295079838524,1976642295079838524,8,0,1,2,0,1,1,1,1791420608
2026-10-08T00:52:00+00:00,2026-10-08T00:53:22.303182+00:00,e2c306f6-82c7-4d0d-89fd-c9452d2f9ad1,361,17,1,2,24,0,1,1,1,1791420622
2026-10-08T00:52:00+00:00,2026-10-08T00:53:22.303182+00:00,00802fe6-4268-4dc8-8f55-0dbbc1665ce6,515,8,1,0,11,0,1,1,1,1791420635
2026-10-08T00:52:00+00:00,2026-10-08T00:53:22.303182+00:00,9c8366d8-3b58-4894-b281-09e22f6fe5f7,464,11,4,0,0,0,1,1,1,1791420636
2026-10-08T00:52:00+00:00,2026-10-08T00:53:22.303182+00:00,2131760674371160748,2131760674371160748,2,0,1,17,0,1,1,1,1791420636
2026-10-08T00:52:00+00:00,2026-10-08T00:53:22.303182+00:00,1989983491501558234,1989983491501558234,1,0,0,10,0,1,1,1,1791420637
2026-10-08T00:52:00+00:00,2026-10-08T00:53:22.303182+00:00,f834ab92-0de8-11e7-991c-3863bb43a7d0,95,14,0,0,1,0,1,1,1,1791420635
2026-10-08T00:52:00+00:00,2026-10-08T00:53:22.303182+00:00,be18593a-9e4c-4a13-8bb2-a5bac3d9b2b3,547,11,3,0,7,0,1,1,1,1791420633
2026-10-08T00:52:00+00:00,2026-10-08T00:53:22.303182+00:00,2096125468116637776,2096125468116637776,14,0,0,1,0,1,1,1,1791420676
2026-10-08T00:52:00+00:00,2026-10-08T00:53:22.303182+00:00,f834658f-0de8-11e7-991c-3863bb43a7d0,4,17,2,0,2,0,1,1,1,1791420673
2026-10-08T00:52:00+00:00,2026-10-08T00:53:22.303182+00:00,1978882443666915710,1978882443666915710,5,0,0,12,1,1,1,1,1791420673
2026-10-08T00:52:00+00:00,2026-10-08T00:53:22.303182+00:00,eb8824c3-9c84-4fec-8d6f-d537c8ab3beb,349,13,10,0,3,1,1,1,1,1791420674
2026-10-08T00:52:00+00:00,2026-10-08T00:53:22.303182+00:00,f83489ff-0de8-11e7-991c-3863bb43a7d0,59,0,0,0,18,1,1,1,1,1791420674
2026-10-08T00:52:00+00:00,2026-10-08T00:53:22.303182+00:00,4fe8e777-345b-4fc2-a684-dd874e8186d8,4fe8e777-345b-4fc2-a684-dd874e8186d8,0,0,8,0,7,1,1,1,1791420677
2026-10-08T00:52:00+00:00,2026-10-08T00:53:22.303182+00:00,2071630998981871920,2071630998981871920,12,4,1,7,0,1,1,1,1791420677
2026-10-08T00:52:00+00:00,2026-10-08T00:53:22.303182+00:00,2212258635631104970,2212258635631104970,3,1,0,20,0,1,1,1,1791420678
2026-10-08T00:52:00+00:00,2026-10-08T00:53:22.303182+00:00,f834fede-0de8-11e7-991c-3863bb43a7d0,144,6,0,0,13,0,1,1,1,1791420679
2026-10-08T00:52:00+00:00,2026-10-08T00:53:22.303182+00:00,2267959380696438832,2267959380696438832,7,0,0,4,0,1,1,1,1791420680
2026-10-08T00:52:00+00:00,2026-10-08T00:53:22.303182+00:00,f834dedf-0de8-11e7-991c-3863bb43a7d0,124,7,3,1,6,0,1,1,1,1791420683
2026-10-08T00:52:00+00:00,2026-10-08T00:53:22.303182+00:00,ca76adb6-4c84-4484-9ec3-b411b81ddbef,ca76adb6-4c84-4484-9ec3-b411b81ddbef,4,0,2,13,0,1,1,1,1791420681
2026-10-08T00:52:00+00:00,2026-10-08T00:53:22.303182+00:00,8347c34d-68df-404b-ac58-7a387cc3ce4b,414,4,2,0,19,0,1,1,1,1791420615
2026-10-08T00:52:00+00:00,2026-10-08T00:53:22.303182+00:00,1921360868231155718,1921360868231155718,0,0,1,18,0,1,1,1,1791420614
2026-10-08T00:52:00+00:00,2026-10-08T00:53:22.303182+00:00,f8348a68-0de8-11e7-991c-3863bb43a7d0,60,2,0,0,16,0,1,1,1,1791420611
2026-10-08T00:52:00+00:00,2026-10-08T00:53:22.303182+00:00,f8349e56-0de8-11e7-991c-3863bb43a7d0,81,2,2,0,17,0,1,1,1,1791420611
2026-10-08T00:52:00+00:00,2026-10-08T00:53:22.303182+00:00,f83471a1-0de8-11e7-991c-3863bb43a7d0,23,0,0,0,24,1,1,1,1,1791420616
2026-10-08T00:52:00+00:00,2026-10-08T00:53:22.303182+00:00,2254164250455119196,2254164250455119196,6,6,0,9,0,1,1,1,1791420613
2026-10-08T00:52:00+00:00,2026-10-08T00:53:22.303182+00:00,5bbdd12f-fec4-4741-9d5d-4a60834c5d02,377,4,2,0,15,0,1,1,1,1791420644
2026-10-08T00:52:00+00:00,2026-10-08T00:53:22.303182+00:00,2d32e355-faee-407b-9bb7-45d80ffb059a,2d32e355-faee-407b-9bb7-45d80ffb059a,0,0,0,19,0,1,1,1,1791420644
2026-10-08T00:52:00+00:00,2026-10-08T00:53:22.303182+00:00,f834fc57-0de8-11e7-991c-3863bb43a7d0,140,15,3,0,2,0,1,1,1,1791420645
2026-10-08T00:52:00+00:00,2026-10-08T00:53:22.303182+00:00,c202f2ca-ec1d-4dc5-a734-e0a342f23ba4,279,22,5,1,0,0,1,1,1,1791420646
2026-10-08T00:52:00+00:00,2026-10-08T00:53:22.303182+00:00,6e340d8e-45db-4fd9-b6eb-b74ec73b0d3e,535,5,1,3,7,0,1,1,1,1791420642
2026-10-08T00:52:00+00:00,2026-10-08T00:53:22.303182+00:00,186accbb-6a08-4e1d-b267-9033c4443a56,401,9,1,0,6,0,1,1,1,1791420641
2026-10-08T00:52:00+00:00,2026-10-08T00:53:22.303182+00:00,c5017e67-cada-4549-a52e-0f13dddd289d,424,4,2,0,15,0,1,1,1,1791420641
2026-10-08T00:52:00+00:00,2026-10-08T00:53:22.303182+00:00,2118368356250680236,2118368356250680236,0,0,0,16,0,1,1,1,1791420641
2026-10-08T00:52:00+00:00,2026-10-08T00:53:22.303182+00:00,f83480a9-0de8-11e7-991c-3863bb43a7d0,40,22,1,0,9,0,1,1,1,1791420643
2026-10-08T00:52:00+00:00,2026-10-08T00:53:22.303182+00:00,ed6c012e-6d6c-41e7-8e01-90749fd67575,546,8,7,0,8,0,1,1,1,1791420687
2026-10-08T00:52:00+00:00,2026-10-08T00:53:22.303182+00:00,9340e113-e0b2-48ac-b58a-8b6f001b0a94,486,4,1,0,7,0,1,1,1,1791420687
2026-10-08T00:52:00+00:00,2026-10-08T00:53:22.303182+00:00,f714390d-6874-43fa-a079-a07f83c79c7b,f714390d-6874-43fa-a079-a07f83c79c7b,6,0,0,5,0,1,1,1,1791420687
2026-10-08T00:52:00+00:00,2026-10-08T00:53:22.303182+00:00,9f582e05-15e0-4a39-aef5-c719e0c78e26,466,2,1,2,7,0,1,1,1,1791420685
2026-10-08T00:52:00+00:00,2026-10-08T00:53:22.303182+00:00,f0f01d4c-ba4a-4ab2-9cc0-9fa1f9223300,394,4,1,0,10,0,1,1,1,1791420686
2026-10-08T00:52:00+00:00,2026-10-08T00:53:22.303182+00:00,1a39ab83-f029-4134-aad4-35380b30bf2c,1a39ab83-f029-4134-aad4-35380b30bf2c,2,0,0,17,0,1,1,1,1791420687
2026-10-08T00:52:00+00:00,2026-10-08T00:53:22.303182+00:00,f8352068-0de8-11e7-991c-3863bb43a7d0,194,9,1,0,10,0,1,1,1,1791420688
2026-10-08T00:52:00+00:00,2026-10-08T00:53:22.303182+00:00,c23a4c0d-7e43-4042-80e2-7c894d07763b,559,5,1,0,6,0,1,1,1,1791420684
2026-10-08T00:52:00+00:00,2026-10-08T00:53:22.303182+00:00,f834ba08-0de8-11e7-991c-3863bb43a7d0,108,1,0,0,15,0,1,1,1,1791420685
2026-10-08T00:52:00+00:00,2026-10-08T00:53:22.303182+00:00,2076849845777355316,2076849845777355316,20,0,2,7,3,1,1,1,1791420685
2026-10-08T00:52:00+00:00,2026-10-08T00:53:22.303182+00:00,eee3aab6-bd98-4d1f-8887-9c4e2adce482,eee3aab6-bd98-4d1f-8887-9c4e2adce482,10,4,1,0,0,1,1,1,1791420657
2026-10-08T00:52:00+00:00,2026-10-08T00:53:22.303182+00:00,a75d3da1-ce74-447f-8e80-52506a81aff3,a75d3da1-ce74-447f-8e80-52506a81aff3,7,4,0,4,0,1,1,1,1791420652
2026-10-08T00:52:00+00:00,2026-10-08T00:53:22.303182+00:00,f8349ed6-0de8-11e7-991c-3863bb43a7d0,82,17,4,1,7,0,1,1,1,1791420653
2026-10-08T00:52:00+00:00,2026-10-08T00:53:22.303182+00:00,2225590560002383786,2225590560002383786,0,0,0,15,0,1,1,1,1791420653
2026-10-08T00:52:00+00:00,2026-10-08T00:53:22.303182+00:00,bd1755dc-f26c-420e-85b3-fd025d0b5445,554,4,0,0,11,0,1,1,1,1791420656
2026-10-08T00:52:00+00:00,2026-10-08T00:53:22.303182+00:00,f834caf2-0de8-11e7-991c-3863bb43a7d0,114,7,1,0,8,0,1,1,1,1791420653
2026-10-08T00:52:00+00:00,2026-10-08T00:53:22.303182+00:00,1676a6f7-c417-48d2-92e8-5ce21995efc3,374,0,0,0,18,0,1,1,1,1791420655
2026-10-08T00:52:00+00:00,2026-10-08T00:53:22.303182+00:00,f8351dc2-0de8-11e7-991c-3863bb43a7d0,188,10,3,0,5,0,1,1,1,1791420655
2026-10-08T00:52:00+00:00,2026-10-08T00:53:22.303182+00:00,c1789d39-705f-4c03-9c14-4d6a3a4f4400,561,5,0,0,14,0,1,1,1,1791420661
2026-10-08T00:52:00+00:00,2026-10-08T00:53:22.303182+00:00,9cc65d3d-cfcc-45ff-8f75-7264556b1cf9,9cc65d3d-cfcc-45ff-8f75-7264556b1cf9,11,4,0,8,0,1,1,1,1791420661
2026-10-08T00:52:00+00:00,2026-10-08T00:53:22.303182+00:00,065e0e5d-8a0d-49b7-9c1f-c8eaba51a8b4,490,12,4,1,5,0,1,1,1,1791420661
2026-10-08T00:52:00+00:00,2026-10-08T00:53:22.303182+00:00,f8351eb0-0de8-11e7-991c-3863bb43a7d0,190,36,5,0,1,0,1,1,1,1791420658
2026-10-08T00:52:00+00:00,2026-10-08T00:53:22.303182+00:00,4f25f6ef-236b-43b4-8a92-68a24db0504b,4f25f6ef-236b-43b4-8a92-68a24db0504b,12,5,0,2,0,1,1,1,1791420658
2026-10-08T00:52:00+00:00,2026-10-08T00:53:22.303182+00:00,13d4171b-6d93-490e-923f-f2a17d5c7613,13d4171b-6d93-490e-923f-f2a17d5c7613,3,1,0,8,0,1,1,1,1791420658
2026-10-08T00:52:00+00:00,2026-10-08T00:53:22.303182+00:00,2151136782588526782,2151136782588526782,4,1,0,7,0,1,1,1,1791420659
2026-10-08T00:52:00+00:00,2026-10-08T00:53:22.303182+00:00,2098360140389493528,2098360140389493528,6,5,3,2,0,1,1,1,1791420661
2026-10-08T00:52:00+00:00,2026-10-08T00:53:22.303182+00:00,f83520d8-0de8-11e7-991c-3863bb43a7d0,195,4,0,0,19,0,1,1,1,1791420662
2026-10-08T00:52:00+00:00,2026-10-08T00:53:22.303182+00:00,52485851-e554-49de-ab9f-f536806d2d34,52485851-e554-49de-ab9f-f536806d2d34,4,4,1,5,0,1,1,1,1791420662
2026-10-08T00:52:00+00:00,2026-10-08T00:53:22.303182+00:00,f83481c5-0de8-11e7-991c-3863bb43a7d0,42,5,0,0,25,0,1,1,1,1791420618
2026-10-08T00:52:00+00:00,2026-10-08T00:53:22.303182+00:00,53548ba4-ad0a-4d92-8e57-fd5c9f3ad102,399,4,0,0,11,0,1,1,1,1791420624
2026-10-08T00:52:00+00:00,2026-10-08T00:53:22.303182+00:00,f834ec42-0de8-11e7-991c-3863bb43a7d0,131,15,0,1,2,0,1,1,1,1791420626
2026-10-08T00:52:00+00:00,2026-10-08T00:53:22.303182+00:00,2014558273483754010,2014558273483754010,12,2,0,7,0,1,1,1,1791420624
2026-10-08T00:52:00+00:00,2026-10-08T00:53:22.303182+00:00,5f8ced09-665c-41e5-b67e-1e58fac21830,521,1,1,0,10,0,1,1,1,1791420624
2026-10-08T00:52:00+00:00,2026-10-08T00:53:22.303182+00:00,2109111257926871498,2109111257926871498,15,3,0,4,0,1,1,1,1791420626
2026-10-08T00:52:00+00:00,2026-10-08T00:53:22.303182+00:00,4c128753-6fde-4d4c-896e-a1adf89ada98,4c128753-6fde-4d4c-896e-a1adf89ada98,1,0,2,21,1,1,1,1,1791420626
2026-10-08T00:52:00+00:00,2026-10-08T00:53:22.303182+00:00,f835108b-0de8-11e7-991c-3863bb43a7d0,170,1,0,0,13,0,1,1,1,1791420638
2026-10-08T00:52:00+00:00,2026-10-08T00:53:22.303182+00:00,f8350204-0de8-11e7-991c-3863bb43a7d0,151,1,0,0,18,0,1,1,1,1791420637
2026-10-08T00:52:00+00:00,2026-10-08T00:53:22.303182+00:00,f834ea45-0de8-11e7-991c-3863bb43a7d0,130,6,1,1,8,0,1,1,1,1791420640
2026-10-08T00:52:00+00:00,2026-10-08T00:53:22.303182+00:00,f834a7d1-0de8-11e7-991c-3863bb43a7d0,91,0,0,1,18,0,1,1,1,1791420639
2026-10-08T00:52:00+00:00,2026-10-08T00:53:22.303182+00:00,f83483f3-0de8-11e7-991c-3863bb43a7d0,46,0,0,1,38,0,1,1,1,1791420664
2026-10-08T00:52:00+00:00,2026-10-08T00:53:22.303182+00:00,f8352378-0de8-11e7-991c-3863bb43a7d0,200,7,0,0,12,0,1,1,1,1791420665
2026-10-08T00:52:00+00:00,2026-10-08T00:53:22.303182+00:00,ad2fb6f2-921f-440c-83de-08be76e35c2a,468,2,0,1,11,0,1,1,1,1791420667
2026-10-08T00:52:00+00:00,2026-10-08T00:53:22.303182+00:00,e32c0bb9-e85b-4764-b0fb-5c582cfd3a90,340,14,8,1,2,1,1,1,1,1791420666
2026-10-08T00:52:00+00:00,2026-10-08T00:53:22.303182+00:00,2002579415401984808,2002579415401984808,6,2,0,5,0,1,1,1,1791420663
2026-10-08T00:52:00+00:00,2026-10-08T00:53:22.303182+00:00,403c0f6c-d01a-4171-a7be-3aa4dbb0d7d1,407,5,3,2,11,0,1,1,1,1791420663
2026-10-08T00:52:00+00:00,2026-10-08T00:53:22.303182+00:00,f834dc46-0de8-11e7-991c-3863bb43a7d0,122,10,1,0,5,0,1,1,1,1791420668
2026-10-08T00:52:00+00:00,2026-10-08T00:53:22.303182+00:00,fe6a64e7-c712-404c-85ae-ee77a37245b1,355,6,1,1,10,0,1,1,1,1791420666
2026-10-08T00:52:00+00:00,2026-10-08T00:53:22.303182+00:00,f834824e-0de8-11e7-991c-3863bb43a7d0,43,0,0,0,15,0,1,1,1,1791420669
2026-10-08T00:52:00+00:00,2026-10-08T00:53:22.303182+00:00,2038981933682610536,2038981933682610536,8,3,0,8,0,1,1,1,1791420669
2026-10-08T00:52:00+00:00,2026-10-08T00:53:22.303182+00:00,f8351726-0de8-11e7-991c-3863bb43a7d0,185,0,0,1,14,0,1,1,1,1791420669
2026-10-08T00:52:00+00:00,2026-10-08T00:53:22.303182+00:00,a3bf0bfe-198b-4160-a2fb-cc7d10cfb4cf,a3bf0bfe-198b-4160-a2fb-cc7d10cfb4cf,17,6,0,2,0,1,1,1,1791420671
2026-10-08T00:52:00+00:00,2026-10-08T00:53:22.303182+00:00,2093488029445054742,2093488029445054742,0,0,0,28,0,1,1,1,1791420672
2026-10-08T00:52:00+00:00,2026-10-08T00:53:22.303182+00:00,2245672241002318634,2245672241002318634,7,0,1,10,0,1,1,1,1791420660
2026-10-08T00:52:00+00:00,2026-10-08T00:53:22.303182+00:00,42886366-9cbf-432c-ba84-beef38877c87,408,14,4,1,0,0,1,1,1,1791420694
2026-10-08T00:52:00+00:00,2026-10-08T00:53:22.303182+00:00,2007420398783036020,2007420398783036020,6,0,0,14,0,1,1,1,1791420694
2026-10-08T00:52:00+00:00,2026-10-08T00:53:22.303182+00:00,1942556871369959976,1942556871369959976,13,5,0,6,0,1,1,1,1791420695
2026-10-08T00:52:00+00:00,2026-10-08T00:53:22.303182+00:00,f83512c9-0de8-11e7-991c-3863bb43a7d0,175,11,5,1,5,0,1,1,1,1791420690
2026-10-08T00:52:00+00:00,2026-10-08T00:53:22.303182+00:00,2104f242-2dde-4ec0-8197-4454b1021ac1,381,21,2,0,2,1,1,1,1,1791420690
2026-10-08T00:52:00+00:00,2026-10-08T00:53:22.303182+00:00,2035660824473983142,2035660824473983142,7,0,0,11,1,1,1,1,1791420690
2026-10-08T00:52:00+00:00,2026-10-08T00:53:22.303182+00:00,2002248857751890568,2002248857751890568,10,6,1,0,0,1,1,1,1791420691
2026-10-08T00:52:00+00:00,2026-10-08T00:53:22.303182+00:00,2271594282663217386,2271594282663217386,3,3,0,8,0,1,1,1,1791420692
2026-10-08T00:52:00+00:00,2026-10-08T00:53:22.303182+00:00,f835260c-0de8-11e7-991c-3863bb43a7d0,206,4,0,0,36,0,1,1,1,1791420691
2026-10-08T00:52:00+00:00,2026-10-08T00:53:22.303182+00:00,bd3d4824-7203-4edc-a314-cea2b413e886,319,9,1,0,17,1,1,1,1,1791420693
2026-10-08T00:52:00+00:00,2026-10-08T00:53:22.303182+00:00,7c860828-3359-4229-b59b-963f5a4bab00,236,8,0,3,1,0,1,1,1,1791420693
2026-10-08T00:52:00+00:00,2026-10-08T00:53:22.303182+00:00,2040842277416872172,2040842277416872172,1,0,0,15,0,1,1,1,1791420695
2026-10-08T00:52:00+00:00,2026-10-08T00:53:22.303182+00:00,aa556ad4-0092-4687-96c2-8dbc69addb56,485,2,1,2,7,0,1,1,1,1791420696
2026-10-08T00:52:00+00:00,2026-10-08T00:53:22.303182+00:00,a83f982f-a4f1-43e4-98e8-c8f4a0bb7290,452,13,0,2,1,0,1,1,1,1791420697
2026-10-08T00:52:00+00:00,2026-10-08T00:53:22.303182+00:00,47c44bb1-d065-41f5-ad79-c18aee60af34,342,4,0,0,11,0,1,1,1,1791420697
2026-10-08T00:52:00+00:00,2026-10-08T00:53:22.303182+00:00,f8351490-0de8-11e7-991c-3863bb43a7d0,179,12,0,3,37,1,1,1,1,1791420697
2026-10-08T00:52:00+00:00,2026-10-08T00:53:22.303182+00:00,74cb9bf6-bb53-4c70-88d2-67998b99628c,296,23,10,0,0,0,1,1,1,1791420697
2026-10-08T00:52:00+00:00,2026-10-08T00:53:22.303182+00:00,2088704000370565344,2088704000370565344,3,0,3,6,0,1,1,1,1791420519
2026-10-08T00:52:00+00:00,2026-10-08T00:53:22.303182+00:00,1df03e33-c105-4e53-b013-d20056cd57f8,1df03e33-c105-4e53-b013-d20056cd57f8,0,0,0,0,0,0,0,0,86400
2026-10-08T00:52:00+00:00,2026-10-08T00:53:22.303182+00:00,1963613484180639992,1963613484180639992,17,2,0,2,0,1,1,1,1791420584
2026-10-08T00:52:00+00:00,2026-10-08T00:53:22.303182+00:00,8a404180-7c2e-4dbe-9489-c478ed959282,8a404180-7c2e-4dbe-9489-c478ed959282,0,0,2,17,0,1,1,1,1791420590
2026-10-08T00:52:00+00:00,2026-10-08T00:53:22.303182+00:00,aa964f5b-fadf-4fc1-8c91-84ee36e15f0d,341,15,0,0,0,0,1,1,1,1791420591
2026-10-08T00:52:00+00:00,2026-10-08T00:53:22.303182+00:00,f8350cc1-0de8-11e7-991c-3863bb43a7d0,162,0,0,0,15,0,1,1,1,1791420590
2026-10-08T00:52:00+00:00,2026-10-08T00:53:22.303182+00:00,f2b83aa2-86cd-4904-a099-74bf2023f768,330,10,1,0,5,0,1,1,1,1791420597
2026-10-08T00:52:00+00:00,2026-10-08T00:53:22.303182+00:00,b205d2bb-bb76-49ac-8d14-85eec5a874d3,343,8,2,1,6,0,1,1,1,1791420594
2026-10-08T00:52:00+00:00,2026-10-08T00:53:22.303182+00:00,2246034666940677832,2246034666940677832,5,0,0,6,0,1,1,1,1791420529
2026-10-08T00:52:00+00:00,2026-10-08T00:53:22.303182+00:00,9bfa4a32-5598-46ea-a1a1-17b4c6ed9d84,431,10,2,0,5,0,1,1,1,1791420597
2026-10-08T00:52:00+00:00,2026-10-08T00:53:22.303182+00:00,f835288a-0de8-11e7-991c-3863bb43a7d0,208,15,1,0,0,0,1,1,1,1791420600
2026-10-08T00:52:00+00:00,2026-10-08T00:53:22.303182+00:00,e4678b17-face-42c3-9b5f-98418d31e3b6,e4678b17-face-42c3-9b5f-98418d31e3b6,11,3,0,0,0,1,1,1,1791420599
2026-10-08T00:52:00+00:00,2026-10-08T00:53:22.303182+00:00,1986302395589722758,1986302395589722758,6,0,0,4,0,1,1,1,1791420600
2026-10-08T00:52:00+00:00,2026-10-08T00:53:22.303182+00:00,f8346d23-0de8-11e7-991c-3863bb43a7d0,15,7,0,0,8,0,1,1,1,1791420600
2026-10-08T00:52:00+00:00,2026-10-08T00:53:22.303182+00:00,2227858849424910006,2227858849424910006,8,0,0,0,0,1,1,1,1791420601
2026-10-08T00:52:00+00:00,2026-10-08T00:53:22.303182+00:00,f834708e-0de8-11e7-991c-3863bb43a7d0,21,1,0,1,16,0,1,1,1,1791420601
2026-10-08T00:52:00+00:00,2026-10-08T00:53:22.303182+00:00,868ccc83-99e5-4faf-96eb-e1fae26b9741,481,5,1,0,14,0,1,1,1,1791420609
2026-10-08T00:52:00+00:00,2026-10-08T00:53:22.303182+00:00,f83513a7-0de8-11e7-991c-3863bb43a7d0,177,5,0,0,14,0,1,1,1,1791420610
2026-10-08T00:52:00+00:00,2026-10-08T00:53:22.303182+00:00,a6e0db4f-fc9b-42af-bfe0-36cc0259b717,446,1,1,1,14,0,1,1,1,1791420610
2026-10-08T00:52:00+00:00,2026-10-08T00:53:22.303182+00:00,f8347c41-0de8-11e7-991c-3863bb43a7d0,32,0,0,0,14,0,1,1,1,1791420610
2026-10-08T00:52:00+00:00,2026-10-08T00:53:22.303182+00:00,6aebc664-1e3c-479f-8f65-2bae99215ed3,6aebc664-1e3c-479f-8f65-2bae99215ed3,6,4,0,5,0,1,1,1,1791420605
2026-10-08T00:52:00+00:00,2026-10-08T00:53:22.303182+00:00,380de8b2-2728-4e4b-83f1-251bfbb5acf2,487,10,3,0,9,0,1,1,1,1791420610
2026-10-08T00:52:00+00:00,2026-10-08T00:53:22.303182+00:00,d5349097-b478-4b3f-9c46-d8fbcf38e3f4,509,9,2,0,3,0,1,1,1,1791420613
2026-10-08T00:52:00+00:00,2026-10-08T00:53:22.303182+00:00,7560f0e3-267b-4fb3-bbfa-6e02010cfcb7,225,15,1,0,4,0,1,1,1,1791420612
2026-10-08T00:52:00+00:00,2026-10-08T00:53:22.303182+00:00,8983c75a-12c1-4995-aedc-24c94bd895e3,384,2,0,0,17,0,1,1,1,1791420613
2026-10-08T00:52:00+00:00,2026-10-08T00:53:22.303182+00:00,d22265a8-a6d7-4922-a6b5-4be738a9e5c4,392,4,1,0,11,0,1,1,1,1791420614
2026-10-08T00:52:00+00:00,2026-10-08T00:53:22.303182+00:00,f834723b-0de8-11e7-991c-3863bb43a7d0,24,1,1,1,21,0,1,1,1,1791420621
2026-10-08T00:52:00+00:00,2026-10-08T00:53:22.303182+00:00,81323081-749c-44cf-ac62-0e6c64305c32,461,11,1,0,0,0,1,1,1,1791420621
2026-10-08T00:52:00+00:00,2026-10-08T00:53:22.303182+00:00,ef6ef93b-488f-496b-afbf-3aedfd967129,517,3,2,0,12,0,1,1,1,1791420618
2026-10-08T00:52:00+00:00,2026-10-08T00:53:22.303182+00:00,2118728866631796788,2118728866631796788,4,0,0,11,0,1,1,1,1791420618
2026-10-08T00:52:00+00:00,2026-10-08T00:53:22.303182+00:00,1e1b40cd-8e00-4b74-b147-be6b23f5c9e7,385,3,0,0,12,0,1,1,1,1791420619
2026-10-08T00:52:00+00:00,2026-10-08T00:53:22.303182+00:00,61168d8b-20b7-46c8-8f08-6ae1f100c4e0,550,2,1,0,15,0,1,1,1,1791420619
2026-10-08T00:52:00+00:00,2026-10-08T00:53:22.303182+00:00,f8349440-0de8-11e7-991c-3863bb43a7d0,68,0,0,1,17,0,1,1,1,1791420622
2026-10-08T00:52:00+00:00,2026-10-08T00:53:22.303182+00:00,f8352ba8-0de8-11e7-991c-3863bb43a7d0,215,1,0,0,14,0,1,1,1,1791420622
2026-10-08T00:52:00+00:00,2026-10-08T00:53:22.303182+00:00,1991922092203192944,1991922092203192944,1,0,1,17,0,1,1,1,1791420628
2026-10-08T00:52:00+00:00,2026-10-08T00:53:22.303182+00:00,f8352b39-0de8-11e7-991c-3863bb43a7d0,214,4,1,1,8,1,1,1,1,1791420625
2026-10-08T00:52:00+00:00,2026-10-08T00:53:22.303182+00:00,51bb4381-dae4-4aeb-b213-0614b807be29,344,0,0,0,19,0,1,1,1,1791420626
2026-10-08T00:52:00+00:00,2026-10-08T00:53:22.303182+00:00,f834662c-0de8-11e7-991c-3863bb43a7d0,5,10,0,0,5,0,1,1,1,1791420626
2026-10-08T00:52:00+00:00,2026-10-08T00:53:22.303182+00:00,56817d8e-3a1c-431a-a529-1a600f80c364,366,13,1,0,14,0,1,1,1,1791420626
2026-10-08T00:52:00+00:00,2026-10-08T00:53:22.303182+00:00,f8347f09-0de8-11e7-991c-3863bb43a7d0,37,2,0,0,13,0,1,1,1,1791420632
2026-10-08T00:52:00+00:00,2026-10-08T00:53:22.303182+00:00,2090635592862466836,2090635592862466836,0,0,2,28,1,1,1,1,1791420631
2026-10-08T00:52:00+00:00,2026-10-08T00:53:22.303182+00:00,f8346803-0de8-11e7-991c-3863bb43a7d0,8,12,2,0,7,0,1,1,1,1791420632
2026-10-08T00:52:00+00:00,2026-10-08T00:53:22.303182+00:00,f834b101-0de8-11e7-991c-3863bb43a7d0,97,7,1,1,10,1,1,1,1,1791420639
2026-10-08T00:52:00+00:00,2026-10-08T00:53:22.303182+00:00,2027502297316997708,2027502297316997708,10,3,0,1,0,1,1,1,1791420639
2026-10-08T00:52:00+00:00,2026-10-08T00:53:22.303182+00:00,270ad97d-035d-472a-9827-76d3187afc56,402,15,5,0,0,0,1,1,1,1791420640
2026-10-08T00:52:00+00:00,2026-10-08T00:53:22.303182+00:00,f8348622-0de8-11e7-991c-3863bb43a7d0,50,2,0,0,17,0,1,1,1,1791420640
2026-10-08T00:52:00+00:00,2026-10-08T00:53:22.303182+00:00,7f68a70d-af0e-450a-b7a8-ce621cd0c8c1,280,13,4,0,6,0,1,1,1,1791420638
2026-10-08T00:52:00+00:00,2026-10-08T00:53:22.303182+00:00,f834cfd8-0de8-11e7-991c-3863bb43a7d0,117,0,0,4,11,1,1,1,1,1791420636
2026-10-08T00:52:00+00:00,2026-10-08T00:53:22.303182+00:00,25a9114f-66f0-427c-920f-5526ca84f056,346,7,3,0,8,0,1,1,1,1791420643
2026-10-08T00:52:00+00:00,2026-10-08T00:53:22.303182+00:00,68e5e79a-3c94-4848-b619-9c0829d7f687,475,13,1,1,1,0,1,1,1,1791420646
2026-10-08T00:52:00+00:00,2026-10-08T00:53:22.303182+00:00,1994466222105870452,1994466222105870452,4,1,2,5,0,1,1,1,1791420640
2026-10-08T00:52:00+00:00,2026-10-08T00:53:22.303182+00:00,2014865445230483952,2014865445230483952,8,2,0,9,0,1,1,1,1791420641
2026-10-08T00:52:00+00:00,2026-10-08T00:53:22.303182+00:00,f9524971-e9f9-4572-aebc-580e48de042f,f9524971-e9f9-4572-aebc-580e48de042f,16,2,0,3,0,1,1,1,1791420644
2026-10-08T00:52:00+00:00,2026-10-08T00:53:22.303182+00:00,f8350ecf-0de8-11e7-991c-3863bb43a7d0,167,10,5,0,5,0,1,1,1,1791420642
2026-10-08T00:52:00+00:00,2026-10-08T00:53:22.303182+00:00,48abed77-c9ba-4a39-8a5c-6a1e9bb8a9a5,48abed77-c9ba-4a39-8a5c-6a1e9bb8a9a5,13,3,1,2,0,1,1,1,1791420647
2026-10-08T00:52:00+00:00,2026-10-08T00:53:22.303182+00:00,f834a8a0-0de8-11e7-991c-3863bb43a7d0,93,11,0,1,19,0,1,1,1,1791420646
2026-10-08T00:52:00+00:00,2026-10-08T00:53:22.303182+00:00,f8346b6f-0de8-11e7-991c-3863bb43a7d0,12,2,0,0,25,0,1,1,1,1791420647
2026-10-08T00:52:00+00:00,2026-10-08T00:53:22.303182+00:00,ccf82572-a142-4378-9a4b-5a51fcb4ef81,350,5,1,0,12,0,1,1,1,1791420645
2026-10-08T00:52:00+00:00,2026-10-08T00:53:22.303182+00:00,9721c80e-fc8f-474f-8918-b68c041d2836,9721c80e-fc8f-474f-8918-b68c041d2836,10,3,2,11,0,1,1,1,1791420665
2026-10-08T00:52:00+00:00,2026-10-08T00:53:22.303182+00:00,2080205593583047424,2080205593583047424,11,0,0,5,0,1,1,1,1791420653
2026-10-08T00:52:00+00:00,2026-10-08T00:53:22.303182+00:00,7e1dae55-4d3d-4a41-b969-2aeca70e0e69,7e1dae55-4d3d-4a41-b969-2aeca70e0e69,3,0,1,7,0,1,1,1,1791420665
2026-10-08T00:52:00+00:00,2026-10-08T00:53:22.303182+00:00,cf5f920f-b61d-4db0-b139-14aff04d577c,459,21,3,0,2,0,1,1,1,1791420663
2026-10-08T00:52:00+00:00,2026-10-08T00:53:22.303182+00:00,2085366936904166272,2085366936904166272,9,1,2,4,0,1,1,1,1791420667
2026-10-08T00:52:00+00:00,2026-10-08T00:53:22.303182+00:00,0208190e-851c-417d-8bc7-1b218db97fbf,0208190e-851c-417d-8bc7-1b218db97fbf,0,0,0,23,0,1,1,1,1791420663
2026-10-08T00:52:00+00:00,2026-10-08T00:53:22.303182+00:00,1a661bb7-7d14-49e9-ac3d-22bafec8a2f0,507,6,2,1,4,0,1,1,1,1791420686
2026-10-08T00:52:00+00:00,2026-10-08T00:53:22.303182+00:00,2141791438824588162,2141791438824588162,13,1,0,5,0,1,1,1,1791420686
2026-10-08T00:52:00+00:00,2026-10-08T00:53:22.303182+00:00,2259733531216984776,2259733531216984776,5,3,0,10,0,1,1,1,1791420689
2026-10-08T00:52:00+00:00,2026-10-08T00:53:22.303182+00:00,f8347ccd-0de8-11e7-991c-3863bb43a7d0,33,9,0,0,18,0,1,1,1,1791420687
2026-10-08T00:52:00+00:00,2026-10-08T00:53:22.303182+00:00,1965873511294959658,1965873511294959658,2,0,0,21,0,1,1,1,1791420685
2026-10-08T00:52:00+00:00,2026-10-08T00:53:22.303182+00:00,f8352534-0de8-11e7-991c-3863bb43a7d0,204,5,5,0,10,0,1,1,1,1791420685
2026-10-08T00:52:00+00:00,2026-10-08T00:53:22.303182+00:00,f8352219-0de8-11e7-991c-3863bb43a7d0,197,7,4,1,7,0,1,1,1,1791420687
2026-10-08T00:52:00+00:00,2026-10-08T00:53:22.303182+00:00,2270212773802111256,2270212773802111256,12,3,1,6,0,1,1,1,1791420686
2026-10-08T00:52:00+00:00,2026-10-08T00:53:22.303182+00:00,23146f28-9762-4a6d-a6db-fcd4ff0e5d07,356,17,1,0,6,0,1,1,1,1791420660
2026-10-08T00:52:00+00:00,2026-10-08T00:53:22.303182+00:00,baab0b05-a028-4147-8432-a2726c7e48ea,328,0,0,10,0,0,1,0,0,1791420655
2026-10-08T00:52:00+00:00,2026-10-08T00:53:22.303182+00:00,fbc512a5-4b98-4821-bcfb-bb0c7ac83543,365,1,0,0,18,0,1,1,1,1791420662
2026-10-08T00:52:00+00:00,2026-10-08T00:53:22.303182+00:00,f83497b9-0de8-11e7-991c-3863bb43a7d0,74,0,0,0,19,0,1,1,1,1791420659
2026-10-08T00:52:00+00:00,2026-10-08T00:53:22.303182+00:00,b34694c2-c640-4f70-b196-1c357ab798e0,b34694c2-c640-4f70-b196-1c357ab798e0,12,4,0,3,0,1,1,1,1791420658
2026-10-08T00:52:00+00:00,2026-10-08T00:53:22.303182+00:00,f834a959-0de8-11e7-991c-3863bb43a7d0,94,6,6,0,4,0,1,1,1,1791420654
2026-10-08T00:52:00+00:00,2026-10-08T00:53:22.303182+00:00,dede6d5f-7d62-496e-a8ca-d5a64afe39c1,544,15,6,0,0,0,1,1,1,1791420648
2026-10-08T00:52:00+00:00,2026-10-08T00:53:22.303182+00:00,2270454512964591136,2270454512964591136,2,0,0,17,0,1,1,1,1791420650
2026-10-08T00:52:00+00:00,2026-10-08T00:53:22.303182+00:00,57716f8d-c9ee-4768-8872-71343ec3ffd8,514,4,0,2,13,0,1,1,1,1791420656
2026-10-08T00:52:00+00:00,2026-10-08T00:53:22.303182+00:00,295553ea-851b-4ac2-a094-f9d1208e399a,412,9,0,0,10,0,1,1,1,1791420676
2026-10-08T00:52:00+00:00,2026-10-08T00:53:22.303182+00:00,f8347e78-0de8-11e7-991c-3863bb43a7d0,36,12,0,3,16,0,1,1,1,1791420675
2026-10-08T00:52:00+00:00,2026-10-08T00:53:22.303182+00:00,5b1d2661-8a93-4f14-b242-ebc52792f951,337,14,1,0,1,0,1,1,1,1791420675
2026-10-08T00:52:00+00:00,2026-10-08T00:53:22.303182+00:00,d8ce5f8b-2440-45e1-ab1c-23cb3bcbde84,527,5,2,0,8,0,1,1,1,1791420674
2026-10-08T00:52:00+00:00,2026-10-08T00:53:22.303182+00:00,2110984374959099994,2110984374959099994,6,1,0,14,0,1,1,1,1791420675
2026-10-08T00:52:00+00:00,2026-10-08T00:53:22.303182+00:00,940638c5-7cd0-4a11-899e-86af3868d400,532,7,1,0,11,0,1,1,1,1791420678
2026-10-08T00:52:00+00:00,2026-10-08T00:53:22.303182+00:00,f83492b4-0de8-11e7-991c-3863bb43a7d0,66,15,5,0,0,0,1,1,1,1791420667
2026-10-08T00:52:00+00:00,2026-10-08T00:53:22.303182+00:00,2040842870122359032,2040842870122359032,0,0,0,20,0,1,1,1,1791420621
2026-10-08T00:52:00+00:00,2026-10-08T00:53:22.303182+00:00,ff938129-8179-455c-9ac9-9fcb9fc0b6d5,ff938129-8179-455c-9ac9-9fcb9fc0b6d5,8,3,0,11,0,1,1,1,1791420671
2026-10-08T00:52:00+00:00,2026-10-08T00:53:22.303182+00:00,fe90d430-d33f-48b2-a5cd-bc161b220939,553,1,0,0,22,0,1,1,1,1791420673
2026-10-08T00:52:00+00:00,2026-10-08T00:53:22.303182+00:00,f834f6a3-0de8-11e7-991c-3863bb43a7d0,135,0,0,0,17,0,1,1,1,1791420673
2026-10-08T00:52:00+00:00,2026-10-08T00:53:22.303182+00:00,36f36eed-1070-49be-8b31-5676b8b3489f,227,3,0,0,16,0,1,1,1,1791420673
2026-10-08T00:52:00+00:00,2026-10-08T00:53:22.303182+00:00,2039109354743046934,2039109354743046934,8,0,2,9,1,1,1,1,1791420669
2026-10-08T00:52:00+00:00,2026-10-08T00:53:22.303182+00:00,f834b8b3-0de8-11e7-991c-3863bb43a7d0,105,18,4,0,0,0,1,1,1,1791420670
2026-10-08T00:52:00+00:00,2026-10-08T00:53:22.303182+00:00,f83491d4-0de8-11e7-991c-3863bb43a7d0,64,1,1,1,21,0,1,1,1,1791420679
2026-10-08T00:52:00+00:00,2026-10-08T00:53:22.303182+00:00,90330e1a-dee5-4914-9d3f-3891aeca12ca,434,11,2,1,7,0,1,1,1,1791420678
2026-10-08T00:52:00+00:00,2026-10-08T00:53:22.303182+00:00,f8350b76-0de8-11e7-991c-3863bb43a7d0,159,3,2,2,14,1,1,1,1,1791420680
2026-10-08T00:52:00+00:00,2026-10-08T00:53:22.303182+00:00,1994054629753598708,1994054629753598708,12,3,0,2,0,1,1,1,1791420679
2026-10-08T00:52:00+00:00,2026-10-08T00:53:22.303182+00:00,d7507124-4cab-4063-8445-a59a33a3d6e4,512,7,2,1,11,0,1,1,1,1791420681
2026-10-08T00:52:00+00:00,2026-10-08T00:53:22.303182+00:00,b6a8522d-296d-4c05-887d-842374520780,545,10,10,0,3,1,1,1,1,1791420682
2026-10-08T00:52:00+00:00,2026-10-08T00:53:22.303182+00:00,df03c61a-29d7-445d-9980-d7f058916591,345,2,0,0,17,0,1,1,1,1791420680
2026-10-08T00:52:00+00:00,2026-10-08T00:53:22.303182+00:00,f83511d4-0de8-11e7-991c-3863bb43a7d0,173,8,0,0,5,1,1,1,1,1791420683
2026-10-08T00:52:00+00:00,2026-10-08T00:53:22.303182+00:00,2069389896750516900,2069389896750516900,12,0,0,8,0,1,1,1,1791420680
2026-10-08T00:52:00+00:00,2026-10-08T00:53:22.303182+00:00,f8351f1d-0de8-11e7-991c-3863bb43a7d0,191,7,0,0,8,0,1,1,1,1791420681
2026-10-08T00:52:00+00:00,2026-10-08T00:53:22.303182+00:00,2145094035874873892,2145094035874873892,3,2,2,14,0,1,1,1,1791420690
2026-10-08T00:52:00+00:00,2026-10-08T00:53:22.303182+00:00,2090158541932726550,2090158541932726550,7,0,1,7,0,1,1,1,1791420695
2026-10-08T00:52:00+00:00,2026-10-08T00:53:22.303182+00:00,f834abfd-0de8-11e7-991c-3863bb43a7d0,96,10,0,3,6,0,1,1,1,1791420693
2026-10-08T00:52:00+00:00,2026-10-08T00:53:22.303182+00:00,2087949096844032050,2087949096844032050,14,3,1,0,0,1,1,1,1791420693
2026-10-08T00:52:00+00:00,2026-10-08T00:53:22.303182+00:00,f8346ad7-0de8-11e7-991c-3863bb43a7d0,11,2,0,0,13,0,1,1,1,1791420690
2026-10-08T00:52:00+00:00,2026-10-08T00:53:22.303182+00:00,f83488be-0de8-11e7-991c-3863bb43a7d0,56,4,2,0,14,0,1,1,1,1791420692
2026-10-08T00:52:00+00:00,2026-10-08T00:53:22.303182+00:00,888780ee-bf2f-474e-9622-6bc725aa1b00,888780ee-bf2f-474e-9622-6bc725aa1b00,5,0,0,6,0,1,1,1,1791420692
2026-10-08T00:52:00+00:00,2026-10-08T00:53:22.303182+00:00,903b9b5d-4244-43e4-8441-0d17f9a994f7,528,1,0,0,10,0,1,1,1,1791420692
2026-10-08T00:52:00+00:00,2026-10-08T00:53:22.303182+00:00,2249415127458891992,2249415127458891992,13,0,0,2,0,1,1,1,1791420659
2026-10-08T00:52:00+00:00,2026-10-08T00:53:22.303182+00:00,2085737662370069102,2085737662370069102,17,5,0,1,1,1,1,1,1791420693
2026-10-08T00:52:00+00:00,2026-10-08T00:53:22.303182+00:00,99675a11-a92c-465c-bf5a-434b08ba5fc6,400,18,4,1,33,0,1,1,1,1791420694
2026-10-08T00:52:00+00:00,2026-10-08T00:53:22.303182+00:00,f83517fa-0de8-11e7-991c-3863bb43a7d0,187,7,3,0,8,0,1,1,1,1791420694
2026-10-08T00:52:00+00:00,2026-10-08T00:53:22.303182+00:00,8d893519-bc21-4536-b346-f558988bc8ad,260,12,3,0,3,0,1,1,1,1791420690
2026-10-08T00:52:00+00:00,2026-10-08T00:53:22.303182+00:00,1cced911-b428-4cfd-81be-3a8f77ce7379,233,8,0,1,6,0,1,1,1,1791420696
2026-10-08T00:52:00+00:00,2026-10-08T00:53:22.303182+00:00,c5cfd1ed-aa44-4e20-96bb-e334c96f0d68,376,9,0,0,6,0,1,1,1,1791420696
2026-10-08T00:52:00+00:00,2026-10-08T00:53:22.303182+00:00,2043911250700610106,2043911250700610106,0,0,0,15,0,1,1,1,1791420696
2026-10-08T00:52:00+00:00,2026-10-08T00:53:22.303182+00:00,ea65c25f-0718-4f79-8588-c58b9fe3a105,226,13,4,0,1,1,1,1,1,1791420697
2026-10-08T00:52:00+00:00,2026-10-08T00:53:22.303182+00:00,8b97606e-a849-4db8-ae9b-4009fe48d90b,556,8,1,0,11,0,1,1,1,1791420698
2026-10-08T00:52:00+00:00,2026-10-08T00:53:22.303182+00:00,ad2cf74c-0e8c-4e15-8f19-2259e8c82f0f,404,16,0,0,0,0,1,1,1,1791420697
2026-10-08T00:52:00+00:00,2026-10-08T00:53:22.303182+00:00,2119105928286481344,2119105928286481344,7,1,0,13,0,1,1,1,1791420697
2026-10-08T00:52:00+00:00,2026-10-08T00:53:22.303182+00:00,f8349b20-0de8-11e7-991c-3863bb43a7d0,76,6,0,0,11,0,1,1,1,1791420697
2026-10-08T00:52:00+00:00,2026-10-08T00:53:22.303182+00:00,f834e534-0de8-11e7-991c-3863bb43a7d0,128,5,1,0,14,0,1,1,1,1791420699
2026-10-08T00:52:00+00:00,2026-10-08T00:53:22.303182+00:00,f834c7a9-0de8-11e7-991c-3863bb43a7d0,112,9,5,0,5,0,1,1,1,1791420698
2026-10-08T00:52:00+00:00,2026-10-08T00:53:22.303182+00:00,f83482d2-0de8-11e7-991c-3863bb43a7d0,44,2,0,0,29,0,1,1,1,1791420698
2026-10-08T00:52:00+00:00,2026-10-08T00:53:22.303182+00:00,103a9881-e30a-4d57-b81d-863b995ff759,255,0,0,0,0,0,0,0,0,86400
2026-10-08T00:52:00+00:00,2026-10-08T00:53:22.303182+00:00,1997031579059661288,1997031579059661288,9,3,0,2,0,1,1,1,1791420592
2026-10-08T00:52:00+00:00,2026-10-08T00:53:22.303182+00:00,f35de2ab-979e-42d5-8cbd-dc479ed637e9,503,4,4,0,2,0,1,1,1,1791420598
2026-10-08T00:52:00+00:00,2026-10-08T00:53:22.303182+00:00,f834fd36-0de8-11e7-991c-3863bb43a7d0,142,8,0,0,15,0,1,1,1,1791420618
2026-10-08T00:52:00+00:00,2026-10-08T00:53:22.303182+00:00,2ba0c5dd-c990-4434-8a84-5c3eca23f096,447,3,2,0,16,0,1,1,1,1791420619
2026-10-08T00:52:00+00:00,2026-10-08T00:53:22.303182+00:00,93911aa1-b5e4-48aa-a2b6-38fbcf613006,93911aa1-b5e4-48aa-a2b6-38fbcf613006,3,0,0,15,0,1,1,1,1791420618
2026-10-08T00:52:00+00:00,2026-10-08T00:53:22.303182+00:00,9ca92778-9101-48df-90ea-08b784e26a1a,413,13,1,0,6,0,1,1,1,1791420620
2026-10-08T00:52:00+00:00,2026-10-08T00:53:22.303182+00:00,2223045710883822544,2223045710883822544,4,0,1,10,0,1,1,1,1791420621
2026-10-08T00:52:00+00:00,2026-10-08T00:53:22.303182+00:00,f834b42d-0de8-11e7-991c-3863bb43a7d0,100,18,1,0,7,0,1,1,1,1791420625
2026-10-08T00:52:00+00:00,2026-10-08T00:53:22.303182+00:00,c1ae49bd-2a20-4684-886b-ead8dd627cfd,c1ae49bd-2a20-4684-886b-ead8dd627cfd,14,1,0,3,0,1,1,1,1791420626
2026-10-08T00:52:00+00:00,2026-10-08T00:53:22.303182+00:00,5bc7cba9-f0b0-442d-932c-e8c7927d87ce,386,12,5,1,6,0,1,1,1,1791420625
2026-10-08T00:52:00+00:00,2026-10-08T00:53:22.303182+00:00,e68655be-23d3-46e5-a509-25be677e7542,482,6,0,0,5,0,1,1,1,1791420623
2026-10-08T00:52:00+00:00,2026-10-08T00:53:22.303182+00:00,f8346894-0de8-11e7-991c-3863bb43a7d0,9,10,1,2,3,0,1,1,1,1791420582
2026-10-08T00:52:00+00:00,2026-10-08T00:53:22.303182+00:00,ccd6fdd4-b39e-46d7-b43c-7bacffb6bd87,523,1,1,0,16,0,1,1,1,1791420576
2026-10-08T00:52:00+00:00,2026-10-08T00:53:22.303182+00:00,2057166010169469732,2057166010169469732,1,0,0,14,0,1,1,1,1791420578
2026-10-08T00:52:00+00:00,2026-10-08T00:53:22.303182+00:00,b995a0b4-fc26-4661-9bc8-e166d648edfd,353,11,5,0,4,0,1,1,1,1791420580
2026-10-08T00:52:00+00:00,2026-10-08T00:53:22.303182+00:00,2267569638034503736,2267569638034503736,6,0,4,9,0,1,1,1,1791420580
2026-10-08T00:52:00+00:00,2026-10-08T00:53:22.303182+00:00,13444449-b3a8-43d2-b8b9-a59fbc59a174,397,11,4,0,3,0,1,1,1,1791420580
2026-10-08T00:52:00+00:00,2026-10-08T00:53:22.303182+00:00,f8349824-0de8-11e7-991c-3863bb43a7d0,75,10,0,0,5,0,1,1,1,1791420579
2026-10-08T00:52:00+00:00,2026-10-08T00:53:22.303182+00:00,518f6524-0e7f-454d-974e-e3ff9db1f795,494,9,0,0,1,0,1,1,1,1791420579
2026-10-08T00:52:00+00:00,2026-10-08T00:53:22.303182+00:00,f8348509-0de8-11e7-991c-3863bb43a7d0,48,0,0,0,15,0,1,1,1,1791420580
2026-10-08T00:52:00+00:00,2026-10-08T00:53:22.303182+00:00,ddcc8869-b8d4-483c-b9da-457fcebc8dc1,417,19,1,0,0,0,1,1,1,1791420603
2026-10-08T00:52:00+00:00,2026-10-08T00:53:22.303182+00:00,f36e24cd-de4c-4a5e-adf4-cb97ccd2958d,505,5,1,2,4,0,1,1,1,1791420606
2026-10-08T00:52:00+00:00,2026-10-08T00:53:22.303182+00:00,ba634139-d7bf-448f-aac4-25995d36b67b,373,9,6,0,6,0,1,1,1,1791420607
2026-10-08T00:52:00+00:00,2026-10-08T00:53:22.303182+00:00,2078337213380274244,2078337213380274244,10,7,0,1,0,1,1,1,1791420604
2026-10-08T00:52:00+00:00,2026-10-08T00:53:22.303182+00:00,f83516b8-0de8-11e7-991c-3863bb43a7d0,184,6,1,0,12,1,1,1,1,1791420587
2026-10-08T00:52:00+00:00,2026-10-08T00:53:22.303182+00:00,9f54207a-3308-43bd-b45c-9042b6389598,423,14,0,0,5,0,1,1,1,1791420587
2026-10-08T00:52:00+00:00,2026-10-08T00:53:22.303182+00:00,f24a573e-ef07-4785-9270-70c443510ea6,359,0,0,2,12,1,1,1,1,1791420611
2026-10-08T00:52:00+00:00,2026-10-08T00:53:22.303182+00:00,ef54374b-0406-4b17-b0a1-847f1d7bea06,410,11,0,0,4,0,1,1,1,1791420608
2026-10-08T00:52:00+00:00,2026-10-08T00:53:22.303182+00:00,f8346768-0de8-11e7-991c-3863bb43a7d0,7,6,0,0,9,0,1,1,1,1791420613
2026-10-08T00:52:00+00:00,2026-10-08T00:53:22.303182+00:00,2264176803898382980,2264176803898382980,4,2,0,7,0,1,1,1,1791420663
2026-10-08T00:52:00+00:00,2026-10-08T00:53:22.303182+00:00,f834f814-0de8-11e7-991c-3863bb43a7d0,136,0,0,1,18,0,1,1,1,1791420663
2026-10-08T00:52:00+00:00,2026-10-08T00:53:22.303182+00:00,13918b3b-9ac5-4968-a74d-e40dd3bc952e,479,0,0,0,19,0,1,1,1,1791420663
2026-10-08T00:52:00+00:00,2026-10-08T00:53:22.303182+00:00,2fd22786-dfeb-4126-a906-4f01802087f3,454,1,0,1,17,0,1,1,1,1791420663
2026-10-08T00:52:00+00:00,2026-10-08T00:53:22.303182+00:00,5f726a7d-5c5d-48b1-9b13-06c77572a237,516,0,0,0,11,0,1,1,1,1791420664
2026-10-08T00:52:00+00:00,2026-10-08T00:53:22.303182+00:00,1975886280004030604,1975886280004030604,10,2,1,12,0,1,1,1,1791420664
2026-10-08T00:52:00+00:00,2026-10-08T00:53:22.303182+00:00,342a2c60-71b0-4d19-98d6-47987cf20dbc,379,6,0,0,9,0,1,1,1,1791420662
2026-10-08T00:52:00+00:00,2026-10-08T00:53:22.303182+00:00,676ca473-eed6-4971-aaf3-e199a7ca335b,433,15,7,0,3,1,1,1,1,1791420663
2026-10-08T00:52:00+00:00,2026-10-08T00:53:22.303182+00:00,bb27977d-36c1-496d-8bac-631b612dd7b8,332,15,4,0,0,0,1,1,1,1791420665
2026-10-08T00:52:00+00:00,2026-10-08T00:53:22.303182+00:00,2327cb08-fa9f-459b-9ab0-1a319b0f2f4c,539,3,1,1,14,0,1,1,1,1791420665
2026-10-08T00:52:00+00:00,2026-10-08T00:53:22.303182+00:00,f8351336-0de8-11e7-991c-3863bb43a7d0,176,3,0,0,12,0,1,1,1,1791420691
2026-10-08T00:52:00+00:00,2026-10-08T00:53:22.303182+00:00,510239fe-69c3-458b-b53c-6ce001845f4a,354,11,6,0,4,0,1,1,1,1791420691
2026-10-08T00:52:00+00:00,2026-10-08T00:53:22.303182+00:00,f8348995-0de8-11e7-991c-3863bb43a7d0,58,17,0,1,2,0,1,1,1,1791420691
2026-10-08T00:52:00+00:00,2026-10-08T00:53:22.303182+00:00,f834e1b2-0de8-11e7-991c-3863bb43a7d0,125,16,8,0,4,0,1,1,1,1791420692
2026-10-08T00:52:00+00:00,2026-10-08T00:53:22.303182+00:00,36a8fbc8-6069-4a29-bbfd-63a2d019c9a5,415,2,0,0,17,0,1,1,1,1791420694
2026-10-08T00:52:00+00:00,2026-10-08T00:53:22.303182+00:00,f83510fd-0de8-11e7-991c-3863bb43a7d0,171,13,1,1,9,0,1,1,1,1791420692
2026-10-08T00:52:00+00:00,2026-10-08T00:53:22.303182+00:00,f83486ab-0de8-11e7-991c-3863bb43a7d0,51,5,0,1,9,0,1,1,1,1791420693
2026-10-08T00:52:00+00:00,2026-10-08T00:53:22.303182+00:00,2038239468396569074,2038239468396569074,16,0,0,16,0,1,1,1,1791420695
2026-10-08T00:52:00+00:00,2026-10-08T00:53:22.303182+00:00,42a3ecca-af9a-4556-90ba-7631546f96f8,42a3ecca-af9a-4556-90ba-7631546f96f8,1,0,2,8,0,1,1,1,1791420696
2026-10-08T00:52:00+00:00,2026-10-08T00:53:22.303182+00:00,2071632496372113488,2071632496372113488,14,7,1,5,0,1,1,1,1791420692
2026-10-08T00:52:00+00:00,2026-10-08T00:53:22.303182+00:00,f6df6c1a-064f-428a-951c-2069a081b9df,380,3,0,2,13,0,1,1,1,1791420692
2026-10-08T00:52:00+00:00,2026-10-08T00:53:22.303182+00:00,d7ec834e-9d9a-402c-9956-7d5f42676b94,d7ec834e-9d9a-402c-9956-7d5f42676b94,13,3,1,0,0,1,1,1,1791420628
2026-10-08T00:52:00+00:00,2026-10-08T00:53:22.303182+00:00,2217856523888952522,2217856523888952522,5,2,0,15,0,1,1,1,1791420627
2026-10-08T00:52:00+00:00,2026-10-08T00:53:22.303182+00:00,f8349745-0de8-11e7-991c-3863bb43a7d0,73,0,0,1,14,0,1,1,1,1791420627
2026-10-08T00:52:00+00:00,2026-10-08T00:53:22.303182+00:00,f83523e3-0de8-11e7-991c-3863bb43a7d0,201,0,0,0,15,0,1,1,1,1791420630
2026-10-08T00:52:00+00:00,2026-10-08T00:53:22.303182+00:00,02a4416f-80b4-4472-accd-5db482ed5b6d,367,8,0,0,11,0,1,1,1,1791420636
2026-10-08T00:52:00+00:00,2026-10-08T00:53:22.303182+00:00,5018e851-f2f3-4e18-9914-c316bbcc2c3d,331,0,0,0,15,0,1,1,1,1791420633
2026-10-08T00:52:00+00:00,2026-10-08T00:53:22.303182+00:00,f8349c69-0de8-11e7-991c-3863bb43a7d0,78,15,3,0,3,0,1,1,1,1791420637
2026-10-08T00:52:00+00:00,2026-10-08T00:53:22.303182+00:00,ce55d1b1-4267-40a9-ad44-5eab888ce18a,ce55d1b1-4267-40a9-ad44-5eab888ce18a,0,0,0,22,1,1,1,1,1791420638
2026-10-08T00:52:00+00:00,2026-10-08T00:53:22.303182+00:00,0adccd89-1d8d-44da-9f7c-5f18acafeddf,338,4,2,0,11,0,1,1,1,1791420643
2026-10-08T00:52:00+00:00,2026-10-08T00:53:22.303182+00:00,2043912031919765854,2043912031919765854,10,0,1,9,0,1,1,1,1791420639
2026-10-08T00:52:00+00:00,2026-10-08T00:53:22.303182+00:00,f83524c0-0de8-11e7-991c-3863bb43a7d0,203,9,2,0,5,0,1,1,1,1791420640
2026-10-08T00:52:00+00:00,2026-10-08T00:53:22.303182+00:00,1960693490199507164,1960693490199507164,6,1,0,13,0,1,1,1,1791420642
2026-10-08T00:52:00+00:00,2026-10-08T00:53:22.303182+00:00,b23674a7-15a8-46d2-8219-6668acecf24a,548,11,1,0,7,0,1,1,1,1791420649
2026-10-08T00:52:00+00:00,2026-10-08T00:53:22.303182+00:00,533620e8-00ff-494a-b288-bd67602bc98e,472,0,0,0,27,0,1,1,1,1791420649
2026-10-08T00:52:00+00:00,2026-10-08T00:53:22.303182+00:00,f8349ba9-0de8-11e7-991c-3863bb43a7d0,77,7,4,0,10,1,1,1,1,1791420653
2026-10-08T00:52:00+00:00,2026-10-08T00:53:22.303182+00:00,f8348481-0de8-11e7-991c-3863bb43a7d0,47,19,1,0,0,0,1,1,1,1791420654
2026-10-08T00:52:00+00:00,2026-10-08T00:53:22.303182+00:00,40e58976-02cc-4c7c-911f-7a6c97588bfa,520,18,5,0,3,0,1,1,1,1791420652
2026-10-08T00:52:00+00:00,2026-10-08T00:53:22.303182+00:00,f83464e4-0de8-11e7-991c-3863bb43a7d0,3,1,0,2,11,0,1,1,1,1791420655
2026-10-08T00:52:00+00:00,2026-10-08T00:53:22.303182+00:00,ff6ed364-8676-45a0-b97f-71025683849e,442,7,1,1,7,0,1,1,1,1791420654
2026-10-08T00:52:00+00:00,2026-10-08T00:53:22.303182+00:00,287aedf5-0361-47e9-9de0-14ae3b75cc0d,287aedf5-0361-47e9-9de0-14ae3b75cc0d,8,3,1,12,0,1,1,1,1791420660
2026-10-08T00:52:00+00:00,2026-10-08T00:53:22.303182+00:00,2103549125054737064,2103549125054737064,4,2,0,12,0,1,1,1,1791420660
2026-10-08T00:52:00+00:00,2026-10-08T00:53:22.303182+00:00,5afe91c4-8076-4f9f-b83b-cf233bda2331,460,0,0,0,15,0,1,1,1,1791420659
2026-10-08T00:52:00+00:00,2026-10-08T00:53:22.303182+00:00,0f554e1d-9f0f-452d-9b4a-e00aa2c5911e,492,8,0,0,6,0,1,1,1,1791420658
2026-10-08T00:52:00+00:00,2026-10-08T00:53:22.303182+00:00,f834b5d9-0de8-11e7-991c-3863bb43a7d0,103,12,2,0,3,0,1,1,1,1791420672
2026-10-08T00:52:00+00:00,2026-10-08T00:53:22.303182+00:00,350e73e3-6f70-4b2d-87ab-24c8629e9a6a,350e73e3-6f70-4b2d-87ab-24c8629e9a6a,12,0,1,6,0,1,1,1,1791420673
2026-10-08T00:52:00+00:00,2026-10-08T00:53:22.303182+00:00,2241260819676115550,2241260819676115550,0,0,0,25,0,1,1,1,1791420670
2026-10-08T00:52:00+00:00,2026-10-08T00:53:22.303182+00:00,1944724820826878816,1944724820826878816,7,0,1,9,0,1,1,1,1791420673
2026-10-08T00:52:00+00:00,2026-10-08T00:53:22.303182+00:00,2038619205667946906,2038619205667946906,10,4,0,10,0,1,1,1,1791420674
2026-10-08T00:52:00+00:00,2026-10-08T00:53:22.303182+00:00,2029805507281123700,2029805507281123700,12,2,1,6,0,1,1,1,1791420675
2026-10-08T00:52:00+00:00,2026-10-08T00:53:22.303182+00:00,f8348136-0de8-11e7-991c-3863bb43a7d0,41,23,3,1,3,0,1,1,1,1791420669
2026-10-08T00:52:00+00:00,2026-10-08T00:53:22.303182+00:00,54d86d05-b399-42c5-a63a-a97713afc5d4,54d86d05-b399-42c5-a63a-a97713afc5d4,2,2,1,7,0,1,1,1,1791420679
2026-10-08T00:52:00+00:00,2026-10-08T00:53:22.303182+00:00,2111712079786088918,2111712079786088918,6,2,1,8,0,1,1,1,1791420680
2026-10-08T00:52:00+00:00,2026-10-08T00:53:22.303182+00:00,20b0b405-54ba-4a80-b89c-0819772665db,440,8,3,0,7,0,1,1,1,1791420677
2026-10-08T00:52:00+00:00,2026-10-08T00:53:22.303182+00:00,83183df0-38c2-4ae8-a0c4-4b59599c9582,222,6,1,0,8,0,1,1,1,1791420677
2026-10-08T00:52:00+00:00,2026-10-08T00:53:22.303182+00:00,f8351019-0de8-11e7-991c-3863bb43a7d0,169,10,4,0,9,0,1,1,1,1791420677
2026-10-08T00:52:00+00:00,2026-10-08T00:53:22.303182+00:00,f834cf45-0de8-11e7-991c-3863bb43a7d0,116,13,0,0,10,0,1,1,1,1791420678
2026-10-08T00:52:00+00:00,2026-10-08T00:53:22.303182+00:00,2113555008851845550,2113555008851845550,11,3,0,9,0,1,1,1,1791420678
2026-10-08T00:52:00+00:00,2026-10-08T00:53:22.303182+00:00,2136942888571742916,2136942888571742916,0,0,1,14,0,1,1,1,1791420614
2026-10-08T00:52:00+00:00,2026-10-08T00:53:22.303182+00:00,70f20fcb-8e63-4015-9007-b97c525ab0a9,335,10,0,2,7,0,1,1,1,1791420680
2026-10-08T00:52:00+00:00,2026-10-08T00:53:22.303182+00:00,a18e1e55-507e-49d8-b7c0-5c0efd959125,358,19,6,0,0,0,1,1,1,1791420681
2026-10-08T00:52:00+00:00,2026-10-08T00:53:22.303182+00:00,2071993292066931472,2071993292066931472,1,0,0,19,0,1,1,1,1791420680
2026-10-08T00:52:00+00:00,2026-10-08T00:53:22.303182+00:00,53a148ca-ac69-4a9c-a986-9a4b4df2f5df,387,7,0,0,8,0,1,1,1,1791420681
2026-10-08T00:52:00+00:00,2026-10-08T00:53:22.303182+00:00,2070180968009321294,2070180968009321294,15,0,0,4,2,1,1,1,1791420682
2026-10-08T00:52:00+00:00,2026-10-08T00:53:22.303182+00:00,f834952a-0de8-11e7-991c-3863bb43a7d0,70,1,0,1,21,0,1,1,1,1791420683
2026-10-08T00:52:00+00:00,2026-10-08T00:53:22.303182+00:00,f8347118-0de8-11e7-991c-3863bb43a7d0,22,18,0,0,15,2,1,1,1,1791420684
2026-10-08T00:52:00+00:00,2026-10-08T00:53:22.303182+00:00,0839bb10-e876-4198-95e4-0147a561853d,258,13,2,0,2,0,1,1,1,1791420685
2026-10-08T00:52:00+00:00,2026-10-08T00:53:22.303182+00:00,2113200093114979090,2113200093114979090,6,0,0,9,1,1,1,1,1791420684
2026-10-08T00:52:00+00:00,2026-10-08T00:53:22.303182+00:00,f83494b4-0de8-11e7-991c-3863bb43a7d0,69,18,9,1,0,0,1,1,1,1791420684
2026-10-08T00:52:00+00:00,2026-10-08T00:53:22.303182+00:00,f834b49d-0de8-11e7-991c-3863bb43a7d0,101,9,1,0,9,0,1,1,1,1791420685
2026-10-08T00:52:00+00:00,2026-10-08T00:53:22.303182+00:00,2141932795355773712,2141932795355773712,9,1,0,8,0,1,1,1,1791420685
2026-10-08T00:52:00+00:00,2026-10-08T00:53:22.303182+00:00,2107991976288962746,2107991976288962746,13,1,0,7,0,1,1,1,1791420689
2026-10-08T00:52:00+00:00,2026-10-08T00:53:22.303182+00:00,dfdaf866-b814-48e5-9bd3-eb7c4a733697,dfdaf866-b814-48e5-9bd3-eb7c4a733697,7,2,0,10,0,1,1,1,1791420690
2026-10-08T00:52:00+00:00,2026-10-08T00:53:22.303182+00:00,7ec0c53c-876a-419c-a78b-4edd000bbc9a,445,16,2,0,3,0,1,1,1,1791420690
2026-10-08T00:52:00+00:00,2026-10-08T00:53:22.303182+00:00,f834e244-0de8-11e7-991c-3863bb43a7d0,126,6,2,0,9,0,1,1,1,1791420686
2026-10-08T00:52:00+00:00,2026-10-08T00:53:22.303182+00:00,abefafdc-c772-4671-86fe-fc15a42adebb,abefafdc-c772-4671-86fe-fc15a42adebb,5,0,0,18,0,1,1,1,1791420688
2026-10-08T00:52:00+00:00,2026-10-08T00:53:22.303182+00:00,2170342425741020744,2170342425741020744,14,4,0,3,0,1,1,1,1791420689
2026-10-08T00:52:00+00:00,2026-10-08T00:53:22.303182+00:00,2223043968513191970,2223043968513191970,0,0,0,16,0,1,1,1,1791420687
2026-10-08T00:52:00+00:00,2026-10-08T00:53:22.303182+00:00,ec3eea05-a3ff-43c6-9e24-0c63f09b915f,378,15,1,0,4,0,1,1,1,1791420696
2026-10-08T00:52:00+00:00,2026-10-08T00:53:22.303182+00:00,f8352c92-0de8-11e7-991c-3863bb43a7d0,217,14,1,2,3,0,1,1,1,1791420696
2026-10-08T00:52:00+00:00,2026-10-08T00:53:22.303182+00:00,9e710d48-51c1-460e-a027-3d16bde62b13,419,0,0,14,0,1,1,0,0,1791420698
2026-10-08T00:52:00+00:00,2026-10-08T00:53:22.303182+00:00,2072145327190878794,2072145327190878794,19,1,1,4,0,1,1,1,1791420698
2026-10-08T01:01:59+00:00,2026-10-08T01:03:22.545576+00:00,6eaa7343-402d-41c9-9aac-8c664fdbdcf1,6eaa7343-402d-41c9-9aac-8c664fdbdcf1,0,0,0,0,0,0,0,0,86400
2026-10-08T01:01:59+00:00,2026-10-08T01:03:22.545576+00:00,2251186911126913182,2251186911126913182,13,2,2,4,0,1,1,1,1791421134
2026-10-08T01:01:59+00:00,2026-10-08T01:03:22.545576+00:00,f8351255-0de8-11e7-991c-3863bb43a7d0,174,7,2,2,6,0,1,1,1,1791421187
2026-10-08T01:01:59+00:00,2026-10-08T01:03:22.545576+00:00,f8347002-0de8-11e7-991c-3863bb43a7d0,20,17,0,0,6,0,1,1,1,1791421188
2026-10-08T01:01:59+00:00,2026-10-08T01:03:22.545576+00:00,f83532fa-0de8-11e7-991c-3863bb43a7d0,219,12,1,0,3,0,1,1,1,1791421185
2026-10-08T01:01:59+00:00,2026-10-08T01:03:22.545576+00:00,2129149628430547474,2129149628430547474,16,3,0,0,0,1,1,1,1791421212
2026-10-08T01:01:59+00:00,2026-10-08T01:03:22.545576+00:00,f8350199-0de8-11e7-991c-3863bb43a7d0,150,8,1,0,11,0,1,1,1,1791421211
2026-10-08T01:01:59+00:00,2026-10-08T01:03:22.545576+00:00,57f5003b-6574-40b3-83d7-3b5dee1472e0,518,7,6,0,3,0,1,1,1,1791421212
2026-10-08T01:01:59+00:00,2026-10-08T01:03:22.545576+00:00,82b41ffb-e284-4e4d-b22a-0cad2bfd4bee,443,7,0,0,12,0,1,1,1,1791421212
2026-10-08T01:01:59+00:00,2026-10-08T01:03:22.545576+00:00,2250817396738253956,2250817396738253956,13,3,2,0,0,1,1,1,1791421163
2026-10-08T01:01:59+00:00,2026-10-08T01:03:22.545576+00:00,2251556760922290606,2251556760922290606,12,1,2,1,0,1,1,1,1791421171
2026-10-08T01:01:59+00:00,2026-10-08T01:03:22.545576+00:00,f8348719-0de8-11e7-991c-3863bb43a7d0,52,2,1,1,21,0,1,1,1,1791421192
2026-10-08T01:01:59+00:00,2026-10-08T01:03:22.545576+00:00,f834916a-0de8-11e7-991c-3863bb43a7d0,63,3,1,0,12,0,1,1,1,1791421193
2026-10-08T01:01:59+00:00,2026-10-08T01:03:22.545576+00:00,1997031876360597884,1997031876360597884,6,1,0,5,0,1,1,1,1791421194
2026-10-08T01:01:59+00:00,2026-10-08T01:03:22.545576+00:00,52ca4d94-587f-4a61-a298-a1a755e73bfb,362,19,3,0,0,0,1,1,1,1791421195
2026-10-08T01:01:59+00:00,2026-10-08T01:03:22.545576+00:00,f835244e-0de8-11e7-991c-3863bb43a7d0,202,9,1,0,6,0,1,1,1,1791421195
2026-10-08T01:01:59+00:00,2026-10-08T01:03:22.545576+00:00,f8346c96-0de8-11e7-991c-3863bb43a7d0,14,2,2,0,23,0,1,1,1,1791421203
2026-10-08T01:01:59+00:00,2026-10-08T01:03:22.545576+00:00,f8350d30-0de8-11e7-991c-3863bb43a7d0,163,7,0,0,12,0,1,1,1,1791421199
2026-10-08T01:01:59+00:00,2026-10-08T01:03:22.545576+00:00,eed9e64f-f09d-43c1-aa31-da968c66750a,368,5,0,0,10,0,1,1,1,1791421199
2026-10-08T01:01:59+00:00,2026-10-08T01:03:22.545576+00:00,f834d260-0de8-11e7-991c-3863bb43a7d0,119,13,9,2,0,0,1,1,1,1791421198
2026-10-08T01:01:59+00:00,2026-10-08T01:03:22.545576+00:00,2131371824572002576,2131371824572002576,11,0,1,4,0,1,1,1,1791421203
2026-10-08T01:01:59+00:00,2026-10-08T01:03:22.545576+00:00,199f3d59-e726-4549-b9c1-4dfc8a343fdb,508,10,6,0,1,0,1,1,1,1791421178
2026-10-08T01:01:59+00:00,2026-10-08T01:03:22.545576+00:00,2027855476515070160,2027855476515070160,11,0,0,15,0,1,1,1,1791421179
2026-10-08T01:01:59+00:00,2026-10-08T01:03:22.545576+00:00,9b0aff89-5242-475e-b03b-87c3c3bf51bb,477,3,3,1,15,0,1,1,1,1791421183
2026-10-08T01:01:59+00:00,2026-10-08T01:03:22.545576+00:00,2134720099473744344,2134720099473744344,3,0,0,18,0,1,1,1,1791421146
2026-10-08T01:01:59+00:00,2026-10-08T01:03:22.545576+00:00,f834b183-0de8-11e7-991c-3863bb43a7d0,98,12,2,1,10,0,1,1,1,1791421182
2026-10-08T01:01:59+00:00,2026-10-08T01:03:22.545576+00:00,1ef9964d-47ac-4cd4-916e-7c006fa1e605,339,10,6,0,5,0,1,1,1,1791421214
2026-10-08T01:01:59+00:00,2026-10-08T01:03:22.545576+00:00,f8346e51-0de8-11e7-991c-3863bb43a7d0,17,13,0,0,2,0,1,1,1,1791421219
2026-10-08T01:01:59+00:00,2026-10-08T01:03:22.545576+00:00,f834e75d-0de8-11e7-991c-3863bb43a7d0,129,7,0,0,11,1,1,1,1,1791421215
2026-10-08T01:01:59+00:00,2026-10-08T01:03:22.545576+00:00,e335fa7c-7adf-4360-9bfa-76b18124a56f,541,5,4,0,6,0,1,1,1,1791421215
2026-10-08T01:01:59+00:00,2026-10-08T01:03:22.545576+00:00,f8349599-0de8-11e7-991c-3863bb43a7d0,71,14,6,0,9,0,1,1,1,1791421215
2026-10-08T01:01:59+00:00,2026-10-08T01:03:22.545576+00:00,87b5a8b7-a330-4c51-ab32-7dafa292c88f,421,15,1,1,3,0,1,1,1,1791421215
2026-10-08T01:01:59+00:00,2026-10-08T01:03:22.545576+00:00,2124664048772581794,2124664048772581794,3,0,0,8,0,1,1,1,1791421254
2026-10-08T01:01:59+00:00,2026-10-08T01:03:22.545576+00:00,8d535c23-f186-4161-aa10-17e94be6d4ae,436,5,4,3,6,1,1,1,1,1791421254
2026-10-08T01:01:59+00:00,2026-10-08T01:03:22.545576+00:00,15ec5783-ca7a-4225-ba51-cd0a45ecc975,15ec5783-ca7a-4225-ba51-cd0a45ecc975,8,6,0,3,0,1,1,1,1791421252
2026-10-08T01:01:59+00:00,2026-10-08T01:03:22.545576+00:00,b44b7c3d-c054-4591-92a9-3b96d86050ab,b44b7c3d-c054-4591-92a9-3b96d86050ab,2,2,0,9,0,1,1,1,1791421252
2026-10-08T01:01:59+00:00,2026-10-08T01:03:22.545576+00:00,f606593b-3d07-40f2-bc6d-a0eb96588e44,456,5,0,0,13,0,1,1,1,1791421250
2026-10-08T01:01:59+00:00,2026-10-08T01:03:22.545576+00:00,e4d5271f-5f76-401b-b7f0-c8dce3c26f10,462,7,1,1,3,0,1,1,1,1791421249
2026-10-08T01:01:59+00:00,2026-10-08T01:03:22.545576+00:00,2039387081833476178,2039387081833476178,12,2,0,8,0,1,1,1,1791421253
2026-10-08T01:01:59+00:00,2026-10-08T01:03:22.545576+00:00,4d953f0f-13b5-4b3d-b2da-342003ff7cba,4d953f0f-13b5-4b3d-b2da-342003ff7cba,4,2,0,7,0,1,1,1,1791421255
2026-10-08T01:01:59+00:00,2026-10-08T01:03:22.545576+00:00,ea00f276-26dc-48ee-b2c8-6e56fd632a2d,272,2,0,1,16,0,1,1,1,1791421256
2026-10-08T01:01:59+00:00,2026-10-08T01:03:22.545576+00:00,2127252912986958612,2127252912986958612,5,1,0,10,0,1,1,1,1791421254
2026-10-08T01:01:59+00:00,2026-10-08T01:03:22.545576+00:00,1331197c-f6c6-4f4a-a29b-95e580359886,224,9,0,1,7,0,1,1,1,1791421253
2026-10-08T01:01:59+00:00,2026-10-08T01:03:22.545576+00:00,f834b928-0de8-11e7-991c-3863bb43a7d0,106,9,0,1,4,0,1,1,1,1791421257
2026-10-08T01:01:59+00:00,2026-10-08T01:03:22.545576+00:00,f8347a8b-0de8-11e7-991c-3863bb43a7d0,29,15,0,0,4,0,1,1,1,1791421257
2026-10-08T01:01:59+00:00,2026-10-08T01:03:22.545576+00:00,f834a1de-0de8-11e7-991c-3863bb43a7d0,84,0,0,0,13,0,1,1,1,1791421260
2026-10-08T01:01:59+00:00,2026-10-08T01:03:22.545576+00:00,f8347ba8-0de8-11e7-991c-3863bb43a7d0,31,3,0,0,16,0,1,1,1,1791421260
2026-10-08T01:01:59+00:00,2026-10-08T01:03:22.545576+00:00,dcd76e42-eebc-4432-9726-cdb3372b0b07,557,0,0,0,19,0,1,1,1,1791421260
2026-10-08T01:01:59+00:00,2026-10-08T01:03:22.545576+00:00,f834cb89-0de8-11e7-991c-3863bb43a7d0,115,6,3,3,10,0,1,1,1,1791421260
2026-10-08T01:01:59+00:00,2026-10-08T01:03:22.545576+00:00,2261583246847893606,2261583246847893606,11,7,2,6,0,1,1,1,1791421258
2026-10-08T01:01:59+00:00,2026-10-08T01:03:22.545576+00:00,ec4e1168-25dc-4929-b17b-e4ae578dd888,425,4,2,1,11,0,1,1,1,1791421256
2026-10-08T01:01:59+00:00,2026-10-08T01:03:22.545576+00:00,918335df-fc1a-45c2-9cfc-c5e2e93aecc0,467,2,0,1,8,0,1,1,1,1791421256
2026-10-08T01:01:59+00:00,2026-10-08T01:03:22.545576+00:00,1ef5abb2-5af9-41f2-a0dd-1e44278ad9f1,502,4,0,0,7,0,1,1,1,1791421257
2026-10-08T01:01:59+00:00,2026-10-08T01:03:22.545576+00:00,1994515539257334312,1994515539257334312,19,8,0,0,0,1,1,1,1791421259
2026-10-08T01:01:59+00:00,2026-10-08T01:03:22.545576+00:00,f834a67b-0de8-11e7-991c-3863bb43a7d0,89,1,0,1,17,0,1,1,1,1791421261
2026-10-08T01:01:59+00:00,2026-10-08T01:03:22.545576+00:00,25489822-e43a-4704-b2a8-d905b78ba77c,389,3,2,0,11,0,1,1,1,1791421225
2026-10-08T01:01:59+00:00,2026-10-08T01:03:22.545576+00:00,f8347ded-0de8-11e7-991c-3863bb43a7d0,35,0,0,0,31,0,1,1,1,1791421227
2026-10-08T01:01:59+00:00,2026-10-08T01:03:22.545576+00:00,f834b1ed-0de8-11e7-991c-3863bb43a7d0,99,15,2,0,0,0,1,1,1,1791421236
2026-10-08T01:01:59+00:00,2026-10-08T01:03:22.545576+00:00,ab6517ea-ed53-42eb-8881-657d362e56e8,560,10,0,0,5,0,1,1,1,1791421236
2026-10-08T01:01:59+00:00,2026-10-08T01:03:22.545576+00:00,01d29f8c-768d-4c4f-84ca-3de966075287,469,3,2,0,8,0,1,1,1,1791421234
2026-10-08T01:01:59+00:00,2026-10-08T01:03:22.545576+00:00,25d6f87f-7025-48c5-b202-f91511a4ae19,25d6f87f-7025-48c5-b202-f91511a4ae19,13,4,1,5,0,1,1,1,1791421237
2026-10-08T01:01:59+00:00,2026-10-08T01:03:22.545576+00:00,1999644268058967024,1999644268058967024,24,2,0,0,0,1,1,1,1791421261
2026-10-08T01:01:59+00:00,2026-10-08T01:03:22.545576+00:00,f8346dbd-0de8-11e7-991c-3863bb43a7d0,16,7,0,1,11,0,1,1,1,1791421261
2026-10-08T01:01:59+00:00,2026-10-08T01:03:22.545576+00:00,1976280681456741062,1976280681456741062,5,5,0,6,0,1,1,1,1791421261
2026-10-08T01:01:59+00:00,2026-10-08T01:03:22.545576+00:00,38706d8c-8d4b-49f7-b6ed-7688449db261,463,5,0,0,14,0,1,1,1,1791421262
2026-10-08T01:01:59+00:00,2026-10-08T01:03:22.545576+00:00,8e7c1984-dc81-43b0-a0d3-58c6de45225a,465,4,2,0,7,0,1,1,1,1791421262
2026-10-08T01:01:59+00:00,2026-10-08T01:03:22.545576+00:00,2127634714741013228,2127634714741013228,15,2,0,9,0,1,1,1,1791421265
2026-10-08T01:01:59+00:00,2026-10-08T01:03:22.545576+00:00,97a1e4e7-a1ff-427a-aaea-48ca0d00bf9c,348,5,4,0,10,0,1,1,1,1791421265
2026-10-08T01:01:59+00:00,2026-10-08T01:03:22.545576+00:00,f83466c6-0de8-11e7-991c-3863bb43a7d0,6,0,0,2,12,0,1,1,1,1791421266
2026-10-08T01:01:59+00:00,2026-10-08T01:03:22.545576+00:00,f834a2a8-0de8-11e7-991c-3863bb43a7d0,85,1,1,0,18,0,1,1,1,1791421266
2026-10-08T01:01:59+00:00,2026-10-08T01:03:22.545576+00:00,f8348598-0de8-11e7-991c-3863bb43a7d0,49,4,0,0,14,0,1,1,1,1791421222
2026-10-08T01:01:59+00:00,2026-10-08T01:03:22.545576+00:00,aefc33cd-40b9-48da-8b87-415428816bdb,488,7,1,0,9,0,1,1,1,1791421232
2026-10-08T01:01:59+00:00,2026-10-08T01:03:22.545576+00:00,f834fcbe-0de8-11e7-991c-3863bb43a7d0,141,0,0,0,15,0,1,1,1,1791421232
2026-10-08T01:01:59+00:00,2026-10-08T01:03:22.545576+00:00,625f105e-4407-4988-9095-d1979cbda5e1,234,17,11,0,2,0,1,1,1,1791421232
2026-10-08T01:01:59+00:00,2026-10-08T01:03:22.545576+00:00,2110566771130438288,2110566771130438288,10,6,1,5,0,1,1,1,1791421211
2026-10-08T01:01:59+00:00,2026-10-08T01:03:22.545576+00:00,f8351f87-0de8-11e7-991c-3863bb43a7d0,192,1,0,0,18,0,1,1,1,1791421244
2026-10-08T01:01:59+00:00,2026-10-08T01:03:22.545576+00:00,803a0c16-4f81-44f1-8b49-a13fcdda40c1,370,4,0,2,12,0,1,1,1,1791421242
2026-10-08T01:01:59+00:00,2026-10-08T01:03:22.545576+00:00,f834c5c9-0de8-11e7-991c-3863bb43a7d0,110,3,1,1,10,0,1,1,1,1791421242
2026-10-08T01:01:59+00:00,2026-10-08T01:03:22.545576+00:00,2028220168245183460,2028220168245183460,14,0,0,5,0,1,1,1,1791421240
2026-10-08T01:01:59+00:00,2026-10-08T01:03:22.545576+00:00,c111ef1a-f276-415d-a95e-8e3c4e3a0c03,522,6,3,1,8,0,1,1,1,1791421268
2026-10-08T01:01:59+00:00,2026-10-08T01:03:22.545576+00:00,2132460331327742574,2132460331327742574,0,0,0,18,0,1,1,1,1791421268
2026-10-08T01:01:59+00:00,2026-10-08T01:03:22.545576+00:00,5410aac7-2ec0-47b6-b728-b99c5137b463,5410aac7-2ec0-47b6-b728-b99c5137b463,8,2,0,3,0,1,1,1,1791421269
2026-10-08T01:01:59+00:00,2026-10-08T01:03:22.545576+00:00,986068c4-d11a-465a-b8d0-bd0960c57f51,986068c4-d11a-465a-b8d0-bd0960c57f51,12,1,0,2,0,1,1,1,1791421267
2026-10-08T01:01:59+00:00,2026-10-08T01:03:22.545576+00:00,f55cdf0a-3d7b-491c-bed2-7dc0ef2062d5,489,10,1,0,6,0,1,1,1,1791421270
2026-10-08T01:01:59+00:00,2026-10-08T01:03:22.545576+00:00,1986694622707704150,1986694622707704150,16,0,1,2,0,1,1,1,1791421266
2026-10-08T01:01:59+00:00,2026-10-08T01:03:22.545576+00:00,569f4952-5a25-4394-a419-f9c4d9cca6f3,495,14,3,1,3,0,1,1,1,1791421267
2026-10-08T01:01:59+00:00,2026-10-08T01:03:22.545576+00:00,1919521884659886482,1919521884659886482,3,1,0,16,0,1,1,1,1791421275
2026-10-08T01:01:59+00:00,2026-10-08T01:03:22.545576+00:00,cad0e759-b605-458a-b772-768dcce81dc6,372,11,0,0,7,0,1,1,1,1791421276
2026-10-08T01:01:59+00:00,2026-10-08T01:03:22.545576+00:00,6cec3afa-554c-466f-8323-5c619fe0ddc6,6cec3afa-554c-466f-8323-5c619fe0ddc6,6,4,0,5,0,1,1,1,1791421276
2026-10-08T01:01:59+00:00,2026-10-08T01:03:22.545576+00:00,a825b55d-3ab3-481f-9c50-d3a7313e6843,228,0,0,0,19,0,1,1,1,1791421275
2026-10-08T01:01:59+00:00,2026-10-08T01:03:22.545576+00:00,1999639508813492766,1999639508813492766,9,0,0,11,0,1,1,1,1791421276
2026-10-08T01:01:59+00:00,2026-10-08T01:03:22.545576+00:00,1976640911178291400,1976640911178291400,6,3,0,5,0,1,1,1,1791421272
2026-10-08T01:01:59+00:00,2026-10-08T01:03:22.545576+00:00,2227859082657747444,2227859082657747444,5,2,0,2,0,1,1,1,1791421273
2026-10-08T01:01:59+00:00,2026-10-08T01:03:22.545576+00:00,d1a5e406-718c-44b9-b9dd-e63605b888aa,555,8,7,0,7,0,1,1,1,1791421276
2026-10-08T01:01:59+00:00,2026-10-08T01:03:22.545576+00:00,f834d34b-0de8-11e7-991c-3863bb43a7d0,120,19,3,0,20,0,1,1,1,1791421280
2026-10-08T01:01:59+00:00,2026-10-08T01:03:22.545576+00:00,acb27827-d69a-4287-b132-3f529ca62ad2,427,4,1,0,15,0,1,1,1,1791421277
2026-10-08T01:01:59+00:00,2026-10-08T01:03:22.545576+00:00,5d17f129-af8c-4f30-bc58-6a8279052772,543,5,2,1,13,0,1,1,1,1791421282
2026-10-08T01:01:59+00:00,2026-10-08T01:03:22.545576+00:00,f83473ea-0de8-11e7-991c-3863bb43a7d0,27,13,0,3,7,0,1,1,1,1791421278
2026-10-08T01:01:59+00:00,2026-10-08T01:03:22.545576+00:00,2149920539832638004,2149920539832638004,13,1,1,1,0,1,1,1,1791421281
2026-10-08T01:01:59+00:00,2026-10-08T01:03:22.545576+00:00,800bde2c-51df-497c-ac2d-bc3a8c00c164,800bde2c-51df-497c-ac2d-bc3a8c00c164,0,0,0,15,0,1,1,1,1791421272
2026-10-08T01:01:59+00:00,2026-10-08T01:03:22.545576+00:00,4b5de733-9353-4873-9dc2-9558b3cb063a,393,5,0,0,8,0,1,1,1,1791421288
2026-10-08T01:01:59+00:00,2026-10-08T01:03:22.545576+00:00,88b35b6d-f355-44dc-b85e-ed2eb1bc9099,406,11,4,0,8,0,1,1,1,1791421289
2026-10-08T01:01:59+00:00,2026-10-08T01:03:22.545576+00:00,f834c6f5-0de8-11e7-991c-3863bb43a7d0,111,9,2,0,5,1,1,1,1,1791421283
2026-10-08T01:01:59+00:00,2026-10-08T01:03:22.545576+00:00,2036412579943670600,2036412579943670600,5,5,1,6,0,1,1,1,1791421220
2026-10-08T01:01:59+00:00,2026-10-08T01:03:22.545576+00:00,8bc42f7f-753d-4cca-a7d6-0d7c2530ea2c,364,8,2,1,9,0,1,1,1,1791421287
2026-10-08T01:01:59+00:00,2026-10-08T01:03:22.545576+00:00,f8351569-0de8-11e7-991c-3863bb43a7d0,181,14,0,0,5,0,1,1,1,1791421288
2026-10-08T01:01:59+00:00,2026-10-08T01:03:22.545576+00:00,2089808297152151688,2089808297152151688,2,1,1,9,0,1,1,1,1791421285
2026-10-08T01:01:59+00:00,2026-10-08T01:03:22.545576+00:00,e519df41-c4d7-403a-9afa-a5dd7cdd2d03,536,10,0,1,7,0,1,1,1,1791421284
2026-10-08T01:01:59+00:00,2026-10-08T01:03:22.545576+00:00,829fa5a8-cc88-4ab2-9f34-b481aaa1612e,259,9,0,0,6,0,1,1,1,1791421284
2026-10-08T01:01:59+00:00,2026-10-08T01:03:22.545576+00:00,2113559364250874028,2113559364250874028,8,2,0,7,0,1,1,1,1791421286
2026-10-08T01:01:59+00:00,2026-10-08T01:03:22.545576+00:00,2220033166406469278,2220033166406469278,10,4,1,4,0,1,1,1,1791421293
2026-10-08T01:01:59+00:00,2026-10-08T01:03:22.545576+00:00,f8351649-0de8-11e7-991c-3863bb43a7d0,183,1,0,0,18,0,1,1,1,1791421293
2026-10-08T01:01:59+00:00,2026-10-08T01:03:22.545576+00:00,2036103727838931110,2036103727838931110,10,5,0,0,0,1,1,1,1791421293
2026-10-08T01:01:59+00:00,2026-10-08T01:03:22.545576+00:00,f8351791-0de8-11e7-991c-3863bb43a7d0,186,12,0,0,3,0,1,1,1,1791421290
2026-10-08T01:01:59+00:00,2026-10-08T01:03:22.545576+00:00,f8352973-0de8-11e7-991c-3863bb43a7d0,210,6,1,0,9,0,1,1,1,1791421290
2026-10-08T01:01:59+00:00,2026-10-08T01:03:22.545576+00:00,1991921362058752616,1991921362058752616,0,0,0,20,0,1,1,1,1791421291
2026-10-08T01:01:59+00:00,2026-10-08T01:03:22.545576+00:00,133d159e-a202-4310-910f-eca392fe181e,398,0,0,2,17,0,1,1,1,1791421291
2026-10-08T01:01:59+00:00,2026-10-08T01:03:22.545576+00:00,f834f948-0de8-11e7-991c-3863bb43a7d0,138,10,0,1,3,0,1,1,1,1791421291
2026-10-08T01:01:59+00:00,2026-10-08T01:03:22.545576+00:00,f8349070-0de8-11e7-991c-3863bb43a7d0,61,2,0,0,17,0,1,1,1,1791421290
2026-10-08T01:01:59+00:00,2026-10-08T01:03:22.545576+00:00,40ee059e-8530-4992-9114-c16b87d6832f,441,12,4,0,7,0,1,1,1,1791421294
2026-10-08T01:01:59+00:00,2026-10-08T01:03:22.545576+00:00,77c1736c-a609-4453-94f7-8e4253a8193c,474,8,3,0,3,0,1,1,1,1791421295
2026-10-08T01:01:59+00:00,2026-10-08T01:03:22.545576+00:00,9fef6df2-7f8f-43fc-a85b-7dd5453860f9,437,14,1,0,3,0,1,1,1,1791421295
2026-10-08T01:01:59+00:00,2026-10-08T01:03:22.545576+00:00,2219705277630124418,2219705277630124418,5,2,0,10,0,1,1,1,1791421252
2026-10-08T01:01:59+00:00,2026-10-08T01:03:22.545576+00:00,f834f036-0de8-11e7-991c-3863bb43a7d0,133,11,3,2,10,0,1,1,1,1791421296
2026-10-08T01:01:59+00:00,2026-10-08T01:03:22.545576+00:00,a6d6d4b2-3666-43ad-a690-7f676bdcc3fd,542,9,0,4,6,0,1,1,1,1791421297
2026-10-08T01:01:59+00:00,2026-10-08T01:03:22.545576+00:00,2071991821019036242,2071991821019036242,11,1,0,9,0,1,1,1,1791421297
2026-10-08T01:01:59+00:00,2026-10-08T01:03:22.545576+00:00,2438d052-2cd6-4fba-83c9-39f46cb59398,2438d052-2cd6-4fba-83c9-39f46cb59398,2,0,2,15,0,1,1,1,1791421296
2026-10-08T01:01:59+00:00,2026-10-08T01:03:22.545576+00:00,f7d416f8-4377-4019-bba7-302dc1d5a11d,391,9,0,3,3,0,1,1,1,1791421297
2026-10-08T01:01:59+00:00,2026-10-08T01:03:22.545576+00:00,f83493c0-0de8-11e7-991c-3863bb43a7d0,67,3,0,4,25,0,1,1,1,1791421297
2026-10-08T01:01:59+00:00,2026-10-08T01:03:22.545576+00:00,2031175112202687108,2031175112202687108,5,1,0,11,0,1,1,1,1791421297
2026-10-08T01:01:59+00:00,2026-10-08T01:03:22.545576+00:00,2126567695528519906,2126567695528519906,8,0,0,12,0,1,1,1,1791421298
2026-10-08T01:01:59+00:00,2026-10-08T01:03:22.545576+00:00,f8350129-0de8-11e7-991c-3863bb43a7d0,149,15,1,0,3,0,1,1,1,1791421298
2026-10-08T01:01:59+00:00,2026-10-08T01:03:22.545576+00:00,2363c5a3-93cc-41a2-a767-90f1826c041f,426,0,0,0,27,0,1,1,1,1791421297
2026-10-08T01:01:59+00:00,2026-10-08T01:03:22.545576+00:00,768433a9-fc30-4485-b136-22d6f8a96f1c,768433a9-fc30-4485-b136-22d6f8a96f1c,4,0,1,6,0,1,1,1,1791421298
2026-10-08T01:01:59+00:00,2026-10-08T01:03:22.545576+00:00,2253794653988522864,2253794653988522864,7,0,0,12,0,1,1,1,1791421059
2026-10-08T01:01:59+00:00,2026-10-08T01:03:22.545576+00:00,2035765531590062506,2035765531590062506,7,1,3,1,0,1,1,1,1791421186
2026-10-08T01:01:59+00:00,2026-10-08T01:03:22.545576+00:00,f834ffc9-0de8-11e7-991c-3863bb43a7d0,146,19,3,0,0,0,1,1,1,1791421198
2026-10-08T01:01:59+00:00,2026-10-08T01:03:22.545576+00:00,b0b8e427-7203-4844-9c70-129e08a74452,347,13,4,1,0,0,1,1,1,1791421198
2026-10-08T01:01:59+00:00,2026-10-08T01:03:22.545576+00:00,1984021766354634770,1984021766354634770,10,0,0,9,0,1,1,1,1791421197
2026-10-08T01:01:59+00:00,2026-10-08T01:03:22.545576+00:00,609c2f06-310e-4134-8dd2-3d23aa41487b,609c2f06-310e-4134-8dd2-3d23aa41487b,19,3,1,2,0,1,1,1,1791421188
2026-10-08T01:01:59+00:00,2026-10-08T01:03:22.545576+00:00,8f51f8f1-ecb8-4cd3-8529-296a03140c51,8f51f8f1-ecb8-4cd3-8529-296a03140c51,8,3,0,11,0,1,1,1,1791421189
2026-10-08T01:01:59+00:00,2026-10-08T01:03:22.545576+00:00,f835141c-0de8-11e7-991c-3863bb43a7d0,178,12,0,2,4,0,1,1,1,1791421190
2026-10-08T01:01:59+00:00,2026-10-08T01:03:22.545576+00:00,a9bc314b-a3fd-46e5-a63b-f005258bba5f,a9bc314b-a3fd-46e5-a63b-f005258bba5f,4,0,0,13,1,1,1,1,1791421191
2026-10-08T01:01:59+00:00,2026-10-08T01:03:22.545576+00:00,dd008e3c-ff17-4c82-abe0-502272a62425,558,3,2,1,13,0,1,1,1,1791421189
2026-10-08T01:01:59+00:00,2026-10-08T01:03:22.545576+00:00,1206f5c8-7d1f-4c32-9d65-f3e80186fbde,511,8,5,1,10,0,1,1,1,1791421201
2026-10-08T01:01:59+00:00,2026-10-08T01:03:22.545576+00:00,66763558-7a03-48a9-8665-6b4445b81f48,458,14,7,0,1,0,1,1,1,1791421207
2026-10-08T01:01:59+00:00,2026-10-08T01:03:22.545576+00:00,57caf362-1e8b-46aa-9ee3-82341c405ab0,271,2,0,1,12,0,1,1,1,1791421205
2026-10-08T01:01:59+00:00,2026-10-08T01:03:22.545576+00:00,3c837bc0-fd08-49c4-adf5-0e9a98e918a7,524,7,0,1,7,0,1,1,1,1791421211
2026-10-08T01:01:59+00:00,2026-10-08T01:03:22.545576+00:00,31382324-2931-491a-827a-40149e45afee,232,5,0,0,6,0,1,1,1,1791421212
2026-10-08T01:01:59+00:00,2026-10-08T01:03:22.545576+00:00,f834923d-0de8-11e7-991c-3863bb43a7d0,65,5,0,0,14,0,1,1,1,1791421214
2026-10-08T01:01:59+00:00,2026-10-08T01:03:22.545576+00:00,f8348781-0de8-11e7-991c-3863bb43a7d0,53,7,0,1,11,0,1,1,1,1791421228
2026-10-08T01:01:59+00:00,2026-10-08T01:03:22.545576+00:00,f834ff5a-0de8-11e7-991c-3863bb43a7d0,145,5,0,1,13,0,1,1,1,1791421233
2026-10-08T01:01:59+00:00,2026-10-08T01:03:22.545576+00:00,f8352c1a-0de8-11e7-991c-3863bb43a7d0,216,7,2,2,10,0,1,1,1,1791421234
2026-10-08T01:01:59+00:00,2026-10-08T01:03:22.545576+00:00,910f1452-dbeb-4e69-b226-71b2d7e85715,910f1452-dbeb-4e69-b226-71b2d7e85715,8,8,0,2,0,1,1,1,1791421232
2026-10-08T01:01:59+00:00,2026-10-08T01:03:22.545576+00:00,f1cafe36-f800-41f6-b74d-73953cb6394c,471,0,0,0,27,0,1,1,1,1791421231
2026-10-08T01:01:59+00:00,2026-10-08T01:03:22.545576+00:00,8b703219-1e16-4ba1-9f46-2b7030c7849a,360,3,2,2,10,0,1,1,1,1791421231
2026-10-08T01:01:59+00:00,2026-10-08T01:03:22.545576+00:00,2074236051937964826,2074236051937964826,14,0,0,1,1,1,1,1,1791421151
2026-10-08T01:01:59+00:00,2026-10-08T01:03:22.545576+00:00,f836bc28-36a7-4ca6-bba6-0d75333d84bb,538,14,1,1,4,0,1,1,1,1791421180
2026-10-08T01:01:59+00:00,2026-10-08T01:03:22.545576+00:00,50cc3c7f-50ed-4c70-b483-c89f3f47c938,491,15,0,0,4,0,1,1,1,1791421181
2026-10-08T01:01:59+00:00,2026-10-08T01:03:22.545576+00:00,e49a5b83-2c9c-4610-a48b-89cfea172c8f,504,6,0,0,5,0,1,1,1,1791421177
2026-10-08T01:01:59+00:00,2026-10-08T01:03:22.545576+00:00,f8346a3c-0de8-11e7-991c-3863bb43a7d0,10,0,0,2,9,0,1,1,1,1791421178
2026-10-08T01:01:59+00:00,2026-10-08T01:03:22.545576+00:00,f834b50a-0de8-11e7-991c-3863bb43a7d0,102,10,2,0,5,0,1,1,1,1791421215
2026-10-08T01:01:59+00:00,2026-10-08T01:03:22.545576+00:00,2100948177843249670,2100948177843249670,8,5,0,3,0,1,1,1,1791421218
2026-10-08T01:01:59+00:00,2026-10-08T01:03:22.545576+00:00,3de6e5da-9702-4623-8683-26abd98012a8,525,4,0,0,8,0,1,1,1,1791421220
2026-10-08T01:01:59+00:00,2026-10-08T01:03:22.545576+00:00,f8346c01-0de8-11e7-991c-3863bb43a7d0,13,3,3,0,16,0,1,1,1,1791421223
2026-10-08T01:01:59+00:00,2026-10-08T01:03:22.545576+00:00,f8348021-0de8-11e7-991c-3863bb43a7d0,39,23,1,0,4,0,1,1,1,1791421222
2026-10-08T01:01:59+00:00,2026-10-08T01:03:22.545576+00:00,7dd0fc98-c1dd-4c93-9c1d-4bbdf5f93346,473,14,9,0,0,0,1,1,1,1791421221
2026-10-08T01:01:59+00:00,2026-10-08T01:03:22.545576+00:00,1961066392414132348,1961066392414132348,1,1,0,18,0,1,1,1,1791421223
2026-10-08T01:01:59+00:00,2026-10-08T01:03:22.545576+00:00,af066ffd-b892-434f-8532-1982fc408780,480,7,1,0,4,0,1,1,1,1791421235
2026-10-08T01:01:59+00:00,2026-10-08T01:03:22.545576+00:00,13681246-4bf8-444a-a908-fa165e4ad298,329,12,2,2,1,0,1,1,1,1791421239
2026-10-08T01:01:59+00:00,2026-10-08T01:03:22.545576+00:00,2223046412750968128,2223046412750968128,4,1,0,15,0,1,1,1,1791421242
2026-10-08T01:01:59+00:00,2026-10-08T01:03:22.545576+00:00,f83514f9-0de8-11e7-991c-3863bb43a7d0,180,9,0,2,8,0,1,1,1,1791421243
2026-10-08T01:01:59+00:00,2026-10-08T01:03:22.545576+00:00,be7e7068-b85f-42c1-8ea1-e1d64e531323,be7e7068-b85f-42c1-8ea1-e1d64e531323,10,5,0,5,0,1,1,1,1791421242
2026-10-08T01:01:59+00:00,2026-10-08T01:03:22.545576+00:00,f8353277-0de8-11e7-991c-3863bb43a7d0,218,0,0,0,15,0,1,1,1,1791421239
2026-10-08T01:01:59+00:00,2026-10-08T01:03:22.545576+00:00,f834d064-0de8-11e7-991c-3863bb43a7d0,118,7,1,0,12,0,1,1,1,1791421240
2026-10-08T01:01:59+00:00,2026-10-08T01:03:22.545576+00:00,a3b94ed8-8301-4ec6-baf2-64ac493b5106,529,1,0,0,13,0,1,1,1,1791421240
2026-10-08T01:01:59+00:00,2026-10-08T01:03:22.545576+00:00,b5894555-30a3-46db-918a-fdeb083d6001,336,11,6,1,3,0,1,1,1,1791421242
2026-10-08T01:01:59+00:00,2026-10-08T01:03:22.545576+00:00,2113560016964645240,2113560016964645240,8,0,1,10,0,1,1,1,1791421255
2026-10-08T01:01:59+00:00,2026-10-08T01:03:22.545576+00:00,f8352306-0de8-11e7-991c-3863bb43a7d0,199,8,2,1,6,0,1,1,1,1791421258
2026-10-08T01:01:59+00:00,2026-10-08T01:03:22.545576+00:00,a51b429f-bf06-425a-b3fe-b3155aa6468c,a51b429f-bf06-425a-b3fe-b3155aa6468c,10,2,0,1,0,1,1,1,1791421256
2026-10-08T01:01:59+00:00,2026-10-08T01:03:22.545576+00:00,f834db9b-0de8-11e7-991c-3863bb43a7d0,121,14,5,0,3,0,1,1,1,1791421256
2026-10-08T01:01:59+00:00,2026-10-08T01:03:22.545576+00:00,f8351e42-0de8-11e7-991c-3863bb43a7d0,189,1,0,0,22,0,1,1,1,1791421259
2026-10-08T01:01:59+00:00,2026-10-08T01:03:22.545576+00:00,2126939746529359956,2126939746529359956,9,4,0,10,0,1,1,1,1791421260
2026-10-08T01:01:59+00:00,2026-10-08T01:03:22.545576+00:00,dd05a440-f881-410c-a071-864da11c634a,318,0,0,0,19,0,1,1,1,1791421255
2026-10-08T01:01:59+00:00,2026-10-08T01:03:22.545576+00:00,f834b652-0de8-11e7-991c-3863bb43a7d0,104,9,2,1,9,0,1,1,1,1791421279
2026-10-08T01:01:59+00:00,2026-10-08T01:03:22.545576+00:00,082262bd-086b-46c7-83ce-eed2b39142ff,416,0,0,0,14,0,1,1,1,1791421275
2026-10-08T01:01:59+00:00,2026-10-08T01:03:22.545576+00:00,1e3beeb4-f8e1-452c-93e5-48df78d4b313,334,10,4,0,8,0,1,1,1,1791421275
2026-10-08T01:01:59+00:00,2026-10-08T01:03:22.545576+00:00,f8352a4d-0de8-11e7-991c-3863bb43a7d0,212,14,0,2,16,0,1,1,1,1791421276
2026-10-08T01:01:59+00:00,2026-10-08T01:03:22.545576+00:00,dc770287-c70c-43ea-a635-39f3dc6b09cd,dc770287-c70c-43ea-a635-39f3dc6b09cd,11,4,0,0,0,1,1,1,1791421276
2026-10-08T01:01:59+00:00,2026-10-08T01:03:22.545576+00:00,2248987790637065652,2248987790637065652,12,2,0,0,0,1,1,1,1791421245
2026-10-08T01:01:59+00:00,2026-10-08T01:03:22.545576+00:00,0cb6d635-6a7d-4d75-89b4-36b12616be12,432,9,5,0,10,0,1,1,1,1791421276
2026-10-08T01:01:59+00:00,2026-10-08T01:03:22.545576+00:00,f8350c56-0de8-11e7-991c-3863bb43a7d0,161,15,2,0,8,0,1,1,1,1791421276
2026-10-08T01:01:59+00:00,2026-10-08T01:03:22.545576+00:00,a439fff7-8630-464c-b277-efca6f6bc664,531,12,4,2,0,0,1,1,1,1791421277
2026-10-08T01:01:59+00:00,2026-10-08T01:03:22.545576+00:00,4caf6e93-ddd7-4b6f-9e61-f9df1206ac92,4caf6e93-ddd7-4b6f-9e61-f9df1206ac92,13,10,0,6,0,1,1,1,1791421275
2026-10-08T01:01:59+00:00,2026-10-08T01:03:22.545576+00:00,0bc49982-74e9-4bbf-9991-e3d809d6319e,530,11,5,0,8,0,1,1,1,1791421275
2026-10-08T01:01:59+00:00,2026-10-08T01:03:22.545576+00:00,2111332861978124760,2111332861978124760,3,1,1,12,0,1,1,1,1791421280
2026-10-08T01:01:59+00:00,2026-10-08T01:03:22.545576+00:00,3a6d94a7-9fee-41c5-b8cc-a8487c5e691b,549,22,1,0,1,0,1,1,1,1791421280
2026-10-08T01:01:59+00:00,2026-10-08T01:03:22.545576+00:00,dd8dee9d-d044-41d6-9371-8463cf9c671b,526,6,3,0,8,1,1,1,1,1791421280
2026-10-08T01:01:59+00:00,2026-10-08T01:03:22.545576+00:00,2080157934789007958,2080157934789007958,16,2,2,1,0,1,1,1,1791421281
2026-10-08T01:01:59+00:00,2026-10-08T01:03:22.545576+00:00,25cc602a-152a-4abe-9df8-a131d0a5d94b,235,12,6,0,2,0,1,1,1,1791421280
2026-10-08T01:01:59+00:00,2026-10-08T01:03:22.545576+00:00,2115804056935012722,2115804056935012722,0,0,0,18,0,1,1,1,1791421280
2026-10-08T01:01:59+00:00,2026-10-08T01:03:22.545576+00:00,f8347361-0de8-11e7-991c-3863bb43a7d0,26,10,0,0,5,0,1,1,1,1791421280
2026-10-08T01:01:59+00:00,2026-10-08T01:03:22.545576+00:00,3b158c7a-a362-43ae-af1f-121b78be32d7,483,6,2,1,10,0,1,1,1,1791421283
2026-10-08T01:01:59+00:00,2026-10-08T01:03:22.545576+00:00,2136546016037880534,2136546016037880534,4,1,0,11,0,1,1,1,1791421284
2026-10-08T01:01:59+00:00,2026-10-08T01:03:22.545576+00:00,f83472d3-0de8-11e7-991c-3863bb43a7d0,25,15,2,0,0,0,1,1,1,1791421175
2026-10-08T01:01:59+00:00,2026-10-08T01:03:22.545576+00:00,c98f50f6-1901-4c64-b164-8cf33245e022,282,16,1,1,0,1,1,1,1,1791421284
2026-10-08T01:01:59+00:00,2026-10-08T01:03:22.545576+00:00,f83487f0-0de8-11e7-991c-3863bb43a7d0,54,2,0,0,13,0,1,1,1,1791421264
2026-10-08T01:01:59+00:00,2026-10-08T01:03:22.545576+00:00,ee18dbd6-05b8-4d38-a120-f84c3499a77e,519,5,1,0,6,0,1,1,1,1791421263
2026-10-08T01:01:59+00:00,2026-10-08T01:03:22.545576+00:00,f8349de4-0de8-11e7-991c-3863bb43a7d0,80,0,0,0,34,0,1,1,1,1791421260
2026-10-08T01:01:59+00:00,2026-10-08T01:03:22.545576+00:00,1963273678015717438,1963273678015717438,4,2,0,15,0,1,1,1,1791421266
2026-10-08T01:01:59+00:00,2026-10-08T01:03:22.545576+00:00,f8348924-0de8-11e7-991c-3863bb43a7d0,57,13,0,0,1,0,1,1,1,1791421267
2026-10-08T01:01:59+00:00,2026-10-08T01:03:22.545576+00:00,f8349d6e-0de8-11e7-991c-3863bb43a7d0,79,16,1,0,2,0,1,1,1,1791421267
2026-10-08T01:01:59+00:00,2026-10-08T01:03:22.545576+00:00,c935cfb1-ef73-402e-9b86-83aaaac6534d,478,4,0,1,14,0,1,1,1,1791421266
2026-10-08T01:01:59+00:00,2026-10-08T01:03:22.545576+00:00,1994461916590643872,1994461916590643872,10,2,1,0,0,1,1,1,1791421267
2026-10-08T01:01:59+00:00,2026-10-08T01:03:22.545576+00:00,2171110977443594588,2171110977443594588,8,0,1,6,0,1,1,1,1791421269
2026-10-08T01:01:59+00:00,2026-10-08T01:03:22.545576+00:00,f8351ff1-0de8-11e7-991c-3863bb43a7d0,193,10,2,1,4,0,1,1,1,1791421269
2026-10-08T01:01:59+00:00,2026-10-08T01:03:22.545576+00:00,2131714490587826928,2131714490587826928,11,8,2,3,0,1,1,1,1791421253
2026-10-08T01:01:59+00:00,2026-10-08T01:03:22.545576+00:00,efd724b2-31cb-4aec-b9d9-8ab79271630c,493,9,0,0,8,0,1,1,1,1791421246
2026-10-08T01:01:59+00:00,2026-10-08T01:03:22.545576+00:00,f834a32d-0de8-11e7-991c-3863bb43a7d0,86,18,2,1,6,0,1,1,1,1791421250
2026-10-08T01:01:59+00:00,2026-10-08T01:03:22.545576+00:00,2256120653476329202,2256120653476329202,13,1,0,2,0,1,1,1,1791421272
2026-10-08T01:01:59+00:00,2026-10-08T01:03:22.545576+00:00,3dbbb3cb-b52d-46f8-8f9c-db11e83d081c,327,10,6,0,5,0,1,1,1,1791421272
2026-10-08T01:01:59+00:00,2026-10-08T01:03:22.545576+00:00,634b697d-0e64-4102-8849-abac7a7f8e35,455,5,1,0,7,0,1,1,1,1791421272
2026-10-08T01:01:59+00:00,2026-10-08T01:03:22.545576+00:00,f835259f-0de8-11e7-991c-3863bb43a7d0,205,3,2,1,11,0,1,1,1,1791421272
2026-10-08T01:01:59+00:00,2026-10-08T01:03:22.545576+00:00,2120986392451359068,2120986392451359068,6,0,0,13,0,1,1,1,1791421287
2026-10-08T01:01:59+00:00,2026-10-08T01:03:22.545576+00:00,f834fb66-0de8-11e7-991c-3863bb43a7d0,139,17,3,1,1,0,1,1,1,1791421287
2026-10-08T01:01:59+00:00,2026-10-08T01:03:22.545576+00:00,2079440939380771716,2079440939380771716,1,1,1,9,0,1,1,1,1791421290
2026-10-08T01:01:59+00:00,2026-10-08T01:03:22.545576+00:00,2158217922577811100,2158217922577811100,5,0,0,14,0,1,1,1,1791421289
2026-10-08T01:01:59+00:00,2026-10-08T01:03:22.545576+00:00,f8349672-0de8-11e7-991c-3863bb43a7d0,72,0,0,0,23,0,1,1,1,1791421290
2026-10-08T01:01:59+00:00,2026-10-08T01:03:22.545576+00:00,fae99a0c-e88a-4112-94d8-f655cf34e651,fae99a0c-e88a-4112-94d8-f655cf34e651,2,0,2,15,0,1,1,1,1791421289
2026-10-08T01:01:59+00:00,2026-10-08T01:03:22.545576+00:00,e3f5d039-a49e-4b3b-ab4d-4efbef2068c6,e3f5d039-a49e-4b3b-ab4d-4efbef2068c6,13,3,1,8,0,1,1,1,1791421288
2026-10-08T01:01:59+00:00,2026-10-08T01:03:22.545576+00:00,fbb9b58c-2b92-4bcf-8e4c-a982e40d2f39,221,1,0,1,17,0,1,1,1,1791421285
2026-10-08T01:01:59+00:00,2026-10-08T01:03:22.545576+00:00,ee0fa23e-a6c2-474d-a6ef-bf581d63f1ae,ee0fa23e-a6c2-474d-a6ef-bf581d63f1ae,4,0,0,7,0,1,1,1,1791421285
2026-10-08T01:01:59+00:00,2026-10-08T01:03:22.545576+00:00,f8348857-0de8-11e7-991c-3863bb43a7d0,55,7,1,0,8,0,1,1,1,1791421296
2026-10-08T01:01:59+00:00,2026-10-08T01:03:22.545576+00:00,4764641e-b080-4c70-a1e1-049de81e09d0,273,26,4,3,12,0,1,1,1,1791421296
2026-10-08T01:01:59+00:00,2026-10-08T01:03:22.545576+00:00,f835027c-0de8-11e7-991c-3863bb43a7d0,152,9,0,0,18,0,1,1,1,1791421297
2026-10-08T01:01:59+00:00,2026-10-08T01:03:22.545576+00:00,a9d13461-7f0f-47b0-9a97-8ec9e9792865,533,18,2,1,0,0,1,1,1,1791421294
2026-10-08T01:01:59+00:00,2026-10-08T01:03:22.545576+00:00,3f4f4ad4-a715-43d5-828f-f8381f26b66a,390,9,0,0,5,1,1,1,1,1791421294
2026-10-08T01:01:59+00:00,2026-10-08T01:03:22.545576+00:00,f4a64c30-b97f-4ae5-b531-a11698b558d7,562,6,2,0,3,0,1,1,1,1791421290
2026-10-08T01:01:59+00:00,2026-10-08T01:03:22.545576+00:00,68323451-daf0-4532-a6cb-b070e3ef358f,68323451-daf0-4532-a6cb-b070e3ef358f,4,0,0,15,0,1,1,1,1791421291
2026-10-08T01:01:59+00:00,2026-10-08T01:03:22.545576+00:00,2004828637786472956,2004828637786472956,9,2,0,10,0,1,1,1,1791421295
2026-10-08T01:01:59+00:00,2026-10-08T01:03:22.545576+00:00,f8350be5-0de8-11e7-991c-3863bb43a7d0,160,0,0,1,13,0,1,1,1,1791421296
2026-10-08T01:01:59+00:00,2026-10-08T01:03:22.545576+00:00,f834fda2-0de8-11e7-991c-3863bb43a7d0,143,6,0,0,17,0,1,1,1,1791421295
2026-10-08T01:01:59+00:00,2026-10-08T01:03:22.545576+00:00,2071724371800490690,2071724371800490690,10,2,0,10,0,1,1,1,1791421292
2026-10-08T01:01:59+00:00,2026-10-08T01:03:22.545576+00:00,f8352150-0de8-11e7-991c-3863bb43a7d0,196,2,2,0,8,0,1,1,1,1791421293
2026-10-08T01:01:59+00:00,2026-10-08T01:03:22.545576+00:00,2124668538068359456,2124668538068359456,13,0,0,6,0,1,1,1,1791421294
2026-10-08T01:01:59+00:00,2026-10-08T01:03:22.545576+00:00,2fded452-cbd0-4248-b008-f8a61ed9a85f,2fded452-cbd0-4248-b008-f8a61ed9a85f,2,1,0,13,0,1,1,1,1791421293
2026-10-08T01:01:59+00:00,2026-10-08T01:03:22.545576+00:00,2002247509585342522,2002247509585342522,7,1,0,4,0,1,1,1,1791421292
2026-10-08T01:01:59+00:00,2026-10-08T01:03:22.545576+00:00,d81e16e2-a410-4a0b-b5ae-b72748fc9781,d81e16e2-a410-4a0b-b5ae-b72748fc9781,9,0,0,10,0,1,1,1,1791421293
2026-10-08T01:01:59+00:00,2026-10-08T01:03:22.545576+00:00,2012646293885032702,2012646293885032702,18,0,0,6,0,1,1,1,1791421298
2026-10-08T01:01:59+00:00,2026-10-08T01:03:22.545576+00:00,2220822464984366036,2220822464984366036,5,2,0,7,0,1,1,1,1791421126
2026-10-08T01:01:59+00:00,2026-10-08T01:03:22.545576+00:00,aa556ad4-0092-4687-96c2-8dbc69addb56,485,2,1,2,7,0,1,1,1,1791421223
2026-10-08T01:01:59+00:00,2026-10-08T01:03:22.545576+00:00,2007420398783036020,2007420398783036020,6,0,0,14,0,1,1,1,1791421226
2026-10-08T01:01:59+00:00,2026-10-08T01:03:22.545576+00:00,f83481c5-0de8-11e7-991c-3863bb43a7d0,42,5,0,0,25,0,1,1,1,1791421227
2026-10-08T01:01:59+00:00,2026-10-08T01:03:22.545576+00:00,f83471a1-0de8-11e7-991c-3863bb43a7d0,23,0,0,0,24,1,1,1,1,1791421223
2026-10-08T01:01:59+00:00,2026-10-08T01:03:22.545576+00:00,f834ec42-0de8-11e7-991c-3863bb43a7d0,131,16,1,1,1,0,1,1,1,1791421231
2026-10-08T01:01:59+00:00,2026-10-08T01:03:22.545576+00:00,2014558273483754010,2014558273483754010,14,3,0,5,0,1,1,1,1791421231
2026-10-08T01:01:59+00:00,2026-10-08T01:03:22.545576+00:00,12141b77-6e5f-444b-bace-2abf16db4fee,12141b77-6e5f-444b-bace-2abf16db4fee,9,5,0,2,0,1,1,1,1791421237
2026-10-08T01:01:59+00:00,2026-10-08T01:03:22.545576+00:00,2271594282663217386,2271594282663217386,3,3,0,8,0,1,1,1,1791421238
2026-10-08T01:01:59+00:00,2026-10-08T01:03:22.545576+00:00,6e340d8e-45db-4fd9-b6eb-b74ec73b0d3e,535,5,1,3,7,0,1,1,1,1791421236
2026-10-08T01:01:59+00:00,2026-10-08T01:03:22.545576+00:00,2109111257926871498,2109111257926871498,17,5,0,2,0,1,1,1,1791421233
2026-10-08T01:01:59+00:00,2026-10-08T01:03:22.545576+00:00,4c128753-6fde-4d4c-896e-a1adf89ada98,4c128753-6fde-4d4c-896e-a1adf89ada98,2,1,2,20,1,1,1,1,1791421233
2026-10-08T01:01:59+00:00,2026-10-08T01:03:22.545576+00:00,81bfc33b-30d8-4881-b261-712715a8b2bc,363,12,0,0,5,1,1,1,1,1791421237
2026-10-08T01:01:59+00:00,2026-10-08T01:03:22.545576+00:00,9c8366d8-3b58-4894-b281-09e22f6fe5f7,464,11,4,0,0,0,1,1,1,1791421242
2026-10-08T01:01:59+00:00,2026-10-08T01:03:22.545576+00:00,be18593a-9e4c-4a13-8bb2-a5bac3d9b2b3,547,11,3,0,7,0,1,1,1,1791421239
2026-10-08T01:01:59+00:00,2026-10-08T01:03:22.545576+00:00,47c44bb1-d065-41f5-ad79-c18aee60af34,342,6,1,0,9,0,1,1,1,1791421239
2026-10-08T01:01:59+00:00,2026-10-08T01:03:22.545576+00:00,00802fe6-4268-4dc8-8f55-0dbbc1665ce6,515,13,2,0,6,0,1,1,1,1791421241
2026-10-08T01:01:59+00:00,2026-10-08T01:03:22.545576+00:00,f834ab92-0de8-11e7-991c-3863bb43a7d0,95,14,0,0,1,0,1,1,1,1791421242
2026-10-08T01:01:59+00:00,2026-10-08T01:03:22.545576+00:00,f8350204-0de8-11e7-991c-3863bb43a7d0,151,1,0,0,18,0,1,1,1,1791421245
2026-10-08T01:01:59+00:00,2026-10-08T01:03:22.545576+00:00,f834ea45-0de8-11e7-991c-3863bb43a7d0,130,7,2,1,7,0,1,1,1,1791421247
2026-10-08T01:01:59+00:00,2026-10-08T01:03:22.545576+00:00,f834a7d1-0de8-11e7-991c-3863bb43a7d0,91,1,0,1,17,0,1,1,1,1791421246
2026-10-08T01:01:59+00:00,2026-10-08T01:03:22.545576+00:00,1989983491501558234,1989983491501558234,1,0,0,10,0,1,1,1,1791421244
2026-10-08T01:01:59+00:00,2026-10-08T01:03:22.545576+00:00,186accbb-6a08-4e1d-b267-9033c4443a56,401,9,1,0,6,0,1,1,1,1791421248
2026-10-08T01:01:59+00:00,2026-10-08T01:03:22.545576+00:00,bd3d4824-7203-4edc-a314-cea2b413e886,319,9,1,0,17,1,1,1,1,1791421244
2026-10-08T01:01:59+00:00,2026-10-08T01:03:22.545576+00:00,f8347b1e-0de8-11e7-991c-3863bb43a7d0,30,2,1,1,12,0,1,1,1,1791421186
2026-10-08T01:01:59+00:00,2026-10-08T01:03:22.545576+00:00,1942556871369959976,1942556871369959976,13,5,0,6,0,1,1,1,1791421180
2026-10-08T01:01:59+00:00,2026-10-08T01:03:22.545576+00:00,7feae3ce-ddf2-4a45-a123-1209c8a9182b,484,2,0,0,9,0,1,1,1,1791421196
2026-10-08T01:01:59+00:00,2026-10-08T01:03:22.545576+00:00,7c860828-3359-4229-b59b-963f5a4bab00,236,8,0,3,1,0,1,1,1,1791421191
2026-10-08T01:01:59+00:00,2026-10-08T01:03:22.545576+00:00,81676204-e42f-4d3d-991e-9c1264f36229,357,15,1,0,0,0,1,1,1,1791421194
2026-10-08T01:01:59+00:00,2026-10-08T01:03:22.545576+00:00,2123672938202825324,2123672938202825324,13,0,0,2,0,1,1,1,1791421193
2026-10-08T01:01:59+00:00,2026-10-08T01:03:22.545576+00:00,93381e13-cd04-4e10-ac81-9f5926aa01d5,333,7,1,1,17,0,1,1,1,1791421191
2026-10-08T01:01:59+00:00,2026-10-08T01:03:22.545576+00:00,8347c34d-68df-404b-ac58-7a387cc3ce4b,414,5,2,0,18,0,1,1,1,1791421222
2026-10-08T01:01:59+00:00,2026-10-08T01:03:22.545576+00:00,f8349e56-0de8-11e7-991c-3863bb43a7d0,81,1,1,0,18,0,1,1,1,1791421218
2026-10-08T01:01:59+00:00,2026-10-08T01:03:22.545576+00:00,f8350a84-0de8-11e7-991c-3863bb43a7d0,157,0,0,1,14,0,1,1,1,1791421219
2026-10-08T01:01:59+00:00,2026-10-08T01:03:22.545576+00:00,d1c0b0c2-6e4c-424e-a946-a2a95a711633,422,5,1,0,10,0,1,1,1,1791421217
2026-10-08T01:01:59+00:00,2026-10-08T01:03:22.545576+00:00,f83480a9-0de8-11e7-991c-3863bb43a7d0,40,24,1,0,7,0,1,1,1,1791421251
2026-10-08T01:01:59+00:00,2026-10-08T01:03:22.545576+00:00,5bbdd12f-fec4-4741-9d5d-4a60834c5d02,377,4,2,0,15,0,1,1,1,1791421251
2026-10-08T01:01:59+00:00,2026-10-08T01:03:22.545576+00:00,2d32e355-faee-407b-9bb7-45d80ffb059a,2d32e355-faee-407b-9bb7-45d80ffb059a,0,0,0,19,0,1,1,1,1791421252
2026-10-08T01:01:59+00:00,2026-10-08T01:03:22.545576+00:00,c5017e67-cada-4549-a52e-0f13dddd289d,424,4,2,0,15,0,1,1,1,1791421247
2026-10-08T01:01:59+00:00,2026-10-08T01:03:22.545576+00:00,1921360868231155718,1921360868231155718,0,0,1,18,0,1,1,1,1791421186
2026-10-08T01:01:59+00:00,2026-10-08T01:03:22.545576+00:00,0b0467c1-0c90-4529-a556-fe4d57835bbb,435,13,11,0,1,1,1,1,1,1791421186
2026-10-08T01:01:59+00:00,2026-10-08T01:03:22.545576+00:00,f834b99d-0de8-11e7-991c-3863bb43a7d0,107,0,0,1,18,0,1,1,1,1791421187
2026-10-08T01:01:59+00:00,2026-10-08T01:03:22.545576+00:00,42886366-9cbf-432c-ba84-beef38877c87,408,14,4,1,0,0,1,1,1,1791421189
2026-10-08T01:01:59+00:00,2026-10-08T01:03:22.545576+00:00,f83529e2-0de8-11e7-991c-3863bb43a7d0,211,9,1,1,5,0,1,1,1,1791421191
2026-10-08T01:01:59+00:00,2026-10-08T01:03:22.545576+00:00,2254164250455119196,2254164250455119196,6,6,0,9,0,1,1,1,1791421160
2026-10-08T01:01:59+00:00,2026-10-08T01:03:22.545576+00:00,f834a3a0-0de8-11e7-991c-3863bb43a7d0,87,15,4,0,0,0,1,1,1,1791421196
2026-10-08T01:01:59+00:00,2026-10-08T01:03:22.545576+00:00,2225590560002383786,2225590560002383786,0,0,0,15,0,1,1,1,1791421196
2026-10-08T01:01:59+00:00,2026-10-08T01:03:22.545576+00:00,f8285d4f-5053-4e26-bb28-72016fe11353,405,12,0,1,6,0,1,1,1,1791421196
2026-10-08T01:01:59+00:00,2026-10-08T01:03:22.545576+00:00,2130224177726511580,2130224177726511580,7,0,0,8,0,1,1,1,1791421202
2026-10-08T01:01:59+00:00,2026-10-08T01:03:22.545576+00:00,f83515d8-0de8-11e7-991c-3863bb43a7d0,182,15,0,0,4,0,1,1,1,1791421201
2026-10-08T01:01:59+00:00,2026-10-08T01:03:22.545576+00:00,0daf7408-7a15-4d2b-8c39-f1a097cdbe85,403,14,2,0,1,0,1,1,1,1791421203
2026-10-08T01:01:59+00:00,2026-10-08T01:03:22.545576+00:00,f834f8ca-0de8-11e7-991c-3863bb43a7d0,137,16,9,0,3,0,1,1,1,1791421206
2026-10-08T01:01:59+00:00,2026-10-08T01:03:22.545576+00:00,e2c306f6-82c7-4d0d-89fd-c9452d2f9ad1,361,18,2,1,24,0,1,1,1,1791421211
2026-10-08T01:01:59+00:00,2026-10-08T01:03:22.545576+00:00,fe534b6f-61ad-47d3-b9f6-cdaa128f53a4,395,4,0,2,9,0,1,1,1,1791421209
2026-10-08T01:01:59+00:00,2026-10-08T01:03:22.545576+00:00,f8352ac4-0de8-11e7-991c-3863bb43a7d0,213,5,0,3,6,0,1,1,1,1791421208
2026-10-08T01:01:59+00:00,2026-10-08T01:03:22.545576+00:00,f834a838-0de8-11e7-991c-3863bb43a7d0,92,15,0,0,3,0,1,1,1,1791421211
2026-10-08T01:01:59+00:00,2026-10-08T01:03:22.545576+00:00,2071630998981871920,2071630998981871920,12,4,1,7,0,1,1,1,1791421212
2026-10-08T01:01:59+00:00,2026-10-08T01:03:22.545576+00:00,7df1ee28-441e-44c1-8507-8f58946be96b,239,6,0,0,9,0,1,1,1,1791421213
2026-10-08T01:01:59+00:00,2026-10-08T01:03:22.545576+00:00,1976642295079838524,1976642295079838524,8,0,1,2,0,1,1,1,1791421215
2026-10-08T01:01:59+00:00,2026-10-08T01:03:22.545576+00:00,f8351490-0de8-11e7-991c-3863bb43a7d0,179,13,1,3,36,1,1,1,1,1791421216
2026-10-08T01:01:59+00:00,2026-10-08T01:03:22.545576+00:00,f8346f6f-0de8-11e7-991c-3863bb43a7d0,19,10,2,0,4,0,1,1,1,1791421215
2026-10-08T01:01:59+00:00,2026-10-08T01:03:22.545576+00:00,9e9be067-c6bb-41de-9491-eda69d24d6de,371,10,6,0,8,1,1,1,1,1791421214
2026-10-08T01:01:59+00:00,2026-10-08T01:03:22.545576+00:00,2129865213174084448,2129865213174084448,13,5,0,6,0,1,1,1,1791421257
2026-10-08T01:01:59+00:00,2026-10-08T01:03:22.545576+00:00,53548ba4-ad0a-4d92-8e57-fd5c9f3ad102,399,4,0,0,11,0,1,1,1,1791421258
2026-10-08T01:01:59+00:00,2026-10-08T01:03:22.545576+00:00,c202f2ca-ec1d-4dc5-a734-e0a342f23ba4,279,22,5,1,0,0,1,1,1,1791421254
2026-10-08T01:01:59+00:00,2026-10-08T01:03:22.545576+00:00,228b8017-e4da-4722-9223-b8279a14b8ad,448,0,0,0,10,0,1,1,1,1791421257
2026-10-08T01:01:59+00:00,2026-10-08T01:03:22.545576+00:00,f8348a68-0de8-11e7-991c-3863bb43a7d0,60,2,0,0,16,0,1,1,1,1791421259
2026-10-08T01:01:59+00:00,2026-10-08T01:03:22.545576+00:00,a75d3da1-ce74-447f-8e80-52506a81aff3,a75d3da1-ce74-447f-8e80-52506a81aff3,8,4,0,3,0,1,1,1,1791421259
2026-10-08T01:01:59+00:00,2026-10-08T01:03:22.545576+00:00,f835108b-0de8-11e7-991c-3863bb43a7d0,170,1,0,0,13,0,1,1,1,1791421281
2026-10-08T01:01:59+00:00,2026-10-08T01:03:22.545576+00:00,eb8824c3-9c84-4fec-8d6f-d537c8ab3beb,349,13,10,0,3,1,1,1,1,1791421282
2026-10-08T01:01:59+00:00,2026-10-08T01:03:22.545576+00:00,f834658f-0de8-11e7-991c-3863bb43a7d0,4,16,1,0,3,0,1,1,1,1791421280
2026-10-08T01:01:59+00:00,2026-10-08T01:03:22.545576+00:00,f83489ff-0de8-11e7-991c-3863bb43a7d0,59,0,0,0,18,1,1,1,1,1791421281
2026-10-08T01:01:59+00:00,2026-10-08T01:03:22.545576+00:00,2076849845777355316,2076849845777355316,20,0,2,7,3,1,1,1,1791421281
2026-10-08T01:01:59+00:00,2026-10-08T01:03:22.545576+00:00,2212663228188806942,2212663228188806942,11,1,0,13,0,1,1,1,1791421279
2026-10-08T01:01:59+00:00,2026-10-08T01:03:22.545576+00:00,74cb9bf6-bb53-4c70-88d2-67998b99628c,296,23,10,0,0,0,1,1,1,1791421279
2026-10-08T01:01:59+00:00,2026-10-08T01:03:22.545576+00:00,1978882443666915710,1978882443666915710,5,0,0,12,1,1,1,1,1791421279
2026-10-08T01:01:59+00:00,2026-10-08T01:03:22.545576+00:00,f8351726-0de8-11e7-991c-3863bb43a7d0,185,1,0,1,13,0,1,1,1,1791421276
2026-10-08T01:01:59+00:00,2026-10-08T01:03:22.545576+00:00,a83f982f-a4f1-43e4-98e8-c8f4a0bb7290,452,13,0,1,1,0,1,1,1,1791421278
2026-10-08T01:01:59+00:00,2026-10-08T01:03:22.545576+00:00,2245672241002318634,2245672241002318634,7,0,1,10,0,1,1,1,1791421278
2026-10-08T01:01:59+00:00,2026-10-08T01:03:22.545576+00:00,9cc65d3d-cfcc-45ff-8f75-7264556b1cf9,9cc65d3d-cfcc-45ff-8f75-7264556b1cf9,12,5,0,7,0,1,1,1,1791421283
2026-10-08T01:01:59+00:00,2026-10-08T01:03:22.545576+00:00,f834fc57-0de8-11e7-991c-3863bb43a7d0,140,15,3,0,2,0,1,1,1,1791421286
2026-10-08T01:01:59+00:00,2026-10-08T01:03:22.545576+00:00,2212258635631104970,2212258635631104970,3,1,0,20,0,1,1,1,1791421284
2026-10-08T01:01:59+00:00,2026-10-08T01:03:22.545576+00:00,f835260c-0de8-11e7-991c-3863bb43a7d0,206,5,0,0,35,0,1,1,1,1791421285
2026-10-08T01:01:59+00:00,2026-10-08T01:03:22.545576+00:00,f834fede-0de8-11e7-991c-3863bb43a7d0,144,6,0,0,13,0,1,1,1,1791421286
2026-10-08T01:01:59+00:00,2026-10-08T01:03:22.545576+00:00,2096125468116637776,2096125468116637776,14,0,0,1,0,1,1,1,1791421284
2026-10-08T01:01:59+00:00,2026-10-08T01:03:22.545576+00:00,2040842277416872172,2040842277416872172,1,0,0,15,0,1,1,1,1791421285
2026-10-08T01:01:59+00:00,2026-10-08T01:03:22.545576+00:00,4fe8e777-345b-4fc2-a684-dd874e8186d8,4fe8e777-345b-4fc2-a684-dd874e8186d8,0,0,8,0,7,1,1,1,1791421283
2026-10-08T01:01:59+00:00,2026-10-08T01:03:22.545576+00:00,f714390d-6874-43fa-a079-a07f83c79c7b,f714390d-6874-43fa-a079-a07f83c79c7b,6,0,0,5,0,1,1,1,1791421295
2026-10-08T01:01:59+00:00,2026-10-08T01:03:22.545576+00:00,f8352068-0de8-11e7-991c-3863bb43a7d0,194,9,1,0,10,0,1,1,1,1791421296
2026-10-08T01:01:59+00:00,2026-10-08T01:03:22.545576+00:00,f834824e-0de8-11e7-991c-3863bb43a7d0,43,0,0,0,15,0,1,1,1,1791421296
2026-10-08T01:01:59+00:00,2026-10-08T01:03:22.545576+00:00,2038981933682610536,2038981933682610536,8,3,0,8,0,1,1,1,1791421294
2026-10-08T01:01:59+00:00,2026-10-08T01:03:22.545576+00:00,1a39ab83-f029-4134-aad4-35380b30bf2c,1a39ab83-f029-4134-aad4-35380b30bf2c,3,0,0,16,0,1,1,1,1791421294
2026-10-08T01:01:59+00:00,2026-10-08T01:03:22.545576+00:00,ed6c012e-6d6c-41e7-8e01-90749fd67575,546,8,7,0,8,0,1,1,1,1791421294
2026-10-08T01:01:59+00:00,2026-10-08T01:03:22.545576+00:00,9340e113-e0b2-48ac-b58a-8b6f001b0a94,486,4,1,0,7,0,1,1,1,1791421295
2026-10-08T01:01:59+00:00,2026-10-08T01:03:22.545576+00:00,2104f242-2dde-4ec0-8197-4454b1021ac1,381,21,3,0,2,1,1,1,1,1791421297
2026-10-08T01:01:59+00:00,2026-10-08T01:03:22.545576+00:00,2035660824473983142,2035660824473983142,7,0,0,11,1,1,1,1,1791421297
2026-10-08T01:01:59+00:00,2026-10-08T01:03:22.545576+00:00,9f582e05-15e0-4a39-aef5-c719e0c78e26,466,2,1,2,7,0,1,1,1,1791421292
2026-10-08T01:01:59+00:00,2026-10-08T01:03:22.545576+00:00,f0f01d4c-ba4a-4ab2-9cc0-9fa1f9223300,394,4,1,0,10,0,1,1,1,1791421293
2026-10-08T01:01:59+00:00,2026-10-08T01:03:22.545576+00:00,f834ba08-0de8-11e7-991c-3863bb43a7d0,108,1,0,0,15,0,1,1,1,1791421293
2026-10-08T01:01:59+00:00,2026-10-08T01:03:22.545576+00:00,2098360140389493528,2098360140389493528,6,5,3,2,0,1,1,1,1791421268
2026-10-08T01:01:59+00:00,2026-10-08T01:03:22.545576+00:00,c1789d39-705f-4c03-9c14-4d6a3a4f4400,561,6,0,0,13,0,1,1,1,1791421268
2026-10-08T01:01:59+00:00,2026-10-08T01:03:22.545576+00:00,f834caf2-0de8-11e7-991c-3863bb43a7d0,114,7,1,0,8,0,1,1,1,1791421259
2026-10-08T01:01:59+00:00,2026-10-08T01:03:22.545576+00:00,065e0e5d-8a0d-49b7-9c1f-c8eaba51a8b4,490,12,4,1,5,0,1,1,1,1791421268
2026-10-08T01:01:59+00:00,2026-10-08T01:03:22.545576+00:00,52485851-e554-49de-ab9f-f536806d2d34,52485851-e554-49de-ab9f-f536806d2d34,4,4,1,5,0,1,1,1,1791421270
2026-10-08T01:01:59+00:00,2026-10-08T01:03:22.545576+00:00,2002579415401984808,2002579415401984808,6,2,0,5,0,1,1,1,1791421270
2026-10-08T01:01:59+00:00,2026-10-08T01:03:22.545576+00:00,2002248857751890568,2002248857751890568,9,6,1,1,0,1,1,1,1791421270
2026-10-08T01:01:59+00:00,2026-10-08T01:03:22.545576+00:00,2151136782588526782,2151136782588526782,4,1,0,7,0,1,1,1,1791421266
2026-10-08T01:01:59+00:00,2026-10-08T01:03:22.545576+00:00,13d4171b-6d93-490e-923f-f2a17d5c7613,13d4171b-6d93-490e-923f-f2a17d5c7613,3,1,0,8,0,1,1,1,1791421266
2026-10-08T01:01:59+00:00,2026-10-08T01:03:22.545576+00:00,f83520d8-0de8-11e7-991c-3863bb43a7d0,195,4,0,0,19,0,1,1,1,1791421269
2026-10-08T01:01:59+00:00,2026-10-08T01:03:22.545576+00:00,5f8ced09-665c-41e5-b67e-1e58fac21830,521,1,1,0,10,0,1,1,1,1791421267
2026-10-08T01:01:59+00:00,2026-10-08T01:03:22.545576+00:00,1676a6f7-c417-48d2-92e8-5ce21995efc3,374,0,0,0,18,0,1,1,1,1791421261
2026-10-08T01:01:59+00:00,2026-10-08T01:03:22.545576+00:00,f8351dc2-0de8-11e7-991c-3863bb43a7d0,188,10,3,0,5,0,1,1,1,1791421262
2026-10-08T01:01:59+00:00,2026-10-08T01:03:22.545576+00:00,4f25f6ef-236b-43b4-8a92-68a24db0504b,4f25f6ef-236b-43b4-8a92-68a24db0504b,12,5,0,2,0,1,1,1,1791421265
2026-10-08T01:01:59+00:00,2026-10-08T01:03:22.545576+00:00,eee3aab6-bd98-4d1f-8887-9c4e2adce482,eee3aab6-bd98-4d1f-8887-9c4e2adce482,10,4,1,0,0,1,1,1,1791421264
2026-10-08T01:01:59+00:00,2026-10-08T01:03:22.545576+00:00,bd1755dc-f26c-420e-85b3-fd025d0b5445,554,0,0,1,14,0,1,1,1,1791421263
2026-10-08T01:01:59+00:00,2026-10-08T01:03:22.545576+00:00,f8351eb0-0de8-11e7-991c-3863bb43a7d0,190,36,5,0,1,0,1,1,1,1791421265
2026-10-08T01:01:59+00:00,2026-10-08T01:03:22.545576+00:00,e32c0bb9-e85b-4764-b0fb-5c582cfd3a90,340,14,8,1,2,1,1,1,1,1791421273
2026-10-08T01:01:59+00:00,2026-10-08T01:03:22.545576+00:00,ad2fb6f2-921f-440c-83de-08be76e35c2a,468,2,0,1,11,0,1,1,1,1791421275
2026-10-08T01:01:59+00:00,2026-10-08T01:03:22.545576+00:00,f834dc46-0de8-11e7-991c-3863bb43a7d0,122,10,1,0,5,0,1,1,1,1791421274
2026-10-08T01:01:59+00:00,2026-10-08T01:03:22.545576+00:00,f83483f3-0de8-11e7-991c-3863bb43a7d0,46,0,0,1,38,0,1,1,1,1791421271
2026-10-08T01:01:59+00:00,2026-10-08T01:03:22.545576+00:00,f8352378-0de8-11e7-991c-3863bb43a7d0,200,9,0,0,10,0,1,1,1,1791421272
2026-10-08T01:01:59+00:00,2026-10-08T01:03:22.545576+00:00,fe6a64e7-c712-404c-85ae-ee77a37245b1,355,6,1,1,10,0,1,1,1,1791421273
2026-10-08T01:01:59+00:00,2026-10-08T01:03:22.545576+00:00,403c0f6c-d01a-4171-a7be-3aa4dbb0d7d1,407,5,3,2,11,0,1,1,1,1791421275
2026-10-08T01:01:59+00:00,2026-10-08T01:03:22.545576+00:00,2267959380696438832,2267959380696438832,7,0,0,4,0,1,1,1,1791421287
2026-10-08T01:01:59+00:00,2026-10-08T01:03:22.545576+00:00,2093488029445054742,2093488029445054742,0,0,0,28,0,1,1,1,1791421287
2026-10-08T01:01:59+00:00,2026-10-08T01:03:22.545576+00:00,f8349ed6-0de8-11e7-991c-3863bb43a7d0,82,17,4,1,7,0,1,1,1,1791421289
2026-10-08T01:01:59+00:00,2026-10-08T01:03:22.545576+00:00,ca76adb6-4c84-4484-9ec3-b411b81ddbef,ca76adb6-4c84-4484-9ec3-b411b81ddbef,4,0,2,13,0,1,1,1,1791421288
2026-10-08T01:01:59+00:00,2026-10-08T01:03:22.545576+00:00,c23a4c0d-7e43-4042-80e2-7c894d07763b,559,5,1,0,6,0,1,1,1,1791421291
2026-10-08T01:01:59+00:00,2026-10-08T01:03:22.545576+00:00,12d463d2-ce50-43bd-81b1-6be4dbdbbc1b,430,13,4,0,6,0,1,1,1,1791421292
2026-10-08T01:01:59+00:00,2026-10-08T01:03:22.545576+00:00,a3bf0bfe-198b-4160-a2fb-cc7d10cfb4cf,a3bf0bfe-198b-4160-a2fb-cc7d10cfb4cf,18,6,0,0,0,1,1,1,1791421290
2026-10-08T01:01:59+00:00,2026-10-08T01:03:22.545576+00:00,f834dedf-0de8-11e7-991c-3863bb43a7d0,124,7,3,1,6,0,1,1,1,1791421290
2026-10-08T01:01:59+00:00,2026-10-08T01:03:22.545576+00:00,2249419943962214726,2249419943962214726,6,1,0,13,0,1,1,1,1791421289
2026-10-08T01:01:59+00:00,2026-10-08T01:03:22.545576+00:00,2118368356250680236,2118368356250680236,1,0,0,15,0,1,1,1,1791421298
2026-10-08T01:01:59+00:00,2026-10-08T01:03:22.545576+00:00,f83512c9-0de8-11e7-991c-3863bb43a7d0,175,9,3,1,7,0,1,1,1,1791421297
2026-10-08T01:01:59+00:00,2026-10-08T01:03:22.545576+00:00,2131760674371160748,2131760674371160748,2,0,1,17,0,1,1,1,1791421299
2026-10-08T01:01:59+00:00,2026-10-08T01:03:22.545576+00:00,1df03e33-c105-4e53-b013-d20056cd57f8,1df03e33-c105-4e53-b013-d20056cd57f8,0,0,0,0,0,0,0,0,86400
2026-10-08T01:01:59+00:00,2026-10-08T01:03:22.545576+00:00,2227858849424910006,2227858849424910006,8,0,0,0,0,1,1,1,1791421151
2026-10-08T01:01:59+00:00,2026-10-08T01:03:22.545576+00:00,2087949096844032050,2087949096844032050,14,3,1,0,0,1,1,1,1791421166
2026-10-08T01:01:59+00:00,2026-10-08T01:03:22.545576+00:00,b205d2bb-bb76-49ac-8d14-85eec5a874d3,343,8,2,1,6,0,1,1,1,1791421201
2026-10-08T01:01:59+00:00,2026-10-08T01:03:22.545576+00:00,f2b83aa2-86cd-4904-a099-74bf2023f768,330,9,0,0,6,0,1,1,1,1791421204
2026-10-08T01:01:59+00:00,2026-10-08T01:03:22.545576+00:00,9bfa4a32-5598-46ea-a1a1-17b4c6ed9d84,431,10,2,0,5,0,1,1,1,1791421204
2026-10-08T01:01:59+00:00,2026-10-08T01:03:22.545576+00:00,e4678b17-face-42c3-9b5f-98418d31e3b6,e4678b17-face-42c3-9b5f-98418d31e3b6,11,3,0,0,0,1,1,1,1791421206
2026-10-08T01:01:59+00:00,2026-10-08T01:03:22.545576+00:00,f8346d23-0de8-11e7-991c-3863bb43a7d0,15,7,0,0,8,0,1,1,1,1791421208
2026-10-08T01:01:59+00:00,2026-10-08T01:03:22.545576+00:00,1986302395589722758,1986302395589722758,6,0,0,4,0,1,1,1,1791421207
2026-10-08T01:01:59+00:00,2026-10-08T01:03:22.545576+00:00,2085737662370069102,2085737662370069102,17,5,0,1,1,1,1,1,1791421208
2026-10-08T01:01:59+00:00,2026-10-08T01:03:22.545576+00:00,f83517fa-0de8-11e7-991c-3863bb43a7d0,187,7,3,0,8,0,1,1,1,1791421180
2026-10-08T01:01:59+00:00,2026-10-08T01:03:22.545576+00:00,2043911250700610106,2043911250700610106,0,0,0,15,0,1,1,1,1791421187
2026-10-08T01:01:59+00:00,2026-10-08T01:03:22.545576+00:00,2014865445230483952,2014865445230483952,7,2,0,10,0,1,1,1,1791421189
2026-10-08T01:01:59+00:00,2026-10-08T01:03:22.545576+00:00,1963613484180639992,1963613484180639992,17,2,0,2,0,1,1,1,1791421191
2026-10-08T01:01:59+00:00,2026-10-08T01:03:22.545576+00:00,2145094035874873892,2145094035874873892,2,1,2,15,0,1,1,1,1791421188
2026-10-08T01:01:59+00:00,2026-10-08T01:03:22.545576+00:00,f834b101-0de8-11e7-991c-3863bb43a7d0,97,6,1,1,11,1,1,1,1,1791421197
2026-10-08T01:01:59+00:00,2026-10-08T01:03:22.545576+00:00,f8350cc1-0de8-11e7-991c-3863bb43a7d0,162,0,0,0,15,0,1,1,1,1791421197
2026-10-08T01:01:59+00:00,2026-10-08T01:03:22.545576+00:00,aa964f5b-fadf-4fc1-8c91-84ee36e15f0d,341,15,0,0,0,0,1,1,1,1791421198
2026-10-08T01:01:59+00:00,2026-10-08T01:03:22.545576+00:00,8a404180-7c2e-4dbe-9489-c478ed959282,8a404180-7c2e-4dbe-9489-c478ed959282,0,0,2,17,0,1,1,1,1791421197
2026-10-08T01:01:59+00:00,2026-10-08T01:03:22.545576+00:00,6aebc664-1e3c-479f-8f65-2bae99215ed3,6aebc664-1e3c-479f-8f65-2bae99215ed3,6,4,0,5,0,1,1,1,1791421212
2026-10-08T01:01:59+00:00,2026-10-08T01:03:22.545576+00:00,1994054629753598708,1994054629753598708,12,3,0,2,0,1,1,1,1791421217
2026-10-08T01:01:59+00:00,2026-10-08T01:03:22.545576+00:00,f8347c41-0de8-11e7-991c-3863bb43a7d0,32,0,0,0,14,0,1,1,1,1791421218
2026-10-08T01:01:59+00:00,2026-10-08T01:03:22.545576+00:00,1cced911-b428-4cfd-81be-3a8f77ce7379,233,7,0,1,7,0,1,1,1,1791421218
2026-10-08T01:01:59+00:00,2026-10-08T01:03:22.545576+00:00,868ccc83-99e5-4faf-96eb-e1fae26b9741,481,5,1,0,14,0,1,1,1,1791421216
2026-10-08T01:01:59+00:00,2026-10-08T01:03:22.545576+00:00,f83513a7-0de8-11e7-991c-3863bb43a7d0,177,5,0,0,14,0,1,1,1,1791421216
2026-10-08T01:01:59+00:00,2026-10-08T01:03:22.545576+00:00,a6e0db4f-fc9b-42af-bfe0-36cc0259b717,446,1,1,1,14,0,1,1,1,1791421217
2026-10-08T01:01:59+00:00,2026-10-08T01:03:22.545576+00:00,7560f0e3-267b-4fb3-bbfa-6e02010cfcb7,225,17,1,0,2,0,1,1,1,1791421219
2026-10-08T01:01:59+00:00,2026-10-08T01:03:22.545576+00:00,8983c75a-12c1-4995-aedc-24c94bd895e3,384,2,0,0,17,0,1,1,1,1791421220
2026-10-08T01:01:59+00:00,2026-10-08T01:03:22.545576+00:00,2080205593583047424,2080205593583047424,11,0,0,5,0,1,1,1,1791421212
2026-10-08T01:01:59+00:00,2026-10-08T01:03:22.545576+00:00,d5349097-b478-4b3f-9c46-d8fbcf38e3f4,509,9,2,0,3,0,1,1,1,1791421220
2026-10-08T01:01:59+00:00,2026-10-08T01:03:22.545576+00:00,d22265a8-a6d7-4922-a6b5-4be738a9e5c4,392,4,1,0,11,0,1,1,1,1791421221
2026-10-08T01:01:59+00:00,2026-10-08T01:03:22.545576+00:00,1e1b40cd-8e00-4b74-b147-be6b23f5c9e7,385,3,0,0,12,0,1,1,1,1791421227
2026-10-08T01:01:59+00:00,2026-10-08T01:03:22.545576+00:00,2110984374959099994,2110984374959099994,7,2,0,13,0,1,1,1,1791421228
2026-10-08T01:01:59+00:00,2026-10-08T01:03:22.545576+00:00,ef6ef93b-488f-496b-afbf-3aedfd967129,517,3,2,0,12,0,1,1,1,1791421226
2026-10-08T01:01:59+00:00,2026-10-08T01:03:22.545576+00:00,2118728866631796788,2118728866631796788,4,0,0,11,0,1,1,1,1791421225
2026-10-08T01:01:59+00:00,2026-10-08T01:03:22.545576+00:00,61168d8b-20b7-46c8-8f08-6ae1f100c4e0,550,2,1,0,15,0,1,1,1,1791421226
2026-10-08T01:01:59+00:00,2026-10-08T01:03:22.545576+00:00,f83488be-0de8-11e7-991c-3863bb43a7d0,56,4,2,0,14,0,1,1,1,1791421227
2026-10-08T01:01:59+00:00,2026-10-08T01:03:22.545576+00:00,f8352ba8-0de8-11e7-991c-3863bb43a7d0,215,1,0,0,14,0,1,1,1,1791421229
2026-10-08T01:01:59+00:00,2026-10-08T01:03:22.545576+00:00,f8346ad7-0de8-11e7-991c-3863bb43a7d0,11,1,0,0,14,0,1,1,1,1791421225
2026-10-08T01:01:59+00:00,2026-10-08T01:03:22.545576+00:00,f834723b-0de8-11e7-991c-3863bb43a7d0,24,1,1,1,21,0,1,1,1,1791421228
2026-10-08T01:01:59+00:00,2026-10-08T01:03:22.545576+00:00,81323081-749c-44cf-ac62-0e6c64305c32,461,11,1,0,0,0,1,1,1,1791421229
2026-10-08T01:01:59+00:00,2026-10-08T01:03:22.545576+00:00,f8349440-0de8-11e7-991c-3863bb43a7d0,68,1,0,1,16,0,1,1,1,1791421229
2026-10-08T01:01:59+00:00,2026-10-08T01:03:22.545576+00:00,56817d8e-3a1c-431a-a529-1a600f80c364,366,15,2,0,12,0,1,1,1,1791421233
2026-10-08T01:01:59+00:00,2026-10-08T01:03:22.545576+00:00,51bb4381-dae4-4aeb-b213-0614b807be29,344,0,0,0,19,0,1,1,1,1791421233
2026-10-08T01:01:59+00:00,2026-10-08T01:03:22.545576+00:00,2141791438824588162,2141791438824588162,14,1,0,5,0,1,1,1,1791421233
2026-10-08T01:01:59+00:00,2026-10-08T01:03:22.545576+00:00,f834662c-0de8-11e7-991c-3863bb43a7d0,5,9,0,0,6,0,1,1,1,1791421233
2026-10-08T01:01:59+00:00,2026-10-08T01:03:22.545576+00:00,f8352b39-0de8-11e7-991c-3863bb43a7d0,214,4,1,1,8,1,1,1,1,1791421233
2026-10-08T01:01:59+00:00,2026-10-08T01:03:22.545576+00:00,1994466222105870452,1994466222105870452,4,1,2,5,0,1,1,1,1791421239
2026-10-08T01:01:59+00:00,2026-10-08T01:03:22.545576+00:00,f8347f09-0de8-11e7-991c-3863bb43a7d0,37,2,0,0,13,0,1,1,1,1791421239
2026-10-08T01:01:59+00:00,2026-10-08T01:03:22.545576+00:00,dede6d5f-7d62-496e-a8ca-d5a64afe39c1,544,14,6,0,1,0,1,1,1,1791421240
2026-10-08T01:01:59+00:00,2026-10-08T01:03:22.545576+00:00,f8350b76-0de8-11e7-991c-3863bb43a7d0,159,3,2,2,14,1,1,1,1,1791421241
2026-10-08T01:01:59+00:00,2026-10-08T01:03:22.545576+00:00,2027502297316997708,2027502297316997708,10,3,0,1,0,1,1,1,1791421246
2026-10-08T01:01:59+00:00,2026-10-08T01:03:22.545576+00:00,f8346803-0de8-11e7-991c-3863bb43a7d0,8,12,2,0,7,0,1,1,1,1791421245
2026-10-08T01:01:59+00:00,2026-10-08T01:03:22.545576+00:00,7f68a70d-af0e-450a-b7a8-ce621cd0c8c1,280,14,5,0,5,0,1,1,1,1791421245
2026-10-08T01:01:59+00:00,2026-10-08T01:03:22.545576+00:00,f834cfd8-0de8-11e7-991c-3863bb43a7d0,117,0,0,4,11,1,1,1,1,1791421244
2026-10-08T01:01:59+00:00,2026-10-08T01:03:22.545576+00:00,270ad97d-035d-472a-9827-76d3187afc56,402,14,4,1,0,0,1,1,1,1791421247
2026-10-08T01:01:59+00:00,2026-10-08T01:03:22.545576+00:00,903b9b5d-4244-43e4-8441-0d17f9a994f7,528,1,0,0,10,0,1,1,1,1791421248
2026-10-08T01:01:59+00:00,2026-10-08T01:03:22.545576+00:00,2119105928286481344,2119105928286481344,6,0,0,13,0,1,1,1,1791421247
2026-10-08T01:01:59+00:00,2026-10-08T01:03:22.545576+00:00,f8350ecf-0de8-11e7-991c-3863bb43a7d0,167,10,5,0,5,0,1,1,1,1791421249
2026-10-08T01:01:59+00:00,2026-10-08T01:03:22.545576+00:00,f83482d2-0de8-11e7-991c-3863bb43a7d0,44,2,0,0,29,0,1,1,1,1791421248
2026-10-08T01:01:59+00:00,2026-10-08T01:03:22.545576+00:00,c5cfd1ed-aa44-4e20-96bb-e334c96f0d68,376,9,0,0,6,0,1,1,1,1791421252
2026-10-08T01:01:59+00:00,2026-10-08T01:03:22.545576+00:00,f834c7a9-0de8-11e7-991c-3863bb43a7d0,112,10,5,0,5,0,1,1,1,1791421253
2026-10-08T01:01:59+00:00,2026-10-08T01:03:22.545576+00:00,f834a8a0-0de8-11e7-991c-3863bb43a7d0,93,11,0,1,19,0,1,1,1,1791421252
2026-10-08T01:01:59+00:00,2026-10-08T01:03:22.545576+00:00,68e5e79a-3c94-4848-b619-9c0829d7f687,475,13,1,1,1,0,1,1,1,1791421252
2026-10-08T01:01:59+00:00,2026-10-08T01:03:22.545576+00:00,f9524971-e9f9-4572-aebc-580e48de042f,f9524971-e9f9-4572-aebc-580e48de042f,17,3,0,2,0,1,1,1,1791421251
2026-10-08T01:01:59+00:00,2026-10-08T01:03:22.545576+00:00,25a9114f-66f0-427c-920f-5526ca84f056,346,7,3,0,8,0,1,1,1,1791421250
2026-10-08T01:01:59+00:00,2026-10-08T01:03:22.545576+00:00,f8346b6f-0de8-11e7-991c-3863bb43a7d0,12,0,0,0,27,0,1,1,1,1791421254
2026-10-08T01:01:59+00:00,2026-10-08T01:03:22.545576+00:00,2069389896750516900,2069389896750516900,11,0,0,9,0,1,1,1,1791421256
2026-10-08T01:01:59+00:00,2026-10-08T01:03:22.545576+00:00,2270454512964591136,2270454512964591136,2,0,0,17,0,1,1,1,1791421257
2026-10-08T01:01:59+00:00,2026-10-08T01:03:22.545576+00:00,f8349b20-0de8-11e7-991c-3863bb43a7d0,76,5,0,0,12,0,1,1,1,1791421257
2026-10-08T01:01:59+00:00,2026-10-08T01:03:22.545576+00:00,ccf82572-a142-4378-9a4b-5a51fcb4ef81,350,5,1,0,12,0,1,1,1,1791421253
2026-10-08T01:01:59+00:00,2026-10-08T01:03:22.545576+00:00,48abed77-c9ba-4a39-8a5c-6a1e9bb8a9a5,48abed77-c9ba-4a39-8a5c-6a1e9bb8a9a5,13,3,1,2,0,1,1,1,1791421254
2026-10-08T01:01:59+00:00,2026-10-08T01:03:22.545576+00:00,57716f8d-c9ee-4768-8872-71343ec3ffd8,514,3,0,2,14,0,1,1,1,1791421263
2026-10-08T01:01:59+00:00,2026-10-08T01:03:22.545576+00:00,f834a959-0de8-11e7-991c-3863bb43a7d0,94,6,6,0,4,0,1,1,1,1791421261
2026-10-08T01:01:59+00:00,2026-10-08T01:03:22.545576+00:00,baab0b05-a028-4147-8432-a2726c7e48ea,328,0,0,10,0,0,1,0,0,1791421261
2026-10-08T01:01:59+00:00,2026-10-08T01:03:22.545576+00:00,ea65c25f-0718-4f79-8588-c58b9fe3a105,226,14,4,0,0,1,1,1,1,1791421262
2026-10-08T01:01:59+00:00,2026-10-08T01:03:22.545576+00:00,b34694c2-c640-4f70-b196-1c357ab798e0,b34694c2-c640-4f70-b196-1c357ab798e0,12,4,0,3,0,1,1,1,1791421266
2026-10-08T01:01:59+00:00,2026-10-08T01:03:22.545576+00:00,f834e534-0de8-11e7-991c-3863bb43a7d0,128,5,1,0,14,0,1,1,1,1791421265
2026-10-08T01:01:59+00:00,2026-10-08T01:03:22.545576+00:00,888780ee-bf2f-474e-9622-6bc725aa1b00,888780ee-bf2f-474e-9622-6bc725aa1b00,5,0,0,6,0,1,1,1,1791421264
2026-10-08T01:01:59+00:00,2026-10-08T01:03:22.545576+00:00,23146f28-9762-4a6d-a6db-fcd4ff0e5d07,356,16,1,0,7,0,1,1,1,1791421268
2026-10-08T01:01:59+00:00,2026-10-08T01:03:22.545576+00:00,0208190e-851c-417d-8bc7-1b218db97fbf,0208190e-851c-417d-8bc7-1b218db97fbf,0,0,0,23,0,1,1,1,1791421271
2026-10-08T01:01:59+00:00,2026-10-08T01:03:22.545576+00:00,cf5f920f-b61d-4db0-b139-14aff04d577c,459,21,3,0,2,0,1,1,1,1791421271
2026-10-08T01:01:59+00:00,2026-10-08T01:03:22.545576+00:00,7e1dae55-4d3d-4a41-b969-2aeca70e0e69,7e1dae55-4d3d-4a41-b969-2aeca70e0e69,3,0,1,7,0,1,1,1,1791421273
2026-10-08T01:01:59+00:00,2026-10-08T01:03:22.545576+00:00,9721c80e-fc8f-474f-8918-b68c041d2836,9721c80e-fc8f-474f-8918-b68c041d2836,10,3,2,11,0,1,1,1,1791421272
2026-10-08T01:01:59+00:00,2026-10-08T01:03:22.545576+00:00,1991922092203192944,1991922092203192944,1,0,1,17,0,1,1,1,1791421274
2026-10-08T01:01:59+00:00,2026-10-08T01:03:22.545576+00:00,ad2cf74c-0e8c-4e15-8f19-2259e8c82f0f,404,16,0,0,0,0,1,1,1,1791421275
2026-10-08T01:01:59+00:00,2026-10-08T01:03:22.545576+00:00,2249415127458891992,2249415127458891992,14,0,0,1,0,1,1,1,1791421193
2026-10-08T01:01:59+00:00,2026-10-08T01:03:22.545576+00:00,f83492b4-0de8-11e7-991c-3863bb43a7d0,66,15,5,0,0,0,1,1,1,1791421274
2026-10-08T01:01:59+00:00,2026-10-08T01:03:22.545576+00:00,f835288a-0de8-11e7-991c-3863bb43a7d0,208,15,1,0,0,0,1,1,1,1791421279
2026-10-08T01:01:59+00:00,2026-10-08T01:03:22.545576+00:00,f8347e78-0de8-11e7-991c-3863bb43a7d0,36,12,0,3,16,0,1,1,1,1791421280
2026-10-08T01:01:59+00:00,2026-10-08T01:03:22.545576+00:00,f834b8b3-0de8-11e7-991c-3863bb43a7d0,105,18,4,0,0,0,1,1,1,1791421277
2026-10-08T01:01:59+00:00,2026-10-08T01:03:22.545576+00:00,ff938129-8179-455c-9ac9-9fcb9fc0b6d5,ff938129-8179-455c-9ac9-9fcb9fc0b6d5,8,3,0,11,0,1,1,1,1791421278
2026-10-08T01:01:59+00:00,2026-10-08T01:03:22.545576+00:00,fe90d430-d33f-48b2-a5cd-bc161b220939,553,1,0,0,22,0,1,1,1,1791421279
2026-10-08T01:01:59+00:00,2026-10-08T01:03:22.545576+00:00,5b1d2661-8a93-4f14-b242-ebc52792f951,337,14,1,0,1,0,1,1,1,1791421282
2026-10-08T01:01:59+00:00,2026-10-08T01:03:22.545576+00:00,2088704000370565344,2088704000370565344,3,0,3,6,0,1,1,1,1791421283
2026-10-08T01:01:59+00:00,2026-10-08T01:03:22.545576+00:00,f834f6a3-0de8-11e7-991c-3863bb43a7d0,135,0,0,0,17,0,1,1,1,1791421280
2026-10-08T01:01:59+00:00,2026-10-08T01:03:22.545576+00:00,2259733531216984776,2259733531216984776,5,3,0,10,0,1,1,1,1791421281
2026-10-08T01:01:59+00:00,2026-10-08T01:03:22.545576+00:00,36f36eed-1070-49be-8b31-5676b8b3489f,227,2,0,0,17,0,1,1,1,1791421280
2026-10-08T01:01:59+00:00,2026-10-08T01:03:22.545576+00:00,d8ce5f8b-2440-45e1-ab1c-23cb3bcbde84,527,5,2,0,8,0,1,1,1,1791421282
2026-10-08T01:01:59+00:00,2026-10-08T01:03:22.545576+00:00,295553ea-851b-4ac2-a094-f9d1208e399a,412,9,0,0,10,0,1,1,1,1791421283
2026-10-08T01:01:59+00:00,2026-10-08T01:03:22.545576+00:00,f8348622-0de8-11e7-991c-3863bb43a7d0,50,0,0,0,19,0,1,1,1,1791421284
2026-10-08T01:01:59+00:00,2026-10-08T01:03:22.545576+00:00,2085366936904166272,2085366936904166272,9,1,2,4,0,1,1,1,1791421284
2026-10-08T01:01:59+00:00,2026-10-08T01:03:22.545576+00:00,2039109354743046934,2039109354743046934,8,0,2,9,1,1,1,1,1791421285
2026-10-08T01:01:59+00:00,2026-10-08T01:03:22.545576+00:00,940638c5-7cd0-4a11-899e-86af3868d400,532,7,1,0,11,0,1,1,1,1791421285
2026-10-08T01:01:59+00:00,2026-10-08T01:03:22.545576+00:00,90330e1a-dee5-4914-9d3f-3891aeca12ca,434,11,2,1,7,0,1,1,1,1791421286
2026-10-08T01:01:59+00:00,2026-10-08T01:03:22.545576+00:00,8b97606e-a849-4db8-ae9b-4009fe48d90b,556,8,1,0,11,0,1,1,1,1791421288
2026-10-08T01:01:59+00:00,2026-10-08T01:03:22.545576+00:00,f8351f1d-0de8-11e7-991c-3863bb43a7d0,191,7,0,0,8,0,1,1,1,1791421288
2026-10-08T01:01:59+00:00,2026-10-08T01:03:22.545576+00:00,f834708e-0de8-11e7-991c-3863bb43a7d0,21,2,0,1,15,0,1,1,1,1791421290
2026-10-08T01:01:59+00:00,2026-10-08T01:03:22.545576+00:00,f834abfd-0de8-11e7-991c-3863bb43a7d0,96,6,0,3,10,0,1,1,1,1791421286
2026-10-08T01:01:59+00:00,2026-10-08T01:03:22.545576+00:00,2040842870122359032,2040842870122359032,0,0,0,20,0,1,1,1,1791421286
2026-10-08T01:01:59+00:00,2026-10-08T01:03:22.545576+00:00,b6a8522d-296d-4c05-887d-842374520780,545,10,10,0,3,1,1,1,1,1791421289
2026-10-08T01:01:59+00:00,2026-10-08T01:03:22.545576+00:00,fbc512a5-4b98-4821-bcfb-bb0c7ac83543,365,1,0,0,18,0,1,1,1,1791421289
2026-10-08T01:01:59+00:00,2026-10-08T01:03:22.545576+00:00,d7507124-4cab-4063-8445-a59a33a3d6e4,512,6,1,1,12,0,1,1,1,1791421288
2026-10-08T01:01:59+00:00,2026-10-08T01:03:22.545576+00:00,df03c61a-29d7-445d-9980-d7f058916591,345,2,0,0,17,0,1,1,1,1791421288
2026-10-08T01:01:59+00:00,2026-10-08T01:03:22.545576+00:00,f83491d4-0de8-11e7-991c-3863bb43a7d0,64,1,1,1,21,0,1,1,1,1791421286
2026-10-08T01:01:59+00:00,2026-10-08T01:03:22.545576+00:00,f8352534-0de8-11e7-991c-3863bb43a7d0,204,5,5,0,10,0,1,1,1,1791421293
2026-10-08T01:01:59+00:00,2026-10-08T01:03:22.545576+00:00,2246034666940677832,2246034666940677832,5,0,0,6,0,1,1,1,1791421293
2026-10-08T01:01:59+00:00,2026-10-08T01:03:22.545576+00:00,2090158541932726550,2090158541932726550,7,0,0,8,0,1,1,1,1791421280
2026-10-08T01:01:59+00:00,2026-10-08T01:03:22.545576+00:00,f83511d4-0de8-11e7-991c-3863bb43a7d0,173,8,0,0,5,1,1,1,1,1791421292
2026-10-08T01:01:59+00:00,2026-10-08T01:03:22.545576+00:00,1a661bb7-7d14-49e9-ac3d-22bafec8a2f0,507,6,2,1,4,0,1,1,1,1791421292
2026-10-08T01:01:59+00:00,2026-10-08T01:03:22.545576+00:00,1965873511294959658,1965873511294959658,2,0,0,21,0,1,1,1,1791421293
2026-10-08T01:01:59+00:00,2026-10-08T01:03:22.545576+00:00,f8352219-0de8-11e7-991c-3863bb43a7d0,197,7,4,0,8,0,1,1,1,1791421295
2026-10-08T01:01:59+00:00,2026-10-08T01:03:22.545576+00:00,2270212773802111256,2270212773802111256,13,2,1,5,0,1,1,1,1791421296
2026-10-08T01:01:59+00:00,2026-10-08T01:03:22.545576+00:00,f8347ccd-0de8-11e7-991c-3863bb43a7d0,33,7,0,0,20,0,1,1,1,1791421296
2026-10-08T01:01:59+00:00,2026-10-08T01:03:22.545576+00:00,99675a11-a92c-465c-bf5a-434b08ba5fc6,400,18,4,1,33,0,1,1,1,1791421295
2026-10-08T01:01:59+00:00,2026-10-08T01:03:22.545576+00:00,2090635592862466836,2090635592862466836,1,1,2,27,1,1,1,1,1791421291
2026-10-08T01:01:59+00:00,2026-10-08T01:03:22.545576+00:00,f83497b9-0de8-11e7-991c-3863bb43a7d0,74,0,0,0,15,0,1,1,1,1791421295
2026-10-08T01:01:59+00:00,2026-10-08T01:03:22.545576+00:00,8d893519-bc21-4536-b346-f558988bc8ad,260,12,3,0,3,0,1,1,1,1791421297
2026-10-08T01:01:59+00:00,2026-10-08T01:03:22.545576+00:00,380de8b2-2728-4e4b-83f1-251bfbb5acf2,487,10,3,0,9,0,1,1,1,1791421298
2026-10-08T01:01:59+00:00,2026-10-08T01:03:22.545576+00:00,103a9881-e30a-4d57-b81d-863b995ff759,255,0,0,0,0,0,0,0,0,86400
2026-10-08T01:01:59+00:00,2026-10-08T01:03:22.545576+00:00,36a8fbc8-6069-4a29-bbfd-63a2d019c9a5,415,2,0,0,17,0,1,1,1,1791421179
2026-10-08T01:01:59+00:00,2026-10-08T01:03:22.545576+00:00,f35de2ab-979e-42d5-8cbd-dc479ed637e9,503,4,4,0,2,0,1,1,1,1791421204
2026-10-08T01:01:59+00:00,2026-10-08T01:03:22.545576+00:00,2264176803898382980,2264176803898382980,4,2,0,7,0,1,1,1,1791421201
2026-10-08T01:01:59+00:00,2026-10-08T01:03:22.545576+00:00,f8346894-0de8-11e7-991c-3863bb43a7d0,9,8,0,2,5,0,1,1,1,1791421190
2026-10-08T01:01:59+00:00,2026-10-08T01:03:22.545576+00:00,f83516b8-0de8-11e7-991c-3863bb43a7d0,184,6,1,0,12,1,1,1,1,1791421194
2026-10-08T01:01:59+00:00,2026-10-08T01:03:22.545576+00:00,9f54207a-3308-43bd-b45c-9042b6389598,423,14,0,0,5,0,1,1,1,1791421194
2026-10-08T01:01:59+00:00,2026-10-08T01:03:22.545576+00:00,1997031579059661288,1997031579059661288,9,3,0,2,0,1,1,1,1791421198
2026-10-08T01:01:59+00:00,2026-10-08T01:03:22.545576+00:00,f8349824-0de8-11e7-991c-3863bb43a7d0,75,14,2,0,1,0,1,1,1,1791421186
2026-10-08T01:01:59+00:00,2026-10-08T01:03:22.545576+00:00,518f6524-0e7f-454d-974e-e3ff9db1f795,494,9,0,0,1,0,1,1,1,1791421186
2026-10-08T01:01:59+00:00,2026-10-08T01:03:22.545576+00:00,ccd6fdd4-b39e-46d7-b43c-7bacffb6bd87,523,1,1,0,16,0,1,1,1,1791421183
2026-10-08T01:01:59+00:00,2026-10-08T01:03:22.545576+00:00,f834952a-0de8-11e7-991c-3863bb43a7d0,70,1,0,1,21,0,1,1,1,1791421187
2026-10-08T01:01:59+00:00,2026-10-08T01:03:22.545576+00:00,13444449-b3a8-43d2-b8b9-a59fbc59a174,397,11,4,0,3,0,1,1,1,1791421187
2026-10-08T01:01:59+00:00,2026-10-08T01:03:22.545576+00:00,b995a0b4-fc26-4661-9bc8-e166d648edfd,353,11,5,0,4,0,1,1,1,1791421188
2026-10-08T01:01:59+00:00,2026-10-08T01:03:22.545576+00:00,2267569638034503736,2267569638034503736,6,0,4,9,0,1,1,1,1791421187
2026-10-08T01:01:59+00:00,2026-10-08T01:03:22.545576+00:00,2078337213380274244,2078337213380274244,10,7,0,1,0,1,1,1,1791421211
2026-10-08T01:01:59+00:00,2026-10-08T01:03:22.545576+00:00,f36e24cd-de4c-4a5e-adf4-cb97ccd2958d,505,5,1,2,4,0,1,1,1,1791421212
2026-10-08T01:01:59+00:00,2026-10-08T01:03:22.545576+00:00,a18e1e55-507e-49d8-b7c0-5c0efd959125,358,18,5,0,1,0,1,1,1,1791421211
2026-10-08T01:01:59+00:00,2026-10-08T01:03:22.545576+00:00,ba634139-d7bf-448f-aac4-25995d36b67b,373,9,6,0,6,0,1,1,1,1791421214
2026-10-08T01:01:59+00:00,2026-10-08T01:03:22.545576+00:00,ddcc8869-b8d4-483c-b9da-457fcebc8dc1,417,18,1,0,1,0,1,1,1,1791421210
2026-10-08T01:01:59+00:00,2026-10-08T01:03:22.545576+00:00,ec3eea05-a3ff-43c6-9e24-0c63f09b915f,378,15,1,0,4,0,1,1,1,1791421214
2026-10-08T01:01:59+00:00,2026-10-08T01:03:22.545576+00:00,f24a573e-ef07-4785-9270-70c443510ea6,359,0,0,2,12,1,1,1,1,1791421219
2026-10-08T01:01:59+00:00,2026-10-08T01:03:22.545576+00:00,f8346768-0de8-11e7-991c-3863bb43a7d0,7,6,0,0,9,0,1,1,1,1791421220
2026-10-08T01:01:59+00:00,2026-10-08T01:03:22.545576+00:00,9e710d48-51c1-460e-a027-3d16bde62b13,419,0,0,14,0,1,1,0,0,1791421220
2026-10-08T01:01:59+00:00,2026-10-08T01:03:22.545576+00:00,f834b42d-0de8-11e7-991c-3863bb43a7d0,100,18,1,0,7,0,1,1,1,1791421232
2026-10-08T01:01:59+00:00,2026-10-08T01:03:22.545576+00:00,c1ae49bd-2a20-4684-886b-ead8dd627cfd,c1ae49bd-2a20-4684-886b-ead8dd627cfd,13,0,0,4,0,1,1,1,1791421233
2026-10-08T01:01:59+00:00,2026-10-08T01:03:22.545576+00:00,d7ec834e-9d9a-402c-9956-7d5f42676b94,d7ec834e-9d9a-402c-9956-7d5f42676b94,13,3,1,0,0,1,1,1,1791421235
2026-10-08T01:01:59+00:00,2026-10-08T01:03:22.545576+00:00,f8349745-0de8-11e7-991c-3863bb43a7d0,73,0,0,1,14,0,1,1,1,1791421234
2026-10-08T01:01:59+00:00,2026-10-08T01:03:22.545576+00:00,f83523e3-0de8-11e7-991c-3863bb43a7d0,201,0,0,0,15,0,1,1,1,1791421236
2026-10-08T01:01:59+00:00,2026-10-08T01:03:22.545576+00:00,5018e851-f2f3-4e18-9914-c316bbcc2c3d,331,0,0,0,15,0,1,1,1,1791421240
2026-10-08T01:01:59+00:00,2026-10-08T01:03:22.545576+00:00,2029805507281123700,2029805507281123700,12,2,1,6,0,1,1,1,1791421238
2026-10-08T01:01:59+00:00,2026-10-08T01:03:22.545576+00:00,93911aa1-b5e4-48aa-a2b6-38fbcf613006,93911aa1-b5e4-48aa-a2b6-38fbcf613006,3,0,0,15,0,1,1,1,1791421225
2026-10-08T01:01:59+00:00,2026-10-08T01:03:22.545576+00:00,2ba0c5dd-c990-4434-8a84-5c3eca23f096,447,3,2,0,16,0,1,1,1,1791421226
2026-10-08T01:01:59+00:00,2026-10-08T01:03:22.545576+00:00,9ca92778-9101-48df-90ea-08b784e26a1a,413,14,1,0,5,0,1,1,1,1791421227
2026-10-08T01:01:59+00:00,2026-10-08T01:03:22.545576+00:00,e68655be-23d3-46e5-a509-25be677e7542,482,6,0,0,5,0,1,1,1,1791421230
2026-10-08T01:01:59+00:00,2026-10-08T01:03:22.545576+00:00,2038619205667946906,2038619205667946906,10,4,0,10,0,1,1,1,1791421227
2026-10-08T01:01:59+00:00,2026-10-08T01:03:22.545576+00:00,5bc7cba9-f0b0-442d-932c-e8c7927d87ce,386,11,5,1,7,0,1,1,1,1791421232
2026-10-08T01:01:59+00:00,2026-10-08T01:03:22.545576+00:00,02a4416f-80b4-4472-accd-5db482ed5b6d,367,8,0,0,11,0,1,1,1,1791421243
2026-10-08T01:01:59+00:00,2026-10-08T01:03:22.545576+00:00,f8349c69-0de8-11e7-991c-3863bb43a7d0,78,14,1,0,4,0,1,1,1,1791421244
2026-10-08T01:01:59+00:00,2026-10-08T01:03:22.545576+00:00,2223043968513191970,2223043968513191970,0,0,0,16,0,1,1,1,1791421247
2026-10-08T01:01:59+00:00,2026-10-08T01:03:22.545576+00:00,f83524c0-0de8-11e7-991c-3863bb43a7d0,203,9,2,0,5,0,1,1,1,1791421247
2026-10-08T01:01:59+00:00,2026-10-08T01:03:22.545576+00:00,f8352c92-0de8-11e7-991c-3863bb43a7d0,217,14,1,2,3,0,1,1,1,1791421248
2026-10-08T01:01:59+00:00,2026-10-08T01:03:22.545576+00:00,42a3ecca-af9a-4556-90ba-7631546f96f8,42a3ecca-af9a-4556-90ba-7631546f96f8,1,0,2,8,0,1,1,1,1791421252
2026-10-08T01:01:59+00:00,2026-10-08T01:03:22.545576+00:00,2170342425741020744,2170342425741020744,15,4,0,2,0,1,1,1,1791421253
2026-10-08T01:01:59+00:00,2026-10-08T01:03:22.545576+00:00,0adccd89-1d8d-44da-9f7c-5f18acafeddf,338,4,2,0,11,0,1,1,1,1791421250
2026-10-08T01:01:59+00:00,2026-10-08T01:03:22.545576+00:00,1960693490199507164,1960693490199507164,6,1,0,13,0,1,1,1,1791421250
2026-10-08T01:01:59+00:00,2026-10-08T01:03:22.545576+00:00,2070180968009321294,2070180968009321294,15,0,0,4,2,1,1,1,1791421254
2026-10-08T01:01:59+00:00,2026-10-08T01:03:22.545576+00:00,b23674a7-15a8-46d2-8219-6668acecf24a,548,11,1,0,7,0,1,1,1,1791421257
2026-10-08T01:01:59+00:00,2026-10-08T01:03:22.545576+00:00,533620e8-00ff-494a-b288-bd67602bc98e,472,1,0,0,26,0,1,1,1,1791421257
2026-10-08T01:01:59+00:00,2026-10-08T01:03:22.545576+00:00,ef54374b-0406-4b17-b0a1-847f1d7bea06,410,12,0,0,3,0,1,1,1,1791421260
2026-10-08T01:01:59+00:00,2026-10-08T01:03:22.545576+00:00,f8349ba9-0de8-11e7-991c-3863bb43a7d0,77,7,4,0,10,1,1,1,1,1791421260
2026-10-08T01:01:59+00:00,2026-10-08T01:03:22.545576+00:00,f8351336-0de8-11e7-991c-3863bb43a7d0,176,3,0,0,12,0,1,1,1,1791421263
2026-10-08T01:01:59+00:00,2026-10-08T01:03:22.545576+00:00,ff6ed364-8676-45a0-b97f-71025683849e,442,7,1,1,7,0,1,1,1,1791421261
2026-10-08T01:01:59+00:00,2026-10-08T01:03:22.545576+00:00,2107991976288962746,2107991976288962746,14,1,0,6,0,1,1,1,1791421261
2026-10-08T01:01:59+00:00,2026-10-08T01:03:22.545576+00:00,f83464e4-0de8-11e7-991c-3863bb43a7d0,3,2,0,1,11,0,1,1,1,1791421262
2026-10-08T01:01:59+00:00,2026-10-08T01:03:22.545576+00:00,2071632496372113488,2071632496372113488,14,7,1,5,0,1,1,1,1791421262
2026-10-08T01:01:59+00:00,2026-10-08T01:03:22.545576+00:00,f8348481-0de8-11e7-991c-3863bb43a7d0,47,17,1,0,2,0,1,1,1,1791421261
2026-10-08T01:01:59+00:00,2026-10-08T01:03:22.545576+00:00,40e58976-02cc-4c7c-911f-7a6c97588bfa,520,19,5,0,2,0,1,1,1,1791421259
2026-10-08T01:01:59+00:00,2026-10-08T01:03:22.545576+00:00,342a2c60-71b0-4d19-98d6-47987cf20dbc,379,6,0,0,9,0,1,1,1,1791421269
2026-10-08T01:01:59+00:00,2026-10-08T01:03:22.545576+00:00,ce55d1b1-4267-40a9-ad44-5eab888ce18a,ce55d1b1-4267-40a9-ad44-5eab888ce18a,0,0,0,22,1,1,1,1,1791421269
2026-10-08T01:01:59+00:00,2026-10-08T01:03:22.545576+00:00,5afe91c4-8076-4f9f-b83b-cf233bda2331,460,0,0,0,15,0,1,1,1,1791421267
2026-10-08T01:01:59+00:00,2026-10-08T01:03:22.545576+00:00,f834e1b2-0de8-11e7-991c-3863bb43a7d0,125,15,7,0,4,0,1,1,1,1791421267
2026-10-08T01:01:59+00:00,2026-10-08T01:03:22.545576+00:00,287aedf5-0361-47e9-9de0-14ae3b75cc0d,287aedf5-0361-47e9-9de0-14ae3b75cc0d,8,3,1,12,0,1,1,1,1791421267
2026-10-08T01:01:59+00:00,2026-10-08T01:03:22.545576+00:00,0f554e1d-9f0f-452d-9b4a-e00aa2c5911e,492,10,0,0,4,0,1,1,1,1791421265
2026-10-08T01:01:59+00:00,2026-10-08T01:03:22.545576+00:00,bb27977d-36c1-496d-8bac-631b612dd7b8,332,15,4,0,0,0,1,1,1,1791421273
2026-10-08T01:01:59+00:00,2026-10-08T01:03:22.545576+00:00,2223045710883822544,2223045710883822544,4,0,1,10,0,1,1,1,1791421282
2026-10-08T01:01:59+00:00,2026-10-08T01:03:22.545576+00:00,2217856523888952522,2217856523888952522,5,2,0,15,0,1,1,1,1791421281
2026-10-08T01:01:59+00:00,2026-10-08T01:03:22.545576+00:00,2136942888571742916,2136942888571742916,0,0,1,14,0,1,1,1,1791421282
2026-10-08T01:01:59+00:00,2026-10-08T01:03:22.545576+00:00,83183df0-38c2-4ae8-a0c4-4b59599c9582,222,5,1,0,9,0,1,1,1,1791421284
2026-10-08T01:01:59+00:00,2026-10-08T01:03:22.545576+00:00,f834fd36-0de8-11e7-991c-3863bb43a7d0,142,8,0,0,15,0,1,1,1,1791421285
2026-10-08T01:01:59+00:00,2026-10-08T01:03:22.545576+00:00,f8351019-0de8-11e7-991c-3863bb43a7d0,169,10,4,0,9,0,1,1,1,1791421285
2026-10-08T01:01:59+00:00,2026-10-08T01:03:22.545576+00:00,13918b3b-9ac5-4968-a74d-e40dd3bc952e,479,0,0,0,19,0,1,1,1,1791421285
2026-10-08T01:01:59+00:00,2026-10-08T01:03:22.545576+00:00,54d86d05-b399-42c5-a63a-a97713afc5d4,54d86d05-b399-42c5-a63a-a97713afc5d4,2,2,1,7,0,1,1,1,1791421286
2026-10-08T01:01:59+00:00,2026-10-08T01:03:22.545576+00:00,2111712079786088918,2111712079786088918,6,2,1,8,0,1,1,1,1791421287
2026-10-08T01:01:59+00:00,2026-10-08T01:03:22.545576+00:00,2038239468396569074,2038239468396569074,16,0,0,16,0,1,1,1,1791421287
2026-10-08T01:01:59+00:00,2026-10-08T01:03:22.545576+00:00,510239fe-69c3-458b-b53c-6ce001845f4a,354,11,6,0,4,0,1,1,1,1791421284
2026-10-08T01:01:59+00:00,2026-10-08T01:03:22.545576+00:00,1975886280004030604,1975886280004030604,10,2,1,12,0,1,1,1,1791421271
2026-10-08T01:01:59+00:00,2026-10-08T01:03:22.545576+00:00,2fd22786-dfeb-4126-a906-4f01802087f3,454,1,0,1,17,0,1,1,1,1791421270
2026-10-08T01:01:59+00:00,2026-10-08T01:03:22.545576+00:00,5f726a7d-5c5d-48b1-9b13-06c77572a237,516,0,0,0,11,0,1,1,1,1791421271
2026-10-08T01:01:59+00:00,2026-10-08T01:03:22.545576+00:00,f834f814-0de8-11e7-991c-3863bb43a7d0,136,0,0,1,18,0,1,1,1,1791421271
2026-10-08T01:01:59+00:00,2026-10-08T01:03:22.545576+00:00,2327cb08-fa9f-459b-9ab0-1a319b0f2f4c,539,3,1,1,14,0,1,1,1,1791421272
2026-10-08T01:01:59+00:00,2026-10-08T01:03:22.545576+00:00,70f20fcb-8e63-4015-9007-b97c525ab0a9,335,10,0,1,8,0,1,1,1,1791421287
2026-10-08T01:01:59+00:00,2026-10-08T01:03:22.545576+00:00,53a148ca-ac69-4a9c-a986-9a4b4df2f5df,387,7,0,0,8,0,1,1,1,1791421288
2026-10-08T01:01:59+00:00,2026-10-08T01:03:22.545576+00:00,20b0b405-54ba-4a80-b89c-0819772665db,440,8,3,0,7,0,1,1,1,1791421292
2026-10-08T01:01:59+00:00,2026-10-08T01:03:22.545576+00:00,0839bb10-e876-4198-95e4-0147a561853d,258,13,2,0,2,0,1,1,1,1791421292
2026-10-08T01:01:59+00:00,2026-10-08T01:03:22.545576+00:00,2141932795355773712,2141932795355773712,10,0,0,7,0,1,1,1,1791421292
2026-10-08T01:01:59+00:00,2026-10-08T01:03:22.545576+00:00,f8348995-0de8-11e7-991c-3863bb43a7d0,58,18,2,1,0,0,1,1,1,1791421272
2026-10-08T01:01:59+00:00,2026-10-08T01:03:22.545576+00:00,2072145327190878794,2072145327190878794,18,1,1,6,0,1,1,1,1791421291
2026-10-08T01:01:59+00:00,2026-10-08T01:03:22.545576+00:00,2103549125054737064,2103549125054737064,4,2,0,12,0,1,1,1,1791421291
2026-10-08T01:01:59+00:00,2026-10-08T01:03:22.545576+00:00,f8347118-0de8-11e7-991c-3863bb43a7d0,22,18,0,0,15,2,1,1,1,1791421292
2026-10-08T01:01:59+00:00,2026-10-08T01:03:22.545576+00:00,2071993292066931472,2071993292066931472,1,0,0,19,0,1,1,1,1791421273
2026-10-08T01:01:59+00:00,2026-10-08T01:03:22.545576+00:00,2113555008851845550,2113555008851845550,11,2,0,9,0,1,1,1,1791421273
2026-10-08T01:01:59+00:00,2026-10-08T01:03:22.545576+00:00,f834b5d9-0de8-11e7-991c-3863bb43a7d0,103,13,2,0,2,0,1,1,1,1791421279
2026-10-08T01:01:59+00:00,2026-10-08T01:03:22.545576+00:00,1944724820826878816,1944724820826878816,7,0,1,9,0,1,1,1,1791421280
2026-10-08T01:01:59+00:00,2026-10-08T01:03:22.545576+00:00,f8348509-0de8-11e7-991c-3863bb43a7d0,48,1,1,0,13,0,1,1,1,1791421278
2026-10-08T01:01:59+00:00,2026-10-08T01:03:22.545576+00:00,f83486ab-0de8-11e7-991c-3863bb43a7d0,51,5,0,1,9,0,1,1,1,1791421278
2026-10-08T01:01:59+00:00,2026-10-08T01:03:22.545576+00:00,2113200093114979090,2113200093114979090,6,0,0,9,1,1,1,1,1791421278
2026-10-08T01:01:59+00:00,2026-10-08T01:03:22.545576+00:00,2241260819676115550,2241260819676115550,0,0,0,25,0,1,1,1,1791421278
2026-10-08T01:01:59+00:00,2026-10-08T01:03:22.545576+00:00,350e73e3-6f70-4b2d-87ab-24c8629e9a6a,350e73e3-6f70-4b2d-87ab-24c8629e9a6a,12,0,1,6,0,1,1,1,1791421281
2026-10-08T01:01:59+00:00,2026-10-08T01:03:22.545576+00:00,f834b49d-0de8-11e7-991c-3863bb43a7d0,101,9,1,0,9,0,1,1,1,1791421292
2026-10-08T01:01:59+00:00,2026-10-08T01:03:22.545576+00:00,676ca473-eed6-4971-aaf3-e199a7ca335b,433,15,7,0,3,1,1,1,1,1791421293
2026-10-08T01:01:59+00:00,2026-10-08T01:03:22.545576+00:00,f834e244-0de8-11e7-991c-3863bb43a7d0,126,6,2,0,9,0,1,1,1,1791421293
2026-10-08T01:01:59+00:00,2026-10-08T01:03:22.545576+00:00,f83510fd-0de8-11e7-991c-3863bb43a7d0,171,12,0,1,10,0,1,1,1,1791421296
2026-10-08T01:01:59+00:00,2026-10-08T01:03:22.545576+00:00,abefafdc-c772-4671-86fe-fc15a42adebb,abefafdc-c772-4671-86fe-fc15a42adebb,5,0,0,18,0,1,1,1,1791421295
2026-10-08T01:01:59+00:00,2026-10-08T01:03:22.545576+00:00,f83494b4-0de8-11e7-991c-3863bb43a7d0,69,19,10,0,0,0,1,1,1,1791421297
2026-10-08T01:01:59+00:00,2026-10-08T01:03:22.545576+00:00,7ec0c53c-876a-419c-a78b-4edd000bbc9a,445,16,2,0,3,0,1,1,1,1791421297
2026-10-08T01:01:59+00:00,2026-10-08T01:03:22.545576+00:00,2057166010169469732,2057166010169469732,1,0,0,14,0,1,1,1,1791421296
2026-10-08T01:01:59+00:00,2026-10-08T01:03:22.545576+00:00,dfdaf866-b814-48e5-9bd3-eb7c4a733697,dfdaf866-b814-48e5-9bd3-eb7c4a733697,7,2,0,10,0,1,1,1,1791421297
2026-10-08T01:01:59+00:00,2026-10-08T01:03:22.545576+00:00,f834cf45-0de8-11e7-991c-3863bb43a7d0,116,14,0,0,9,0,1,1,1,1791421299
2026-10-08T01:01:59+00:00,2026-10-08T01:03:22.545576+00:00,2043912031919765854,2043912031919765854,10,0,1,9,0,1,1,1,1791421298
2026-10-08T01:01:59+00:00,2026-10-08T01:03:22.545576+00:00,f8348136-0de8-11e7-991c-3863bb43a7d0,41,24,3,1,2,0,1,1,1,1791421298
2026-10-08T01:01:59+00:00,2026-10-08T01:03:22.545576+00:00,f6df6c1a-064f-428a-951c-2069a081b9df,380,2,0,2,14,0,1,1,1,1791421299
2026-10-08T01:11:59+00:00,2026-10-08T01:13:22.644975+00:00,6eaa7343-402d-41c9-9aac-8c664fdbdcf1,6eaa7343-402d-41c9-9aac-8c664fdbdcf1,0,0,0,0,0,0,0,0,86400
2026-10-08T01:11:59+00:00,2026-10-08T01:13:22.644975+00:00,f8351649-0de8-11e7-991c-3863bb43a7d0,183,1,0,0,18,0,1,1,1,1791421778
2026-10-08T01:11:59+00:00,2026-10-08T01:13:22.644975+00:00,f7d416f8-4377-4019-bba7-302dc1d5a11d,391,9,0,3,3,0,1,1,1,1791421782
2026-10-08T01:11:59+00:00,2026-10-08T01:13:22.644975+00:00,2438d052-2cd6-4fba-83c9-39f46cb59398,2438d052-2cd6-4fba-83c9-39f46cb59398,3,1,1,15,0,1,1,1,1791421782
2026-10-08T01:11:59+00:00,2026-10-08T01:13:22.644975+00:00,f834f036-0de8-11e7-991c-3863bb43a7d0,133,11,2,2,10,0,1,1,1,1791421782
2026-10-08T01:11:59+00:00,2026-10-08T01:13:22.644975+00:00,9fef6df2-7f8f-43fc-a85b-7dd5453860f9,437,12,0,1,4,0,1,1,1,1791421780
2026-10-08T01:11:59+00:00,2026-10-08T01:13:22.644975+00:00,2027855476515070160,2027855476515070160,10,0,0,16,0,1,1,1,1791421787
2026-10-08T01:11:59+00:00,2026-10-08T01:13:22.644975+00:00,f834b183-0de8-11e7-991c-3863bb43a7d0,98,12,2,1,10,0,1,1,1,1791421788
2026-10-08T01:11:59+00:00,2026-10-08T01:13:22.644975+00:00,f83532fa-0de8-11e7-991c-3863bb43a7d0,219,12,1,0,3,0,1,1,1,1791421792
2026-10-08T01:11:59+00:00,2026-10-08T01:13:22.644975+00:00,9b0aff89-5242-475e-b03b-87c3c3bf51bb,477,3,3,1,15,0,1,1,1,1791421790
2026-10-08T01:11:59+00:00,2026-10-08T01:13:22.644975+00:00,2227859082657747444,2227859082657747444,5,2,0,2,0,1,1,1,1791421766
2026-10-08T01:11:59+00:00,2026-10-08T01:13:22.644975+00:00,f8348719-0de8-11e7-991c-3863bb43a7d0,52,0,0,0,23,0,1,1,1,1791421799
2026-10-08T01:11:59+00:00,2026-10-08T01:13:22.644975+00:00,133d159e-a202-4310-910f-eca392fe181e,398,0,0,2,17,0,1,1,1,1791421795
2026-10-08T01:11:59+00:00,2026-10-08T01:13:22.644975+00:00,2131371824572002576,2131371824572002576,11,0,1,4,0,1,1,1,1791421811
2026-10-08T01:11:59+00:00,2026-10-08T01:13:22.644975+00:00,f8346c96-0de8-11e7-991c-3863bb43a7d0,14,0,0,0,25,0,1,1,1,1791421810
2026-10-08T01:11:59+00:00,2026-10-08T01:13:22.644975+00:00,f8347ded-0de8-11e7-991c-3863bb43a7d0,35,1,0,0,30,0,1,1,1,1791421834
2026-10-08T01:11:59+00:00,2026-10-08T01:13:22.644975+00:00,f834fcbe-0de8-11e7-991c-3863bb43a7d0,141,0,0,0,15,0,1,1,1,1791421838
2026-10-08T01:11:59+00:00,2026-10-08T01:13:22.644975+00:00,01d29f8c-768d-4c4f-84ca-3de966075287,469,3,2,0,8,0,1,1,1,1791421841
2026-10-08T01:11:59+00:00,2026-10-08T01:13:22.644975+00:00,f834b1ed-0de8-11e7-991c-3863bb43a7d0,99,15,2,0,0,0,1,1,1,1791421843
2026-10-08T01:11:59+00:00,2026-10-08T01:13:22.644975+00:00,aefc33cd-40b9-48da-8b87-415428816bdb,488,7,1,0,9,0,1,1,1,1791421839
2026-10-08T01:11:59+00:00,2026-10-08T01:13:22.644975+00:00,625f105e-4407-4988-9095-d1979cbda5e1,234,17,11,0,2,0,1,1,1,1791421840
2026-10-08T01:11:59+00:00,2026-10-08T01:13:22.644975+00:00,f834916a-0de8-11e7-991c-3863bb43a7d0,63,3,1,0,12,0,1,1,1,1791421799
2026-10-08T01:11:59+00:00,2026-10-08T01:13:22.644975+00:00,768433a9-fc30-4485-b136-22d6f8a96f1c,768433a9-fc30-4485-b136-22d6f8a96f1c,4,0,1,6,0,1,1,1,1791421796
2026-10-08T01:11:59+00:00,2026-10-08T01:13:22.644975+00:00,1997031876360597884,1997031876360597884,6,1,0,5,0,1,1,1,1791421801
2026-10-08T01:11:59+00:00,2026-10-08T01:13:22.644975+00:00,f834d260-0de8-11e7-991c-3863bb43a7d0,119,12,8,2,1,0,1,1,1,1791421805
2026-10-08T01:11:59+00:00,2026-10-08T01:13:22.644975+00:00,f8347002-0de8-11e7-991c-3863bb43a7d0,20,17,0,0,6,0,1,1,1,1791421795
2026-10-08T01:11:59+00:00,2026-10-08T01:13:22.644975+00:00,f8348598-0de8-11e7-991c-3863bb43a7d0,49,4,0,0,14,0,1,1,1,1791421828
2026-10-08T01:11:59+00:00,2026-10-08T01:13:22.644975+00:00,2089808297152151688,2089808297152151688,2,1,1,9,0,1,1,1,1791421829
2026-10-08T01:11:59+00:00,2026-10-08T01:13:22.644975+00:00,25489822-e43a-4704-b2a8-d905b78ba77c,389,2,1,0,12,0,1,1,1,1791421832
2026-10-08T01:11:59+00:00,2026-10-08T01:13:22.644975+00:00,2127634714741013228,2127634714741013228,15,2,0,9,0,1,1,1,1791421872
2026-10-08T01:11:59+00:00,2026-10-08T01:13:22.644975+00:00,2036412579943670600,2036412579943670600,5,5,1,6,0,1,1,1,1791421872
2026-10-08T01:11:59+00:00,2026-10-08T01:13:22.644975+00:00,8e7c1984-dc81-43b0-a0d3-58c6de45225a,465,6,4,0,5,0,1,1,1,1791421870
2026-10-08T01:11:59+00:00,2026-10-08T01:13:22.644975+00:00,2219705277630124418,2219705277630124418,5,2,0,10,0,1,1,1,1791421865
2026-10-08T01:11:59+00:00,2026-10-08T01:13:22.644975+00:00,dcd76e42-eebc-4432-9726-cdb3372b0b07,557,0,0,0,19,0,1,1,1,1791421867
2026-10-08T01:11:59+00:00,2026-10-08T01:13:22.644975+00:00,1976280681456741062,1976280681456741062,5,5,0,6,0,1,1,1,1791421868
2026-10-08T01:11:59+00:00,2026-10-08T01:13:22.644975+00:00,38706d8c-8d4b-49f7-b6ed-7688449db261,463,5,0,0,14,0,1,1,1,1791421869
2026-10-08T01:11:59+00:00,2026-10-08T01:13:22.644975+00:00,f834a67b-0de8-11e7-991c-3863bb43a7d0,89,1,0,1,17,0,1,1,1,1791421868
2026-10-08T01:11:59+00:00,2026-10-08T01:13:22.644975+00:00,2039387081833476178,2039387081833476178,12,2,0,8,0,1,1,1,1791421869
2026-10-08T01:11:59+00:00,2026-10-08T01:13:22.644975+00:00,5410aac7-2ec0-47b6-b728-b99c5137b463,5410aac7-2ec0-47b6-b728-b99c5137b463,8,2,0,3,0,1,1,1,1791421855
2026-10-08T01:11:59+00:00,2026-10-08T01:13:22.644975+00:00,e4d5271f-5f76-401b-b7f0-c8dce3c26f10,462,7,1,1,3,0,1,1,1,1791421856
2026-10-08T01:11:59+00:00,2026-10-08T01:13:22.644975+00:00,1999639508813492766,1999639508813492766,9,0,0,11,0,1,1,1,1791421857
2026-10-08T01:11:59+00:00,2026-10-08T01:13:22.644975+00:00,b44b7c3d-c054-4591-92a9-3b96d86050ab,b44b7c3d-c054-4591-92a9-3b96d86050ab,2,2,0,9,0,1,1,1,1791421859
2026-10-08T01:11:59+00:00,2026-10-08T01:13:22.644975+00:00,15ec5783-ca7a-4225-ba51-cd0a45ecc975,15ec5783-ca7a-4225-ba51-cd0a45ecc975,8,6,0,3,0,1,1,1,1791421859
2026-10-08T01:11:59+00:00,2026-10-08T01:13:22.644975+00:00,2220033166406469278,2220033166406469278,10,4,1,4,0,1,1,1,1791421857
2026-10-08T01:11:59+00:00,2026-10-08T01:13:22.644975+00:00,f606593b-3d07-40f2-bc6d-a0eb96588e44,456,5,0,0,13,0,1,1,1,1791421857
2026-10-08T01:11:59+00:00,2026-10-08T01:13:22.644975+00:00,1331197c-f6c6-4f4a-a29b-95e580359886,224,9,0,1,7,0,1,1,1,1791421860
2026-10-08T01:11:59+00:00,2026-10-08T01:13:22.644975+00:00,1994515539257334312,1994515539257334312,19,8,0,0,0,1,1,1,1791421866
2026-10-08T01:11:59+00:00,2026-10-08T01:13:22.644975+00:00,2127252912986958612,2127252912986958612,5,1,0,10,0,1,1,1,1791421861
2026-10-08T01:11:59+00:00,2026-10-08T01:13:22.644975+00:00,4d953f0f-13b5-4b3d-b2da-342003ff7cba,4d953f0f-13b5-4b3d-b2da-342003ff7cba,3,2,0,8,0,1,1,1,1791421862
2026-10-08T01:11:59+00:00,2026-10-08T01:13:22.644975+00:00,2110566771130438288,2110566771130438288,10,6,1,5,0,1,1,1,1791421862
2026-10-08T01:11:59+00:00,2026-10-08T01:13:22.644975+00:00,918335df-fc1a-45c2-9cfc-c5e2e93aecc0,467,2,0,1,8,0,1,1,1,1791421863
2026-10-08T01:11:59+00:00,2026-10-08T01:13:22.644975+00:00,f8347a8b-0de8-11e7-991c-3863bb43a7d0,29,15,0,0,4,0,1,1,1,1791421864
2026-10-08T01:11:59+00:00,2026-10-08T01:13:22.644975+00:00,ea00f276-26dc-48ee-b2c8-6e56fd632a2d,272,2,0,1,16,0,1,1,1,1791421863
2026-10-08T01:11:59+00:00,2026-10-08T01:13:22.644975+00:00,ec4e1168-25dc-4929-b17b-e4ae578dd888,425,4,2,1,11,0,1,1,1,1791421863
2026-10-08T01:11:59+00:00,2026-10-08T01:13:22.644975+00:00,f834b928-0de8-11e7-991c-3863bb43a7d0,106,9,1,1,4,0,1,1,1,1791421863
2026-10-08T01:11:59+00:00,2026-10-08T01:13:22.644975+00:00,f8346e51-0de8-11e7-991c-3863bb43a7d0,17,12,0,0,3,0,1,1,1,1791421866
2026-10-08T01:11:59+00:00,2026-10-08T01:13:22.644975+00:00,2071991821019036242,2071991821019036242,11,2,0,9,0,1,1,1,1791421866
2026-10-08T01:11:59+00:00,2026-10-08T01:13:22.644975+00:00,f8347ba8-0de8-11e7-991c-3863bb43a7d0,31,3,0,0,16,0,1,1,1,1791421866
2026-10-08T01:11:59+00:00,2026-10-08T01:13:22.644975+00:00,2250817396738253956,2250817396738253956,12,2,2,1,0,1,1,1,1791421864
2026-10-08T01:11:59+00:00,2026-10-08T01:13:22.644975+00:00,1ef5abb2-5af9-41f2-a0dd-1e44278ad9f1,502,4,0,0,7,0,1,1,1,1791421864
2026-10-08T01:11:59+00:00,2026-10-08T01:13:22.644975+00:00,f834a1de-0de8-11e7-991c-3863bb43a7d0,84,0,0,0,13,0,1,1,1,1791421864
2026-10-08T01:11:59+00:00,2026-10-08T01:13:22.644975+00:00,1ef9964d-47ac-4cd4-916e-7c006fa1e605,339,10,6,0,5,0,1,1,1,1791421821
2026-10-08T01:11:59+00:00,2026-10-08T01:13:22.644975+00:00,87b5a8b7-a330-4c51-ab32-7dafa292c88f,421,15,1,1,3,0,1,1,1,1791421822
2026-10-08T01:11:59+00:00,2026-10-08T01:13:22.644975+00:00,f8349599-0de8-11e7-991c-3863bb43a7d0,71,14,6,0,9,0,1,1,1,1791421822
2026-10-08T01:11:59+00:00,2026-10-08T01:13:22.644975+00:00,f834e75d-0de8-11e7-991c-3863bb43a7d0,129,7,0,0,11,1,1,1,1,1791421823
2026-10-08T01:11:59+00:00,2026-10-08T01:13:22.644975+00:00,f834c6f5-0de8-11e7-991c-3863bb43a7d0,111,9,2,0,5,1,1,1,1,1791421823
2026-10-08T01:11:59+00:00,2026-10-08T01:13:22.644975+00:00,e335fa7c-7adf-4360-9bfa-76b18124a56f,541,5,4,0,6,0,1,1,1,1791421822
2026-10-08T01:11:59+00:00,2026-10-08T01:13:22.644975+00:00,25d6f87f-7025-48c5-b202-f91511a4ae19,25d6f87f-7025-48c5-b202-f91511a4ae19,13,4,1,5,0,1,1,1,1791421844
2026-10-08T01:11:59+00:00,2026-10-08T01:13:22.644975+00:00,2028220168245183460,2028220168245183460,13,0,0,6,0,1,1,1,1791421847
2026-10-08T01:11:59+00:00,2026-10-08T01:13:22.644975+00:00,ab6517ea-ed53-42eb-8881-657d362e56e8,560,10,0,0,5,0,1,1,1,1791421843
2026-10-08T01:11:59+00:00,2026-10-08T01:13:22.644975+00:00,2251186911126913182,2251186911126913182,13,2,2,4,0,1,1,1,1791421844
2026-10-08T01:11:59+00:00,2026-10-08T01:13:22.644975+00:00,f834a2a8-0de8-11e7-991c-3863bb43a7d0,85,1,1,0,18,0,1,1,1,1791421874
2026-10-08T01:11:59+00:00,2026-10-08T01:13:22.644975+00:00,f8346dbd-0de8-11e7-991c-3863bb43a7d0,16,7,0,1,11,0,1,1,1,1791421874
2026-10-08T01:11:59+00:00,2026-10-08T01:13:22.644975+00:00,986068c4-d11a-465a-b8d0-bd0960c57f51,986068c4-d11a-465a-b8d0-bd0960c57f51,11,0,1,2,0,1,1,1,1791421874
2026-10-08T01:11:59+00:00,2026-10-08T01:13:22.644975+00:00,f83493c0-0de8-11e7-991c-3863bb43a7d0,67,0,0,4,26,0,1,1,1,1791421874
2026-10-08T01:11:59+00:00,2026-10-08T01:13:22.644975+00:00,97a1e4e7-a1ff-427a-aaea-48ca0d00bf9c,348,5,4,0,10,0,1,1,1,1791421873
2026-10-08T01:11:59+00:00,2026-10-08T01:13:22.644975+00:00,f83466c6-0de8-11e7-991c-3863bb43a7d0,6,1,1,2,11,0,1,1,1,1791421873
2026-10-08T01:11:59+00:00,2026-10-08T01:13:22.644975+00:00,1986694622707704150,1986694622707704150,16,0,1,2,0,1,1,1,1791421873
2026-10-08T01:11:59+00:00,2026-10-08T01:13:22.644975+00:00,c111ef1a-f276-415d-a95e-8e3c4e3a0c03,522,6,3,1,8,0,1,1,1,1791421875
2026-10-08T01:11:59+00:00,2026-10-08T01:13:22.644975+00:00,2132460331327742574,2132460331327742574,0,0,0,18,0,1,1,1,1791421875
2026-10-08T01:11:59+00:00,2026-10-08T01:13:22.644975+00:00,f835244e-0de8-11e7-991c-3863bb43a7d0,202,9,1,0,6,0,1,1,1,1791421802
2026-10-08T01:11:59+00:00,2026-10-08T01:13:22.644975+00:00,52ca4d94-587f-4a61-a298-a1a755e73bfb,362,19,3,0,0,0,1,1,1,1791421802
2026-10-08T01:11:59+00:00,2026-10-08T01:13:22.644975+00:00,a6d6d4b2-3666-43ad-a690-7f676bdcc3fd,542,9,0,4,6,0,1,1,1,1791421819
2026-10-08T01:11:59+00:00,2026-10-08T01:13:22.644975+00:00,82b41ffb-e284-4e4d-b22a-0cad2bfd4bee,443,7,0,0,12,0,1,1,1,1791421819
2026-10-08T01:11:59+00:00,2026-10-08T01:13:22.644975+00:00,57f5003b-6574-40b3-83d7-3b5dee1472e0,518,7,6,0,3,0,1,1,1,1791421819
2026-10-08T01:11:59+00:00,2026-10-08T01:13:22.644975+00:00,f834cb89-0de8-11e7-991c-3863bb43a7d0,115,9,5,3,8,0,1,1,1,1791421817
2026-10-08T01:11:59+00:00,2026-10-08T01:13:22.644975+00:00,f8350199-0de8-11e7-991c-3863bb43a7d0,150,8,1,0,11,0,1,1,1,1791421819
2026-10-08T01:11:59+00:00,2026-10-08T01:13:22.644975+00:00,eed9e64f-f09d-43c1-aa31-da968c66750a,368,5,0,0,10,0,1,1,1,1791421806
2026-10-08T01:11:59+00:00,2026-10-08T01:13:22.644975+00:00,f8350d30-0de8-11e7-991c-3863bb43a7d0,163,7,0,0,12,0,1,1,1,1791421806
2026-10-08T01:11:59+00:00,2026-10-08T01:13:22.644975+00:00,803a0c16-4f81-44f1-8b49-a13fcdda40c1,370,4,0,2,12,0,1,1,1,1791421849
2026-10-08T01:11:59+00:00,2026-10-08T01:13:22.644975+00:00,f834c5c9-0de8-11e7-991c-3863bb43a7d0,110,3,1,1,10,0,1,1,1,1791421850
2026-10-08T01:11:59+00:00,2026-10-08T01:13:22.644975+00:00,f8351f87-0de8-11e7-991c-3863bb43a7d0,192,0,0,0,19,0,1,1,1,1791421851
2026-10-08T01:11:59+00:00,2026-10-08T01:13:22.644975+00:00,2031175112202687108,2031175112202687108,5,1,0,11,0,1,1,1,1791421849
2026-10-08T01:11:59+00:00,2026-10-08T01:13:22.644975+00:00,cad0e759-b605-458a-b772-768dcce81dc6,372,11,0,0,7,0,1,1,1,1791421883
2026-10-08T01:11:59+00:00,2026-10-08T01:13:22.644975+00:00,6cec3afa-554c-466f-8323-5c619fe0ddc6,6cec3afa-554c-466f-8323-5c619fe0ddc6,6,4,0,5,0,1,1,1,1791421883
2026-10-08T01:11:59+00:00,2026-10-08T01:13:22.644975+00:00,40ee059e-8530-4992-9114-c16b87d6832f,441,12,4,0,7,0,1,1,1,1791421879
2026-10-08T01:11:59+00:00,2026-10-08T01:13:22.644975+00:00,1976640911178291400,1976640911178291400,6,3,0,5,0,1,1,1,1791421879
2026-10-08T01:11:59+00:00,2026-10-08T01:13:22.644975+00:00,f55cdf0a-3d7b-491c-bed2-7dc0ef2062d5,489,10,1,0,6,0,1,1,1,1791421877
2026-10-08T01:11:59+00:00,2026-10-08T01:13:22.644975+00:00,800bde2c-51df-497c-ac2d-bc3a8c00c164,800bde2c-51df-497c-ac2d-bc3a8c00c164,0,0,0,15,0,1,1,1,1791421879
2026-10-08T01:11:59+00:00,2026-10-08T01:13:22.644975+00:00,2363c5a3-93cc-41a2-a767-90f1826c041f,426,0,0,0,27,0,1,1,1,1791421876
2026-10-08T01:11:59+00:00,2026-10-08T01:13:22.644975+00:00,8d535c23-f186-4161-aa10-17e94be6d4ae,436,5,4,3,6,1,1,1,1,1791421876
2026-10-08T01:11:59+00:00,2026-10-08T01:13:22.644975+00:00,77c1736c-a609-4453-94f7-8e4253a8193c,474,8,3,0,3,0,1,1,1,1791421881
2026-10-08T01:11:59+00:00,2026-10-08T01:13:22.644975+00:00,199f3d59-e726-4549-b9c1-4dfc8a343fdb,508,10,6,0,1,0,1,1,1,1791421881
2026-10-08T01:11:59+00:00,2026-10-08T01:13:22.644975+00:00,1919521884659886482,1919521884659886482,3,1,0,16,0,1,1,1,1791421882
2026-10-08T01:11:59+00:00,2026-10-08T01:13:22.644975+00:00,a825b55d-3ab3-481f-9c50-d3a7313e6843,228,0,0,0,19,0,1,1,1,1791421882
2026-10-08T01:11:59+00:00,2026-10-08T01:13:22.644975+00:00,2134720099473744344,2134720099473744344,3,0,0,18,0,1,1,1,1791421885
2026-10-08T01:11:59+00:00,2026-10-08T01:13:22.644975+00:00,1999644268058967024,1999644268058967024,23,1,0,1,0,1,1,1,1791421884
2026-10-08T01:11:59+00:00,2026-10-08T01:13:22.644975+00:00,2124664048772581794,2124664048772581794,3,0,0,8,0,1,1,1,1791421884
2026-10-08T01:11:59+00:00,2026-10-08T01:13:22.644975+00:00,2129149628430547474,2129149628430547474,16,3,0,0,0,1,1,1,1791421884
2026-10-08T01:11:59+00:00,2026-10-08T01:13:22.644975+00:00,f8351255-0de8-11e7-991c-3863bb43a7d0,174,8,3,2,5,0,1,1,1,1791421888
2026-10-08T01:11:59+00:00,2026-10-08T01:13:22.644975+00:00,acb27827-d69a-4287-b132-3f529ca62ad2,427,4,1,0,15,0,1,1,1,1791421884
2026-10-08T01:11:59+00:00,2026-10-08T01:13:22.644975+00:00,d1a5e406-718c-44b9-b9dd-e63605b888aa,555,8,7,0,7,0,1,1,1,1791421883
2026-10-08T01:11:59+00:00,2026-10-08T01:13:22.644975+00:00,f83473ea-0de8-11e7-991c-3863bb43a7d0,27,17,2,3,3,0,1,1,1,1791421886
2026-10-08T01:11:59+00:00,2026-10-08T01:13:22.644975+00:00,2149920539832638004,2149920539832638004,13,1,1,1,0,1,1,1,1791421888
2026-10-08T01:11:59+00:00,2026-10-08T01:13:22.644975+00:00,f834d34b-0de8-11e7-991c-3863bb43a7d0,120,18,3,0,21,0,1,1,1,1791421888
2026-10-08T01:11:59+00:00,2026-10-08T01:13:22.644975+00:00,f8350129-0de8-11e7-991c-3863bb43a7d0,149,11,0,0,7,0,1,1,1,1791421888
2026-10-08T01:11:59+00:00,2026-10-08T01:13:22.644975+00:00,2261583246847893606,2261583246847893606,14,8,1,4,0,1,1,1,1791421888
2026-10-08T01:11:59+00:00,2026-10-08T01:13:22.644975+00:00,e519df41-c4d7-403a-9afa-a5dd7cdd2d03,536,10,0,1,7,0,1,1,1,1791421891
2026-10-08T01:11:59+00:00,2026-10-08T01:13:22.644975+00:00,829fa5a8-cc88-4ab2-9f34-b481aaa1612e,259,9,0,0,6,0,1,1,1,1791421892
2026-10-08T01:11:59+00:00,2026-10-08T01:13:22.644975+00:00,5d17f129-af8c-4f30-bc58-6a8279052772,543,5,2,1,13,0,1,1,1,1791421889
2026-10-08T01:11:59+00:00,2026-10-08T01:13:22.644975+00:00,2126567695528519906,2126567695528519906,8,0,0,12,0,1,1,1,1791421890
2026-10-08T01:11:59+00:00,2026-10-08T01:13:22.644975+00:00,2113559364250874028,2113559364250874028,8,2,0,7,0,1,1,1,1791421893
2026-10-08T01:11:59+00:00,2026-10-08T01:13:22.644975+00:00,569f4952-5a25-4394-a419-f9c4d9cca6f3,495,15,4,1,2,0,1,1,1,1791421890
2026-10-08T01:11:59+00:00,2026-10-08T01:13:22.644975+00:00,8bc42f7f-753d-4cca-a7d6-0d7c2530ea2c,364,9,2,1,9,0,1,1,1,1791421895
2026-10-08T01:11:59+00:00,2026-10-08T01:13:22.644975+00:00,2251556760922290606,2251556760922290606,11,0,2,1,0,1,1,1,1791421894
2026-10-08T01:11:59+00:00,2026-10-08T01:13:22.644975+00:00,f8351569-0de8-11e7-991c-3863bb43a7d0,181,14,0,0,5,0,1,1,1,1791421895
2026-10-08T01:11:59+00:00,2026-10-08T01:13:22.644975+00:00,4b5de733-9353-4873-9dc2-9558b3cb063a,393,5,0,0,8,0,1,1,1,1791421895
2026-10-08T01:11:59+00:00,2026-10-08T01:13:22.644975+00:00,2036103727838931110,2036103727838931110,10,5,0,0,0,1,1,1,1791421895
2026-10-08T01:11:59+00:00,2026-10-08T01:13:22.644975+00:00,88b35b6d-f355-44dc-b85e-ed2eb1bc9099,406,11,4,0,8,0,1,1,1,1791421895
2026-10-08T01:11:59+00:00,2026-10-08T01:13:22.644975+00:00,f8349070-0de8-11e7-991c-3863bb43a7d0,61,2,0,0,17,0,1,1,1,1791421897
2026-10-08T01:11:59+00:00,2026-10-08T01:13:22.644975+00:00,1991921362058752616,1991921362058752616,0,0,0,20,0,1,1,1,1791421871
2026-10-08T01:11:59+00:00,2026-10-08T01:13:22.644975+00:00,f8351791-0de8-11e7-991c-3863bb43a7d0,186,12,0,0,3,0,1,1,1,1791421897
2026-10-08T01:11:59+00:00,2026-10-08T01:13:22.644975+00:00,f8352973-0de8-11e7-991c-3863bb43a7d0,210,6,1,0,9,0,1,1,1,1791421897
2026-10-08T01:11:59+00:00,2026-10-08T01:13:22.644975+00:00,f834f948-0de8-11e7-991c-3863bb43a7d0,138,12,0,1,1,0,1,1,1,1791421899
2026-10-08T01:11:59+00:00,2026-10-08T01:13:22.644975+00:00,f8352150-0de8-11e7-991c-3863bb43a7d0,196,2,2,0,8,0,1,1,1,1791421778
2026-10-08T01:11:59+00:00,2026-10-08T01:13:22.644975+00:00,e49a5b83-2c9c-4610-a48b-89cfea172c8f,504,6,0,0,5,0,1,1,1,1791421784
2026-10-08T01:11:59+00:00,2026-10-08T01:13:22.644975+00:00,f8348857-0de8-11e7-991c-3863bb43a7d0,55,4,0,0,11,0,1,1,1,1791421781
2026-10-08T01:11:59+00:00,2026-10-08T01:13:22.644975+00:00,f836bc28-36a7-4ca6-bba6-0d75333d84bb,538,14,1,1,4,0,1,1,1,1791421787
2026-10-08T01:11:59+00:00,2026-10-08T01:13:22.644975+00:00,50cc3c7f-50ed-4c70-b483-c89f3f47c938,491,17,1,0,2,0,1,1,1,1791421788
2026-10-08T01:11:59+00:00,2026-10-08T01:13:22.644975+00:00,f8346a3c-0de8-11e7-991c-3863bb43a7d0,10,0,0,2,9,0,1,1,1,1791421785
2026-10-08T01:11:59+00:00,2026-10-08T01:13:22.644975+00:00,2035765531590062506,2035765531590062506,7,1,3,1,0,1,1,1,1791421793
2026-10-08T01:11:59+00:00,2026-10-08T01:13:22.644975+00:00,609c2f06-310e-4134-8dd2-3d23aa41487b,609c2f06-310e-4134-8dd2-3d23aa41487b,20,4,1,1,0,1,1,1,1791421795
2026-10-08T01:11:59+00:00,2026-10-08T01:13:22.644975+00:00,a3b94ed8-8301-4ec6-baf2-64ac493b5106,529,1,0,0,13,0,1,1,1,1791421791
2026-10-08T01:11:59+00:00,2026-10-08T01:13:22.644975+00:00,a9d13461-7f0f-47b0-9a97-8ec9e9792865,533,16,1,1,2,0,1,1,1,1791421800
2026-10-08T01:11:59+00:00,2026-10-08T01:13:22.644975+00:00,25cc602a-152a-4abe-9df8-a131d0a5d94b,235,11,6,0,4,0,1,1,1,1791421801
2026-10-08T01:11:59+00:00,2026-10-08T01:13:22.644975+00:00,2fded452-cbd0-4248-b008-f8a61ed9a85f,2fded452-cbd0-4248-b008-f8a61ed9a85f,2,1,0,13,0,1,1,1,1791421802
2026-10-08T01:11:59+00:00,2026-10-08T01:13:22.644975+00:00,a9bc314b-a3fd-46e5-a63b-f005258bba5f,a9bc314b-a3fd-46e5-a63b-f005258bba5f,4,0,0,13,1,1,1,1,1791421798
2026-10-08T01:11:59+00:00,2026-10-08T01:13:22.644975+00:00,b0b8e427-7203-4844-9c70-129e08a74452,347,13,4,1,0,0,1,1,1,1791421805
2026-10-08T01:11:59+00:00,2026-10-08T01:13:22.644975+00:00,2002247509585342522,2002247509585342522,7,1,0,4,0,1,1,1,1791421806
2026-10-08T01:11:59+00:00,2026-10-08T01:13:22.644975+00:00,f834ffc9-0de8-11e7-991c-3863bb43a7d0,146,19,3,0,0,0,1,1,1,1791421805
2026-10-08T01:11:59+00:00,2026-10-08T01:13:22.644975+00:00,d81e16e2-a410-4a0b-b5ae-b72748fc9781,d81e16e2-a410-4a0b-b5ae-b72748fc9781,9,0,0,10,0,1,1,1,1791421806
2026-10-08T01:11:59+00:00,2026-10-08T01:13:22.644975+00:00,1984021766354634770,1984021766354634770,10,0,0,9,0,1,1,1,1791421804
2026-10-08T01:11:59+00:00,2026-10-08T01:13:22.644975+00:00,3c837bc0-fd08-49c4-adf5-0e9a98e918a7,524,7,0,1,7,0,1,1,1,1791421818
2026-10-08T01:11:59+00:00,2026-10-08T01:13:22.644975+00:00,31382324-2931-491a-827a-40149e45afee,232,5,0,0,6,0,1,1,1,1791421819
2026-10-08T01:11:59+00:00,2026-10-08T01:13:22.644975+00:00,66763558-7a03-48a9-8665-6b4445b81f48,458,14,7,0,1,0,1,1,1,1791421815
2026-10-08T01:11:59+00:00,2026-10-08T01:13:22.644975+00:00,57caf362-1e8b-46aa-9ee3-82341c405ab0,271,2,0,1,12,0,1,1,1,1791421812
2026-10-08T01:11:59+00:00,2026-10-08T01:13:22.644975+00:00,1206f5c8-7d1f-4c32-9d65-f3e80186fbde,511,8,5,1,10,0,1,1,1,1791421808
2026-10-08T01:11:59+00:00,2026-10-08T01:13:22.644975+00:00,f834923d-0de8-11e7-991c-3863bb43a7d0,65,5,0,0,14,0,1,1,1,1791421820
2026-10-08T01:11:59+00:00,2026-10-08T01:13:22.644975+00:00,f834b50a-0de8-11e7-991c-3863bb43a7d0,102,10,2,0,5,0,1,1,1,1791421822
2026-10-08T01:11:59+00:00,2026-10-08T01:13:22.644975+00:00,3de6e5da-9702-4623-8683-26abd98012a8,525,5,1,0,7,0,1,1,1,1791421827
2026-10-08T01:11:59+00:00,2026-10-08T01:13:22.644975+00:00,2100948177843249670,2100948177843249670,8,5,0,3,0,1,1,1,1791421824
2026-10-08T01:11:59+00:00,2026-10-08T01:13:22.644975+00:00,f8348021-0de8-11e7-991c-3863bb43a7d0,39,23,1,0,4,0,1,1,1,1791421829
2026-10-08T01:11:59+00:00,2026-10-08T01:13:22.644975+00:00,7dd0fc98-c1dd-4c93-9c1d-4bbdf5f93346,473,14,9,0,0,0,1,1,1,1791421829
2026-10-08T01:11:59+00:00,2026-10-08T01:13:22.644975+00:00,2256120653476329202,2256120653476329202,13,1,0,2,0,1,1,1,1791421828
2026-10-08T01:11:59+00:00,2026-10-08T01:13:22.644975+00:00,f8346c01-0de8-11e7-991c-3863bb43a7d0,13,3,3,0,16,0,1,1,1,1791421830
2026-10-08T01:11:59+00:00,2026-10-08T01:13:22.644975+00:00,dd008e3c-ff17-4c82-abe0-502272a62425,558,2,2,1,14,0,1,1,1,1791421831
2026-10-08T01:11:59+00:00,2026-10-08T01:13:22.644975+00:00,1961066392414132348,1961066392414132348,1,1,0,18,0,1,1,1,1791421830
2026-10-08T01:11:59+00:00,2026-10-08T01:13:22.644975+00:00,f8352c1a-0de8-11e7-991c-3863bb43a7d0,216,7,2,2,10,0,1,1,1,1791421840
2026-10-08T01:11:59+00:00,2026-10-08T01:13:22.644975+00:00,8b703219-1e16-4ba1-9f46-2b7030c7849a,360,3,2,2,10,0,1,1,1,1791421838
2026-10-08T01:11:59+00:00,2026-10-08T01:13:22.644975+00:00,be7e7068-b85f-42c1-8ea1-e1d64e531323,be7e7068-b85f-42c1-8ea1-e1d64e531323,10,5,0,5,0,1,1,1,1791421849
2026-10-08T01:11:59+00:00,2026-10-08T01:13:22.644975+00:00,f83514f9-0de8-11e7-991c-3863bb43a7d0,180,9,0,1,9,0,1,1,1,1791421849
2026-10-08T01:11:59+00:00,2026-10-08T01:13:22.644975+00:00,b5894555-30a3-46db-918a-fdeb083d6001,336,11,6,1,3,0,1,1,1,1791421848
2026-10-08T01:11:59+00:00,2026-10-08T01:13:22.644975+00:00,f8350be5-0de8-11e7-991c-3863bb43a7d0,160,0,0,1,13,0,1,1,1,1791421849
2026-10-08T01:11:59+00:00,2026-10-08T01:13:22.644975+00:00,2223046412750968128,2223046412750968128,4,1,0,15,0,1,1,1,1791421851
2026-10-08T01:11:59+00:00,2026-10-08T01:13:22.644975+00:00,13681246-4bf8-444a-a908-fa165e4ad298,329,12,2,2,1,0,1,1,1,1791421846
2026-10-08T01:11:59+00:00,2026-10-08T01:13:22.644975+00:00,f8353277-0de8-11e7-991c-3863bb43a7d0,218,0,0,0,15,0,1,1,1,1791421846
2026-10-08T01:11:59+00:00,2026-10-08T01:13:22.644975+00:00,f1cafe36-f800-41f6-b74d-73953cb6394c,471,1,0,0,26,0,1,1,1,1791421838
2026-10-08T01:11:59+00:00,2026-10-08T01:13:22.644975+00:00,efd724b2-31cb-4aec-b9d9-8ab79271630c,493,9,0,0,8,0,1,1,1,1791421853
2026-10-08T01:11:59+00:00,2026-10-08T01:13:22.644975+00:00,f835141c-0de8-11e7-991c-3863bb43a7d0,178,11,0,2,5,0,1,1,1,1791421852
2026-10-08T01:11:59+00:00,2026-10-08T01:13:22.644975+00:00,dc770287-c70c-43ea-a635-39f3dc6b09cd,dc770287-c70c-43ea-a635-39f3dc6b09cd,11,4,0,0,0,1,1,1,1791421883
2026-10-08T01:11:59+00:00,2026-10-08T01:13:22.644975+00:00,0bc49982-74e9-4bbf-9991-e3d809d6319e,530,11,5,0,8,0,1,1,1,1791421882
2026-10-08T01:11:59+00:00,2026-10-08T01:13:22.644975+00:00,0cb6d635-6a7d-4d75-89b4-36b12616be12,432,9,5,0,10,0,1,1,1,1791421883
2026-10-08T01:11:59+00:00,2026-10-08T01:13:22.644975+00:00,1e3beeb4-f8e1-452c-93e5-48df78d4b313,334,10,4,0,8,0,1,1,1,1791421882
2026-10-08T01:11:59+00:00,2026-10-08T01:13:22.644975+00:00,8f51f8f1-ecb8-4cd3-8529-296a03140c51,8f51f8f1-ecb8-4cd3-8529-296a03140c51,8,3,0,11,0,1,1,1,1791421881
2026-10-08T01:11:59+00:00,2026-10-08T01:13:22.644975+00:00,082262bd-086b-46c7-83ce-eed2b39142ff,416,3,1,0,12,0,1,1,1,1791421882
2026-10-08T01:11:59+00:00,2026-10-08T01:13:22.644975+00:00,f8352a4d-0de8-11e7-991c-3863bb43a7d0,212,14,0,2,16,0,1,1,1,1791421884
2026-10-08T01:11:59+00:00,2026-10-08T01:13:22.644975+00:00,2071724371800490690,2071724371800490690,10,2,0,10,0,1,1,1,1791421881
2026-10-08T01:11:59+00:00,2026-10-08T01:13:22.644975+00:00,2124668538068359456,2124668538068359456,13,0,0,6,0,1,1,1,1791421882
2026-10-08T01:11:59+00:00,2026-10-08T01:13:22.644975+00:00,4caf6e93-ddd7-4b6f-9e61-f9df1206ac92,4caf6e93-ddd7-4b6f-9e61-f9df1206ac92,13,10,0,6,0,1,1,1,1791421882
2026-10-08T01:11:59+00:00,2026-10-08T01:13:22.644975+00:00,f834d064-0de8-11e7-991c-3863bb43a7d0,118,6,0,0,13,0,1,1,1,1791421847
2026-10-08T01:11:59+00:00,2026-10-08T01:13:22.644975+00:00,910f1452-dbeb-4e69-b226-71b2d7e85715,910f1452-dbeb-4e69-b226-71b2d7e85715,8,8,0,2,0,1,1,1,1791421876
2026-10-08T01:11:59+00:00,2026-10-08T01:13:22.644975+00:00,f8351ff1-0de8-11e7-991c-3863bb43a7d0,193,10,2,1,4,0,1,1,1,1791421876
2026-10-08T01:11:59+00:00,2026-10-08T01:13:22.644975+00:00,3dbbb3cb-b52d-46f8-8f9c-db11e83d081c,327,10,6,0,5,0,1,1,1,1791421878
2026-10-08T01:11:59+00:00,2026-10-08T01:13:22.644975+00:00,634b697d-0e64-4102-8849-abac7a7f8e35,455,5,1,0,7,0,1,1,1,1791421879
2026-10-08T01:11:59+00:00,2026-10-08T01:13:22.644975+00:00,2080157934789007958,2080157934789007958,16,2,2,1,0,1,1,1,1791421879
2026-10-08T01:11:59+00:00,2026-10-08T01:13:22.644975+00:00,f835259f-0de8-11e7-991c-3863bb43a7d0,205,3,2,1,11,0,1,1,1,1791421879
2026-10-08T01:11:59+00:00,2026-10-08T01:13:22.644975+00:00,2111332861978124760,2111332861978124760,4,2,1,11,0,1,1,1,1791421879
2026-10-08T01:11:59+00:00,2026-10-08T01:13:22.644975+00:00,2004828637786472956,2004828637786472956,11,2,0,8,0,1,1,1,1791421876
2026-10-08T01:11:59+00:00,2026-10-08T01:13:22.644975+00:00,af066ffd-b892-434f-8532-1982fc408780,480,7,1,0,4,0,1,1,1,1791421843
2026-10-08T01:11:59+00:00,2026-10-08T01:13:22.644975+00:00,2253794653988522864,2253794653988522864,7,0,0,12,0,1,1,1,1791421858
2026-10-08T01:11:59+00:00,2026-10-08T01:13:22.644975+00:00,f834b652-0de8-11e7-991c-3863bb43a7d0,104,8,2,1,10,0,1,1,1,1791421858
2026-10-08T01:11:59+00:00,2026-10-08T01:13:22.644975+00:00,2113560016964645240,2113560016964645240,8,0,1,10,0,1,1,1,1791421862
2026-10-08T01:11:59+00:00,2026-10-08T01:13:22.644975+00:00,2131714490587826928,2131714490587826928,11,8,2,3,0,1,1,1,1791421860
2026-10-08T01:11:59+00:00,2026-10-08T01:13:22.644975+00:00,3f4f4ad4-a715-43d5-828f-f8381f26b66a,390,9,0,0,5,1,1,1,1,1791421857
2026-10-08T01:11:59+00:00,2026-10-08T01:13:22.644975+00:00,2248987790637065652,2248987790637065652,12,2,0,0,0,1,1,1,1791421860
2026-10-08T01:11:59+00:00,2026-10-08T01:13:22.644975+00:00,f834fda2-0de8-11e7-991c-3863bb43a7d0,143,6,0,0,17,0,1,1,1,1791421885
2026-10-08T01:11:59+00:00,2026-10-08T01:13:22.644975+00:00,a439fff7-8630-464c-b277-efca6f6bc664,531,12,4,2,0,0,1,1,1,1791421884
2026-10-08T01:11:59+00:00,2026-10-08T01:13:22.644975+00:00,2012646293885032702,2012646293885032702,16,0,0,8,0,1,1,1,1791421889
2026-10-08T01:11:59+00:00,2026-10-08T01:13:22.644975+00:00,f834a32d-0de8-11e7-991c-3863bb43a7d0,86,18,2,1,6,0,1,1,1,1791421890
2026-10-08T01:11:59+00:00,2026-10-08T01:13:22.644975+00:00,c98f50f6-1901-4c64-b164-8cf33245e022,282,16,1,1,0,1,1,1,1,1791421891
2026-10-08T01:11:59+00:00,2026-10-08T01:13:22.644975+00:00,3b158c7a-a362-43ae-af1f-121b78be32d7,483,6,2,1,10,0,1,1,1,1791421891
2026-10-08T01:11:59+00:00,2026-10-08T01:13:22.644975+00:00,f8348781-0de8-11e7-991c-3863bb43a7d0,53,9,0,1,10,0,1,1,1,1791421892
2026-10-08T01:11:59+00:00,2026-10-08T01:13:22.644975+00:00,f8348924-0de8-11e7-991c-3863bb43a7d0,57,14,1,0,0,0,1,1,1,1791421892
2026-10-08T01:11:59+00:00,2026-10-08T01:13:22.644975+00:00,2115804056935012722,2115804056935012722,0,0,0,18,0,1,1,1,1791421887
2026-10-08T01:11:59+00:00,2026-10-08T01:13:22.644975+00:00,f8347361-0de8-11e7-991c-3863bb43a7d0,26,10,0,0,5,0,1,1,1,1791421886
2026-10-08T01:11:59+00:00,2026-10-08T01:13:22.644975+00:00,3a6d94a7-9fee-41c5-b8cc-a8487c5e691b,549,21,0,0,2,0,1,1,1,1791421887
2026-10-08T01:11:59+00:00,2026-10-08T01:13:22.644975+00:00,dd8dee9d-d044-41d6-9371-8463cf9c671b,526,6,3,0,8,1,1,1,1,1791421887
2026-10-08T01:11:59+00:00,2026-10-08T01:13:22.644975+00:00,f834fb66-0de8-11e7-991c-3863bb43a7d0,139,17,3,2,0,0,1,1,1,1791421893
2026-10-08T01:11:59+00:00,2026-10-08T01:13:22.644975+00:00,2120986392451359068,2120986392451359068,5,0,0,14,0,1,1,1,1791421893
2026-10-08T01:11:59+00:00,2026-10-08T01:13:22.644975+00:00,fbb9b58c-2b92-4bcf-8e4c-a982e40d2f39,221,1,0,1,17,0,1,1,1,1791421893
2026-10-08T01:11:59+00:00,2026-10-08T01:13:22.644975+00:00,f83472d3-0de8-11e7-991c-3863bb43a7d0,25,15,2,0,0,0,1,1,1,1791421894
2026-10-08T01:11:59+00:00,2026-10-08T01:13:22.644975+00:00,2074236051937964826,2074236051937964826,14,0,0,1,1,1,1,1,1791421892
2026-10-08T01:11:59+00:00,2026-10-08T01:13:22.644975+00:00,ee0fa23e-a6c2-474d-a6ef-bf581d63f1ae,ee0fa23e-a6c2-474d-a6ef-bf581d63f1ae,4,0,0,7,0,1,1,1,1791421893
2026-10-08T01:11:59+00:00,2026-10-08T01:13:22.644975+00:00,4764641e-b080-4c70-a1e1-049de81e09d0,273,26,4,3,12,0,1,1,1,1791421864
2026-10-08T01:11:59+00:00,2026-10-08T01:13:22.644975+00:00,2136546016037880534,2136546016037880534,4,1,0,11,0,1,1,1,1791421865
2026-10-08T01:11:59+00:00,2026-10-08T01:13:22.644975+00:00,f8352306-0de8-11e7-991c-3863bb43a7d0,199,8,2,1,6,0,1,1,1,1791421866
2026-10-08T01:11:59+00:00,2026-10-08T01:13:22.644975+00:00,2126939746529359956,2126939746529359956,9,4,0,10,0,1,1,1,1791421866
2026-10-08T01:11:59+00:00,2026-10-08T01:13:22.644975+00:00,f8349de4-0de8-11e7-991c-3863bb43a7d0,80,0,0,0,34,0,1,1,1,1791421867
2026-10-08T01:11:59+00:00,2026-10-08T01:13:22.644975+00:00,2171110977443594588,2171110977443594588,8,0,1,6,0,1,1,1,1791421863
2026-10-08T01:11:59+00:00,2026-10-08T01:13:22.644975+00:00,a51b429f-bf06-425a-b3fe-b3155aa6468c,a51b429f-bf06-425a-b3fe-b3155aa6468c,10,2,0,1,0,1,1,1,1791421863
2026-10-08T01:11:59+00:00,2026-10-08T01:13:22.644975+00:00,dd05a440-f881-410c-a071-864da11c634a,318,0,0,0,19,0,1,1,1,1791421863
2026-10-08T01:11:59+00:00,2026-10-08T01:13:22.644975+00:00,f8351e42-0de8-11e7-991c-3863bb43a7d0,189,0,0,0,23,0,1,1,1,1791421867
2026-10-08T01:11:59+00:00,2026-10-08T01:13:22.644975+00:00,f83487f0-0de8-11e7-991c-3863bb43a7d0,54,2,0,0,13,0,1,1,1,1791421870
2026-10-08T01:11:59+00:00,2026-10-08T01:13:22.644975+00:00,c935cfb1-ef73-402e-9b86-83aaaac6534d,478,4,0,1,14,0,1,1,1,1791421874
2026-10-08T01:11:59+00:00,2026-10-08T01:13:22.644975+00:00,f8349d6e-0de8-11e7-991c-3863bb43a7d0,79,17,2,0,1,0,1,1,1,1791421874
2026-10-08T01:11:59+00:00,2026-10-08T01:13:22.644975+00:00,1963273678015717438,1963273678015717438,4,2,0,15,0,1,1,1,1791421874
2026-10-08T01:11:59+00:00,2026-10-08T01:13:22.644975+00:00,ee18dbd6-05b8-4d38-a120-f84c3499a77e,519,5,1,0,6,0,1,1,1,1791421870
2026-10-08T01:11:59+00:00,2026-10-08T01:13:22.644975+00:00,1994461916590643872,1994461916590643872,10,2,1,0,0,1,1,1,1791421875
2026-10-08T01:11:59+00:00,2026-10-08T01:13:22.644975+00:00,e3f5d039-a49e-4b3b-ab4d-4efbef2068c6,e3f5d039-a49e-4b3b-ab4d-4efbef2068c6,13,3,1,8,0,1,1,1,1791421896
2026-10-08T01:11:59+00:00,2026-10-08T01:13:22.644975+00:00,f834db9b-0de8-11e7-991c-3863bb43a7d0,121,14,5,0,4,0,1,1,1,1791421896
2026-10-08T01:11:59+00:00,2026-10-08T01:13:22.644975+00:00,fae99a0c-e88a-4112-94d8-f655cf34e651,fae99a0c-e88a-4112-94d8-f655cf34e651,2,0,2,15,0,1,1,1,1791421896
2026-10-08T01:11:59+00:00,2026-10-08T01:13:22.644975+00:00,2079440939380771716,2079440939380771716,1,1,1,9,0,1,1,1,1791421896
2026-10-08T01:11:59+00:00,2026-10-08T01:13:22.644975+00:00,2158217922577811100,2158217922577811100,5,0,0,14,0,1,1,1,1791421896
2026-10-08T01:11:59+00:00,2026-10-08T01:13:22.644975+00:00,f8349672-0de8-11e7-991c-3863bb43a7d0,72,0,0,0,23,0,1,1,1,1791421897
2026-10-08T01:11:59+00:00,2026-10-08T01:13:22.644975+00:00,f4a64c30-b97f-4ae5-b531-a11698b558d7,562,6,2,0,3,0,1,1,1,1791421897
2026-10-08T01:11:59+00:00,2026-10-08T01:13:22.644975+00:00,f834ff5a-0de8-11e7-991c-3863bb43a7d0,145,5,0,1,13,0,1,1,1,1791421898
2026-10-08T01:11:59+00:00,2026-10-08T01:13:22.644975+00:00,f8350c56-0de8-11e7-991c-3863bb43a7d0,161,14,2,1,8,0,1,1,1,1791421898
2026-10-08T01:11:59+00:00,2026-10-08T01:13:22.644975+00:00,f835027c-0de8-11e7-991c-3863bb43a7d0,152,9,0,0,18,0,1,1,1,1791421898
2026-10-08T01:11:59+00:00,2026-10-08T01:13:22.644975+00:00,68323451-daf0-4532-a6cb-b070e3ef358f,68323451-daf0-4532-a6cb-b070e3ef358f,3,0,0,16,0,1,1,1,1791421898
2026-10-08T01:11:59+00:00,2026-10-08T01:13:22.644975+00:00,2271594282663217386,2271594282663217386,3,3,0,8,0,1,1,1,1791421592
2026-10-08T01:11:59+00:00,2026-10-08T01:13:22.644975+00:00,2212663228188806942,2212663228188806942,11,1,0,13,0,1,1,1,1791421731
2026-10-08T01:11:59+00:00,2026-10-08T01:13:22.644975+00:00,f0f01d4c-ba4a-4ab2-9cc0-9fa1f9223300,394,4,1,0,10,0,1,1,1,1791421778
2026-10-08T01:11:59+00:00,2026-10-08T01:13:22.644975+00:00,9f582e05-15e0-4a39-aef5-c719e0c78e26,466,2,1,2,7,0,1,1,1,1791421778
2026-10-08T01:11:59+00:00,2026-10-08T01:13:22.644975+00:00,f83512c9-0de8-11e7-991c-3863bb43a7d0,175,9,3,1,7,0,1,1,1,1791421783
2026-10-08T01:11:59+00:00,2026-10-08T01:13:22.644975+00:00,2104f242-2dde-4ec0-8197-4454b1021ac1,381,21,3,0,2,1,1,1,1,1791421783
2026-10-08T01:11:59+00:00,2026-10-08T01:13:22.644975+00:00,47c44bb1-d065-41f5-ad79-c18aee60af34,342,7,0,0,8,0,1,1,1,1791421790
2026-10-08T01:11:59+00:00,2026-10-08T01:13:22.644975+00:00,1942556871369959976,1942556871369959976,13,5,0,6,0,1,1,1,1791421787
2026-10-08T01:11:59+00:00,2026-10-08T01:13:22.644975+00:00,0b0467c1-0c90-4529-a556-fe4d57835bbb,435,12,10,0,2,1,1,1,1,1791421793
2026-10-08T01:11:59+00:00,2026-10-08T01:13:22.644975+00:00,f834b99d-0de8-11e7-991c-3863bb43a7d0,107,0,0,1,18,0,1,1,1,1791421794
2026-10-08T01:11:59+00:00,2026-10-08T01:13:22.644975+00:00,f8347b1e-0de8-11e7-991c-3863bb43a7d0,30,3,1,0,12,0,1,1,1,1791421792
2026-10-08T01:11:59+00:00,2026-10-08T01:13:22.644975+00:00,1921360868231155718,1921360868231155718,0,0,1,18,0,1,1,1,1791421792
2026-10-08T01:11:59+00:00,2026-10-08T01:13:22.644975+00:00,f83529e2-0de8-11e7-991c-3863bb43a7d0,211,9,1,1,5,0,1,1,1,1791421798
2026-10-08T01:11:59+00:00,2026-10-08T01:13:22.644975+00:00,93381e13-cd04-4e10-ac81-9f5926aa01d5,333,7,1,1,17,0,1,1,1,1791421798
2026-10-08T01:11:59+00:00,2026-10-08T01:13:22.644975+00:00,7c860828-3359-4229-b59b-963f5a4bab00,236,8,0,3,1,0,1,1,1,1791421798
2026-10-08T01:11:59+00:00,2026-10-08T01:13:22.644975+00:00,2123672938202825324,2123672938202825324,13,0,0,2,0,1,1,1,1791421800
2026-10-08T01:11:59+00:00,2026-10-08T01:13:22.644975+00:00,42886366-9cbf-432c-ba84-beef38877c87,408,14,4,1,0,0,1,1,1,1791421795
2026-10-08T01:11:59+00:00,2026-10-08T01:13:22.644975+00:00,f834ba08-0de8-11e7-991c-3863bb43a7d0,108,0,0,0,16,0,1,1,1,1791421796
2026-10-08T01:11:59+00:00,2026-10-08T01:13:22.644975+00:00,2225590560002383786,2225590560002383786,0,0,0,15,0,1,1,1,1791421803
2026-10-08T01:11:59+00:00,2026-10-08T01:13:22.644975+00:00,f8285d4f-5053-4e26-bb28-72016fe11353,405,12,0,1,6,0,1,1,1,1791421803
2026-10-08T01:11:59+00:00,2026-10-08T01:13:22.644975+00:00,7feae3ce-ddf2-4a45-a123-1209c8a9182b,484,2,0,0,9,0,1,1,1,1791421803
2026-10-08T01:11:59+00:00,2026-10-08T01:13:22.644975+00:00,f834a3a0-0de8-11e7-991c-3863bb43a7d0,87,15,4,0,0,0,1,1,1,1791421802
2026-10-08T01:11:59+00:00,2026-10-08T01:13:22.644975+00:00,2212258635631104970,2212258635631104970,4,1,0,19,0,1,1,1,1791421803
2026-10-08T01:11:59+00:00,2026-10-08T01:13:22.644975+00:00,81676204-e42f-4d3d-991e-9c1264f36229,357,15,1,0,0,0,1,1,1,1791421800
2026-10-08T01:11:59+00:00,2026-10-08T01:13:22.644975+00:00,12d463d2-ce50-43bd-81b1-6be4dbdbbc1b,430,13,4,0,6,0,1,1,1,1791421810
2026-10-08T01:11:59+00:00,2026-10-08T01:13:22.644975+00:00,2040842277416872172,2040842277416872172,1,0,0,15,0,1,1,1,1791421808
2026-10-08T01:11:59+00:00,2026-10-08T01:13:22.644975+00:00,f83515d8-0de8-11e7-991c-3863bb43a7d0,182,15,0,0,4,0,1,1,1,1791421808
2026-10-08T01:11:59+00:00,2026-10-08T01:13:22.644975+00:00,0daf7408-7a15-4d2b-8c39-f1a097cdbe85,403,15,2,0,0,0,1,1,1,1791421810
2026-10-08T01:11:59+00:00,2026-10-08T01:13:22.644975+00:00,f834f8ca-0de8-11e7-991c-3863bb43a7d0,137,16,9,0,3,0,1,1,1,1791421812
2026-10-08T01:11:59+00:00,2026-10-08T01:13:22.644975+00:00,fe534b6f-61ad-47d3-b9f6-cdaa128f53a4,395,4,0,2,9,0,1,1,1,1791421818
2026-10-08T01:11:59+00:00,2026-10-08T01:13:22.644975+00:00,e2c306f6-82c7-4d0d-89fd-c9452d2f9ad1,361,17,0,2,24,0,1,1,1,1791421818
2026-10-08T01:11:59+00:00,2026-10-08T01:13:22.644975+00:00,9e9be067-c6bb-41de-9491-eda69d24d6de,371,11,7,0,7,1,1,1,1,1791421821
2026-10-08T01:11:59+00:00,2026-10-08T01:13:22.644975+00:00,1976642295079838524,1976642295079838524,8,0,1,2,0,1,1,1,1791421821
2026-10-08T01:11:59+00:00,2026-10-08T01:13:22.644975+00:00,7df1ee28-441e-44c1-8507-8f58946be96b,239,5,0,0,10,0,1,1,1,1791421820
2026-10-08T01:11:59+00:00,2026-10-08T01:13:22.644975+00:00,f8346f6f-0de8-11e7-991c-3863bb43a7d0,19,10,2,0,4,0,1,1,1,1791421822
2026-10-08T01:11:59+00:00,2026-10-08T01:13:22.644975+00:00,d1c0b0c2-6e4c-424e-a946-a2a95a711633,422,5,1,0,10,0,1,1,1,1791421823
2026-10-08T01:11:59+00:00,2026-10-08T01:13:22.644975+00:00,f8348a68-0de8-11e7-991c-3863bb43a7d0,60,2,0,0,16,0,1,1,1,1791421825
2026-10-08T01:11:59+00:00,2026-10-08T01:13:22.644975+00:00,f8349e56-0de8-11e7-991c-3863bb43a7d0,81,0,0,0,19,0,1,1,1,1791421825
2026-10-08T01:11:59+00:00,2026-10-08T01:13:22.644975+00:00,8347c34d-68df-404b-ac58-7a387cc3ce4b,414,5,2,0,18,0,1,1,1,1791421829
2026-10-08T01:11:59+00:00,2026-10-08T01:13:22.644975+00:00,aa556ad4-0092-4687-96c2-8dbc69addb56,485,2,1,2,7,0,1,1,1,1791421830
2026-10-08T01:11:59+00:00,2026-10-08T01:13:22.644975+00:00,f8350a84-0de8-11e7-991c-3863bb43a7d0,157,0,0,1,14,0,1,1,1,1791421825
2026-10-08T01:11:59+00:00,2026-10-08T01:13:22.644975+00:00,f8351490-0de8-11e7-991c-3863bb43a7d0,179,15,0,4,33,1,1,1,1,1791421835
2026-10-08T01:11:59+00:00,2026-10-08T01:13:22.644975+00:00,f83481c5-0de8-11e7-991c-3863bb43a7d0,42,5,0,0,25,0,1,1,1,1791421835
2026-10-08T01:11:59+00:00,2026-10-08T01:13:22.644975+00:00,2038981933682610536,2038981933682610536,8,3,0,8,0,1,1,1,1791421832
2026-10-08T01:11:59+00:00,2026-10-08T01:13:22.644975+00:00,f714390d-6874-43fa-a079-a07f83c79c7b,f714390d-6874-43fa-a079-a07f83c79c7b,5,0,0,6,0,1,1,1,1791421832
2026-10-08T01:11:59+00:00,2026-10-08T01:13:22.644975+00:00,2014558273483754010,2014558273483754010,15,4,0,4,0,1,1,1,1791421838
2026-10-08T01:11:59+00:00,2026-10-08T01:13:22.644975+00:00,2109111257926871498,2109111257926871498,17,5,0,2,0,1,1,1,1791421839
2026-10-08T01:11:59+00:00,2026-10-08T01:13:22.644975+00:00,5f8ced09-665c-41e5-b67e-1e58fac21830,521,1,1,0,10,0,1,1,1,1791421840
2026-10-08T01:11:59+00:00,2026-10-08T01:13:22.644975+00:00,53548ba4-ad0a-4d92-8e57-fd5c9f3ad102,399,4,0,0,11,0,1,1,1,1791421838
2026-10-08T01:11:59+00:00,2026-10-08T01:13:22.644975+00:00,f834ec42-0de8-11e7-991c-3863bb43a7d0,131,16,1,1,1,0,1,1,1,1791421838
2026-10-08T01:11:59+00:00,2026-10-08T01:13:22.644975+00:00,4c128753-6fde-4d4c-896e-a1adf89ada98,4c128753-6fde-4d4c-896e-a1adf89ada98,2,1,2,20,1,1,1,1,1791421840
2026-10-08T01:11:59+00:00,2026-10-08T01:13:22.644975+00:00,12141b77-6e5f-444b-bace-2abf16db4fee,12141b77-6e5f-444b-bace-2abf16db4fee,9,5,0,2,0,1,1,1,1791421845
2026-10-08T01:11:59+00:00,2026-10-08T01:13:22.644975+00:00,6e340d8e-45db-4fd9-b6eb-b74ec73b0d3e,535,5,1,3,7,0,1,1,1,1791421843
2026-10-08T01:11:59+00:00,2026-10-08T01:13:22.644975+00:00,be18593a-9e4c-4a13-8bb2-a5bac3d9b2b3,547,11,3,0,7,0,1,1,1,1791421846
2026-10-08T01:11:59+00:00,2026-10-08T01:13:22.644975+00:00,81bfc33b-30d8-4881-b261-712715a8b2bc,363,9,0,0,8,1,1,1,1,1791421845
2026-10-08T01:11:59+00:00,2026-10-08T01:13:22.644975+00:00,00802fe6-4268-4dc8-8f55-0dbbc1665ce6,515,11,0,0,8,0,1,1,1,1791421848
2026-10-08T01:11:59+00:00,2026-10-08T01:13:22.644975+00:00,9c8366d8-3b58-4894-b281-09e22f6fe5f7,464,11,4,0,0,0,1,1,1,1791421849
2026-10-08T01:11:59+00:00,2026-10-08T01:13:22.644975+00:00,f834ab92-0de8-11e7-991c-3863bb43a7d0,95,15,0,0,0,0,1,1,1,1791421849
2026-10-08T01:11:59+00:00,2026-10-08T01:13:22.644975+00:00,2131760674371160748,2131760674371160748,2,0,1,17,0,1,1,1,1791421850
2026-10-08T01:11:59+00:00,2026-10-08T01:13:22.644975+00:00,9340e113-e0b2-48ac-b58a-8b6f001b0a94,486,4,1,0,7,0,1,1,1,1791421842
2026-10-08T01:11:59+00:00,2026-10-08T01:13:22.644975+00:00,f8352068-0de8-11e7-991c-3863bb43a7d0,194,9,1,0,10,0,1,1,1,1791421841
2026-10-08T01:11:59+00:00,2026-10-08T01:13:22.644975+00:00,bd3d4824-7203-4edc-a314-cea2b413e886,319,9,1,0,17,1,1,1,1,1791421852
2026-10-08T01:11:59+00:00,2026-10-08T01:13:22.644975+00:00,f835108b-0de8-11e7-991c-3863bb43a7d0,170,1,0,0,13,0,1,1,1,1791421852
2026-10-08T01:11:59+00:00,2026-10-08T01:13:22.644975+00:00,1989983491501558234,1989983491501558234,1,0,0,10,0,1,1,1,1791421851
2026-10-08T01:11:59+00:00,2026-10-08T01:13:22.644975+00:00,f8350204-0de8-11e7-991c-3863bb43a7d0,151,1,0,0,18,0,1,1,1,1791421853
2026-10-08T01:11:59+00:00,2026-10-08T01:13:22.644975+00:00,2130224177726511580,2130224177726511580,7,0,0,8,0,1,1,1,1791421853
2026-10-08T01:11:59+00:00,2026-10-08T01:13:22.644975+00:00,f834a7d1-0de8-11e7-991c-3863bb43a7d0,91,0,0,1,18,0,1,1,1,1791421853
2026-10-08T01:11:59+00:00,2026-10-08T01:13:22.644975+00:00,f834ea45-0de8-11e7-991c-3863bb43a7d0,130,7,2,1,7,0,1,1,1,1791421854
2026-10-08T01:11:59+00:00,2026-10-08T01:13:22.644975+00:00,186accbb-6a08-4e1d-b267-9033c4443a56,401,9,1,0,6,0,1,1,1,1791421854
2026-10-08T01:11:59+00:00,2026-10-08T01:13:22.644975+00:00,c5017e67-cada-4549-a52e-0f13dddd289d,424,4,2,0,15,0,1,1,1,1791421854
2026-10-08T01:11:59+00:00,2026-10-08T01:13:22.644975+00:00,f83480a9-0de8-11e7-991c-3863bb43a7d0,40,24,1,0,7,0,1,1,1,1791421858
2026-10-08T01:11:59+00:00,2026-10-08T01:13:22.644975+00:00,2d32e355-faee-407b-9bb7-45d80ffb059a,2d32e355-faee-407b-9bb7-45d80ffb059a,0,0,0,19,0,1,1,1,1791421858
2026-10-08T01:11:59+00:00,2026-10-08T01:13:22.644975+00:00,5bbdd12f-fec4-4741-9d5d-4a60834c5d02,377,3,2,0,16,0,1,1,1,1791421859
2026-10-08T01:11:59+00:00,2026-10-08T01:13:22.644975+00:00,1a39ab83-f029-4134-aad4-35380b30bf2c,1a39ab83-f029-4134-aad4-35380b30bf2c,3,0,0,16,0,1,1,1,1791421857
2026-10-08T01:11:59+00:00,2026-10-08T01:13:22.644975+00:00,c202f2ca-ec1d-4dc5-a734-e0a342f23ba4,279,22,5,1,0,0,1,1,1,1791421861
2026-10-08T01:11:59+00:00,2026-10-08T01:13:22.644975+00:00,2129865213174084448,2129865213174084448,13,5,0,6,0,1,1,1,1791421864
2026-10-08T01:11:59+00:00,2026-10-08T01:13:22.644975+00:00,2076849845777355316,2076849845777355316,21,1,2,6,3,1,1,1,1791421864
2026-10-08T01:11:59+00:00,2026-10-08T01:13:22.644975+00:00,2118368356250680236,2118368356250680236,1,0,0,15,0,1,1,1,1791421864
2026-10-08T01:11:59+00:00,2026-10-08T01:13:22.644975+00:00,ed6c012e-6d6c-41e7-8e01-90749fd67575,546,8,7,0,8,0,1,1,1,1791421865
2026-10-08T01:11:59+00:00,2026-10-08T01:13:22.644975+00:00,2071630998981871920,2071630998981871920,12,4,1,7,0,1,1,1,1791421864
2026-10-08T01:11:59+00:00,2026-10-08T01:13:22.644975+00:00,228b8017-e4da-4722-9223-b8279a14b8ad,448,0,0,0,10,0,1,1,1,1791421864
2026-10-08T01:11:59+00:00,2026-10-08T01:13:22.644975+00:00,f835260c-0de8-11e7-991c-3863bb43a7d0,206,5,0,0,35,0,1,1,1,1791421866
2026-10-08T01:11:59+00:00,2026-10-08T01:13:22.644975+00:00,2245672241002318634,2245672241002318634,7,0,1,10,0,1,1,1,1791421865
2026-10-08T01:11:59+00:00,2026-10-08T01:13:22.644975+00:00,a75d3da1-ce74-447f-8e80-52506a81aff3,a75d3da1-ce74-447f-8e80-52506a81aff3,8,4,0,3,0,1,1,1,1791421866
2026-10-08T01:11:59+00:00,2026-10-08T01:13:22.644975+00:00,f8351dc2-0de8-11e7-991c-3863bb43a7d0,188,10,3,0,5,0,1,1,1,1791421869
2026-10-08T01:11:59+00:00,2026-10-08T01:13:22.644975+00:00,4f25f6ef-236b-43b4-8a92-68a24db0504b,4f25f6ef-236b-43b4-8a92-68a24db0504b,12,5,0,2,0,1,1,1,1791421872
2026-10-08T01:11:59+00:00,2026-10-08T01:13:22.644975+00:00,f8351eb0-0de8-11e7-991c-3863bb43a7d0,190,37,5,0,0,0,1,1,1,1791421872
2026-10-08T01:11:59+00:00,2026-10-08T01:13:22.644975+00:00,2151136782588526782,2151136782588526782,4,1,0,7,0,1,1,1,1791421873
2026-10-08T01:11:59+00:00,2026-10-08T01:13:22.644975+00:00,bd1755dc-f26c-420e-85b3-fd025d0b5445,554,0,0,0,15,0,1,1,1,1791421871
2026-10-08T01:11:59+00:00,2026-10-08T01:13:22.644975+00:00,2249419943962214726,2249419943962214726,8,3,0,11,0,1,1,1,1791421872
2026-10-08T01:11:59+00:00,2026-10-08T01:13:22.644975+00:00,1676a6f7-c417-48d2-92e8-5ce21995efc3,374,0,0,0,18,0,1,1,1,1791421868
2026-10-08T01:11:59+00:00,2026-10-08T01:13:22.644975+00:00,f834caf2-0de8-11e7-991c-3863bb43a7d0,114,7,1,0,8,0,1,1,1,1791421866
2026-10-08T01:11:59+00:00,2026-10-08T01:13:22.644975+00:00,eee3aab6-bd98-4d1f-8887-9c4e2adce482,eee3aab6-bd98-4d1f-8887-9c4e2adce482,10,4,1,0,0,1,1,1,1791421871
2026-10-08T01:11:59+00:00,2026-10-08T01:13:22.644975+00:00,2098360140389493528,2098360140389493528,6,5,3,2,0,1,1,1,1791421875
2026-10-08T01:11:59+00:00,2026-10-08T01:13:22.644975+00:00,9cc65d3d-cfcc-45ff-8f75-7264556b1cf9,9cc65d3d-cfcc-45ff-8f75-7264556b1cf9,12,5,0,7,0,1,1,1,1791421875
2026-10-08T01:11:59+00:00,2026-10-08T01:13:22.644975+00:00,065e0e5d-8a0d-49b7-9c1f-c8eaba51a8b4,490,12,4,1,5,0,1,1,1,1791421875
2026-10-08T01:11:59+00:00,2026-10-08T01:13:22.644975+00:00,f83520d8-0de8-11e7-991c-3863bb43a7d0,195,4,0,0,19,0,1,1,1,1791421876
2026-10-08T01:11:59+00:00,2026-10-08T01:13:22.644975+00:00,f8349ed6-0de8-11e7-991c-3863bb43a7d0,82,17,4,1,7,0,1,1,1,1791421877
2026-10-08T01:11:59+00:00,2026-10-08T01:13:22.644975+00:00,2002579415401984808,2002579415401984808,6,2,0,5,0,1,1,1,1791421876
2026-10-08T01:11:59+00:00,2026-10-08T01:13:22.644975+00:00,13d4171b-6d93-490e-923f-f2a17d5c7613,13d4171b-6d93-490e-923f-f2a17d5c7613,3,1,0,8,0,1,1,1,1791421874
2026-10-08T01:11:59+00:00,2026-10-08T01:13:22.644975+00:00,2002248857751890568,2002248857751890568,9,6,1,1,0,1,1,1,1791421877
2026-10-08T01:11:59+00:00,2026-10-08T01:13:22.644975+00:00,f83471a1-0de8-11e7-991c-3863bb43a7d0,23,0,0,0,24,1,1,1,1,1791421877
2026-10-08T01:11:59+00:00,2026-10-08T01:13:22.644975+00:00,2093488029445054742,2093488029445054742,0,0,0,28,0,1,1,1,1791421878
2026-10-08T01:11:59+00:00,2026-10-08T01:13:22.644975+00:00,52485851-e554-49de-ab9f-f536806d2d34,52485851-e554-49de-ab9f-f536806d2d34,4,4,0,6,0,1,1,1,1791421878
2026-10-08T01:11:59+00:00,2026-10-08T01:13:22.644975+00:00,2035660824473983142,2035660824473983142,7,0,0,11,1,1,1,1,1791421881
2026-10-08T01:11:59+00:00,2026-10-08T01:13:22.644975+00:00,f834dc46-0de8-11e7-991c-3863bb43a7d0,122,9,0,1,5,0,1,1,1,1791421881
2026-10-08T01:11:59+00:00,2026-10-08T01:13:22.644975+00:00,fe6a64e7-c712-404c-85ae-ee77a37245b1,355,6,1,1,10,0,1,1,1,1791421879
2026-10-08T01:11:59+00:00,2026-10-08T01:13:22.644975+00:00,e32c0bb9-e85b-4764-b0fb-5c582cfd3a90,340,14,8,1,2,1,1,1,1,1791421879
2026-10-08T01:11:59+00:00,2026-10-08T01:13:22.644975+00:00,f83483f3-0de8-11e7-991c-3863bb43a7d0,46,2,0,1,36,0,1,1,1,1791421878
2026-10-08T01:11:59+00:00,2026-10-08T01:13:22.644975+00:00,f8352378-0de8-11e7-991c-3863bb43a7d0,200,9,0,0,10,0,1,1,1,1791421879
2026-10-08T01:11:59+00:00,2026-10-08T01:13:22.644975+00:00,ad2fb6f2-921f-440c-83de-08be76e35c2a,468,2,0,1,11,0,1,1,1,1791421882
2026-10-08T01:11:59+00:00,2026-10-08T01:13:22.644975+00:00,c1789d39-705f-4c03-9c14-4d6a3a4f4400,561,6,0,0,13,0,1,1,1,1791421886
2026-10-08T01:11:59+00:00,2026-10-08T01:13:22.644975+00:00,403c0f6c-d01a-4171-a7be-3aa4dbb0d7d1,407,5,3,2,11,0,1,1,1,1791421884
2026-10-08T01:11:59+00:00,2026-10-08T01:13:22.644975+00:00,a3bf0bfe-198b-4160-a2fb-cc7d10cfb4cf,a3bf0bfe-198b-4160-a2fb-cc7d10cfb4cf,19,7,0,0,0,1,1,1,1791421884
2026-10-08T01:11:59+00:00,2026-10-08T01:13:22.644975+00:00,a83f982f-a4f1-43e4-98e8-c8f4a0bb7290,452,12,0,1,1,0,1,1,1,1791421885
2026-10-08T01:11:59+00:00,2026-10-08T01:13:22.644975+00:00,2254164250455119196,2254164250455119196,6,6,0,9,0,1,1,1,1791421883
2026-10-08T01:11:59+00:00,2026-10-08T01:13:22.644975+00:00,f834a838-0de8-11e7-991c-3863bb43a7d0,92,15,0,0,3,0,1,1,1,1791421887
2026-10-08T01:11:59+00:00,2026-10-08T01:13:22.644975+00:00,1978882443666915710,1978882443666915710,5,0,0,12,1,1,1,1,1791421886
2026-10-08T01:11:59+00:00,2026-10-08T01:13:22.644975+00:00,2007420398783036020,2007420398783036020,8,2,0,12,0,1,1,1,1791421886
2026-10-08T01:11:59+00:00,2026-10-08T01:13:22.644975+00:00,f8351726-0de8-11e7-991c-3863bb43a7d0,185,1,0,1,13,0,1,1,1,1791421883
2026-10-08T01:11:59+00:00,2026-10-08T01:13:22.644975+00:00,f834fc57-0de8-11e7-991c-3863bb43a7d0,140,14,2,0,3,0,1,1,1,1791421888
2026-10-08T01:11:59+00:00,2026-10-08T01:13:22.644975+00:00,2096125468116637776,2096125468116637776,15,0,0,0,0,1,1,1,1791421890
2026-10-08T01:11:59+00:00,2026-10-08T01:13:22.644975+00:00,74cb9bf6-bb53-4c70-88d2-67998b99628c,296,23,10,0,0,0,1,1,1,1791421889
2026-10-08T01:11:59+00:00,2026-10-08T01:13:22.644975+00:00,f83489ff-0de8-11e7-991c-3863bb43a7d0,59,0,0,0,18,1,1,1,1,1791421888
2026-10-08T01:11:59+00:00,2026-10-08T01:13:22.644975+00:00,f834658f-0de8-11e7-991c-3863bb43a7d0,4,16,1,0,3,0,1,1,1,1791421888
2026-10-08T01:11:59+00:00,2026-10-08T01:13:22.644975+00:00,4fe8e777-345b-4fc2-a684-dd874e8186d8,4fe8e777-345b-4fc2-a684-dd874e8186d8,0,0,8,0,7,1,1,1,1791421890
2026-10-08T01:11:59+00:00,2026-10-08T01:13:22.644975+00:00,f834fede-0de8-11e7-991c-3863bb43a7d0,144,6,0,0,13,0,1,1,1,1791421893
2026-10-08T01:11:59+00:00,2026-10-08T01:13:22.644975+00:00,f834824e-0de8-11e7-991c-3863bb43a7d0,43,0,0,0,15,0,1,1,1,1791421883
2026-10-08T01:11:59+00:00,2026-10-08T01:13:22.644975+00:00,f8352ac4-0de8-11e7-991c-3863bb43a7d0,213,5,0,3,6,0,1,1,1,1791421893
2026-10-08T01:11:59+00:00,2026-10-08T01:13:22.644975+00:00,2267959380696438832,2267959380696438832,7,0,0,4,0,1,1,1,1791421893
2026-10-08T01:11:59+00:00,2026-10-08T01:13:22.644975+00:00,eb8824c3-9c84-4fec-8d6f-d537c8ab3beb,349,13,10,0,3,1,1,1,1,1791421894
2026-10-08T01:11:59+00:00,2026-10-08T01:13:22.644975+00:00,ca76adb6-4c84-4484-9ec3-b411b81ddbef,ca76adb6-4c84-4484-9ec3-b411b81ddbef,4,0,2,13,0,1,1,1,1791421895
2026-10-08T01:11:59+00:00,2026-10-08T01:13:22.644975+00:00,2220822464984366036,2220822464984366036,5,2,0,7,0,1,1,1,1791421897
2026-10-08T01:11:59+00:00,2026-10-08T01:13:22.644975+00:00,f834dedf-0de8-11e7-991c-3863bb43a7d0,124,7,3,1,6,0,1,1,1,1791421897
2026-10-08T01:11:59+00:00,2026-10-08T01:13:22.644975+00:00,c23a4c0d-7e43-4042-80e2-7c894d07763b,559,5,1,0,6,0,1,1,1,1791421898
2026-10-08T01:11:59+00:00,2026-10-08T01:13:22.644975+00:00,1df03e33-c105-4e53-b013-d20056cd57f8,1df03e33-c105-4e53-b013-d20056cd57f8,0,0,0,0,0,0,0,0,86400
2026-10-08T01:11:59+00:00,2026-10-08T01:13:22.644975+00:00,2227858849424910006,2227858849424910006,8,0,0,0,0,1,1,1,1791421702
2026-10-08T01:11:59+00:00,2026-10-08T01:13:22.644975+00:00,1965873511294959658,1965873511294959658,2,0,0,21,0,1,1,1,1791421778
2026-10-08T01:11:59+00:00,2026-10-08T01:13:22.644975+00:00,8d893519-bc21-4536-b346-f558988bc8ad,260,12,3,0,3,0,1,1,1,1791421783
2026-10-08T01:11:59+00:00,2026-10-08T01:13:22.644975+00:00,2246034666940677832,2246034666940677832,5,0,0,6,0,1,1,1,1791421758
2026-10-08T01:11:59+00:00,2026-10-08T01:13:22.644975+00:00,8a404180-7c2e-4dbe-9489-c478ed959282,8a404180-7c2e-4dbe-9489-c478ed959282,0,0,2,17,0,1,1,1,1791421804
2026-10-08T01:11:59+00:00,2026-10-08T01:13:22.644975+00:00,aa964f5b-fadf-4fc1-8c91-84ee36e15f0d,341,15,0,0,0,0,1,1,1,1791421805
2026-10-08T01:11:59+00:00,2026-10-08T01:13:22.644975+00:00,f834b101-0de8-11e7-991c-3863bb43a7d0,97,6,2,1,11,1,1,1,1,1791421803
2026-10-08T01:11:59+00:00,2026-10-08T01:13:22.644975+00:00,f8350cc1-0de8-11e7-991c-3863bb43a7d0,162,0,0,0,15,0,1,1,1,1791421804
2026-10-08T01:11:59+00:00,2026-10-08T01:13:22.644975+00:00,1a661bb7-7d14-49e9-ac3d-22bafec8a2f0,507,6,2,1,4,0,1,1,1,1791421809
2026-10-08T01:11:59+00:00,2026-10-08T01:13:22.644975+00:00,1994054629753598708,1994054629753598708,12,3,0,2,0,1,1,1,1791421809
2026-10-08T01:11:59+00:00,2026-10-08T01:13:22.644975+00:00,b205d2bb-bb76-49ac-8d14-85eec5a874d3,343,8,2,1,6,0,1,1,1,1791421808
2026-10-08T01:11:59+00:00,2026-10-08T01:13:22.644975+00:00,2088704000370565344,2088704000370565344,3,0,3,6,0,1,1,1,1791421869
2026-10-08T01:11:59+00:00,2026-10-08T01:13:22.644975+00:00,57716f8d-c9ee-4768-8872-71343ec3ffd8,514,3,0,2,14,0,1,1,1,1791421870
2026-10-08T01:11:59+00:00,2026-10-08T01:13:22.644975+00:00,f8349440-0de8-11e7-991c-3863bb43a7d0,68,0,0,1,17,0,1,1,1,1791421868
2026-10-08T01:11:59+00:00,2026-10-08T01:13:22.644975+00:00,f834a959-0de8-11e7-991c-3863bb43a7d0,94,6,6,0,4,0,1,1,1,1791421868
2026-10-08T01:11:59+00:00,2026-10-08T01:13:22.644975+00:00,f8347ccd-0de8-11e7-991c-3863bb43a7d0,33,8,1,0,19,0,1,1,1,1791421868
2026-10-08T01:11:59+00:00,2026-10-08T01:13:22.644975+00:00,baab0b05-a028-4147-8432-a2726c7e48ea,328,0,0,10,0,0,1,0,0,1791421868
2026-10-08T01:11:59+00:00,2026-10-08T01:13:22.644975+00:00,1991922092203192944,1991922092203192944,1,0,1,17,0,1,1,1,1791421867
2026-10-08T01:11:59+00:00,2026-10-08T01:13:22.644975+00:00,888780ee-bf2f-474e-9622-6bc725aa1b00,888780ee-bf2f-474e-9622-6bc725aa1b00,5,0,0,6,0,1,1,1,1791421871
2026-10-08T01:11:59+00:00,2026-10-08T01:13:22.644975+00:00,0208190e-851c-417d-8bc7-1b218db97fbf,0208190e-851c-417d-8bc7-1b218db97fbf,0,0,0,23,0,1,1,1,1791421878
2026-10-08T01:11:59+00:00,2026-10-08T01:13:22.644975+00:00,2249415127458891992,2249415127458891992,14,0,0,1,0,1,1,1,1791421879
2026-10-08T01:11:59+00:00,2026-10-08T01:13:22.644975+00:00,9721c80e-fc8f-474f-8918-b68c041d2836,9721c80e-fc8f-474f-8918-b68c041d2836,10,1,2,11,0,1,1,1,1791421878
2026-10-08T01:11:59+00:00,2026-10-08T01:13:22.644975+00:00,23146f28-9762-4a6d-a6db-fcd4ff0e5d07,356,15,0,0,8,0,1,1,1,1791421876
2026-10-08T01:11:59+00:00,2026-10-08T01:13:22.644975+00:00,cf5f920f-b61d-4db0-b139-14aff04d577c,459,21,3,0,2,0,1,1,1,1791421879
2026-10-08T01:11:59+00:00,2026-10-08T01:13:22.644975+00:00,b34694c2-c640-4f70-b196-1c357ab798e0,b34694c2-c640-4f70-b196-1c357ab798e0,12,4,0,3,0,1,1,1,1791421872
2026-10-08T01:11:59+00:00,2026-10-08T01:13:22.644975+00:00,f834e534-0de8-11e7-991c-3863bb43a7d0,128,5,1,0,14,0,1,1,1,1791421872
2026-10-08T01:11:59+00:00,2026-10-08T01:13:22.644975+00:00,ef6ef93b-488f-496b-afbf-3aedfd967129,517,3,2,0,12,0,1,1,1,1791421875
2026-10-08T01:11:59+00:00,2026-10-08T01:13:22.644975+00:00,2087949096844032050,2087949096844032050,14,3,1,0,0,1,1,1,1791421875
2026-10-08T01:11:59+00:00,2026-10-08T01:13:22.644975+00:00,fbc512a5-4b98-4821-bcfb-bb0c7ac83543,365,1,0,0,18,0,1,1,1,1791421873
2026-10-08T01:11:59+00:00,2026-10-08T01:13:22.644975+00:00,868ccc83-99e5-4faf-96eb-e1fae26b9741,481,5,1,0,14,0,1,1,1,1791421823
2026-10-08T01:11:59+00:00,2026-10-08T01:13:22.644975+00:00,f83513a7-0de8-11e7-991c-3863bb43a7d0,177,5,0,0,14,0,1,1,1,1791421823
2026-10-08T01:11:59+00:00,2026-10-08T01:13:22.644975+00:00,380de8b2-2728-4e4b-83f1-251bfbb5acf2,487,10,3,0,9,0,1,1,1,1791421822
2026-10-08T01:11:59+00:00,2026-10-08T01:13:22.644975+00:00,a6e0db4f-fc9b-42af-bfe0-36cc0259b717,446,0,0,1,15,0,1,1,1,1791421824
2026-10-08T01:11:59+00:00,2026-10-08T01:13:22.644975+00:00,f8347c41-0de8-11e7-991c-3863bb43a7d0,32,0,0,0,14,0,1,1,1,1791421824
2026-10-08T01:11:59+00:00,2026-10-08T01:13:22.644975+00:00,1cced911-b428-4cfd-81be-3a8f77ce7379,233,7,0,1,7,0,1,1,1,1791421824
2026-10-08T01:11:59+00:00,2026-10-08T01:13:22.644975+00:00,d5349097-b478-4b3f-9c46-d8fbcf38e3f4,509,9,2,0,3,0,1,1,1,1791421827
2026-10-08T01:11:59+00:00,2026-10-08T01:13:22.644975+00:00,8983c75a-12c1-4995-aedc-24c94bd895e3,384,2,0,0,17,0,1,1,1,1791421828
2026-10-08T01:11:59+00:00,2026-10-08T01:13:22.644975+00:00,d22265a8-a6d7-4922-a6b5-4be738a9e5c4,392,4,1,0,11,0,1,1,1,1791421828
2026-10-08T01:11:59+00:00,2026-10-08T01:13:22.644975+00:00,2080205593583047424,2080205593583047424,11,0,0,5,0,1,1,1,1791421826
2026-10-08T01:11:59+00:00,2026-10-08T01:13:22.644975+00:00,1994466222105870452,1994466222105870452,4,1,2,5,0,1,1,1,1791421846
2026-10-08T01:11:59+00:00,2026-10-08T01:13:22.644975+00:00,f8347f09-0de8-11e7-991c-3863bb43a7d0,37,2,0,0,13,0,1,1,1,1791421845
2026-10-08T01:11:59+00:00,2026-10-08T01:13:22.644975+00:00,f834c7a9-0de8-11e7-991c-3863bb43a7d0,112,10,5,0,5,0,1,1,1,1791421845
2026-10-08T01:11:59+00:00,2026-10-08T01:13:22.644975+00:00,ad2cf74c-0e8c-4e15-8f19-2259e8c82f0f,404,16,0,0,0,0,1,1,1,1791421843
2026-10-08T01:11:59+00:00,2026-10-08T01:13:22.644975+00:00,68e5e79a-3c94-4848-b619-9c0829d7f687,475,13,1,1,1,0,1,1,1,1791421859
2026-10-08T01:11:59+00:00,2026-10-08T01:13:22.644975+00:00,f834a8a0-0de8-11e7-991c-3863bb43a7d0,93,11,0,1,19,0,1,1,1,1791421860
2026-10-08T01:11:59+00:00,2026-10-08T01:13:22.644975+00:00,48abed77-c9ba-4a39-8a5c-6a1e9bb8a9a5,48abed77-c9ba-4a39-8a5c-6a1e9bb8a9a5,14,4,1,1,0,1,1,1,1791421860
2026-10-08T01:11:59+00:00,2026-10-08T01:13:22.644975+00:00,f9524971-e9f9-4572-aebc-580e48de042f,f9524971-e9f9-4572-aebc-580e48de042f,18,3,0,1,0,1,1,1,1791421858
2026-10-08T01:11:59+00:00,2026-10-08T01:13:22.644975+00:00,ccf82572-a142-4378-9a4b-5a51fcb4ef81,350,5,1,0,12,0,1,1,1,1791421860
2026-10-08T01:11:59+00:00,2026-10-08T01:13:22.644975+00:00,f8349b20-0de8-11e7-991c-3863bb43a7d0,76,5,0,0,12,0,1,1,1,1791421864
2026-10-08T01:11:59+00:00,2026-10-08T01:13:22.644975+00:00,2270454512964591136,2270454512964591136,2,0,0,17,0,1,1,1,1791421864
2026-10-08T01:11:59+00:00,2026-10-08T01:13:22.644975+00:00,81323081-749c-44cf-ac62-0e6c64305c32,461,11,1,0,0,0,1,1,1,1791421836
2026-10-08T01:11:59+00:00,2026-10-08T01:13:22.644975+00:00,f8352ba8-0de8-11e7-991c-3863bb43a7d0,215,1,0,0,14,0,1,1,1,1791421837
2026-10-08T01:11:59+00:00,2026-10-08T01:13:22.644975+00:00,f834723b-0de8-11e7-991c-3863bb43a7d0,24,1,1,1,21,0,1,1,1,1791421834
2026-10-08T01:11:59+00:00,2026-10-08T01:13:22.644975+00:00,1e1b40cd-8e00-4b74-b147-be6b23f5c9e7,385,3,0,0,12,0,1,1,1,1791421835
2026-10-08T01:11:59+00:00,2026-10-08T01:13:22.644975+00:00,2118728866631796788,2118728866631796788,4,0,0,11,0,1,1,1,1791421832
2026-10-08T01:11:59+00:00,2026-10-08T01:13:22.644975+00:00,f8346ad7-0de8-11e7-991c-3863bb43a7d0,11,0,0,0,15,0,1,1,1,1791421832
2026-10-08T01:11:59+00:00,2026-10-08T01:13:22.644975+00:00,61168d8b-20b7-46c8-8f08-6ae1f100c4e0,550,2,1,0,15,0,1,1,1,1791421833
2026-10-08T01:11:59+00:00,2026-10-08T01:13:22.644975+00:00,2110984374959099994,2110984374959099994,7,2,0,13,0,1,1,1,1791421833
2026-10-08T01:11:59+00:00,2026-10-08T01:13:22.644975+00:00,51bb4381-dae4-4aeb-b213-0614b807be29,344,0,0,0,19,0,1,1,1,1791421841
2026-10-08T01:11:59+00:00,2026-10-08T01:13:22.644975+00:00,f8352b39-0de8-11e7-991c-3863bb43a7d0,214,4,1,1,8,1,1,1,1,1791421840
2026-10-08T01:11:59+00:00,2026-10-08T01:13:22.644975+00:00,2141791438824588162,2141791438824588162,14,1,0,5,0,1,1,1,1791421840
2026-10-08T01:11:59+00:00,2026-10-08T01:13:22.644975+00:00,f834662c-0de8-11e7-991c-3863bb43a7d0,5,8,0,0,7,0,1,1,1,1791421840
2026-10-08T01:11:59+00:00,2026-10-08T01:13:22.644975+00:00,2085366936904166272,2085366936904166272,9,1,2,4,0,1,1,1,1791421841
2026-10-08T01:11:59+00:00,2026-10-08T01:13:22.644975+00:00,56817d8e-3a1c-431a-a529-1a600f80c364,366,16,3,0,11,0,1,1,1,1791421840
2026-10-08T01:11:59+00:00,2026-10-08T01:13:22.644975+00:00,f8346803-0de8-11e7-991c-3863bb43a7d0,8,11,1,0,8,0,1,1,1,1791421848
2026-10-08T01:11:59+00:00,2026-10-08T01:13:22.644975+00:00,dede6d5f-7d62-496e-a8ca-d5a64afe39c1,544,14,8,1,0,0,1,1,1,1791421847
2026-10-08T01:11:59+00:00,2026-10-08T01:13:22.644975+00:00,f8350ecf-0de8-11e7-991c-3863bb43a7d0,167,10,5,0,5,0,1,1,1,1791421856
2026-10-08T01:11:59+00:00,2026-10-08T01:13:22.644975+00:00,25a9114f-66f0-427c-920f-5526ca84f056,346,7,3,0,8,0,1,1,1,1791421856
2026-10-08T01:11:59+00:00,2026-10-08T01:13:22.644975+00:00,f83482d2-0de8-11e7-991c-3863bb43a7d0,44,2,0,0,29,0,1,1,1,1791421855
2026-10-08T01:11:59+00:00,2026-10-08T01:13:22.644975+00:00,2027502297316997708,2027502297316997708,10,3,0,1,0,1,1,1,1791421853
2026-10-08T01:11:59+00:00,2026-10-08T01:13:22.644975+00:00,903b9b5d-4244-43e4-8441-0d17f9a994f7,528,1,0,0,10,0,1,1,1,1791421854
2026-10-08T01:11:59+00:00,2026-10-08T01:13:22.644975+00:00,2119105928286481344,2119105928286481344,6,0,0,13,0,1,1,1,1791421855
2026-10-08T01:11:59+00:00,2026-10-08T01:13:22.644975+00:00,7f68a70d-af0e-450a-b7a8-ce621cd0c8c1,280,14,5,0,5,0,1,1,1,1791421852
2026-10-08T01:11:59+00:00,2026-10-08T01:13:22.644975+00:00,f834cfd8-0de8-11e7-991c-3863bb43a7d0,117,0,0,4,11,1,1,1,1,1791421851
2026-10-08T01:11:59+00:00,2026-10-08T01:13:22.644975+00:00,270ad97d-035d-472a-9827-76d3187afc56,402,14,4,1,0,0,1,1,1,1791421854
2026-10-08T01:11:59+00:00,2026-10-08T01:13:22.644975+00:00,f83517fa-0de8-11e7-991c-3863bb43a7d0,187,7,3,0,8,0,1,1,1,1791421786
2026-10-08T01:11:59+00:00,2026-10-08T01:13:22.644975+00:00,f8352219-0de8-11e7-991c-3863bb43a7d0,197,6,4,0,9,0,1,1,1,1791421796
2026-10-08T01:11:59+00:00,2026-10-08T01:13:22.644975+00:00,2014865445230483952,2014865445230483952,8,2,0,9,0,1,1,1,1791421797
2026-10-08T01:11:59+00:00,2026-10-08T01:13:22.644975+00:00,2043911250700610106,2043911250700610106,0,0,0,15,0,1,1,1,1791421792
2026-10-08T01:11:59+00:00,2026-10-08T01:13:22.644975+00:00,2145094035874873892,2145094035874873892,2,1,2,15,0,1,1,1,1791421795
2026-10-08T01:11:59+00:00,2026-10-08T01:13:22.644975+00:00,1963613484180639992,1963613484180639992,17,2,0,2,0,1,1,1,1791421798
2026-10-08T01:11:59+00:00,2026-10-08T01:13:22.644975+00:00,ea65c25f-0718-4f79-8588-c58b9fe3a105,226,13,4,0,1,1,1,1,1,1791421800
2026-10-08T01:11:59+00:00,2026-10-08T01:13:22.644975+00:00,e4678b17-face-42c3-9b5f-98418d31e3b6,e4678b17-face-42c3-9b5f-98418d31e3b6,11,3,0,0,0,1,1,1,1791421813
2026-10-08T01:11:59+00:00,2026-10-08T01:13:22.644975+00:00,f835288a-0de8-11e7-991c-3863bb43a7d0,208,15,1,0,0,0,1,1,1,1791421814
2026-10-08T01:11:59+00:00,2026-10-08T01:13:22.644975+00:00,1986302395589722758,1986302395589722758,6,0,0,4,0,1,1,1,1791421814
2026-10-08T01:11:59+00:00,2026-10-08T01:13:22.644975+00:00,f8346d23-0de8-11e7-991c-3863bb43a7d0,15,7,0,0,8,0,1,1,1,1791421816
2026-10-08T01:11:59+00:00,2026-10-08T01:13:22.644975+00:00,f2b83aa2-86cd-4904-a099-74bf2023f768,330,9,0,0,6,0,1,1,1,1791421811
2026-10-08T01:11:59+00:00,2026-10-08T01:13:22.644975+00:00,9bfa4a32-5598-46ea-a1a1-17b4c6ed9d84,431,10,2,0,5,0,1,1,1,1791421811
2026-10-08T01:11:59+00:00,2026-10-08T01:13:22.644975+00:00,6aebc664-1e3c-479f-8f65-2bae99215ed3,6aebc664-1e3c-479f-8f65-2bae99215ed3,6,4,0,5,0,1,1,1,1791421819
2026-10-08T01:11:59+00:00,2026-10-08T01:13:22.644975+00:00,2039109354743046934,2039109354743046934,8,0,2,9,1,1,1,1,1791421881
2026-10-08T01:11:59+00:00,2026-10-08T01:13:22.644975+00:00,f834708e-0de8-11e7-991c-3863bb43a7d0,21,2,0,1,15,0,1,1,1,1791421881
2026-10-08T01:11:59+00:00,2026-10-08T01:13:22.644975+00:00,99675a11-a92c-465c-bf5a-434b08ba5fc6,400,18,4,1,33,0,1,1,1,1791421881
2026-10-08T01:11:59+00:00,2026-10-08T01:13:22.644975+00:00,f83492b4-0de8-11e7-991c-3863bb43a7d0,66,15,5,0,0,0,1,1,1,1791421881
2026-10-08T01:11:59+00:00,2026-10-08T01:13:22.644975+00:00,2259733531216984776,2259733531216984776,5,3,0,10,0,1,1,1,1791421880
2026-10-08T01:11:59+00:00,2026-10-08T01:13:22.644975+00:00,7e1dae55-4d3d-4a41-b969-2aeca70e0e69,7e1dae55-4d3d-4a41-b969-2aeca70e0e69,3,0,1,7,0,1,1,1,1791421881
2026-10-08T01:11:59+00:00,2026-10-08T01:13:22.644975+00:00,2040842870122359032,2040842870122359032,0,0,0,20,0,1,1,1,1791421884
2026-10-08T01:11:59+00:00,2026-10-08T01:13:22.644975+00:00,ff938129-8179-455c-9ac9-9fcb9fc0b6d5,ff938129-8179-455c-9ac9-9fcb9fc0b6d5,8,3,0,11,0,1,1,1,1791421885
2026-10-08T01:11:59+00:00,2026-10-08T01:13:22.644975+00:00,f834b8b3-0de8-11e7-991c-3863bb43a7d0,105,18,4,0,0,0,1,1,1,1791421884
2026-10-08T01:11:59+00:00,2026-10-08T01:13:22.644975+00:00,f8346b6f-0de8-11e7-991c-3863bb43a7d0,12,1,1,0,26,0,1,1,1,1791421880
2026-10-08T01:11:59+00:00,2026-10-08T01:13:22.644975+00:00,f83511d4-0de8-11e7-991c-3863bb43a7d0,173,8,0,0,5,1,1,1,1,1791421881
2026-10-08T01:11:59+00:00,2026-10-08T01:13:22.644975+00:00,2069389896750516900,2069389896750516900,11,0,0,9,0,1,1,1,1791421885
2026-10-08T01:11:59+00:00,2026-10-08T01:13:22.644975+00:00,7560f0e3-267b-4fb3-bbfa-6e02010cfcb7,225,15,0,1,4,0,1,1,1,1791421886
2026-10-08T01:11:59+00:00,2026-10-08T01:13:22.644975+00:00,fe90d430-d33f-48b2-a5cd-bc161b220939,553,2,0,0,21,0,1,1,1,1791421886
2026-10-08T01:11:59+00:00,2026-10-08T01:13:22.644975+00:00,f834f6a3-0de8-11e7-991c-3863bb43a7d0,135,0,0,0,17,0,1,1,1,1791421887
2026-10-08T01:11:59+00:00,2026-10-08T01:13:22.644975+00:00,5b1d2661-8a93-4f14-b242-ebc52792f951,337,14,1,0,1,0,1,1,1,1791421889
2026-10-08T01:11:59+00:00,2026-10-08T01:13:22.644975+00:00,f83497b9-0de8-11e7-991c-3863bb43a7d0,74,3,2,1,16,0,1,1,1,1791421889
2026-10-08T01:11:59+00:00,2026-10-08T01:13:22.644975+00:00,36f36eed-1070-49be-8b31-5676b8b3489f,227,0,0,0,19,0,1,1,1,1791421888
2026-10-08T01:11:59+00:00,2026-10-08T01:13:22.644975+00:00,d8ce5f8b-2440-45e1-ab1c-23cb3bcbde84,527,5,2,0,8,0,1,1,1,1791421890
2026-10-08T01:11:59+00:00,2026-10-08T01:13:22.644975+00:00,295553ea-851b-4ac2-a094-f9d1208e399a,412,8,0,0,11,0,1,1,1,1791421890
2026-10-08T01:11:59+00:00,2026-10-08T01:13:22.644975+00:00,f8347e78-0de8-11e7-991c-3863bb43a7d0,36,12,0,3,16,0,1,1,1,1791421890
2026-10-08T01:11:59+00:00,2026-10-08T01:13:22.644975+00:00,f83491d4-0de8-11e7-991c-3863bb43a7d0,64,0,0,1,22,0,1,1,1,1791421893
2026-10-08T01:11:59+00:00,2026-10-08T01:13:22.644975+00:00,2090158541932726550,2090158541932726550,7,0,0,8,0,1,1,1,1791421893
2026-10-08T01:11:59+00:00,2026-10-08T01:13:22.644975+00:00,f8352534-0de8-11e7-991c-3863bb43a7d0,204,5,5,0,10,0,1,1,1,1791421894
2026-10-08T01:11:59+00:00,2026-10-08T01:13:22.644975+00:00,f83488be-0de8-11e7-991c-3863bb43a7d0,56,4,2,0,14,0,1,1,1,1791421894
2026-10-08T01:11:59+00:00,2026-10-08T01:13:22.644975+00:00,f8350b76-0de8-11e7-991c-3863bb43a7d0,159,3,2,2,14,1,1,1,1,1791421893
2026-10-08T01:11:59+00:00,2026-10-08T01:13:22.644975+00:00,2090635592862466836,2090635592862466836,2,1,2,26,1,1,1,1,1791421894
2026-10-08T01:11:59+00:00,2026-10-08T01:13:22.644975+00:00,f834abfd-0de8-11e7-991c-3863bb43a7d0,96,9,1,3,7,0,1,1,1,1791421893
2026-10-08T01:11:59+00:00,2026-10-08T01:13:22.644975+00:00,90330e1a-dee5-4914-9d3f-3891aeca12ca,434,11,2,1,7,0,1,1,1,1791421893
2026-10-08T01:11:59+00:00,2026-10-08T01:13:22.644975+00:00,2085737662370069102,2085737662370069102,17,5,0,1,1,1,1,1,1791421894
2026-10-08T01:11:59+00:00,2026-10-08T01:13:22.644975+00:00,d7507124-4cab-4063-8445-a59a33a3d6e4,512,6,1,1,12,0,1,1,1,1791421894
2026-10-08T01:11:59+00:00,2026-10-08T01:13:22.644975+00:00,f8351f1d-0de8-11e7-991c-3863bb43a7d0,191,7,0,0,8,0,1,1,1,1791421895
2026-10-08T01:11:59+00:00,2026-10-08T01:13:22.644975+00:00,c5cfd1ed-aa44-4e20-96bb-e334c96f0d68,376,8,0,0,7,0,1,1,1,1791421895
2026-10-08T01:11:59+00:00,2026-10-08T01:13:22.644975+00:00,df03c61a-29d7-445d-9980-d7f058916591,345,3,0,0,16,0,1,1,1,1791421895
2026-10-08T01:11:59+00:00,2026-10-08T01:13:22.644975+00:00,940638c5-7cd0-4a11-899e-86af3868d400,532,7,1,0,11,0,1,1,1,1791421892
2026-10-08T01:11:59+00:00,2026-10-08T01:13:22.644975+00:00,b6a8522d-296d-4c05-887d-842374520780,545,10,10,0,3,1,1,1,1,1791421896
2026-10-08T01:11:59+00:00,2026-10-08T01:13:22.644975+00:00,f8348622-0de8-11e7-991c-3863bb43a7d0,50,1,0,0,18,0,1,1,1,1791421895
2026-10-08T01:11:59+00:00,2026-10-08T01:13:22.644975+00:00,8b97606e-a849-4db8-ae9b-4009fe48d90b,556,8,1,0,11,0,1,1,1,1791421896
2026-10-08T01:11:59+00:00,2026-10-08T01:13:22.644975+00:00,2270212773802111256,2270212773802111256,14,2,1,4,0,1,1,1,1791421898
2026-10-08T01:11:59+00:00,2026-10-08T01:13:22.644975+00:00,103a9881-e30a-4d57-b81d-863b995ff759,255,0,0,0,0,0,0,0,0,86400
2026-10-08T01:11:59+00:00,2026-10-08T01:13:22.644975+00:00,f834fd36-0de8-11e7-991c-3863bb43a7d0,142,8,0,0,15,0,1,1,1,1791421832
2026-10-08T01:11:59+00:00,2026-10-08T01:13:22.644975+00:00,93911aa1-b5e4-48aa-a2b6-38fbcf613006,93911aa1-b5e4-48aa-a2b6-38fbcf613006,3,0,0,15,0,1,1,1,1791421832
2026-10-08T01:11:59+00:00,2026-10-08T01:13:22.644975+00:00,2ba0c5dd-c990-4434-8a84-5c3eca23f096,447,4,3,0,15,0,1,1,1,1791421833
2026-10-08T01:11:59+00:00,2026-10-08T01:13:22.644975+00:00,9ca92778-9101-48df-90ea-08b784e26a1a,413,13,1,0,6,0,1,1,1,1791421834
2026-10-08T01:11:59+00:00,2026-10-08T01:13:22.644975+00:00,2107991976288962746,2107991976288962746,12,0,0,8,0,1,1,1,1791421830
2026-10-08T01:11:59+00:00,2026-10-08T01:13:22.644975+00:00,f8349824-0de8-11e7-991c-3863bb43a7d0,75,13,1,0,2,0,1,1,1,1791421839
2026-10-08T01:11:59+00:00,2026-10-08T01:13:22.644975+00:00,2043912031919765854,2043912031919765854,10,0,1,9,0,1,1,1,1791421839
2026-10-08T01:11:59+00:00,2026-10-08T01:13:22.644975+00:00,2136942888571742916,2136942888571742916,2,0,1,12,0,1,1,1,1791421756
2026-10-08T01:11:59+00:00,2026-10-08T01:13:22.644975+00:00,e68655be-23d3-46e5-a509-25be677e7542,482,6,0,0,5,0,1,1,1,1791421837
2026-10-08T01:11:59+00:00,2026-10-08T01:13:22.644975+00:00,f834b42d-0de8-11e7-991c-3863bb43a7d0,100,17,0,0,8,0,1,1,1,1791421839
2026-10-08T01:11:59+00:00,2026-10-08T01:13:22.644975+00:00,c1ae49bd-2a20-4684-886b-ead8dd627cfd,c1ae49bd-2a20-4684-886b-ead8dd627cfd,14,1,0,3,0,1,1,1,1791421839
2026-10-08T01:11:59+00:00,2026-10-08T01:13:22.644975+00:00,5bc7cba9-f0b0-442d-932c-e8c7927d87ce,386,11,5,1,7,0,1,1,1,1791421839
2026-10-08T01:11:59+00:00,2026-10-08T01:13:22.644975+00:00,f36e24cd-de4c-4a5e-adf4-cb97ccd2958d,505,5,1,2,4,0,1,1,1,1791421819
2026-10-08T01:11:59+00:00,2026-10-08T01:13:22.644975+00:00,ef54374b-0406-4b17-b0a1-847f1d7bea06,410,12,0,0,3,0,1,1,1,1791421822
2026-10-08T01:11:59+00:00,2026-10-08T01:13:22.644975+00:00,ec3eea05-a3ff-43c6-9e24-0c63f09b915f,378,15,1,0,4,0,1,1,1,1791421822
2026-10-08T01:11:59+00:00,2026-10-08T01:13:22.644975+00:00,f8346768-0de8-11e7-991c-3863bb43a7d0,7,6,0,0,9,0,1,1,1,1791421826
2026-10-08T01:11:59+00:00,2026-10-08T01:13:22.644975+00:00,f24a573e-ef07-4785-9270-70c443510ea6,359,0,0,2,12,1,1,1,1,1791421827
2026-10-08T01:11:59+00:00,2026-10-08T01:13:22.644975+00:00,2071993292066931472,2071993292066931472,2,0,0,18,0,1,1,1,1791421823
2026-10-08T01:11:59+00:00,2026-10-08T01:13:22.644975+00:00,ba634139-d7bf-448f-aac4-25995d36b67b,373,9,6,0,6,0,1,1,1,1791421824
2026-10-08T01:11:59+00:00,2026-10-08T01:13:22.644975+00:00,2038239468396569074,2038239468396569074,16,0,0,16,0,1,1,1,1791421843
2026-10-08T01:11:59+00:00,2026-10-08T01:13:22.644975+00:00,f83523e3-0de8-11e7-991c-3863bb43a7d0,201,0,0,0,15,0,1,1,1,1791421843
2026-10-08T01:11:59+00:00,2026-10-08T01:13:22.644975+00:00,7ec0c53c-876a-419c-a78b-4edd000bbc9a,445,16,2,0,3,0,1,1,1,1791421842
2026-10-08T01:11:59+00:00,2026-10-08T01:13:22.644975+00:00,f8349745-0de8-11e7-991c-3863bb43a7d0,73,1,0,1,13,0,1,1,1,1791421840
2026-10-08T01:11:59+00:00,2026-10-08T01:13:22.644975+00:00,d7ec834e-9d9a-402c-9956-7d5f42676b94,d7ec834e-9d9a-402c-9956-7d5f42676b94,12,2,1,1,0,1,1,1,1791421842
2026-10-08T01:11:59+00:00,2026-10-08T01:13:22.644975+00:00,5018e851-f2f3-4e18-9914-c316bbcc2c3d,331,0,0,0,15,0,1,1,1,1791421847
2026-10-08T01:11:59+00:00,2026-10-08T01:13:22.644975+00:00,02a4416f-80b4-4472-accd-5db482ed5b6d,367,8,0,0,11,0,1,1,1,1791421850
2026-10-08T01:11:59+00:00,2026-10-08T01:13:22.644975+00:00,2029805507281123700,2029805507281123700,12,2,1,6,0,1,1,1,1791421845
2026-10-08T01:11:59+00:00,2026-10-08T01:13:22.644975+00:00,2057166010169469732,2057166010169469732,1,0,0,14,0,1,1,1,1791421854
2026-10-08T01:11:59+00:00,2026-10-08T01:13:22.644975+00:00,f83486ab-0de8-11e7-991c-3863bb43a7d0,51,6,0,1,8,0,1,1,1,1791421850
2026-10-08T01:11:59+00:00,2026-10-08T01:13:22.644975+00:00,f8349c69-0de8-11e7-991c-3863bb43a7d0,78,12,1,0,6,0,1,1,1,1791421851
2026-10-08T01:11:59+00:00,2026-10-08T01:13:22.644975+00:00,ce55d1b1-4267-40a9-ad44-5eab888ce18a,ce55d1b1-4267-40a9-ad44-5eab888ce18a,0,0,0,22,1,1,1,1,1791421851
2026-10-08T01:11:59+00:00,2026-10-08T01:13:22.644975+00:00,f83524c0-0de8-11e7-991c-3863bb43a7d0,203,9,2,0,5,0,1,1,1,1791421855
2026-10-08T01:11:59+00:00,2026-10-08T01:13:22.644975+00:00,1960693490199507164,1960693490199507164,6,1,0,13,0,1,1,1,1791421856
2026-10-08T01:11:59+00:00,2026-10-08T01:13:22.644975+00:00,42a3ecca-af9a-4556-90ba-7631546f96f8,42a3ecca-af9a-4556-90ba-7631546f96f8,1,0,2,8,0,1,1,1,1791421858
2026-10-08T01:11:59+00:00,2026-10-08T01:13:22.644975+00:00,2223045710883822544,2223045710883822544,4,0,1,10,0,1,1,1,1791421856
2026-10-08T01:11:59+00:00,2026-10-08T01:13:22.644975+00:00,2217856523888952522,2217856523888952522,5,2,0,15,0,1,1,1,1791421856
2026-10-08T01:11:59+00:00,2026-10-08T01:13:22.644975+00:00,f8352c92-0de8-11e7-991c-3863bb43a7d0,217,14,1,2,3,0,1,1,1,1791421856
2026-10-08T01:11:59+00:00,2026-10-08T01:13:22.644975+00:00,0adccd89-1d8d-44da-9f7c-5f18acafeddf,338,4,2,0,11,0,1,1,1,1791421857
2026-10-08T01:11:59+00:00,2026-10-08T01:13:22.644975+00:00,40e58976-02cc-4c7c-911f-7a6c97588bfa,520,17,3,0,4,0,1,1,1,1791421865
2026-10-08T01:11:59+00:00,2026-10-08T01:13:22.644975+00:00,f83494b4-0de8-11e7-991c-3863bb43a7d0,69,18,10,0,1,0,1,1,1,1791421865
2026-10-08T01:11:59+00:00,2026-10-08T01:13:22.644975+00:00,20b0b405-54ba-4a80-b89c-0819772665db,440,7,3,0,8,0,1,1,1,1791421863
2026-10-08T01:11:59+00:00,2026-10-08T01:13:22.644975+00:00,533620e8-00ff-494a-b288-bd67602bc98e,472,1,0,0,26,0,1,1,1,1791421864
2026-10-08T01:11:59+00:00,2026-10-08T01:13:22.644975+00:00,b23674a7-15a8-46d2-8219-6668acecf24a,548,11,1,0,7,0,1,1,1,1791421865
2026-10-08T01:11:59+00:00,2026-10-08T01:13:22.644975+00:00,ff6ed364-8676-45a0-b97f-71025683849e,442,7,1,1,7,0,1,1,1,1791421868
2026-10-08T01:11:59+00:00,2026-10-08T01:13:22.644975+00:00,f83464e4-0de8-11e7-991c-3863bb43a7d0,3,1,0,1,12,0,1,1,1,1791421869
2026-10-08T01:11:59+00:00,2026-10-08T01:13:22.644975+00:00,f8348481-0de8-11e7-991c-3863bb43a7d0,47,17,1,0,2,0,1,1,1,1791421867
2026-10-08T01:11:59+00:00,2026-10-08T01:13:22.644975+00:00,f8349ba9-0de8-11e7-991c-3863bb43a7d0,77,7,4,0,10,1,1,1,1,1791421867
2026-10-08T01:11:59+00:00,2026-10-08T01:13:22.644975+00:00,287aedf5-0361-47e9-9de0-14ae3b75cc0d,287aedf5-0361-47e9-9de0-14ae3b75cc0d,8,3,1,12,0,1,1,1,1791421874
2026-10-08T01:11:59+00:00,2026-10-08T01:13:22.644975+00:00,0f554e1d-9f0f-452d-9b4a-e00aa2c5911e,492,9,0,0,5,0,1,1,1,1791421872
2026-10-08T01:11:59+00:00,2026-10-08T01:13:22.644975+00:00,5afe91c4-8076-4f9f-b83b-cf233bda2331,460,0,0,0,15,0,1,1,1,1791421873
2026-10-08T01:11:59+00:00,2026-10-08T01:13:22.644975+00:00,f834e1b2-0de8-11e7-991c-3863bb43a7d0,125,15,7,0,4,0,1,1,1,1791421874
2026-10-08T01:11:59+00:00,2026-10-08T01:13:22.644975+00:00,dfdaf866-b814-48e5-9bd3-eb7c4a733697,dfdaf866-b814-48e5-9bd3-eb7c4a733697,7,2,0,10,0,1,1,1,1791421877
2026-10-08T01:11:59+00:00,2026-10-08T01:13:22.644975+00:00,2223043968513191970,2223043968513191970,0,0,0,16,0,1,1,1,1791421877
2026-10-08T01:11:59+00:00,2026-10-08T01:13:22.644975+00:00,342a2c60-71b0-4d19-98d6-47987cf20dbc,379,6,0,0,9,0,1,1,1,1791421876
2026-10-08T01:11:59+00:00,2026-10-08T01:13:22.644975+00:00,13918b3b-9ac5-4968-a74d-e40dd3bc952e,479,0,0,0,19,0,1,1,1,1791421876
2026-10-08T01:11:59+00:00,2026-10-08T01:13:22.644975+00:00,2170342425741020744,2170342425741020744,14,3,0,3,0,1,1,1,1791421776
2026-10-08T01:11:59+00:00,2026-10-08T01:13:22.644975+00:00,0839bb10-e876-4198-95e4-0147a561853d,258,13,2,0,2,0,1,1,1,1791421777
2026-10-08T01:11:59+00:00,2026-10-08T01:13:22.644975+00:00,36a8fbc8-6069-4a29-bbfd-63a2d019c9a5,415,1,0,0,18,0,1,1,1,1791421786
2026-10-08T01:11:59+00:00,2026-10-08T01:13:22.644975+00:00,2113555008851845550,2113555008851845550,11,2,0,9,0,1,1,1,1791421785
2026-10-08T01:11:59+00:00,2026-10-08T01:13:22.644975+00:00,ccd6fdd4-b39e-46d7-b43c-7bacffb6bd87,523,1,1,0,16,0,1,1,1,1791421790
2026-10-08T01:11:59+00:00,2026-10-08T01:13:22.644975+00:00,f8348509-0de8-11e7-991c-3863bb43a7d0,48,3,3,0,12,0,1,1,1,1791421794
2026-10-08T01:11:59+00:00,2026-10-08T01:13:22.644975+00:00,b995a0b4-fc26-4661-9bc8-e166d648edfd,353,11,5,0,4,0,1,1,1,1791421794
2026-10-08T01:11:59+00:00,2026-10-08T01:13:22.644975+00:00,2267569638034503736,2267569638034503736,6,0,4,9,0,1,1,1,1791421794
2026-10-08T01:11:59+00:00,2026-10-08T01:13:22.644975+00:00,f834952a-0de8-11e7-991c-3863bb43a7d0,70,1,0,1,21,0,1,1,1,1791421795
2026-10-08T01:11:59+00:00,2026-10-08T01:13:22.644975+00:00,13444449-b3a8-43d2-b8b9-a59fbc59a174,397,11,4,0,3,0,1,1,1,1791421794
2026-10-08T01:11:59+00:00,2026-10-08T01:13:22.644975+00:00,518f6524-0e7f-454d-974e-e3ff9db1f795,494,9,0,0,1,0,1,1,1,1791421793
2026-10-08T01:11:59+00:00,2026-10-08T01:13:22.644975+00:00,f8346894-0de8-11e7-991c-3863bb43a7d0,9,4,0,2,9,0,1,1,1,1791421797
2026-10-08T01:11:59+00:00,2026-10-08T01:13:22.644975+00:00,2264176803898382980,2264176803898382980,4,2,0,7,0,1,1,1,1791421798
2026-10-08T01:11:59+00:00,2026-10-08T01:13:22.644975+00:00,9f54207a-3308-43bd-b45c-9042b6389598,423,14,0,0,5,0,1,1,1,1791421801
2026-10-08T01:11:59+00:00,2026-10-08T01:13:22.644975+00:00,f83516b8-0de8-11e7-991c-3863bb43a7d0,184,6,1,0,12,1,1,1,1,1791421800
2026-10-08T01:11:59+00:00,2026-10-08T01:13:22.644975+00:00,1997031579059661288,1997031579059661288,9,3,0,2,0,1,1,1,1791421805
2026-10-08T01:11:59+00:00,2026-10-08T01:13:22.644975+00:00,9e710d48-51c1-460e-a027-3d16bde62b13,419,0,0,14,0,1,1,0,0,1791421804
2026-10-08T01:11:59+00:00,2026-10-08T01:13:22.644975+00:00,f35de2ab-979e-42d5-8cbd-dc479ed637e9,503,4,4,0,2,0,1,1,1,1791421811
2026-10-08T01:11:59+00:00,2026-10-08T01:13:22.644975+00:00,676ca473-eed6-4971-aaf3-e199a7ca335b,433,15,7,0,3,1,1,1,1,1791421808
2026-10-08T01:11:59+00:00,2026-10-08T01:13:22.644975+00:00,f834e244-0de8-11e7-991c-3863bb43a7d0,126,6,2,0,9,0,1,1,1,1791421814
2026-10-08T01:11:59+00:00,2026-10-08T01:13:22.644975+00:00,f83510fd-0de8-11e7-991c-3863bb43a7d0,171,10,0,1,12,0,1,1,1,1791421815
2026-10-08T01:11:59+00:00,2026-10-08T01:13:22.644975+00:00,ddcc8869-b8d4-483c-b9da-457fcebc8dc1,417,18,1,0,1,0,1,1,1,1791421817
2026-10-08T01:11:59+00:00,2026-10-08T01:13:22.644975+00:00,2078337213380274244,2078337213380274244,10,7,0,1,0,1,1,1,1791421817
2026-10-08T01:11:59+00:00,2026-10-08T01:13:22.644975+00:00,a18e1e55-507e-49d8-b7c0-5c0efd959125,358,19,6,0,0,0,1,1,1,1791421818
2026-10-08T01:11:59+00:00,2026-10-08T01:13:22.644975+00:00,f834b49d-0de8-11e7-991c-3863bb43a7d0,101,9,1,0,9,0,1,1,1,1791421877
2026-10-08T01:11:59+00:00,2026-10-08T01:13:22.644975+00:00,2fd22786-dfeb-4126-a906-4f01802087f3,454,1,0,1,17,0,1,1,1,1791421877
2026-10-08T01:11:59+00:00,2026-10-08T01:13:22.644975+00:00,5f726a7d-5c5d-48b1-9b13-06c77572a237,516,0,0,0,11,0,1,1,1,1791421878
2026-10-08T01:11:59+00:00,2026-10-08T01:13:22.644975+00:00,1975886280004030604,1975886280004030604,10,2,1,12,0,1,1,1,1791421878
2026-10-08T01:11:59+00:00,2026-10-08T01:13:22.644975+00:00,f834f814-0de8-11e7-991c-3863bb43a7d0,136,0,0,1,18,0,1,1,1,1791421879
2026-10-08T01:11:59+00:00,2026-10-08T01:13:22.644975+00:00,2327cb08-fa9f-459b-9ab0-1a319b0f2f4c,539,3,1,1,14,0,1,1,1,1791421879
2026-10-08T01:11:59+00:00,2026-10-08T01:13:22.644975+00:00,f8351336-0de8-11e7-991c-3863bb43a7d0,176,3,0,0,12,0,1,1,1,1791421882
2026-10-08T01:11:59+00:00,2026-10-08T01:13:22.644975+00:00,2038619205667946906,2038619205667946906,10,4,0,10,0,1,1,1,1791421882
2026-10-08T01:11:59+00:00,2026-10-08T01:13:22.644975+00:00,abefafdc-c772-4671-86fe-fc15a42adebb,abefafdc-c772-4671-86fe-fc15a42adebb,5,0,0,18,0,1,1,1,1791421882
2026-10-08T01:11:59+00:00,2026-10-08T01:13:22.644975+00:00,f8347118-0de8-11e7-991c-3863bb43a7d0,22,17,0,0,16,2,1,1,1,1791421880
2026-10-08T01:11:59+00:00,2026-10-08T01:13:22.644975+00:00,f8348995-0de8-11e7-991c-3863bb43a7d0,58,18,2,1,0,0,1,1,1,1791421885
2026-10-08T01:11:59+00:00,2026-10-08T01:13:22.644975+00:00,f8348136-0de8-11e7-991c-3863bb43a7d0,41,25,2,1,1,0,1,1,1,1791421885
2026-10-08T01:11:59+00:00,2026-10-08T01:13:22.644975+00:00,f834b5d9-0de8-11e7-991c-3863bb43a7d0,103,13,2,0,2,0,1,1,1,1791421886
2026-10-08T01:11:59+00:00,2026-10-08T01:13:22.644975+00:00,1944724820826878816,1944724820826878816,8,0,1,8,0,1,1,1,1791421886
2026-10-08T01:11:59+00:00,2026-10-08T01:13:22.644975+00:00,2241260819676115550,2241260819676115550,1,0,0,24,0,1,1,1,1791421885
2026-10-08T01:11:59+00:00,2026-10-08T01:13:22.644975+00:00,83183df0-38c2-4ae8-a0c4-4b59599c9582,222,4,0,0,10,0,1,1,1,1791421891
2026-10-08T01:11:59+00:00,2026-10-08T01:13:22.644975+00:00,510239fe-69c3-458b-b53c-6ce001845f4a,354,11,6,0,4,0,1,1,1,1791421892
2026-10-08T01:11:59+00:00,2026-10-08T01:13:22.644975+00:00,f8351019-0de8-11e7-991c-3863bb43a7d0,169,10,4,0,9,0,1,1,1,1791421892
2026-10-08T01:11:59+00:00,2026-10-08T01:13:22.644975+00:00,70f20fcb-8e63-4015-9007-b97c525ab0a9,335,11,0,1,7,0,1,1,1,1791421894
2026-10-08T01:11:59+00:00,2026-10-08T01:13:22.644975+00:00,53a148ca-ac69-4a9c-a986-9a4b4df2f5df,387,7,0,0,8,0,1,1,1,1791421895
2026-10-08T01:11:59+00:00,2026-10-08T01:13:22.644975+00:00,350e73e3-6f70-4b2d-87ab-24c8629e9a6a,350e73e3-6f70-4b2d-87ab-24c8629e9a6a,12,0,1,6,0,1,1,1,1791421889
2026-10-08T01:11:59+00:00,2026-10-08T01:13:22.644975+00:00,2103549125054737064,2103549125054737064,4,2,0,12,0,1,1,1,1791421667
2026-10-08T01:11:59+00:00,2026-10-08T01:13:22.644975+00:00,bb27977d-36c1-496d-8bac-631b612dd7b8,332,14,4,0,0,0,1,1,1,1791421893
2026-10-08T01:11:59+00:00,2026-10-08T01:13:22.644975+00:00,2070180968009321294,2070180968009321294,15,0,0,4,2,1,1,1,1791421892
2026-10-08T01:11:59+00:00,2026-10-08T01:13:22.644975+00:00,f834cf45-0de8-11e7-991c-3863bb43a7d0,116,14,0,0,9,0,1,1,1,1791421893
2026-10-08T01:11:59+00:00,2026-10-08T01:13:22.644975+00:00,54d86d05-b399-42c5-a63a-a97713afc5d4,54d86d05-b399-42c5-a63a-a97713afc5d4,2,2,1,7,0,1,1,1,1791421893
2026-10-08T01:11:59+00:00,2026-10-08T01:13:22.644975+00:00,2072145327190878794,2072145327190878794,18,1,1,5,0,1,1,1,1791421894
2026-10-08T01:11:59+00:00,2026-10-08T01:13:22.644975+00:00,2113200093114979090,2113200093114979090,6,0,0,9,1,1,1,1,1791421895
2026-10-08T01:11:59+00:00,2026-10-08T01:13:22.644975+00:00,2111712079786088918,2111712079786088918,5,2,1,9,0,1,1,1,1791421894
2026-10-08T01:11:59+00:00,2026-10-08T01:13:22.644975+00:00,f6df6c1a-064f-428a-951c-2069a081b9df,380,3,0,2,13,0,1,1,1,1791421896
2026-10-08T01:11:59+00:00,2026-10-08T01:13:22.644975+00:00,2071632496372113488,2071632496372113488,14,7,1,5,0,1,1,1,1791421898
2026-10-08T01:11:59+00:00,2026-10-08T01:13:22.644975+00:00,2141932795355773712,2141932795355773712,7,0,0,10,0,1,1,1,1791421899
2026-10-08T01:22:00+00:00,2026-10-08T01:23:22.739708+00:00,6eaa7343-402d-41c9-9aac-8c664fdbdcf1,6eaa7343-402d-41c9-9aac-8c664fdbdcf1,0,0,0,0,0,0,0,0,86400
2026-10-08T01:22:00+00:00,2026-10-08T01:23:22.739708+00:00,2227859082657747444,2227859082657747444,5,2,0,2,0,1,1,1,1791422174
2026-10-08T01:22:00+00:00,2026-10-08T01:23:22.739708+00:00,88b35b6d-f355-44dc-b85e-ed2eb1bc9099,406,11,4,0,8,0,1,1,1,1791422381
2026-10-08T01:22:00+00:00,2026-10-08T01:23:22.739708+00:00,f8352973-0de8-11e7-991c-3863bb43a7d0,210,6,1,0,9,0,1,1,1,1791422382
2026-10-08T01:22:00+00:00,2026-10-08T01:23:22.739708+00:00,2036103727838931110,2036103727838931110,10,5,0,0,0,1,1,1,1791422386
2026-10-08T01:22:00+00:00,2026-10-08T01:23:22.739708+00:00,9fef6df2-7f8f-43fc-a85b-7dd5453860f9,437,13,1,0,4,0,1,1,1,1791422387
2026-10-08T01:22:00+00:00,2026-10-08T01:23:22.739708+00:00,f8351649-0de8-11e7-991c-3863bb43a7d0,183,1,0,0,18,0,1,1,1,1791422385
2026-10-08T01:22:00+00:00,2026-10-08T01:23:22.739708+00:00,2027855476515070160,2027855476515070160,10,0,0,16,0,1,1,1,1791422393
2026-10-08T01:22:00+00:00,2026-10-08T01:23:22.739708+00:00,199f3d59-e726-4549-b9c1-4dfc8a343fdb,508,10,6,0,1,0,1,1,1,1791422392
2026-10-08T01:22:00+00:00,2026-10-08T01:23:22.739708+00:00,f834f036-0de8-11e7-991c-3863bb43a7d0,133,11,2,2,10,0,1,1,1,1791422389
2026-10-08T01:22:00+00:00,2026-10-08T01:23:22.739708+00:00,f7d416f8-4377-4019-bba7-302dc1d5a11d,391,9,0,3,3,0,1,1,1,1791422389
2026-10-08T01:22:00+00:00,2026-10-08T01:23:22.739708+00:00,2113559364250874028,2113559364250874028,8,2,0,7,0,1,1,1,1791422395
2026-10-08T01:22:00+00:00,2026-10-08T01:23:22.739708+00:00,9b0aff89-5242-475e-b03b-87c3c3bf51bb,477,3,3,1,15,0,1,1,1,1791422397
2026-10-08T01:22:00+00:00,2026-10-08T01:23:22.739708+00:00,f834b183-0de8-11e7-991c-3863bb43a7d0,98,12,2,1,10,0,1,1,1,1791422395
2026-10-08T01:22:00+00:00,2026-10-08T01:23:22.739708+00:00,f8351791-0de8-11e7-991c-3863bb43a7d0,186,12,0,0,3,0,1,1,1,1791422396
2026-10-08T01:22:00+00:00,2026-10-08T01:23:22.739708+00:00,f83532fa-0de8-11e7-991c-3863bb43a7d0,219,12,1,0,3,0,1,1,1,1791422399
2026-10-08T01:22:00+00:00,2026-10-08T01:23:22.739708+00:00,f834f948-0de8-11e7-991c-3863bb43a7d0,138,12,0,1,1,0,1,1,1,1791422408
2026-10-08T01:22:00+00:00,2026-10-08T01:23:22.739708+00:00,f835244e-0de8-11e7-991c-3863bb43a7d0,202,9,1,0,6,0,1,1,1,1791422409
2026-10-08T01:22:00+00:00,2026-10-08T01:23:22.739708+00:00,52ca4d94-587f-4a61-a298-a1a755e73bfb,362,19,3,0,0,0,1,1,1,1791422409
2026-10-08T01:22:00+00:00,2026-10-08T01:23:22.739708+00:00,f8348719-0de8-11e7-991c-3863bb43a7d0,52,0,0,0,23,0,1,1,1,1791422406
2026-10-08T01:22:00+00:00,2026-10-08T01:23:22.739708+00:00,1997031876360597884,1997031876360597884,6,1,0,5,0,1,1,1,1791422408
2026-10-08T01:22:00+00:00,2026-10-08T01:23:22.739708+00:00,f8347002-0de8-11e7-991c-3863bb43a7d0,20,17,0,0,6,0,1,1,1,1791422402
2026-10-08T01:22:00+00:00,2026-10-08T01:23:22.739708+00:00,768433a9-fc30-4485-b136-22d6f8a96f1c,768433a9-fc30-4485-b136-22d6f8a96f1c,4,0,1,6,0,1,1,1,1791422404
2026-10-08T01:22:00+00:00,2026-10-08T01:23:22.739708+00:00,eed9e64f-f09d-43c1-aa31-da968c66750a,368,5,0,0,10,0,1,1,1,1791422413
2026-10-08T01:22:00+00:00,2026-10-08T01:23:22.739708+00:00,f8351569-0de8-11e7-991c-3863bb43a7d0,181,14,0,0,5,0,1,1,1,1791422413
2026-10-08T01:22:00+00:00,2026-10-08T01:23:22.739708+00:00,f8350d30-0de8-11e7-991c-3863bb43a7d0,163,7,0,0,12,0,1,1,1,1791422412
2026-10-08T01:22:00+00:00,2026-10-08T01:23:22.739708+00:00,f8346c96-0de8-11e7-991c-3863bb43a7d0,14,0,0,0,25,0,1,1,1,1791422417
2026-10-08T01:22:00+00:00,2026-10-08T01:23:22.739708+00:00,f834cb89-0de8-11e7-991c-3863bb43a7d0,115,8,4,3,9,0,1,1,1,1791422423
2026-10-08T01:22:00+00:00,2026-10-08T01:23:22.739708+00:00,f8350199-0de8-11e7-991c-3863bb43a7d0,150,8,1,0,11,0,1,1,1,1791422425
2026-10-08T01:22:00+00:00,2026-10-08T01:23:22.739708+00:00,1ef9964d-47ac-4cd4-916e-7c006fa1e605,339,10,6,0,5,0,1,1,1,1791422428
2026-10-08T01:22:00+00:00,2026-10-08T01:23:22.739708+00:00,e335fa7c-7adf-4360-9bfa-76b18124a56f,541,5,4,0,6,0,1,1,1,1791422428
2026-10-08T01:22:00+00:00,2026-10-08T01:23:22.739708+00:00,f8349599-0de8-11e7-991c-3863bb43a7d0,71,14,6,0,9,0,1,1,1,1791422430
2026-10-08T01:22:00+00:00,2026-10-08T01:23:22.739708+00:00,82b41ffb-e284-4e4d-b22a-0cad2bfd4bee,443,7,0,0,12,0,1,1,1,1791422426
2026-10-08T01:22:00+00:00,2026-10-08T01:23:22.739708+00:00,f834c6f5-0de8-11e7-991c-3863bb43a7d0,111,8,1,1,5,1,1,1,1,1791422430
2026-10-08T01:22:00+00:00,2026-10-08T01:23:22.739708+00:00,87b5a8b7-a330-4c51-ab32-7dafa292c88f,421,15,1,1,3,0,1,1,1,1791422430
2026-10-08T01:22:00+00:00,2026-10-08T01:23:22.739708+00:00,1999639508813492766,1999639508813492766,9,0,0,11,0,1,1,1,1791422335
2026-10-08T01:22:00+00:00,2026-10-08T01:23:22.739708+00:00,f834916a-0de8-11e7-991c-3863bb43a7d0,63,3,1,0,12,0,1,1,1,1791422437
2026-10-08T01:22:00+00:00,2026-10-08T01:23:22.739708+00:00,25489822-e43a-4704-b2a8-d905b78ba77c,389,2,1,0,12,0,1,1,1,1791422439
2026-10-08T01:22:00+00:00,2026-10-08T01:23:22.739708+00:00,f8347ded-0de8-11e7-991c-3863bb43a7d0,35,1,0,0,30,0,1,1,1,1791422441
2026-10-08T01:22:00+00:00,2026-10-08T01:23:22.739708+00:00,f8346e51-0de8-11e7-991c-3863bb43a7d0,17,12,0,0,3,0,1,1,1,1791422438
2026-10-08T01:22:00+00:00,2026-10-08T01:23:22.739708+00:00,2036412579943670600,2036412579943670600,5,5,1,6,0,1,1,1,1791422438
2026-10-08T01:22:00+00:00,2026-10-08T01:23:22.739708+00:00,aefc33cd-40b9-48da-8b87-415428816bdb,488,8,2,0,8,0,1,1,1,1791422446
2026-10-08T01:22:00+00:00,2026-10-08T01:23:22.739708+00:00,f834fcbe-0de8-11e7-991c-3863bb43a7d0,141,0,0,0,15,0,1,1,1,1791422445
2026-10-08T01:22:00+00:00,2026-10-08T01:23:22.739708+00:00,625f105e-4407-4988-9095-d1979cbda5e1,234,17,11,0,2,0,1,1,1,1791422446
2026-10-08T01:22:00+00:00,2026-10-08T01:23:22.739708+00:00,2071991821019036242,2071991821019036242,14,2,0,6,0,1,1,1,1791422402
2026-10-08T01:22:00+00:00,2026-10-08T01:23:22.739708+00:00,4b5de733-9353-4873-9dc2-9558b3cb063a,393,5,0,0,8,0,1,1,1,1791422445
2026-10-08T01:22:00+00:00,2026-10-08T01:23:22.739708+00:00,2131371824572002576,2131371824572002576,11,0,1,4,0,1,1,1,1791422433
2026-10-08T01:22:00+00:00,2026-10-08T01:23:22.739708+00:00,f834e75d-0de8-11e7-991c-3863bb43a7d0,129,7,0,0,11,1,1,1,1,1791422431
2026-10-08T01:22:00+00:00,2026-10-08T01:23:22.739708+00:00,a6d6d4b2-3666-43ad-a690-7f676bdcc3fd,542,9,0,4,6,0,1,1,1,1791422427
2026-10-08T01:22:00+00:00,2026-10-08T01:23:22.739708+00:00,57f5003b-6574-40b3-83d7-3b5dee1472e0,518,7,6,0,3,0,1,1,1,1791422426
2026-10-08T01:22:00+00:00,2026-10-08T01:23:22.739708+00:00,f834b1ed-0de8-11e7-991c-3863bb43a7d0,99,15,2,0,0,0,1,1,1,1791422450
2026-10-08T01:22:00+00:00,2026-10-08T01:23:22.739708+00:00,01d29f8c-768d-4c4f-84ca-3de966075287,469,3,2,0,8,0,1,1,1,1791422448
2026-10-08T01:22:00+00:00,2026-10-08T01:23:22.739708+00:00,f8351255-0de8-11e7-991c-3863bb43a7d0,174,7,2,3,5,0,1,1,1,1791422448
2026-10-08T01:22:00+00:00,2026-10-08T01:23:22.739708+00:00,ab6517ea-ed53-42eb-8881-657d362e56e8,560,11,0,0,4,0,1,1,1,1791422451
2026-10-08T01:22:00+00:00,2026-10-08T01:23:22.739708+00:00,2438d052-2cd6-4fba-83c9-39f46cb59398,2438d052-2cd6-4fba-83c9-39f46cb59398,1,0,2,16,0,1,1,1,1791422451
2026-10-08T01:22:00+00:00,2026-10-08T01:23:22.739708+00:00,25d6f87f-7025-48c5-b202-f91511a4ae19,25d6f87f-7025-48c5-b202-f91511a4ae19,13,4,1,5,0,1,1,1,1791422451
2026-10-08T01:22:00+00:00,2026-10-08T01:23:22.739708+00:00,133d159e-a202-4310-910f-eca392fe181e,398,0,0,2,17,0,1,1,1,1791422453
2026-10-08T01:22:00+00:00,2026-10-08T01:23:22.739708+00:00,2028220168245183460,2028220168245183460,13,0,0,6,0,1,1,1,1791422453
2026-10-08T01:22:00+00:00,2026-10-08T01:23:22.739708+00:00,2261583246847893606,2261583246847893606,15,9,1,3,0,1,1,1,1791422454
2026-10-08T01:22:00+00:00,2026-10-08T01:23:22.739708+00:00,2251186911126913182,2251186911126913182,13,2,2,4,0,1,1,1,1791422455
2026-10-08T01:22:00+00:00,2026-10-08T01:23:22.739708+00:00,803a0c16-4f81-44f1-8b49-a13fcdda40c1,370,4,0,2,12,0,1,1,1,1791422456
2026-10-08T01:22:00+00:00,2026-10-08T01:23:22.739708+00:00,2250817396738253956,2250817396738253956,12,2,2,1,0,1,1,1,1791422459
2026-10-08T01:22:00+00:00,2026-10-08T01:23:22.739708+00:00,f8351f87-0de8-11e7-991c-3863bb43a7d0,192,0,0,0,19,0,1,1,1,1791422458
2026-10-08T01:22:00+00:00,2026-10-08T01:23:22.739708+00:00,f834c5c9-0de8-11e7-991c-3863bb43a7d0,110,2,0,1,11,0,1,1,1,1791422457
2026-10-08T01:22:00+00:00,2026-10-08T01:23:22.739708+00:00,2126567695528519906,2126567695528519906,8,0,0,12,0,1,1,1,1791422458
2026-10-08T01:22:00+00:00,2026-10-08T01:23:22.739708+00:00,2031175112202687108,2031175112202687108,5,1,0,11,0,1,1,1,1791422461
2026-10-08T01:22:00+00:00,2026-10-08T01:23:22.739708+00:00,5410aac7-2ec0-47b6-b728-b99c5137b463,5410aac7-2ec0-47b6-b728-b99c5137b463,8,2,0,3,0,1,1,1,1791422462
2026-10-08T01:22:00+00:00,2026-10-08T01:23:22.739708+00:00,2110566771130438288,2110566771130438288,10,6,1,5,0,1,1,1,1791422464
2026-10-08T01:22:00+00:00,2026-10-08T01:23:22.739708+00:00,f606593b-3d07-40f2-bc6d-a0eb96588e44,456,5,0,0,13,0,1,1,1,1791422464
2026-10-08T01:22:00+00:00,2026-10-08T01:23:22.739708+00:00,2251556760922290606,2251556760922290606,11,0,2,2,0,1,1,1,1791422467
2026-10-08T01:22:00+00:00,2026-10-08T01:23:22.739708+00:00,8d535c23-f186-4161-aa10-17e94be6d4ae,436,5,4,3,6,1,1,1,1,1791422468
2026-10-08T01:22:00+00:00,2026-10-08T01:23:22.739708+00:00,4d953f0f-13b5-4b3d-b2da-342003ff7cba,4d953f0f-13b5-4b3d-b2da-342003ff7cba,3,2,0,8,0,1,1,1,1791422468
2026-10-08T01:22:00+00:00,2026-10-08T01:23:22.739708+00:00,e4d5271f-5f76-401b-b7f0-c8dce3c26f10,462,7,1,1,3,0,1,1,1,1791422462
2026-10-08T01:22:00+00:00,2026-10-08T01:23:22.739708+00:00,b44b7c3d-c054-4591-92a9-3b96d86050ab,b44b7c3d-c054-4591-92a9-3b96d86050ab,2,2,0,9,0,1,1,1,1791422465
2026-10-08T01:22:00+00:00,2026-10-08T01:23:22.739708+00:00,15ec5783-ca7a-4225-ba51-cd0a45ecc975,15ec5783-ca7a-4225-ba51-cd0a45ecc975,8,6,0,3,0,1,1,1,1791422467
2026-10-08T01:22:00+00:00,2026-10-08T01:23:22.739708+00:00,1331197c-f6c6-4f4a-a29b-95e580359886,224,9,0,1,7,0,1,1,1,1791422467
2026-10-08T01:22:00+00:00,2026-10-08T01:23:22.739708+00:00,2124664048772581794,2124664048772581794,3,0,0,8,0,1,1,1,1791422468
2026-10-08T01:22:00+00:00,2026-10-08T01:23:22.739708+00:00,2219705277630124418,2219705277630124418,5,2,0,10,0,1,1,1,1791422465
2026-10-08T01:22:00+00:00,2026-10-08T01:23:22.739708+00:00,918335df-fc1a-45c2-9cfc-c5e2e93aecc0,467,2,0,1,8,0,1,1,1,1791422470
2026-10-08T01:22:00+00:00,2026-10-08T01:23:22.739708+00:00,1ef5abb2-5af9-41f2-a0dd-1e44278ad9f1,502,4,0,0,7,0,1,1,1,1791422470
2026-10-08T01:22:00+00:00,2026-10-08T01:23:22.739708+00:00,ec4e1168-25dc-4929-b17b-e4ae578dd888,425,4,2,1,11,0,1,1,1,1791422471
2026-10-08T01:22:00+00:00,2026-10-08T01:23:22.739708+00:00,f8349070-0de8-11e7-991c-3863bb43a7d0,61,3,0,1,15,0,1,1,1,1791422471
2026-10-08T01:22:00+00:00,2026-10-08T01:23:22.739708+00:00,1994515539257334312,1994515539257334312,19,8,0,0,0,1,1,1,1791422473
2026-10-08T01:22:00+00:00,2026-10-08T01:23:22.739708+00:00,f8347ba8-0de8-11e7-991c-3863bb43a7d0,31,1,1,0,18,0,1,1,1,1791422473
2026-10-08T01:22:00+00:00,2026-10-08T01:23:22.739708+00:00,2127252912986958612,2127252912986958612,4,0,0,11,0,1,1,1,1791422469
2026-10-08T01:22:00+00:00,2026-10-08T01:23:22.739708+00:00,ea00f276-26dc-48ee-b2c8-6e56fd632a2d,272,2,0,1,16,0,1,1,1,1791422470
2026-10-08T01:22:00+00:00,2026-10-08T01:23:22.739708+00:00,f834b928-0de8-11e7-991c-3863bb43a7d0,106,9,1,1,4,0,1,1,1,1791422470
2026-10-08T01:22:00+00:00,2026-10-08T01:23:22.739708+00:00,f8347a8b-0de8-11e7-991c-3863bb43a7d0,29,15,0,0,4,0,1,1,1,1791422471
2026-10-08T01:22:00+00:00,2026-10-08T01:23:22.739708+00:00,f834a1de-0de8-11e7-991c-3863bb43a7d0,84,1,0,0,12,0,1,1,1,1791422471
2026-10-08T01:22:00+00:00,2026-10-08T01:23:22.739708+00:00,f8348598-0de8-11e7-991c-3863bb43a7d0,49,4,0,0,14,0,1,1,1,1791422478
2026-10-08T01:22:00+00:00,2026-10-08T01:23:22.739708+00:00,829fa5a8-cc88-4ab2-9f34-b481aaa1612e,259,9,0,0,6,0,1,1,1,1791422478
2026-10-08T01:22:00+00:00,2026-10-08T01:23:22.739708+00:00,2039387081833476178,2039387081833476178,12,2,0,8,0,1,1,1,1791422478
2026-10-08T01:22:00+00:00,2026-10-08T01:23:22.739708+00:00,1976280681456741062,1976280681456741062,5,5,0,6,0,1,1,1,1791422475
2026-10-08T01:22:00+00:00,2026-10-08T01:23:22.739708+00:00,38706d8c-8d4b-49f7-b6ed-7688449db261,463,5,0,0,14,0,1,1,1,1791422475
2026-10-08T01:22:00+00:00,2026-10-08T01:23:22.739708+00:00,dcd76e42-eebc-4432-9726-cdb3372b0b07,557,0,0,0,19,0,1,1,1,1791422474
2026-10-08T01:22:00+00:00,2026-10-08T01:23:22.739708+00:00,f834a67b-0de8-11e7-991c-3863bb43a7d0,89,1,0,1,17,0,1,1,1,1791422475
2026-10-08T01:22:00+00:00,2026-10-08T01:23:22.739708+00:00,2127634714741013228,2127634714741013228,15,2,0,9,0,1,1,1,1791422479
2026-10-08T01:22:00+00:00,2026-10-08T01:23:22.739708+00:00,8e7c1984-dc81-43b0-a0d3-58c6de45225a,465,7,5,0,4,0,1,1,1,1791422477
2026-10-08T01:22:00+00:00,2026-10-08T01:23:22.739708+00:00,1991921362058752616,1991921362058752616,0,0,0,20,0,1,1,1,1791422469
2026-10-08T01:22:00+00:00,2026-10-08T01:23:22.739708+00:00,2220033166406469278,2220033166406469278,10,4,1,4,0,1,1,1,1791422480
2026-10-08T01:22:00+00:00,2026-10-08T01:23:22.739708+00:00,986068c4-d11a-465a-b8d0-bd0960c57f51,986068c4-d11a-465a-b8d0-bd0960c57f51,11,0,0,3,0,1,1,1,1791422480
2026-10-08T01:22:00+00:00,2026-10-08T01:23:22.739708+00:00,2132460331327742574,2132460331327742574,0,0,0,18,0,1,1,1,1791422481
2026-10-08T01:22:00+00:00,2026-10-08T01:23:22.739708+00:00,f83493c0-0de8-11e7-991c-3863bb43a7d0,67,0,0,4,26,0,1,1,1,1791422481
2026-10-08T01:22:00+00:00,2026-10-08T01:23:22.739708+00:00,569f4952-5a25-4394-a419-f9c4d9cca6f3,495,16,5,0,2,0,1,1,1,1791422481
2026-10-08T01:22:00+00:00,2026-10-08T01:23:22.739708+00:00,97a1e4e7-a1ff-427a-aaea-48ca0d00bf9c,348,6,5,0,9,0,1,1,1,1791422480
2026-10-08T01:22:00+00:00,2026-10-08T01:23:22.739708+00:00,f83466c6-0de8-11e7-991c-3863bb43a7d0,6,0,0,2,12,0,1,1,1,1791422480
2026-10-08T01:22:00+00:00,2026-10-08T01:23:22.739708+00:00,1986694622707704150,1986694622707704150,16,0,1,2,0,1,1,1,1791422480
2026-10-08T01:22:00+00:00,2026-10-08T01:23:22.739708+00:00,c111ef1a-f276-415d-a95e-8e3c4e3a0c03,522,6,3,1,8,0,1,1,1,1791422482
2026-10-08T01:22:00+00:00,2026-10-08T01:23:22.739708+00:00,f834a2a8-0de8-11e7-991c-3863bb43a7d0,85,0,0,1,18,0,1,1,1,1791422482
2026-10-08T01:22:00+00:00,2026-10-08T01:23:22.739708+00:00,40ee059e-8530-4992-9114-c16b87d6832f,441,12,4,0,7,0,1,1,1,1791422486
2026-10-08T01:22:00+00:00,2026-10-08T01:23:22.739708+00:00,f55cdf0a-3d7b-491c-bed2-7dc0ef2062d5,489,10,1,0,6,0,1,1,1,1791422485
2026-10-08T01:22:00+00:00,2026-10-08T01:23:22.739708+00:00,2089808297152151688,2089808297152151688,2,1,1,9,0,1,1,1,1791422488
2026-10-08T01:22:00+00:00,2026-10-08T01:23:22.739708+00:00,f8346dbd-0de8-11e7-991c-3863bb43a7d0,16,8,0,1,10,0,1,1,1,1791422487
2026-10-08T01:22:00+00:00,2026-10-08T01:23:22.739708+00:00,1976640911178291400,1976640911178291400,6,3,0,5,0,1,1,1,1791422485
2026-10-08T01:22:00+00:00,2026-10-08T01:23:22.739708+00:00,1919521884659886482,1919521884659886482,3,1,0,16,0,1,1,1,1791422488
2026-10-08T01:22:00+00:00,2026-10-08T01:23:22.739708+00:00,800bde2c-51df-497c-ac2d-bc3a8c00c164,800bde2c-51df-497c-ac2d-bc3a8c00c164,0,0,0,15,0,1,1,1,1791422486
2026-10-08T01:22:00+00:00,2026-10-08T01:23:22.739708+00:00,6cec3afa-554c-466f-8323-5c619fe0ddc6,6cec3afa-554c-466f-8323-5c619fe0ddc6,6,4,0,5,0,1,1,1,1791422490
2026-10-08T01:22:00+00:00,2026-10-08T01:23:22.739708+00:00,acb27827-d69a-4287-b132-3f529ca62ad2,427,4,1,0,15,0,1,1,1,1791422491
2026-10-08T01:22:00+00:00,2026-10-08T01:23:22.739708+00:00,d1a5e406-718c-44b9-b9dd-e63605b888aa,555,8,7,0,7,0,1,1,1,1791422491
2026-10-08T01:22:00+00:00,2026-10-08T01:23:22.739708+00:00,77c1736c-a609-4453-94f7-8e4253a8193c,474,8,3,0,3,0,1,1,1,1791422489
2026-10-08T01:22:00+00:00,2026-10-08T01:23:22.739708+00:00,f834d260-0de8-11e7-991c-3863bb43a7d0,119,12,9,2,0,0,1,1,1,1791422489
2026-10-08T01:22:00+00:00,2026-10-08T01:23:22.739708+00:00,2129149628430547474,2129149628430547474,16,3,0,0,0,1,1,1,1791422489
2026-10-08T01:22:00+00:00,2026-10-08T01:23:22.739708+00:00,cad0e759-b605-458a-b772-768dcce81dc6,372,10,0,0,8,0,1,1,1,1791422490
2026-10-08T01:22:00+00:00,2026-10-08T01:23:22.739708+00:00,8bc42f7f-753d-4cca-a7d6-0d7c2530ea2c,364,11,2,1,7,0,1,1,1,1791422491
2026-10-08T01:22:00+00:00,2026-10-08T01:23:22.739708+00:00,a825b55d-3ab3-481f-9c50-d3a7313e6843,228,0,0,0,19,0,1,1,1,1791422490
2026-10-08T01:22:00+00:00,2026-10-08T01:23:22.739708+00:00,2134720099473744344,2134720099473744344,3,0,0,18,0,1,1,1,1791422493
2026-10-08T01:22:00+00:00,2026-10-08T01:23:22.739708+00:00,f83473ea-0de8-11e7-991c-3863bb43a7d0,27,17,2,3,3,0,1,1,1,1791422493
2026-10-08T01:22:00+00:00,2026-10-08T01:23:22.739708+00:00,1999644268058967024,1999644268058967024,23,1,0,1,0,1,1,1,1791422493
2026-10-08T01:22:00+00:00,2026-10-08T01:23:22.739708+00:00,2149920539832638004,2149920539832638004,12,0,1,2,0,1,1,1,1791422494
2026-10-08T01:22:00+00:00,2026-10-08T01:23:22.739708+00:00,f834d34b-0de8-11e7-991c-3863bb43a7d0,120,17,3,0,22,0,1,1,1,1791422495
2026-10-08T01:22:00+00:00,2026-10-08T01:23:22.739708+00:00,5d17f129-af8c-4f30-bc58-6a8279052772,543,5,2,1,13,0,1,1,1,1791422496
2026-10-08T01:22:00+00:00,2026-10-08T01:23:22.739708+00:00,f8350129-0de8-11e7-991c-3863bb43a7d0,149,10,0,0,8,0,1,1,1,1791422496
2026-10-08T01:22:00+00:00,2026-10-08T01:23:22.739708+00:00,2363c5a3-93cc-41a2-a767-90f1826c041f,426,0,0,0,27,0,1,1,1,1791422496
2026-10-08T01:22:00+00:00,2026-10-08T01:23:22.739708+00:00,e519df41-c4d7-403a-9afa-a5dd7cdd2d03,536,10,0,1,7,0,1,1,1,1791422498
2026-10-08T01:22:00+00:00,2026-10-08T01:23:22.739708+00:00,f8349672-0de8-11e7-991c-3863bb43a7d0,72,0,0,0,23,0,1,1,1,1791422382
2026-10-08T01:22:00+00:00,2026-10-08T01:23:22.739708+00:00,2079440939380771716,2079440939380771716,1,1,1,9,0,1,1,1,1791422382
2026-10-08T01:22:00+00:00,2026-10-08T01:23:22.739708+00:00,f4a64c30-b97f-4ae5-b531-a11698b558d7,562,6,2,0,3,0,1,1,1,1791422383
2026-10-08T01:22:00+00:00,2026-10-08T01:23:22.739708+00:00,68323451-daf0-4532-a6cb-b070e3ef358f,68323451-daf0-4532-a6cb-b070e3ef358f,2,0,0,17,0,1,1,1,1791422384
2026-10-08T01:22:00+00:00,2026-10-08T01:23:22.739708+00:00,a9d13461-7f0f-47b0-9a97-8ec9e9792865,533,15,0,1,3,0,1,1,1,1791422386
2026-10-08T01:22:00+00:00,2026-10-08T01:23:22.739708+00:00,f8352150-0de8-11e7-991c-3863bb43a7d0,196,2,2,0,8,0,1,1,1,1791422385
2026-10-08T01:22:00+00:00,2026-10-08T01:23:22.739708+00:00,f8346a3c-0de8-11e7-991c-3863bb43a7d0,10,1,0,2,8,0,1,1,1,1791422392
2026-10-08T01:22:00+00:00,2026-10-08T01:23:22.739708+00:00,2111332861978124760,2111332861978124760,3,1,1,12,0,1,1,1,1791422393
2026-10-08T01:22:00+00:00,2026-10-08T01:23:22.739708+00:00,f8348857-0de8-11e7-991c-3863bb43a7d0,55,4,0,0,11,0,1,1,1,1791422388
2026-10-08T01:22:00+00:00,2026-10-08T01:23:22.739708+00:00,e49a5b83-2c9c-4610-a48b-89cfea172c8f,504,6,0,0,5,0,1,1,1,1791422391
2026-10-08T01:22:00+00:00,2026-10-08T01:23:22.739708+00:00,a3b94ed8-8301-4ec6-baf2-64ac493b5106,529,1,0,0,13,0,1,1,1,1791422398
2026-10-08T01:22:00+00:00,2026-10-08T01:23:22.739708+00:00,f836bc28-36a7-4ca6-bba6-0d75333d84bb,538,14,1,1,4,0,1,1,1,1791422394
2026-10-08T01:22:00+00:00,2026-10-08T01:23:22.739708+00:00,50cc3c7f-50ed-4c70-b483-c89f3f47c938,491,17,1,0,2,0,1,1,1,1791422395
2026-10-08T01:22:00+00:00,2026-10-08T01:23:22.739708+00:00,609c2f06-310e-4134-8dd2-3d23aa41487b,609c2f06-310e-4134-8dd2-3d23aa41487b,20,4,1,1,0,1,1,1,1791422402
2026-10-08T01:22:00+00:00,2026-10-08T01:23:22.739708+00:00,f835141c-0de8-11e7-991c-3863bb43a7d0,178,9,0,2,7,0,1,1,1,1791422399
2026-10-08T01:22:00+00:00,2026-10-08T01:23:22.739708+00:00,2035765531590062506,2035765531590062506,7,1,3,1,0,1,1,1,1791422401
2026-10-08T01:22:00+00:00,2026-10-08T01:23:22.739708+00:00,dd008e3c-ff17-4c82-abe0-502272a62425,558,2,2,1,14,0,1,1,1,1791422403
2026-10-08T01:22:00+00:00,2026-10-08T01:23:22.739708+00:00,a9bc314b-a3fd-46e5-a63b-f005258bba5f,a9bc314b-a3fd-46e5-a63b-f005258bba5f,4,0,0,13,1,1,1,1,1791422405
2026-10-08T01:22:00+00:00,2026-10-08T01:23:22.739708+00:00,25cc602a-152a-4abe-9df8-a131d0a5d94b,235,11,6,0,4,0,1,1,1,1791422408
2026-10-08T01:22:00+00:00,2026-10-08T01:23:22.739708+00:00,8f51f8f1-ecb8-4cd3-8529-296a03140c51,8f51f8f1-ecb8-4cd3-8529-296a03140c51,8,3,0,11,0,1,1,1,1791422405
2026-10-08T01:22:00+00:00,2026-10-08T01:23:22.739708+00:00,2fded452-cbd0-4248-b008-f8a61ed9a85f,2fded452-cbd0-4248-b008-f8a61ed9a85f,2,1,0,13,0,1,1,1,1791422408
2026-10-08T01:22:00+00:00,2026-10-08T01:23:22.739708+00:00,f834ffc9-0de8-11e7-991c-3863bb43a7d0,146,19,3,0,0,0,1,1,1,1791422412
2026-10-08T01:22:00+00:00,2026-10-08T01:23:22.739708+00:00,b0b8e427-7203-4844-9c70-129e08a74452,347,13,4,1,0,0,1,1,1,1791422412
2026-10-08T01:22:00+00:00,2026-10-08T01:23:22.739708+00:00,1984021766354634770,1984021766354634770,10,0,0,9,0,1,1,1,1791422411
2026-10-08T01:22:00+00:00,2026-10-08T01:23:22.739708+00:00,2002247509585342522,2002247509585342522,8,1,0,3,0,1,1,1,1791422413
2026-10-08T01:22:00+00:00,2026-10-08T01:23:22.739708+00:00,d81e16e2-a410-4a0b-b5ae-b72748fc9781,d81e16e2-a410-4a0b-b5ae-b72748fc9781,9,0,0,10,0,1,1,1,1791422413
2026-10-08T01:22:00+00:00,2026-10-08T01:23:22.739708+00:00,1206f5c8-7d1f-4c32-9d65-f3e80186fbde,511,8,5,1,10,0,1,1,1,1791422415
2026-10-08T01:22:00+00:00,2026-10-08T01:23:22.739708+00:00,66763558-7a03-48a9-8665-6b4445b81f48,458,11,7,0,4,0,1,1,1,1791422423
2026-10-08T01:22:00+00:00,2026-10-08T01:23:22.739708+00:00,f8348781-0de8-11e7-991c-3863bb43a7d0,53,9,0,1,9,0,1,1,1,1791422443
2026-10-08T01:22:00+00:00,2026-10-08T01:23:22.739708+00:00,2136546016037880534,2136546016037880534,4,1,0,11,0,1,1,1,1791422440
2026-10-08T01:22:00+00:00,2026-10-08T01:23:22.739708+00:00,f83472d3-0de8-11e7-991c-3863bb43a7d0,25,14,1,0,1,0,1,1,1,1791422440
2026-10-08T01:22:00+00:00,2026-10-08T01:23:22.739708+00:00,f8349de4-0de8-11e7-991c-3863bb43a7d0,80,0,0,0,34,0,1,1,1,1791422474
2026-10-08T01:22:00+00:00,2026-10-08T01:23:22.739708+00:00,2126939746529359956,2126939746529359956,7,2,0,12,0,1,1,1,1791422473
2026-10-08T01:22:00+00:00,2026-10-08T01:23:22.739708+00:00,f8348924-0de8-11e7-991c-3863bb43a7d0,57,14,1,0,0,0,1,1,1,1791422474
2026-10-08T01:22:00+00:00,2026-10-08T01:23:22.739708+00:00,ee18dbd6-05b8-4d38-a120-f84c3499a77e,519,4,0,0,7,0,1,1,1,1791422476
2026-10-08T01:22:00+00:00,2026-10-08T01:23:22.739708+00:00,f8351e42-0de8-11e7-991c-3863bb43a7d0,189,0,0,0,23,0,1,1,1,1791422474
2026-10-08T01:22:00+00:00,2026-10-08T01:23:22.739708+00:00,f8352306-0de8-11e7-991c-3863bb43a7d0,199,8,2,1,6,0,1,1,1,1791422472
2026-10-08T01:22:00+00:00,2026-10-08T01:23:22.739708+00:00,f834fb66-0de8-11e7-991c-3863bb43a7d0,139,17,3,2,0,0,1,1,1,1791422472
2026-10-08T01:22:00+00:00,2026-10-08T01:23:22.739708+00:00,efd724b2-31cb-4aec-b9d9-8ab79271630c,493,9,0,0,8,0,1,1,1,1791422460
2026-10-08T01:22:00+00:00,2026-10-08T01:23:22.739708+00:00,f834b652-0de8-11e7-991c-3863bb43a7d0,104,10,3,1,8,0,1,1,1,1791422465
2026-10-08T01:22:00+00:00,2026-10-08T01:23:22.739708+00:00,3f4f4ad4-a715-43d5-828f-f8381f26b66a,390,9,0,0,5,1,1,1,1,1791422464
2026-10-08T01:22:00+00:00,2026-10-08T01:23:22.739708+00:00,2074236051937964826,2074236051937964826,14,0,0,1,1,1,1,1,1791422464
2026-10-08T01:22:00+00:00,2026-10-08T01:23:22.739708+00:00,2071724371800490690,2071724371800490690,10,2,0,10,0,1,1,1,1791422469
2026-10-08T01:22:00+00:00,2026-10-08T01:23:22.739708+00:00,a51b429f-bf06-425a-b3fe-b3155aa6468c,a51b429f-bf06-425a-b3fe-b3155aa6468c,10,2,0,1,0,1,1,1,1791422469
2026-10-08T01:22:00+00:00,2026-10-08T01:23:22.739708+00:00,f834db9b-0de8-11e7-991c-3863bb43a7d0,121,14,5,0,3,0,1,1,1,1791422469
2026-10-08T01:22:00+00:00,2026-10-08T01:23:22.739708+00:00,dd05a440-f881-410c-a071-864da11c634a,318,0,0,0,19,0,1,1,1,1791422470
2026-10-08T01:22:00+00:00,2026-10-08T01:23:22.739708+00:00,2113560016964645240,2113560016964645240,8,0,1,10,0,1,1,1,1791422469
2026-10-08T01:22:00+00:00,2026-10-08T01:23:22.739708+00:00,2131714490587826928,2131714490587826928,11,8,2,3,0,1,1,1,1791422466
2026-10-08T01:22:00+00:00,2026-10-08T01:23:22.739708+00:00,f83487f0-0de8-11e7-991c-3863bb43a7d0,54,2,0,0,13,0,1,1,1,1791422477
2026-10-08T01:22:00+00:00,2026-10-08T01:23:22.739708+00:00,f8349d6e-0de8-11e7-991c-3863bb43a7d0,79,17,2,0,1,0,1,1,1,1791422481
2026-10-08T01:22:00+00:00,2026-10-08T01:23:22.739708+00:00,2100948177843249670,2100948177843249670,8,5,0,3,0,1,1,1,1791422431
2026-10-08T01:22:00+00:00,2026-10-08T01:23:22.739708+00:00,2158217922577811100,2158217922577811100,5,0,0,14,0,1,1,1,1791422431
2026-10-08T01:22:00+00:00,2026-10-08T01:23:22.739708+00:00,fae99a0c-e88a-4112-94d8-f655cf34e651,fae99a0c-e88a-4112-94d8-f655cf34e651,2,0,2,15,0,1,1,1,1791422430
2026-10-08T01:22:00+00:00,2026-10-08T01:23:22.739708+00:00,3de6e5da-9702-4623-8683-26abd98012a8,525,5,1,0,7,0,1,1,1,1791422433
2026-10-08T01:22:00+00:00,2026-10-08T01:23:22.739708+00:00,57caf362-1e8b-46aa-9ee3-82341c405ab0,271,3,1,1,11,0,1,1,1,1791422419
2026-10-08T01:22:00+00:00,2026-10-08T01:23:22.739708+00:00,31382324-2931-491a-827a-40149e45afee,232,5,0,0,6,0,1,1,1,1791422426
2026-10-08T01:22:00+00:00,2026-10-08T01:23:22.739708+00:00,f834b50a-0de8-11e7-991c-3863bb43a7d0,102,10,2,0,5,0,1,1,1,1791422429
2026-10-08T01:22:00+00:00,2026-10-08T01:23:22.739708+00:00,f834ff5a-0de8-11e7-991c-3863bb43a7d0,145,5,0,1,13,0,1,1,1,1791422447
2026-10-08T01:22:00+00:00,2026-10-08T01:23:22.739708+00:00,f8352c1a-0de8-11e7-991c-3863bb43a7d0,216,7,2,2,10,0,1,1,1,1791422448
2026-10-08T01:22:00+00:00,2026-10-08T01:23:22.739708+00:00,2120986392451359068,2120986392451359068,6,0,0,13,0,1,1,1,1791422447
2026-10-08T01:22:00+00:00,2026-10-08T01:23:22.739708+00:00,910f1452-dbeb-4e69-b226-71b2d7e85715,910f1452-dbeb-4e69-b226-71b2d7e85715,8,8,0,2,0,1,1,1,1791422445
2026-10-08T01:22:00+00:00,2026-10-08T01:23:22.739708+00:00,8b703219-1e16-4ba1-9f46-2b7030c7849a,360,3,2,2,10,0,1,1,1,1791422445
2026-10-08T01:22:00+00:00,2026-10-08T01:23:22.739708+00:00,f1cafe36-f800-41f6-b74d-73953cb6394c,471,1,0,0,26,0,1,1,1,1791422445
2026-10-08T01:22:00+00:00,2026-10-08T01:23:22.739708+00:00,e3f5d039-a49e-4b3b-ab4d-4efbef2068c6,e3f5d039-a49e-4b3b-ab4d-4efbef2068c6,13,3,1,8,0,1,1,1,1791422446
2026-10-08T01:22:00+00:00,2026-10-08T01:23:22.739708+00:00,1963273678015717438,1963273678015717438,4,2,0,15,0,1,1,1,1791422480
2026-10-08T01:22:00+00:00,2026-10-08T01:23:22.739708+00:00,c935cfb1-ef73-402e-9b86-83aaaac6534d,478,4,0,1,14,0,1,1,1,1791422481
2026-10-08T01:22:00+00:00,2026-10-08T01:23:22.739708+00:00,1994461916590643872,1994461916590643872,10,2,1,0,0,1,1,1,1791422482
2026-10-08T01:22:00+00:00,2026-10-08T01:23:22.739708+00:00,f8351ff1-0de8-11e7-991c-3863bb43a7d0,193,10,2,1,4,0,1,1,1,1791422483
2026-10-08T01:22:00+00:00,2026-10-08T01:23:22.739708+00:00,f835259f-0de8-11e7-991c-3863bb43a7d0,205,3,2,1,11,0,1,1,1,1791422485
2026-10-08T01:22:00+00:00,2026-10-08T01:23:22.739708+00:00,f8350c56-0de8-11e7-991c-3863bb43a7d0,161,14,2,1,8,0,1,1,1,1791422485
2026-10-08T01:22:00+00:00,2026-10-08T01:23:22.739708+00:00,634b697d-0e64-4102-8849-abac7a7f8e35,455,5,1,0,7,0,1,1,1,1791422486
2026-10-08T01:22:00+00:00,2026-10-08T01:23:22.739708+00:00,4764641e-b080-4c70-a1e1-049de81e09d0,273,26,4,3,12,0,1,1,1,1791422482
2026-10-08T01:22:00+00:00,2026-10-08T01:23:22.739708+00:00,f8350be5-0de8-11e7-991c-3863bb43a7d0,160,0,0,1,13,0,1,1,1,1791422418
2026-10-08T01:22:00+00:00,2026-10-08T01:23:22.739708+00:00,2080157934789007958,2080157934789007958,16,2,2,1,0,1,1,1,1791422485
2026-10-08T01:22:00+00:00,2026-10-08T01:23:22.739708+00:00,3dbbb3cb-b52d-46f8-8f9c-db11e83d081c,327,10,6,0,5,0,1,1,1,1791422486
2026-10-08T01:22:00+00:00,2026-10-08T01:23:22.739708+00:00,1e3beeb4-f8e1-452c-93e5-48df78d4b313,334,11,5,0,7,0,1,1,1,1791422489
2026-10-08T01:22:00+00:00,2026-10-08T01:23:22.739708+00:00,2256120653476329202,2256120653476329202,13,1,0,2,0,1,1,1,1791422490
2026-10-08T01:22:00+00:00,2026-10-08T01:23:22.739708+00:00,f834a32d-0de8-11e7-991c-3863bb43a7d0,86,18,2,1,6,0,1,1,1,1791422490
2026-10-08T01:22:00+00:00,2026-10-08T01:23:22.739708+00:00,f8352a4d-0de8-11e7-991c-3863bb43a7d0,212,14,0,2,16,0,1,1,1,1791422490
2026-10-08T01:22:00+00:00,2026-10-08T01:23:22.739708+00:00,dc770287-c70c-43ea-a635-39f3dc6b09cd,dc770287-c70c-43ea-a635-39f3dc6b09cd,11,4,0,0,0,1,1,1,1791422490
2026-10-08T01:22:00+00:00,2026-10-08T01:23:22.739708+00:00,2124668538068359456,2124668538068359456,11,0,0,8,0,1,1,1,1791422489
2026-10-08T01:22:00+00:00,2026-10-08T01:23:22.739708+00:00,4caf6e93-ddd7-4b6f-9e61-f9df1206ac92,4caf6e93-ddd7-4b6f-9e61-f9df1206ac92,12,9,0,7,0,1,1,1,1791422489
2026-10-08T01:22:00+00:00,2026-10-08T01:23:22.739708+00:00,2171110977443594588,2171110977443594588,8,0,1,6,0,1,1,1,1791422490
2026-10-08T01:22:00+00:00,2026-10-08T01:23:22.739708+00:00,2004828637786472956,2004828637786472956,11,2,0,8,0,1,1,1,1791422487
2026-10-08T01:22:00+00:00,2026-10-08T01:23:22.739708+00:00,0bc49982-74e9-4bbf-9991-e3d809d6319e,530,11,5,0,8,0,1,1,1,1791422489
2026-10-08T01:22:00+00:00,2026-10-08T01:23:22.739708+00:00,082262bd-086b-46c7-83ce-eed2b39142ff,416,2,1,0,13,0,1,1,1,1791422489
2026-10-08T01:22:00+00:00,2026-10-08T01:23:22.739708+00:00,0cb6d635-6a7d-4d75-89b4-36b12616be12,432,9,5,0,10,0,1,1,1,1791422490
2026-10-08T01:22:00+00:00,2026-10-08T01:23:22.739708+00:00,f834d064-0de8-11e7-991c-3863bb43a7d0,118,6,0,0,13,0,1,1,1,1791422454
2026-10-08T01:22:00+00:00,2026-10-08T01:23:22.739708+00:00,2012646293885032702,2012646293885032702,15,0,0,8,0,1,1,1,1791422455
2026-10-08T01:22:00+00:00,2026-10-08T01:23:22.739708+00:00,b5894555-30a3-46db-918a-fdeb083d6001,336,11,6,1,3,0,1,1,1,1791422455
2026-10-08T01:22:00+00:00,2026-10-08T01:23:22.739708+00:00,af066ffd-b892-434f-8532-1982fc408780,480,6,0,0,5,0,1,1,1,1791422451
2026-10-08T01:22:00+00:00,2026-10-08T01:23:22.739708+00:00,13681246-4bf8-444a-a908-fa165e4ad298,329,11,2,2,2,0,1,1,1,1791422453
2026-10-08T01:22:00+00:00,2026-10-08T01:23:22.739708+00:00,f8353277-0de8-11e7-991c-3863bb43a7d0,218,0,0,0,15,0,1,1,1,1791422453
2026-10-08T01:22:00+00:00,2026-10-08T01:23:22.739708+00:00,f834923d-0de8-11e7-991c-3863bb43a7d0,65,5,0,0,14,0,1,1,1,1791422427
2026-10-08T01:22:00+00:00,2026-10-08T01:23:22.739708+00:00,3c837bc0-fd08-49c4-adf5-0e9a98e918a7,524,6,0,1,8,0,1,1,1,1791422437
2026-10-08T01:22:00+00:00,2026-10-08T01:23:22.739708+00:00,1961066392414132348,1961066392414132348,1,1,0,18,0,1,1,1,1791422437
2026-10-08T01:22:00+00:00,2026-10-08T01:23:22.739708+00:00,f8346c01-0de8-11e7-991c-3863bb43a7d0,13,3,3,0,16,0,1,1,1,1791422437
2026-10-08T01:22:00+00:00,2026-10-08T01:23:22.739708+00:00,2253794653988522864,2253794653988522864,8,0,0,11,0,1,1,1,1791422437
2026-10-08T01:22:00+00:00,2026-10-08T01:23:22.739708+00:00,f8348021-0de8-11e7-991c-3863bb43a7d0,39,23,1,0,4,0,1,1,1,1791422436
2026-10-08T01:22:00+00:00,2026-10-08T01:23:22.739708+00:00,7dd0fc98-c1dd-4c93-9c1d-4bbdf5f93346,473,14,9,0,0,0,1,1,1,1791422435
2026-10-08T01:22:00+00:00,2026-10-08T01:23:22.739708+00:00,be7e7068-b85f-42c1-8ea1-e1d64e531323,be7e7068-b85f-42c1-8ea1-e1d64e531323,10,5,0,5,0,1,1,1,1791422457
2026-10-08T01:22:00+00:00,2026-10-08T01:23:22.739708+00:00,ee0fa23e-a6c2-474d-a6ef-bf581d63f1ae,ee0fa23e-a6c2-474d-a6ef-bf581d63f1ae,4,0,0,7,0,1,1,1,1791422459
2026-10-08T01:22:00+00:00,2026-10-08T01:23:22.739708+00:00,2223046412750968128,2223046412750968128,4,1,0,15,0,1,1,1,1791422459
2026-10-08T01:22:00+00:00,2026-10-08T01:23:22.739708+00:00,f835027c-0de8-11e7-991c-3863bb43a7d0,152,9,0,0,18,0,1,1,1,1791422459
2026-10-08T01:22:00+00:00,2026-10-08T01:23:22.739708+00:00,f83514f9-0de8-11e7-991c-3863bb43a7d0,180,9,0,1,9,0,1,1,1,1791422456
2026-10-08T01:22:00+00:00,2026-10-08T01:23:22.739708+00:00,2115804056935012722,2115804056935012722,0,0,0,18,0,1,1,1,1791422494
2026-10-08T01:22:00+00:00,2026-10-08T01:23:22.739708+00:00,dd8dee9d-d044-41d6-9371-8463cf9c671b,526,6,3,0,8,1,1,1,1,1791422494
2026-10-08T01:22:00+00:00,2026-10-08T01:23:22.739708+00:00,f8347361-0de8-11e7-991c-3863bb43a7d0,26,11,0,0,4,0,1,1,1,1791422493
2026-10-08T01:22:00+00:00,2026-10-08T01:23:22.739708+00:00,3a6d94a7-9fee-41c5-b8cc-a8487c5e691b,549,22,0,0,1,0,1,1,1,1791422494
2026-10-08T01:22:00+00:00,2026-10-08T01:23:22.739708+00:00,f834fda2-0de8-11e7-991c-3863bb43a7d0,143,6,0,0,17,0,1,1,1,1791422492
2026-10-08T01:22:00+00:00,2026-10-08T01:23:22.739708+00:00,a439fff7-8630-464c-b277-efca6f6bc664,531,11,3,2,1,0,1,1,1,1791422491
2026-10-08T01:22:00+00:00,2026-10-08T01:23:22.739708+00:00,fbb9b58c-2b92-4bcf-8e4c-a982e40d2f39,221,2,0,1,16,0,1,1,1,1791422496
2026-10-08T01:22:00+00:00,2026-10-08T01:23:22.739708+00:00,2248987790637065652,2248987790637065652,12,2,0,0,0,1,1,1,1791422495
2026-10-08T01:22:00+00:00,2026-10-08T01:23:22.739708+00:00,c98f50f6-1901-4c64-b164-8cf33245e022,282,16,1,1,0,1,1,1,1,1791422498
2026-10-08T01:22:00+00:00,2026-10-08T01:23:22.739708+00:00,3b158c7a-a362-43ae-af1f-121b78be32d7,483,6,2,1,10,0,1,1,1,1791422497
2026-10-08T01:22:00+00:00,2026-10-08T01:23:22.739708+00:00,2249419943962214726,2249419943962214726,8,3,0,11,0,1,1,1,1791422240
2026-10-08T01:22:00+00:00,2026-10-08T01:23:22.739708+00:00,f835108b-0de8-11e7-991c-3863bb43a7d0,170,1,0,0,13,0,1,1,1,1791422266
2026-10-08T01:22:00+00:00,2026-10-08T01:23:22.739708+00:00,f834a3a0-0de8-11e7-991c-3863bb43a7d0,87,15,4,0,0,0,1,1,1,1791422409
2026-10-08T01:22:00+00:00,2026-10-08T01:23:22.739708+00:00,2225590560002383786,2225590560002383786,0,0,0,15,0,1,1,1,1791422410
2026-10-08T01:22:00+00:00,2026-10-08T01:23:22.739708+00:00,f8285d4f-5053-4e26-bb28-72016fe11353,405,12,0,1,6,0,1,1,1,1791422410
2026-10-08T01:22:00+00:00,2026-10-08T01:23:22.739708+00:00,7feae3ce-ddf2-4a45-a123-1209c8a9182b,484,2,0,0,9,0,1,1,1,1791422411
2026-10-08T01:22:00+00:00,2026-10-08T01:23:22.739708+00:00,2130224177726511580,2130224177726511580,7,0,0,8,0,1,1,1,1791422415
2026-10-08T01:22:00+00:00,2026-10-08T01:23:22.739708+00:00,f83515d8-0de8-11e7-991c-3863bb43a7d0,182,15,0,0,4,0,1,1,1,1791422416
2026-10-08T01:22:00+00:00,2026-10-08T01:23:22.739708+00:00,2254164250455119196,2254164250455119196,6,6,0,9,0,1,1,1,1791422415
2026-10-08T01:22:00+00:00,2026-10-08T01:23:22.739708+00:00,12d463d2-ce50-43bd-81b1-6be4dbdbbc1b,430,13,4,0,6,0,1,1,1,1791422417
2026-10-08T01:22:00+00:00,2026-10-08T01:23:22.739708+00:00,0b0467c1-0c90-4529-a556-fe4d57835bbb,435,12,10,0,2,1,1,1,1,1791422418
2026-10-08T01:22:00+00:00,2026-10-08T01:23:22.739708+00:00,0daf7408-7a15-4d2b-8c39-f1a097cdbe85,403,15,2,0,0,0,1,1,1,1791422417
2026-10-08T01:22:00+00:00,2026-10-08T01:23:22.739708+00:00,f834f8ca-0de8-11e7-991c-3863bb43a7d0,137,15,10,2,2,0,1,1,1,1791422419
2026-10-08T01:22:00+00:00,2026-10-08T01:23:22.739708+00:00,f834a838-0de8-11e7-991c-3863bb43a7d0,92,15,0,0,3,0,1,1,1,1791422426
2026-10-08T01:22:00+00:00,2026-10-08T01:23:22.739708+00:00,f8351490-0de8-11e7-991c-3863bb43a7d0,179,18,1,4,30,1,1,1,1,1791422422
2026-10-08T01:22:00+00:00,2026-10-08T01:23:22.739708+00:00,f8352ac4-0de8-11e7-991c-3863bb43a7d0,213,5,0,3,6,0,1,1,1,1791422421
2026-10-08T01:22:00+00:00,2026-10-08T01:23:22.739708+00:00,fe534b6f-61ad-47d3-b9f6-cdaa128f53a4,395,4,0,2,9,0,1,1,1,1791422425
2026-10-08T01:22:00+00:00,2026-10-08T01:23:22.739708+00:00,f8349e56-0de8-11e7-991c-3863bb43a7d0,81,1,0,0,18,0,1,1,1,1791422432
2026-10-08T01:22:00+00:00,2026-10-08T01:23:22.739708+00:00,9e9be067-c6bb-41de-9491-eda69d24d6de,371,10,6,0,8,1,1,1,1,1791422429
2026-10-08T01:22:00+00:00,2026-10-08T01:23:22.739708+00:00,1976642295079838524,1976642295079838524,8,0,1,2,0,1,1,1,1791422428
2026-10-08T01:22:00+00:00,2026-10-08T01:23:22.739708+00:00,e2c306f6-82c7-4d0d-89fd-c9452d2f9ad1,361,15,0,1,27,0,1,1,1,1791422430
2026-10-08T01:22:00+00:00,2026-10-08T01:23:22.739708+00:00,d1c0b0c2-6e4c-424e-a946-a2a95a711633,422,5,1,0,10,0,1,1,1,1791422430
2026-10-08T01:22:00+00:00,2026-10-08T01:23:22.739708+00:00,f8348a68-0de8-11e7-991c-3863bb43a7d0,60,3,0,0,15,0,1,1,1,1791422432
2026-10-08T01:22:00+00:00,2026-10-08T01:23:22.739708+00:00,42886366-9cbf-432c-ba84-beef38877c87,408,14,4,1,0,0,1,1,1,1791422432
2026-10-08T01:22:00+00:00,2026-10-08T01:23:22.739708+00:00,f8350a84-0de8-11e7-991c-3863bb43a7d0,157,1,1,1,13,0,1,1,1,1791422432
2026-10-08T01:22:00+00:00,2026-10-08T01:23:22.739708+00:00,2109111257926871498,2109111257926871498,19,5,0,0,0,1,1,1,1791422447
2026-10-08T01:22:00+00:00,2026-10-08T01:23:22.739708+00:00,5f8ced09-665c-41e5-b67e-1e58fac21830,521,1,1,0,10,0,1,1,1,1791422447
2026-10-08T01:22:00+00:00,2026-10-08T01:23:22.739708+00:00,f834fc57-0de8-11e7-991c-3863bb43a7d0,140,14,2,0,3,0,1,1,1,1791422448
2026-10-08T01:22:00+00:00,2026-10-08T01:23:22.739708+00:00,7df1ee28-441e-44c1-8507-8f58946be96b,239,6,0,0,9,0,1,1,1,1791422442
2026-10-08T01:22:00+00:00,2026-10-08T01:23:22.739708+00:00,2118368356250680236,2118368356250680236,1,0,0,15,0,1,1,1,1791422443
2026-10-08T01:22:00+00:00,2026-10-08T01:23:22.739708+00:00,f83481c5-0de8-11e7-991c-3863bb43a7d0,42,5,0,0,25,0,1,1,1,1791422443
2026-10-08T01:22:00+00:00,2026-10-08T01:23:22.739708+00:00,2014558273483754010,2014558273483754010,16,4,0,3,0,1,1,1,1791422444
2026-10-08T01:22:00+00:00,2026-10-08T01:23:22.739708+00:00,53548ba4-ad0a-4d92-8e57-fd5c9f3ad102,399,4,0,0,11,0,1,1,1,1791422445
2026-10-08T01:22:00+00:00,2026-10-08T01:23:22.739708+00:00,f834ec42-0de8-11e7-991c-3863bb43a7d0,131,16,1,1,1,0,1,1,1,1791422445
2026-10-08T01:22:00+00:00,2026-10-08T01:23:22.739708+00:00,2220822464984366036,2220822464984366036,5,2,0,7,0,1,1,1,1791422375
2026-10-08T01:22:00+00:00,2026-10-08T01:23:22.739708+00:00,f0f01d4c-ba4a-4ab2-9cc0-9fa1f9223300,394,4,1,0,10,0,1,1,1,1791422385
2026-10-08T01:22:00+00:00,2026-10-08T01:23:22.739708+00:00,c23a4c0d-7e43-4042-80e2-7c894d07763b,559,5,1,0,6,0,1,1,1,1791422383
2026-10-08T01:22:00+00:00,2026-10-08T01:23:22.739708+00:00,9f582e05-15e0-4a39-aef5-c719e0c78e26,466,2,1,2,7,0,1,1,1,1791422384
2026-10-08T01:22:00+00:00,2026-10-08T01:23:22.739708+00:00,f834dedf-0de8-11e7-991c-3863bb43a7d0,124,7,3,1,6,0,1,1,1,1791422383
2026-10-08T01:22:00+00:00,2026-10-08T01:23:22.739708+00:00,f83512c9-0de8-11e7-991c-3863bb43a7d0,175,8,2,2,7,0,1,1,1,1791422389
2026-10-08T01:22:00+00:00,2026-10-08T01:23:22.739708+00:00,2123672938202825324,2123672938202825324,12,0,0,3,0,1,1,1,1791422407
2026-10-08T01:22:00+00:00,2026-10-08T01:23:22.739708+00:00,7c860828-3359-4229-b59b-963f5a4bab00,236,8,0,3,1,0,1,1,1,1791422406
2026-10-08T01:22:00+00:00,2026-10-08T01:23:22.739708+00:00,81676204-e42f-4d3d-991e-9c1264f36229,357,15,1,0,0,0,1,1,1,1791422407
2026-10-08T01:22:00+00:00,2026-10-08T01:23:22.739708+00:00,f83529e2-0de8-11e7-991c-3863bb43a7d0,211,9,1,1,5,0,1,1,1,1791422405
2026-10-08T01:22:00+00:00,2026-10-08T01:23:22.739708+00:00,47c44bb1-d065-41f5-ad79-c18aee60af34,342,7,0,0,8,0,1,1,1,1791422397
2026-10-08T01:22:00+00:00,2026-10-08T01:23:22.739708+00:00,74cb9bf6-bb53-4c70-88d2-67998b99628c,296,23,10,0,0,0,1,1,1,1791422396
2026-10-08T01:22:00+00:00,2026-10-08T01:23:22.739708+00:00,f8347b1e-0de8-11e7-991c-3863bb43a7d0,30,3,1,0,12,0,1,1,1,1791422399
2026-10-08T01:22:00+00:00,2026-10-08T01:23:22.739708+00:00,1921360868231155718,1921360868231155718,0,0,1,18,0,1,1,1,1791422399
2026-10-08T01:22:00+00:00,2026-10-08T01:23:22.739708+00:00,93381e13-cd04-4e10-ac81-9f5926aa01d5,333,7,1,1,17,0,1,1,1,1791422405
2026-10-08T01:22:00+00:00,2026-10-08T01:23:22.739708+00:00,f834ba08-0de8-11e7-991c-3863bb43a7d0,108,0,0,0,16,0,1,1,1,1791422403
2026-10-08T01:22:00+00:00,2026-10-08T01:23:22.739708+00:00,2035660824473983142,2035660824473983142,7,0,0,11,1,1,1,1,1791422404
2026-10-08T01:22:00+00:00,2026-10-08T01:23:22.739708+00:00,f834b99d-0de8-11e7-991c-3863bb43a7d0,107,0,0,1,18,0,1,1,1,1791422401
2026-10-08T01:22:00+00:00,2026-10-08T01:23:22.739708+00:00,8347c34d-68df-404b-ac58-7a387cc3ce4b,414,5,2,0,18,0,1,1,1,1791422435
2026-10-08T01:22:00+00:00,2026-10-08T01:23:22.739708+00:00,f83471a1-0de8-11e7-991c-3863bb43a7d0,23,3,1,0,21,1,1,1,1,1791422437
2026-10-08T01:22:00+00:00,2026-10-08T01:23:22.739708+00:00,4c128753-6fde-4d4c-896e-a1adf89ada98,4c128753-6fde-4d4c-896e-a1adf89ada98,2,1,2,20,1,1,1,1,1791422448
2026-10-08T01:22:00+00:00,2026-10-08T01:23:22.739708+00:00,9340e113-e0b2-48ac-b58a-8b6f001b0a94,486,4,1,0,7,0,1,1,1,1791422448
2026-10-08T01:22:00+00:00,2026-10-08T01:23:22.739708+00:00,2212663228188806942,2212663228188806942,11,1,0,13,0,1,1,1,1791422448
2026-10-08T01:22:00+00:00,2026-10-08T01:23:22.739708+00:00,f8352068-0de8-11e7-991c-3863bb43a7d0,194,11,2,0,8,0,1,1,1,1791422448
2026-10-08T01:22:00+00:00,2026-10-08T01:23:22.739708+00:00,6e340d8e-45db-4fd9-b6eb-b74ec73b0d3e,535,5,1,3,7,0,1,1,1,1791422449
2026-10-08T01:22:00+00:00,2026-10-08T01:23:22.739708+00:00,12141b77-6e5f-444b-bace-2abf16db4fee,12141b77-6e5f-444b-bace-2abf16db4fee,9,5,0,2,0,1,1,1,1791422452
2026-10-08T01:22:00+00:00,2026-10-08T01:23:22.739708+00:00,81bfc33b-30d8-4881-b261-712715a8b2bc,363,11,0,0,6,1,1,1,1,1791422451
2026-10-08T01:22:00+00:00,2026-10-08T01:23:22.739708+00:00,be18593a-9e4c-4a13-8bb2-a5bac3d9b2b3,547,11,3,0,7,0,1,1,1,1791422453
2026-10-08T01:22:00+00:00,2026-10-08T01:23:22.739708+00:00,1989983491501558234,1989983491501558234,1,0,0,10,0,1,1,1,1791422457
2026-10-08T01:22:00+00:00,2026-10-08T01:23:22.739708+00:00,f8349ed6-0de8-11e7-991c-3863bb43a7d0,82,17,4,1,7,0,1,1,1,1791422455
2026-10-08T01:22:00+00:00,2026-10-08T01:23:22.739708+00:00,f834ab92-0de8-11e7-991c-3863bb43a7d0,95,15,0,0,0,0,1,1,1,1791422455
2026-10-08T01:22:00+00:00,2026-10-08T01:23:22.739708+00:00,f834fede-0de8-11e7-991c-3863bb43a7d0,144,6,0,0,13,0,1,1,1,1791422378
2026-10-08T01:22:00+00:00,2026-10-08T01:23:22.739708+00:00,2267959380696438832,2267959380696438832,7,0,0,4,0,1,1,1,1791422379
2026-10-08T01:22:00+00:00,2026-10-08T01:23:22.739708+00:00,f714390d-6874-43fa-a079-a07f83c79c7b,f714390d-6874-43fa-a079-a07f83c79c7b,5,0,0,6,0,1,1,1,1791422439
2026-10-08T01:22:00+00:00,2026-10-08T01:23:22.739708+00:00,aa556ad4-0092-4687-96c2-8dbc69addb56,485,2,1,2,7,0,1,1,1,1791422438
2026-10-08T01:22:00+00:00,2026-10-08T01:23:22.739708+00:00,9c8366d8-3b58-4894-b281-09e22f6fe5f7,464,11,4,0,0,0,1,1,1,1791422456
2026-10-08T01:22:00+00:00,2026-10-08T01:23:22.739708+00:00,186accbb-6a08-4e1d-b267-9033c4443a56,401,9,1,0,6,0,1,1,1,1791422462
2026-10-08T01:22:00+00:00,2026-10-08T01:23:22.739708+00:00,f8346f6f-0de8-11e7-991c-3863bb43a7d0,19,11,2,0,3,0,1,1,1,1791422464
2026-10-08T01:22:00+00:00,2026-10-08T01:23:22.739708+00:00,bd3d4824-7203-4edc-a314-cea2b413e886,319,9,1,0,17,1,1,1,1,1791422460
2026-10-08T01:22:00+00:00,2026-10-08T01:23:22.739708+00:00,f8351726-0de8-11e7-991c-3863bb43a7d0,185,0,0,1,14,0,1,1,1,1791422490
2026-10-08T01:22:00+00:00,2026-10-08T01:23:22.739708+00:00,a83f982f-a4f1-43e4-98e8-c8f4a0bb7290,452,13,0,1,1,0,1,1,1,1791422492
2026-10-08T01:22:00+00:00,2026-10-08T01:23:22.739708+00:00,1978882443666915710,1978882443666915710,5,0,0,12,1,1,1,1,1791422493
2026-10-08T01:22:00+00:00,2026-10-08T01:23:22.739708+00:00,403c0f6c-d01a-4171-a7be-3aa4dbb0d7d1,407,5,3,2,11,0,1,1,1,1791422492
2026-10-08T01:22:00+00:00,2026-10-08T01:23:22.739708+00:00,2131760674371160748,2131760674371160748,2,0,1,17,0,1,1,1,1791422438
2026-10-08T01:22:00+00:00,2026-10-08T01:23:22.739708+00:00,a3bf0bfe-198b-4160-a2fb-cc7d10cfb4cf,a3bf0bfe-198b-4160-a2fb-cc7d10cfb4cf,19,7,0,0,0,1,1,1,1791422491
2026-10-08T01:22:00+00:00,2026-10-08T01:23:22.739708+00:00,ad2fb6f2-921f-440c-83de-08be76e35c2a,468,2,0,1,11,0,1,1,1,1791422490
2026-10-08T01:22:00+00:00,2026-10-08T01:23:22.739708+00:00,f83480a9-0de8-11e7-991c-3863bb43a7d0,40,26,1,0,5,0,1,1,1,1791422465
2026-10-08T01:22:00+00:00,2026-10-08T01:23:22.739708+00:00,2d32e355-faee-407b-9bb7-45d80ffb059a,2d32e355-faee-407b-9bb7-45d80ffb059a,0,0,0,19,0,1,1,1,1791422466
2026-10-08T01:22:00+00:00,2026-10-08T01:23:22.739708+00:00,f8350204-0de8-11e7-991c-3863bb43a7d0,151,1,0,0,18,0,1,1,1,1791422460
2026-10-08T01:22:00+00:00,2026-10-08T01:23:22.739708+00:00,f834a7d1-0de8-11e7-991c-3863bb43a7d0,91,0,0,1,18,0,1,1,1,1791422460
2026-10-08T01:22:00+00:00,2026-10-08T01:23:22.739708+00:00,c202f2ca-ec1d-4dc5-a734-e0a342f23ba4,279,22,5,1,0,0,1,1,1,1791422469
2026-10-08T01:22:00+00:00,2026-10-08T01:23:22.739708+00:00,5bbdd12f-fec4-4741-9d5d-4a60834c5d02,377,4,2,0,15,0,1,1,1,1791422467
2026-10-08T01:22:00+00:00,2026-10-08T01:23:22.739708+00:00,00802fe6-4268-4dc8-8f55-0dbbc1665ce6,515,11,0,0,8,0,1,1,1,1791422475
2026-10-08T01:22:00+00:00,2026-10-08T01:23:22.739708+00:00,1676a6f7-c417-48d2-92e8-5ce21995efc3,374,0,0,0,18,0,1,1,1,1791422475
2026-10-08T01:22:00+00:00,2026-10-08T01:23:22.739708+00:00,1a39ab83-f029-4134-aad4-35380b30bf2c,1a39ab83-f029-4134-aad4-35380b30bf2c,3,0,0,16,0,1,1,1,1791422465
2026-10-08T01:22:00+00:00,2026-10-08T01:23:22.739708+00:00,2104f242-2dde-4ec0-8197-4454b1021ac1,381,19,1,0,4,1,1,1,1,1791422461
2026-10-08T01:22:00+00:00,2026-10-08T01:23:22.739708+00:00,f834ea45-0de8-11e7-991c-3863bb43a7d0,130,7,2,1,7,0,1,1,1,1791422460
2026-10-08T01:22:00+00:00,2026-10-08T01:23:22.739708+00:00,c5017e67-cada-4549-a52e-0f13dddd289d,424,4,2,0,15,0,1,1,1,1791422461
2026-10-08T01:22:00+00:00,2026-10-08T01:23:22.739708+00:00,f834824e-0de8-11e7-991c-3863bb43a7d0,43,0,0,0,15,0,1,1,1,1791422471
2026-10-08T01:22:00+00:00,2026-10-08T01:23:22.739708+00:00,a75d3da1-ce74-447f-8e80-52506a81aff3,a75d3da1-ce74-447f-8e80-52506a81aff3,8,4,0,3,0,1,1,1,1791422473
2026-10-08T01:22:00+00:00,2026-10-08T01:23:22.739708+00:00,2093488029445054742,2093488029445054742,0,0,0,28,0,1,1,1,1791422474
2026-10-08T01:22:00+00:00,2026-10-08T01:23:22.739708+00:00,f834caf2-0de8-11e7-991c-3863bb43a7d0,114,7,1,0,8,0,1,1,1,1791422473
2026-10-08T01:22:00+00:00,2026-10-08T01:23:22.739708+00:00,eee3aab6-bd98-4d1f-8887-9c4e2adce482,eee3aab6-bd98-4d1f-8887-9c4e2adce482,10,4,1,0,0,1,1,1,1791422477
2026-10-08T01:22:00+00:00,2026-10-08T01:23:22.739708+00:00,bd1755dc-f26c-420e-85b3-fd025d0b5445,554,0,0,0,15,0,1,1,1,1791422478
2026-10-08T01:22:00+00:00,2026-10-08T01:23:22.739708+00:00,2245672241002318634,2245672241002318634,7,0,1,10,0,1,1,1,1791422472
2026-10-08T01:22:00+00:00,2026-10-08T01:23:22.739708+00:00,ed6c012e-6d6c-41e7-8e01-90749fd67575,546,8,7,0,8,0,1,1,1,1791422472
2026-10-08T01:22:00+00:00,2026-10-08T01:23:22.739708+00:00,f8351eb0-0de8-11e7-991c-3863bb43a7d0,190,37,5,0,0,0,1,1,1,1791422479
2026-10-08T01:22:00+00:00,2026-10-08T01:23:22.739708+00:00,1942556871369959976,1942556871369959976,13,5,0,6,0,1,1,1,1791422480
2026-10-08T01:22:00+00:00,2026-10-08T01:23:22.739708+00:00,2212258635631104970,2212258635631104970,4,1,0,19,0,1,1,1,1791422480
2026-10-08T01:22:00+00:00,2026-10-08T01:23:22.739708+00:00,2151136782588526782,2151136782588526782,4,1,0,7,0,1,1,1,1791422480
2026-10-08T01:22:00+00:00,2026-10-08T01:23:22.739708+00:00,2071630998981871920,2071630998981871920,12,4,1,7,0,1,1,1,1791422480
2026-10-08T01:22:00+00:00,2026-10-08T01:23:22.739708+00:00,228b8017-e4da-4722-9223-b8279a14b8ad,448,0,0,0,10,0,1,1,1,1791422471
2026-10-08T01:22:00+00:00,2026-10-08T01:23:22.739708+00:00,2038981933682610536,2038981933682610536,8,2,0,8,0,1,1,1,1791422471
2026-10-08T01:22:00+00:00,2026-10-08T01:23:22.739708+00:00,2129865213174084448,2129865213174084448,13,5,0,6,0,1,1,1,1791422471
2026-10-08T01:22:00+00:00,2026-10-08T01:23:22.739708+00:00,2098360140389493528,2098360140389493528,6,5,3,2,0,1,1,1,1791422481
2026-10-08T01:22:00+00:00,2026-10-08T01:23:22.739708+00:00,13d4171b-6d93-490e-923f-f2a17d5c7613,13d4171b-6d93-490e-923f-f2a17d5c7613,3,1,0,8,0,1,1,1,1791422482
2026-10-08T01:22:00+00:00,2026-10-08T01:23:22.739708+00:00,c1789d39-705f-4c03-9c14-4d6a3a4f4400,561,6,0,0,13,0,1,1,1,1791422481
2026-10-08T01:22:00+00:00,2026-10-08T01:23:22.739708+00:00,9cc65d3d-cfcc-45ff-8f75-7264556b1cf9,9cc65d3d-cfcc-45ff-8f75-7264556b1cf9,12,4,0,7,0,1,1,1,1791422482
2026-10-08T01:22:00+00:00,2026-10-08T01:23:22.739708+00:00,4f25f6ef-236b-43b4-8a92-68a24db0504b,4f25f6ef-236b-43b4-8a92-68a24db0504b,12,5,0,2,0,1,1,1,1791422479
2026-10-08T01:22:00+00:00,2026-10-08T01:23:22.739708+00:00,065e0e5d-8a0d-49b7-9c1f-c8eaba51a8b4,490,12,4,1,5,0,1,1,1,1791422481
2026-10-08T01:22:00+00:00,2026-10-08T01:23:22.739708+00:00,e32c0bb9-e85b-4764-b0fb-5c582cfd3a90,340,14,8,1,2,1,1,1,1,1791422487
2026-10-08T01:22:00+00:00,2026-10-08T01:23:22.739708+00:00,ca76adb6-4c84-4484-9ec3-b411b81ddbef,ca76adb6-4c84-4484-9ec3-b411b81ddbef,4,0,2,13,0,1,1,1,1791422487
2026-10-08T01:22:00+00:00,2026-10-08T01:23:22.739708+00:00,f834dc46-0de8-11e7-991c-3863bb43a7d0,122,8,0,0,7,0,1,1,1,1791422488
2026-10-08T01:22:00+00:00,2026-10-08T01:23:22.739708+00:00,2076849845777355316,2076849845777355316,22,2,2,5,3,1,1,1,1791422479
2026-10-08T01:22:00+00:00,2026-10-08T01:23:22.739708+00:00,2002248857751890568,2002248857751890568,9,6,1,1,0,1,1,1,1791422484
2026-10-08T01:22:00+00:00,2026-10-08T01:23:22.739708+00:00,52485851-e554-49de-ab9f-f536806d2d34,52485851-e554-49de-ab9f-f536806d2d34,4,4,0,6,0,1,1,1,1791422485
2026-10-08T01:22:00+00:00,2026-10-08T01:23:22.739708+00:00,f83483f3-0de8-11e7-991c-3863bb43a7d0,46,1,0,1,37,0,1,1,1,1791422485
2026-10-08T01:22:00+00:00,2026-10-08T01:23:22.739708+00:00,f8352378-0de8-11e7-991c-3863bb43a7d0,200,9,0,0,10,0,1,1,1,1791422486
2026-10-08T01:22:00+00:00,2026-10-08T01:23:22.739708+00:00,fe6a64e7-c712-404c-85ae-ee77a37245b1,355,6,1,1,10,0,1,1,1,1791422486
2026-10-08T01:22:00+00:00,2026-10-08T01:23:22.739708+00:00,2002579415401984808,2002579415401984808,6,2,0,5,0,1,1,1,1791422483
2026-10-08T01:22:00+00:00,2026-10-08T01:23:22.739708+00:00,f83520d8-0de8-11e7-991c-3863bb43a7d0,195,3,0,0,20,0,1,1,1,1791422483
2026-10-08T01:22:00+00:00,2026-10-08T01:23:22.739708+00:00,f835260c-0de8-11e7-991c-3863bb43a7d0,206,5,0,0,35,0,1,1,1,1791422493
2026-10-08T01:22:00+00:00,2026-10-08T01:23:22.739708+00:00,f8351dc2-0de8-11e7-991c-3863bb43a7d0,188,12,5,0,3,0,1,1,1,1791422493
2026-10-08T01:22:00+00:00,2026-10-08T01:23:22.739708+00:00,f83489ff-0de8-11e7-991c-3863bb43a7d0,59,0,0,0,18,1,1,1,1,1791422495
2026-10-08T01:22:00+00:00,2026-10-08T01:23:22.739708+00:00,f834658f-0de8-11e7-991c-3863bb43a7d0,4,15,1,0,4,0,1,1,1,1791422496
2026-10-08T01:22:00+00:00,2026-10-08T01:23:22.739708+00:00,2096125468116637776,2096125468116637776,14,0,0,1,0,1,1,1,1791422497
2026-10-08T01:22:00+00:00,2026-10-08T01:23:22.739708+00:00,2007420398783036020,2007420398783036020,8,2,0,12,0,1,1,1,1791422497
2026-10-08T01:22:00+00:00,2026-10-08T01:23:22.739708+00:00,eb8824c3-9c84-4fec-8d6f-d537c8ab3beb,349,13,10,0,3,1,1,1,1,1791422497
2026-10-08T01:22:00+00:00,2026-10-08T01:23:22.739708+00:00,2040842277416872172,2040842277416872172,1,0,0,15,0,1,1,1,1791422497
2026-10-08T01:22:00+00:00,2026-10-08T01:23:22.739708+00:00,2271594282663217386,2271594282663217386,3,3,0,8,0,1,1,1,1791422493
2026-10-08T01:22:00+00:00,2026-10-08T01:23:22.739708+00:00,4fe8e777-345b-4fc2-a684-dd874e8186d8,4fe8e777-345b-4fc2-a684-dd874e8186d8,0,0,8,0,7,1,1,1,1791422497
2026-10-08T01:22:00+00:00,2026-10-08T01:23:22.739708+00:00,1df03e33-c105-4e53-b013-d20056cd57f8,1df03e33-c105-4e53-b013-d20056cd57f8,0,0,0,0,0,0,0,0,86400
2026-10-08T01:22:00+00:00,2026-10-08T01:23:22.739708+00:00,d7507124-4cab-4063-8445-a59a33a3d6e4,512,6,1,1,12,0,1,1,1,1791422380
2026-10-08T01:22:00+00:00,2026-10-08T01:23:22.739708+00:00,f83517fa-0de8-11e7-991c-3863bb43a7d0,187,7,3,0,8,0,1,1,1,1791422393
2026-10-08T01:22:00+00:00,2026-10-08T01:23:22.739708+00:00,8d893519-bc21-4536-b346-f558988bc8ad,260,12,3,0,3,0,1,1,1,1791422390
2026-10-08T01:22:00+00:00,2026-10-08T01:23:22.739708+00:00,f83491d4-0de8-11e7-991c-3863bb43a7d0,64,0,0,1,22,0,1,1,1,1791422397
2026-10-08T01:22:00+00:00,2026-10-08T01:23:22.739708+00:00,ad2cf74c-0e8c-4e15-8f19-2259e8c82f0f,404,16,0,0,0,0,1,1,1,1791422396
2026-10-08T01:22:00+00:00,2026-10-08T01:23:22.739708+00:00,8b97606e-a849-4db8-ae9b-4009fe48d90b,556,8,1,0,11,0,1,1,1,1791422398
2026-10-08T01:22:00+00:00,2026-10-08T01:23:22.739708+00:00,f8352219-0de8-11e7-991c-3863bb43a7d0,197,6,4,0,9,0,1,1,1,1791422402
2026-10-08T01:22:00+00:00,2026-10-08T01:23:22.739708+00:00,1994054629753598708,1994054629753598708,12,3,0,2,0,1,1,1,1791422399
2026-10-08T01:22:00+00:00,2026-10-08T01:23:22.739708+00:00,2145094035874873892,2145094035874873892,1,0,2,16,0,1,1,1,1791422402
2026-10-08T01:22:00+00:00,2026-10-08T01:23:22.739708+00:00,2227858849424910006,2227858849424910006,7,0,0,1,0,1,1,1,1791422403
2026-10-08T01:22:00+00:00,2026-10-08T01:23:22.739708+00:00,1963613484180639992,1963613484180639992,17,2,0,2,0,1,1,1,1791422405
2026-10-08T01:22:00+00:00,2026-10-08T01:23:22.739708+00:00,2014865445230483952,2014865445230483952,8,2,0,9,0,1,1,1,1791422403
2026-10-08T01:22:00+00:00,2026-10-08T01:23:22.739708+00:00,f834b101-0de8-11e7-991c-3863bb43a7d0,97,5,0,1,12,1,1,1,1,1791422410
2026-10-08T01:22:00+00:00,2026-10-08T01:23:22.739708+00:00,f8350cc1-0de8-11e7-991c-3863bb43a7d0,162,0,0,0,15,0,1,1,1,1791422410
2026-10-08T01:22:00+00:00,2026-10-08T01:23:22.739708+00:00,8a404180-7c2e-4dbe-9489-c478ed959282,8a404180-7c2e-4dbe-9489-c478ed959282,0,0,2,17,0,1,1,1,1791422411
2026-10-08T01:22:00+00:00,2026-10-08T01:23:22.739708+00:00,aa964f5b-fadf-4fc1-8c91-84ee36e15f0d,341,15,0,0,0,0,1,1,1,1791422412
2026-10-08T01:22:00+00:00,2026-10-08T01:23:22.739708+00:00,2040842870122359032,2040842870122359032,0,0,0,20,0,1,1,1,1791422422
2026-10-08T01:22:00+00:00,2026-10-08T01:23:22.739708+00:00,f8346d23-0de8-11e7-991c-3863bb43a7d0,15,7,0,0,8,0,1,1,1,1791422423
2026-10-08T01:22:00+00:00,2026-10-08T01:23:22.739708+00:00,f835288a-0de8-11e7-991c-3863bb43a7d0,208,15,1,0,0,0,1,1,1,1791422421
2026-10-08T01:22:00+00:00,2026-10-08T01:23:22.739708+00:00,e4678b17-face-42c3-9b5f-98418d31e3b6,e4678b17-face-42c3-9b5f-98418d31e3b6,11,3,0,0,0,1,1,1,1791422420
2026-10-08T01:22:00+00:00,2026-10-08T01:23:22.739708+00:00,1986302395589722758,1986302395589722758,6,0,0,4,0,1,1,1,1791422421
2026-10-08T01:22:00+00:00,2026-10-08T01:23:22.739708+00:00,f8352534-0de8-11e7-991c-3863bb43a7d0,204,5,5,0,10,0,1,1,1,1791422385
2026-10-08T01:22:00+00:00,2026-10-08T01:23:22.739708+00:00,1965873511294959658,1965873511294959658,2,0,0,21,0,1,1,1,1791422385
2026-10-08T01:22:00+00:00,2026-10-08T01:23:22.739708+00:00,9bfa4a32-5598-46ea-a1a1-17b4c6ed9d84,431,10,2,0,5,0,1,1,1,1791422418
2026-10-08T01:22:00+00:00,2026-10-08T01:23:22.739708+00:00,f834708e-0de8-11e7-991c-3863bb43a7d0,21,3,0,1,14,0,1,1,1,1791422418
2026-10-08T01:22:00+00:00,2026-10-08T01:23:22.739708+00:00,f2b83aa2-86cd-4904-a099-74bf2023f768,330,8,0,0,7,0,1,1,1,1791422418
2026-10-08T01:22:00+00:00,2026-10-08T01:23:22.739708+00:00,2090635592862466836,2090635592862466836,2,1,2,26,1,1,1,1,1791422414
2026-10-08T01:22:00+00:00,2026-10-08T01:23:22.739708+00:00,b205d2bb-bb76-49ac-8d14-85eec5a874d3,343,8,2,1,6,0,1,1,1,1791422414
2026-10-08T01:22:00+00:00,2026-10-08T01:23:22.739708+00:00,1a661bb7-7d14-49e9-ac3d-22bafec8a2f0,507,6,2,1,4,0,1,1,1,1791422416
2026-10-08T01:22:00+00:00,2026-10-08T01:23:22.739708+00:00,90330e1a-dee5-4914-9d3f-3891aeca12ca,434,11,2,1,7,0,1,1,1,1791422419
2026-10-08T01:22:00+00:00,2026-10-08T01:23:22.739708+00:00,6aebc664-1e3c-479f-8f65-2bae99215ed3,6aebc664-1e3c-479f-8f65-2bae99215ed3,6,4,0,5,0,1,1,1,1791422426
2026-10-08T01:22:00+00:00,2026-10-08T01:23:22.739708+00:00,380de8b2-2728-4e4b-83f1-251bfbb5acf2,487,10,1,0,9,0,1,1,1,1791422429
2026-10-08T01:22:00+00:00,2026-10-08T01:23:22.739708+00:00,2246034666940677832,2246034666940677832,5,0,0,6,0,1,1,1,1791422331
2026-10-08T01:22:00+00:00,2026-10-08T01:23:22.739708+00:00,2088704000370565344,2088704000370565344,3,0,3,6,0,1,1,1,1791422321
2026-10-08T01:22:00+00:00,2026-10-08T01:23:22.739708+00:00,1cced911-b428-4cfd-81be-3a8f77ce7379,233,7,0,1,7,0,1,1,1,1791422431
2026-10-08T01:22:00+00:00,2026-10-08T01:23:22.739708+00:00,f83513a7-0de8-11e7-991c-3863bb43a7d0,177,3,0,0,16,0,1,1,1,1791422430
2026-10-08T01:22:00+00:00,2026-10-08T01:23:22.739708+00:00,a6e0db4f-fc9b-42af-bfe0-36cc0259b717,446,0,0,1,15,0,1,1,1,1791422431
2026-10-08T01:22:00+00:00,2026-10-08T01:23:22.739708+00:00,d5349097-b478-4b3f-9c46-d8fbcf38e3f4,509,9,2,0,3,0,1,1,1,1791422434
2026-10-08T01:22:00+00:00,2026-10-08T01:23:22.739708+00:00,8983c75a-12c1-4995-aedc-24c94bd895e3,384,2,0,0,17,0,1,1,1,1791422435
2026-10-08T01:22:00+00:00,2026-10-08T01:23:22.739708+00:00,868ccc83-99e5-4faf-96eb-e1fae26b9741,481,5,0,0,14,0,1,1,1,1791422430
2026-10-08T01:22:00+00:00,2026-10-08T01:23:22.739708+00:00,7560f0e3-267b-4fb3-bbfa-6e02010cfcb7,225,14,0,0,5,0,1,1,1,1791422433
2026-10-08T01:22:00+00:00,2026-10-08T01:23:22.739708+00:00,1e1b40cd-8e00-4b74-b147-be6b23f5c9e7,385,3,0,0,12,0,1,1,1,1791422442
2026-10-08T01:22:00+00:00,2026-10-08T01:23:22.739708+00:00,81323081-749c-44cf-ac62-0e6c64305c32,461,11,1,0,0,0,1,1,1,1791422444
2026-10-08T01:22:00+00:00,2026-10-08T01:23:22.739708+00:00,f8349440-0de8-11e7-991c-3863bb43a7d0,68,0,0,1,17,0,1,1,1,1791422443
2026-10-08T01:22:00+00:00,2026-10-08T01:23:22.739708+00:00,ea65c25f-0718-4f79-8588-c58b9fe3a105,226,12,3,0,2,1,1,1,1,1791422445
2026-10-08T01:22:00+00:00,2026-10-08T01:23:22.739708+00:00,f834723b-0de8-11e7-991c-3863bb43a7d0,24,1,1,1,21,0,1,1,1,1791422441
2026-10-08T01:22:00+00:00,2026-10-08T01:23:22.739708+00:00,61168d8b-20b7-46c8-8f08-6ae1f100c4e0,550,2,1,0,15,0,1,1,1,1791422440
2026-10-08T01:22:00+00:00,2026-10-08T01:23:22.739708+00:00,f8347c41-0de8-11e7-991c-3863bb43a7d0,32,0,0,0,14,0,1,1,1,1791422431
2026-10-08T01:22:00+00:00,2026-10-08T01:23:22.739708+00:00,b6a8522d-296d-4c05-887d-842374520780,545,10,10,0,3,1,1,1,1,1791422432
2026-10-08T01:22:00+00:00,2026-10-08T01:23:22.739708+00:00,d22265a8-a6d7-4922-a6b5-4be738a9e5c4,392,4,1,0,11,0,1,1,1,1791422435
2026-10-08T01:22:00+00:00,2026-10-08T01:23:22.739708+00:00,2118728866631796788,2118728866631796788,4,0,0,11,0,1,1,1,1791422439
2026-10-08T01:22:00+00:00,2026-10-08T01:23:22.739708+00:00,f8346ad7-0de8-11e7-991c-3863bb43a7d0,11,1,1,0,14,0,1,1,1,1791422439
2026-10-08T01:22:00+00:00,2026-10-08T01:23:22.739708+00:00,ef6ef93b-488f-496b-afbf-3aedfd967129,517,3,2,0,12,0,1,1,1,1791422441
2026-10-08T01:22:00+00:00,2026-10-08T01:23:22.739708+00:00,f8352b39-0de8-11e7-991c-3863bb43a7d0,214,4,1,1,8,1,1,1,1,1791422447
2026-10-08T01:22:00+00:00,2026-10-08T01:23:22.739708+00:00,56817d8e-3a1c-431a-a529-1a600f80c364,366,18,3,0,9,0,1,1,1,1791422447
2026-10-08T01:22:00+00:00,2026-10-08T01:23:22.739708+00:00,2141791438824588162,2141791438824588162,14,1,0,5,0,1,1,1,1791422447
2026-10-08T01:22:00+00:00,2026-10-08T01:23:22.739708+00:00,f834662c-0de8-11e7-991c-3863bb43a7d0,5,7,0,0,8,0,1,1,1,1791422447
2026-10-08T01:22:00+00:00,2026-10-08T01:23:22.739708+00:00,1991922092203192944,1991922092203192944,1,0,1,17,0,1,1,1,1791422448
2026-10-08T01:22:00+00:00,2026-10-08T01:23:22.739708+00:00,51bb4381-dae4-4aeb-b213-0614b807be29,344,3,2,0,16,0,1,1,1,1791422460
2026-10-08T01:22:00+00:00,2026-10-08T01:23:22.739708+00:00,270ad97d-035d-472a-9827-76d3187afc56,402,14,4,1,0,0,1,1,1,1791422460
2026-10-08T01:22:00+00:00,2026-10-08T01:23:22.739708+00:00,903b9b5d-4244-43e4-8441-0d17f9a994f7,528,1,0,0,10,0,1,1,1,1791422461
2026-10-08T01:22:00+00:00,2026-10-08T01:23:22.739708+00:00,2249415127458891992,2249415127458891992,14,0,0,1,0,1,1,1,1791422461
2026-10-08T01:22:00+00:00,2026-10-08T01:23:22.739708+00:00,f834cfd8-0de8-11e7-991c-3863bb43a7d0,117,0,0,4,11,1,1,1,1,1791422459
2026-10-08T01:22:00+00:00,2026-10-08T01:23:22.739708+00:00,7f68a70d-af0e-450a-b7a8-ce621cd0c8c1,280,14,5,0,5,0,1,1,1,1791422459
2026-10-08T01:22:00+00:00,2026-10-08T01:23:22.739708+00:00,2027502297316997708,2027502297316997708,9,3,0,2,0,1,1,1,1791422460
2026-10-08T01:22:00+00:00,2026-10-08T01:23:22.739708+00:00,2119105928286481344,2119105928286481344,6,0,0,13,0,1,1,1,1791422462
2026-10-08T01:22:00+00:00,2026-10-08T01:23:22.739708+00:00,f8350ecf-0de8-11e7-991c-3863bb43a7d0,167,11,6,0,4,0,1,1,1,1791422463
2026-10-08T01:22:00+00:00,2026-10-08T01:23:22.739708+00:00,fbc512a5-4b98-4821-bcfb-bb0c7ac83543,365,1,0,0,18,0,1,1,1,1791422464
2026-10-08T01:22:00+00:00,2026-10-08T01:23:22.739708+00:00,48abed77-c9ba-4a39-8a5c-6a1e9bb8a9a5,48abed77-c9ba-4a39-8a5c-6a1e9bb8a9a5,15,4,1,0,0,1,1,1,1791422467
2026-10-08T01:22:00+00:00,2026-10-08T01:23:22.739708+00:00,68e5e79a-3c94-4848-b619-9c0829d7f687,475,13,1,1,1,0,1,1,1,1791422466
2026-10-08T01:22:00+00:00,2026-10-08T01:23:22.739708+00:00,25a9114f-66f0-427c-920f-5526ca84f056,346,7,3,0,8,0,1,1,1,1791422463
2026-10-08T01:22:00+00:00,2026-10-08T01:23:22.739708+00:00,f834a8a0-0de8-11e7-991c-3863bb43a7d0,93,11,0,1,19,0,1,1,1,1791422467
2026-10-08T01:22:00+00:00,2026-10-08T01:23:22.739708+00:00,f9524971-e9f9-4572-aebc-580e48de042f,f9524971-e9f9-4572-aebc-580e48de042f,19,4,0,0,0,1,1,1,1791422465
2026-10-08T01:22:00+00:00,2026-10-08T01:23:22.739708+00:00,f8346b6f-0de8-11e7-991c-3863bb43a7d0,12,0,0,0,27,0,1,1,1,1791422467
2026-10-08T01:22:00+00:00,2026-10-08T01:23:22.739708+00:00,f83482d2-0de8-11e7-991c-3863bb43a7d0,44,2,0,0,29,0,1,1,1,1791422463
2026-10-08T01:22:00+00:00,2026-10-08T01:23:22.739708+00:00,f834c7a9-0de8-11e7-991c-3863bb43a7d0,112,12,5,0,3,0,1,1,1,1791422452
2026-10-08T01:22:00+00:00,2026-10-08T01:23:22.739708+00:00,f8347f09-0de8-11e7-991c-3863bb43a7d0,37,2,0,0,13,0,1,1,1,1791422452
2026-10-08T01:22:00+00:00,2026-10-08T01:23:22.739708+00:00,1994466222105870452,1994466222105870452,4,1,2,5,0,1,1,1,1791422452
2026-10-08T01:22:00+00:00,2026-10-08T01:23:22.739708+00:00,f8346803-0de8-11e7-991c-3863bb43a7d0,8,11,1,0,8,0,1,1,1,1791422456
2026-10-08T01:22:00+00:00,2026-10-08T01:23:22.739708+00:00,dede6d5f-7d62-496e-a8ca-d5a64afe39c1,544,14,8,1,0,0,1,1,1,1791422454
2026-10-08T01:22:00+00:00,2026-10-08T01:23:22.739708+00:00,2080205593583047424,2080205593583047424,11,0,0,5,0,1,1,1,1791422455
2026-10-08T01:22:00+00:00,2026-10-08T01:23:22.739708+00:00,2039109354743046934,2039109354743046934,8,0,2,9,1,1,1,1,1791422471
2026-10-08T01:22:00+00:00,2026-10-08T01:23:22.739708+00:00,f8349b20-0de8-11e7-991c-3863bb43a7d0,76,5,1,0,12,0,1,1,1,1791422471
2026-10-08T01:22:00+00:00,2026-10-08T01:23:22.739708+00:00,ccf82572-a142-4378-9a4b-5a51fcb4ef81,350,5,1,0,12,0,1,1,1,1791422468
2026-10-08T01:22:00+00:00,2026-10-08T01:23:22.739708+00:00,2270454512964591136,2270454512964591136,2,0,0,17,0,1,1,1,1791422470
2026-10-08T01:22:00+00:00,2026-10-08T01:23:22.739708+00:00,f8352ba8-0de8-11e7-991c-3863bb43a7d0,215,1,0,0,14,0,1,1,1,1791422470
2026-10-08T01:22:00+00:00,2026-10-08T01:23:22.739708+00:00,2085366936904166272,2085366936904166272,9,1,2,4,0,1,1,1,1791422469
2026-10-08T01:22:00+00:00,2026-10-08T01:23:22.739708+00:00,f834a959-0de8-11e7-991c-3863bb43a7d0,94,6,6,0,4,0,1,1,1,1791422475
2026-10-08T01:22:00+00:00,2026-10-08T01:23:22.739708+00:00,baab0b05-a028-4147-8432-a2726c7e48ea,328,0,0,10,0,0,1,0,0,1791422475
2026-10-08T01:22:00+00:00,2026-10-08T01:23:22.739708+00:00,99675a11-a92c-465c-bf5a-434b08ba5fc6,400,18,3,2,32,0,1,1,1,1791422474
2026-10-08T01:22:00+00:00,2026-10-08T01:23:22.739708+00:00,f8347e78-0de8-11e7-991c-3863bb43a7d0,36,12,0,3,16,0,1,1,1,1791422477
2026-10-08T01:22:00+00:00,2026-10-08T01:23:22.739708+00:00,f8348622-0de8-11e7-991c-3863bb43a7d0,50,0,0,0,19,0,1,1,1,1791422457
2026-10-08T01:22:00+00:00,2026-10-08T01:23:22.739708+00:00,f83497b9-0de8-11e7-991c-3863bb43a7d0,74,2,1,0,17,0,1,1,1,1791422475
2026-10-08T01:22:00+00:00,2026-10-08T01:23:22.739708+00:00,57716f8d-c9ee-4768-8872-71343ec3ffd8,514,2,0,2,15,0,1,1,1,1791422477
2026-10-08T01:22:00+00:00,2026-10-08T01:23:22.739708+00:00,f8350b76-0de8-11e7-991c-3863bb43a7d0,159,3,2,2,14,1,1,1,1,1791422481
2026-10-08T01:22:00+00:00,2026-10-08T01:23:22.739708+00:00,b34694c2-c640-4f70-b196-1c357ab798e0,b34694c2-c640-4f70-b196-1c357ab798e0,12,4,0,3,0,1,1,1,1791422479
2026-10-08T01:22:00+00:00,2026-10-08T01:23:22.739708+00:00,f834e534-0de8-11e7-991c-3863bb43a7d0,128,5,1,0,14,0,1,1,1,1791422479
2026-10-08T01:22:00+00:00,2026-10-08T01:23:22.739708+00:00,888780ee-bf2f-474e-9622-6bc725aa1b00,888780ee-bf2f-474e-9622-6bc725aa1b00,5,0,0,6,0,1,1,1,1791422479
2026-10-08T01:22:00+00:00,2026-10-08T01:23:22.739708+00:00,23146f28-9762-4a6d-a6db-fcd4ff0e5d07,356,15,0,0,8,0,1,1,1,1791422484
2026-10-08T01:22:00+00:00,2026-10-08T01:23:22.739708+00:00,7e1dae55-4d3d-4a41-b969-2aeca70e0e69,7e1dae55-4d3d-4a41-b969-2aeca70e0e69,3,0,1,7,0,1,1,1,1791422488
2026-10-08T01:22:00+00:00,2026-10-08T01:23:22.739708+00:00,f83511d4-0de8-11e7-991c-3863bb43a7d0,173,8,0,0,5,1,1,1,1,1791422485
2026-10-08T01:22:00+00:00,2026-10-08T01:23:22.739708+00:00,0208190e-851c-417d-8bc7-1b218db97fbf,0208190e-851c-417d-8bc7-1b218db97fbf,0,0,0,23,0,1,1,1,1791422485
2026-10-08T01:22:00+00:00,2026-10-08T01:23:22.739708+00:00,9721c80e-fc8f-474f-8918-b68c041d2836,9721c80e-fc8f-474f-8918-b68c041d2836,12,1,1,10,0,1,1,1,1791422486
2026-10-08T01:22:00+00:00,2026-10-08T01:23:22.739708+00:00,cf5f920f-b61d-4db0-b139-14aff04d577c,459,21,3,0,2,0,1,1,1,1791422487
2026-10-08T01:22:00+00:00,2026-10-08T01:23:22.739708+00:00,df03c61a-29d7-445d-9980-d7f058916591,345,3,0,0,16,0,1,1,1,1791422487
2026-10-08T01:22:00+00:00,2026-10-08T01:23:22.739708+00:00,f83492b4-0de8-11e7-991c-3863bb43a7d0,66,15,5,0,0,0,1,1,1,1791422488
2026-10-08T01:22:00+00:00,2026-10-08T01:23:22.739708+00:00,2259733531216984776,2259733531216984776,5,3,0,10,0,1,1,1,1791422491
2026-10-08T01:22:00+00:00,2026-10-08T01:23:22.739708+00:00,f834b8b3-0de8-11e7-991c-3863bb43a7d0,105,18,4,0,0,0,1,1,1,1791422491
2026-10-08T01:22:00+00:00,2026-10-08T01:23:22.739708+00:00,f8351f1d-0de8-11e7-991c-3863bb43a7d0,191,7,0,0,8,0,1,1,1,1791422492
2026-10-08T01:22:00+00:00,2026-10-08T01:23:22.739708+00:00,ff938129-8179-455c-9ac9-9fcb9fc0b6d5,ff938129-8179-455c-9ac9-9fcb9fc0b6d5,8,3,0,11,0,1,1,1,1791422491
2026-10-08T01:22:00+00:00,2026-10-08T01:23:22.739708+00:00,2069389896750516900,2069389896750516900,5,0,0,16,0,1,1,1,1791422493
2026-10-08T01:22:00+00:00,2026-10-08T01:23:22.739708+00:00,f8347ccd-0de8-11e7-991c-3863bb43a7d0,33,5,0,0,22,0,1,1,1,1791422489
2026-10-08T01:22:00+00:00,2026-10-08T01:23:22.739708+00:00,fe90d430-d33f-48b2-a5cd-bc161b220939,553,2,0,0,21,0,1,1,1,1791422493
2026-10-08T01:22:00+00:00,2026-10-08T01:23:22.739708+00:00,f834f6a3-0de8-11e7-991c-3863bb43a7d0,135,0,0,0,17,0,1,1,1,1791422494
2026-10-08T01:22:00+00:00,2026-10-08T01:23:22.739708+00:00,2085737662370069102,2085737662370069102,17,5,0,1,1,1,1,1,1791422495
2026-10-08T01:22:00+00:00,2026-10-08T01:23:22.739708+00:00,f83488be-0de8-11e7-991c-3863bb43a7d0,56,4,2,0,14,0,1,1,1,1791422494
2026-10-08T01:22:00+00:00,2026-10-08T01:23:22.739708+00:00,2110984374959099994,2110984374959099994,7,2,0,13,0,1,1,1,1791422493
2026-10-08T01:22:00+00:00,2026-10-08T01:23:22.739708+00:00,f834abfd-0de8-11e7-991c-3863bb43a7d0,96,10,2,3,6,0,1,1,1,1791422495
2026-10-08T01:22:00+00:00,2026-10-08T01:23:22.739708+00:00,36f36eed-1070-49be-8b31-5676b8b3489f,227,0,0,0,19,0,1,1,1,1791422495
2026-10-08T01:22:00+00:00,2026-10-08T01:23:22.739708+00:00,2087949096844032050,2087949096844032050,14,3,1,0,0,1,1,1,1791422495
2026-10-08T01:22:00+00:00,2026-10-08T01:23:22.739708+00:00,5b1d2661-8a93-4f14-b242-ebc52792f951,337,14,1,1,0,0,1,1,1,1791422495
2026-10-08T01:22:00+00:00,2026-10-08T01:23:22.739708+00:00,2090158541932726550,2090158541932726550,7,0,0,8,0,1,1,1,1791422497
2026-10-08T01:22:00+00:00,2026-10-08T01:23:22.739708+00:00,2043911250700610106,2043911250700610106,0,0,0,15,0,1,1,1,1791422498
2026-10-08T01:22:00+00:00,2026-10-08T01:23:22.739708+00:00,d8ce5f8b-2440-45e1-ab1c-23cb3bcbde84,527,5,2,0,8,0,1,1,1,1791422497
2026-10-08T01:22:00+00:00,2026-10-08T01:23:22.739708+00:00,295553ea-851b-4ac2-a094-f9d1208e399a,412,9,1,0,10,0,1,1,1,1791422497
2026-10-08T01:22:00+00:00,2026-10-08T01:23:22.739708+00:00,c5cfd1ed-aa44-4e20-96bb-e334c96f0d68,376,8,0,0,7,0,1,1,1,1791422498
2026-10-08T01:22:00+00:00,2026-10-08T01:23:22.739708+00:00,2270212773802111256,2270212773802111256,13,1,2,4,0,1,1,1,1791422499
2026-10-08T01:22:00+00:00,2026-10-08T01:23:22.739708+00:00,940638c5-7cd0-4a11-899e-86af3868d400,532,7,1,0,10,0,1,1,1,1791422498
2026-10-08T01:22:00+00:00,2026-10-08T01:23:22.739708+00:00,103a9881-e30a-4d57-b81d-863b995ff759,255,0,0,0,0,0,0,0,0,86400
2026-10-08T01:22:00+00:00,2026-10-08T01:23:22.739708+00:00,83183df0-38c2-4ae8-a0c4-4b59599c9582,222,5,0,0,9,0,1,1,1,1791422416
2026-10-08T01:22:00+00:00,2026-10-08T01:23:22.739708+00:00,f35de2ab-979e-42d5-8cbd-dc479ed637e9,503,4,4,0,2,0,1,1,1,1791422418
2026-10-08T01:22:00+00:00,2026-10-08T01:23:22.739708+00:00,2136942888571742916,2136942888571742916,3,0,1,11,0,1,1,1,1791422416
2026-10-08T01:22:00+00:00,2026-10-08T01:23:22.739708+00:00,676ca473-eed6-4971-aaf3-e199a7ca335b,433,15,7,0,3,1,1,1,1,1791422415
2026-10-08T01:22:00+00:00,2026-10-08T01:23:22.739708+00:00,f834e244-0de8-11e7-991c-3863bb43a7d0,126,6,2,0,9,0,1,1,1,1791422422
2026-10-08T01:22:00+00:00,2026-10-08T01:23:22.739708+00:00,2078337213380274244,2078337213380274244,10,7,0,1,0,1,1,1,1791422424
2026-10-08T01:22:00+00:00,2026-10-08T01:23:22.739708+00:00,f8351019-0de8-11e7-991c-3863bb43a7d0,169,10,4,0,9,0,1,1,1,1791422424
2026-10-08T01:22:00+00:00,2026-10-08T01:23:22.739708+00:00,a18e1e55-507e-49d8-b7c0-5c0efd959125,358,19,6,0,0,0,1,1,1,1791422426
2026-10-08T01:22:00+00:00,2026-10-08T01:23:22.739708+00:00,f36e24cd-de4c-4a5e-adf4-cb97ccd2958d,505,5,1,2,4,0,1,1,1,1791422426
2026-10-08T01:22:00+00:00,2026-10-08T01:23:22.739708+00:00,ddcc8869-b8d4-483c-b9da-457fcebc8dc1,417,18,1,0,1,0,1,1,1,1791422425
2026-10-08T01:22:00+00:00,2026-10-08T01:23:22.739708+00:00,93911aa1-b5e4-48aa-a2b6-38fbcf613006,93911aa1-b5e4-48aa-a2b6-38fbcf613006,3,0,0,15,0,1,1,1,1791422439
2026-10-08T01:22:00+00:00,2026-10-08T01:23:22.739708+00:00,f8346768-0de8-11e7-991c-3863bb43a7d0,7,6,0,0,9,0,1,1,1,1791422438
2026-10-08T01:22:00+00:00,2026-10-08T01:23:22.739708+00:00,f834fd36-0de8-11e7-991c-3863bb43a7d0,142,9,1,0,14,0,1,1,1,1791422438
2026-10-08T01:22:00+00:00,2026-10-08T01:23:22.739708+00:00,f24a573e-ef07-4785-9270-70c443510ea6,359,0,0,2,12,1,1,1,1,1791422434
2026-10-08T01:22:00+00:00,2026-10-08T01:23:22.739708+00:00,2ba0c5dd-c990-4434-8a84-5c3eca23f096,447,4,3,0,15,0,1,1,1,1791422440
2026-10-08T01:22:00+00:00,2026-10-08T01:23:22.739708+00:00,9ca92778-9101-48df-90ea-08b784e26a1a,413,12,0,1,6,0,1,1,1,1791422440
2026-10-08T01:22:00+00:00,2026-10-08T01:23:22.739708+00:00,2223045710883822544,2223045710883822544,4,0,1,10,0,1,1,1,1791422442
2026-10-08T01:22:00+00:00,2026-10-08T01:23:22.739708+00:00,e68655be-23d3-46e5-a509-25be677e7542,482,6,0,0,5,0,1,1,1,1791422443
2026-10-08T01:22:00+00:00,2026-10-08T01:23:22.739708+00:00,f8349c69-0de8-11e7-991c-3863bb43a7d0,78,11,0,0,7,0,1,1,1,1791422459
2026-10-08T01:22:00+00:00,2026-10-08T01:23:22.739708+00:00,ce55d1b1-4267-40a9-ad44-5eab888ce18a,ce55d1b1-4267-40a9-ad44-5eab888ce18a,0,0,0,22,1,1,1,1,1791422459
2026-10-08T01:22:00+00:00,2026-10-08T01:23:22.739708+00:00,02a4416f-80b4-4472-accd-5db482ed5b6d,367,8,0,0,11,0,1,1,1,1791422457
2026-10-08T01:22:00+00:00,2026-10-08T01:23:22.739708+00:00,2264176803898382980,2264176803898382980,4,2,0,7,0,1,1,1,1791422464
2026-10-08T01:22:00+00:00,2026-10-08T01:23:22.739708+00:00,0adccd89-1d8d-44da-9f7c-5f18acafeddf,338,6,2,0,8,0,1,1,1,1791422464
2026-10-08T01:22:00+00:00,2026-10-08T01:23:22.739708+00:00,f8349745-0de8-11e7-991c-3863bb43a7d0,73,1,0,1,13,0,1,1,1,1791422465
2026-10-08T01:22:00+00:00,2026-10-08T01:23:22.739708+00:00,1960693490199507164,1960693490199507164,6,1,0,13,0,1,1,1,1791422463
2026-10-08T01:22:00+00:00,2026-10-08T01:23:22.739708+00:00,f83524c0-0de8-11e7-991c-3863bb43a7d0,203,9,2,0,5,0,1,1,1,1791422462
2026-10-08T01:22:00+00:00,2026-10-08T01:23:22.739708+00:00,f8352c92-0de8-11e7-991c-3863bb43a7d0,217,14,1,2,3,0,1,1,1,1791422463
2026-10-08T01:22:00+00:00,2026-10-08T01:23:22.739708+00:00,42a3ecca-af9a-4556-90ba-7631546f96f8,42a3ecca-af9a-4556-90ba-7631546f96f8,1,0,2,8,0,1,1,1,1791422466
2026-10-08T01:22:00+00:00,2026-10-08T01:23:22.739708+00:00,2070180968009321294,2070180968009321294,15,0,0,4,2,1,1,1,1791422388
2026-10-08T01:22:00+00:00,2026-10-08T01:23:22.739708+00:00,f83516b8-0de8-11e7-991c-3863bb43a7d0,184,6,1,0,12,1,1,1,1,1791422407
2026-10-08T01:22:00+00:00,2026-10-08T01:23:22.739708+00:00,9e710d48-51c1-460e-a027-3d16bde62b13,419,0,0,14,0,1,1,0,0,1791422410
2026-10-08T01:22:00+00:00,2026-10-08T01:23:22.739708+00:00,9f54207a-3308-43bd-b45c-9042b6389598,423,14,0,0,5,0,1,1,1,1791422408
2026-10-08T01:22:00+00:00,2026-10-08T01:23:22.739708+00:00,518f6524-0e7f-454d-974e-e3ff9db1f795,494,9,0,0,1,0,1,1,1,1791422400
2026-10-08T01:22:00+00:00,2026-10-08T01:23:22.739708+00:00,ccd6fdd4-b39e-46d7-b43c-7bacffb6bd87,523,0,0,0,17,0,1,1,1,1791422397
2026-10-08T01:22:00+00:00,2026-10-08T01:23:22.739708+00:00,2057166010169469732,2057166010169469732,1,0,0,14,0,1,1,1,1791422398
2026-10-08T01:22:00+00:00,2026-10-08T01:23:22.739708+00:00,f8349824-0de8-11e7-991c-3863bb43a7d0,75,11,1,0,4,0,1,1,1,1791422400
2026-10-08T01:22:00+00:00,2026-10-08T01:23:22.739708+00:00,b995a0b4-fc26-4661-9bc8-e166d648edfd,353,11,5,0,4,0,1,1,1,1791422401
2026-10-08T01:22:00+00:00,2026-10-08T01:23:22.739708+00:00,f834952a-0de8-11e7-991c-3863bb43a7d0,70,0,0,1,22,0,1,1,1,1791422401
2026-10-08T01:22:00+00:00,2026-10-08T01:23:22.739708+00:00,2267569638034503736,2267569638034503736,6,0,4,9,0,1,1,1,1791422401
2026-10-08T01:22:00+00:00,2026-10-08T01:23:22.739708+00:00,f8348509-0de8-11e7-991c-3863bb43a7d0,48,2,2,0,13,0,1,1,1,1791422401
2026-10-08T01:22:00+00:00,2026-10-08T01:23:22.739708+00:00,1997031579059661288,1997031579059661288,9,3,0,2,0,1,1,1,1791422412
2026-10-08T01:22:00+00:00,2026-10-08T01:23:22.739708+00:00,533620e8-00ff-494a-b288-bd67602bc98e,472,0,0,0,27,0,1,1,1,1791422471
2026-10-08T01:22:00+00:00,2026-10-08T01:23:22.739708+00:00,20b0b405-54ba-4a80-b89c-0819772665db,440,7,3,0,8,0,1,1,1,1791422471
2026-10-08T01:22:00+00:00,2026-10-08T01:23:22.739708+00:00,40e58976-02cc-4c7c-911f-7a6c97588bfa,520,17,3,0,4,0,1,1,1,1791422472
2026-10-08T01:22:00+00:00,2026-10-08T01:23:22.739708+00:00,f834cf45-0de8-11e7-991c-3863bb43a7d0,116,14,0,0,9,0,1,1,1,1791422471
2026-10-08T01:22:00+00:00,2026-10-08T01:23:22.739708+00:00,2111712079786088918,2111712079786088918,5,2,1,9,0,1,1,1,1791422380
2026-10-08T01:22:00+00:00,2026-10-08T01:23:22.739708+00:00,53a148ca-ac69-4a9c-a986-9a4b4df2f5df,387,8,0,0,7,0,1,1,1,1791422380
2026-10-08T01:22:00+00:00,2026-10-08T01:23:22.739708+00:00,2141932795355773712,2141932795355773712,7,0,0,10,0,1,1,1,1791422384
2026-10-08T01:22:00+00:00,2026-10-08T01:23:22.739708+00:00,0839bb10-e876-4198-95e4-0147a561853d,258,13,2,0,2,0,1,1,1,1791422384
2026-10-08T01:22:00+00:00,2026-10-08T01:23:22.739708+00:00,36a8fbc8-6069-4a29-bbfd-63a2d019c9a5,415,1,0,0,18,0,1,1,1,1791422393
2026-10-08T01:22:00+00:00,2026-10-08T01:23:22.739708+00:00,510239fe-69c3-458b-b53c-6ce001845f4a,354,13,8,0,2,0,1,1,1,1791422391
2026-10-08T01:22:00+00:00,2026-10-08T01:23:22.739708+00:00,2217856523888952522,2217856523888952522,5,2,0,15,0,1,1,1,1791422392
2026-10-08T01:22:00+00:00,2026-10-08T01:23:22.739708+00:00,f6df6c1a-064f-428a-951c-2069a081b9df,380,2,0,1,15,0,1,1,1,1791422392
2026-10-08T01:22:00+00:00,2026-10-08T01:23:22.739708+00:00,ec3eea05-a3ff-43c6-9e24-0c63f09b915f,378,16,1,0,3,0,1,1,1,1791422428
2026-10-08T01:22:00+00:00,2026-10-08T01:23:22.739708+00:00,ba634139-d7bf-448f-aac4-25995d36b67b,373,9,6,0,6,0,1,1,1,1791422427
2026-10-08T01:22:00+00:00,2026-10-08T01:23:22.739708+00:00,ef54374b-0406-4b17-b0a1-847f1d7bea06,410,12,0,0,3,0,1,1,1,1791422429
2026-10-08T01:22:00+00:00,2026-10-08T01:23:22.739708+00:00,c1ae49bd-2a20-4684-886b-ead8dd627cfd,c1ae49bd-2a20-4684-886b-ead8dd627cfd,16,2,0,1,0,1,1,1,1791422447
2026-10-08T01:22:00+00:00,2026-10-08T01:23:22.739708+00:00,7ec0c53c-876a-419c-a78b-4edd000bbc9a,445,16,2,0,3,0,1,1,1,1791422449
2026-10-08T01:22:00+00:00,2026-10-08T01:23:22.739708+00:00,f83523e3-0de8-11e7-991c-3863bb43a7d0,201,0,0,0,15,0,1,1,1,1791422450
2026-10-08T01:22:00+00:00,2026-10-08T01:23:22.739708+00:00,5bc7cba9-f0b0-442d-932c-e8c7927d87ce,386,11,5,1,7,0,1,1,1,1791422446
2026-10-08T01:22:00+00:00,2026-10-08T01:23:22.739708+00:00,f834b42d-0de8-11e7-991c-3863bb43a7d0,100,15,1,0,10,0,1,1,1,1791422446
2026-10-08T01:22:00+00:00,2026-10-08T01:23:22.739708+00:00,54d86d05-b399-42c5-a63a-a97713afc5d4,54d86d05-b399-42c5-a63a-a97713afc5d4,2,2,1,7,0,1,1,1,1791422450
2026-10-08T01:22:00+00:00,2026-10-08T01:23:22.739708+00:00,5018e851-f2f3-4e18-9914-c316bbcc2c3d,331,0,0,0,15,0,1,1,1,1791422454
2026-10-08T01:22:00+00:00,2026-10-08T01:23:22.739708+00:00,f8348995-0de8-11e7-991c-3863bb43a7d0,58,18,2,1,0,0,1,1,1,1791422452
2026-10-08T01:22:00+00:00,2026-10-08T01:23:22.739708+00:00,f8348481-0de8-11e7-991c-3863bb43a7d0,47,15,1,0,4,0,1,1,1,1791422474
2026-10-08T01:22:00+00:00,2026-10-08T01:23:22.739708+00:00,ff6ed364-8676-45a0-b97f-71025683849e,442,7,1,1,7,0,1,1,1,1791422475
2026-10-08T01:22:00+00:00,2026-10-08T01:23:22.739708+00:00,f83464e4-0de8-11e7-991c-3863bb43a7d0,3,1,0,1,12,0,1,1,1,1791422475
2026-10-08T01:22:00+00:00,2026-10-08T01:23:22.739708+00:00,2072145327190878794,2072145327190878794,19,1,2,3,0,1,1,1,1791422473
2026-10-08T01:22:00+00:00,2026-10-08T01:23:22.739708+00:00,b23674a7-15a8-46d2-8219-6668acecf24a,548,11,1,0,7,0,1,1,1,1791422473
2026-10-08T01:22:00+00:00,2026-10-08T01:23:22.739708+00:00,2038619205667946906,2038619205667946906,10,4,0,10,0,1,1,1,1791422476
2026-10-08T01:22:00+00:00,2026-10-08T01:23:22.739708+00:00,2029805507281123700,2029805507281123700,12,2,1,6,0,1,1,1,1791422477
2026-10-08T01:22:00+00:00,2026-10-08T01:23:22.739708+00:00,2103549125054737064,2103549125054737064,4,2,0,12,0,1,1,1,1791422462
2026-10-08T01:22:00+00:00,2026-10-08T01:23:22.739708+00:00,0f554e1d-9f0f-452d-9b4a-e00aa2c5911e,492,10,1,0,4,0,1,1,1,1791422479
2026-10-08T01:22:00+00:00,2026-10-08T01:23:22.739708+00:00,f834e1b2-0de8-11e7-991c-3863bb43a7d0,125,14,7,0,5,0,1,1,1,1791422482
2026-10-08T01:22:00+00:00,2026-10-08T01:23:22.739708+00:00,5afe91c4-8076-4f9f-b83b-cf233bda2331,460,0,0,0,15,0,1,1,1,1791422480
2026-10-08T01:22:00+00:00,2026-10-08T01:23:22.739708+00:00,2113555008851845550,2113555008851845550,11,2,0,9,0,1,1,1,1791422480
2026-10-08T01:22:00+00:00,2026-10-08T01:23:22.739708+00:00,2071993292066931472,2071993292066931472,2,0,0,18,0,1,1,1,1791422482
2026-10-08T01:22:00+00:00,2026-10-08T01:23:22.739708+00:00,342a2c60-71b0-4d19-98d6-47987cf20dbc,379,6,0,0,9,0,1,1,1,1791422483
2026-10-08T01:22:00+00:00,2026-10-08T01:23:22.739708+00:00,13918b3b-9ac5-4968-a74d-e40dd3bc952e,479,0,0,0,19,0,1,1,1,1791422483
2026-10-08T01:22:00+00:00,2026-10-08T01:23:22.739708+00:00,f8349ba9-0de8-11e7-991c-3863bb43a7d0,77,8,5,0,8,1,1,1,1,1791422474
2026-10-08T01:22:00+00:00,2026-10-08T01:23:22.739708+00:00,dfdaf866-b814-48e5-9bd3-eb7c4a733697,dfdaf866-b814-48e5-9bd3-eb7c4a733697,7,2,0,10,0,1,1,1,1791422484
2026-10-08T01:22:00+00:00,2026-10-08T01:23:22.739708+00:00,f834b49d-0de8-11e7-991c-3863bb43a7d0,101,9,1,0,9,0,1,1,1,1791422484
2026-10-08T01:22:00+00:00,2026-10-08T01:23:22.739708+00:00,2fd22786-dfeb-4126-a906-4f01802087f3,454,2,0,1,16,0,1,1,1,1791422484
2026-10-08T01:22:00+00:00,2026-10-08T01:23:22.739708+00:00,d7ec834e-9d9a-402c-9956-7d5f42676b94,d7ec834e-9d9a-402c-9956-7d5f42676b94,13,3,1,0,0,1,1,1,1791422485
2026-10-08T01:22:00+00:00,2026-10-08T01:23:22.739708+00:00,5f726a7d-5c5d-48b1-9b13-06c77572a237,516,0,0,0,11,0,1,1,1,1791422485
2026-10-08T01:22:00+00:00,2026-10-08T01:23:22.739708+00:00,2241260819676115550,2241260819676115550,0,0,0,25,0,1,1,1,1791422492
2026-10-08T01:22:00+00:00,2026-10-08T01:23:22.739708+00:00,f8348136-0de8-11e7-991c-3863bb43a7d0,41,21,1,1,5,0,1,1,1,1791422493
2026-10-08T01:22:00+00:00,2026-10-08T01:23:22.739708+00:00,f8351336-0de8-11e7-991c-3863bb43a7d0,176,2,0,0,13,0,1,1,1,1791422493
2026-10-08T01:22:00+00:00,2026-10-08T01:23:22.739708+00:00,f83510fd-0de8-11e7-991c-3863bb43a7d0,171,10,0,1,12,0,1,1,1,1791422493
2026-10-08T01:22:00+00:00,2026-10-08T01:23:22.739708+00:00,2071632496372113488,2071632496372113488,14,7,1,5,0,1,1,1,1791422494
2026-10-08T01:22:00+00:00,2026-10-08T01:23:22.739708+00:00,f834b5d9-0de8-11e7-991c-3863bb43a7d0,103,13,2,0,2,0,1,1,1,1791422492
2026-10-08T01:22:00+00:00,2026-10-08T01:23:22.739708+00:00,1944724820826878816,1944724820826878816,9,0,1,7,0,1,1,1,1791422493
2026-10-08T01:22:00+00:00,2026-10-08T01:23:22.739708+00:00,f83486ab-0de8-11e7-991c-3863bb43a7d0,51,6,0,1,8,0,1,1,1,1791422495
2026-10-08T01:22:00+00:00,2026-10-08T01:23:22.739708+00:00,f8346894-0de8-11e7-991c-3863bb43a7d0,9,3,0,2,9,0,1,1,1,1791422495
2026-10-08T01:22:00+00:00,2026-10-08T01:23:22.739708+00:00,350e73e3-6f70-4b2d-87ab-24c8629e9a6a,350e73e3-6f70-4b2d-87ab-24c8629e9a6a,12,0,1,6,0,1,1,1,1791422496
2026-10-08T01:22:00+00:00,2026-10-08T01:23:22.739708+00:00,f834f814-0de8-11e7-991c-3863bb43a7d0,136,0,0,1,18,0,1,1,1,1791422487
2026-10-08T01:22:00+00:00,2026-10-08T01:23:22.739708+00:00,2170342425741020744,2170342425741020744,14,3,0,3,0,1,1,1,1791422491
2026-10-08T01:22:00+00:00,2026-10-08T01:23:22.739708+00:00,2043912031919765854,2043912031919765854,10,0,1,9,0,1,1,1,1791422491
2026-10-08T01:22:00+00:00,2026-10-08T01:23:22.739708+00:00,13444449-b3a8-43d2-b8b9-a59fbc59a174,397,11,4,0,3,0,1,1,1,1791422491
2026-10-08T01:22:00+00:00,2026-10-08T01:23:22.739708+00:00,2107991976288962746,2107991976288962746,11,0,0,9,0,1,1,1,1791422491
2026-10-08T01:22:00+00:00,2026-10-08T01:23:22.739708+00:00,abefafdc-c772-4671-86fe-fc15a42adebb,abefafdc-c772-4671-86fe-fc15a42adebb,5,0,0,18,0,1,1,1,1791422489
2026-10-08T01:22:00+00:00,2026-10-08T01:23:22.739708+00:00,bb27977d-36c1-496d-8bac-631b612dd7b8,332,15,4,0,0,0,1,1,1,1791422488
2026-10-08T01:22:00+00:00,2026-10-08T01:23:22.739708+00:00,f8347118-0de8-11e7-991c-3863bb43a7d0,22,17,0,0,17,2,1,1,1,1791422489
2026-10-08T01:22:00+00:00,2026-10-08T01:23:22.739708+00:00,2327cb08-fa9f-459b-9ab0-1a319b0f2f4c,539,3,1,1,14,0,1,1,1,1791422486
2026-10-08T01:22:00+00:00,2026-10-08T01:23:22.739708+00:00,f83494b4-0de8-11e7-991c-3863bb43a7d0,69,18,10,0,1,0,1,1,1,1791422486
2026-10-08T01:22:00+00:00,2026-10-08T01:23:22.739708+00:00,2223043968513191970,2223043968513191970,0,0,0,16,0,1,1,1,1791422490
2026-10-08T01:22:00+00:00,2026-10-08T01:23:22.739708+00:00,1975886280004030604,1975886280004030604,10,2,1,12,0,1,1,1,1791422485
2026-10-08T01:22:00+00:00,2026-10-08T01:23:22.739708+00:00,2113200093114979090,2113200093114979090,6,0,0,9,1,1,1,1,1791422486
2026-10-08T01:22:00+00:00,2026-10-08T01:23:22.739708+00:00,70f20fcb-8e63-4015-9007-b97c525ab0a9,335,11,0,1,7,0,1,1,1,1791422490
2026-10-08T01:22:00+00:00,2026-10-08T01:23:22.739708+00:00,287aedf5-0361-47e9-9de0-14ae3b75cc0d,287aedf5-0361-47e9-9de0-14ae3b75cc0d,8,3,1,12,0,1,1,1,1791422498
2026-10-08T01:22:00+00:00,2026-10-08T01:23:22.739708+00:00,2038239468396569074,2038239468396569074,16,0,0,16,0,1,1,1,1791422497
2026-10-08T01:31:59+00:00,2026-10-08T01:33:22.861521+00:00,6eaa7343-402d-41c9-9aac-8c664fdbdcf1,6eaa7343-402d-41c9-9aac-8c664fdbdcf1,0,0,0,0,0,0,0,0,86400
2026-10-08T01:31:59+00:00,2026-10-08T01:33:22.861521+00:00,2251186911126913182,2251186911126913182,13,2,2,4,0,1,1,1,1791422936
2026-10-08T01:31:59+00:00,2026-10-08T01:33:22.861521+00:00,2134720099473744344,2134720099473744344,4,1,0,17,0,1,1,1,1791422948
2026-10-08T01:31:59+00:00,2026-10-08T01:33:22.861521+00:00,2250817396738253956,2250817396738253956,12,2,2,1,0,1,1,1,1791422965
2026-10-08T01:31:59+00:00,2026-10-08T01:33:22.861521+00:00,2251556760922290606,2251556760922290606,11,0,2,2,0,1,1,1,1791422973
2026-10-08T01:31:59+00:00,2026-10-08T01:33:22.861521+00:00,2149920539832638004,2149920539832638004,12,0,1,2,0,1,1,1,1791422980
2026-10-08T01:31:59+00:00,2026-10-08T01:33:22.861521+00:00,5d17f129-af8c-4f30-bc58-6a8279052772,543,5,2,1,13,0,1,1,1,1791422982
2026-10-08T01:31:59+00:00,2026-10-08T01:33:22.861521+00:00,e519df41-c4d7-403a-9afa-a5dd7cdd2d03,536,10,0,1,7,0,1,1,1,1791422984
2026-10-08T01:31:59+00:00,2026-10-08T01:33:22.861521+00:00,2113559364250874028,2113559364250874028,8,2,0,7,0,1,1,1,1791422985
2026-10-08T01:31:59+00:00,2026-10-08T01:33:22.861521+00:00,88b35b6d-f355-44dc-b85e-ed2eb1bc9099,406,11,4,0,8,0,1,1,1,1791422988
2026-10-08T01:31:59+00:00,2026-10-08T01:33:22.861521+00:00,f8352973-0de8-11e7-991c-3863bb43a7d0,210,6,1,0,9,0,1,1,1,1791422990
2026-10-08T01:31:59+00:00,2026-10-08T01:33:22.861521+00:00,9fef6df2-7f8f-43fc-a85b-7dd5453860f9,437,13,1,0,4,0,1,1,1,1791422994
2026-10-08T01:31:59+00:00,2026-10-08T01:33:22.861521+00:00,2036103727838931110,2036103727838931110,10,5,0,0,0,1,1,1,1791422992
2026-10-08T01:31:59+00:00,2026-10-08T01:33:22.861521+00:00,f834f036-0de8-11e7-991c-3863bb43a7d0,133,11,2,2,10,0,1,1,1,1791422996
2026-10-08T01:31:59+00:00,2026-10-08T01:33:22.861521+00:00,f7d416f8-4377-4019-bba7-302dc1d5a11d,391,9,0,3,3,0,1,1,1,1791422996
2026-10-08T01:31:59+00:00,2026-10-08T01:33:22.861521+00:00,2438d052-2cd6-4fba-83c9-39f46cb59398,2438d052-2cd6-4fba-83c9-39f46cb59398,0,0,1,18,0,1,1,1,1791422996
2026-10-08T01:31:59+00:00,2026-10-08T01:33:22.861521+00:00,2031175112202687108,2031175112202687108,5,1,0,11,0,1,1,1,1791422996
2026-10-08T01:31:59+00:00,2026-10-08T01:33:22.861521+00:00,f8351649-0de8-11e7-991c-3863bb43a7d0,183,1,0,0,18,0,1,1,1,1791422992
2026-10-08T01:31:59+00:00,2026-10-08T01:33:22.861521+00:00,f834b183-0de8-11e7-991c-3863bb43a7d0,98,12,2,1,9,0,1,1,1,1791423002
2026-10-08T01:31:59+00:00,2026-10-08T01:33:22.861521+00:00,2027855476515070160,2027855476515070160,10,0,0,16,0,1,1,1,1791423001
2026-10-08T01:31:59+00:00,2026-10-08T01:33:22.861521+00:00,199f3d59-e726-4549-b9c1-4dfc8a343fdb,508,10,6,0,1,0,1,1,1,1791422999
2026-10-08T01:31:59+00:00,2026-10-08T01:33:22.861521+00:00,f83473ea-0de8-11e7-991c-3863bb43a7d0,27,18,2,3,2,0,1,1,1,1791423008
2026-10-08T01:31:59+00:00,2026-10-08T01:33:22.861521+00:00,133d159e-a202-4310-910f-eca392fe181e,398,0,0,2,17,0,1,1,1,1791423009
2026-10-08T01:31:59+00:00,2026-10-08T01:33:22.861521+00:00,f8351255-0de8-11e7-991c-3863bb43a7d0,174,8,3,3,4,0,1,1,1,1791423007
2026-10-08T01:31:59+00:00,2026-10-08T01:33:22.861521+00:00,9b0aff89-5242-475e-b03b-87c3c3bf51bb,477,3,3,1,15,0,1,1,1,1791423004
2026-10-08T01:31:59+00:00,2026-10-08T01:33:22.861521+00:00,f8351791-0de8-11e7-991c-3863bb43a7d0,186,12,0,0,3,0,1,1,1,1791423003
2026-10-08T01:31:59+00:00,2026-10-08T01:33:22.861521+00:00,f83532fa-0de8-11e7-991c-3863bb43a7d0,219,12,1,0,3,0,1,1,1,1791423005
2026-10-08T01:31:59+00:00,2026-10-08T01:33:22.861521+00:00,f8347002-0de8-11e7-991c-3863bb43a7d0,20,17,0,0,6,0,1,1,1,1791423009
2026-10-08T01:31:59+00:00,2026-10-08T01:33:22.861521+00:00,768433a9-fc30-4485-b136-22d6f8a96f1c,768433a9-fc30-4485-b136-22d6f8a96f1c,4,0,1,6,0,1,1,1,1791423012
2026-10-08T01:31:59+00:00,2026-10-08T01:33:22.861521+00:00,f8348719-0de8-11e7-991c-3863bb43a7d0,52,0,0,0,23,0,1,1,1,1791423013
2026-10-08T01:31:59+00:00,2026-10-08T01:33:22.861521+00:00,2110566771130438288,2110566771130438288,10,6,1,5,0,1,1,1,1791423013
2026-10-08T01:31:59+00:00,2026-10-08T01:33:22.861521+00:00,eed9e64f-f09d-43c1-aa31-da968c66750a,368,5,0,0,10,0,1,1,1,1791423019
2026-10-08T01:31:59+00:00,2026-10-08T01:33:22.861521+00:00,f8350d30-0de8-11e7-991c-3863bb43a7d0,163,7,0,0,12,0,1,1,1,1791423019
2026-10-08T01:31:59+00:00,2026-10-08T01:33:22.861521+00:00,f8351569-0de8-11e7-991c-3863bb43a7d0,181,14,0,0,5,0,1,1,1,1791423019
2026-10-08T01:31:59+00:00,2026-10-08T01:33:22.861521+00:00,f834916a-0de8-11e7-991c-3863bb43a7d0,63,3,1,0,12,0,1,1,1,1791423014
2026-10-08T01:31:59+00:00,2026-10-08T01:33:22.861521+00:00,f834f948-0de8-11e7-991c-3863bb43a7d0,138,12,0,1,1,0,1,1,1,1791423015
2026-10-08T01:31:59+00:00,2026-10-08T01:33:22.861521+00:00,f835244e-0de8-11e7-991c-3863bb43a7d0,202,9,1,0,6,0,1,1,1,1791423016
2026-10-08T01:31:59+00:00,2026-10-08T01:33:22.861521+00:00,1997031876360597884,1997031876360597884,6,1,0,5,0,1,1,1,1791423015
2026-10-08T01:31:59+00:00,2026-10-08T01:33:22.861521+00:00,52ca4d94-587f-4a61-a298-a1a755e73bfb,362,19,3,0,0,0,1,1,1,1791423016
2026-10-08T01:31:59+00:00,2026-10-08T01:33:22.861521+00:00,f834d260-0de8-11e7-991c-3863bb43a7d0,119,13,9,2,0,0,1,1,1,1791423018
2026-10-08T01:31:59+00:00,2026-10-08T01:33:22.861521+00:00,f8346c96-0de8-11e7-991c-3863bb43a7d0,14,0,0,0,25,0,1,1,1,1791423025
2026-10-08T01:31:59+00:00,2026-10-08T01:33:22.861521+00:00,2131371824572002576,2131371824572002576,12,0,0,4,0,1,1,1,1791423026
2026-10-08T01:31:59+00:00,2026-10-08T01:33:22.861521+00:00,f8350199-0de8-11e7-991c-3863bb43a7d0,150,8,1,0,11,0,1,1,1,1791423032
2026-10-08T01:31:59+00:00,2026-10-08T01:33:22.861521+00:00,82b41ffb-e284-4e4d-b22a-0cad2bfd4bee,443,7,0,0,12,0,1,1,1,1791423033
2026-10-08T01:31:59+00:00,2026-10-08T01:33:22.861521+00:00,87b5a8b7-a330-4c51-ab32-7dafa292c88f,421,15,1,1,3,0,1,1,1,1791423036
2026-10-08T01:31:59+00:00,2026-10-08T01:33:22.861521+00:00,57f5003b-6574-40b3-83d7-3b5dee1472e0,518,7,6,0,3,0,1,1,1,1791423033
2026-10-08T01:31:59+00:00,2026-10-08T01:33:22.861521+00:00,2036412579943670600,2036412579943670600,5,5,1,6,0,1,1,1,1791423024
2026-10-08T01:31:59+00:00,2026-10-08T01:33:22.861521+00:00,25489822-e43a-4704-b2a8-d905b78ba77c,389,2,1,0,12,0,1,1,1,1791423046
2026-10-08T01:31:59+00:00,2026-10-08T01:33:22.861521+00:00,4b5de733-9353-4873-9dc2-9558b3cb063a,393,4,0,0,9,0,1,1,1,1791423052
2026-10-08T01:31:59+00:00,2026-10-08T01:33:22.861521+00:00,f8349070-0de8-11e7-991c-3863bb43a7d0,61,4,0,0,15,0,1,1,1,1791423055
2026-10-08T01:31:59+00:00,2026-10-08T01:33:22.861521+00:00,01d29f8c-768d-4c4f-84ca-3de966075287,469,3,2,0,8,0,1,1,1,1791423055
2026-10-08T01:31:59+00:00,2026-10-08T01:33:22.861521+00:00,2039387081833476178,2039387081833476178,12,2,0,8,0,1,1,1,1791423055
2026-10-08T01:31:59+00:00,2026-10-08T01:33:22.861521+00:00,625f105e-4407-4988-9095-d1979cbda5e1,234,17,11,0,2,0,1,1,1,1791423053
2026-10-08T01:31:59+00:00,2026-10-08T01:33:22.861521+00:00,f834b1ed-0de8-11e7-991c-3863bb43a7d0,99,15,2,0,0,0,1,1,1,1791423056
2026-10-08T01:31:59+00:00,2026-10-08T01:33:22.861521+00:00,2028220168245183460,2028220168245183460,13,0,0,6,0,1,1,1,1791423060
2026-10-08T01:31:59+00:00,2026-10-08T01:33:22.861521+00:00,2261583246847893606,2261583246847893606,16,9,1,2,0,1,1,1,1791423061
2026-10-08T01:31:59+00:00,2026-10-08T01:33:22.861521+00:00,25d6f87f-7025-48c5-b202-f91511a4ae19,25d6f87f-7025-48c5-b202-f91511a4ae19,13,4,1,5,0,1,1,1,1791423058
2026-10-08T01:31:59+00:00,2026-10-08T01:33:22.861521+00:00,f8350129-0de8-11e7-991c-3863bb43a7d0,149,12,1,0,6,0,1,1,1,1791423059
2026-10-08T01:31:59+00:00,2026-10-08T01:33:22.861521+00:00,ab6517ea-ed53-42eb-8881-657d362e56e8,560,11,0,0,4,0,1,1,1,1791423059
2026-10-08T01:31:59+00:00,2026-10-08T01:33:22.861521+00:00,f8348598-0de8-11e7-991c-3863bb43a7d0,49,5,1,0,13,0,1,1,1,1791423041
2026-10-08T01:31:59+00:00,2026-10-08T01:33:22.861521+00:00,a6d6d4b2-3666-43ad-a690-7f676bdcc3fd,542,9,0,4,6,0,1,1,1,1791423034
2026-10-08T01:31:59+00:00,2026-10-08T01:33:22.861521+00:00,1ef9964d-47ac-4cd4-916e-7c006fa1e605,339,10,6,0,5,0,1,1,1,1791423034
2026-10-08T01:31:59+00:00,2026-10-08T01:33:22.861521+00:00,f8349599-0de8-11e7-991c-3863bb43a7d0,71,14,6,0,9,0,1,1,1,1791423037
2026-10-08T01:31:59+00:00,2026-10-08T01:33:22.861521+00:00,e335fa7c-7adf-4360-9bfa-76b18124a56f,541,5,4,0,6,0,1,1,1,1791423035
2026-10-08T01:31:59+00:00,2026-10-08T01:33:22.861521+00:00,f834c6f5-0de8-11e7-991c-3863bb43a7d0,111,8,1,0,6,1,1,1,1,1791423037
2026-10-08T01:31:59+00:00,2026-10-08T01:33:22.861521+00:00,f8346e51-0de8-11e7-991c-3863bb43a7d0,17,11,0,0,4,0,1,1,1,1791423039
2026-10-08T01:31:59+00:00,2026-10-08T01:33:22.861521+00:00,f834d34b-0de8-11e7-991c-3863bb43a7d0,120,15,1,0,24,0,1,1,1,1791423048
2026-10-08T01:31:59+00:00,2026-10-08T01:33:22.861521+00:00,f8347ded-0de8-11e7-991c-3863bb43a7d0,35,0,0,0,31,0,1,1,1,1791423049
2026-10-08T01:31:59+00:00,2026-10-08T01:33:22.861521+00:00,8bc42f7f-753d-4cca-a7d6-0d7c2530ea2c,364,10,1,1,8,0,1,1,1,1791423049
2026-10-08T01:31:59+00:00,2026-10-08T01:33:22.861521+00:00,f834fcbe-0de8-11e7-991c-3863bb43a7d0,141,0,0,0,15,0,1,1,1,1791423052
2026-10-08T01:31:59+00:00,2026-10-08T01:33:22.861521+00:00,f8351f87-0de8-11e7-991c-3863bb43a7d0,192,0,0,0,19,0,1,1,1,1791423065
2026-10-08T01:31:59+00:00,2026-10-08T01:33:22.861521+00:00,f834c5c9-0de8-11e7-991c-3863bb43a7d0,110,2,0,1,11,0,1,1,1,1791423065
2026-10-08T01:31:59+00:00,2026-10-08T01:33:22.861521+00:00,f8346dbd-0de8-11e7-991c-3863bb43a7d0,16,9,1,1,9,0,1,1,1,1791423063
2026-10-08T01:31:59+00:00,2026-10-08T01:33:22.861521+00:00,2129149628430547474,2129149628430547474,16,3,0,0,0,1,1,1,1791423049
2026-10-08T01:31:59+00:00,2026-10-08T01:33:22.861521+00:00,1999644268058967024,1999644268058967024,23,1,0,1,0,1,1,1,1791423063
2026-10-08T01:31:59+00:00,2026-10-08T01:33:22.861521+00:00,f834e75d-0de8-11e7-991c-3863bb43a7d0,129,8,1,0,10,1,1,1,1,1791423071
2026-10-08T01:31:59+00:00,2026-10-08T01:33:22.861521+00:00,2219705277630124418,2219705277630124418,6,3,0,9,0,1,1,1,1791423071
2026-10-08T01:31:59+00:00,2026-10-08T01:33:22.861521+00:00,5410aac7-2ec0-47b6-b728-b99c5137b463,5410aac7-2ec0-47b6-b728-b99c5137b463,8,2,0,3,0,1,1,1,1791423069
2026-10-08T01:31:59+00:00,2026-10-08T01:33:22.861521+00:00,e4d5271f-5f76-401b-b7f0-c8dce3c26f10,462,7,1,1,3,0,1,1,1,1791423070
2026-10-08T01:31:59+00:00,2026-10-08T01:33:22.861521+00:00,b44b7c3d-c054-4591-92a9-3b96d86050ab,b44b7c3d-c054-4591-92a9-3b96d86050ab,2,2,0,9,0,1,1,1,1791423073
2026-10-08T01:31:59+00:00,2026-10-08T01:33:22.861521+00:00,2220033166406469278,2220033166406469278,10,4,1,4,0,1,1,1,1791423070
2026-10-08T01:31:59+00:00,2026-10-08T01:33:22.861521+00:00,f8347ba8-0de8-11e7-991c-3863bb43a7d0,31,0,0,1,18,0,1,1,1,1791423080
2026-10-08T01:31:59+00:00,2026-10-08T01:33:22.861521+00:00,1994515539257334312,1994515539257334312,19,8,0,0,0,1,1,1,1791423080
2026-10-08T01:31:59+00:00,2026-10-08T01:33:22.861521+00:00,1976280681456741062,1976280681456741062,5,5,0,6,0,1,1,1,1791423082
2026-10-08T01:31:59+00:00,2026-10-08T01:33:22.861521+00:00,38706d8c-8d4b-49f7-b6ed-7688449db261,463,5,0,0,14,0,1,1,1,1791423082
2026-10-08T01:31:59+00:00,2026-10-08T01:33:22.861521+00:00,ec4e1168-25dc-4929-b17b-e4ae578dd888,425,4,2,1,11,0,1,1,1,1791423078
2026-10-08T01:31:59+00:00,2026-10-08T01:33:22.861521+00:00,dcd76e42-eebc-4432-9726-cdb3372b0b07,557,0,0,0,19,0,1,1,1,1791423081
2026-10-08T01:31:59+00:00,2026-10-08T01:33:22.861521+00:00,f834a67b-0de8-11e7-991c-3863bb43a7d0,89,1,0,1,17,0,1,1,1,1791423082
2026-10-08T01:31:59+00:00,2026-10-08T01:33:22.861521+00:00,1986694622707704150,1986694622707704150,16,0,1,2,0,1,1,1,1791423087
2026-10-08T01:31:59+00:00,2026-10-08T01:33:22.861521+00:00,986068c4-d11a-465a-b8d0-bd0960c57f51,986068c4-d11a-465a-b8d0-bd0960c57f51,14,0,0,0,0,1,1,1,1791423087
2026-10-08T01:31:59+00:00,2026-10-08T01:33:22.861521+00:00,2132460331327742574,2132460331327742574,0,0,0,18,0,1,1,1,1791423088
2026-10-08T01:31:59+00:00,2026-10-08T01:33:22.861521+00:00,f834cb89-0de8-11e7-991c-3863bb43a7d0,115,7,3,3,10,0,1,1,1,1791423087
2026-10-08T01:31:59+00:00,2026-10-08T01:33:22.861521+00:00,97a1e4e7-a1ff-427a-aaea-48ca0d00bf9c,348,6,5,0,9,0,1,1,1,1791423088
2026-10-08T01:31:59+00:00,2026-10-08T01:33:22.861521+00:00,829fa5a8-cc88-4ab2-9f34-b481aaa1612e,259,9,0,0,6,0,1,1,1,1791423085
2026-10-08T01:31:59+00:00,2026-10-08T01:33:22.861521+00:00,aefc33cd-40b9-48da-8b87-415428816bdb,488,7,1,0,9,0,1,1,1,1791423083
2026-10-08T01:31:59+00:00,2026-10-08T01:33:22.861521+00:00,2127634714741013228,2127634714741013228,15,2,0,9,0,1,1,1,1791423086
2026-10-08T01:31:59+00:00,2026-10-08T01:33:22.861521+00:00,2089808297152151688,2089808297152151688,2,1,1,9,0,1,1,1,1791423087
2026-10-08T01:31:59+00:00,2026-10-08T01:33:22.861521+00:00,2071991821019036242,2071991821019036242,15,3,0,5,0,1,1,1,1791423084
2026-10-08T01:31:59+00:00,2026-10-08T01:33:22.861521+00:00,8e7c1984-dc81-43b0-a0d3-58c6de45225a,465,7,5,0,4,0,1,1,1,1791423084
2026-10-08T01:31:59+00:00,2026-10-08T01:33:22.861521+00:00,f83466c6-0de8-11e7-991c-3863bb43a7d0,6,0,0,2,12,0,1,1,1,1791423087
2026-10-08T01:31:59+00:00,2026-10-08T01:33:22.861521+00:00,2126567695528519906,2126567695528519906,8,0,0,12,0,1,1,1,1791423076
2026-10-08T01:31:59+00:00,2026-10-08T01:33:22.861521+00:00,1ef5abb2-5af9-41f2-a0dd-1e44278ad9f1,502,4,0,0,7,0,1,1,1,1791423077
2026-10-08T01:31:59+00:00,2026-10-08T01:33:22.861521+00:00,1331197c-f6c6-4f4a-a29b-95e580359886,224,9,0,1,7,0,1,1,1,1791423074
2026-10-08T01:31:59+00:00,2026-10-08T01:33:22.861521+00:00,15ec5783-ca7a-4225-ba51-cd0a45ecc975,15ec5783-ca7a-4225-ba51-cd0a45ecc975,8,6,0,3,0,1,1,1,1791423074
2026-10-08T01:31:59+00:00,2026-10-08T01:33:22.861521+00:00,2124664048772581794,2124664048772581794,3,0,0,8,0,1,1,1,1791423075
2026-10-08T01:31:59+00:00,2026-10-08T01:33:22.861521+00:00,8d535c23-f186-4161-aa10-17e94be6d4ae,436,5,4,3,6,1,1,1,1,1791423075
2026-10-08T01:31:59+00:00,2026-10-08T01:33:22.861521+00:00,2227859082657747444,2227859082657747444,6,2,0,1,0,1,1,1,1791423075
2026-10-08T01:31:59+00:00,2026-10-08T01:33:22.861521+00:00,4d953f0f-13b5-4b3d-b2da-342003ff7cba,4d953f0f-13b5-4b3d-b2da-342003ff7cba,3,2,0,8,0,1,1,1,1791423075
2026-10-08T01:31:59+00:00,2026-10-08T01:33:22.861521+00:00,803a0c16-4f81-44f1-8b49-a13fcdda40c1,370,2,0,2,14,0,1,1,1,1791423075
2026-10-08T01:31:59+00:00,2026-10-08T01:33:22.861521+00:00,918335df-fc1a-45c2-9cfc-c5e2e93aecc0,467,2,0,1,8,0,1,1,1,1791423076
2026-10-08T01:31:59+00:00,2026-10-08T01:33:22.861521+00:00,2127252912986958612,2127252912986958612,4,0,0,11,0,1,1,1,1791423076
2026-10-08T01:31:59+00:00,2026-10-08T01:33:22.861521+00:00,ea00f276-26dc-48ee-b2c8-6e56fd632a2d,272,2,0,1,16,0,1,1,1,1791423077
2026-10-08T01:31:59+00:00,2026-10-08T01:33:22.861521+00:00,f834a1de-0de8-11e7-991c-3863bb43a7d0,84,1,0,0,12,0,1,1,1,1791423078
2026-10-08T01:31:59+00:00,2026-10-08T01:33:22.861521+00:00,f8347a8b-0de8-11e7-991c-3863bb43a7d0,29,15,0,0,4,0,1,1,1,1791423078
2026-10-08T01:31:59+00:00,2026-10-08T01:33:22.861521+00:00,1999639508813492766,1999639508813492766,9,0,0,11,0,1,1,1,1791423078
2026-10-08T01:31:59+00:00,2026-10-08T01:33:22.861521+00:00,f834b928-0de8-11e7-991c-3863bb43a7d0,106,8,0,1,5,0,1,1,1,1791423077
2026-10-08T01:31:59+00:00,2026-10-08T01:33:22.861521+00:00,569f4952-5a25-4394-a419-f9c4d9cca6f3,495,17,6,0,1,0,1,1,1,1791423088
2026-10-08T01:31:59+00:00,2026-10-08T01:33:22.861521+00:00,c111ef1a-f276-415d-a95e-8e3c4e3a0c03,522,6,3,1,8,0,1,1,1,1791423089
2026-10-08T01:31:59+00:00,2026-10-08T01:33:22.861521+00:00,f83493c0-0de8-11e7-991c-3863bb43a7d0,67,0,0,4,26,0,1,1,1,1791423088
2026-10-08T01:31:59+00:00,2026-10-08T01:33:22.861521+00:00,f606593b-3d07-40f2-bc6d-a0eb96588e44,456,5,0,0,13,0,1,1,1,1791423091
2026-10-08T01:31:59+00:00,2026-10-08T01:33:22.861521+00:00,2363c5a3-93cc-41a2-a767-90f1826c041f,426,0,0,0,27,0,1,1,1,1791423091
2026-10-08T01:31:59+00:00,2026-10-08T01:33:22.861521+00:00,1976640911178291400,1976640911178291400,6,3,0,5,0,1,1,1,1791423092
2026-10-08T01:31:59+00:00,2026-10-08T01:33:22.861521+00:00,f55cdf0a-3d7b-491c-bed2-7dc0ef2062d5,489,8,1,0,8,0,1,1,1,1791423092
2026-10-08T01:31:59+00:00,2026-10-08T01:33:22.861521+00:00,f834a2a8-0de8-11e7-991c-3863bb43a7d0,85,0,0,1,18,0,1,1,1,1791423090
2026-10-08T01:31:59+00:00,2026-10-08T01:33:22.861521+00:00,d1a5e406-718c-44b9-b9dd-e63605b888aa,555,8,7,0,7,0,1,1,1,1791423093
2026-10-08T01:31:59+00:00,2026-10-08T01:33:22.861521+00:00,40ee059e-8530-4992-9114-c16b87d6832f,441,12,4,0,7,0,1,1,1,1791423093
2026-10-08T01:31:59+00:00,2026-10-08T01:33:22.861521+00:00,800bde2c-51df-497c-ac2d-bc3a8c00c164,800bde2c-51df-497c-ac2d-bc3a8c00c164,0,0,0,15,0,1,1,1,1791423093
2026-10-08T01:31:59+00:00,2026-10-08T01:33:22.861521+00:00,1991921362058752616,1991921362058752616,0,0,0,20,0,1,1,1,1791423093
2026-10-08T01:31:59+00:00,2026-10-08T01:33:22.861521+00:00,77c1736c-a609-4453-94f7-8e4253a8193c,474,8,3,0,3,0,1,1,1,1791423095
2026-10-08T01:31:59+00:00,2026-10-08T01:33:22.861521+00:00,1919521884659886482,1919521884659886482,4,2,0,15,0,1,1,1,1791423096
2026-10-08T01:31:59+00:00,2026-10-08T01:33:22.861521+00:00,6cec3afa-554c-466f-8323-5c619fe0ddc6,6cec3afa-554c-466f-8323-5c619fe0ddc6,6,4,0,5,0,1,1,1,1791423097
2026-10-08T01:31:59+00:00,2026-10-08T01:33:22.861521+00:00,cad0e759-b605-458a-b772-768dcce81dc6,372,9,0,0,9,0,1,1,1,1791423097
2026-10-08T01:31:59+00:00,2026-10-08T01:33:22.861521+00:00,a825b55d-3ab3-481f-9c50-d3a7313e6843,228,0,0,0,19,0,1,1,1,1791423097
2026-10-08T01:31:59+00:00,2026-10-08T01:33:22.861521+00:00,acb27827-d69a-4287-b132-3f529ca62ad2,427,4,1,0,15,0,1,1,1,1791423098
2026-10-08T01:31:59+00:00,2026-10-08T01:33:22.861521+00:00,2253794653988522864,2253794653988522864,8,0,0,11,0,1,1,1,1791422861
2026-10-08T01:31:59+00:00,2026-10-08T01:33:22.861521+00:00,f8348857-0de8-11e7-991c-3863bb43a7d0,55,4,0,0,11,0,1,1,1,1791422995
2026-10-08T01:31:59+00:00,2026-10-08T01:33:22.861521+00:00,e49a5b83-2c9c-4610-a48b-89cfea172c8f,504,6,0,0,5,0,1,1,1,1791422998
2026-10-08T01:31:59+00:00,2026-10-08T01:33:22.861521+00:00,f836bc28-36a7-4ca6-bba6-0d75333d84bb,538,14,1,1,4,0,1,1,1,1791423001
2026-10-08T01:31:59+00:00,2026-10-08T01:33:22.861521+00:00,50cc3c7f-50ed-4c70-b483-c89f3f47c938,491,17,1,0,2,0,1,1,1,1791423002
2026-10-08T01:31:59+00:00,2026-10-08T01:33:22.861521+00:00,1984021766354634770,1984021766354634770,10,0,0,9,0,1,1,1,1791423018
2026-10-08T01:31:59+00:00,2026-10-08T01:33:22.861521+00:00,f834ffc9-0de8-11e7-991c-3863bb43a7d0,146,18,2,0,1,0,1,1,1,1791423018
2026-10-08T01:31:59+00:00,2026-10-08T01:33:22.861521+00:00,b0b8e427-7203-4844-9c70-129e08a74452,347,13,4,1,0,0,1,1,1,1791423019
2026-10-08T01:31:59+00:00,2026-10-08T01:33:22.861521+00:00,f8347361-0de8-11e7-991c-3863bb43a7d0,26,11,0,0,4,0,1,1,1,1791423020
2026-10-08T01:31:59+00:00,2026-10-08T01:33:22.861521+00:00,2002247509585342522,2002247509585342522,8,1,0,3,0,1,1,1,1791423020
2026-10-08T01:31:59+00:00,2026-10-08T01:33:22.861521+00:00,d81e16e2-a410-4a0b-b5ae-b72748fc9781,d81e16e2-a410-4a0b-b5ae-b72748fc9781,9,0,0,10,0,1,1,1,1791423020
2026-10-08T01:31:59+00:00,2026-10-08T01:33:22.861521+00:00,7dd0fc98-c1dd-4c93-9c1d-4bbdf5f93346,473,14,9,0,0,0,1,1,1,1791423042
2026-10-08T01:31:59+00:00,2026-10-08T01:33:22.861521+00:00,c98f50f6-1901-4c64-b164-8cf33245e022,282,16,1,1,0,1,1,1,1,1791423041
2026-10-08T01:31:59+00:00,2026-10-08T01:33:22.861521+00:00,2158217922577811100,2158217922577811100,5,0,0,14,0,1,1,1,1791423039
2026-10-08T01:31:59+00:00,2026-10-08T01:33:22.861521+00:00,3de6e5da-9702-4623-8683-26abd98012a8,525,5,1,0,7,0,1,1,1,1791423040
2026-10-08T01:31:59+00:00,2026-10-08T01:33:22.861521+00:00,2100948177843249670,2100948177843249670,8,5,0,3,0,1,1,1,1791423038
2026-10-08T01:31:59+00:00,2026-10-08T01:33:22.861521+00:00,fbb9b58c-2b92-4bcf-8e4c-a982e40d2f39,221,0,0,1,18,0,1,1,1,1791423046
2026-10-08T01:31:59+00:00,2026-10-08T01:33:22.861521+00:00,2248987790637065652,2248987790637065652,12,2,0,0,0,1,1,1,1791423047
2026-10-08T01:31:59+00:00,2026-10-08T01:33:22.861521+00:00,f8348021-0de8-11e7-991c-3863bb43a7d0,39,24,1,0,3,0,1,1,1,1791423043
2026-10-08T01:31:59+00:00,2026-10-08T01:33:22.861521+00:00,1961066392414132348,1961066392414132348,0,0,0,19,0,1,1,1,1791423044
2026-10-08T01:31:59+00:00,2026-10-08T01:33:22.861521+00:00,f8346c01-0de8-11e7-991c-3863bb43a7d0,13,3,3,0,16,0,1,1,1,1791423044
2026-10-08T01:31:59+00:00,2026-10-08T01:33:22.861521+00:00,57caf362-1e8b-46aa-9ee3-82341c405ab0,271,3,1,1,11,0,1,1,1,1791423025
2026-10-08T01:31:59+00:00,2026-10-08T01:33:22.861521+00:00,f8346a3c-0de8-11e7-991c-3863bb43a7d0,10,3,0,2,6,0,1,1,1,1791423026
2026-10-08T01:31:59+00:00,2026-10-08T01:33:22.861521+00:00,25cc602a-152a-4abe-9df8-a131d0a5d94b,235,11,6,0,4,0,1,1,1,1791423024
2026-10-08T01:31:59+00:00,2026-10-08T01:33:22.861521+00:00,1206f5c8-7d1f-4c32-9d65-f3e80186fbde,511,8,5,1,10,0,1,1,1,1791423022
2026-10-08T01:31:59+00:00,2026-10-08T01:33:22.861521+00:00,66763558-7a03-48a9-8665-6b4445b81f48,458,11,7,0,4,0,1,1,1,1791423030
2026-10-08T01:31:59+00:00,2026-10-08T01:33:22.861521+00:00,3c837bc0-fd08-49c4-adf5-0e9a98e918a7,524,6,0,1,8,0,1,1,1,1791423032
2026-10-08T01:31:59+00:00,2026-10-08T01:33:22.861521+00:00,31382324-2931-491a-827a-40149e45afee,232,5,0,0,6,0,1,1,1,1791423032
2026-10-08T01:31:59+00:00,2026-10-08T01:33:22.861521+00:00,f835141c-0de8-11e7-991c-3863bb43a7d0,178,9,0,2,7,0,1,1,1,1791423006
2026-10-08T01:31:59+00:00,2026-10-08T01:33:22.861521+00:00,a3b94ed8-8301-4ec6-baf2-64ac493b5106,529,1,0,0,13,0,1,1,1,1791423005
2026-10-08T01:31:59+00:00,2026-10-08T01:33:22.861521+00:00,609c2f06-310e-4134-8dd2-3d23aa41487b,609c2f06-310e-4134-8dd2-3d23aa41487b,20,4,1,1,0,1,1,1,1791423009
2026-10-08T01:31:59+00:00,2026-10-08T01:33:22.861521+00:00,dd008e3c-ff17-4c82-abe0-502272a62425,558,2,2,1,14,0,1,1,1,1791423010
2026-10-08T01:31:59+00:00,2026-10-08T01:33:22.861521+00:00,2035765531590062506,2035765531590062506,7,1,3,1,0,1,1,1,1791423008
2026-10-08T01:31:59+00:00,2026-10-08T01:33:22.861521+00:00,a9bc314b-a3fd-46e5-a63b-f005258bba5f,a9bc314b-a3fd-46e5-a63b-f005258bba5f,4,0,0,13,1,1,1,1,1791423012
2026-10-08T01:31:59+00:00,2026-10-08T01:33:22.861521+00:00,8f51f8f1-ecb8-4cd3-8529-296a03140c51,8f51f8f1-ecb8-4cd3-8529-296a03140c51,8,3,0,11,0,1,1,1,1791423012
2026-10-08T01:31:59+00:00,2026-10-08T01:33:22.861521+00:00,2fded452-cbd0-4248-b008-f8a61ed9a85f,2fded452-cbd0-4248-b008-f8a61ed9a85f,3,2,0,12,0,1,1,1,1791423015
2026-10-08T01:31:59+00:00,2026-10-08T01:33:22.861521+00:00,fae99a0c-e88a-4112-94d8-f655cf34e651,fae99a0c-e88a-4112-94d8-f655cf34e651,4,1,2,13,0,1,1,1,1791423038
2026-10-08T01:31:59+00:00,2026-10-08T01:33:22.861521+00:00,f834923d-0de8-11e7-991c-3863bb43a7d0,65,5,0,0,14,0,1,1,1,1791423034
2026-10-08T01:31:59+00:00,2026-10-08T01:33:22.861521+00:00,f834b50a-0de8-11e7-991c-3863bb43a7d0,102,12,2,0,2,0,1,1,1,1791423050
2026-10-08T01:31:59+00:00,2026-10-08T01:33:22.861521+00:00,f8348781-0de8-11e7-991c-3863bb43a7d0,53,9,0,1,9,0,1,1,1,1791423051
2026-10-08T01:31:59+00:00,2026-10-08T01:33:22.861521+00:00,f834a32d-0de8-11e7-991c-3863bb43a7d0,86,17,1,1,7,0,1,1,1,1791423052
2026-10-08T01:31:59+00:00,2026-10-08T01:33:22.861521+00:00,f1cafe36-f800-41f6-b74d-73953cb6394c,471,2,1,0,25,0,1,1,1,1791423052
2026-10-08T01:31:59+00:00,2026-10-08T01:33:22.861521+00:00,8b703219-1e16-4ba1-9f46-2b7030c7849a,360,3,2,2,10,0,1,1,1,1791423052
2026-10-08T01:31:59+00:00,2026-10-08T01:33:22.861521+00:00,910f1452-dbeb-4e69-b226-71b2d7e85715,910f1452-dbeb-4e69-b226-71b2d7e85715,8,8,0,2,0,1,1,1,1791423052
2026-10-08T01:31:59+00:00,2026-10-08T01:33:22.861521+00:00,e3f5d039-a49e-4b3b-ab4d-4efbef2068c6,e3f5d039-a49e-4b3b-ab4d-4efbef2068c6,15,3,1,6,0,1,1,1,1791423053
2026-10-08T01:31:59+00:00,2026-10-08T01:33:22.861521+00:00,f834fda2-0de8-11e7-991c-3863bb43a7d0,143,6,0,0,17,0,1,1,1,1791422977
2026-10-08T01:31:59+00:00,2026-10-08T01:33:22.861521+00:00,dd8dee9d-d044-41d6-9371-8463cf9c671b,526,6,3,0,8,1,1,1,1,1791422980
2026-10-08T01:31:59+00:00,2026-10-08T01:33:22.861521+00:00,2115804056935012722,2115804056935012722,0,0,0,18,0,1,1,1,1791422979
2026-10-08T01:31:59+00:00,2026-10-08T01:33:22.861521+00:00,3a6d94a7-9fee-41c5-b8cc-a8487c5e691b,549,22,0,0,1,0,1,1,1,1791422979
2026-10-08T01:31:59+00:00,2026-10-08T01:33:22.861521+00:00,2074236051937964826,2074236051937964826,14,0,0,1,1,1,1,1,1791422953
2026-10-08T01:31:59+00:00,2026-10-08T01:33:22.861521+00:00,3b158c7a-a362-43ae-af1f-121b78be32d7,483,6,2,1,10,0,1,1,1,1791422983
2026-10-08T01:31:59+00:00,2026-10-08T01:33:22.861521+00:00,68323451-daf0-4532-a6cb-b070e3ef358f,68323451-daf0-4532-a6cb-b070e3ef358f,2,0,0,17,0,1,1,1,1791422991
2026-10-08T01:31:59+00:00,2026-10-08T01:33:22.861521+00:00,f8352150-0de8-11e7-991c-3863bb43a7d0,196,2,2,0,8,0,1,1,1,1791422992
2026-10-08T01:31:59+00:00,2026-10-08T01:33:22.861521+00:00,a9d13461-7f0f-47b0-9a97-8ec9e9792865,533,15,0,1,3,0,1,1,1,1791422994
2026-10-08T01:31:59+00:00,2026-10-08T01:33:22.861521+00:00,2079440939380771716,2079440939380771716,1,1,1,9,0,1,1,1,1791422989
2026-10-08T01:31:59+00:00,2026-10-08T01:33:22.861521+00:00,f8349672-0de8-11e7-991c-3863bb43a7d0,72,0,0,0,23,0,1,1,1,1791422989
2026-10-08T01:31:59+00:00,2026-10-08T01:33:22.861521+00:00,f4a64c30-b97f-4ae5-b531-a11698b558d7,562,6,2,0,3,0,1,1,1,1791422990
2026-10-08T01:31:59+00:00,2026-10-08T01:33:22.861521+00:00,af066ffd-b892-434f-8532-1982fc408780,480,6,0,0,5,0,1,1,1,1791423058
2026-10-08T01:31:59+00:00,2026-10-08T01:33:22.861521+00:00,f8352c1a-0de8-11e7-991c-3863bb43a7d0,216,7,2,2,10,0,1,1,1,1791423054
2026-10-08T01:31:59+00:00,2026-10-08T01:33:22.861521+00:00,2120986392451359068,2120986392451359068,7,0,0,12,0,1,1,1,1791423054
2026-10-08T01:31:59+00:00,2026-10-08T01:33:22.861521+00:00,13681246-4bf8-444a-a908-fa165e4ad298,329,11,1,2,2,0,1,1,1,1791423059
2026-10-08T01:31:59+00:00,2026-10-08T01:33:22.861521+00:00,b5894555-30a3-46db-918a-fdeb083d6001,336,11,6,1,3,0,1,1,1,1791423062
2026-10-08T01:31:59+00:00,2026-10-08T01:33:22.861521+00:00,f8353277-0de8-11e7-991c-3863bb43a7d0,218,0,0,0,15,0,1,1,1,1791423060
2026-10-08T01:31:59+00:00,2026-10-08T01:33:22.861521+00:00,f834d064-0de8-11e7-991c-3863bb43a7d0,118,6,0,0,13,0,1,1,1,1791423061
2026-10-08T01:31:59+00:00,2026-10-08T01:33:22.861521+00:00,f835027c-0de8-11e7-991c-3863bb43a7d0,152,9,0,0,18,0,1,1,1,1791423067
2026-10-08T01:31:59+00:00,2026-10-08T01:33:22.861521+00:00,be7e7068-b85f-42c1-8ea1-e1d64e531323,be7e7068-b85f-42c1-8ea1-e1d64e531323,10,5,0,5,0,1,1,1,1791423064
2026-10-08T01:31:59+00:00,2026-10-08T01:33:22.861521+00:00,f83514f9-0de8-11e7-991c-3863bb43a7d0,180,9,0,1,9,0,1,1,1,1791423064
2026-10-08T01:31:59+00:00,2026-10-08T01:33:22.861521+00:00,ee0fa23e-a6c2-474d-a6ef-bf581d63f1ae,ee0fa23e-a6c2-474d-a6ef-bf581d63f1ae,4,0,0,7,0,1,1,1,1791423065
2026-10-08T01:31:59+00:00,2026-10-08T01:33:22.861521+00:00,efd724b2-31cb-4aec-b9d9-8ab79271630c,493,9,0,0,8,0,1,1,1,1791423067
2026-10-08T01:31:59+00:00,2026-10-08T01:33:22.861521+00:00,2223046412750968128,2223046412750968128,4,1,0,15,0,1,1,1,1791423067
2026-10-08T01:31:59+00:00,2026-10-08T01:33:22.861521+00:00,f8348924-0de8-11e7-991c-3863bb43a7d0,57,14,0,0,0,0,1,1,1,1791423069
2026-10-08T01:31:59+00:00,2026-10-08T01:33:22.861521+00:00,2012646293885032702,2012646293885032702,15,0,0,9,0,1,1,1,1791423070
2026-10-08T01:31:59+00:00,2026-10-08T01:33:22.861521+00:00,3f4f4ad4-a715-43d5-828f-f8381f26b66a,390,9,0,0,5,1,1,1,1,1791423071
2026-10-08T01:31:59+00:00,2026-10-08T01:33:22.861521+00:00,f834ff5a-0de8-11e7-991c-3863bb43a7d0,145,5,0,1,13,0,1,1,1,1791423072
2026-10-08T01:31:59+00:00,2026-10-08T01:33:22.861521+00:00,f834b652-0de8-11e7-991c-3863bb43a7d0,104,10,3,1,8,0,1,1,1,1791423072
2026-10-08T01:31:59+00:00,2026-10-08T01:33:22.861521+00:00,2131714490587826928,2131714490587826928,11,8,2,3,0,1,1,1,1791423074
2026-10-08T01:31:59+00:00,2026-10-08T01:33:22.861521+00:00,2256120653476329202,2256120653476329202,13,1,0,2,0,1,1,1,1791423074
2026-10-08T01:31:59+00:00,2026-10-08T01:33:22.861521+00:00,2111332861978124760,2111332861978124760,3,1,1,12,0,1,1,1,1791423074
2026-10-08T01:31:59+00:00,2026-10-08T01:33:22.861521+00:00,2113560016964645240,2113560016964645240,8,0,1,10,0,1,1,1,1791423076
2026-10-08T01:31:59+00:00,2026-10-08T01:33:22.861521+00:00,f834db9b-0de8-11e7-991c-3863bb43a7d0,121,14,5,0,3,0,1,1,1,1791423076
2026-10-08T01:31:59+00:00,2026-10-08T01:33:22.861521+00:00,a51b429f-bf06-425a-b3fe-b3155aa6468c,a51b429f-bf06-425a-b3fe-b3155aa6468c,10,2,0,1,0,1,1,1,1791423076
2026-10-08T01:31:59+00:00,2026-10-08T01:33:22.861521+00:00,f8350be5-0de8-11e7-991c-3863bb43a7d0,160,2,1,1,11,0,1,1,1,1791422994
2026-10-08T01:31:59+00:00,2026-10-08T01:33:22.861521+00:00,f8352306-0de8-11e7-991c-3863bb43a7d0,199,8,2,1,6,0,1,1,1,1791423080
2026-10-08T01:31:59+00:00,2026-10-08T01:33:22.861521+00:00,2171110977443594588,2171110977443594588,8,0,1,6,0,1,1,1,1791423080
2026-10-08T01:31:59+00:00,2026-10-08T01:33:22.861521+00:00,dd05a440-f881-410c-a071-864da11c634a,318,0,0,0,19,0,1,1,1,1791423078
2026-10-08T01:31:59+00:00,2026-10-08T01:33:22.861521+00:00,f83487f0-0de8-11e7-991c-3863bb43a7d0,54,2,0,0,13,0,1,1,1,1791423084
2026-10-08T01:31:59+00:00,2026-10-08T01:33:22.861521+00:00,2126939746529359956,2126939746529359956,7,2,0,12,0,1,1,1,1791423080
2026-10-08T01:31:59+00:00,2026-10-08T01:33:22.861521+00:00,f8351e42-0de8-11e7-991c-3863bb43a7d0,189,0,0,1,22,0,1,1,1,1791423082
2026-10-08T01:31:59+00:00,2026-10-08T01:33:22.861521+00:00,f8349de4-0de8-11e7-991c-3863bb43a7d0,80,2,0,0,32,0,1,1,1,1791423081
2026-10-08T01:31:59+00:00,2026-10-08T01:33:22.861521+00:00,1963273678015717438,1963273678015717438,3,1,0,16,0,1,1,1,1791423087
2026-10-08T01:31:59+00:00,2026-10-08T01:33:22.861521+00:00,f8349d6e-0de8-11e7-991c-3863bb43a7d0,79,16,2,0,2,0,1,1,1,1791423087
2026-10-08T01:31:59+00:00,2026-10-08T01:33:22.861521+00:00,f834fb66-0de8-11e7-991c-3863bb43a7d0,139,17,3,2,0,0,1,1,1,1791423089
2026-10-08T01:31:59+00:00,2026-10-08T01:33:22.861521+00:00,c935cfb1-ef73-402e-9b86-83aaaac6534d,478,4,0,1,14,0,1,1,1,1791423089
2026-10-08T01:31:59+00:00,2026-10-08T01:33:22.861521+00:00,ee18dbd6-05b8-4d38-a120-f84c3499a77e,519,4,0,0,7,0,1,1,1,1791423083
2026-10-08T01:31:59+00:00,2026-10-08T01:33:22.861521+00:00,2080157934789007958,2080157934789007958,16,2,2,1,0,1,1,1,1791423092
2026-10-08T01:31:59+00:00,2026-10-08T01:33:22.861521+00:00,f835259f-0de8-11e7-991c-3863bb43a7d0,205,3,2,1,11,0,1,1,1,1791423092
2026-10-08T01:31:59+00:00,2026-10-08T01:33:22.861521+00:00,f8350c56-0de8-11e7-991c-3863bb43a7d0,161,19,3,1,3,0,1,1,1,1791423092
2026-10-08T01:31:59+00:00,2026-10-08T01:33:22.861521+00:00,3dbbb3cb-b52d-46f8-8f9c-db11e83d081c,327,10,6,0,5,0,1,1,1,1791423092
2026-10-08T01:31:59+00:00,2026-10-08T01:33:22.861521+00:00,634b697d-0e64-4102-8849-abac7a7f8e35,455,5,1,0,7,0,1,1,1,1791423093
2026-10-08T01:31:59+00:00,2026-10-08T01:33:22.861521+00:00,2136546016037880534,2136546016037880534,4,1,0,11,0,1,1,1,1791423086
2026-10-08T01:31:59+00:00,2026-10-08T01:33:22.861521+00:00,f83472d3-0de8-11e7-991c-3863bb43a7d0,25,14,1,0,0,0,1,1,1,1791423085
2026-10-08T01:31:59+00:00,2026-10-08T01:33:22.861521+00:00,1994461916590643872,1994461916590643872,10,2,1,0,0,1,1,1,1791423089
2026-10-08T01:31:59+00:00,2026-10-08T01:33:22.861521+00:00,f8351ff1-0de8-11e7-991c-3863bb43a7d0,193,10,2,1,4,0,1,1,1,1791423090
2026-10-08T01:31:59+00:00,2026-10-08T01:33:22.861521+00:00,2071724371800490690,2071724371800490690,10,2,0,10,0,1,1,1,1791423094
2026-10-08T01:31:59+00:00,2026-10-08T01:33:22.861521+00:00,2124668538068359456,2124668538068359456,8,0,0,11,0,1,1,1,1791423096
2026-10-08T01:31:59+00:00,2026-10-08T01:33:22.861521+00:00,4caf6e93-ddd7-4b6f-9e61-f9df1206ac92,4caf6e93-ddd7-4b6f-9e61-f9df1206ac92,13,10,0,6,0,1,1,1,1791423096
2026-10-08T01:31:59+00:00,2026-10-08T01:33:22.861521+00:00,082262bd-086b-46c7-83ce-eed2b39142ff,416,3,1,0,12,0,1,1,1,1791423095
2026-10-08T01:31:59+00:00,2026-10-08T01:33:22.861521+00:00,1e3beeb4-f8e1-452c-93e5-48df78d4b313,334,12,5,0,6,0,1,1,1,1791423096
2026-10-08T01:31:59+00:00,2026-10-08T01:33:22.861521+00:00,0bc49982-74e9-4bbf-9991-e3d809d6319e,530,12,6,0,7,0,1,1,1,1791423096
2026-10-08T01:31:59+00:00,2026-10-08T01:33:22.861521+00:00,2004828637786472956,2004828637786472956,11,2,0,8,0,1,1,1,1791423097
2026-10-08T01:31:59+00:00,2026-10-08T01:33:22.861521+00:00,dc770287-c70c-43ea-a635-39f3dc6b09cd,dc770287-c70c-43ea-a635-39f3dc6b09cd,10,4,0,1,0,1,1,1,1791423096
2026-10-08T01:31:59+00:00,2026-10-08T01:33:22.861521+00:00,0cb6d635-6a7d-4d75-89b4-36b12616be12,432,9,5,0,10,0,1,1,1,1791423097
2026-10-08T01:31:59+00:00,2026-10-08T01:33:22.861521+00:00,a439fff7-8630-464c-b277-efca6f6bc664,531,11,3,2,0,0,1,1,1,1791423098
2026-10-08T01:31:59+00:00,2026-10-08T01:33:22.861521+00:00,f8352a4d-0de8-11e7-991c-3863bb43a7d0,212,14,0,2,16,0,1,1,1,1791423098
2026-10-08T01:31:59+00:00,2026-10-08T01:33:22.861521+00:00,4764641e-b080-4c70-a1e1-049de81e09d0,273,26,4,3,12,0,1,1,1,1791423097
2026-10-08T01:31:59+00:00,2026-10-08T01:33:22.861521+00:00,2220822464984366036,2220822464984366036,5,2,0,7,0,1,1,1,1791422928
2026-10-08T01:31:59+00:00,2026-10-08T01:33:22.861521+00:00,f83512c9-0de8-11e7-991c-3863bb43a7d0,175,9,2,1,7,0,1,1,1,1791422996
2026-10-08T01:31:59+00:00,2026-10-08T01:33:22.861521+00:00,2104f242-2dde-4ec0-8197-4454b1021ac1,381,15,0,1,7,1,1,1,1,1791422997
2026-10-08T01:31:59+00:00,2026-10-08T01:33:22.861521+00:00,1942556871369959976,1942556871369959976,13,5,0,6,0,1,1,1,1791423001
2026-10-08T01:31:59+00:00,2026-10-08T01:33:22.861521+00:00,2035660824473983142,2035660824473983142,7,0,0,11,1,1,1,1,1791423002
2026-10-08T01:31:59+00:00,2026-10-08T01:33:22.861521+00:00,47c44bb1-d065-41f5-ad79-c18aee60af34,342,7,0,0,8,0,1,1,1,1791423004
2026-10-08T01:31:59+00:00,2026-10-08T01:33:22.861521+00:00,2254164250455119196,2254164250455119196,6,6,0,9,0,1,1,1,1791422962
2026-10-08T01:31:59+00:00,2026-10-08T01:33:22.861521+00:00,9f582e05-15e0-4a39-aef5-c719e0c78e26,466,2,1,2,7,0,1,1,1,1791422991
2026-10-08T01:31:59+00:00,2026-10-08T01:33:22.861521+00:00,f834dedf-0de8-11e7-991c-3863bb43a7d0,124,7,3,1,6,0,1,1,1,1791422989
2026-10-08T01:31:59+00:00,2026-10-08T01:33:22.861521+00:00,f0f01d4c-ba4a-4ab2-9cc0-9fa1f9223300,394,4,1,0,10,0,1,1,1,1791422992
2026-10-08T01:31:59+00:00,2026-10-08T01:33:22.861521+00:00,c23a4c0d-7e43-4042-80e2-7c894d07763b,559,5,1,0,6,0,1,1,1,1791422990
2026-10-08T01:31:59+00:00,2026-10-08T01:33:22.861521+00:00,6e340d8e-45db-4fd9-b6eb-b74ec73b0d3e,535,5,1,3,7,0,1,1,1,1791423056
2026-10-08T01:31:59+00:00,2026-10-08T01:33:22.861521+00:00,81bfc33b-30d8-4881-b261-712715a8b2bc,363,11,0,0,6,1,1,1,1,1791423058
2026-10-08T01:31:59+00:00,2026-10-08T01:33:22.861521+00:00,9340e113-e0b2-48ac-b58a-8b6f001b0a94,486,4,1,0,7,0,1,1,1,1791423055
2026-10-08T01:31:59+00:00,2026-10-08T01:33:22.861521+00:00,4c128753-6fde-4d4c-896e-a1adf89ada98,4c128753-6fde-4d4c-896e-a1adf89ada98,2,1,2,20,1,1,1,1,1791423054
2026-10-08T01:31:59+00:00,2026-10-08T01:33:22.861521+00:00,5f8ced09-665c-41e5-b67e-1e58fac21830,521,1,1,0,10,0,1,1,1,1791423054
2026-10-08T01:31:59+00:00,2026-10-08T01:33:22.861521+00:00,f8352068-0de8-11e7-991c-3863bb43a7d0,194,12,3,0,7,0,1,1,1,1791423055
2026-10-08T01:31:59+00:00,2026-10-08T01:33:22.861521+00:00,f8350204-0de8-11e7-991c-3863bb43a7d0,151,0,0,0,19,0,1,1,1,1791423067
2026-10-08T01:31:59+00:00,2026-10-08T01:33:22.861521+00:00,f834ea45-0de8-11e7-991c-3863bb43a7d0,130,8,2,1,6,0,1,1,1,1791423067
2026-10-08T01:31:59+00:00,2026-10-08T01:33:22.861521+00:00,f834a7d1-0de8-11e7-991c-3863bb43a7d0,91,0,0,1,18,0,1,1,1,1791423067
2026-10-08T01:31:59+00:00,2026-10-08T01:33:22.861521+00:00,bd3d4824-7203-4edc-a314-cea2b413e886,319,9,1,0,17,1,1,1,1,1791423067
2026-10-08T01:31:59+00:00,2026-10-08T01:33:22.861521+00:00,1989983491501558234,1989983491501558234,1,0,0,10,0,1,1,1,1791423064
2026-10-08T01:31:59+00:00,2026-10-08T01:33:22.861521+00:00,f835260c-0de8-11e7-991c-3863bb43a7d0,206,5,0,0,35,0,1,1,1,1791423070
2026-10-08T01:31:59+00:00,2026-10-08T01:33:22.861521+00:00,c5017e67-cada-4549-a52e-0f13dddd289d,424,5,2,0,14,0,1,1,1,1791423068
2026-10-08T01:31:59+00:00,2026-10-08T01:33:22.861521+00:00,186accbb-6a08-4e1d-b267-9033c4443a56,401,9,1,0,6,0,1,1,1,1791423069
2026-10-08T01:31:59+00:00,2026-10-08T01:33:22.861521+00:00,00802fe6-4268-4dc8-8f55-0dbbc1665ce6,515,13,1,0,6,0,1,1,1,1791423062
2026-10-08T01:31:59+00:00,2026-10-08T01:33:22.861521+00:00,9c8366d8-3b58-4894-b281-09e22f6fe5f7,464,11,4,0,0,0,1,1,1,1791423063
2026-10-08T01:31:59+00:00,2026-10-08T01:33:22.861521+00:00,be18593a-9e4c-4a13-8bb2-a5bac3d9b2b3,547,11,3,0,7,0,1,1,1,1791423060
2026-10-08T01:31:59+00:00,2026-10-08T01:33:22.861521+00:00,12141b77-6e5f-444b-bace-2abf16db4fee,12141b77-6e5f-444b-bace-2abf16db4fee,9,5,0,2,0,1,1,1,1791423059
2026-10-08T01:31:59+00:00,2026-10-08T01:33:22.861521+00:00,f834ab92-0de8-11e7-991c-3863bb43a7d0,95,12,0,0,3,0,1,1,1,1791423062
2026-10-08T01:31:59+00:00,2026-10-08T01:33:22.861521+00:00,228b8017-e4da-4722-9223-b8279a14b8ad,448,0,0,0,10,0,1,1,1,1791423077
2026-10-08T01:31:59+00:00,2026-10-08T01:33:22.861521+00:00,c202f2ca-ec1d-4dc5-a734-e0a342f23ba4,279,22,5,1,0,0,1,1,1,1791423077
2026-10-08T01:31:59+00:00,2026-10-08T01:33:22.861521+00:00,f83480a9-0de8-11e7-991c-3863bb43a7d0,40,26,1,0,5,0,1,1,1,1791423072
2026-10-08T01:31:59+00:00,2026-10-08T01:33:22.861521+00:00,2d32e355-faee-407b-9bb7-45d80ffb059a,2d32e355-faee-407b-9bb7-45d80ffb059a,0,0,0,19,0,1,1,1,1791423072
2026-10-08T01:31:59+00:00,2026-10-08T01:33:22.861521+00:00,f834824e-0de8-11e7-991c-3863bb43a7d0,43,0,0,0,15,0,1,1,1,1791423051
2026-10-08T01:31:59+00:00,2026-10-08T01:33:22.861521+00:00,1a39ab83-f029-4134-aad4-35380b30bf2c,1a39ab83-f029-4134-aad4-35380b30bf2c,3,0,0,16,0,1,1,1,1791423073
2026-10-08T01:31:59+00:00,2026-10-08T01:33:22.861521+00:00,f835108b-0de8-11e7-991c-3863bb43a7d0,170,1,0,0,13,0,1,1,1,1791423073
2026-10-08T01:31:59+00:00,2026-10-08T01:33:22.861521+00:00,42886366-9cbf-432c-ba84-beef38877c87,408,14,4,1,0,0,1,1,1,1791423075
2026-10-08T01:31:59+00:00,2026-10-08T01:33:22.861521+00:00,5bbdd12f-fec4-4741-9d5d-4a60834c5d02,377,6,2,0,13,0,1,1,1,1791423074
2026-10-08T01:31:59+00:00,2026-10-08T01:33:22.861521+00:00,74cb9bf6-bb53-4c70-88d2-67998b99628c,296,23,10,0,0,0,1,1,1,1791423081
2026-10-08T01:31:59+00:00,2026-10-08T01:33:22.861521+00:00,1676a6f7-c417-48d2-92e8-5ce21995efc3,374,0,0,0,18,0,1,1,1,1791423082
2026-10-08T01:31:59+00:00,2026-10-08T01:33:22.861521+00:00,2245672241002318634,2245672241002318634,6,0,1,11,0,1,1,1,1791423082
2026-10-08T01:31:59+00:00,2026-10-08T01:33:22.861521+00:00,a75d3da1-ce74-447f-8e80-52506a81aff3,a75d3da1-ce74-447f-8e80-52506a81aff3,8,4,0,3,0,1,1,1,1791423080
2026-10-08T01:31:59+00:00,2026-10-08T01:33:22.861521+00:00,ed6c012e-6d6c-41e7-8e01-90749fd67575,546,8,7,0,8,0,1,1,1,1791423080
2026-10-08T01:31:59+00:00,2026-10-08T01:33:22.861521+00:00,f834caf2-0de8-11e7-991c-3863bb43a7d0,114,7,1,0,8,0,1,1,1,1791423080
2026-10-08T01:31:59+00:00,2026-10-08T01:33:22.861521+00:00,f8351dc2-0de8-11e7-991c-3863bb43a7d0,188,12,5,0,3,0,1,1,1,1791423083
2026-10-08T01:31:59+00:00,2026-10-08T01:33:22.861521+00:00,1978882443666915710,1978882443666915710,5,0,0,12,1,1,1,1,1791423033
2026-10-08T01:31:59+00:00,2026-10-08T01:33:22.861521+00:00,e2c306f6-82c7-4d0d-89fd-c9452d2f9ad1,361,11,0,1,31,0,1,1,1,1791423032
2026-10-08T01:31:59+00:00,2026-10-08T01:33:22.861521+00:00,7df1ee28-441e-44c1-8507-8f58946be96b,239,7,1,0,8,0,1,1,1,1791423033
2026-10-08T01:31:59+00:00,2026-10-08T01:33:22.861521+00:00,1976642295079838524,1976642295079838524,8,0,1,2,0,1,1,1,1791423035
2026-10-08T01:31:59+00:00,2026-10-08T01:33:22.861521+00:00,2212663228188806942,2212663228188806942,10,0,1,13,0,1,1,1,1791423034
2026-10-08T01:31:59+00:00,2026-10-08T01:33:22.861521+00:00,fe534b6f-61ad-47d3-b9f6-cdaa128f53a4,395,4,0,2,9,0,1,1,1,1791423033
2026-10-08T01:31:59+00:00,2026-10-08T01:33:22.861521+00:00,f834a838-0de8-11e7-991c-3863bb43a7d0,92,14,0,0,4,0,1,1,1,1791423034
2026-10-08T01:31:59+00:00,2026-10-08T01:33:22.861521+00:00,9e9be067-c6bb-41de-9491-eda69d24d6de,371,10,6,0,8,1,1,1,1,1791423036
2026-10-08T01:31:59+00:00,2026-10-08T01:33:22.861521+00:00,f8346f6f-0de8-11e7-991c-3863bb43a7d0,19,11,2,0,3,0,1,1,1,1791423036
2026-10-08T01:31:59+00:00,2026-10-08T01:33:22.861521+00:00,f8350a84-0de8-11e7-991c-3863bb43a7d0,157,1,1,1,13,0,1,1,1,1791423039
2026-10-08T01:31:59+00:00,2026-10-08T01:33:22.861521+00:00,f8348a68-0de8-11e7-991c-3863bb43a7d0,60,4,0,0,14,0,1,1,1,1791423039
2026-10-08T01:31:59+00:00,2026-10-08T01:33:22.861521+00:00,d1c0b0c2-6e4c-424e-a946-a2a95a711633,422,5,1,0,10,0,1,1,1,1791423037
2026-10-08T01:31:59+00:00,2026-10-08T01:33:22.861521+00:00,f8349e56-0de8-11e7-991c-3863bb43a7d0,81,2,1,0,17,0,1,1,1,1791423039
2026-10-08T01:31:59+00:00,2026-10-08T01:33:22.861521+00:00,8347c34d-68df-404b-ac58-7a387cc3ce4b,414,5,2,0,18,0,1,1,1,1791423042
2026-10-08T01:31:59+00:00,2026-10-08T01:33:22.861521+00:00,f834f8ca-0de8-11e7-991c-3863bb43a7d0,137,17,10,1,1,0,1,1,1,1791423044
2026-10-08T01:31:59+00:00,2026-10-08T01:33:22.861521+00:00,f83471a1-0de8-11e7-991c-3863bb43a7d0,23,3,1,0,21,1,1,1,1,1791423044
2026-10-08T01:31:59+00:00,2026-10-08T01:33:22.861521+00:00,f714390d-6874-43fa-a079-a07f83c79c7b,f714390d-6874-43fa-a079-a07f83c79c7b,5,0,0,6,0,1,1,1,1791423046
2026-10-08T01:31:59+00:00,2026-10-08T01:33:22.861521+00:00,0b0467c1-0c90-4529-a556-fe4d57835bbb,435,12,10,0,2,1,1,1,1,1791423048
2026-10-08T01:31:59+00:00,2026-10-08T01:33:22.861521+00:00,aa556ad4-0092-4687-96c2-8dbc69addb56,485,2,1,2,7,0,1,1,1,1791423046
2026-10-08T01:31:59+00:00,2026-10-08T01:33:22.861521+00:00,eb8824c3-9c84-4fec-8d6f-d537c8ab3beb,349,13,10,0,3,1,1,1,1,1791423050
2026-10-08T01:31:59+00:00,2026-10-08T01:33:22.861521+00:00,f83481c5-0de8-11e7-991c-3863bb43a7d0,42,5,0,0,25,0,1,1,1,1791423050
2026-10-08T01:31:59+00:00,2026-10-08T01:33:22.861521+00:00,53548ba4-ad0a-4d92-8e57-fd5c9f3ad102,399,4,0,0,11,0,1,1,1,1791423052
2026-10-08T01:31:59+00:00,2026-10-08T01:33:22.861521+00:00,f834ec42-0de8-11e7-991c-3863bb43a7d0,131,16,0,1,1,0,1,1,1,1791423052
2026-10-08T01:31:59+00:00,2026-10-08T01:33:22.861521+00:00,2109111257926871498,2109111257926871498,19,5,0,0,0,1,1,1,1791423053
2026-10-08T01:31:59+00:00,2026-10-08T01:33:22.861521+00:00,2014558273483754010,2014558273483754010,15,3,0,4,0,1,1,1,1791423051
2026-10-08T01:31:59+00:00,2026-10-08T01:33:22.861521+00:00,f834b99d-0de8-11e7-991c-3863bb43a7d0,107,0,0,1,18,0,1,1,1,1791423008
2026-10-08T01:31:59+00:00,2026-10-08T01:33:22.861521+00:00,f8347b1e-0de8-11e7-991c-3863bb43a7d0,30,3,1,0,12,0,1,1,1,1791423006
2026-10-08T01:31:59+00:00,2026-10-08T01:33:22.861521+00:00,1921360868231155718,1921360868231155718,2,0,1,16,0,1,1,1,1791423006
2026-10-08T01:31:59+00:00,2026-10-08T01:33:22.861521+00:00,f834ba08-0de8-11e7-991c-3863bb43a7d0,108,0,0,0,16,0,1,1,1,1791423010
2026-10-08T01:31:59+00:00,2026-10-08T01:33:22.861521+00:00,f8285d4f-5053-4e26-bb28-72016fe11353,405,12,0,1,6,0,1,1,1,1791423017
2026-10-08T01:31:59+00:00,2026-10-08T01:33:22.861521+00:00,7feae3ce-ddf2-4a45-a123-1209c8a9182b,484,2,0,0,9,0,1,1,1,1791423018
2026-10-08T01:31:59+00:00,2026-10-08T01:33:22.861521+00:00,4f25f6ef-236b-43b4-8a92-68a24db0504b,4f25f6ef-236b-43b4-8a92-68a24db0504b,12,5,0,2,0,1,1,1,1791423086
2026-10-08T01:31:59+00:00,2026-10-08T01:33:22.861521+00:00,f8351eb0-0de8-11e7-991c-3863bb43a7d0,190,37,5,0,0,0,1,1,1,1791423086
2026-10-08T01:31:59+00:00,2026-10-08T01:33:22.861521+00:00,2118368356250680236,2118368356250680236,1,0,0,15,0,1,1,1,1791423086
2026-10-08T01:31:59+00:00,2026-10-08T01:33:22.861521+00:00,2129865213174084448,2129865213174084448,14,5,0,5,0,1,1,1,1791423086
2026-10-08T01:31:59+00:00,2026-10-08T01:33:22.861521+00:00,2040842277416872172,2040842277416872172,1,0,0,15,0,1,1,1,1791423087
2026-10-08T01:31:59+00:00,2026-10-08T01:33:22.861521+00:00,2076849845777355316,2076849845777355316,22,2,2,5,3,1,1,1,1791423071
2026-10-08T01:31:59+00:00,2026-10-08T01:33:22.861521+00:00,9cc65d3d-cfcc-45ff-8f75-7264556b1cf9,9cc65d3d-cfcc-45ff-8f75-7264556b1cf9,9,2,0,10,0,1,1,1,1791423089
2026-10-08T01:31:59+00:00,2026-10-08T01:33:22.861521+00:00,bd1755dc-f26c-420e-85b3-fd025d0b5445,554,0,0,0,15,0,1,1,1,1791423084
2026-10-08T01:31:59+00:00,2026-10-08T01:33:22.861521+00:00,2212258635631104970,2212258635631104970,3,0,1,19,0,1,1,1,1791423086
2026-10-08T01:31:59+00:00,2026-10-08T01:33:22.861521+00:00,eee3aab6-bd98-4d1f-8887-9c4e2adce482,eee3aab6-bd98-4d1f-8887-9c4e2adce482,10,4,1,0,0,1,1,1,1791423084
2026-10-08T01:31:59+00:00,2026-10-08T01:33:22.861521+00:00,f834fc57-0de8-11e7-991c-3863bb43a7d0,140,14,2,0,3,0,1,1,1,1791423088
2026-10-08T01:31:59+00:00,2026-10-08T01:33:22.861521+00:00,2098360140389493528,2098360140389493528,6,5,3,2,0,1,1,1,1791423088
2026-10-08T01:31:59+00:00,2026-10-08T01:33:22.861521+00:00,c1789d39-705f-4c03-9c14-4d6a3a4f4400,561,4,0,0,15,0,1,1,1,1791423088
2026-10-08T01:31:59+00:00,2026-10-08T01:33:22.861521+00:00,2151136782588526782,2151136782588526782,4,1,0,7,0,1,1,1,1791423087
2026-10-08T01:31:59+00:00,2026-10-08T01:33:22.861521+00:00,4fe8e777-345b-4fc2-a684-dd874e8186d8,4fe8e777-345b-4fc2-a684-dd874e8186d8,0,0,8,0,7,1,1,1,1791423087
2026-10-08T01:31:59+00:00,2026-10-08T01:33:22.861521+00:00,f8352378-0de8-11e7-991c-3863bb43a7d0,200,10,1,0,9,0,1,1,1,1791423093
2026-10-08T01:31:59+00:00,2026-10-08T01:33:22.861521+00:00,52485851-e554-49de-ab9f-f536806d2d34,52485851-e554-49de-ab9f-f536806d2d34,4,4,0,6,0,1,1,1,1791423093
2026-10-08T01:31:59+00:00,2026-10-08T01:33:22.861521+00:00,fe6a64e7-c712-404c-85ae-ee77a37245b1,355,6,1,1,10,0,1,1,1,1791423093
2026-10-08T01:31:59+00:00,2026-10-08T01:33:22.861521+00:00,2131760674371160748,2131760674371160748,0,0,1,19,0,1,1,1,1791423092
2026-10-08T01:31:59+00:00,2026-10-08T01:33:22.861521+00:00,2002579415401984808,2002579415401984808,6,2,0,5,0,1,1,1,1791423090
2026-10-08T01:31:59+00:00,2026-10-08T01:33:22.861521+00:00,2002248857751890568,2002248857751890568,9,6,1,1,0,1,1,1,1791423091
2026-10-08T01:31:59+00:00,2026-10-08T01:33:22.861521+00:00,2249419943962214726,2249419943962214726,8,3,0,11,0,1,1,1,1791423091
2026-10-08T01:31:59+00:00,2026-10-08T01:33:22.861521+00:00,f8349ed6-0de8-11e7-991c-3863bb43a7d0,82,18,5,1,6,0,1,1,1,1791423091
2026-10-08T01:31:59+00:00,2026-10-08T01:33:22.861521+00:00,a83f982f-a4f1-43e4-98e8-c8f4a0bb7290,452,13,0,1,1,0,1,1,1,1791423092
2026-10-08T01:31:59+00:00,2026-10-08T01:33:22.861521+00:00,065e0e5d-8a0d-49b7-9c1f-c8eaba51a8b4,490,12,4,1,5,0,1,1,1,1791423089
2026-10-08T01:31:59+00:00,2026-10-08T01:33:22.861521+00:00,2093488029445054742,2093488029445054742,1,1,0,27,0,1,1,1,1791423089
2026-10-08T01:31:59+00:00,2026-10-08T01:33:22.861521+00:00,13d4171b-6d93-490e-923f-f2a17d5c7613,13d4171b-6d93-490e-923f-f2a17d5c7613,3,1,0,8,0,1,1,1,1791423089
2026-10-08T01:31:59+00:00,2026-10-08T01:33:22.861521+00:00,f834658f-0de8-11e7-991c-3863bb43a7d0,4,15,1,0,4,0,1,1,1,1791423090
2026-10-08T01:31:59+00:00,2026-10-08T01:33:22.861521+00:00,f83489ff-0de8-11e7-991c-3863bb43a7d0,59,0,0,0,18,1,1,1,1,1791422980
2026-10-08T01:31:59+00:00,2026-10-08T01:33:22.861521+00:00,2096125468116637776,2096125468116637776,15,0,0,0,0,1,1,1,1791422982
2026-10-08T01:31:59+00:00,2026-10-08T01:33:22.861521+00:00,2267959380696438832,2267959380696438832,7,0,0,4,0,1,1,1,1791422986
2026-10-08T01:31:59+00:00,2026-10-08T01:33:22.861521+00:00,f834fede-0de8-11e7-991c-3863bb43a7d0,144,6,0,0,13,0,1,1,1,1791422985
2026-10-08T01:31:59+00:00,2026-10-08T01:33:22.861521+00:00,2071630998981871920,2071630998981871920,12,4,1,7,0,1,1,1,1791423014
2026-10-08T01:31:59+00:00,2026-10-08T01:33:22.861521+00:00,2123672938202825324,2123672938202825324,13,0,0,2,0,1,1,1,1791423013
2026-10-08T01:31:59+00:00,2026-10-08T01:33:22.861521+00:00,81676204-e42f-4d3d-991e-9c1264f36229,357,15,1,0,0,0,1,1,1,1791423014
2026-10-08T01:31:59+00:00,2026-10-08T01:33:22.861521+00:00,f834a3a0-0de8-11e7-991c-3863bb43a7d0,87,14,3,0,1,0,1,1,1,1791423016
2026-10-08T01:31:59+00:00,2026-10-08T01:33:22.861521+00:00,93381e13-cd04-4e10-ac81-9f5926aa01d5,333,7,1,1,17,0,1,1,1,1791423012
2026-10-08T01:31:59+00:00,2026-10-08T01:33:22.861521+00:00,2225590560002383786,2225590560002383786,1,1,0,14,0,1,1,1,1791423017
2026-10-08T01:31:59+00:00,2026-10-08T01:33:22.861521+00:00,f83529e2-0de8-11e7-991c-3863bb43a7d0,211,9,1,1,5,0,1,1,1,1791423012
2026-10-08T01:31:59+00:00,2026-10-08T01:33:22.861521+00:00,0daf7408-7a15-4d2b-8c39-f1a097cdbe85,403,15,2,0,0,0,1,1,1,1791423024
2026-10-08T01:31:59+00:00,2026-10-08T01:33:22.861521+00:00,12d463d2-ce50-43bd-81b1-6be4dbdbbc1b,430,13,4,0,6,0,1,1,1,1791423024
2026-10-08T01:31:59+00:00,2026-10-08T01:33:22.861521+00:00,f83515d8-0de8-11e7-991c-3863bb43a7d0,182,15,0,0,4,0,1,1,1,1791423022
2026-10-08T01:31:59+00:00,2026-10-08T01:33:22.861521+00:00,2130224177726511580,2130224177726511580,7,0,0,8,0,1,1,1,1791423022
2026-10-08T01:31:59+00:00,2026-10-08T01:33:22.861521+00:00,7c860828-3359-4229-b59b-963f5a4bab00,236,8,0,3,1,0,1,1,1,1791423029
2026-10-08T01:31:59+00:00,2026-10-08T01:33:22.861521+00:00,2007420398783036020,2007420398783036020,7,1,0,13,0,1,1,1,1791423027
2026-10-08T01:31:59+00:00,2026-10-08T01:33:22.861521+00:00,f8351490-0de8-11e7-991c-3863bb43a7d0,179,19,1,4,29,1,1,1,1,1791423029
2026-10-08T01:31:59+00:00,2026-10-08T01:33:22.861521+00:00,f8352ac4-0de8-11e7-991c-3863bb43a7d0,213,5,0,3,6,0,1,1,1,1791423028
2026-10-08T01:31:59+00:00,2026-10-08T01:33:22.861521+00:00,403c0f6c-d01a-4171-a7be-3aa4dbb0d7d1,407,6,4,2,10,0,1,1,1,1791423089
2026-10-08T01:31:59+00:00,2026-10-08T01:33:22.861521+00:00,f83520d8-0de8-11e7-991c-3863bb43a7d0,195,0,0,0,23,0,1,1,1,1791423090
2026-10-08T01:31:59+00:00,2026-10-08T01:33:22.861521+00:00,f83483f3-0de8-11e7-991c-3863bb43a7d0,46,0,0,1,38,0,1,1,1,1791423092
2026-10-08T01:31:59+00:00,2026-10-08T01:33:22.861521+00:00,e32c0bb9-e85b-4764-b0fb-5c582cfd3a90,340,14,8,1,2,1,1,1,1,1791423093
2026-10-08T01:31:59+00:00,2026-10-08T01:33:22.861521+00:00,2271594282663217386,2271594282663217386,3,3,0,8,0,1,1,1,1791423040
2026-10-08T01:31:59+00:00,2026-10-08T01:33:22.861521+00:00,ca76adb6-4c84-4484-9ec3-b411b81ddbef,ca76adb6-4c84-4484-9ec3-b411b81ddbef,4,0,2,13,0,1,1,1,1791423095
2026-10-08T01:31:59+00:00,2026-10-08T01:33:22.861521+00:00,f834dc46-0de8-11e7-991c-3863bb43a7d0,122,9,1,0,6,0,1,1,1,1791423094
2026-10-08T01:31:59+00:00,2026-10-08T01:33:22.861521+00:00,2038981933682610536,2038981933682610536,8,2,0,8,0,1,1,1,1791423097
2026-10-08T01:31:59+00:00,2026-10-08T01:33:22.861521+00:00,f8351726-0de8-11e7-991c-3863bb43a7d0,185,0,0,1,14,0,1,1,1,1791423096
2026-10-08T01:31:59+00:00,2026-10-08T01:33:22.861521+00:00,ad2fb6f2-921f-440c-83de-08be76e35c2a,468,2,0,1,11,0,1,1,1,1791423097
2026-10-08T01:31:59+00:00,2026-10-08T01:33:22.861521+00:00,a3bf0bfe-198b-4160-a2fb-cc7d10cfb4cf,a3bf0bfe-198b-4160-a2fb-cc7d10cfb4cf,19,7,0,0,0,1,1,1,1791423098
2026-10-08T01:31:59+00:00,2026-10-08T01:33:22.861521+00:00,1df03e33-c105-4e53-b013-d20056cd57f8,1df03e33-c105-4e53-b013-d20056cd57f8,0,0,0,0,0,0,0,0,86400
2026-10-08T01:31:59+00:00,2026-10-08T01:33:22.861521+00:00,6aebc664-1e3c-479f-8f65-2bae99215ed3,6aebc664-1e3c-479f-8f65-2bae99215ed3,6,4,0,5,0,1,1,1,1791423033
2026-10-08T01:31:59+00:00,2026-10-08T01:33:22.861521+00:00,f8346d23-0de8-11e7-991c-3863bb43a7d0,15,7,0,0,8,0,1,1,1,1791423031
2026-10-08T01:31:59+00:00,2026-10-08T01:33:22.861521+00:00,2090158541932726550,2090158541932726550,7,0,0,8,0,1,1,1,1791423028
2026-10-08T01:31:59+00:00,2026-10-08T01:33:22.861521+00:00,f83511d4-0de8-11e7-991c-3863bb43a7d0,173,8,0,0,5,1,1,1,1,1791423047
2026-10-08T01:31:59+00:00,2026-10-08T01:33:22.861521+00:00,61168d8b-20b7-46c8-8f08-6ae1f100c4e0,550,2,1,0,15,0,1,1,1,1791423047
2026-10-08T01:31:59+00:00,2026-10-08T01:33:22.861521+00:00,fbc512a5-4b98-4821-bcfb-bb0c7ac83543,365,0,0,0,19,0,1,1,1,1791423047
2026-10-08T01:31:59+00:00,2026-10-08T01:33:22.861521+00:00,d22265a8-a6d7-4922-a6b5-4be738a9e5c4,392,4,1,0,11,0,1,1,1,1791423042
2026-10-08T01:31:59+00:00,2026-10-08T01:33:22.861521+00:00,8983c75a-12c1-4995-aedc-24c94bd895e3,384,1,0,0,18,0,1,1,1,1791423042
2026-10-08T01:31:59+00:00,2026-10-08T01:33:22.861521+00:00,f8350b76-0de8-11e7-991c-3863bb43a7d0,159,3,2,2,14,1,1,1,1,1791423043
2026-10-08T01:31:59+00:00,2026-10-08T01:33:22.861521+00:00,f8352b39-0de8-11e7-991c-3863bb43a7d0,214,4,1,1,8,1,1,1,1,1791423055
2026-10-08T01:31:59+00:00,2026-10-08T01:33:22.861521+00:00,56817d8e-3a1c-431a-a529-1a600f80c364,366,18,3,0,9,0,1,1,1,1791423054
2026-10-08T01:31:59+00:00,2026-10-08T01:33:22.861521+00:00,c5cfd1ed-aa44-4e20-96bb-e334c96f0d68,376,9,1,0,6,0,1,1,1,1791423054
2026-10-08T01:31:59+00:00,2026-10-08T01:33:22.861521+00:00,2069389896750516900,2069389896750516900,2,0,0,18,0,1,1,1,1791423058
2026-10-08T01:31:59+00:00,2026-10-08T01:33:22.861521+00:00,51bb4381-dae4-4aeb-b213-0614b807be29,344,4,3,0,15,0,1,1,1,1791423054
2026-10-08T01:31:59+00:00,2026-10-08T01:33:22.861521+00:00,2141791438824588162,2141791438824588162,15,1,0,4,0,1,1,1,1791423054
2026-10-08T01:31:59+00:00,2026-10-08T01:33:22.861521+00:00,f834662c-0de8-11e7-991c-3863bb43a7d0,5,7,1,0,8,0,1,1,1,1791423054
2026-10-08T01:31:59+00:00,2026-10-08T01:33:22.861521+00:00,f834c7a9-0de8-11e7-991c-3863bb43a7d0,112,12,5,0,3,0,1,1,1,1791423059
2026-10-08T01:31:59+00:00,2026-10-08T01:33:22.861521+00:00,f8347f09-0de8-11e7-991c-3863bb43a7d0,37,2,0,0,13,0,1,1,1,1791423059
2026-10-08T01:31:59+00:00,2026-10-08T01:33:22.861521+00:00,b6a8522d-296d-4c05-887d-842374520780,545,10,10,0,3,1,1,1,1,1791423039
2026-10-08T01:31:59+00:00,2026-10-08T01:33:22.861521+00:00,380de8b2-2728-4e4b-83f1-251bfbb5acf2,487,10,1,0,9,0,1,1,1,1791423037
2026-10-08T01:31:59+00:00,2026-10-08T01:33:22.861521+00:00,868ccc83-99e5-4faf-96eb-e1fae26b9741,481,5,0,0,14,0,1,1,1,1791423037
2026-10-08T01:31:59+00:00,2026-10-08T01:33:22.861521+00:00,f83513a7-0de8-11e7-991c-3863bb43a7d0,177,3,0,0,16,0,1,1,1,1791423037
2026-10-08T01:31:59+00:00,2026-10-08T01:33:22.861521+00:00,a6e0db4f-fc9b-42af-bfe0-36cc0259b717,446,0,0,1,15,0,1,1,1,1791423038
2026-10-08T01:31:59+00:00,2026-10-08T01:33:22.861521+00:00,f8347c41-0de8-11e7-991c-3863bb43a7d0,32,2,0,0,12,0,1,1,1,1791423038
2026-10-08T01:31:59+00:00,2026-10-08T01:33:22.861521+00:00,1cced911-b428-4cfd-81be-3a8f77ce7379,233,7,0,1,7,0,1,1,1,1791423038
2026-10-08T01:31:59+00:00,2026-10-08T01:33:22.861521+00:00,d5349097-b478-4b3f-9c46-d8fbcf38e3f4,509,9,2,0,3,0,1,1,1,1791423041
2026-10-08T01:31:59+00:00,2026-10-08T01:33:22.861521+00:00,2039109354743046934,2039109354743046934,8,0,2,9,1,1,1,1,1791423030
2026-10-08T01:31:59+00:00,2026-10-08T01:33:22.861521+00:00,2085366936904166272,2085366936904166272,11,2,2,2,0,1,1,1,1791423041
2026-10-08T01:31:59+00:00,2026-10-08T01:33:22.861521+00:00,7560f0e3-267b-4fb3-bbfa-6e02010cfcb7,225,14,0,0,5,0,1,1,1,1791423039
2026-10-08T01:31:59+00:00,2026-10-08T01:33:22.861521+00:00,903b9b5d-4244-43e4-8441-0d17f9a994f7,528,1,0,0,10,0,1,1,1,1791423068
2026-10-08T01:31:59+00:00,2026-10-08T01:33:22.861521+00:00,2119105928286481344,2119105928286481344,7,1,0,12,0,1,1,1,1791423068
2026-10-08T01:31:59+00:00,2026-10-08T01:33:22.861521+00:00,f8350ecf-0de8-11e7-991c-3863bb43a7d0,167,11,6,0,4,0,1,1,1,1791423070
2026-10-08T01:31:59+00:00,2026-10-08T01:33:22.861521+00:00,2118728866631796788,2118728866631796788,4,0,0,11,0,1,1,1,1791423045
2026-10-08T01:31:59+00:00,2026-10-08T01:33:22.861521+00:00,f8346ad7-0de8-11e7-991c-3863bb43a7d0,11,1,1,0,14,0,1,1,1,1791423045
2026-10-08T01:31:59+00:00,2026-10-08T01:33:22.861521+00:00,dede6d5f-7d62-496e-a8ca-d5a64afe39c1,544,14,8,1,0,0,1,1,1,1791423061
2026-10-08T01:31:59+00:00,2026-10-08T01:33:22.861521+00:00,d8ce5f8b-2440-45e1-ab1c-23cb3bcbde84,527,5,2,0,8,0,1,1,1,1791423062
2026-10-08T01:31:59+00:00,2026-10-08T01:33:22.861521+00:00,1994466222105870452,1994466222105870452,4,1,2,5,0,1,1,1,1791423060
2026-10-08T01:31:59+00:00,2026-10-08T01:33:22.861521+00:00,25a9114f-66f0-427c-920f-5526ca84f056,346,7,3,0,8,0,1,1,1,1791423070
2026-10-08T01:31:59+00:00,2026-10-08T01:33:22.861521+00:00,f83482d2-0de8-11e7-991c-3863bb43a7d0,44,2,0,0,29,0,1,1,1,1791423071
2026-10-08T01:31:59+00:00,2026-10-08T01:33:22.861521+00:00,1e1b40cd-8e00-4b74-b147-be6b23f5c9e7,385,3,0,0,12,0,1,1,1,1791423050
2026-10-08T01:31:59+00:00,2026-10-08T01:33:22.861521+00:00,f835288a-0de8-11e7-991c-3863bb43a7d0,208,15,1,0,0,0,1,1,1,1791423051
2026-10-08T01:31:59+00:00,2026-10-08T01:33:22.861521+00:00,81323081-749c-44cf-ac62-0e6c64305c32,461,11,1,0,0,0,1,1,1,1791423051
2026-10-08T01:31:59+00:00,2026-10-08T01:33:22.861521+00:00,f8349440-0de8-11e7-991c-3863bb43a7d0,68,0,0,1,17,0,1,1,1,1791423050
2026-10-08T01:31:59+00:00,2026-10-08T01:33:22.861521+00:00,f834abfd-0de8-11e7-991c-3863bb43a7d0,96,9,2,3,7,0,1,1,1,1791423052
2026-10-08T01:31:59+00:00,2026-10-08T01:33:22.861521+00:00,ef6ef93b-488f-496b-afbf-3aedfd967129,517,3,2,0,12,0,1,1,1,1791423048
2026-10-08T01:31:59+00:00,2026-10-08T01:33:22.861521+00:00,f8352ba8-0de8-11e7-991c-3863bb43a7d0,215,1,0,0,14,0,1,1,1,1791423052
2026-10-08T01:31:59+00:00,2026-10-08T01:33:22.861521+00:00,f834723b-0de8-11e7-991c-3863bb43a7d0,24,0,0,1,22,0,1,1,1,1791423048
2026-10-08T01:31:59+00:00,2026-10-08T01:33:22.861521+00:00,5b1d2661-8a93-4f14-b242-ebc52792f951,337,14,1,1,0,0,1,1,1,1791422981
2026-10-08T01:31:59+00:00,2026-10-08T01:33:22.861521+00:00,fe90d430-d33f-48b2-a5cd-bc161b220939,553,4,0,0,19,0,1,1,1,1791422979
2026-10-08T01:31:59+00:00,2026-10-08T01:33:22.861521+00:00,f834f6a3-0de8-11e7-991c-3863bb43a7d0,135,0,0,0,17,0,1,1,1,1791422979
2026-10-08T01:31:59+00:00,2026-10-08T01:33:22.861521+00:00,36f36eed-1070-49be-8b31-5676b8b3489f,227,0,0,0,19,0,1,1,1,1791422980
2026-10-08T01:31:59+00:00,2026-10-08T01:33:22.861521+00:00,ff938129-8179-455c-9ac9-9fcb9fc0b6d5,ff938129-8179-455c-9ac9-9fcb9fc0b6d5,7,3,0,12,0,1,1,1,1791422977
2026-10-08T01:31:59+00:00,2026-10-08T01:33:22.861521+00:00,940638c5-7cd0-4a11-899e-86af3868d400,532,8,2,0,10,0,1,1,1,1791422984
2026-10-08T01:31:59+00:00,2026-10-08T01:33:22.861521+00:00,f83488be-0de8-11e7-991c-3863bb43a7d0,56,5,3,0,13,0,1,1,1,1791422985
2026-10-08T01:31:59+00:00,2026-10-08T01:33:22.861521+00:00,295553ea-851b-4ac2-a094-f9d1208e399a,412,10,1,0,9,0,1,1,1,1791422983
2026-10-08T01:31:59+00:00,2026-10-08T01:33:22.861521+00:00,d7507124-4cab-4063-8445-a59a33a3d6e4,512,6,1,1,12,0,1,1,1,1791422987
2026-10-08T01:31:59+00:00,2026-10-08T01:33:22.861521+00:00,f83517fa-0de8-11e7-991c-3863bb43a7d0,187,7,3,0,8,0,1,1,1,1791423000
2026-10-08T01:31:59+00:00,2026-10-08T01:33:22.861521+00:00,2014865445230483952,2014865445230483952,8,2,0,9,0,1,1,1,1791423011
2026-10-08T01:31:59+00:00,2026-10-08T01:33:22.861521+00:00,f8352219-0de8-11e7-991c-3863bb43a7d0,197,5,4,0,10,0,1,1,1,1791423009
2026-10-08T01:31:59+00:00,2026-10-08T01:33:22.861521+00:00,1963613484180639992,1963613484180639992,17,2,0,2,0,1,1,1,1791423011
2026-10-08T01:31:59+00:00,2026-10-08T01:33:22.861521+00:00,f834b101-0de8-11e7-991c-3863bb43a7d0,97,6,0,1,11,1,1,1,1,1791423017
2026-10-08T01:31:59+00:00,2026-10-08T01:33:22.861521+00:00,2080205593583047424,2080205593583047424,11,0,0,5,0,1,1,1,1791423014
2026-10-08T01:31:59+00:00,2026-10-08T01:33:22.861521+00:00,f8350cc1-0de8-11e7-991c-3863bb43a7d0,162,0,0,0,15,0,1,1,1,1791423017
2026-10-08T01:31:59+00:00,2026-10-08T01:33:22.861521+00:00,8d893519-bc21-4536-b346-f558988bc8ad,260,12,3,0,3,0,1,1,1,1791422997
2026-10-08T01:31:59+00:00,2026-10-08T01:33:22.861521+00:00,2087949096844032050,2087949096844032050,14,3,1,0,0,1,1,1,1791422968
2026-10-08T01:31:59+00:00,2026-10-08T01:33:22.861521+00:00,2043911250700610106,2043911250700610106,0,0,0,15,0,1,1,1,1791422989
2026-10-08T01:31:59+00:00,2026-10-08T01:33:22.861521+00:00,f8352534-0de8-11e7-991c-3863bb43a7d0,204,5,5,0,10,0,1,1,1,1791422992
2026-10-08T01:31:59+00:00,2026-10-08T01:33:22.861521+00:00,8b97606e-a849-4db8-ae9b-4009fe48d90b,556,8,1,0,11,0,1,1,1,1791423004
2026-10-08T01:31:59+00:00,2026-10-08T01:33:22.861521+00:00,ea65c25f-0718-4f79-8588-c58b9fe3a105,226,12,3,0,2,1,1,1,1,1791423003
2026-10-08T01:31:59+00:00,2026-10-08T01:33:22.861521+00:00,f83491d4-0de8-11e7-991c-3863bb43a7d0,64,0,0,1,22,0,1,1,1,1791423005
2026-10-08T01:31:59+00:00,2026-10-08T01:33:22.861521+00:00,b205d2bb-bb76-49ac-8d14-85eec5a874d3,343,8,2,1,6,0,1,1,1,1791423021
2026-10-08T01:31:59+00:00,2026-10-08T01:33:22.861521+00:00,8a404180-7c2e-4dbe-9489-c478ed959282,8a404180-7c2e-4dbe-9489-c478ed959282,0,0,2,17,0,1,1,1,1791423018
2026-10-08T01:31:59+00:00,2026-10-08T01:33:22.861521+00:00,aa964f5b-fadf-4fc1-8c91-84ee36e15f0d,341,15,0,0,0,0,1,1,1,1791423018
2026-10-08T01:31:59+00:00,2026-10-08T01:33:22.861521+00:00,1965873511294959658,1965873511294959658,2,0,0,21,0,1,1,1,1791423020
2026-10-08T01:31:59+00:00,2026-10-08T01:33:22.861521+00:00,9bfa4a32-5598-46ea-a1a1-17b4c6ed9d84,431,10,2,0,5,0,1,1,1,1791423025
2026-10-08T01:31:59+00:00,2026-10-08T01:33:22.861521+00:00,f834708e-0de8-11e7-991c-3863bb43a7d0,21,3,0,1,14,0,1,1,1,1791423025
2026-10-08T01:31:59+00:00,2026-10-08T01:33:22.861521+00:00,2249415127458891992,2249415127458891992,14,0,0,1,0,1,1,1,1791422996
2026-10-08T01:31:59+00:00,2026-10-08T01:33:22.861521+00:00,f2b83aa2-86cd-4904-a099-74bf2023f768,330,8,0,0,7,0,1,1,1,1791423025
2026-10-08T01:31:59+00:00,2026-10-08T01:33:22.861521+00:00,90330e1a-dee5-4914-9d3f-3891aeca12ca,434,11,2,1,7,0,1,1,1,1791423026
2026-10-08T01:31:59+00:00,2026-10-08T01:33:22.861521+00:00,f83497b9-0de8-11e7-991c-3863bb43a7d0,74,0,0,0,19,0,1,1,1,1791423024
2026-10-08T01:31:59+00:00,2026-10-08T01:33:22.861521+00:00,e4678b17-face-42c3-9b5f-98418d31e3b6,e4678b17-face-42c3-9b5f-98418d31e3b6,11,3,0,0,0,1,1,1,1791423027
2026-10-08T01:31:59+00:00,2026-10-08T01:33:22.861521+00:00,1986302395589722758,1986302395589722758,6,0,0,4,0,1,1,1,1791423028
2026-10-08T01:31:59+00:00,2026-10-08T01:33:22.861521+00:00,f8346803-0de8-11e7-991c-3863bb43a7d0,8,11,1,0,8,0,1,1,1,1791423063
2026-10-08T01:31:59+00:00,2026-10-08T01:33:22.861521+00:00,7f68a70d-af0e-450a-b7a8-ce621cd0c8c1,280,14,5,0,5,0,1,1,1,1791423066
2026-10-08T01:31:59+00:00,2026-10-08T01:33:22.861521+00:00,2027502297316997708,2027502297316997708,9,3,0,2,0,1,1,1,1791423066
2026-10-08T01:31:59+00:00,2026-10-08T01:33:22.861521+00:00,270ad97d-035d-472a-9827-76d3187afc56,402,14,4,1,0,0,1,1,1,1791423067
2026-10-08T01:31:59+00:00,2026-10-08T01:33:22.861521+00:00,f834cfd8-0de8-11e7-991c-3863bb43a7d0,117,0,0,4,11,1,1,1,1,1791423066
2026-10-08T01:31:59+00:00,2026-10-08T01:33:22.861521+00:00,2227858849424910006,2227858849424910006,7,0,0,1,0,1,1,1,1791422953
2026-10-08T01:31:59+00:00,2026-10-08T01:33:22.861521+00:00,2110984374959099994,2110984374959099994,7,2,0,13,0,1,1,1,1791423030
2026-10-08T01:31:59+00:00,2026-10-08T01:33:22.861521+00:00,1a661bb7-7d14-49e9-ac3d-22bafec8a2f0,507,6,2,1,4,0,1,1,1,1791423031
2026-10-08T01:31:59+00:00,2026-10-08T01:33:22.861521+00:00,ccf82572-a142-4378-9a4b-5a51fcb4ef81,350,5,1,0,12,0,1,1,1,1791423076
2026-10-08T01:31:59+00:00,2026-10-08T01:33:22.861521+00:00,1991922092203192944,1991922092203192944,1,0,1,17,0,1,1,1,1791423076
2026-10-08T01:31:59+00:00,2026-10-08T01:33:22.861521+00:00,f834a8a0-0de8-11e7-991c-3863bb43a7d0,93,11,0,1,19,0,1,1,1,1791423074
2026-10-08T01:31:59+00:00,2026-10-08T01:33:22.861521+00:00,48abed77-c9ba-4a39-8a5c-6a1e9bb8a9a5,48abed77-c9ba-4a39-8a5c-6a1e9bb8a9a5,15,4,1,0,0,1,1,1,1791423074
2026-10-08T01:31:59+00:00,2026-10-08T01:33:22.861521+00:00,f8351f1d-0de8-11e7-991c-3863bb43a7d0,191,7,0,0,8,0,1,1,1,1791423075
2026-10-08T01:31:59+00:00,2026-10-08T01:33:22.861521+00:00,f8346b6f-0de8-11e7-991c-3863bb43a7d0,12,1,0,0,26,0,1,1,1,1791423074
2026-10-08T01:31:59+00:00,2026-10-08T01:33:22.861521+00:00,f9524971-e9f9-4572-aebc-580e48de042f,f9524971-e9f9-4572-aebc-580e48de042f,19,4,0,0,0,1,1,1,1791423072
2026-10-08T01:31:59+00:00,2026-10-08T01:33:22.861521+00:00,f8348622-0de8-11e7-991c-3863bb43a7d0,50,0,0,0,19,0,1,1,1,1791423064
2026-10-08T01:31:59+00:00,2026-10-08T01:33:22.861521+00:00,68e5e79a-3c94-4848-b619-9c0829d7f687,475,14,0,0,1,0,1,1,1,1791423073
2026-10-08T01:31:59+00:00,2026-10-08T01:33:22.861521+00:00,f8349b20-0de8-11e7-991c-3863bb43a7d0,76,7,2,0,10,0,1,1,1,1791423078
2026-10-08T01:31:59+00:00,2026-10-08T01:33:22.861521+00:00,ad2cf74c-0e8c-4e15-8f19-2259e8c82f0f,404,16,0,0,0,0,1,1,1,1791423077
2026-10-08T01:31:59+00:00,2026-10-08T01:33:22.861521+00:00,2270454512964591136,2270454512964591136,2,0,0,17,0,1,1,1,1791423077
2026-10-08T01:31:59+00:00,2026-10-08T01:33:22.861521+00:00,f8347e78-0de8-11e7-991c-3863bb43a7d0,36,12,0,3,16,0,1,1,1,1791423082
2026-10-08T01:31:59+00:00,2026-10-08T01:33:22.861521+00:00,57716f8d-c9ee-4768-8872-71343ec3ffd8,514,2,0,2,15,0,1,1,1,1791423084
2026-10-08T01:31:59+00:00,2026-10-08T01:33:22.861521+00:00,f834a959-0de8-11e7-991c-3863bb43a7d0,94,6,6,0,4,0,1,1,1,1791423082
2026-10-08T01:31:59+00:00,2026-10-08T01:33:22.861521+00:00,baab0b05-a028-4147-8432-a2726c7e48ea,328,0,0,10,0,0,1,0,0,1791423081
2026-10-08T01:31:59+00:00,2026-10-08T01:33:22.861521+00:00,2088704000370565344,2088704000370565344,3,0,3,6,0,1,1,1,1791423085
2026-10-08T01:31:59+00:00,2026-10-08T01:33:22.861521+00:00,2040842870122359032,2040842870122359032,0,0,0,20,0,1,1,1,1791423088
2026-10-08T01:31:59+00:00,2026-10-08T01:33:22.861521+00:00,b34694c2-c640-4f70-b196-1c357ab798e0,b34694c2-c640-4f70-b196-1c357ab798e0,12,4,0,3,0,1,1,1,1791423086
2026-10-08T01:31:59+00:00,2026-10-08T01:33:22.861521+00:00,f834e534-0de8-11e7-991c-3863bb43a7d0,128,5,1,0,14,0,1,1,1,1791423086
2026-10-08T01:31:59+00:00,2026-10-08T01:33:22.861521+00:00,888780ee-bf2f-474e-9622-6bc725aa1b00,888780ee-bf2f-474e-9622-6bc725aa1b00,5,0,0,6,0,1,1,1,1791423087
2026-10-08T01:31:59+00:00,2026-10-08T01:33:22.861521+00:00,23146f28-9762-4a6d-a6db-fcd4ff0e5d07,356,15,0,0,8,0,1,1,1,1791423091
2026-10-08T01:31:59+00:00,2026-10-08T01:33:22.861521+00:00,df03c61a-29d7-445d-9980-d7f058916591,345,3,0,0,16,0,1,1,1,1791423094
2026-10-08T01:31:59+00:00,2026-10-08T01:33:22.861521+00:00,1994054629753598708,1994054629753598708,12,3,0,2,0,1,1,1,1791423094
2026-10-08T01:31:59+00:00,2026-10-08T01:33:22.861521+00:00,f83492b4-0de8-11e7-991c-3863bb43a7d0,66,15,5,0,0,0,1,1,1,1791423095
2026-10-08T01:31:59+00:00,2026-10-08T01:33:22.861521+00:00,cf5f920f-b61d-4db0-b139-14aff04d577c,459,19,1,0,4,0,1,1,1,1791423095
2026-10-08T01:31:59+00:00,2026-10-08T01:33:22.861521+00:00,2259733531216984776,2259733531216984776,5,3,0,10,0,1,1,1,1791423093
2026-10-08T01:31:59+00:00,2026-10-08T01:33:22.861521+00:00,2090635592862466836,2090635592862466836,3,1,2,25,1,1,1,1,1791423092
2026-10-08T01:31:59+00:00,2026-10-08T01:33:22.861521+00:00,2246034666940677832,2246034666940677832,5,0,0,6,0,1,1,1,1791423095
2026-10-08T01:31:59+00:00,2026-10-08T01:33:22.861521+00:00,0208190e-851c-417d-8bc7-1b218db97fbf,0208190e-851c-417d-8bc7-1b218db97fbf,1,0,0,22,0,1,1,1,1791423093
2026-10-08T01:31:59+00:00,2026-10-08T01:33:22.861521+00:00,9721c80e-fc8f-474f-8918-b68c041d2836,9721c80e-fc8f-474f-8918-b68c041d2836,10,0,1,12,0,1,1,1,1791423093
2026-10-08T01:31:59+00:00,2026-10-08T01:33:22.861521+00:00,7e1dae55-4d3d-4a41-b969-2aeca70e0e69,7e1dae55-4d3d-4a41-b969-2aeca70e0e69,3,0,1,7,0,1,1,1,1791423095
2026-10-08T01:31:59+00:00,2026-10-08T01:33:22.861521+00:00,2145094035874873892,2145094035874873892,1,0,2,16,0,1,1,1,1791423092
2026-10-08T01:31:59+00:00,2026-10-08T01:33:22.861521+00:00,2085737662370069102,2085737662370069102,15,5,0,3,1,1,1,1,1791423096
2026-10-08T01:31:59+00:00,2026-10-08T01:33:22.861521+00:00,f8347ccd-0de8-11e7-991c-3863bb43a7d0,33,5,0,0,22,0,1,1,1,1791423098
2026-10-08T01:31:59+00:00,2026-10-08T01:33:22.861521+00:00,99675a11-a92c-465c-bf5a-434b08ba5fc6,400,17,2,1,34,0,1,1,1,1791423097
2026-10-08T01:31:59+00:00,2026-10-08T01:33:22.861521+00:00,f834b8b3-0de8-11e7-991c-3863bb43a7d0,105,17,3,0,1,0,1,1,1,1791423098
2026-10-08T01:31:59+00:00,2026-10-08T01:33:22.861521+00:00,2270212773802111256,2270212773802111256,10,0,1,8,0,1,1,1,1791423098
2026-10-08T01:31:59+00:00,2026-10-08T01:33:22.861521+00:00,103a9881-e30a-4d57-b81d-863b995ff759,255,0,0,0,0,0,0,0,0,86400
2026-10-08T01:31:59+00:00,2026-10-08T01:33:22.861521+00:00,676ca473-eed6-4971-aaf3-e199a7ca335b,433,15,7,0,3,1,1,1,1,1791423022
2026-10-08T01:31:59+00:00,2026-10-08T01:33:22.861521+00:00,83183df0-38c2-4ae8-a0c4-4b59599c9582,222,5,0,0,9,0,1,1,1,1791423023
2026-10-08T01:31:59+00:00,2026-10-08T01:33:22.861521+00:00,f35de2ab-979e-42d5-8cbd-dc479ed637e9,503,4,4,0,2,0,1,1,1,1791423025
2026-10-08T01:31:59+00:00,2026-10-08T01:33:22.861521+00:00,1997031579059661288,1997031579059661288,9,3,0,2,0,1,1,1,1791423019
2026-10-08T01:31:59+00:00,2026-10-08T01:33:22.861521+00:00,9f54207a-3308-43bd-b45c-9042b6389598,423,14,0,0,5,0,1,1,1,1791423014
2026-10-08T01:31:59+00:00,2026-10-08T01:33:22.861521+00:00,2107991976288962746,2107991976288962746,12,0,0,8,0,1,1,1,1791423020
2026-10-08T01:31:59+00:00,2026-10-08T01:33:22.861521+00:00,ba634139-d7bf-448f-aac4-25995d36b67b,373,9,6,0,6,0,1,1,1,1791423034
2026-10-08T01:31:59+00:00,2026-10-08T01:33:22.861521+00:00,ec3eea05-a3ff-43c6-9e24-0c63f09b915f,378,17,1,0,2,0,1,1,1,1791423036
2026-10-08T01:31:59+00:00,2026-10-08T01:33:22.861521+00:00,ef54374b-0406-4b17-b0a1-847f1d7bea06,410,12,0,0,3,0,1,1,1,1791423036
2026-10-08T01:31:59+00:00,2026-10-08T01:33:22.861521+00:00,f834b42d-0de8-11e7-991c-3863bb43a7d0,100,13,2,0,12,0,1,1,1,1791423053
2026-10-08T01:31:59+00:00,2026-10-08T01:33:22.861521+00:00,c1ae49bd-2a20-4684-886b-ead8dd627cfd,c1ae49bd-2a20-4684-886b-ead8dd627cfd,16,2,0,1,0,1,1,1,1791423053
2026-10-08T01:31:59+00:00,2026-10-08T01:33:22.861521+00:00,2223043968513191970,2223043968513191970,0,0,0,16,0,1,1,1,1791423048
2026-10-08T01:31:59+00:00,2026-10-08T01:33:22.861521+00:00,e68655be-23d3-46e5-a509-25be677e7542,482,6,0,0,5,0,1,1,1,1791423050
2026-10-08T01:31:59+00:00,2026-10-08T01:33:22.861521+00:00,2223045710883822544,2223045710883822544,4,0,1,10,0,1,1,1,1791423050
2026-10-08T01:31:59+00:00,2026-10-08T01:33:22.861521+00:00,5bc7cba9-f0b0-442d-932c-e8c7927d87ce,386,10,3,1,8,0,1,1,1,1791423053
2026-10-08T01:31:59+00:00,2026-10-08T01:33:22.861521+00:00,9e710d48-51c1-460e-a027-3d16bde62b13,419,0,0,14,0,1,1,0,0,1791423058
2026-10-08T01:31:59+00:00,2026-10-08T01:33:22.861521+00:00,2029805507281123700,2029805507281123700,12,2,1,6,0,1,1,1,1791423059
2026-10-08T01:31:59+00:00,2026-10-08T01:33:22.861521+00:00,f8349745-0de8-11e7-991c-3863bb43a7d0,73,0,0,1,14,0,1,1,1,1791423054
2026-10-08T01:31:59+00:00,2026-10-08T01:33:22.861521+00:00,d7ec834e-9d9a-402c-9956-7d5f42676b94,d7ec834e-9d9a-402c-9956-7d5f42676b94,13,5,1,0,0,1,1,1,1791423055
2026-10-08T01:31:59+00:00,2026-10-08T01:33:22.861521+00:00,7ec0c53c-876a-419c-a78b-4edd000bbc9a,445,16,2,0,3,0,1,1,1,1791423057
2026-10-08T01:31:59+00:00,2026-10-08T01:33:22.861521+00:00,2070180968009321294,2070180968009321294,15,0,0,4,2,1,1,1,1791423057
2026-10-08T01:31:59+00:00,2026-10-08T01:33:22.861521+00:00,f83523e3-0de8-11e7-991c-3863bb43a7d0,201,0,0,0,15,0,1,1,1,1791423057
2026-10-08T01:31:59+00:00,2026-10-08T01:33:22.861521+00:00,2170342425741020744,2170342425741020744,14,3,0,3,0,1,1,1,1791423055
2026-10-08T01:31:59+00:00,2026-10-08T01:33:22.861521+00:00,5018e851-f2f3-4e18-9914-c316bbcc2c3d,331,0,0,0,15,0,1,1,1,1791423061
2026-10-08T01:31:59+00:00,2026-10-08T01:33:22.861521+00:00,2071993292066931472,2071993292066931472,2,0,0,18,0,1,1,1,1791423061
2026-10-08T01:31:59+00:00,2026-10-08T01:33:22.861521+00:00,2217856523888952522,2217856523888952522,5,2,0,15,0,1,1,1,1791423062
2026-10-08T01:31:59+00:00,2026-10-08T01:33:22.861521+00:00,2241260819676115550,2241260819676115550,0,0,0,25,0,1,1,1,1791423061
2026-10-08T01:31:59+00:00,2026-10-08T01:33:22.861521+00:00,2078337213380274244,2078337213380274244,10,7,0,1,0,1,1,1,1791423031
2026-10-08T01:31:59+00:00,2026-10-08T01:33:22.861521+00:00,f8351019-0de8-11e7-991c-3863bb43a7d0,169,10,4,0,9,0,1,1,1,1791423031
2026-10-08T01:31:59+00:00,2026-10-08T01:33:22.861521+00:00,a18e1e55-507e-49d8-b7c0-5c0efd959125,358,19,6,0,0,0,1,1,1,1791423031
2026-10-08T01:31:59+00:00,2026-10-08T01:33:22.861521+00:00,f83510fd-0de8-11e7-991c-3863bb43a7d0,171,10,0,1,12,0,1,1,1,1791423028
2026-10-08T01:31:59+00:00,2026-10-08T01:33:22.861521+00:00,f36e24cd-de4c-4a5e-adf4-cb97ccd2958d,505,5,1,2,4,0,1,1,1,1791423032
2026-10-08T01:31:59+00:00,2026-10-08T01:33:22.861521+00:00,ddcc8869-b8d4-483c-b9da-457fcebc8dc1,417,17,1,0,2,0,1,1,1,1791423032
2026-10-08T01:31:59+00:00,2026-10-08T01:33:22.861521+00:00,350e73e3-6f70-4b2d-87ab-24c8629e9a6a,350e73e3-6f70-4b2d-87ab-24c8629e9a6a,12,0,1,6,0,1,1,1,1791423030
2026-10-08T01:31:59+00:00,2026-10-08T01:33:22.861521+00:00,f834e244-0de8-11e7-991c-3863bb43a7d0,126,6,2,0,9,0,1,1,1,1791423029
2026-10-08T01:31:59+00:00,2026-10-08T01:33:22.861521+00:00,2038619205667946906,2038619205667946906,10,4,0,10,0,1,1,1,1791423030
2026-10-08T01:31:59+00:00,2026-10-08T01:33:22.861521+00:00,53a148ca-ac69-4a9c-a986-9a4b4df2f5df,387,8,0,0,7,0,1,1,1,1791423038
2026-10-08T01:31:59+00:00,2026-10-08T01:33:22.861521+00:00,f24a573e-ef07-4785-9270-70c443510ea6,359,0,0,2,12,1,1,1,1,1791423042
2026-10-08T01:31:59+00:00,2026-10-08T01:33:22.861521+00:00,f8348995-0de8-11e7-991c-3863bb43a7d0,58,17,1,1,1,0,1,1,1,1791422989
2026-10-08T01:31:59+00:00,2026-10-08T01:33:22.861521+00:00,f8346768-0de8-11e7-991c-3863bb43a7d0,7,6,0,0,9,0,1,1,1,1791423040
2026-10-08T01:31:59+00:00,2026-10-08T01:33:22.861521+00:00,93911aa1-b5e4-48aa-a2b6-38fbcf613006,93911aa1-b5e4-48aa-a2b6-38fbcf613006,4,1,0,14,0,1,1,1,1791423046
2026-10-08T01:31:59+00:00,2026-10-08T01:33:22.861521+00:00,2ba0c5dd-c990-4434-8a84-5c3eca23f096,447,4,3,0,15,0,1,1,1,1791423047
2026-10-08T01:31:59+00:00,2026-10-08T01:33:22.861521+00:00,f834fd36-0de8-11e7-991c-3863bb43a7d0,142,9,1,0,14,0,1,1,1,1791423045
2026-10-08T01:31:59+00:00,2026-10-08T01:33:22.861521+00:00,9ca92778-9101-48df-90ea-08b784e26a1a,413,14,1,0,5,0,1,1,1,1791423047
2026-10-08T01:31:59+00:00,2026-10-08T01:33:22.861521+00:00,ce55d1b1-4267-40a9-ad44-5eab888ce18a,ce55d1b1-4267-40a9-ad44-5eab888ce18a,0,0,0,22,1,1,1,1,1791423066
2026-10-08T01:31:59+00:00,2026-10-08T01:33:22.861521+00:00,02a4416f-80b4-4472-accd-5db482ed5b6d,367,8,0,0,11,0,1,1,1,1791423063
2026-10-08T01:31:59+00:00,2026-10-08T01:33:22.861521+00:00,f8349c69-0de8-11e7-991c-3863bb43a7d0,78,11,0,0,7,0,1,1,1,1791423064
2026-10-08T01:31:59+00:00,2026-10-08T01:33:22.861521+00:00,2071632496372113488,2071632496372113488,14,7,1,5,0,1,1,1,1791423064
2026-10-08T01:31:59+00:00,2026-10-08T01:33:22.861521+00:00,f8351336-0de8-11e7-991c-3863bb43a7d0,176,2,0,0,13,0,1,1,1,1791423065
2026-10-08T01:31:59+00:00,2026-10-08T01:33:22.861521+00:00,1960693490199507164,1960693490199507164,6,1,0,13,0,1,1,1,1791423070
2026-10-08T01:31:59+00:00,2026-10-08T01:33:22.861521+00:00,f834cf45-0de8-11e7-991c-3863bb43a7d0,116,13,0,0,10,0,1,1,1,1791423070
2026-10-08T01:31:59+00:00,2026-10-08T01:33:22.861521+00:00,0adccd89-1d8d-44da-9f7c-5f18acafeddf,338,8,3,0,7,0,1,1,1,1791423071
2026-10-08T01:31:59+00:00,2026-10-08T01:33:22.861521+00:00,42a3ecca-af9a-4556-90ba-7631546f96f8,42a3ecca-af9a-4556-90ba-7631546f96f8,1,0,2,8,0,1,1,1,1791423072
2026-10-08T01:31:59+00:00,2026-10-08T01:33:22.861521+00:00,f83524c0-0de8-11e7-991c-3863bb43a7d0,203,9,2,0,5,0,1,1,1,1791423070
2026-10-08T01:31:59+00:00,2026-10-08T01:33:22.861521+00:00,f8352c92-0de8-11e7-991c-3863bb43a7d0,217,13,0,2,4,0,1,1,1,1791423071
2026-10-08T01:31:59+00:00,2026-10-08T01:33:22.861521+00:00,2141932795355773712,2141932795355773712,7,0,0,10,0,1,1,1,1791422991
2026-10-08T01:31:59+00:00,2026-10-08T01:33:22.861521+00:00,0839bb10-e876-4198-95e4-0147a561853d,258,13,2,0,2,0,1,1,1,1791422991
2026-10-08T01:31:59+00:00,2026-10-08T01:33:22.861521+00:00,2111712079786088918,2111712079786088918,5,2,1,9,0,1,1,1,1791422987
2026-10-08T01:31:59+00:00,2026-10-08T01:33:22.861521+00:00,70f20fcb-8e63-4015-9007-b97c525ab0a9,335,11,0,1,7,0,1,1,1,1791422987
2026-10-08T01:31:59+00:00,2026-10-08T01:33:22.861521+00:00,54d86d05-b399-42c5-a63a-a97713afc5d4,54d86d05-b399-42c5-a63a-a97713afc5d4,2,2,1,7,0,1,1,1,1791423080
2026-10-08T01:31:59+00:00,2026-10-08T01:33:22.861521+00:00,2113555008851845550,2113555008851845550,13,4,0,7,0,1,1,1,1791423075
2026-10-08T01:31:59+00:00,2026-10-08T01:33:22.861521+00:00,40e58976-02cc-4c7c-911f-7a6c97588bfa,520,16,3,0,5,0,1,1,1,1791423079
2026-10-08T01:31:59+00:00,2026-10-08T01:33:22.861521+00:00,f83494b4-0de8-11e7-991c-3863bb43a7d0,69,18,10,0,1,0,1,1,1,1791423075
2026-10-08T01:31:59+00:00,2026-10-08T01:33:22.861521+00:00,533620e8-00ff-494a-b288-bd67602bc98e,472,1,0,0,26,0,1,1,1,1791423079
2026-10-08T01:31:59+00:00,2026-10-08T01:33:22.861521+00:00,b23674a7-15a8-46d2-8219-6668acecf24a,548,11,1,0,7,0,1,1,1,1791423081
2026-10-08T01:31:59+00:00,2026-10-08T01:33:22.861521+00:00,ff6ed364-8676-45a0-b97f-71025683849e,442,7,1,1,7,0,1,1,1,1791423082
2026-10-08T01:31:59+00:00,2026-10-08T01:33:22.861521+00:00,f83464e4-0de8-11e7-991c-3863bb43a7d0,3,1,0,1,12,0,1,1,1,1791423082
2026-10-08T01:31:59+00:00,2026-10-08T01:33:22.861521+00:00,f8348481-0de8-11e7-991c-3863bb43a7d0,47,14,0,1,4,0,1,1,1,1791423081
2026-10-08T01:31:59+00:00,2026-10-08T01:33:22.861521+00:00,f83486ab-0de8-11e7-991c-3863bb43a7d0,51,6,0,1,8,0,1,1,1,1791423080
2026-10-08T01:31:59+00:00,2026-10-08T01:33:22.861521+00:00,f8349ba9-0de8-11e7-991c-3863bb43a7d0,77,8,5,0,9,1,1,1,1,1791423081
2026-10-08T01:31:59+00:00,2026-10-08T01:33:22.861521+00:00,2113200093114979090,2113200093114979090,6,0,0,9,1,1,1,1,1791423081
2026-10-08T01:31:59+00:00,2026-10-08T01:33:22.861521+00:00,287aedf5-0361-47e9-9de0-14ae3b75cc0d,287aedf5-0361-47e9-9de0-14ae3b75cc0d,8,3,1,12,0,1,1,1,1791423087
2026-10-08T01:31:59+00:00,2026-10-08T01:33:22.861521+00:00,5afe91c4-8076-4f9f-b83b-cf233bda2331,460,0,0,0,15,0,1,1,1,1791423086
2026-10-08T01:31:59+00:00,2026-10-08T01:33:22.861521+00:00,f8348136-0de8-11e7-991c-3863bb43a7d0,41,22,1,1,3,0,1,1,1,1791423087
2026-10-08T01:31:59+00:00,2026-10-08T01:33:22.861521+00:00,2072145327190878794,2072145327190878794,21,2,2,1,0,1,1,1,1791423089
2026-10-08T01:31:59+00:00,2026-10-08T01:33:22.861521+00:00,2136942888571742916,2136942888571742916,3,0,1,11,0,1,1,1,1791423085
2026-10-08T01:31:59+00:00,2026-10-08T01:33:22.861521+00:00,0f554e1d-9f0f-452d-9b4a-e00aa2c5911e,492,11,1,0,3,0,1,1,1,1791423086
2026-10-08T01:31:59+00:00,2026-10-08T01:33:22.861521+00:00,f834b5d9-0de8-11e7-991c-3863bb43a7d0,103,15,4,0,0,0,1,1,1,1791422994
2026-10-08T01:31:59+00:00,2026-10-08T01:33:22.861521+00:00,510239fe-69c3-458b-b53c-6ce001845f4a,354,13,8,0,2,0,1,1,1,1791422998
2026-10-08T01:31:59+00:00,2026-10-08T01:33:22.861521+00:00,2264176803898382980,2264176803898382980,4,2,0,7,0,1,1,1,1791423002
2026-10-08T01:31:59+00:00,2026-10-08T01:33:22.861521+00:00,ccd6fdd4-b39e-46d7-b43c-7bacffb6bd87,523,0,0,0,17,0,1,1,1,1791423004
2026-10-08T01:31:59+00:00,2026-10-08T01:33:22.861521+00:00,36a8fbc8-6069-4a29-bbfd-63a2d019c9a5,415,1,0,0,18,0,1,1,1,1791423000
2026-10-08T01:31:59+00:00,2026-10-08T01:33:22.861521+00:00,f6df6c1a-064f-428a-951c-2069a081b9df,380,1,0,1,16,0,1,1,1,1791422999
2026-10-08T01:31:59+00:00,2026-10-08T01:33:22.861521+00:00,f8348509-0de8-11e7-991c-3863bb43a7d0,48,2,2,0,13,0,1,1,1,1791423008
2026-10-08T01:31:59+00:00,2026-10-08T01:33:22.861521+00:00,b995a0b4-fc26-4661-9bc8-e166d648edfd,353,11,5,0,4,0,1,1,1,1791423008
2026-10-08T01:31:59+00:00,2026-10-08T01:33:22.861521+00:00,f8349824-0de8-11e7-991c-3863bb43a7d0,75,9,0,0,6,0,1,1,1,1791423008
2026-10-08T01:31:59+00:00,2026-10-08T01:33:22.861521+00:00,2267569638034503736,2267569638034503736,6,0,4,9,0,1,1,1,1791423008
2026-10-08T01:31:59+00:00,2026-10-08T01:33:22.861521+00:00,518f6524-0e7f-454d-974e-e3ff9db1f795,494,9,0,0,1,0,1,1,1,1791423006
2026-10-08T01:31:59+00:00,2026-10-08T01:33:22.861521+00:00,2057166010169469732,2057166010169469732,2,1,0,13,0,1,1,1,1791423005
2026-10-08T01:31:59+00:00,2026-10-08T01:33:22.861521+00:00,f834952a-0de8-11e7-991c-3863bb43a7d0,70,2,0,1,20,0,1,1,1,1791423008
2026-10-08T01:31:59+00:00,2026-10-08T01:33:22.861521+00:00,13444449-b3a8-43d2-b8b9-a59fbc59a174,397,11,4,0,3,0,1,1,1,1791423008
2026-10-08T01:31:59+00:00,2026-10-08T01:33:22.861521+00:00,f8346894-0de8-11e7-991c-3863bb43a7d0,9,3,0,3,9,0,1,1,1,1791423012
2026-10-08T01:31:59+00:00,2026-10-08T01:33:22.861521+00:00,1944724820826878816,1944724820826878816,11,0,1,5,0,1,1,1,1791423011
2026-10-08T01:31:59+00:00,2026-10-08T01:33:22.861521+00:00,f83516b8-0de8-11e7-991c-3863bb43a7d0,184,6,1,0,12,1,1,1,1,1791423015
2026-10-08T01:31:59+00:00,2026-10-08T01:33:22.861521+00:00,2327cb08-fa9f-459b-9ab0-1a319b0f2f4c,539,3,1,1,14,0,1,1,1,1791423093
2026-10-08T01:31:59+00:00,2026-10-08T01:33:22.861521+00:00,2103549125054737064,2103549125054737064,4,2,0,12,0,1,1,1,1791423093
2026-10-08T01:31:59+00:00,2026-10-08T01:33:22.861521+00:00,2038239468396569074,2038239468396569074,16,0,0,16,0,1,1,1,1791423089
2026-10-08T01:31:59+00:00,2026-10-08T01:33:22.861521+00:00,5f726a7d-5c5d-48b1-9b13-06c77572a237,516,0,0,0,11,0,1,1,1,1791423091
2026-10-08T01:31:59+00:00,2026-10-08T01:33:22.861521+00:00,f834e1b2-0de8-11e7-991c-3863bb43a7d0,125,13,6,0,6,0,1,1,1,1791423090
2026-10-08T01:31:59+00:00,2026-10-08T01:33:22.861521+00:00,13918b3b-9ac5-4968-a74d-e40dd3bc952e,479,0,0,0,19,0,1,1,1,1791423090
2026-10-08T01:31:59+00:00,2026-10-08T01:33:22.861521+00:00,dfdaf866-b814-48e5-9bd3-eb7c4a733697,dfdaf866-b814-48e5-9bd3-eb7c4a733697,7,2,0,10,0,1,1,1,1791423091
2026-10-08T01:31:59+00:00,2026-10-08T01:33:22.861521+00:00,342a2c60-71b0-4d19-98d6-47987cf20dbc,379,6,0,0,9,0,1,1,1,1791423091
2026-10-08T01:31:59+00:00,2026-10-08T01:33:22.861521+00:00,2fd22786-dfeb-4126-a906-4f01802087f3,454,2,0,1,16,0,1,1,1,1791423091
2026-10-08T01:31:59+00:00,2026-10-08T01:33:22.861521+00:00,1975886280004030604,1975886280004030604,10,2,1,12,0,1,1,1,1791423092
2026-10-08T01:31:59+00:00,2026-10-08T01:33:22.861521+00:00,f834b49d-0de8-11e7-991c-3863bb43a7d0,101,9,1,0,9,0,1,1,1,1791423091
2026-10-08T01:31:59+00:00,2026-10-08T01:33:22.861521+00:00,f8347118-0de8-11e7-991c-3863bb43a7d0,22,15,0,0,18,2,1,1,1,1791423094
2026-10-08T01:31:59+00:00,2026-10-08T01:33:22.861521+00:00,20b0b405-54ba-4a80-b89c-0819772665db,440,7,3,0,8,0,1,1,1,1791423094
2026-10-08T01:31:59+00:00,2026-10-08T01:33:22.861521+00:00,f834f814-0de8-11e7-991c-3863bb43a7d0,136,0,0,1,18,0,1,1,1,1791423095
2026-10-08T01:31:59+00:00,2026-10-08T01:33:22.861521+00:00,abefafdc-c772-4671-86fe-fc15a42adebb,abefafdc-c772-4671-86fe-fc15a42adebb,5,0,0,18,0,1,1,1,1791423096
2026-10-08T01:31:59+00:00,2026-10-08T01:33:22.861521+00:00,bb27977d-36c1-496d-8bac-631b612dd7b8,332,15,3,0,0,0,1,1,1,1791423096
2026-10-08T01:31:59+00:00,2026-10-08T01:33:22.861521+00:00,2043912031919765854,2043912031919765854,10,0,1,9,0,1,1,1,1791423098
2026-10-08T01:42:00+00:00,2026-10-08T01:43:23.024625+00:00,6eaa7343-402d-41c9-9aac-8c664fdbdcf1,6eaa7343-402d-41c9-9aac-8c664fdbdcf1,0,0,0,0,0,0,0,0,86400
2026-10-08T01:42:00+00:00,2026-10-08T01:43:23.024625+00:00,800bde2c-51df-497c-ac2d-bc3a8c00c164,800bde2c-51df-497c-ac2d-bc3a8c00c164,0,0,0,15,0,1,1,1,1791423578
2026-10-08T01:42:00+00:00,2026-10-08T01:43:23.024625+00:00,40ee059e-8530-4992-9114-c16b87d6832f,441,11,3,0,8,0,1,1,1,1791423578
2026-10-08T01:42:00+00:00,2026-10-08T01:43:23.024625+00:00,77c1736c-a609-4453-94f7-8e4253a8193c,474,8,3,0,3,0,1,1,1,1791423581
2026-10-08T01:42:00+00:00,2026-10-08T01:43:23.024625+00:00,f834d34b-0de8-11e7-991c-3863bb43a7d0,120,15,1,0,24,0,1,1,1,1791423587
2026-10-08T01:42:00+00:00,2026-10-08T01:43:23.024625+00:00,cad0e759-b605-458a-b772-768dcce81dc6,372,9,0,0,9,0,1,1,1,1791423582
2026-10-08T01:42:00+00:00,2026-10-08T01:43:23.024625+00:00,acb27827-d69a-4287-b132-3f529ca62ad2,427,4,1,0,15,0,1,1,1,1791423583
2026-10-08T01:42:00+00:00,2026-10-08T01:43:23.024625+00:00,5d17f129-af8c-4f30-bc58-6a8279052772,543,5,2,1,13,0,1,1,1,1791423588
2026-10-08T01:42:00+00:00,2026-10-08T01:43:23.024625+00:00,e519df41-c4d7-403a-9afa-a5dd7cdd2d03,536,10,0,1,7,0,1,1,1,1791423590
2026-10-08T01:42:00+00:00,2026-10-08T01:43:23.024625+00:00,2113559364250874028,2113559364250874028,8,2,0,7,0,1,1,1,1791423592
2026-10-08T01:42:00+00:00,2026-10-08T01:43:23.024625+00:00,88b35b6d-f355-44dc-b85e-ed2eb1bc9099,406,11,4,0,8,0,1,1,1,1791423594
2026-10-08T01:42:00+00:00,2026-10-08T01:43:23.024625+00:00,f8351649-0de8-11e7-991c-3863bb43a7d0,183,1,0,0,18,0,1,1,1,1791423599
2026-10-08T01:42:00+00:00,2026-10-08T01:43:23.024625+00:00,f8352973-0de8-11e7-991c-3863bb43a7d0,210,7,1,0,8,0,1,1,1,1791423596
2026-10-08T01:42:00+00:00,2026-10-08T01:43:23.024625+00:00,9fef6df2-7f8f-43fc-a85b-7dd5453860f9,437,13,1,0,4,0,1,1,1,1791423601
2026-10-08T01:42:00+00:00,2026-10-08T01:43:23.024625+00:00,2438d052-2cd6-4fba-83c9-39f46cb59398,2438d052-2cd6-4fba-83c9-39f46cb59398,1,0,1,17,0,1,1,1,1791423602
2026-10-08T01:42:00+00:00,2026-10-08T01:43:23.024625+00:00,2036103727838931110,2036103727838931110,10,5,0,0,0,1,1,1,1791423599
2026-10-08T01:42:00+00:00,2026-10-08T01:43:23.024625+00:00,199f3d59-e726-4549-b9c1-4dfc8a343fdb,508,10,6,0,1,0,1,1,1,1791423606
2026-10-08T01:42:00+00:00,2026-10-08T01:43:23.024625+00:00,f834f036-0de8-11e7-991c-3863bb43a7d0,133,12,3,2,9,0,1,1,1,1791423609
2026-10-08T01:42:00+00:00,2026-10-08T01:43:23.024625+00:00,f7d416f8-4377-4019-bba7-302dc1d5a11d,391,9,0,3,3,0,1,1,1,1791423603
2026-10-08T01:42:00+00:00,2026-10-08T01:43:23.024625+00:00,f83473ea-0de8-11e7-991c-3863bb43a7d0,27,18,3,3,2,0,1,1,1,1791423615
2026-10-08T01:42:00+00:00,2026-10-08T01:43:23.024625+00:00,768433a9-fc30-4485-b136-22d6f8a96f1c,768433a9-fc30-4485-b136-22d6f8a96f1c,4,0,1,6,0,1,1,1,1791423619
2026-10-08T01:42:00+00:00,2026-10-08T01:43:23.024625+00:00,f8348719-0de8-11e7-991c-3863bb43a7d0,52,0,0,0,23,0,1,1,1,1791423619
2026-10-08T01:42:00+00:00,2026-10-08T01:43:23.024625+00:00,f834916a-0de8-11e7-991c-3863bb43a7d0,63,3,1,0,12,0,1,1,1,1791423620
2026-10-08T01:42:00+00:00,2026-10-08T01:43:23.024625+00:00,133d159e-a202-4310-910f-eca392fe181e,398,0,0,2,17,0,1,1,1,1791423616
2026-10-08T01:42:00+00:00,2026-10-08T01:43:23.024625+00:00,f8347002-0de8-11e7-991c-3863bb43a7d0,20,18,0,0,5,0,1,1,1,1791423616
2026-10-08T01:42:00+00:00,2026-10-08T01:43:23.024625+00:00,9b0aff89-5242-475e-b03b-87c3c3bf51bb,477,3,3,1,15,0,1,1,1,1791423611
2026-10-08T01:42:00+00:00,2026-10-08T01:43:23.024625+00:00,f8351791-0de8-11e7-991c-3863bb43a7d0,186,12,0,0,3,0,1,1,1,1791423611
2026-10-08T01:42:00+00:00,2026-10-08T01:43:23.024625+00:00,2027855476515070160,2027855476515070160,10,0,0,16,0,1,1,1,1791423607
2026-10-08T01:42:00+00:00,2026-10-08T01:43:23.024625+00:00,f8351255-0de8-11e7-991c-3863bb43a7d0,174,8,3,3,4,0,1,1,1,1791423614
2026-10-08T01:42:00+00:00,2026-10-08T01:43:23.024625+00:00,2071991821019036242,2071991821019036242,15,3,0,5,0,1,1,1,1791423595
2026-10-08T01:42:00+00:00,2026-10-08T01:43:23.024625+00:00,1997031876360597884,1997031876360597884,6,1,0,5,0,1,1,1,1791423622
2026-10-08T01:42:00+00:00,2026-10-08T01:43:23.024625+00:00,52ca4d94-587f-4a61-a298-a1a755e73bfb,362,19,3,0,0,0,1,1,1,1791423623
2026-10-08T01:42:00+00:00,2026-10-08T01:43:23.024625+00:00,f834d260-0de8-11e7-991c-3863bb43a7d0,119,13,9,2,0,0,1,1,1,1791423625
2026-10-08T01:42:00+00:00,2026-10-08T01:43:23.024625+00:00,f834f948-0de8-11e7-991c-3863bb43a7d0,138,12,0,1,1,0,1,1,1,1791423623
2026-10-08T01:42:00+00:00,2026-10-08T01:43:23.024625+00:00,f8350d30-0de8-11e7-991c-3863bb43a7d0,163,7,0,0,12,0,1,1,1,1791423627
2026-10-08T01:42:00+00:00,2026-10-08T01:43:23.024625+00:00,8bc42f7f-753d-4cca-a7d6-0d7c2530ea2c,364,10,1,1,8,0,1,1,1,1791423628
2026-10-08T01:42:00+00:00,2026-10-08T01:43:23.024625+00:00,eed9e64f-f09d-43c1-aa31-da968c66750a,368,5,0,0,10,0,1,1,1,1791423626
2026-10-08T01:42:00+00:00,2026-10-08T01:43:23.024625+00:00,f8351569-0de8-11e7-991c-3863bb43a7d0,181,14,0,0,5,0,1,1,1,1791423626
2026-10-08T01:42:00+00:00,2026-10-08T01:43:23.024625+00:00,2089808297152151688,2089808297152151688,3,2,1,8,0,1,1,1,1791423631
2026-10-08T01:42:00+00:00,2026-10-08T01:43:23.024625+00:00,f8346c96-0de8-11e7-991c-3863bb43a7d0,14,0,0,0,25,0,1,1,1,1791423632
2026-10-08T01:42:00+00:00,2026-10-08T01:43:23.024625+00:00,2131371824572002576,2131371824572002576,13,1,0,3,0,1,1,1,1791423633
2026-10-08T01:42:00+00:00,2026-10-08T01:43:23.024625+00:00,f835244e-0de8-11e7-991c-3863bb43a7d0,202,9,1,0,6,0,1,1,1,1791423635
2026-10-08T01:42:00+00:00,2026-10-08T01:43:23.024625+00:00,57f5003b-6574-40b3-83d7-3b5dee1472e0,518,7,6,0,3,0,1,1,1,1791423640
2026-10-08T01:42:00+00:00,2026-10-08T01:43:23.024625+00:00,a825b55d-3ab3-481f-9c50-d3a7313e6843,228,0,0,0,19,0,1,1,1,1791423640
2026-10-08T01:42:00+00:00,2026-10-08T01:43:23.024625+00:00,1ef9964d-47ac-4cd4-916e-7c006fa1e605,339,10,6,0,5,0,1,1,1,1791423641
2026-10-08T01:42:00+00:00,2026-10-08T01:43:23.024625+00:00,d1a5e406-718c-44b9-b9dd-e63605b888aa,555,8,7,0,7,0,1,1,1,1791423638
2026-10-08T01:42:00+00:00,2026-10-08T01:43:23.024625+00:00,f8350199-0de8-11e7-991c-3863bb43a7d0,150,8,1,0,11,0,1,1,1,1791423639
2026-10-08T01:42:00+00:00,2026-10-08T01:43:23.024625+00:00,87b5a8b7-a330-4c51-ab32-7dafa292c88f,421,15,1,1,3,0,1,1,1,1791423643
2026-10-08T01:42:00+00:00,2026-10-08T01:43:23.024625+00:00,82b41ffb-e284-4e4d-b22a-0cad2bfd4bee,443,7,0,0,12,0,1,1,1,1791423639
2026-10-08T01:42:00+00:00,2026-10-08T01:43:23.024625+00:00,a6d6d4b2-3666-43ad-a690-7f676bdcc3fd,542,9,0,4,6,0,1,1,1,1791423642
2026-10-08T01:42:00+00:00,2026-10-08T01:43:23.024625+00:00,e335fa7c-7adf-4360-9bfa-76b18124a56f,541,5,4,0,6,0,1,1,1,1791423642
2026-10-08T01:42:00+00:00,2026-10-08T01:43:23.024625+00:00,f834e75d-0de8-11e7-991c-3863bb43a7d0,129,8,1,0,10,1,1,1,1,1791423646
2026-10-08T01:42:00+00:00,2026-10-08T01:43:23.024625+00:00,f8346e51-0de8-11e7-991c-3863bb43a7d0,17,12,0,0,3,0,1,1,1,1791423646
2026-10-08T01:42:00+00:00,2026-10-08T01:43:23.024625+00:00,f55cdf0a-3d7b-491c-bed2-7dc0ef2062d5,489,8,1,0,8,0,1,1,1,1791423646
2026-10-08T01:42:00+00:00,2026-10-08T01:43:23.024625+00:00,2251186911126913182,2251186911126913182,13,2,2,4,0,1,1,1,1791423646
2026-10-08T01:42:00+00:00,2026-10-08T01:43:23.024625+00:00,f834c6f5-0de8-11e7-991c-3863bb43a7d0,111,8,1,0,6,1,1,1,1,1791423644
2026-10-08T01:42:00+00:00,2026-10-08T01:43:23.024625+00:00,f8349599-0de8-11e7-991c-3863bb43a7d0,71,14,6,0,9,0,1,1,1,1791423644
2026-10-08T01:42:00+00:00,2026-10-08T01:43:23.024625+00:00,f8348598-0de8-11e7-991c-3863bb43a7d0,49,6,2,0,12,0,1,1,1,1791423648
2026-10-08T01:42:00+00:00,2026-10-08T01:43:23.024625+00:00,f8347ded-0de8-11e7-991c-3863bb43a7d0,35,0,0,0,31,0,1,1,1,1791423656
2026-10-08T01:42:00+00:00,2026-10-08T01:43:23.024625+00:00,f834cb89-0de8-11e7-991c-3863bb43a7d0,115,7,2,3,10,0,1,1,1,1791423657
2026-10-08T01:42:00+00:00,2026-10-08T01:43:23.024625+00:00,4b5de733-9353-4873-9dc2-9558b3cb063a,393,4,0,0,9,0,1,1,1,1791423659
2026-10-08T01:42:00+00:00,2026-10-08T01:43:23.024625+00:00,1919521884659886482,1919521884659886482,4,2,0,15,0,1,1,1,1791423652
2026-10-08T01:42:00+00:00,2026-10-08T01:43:23.024625+00:00,25489822-e43a-4704-b2a8-d905b78ba77c,389,2,1,0,12,0,1,1,1,1791423652
2026-10-08T01:42:00+00:00,2026-10-08T01:43:23.024625+00:00,f83532fa-0de8-11e7-991c-3863bb43a7d0,219,12,1,0,3,0,1,1,1,1791423654
2026-10-08T01:42:00+00:00,2026-10-08T01:43:23.024625+00:00,2031175112202687108,2031175112202687108,5,1,0,11,0,1,1,1,1791423652
2026-10-08T01:42:00+00:00,2026-10-08T01:43:23.024625+00:00,f8349070-0de8-11e7-991c-3863bb43a7d0,61,8,0,0,11,0,1,1,1,1791423651
2026-10-08T01:42:00+00:00,2026-10-08T01:43:23.024625+00:00,aefc33cd-40b9-48da-8b87-415428816bdb,488,7,1,0,9,0,1,1,1,1791423660
2026-10-08T01:42:00+00:00,2026-10-08T01:43:23.024625+00:00,1999639508813492766,1999639508813492766,9,0,0,11,0,1,1,1,1791423660
2026-10-08T01:42:00+00:00,2026-10-08T01:43:23.024625+00:00,625f105e-4407-4988-9095-d1979cbda5e1,234,17,11,0,2,0,1,1,1,1791423660
2026-10-08T01:42:00+00:00,2026-10-08T01:43:23.024625+00:00,01d29f8c-768d-4c4f-84ca-3de966075287,469,3,2,0,8,0,1,1,1,1791423661
2026-10-08T01:42:00+00:00,2026-10-08T01:43:23.024625+00:00,f8350129-0de8-11e7-991c-3863bb43a7d0,149,11,1,0,7,0,1,1,1,1791423664
2026-10-08T01:42:00+00:00,2026-10-08T01:43:23.024625+00:00,f834b1ed-0de8-11e7-991c-3863bb43a7d0,99,15,2,0,0,0,1,1,1,1791423664
2026-10-08T01:42:00+00:00,2026-10-08T01:43:23.024625+00:00,ab6517ea-ed53-42eb-8881-657d362e56e8,560,11,0,0,4,0,1,1,1,1791423666
2026-10-08T01:42:00+00:00,2026-10-08T01:43:23.024625+00:00,f834fcbe-0de8-11e7-991c-3863bb43a7d0,141,0,0,0,15,0,1,1,1,1791423665
2026-10-08T01:42:00+00:00,2026-10-08T01:43:23.024625+00:00,2110566771130438288,2110566771130438288,10,6,1,5,0,1,1,1,1791423665
2026-10-08T01:42:00+00:00,2026-10-08T01:43:23.024625+00:00,25d6f87f-7025-48c5-b202-f91511a4ae19,25d6f87f-7025-48c5-b202-f91511a4ae19,13,4,1,5,0,1,1,1,1791423665
2026-10-08T01:42:00+00:00,2026-10-08T01:43:23.024625+00:00,2250817396738253956,2250817396738253956,12,2,2,1,0,1,1,1,1791423666
2026-10-08T01:42:00+00:00,2026-10-08T01:43:23.024625+00:00,2028220168245183460,2028220168245183460,13,0,0,6,0,1,1,1,1791423668
2026-10-08T01:42:00+00:00,2026-10-08T01:43:23.024625+00:00,803a0c16-4f81-44f1-8b49-a13fcdda40c1,370,2,0,2,14,0,1,1,1,1791423669
2026-10-08T01:42:00+00:00,2026-10-08T01:43:23.024625+00:00,6cec3afa-554c-466f-8323-5c619fe0ddc6,6cec3afa-554c-466f-8323-5c619fe0ddc6,6,4,0,5,0,1,1,1,1791423669
2026-10-08T01:42:00+00:00,2026-10-08T01:43:23.024625+00:00,2039387081833476178,2039387081833476178,12,2,0,8,0,1,1,1,1791423670
2026-10-08T01:42:00+00:00,2026-10-08T01:43:23.024625+00:00,f8351f87-0de8-11e7-991c-3863bb43a7d0,192,0,0,0,19,0,1,1,1,1791423671
2026-10-08T01:42:00+00:00,2026-10-08T01:43:23.024625+00:00,f8346dbd-0de8-11e7-991c-3863bb43a7d0,16,9,1,1,9,0,1,1,1,1791423676
2026-10-08T01:42:00+00:00,2026-10-08T01:43:23.024625+00:00,2220033166406469278,2220033166406469278,10,4,1,4,0,1,1,1,1791423677
2026-10-08T01:42:00+00:00,2026-10-08T01:43:23.024625+00:00,e4d5271f-5f76-401b-b7f0-c8dce3c26f10,462,7,1,1,3,0,1,1,1,1791423676
2026-10-08T01:42:00+00:00,2026-10-08T01:43:23.024625+00:00,2219705277630124418,2219705277630124418,6,3,0,9,0,1,1,1,1791423678
2026-10-08T01:42:00+00:00,2026-10-08T01:43:23.024625+00:00,1991921362058752616,1991921362058752616,0,0,0,20,0,1,1,1,1791423673
2026-10-08T01:42:00+00:00,2026-10-08T01:43:23.024625+00:00,f834c5c9-0de8-11e7-991c-3863bb43a7d0,110,2,0,1,11,0,1,1,1,1791423673
2026-10-08T01:42:00+00:00,2026-10-08T01:43:23.024625+00:00,2036412579943670600,2036412579943670600,5,5,1,6,0,1,1,1,1791423674
2026-10-08T01:42:00+00:00,2026-10-08T01:43:23.024625+00:00,5410aac7-2ec0-47b6-b728-b99c5137b463,5410aac7-2ec0-47b6-b728-b99c5137b463,8,2,0,3,0,1,1,1,1791423675
2026-10-08T01:42:00+00:00,2026-10-08T01:43:23.024625+00:00,f606593b-3d07-40f2-bc6d-a0eb96588e44,456,5,0,0,13,0,1,1,1,1791423678
2026-10-08T01:42:00+00:00,2026-10-08T01:43:23.024625+00:00,1331197c-f6c6-4f4a-a29b-95e580359886,224,9,0,1,7,0,1,1,1,1791423681
2026-10-08T01:42:00+00:00,2026-10-08T01:43:23.024625+00:00,2149920539832638004,2149920539832638004,9,0,3,3,0,1,1,1,1791423682
2026-10-08T01:42:00+00:00,2026-10-08T01:43:23.024625+00:00,8d535c23-f186-4161-aa10-17e94be6d4ae,436,5,4,3,6,1,1,1,1,1791423682
2026-10-08T01:42:00+00:00,2026-10-08T01:43:23.024625+00:00,2127252912986958612,2127252912986958612,4,0,0,11,0,1,1,1,1791423684
2026-10-08T01:42:00+00:00,2026-10-08T01:43:23.024625+00:00,918335df-fc1a-45c2-9cfc-c5e2e93aecc0,467,2,0,1,8,0,1,1,1,1791423683
2026-10-08T01:42:00+00:00,2026-10-08T01:43:23.024625+00:00,f834b928-0de8-11e7-991c-3863bb43a7d0,106,8,0,1,5,0,1,1,1,1791423684
2026-10-08T01:42:00+00:00,2026-10-08T01:43:23.024625+00:00,4d953f0f-13b5-4b3d-b2da-342003ff7cba,4d953f0f-13b5-4b3d-b2da-342003ff7cba,4,2,0,7,0,1,1,1,1791423683
2026-10-08T01:42:00+00:00,2026-10-08T01:43:23.024625+00:00,ea00f276-26dc-48ee-b2c8-6e56fd632a2d,272,2,0,1,16,0,1,1,1,1791423684
2026-10-08T01:42:00+00:00,2026-10-08T01:43:23.024625+00:00,15ec5783-ca7a-4225-ba51-cd0a45ecc975,15ec5783-ca7a-4225-ba51-cd0a45ecc975,8,6,0,3,0,1,1,1,1791423682
2026-10-08T01:42:00+00:00,2026-10-08T01:43:23.024625+00:00,b44b7c3d-c054-4591-92a9-3b96d86050ab,b44b7c3d-c054-4591-92a9-3b96d86050ab,2,2,0,9,0,1,1,1,1791423679
2026-10-08T01:42:00+00:00,2026-10-08T01:43:23.024625+00:00,2363c5a3-93cc-41a2-a767-90f1826c041f,426,0,0,0,27,0,1,1,1,1791423681
2026-10-08T01:42:00+00:00,2026-10-08T01:43:23.024625+00:00,dcd76e42-eebc-4432-9726-cdb3372b0b07,557,0,0,0,19,0,1,1,1,1791423688
2026-10-08T01:42:00+00:00,2026-10-08T01:43:23.024625+00:00,1976280681456741062,1976280681456741062,5,5,0,6,0,1,1,1,1791423689
2026-10-08T01:42:00+00:00,2026-10-08T01:43:23.024625+00:00,38706d8c-8d4b-49f7-b6ed-7688449db261,463,5,0,0,14,0,1,1,1,1791423689
2026-10-08T01:42:00+00:00,2026-10-08T01:43:23.024625+00:00,2129149628430547474,2129149628430547474,16,3,0,0,0,1,1,1,1791423686
2026-10-08T01:42:00+00:00,2026-10-08T01:43:23.024625+00:00,f834a1de-0de8-11e7-991c-3863bb43a7d0,84,0,0,0,13,0,1,1,1,1791423685
2026-10-08T01:42:00+00:00,2026-10-08T01:43:23.024625+00:00,f8347a8b-0de8-11e7-991c-3863bb43a7d0,29,14,0,0,5,0,1,1,1,1791423685
2026-10-08T01:42:00+00:00,2026-10-08T01:43:23.024625+00:00,ec4e1168-25dc-4929-b17b-e4ae578dd888,425,4,2,1,11,0,1,1,1,1791423686
2026-10-08T01:42:00+00:00,2026-10-08T01:43:23.024625+00:00,1994515539257334312,1994515539257334312,19,8,0,0,0,1,1,1,1791423687
2026-10-08T01:42:00+00:00,2026-10-08T01:43:23.024625+00:00,f834a67b-0de8-11e7-991c-3863bb43a7d0,89,1,0,1,17,0,1,1,1,1791423689
2026-10-08T01:42:00+00:00,2026-10-08T01:43:23.024625+00:00,2261583246847893606,2261583246847893606,16,9,1,2,0,1,1,1,1791423690
2026-10-08T01:42:00+00:00,2026-10-08T01:43:23.024625+00:00,f834b183-0de8-11e7-991c-3863bb43a7d0,98,11,1,1,10,0,1,1,1,1791423689
2026-10-08T01:42:00+00:00,2026-10-08T01:43:23.024625+00:00,1999644268058967024,1999644268058967024,23,1,0,1,0,1,1,1,1791423684
2026-10-08T01:42:00+00:00,2026-10-08T01:43:23.024625+00:00,1ef5abb2-5af9-41f2-a0dd-1e44278ad9f1,502,4,0,0,7,0,1,1,1,1791423685
2026-10-08T01:42:00+00:00,2026-10-08T01:43:23.024625+00:00,f8347ba8-0de8-11e7-991c-3863bb43a7d0,31,0,0,0,19,0,1,1,1,1791423687
2026-10-08T01:42:00+00:00,2026-10-08T01:43:23.024625+00:00,2134720099473744344,2134720099473744344,3,1,0,18,0,1,1,1,1791423687
2026-10-08T01:42:00+00:00,2026-10-08T01:43:23.024625+00:00,2126567695528519906,2126567695528519906,8,0,0,12,0,1,1,1,1791423692
2026-10-08T01:42:00+00:00,2026-10-08T01:43:23.024625+00:00,f83466c6-0de8-11e7-991c-3863bb43a7d0,6,1,0,2,11,0,1,1,1,1791423693
2026-10-08T01:42:00+00:00,2026-10-08T01:43:23.024625+00:00,1986694622707704150,1986694622707704150,16,0,1,2,0,1,1,1,1791423694
2026-10-08T01:42:00+00:00,2026-10-08T01:43:23.024625+00:00,2227859082657747444,2227859082657747444,6,2,0,1,0,1,1,1,1791423694
2026-10-08T01:42:00+00:00,2026-10-08T01:43:23.024625+00:00,8e7c1984-dc81-43b0-a0d3-58c6de45225a,465,7,5,0,4,0,1,1,1,1791423692
2026-10-08T01:42:00+00:00,2026-10-08T01:43:23.024625+00:00,829fa5a8-cc88-4ab2-9f34-b481aaa1612e,259,10,1,0,5,0,1,1,1,1791423692
2026-10-08T01:42:00+00:00,2026-10-08T01:43:23.024625+00:00,986068c4-d11a-465a-b8d0-bd0960c57f51,986068c4-d11a-465a-b8d0-bd0960c57f51,13,0,0,1,0,1,1,1,1791423694
2026-10-08T01:42:00+00:00,2026-10-08T01:43:23.024625+00:00,2132460331327742574,2132460331327742574,5,0,0,13,0,1,1,1,1791423695
2026-10-08T01:42:00+00:00,2026-10-08T01:43:23.024625+00:00,f83493c0-0de8-11e7-991c-3863bb43a7d0,67,3,0,4,24,0,1,1,1,1791423695
2026-10-08T01:42:00+00:00,2026-10-08T01:43:23.024625+00:00,2127634714741013228,2127634714741013228,15,2,0,9,0,1,1,1,1791423693
2026-10-08T01:42:00+00:00,2026-10-08T01:43:23.024625+00:00,569f4952-5a25-4394-a419-f9c4d9cca6f3,495,16,5,0,2,0,1,1,1,1791423695
2026-10-08T01:42:00+00:00,2026-10-08T01:43:23.024625+00:00,c111ef1a-f276-415d-a95e-8e3c4e3a0c03,522,5,2,1,9,0,1,1,1,1791423696
2026-10-08T01:42:00+00:00,2026-10-08T01:43:23.024625+00:00,97a1e4e7-a1ff-427a-aaea-48ca0d00bf9c,348,6,5,0,9,0,1,1,1,1791423696
2026-10-08T01:42:00+00:00,2026-10-08T01:43:23.024625+00:00,2251556760922290606,2251556760922290606,11,0,2,2,0,1,1,1,1791423696
2026-10-08T01:42:00+00:00,2026-10-08T01:43:23.024625+00:00,2124664048772581794,2124664048772581794,3,0,0,8,0,1,1,1,1791423697
2026-10-08T01:42:00+00:00,2026-10-08T01:43:23.024625+00:00,f834a2a8-0de8-11e7-991c-3863bb43a7d0,85,1,1,0,18,0,1,1,1,1791423698
2026-10-08T01:42:00+00:00,2026-10-08T01:43:23.024625+00:00,1976640911178291400,1976640911178291400,6,3,0,5,0,1,1,1,1791423699
2026-10-08T01:42:00+00:00,2026-10-08T01:43:23.024625+00:00,0bc49982-74e9-4bbf-9991-e3d809d6319e,530,12,6,0,7,0,1,1,1,1791423598
2026-10-08T01:42:00+00:00,2026-10-08T01:43:23.024625+00:00,68323451-daf0-4532-a6cb-b070e3ef358f,68323451-daf0-4532-a6cb-b070e3ef358f,1,0,0,18,0,1,1,1,1791423598
2026-10-08T01:42:00+00:00,2026-10-08T01:43:23.024625+00:00,a9d13461-7f0f-47b0-9a97-8ec9e9792865,533,16,1,1,2,0,1,1,1,1791423600
2026-10-08T01:42:00+00:00,2026-10-08T01:43:23.024625+00:00,f8348857-0de8-11e7-991c-3863bb43a7d0,55,4,0,0,11,0,1,1,1,1791423602
2026-10-08T01:42:00+00:00,2026-10-08T01:43:23.024625+00:00,f8352150-0de8-11e7-991c-3863bb43a7d0,196,2,2,0,8,0,1,1,1,1791423600
2026-10-08T01:42:00+00:00,2026-10-08T01:43:23.024625+00:00,3a6d94a7-9fee-41c5-b8cc-a8487c5e691b,549,22,0,0,1,0,1,1,1,1791423586
2026-10-08T01:42:00+00:00,2026-10-08T01:43:23.024625+00:00,2115804056935012722,2115804056935012722,0,0,0,18,0,1,1,1,1791423586
2026-10-08T01:42:00+00:00,2026-10-08T01:43:23.024625+00:00,f834fda2-0de8-11e7-991c-3863bb43a7d0,143,4,0,0,19,0,1,1,1,1791423584
2026-10-08T01:42:00+00:00,2026-10-08T01:43:23.024625+00:00,a439fff7-8630-464c-b277-efca6f6bc664,531,12,4,2,0,0,1,1,1,1791423584
2026-10-08T01:42:00+00:00,2026-10-08T01:43:23.024625+00:00,dd8dee9d-d044-41d6-9371-8463cf9c671b,526,6,3,0,8,1,1,1,1,1791423586
2026-10-08T01:42:00+00:00,2026-10-08T01:43:23.024625+00:00,3b158c7a-a362-43ae-af1f-121b78be32d7,483,6,2,1,10,0,1,1,1,1791423590
2026-10-08T01:42:00+00:00,2026-10-08T01:43:23.024625+00:00,0cb6d635-6a7d-4d75-89b4-36b12616be12,432,9,5,0,10,0,1,1,1,1791423582
2026-10-08T01:42:00+00:00,2026-10-08T01:43:23.024625+00:00,3dbbb3cb-b52d-46f8-8f9c-db11e83d081c,327,10,6,0,5,0,1,1,1,1791423578
2026-10-08T01:42:00+00:00,2026-10-08T01:43:23.024625+00:00,4caf6e93-ddd7-4b6f-9e61-f9df1206ac92,4caf6e93-ddd7-4b6f-9e61-f9df1206ac92,13,10,0,6,0,1,1,1,1791423582
2026-10-08T01:42:00+00:00,2026-10-08T01:43:23.024625+00:00,dc770287-c70c-43ea-a635-39f3dc6b09cd,dc770287-c70c-43ea-a635-39f3dc6b09cd,10,4,0,1,0,1,1,1,1791423582
2026-10-08T01:42:00+00:00,2026-10-08T01:43:23.024625+00:00,f8349672-0de8-11e7-991c-3863bb43a7d0,72,1,0,0,22,0,1,1,1,1791423596
2026-10-08T01:42:00+00:00,2026-10-08T01:43:23.024625+00:00,f4a64c30-b97f-4ae5-b531-a11698b558d7,562,6,2,0,3,0,1,1,1,1791423597
2026-10-08T01:42:00+00:00,2026-10-08T01:43:23.024625+00:00,2079440939380771716,2079440939380771716,1,1,1,9,0,1,1,1,1791423596
2026-10-08T01:42:00+00:00,2026-10-08T01:43:23.024625+00:00,e49a5b83-2c9c-4610-a48b-89cfea172c8f,504,6,0,0,5,0,1,1,1,1791423605
2026-10-08T01:42:00+00:00,2026-10-08T01:43:23.024625+00:00,f8346a3c-0de8-11e7-991c-3863bb43a7d0,10,2,0,2,7,0,1,1,1,1791423606
2026-10-08T01:42:00+00:00,2026-10-08T01:43:23.024625+00:00,50cc3c7f-50ed-4c70-b483-c89f3f47c938,491,17,1,0,2,0,1,1,1,1791423609
2026-10-08T01:42:00+00:00,2026-10-08T01:43:23.024625+00:00,f836bc28-36a7-4ca6-bba6-0d75333d84bb,538,14,1,1,4,0,1,1,1,1791423609
2026-10-08T01:42:00+00:00,2026-10-08T01:43:23.024625+00:00,f835141c-0de8-11e7-991c-3863bb43a7d0,178,10,0,2,6,0,1,1,1,1791423613
2026-10-08T01:42:00+00:00,2026-10-08T01:43:23.024625+00:00,f835259f-0de8-11e7-991c-3863bb43a7d0,205,3,2,1,11,0,1,1,1,1791423611
2026-10-08T01:42:00+00:00,2026-10-08T01:43:23.024625+00:00,2fded452-cbd0-4248-b008-f8a61ed9a85f,2fded452-cbd0-4248-b008-f8a61ed9a85f,3,2,0,12,0,1,1,1,1791423622
2026-10-08T01:42:00+00:00,2026-10-08T01:43:23.024625+00:00,634b697d-0e64-4102-8849-abac7a7f8e35,455,5,1,0,7,0,1,1,1,1791423622
2026-10-08T01:42:00+00:00,2026-10-08T01:43:23.024625+00:00,25cc602a-152a-4abe-9df8-a131d0a5d94b,235,10,5,0,5,0,1,1,1,1791423622
2026-10-08T01:42:00+00:00,2026-10-08T01:43:23.024625+00:00,2256120653476329202,2256120653476329202,13,1,0,2,0,1,1,1,1791423630
2026-10-08T01:42:00+00:00,2026-10-08T01:43:23.024625+00:00,1206f5c8-7d1f-4c32-9d65-f3e80186fbde,511,8,5,1,10,0,1,1,1,1791423629
2026-10-08T01:42:00+00:00,2026-10-08T01:43:23.024625+00:00,57caf362-1e8b-46aa-9ee3-82341c405ab0,271,3,1,1,11,0,1,1,1,1791423632
2026-10-08T01:42:00+00:00,2026-10-08T01:43:23.024625+00:00,2100948177843249670,2100948177843249670,8,5,0,3,0,1,1,1,1791423645
2026-10-08T01:42:00+00:00,2026-10-08T01:43:23.024625+00:00,fae99a0c-e88a-4112-94d8-f655cf34e651,fae99a0c-e88a-4112-94d8-f655cf34e651,2,0,3,14,0,1,1,1,1791423645
2026-10-08T01:42:00+00:00,2026-10-08T01:43:23.024625+00:00,7dd0fc98-c1dd-4c93-9c1d-4bbdf5f93346,473,14,9,0,0,0,1,1,1,1791423649
2026-10-08T01:42:00+00:00,2026-10-08T01:43:23.024625+00:00,3de6e5da-9702-4623-8683-26abd98012a8,525,5,1,0,7,0,1,1,1,1791423647
2026-10-08T01:42:00+00:00,2026-10-08T01:43:23.024625+00:00,2158217922577811100,2158217922577811100,5,0,0,14,0,1,1,1,1791423647
2026-10-08T01:42:00+00:00,2026-10-08T01:43:23.024625+00:00,c98f50f6-1901-4c64-b164-8cf33245e022,282,16,1,0,1,1,1,1,1,1791423649
2026-10-08T01:42:00+00:00,2026-10-08T01:43:23.024625+00:00,fbb9b58c-2b92-4bcf-8e4c-a982e40d2f39,221,0,0,1,18,0,1,1,1,1791423653
2026-10-08T01:42:00+00:00,2026-10-08T01:43:23.024625+00:00,d81e16e2-a410-4a0b-b5ae-b72748fc9781,d81e16e2-a410-4a0b-b5ae-b72748fc9781,9,0,0,10,0,1,1,1,1791423653
2026-10-08T01:42:00+00:00,2026-10-08T01:43:23.024625+00:00,f8348021-0de8-11e7-991c-3863bb43a7d0,39,24,1,0,3,0,1,1,1,1791423650
2026-10-08T01:42:00+00:00,2026-10-08T01:43:23.024625+00:00,f8346c01-0de8-11e7-991c-3863bb43a7d0,13,3,3,0,16,0,1,1,1,1791423651
2026-10-08T01:42:00+00:00,2026-10-08T01:43:23.024625+00:00,1961066392414132348,1961066392414132348,0,0,0,19,0,1,1,1,1791423651
2026-10-08T01:42:00+00:00,2026-10-08T01:43:23.024625+00:00,609c2f06-310e-4134-8dd2-3d23aa41487b,609c2f06-310e-4134-8dd2-3d23aa41487b,20,4,1,1,0,1,1,1,1791423616
2026-10-08T01:42:00+00:00,2026-10-08T01:43:23.024625+00:00,dd008e3c-ff17-4c82-abe0-502272a62425,558,2,2,1,14,0,1,1,1,1791423618
2026-10-08T01:42:00+00:00,2026-10-08T01:43:23.024625+00:00,a9bc314b-a3fd-46e5-a63b-f005258bba5f,a9bc314b-a3fd-46e5-a63b-f005258bba5f,4,0,0,13,1,1,1,1,1791423619
2026-10-08T01:42:00+00:00,2026-10-08T01:43:23.024625+00:00,2035765531590062506,2035765531590062506,7,1,3,1,0,1,1,1,1791423615
2026-10-08T01:42:00+00:00,2026-10-08T01:43:23.024625+00:00,1984021766354634770,1984021766354634770,11,0,0,8,0,1,1,1,1791423625
2026-10-08T01:42:00+00:00,2026-10-08T01:43:23.024625+00:00,8f51f8f1-ecb8-4cd3-8529-296a03140c51,8f51f8f1-ecb8-4cd3-8529-296a03140c51,8,3,0,11,0,1,1,1,1791423625
2026-10-08T01:42:00+00:00,2026-10-08T01:43:23.024625+00:00,f834ffc9-0de8-11e7-991c-3863bb43a7d0,146,18,2,0,1,0,1,1,1,1791423625
2026-10-08T01:42:00+00:00,2026-10-08T01:43:23.024625+00:00,b0b8e427-7203-4844-9c70-129e08a74452,347,13,4,1,0,0,1,1,1,1791423626
2026-10-08T01:42:00+00:00,2026-10-08T01:43:23.024625+00:00,2002247509585342522,2002247509585342522,8,1,0,3,0,1,1,1,1791423628
2026-10-08T01:42:00+00:00,2026-10-08T01:43:23.024625+00:00,3c837bc0-fd08-49c4-adf5-0e9a98e918a7,524,6,0,1,8,0,1,1,1,1791423639
2026-10-08T01:42:00+00:00,2026-10-08T01:43:23.024625+00:00,a3b94ed8-8301-4ec6-baf2-64ac493b5106,529,1,0,0,13,0,1,1,1,1791423635
2026-10-08T01:42:00+00:00,2026-10-08T01:43:23.024625+00:00,f834b50a-0de8-11e7-991c-3863bb43a7d0,102,13,2,0,2,0,1,1,1,1791423642
2026-10-08T01:42:00+00:00,2026-10-08T01:43:23.024625+00:00,31382324-2931-491a-827a-40149e45afee,232,5,0,0,6,0,1,1,1,1791423639
2026-10-08T01:42:00+00:00,2026-10-08T01:43:23.024625+00:00,f834923d-0de8-11e7-991c-3863bb43a7d0,65,5,0,0,14,0,1,1,1,1791423641
2026-10-08T01:42:00+00:00,2026-10-08T01:43:23.024625+00:00,f8348781-0de8-11e7-991c-3863bb43a7d0,53,7,0,1,11,0,1,1,1,1791423659
2026-10-08T01:42:00+00:00,2026-10-08T01:43:23.024625+00:00,66763558-7a03-48a9-8665-6b4445b81f48,458,11,7,0,4,0,1,1,1,1791423657
2026-10-08T01:42:00+00:00,2026-10-08T01:43:23.024625+00:00,2248987790637065652,2248987790637065652,12,2,0,0,0,1,1,1,1791423662
2026-10-08T01:42:00+00:00,2026-10-08T01:43:23.024625+00:00,f8350c56-0de8-11e7-991c-3863bb43a7d0,161,17,3,1,5,0,1,1,1,1791423662
2026-10-08T01:42:00+00:00,2026-10-08T01:43:23.024625+00:00,f8352c1a-0de8-11e7-991c-3863bb43a7d0,216,7,2,2,10,0,1,1,1,1791423661
2026-10-08T01:42:00+00:00,2026-10-08T01:43:23.024625+00:00,2120986392451359068,2120986392451359068,7,0,0,12,0,1,1,1,1791423661
2026-10-08T01:42:00+00:00,2026-10-08T01:43:23.024625+00:00,8b703219-1e16-4ba1-9f46-2b7030c7849a,360,3,2,2,10,0,1,1,1,1791423659
2026-10-08T01:42:00+00:00,2026-10-08T01:43:23.024625+00:00,910f1452-dbeb-4e69-b226-71b2d7e85715,910f1452-dbeb-4e69-b226-71b2d7e85715,7,7,0,3,0,1,1,1,1791423659
2026-10-08T01:42:00+00:00,2026-10-08T01:43:23.024625+00:00,f8350be5-0de8-11e7-991c-3863bb43a7d0,160,2,0,1,11,0,1,1,1,1791423659
2026-10-08T01:42:00+00:00,2026-10-08T01:43:23.024625+00:00,2171110977443594588,2171110977443594588,8,0,1,6,0,1,1,1,1791423665
2026-10-08T01:42:00+00:00,2026-10-08T01:43:23.024625+00:00,f1cafe36-f800-41f6-b74d-73953cb6394c,471,2,1,0,25,0,1,1,1,1791423660
2026-10-08T01:42:00+00:00,2026-10-08T01:43:23.024625+00:00,e3f5d039-a49e-4b3b-ab4d-4efbef2068c6,e3f5d039-a49e-4b3b-ab4d-4efbef2068c6,15,3,1,6,0,1,1,1,1791423659
2026-10-08T01:42:00+00:00,2026-10-08T01:43:23.024625+00:00,be7e7068-b85f-42c1-8ea1-e1d64e531323,be7e7068-b85f-42c1-8ea1-e1d64e531323,10,5,0,5,0,1,1,1,1791423672
2026-10-08T01:42:00+00:00,2026-10-08T01:43:23.024625+00:00,2253794653988522864,2253794653988522864,8,0,0,11,0,1,1,1,1791423660
2026-10-08T01:42:00+00:00,2026-10-08T01:43:23.024625+00:00,ee0fa23e-a6c2-474d-a6ef-bf581d63f1ae,ee0fa23e-a6c2-474d-a6ef-bf581d63f1ae,4,0,0,7,0,1,1,1,1791423672
2026-10-08T01:42:00+00:00,2026-10-08T01:43:23.024625+00:00,f8352a4d-0de8-11e7-991c-3863bb43a7d0,212,14,0,2,16,0,1,1,1,1791423672
2026-10-08T01:42:00+00:00,2026-10-08T01:43:23.024625+00:00,af066ffd-b892-434f-8532-1982fc408780,480,6,0,0,5,0,1,1,1,1791423675
2026-10-08T01:42:00+00:00,2026-10-08T01:43:23.024625+00:00,efd724b2-31cb-4aec-b9d9-8ab79271630c,493,9,0,0,8,0,1,1,1,1791423675
2026-10-08T01:42:00+00:00,2026-10-08T01:43:23.024625+00:00,2223046412750968128,2223046412750968128,4,1,0,15,0,1,1,1,1791423675
2026-10-08T01:42:00+00:00,2026-10-08T01:43:23.024625+00:00,2136546016037880534,2136546016037880534,4,1,0,11,0,1,1,1,1791423666
2026-10-08T01:42:00+00:00,2026-10-08T01:43:23.024625+00:00,f834d064-0de8-11e7-991c-3863bb43a7d0,118,6,0,0,13,0,1,1,1,1791423667
2026-10-08T01:42:00+00:00,2026-10-08T01:43:23.024625+00:00,4764641e-b080-4c70-a1e1-049de81e09d0,273,26,4,2,13,0,1,1,1,1791423670
2026-10-08T01:42:00+00:00,2026-10-08T01:43:23.024625+00:00,f83514f9-0de8-11e7-991c-3863bb43a7d0,180,9,0,1,9,0,1,1,1,1791423670
2026-10-08T01:42:00+00:00,2026-10-08T01:43:23.024625+00:00,f8347361-0de8-11e7-991c-3863bb43a7d0,26,10,0,0,5,0,1,1,1,1791423665
2026-10-08T01:42:00+00:00,2026-10-08T01:43:23.024625+00:00,13681246-4bf8-444a-a908-fa165e4ad298,329,10,1,2,3,0,1,1,1,1791423666
2026-10-08T01:42:00+00:00,2026-10-08T01:43:23.024625+00:00,f8353277-0de8-11e7-991c-3863bb43a7d0,218,0,0,0,15,0,1,1,1,1791423667
2026-10-08T01:42:00+00:00,2026-10-08T01:43:23.024625+00:00,b5894555-30a3-46db-918a-fdeb083d6001,336,11,6,1,3,0,1,1,1,1791423669
2026-10-08T01:42:00+00:00,2026-10-08T01:43:23.024625+00:00,f834b652-0de8-11e7-991c-3863bb43a7d0,104,9,1,1,9,0,1,1,1,1791423679
2026-10-08T01:42:00+00:00,2026-10-08T01:43:23.024625+00:00,2131714490587826928,2131714490587826928,11,8,2,3,0,1,1,1,1791423680
2026-10-08T01:42:00+00:00,2026-10-08T01:43:23.024625+00:00,3f4f4ad4-a715-43d5-828f-f8381f26b66a,390,9,0,0,5,1,1,1,1,1791423677
2026-10-08T01:42:00+00:00,2026-10-08T01:43:23.024625+00:00,2080157934789007958,2080157934789007958,16,2,2,1,0,1,1,1,1791423681
2026-10-08T01:42:00+00:00,2026-10-08T01:43:23.024625+00:00,2111332861978124760,2111332861978124760,3,1,1,12,0,1,1,1,1791423681
2026-10-08T01:42:00+00:00,2026-10-08T01:43:23.024625+00:00,2113560016964645240,2113560016964645240,8,0,1,10,0,1,1,1,1791423682
2026-10-08T01:42:00+00:00,2026-10-08T01:43:23.024625+00:00,f834db9b-0de8-11e7-991c-3863bb43a7d0,121,16,7,0,1,0,1,1,1,1791423683
2026-10-08T01:42:00+00:00,2026-10-08T01:43:23.024625+00:00,f834ff5a-0de8-11e7-991c-3863bb43a7d0,145,5,0,1,13,0,1,1,1,1791423683
2026-10-08T01:42:00+00:00,2026-10-08T01:43:23.024625+00:00,a51b429f-bf06-425a-b3fe-b3155aa6468c,a51b429f-bf06-425a-b3fe-b3155aa6468c,10,2,0,1,0,1,1,1,1791423683
2026-10-08T01:42:00+00:00,2026-10-08T01:43:23.024625+00:00,dd05a440-f881-410c-a071-864da11c634a,318,0,0,0,19,0,1,1,1,1791423685
2026-10-08T01:42:00+00:00,2026-10-08T01:43:23.024625+00:00,f835027c-0de8-11e7-991c-3863bb43a7d0,152,9,0,0,18,0,1,1,1,1791423684
2026-10-08T01:42:00+00:00,2026-10-08T01:43:23.024625+00:00,2004828637786472956,2004828637786472956,11,2,0,8,0,1,1,1,1791423685
2026-10-08T01:42:00+00:00,2026-10-08T01:43:23.024625+00:00,2071724371800490690,2071724371800490690,10,2,0,10,0,1,1,1,1791423682
2026-10-08T01:42:00+00:00,2026-10-08T01:43:23.024625+00:00,f8351e42-0de8-11e7-991c-3863bb43a7d0,189,0,0,0,23,0,1,1,1,1791423690
2026-10-08T01:42:00+00:00,2026-10-08T01:43:23.024625+00:00,f83487f0-0de8-11e7-991c-3863bb43a7d0,54,2,0,0,13,0,1,1,1,1791423690
2026-10-08T01:42:00+00:00,2026-10-08T01:43:23.024625+00:00,2012646293885032702,2012646293885032702,15,0,0,9,0,1,1,1,1791423691
2026-10-08T01:42:00+00:00,2026-10-08T01:43:23.024625+00:00,f8352306-0de8-11e7-991c-3863bb43a7d0,199,8,2,1,6,0,1,1,1,1791423687
2026-10-08T01:42:00+00:00,2026-10-08T01:43:23.024625+00:00,2126939746529359956,2126939746529359956,7,2,0,12,0,1,1,1,1791423687
2026-10-08T01:42:00+00:00,2026-10-08T01:43:23.024625+00:00,ee18dbd6-05b8-4d38-a120-f84c3499a77e,519,4,0,0,7,0,1,1,1,1791423690
2026-10-08T01:42:00+00:00,2026-10-08T01:43:23.024625+00:00,f8349de4-0de8-11e7-991c-3863bb43a7d0,80,2,0,0,32,0,1,1,1,1791423688
2026-10-08T01:42:00+00:00,2026-10-08T01:43:23.024625+00:00,f834a32d-0de8-11e7-991c-3863bb43a7d0,86,17,1,1,7,0,1,1,1,1791423692
2026-10-08T01:42:00+00:00,2026-10-08T01:43:23.024625+00:00,f8349d6e-0de8-11e7-991c-3863bb43a7d0,79,18,2,0,0,0,1,1,1,1791423695
2026-10-08T01:42:00+00:00,2026-10-08T01:43:23.024625+00:00,f834fb66-0de8-11e7-991c-3863bb43a7d0,139,17,3,2,0,0,1,1,1,1791423695
2026-10-08T01:42:00+00:00,2026-10-08T01:43:23.024625+00:00,2124668538068359456,2124668538068359456,6,0,0,14,0,1,1,1,1791423693
2026-10-08T01:42:00+00:00,2026-10-08T01:43:23.024625+00:00,1963273678015717438,1963273678015717438,3,1,0,16,0,1,1,1,1791423694
2026-10-08T01:42:00+00:00,2026-10-08T01:43:23.024625+00:00,2074236051937964826,2074236051937964826,14,0,0,1,1,1,1,1,1791423694
2026-10-08T01:42:00+00:00,2026-10-08T01:43:23.024625+00:00,082262bd-086b-46c7-83ce-eed2b39142ff,416,3,1,0,12,0,1,1,1,1791423693
2026-10-08T01:42:00+00:00,2026-10-08T01:43:23.024625+00:00,f8348924-0de8-11e7-991c-3863bb43a7d0,57,11,0,0,3,0,1,1,1,1791423694
2026-10-08T01:42:00+00:00,2026-10-08T01:43:23.024625+00:00,f83472d3-0de8-11e7-991c-3863bb43a7d0,25,15,1,0,0,0,1,1,1,1791423696
2026-10-08T01:42:00+00:00,2026-10-08T01:43:23.024625+00:00,c935cfb1-ef73-402e-9b86-83aaaac6534d,478,4,0,1,14,0,1,1,1,1791423696
2026-10-08T01:42:00+00:00,2026-10-08T01:43:23.024625+00:00,1994461916590643872,1994461916590643872,10,2,1,0,0,1,1,1,1791423697
2026-10-08T01:42:00+00:00,2026-10-08T01:43:23.024625+00:00,f8351ff1-0de8-11e7-991c-3863bb43a7d0,193,10,2,1,4,0,1,1,1,1791423697
2026-10-08T01:42:00+00:00,2026-10-08T01:43:23.024625+00:00,1e3beeb4-f8e1-452c-93e5-48df78d4b313,334,12,5,0,6,0,1,1,1,1791423697
2026-10-08T01:42:00+00:00,2026-10-08T01:43:23.024625+00:00,f83512c9-0de8-11e7-991c-3863bb43a7d0,175,9,2,1,7,0,1,1,1,1791423603
2026-10-08T01:42:00+00:00,2026-10-08T01:43:23.024625+00:00,1942556871369959976,1942556871369959976,13,5,0,6,0,1,1,1,1791423608
2026-10-08T01:42:00+00:00,2026-10-08T01:43:23.024625+00:00,2212258635631104970,2212258635631104970,4,1,0,19,0,1,1,1,1791423605
2026-10-08T01:42:00+00:00,2026-10-08T01:43:23.024625+00:00,47c44bb1-d065-41f5-ad79-c18aee60af34,342,7,0,0,8,0,1,1,1,1791423611
2026-10-08T01:42:00+00:00,2026-10-08T01:43:23.024625+00:00,2040842277416872172,2040842277416872172,1,0,0,15,0,1,1,1,1791423610
2026-10-08T01:42:00+00:00,2026-10-08T01:43:23.024625+00:00,f8347b1e-0de8-11e7-991c-3863bb43a7d0,30,3,1,0,12,0,1,1,1,1791423613
2026-10-08T01:42:00+00:00,2026-10-08T01:43:23.024625+00:00,f834b99d-0de8-11e7-991c-3863bb43a7d0,107,0,0,1,18,0,1,1,1,1791423614
2026-10-08T01:42:00+00:00,2026-10-08T01:43:23.024625+00:00,1921360868231155718,1921360868231155718,2,0,1,16,0,1,1,1,1791423613
2026-10-08T01:42:00+00:00,2026-10-08T01:43:23.024625+00:00,93381e13-cd04-4e10-ac81-9f5926aa01d5,333,9,2,1,15,0,1,1,1,1791423619
2026-10-08T01:42:00+00:00,2026-10-08T01:43:23.024625+00:00,2123672938202825324,2123672938202825324,15,1,0,0,0,1,1,1,1791423620
2026-10-08T01:42:00+00:00,2026-10-08T01:43:23.024625+00:00,81676204-e42f-4d3d-991e-9c1264f36229,357,15,1,0,0,0,1,1,1,1791423621
2026-10-08T01:42:00+00:00,2026-10-08T01:43:23.024625+00:00,7c860828-3359-4229-b59b-963f5a4bab00,236,8,0,3,1,0,1,1,1,1791423621
2026-10-08T01:42:00+00:00,2026-10-08T01:43:23.024625+00:00,f83529e2-0de8-11e7-991c-3863bb43a7d0,211,9,1,1,5,0,1,1,1,1791423619
2026-10-08T01:42:00+00:00,2026-10-08T01:43:23.024625+00:00,f834ba08-0de8-11e7-991c-3863bb43a7d0,108,0,0,0,16,0,1,1,1,1791423617
2026-10-08T01:42:00+00:00,2026-10-08T01:43:23.024625+00:00,9e9be067-c6bb-41de-9491-eda69d24d6de,371,10,6,0,8,1,1,1,1,1791423644
2026-10-08T01:42:00+00:00,2026-10-08T01:43:23.024625+00:00,d1c0b0c2-6e4c-424e-a946-a2a95a711633,422,5,1,0,10,0,1,1,1,1791423644
2026-10-08T01:42:00+00:00,2026-10-08T01:43:23.024625+00:00,f8350a84-0de8-11e7-991c-3863bb43a7d0,157,2,2,1,12,0,1,1,1,1791423646
2026-10-08T01:42:00+00:00,2026-10-08T01:43:23.024625+00:00,f8348a68-0de8-11e7-991c-3863bb43a7d0,60,0,0,0,18,0,1,1,1,1791423645
2026-10-08T01:42:00+00:00,2026-10-08T01:43:23.024625+00:00,f8346f6f-0de8-11e7-991c-3863bb43a7d0,19,7,0,0,7,0,1,1,1,1791423654
2026-10-08T01:42:00+00:00,2026-10-08T01:43:23.024625+00:00,f714390d-6874-43fa-a079-a07f83c79c7b,f714390d-6874-43fa-a079-a07f83c79c7b,5,0,0,6,0,1,1,1,1791423653
2026-10-08T01:42:00+00:00,2026-10-08T01:43:23.024625+00:00,aa556ad4-0092-4687-96c2-8dbc69addb56,485,2,1,2,7,0,1,1,1,1791423653
2026-10-08T01:42:00+00:00,2026-10-08T01:43:23.024625+00:00,f835108b-0de8-11e7-991c-3863bb43a7d0,170,1,0,0,13,0,1,1,1,1791423654
2026-10-08T01:42:00+00:00,2026-10-08T01:43:23.024625+00:00,f83471a1-0de8-11e7-991c-3863bb43a7d0,23,3,1,0,21,1,1,1,1,1791423651
2026-10-08T01:42:00+00:00,2026-10-08T01:43:23.024625+00:00,f83483f3-0de8-11e7-991c-3863bb43a7d0,46,1,0,1,37,0,1,1,1,1791423578
2026-10-08T01:42:00+00:00,2026-10-08T01:43:23.024625+00:00,fe6a64e7-c712-404c-85ae-ee77a37245b1,355,6,1,1,10,0,1,1,1,1791423579
2026-10-08T01:42:00+00:00,2026-10-08T01:43:23.024625+00:00,e32c0bb9-e85b-4764-b0fb-5c582cfd3a90,340,14,8,1,2,1,1,1,1,1791423580
2026-10-08T01:42:00+00:00,2026-10-08T01:43:23.024625+00:00,2267959380696438832,2267959380696438832,7,0,0,4,0,1,1,1,1791423592
2026-10-08T01:42:00+00:00,2026-10-08T01:43:23.024625+00:00,2096125468116637776,2096125468116637776,14,0,0,1,0,1,1,1,1791423589
2026-10-08T01:42:00+00:00,2026-10-08T01:43:23.024625+00:00,4fe8e777-345b-4fc2-a684-dd874e8186d8,4fe8e777-345b-4fc2-a684-dd874e8186d8,0,0,8,0,7,1,1,1,1791423590
2026-10-08T01:42:00+00:00,2026-10-08T01:43:23.024625+00:00,f834fede-0de8-11e7-991c-3863bb43a7d0,144,4,0,0,15,0,1,1,1,1791423592
2026-10-08T01:42:00+00:00,2026-10-08T01:43:23.024625+00:00,f834dedf-0de8-11e7-991c-3863bb43a7d0,124,7,3,1,6,0,1,1,1,1791423596
2026-10-08T01:42:00+00:00,2026-10-08T01:43:23.024625+00:00,c23a4c0d-7e43-4042-80e2-7c894d07763b,559,5,1,0,6,0,1,1,1,1791423597
2026-10-08T01:42:00+00:00,2026-10-08T01:43:23.024625+00:00,ca76adb6-4c84-4484-9ec3-b411b81ddbef,ca76adb6-4c84-4484-9ec3-b411b81ddbef,4,0,2,13,0,1,1,1,1791423595
2026-10-08T01:42:00+00:00,2026-10-08T01:43:23.024625+00:00,f834f8ca-0de8-11e7-991c-3863bb43a7d0,137,19,10,0,0,0,1,1,1,1791423633
2026-10-08T01:42:00+00:00,2026-10-08T01:43:23.024625+00:00,52485851-e554-49de-ab9f-f536806d2d34,52485851-e554-49de-ab9f-f536806d2d34,4,4,0,6,0,1,1,1,1791423637
2026-10-08T01:42:00+00:00,2026-10-08T01:43:23.024625+00:00,f8351490-0de8-11e7-991c-3863bb43a7d0,179,20,0,3,29,1,1,1,1,1791423637
2026-10-08T01:42:00+00:00,2026-10-08T01:43:23.024625+00:00,1976642295079838524,1976642295079838524,8,0,1,2,0,1,1,1,1791423642
2026-10-08T01:42:00+00:00,2026-10-08T01:43:23.024625+00:00,f834a838-0de8-11e7-991c-3863bb43a7d0,92,14,0,0,4,0,1,1,1,1791423641
2026-10-08T01:42:00+00:00,2026-10-08T01:43:23.024625+00:00,7df1ee28-441e-44c1-8507-8f58946be96b,239,8,2,0,7,0,1,1,1,1791423640
2026-10-08T01:42:00+00:00,2026-10-08T01:43:23.024625+00:00,e2c306f6-82c7-4d0d-89fd-c9452d2f9ad1,361,11,0,1,31,0,1,1,1,1791423639
2026-10-08T01:42:00+00:00,2026-10-08T01:43:23.024625+00:00,1978882443666915710,1978882443666915710,5,0,0,12,1,1,1,1,1791423640
2026-10-08T01:42:00+00:00,2026-10-08T01:43:23.024625+00:00,fe534b6f-61ad-47d3-b9f6-cdaa128f53a4,395,4,0,2,9,0,1,1,1,1791423640
2026-10-08T01:42:00+00:00,2026-10-08T01:43:23.024625+00:00,f834dc46-0de8-11e7-991c-3863bb43a7d0,122,7,0,0,8,0,1,1,1,1791423643
2026-10-08T01:42:00+00:00,2026-10-08T01:43:23.024625+00:00,f83489ff-0de8-11e7-991c-3863bb43a7d0,59,0,0,0,18,1,1,1,1,1791423587
2026-10-08T01:42:00+00:00,2026-10-08T01:43:23.024625+00:00,f8351726-0de8-11e7-991c-3863bb43a7d0,185,0,0,1,14,0,1,1,1,1791423582
2026-10-08T01:42:00+00:00,2026-10-08T01:43:23.024625+00:00,a3bf0bfe-198b-4160-a2fb-cc7d10cfb4cf,a3bf0bfe-198b-4160-a2fb-cc7d10cfb4cf,19,7,0,0,0,1,1,1,1791423584
2026-10-08T01:42:00+00:00,2026-10-08T01:43:23.024625+00:00,a83f982f-a4f1-43e4-98e8-c8f4a0bb7290,452,13,0,1,1,0,1,1,1,1791423585
2026-10-08T01:42:00+00:00,2026-10-08T01:43:23.024625+00:00,2104f242-2dde-4ec0-8197-4454b1021ac1,381,16,1,0,7,1,1,1,1,1791423604
2026-10-08T01:42:00+00:00,2026-10-08T01:43:23.024625+00:00,f0f01d4c-ba4a-4ab2-9cc0-9fa1f9223300,394,4,1,0,10,0,1,1,1,1791423599
2026-10-08T01:42:00+00:00,2026-10-08T01:43:23.024625+00:00,9f582e05-15e0-4a39-aef5-c719e0c78e26,466,2,1,2,7,0,1,1,1,1791423599
2026-10-08T01:42:00+00:00,2026-10-08T01:43:23.024625+00:00,f834a3a0-0de8-11e7-991c-3863bb43a7d0,87,14,3,0,1,0,1,1,1,1791423623
2026-10-08T01:42:00+00:00,2026-10-08T01:43:23.024625+00:00,7feae3ce-ddf2-4a45-a123-1209c8a9182b,484,2,0,0,9,0,1,1,1,1791423625
2026-10-08T01:42:00+00:00,2026-10-08T01:43:23.024625+00:00,2225590560002383786,2225590560002383786,1,1,0,14,0,1,1,1,1791423623
2026-10-08T01:42:00+00:00,2026-10-08T01:43:23.024625+00:00,f8285d4f-5053-4e26-bb28-72016fe11353,405,12,0,1,6,0,1,1,1,1791423624
2026-10-08T01:42:00+00:00,2026-10-08T01:43:23.024625+00:00,2130224177726511580,2130224177726511580,7,0,0,8,0,1,1,1,1791423629
2026-10-08T01:42:00+00:00,2026-10-08T01:43:23.024625+00:00,f83515d8-0de8-11e7-991c-3863bb43a7d0,182,15,0,0,4,0,1,1,1,1791423629
2026-10-08T01:42:00+00:00,2026-10-08T01:43:23.024625+00:00,f8352378-0de8-11e7-991c-3863bb43a7d0,200,10,1,0,9,0,1,1,1,1791423630
2026-10-08T01:42:00+00:00,2026-10-08T01:43:23.024625+00:00,12d463d2-ce50-43bd-81b1-6be4dbdbbc1b,430,13,4,0,6,0,1,1,1,1791423631
2026-10-08T01:42:00+00:00,2026-10-08T01:43:23.024625+00:00,0daf7408-7a15-4d2b-8c39-f1a097cdbe85,403,14,1,0,1,0,1,1,1,1791423630
2026-10-08T01:42:00+00:00,2026-10-08T01:43:23.024625+00:00,2109111257926871498,2109111257926871498,19,5,0,0,0,1,1,1,1791423660
2026-10-08T01:42:00+00:00,2026-10-08T01:43:23.024625+00:00,5f8ced09-665c-41e5-b67e-1e58fac21830,521,1,1,0,10,0,1,1,1,1791423662
2026-10-08T01:42:00+00:00,2026-10-08T01:43:23.024625+00:00,2014558273483754010,2014558273483754010,16,3,0,3,0,1,1,1,1791423658
2026-10-08T01:42:00+00:00,2026-10-08T01:43:23.024625+00:00,f83481c5-0de8-11e7-991c-3863bb43a7d0,42,6,1,0,24,0,1,1,1,1791423658
2026-10-08T01:42:00+00:00,2026-10-08T01:43:23.024625+00:00,53548ba4-ad0a-4d92-8e57-fd5c9f3ad102,399,4,0,0,11,0,1,1,1,1791423659
2026-10-08T01:42:00+00:00,2026-10-08T01:43:23.024625+00:00,8347c34d-68df-404b-ac58-7a387cc3ce4b,414,5,2,0,18,0,1,1,1,1791423659
2026-10-08T01:42:00+00:00,2026-10-08T01:43:23.024625+00:00,2131760674371160748,2131760674371160748,0,0,1,19,0,1,1,1,1791423652
2026-10-08T01:42:00+00:00,2026-10-08T01:43:23.024625+00:00,2212663228188806942,2212663228188806942,10,0,0,14,0,1,1,1,1791423544
2026-10-08T01:42:00+00:00,2026-10-08T01:43:23.024625+00:00,4c128753-6fde-4d4c-896e-a1adf89ada98,4c128753-6fde-4d4c-896e-a1adf89ada98,2,1,2,20,1,1,1,1,1791423662
2026-10-08T01:42:00+00:00,2026-10-08T01:43:23.024625+00:00,9340e113-e0b2-48ac-b58a-8b6f001b0a94,486,4,1,0,7,0,1,1,1,1791423662
2026-10-08T01:42:00+00:00,2026-10-08T01:43:23.024625+00:00,f8352068-0de8-11e7-991c-3863bb43a7d0,194,12,3,0,7,0,1,1,1,1791423662
2026-10-08T01:42:00+00:00,2026-10-08T01:43:23.024625+00:00,2271594282663217386,2271594282663217386,3,3,0,8,0,1,1,1,1791423394
2026-10-08T01:42:00+00:00,2026-10-08T01:43:23.024625+00:00,6e340d8e-45db-4fd9-b6eb-b74ec73b0d3e,535,5,1,3,7,0,1,1,1,1791423663
2026-10-08T01:42:00+00:00,2026-10-08T01:43:23.024625+00:00,00802fe6-4268-4dc8-8f55-0dbbc1665ce6,515,13,1,0,6,0,1,1,1,1791423669
2026-10-08T01:42:00+00:00,2026-10-08T01:43:23.024625+00:00,1989983491501558234,1989983491501558234,1,0,0,10,0,1,1,1,1791423671
2026-10-08T01:42:00+00:00,2026-10-08T01:43:23.024625+00:00,2118368356250680236,2118368356250680236,1,0,0,15,0,1,1,1,1791423665
2026-10-08T01:42:00+00:00,2026-10-08T01:43:23.024625+00:00,2076849845777355316,2076849845777355316,22,2,2,5,3,1,1,1,1791423666
2026-10-08T01:42:00+00:00,2026-10-08T01:43:23.024625+00:00,12141b77-6e5f-444b-bace-2abf16db4fee,12141b77-6e5f-444b-bace-2abf16db4fee,9,5,0,2,0,1,1,1,1791423666
2026-10-08T01:42:00+00:00,2026-10-08T01:43:23.024625+00:00,f834ec42-0de8-11e7-991c-3863bb43a7d0,131,16,0,1,1,0,1,1,1,1791423659
2026-10-08T01:42:00+00:00,2026-10-08T01:43:23.024625+00:00,1676a6f7-c417-48d2-92e8-5ce21995efc3,374,0,0,0,18,0,1,1,1,1791423689
2026-10-08T01:42:00+00:00,2026-10-08T01:43:23.024625+00:00,f8351dc2-0de8-11e7-991c-3863bb43a7d0,188,10,3,0,5,0,1,1,1,1791423690
2026-10-08T01:42:00+00:00,2026-10-08T01:43:23.024625+00:00,bd1755dc-f26c-420e-85b3-fd025d0b5445,554,1,0,0,14,0,1,1,1,1791423691
2026-10-08T01:42:00+00:00,2026-10-08T01:43:23.024625+00:00,eee3aab6-bd98-4d1f-8887-9c4e2adce482,eee3aab6-bd98-4d1f-8887-9c4e2adce482,10,4,1,0,0,1,1,1,1791423692
2026-10-08T01:42:00+00:00,2026-10-08T01:43:23.024625+00:00,f834fc57-0de8-11e7-991c-3863bb43a7d0,140,14,2,0,3,0,1,1,1,1791423692
2026-10-08T01:42:00+00:00,2026-10-08T01:43:23.024625+00:00,4f25f6ef-236b-43b4-8a92-68a24db0504b,4f25f6ef-236b-43b4-8a92-68a24db0504b,12,5,0,2,0,1,1,1,1791423693
2026-10-08T01:42:00+00:00,2026-10-08T01:43:23.024625+00:00,74cb9bf6-bb53-4c70-88d2-67998b99628c,296,23,10,0,0,0,1,1,1,1791423690
2026-10-08T01:42:00+00:00,2026-10-08T01:43:23.024625+00:00,2151136782588526782,2151136782588526782,4,1,0,7,0,1,1,1,1791423693
2026-10-08T01:42:00+00:00,2026-10-08T01:43:23.024625+00:00,f8351eb0-0de8-11e7-991c-3863bb43a7d0,190,36,4,0,1,0,1,1,1,1791423693
2026-10-08T01:42:00+00:00,2026-10-08T01:43:23.024625+00:00,9c8366d8-3b58-4894-b281-09e22f6fe5f7,464,11,4,0,0,0,1,1,1,1791423669
2026-10-08T01:42:00+00:00,2026-10-08T01:43:23.024625+00:00,f834ab92-0de8-11e7-991c-3863bb43a7d0,95,13,0,0,2,0,1,1,1,1791423669
2026-10-08T01:42:00+00:00,2026-10-08T01:43:23.024625+00:00,81bfc33b-30d8-4881-b261-712715a8b2bc,363,11,0,0,6,1,1,1,1,1791423665
2026-10-08T01:42:00+00:00,2026-10-08T01:43:23.024625+00:00,2071630998981871920,2071630998981871920,12,4,1,7,0,1,1,1,1791423666
2026-10-08T01:42:00+00:00,2026-10-08T01:43:23.024625+00:00,2038981933682610536,2038981933682610536,8,2,0,8,0,1,1,1,1791423666
2026-10-08T01:42:00+00:00,2026-10-08T01:43:23.024625+00:00,be18593a-9e4c-4a13-8bb2-a5bac3d9b2b3,547,11,3,0,7,0,1,1,1,1791423667
2026-10-08T01:42:00+00:00,2026-10-08T01:43:23.024625+00:00,f8350204-0de8-11e7-991c-3863bb43a7d0,151,0,0,0,19,0,1,1,1,1791423675
2026-10-08T01:42:00+00:00,2026-10-08T01:43:23.024625+00:00,bd3d4824-7203-4edc-a314-cea2b413e886,319,9,1,0,17,1,1,1,1,1791423675
2026-10-08T01:42:00+00:00,2026-10-08T01:43:23.024625+00:00,186accbb-6a08-4e1d-b267-9033c4443a56,401,9,1,0,6,0,1,1,1,1791423676
2026-10-08T01:42:00+00:00,2026-10-08T01:43:23.024625+00:00,c5017e67-cada-4549-a52e-0f13dddd289d,424,5,2,0,14,0,1,1,1,1791423675
2026-10-08T01:42:00+00:00,2026-10-08T01:43:23.024625+00:00,f834a7d1-0de8-11e7-991c-3863bb43a7d0,91,1,0,1,17,0,1,1,1,1791423673
2026-10-08T01:42:00+00:00,2026-10-08T01:43:23.024625+00:00,2249419943962214726,2249419943962214726,8,3,0,11,0,1,1,1,1791423674
2026-10-08T01:42:00+00:00,2026-10-08T01:43:23.024625+00:00,f834ea45-0de8-11e7-991c-3863bb43a7d0,130,8,2,1,6,0,1,1,1,1791423674
2026-10-08T01:42:00+00:00,2026-10-08T01:43:23.024625+00:00,f834824e-0de8-11e7-991c-3863bb43a7d0,43,0,0,0,15,0,1,1,1,1791423685
2026-10-08T01:42:00+00:00,2026-10-08T01:43:23.024625+00:00,228b8017-e4da-4722-9223-b8279a14b8ad,448,0,0,0,10,0,1,1,1,1791423684
2026-10-08T01:42:00+00:00,2026-10-08T01:43:23.024625+00:00,c202f2ca-ec1d-4dc5-a734-e0a342f23ba4,279,22,5,1,0,0,1,1,1,1791423684
2026-10-08T01:42:00+00:00,2026-10-08T01:43:23.024625+00:00,2129865213174084448,2129865213174084448,14,5,0,5,0,1,1,1,1791423685
2026-10-08T01:42:00+00:00,2026-10-08T01:43:23.024625+00:00,2254164250455119196,2254164250455119196,6,6,0,9,0,1,1,1,1791423685
2026-10-08T01:42:00+00:00,2026-10-08T01:43:23.024625+00:00,f834caf2-0de8-11e7-991c-3863bb43a7d0,114,8,1,0,7,0,1,1,1,1791423687
2026-10-08T01:42:00+00:00,2026-10-08T01:43:23.024625+00:00,2245672241002318634,2245672241002318634,6,0,1,11,0,1,1,1,1791423686
2026-10-08T01:42:00+00:00,2026-10-08T01:43:23.024625+00:00,f8349e56-0de8-11e7-991c-3863bb43a7d0,81,3,2,0,17,0,1,1,1,1791423686
2026-10-08T01:42:00+00:00,2026-10-08T01:43:23.024625+00:00,ed6c012e-6d6c-41e7-8e01-90749fd67575,546,8,7,0,8,0,1,1,1,1791423688
2026-10-08T01:42:00+00:00,2026-10-08T01:43:23.024625+00:00,2007420398783036020,2007420398783036020,7,1,0,13,0,1,1,1,1791423688
2026-10-08T01:42:00+00:00,2026-10-08T01:43:23.024625+00:00,ad2fb6f2-921f-440c-83de-08be76e35c2a,468,2,0,1,11,0,1,1,1,1791423686
2026-10-08T01:42:00+00:00,2026-10-08T01:43:23.024625+00:00,a75d3da1-ce74-447f-8e80-52506a81aff3,a75d3da1-ce74-447f-8e80-52506a81aff3,6,2,0,5,0,1,1,1,1791423686
2026-10-08T01:42:00+00:00,2026-10-08T01:43:23.024625+00:00,0b0467c1-0c90-4529-a556-fe4d57835bbb,435,12,10,0,2,1,1,1,1,1791423678
2026-10-08T01:42:00+00:00,2026-10-08T01:43:23.024625+00:00,f83480a9-0de8-11e7-991c-3863bb43a7d0,40,24,0,1,6,0,1,1,1,1791423679
2026-10-08T01:42:00+00:00,2026-10-08T01:43:23.024625+00:00,2d32e355-faee-407b-9bb7-45d80ffb059a,2d32e355-faee-407b-9bb7-45d80ffb059a,0,0,0,19,0,1,1,1,1791423679
2026-10-08T01:42:00+00:00,2026-10-08T01:43:23.024625+00:00,f8349ed6-0de8-11e7-991c-3863bb43a7d0,82,18,5,1,6,0,1,1,1,1791423679
2026-10-08T01:42:00+00:00,2026-10-08T01:43:23.024625+00:00,2093488029445054742,2093488029445054742,1,1,0,27,0,1,1,1,1791423680
2026-10-08T01:42:00+00:00,2026-10-08T01:43:23.024625+00:00,42886366-9cbf-432c-ba84-beef38877c87,408,14,4,1,0,0,1,1,1,1791423682
2026-10-08T01:42:00+00:00,2026-10-08T01:43:23.024625+00:00,1a39ab83-f029-4134-aad4-35380b30bf2c,1a39ab83-f029-4134-aad4-35380b30bf2c,3,0,0,16,0,1,1,1,1791423680
2026-10-08T01:42:00+00:00,2026-10-08T01:43:23.024625+00:00,5bbdd12f-fec4-4741-9d5d-4a60834c5d02,377,7,2,0,12,0,1,1,1,1791423682
2026-10-08T01:42:00+00:00,2026-10-08T01:43:23.024625+00:00,2035660824473983142,2035660824473983142,7,0,0,11,1,1,1,1,1791423683
2026-10-08T01:42:00+00:00,2026-10-08T01:43:23.024625+00:00,f835260c-0de8-11e7-991c-3863bb43a7d0,206,5,0,0,35,0,1,1,1,1791423683
2026-10-08T01:42:00+00:00,2026-10-08T01:43:23.024625+00:00,c1789d39-705f-4c03-9c14-4d6a3a4f4400,561,3,0,0,16,0,1,1,1,1791423695
2026-10-08T01:42:00+00:00,2026-10-08T01:43:23.024625+00:00,f8352ac4-0de8-11e7-991c-3863bb43a7d0,213,5,0,3,6,0,1,1,1,1791423695
2026-10-08T01:42:00+00:00,2026-10-08T01:43:23.024625+00:00,9cc65d3d-cfcc-45ff-8f75-7264556b1cf9,9cc65d3d-cfcc-45ff-8f75-7264556b1cf9,11,3,0,8,0,1,1,1,1791423696
2026-10-08T01:42:00+00:00,2026-10-08T01:43:23.024625+00:00,2098360140389493528,2098360140389493528,6,5,3,2,0,1,1,1,1791423695
2026-10-08T01:42:00+00:00,2026-10-08T01:43:23.024625+00:00,065e0e5d-8a0d-49b7-9c1f-c8eaba51a8b4,490,12,4,1,5,0,1,1,1,1791423697
2026-10-08T01:42:00+00:00,2026-10-08T01:43:23.024625+00:00,eb8824c3-9c84-4fec-8d6f-d537c8ab3beb,349,13,10,0,3,1,1,1,1,1791423697
2026-10-08T01:42:00+00:00,2026-10-08T01:43:23.024625+00:00,f834658f-0de8-11e7-991c-3863bb43a7d0,4,15,1,0,4,0,1,1,1,1791423697
2026-10-08T01:42:00+00:00,2026-10-08T01:43:23.024625+00:00,f83520d8-0de8-11e7-991c-3863bb43a7d0,195,0,0,0,23,0,1,1,1,1791423697
2026-10-08T01:42:00+00:00,2026-10-08T01:43:23.024625+00:00,13d4171b-6d93-490e-923f-f2a17d5c7613,13d4171b-6d93-490e-923f-f2a17d5c7613,3,1,0,8,0,1,1,1,1791423697
2026-10-08T01:42:00+00:00,2026-10-08T01:43:23.024625+00:00,2002579415401984808,2002579415401984808,6,2,0,5,0,1,1,1,1791423697
2026-10-08T01:42:00+00:00,2026-10-08T01:43:23.024625+00:00,2002248857751890568,2002248857751890568,9,6,1,1,0,1,1,1,1791423698
2026-10-08T01:42:00+00:00,2026-10-08T01:43:23.024625+00:00,403c0f6c-d01a-4171-a7be-3aa4dbb0d7d1,407,6,4,2,10,0,1,1,1,1791423697
2026-10-08T01:42:00+00:00,2026-10-08T01:43:23.024625+00:00,2220822464984366036,2220822464984366036,5,2,0,7,0,1,1,1,1791423698
2026-10-08T01:42:00+00:00,2026-10-08T01:43:23.024625+00:00,1df03e33-c105-4e53-b013-d20056cd57f8,1df03e33-c105-4e53-b013-d20056cd57f8,0,0,0,0,0,0,0,0,86400
2026-10-08T01:42:00+00:00,2026-10-08T01:43:23.024625+00:00,2246034666940677832,2246034666940677832,5,0,0,6,0,1,1,1,1791423560
2026-10-08T01:42:00+00:00,2026-10-08T01:43:23.024625+00:00,df03c61a-29d7-445d-9980-d7f058916591,345,2,0,0,17,0,1,1,1,1791423580
2026-10-08T01:42:00+00:00,2026-10-08T01:43:23.024625+00:00,ff938129-8179-455c-9ac9-9fcb9fc0b6d5,ff938129-8179-455c-9ac9-9fcb9fc0b6d5,7,3,0,12,0,1,1,1,1791423584
2026-10-08T01:42:00+00:00,2026-10-08T01:43:23.024625+00:00,9721c80e-fc8f-474f-8918-b68c041d2836,9721c80e-fc8f-474f-8918-b68c041d2836,10,0,1,12,0,1,1,1,1791423588
2026-10-08T01:42:00+00:00,2026-10-08T01:43:23.024625+00:00,36f36eed-1070-49be-8b31-5676b8b3489f,227,0,0,0,19,0,1,1,1,1791423588
2026-10-08T01:42:00+00:00,2026-10-08T01:43:23.024625+00:00,5b1d2661-8a93-4f14-b242-ebc52792f951,337,14,1,1,0,0,1,1,1,1791423588
2026-10-08T01:42:00+00:00,2026-10-08T01:43:23.024625+00:00,fe90d430-d33f-48b2-a5cd-bc161b220939,553,3,0,0,20,0,1,1,1,1791423586
2026-10-08T01:42:00+00:00,2026-10-08T01:43:23.024625+00:00,f834f6a3-0de8-11e7-991c-3863bb43a7d0,135,0,0,0,17,0,1,1,1,1791423586
2026-10-08T01:42:00+00:00,2026-10-08T01:43:23.024625+00:00,f834b8b3-0de8-11e7-991c-3863bb43a7d0,105,17,2,0,1,0,1,1,1,1791423591
2026-10-08T01:42:00+00:00,2026-10-08T01:43:23.024625+00:00,940638c5-7cd0-4a11-899e-86af3868d400,532,8,2,0,10,0,1,1,1,1791423591
2026-10-08T01:42:00+00:00,2026-10-08T01:43:23.024625+00:00,295553ea-851b-4ac2-a094-f9d1208e399a,412,10,1,0,9,0,1,1,1,1791423590
2026-10-08T01:42:00+00:00,2026-10-08T01:43:23.024625+00:00,f8352534-0de8-11e7-991c-3863bb43a7d0,204,5,5,0,10,0,1,1,1,1791423599
2026-10-08T01:42:00+00:00,2026-10-08T01:43:23.024625+00:00,1965873511294959658,1965873511294959658,2,0,0,21,0,1,1,1,1791423599
2026-10-08T01:42:00+00:00,2026-10-08T01:43:23.024625+00:00,2043911250700610106,2043911250700610106,0,0,0,15,0,1,1,1,1791423595
2026-10-08T01:42:00+00:00,2026-10-08T01:43:23.024625+00:00,d7507124-4cab-4063-8445-a59a33a3d6e4,512,6,1,1,12,0,1,1,1,1791423594
2026-10-08T01:42:00+00:00,2026-10-08T01:43:23.024625+00:00,f8351f1d-0de8-11e7-991c-3863bb43a7d0,191,7,0,0,8,0,1,1,1,1791423594
2026-10-08T01:42:00+00:00,2026-10-08T01:43:23.024625+00:00,cf5f920f-b61d-4db0-b139-14aff04d577c,459,17,0,1,5,0,1,1,1,1791423623
2026-10-08T01:42:00+00:00,2026-10-08T01:43:23.024625+00:00,f834b101-0de8-11e7-991c-3863bb43a7d0,97,6,1,1,11,1,1,1,1,1791423624
2026-10-08T01:42:00+00:00,2026-10-08T01:43:23.024625+00:00,f8350cc1-0de8-11e7-991c-3863bb43a7d0,162,0,0,0,15,0,1,1,1,1791423624
2026-10-08T01:42:00+00:00,2026-10-08T01:43:23.024625+00:00,aa964f5b-fadf-4fc1-8c91-84ee36e15f0d,341,15,0,0,0,0,1,1,1,1791423625
2026-10-08T01:42:00+00:00,2026-10-08T01:43:23.024625+00:00,8a404180-7c2e-4dbe-9489-c478ed959282,8a404180-7c2e-4dbe-9489-c478ed959282,0,0,2,17,0,1,1,1,1791423625
2026-10-08T01:42:00+00:00,2026-10-08T01:43:23.024625+00:00,2085366936904166272,2085366936904166272,11,2,2,2,0,1,1,1,1791423640
2026-10-08T01:42:00+00:00,2026-10-08T01:43:23.024625+00:00,6aebc664-1e3c-479f-8f65-2bae99215ed3,6aebc664-1e3c-479f-8f65-2bae99215ed3,6,4,0,5,0,1,1,1,1791423639
2026-10-08T01:42:00+00:00,2026-10-08T01:43:23.024625+00:00,f8346d23-0de8-11e7-991c-3863bb43a7d0,15,7,0,0,8,0,1,1,1,1791423639
2026-10-08T01:42:00+00:00,2026-10-08T01:43:23.024625+00:00,1e1b40cd-8e00-4b74-b147-be6b23f5c9e7,385,3,0,0,12,0,1,1,1,1791423658
2026-10-08T01:42:00+00:00,2026-10-08T01:43:23.024625+00:00,56817d8e-3a1c-431a-a529-1a600f80c364,366,17,2,0,10,0,1,1,1,1791423661
2026-10-08T01:42:00+00:00,2026-10-08T01:43:23.024625+00:00,51bb4381-dae4-4aeb-b213-0614b807be29,344,4,3,0,15,0,1,1,1,1791423661
2026-10-08T01:42:00+00:00,2026-10-08T01:43:23.024625+00:00,2141791438824588162,2141791438824588162,15,1,0,4,0,1,1,1,1791423661
2026-10-08T01:42:00+00:00,2026-10-08T01:43:23.024625+00:00,f8352b39-0de8-11e7-991c-3863bb43a7d0,214,6,3,1,6,1,1,1,1,1791423662
2026-10-08T01:42:00+00:00,2026-10-08T01:43:23.024625+00:00,f834662c-0de8-11e7-991c-3863bb43a7d0,5,5,0,0,10,0,1,1,1,1791423660
2026-10-08T01:42:00+00:00,2026-10-08T01:43:23.024625+00:00,8983c75a-12c1-4995-aedc-24c94bd895e3,384,3,1,0,16,0,1,1,1,1791423660
2026-10-08T01:42:00+00:00,2026-10-08T01:43:23.024625+00:00,1a661bb7-7d14-49e9-ac3d-22bafec8a2f0,507,6,2,1,4,0,1,1,1,1791423660
2026-10-08T01:42:00+00:00,2026-10-08T01:43:23.024625+00:00,81323081-749c-44cf-ac62-0e6c64305c32,461,11,1,0,0,0,1,1,1,1791423659
2026-10-08T01:42:00+00:00,2026-10-08T01:43:23.024625+00:00,f8352ba8-0de8-11e7-991c-3863bb43a7d0,215,1,0,0,14,0,1,1,1,1791423660
2026-10-08T01:42:00+00:00,2026-10-08T01:43:23.024625+00:00,2027502297316997708,2027502297316997708,10,4,0,1,0,1,1,1,1791423673
2026-10-08T01:42:00+00:00,2026-10-08T01:43:23.024625+00:00,d8ce5f8b-2440-45e1-ab1c-23cb3bcbde84,527,5,2,0,8,0,1,1,1,1791423669
2026-10-08T01:42:00+00:00,2026-10-08T01:43:23.024625+00:00,1991922092203192944,1991922092203192944,1,0,1,17,0,1,1,1,1791423669
2026-10-08T01:42:00+00:00,2026-10-08T01:43:23.024625+00:00,2088704000370565344,2088704000370565344,3,0,3,6,0,1,1,1,1791423671
2026-10-08T01:42:00+00:00,2026-10-08T01:43:23.024625+00:00,7f68a70d-af0e-450a-b7a8-ce621cd0c8c1,280,15,5,0,4,0,1,1,1,1791423673
2026-10-08T01:42:00+00:00,2026-10-08T01:43:23.024625+00:00,dede6d5f-7d62-496e-a8ca-d5a64afe39c1,544,14,8,1,0,0,1,1,1,1791423668
2026-10-08T01:42:00+00:00,2026-10-08T01:43:23.024625+00:00,f8346803-0de8-11e7-991c-3863bb43a7d0,8,11,1,0,8,0,1,1,1,1791423671
2026-10-08T01:42:00+00:00,2026-10-08T01:43:23.024625+00:00,f8347ccd-0de8-11e7-991c-3863bb43a7d0,33,5,0,0,22,0,1,1,1,1791423670
2026-10-08T01:42:00+00:00,2026-10-08T01:43:23.024625+00:00,f8350ecf-0de8-11e7-991c-3863bb43a7d0,167,11,6,0,4,0,1,1,1,1791423677
2026-10-08T01:42:00+00:00,2026-10-08T01:43:23.024625+00:00,25a9114f-66f0-427c-920f-5526ca84f056,346,7,3,0,8,0,1,1,1,1791423677
2026-10-08T01:42:00+00:00,2026-10-08T01:43:23.024625+00:00,2087949096844032050,2087949096844032050,15,4,0,1,0,1,1,1,1791423678
2026-10-08T01:42:00+00:00,2026-10-08T01:43:23.024625+00:00,fbc512a5-4b98-4821-bcfb-bb0c7ac83543,365,3,0,0,16,0,1,1,1,1791423675
2026-10-08T01:42:00+00:00,2026-10-08T01:43:23.024625+00:00,2259733531216984776,2259733531216984776,5,3,0,10,0,1,1,1,1791423671
2026-10-08T01:42:00+00:00,2026-10-08T01:43:23.024625+00:00,f834abfd-0de8-11e7-991c-3863bb43a7d0,96,8,1,3,8,0,1,1,1,1791423675
2026-10-08T01:42:00+00:00,2026-10-08T01:43:23.024625+00:00,f834cfd8-0de8-11e7-991c-3863bb43a7d0,117,0,0,4,11,1,1,1,1,1791423674
2026-10-08T01:42:00+00:00,2026-10-08T01:43:23.024625+00:00,270ad97d-035d-472a-9827-76d3187afc56,402,15,5,0,0,0,1,1,1,1791423674
2026-10-08T01:42:00+00:00,2026-10-08T01:43:23.024625+00:00,903b9b5d-4244-43e4-8441-0d17f9a994f7,528,2,0,0,9,0,1,1,1,1791423675
2026-10-08T01:42:00+00:00,2026-10-08T01:43:23.024625+00:00,2119105928286481344,2119105928286481344,6,0,0,13,0,1,1,1,1791423675
2026-10-08T01:42:00+00:00,2026-10-08T01:43:23.024625+00:00,f83482d2-0de8-11e7-991c-3863bb43a7d0,44,2,0,0,29,0,1,1,1,1791423678
2026-10-08T01:42:00+00:00,2026-10-08T01:43:23.024625+00:00,f9524971-e9f9-4572-aebc-580e48de042f,f9524971-e9f9-4572-aebc-580e48de042f,18,4,0,1,0,1,1,1,1791423679
2026-10-08T01:42:00+00:00,2026-10-08T01:43:23.024625+00:00,ccf82572-a142-4378-9a4b-5a51fcb4ef81,350,5,1,0,12,0,1,1,1,1791423684
2026-10-08T01:42:00+00:00,2026-10-08T01:43:23.024625+00:00,2270454512964591136,2270454512964591136,2,0,0,17,0,1,1,1,1791423684
2026-10-08T01:42:00+00:00,2026-10-08T01:43:23.024625+00:00,2039109354743046934,2039109354743046934,8,0,2,9,1,1,1,1,1791423683
2026-10-08T01:42:00+00:00,2026-10-08T01:43:23.024625+00:00,f834a8a0-0de8-11e7-991c-3863bb43a7d0,93,12,0,1,18,0,1,1,1,1791423680
2026-10-08T01:42:00+00:00,2026-10-08T01:43:23.024625+00:00,48abed77-c9ba-4a39-8a5c-6a1e9bb8a9a5,48abed77-c9ba-4a39-8a5c-6a1e9bb8a9a5,15,4,1,0,0,1,1,1,1791423681
2026-10-08T01:42:00+00:00,2026-10-08T01:43:23.024625+00:00,68e5e79a-3c94-4848-b619-9c0829d7f687,475,14,0,0,1,0,1,1,1,1791423681
2026-10-08T01:42:00+00:00,2026-10-08T01:43:23.024625+00:00,f8346b6f-0de8-11e7-991c-3863bb43a7d0,12,1,0,0,26,0,1,1,1,1791423681
2026-10-08T01:42:00+00:00,2026-10-08T01:43:23.024625+00:00,f83511d4-0de8-11e7-991c-3863bb43a7d0,173,8,0,0,5,1,1,1,1,1791423682
2026-10-08T01:42:00+00:00,2026-10-08T01:43:23.024625+00:00,f834708e-0de8-11e7-991c-3863bb43a7d0,21,3,0,1,14,0,1,1,1,1791423683
2026-10-08T01:42:00+00:00,2026-10-08T01:43:23.024625+00:00,2249415127458891992,2249415127458891992,14,0,0,1,0,1,1,1,1791423681
2026-10-08T01:42:00+00:00,2026-10-08T01:43:23.024625+00:00,f834a959-0de8-11e7-991c-3863bb43a7d0,94,6,6,0,4,0,1,1,1,1791423688
2026-10-08T01:42:00+00:00,2026-10-08T01:43:23.024625+00:00,baab0b05-a028-4147-8432-a2726c7e48ea,328,0,0,10,0,0,1,0,0,1791423689
2026-10-08T01:42:00+00:00,2026-10-08T01:43:23.024625+00:00,2069389896750516900,2069389896750516900,2,0,0,18,0,1,1,1,1791423687
2026-10-08T01:42:00+00:00,2026-10-08T01:43:23.024625+00:00,f8347f09-0de8-11e7-991c-3863bb43a7d0,37,2,0,1,12,0,1,1,1,1791423687
2026-10-08T01:42:00+00:00,2026-10-08T01:43:23.024625+00:00,f8349b20-0de8-11e7-991c-3863bb43a7d0,76,8,2,0,9,0,1,1,1,1791423685
2026-10-08T01:42:00+00:00,2026-10-08T01:43:23.024625+00:00,23146f28-9762-4a6d-a6db-fcd4ff0e5d07,356,15,0,0,8,0,1,1,1,1791423686
2026-10-08T01:42:00+00:00,2026-10-08T01:43:23.024625+00:00,2040842870122359032,2040842870122359032,0,0,0,20,0,1,1,1,1791423686
2026-10-08T01:42:00+00:00,2026-10-08T01:43:23.024625+00:00,f8349440-0de8-11e7-991c-3863bb43a7d0,68,3,1,1,15,0,1,1,1,1791423691
2026-10-08T01:42:00+00:00,2026-10-08T01:43:23.024625+00:00,57716f8d-c9ee-4768-8872-71343ec3ffd8,514,2,0,2,15,0,1,1,1,1791423691
2026-10-08T01:42:00+00:00,2026-10-08T01:43:23.024625+00:00,2270212773802111256,2270212773802111256,10,0,1,8,0,1,1,1,1791423690
2026-10-08T01:42:00+00:00,2026-10-08T01:43:23.024625+00:00,2014865445230483952,2014865445230483952,8,2,0,9,0,1,1,1,1791423617
2026-10-08T01:42:00+00:00,2026-10-08T01:43:23.024625+00:00,f8352219-0de8-11e7-991c-3863bb43a7d0,197,5,4,0,10,0,1,1,1,1791423615
2026-10-08T01:42:00+00:00,2026-10-08T01:43:23.024625+00:00,2145094035874873892,2145094035874873892,1,0,2,16,0,1,1,1,1791423616
2026-10-08T01:42:00+00:00,2026-10-08T01:43:23.024625+00:00,1963613484180639992,1963613484180639992,17,2,0,2,0,1,1,1,1791423618
2026-10-08T01:42:00+00:00,2026-10-08T01:43:23.024625+00:00,8b97606e-a849-4db8-ae9b-4009fe48d90b,556,8,1,0,11,0,1,1,1,1791423611
2026-10-08T01:42:00+00:00,2026-10-08T01:43:23.024625+00:00,1994054629753598708,1994054629753598708,12,3,0,2,0,1,1,1,1791423613
2026-10-08T01:42:00+00:00,2026-10-08T01:43:23.024625+00:00,f83491d4-0de8-11e7-991c-3863bb43a7d0,64,0,0,1,22,0,1,1,1,1791423612
2026-10-08T01:42:00+00:00,2026-10-08T01:43:23.024625+00:00,2080205593583047424,2080205593583047424,12,0,0,4,0,1,1,1,1791423628
2026-10-08T01:42:00+00:00,2026-10-08T01:43:23.024625+00:00,b205d2bb-bb76-49ac-8d14-85eec5a874d3,343,8,2,1,6,0,1,1,1,1791423628
2026-10-08T01:42:00+00:00,2026-10-08T01:43:23.024625+00:00,2227858849424910006,2227858849424910006,7,0,0,1,0,1,1,1,1791423629
2026-10-08T01:42:00+00:00,2026-10-08T01:43:23.024625+00:00,7e1dae55-4d3d-4a41-b969-2aeca70e0e69,7e1dae55-4d3d-4a41-b969-2aeca70e0e69,3,0,1,7,0,1,1,1,1791423631
2026-10-08T01:42:00+00:00,2026-10-08T01:43:23.024625+00:00,1994466222105870452,1994466222105870452,4,1,2,5,0,1,1,1,1791423666
2026-10-08T01:42:00+00:00,2026-10-08T01:43:23.024625+00:00,f834c7a9-0de8-11e7-991c-3863bb43a7d0,112,12,5,0,3,0,1,1,1,1791423666
2026-10-08T01:42:00+00:00,2026-10-08T01:43:23.024625+00:00,f83517fa-0de8-11e7-991c-3863bb43a7d0,187,8,4,0,7,0,1,1,1,1791423607
2026-10-08T01:42:00+00:00,2026-10-08T01:43:23.024625+00:00,8d893519-bc21-4536-b346-f558988bc8ad,260,12,3,0,3,0,1,1,1,1791423603
2026-10-08T01:42:00+00:00,2026-10-08T01:43:23.024625+00:00,ea65c25f-0718-4f79-8588-c58b9fe3a105,226,12,3,0,2,1,1,1,1,1791423610
2026-10-08T01:42:00+00:00,2026-10-08T01:43:23.024625+00:00,f835288a-0de8-11e7-991c-3863bb43a7d0,208,15,1,0,0,0,1,1,1,1791423635
2026-10-08T01:42:00+00:00,2026-10-08T01:43:23.024625+00:00,2110984374959099994,2110984374959099994,7,2,0,13,0,1,1,1,1791423635
2026-10-08T01:42:00+00:00,2026-10-08T01:43:23.024625+00:00,9bfa4a32-5598-46ea-a1a1-17b4c6ed9d84,431,10,2,0,5,0,1,1,1,1791423631
2026-10-08T01:42:00+00:00,2026-10-08T01:43:23.024625+00:00,f2b83aa2-86cd-4904-a099-74bf2023f768,330,6,0,1,8,0,1,1,1,1791423632
2026-10-08T01:42:00+00:00,2026-10-08T01:43:23.024625+00:00,e4678b17-face-42c3-9b5f-98418d31e3b6,e4678b17-face-42c3-9b5f-98418d31e3b6,11,3,0,0,0,1,1,1,1791423635
2026-10-08T01:42:00+00:00,2026-10-08T01:43:23.024625+00:00,0208190e-851c-417d-8bc7-1b218db97fbf,0208190e-851c-417d-8bc7-1b218db97fbf,0,0,0,23,0,1,1,1,1791423630
2026-10-08T01:42:00+00:00,2026-10-08T01:43:23.024625+00:00,1986302395589722758,1986302395589722758,6,0,0,4,0,1,1,1,1791423634
2026-10-08T01:42:00+00:00,2026-10-08T01:43:23.024625+00:00,90330e1a-dee5-4914-9d3f-3891aeca12ca,434,11,2,1,7,0,1,1,1,1791423632
2026-10-08T01:42:00+00:00,2026-10-08T01:43:23.024625+00:00,f83497b9-0de8-11e7-991c-3863bb43a7d0,74,0,0,0,19,0,1,1,1,1791423631
2026-10-08T01:42:00+00:00,2026-10-08T01:43:23.024625+00:00,380de8b2-2728-4e4b-83f1-251bfbb5acf2,487,10,1,0,9,0,1,1,1,1791423643
2026-10-08T01:42:00+00:00,2026-10-08T01:43:23.024625+00:00,f83513a7-0de8-11e7-991c-3863bb43a7d0,177,4,1,0,15,0,1,1,1,1791423644
2026-10-08T01:42:00+00:00,2026-10-08T01:43:23.024625+00:00,ad2cf74c-0e8c-4e15-8f19-2259e8c82f0f,404,12,0,0,4,0,1,1,1,1791423644
2026-10-08T01:42:00+00:00,2026-10-08T01:43:23.024625+00:00,a6e0db4f-fc9b-42af-bfe0-36cc0259b717,446,1,0,1,14,0,1,1,1,1791423645
2026-10-08T01:42:00+00:00,2026-10-08T01:43:23.024625+00:00,f8347c41-0de8-11e7-991c-3863bb43a7d0,32,2,1,0,12,0,1,1,1,1791423645
2026-10-08T01:42:00+00:00,2026-10-08T01:43:23.024625+00:00,1cced911-b428-4cfd-81be-3a8f77ce7379,233,8,1,1,6,0,1,1,1,1791423645
2026-10-08T01:42:00+00:00,2026-10-08T01:43:23.024625+00:00,868ccc83-99e5-4faf-96eb-e1fae26b9741,481,5,0,0,14,0,1,1,1,1791423644
2026-10-08T01:42:00+00:00,2026-10-08T01:43:23.024625+00:00,b6a8522d-296d-4c05-887d-842374520780,545,10,10,0,3,1,1,1,1,1791423646
2026-10-08T01:42:00+00:00,2026-10-08T01:43:23.024625+00:00,d5349097-b478-4b3f-9c46-d8fbcf38e3f4,509,9,3,0,3,0,1,1,1,1791423648
2026-10-08T01:42:00+00:00,2026-10-08T01:43:23.024625+00:00,d22265a8-a6d7-4922-a6b5-4be738a9e5c4,392,4,1,0,11,0,1,1,1,1791423648
2026-10-08T01:42:00+00:00,2026-10-08T01:43:23.024625+00:00,7560f0e3-267b-4fb3-bbfa-6e02010cfcb7,225,14,0,0,5,0,1,1,1,1791423646
2026-10-08T01:42:00+00:00,2026-10-08T01:43:23.024625+00:00,f83492b4-0de8-11e7-991c-3863bb43a7d0,66,15,5,0,0,0,1,1,1,1791423652
2026-10-08T01:42:00+00:00,2026-10-08T01:43:23.024625+00:00,2118728866631796788,2118728866631796788,4,0,0,11,0,1,1,1,1791423652
2026-10-08T01:42:00+00:00,2026-10-08T01:43:23.024625+00:00,f8346ad7-0de8-11e7-991c-3863bb43a7d0,11,1,1,0,14,0,1,1,1,1791423652
2026-10-08T01:42:00+00:00,2026-10-08T01:43:23.024625+00:00,61168d8b-20b7-46c8-8f08-6ae1f100c4e0,550,2,1,0,15,0,1,1,1,1791423654
2026-10-08T01:42:00+00:00,2026-10-08T01:43:23.024625+00:00,ef6ef93b-488f-496b-afbf-3aedfd967129,517,3,2,0,12,0,1,1,1,1791423656
2026-10-08T01:42:00+00:00,2026-10-08T01:43:23.024625+00:00,f834723b-0de8-11e7-991c-3863bb43a7d0,24,0,0,1,22,0,1,1,1,1791423655
2026-10-08T01:42:00+00:00,2026-10-08T01:43:23.024625+00:00,b34694c2-c640-4f70-b196-1c357ab798e0,b34694c2-c640-4f70-b196-1c357ab798e0,12,4,0,3,0,1,1,1,1791423693
2026-10-08T01:42:00+00:00,2026-10-08T01:43:23.024625+00:00,f834e534-0de8-11e7-991c-3863bb43a7d0,128,5,1,0,14,0,1,1,1,1791423693
2026-10-08T01:42:00+00:00,2026-10-08T01:43:23.024625+00:00,888780ee-bf2f-474e-9622-6bc725aa1b00,888780ee-bf2f-474e-9622-6bc725aa1b00,5,0,0,6,0,1,1,1,1791423694
2026-10-08T01:42:00+00:00,2026-10-08T01:43:23.024625+00:00,f83488be-0de8-11e7-991c-3863bb43a7d0,56,5,2,0,13,0,1,1,1,1791423696
2026-10-08T01:42:00+00:00,2026-10-08T01:43:23.024625+00:00,2090635592862466836,2090635592862466836,3,1,2,25,1,1,1,1,1791423696
2026-10-08T01:42:00+00:00,2026-10-08T01:43:23.024625+00:00,99675a11-a92c-465c-bf5a-434b08ba5fc6,400,16,2,1,35,0,1,1,1,1791423696
2026-10-08T01:42:00+00:00,2026-10-08T01:43:23.024625+00:00,2085737662370069102,2085737662370069102,14,5,0,4,1,1,1,1,1791423696
2026-10-08T01:42:00+00:00,2026-10-08T01:43:23.024625+00:00,f8350b76-0de8-11e7-991c-3863bb43a7d0,159,3,2,2,14,1,1,1,1,1791423696
2026-10-08T01:42:00+00:00,2026-10-08T01:43:23.024625+00:00,f8347e78-0de8-11e7-991c-3863bb43a7d0,36,13,1,2,16,0,1,1,1,1791423697
2026-10-08T01:42:00+00:00,2026-10-08T01:43:23.024625+00:00,2090158541932726550,2090158541932726550,7,0,0,8,0,1,1,1,1791423695
2026-10-08T01:42:00+00:00,2026-10-08T01:43:23.024625+00:00,f8348622-0de8-11e7-991c-3863bb43a7d0,50,0,0,0,19,0,1,1,1,1791423697
2026-10-08T01:42:00+00:00,2026-10-08T01:43:23.024625+00:00,c5cfd1ed-aa44-4e20-96bb-e334c96f0d68,376,10,1,0,5,0,1,1,1,1791423697
2026-10-08T01:42:00+00:00,2026-10-08T01:43:23.024625+00:00,103a9881-e30a-4d57-b81d-863b995ff759,255,0,0,0,0,0,0,0,0,86400
2026-10-08T01:42:00+00:00,2026-10-08T01:43:23.024625+00:00,2327cb08-fa9f-459b-9ab0-1a319b0f2f4c,539,3,1,1,14,0,1,1,1,1791423579
2026-10-08T01:42:00+00:00,2026-10-08T01:43:23.024625+00:00,abefafdc-c772-4671-86fe-fc15a42adebb,abefafdc-c772-4671-86fe-fc15a42adebb,5,0,0,18,0,1,1,1,1791423581
2026-10-08T01:42:00+00:00,2026-10-08T01:43:23.024625+00:00,2113555008851845550,2113555008851845550,13,4,0,7,0,1,1,1,1791423587
2026-10-08T01:42:00+00:00,2026-10-08T01:43:23.024625+00:00,1944724820826878816,1944724820826878816,11,0,1,5,0,1,1,1,1791423586
2026-10-08T01:42:00+00:00,2026-10-08T01:43:23.024625+00:00,2136942888571742916,2136942888571742916,3,0,1,11,0,1,1,1,1791423561
2026-10-08T01:42:00+00:00,2026-10-08T01:43:23.024625+00:00,54d86d05-b399-42c5-a63a-a97713afc5d4,54d86d05-b399-42c5-a63a-a97713afc5d4,2,2,1,7,0,1,1,1,1791423592
2026-10-08T01:42:00+00:00,2026-10-08T01:43:23.024625+00:00,f834b49d-0de8-11e7-991c-3863bb43a7d0,101,9,1,0,9,0,1,1,1,1791423577
2026-10-08T01:42:00+00:00,2026-10-08T01:43:23.024625+00:00,2141932795355773712,2141932795355773712,5,0,0,12,0,1,1,1,1791423598
2026-10-08T01:42:00+00:00,2026-10-08T01:43:23.024625+00:00,70f20fcb-8e63-4015-9007-b97c525ab0a9,335,12,0,1,6,0,1,1,1,1791423594
2026-10-08T01:42:00+00:00,2026-10-08T01:43:23.024625+00:00,53a148ca-ac69-4a9c-a986-9a4b4df2f5df,387,8,0,0,7,0,1,1,1,1791423594
2026-10-08T01:42:00+00:00,2026-10-08T01:43:23.024625+00:00,2111712079786088918,2111712079786088918,6,3,1,8,0,1,1,1,1791423594
2026-10-08T01:42:00+00:00,2026-10-08T01:43:23.024625+00:00,f834b5d9-0de8-11e7-991c-3863bb43a7d0,103,15,4,0,0,0,1,1,1,1791423602
2026-10-08T01:42:00+00:00,2026-10-08T01:43:23.024625+00:00,2264176803898382980,2264176803898382980,4,2,0,7,0,1,1,1,1791423601
2026-10-08T01:42:00+00:00,2026-10-08T01:43:23.024625+00:00,f6df6c1a-064f-428a-951c-2069a081b9df,380,2,0,1,15,0,1,1,1,1791423606
2026-10-08T01:42:00+00:00,2026-10-08T01:43:23.024625+00:00,510239fe-69c3-458b-b53c-6ce001845f4a,354,14,9,0,1,0,1,1,1,1791423605
2026-10-08T01:42:00+00:00,2026-10-08T01:43:23.024625+00:00,36a8fbc8-6069-4a29-bbfd-63a2d019c9a5,415,1,0,0,18,0,1,1,1,1791423607
2026-10-08T01:42:00+00:00,2026-10-08T01:43:23.024625+00:00,518f6524-0e7f-454d-974e-e3ff9db1f795,494,9,0,0,1,0,1,1,1,1791423613
2026-10-08T01:42:00+00:00,2026-10-08T01:43:23.024625+00:00,ccd6fdd4-b39e-46d7-b43c-7bacffb6bd87,523,0,0,0,17,0,1,1,1,1791423611
2026-10-08T01:42:00+00:00,2026-10-08T01:43:23.024625+00:00,f8348509-0de8-11e7-991c-3863bb43a7d0,48,2,2,0,13,0,1,1,1,1791423615
2026-10-08T01:42:00+00:00,2026-10-08T01:43:23.024625+00:00,b995a0b4-fc26-4661-9bc8-e166d648edfd,353,11,5,0,4,0,1,1,1,1791423615
2026-10-08T01:42:00+00:00,2026-10-08T01:43:23.024625+00:00,2267569638034503736,2267569638034503736,6,0,4,9,0,1,1,1,1791423615
2026-10-08T01:42:00+00:00,2026-10-08T01:43:23.024625+00:00,f834952a-0de8-11e7-991c-3863bb43a7d0,70,3,0,1,19,0,1,1,1,1791423615
2026-10-08T01:42:00+00:00,2026-10-08T01:43:23.024625+00:00,13444449-b3a8-43d2-b8b9-a59fbc59a174,397,11,4,0,3,0,1,1,1,1791423618
2026-10-08T01:42:00+00:00,2026-10-08T01:43:23.024625+00:00,9f54207a-3308-43bd-b45c-9042b6389598,423,14,0,0,5,0,1,1,1,1791423621
2026-10-08T01:42:00+00:00,2026-10-08T01:43:23.024625+00:00,9e710d48-51c1-460e-a027-3d16bde62b13,419,0,0,14,0,1,1,0,0,1791423624
2026-10-08T01:42:00+00:00,2026-10-08T01:43:23.024625+00:00,f8346894-0de8-11e7-991c-3863bb43a7d0,9,3,0,3,9,0,1,1,1,1791423620
2026-10-08T01:42:00+00:00,2026-10-08T01:43:23.024625+00:00,93911aa1-b5e4-48aa-a2b6-38fbcf613006,93911aa1-b5e4-48aa-a2b6-38fbcf613006,4,1,0,14,0,1,1,1,1791423653
2026-10-08T01:42:00+00:00,2026-10-08T01:43:23.024625+00:00,2ba0c5dd-c990-4434-8a84-5c3eca23f096,447,2,2,0,17,0,1,1,1,1791423654
2026-10-08T01:42:00+00:00,2026-10-08T01:43:23.024625+00:00,9ca92778-9101-48df-90ea-08b784e26a1a,413,15,1,0,4,0,1,1,1,1791423654
2026-10-08T01:42:00+00:00,2026-10-08T01:43:23.024625+00:00,f834fd36-0de8-11e7-991c-3863bb43a7d0,142,9,1,0,14,0,1,1,1,1791423652
2026-10-08T01:42:00+00:00,2026-10-08T01:43:23.024625+00:00,f83486ab-0de8-11e7-991c-3863bb43a7d0,51,6,0,1,8,0,1,1,1,1791423652
2026-10-08T01:42:00+00:00,2026-10-08T01:43:23.024625+00:00,e68655be-23d3-46e5-a509-25be677e7542,482,6,0,0,5,0,1,1,1,1791423657
2026-10-08T01:42:00+00:00,2026-10-08T01:43:23.024625+00:00,c1ae49bd-2a20-4684-886b-ead8dd627cfd,c1ae49bd-2a20-4684-886b-ead8dd627cfd,16,2,0,1,0,1,1,1,1791423660
2026-10-08T01:42:00+00:00,2026-10-08T01:43:23.024625+00:00,f8349745-0de8-11e7-991c-3863bb43a7d0,73,2,1,1,12,0,1,1,1,1791423661
2026-10-08T01:42:00+00:00,2026-10-08T01:43:23.024625+00:00,2223045710883822544,2223045710883822544,4,0,1,10,0,1,1,1,1791423658
2026-10-08T01:42:00+00:00,2026-10-08T01:43:23.024625+00:00,5bc7cba9-f0b0-442d-932c-e8c7927d87ce,386,10,3,1,8,0,1,1,1,1791423659
2026-10-08T01:42:00+00:00,2026-10-08T01:43:23.024625+00:00,f834b42d-0de8-11e7-991c-3863bb43a7d0,100,13,2,0,12,0,1,1,1,1791423660
2026-10-08T01:42:00+00:00,2026-10-08T01:43:23.024625+00:00,d7ec834e-9d9a-402c-9956-7d5f42676b94,d7ec834e-9d9a-402c-9956-7d5f42676b94,13,5,1,0,0,1,1,1,1791423662
2026-10-08T01:42:00+00:00,2026-10-08T01:43:23.024625+00:00,ec3eea05-a3ff-43c6-9e24-0c63f09b915f,378,18,1,0,1,0,1,1,1,1791423643
2026-10-08T01:42:00+00:00,2026-10-08T01:43:23.024625+00:00,ef54374b-0406-4b17-b0a1-847f1d7bea06,410,12,0,0,3,0,1,1,1,1791423643
2026-10-08T01:42:00+00:00,2026-10-08T01:43:23.024625+00:00,2103549125054737064,2103549125054737064,4,2,0,12,0,1,1,1,1791423469
2026-10-08T01:42:00+00:00,2026-10-08T01:43:23.024625+00:00,2043912031919765854,2043912031919765854,10,0,1,9,0,1,1,1,1791423640
2026-10-08T01:42:00+00:00,2026-10-08T01:43:23.024625+00:00,ba634139-d7bf-448f-aac4-25995d36b67b,373,9,6,0,6,0,1,1,1,1791423641
2026-10-08T01:42:00+00:00,2026-10-08T01:43:23.024625+00:00,f36e24cd-de4c-4a5e-adf4-cb97ccd2958d,505,5,1,2,4,0,1,1,1,1791423639
2026-10-08T01:42:00+00:00,2026-10-08T01:43:23.024625+00:00,0839bb10-e876-4198-95e4-0147a561853d,258,13,2,0,2,0,1,1,1,1791423651
2026-10-08T01:42:00+00:00,2026-10-08T01:43:23.024625+00:00,f24a573e-ef07-4785-9270-70c443510ea6,359,0,0,2,12,1,1,1,1,1791423651
2026-10-08T01:42:00+00:00,2026-10-08T01:43:23.024625+00:00,1975886280004030604,1975886280004030604,10,2,1,12,0,1,1,1,1791423649
2026-10-08T01:42:00+00:00,2026-10-08T01:43:23.024625+00:00,f8346768-0de8-11e7-991c-3863bb43a7d0,7,6,0,0,9,0,1,1,1,1791423647
2026-10-08T01:42:00+00:00,2026-10-08T01:43:23.024625+00:00,f8348136-0de8-11e7-991c-3863bb43a7d0,41,24,0,1,2,0,1,1,1,1791423667
2026-10-08T01:42:00+00:00,2026-10-08T01:43:23.024625+00:00,5018e851-f2f3-4e18-9914-c316bbcc2c3d,331,0,0,0,15,0,1,1,1,1791423668
2026-10-08T01:42:00+00:00,2026-10-08T01:43:23.024625+00:00,7ec0c53c-876a-419c-a78b-4edd000bbc9a,445,16,2,0,3,0,1,1,1,1791423665
2026-10-08T01:42:00+00:00,2026-10-08T01:43:23.024625+00:00,20b0b405-54ba-4a80-b89c-0819772665db,440,7,3,0,8,0,1,1,1,1791423665
2026-10-08T01:42:00+00:00,2026-10-08T01:43:23.024625+00:00,2029805507281123700,2029805507281123700,12,2,1,6,0,1,1,1,1791423665
2026-10-08T01:42:00+00:00,2026-10-08T01:43:23.024625+00:00,f83523e3-0de8-11e7-991c-3863bb43a7d0,201,0,0,0,15,0,1,1,1,1791423664
2026-10-08T01:42:00+00:00,2026-10-08T01:43:23.024625+00:00,f834f814-0de8-11e7-991c-3863bb43a7d0,136,0,0,1,18,0,1,1,1,1791423627
2026-10-08T01:42:00+00:00,2026-10-08T01:43:23.024625+00:00,1997031579059661288,1997031579059661288,9,3,0,2,0,1,1,1,1791423626
2026-10-08T01:42:00+00:00,2026-10-08T01:43:23.024625+00:00,83183df0-38c2-4ae8-a0c4-4b59599c9582,222,6,0,0,8,0,1,1,1,1791423630
2026-10-08T01:42:00+00:00,2026-10-08T01:43:23.024625+00:00,f35de2ab-979e-42d5-8cbd-dc479ed637e9,503,4,4,0,2,0,1,1,1,1791423631
2026-10-08T01:42:00+00:00,2026-10-08T01:43:23.024625+00:00,676ca473-eed6-4971-aaf3-e199a7ca335b,433,15,7,0,3,1,1,1,1,1791423629
2026-10-08T01:42:00+00:00,2026-10-08T01:43:23.024625+00:00,ddcc8869-b8d4-483c-b9da-457fcebc8dc1,417,16,0,0,3,0,1,1,1,1791423639
2026-10-08T01:42:00+00:00,2026-10-08T01:43:23.024625+00:00,a18e1e55-507e-49d8-b7c0-5c0efd959125,358,19,6,0,0,0,1,1,1,1791423639
2026-10-08T01:42:00+00:00,2026-10-08T01:43:23.024625+00:00,bb27977d-36c1-496d-8bac-631b612dd7b8,332,15,3,0,0,0,1,1,1,1791423638
2026-10-08T01:42:00+00:00,2026-10-08T01:43:23.024625+00:00,2078337213380274244,2078337213380274244,10,6,0,1,0,1,1,1,1791423638
2026-10-08T01:42:00+00:00,2026-10-08T01:43:23.024625+00:00,f834e244-0de8-11e7-991c-3863bb43a7d0,126,6,2,0,9,0,1,1,1,1791423637
2026-10-08T01:42:00+00:00,2026-10-08T01:43:23.024625+00:00,350e73e3-6f70-4b2d-87ab-24c8629e9a6a,350e73e3-6f70-4b2d-87ab-24c8629e9a6a,12,0,1,6,0,1,1,1,1791423637
2026-10-08T01:42:00+00:00,2026-10-08T01:43:23.024625+00:00,f8351019-0de8-11e7-991c-3863bb43a7d0,169,10,4,0,9,0,1,1,1,1791423638
2026-10-08T01:42:00+00:00,2026-10-08T01:43:23.024625+00:00,5f726a7d-5c5d-48b1-9b13-06c77572a237,516,0,0,0,11,0,1,1,1,1791423671
2026-10-08T01:42:00+00:00,2026-10-08T01:43:23.024625+00:00,f8349c69-0de8-11e7-991c-3863bb43a7d0,78,14,2,0,4,0,1,1,1,1791423671
2026-10-08T01:42:00+00:00,2026-10-08T01:43:23.024625+00:00,f8349824-0de8-11e7-991c-3863bb43a7d0,75,8,0,0,8,0,1,1,1,1791423673
2026-10-08T01:42:00+00:00,2026-10-08T01:43:23.024625+00:00,ce55d1b1-4267-40a9-ad44-5eab888ce18a,ce55d1b1-4267-40a9-ad44-5eab888ce18a,0,0,0,22,1,1,1,1,1791423672
2026-10-08T01:42:00+00:00,2026-10-08T01:43:23.024625+00:00,2241260819676115550,2241260819676115550,0,0,0,25,0,1,1,1,1791423669
2026-10-08T01:42:00+00:00,2026-10-08T01:43:23.024625+00:00,02a4416f-80b4-4472-accd-5db482ed5b6d,367,8,0,0,11,0,1,1,1,1791423670
2026-10-08T01:42:00+00:00,2026-10-08T01:43:23.024625+00:00,2217856523888952522,2217856523888952522,5,2,0,15,0,1,1,1,1791423670
2026-10-08T01:42:00+00:00,2026-10-08T01:43:23.024625+00:00,1960693490199507164,1960693490199507164,6,1,0,13,0,1,1,1,1791423677
2026-10-08T01:42:00+00:00,2026-10-08T01:43:23.024625+00:00,f83516b8-0de8-11e7-991c-3863bb43a7d0,184,15,5,0,3,1,1,1,1,1791423677
2026-10-08T01:42:00+00:00,2026-10-08T01:43:23.024625+00:00,2223043968513191970,2223043968513191970,0,0,0,16,0,1,1,1,1791423680
2026-10-08T01:42:00+00:00,2026-10-08T01:43:23.024625+00:00,2038239468396569074,2038239468396569074,16,0,0,16,0,1,1,1,1791423680
2026-10-08T01:42:00+00:00,2026-10-08T01:43:23.024625+00:00,42a3ecca-af9a-4556-90ba-7631546f96f8,42a3ecca-af9a-4556-90ba-7631546f96f8,1,0,2,8,0,1,1,1,1791423679
2026-10-08T01:42:00+00:00,2026-10-08T01:43:23.024625+00:00,f8352c92-0de8-11e7-991c-3863bb43a7d0,217,13,0,2,4,0,1,1,1,1791423678
2026-10-08T01:42:00+00:00,2026-10-08T01:43:23.024625+00:00,0adccd89-1d8d-44da-9f7c-5f18acafeddf,338,10,5,0,5,0,1,1,1,1791423678
2026-10-08T01:42:00+00:00,2026-10-08T01:43:23.024625+00:00,f83524c0-0de8-11e7-991c-3863bb43a7d0,203,9,2,0,5,0,1,1,1,1791423681
2026-10-08T01:42:00+00:00,2026-10-08T01:43:23.024625+00:00,f834cf45-0de8-11e7-991c-3863bb43a7d0,116,13,0,0,10,0,1,1,1,1791423682
2026-10-08T01:42:00+00:00,2026-10-08T01:43:23.024625+00:00,f8347118-0de8-11e7-991c-3863bb43a7d0,22,15,0,0,18,2,1,1,1,1791423663
2026-10-08T01:42:00+00:00,2026-10-08T01:43:23.024625+00:00,f8351336-0de8-11e7-991c-3863bb43a7d0,176,2,0,0,13,0,1,1,1,1791423684
2026-10-08T01:42:00+00:00,2026-10-08T01:43:23.024625+00:00,2038619205667946906,2038619205667946906,10,4,0,10,0,1,1,1,1791423684
2026-10-08T01:42:00+00:00,2026-10-08T01:43:23.024625+00:00,f83494b4-0de8-11e7-991c-3863bb43a7d0,69,18,10,0,1,0,1,1,1,1791423682
2026-10-08T01:42:00+00:00,2026-10-08T01:43:23.024625+00:00,2170342425741020744,2170342425741020744,14,3,0,3,0,1,1,1,1791423684
2026-10-08T01:42:00+00:00,2026-10-08T01:43:23.024625+00:00,2071993292066931472,2071993292066931472,2,0,0,18,0,1,1,1,1791423686
2026-10-08T01:42:00+00:00,2026-10-08T01:43:23.024625+00:00,f8348995-0de8-11e7-991c-3863bb43a7d0,58,17,1,1,1,0,1,1,1,1791423686
2026-10-08T01:42:00+00:00,2026-10-08T01:43:23.024625+00:00,2107991976288962746,2107991976288962746,12,0,0,8,0,1,1,1,1791423653
2026-10-08T01:42:00+00:00,2026-10-08T01:43:23.024625+00:00,533620e8-00ff-494a-b288-bd67602bc98e,472,1,0,0,26,0,1,1,1,1791423686
2026-10-08T01:42:00+00:00,2026-10-08T01:43:23.024625+00:00,40e58976-02cc-4c7c-911f-7a6c97588bfa,520,16,3,0,5,0,1,1,1,1791423686
2026-10-08T01:42:00+00:00,2026-10-08T01:43:23.024625+00:00,f8348481-0de8-11e7-991c-3863bb43a7d0,47,14,0,0,5,0,1,1,1,1791423688
2026-10-08T01:42:00+00:00,2026-10-08T01:43:23.024625+00:00,b23674a7-15a8-46d2-8219-6668acecf24a,548,11,1,0,7,0,1,1,1,1791423689
2026-10-08T01:42:00+00:00,2026-10-08T01:43:23.024625+00:00,f83464e4-0de8-11e7-991c-3863bb43a7d0,3,0,0,1,13,0,1,1,1,1791423690
2026-10-08T01:42:00+00:00,2026-10-08T01:43:23.024625+00:00,ff6ed364-8676-45a0-b97f-71025683849e,442,7,1,1,7,0,1,1,1,1791423689
2026-10-08T01:42:00+00:00,2026-10-08T01:43:23.024625+00:00,f8349ba9-0de8-11e7-991c-3863bb43a7d0,77,7,4,0,10,1,1,1,1,1791423688
2026-10-08T01:42:00+00:00,2026-10-08T01:43:23.024625+00:00,f83510fd-0de8-11e7-991c-3863bb43a7d0,171,10,0,1,12,0,1,1,1,1791423690
2026-10-08T01:42:00+00:00,2026-10-08T01:43:23.024625+00:00,0f554e1d-9f0f-452d-9b4a-e00aa2c5911e,492,10,1,0,4,0,1,1,1,1791423692
2026-10-08T01:42:00+00:00,2026-10-08T01:43:23.024625+00:00,5afe91c4-8076-4f9f-b83b-cf233bda2331,460,0,0,0,15,0,1,1,1,1791423694
2026-10-08T01:42:00+00:00,2026-10-08T01:43:23.024625+00:00,2070180968009321294,2070180968009321294,15,0,0,4,2,1,1,1,1791423694
2026-10-08T01:42:00+00:00,2026-10-08T01:43:23.024625+00:00,287aedf5-0361-47e9-9de0-14ae3b75cc0d,287aedf5-0361-47e9-9de0-14ae3b75cc0d,8,3,1,12,0,1,1,1,1791423694
2026-10-08T01:42:00+00:00,2026-10-08T01:43:23.024625+00:00,2072145327190878794,2072145327190878794,21,2,2,1,0,1,1,1,1791423696
2026-10-08T01:42:00+00:00,2026-10-08T01:43:23.024625+00:00,2113200093114979090,2113200093114979090,6,0,0,9,1,1,1,1,1791423696
2026-10-08T01:42:00+00:00,2026-10-08T01:43:23.024625+00:00,13918b3b-9ac5-4968-a74d-e40dd3bc952e,479,0,0,0,19,0,1,1,1,1791423697
2026-10-08T01:42:00+00:00,2026-10-08T01:43:23.024625+00:00,2071632496372113488,2071632496372113488,14,7,1,5,0,1,1,1,1791423697
2026-10-08T01:42:00+00:00,2026-10-08T01:43:23.024625+00:00,2057166010169469732,2057166010169469732,1,0,1,13,0,1,1,1,1791423698
2026-10-08T01:42:00+00:00,2026-10-08T01:43:23.024625+00:00,dfdaf866-b814-48e5-9bd3-eb7c4a733697,dfdaf866-b814-48e5-9bd3-eb7c4a733697,7,2,0,10,0,1,1,1,1791423698
2026-10-08T01:42:00+00:00,2026-10-08T01:43:23.024625+00:00,342a2c60-71b0-4d19-98d6-47987cf20dbc,379,9,1,0,6,0,1,1,1,1791423698
2026-10-08T01:42:00+00:00,2026-10-08T01:43:23.024625+00:00,f834e1b2-0de8-11e7-991c-3863bb43a7d0,125,14,7,0,5,0,1,1,1,1791423698
2026-10-08T01:42:00+00:00,2026-10-08T01:43:23.024625+00:00,2fd22786-dfeb-4126-a906-4f01802087f3,454,2,0,1,16,0,1,1,1,1791423698
