snapshot_utc,fetched_utc,station_id,legacy_id,num_bikes_available,num_ebikes_available,num_bikes_disabled,num_docks_available,num_docks_disabled,is_installed,is_renting,is_returning,last_reported
2026-10-07T00:19:02+00:00,2026-10-07T00:19:24.225622+00:00,6eaa7343-402d-41c9-9aac-8c664fdbdcf1,6eaa7343-402d-41c9-9aac-8c664fdbdcf1,0,0,0,0,0,0,0,0,86400
2026-10-07T00:19:02+00:00,2026-10-07T00:19:24.225622+00:00,cad0e759-b605-458a-b772-768dcce81dc6,372,0,0,6,13,0,1,0,0,1791324371
2026-10-07T00:19:02+00:00,2026-10-07T00:19:24.225622+00:00,768433a9-fc30-4485-b136-22d6f8a96f1c,768433a9-fc30-4485-b136-22d6f8a96f1c,10,2,1,0,0,1,1,1,1791332202
2026-10-07T00:19:02+00:00,2026-10-07T00:19:24.225622+00:00,1976640911178291400,1976640911178291400,10,4,0,1,0,1,1,1,1791332197
2026-10-07T00:19:02+00:00,2026-10-07T00:19:24.225622+00:00,f83493c0-0de8-11e7-991c-3863bb43a7d0,67,2,1,2,26,0,1,1,1,1791332200
2026-10-07T00:19:02+00:00,2026-10-07T00:19:24.225622+00:00,f8351791-0de8-11e7-991c-3863bb43a7d0,186,7,1,1,7,0,1,1,1,1791332206
2026-10-07T00:19:02+00:00,2026-10-07T00:19:24.225622+00:00,f834e75d-0de8-11e7-991c-3863bb43a7d0,129,5,2,0,13,1,1,1,1,1791332206
2026-10-07T00:19:02+00:00,2026-10-07T00:19:24.225622+00:00,f8352973-0de8-11e7-991c-3863bb43a7d0,210,7,0,0,8,0,1,1,1,1791332204
2026-10-07T00:19:02+00:00,2026-10-07T00:19:24.225622+00:00,88b35b6d-f355-44dc-b85e-ed2eb1bc9099,406,10,2,0,9,0,1,1,1,1791332207
2026-10-07T00:19:02+00:00,2026-10-07T00:19:24.225622+00:00,f834916a-0de8-11e7-991c-3863bb43a7d0,63,6,0,0,9,0,1,1,1,1791332210
2026-10-07T00:19:02+00:00,2026-10-07T00:19:24.225622+00:00,9fef6df2-7f8f-43fc-a85b-7dd5453860f9,437,11,1,0,6,0,1,1,1,1791332211
2026-10-07T00:19:02+00:00,2026-10-07T00:19:24.225622+00:00,f8351649-0de8-11e7-991c-3863bb43a7d0,183,0,0,2,17,0,1,1,1,1791332207
2026-10-07T00:19:02+00:00,2026-10-07T00:19:24.225622+00:00,f8349070-0de8-11e7-991c-3863bb43a7d0,61,2,0,1,16,0,1,1,1,1791332215
2026-10-07T00:19:02+00:00,2026-10-07T00:19:24.225622+00:00,f83532fa-0de8-11e7-991c-3863bb43a7d0,219,11,1,0,4,0,1,1,1,1791332216
2026-10-07T00:19:02+00:00,2026-10-07T00:19:24.225622+00:00,f8348719-0de8-11e7-991c-3863bb43a7d0,52,13,0,0,10,0,1,1,1,1791332217
2026-10-07T00:19:02+00:00,2026-10-07T00:19:24.225622+00:00,f8346c96-0de8-11e7-991c-3863bb43a7d0,14,0,0,1,24,0,1,1,1,1791332216
2026-10-07T00:19:02+00:00,2026-10-07T00:19:24.225622+00:00,199f3d59-e726-4549-b9c1-4dfc8a343fdb,508,9,6,0,2,0,1,1,1,1791332222
2026-10-07T00:19:02+00:00,2026-10-07T00:19:24.225622+00:00,f8351255-0de8-11e7-991c-3863bb43a7d0,174,13,1,1,1,0,1,1,1,1791332219
2026-10-07T00:19:02+00:00,2026-10-07T00:19:24.225622+00:00,6cec3afa-554c-466f-8323-5c619fe0ddc6,6cec3afa-554c-466f-8323-5c619fe0ddc6,2,1,0,9,0,1,1,1,1791332231
2026-10-07T00:19:02+00:00,2026-10-07T00:19:24.225622+00:00,f8347ded-0de8-11e7-991c-3863bb43a7d0,35,0,0,1,30,0,1,1,1,1791332224
2026-10-07T00:19:02+00:00,2026-10-07T00:19:24.225622+00:00,52ca4d94-587f-4a61-a298-a1a755e73bfb,362,12,1,0,7,0,1,1,1,1791332225
2026-10-07T00:19:02+00:00,2026-10-07T00:19:24.225622+00:00,f8349599-0de8-11e7-991c-3863bb43a7d0,71,16,1,2,5,0,1,1,1,1791332220
2026-10-07T00:19:02+00:00,2026-10-07T00:19:24.225622+00:00,f834c5c9-0de8-11e7-991c-3863bb43a7d0,110,0,0,2,13,0,1,1,1,1791332219
2026-10-07T00:19:02+00:00,2026-10-07T00:19:24.225622+00:00,f834a2a8-0de8-11e7-991c-3863bb43a7d0,85,5,0,0,14,0,1,1,1,1791332224
2026-10-07T00:19:02+00:00,2026-10-07T00:19:24.225622+00:00,87b5a8b7-a330-4c51-ab32-7dafa292c88f,421,19,1,0,0,0,1,1,1,1791332245
2026-10-07T00:19:02+00:00,2026-10-07T00:19:24.225622+00:00,2031175112202687108,2031175112202687108,10,1,0,6,0,1,1,1,1791332249
2026-10-07T00:19:02+00:00,2026-10-07T00:19:24.225622+00:00,82b41ffb-e284-4e4d-b22a-0cad2bfd4bee,443,8,0,0,11,0,1,1,1,1791332247
2026-10-07T00:19:02+00:00,2026-10-07T00:19:24.225622+00:00,2251556760922290606,2251556760922290606,9,5,0,6,0,1,1,1,1791332247
2026-10-07T00:19:02+00:00,2026-10-07T00:19:24.225622+00:00,57f5003b-6574-40b3-83d7-3b5dee1472e0,518,2,1,0,8,0,1,1,1,1791332261
2026-10-07T00:19:02+00:00,2026-10-07T00:19:24.225622+00:00,1ef9964d-47ac-4cd4-916e-7c006fa1e605,339,2,0,0,13,0,1,1,1,1791332261
2026-10-07T00:19:02+00:00,2026-10-07T00:19:24.225622+00:00,f55cdf0a-3d7b-491c-bed2-7dc0ef2062d5,489,14,2,2,0,0,1,1,1,1791332261
2026-10-07T00:19:02+00:00,2026-10-07T00:19:24.225622+00:00,2261583246847893606,2261583246847893606,8,1,1,10,0,1,1,1,1791332261
2026-10-07T00:19:02+00:00,2026-10-07T00:19:24.225622+00:00,1997031876360597884,1997031876360597884,5,0,0,6,0,1,1,1,1791332237
2026-10-07T00:19:02+00:00,2026-10-07T00:19:24.225622+00:00,f834cb89-0de8-11e7-991c-3863bb43a7d0,115,14,1,1,4,0,1,1,1,1791332236
2026-10-07T00:19:02+00:00,2026-10-07T00:19:24.225622+00:00,2250817396738253956,2250817396738253956,7,2,1,7,0,1,1,1,1791332241
2026-10-07T00:19:02+00:00,2026-10-07T00:19:24.225622+00:00,2127252912986958612,2127252912986958612,11,1,0,4,0,1,1,1,1791332240
2026-10-07T00:19:02+00:00,2026-10-07T00:19:24.225622+00:00,97a1e4e7-a1ff-427a-aaea-48ca0d00bf9c,348,3,3,0,12,0,1,1,1,1791332241
2026-10-07T00:19:02+00:00,2026-10-07T00:19:24.225622+00:00,eed9e64f-f09d-43c1-aa31-da968c66750a,368,4,1,0,11,0,1,1,1,1791332243
2026-10-07T00:19:02+00:00,2026-10-07T00:19:24.225622+00:00,aefc33cd-40b9-48da-8b87-415428816bdb,488,6,1,0,10,0,1,1,1,1791332253
2026-10-07T00:19:02+00:00,2026-10-07T00:19:24.225622+00:00,f834c6f5-0de8-11e7-991c-3863bb43a7d0,111,11,6,0,3,1,1,1,1,1791332252
2026-10-07T00:19:02+00:00,2026-10-07T00:19:24.225622+00:00,25d6f87f-7025-48c5-b202-f91511a4ae19,25d6f87f-7025-48c5-b202-f91511a4ae19,11,2,0,8,0,1,1,1,1791332254
2026-10-07T00:19:02+00:00,2026-10-07T00:19:24.225622+00:00,f8346e51-0de8-11e7-991c-3863bb43a7d0,17,14,3,0,1,0,1,1,1,1791332255
2026-10-07T00:19:02+00:00,2026-10-07T00:19:24.225622+00:00,8bc42f7f-753d-4cca-a7d6-0d7c2530ea2c,364,8,0,0,11,0,1,1,1,1791332256
2026-10-07T00:19:02+00:00,2026-10-07T00:19:24.225622+00:00,15ec5783-ca7a-4225-ba51-cd0a45ecc975,15ec5783-ca7a-4225-ba51-cd0a45ecc975,7,5,0,4,0,1,1,1,1791332258
2026-10-07T00:19:02+00:00,2026-10-07T00:19:24.225622+00:00,625f105e-4407-4988-9095-d1979cbda5e1,234,16,7,0,3,0,1,1,1,1791332256
2026-10-07T00:19:02+00:00,2026-10-07T00:19:24.225622+00:00,2036103727838931110,2036103727838931110,7,2,0,3,0,1,1,1,1791332265
2026-10-07T00:19:02+00:00,2026-10-07T00:19:24.225622+00:00,f8351f87-0de8-11e7-991c-3863bb43a7d0,192,0,0,0,19,0,1,1,1,1791332262
2026-10-07T00:19:02+00:00,2026-10-07T00:19:24.225622+00:00,ab6517ea-ed53-42eb-8881-657d362e56e8,560,15,1,0,0,0,1,1,1,1791332267
2026-10-07T00:19:02+00:00,2026-10-07T00:19:24.225622+00:00,1994515539257334312,1994515539257334312,11,3,0,8,0,1,1,1,1791332265
2026-10-07T00:19:02+00:00,2026-10-07T00:19:24.225622+00:00,5410aac7-2ec0-47b6-b728-b99c5137b463,5410aac7-2ec0-47b6-b728-b99c5137b463,5,1,0,6,0,1,1,1,1791332269
2026-10-07T00:19:02+00:00,2026-10-07T00:19:24.225622+00:00,2089808297152151688,2089808297152151688,10,2,1,1,0,1,1,1,1791332272
2026-10-07T00:19:02+00:00,2026-10-07T00:19:24.225622+00:00,f834b1ed-0de8-11e7-991c-3863bb43a7d0,99,4,1,1,10,0,1,1,1,1791332270
2026-10-07T00:19:02+00:00,2026-10-07T00:19:24.225622+00:00,f834fcbe-0de8-11e7-991c-3863bb43a7d0,141,4,0,0,11,0,1,1,1,1791332270
2026-10-07T00:19:02+00:00,2026-10-07T00:19:24.225622+00:00,2028220168245183460,2028220168245183460,15,1,0,4,0,1,1,1,1791332270
2026-10-07T00:19:02+00:00,2026-10-07T00:19:24.225622+00:00,25489822-e43a-4704-b2a8-d905b78ba77c,389,2,0,0,12,0,1,1,1,1791332270
2026-10-07T00:19:02+00:00,2026-10-07T00:19:24.225622+00:00,9b0aff89-5242-475e-b03b-87c3c3bf51bb,477,7,3,1,11,0,1,1,1,1791332271
2026-10-07T00:19:02+00:00,2026-10-07T00:19:24.225622+00:00,01d29f8c-768d-4c4f-84ca-3de966075287,469,2,1,0,9,0,1,1,1,1791332276
2026-10-07T00:19:02+00:00,2026-10-07T00:19:24.225622+00:00,f834a67b-0de8-11e7-991c-3863bb43a7d0,89,2,0,1,15,0,1,1,1,1791332277
2026-10-07T00:19:02+00:00,2026-10-07T00:19:24.225622+00:00,f7d416f8-4377-4019-bba7-302dc1d5a11d,391,13,0,2,0,0,1,1,1,1791332276
2026-10-07T00:19:02+00:00,2026-10-07T00:19:24.225622+00:00,f8348598-0de8-11e7-991c-3863bb43a7d0,49,3,0,1,14,0,1,1,1,1791332276
2026-10-07T00:19:02+00:00,2026-10-07T00:19:24.225622+00:00,2039387081833476178,2039387081833476178,15,3,1,4,0,1,1,1,1791332275
2026-10-07T00:19:02+00:00,2026-10-07T00:19:24.225622+00:00,f8347a8b-0de8-11e7-991c-3863bb43a7d0,29,3,0,0,15,0,1,1,1,1791332279
2026-10-07T00:19:02+00:00,2026-10-07T00:19:24.225622+00:00,2227859082657747444,2227859082657747444,7,4,0,0,0,1,1,1,1791332281
2026-10-07T00:19:02+00:00,2026-10-07T00:19:24.225622+00:00,4b5de733-9353-4873-9dc2-9558b3cb063a,393,8,2,1,4,0,1,1,1,1791332281
2026-10-07T00:19:02+00:00,2026-10-07T00:19:24.225622+00:00,2127634714741013228,2127634714741013228,12,1,2,10,0,1,1,1,1791332281
2026-10-07T00:19:02+00:00,2026-10-07T00:19:24.225622+00:00,f83466c6-0de8-11e7-991c-3863bb43a7d0,6,9,3,0,5,0,1,1,1,1791332281
2026-10-07T00:19:02+00:00,2026-10-07T00:19:24.225622+00:00,1991921362058752616,1991921362058752616,0,0,0,20,0,1,1,1,1791332281
2026-10-07T00:19:02+00:00,2026-10-07T00:19:24.225622+00:00,f8351569-0de8-11e7-991c-3863bb43a7d0,181,14,1,2,3,0,1,1,1,1791332282
2026-10-07T00:19:02+00:00,2026-10-07T00:19:24.225622+00:00,f834d260-0de8-11e7-991c-3863bb43a7d0,119,12,2,0,3,0,1,1,1,1791332282
2026-10-07T00:19:02+00:00,2026-10-07T00:19:24.225622+00:00,133d159e-a202-4310-910f-eca392fe181e,398,4,0,2,13,0,1,1,1,1791332281
2026-10-07T00:19:02+00:00,2026-10-07T00:19:24.225622+00:00,803a0c16-4f81-44f1-8b49-a13fcdda40c1,370,0,0,1,17,0,1,1,1,1791332283
2026-10-07T00:19:02+00:00,2026-10-07T00:19:24.225622+00:00,f834a1de-0de8-11e7-991c-3863bb43a7d0,84,8,1,0,4,0,1,1,1,1791332282
2026-10-07T00:19:02+00:00,2026-10-07T00:19:24.225622+00:00,2036412579943670600,2036412579943670600,1,1,0,11,0,1,1,1,1791332279
2026-10-07T00:19:02+00:00,2026-10-07T00:19:24.225622+00:00,1999644268058967024,1999644268058967024,17,1,2,5,0,1,1,1,1791332284
2026-10-07T00:19:02+00:00,2026-10-07T00:19:24.225622+00:00,f835244e-0de8-11e7-991c-3863bb43a7d0,202,6,0,0,9,0,1,1,1,1791332281
2026-10-07T00:19:02+00:00,2026-10-07T00:19:24.225622+00:00,ea00f276-26dc-48ee-b2c8-6e56fd632a2d,272,5,1,0,14,0,1,1,1,1791332280
2026-10-07T00:19:02+00:00,2026-10-07T00:19:24.225622+00:00,2110566771130438288,2110566771130438288,3,0,1,12,0,1,1,1,1791332288
2026-10-07T00:19:02+00:00,2026-10-07T00:19:24.225622+00:00,f834d34b-0de8-11e7-991c-3863bb43a7d0,120,15,2,2,22,0,1,1,1,1791332287
2026-10-07T00:19:02+00:00,2026-10-07T00:19:24.225622+00:00,1976280681456741062,1976280681456741062,6,6,0,5,0,1,1,1,1791332285
2026-10-07T00:19:02+00:00,2026-10-07T00:19:24.225622+00:00,e4d5271f-5f76-401b-b7f0-c8dce3c26f10,462,6,0,1,4,0,1,1,1,1791332288
2026-10-07T00:19:02+00:00,2026-10-07T00:19:24.225622+00:00,f8347ba8-0de8-11e7-991c-3863bb43a7d0,31,2,0,1,16,0,1,1,1,1791332285
2026-10-07T00:19:02+00:00,2026-10-07T00:19:24.225622+00:00,1331197c-f6c6-4f4a-a29b-95e580359886,224,7,0,0,10,0,1,1,1,1791332284
2026-10-07T00:19:02+00:00,2026-10-07T00:19:24.225622+00:00,dcd76e42-eebc-4432-9726-cdb3372b0b07,557,1,0,0,18,0,1,1,1,1791332292
2026-10-07T00:19:02+00:00,2026-10-07T00:19:24.225622+00:00,2363c5a3-93cc-41a2-a767-90f1826c041f,426,0,0,0,27,0,1,1,1,1791332293
2026-10-07T00:19:02+00:00,2026-10-07T00:19:24.225622+00:00,f834b928-0de8-11e7-991c-3863bb43a7d0,106,11,3,1,2,0,1,1,1,1791332289
2026-10-07T00:19:02+00:00,2026-10-07T00:19:24.225622+00:00,b44b7c3d-c054-4591-92a9-3b96d86050ab,b44b7c3d-c054-4591-92a9-3b96d86050ab,3,3,0,8,0,1,1,1,1791332291
2026-10-07T00:19:02+00:00,2026-10-07T00:19:24.225622+00:00,2124664048772581794,2124664048772581794,4,0,0,6,0,1,1,1,1791332291
2026-10-07T00:19:02+00:00,2026-10-07T00:19:24.225622+00:00,f8350129-0de8-11e7-991c-3863bb43a7d0,149,16,0,0,2,0,1,1,1,1791332301
2026-10-07T00:19:02+00:00,2026-10-07T00:19:24.225622+00:00,acb27827-d69a-4287-b132-3f529ca62ad2,427,4,2,0,15,0,1,1,1,1791332301
2026-10-07T00:19:02+00:00,2026-10-07T00:19:24.225622+00:00,1999639508813492766,1999639508813492766,5,0,1,14,0,1,1,1,1791332301
2026-10-07T00:19:02+00:00,2026-10-07T00:19:24.225622+00:00,2220033166406469278,2220033166406469278,10,4,1,4,0,1,1,1,1791332304
2026-10-07T00:19:02+00:00,2026-10-07T00:19:24.225622+00:00,f8347002-0de8-11e7-991c-3863bb43a7d0,20,11,0,1,11,0,1,1,1,1791332304
2026-10-07T00:19:02+00:00,2026-10-07T00:19:24.225622+00:00,f8346dbd-0de8-11e7-991c-3863bb43a7d0,16,1,0,0,18,0,1,1,1,1791332304
2026-10-07T00:19:02+00:00,2026-10-07T00:19:24.225622+00:00,2132460331327742574,2132460331327742574,0,0,0,18,0,1,1,1,1791332305
2026-10-07T00:19:02+00:00,2026-10-07T00:19:24.225622+00:00,f8350d30-0de8-11e7-991c-3863bb43a7d0,163,4,0,1,14,0,1,1,1,1791332305
2026-10-07T00:19:02+00:00,2026-10-07T00:19:24.225622+00:00,f8350199-0de8-11e7-991c-3863bb43a7d0,150,5,0,3,12,0,1,1,1,1791332306
2026-10-07T00:19:02+00:00,2026-10-07T00:19:24.225622+00:00,1919521884659886482,1919521884659886482,1,0,0,18,0,1,1,1,1791332303
2026-10-07T00:19:02+00:00,2026-10-07T00:19:24.225622+00:00,829fa5a8-cc88-4ab2-9f34-b481aaa1612e,259,12,4,0,3,0,1,1,1,1791332300
2026-10-07T00:19:02+00:00,2026-10-07T00:19:24.225622+00:00,2251186911126913182,2251186911126913182,15,2,2,2,0,1,1,1,1791332300
2026-10-07T00:19:02+00:00,2026-10-07T00:19:24.225622+00:00,800bde2c-51df-497c-ac2d-bc3a8c00c164,800bde2c-51df-497c-ac2d-bc3a8c00c164,0,0,1,14,0,1,1,1,1791332300
2026-10-07T00:19:02+00:00,2026-10-07T00:19:24.225622+00:00,2071991821019036242,2071991821019036242,11,1,0,9,0,1,1,1,1791332305
2026-10-07T00:19:02+00:00,2026-10-07T00:19:24.225622+00:00,2126567695528519906,2126567695528519906,6,0,0,14,0,1,1,1,1791332303
2026-10-07T00:19:02+00:00,2026-10-07T00:19:24.225622+00:00,2131371824572002576,2131371824572002576,5,0,0,11,0,1,1,1,1791332298
2026-10-07T00:19:02+00:00,2026-10-07T00:19:24.225622+00:00,38706d8c-8d4b-49f7-b6ed-7688449db261,463,0,0,0,19,0,1,1,1,1791332296
2026-10-07T00:19:02+00:00,2026-10-07T00:19:24.225622+00:00,1986694622707704150,1986694622707704150,15,2,1,3,0,1,1,1,1791332295
2026-10-07T00:19:02+00:00,2026-10-07T00:19:24.225622+00:00,c111ef1a-f276-415d-a95e-8e3c4e3a0c03,522,3,1,1,11,0,1,1,1,1791332295
2026-10-07T00:19:02+00:00,2026-10-07T00:19:24.225622+00:00,986068c4-d11a-465a-b8d0-bd0960c57f51,986068c4-d11a-465a-b8d0-bd0960c57f51,12,1,1,1,0,1,1,1,1791332299
2026-10-07T00:19:02+00:00,2026-10-07T00:19:24.225622+00:00,e335fa7c-7adf-4360-9bfa-76b18124a56f,541,0,0,0,11,0,1,1,1,1791332299
2026-10-07T00:19:02+00:00,2026-10-07T00:19:24.225622+00:00,2438d052-2cd6-4fba-83c9-39f46cb59398,2438d052-2cd6-4fba-83c9-39f46cb59398,10,0,3,7,0,1,1,1,1791332298
2026-10-07T00:19:02+00:00,2026-10-07T00:19:24.225622+00:00,8e7c1984-dc81-43b0-a0d3-58c6de45225a,465,6,1,0,5,0,1,1,1,1791332296
2026-10-07T00:19:02+00:00,2026-10-07T00:19:24.225622+00:00,40ee059e-8530-4992-9114-c16b87d6832f,441,13,6,0,6,0,1,1,1,1791332307
2026-10-07T00:19:02+00:00,2026-10-07T00:19:24.225622+00:00,2219705277630124418,2219705277630124418,6,1,1,8,0,1,1,1,1791332310
2026-10-07T00:19:02+00:00,2026-10-07T00:19:24.225622+00:00,918335df-fc1a-45c2-9cfc-c5e2e93aecc0,467,2,0,1,8,0,1,1,1,1791332311
2026-10-07T00:19:02+00:00,2026-10-07T00:19:24.225622+00:00,d1a5e406-718c-44b9-b9dd-e63605b888aa,555,9,8,0,6,0,1,1,1,1791332311
2026-10-07T00:19:02+00:00,2026-10-07T00:19:24.225622+00:00,2134720099473744344,2134720099473744344,3,0,0,18,0,1,1,1,1791332311
2026-10-07T00:19:02+00:00,2026-10-07T00:19:24.225622+00:00,2027855476515070160,2027855476515070160,8,0,0,19,0,1,1,1,1791332309
2026-10-07T00:19:02+00:00,2026-10-07T00:19:24.225622+00:00,1ef5abb2-5af9-41f2-a0dd-1e44278ad9f1,502,7,2,0,4,0,1,1,1,1791332306
2026-10-07T00:19:02+00:00,2026-10-07T00:19:24.225622+00:00,4d953f0f-13b5-4b3d-b2da-342003ff7cba,4d953f0f-13b5-4b3d-b2da-342003ff7cba,2,1,0,9,0,1,1,1,1791332307
2026-10-07T00:19:02+00:00,2026-10-07T00:19:24.225622+00:00,e519df41-c4d7-403a-9afa-a5dd7cdd2d03,536,5,0,0,13,0,1,1,1,1791332312
2026-10-07T00:19:02+00:00,2026-10-07T00:19:24.225622+00:00,2113559364250874028,2113559364250874028,10,3,0,5,0,1,1,1,1791332313
2026-10-07T00:19:02+00:00,2026-10-07T00:19:24.225622+00:00,a825b55d-3ab3-481f-9c50-d3a7313e6843,228,5,0,1,13,0,1,1,1,1791332312
2026-10-07T00:19:02+00:00,2026-10-07T00:19:24.225622+00:00,77c1736c-a609-4453-94f7-8e4253a8193c,474,6,3,0,5,0,1,1,1,1791332313
2026-10-07T00:19:02+00:00,2026-10-07T00:19:24.225622+00:00,ec4e1168-25dc-4929-b17b-e4ae578dd888,425,6,0,0,10,0,1,1,1,1791332312
2026-10-07T00:19:02+00:00,2026-10-07T00:19:24.225622+00:00,5d17f129-af8c-4f30-bc58-6a8279052772,543,5,2,1,13,0,1,1,1,1791332315
2026-10-07T00:19:02+00:00,2026-10-07T00:19:24.225622+00:00,569f4952-5a25-4394-a419-f9c4d9cca6f3,495,17,2,0,0,0,1,1,1,1791332316
2026-10-07T00:19:02+00:00,2026-10-07T00:19:24.225622+00:00,f834f948-0de8-11e7-991c-3863bb43a7d0,138,8,1,1,5,0,1,1,1,1791332316
2026-10-07T00:19:02+00:00,2026-10-07T00:19:24.225622+00:00,f834f036-0de8-11e7-991c-3863bb43a7d0,133,6,1,1,15,0,1,1,1,1791332314
2026-10-07T00:19:02+00:00,2026-10-07T00:19:24.225622+00:00,2149920539832638004,2149920539832638004,14,0,1,0,0,1,1,1,1791332314
2026-10-07T00:19:02+00:00,2026-10-07T00:19:24.225622+00:00,f83473ea-0de8-11e7-991c-3863bb43a7d0,27,7,1,1,13,0,1,1,1,1791332317
2026-10-07T00:19:02+00:00,2026-10-07T00:19:24.225622+00:00,2129149628430547474,2129149628430547474,16,3,0,0,0,1,1,1,1791332303
2026-10-07T00:19:02+00:00,2026-10-07T00:19:24.225622+00:00,f834b183-0de8-11e7-991c-3863bb43a7d0,98,6,0,1,16,0,1,1,1,1791332317
2026-10-07T00:19:02+00:00,2026-10-07T00:19:24.225622+00:00,8d535c23-f186-4161-aa10-17e94be6d4ae,436,5,3,3,6,1,1,1,1,1791332317
2026-10-07T00:19:02+00:00,2026-10-07T00:19:24.225622+00:00,a6d6d4b2-3666-43ad-a690-7f676bdcc3fd,542,10,0,3,6,0,1,1,1,1791332316
2026-10-07T00:19:02+00:00,2026-10-07T00:19:24.225622+00:00,f606593b-3d07-40f2-bc6d-a0eb96588e44,456,9,2,0,9,0,1,1,1,1791332317
2026-10-07T00:19:02+00:00,2026-10-07T00:19:24.225622+00:00,f834ffc9-0de8-11e7-991c-3863bb43a7d0,146,8,2,0,11,0,1,1,1,1791332221
2026-10-07T00:19:02+00:00,2026-10-07T00:19:24.225622+00:00,f8348781-0de8-11e7-991c-3863bb43a7d0,53,15,0,0,4,0,1,1,1,1791332221
2026-10-07T00:19:02+00:00,2026-10-07T00:19:24.225622+00:00,f835141c-0de8-11e7-991c-3863bb43a7d0,178,12,0,1,5,0,1,1,1,1791332225
2026-10-07T00:19:02+00:00,2026-10-07T00:19:24.225622+00:00,8f51f8f1-ecb8-4cd3-8529-296a03140c51,8f51f8f1-ecb8-4cd3-8529-296a03140c51,9,2,0,10,0,1,1,1,1791332222
2026-10-07T00:19:02+00:00,2026-10-07T00:19:24.225622+00:00,3c837bc0-fd08-49c4-adf5-0e9a98e918a7,524,8,0,1,6,0,1,1,1,1791332231
2026-10-07T00:19:02+00:00,2026-10-07T00:19:24.225622+00:00,4764641e-b080-4c70-a1e1-049de81e09d0,273,25,1,1,14,0,1,1,1,1791332198
2026-10-07T00:19:02+00:00,2026-10-07T00:19:24.225622+00:00,50cc3c7f-50ed-4c70-b483-c89f3f47c938,491,16,0,0,3,0,1,1,1,1791332199
2026-10-07T00:19:02+00:00,2026-10-07T00:19:24.225622+00:00,25cc602a-152a-4abe-9df8-a131d0a5d94b,235,13,4,0,2,0,1,1,1,1791332212
2026-10-07T00:19:02+00:00,2026-10-07T00:19:24.225622+00:00,f8347361-0de8-11e7-991c-3863bb43a7d0,26,15,0,0,0,0,1,1,1,1791332212
2026-10-07T00:19:02+00:00,2026-10-07T00:19:24.225622+00:00,f8346a3c-0de8-11e7-991c-3863bb43a7d0,10,5,0,1,5,0,1,1,1,1791332215
2026-10-07T00:19:02+00:00,2026-10-07T00:19:24.225622+00:00,2035765531590062506,2035765531590062506,6,1,2,3,0,1,1,1,1791332213
2026-10-07T00:19:02+00:00,2026-10-07T00:19:24.225622+00:00,2253794653988522864,2253794653988522864,9,1,0,10,0,1,1,1,1791332213
2026-10-07T00:19:02+00:00,2026-10-07T00:19:24.225622+00:00,af066ffd-b892-434f-8532-1982fc408780,480,2,0,0,9,0,1,1,1,1791332235
2026-10-07T00:19:02+00:00,2026-10-07T00:19:24.225622+00:00,2256120653476329202,2256120653476329202,12,1,0,3,0,1,1,1,1791332234
2026-10-07T00:19:02+00:00,2026-10-07T00:19:24.225622+00:00,f8350be5-0de8-11e7-991c-3863bb43a7d0,160,3,0,0,11,0,1,1,1,1791332235
2026-10-07T00:19:02+00:00,2026-10-07T00:19:24.225622+00:00,66763558-7a03-48a9-8665-6b4445b81f48,458,11,4,0,4,0,1,1,1,1791332237
2026-10-07T00:19:02+00:00,2026-10-07T00:19:24.225622+00:00,1206f5c8-7d1f-4c32-9d65-f3e80186fbde,511,8,5,1,10,0,1,1,1,1791332237
2026-10-07T00:19:02+00:00,2026-10-07T00:19:24.225622+00:00,dd008e3c-ff17-4c82-abe0-502272a62425,558,2,1,0,16,0,1,1,1,1791332202
2026-10-07T00:19:02+00:00,2026-10-07T00:19:24.225622+00:00,2002247509585342522,2002247509585342522,11,1,0,0,0,1,1,1,1791332210
2026-10-07T00:19:02+00:00,2026-10-07T00:19:24.225622+00:00,f4a64c30-b97f-4ae5-b531-a11698b558d7,562,5,1,0,4,0,1,1,1,1791332206
2026-10-07T00:19:02+00:00,2026-10-07T00:19:24.225622+00:00,e49a5b83-2c9c-4610-a48b-89cfea172c8f,504,4,1,0,7,0,1,1,1,1791332239
2026-10-07T00:19:02+00:00,2026-10-07T00:19:24.225622+00:00,7dd0fc98-c1dd-4c93-9c1d-4bbdf5f93346,473,14,9,0,0,0,1,1,1,1791332246
2026-10-07T00:19:02+00:00,2026-10-07T00:19:24.225622+00:00,f8346c01-0de8-11e7-991c-3863bb43a7d0,13,0,0,0,19,0,1,1,1,1791332244
2026-10-07T00:19:02+00:00,2026-10-07T00:19:24.225622+00:00,57caf362-1e8b-46aa-9ee3-82341c405ab0,271,6,3,1,8,0,1,1,1,1791332245
2026-10-07T00:19:02+00:00,2026-10-07T00:19:24.225622+00:00,e3f5d039-a49e-4b3b-ab4d-4efbef2068c6,e3f5d039-a49e-4b3b-ab4d-4efbef2068c6,17,2,0,5,0,1,1,1,1791332250
2026-10-07T00:19:02+00:00,2026-10-07T00:19:24.225622+00:00,f834923d-0de8-11e7-991c-3863bb43a7d0,65,12,0,0,7,0,1,1,1,1791332249
2026-10-07T00:19:02+00:00,2026-10-07T00:19:24.225622+00:00,2100948177843249670,2100948177843249670,4,3,1,6,0,1,1,1,1791332261
2026-10-07T00:19:02+00:00,2026-10-07T00:19:24.225622+00:00,f834b50a-0de8-11e7-991c-3863bb43a7d0,102,7,3,0,8,0,1,1,1,1791332261
2026-10-07T00:19:02+00:00,2026-10-07T00:19:24.225622+00:00,31382324-2931-491a-827a-40149e45afee,232,6,1,0,5,0,1,1,1,1791332257
2026-10-07T00:19:02+00:00,2026-10-07T00:19:24.225622+00:00,3de6e5da-9702-4623-8683-26abd98012a8,525,4,1,0,8,0,1,1,1,1791332259
2026-10-07T00:19:02+00:00,2026-10-07T00:19:24.225622+00:00,f8351e42-0de8-11e7-991c-3863bb43a7d0,189,0,0,1,22,0,1,1,1,1791332254
2026-10-07T00:19:02+00:00,2026-10-07T00:19:24.225622+00:00,f1cafe36-f800-41f6-b74d-73953cb6394c,471,0,0,0,27,0,1,1,1,1791332256
2026-10-07T00:19:02+00:00,2026-10-07T00:19:24.225622+00:00,dd05a440-f881-410c-a071-864da11c634a,318,0,0,0,19,0,1,1,1,1791332250
2026-10-07T00:19:02+00:00,2026-10-07T00:19:24.225622+00:00,1994461916590643872,1994461916590643872,7,2,1,3,0,1,1,1,1791332253
2026-10-07T00:19:02+00:00,2026-10-07T00:19:24.225622+00:00,be7e7068-b85f-42c1-8ea1-e1d64e531323,be7e7068-b85f-42c1-8ea1-e1d64e531323,15,2,0,0,0,1,1,1,1791332263
2026-10-07T00:19:02+00:00,2026-10-07T00:19:24.225622+00:00,f8352c1a-0de8-11e7-991c-3863bb43a7d0,216,9,2,0,10,0,1,1,1,1791332264
2026-10-07T00:19:02+00:00,2026-10-07T00:19:24.225622+00:00,fbb9b58c-2b92-4bcf-8e4c-a982e40d2f39,221,5,1,0,14,0,1,1,1,1791332265
2026-10-07T00:19:02+00:00,2026-10-07T00:19:24.225622+00:00,efd724b2-31cb-4aec-b9d9-8ab79271630c,493,9,0,0,8,0,1,1,1,1791332266
2026-10-07T00:19:02+00:00,2026-10-07T00:19:24.225622+00:00,910f1452-dbeb-4e69-b226-71b2d7e85715,910f1452-dbeb-4e69-b226-71b2d7e85715,9,4,0,1,0,1,1,1,1791332267
2026-10-07T00:19:02+00:00,2026-10-07T00:19:24.225622+00:00,082262bd-086b-46c7-83ce-eed2b39142ff,416,1,0,0,14,0,1,1,1,1791332271
2026-10-07T00:19:02+00:00,2026-10-07T00:19:24.225622+00:00,f83514f9-0de8-11e7-991c-3863bb43a7d0,180,12,1,1,6,0,1,1,1,1791332268
2026-10-07T00:19:02+00:00,2026-10-07T00:19:24.225622+00:00,8b703219-1e16-4ba1-9f46-2b7030c7849a,360,3,2,2,10,0,1,1,1,1791332269
2026-10-07T00:19:02+00:00,2026-10-07T00:19:24.225622+00:00,c935cfb1-ef73-402e-9b86-83aaaac6534d,478,6,1,0,13,0,1,1,1,1791332267
2026-10-07T00:19:02+00:00,2026-10-07T00:19:24.225622+00:00,13681246-4bf8-444a-a908-fa165e4ad298,329,13,2,1,1,0,1,1,1,1791332267
2026-10-07T00:19:02+00:00,2026-10-07T00:19:24.225622+00:00,f834fb66-0de8-11e7-991c-3863bb43a7d0,139,17,2,2,0,0,1,1,1,1791332275
2026-10-07T00:19:02+00:00,2026-10-07T00:19:24.225622+00:00,2079440939380771716,2079440939380771716,3,2,2,6,0,1,1,1,1791332276
2026-10-07T00:19:02+00:00,2026-10-07T00:19:24.225622+00:00,2fded452-cbd0-4248-b008-f8a61ed9a85f,2fded452-cbd0-4248-b008-f8a61ed9a85f,1,0,0,14,0,1,1,1,1791332273
2026-10-07T00:19:02+00:00,2026-10-07T00:19:24.225622+00:00,f8348021-0de8-11e7-991c-3863bb43a7d0,39,25,1,0,2,0,1,1,1,1791332273
2026-10-07T00:19:02+00:00,2026-10-07T00:19:24.225622+00:00,b0b8e427-7203-4844-9c70-129e08a74452,347,12,4,1,1,0,1,1,1,1791332274
2026-10-07T00:19:02+00:00,2026-10-07T00:19:24.225622+00:00,b5894555-30a3-46db-918a-fdeb083d6001,336,13,7,1,1,0,1,1,1,1791332273
2026-10-07T00:19:02+00:00,2026-10-07T00:19:24.225622+00:00,d81e16e2-a410-4a0b-b5ae-b72748fc9781,d81e16e2-a410-4a0b-b5ae-b72748fc9781,3,0,1,15,0,1,1,1,1791332274
2026-10-07T00:19:02+00:00,2026-10-07T00:19:24.225622+00:00,f8352a4d-0de8-11e7-991c-3863bb43a7d0,212,18,0,1,13,0,1,1,1,1791332275
2026-10-07T00:19:02+00:00,2026-10-07T00:19:24.225622+00:00,f8348924-0de8-11e7-991c-3863bb43a7d0,57,13,1,0,1,0,1,1,1,1791332276
2026-10-07T00:19:02+00:00,2026-10-07T00:19:24.225622+00:00,f834d064-0de8-11e7-991c-3863bb43a7d0,118,18,6,0,1,0,1,1,1,1791332277
2026-10-07T00:19:02+00:00,2026-10-07T00:19:24.225622+00:00,2113560016964645240,2113560016964645240,8,3,0,11,0,1,1,1,1791332282
2026-10-07T00:19:02+00:00,2026-10-07T00:19:24.225622+00:00,1961066392414132348,1961066392414132348,0,0,0,19,0,1,1,1,1791332277
2026-10-07T00:19:02+00:00,2026-10-07T00:19:24.225622+00:00,f8349de4-0de8-11e7-991c-3863bb43a7d0,80,2,0,2,31,0,1,1,1,1791332279
2026-10-07T00:19:02+00:00,2026-10-07T00:19:24.225622+00:00,2248987790637065652,2248987790637065652,4,3,0,8,0,1,1,1,1791332221
2026-10-07T00:19:02+00:00,2026-10-07T00:19:24.225622+00:00,f8353277-0de8-11e7-991c-3863bb43a7d0,218,0,0,2,13,0,1,1,1,1791332280
2026-10-07T00:19:02+00:00,2026-10-07T00:19:24.225622+00:00,a51b429f-bf06-425a-b3fe-b3155aa6468c,a51b429f-bf06-425a-b3fe-b3155aa6468c,4,4,1,6,0,1,1,1,1791332286
2026-10-07T00:19:02+00:00,2026-10-07T00:19:24.225622+00:00,2131714490587826928,2131714490587826928,9,6,2,5,0,1,1,1,1791332285
2026-10-07T00:19:02+00:00,2026-10-07T00:19:24.225622+00:00,2171110977443594588,2171110977443594588,5,0,1,9,0,1,1,1,1791332284
2026-10-07T00:19:02+00:00,2026-10-07T00:19:24.225622+00:00,2004828637786472956,2004828637786472956,15,7,1,3,0,1,1,1,1791332283
2026-10-07T00:19:02+00:00,2026-10-07T00:19:24.225622+00:00,2136546016037880534,2136546016037880534,7,0,0,8,0,1,1,1,1791332283
2026-10-07T00:19:02+00:00,2026-10-07T00:19:24.225622+00:00,ee0fa23e-a6c2-474d-a6ef-bf581d63f1ae,ee0fa23e-a6c2-474d-a6ef-bf581d63f1ae,8,2,0,3,0,1,1,1,1791332286
2026-10-07T00:19:02+00:00,2026-10-07T00:19:24.225622+00:00,1963273678015717438,1963273678015717438,0,0,0,19,0,1,1,1,1791332288
2026-10-07T00:19:02+00:00,2026-10-07T00:19:24.225622+00:00,a3b94ed8-8301-4ec6-baf2-64ac493b5106,529,1,1,0,13,0,1,1,1,1791332289
2026-10-07T00:19:02+00:00,2026-10-07T00:19:24.225622+00:00,a9d13461-7f0f-47b0-9a97-8ec9e9792865,533,13,0,1,4,0,1,1,1,1791332289
2026-10-07T00:19:02+00:00,2026-10-07T00:19:24.225622+00:00,2080157934789007958,2080157934789007958,16,2,2,1,0,1,1,1,1791332289
2026-10-07T00:19:02+00:00,2026-10-07T00:19:24.225622+00:00,f836bc28-36a7-4ca6-bba6-0d75333d84bb,538,13,1,1,5,0,1,1,1,1791332291
2026-10-07T00:19:02+00:00,2026-10-07T00:19:24.225622+00:00,f83472d3-0de8-11e7-991c-3863bb43a7d0,25,14,1,0,1,0,1,1,1,1791332291
2026-10-07T00:19:02+00:00,2026-10-07T00:19:24.225622+00:00,2111332861978124760,2111332861978124760,3,1,1,12,0,1,1,1,1791332293
2026-10-07T00:19:02+00:00,2026-10-07T00:19:24.225622+00:00,3f4f4ad4-a715-43d5-828f-f8381f26b66a,390,10,1,0,4,1,1,1,1,1791332295
2026-10-07T00:19:02+00:00,2026-10-07T00:19:24.225622+00:00,f8350c56-0de8-11e7-991c-3863bb43a7d0,161,23,7,0,0,0,1,1,1,1791332294
2026-10-07T00:19:02+00:00,2026-10-07T00:19:24.225622+00:00,2071724371800490690,2071724371800490690,17,0,0,3,0,1,1,1,1791332296
2026-10-07T00:19:02+00:00,2026-10-07T00:19:24.225622+00:00,f834db9b-0de8-11e7-991c-3863bb43a7d0,121,17,7,0,0,0,1,1,1,1791332289
2026-10-07T00:19:02+00:00,2026-10-07T00:19:24.225622+00:00,c98f50f6-1901-4c64-b164-8cf33245e022,282,13,0,1,3,1,1,1,1,1791332299
2026-10-07T00:19:02+00:00,2026-10-07T00:19:24.225622+00:00,2126939746529359956,2126939746529359956,11,4,0,8,0,1,1,1,1791332295
2026-10-07T00:19:02+00:00,2026-10-07T00:19:24.225622+00:00,a439fff7-8630-464c-b277-efca6f6bc664,531,10,3,2,2,0,1,1,1,1791332295
2026-10-07T00:19:02+00:00,2026-10-07T00:19:24.225622+00:00,ee18dbd6-05b8-4d38-a120-f84c3499a77e,519,6,4,1,3,0,1,1,1,1791332302
2026-10-07T00:19:02+00:00,2026-10-07T00:19:24.225622+00:00,a9bc314b-a3fd-46e5-a63b-f005258bba5f,a9bc314b-a3fd-46e5-a63b-f005258bba5f,1,0,0,16,1,1,1,1,1791332299
2026-10-07T00:19:02+00:00,2026-10-07T00:19:24.225622+00:00,f834ff5a-0de8-11e7-991c-3863bb43a7d0,145,8,0,1,10,0,1,1,1,1791332299
2026-10-07T00:19:02+00:00,2026-10-07T00:19:24.225622+00:00,2223046412750968128,2223046412750968128,2,1,0,17,0,1,1,1,1791332302
2026-10-07T00:19:02+00:00,2026-10-07T00:19:24.225622+00:00,f8348857-0de8-11e7-991c-3863bb43a7d0,55,0,0,0,15,0,1,1,1,1791332303
2026-10-07T00:19:02+00:00,2026-10-07T00:19:24.225622+00:00,4caf6e93-ddd7-4b6f-9e61-f9df1206ac92,4caf6e93-ddd7-4b6f-9e61-f9df1206ac92,7,2,0,12,0,1,1,1,1791332304
2026-10-07T00:19:02+00:00,2026-10-07T00:19:24.225622+00:00,f83487f0-0de8-11e7-991c-3863bb43a7d0,54,7,0,0,8,0,1,1,1,1791332303
2026-10-07T00:19:02+00:00,2026-10-07T00:19:24.225622+00:00,1984021766354634770,1984021766354634770,15,0,0,4,0,1,1,1,1791332296
2026-10-07T00:19:02+00:00,2026-10-07T00:19:24.225622+00:00,f8352306-0de8-11e7-991c-3863bb43a7d0,199,9,5,2,4,0,1,1,1,1791332297
2026-10-07T00:19:02+00:00,2026-10-07T00:19:24.225622+00:00,2115804056935012722,2115804056935012722,9,1,0,10,0,1,1,1,1791332304
2026-10-07T00:19:02+00:00,2026-10-07T00:19:24.225622+00:00,3dbbb3cb-b52d-46f8-8f9c-db11e83d081c,327,13,7,1,1,0,1,1,1,1791332305
2026-10-07T00:19:02+00:00,2026-10-07T00:19:24.225622+00:00,f8349d6e-0de8-11e7-991c-3863bb43a7d0,79,12,0,0,6,0,1,1,1,1791332305
2026-10-07T00:19:02+00:00,2026-10-07T00:19:24.225622+00:00,609c2f06-310e-4134-8dd2-3d23aa41487b,609c2f06-310e-4134-8dd2-3d23aa41487b,10,1,1,11,0,1,1,1,1791332306
2026-10-07T00:19:02+00:00,2026-10-07T00:19:24.225622+00:00,3a6d94a7-9fee-41c5-b8cc-a8487c5e691b,549,19,2,1,3,0,1,1,1,1791332306
2026-10-07T00:19:02+00:00,2026-10-07T00:19:24.225622+00:00,1e3beeb4-f8e1-452c-93e5-48df78d4b313,334,9,2,0,9,0,1,1,1,1791332305
2026-10-07T00:19:02+00:00,2026-10-07T00:19:24.225622+00:00,f8352150-0de8-11e7-991c-3863bb43a7d0,196,5,2,0,5,0,1,1,1,1791332306
2026-10-07T00:19:02+00:00,2026-10-07T00:19:24.225622+00:00,f8351ff1-0de8-11e7-991c-3863bb43a7d0,193,8,0,1,5,0,1,1,1,1791332308
2026-10-07T00:19:02+00:00,2026-10-07T00:19:24.225622+00:00,f835027c-0de8-11e7-991c-3863bb43a7d0,152,6,0,0,21,0,1,1,1,1791332306
2026-10-07T00:19:02+00:00,2026-10-07T00:19:24.225622+00:00,f834a32d-0de8-11e7-991c-3863bb43a7d0,86,19,2,0,6,0,1,1,1,1791332310
2026-10-07T00:19:02+00:00,2026-10-07T00:19:24.225622+00:00,68323451-daf0-4532-a6cb-b070e3ef358f,68323451-daf0-4532-a6cb-b070e3ef358f,10,0,0,10,0,1,1,1,1791332310
2026-10-07T00:19:02+00:00,2026-10-07T00:19:24.225622+00:00,f834fda2-0de8-11e7-991c-3863bb43a7d0,143,8,1,0,15,0,1,1,1,1791332309
2026-10-07T00:19:02+00:00,2026-10-07T00:19:24.225622+00:00,0bc49982-74e9-4bbf-9991-e3d809d6319e,530,7,3,0,12,0,1,1,1,1791332297
2026-10-07T00:19:02+00:00,2026-10-07T00:19:24.225622+00:00,f835259f-0de8-11e7-991c-3863bb43a7d0,205,3,0,1,11,0,1,1,1,1791332310
2026-10-07T00:19:02+00:00,2026-10-07T00:19:24.225622+00:00,0cb6d635-6a7d-4d75-89b4-36b12616be12,432,9,5,1,9,0,1,1,1,1791332311
2026-10-07T00:19:02+00:00,2026-10-07T00:19:24.225622+00:00,f8349672-0de8-11e7-991c-3863bb43a7d0,72,3,0,0,20,0,1,1,1,1791332313
2026-10-07T00:19:02+00:00,2026-10-07T00:19:24.225622+00:00,2120986392451359068,2120986392451359068,4,1,1,14,0,1,1,1,1791332313
2026-10-07T00:19:02+00:00,2026-10-07T00:19:24.225622+00:00,dd8dee9d-d044-41d6-9371-8463cf9c671b,526,7,4,0,7,1,1,1,1,1791332308
2026-10-07T00:19:02+00:00,2026-10-07T00:19:24.225622+00:00,2124668538068359456,2124668538068359456,15,0,1,3,0,1,1,1,1791332309
2026-10-07T00:19:02+00:00,2026-10-07T00:19:24.225622+00:00,2158217922577811100,2158217922577811100,7,0,0,12,0,1,1,1,1791332310
2026-10-07T00:19:02+00:00,2026-10-07T00:19:24.225622+00:00,f834b652-0de8-11e7-991c-3863bb43a7d0,104,7,3,0,11,0,1,1,1,1791332314
2026-10-07T00:19:02+00:00,2026-10-07T00:19:24.225622+00:00,634b697d-0e64-4102-8849-abac7a7f8e35,455,3,1,0,9,0,1,1,1,1791332315
2026-10-07T00:19:02+00:00,2026-10-07T00:19:24.225622+00:00,dc770287-c70c-43ea-a635-39f3dc6b09cd,dc770287-c70c-43ea-a635-39f3dc6b09cd,6,2,0,5,0,1,1,1,1791332315
2026-10-07T00:19:02+00:00,2026-10-07T00:19:24.225622+00:00,2074236051937964826,2074236051937964826,13,3,0,2,1,1,1,1,1791332316
2026-10-07T00:19:02+00:00,2026-10-07T00:19:24.225622+00:00,3b158c7a-a362-43ae-af1f-121b78be32d7,483,8,4,1,8,0,1,1,1,1791332317
2026-10-07T00:19:02+00:00,2026-10-07T00:19:24.225622+00:00,2012646293885032702,2012646293885032702,7,0,2,15,0,1,1,1,1791332316
2026-10-07T00:19:02+00:00,2026-10-07T00:19:24.225622+00:00,fae99a0c-e88a-4112-94d8-f655cf34e651,fae99a0c-e88a-4112-94d8-f655cf34e651,1,0,1,17,0,1,1,1,1791332317
2026-10-07T00:19:02+00:00,2026-10-07T00:19:24.225622+00:00,12141b77-6e5f-444b-bace-2abf16db4fee,12141b77-6e5f-444b-bace-2abf16db4fee,0,0,11,0,0,1,0,0,1791320514
2026-10-07T00:19:02+00:00,2026-10-07T00:19:24.225622+00:00,0daf7408-7a15-4d2b-8c39-f1a097cdbe85,403,8,2,0,7,0,1,1,1,1791332243
2026-10-07T00:19:02+00:00,2026-10-07T00:19:24.225622+00:00,8347c34d-68df-404b-ac58-7a387cc3ce4b,414,9,2,0,14,0,1,1,1,1791332246
2026-10-07T00:19:02+00:00,2026-10-07T00:19:24.225622+00:00,f8346f6f-0de8-11e7-991c-3863bb43a7d0,19,8,1,1,5,0,1,1,1,1791332242
2026-10-07T00:19:02+00:00,2026-10-07T00:19:24.225622+00:00,5bbdd12f-fec4-4741-9d5d-4a60834c5d02,377,5,2,0,14,0,1,1,1,1791332248
2026-10-07T00:19:02+00:00,2026-10-07T00:19:24.225622+00:00,1976642295079838524,1976642295079838524,4,0,1,6,0,1,1,1,1791332250
2026-10-07T00:19:02+00:00,2026-10-07T00:19:24.225622+00:00,d1c0b0c2-6e4c-424e-a946-a2a95a711633,422,7,1,0,8,0,1,1,1,1791332250
2026-10-07T00:19:02+00:00,2026-10-07T00:19:24.225622+00:00,f8350204-0de8-11e7-991c-3863bb43a7d0,151,1,0,0,18,0,1,1,1,1791332247
2026-10-07T00:19:02+00:00,2026-10-07T00:19:24.225622+00:00,52485851-e554-49de-ab9f-f536806d2d34,52485851-e554-49de-ab9f-f536806d2d34,4,1,0,6,0,1,1,1,1791332248
2026-10-07T00:19:02+00:00,2026-10-07T00:19:24.225622+00:00,f834ec42-0de8-11e7-991c-3863bb43a7d0,131,10,0,1,7,0,1,1,1,1791332250
2026-10-07T00:19:02+00:00,2026-10-07T00:19:24.225622+00:00,2007420398783036020,2007420398783036020,3,0,0,17,0,1,1,1,1791332111
2026-10-07T00:19:02+00:00,2026-10-07T00:19:24.225622+00:00,f83515d8-0de8-11e7-991c-3863bb43a7d0,182,10,0,0,8,0,1,1,1,1791332199
2026-10-07T00:19:02+00:00,2026-10-07T00:19:24.225622+00:00,f834f8ca-0de8-11e7-991c-3863bb43a7d0,137,8,5,3,6,2,1,1,1,1791332204
2026-10-07T00:19:02+00:00,2026-10-07T00:19:24.225622+00:00,1942556871369959976,1942556871369959976,14,6,1,4,0,1,1,1,1791332205
2026-10-07T00:19:02+00:00,2026-10-07T00:19:24.225622+00:00,2104f242-2dde-4ec0-8197-4454b1021ac1,381,16,9,3,4,1,1,1,1,1791332207
2026-10-07T00:19:02+00:00,2026-10-07T00:19:24.225622+00:00,f83512c9-0de8-11e7-991c-3863bb43a7d0,175,4,2,0,13,0,1,1,1,1791332211
2026-10-07T00:19:02+00:00,2026-10-07T00:19:24.225622+00:00,7c860828-3359-4229-b59b-963f5a4bab00,236,3,1,2,7,0,1,1,1,1791332209
2026-10-07T00:19:02+00:00,2026-10-07T00:19:24.225622+00:00,f83529e2-0de8-11e7-991c-3863bb43a7d0,211,9,0,0,6,0,1,1,1,1791332209
2026-10-07T00:19:02+00:00,2026-10-07T00:19:24.225622+00:00,2267959380696438832,2267959380696438832,7,0,0,4,0,1,1,1,1791332209
2026-10-07T00:19:02+00:00,2026-10-07T00:19:24.225622+00:00,f834dc46-0de8-11e7-991c-3863bb43a7d0,122,11,3,0,4,0,1,1,1,1791332209
2026-10-07T00:19:02+00:00,2026-10-07T00:19:24.225622+00:00,c202f2ca-ec1d-4dc5-a734-e0a342f23ba4,279,18,1,1,4,0,1,1,1,1791332226
2026-10-07T00:19:02+00:00,2026-10-07T00:19:24.225622+00:00,2225590560002383786,2225590560002383786,1,0,0,14,0,1,1,1,1791332226
2026-10-07T00:19:02+00:00,2026-10-07T00:19:24.225622+00:00,2123672938202825324,2123672938202825324,14,2,0,1,0,1,1,1,1791332231
2026-10-07T00:19:02+00:00,2026-10-07T00:19:24.225622+00:00,fe534b6f-61ad-47d3-b9f6-cdaa128f53a4,395,5,0,2,8,0,1,1,1,1791332233
2026-10-07T00:19:02+00:00,2026-10-07T00:19:24.225622+00:00,1921360868231155718,1921360868231155718,4,0,1,14,0,1,1,1,1791332215
2026-10-07T00:19:02+00:00,2026-10-07T00:19:24.225622+00:00,9f582e05-15e0-4a39-aef5-c719e0c78e26,466,5,2,1,5,0,1,1,1,1791332215
2026-10-07T00:19:02+00:00,2026-10-07T00:19:24.225622+00:00,c23a4c0d-7e43-4042-80e2-7c894d07763b,559,4,0,0,7,0,1,1,1,1791332216
2026-10-07T00:19:02+00:00,2026-10-07T00:19:24.225622+00:00,f834dedf-0de8-11e7-991c-3863bb43a7d0,124,9,4,0,5,0,1,1,1,1791332214
2026-10-07T00:19:02+00:00,2026-10-07T00:19:24.225622+00:00,93381e13-cd04-4e10-ac81-9f5926aa01d5,333,13,3,1,11,0,1,1,1,1791332214
2026-10-07T00:19:02+00:00,2026-10-07T00:19:24.225622+00:00,47c44bb1-d065-41f5-ad79-c18aee60af34,342,5,0,1,9,0,1,1,1,1791332214
2026-10-07T00:19:02+00:00,2026-10-07T00:19:24.225622+00:00,e32c0bb9-e85b-4764-b0fb-5c582cfd3a90,340,14,8,1,2,2,1,1,1,1791332219
2026-10-07T00:19:02+00:00,2026-10-07T00:19:24.225622+00:00,81676204-e42f-4d3d-991e-9c1264f36229,357,15,2,0,0,0,1,1,1,1791332221
2026-10-07T00:19:02+00:00,2026-10-07T00:19:24.225622+00:00,ed6c012e-6d6c-41e7-8e01-90749fd67575,546,11,10,0,5,0,1,1,1,1791332219
2026-10-07T00:19:02+00:00,2026-10-07T00:19:24.225622+00:00,f83481c5-0de8-11e7-991c-3863bb43a7d0,42,11,0,1,18,0,1,1,1,1791332219
2026-10-07T00:19:02+00:00,2026-10-07T00:19:24.225622+00:00,aa556ad4-0092-4687-96c2-8dbc69addb56,485,5,0,2,4,0,1,1,1,1791332218
2026-10-07T00:19:02+00:00,2026-10-07T00:19:24.225622+00:00,f834a3a0-0de8-11e7-991c-3863bb43a7d0,87,12,3,0,3,0,1,1,1,1791332228
2026-10-07T00:19:02+00:00,2026-10-07T00:19:24.225622+00:00,12d463d2-ce50-43bd-81b1-6be4dbdbbc1b,430,13,4,0,6,0,1,1,1,1791332229
2026-10-07T00:19:02+00:00,2026-10-07T00:19:24.225622+00:00,7feae3ce-ddf2-4a45-a123-1209c8a9182b,484,2,0,0,9,0,1,1,1,1791332228
2026-10-07T00:19:02+00:00,2026-10-07T00:19:24.225622+00:00,f834a838-0de8-11e7-991c-3863bb43a7d0,92,10,2,1,7,0,1,1,1,1791332228
2026-10-07T00:19:02+00:00,2026-10-07T00:19:24.225622+00:00,9e9be067-c6bb-41de-9491-eda69d24d6de,371,16,7,0,2,1,1,1,1,1791332229
2026-10-07T00:19:02+00:00,2026-10-07T00:19:24.225622+00:00,2118368356250680236,2118368356250680236,0,0,0,16,0,1,1,1,1791332238
2026-10-07T00:19:02+00:00,2026-10-07T00:19:24.225622+00:00,f8349e56-0de8-11e7-991c-3863bb43a7d0,81,5,0,1,13,0,1,1,1,1791332255
2026-10-07T00:19:02+00:00,2026-10-07T00:19:24.225622+00:00,f8351eb0-0de8-11e7-991c-3863bb43a7d0,190,32,2,1,4,0,1,1,1,1791332256
2026-10-07T00:19:02+00:00,2026-10-07T00:19:24.225622+00:00,5f8ced09-665c-41e5-b67e-1e58fac21830,521,3,0,0,8,0,1,1,1,1791332259
2026-10-07T00:19:02+00:00,2026-10-07T00:19:24.225622+00:00,f834ba08-0de8-11e7-991c-3863bb43a7d0,108,1,0,0,15,0,1,1,1,1791332258
2026-10-07T00:19:02+00:00,2026-10-07T00:19:24.225622+00:00,f8350a84-0de8-11e7-991c-3863bb43a7d0,157,0,0,0,15,0,1,1,1,1791332259
2026-10-07T00:19:02+00:00,2026-10-07T00:19:24.225622+00:00,be18593a-9e4c-4a13-8bb2-a5bac3d9b2b3,547,11,3,0,7,0,1,1,1,1791332267
2026-10-07T00:19:02+00:00,2026-10-07T00:19:24.225622+00:00,f714390d-6874-43fa-a079-a07f83c79c7b,f714390d-6874-43fa-a079-a07f83c79c7b,8,1,0,3,0,1,1,1,1791332268
2026-10-07T00:19:02+00:00,2026-10-07T00:19:24.225622+00:00,53548ba4-ad0a-4d92-8e57-fd5c9f3ad102,399,3,0,0,12,0,1,1,1,1791332261
2026-10-07T00:19:02+00:00,2026-10-07T00:19:24.225622+00:00,2040842277416872172,2040842277416872172,0,0,1,15,0,1,1,1,1791332268
2026-10-07T00:19:02+00:00,2026-10-07T00:19:24.225622+00:00,2109111257926871498,2109111257926871498,11,3,0,8,0,1,1,1,1791332282
2026-10-07T00:19:02+00:00,2026-10-07T00:19:24.225622+00:00,f834ab92-0de8-11e7-991c-3863bb43a7d0,95,14,0,1,0,0,1,1,1,1791332283
2026-10-07T00:19:02+00:00,2026-10-07T00:19:24.225622+00:00,f8348a68-0de8-11e7-991c-3863bb43a7d0,60,5,0,3,10,0,1,1,1,1791332282
2026-10-07T00:19:02+00:00,2026-10-07T00:19:24.225622+00:00,f834ea45-0de8-11e7-991c-3863bb43a7d0,130,8,1,0,7,0,1,1,1,1791332283
2026-10-07T00:19:02+00:00,2026-10-07T00:19:24.225622+00:00,bd1755dc-f26c-420e-85b3-fd025d0b5445,554,8,0,2,5,0,1,1,1,1791332283
2026-10-07T00:19:02+00:00,2026-10-07T00:19:24.225622+00:00,f835108b-0de8-11e7-991c-3863bb43a7d0,170,6,1,0,8,0,1,1,1,1791332281
2026-10-07T00:19:02+00:00,2026-10-07T00:19:24.225622+00:00,2d32e355-faee-407b-9bb7-45d80ffb059a,2d32e355-faee-407b-9bb7-45d80ffb059a,0,0,1,18,0,1,1,1,1791332280
2026-10-07T00:19:02+00:00,2026-10-07T00:19:24.225622+00:00,2212258635631104970,2212258635631104970,13,4,0,10,0,1,1,1,1791332283
2026-10-07T00:19:02+00:00,2026-10-07T00:19:24.225622+00:00,9cc65d3d-cfcc-45ff-8f75-7264556b1cf9,9cc65d3d-cfcc-45ff-8f75-7264556b1cf9,19,6,0,0,0,1,1,1,1791332284
2026-10-07T00:19:02+00:00,2026-10-07T00:19:24.225622+00:00,2093488029445054742,2093488029445054742,13,1,1,14,0,1,1,1,1791332299
2026-10-07T00:19:02+00:00,2026-10-07T00:19:24.225622+00:00,a75d3da1-ce74-447f-8e80-52506a81aff3,a75d3da1-ce74-447f-8e80-52506a81aff3,8,7,0,3,0,1,1,1,1791332298
2026-10-07T00:19:02+00:00,2026-10-07T00:19:24.225622+00:00,2130224177726511580,2130224177726511580,7,0,0,8,0,1,1,1,1791332300
2026-10-07T00:19:02+00:00,2026-10-07T00:19:24.225622+00:00,f8347b1e-0de8-11e7-991c-3863bb43a7d0,30,0,0,0,15,0,1,1,1,1791332300
2026-10-07T00:19:02+00:00,2026-10-07T00:19:24.225622+00:00,f834fede-0de8-11e7-991c-3863bb43a7d0,144,6,0,0,13,0,1,1,1,1791332299
2026-10-07T00:19:02+00:00,2026-10-07T00:19:24.225622+00:00,74cb9bf6-bb53-4c70-88d2-67998b99628c,296,18,2,1,4,0,1,1,1,1791332301
2026-10-07T00:19:02+00:00,2026-10-07T00:19:24.225622+00:00,eee3aab6-bd98-4d1f-8887-9c4e2adce482,eee3aab6-bd98-4d1f-8887-9c4e2adce482,9,3,2,0,0,1,1,1,1791332302
2026-10-07T00:19:02+00:00,2026-10-07T00:19:24.225622+00:00,2035660824473983142,2035660824473983142,9,0,0,10,0,1,1,1,1791332302
2026-10-07T00:19:02+00:00,2026-10-07T00:19:24.225622+00:00,2098360140389493528,2098360140389493528,6,5,3,2,0,1,1,1,1791332302
2026-10-07T00:19:02+00:00,2026-10-07T00:19:24.225622+00:00,a83f982f-a4f1-43e4-98e8-c8f4a0bb7290,452,12,1,0,3,0,1,1,1,1791332309
2026-10-07T00:19:02+00:00,2026-10-07T00:19:24.225622+00:00,2002248857751890568,2002248857751890568,9,8,0,2,0,1,1,1,1791332308
2026-10-07T00:19:02+00:00,2026-10-07T00:19:24.225622+00:00,bd3d4824-7203-4edc-a314-cea2b413e886,319,3,2,0,23,1,1,1,1,1791332311
2026-10-07T00:19:02+00:00,2026-10-07T00:19:24.225622+00:00,e2c306f6-82c7-4d0d-89fd-c9452d2f9ad1,361,6,0,2,34,0,1,1,1,1791332309
2026-10-07T00:19:02+00:00,2026-10-07T00:19:24.225622+00:00,f8349ed6-0de8-11e7-991c-3863bb43a7d0,82,9,6,0,16,0,1,1,1,1791332311
2026-10-07T00:19:02+00:00,2026-10-07T00:19:24.225622+00:00,81bfc33b-30d8-4881-b261-712715a8b2bc,363,5,0,0,13,1,1,1,1,1791332306
2026-10-07T00:19:02+00:00,2026-10-07T00:19:24.225622+00:00,0b0467c1-0c90-4529-a556-fe4d57835bbb,435,13,12,0,1,1,1,1,1,1791332308
2026-10-07T00:19:02+00:00,2026-10-07T00:19:24.225622+00:00,f0f01d4c-ba4a-4ab2-9cc0-9fa1f9223300,394,6,3,0,8,0,1,1,1,1791332311
2026-10-07T00:19:02+00:00,2026-10-07T00:19:24.225622+00:00,2245672241002318634,2245672241002318634,4,3,1,13,0,1,1,1,1791332307
2026-10-07T00:19:02+00:00,2026-10-07T00:19:24.225622+00:00,403c0f6c-d01a-4171-a7be-3aa4dbb0d7d1,407,5,4,1,12,0,1,1,1,1791332308
2026-10-07T00:19:02+00:00,2026-10-07T00:19:24.225622+00:00,2014558273483754010,2014558273483754010,12,2,0,7,0,1,1,1,1791332265
2026-10-07T00:19:02+00:00,2026-10-07T00:19:24.225622+00:00,f834b99d-0de8-11e7-991c-3863bb43a7d0,107,1,0,0,17,0,1,1,1,1791332277
2026-10-07T00:19:02+00:00,2026-10-07T00:19:24.225622+00:00,c5017e67-cada-4549-a52e-0f13dddd289d,424,9,5,0,10,0,1,1,1,1791332279
2026-10-07T00:19:02+00:00,2026-10-07T00:19:24.225622+00:00,f834a7d1-0de8-11e7-991c-3863bb43a7d0,91,6,0,0,13,0,1,1,1,1791332276
2026-10-07T00:19:02+00:00,2026-10-07T00:19:24.225622+00:00,f8352ac4-0de8-11e7-991c-3863bb43a7d0,213,0,0,2,12,0,1,1,1,1791332276
2026-10-07T00:19:02+00:00,2026-10-07T00:19:24.225622+00:00,2220822464984366036,2220822464984366036,3,1,1,8,0,1,1,1,1791332274
2026-10-07T00:19:02+00:00,2026-10-07T00:19:24.225622+00:00,2071630998981871920,2071630998981871920,13,7,0,7,0,1,1,1,1791332288
2026-10-07T00:19:02+00:00,2026-10-07T00:19:24.225622+00:00,228b8017-e4da-4722-9223-b8279a14b8ad,448,3,3,0,7,0,1,1,1,1791332287
2026-10-07T00:19:02+00:00,2026-10-07T00:19:24.225622+00:00,f8351dc2-0de8-11e7-991c-3863bb43a7d0,188,15,3,0,0,0,1,1,1,1791332288
2026-10-07T00:19:02+00:00,2026-10-07T00:19:24.225622+00:00,9c8366d8-3b58-4894-b281-09e22f6fe5f7,464,3,0,0,8,0,1,1,1,1791332287
2026-10-07T00:19:02+00:00,2026-10-07T00:19:24.225622+00:00,f834658f-0de8-11e7-991c-3863bb43a7d0,4,16,2,1,2,0,1,1,1,1791332288
2026-10-07T00:19:02+00:00,2026-10-07T00:19:24.225622+00:00,f834fc57-0de8-11e7-991c-3863bb43a7d0,140,11,3,3,3,0,1,1,1,1791332288
2026-10-07T00:19:02+00:00,2026-10-07T00:19:24.225622+00:00,9340e113-e0b2-48ac-b58a-8b6f001b0a94,486,4,1,0,7,0,1,1,1,1791332284
2026-10-07T00:19:02+00:00,2026-10-07T00:19:24.225622+00:00,2129865213174084448,2129865213174084448,2,0,0,17,0,1,1,1,1791332284
2026-10-07T00:19:02+00:00,2026-10-07T00:19:24.225622+00:00,f83471a1-0de8-11e7-991c-3863bb43a7d0,23,0,0,0,24,1,1,1,1,1791332289
2026-10-07T00:19:02+00:00,2026-10-07T00:19:24.225622+00:00,ad2fb6f2-921f-440c-83de-08be76e35c2a,468,3,0,1,10,0,1,1,1,1791332289
2026-10-07T00:19:02+00:00,2026-10-07T00:19:24.225622+00:00,1676a6f7-c417-48d2-92e8-5ce21995efc3,374,2,1,0,16,0,1,1,1,1791332290
2026-10-07T00:19:02+00:00,2026-10-07T00:19:24.225622+00:00,4c128753-6fde-4d4c-896e-a1adf89ada98,4c128753-6fde-4d4c-896e-a1adf89ada98,0,0,1,23,1,1,1,1,1791332289
2026-10-07T00:19:02+00:00,2026-10-07T00:19:24.225622+00:00,13d4171b-6d93-490e-923f-f2a17d5c7613,13d4171b-6d93-490e-923f-f2a17d5c7613,2,1,3,6,0,1,1,1,1791332290
2026-10-07T00:19:02+00:00,2026-10-07T00:19:24.225622+00:00,f8351490-0de8-11e7-991c-3863bb43a7d0,179,31,2,0,21,1,1,1,1,1791332290
2026-10-07T00:19:02+00:00,2026-10-07T00:19:24.225622+00:00,f8285d4f-5053-4e26-bb28-72016fe11353,405,18,2,0,1,0,1,1,1,1791332285
2026-10-07T00:19:02+00:00,2026-10-07T00:19:24.225622+00:00,2131760674371160748,2131760674371160748,4,0,1,15,0,1,1,1,1791332286
2026-10-07T00:19:02+00:00,2026-10-07T00:19:24.225622+00:00,f83520d8-0de8-11e7-991c-3863bb43a7d0,195,13,1,1,9,0,1,1,1,1791332286
2026-10-07T00:19:02+00:00,2026-10-07T00:19:24.225622+00:00,1989983491501558234,1989983491501558234,2,0,0,9,0,1,1,1,1791332289
2026-10-07T00:19:02+00:00,2026-10-07T00:19:24.225622+00:00,f83483f3-0de8-11e7-991c-3863bb43a7d0,46,15,0,1,23,0,1,1,1,1791332269
2026-10-07T00:19:02+00:00,2026-10-07T00:19:24.225622+00:00,f8352068-0de8-11e7-991c-3863bb43a7d0,194,10,2,0,9,0,1,1,1,1791332272
2026-10-07T00:19:02+00:00,2026-10-07T00:19:24.225622+00:00,6e340d8e-45db-4fd9-b6eb-b74ec73b0d3e,535,8,3,1,6,0,1,1,1,1791332273
2026-10-07T00:19:02+00:00,2026-10-07T00:19:24.225622+00:00,4f25f6ef-236b-43b4-8a92-68a24db0504b,4f25f6ef-236b-43b4-8a92-68a24db0504b,12,6,1,1,0,1,1,1,1791332294
2026-10-07T00:19:02+00:00,2026-10-07T00:19:24.225622+00:00,065e0e5d-8a0d-49b7-9c1f-c8eaba51a8b4,490,12,4,1,5,0,1,1,1,1791332293
2026-10-07T00:19:02+00:00,2026-10-07T00:19:24.225622+00:00,186accbb-6a08-4e1d-b267-9033c4443a56,401,10,2,1,4,0,1,1,1,1791332294
2026-10-07T00:19:02+00:00,2026-10-07T00:19:24.225622+00:00,f8352378-0de8-11e7-991c-3863bb43a7d0,200,16,0,0,3,0,1,1,1,1791332294
2026-10-07T00:19:02+00:00,2026-10-07T00:19:24.225622+00:00,f834caf2-0de8-11e7-991c-3863bb43a7d0,114,6,2,0,9,0,1,1,1,1791332294
2026-10-07T00:19:02+00:00,2026-10-07T00:19:24.225622+00:00,eb8824c3-9c84-4fec-8d6f-d537c8ab3beb,349,12,9,2,2,1,1,1,1,1791332295
2026-10-07T00:19:02+00:00,2026-10-07T00:19:24.225622+00:00,7df1ee28-441e-44c1-8507-8f58946be96b,239,10,3,1,4,0,1,1,1,1791332305
2026-10-07T00:19:02+00:00,2026-10-07T00:19:24.225622+00:00,ca76adb6-4c84-4484-9ec3-b411b81ddbef,ca76adb6-4c84-4484-9ec3-b411b81ddbef,4,1,2,13,0,1,1,1,1791332306
2026-10-07T00:19:02+00:00,2026-10-07T00:19:24.225622+00:00,f83489ff-0de8-11e7-991c-3863bb43a7d0,59,1,0,1,16,1,1,1,1,1791332306
2026-10-07T00:19:02+00:00,2026-10-07T00:19:24.225622+00:00,2212663228188806942,2212663228188806942,6,0,0,18,0,1,1,1,1791332305
2026-10-07T00:19:02+00:00,2026-10-07T00:19:24.225622+00:00,fe6a64e7-c712-404c-85ae-ee77a37245b1,355,8,1,1,8,0,1,1,1,1791332305
2026-10-07T00:19:02+00:00,2026-10-07T00:19:24.225622+00:00,1978882443666915710,1978882443666915710,12,0,0,5,1,1,1,1,1791332306
2026-10-07T00:19:02+00:00,2026-10-07T00:19:24.225622+00:00,00802fe6-4268-4dc8-8f55-0dbbc1665ce6,515,7,0,1,11,0,1,1,1,1791332303
2026-10-07T00:19:02+00:00,2026-10-07T00:19:24.225622+00:00,2151136782588526782,2151136782588526782,8,1,1,2,0,1,1,1,1791332303
2026-10-07T00:19:02+00:00,2026-10-07T00:19:24.225622+00:00,f8351726-0de8-11e7-991c-3863bb43a7d0,185,2,0,2,11,0,1,1,1,1791332302
2026-10-07T00:19:02+00:00,2026-10-07T00:19:24.225622+00:00,2002579415401984808,2002579415401984808,5,0,0,6,0,1,1,1,1791332303
2026-10-07T00:19:02+00:00,2026-10-07T00:19:24.225622+00:00,f83480a9-0de8-11e7-991c-3863bb43a7d0,40,27,0,0,4,0,1,1,1,1791332304
2026-10-07T00:19:02+00:00,2026-10-07T00:19:24.225622+00:00,4fe8e777-345b-4fc2-a684-dd874e8186d8,4fe8e777-345b-4fc2-a684-dd874e8186d8,7,3,1,7,0,1,1,1,1791332306
2026-10-07T00:19:02+00:00,2026-10-07T00:19:24.225622+00:00,2096125468116637776,2096125468116637776,12,0,0,3,0,1,1,1,1791332311
2026-10-07T00:19:02+00:00,2026-10-07T00:19:24.225622+00:00,a3bf0bfe-198b-4160-a2fb-cc7d10cfb4cf,a3bf0bfe-198b-4160-a2fb-cc7d10cfb4cf,6,0,0,13,0,1,1,1,1791332314
2026-10-07T00:19:02+00:00,2026-10-07T00:19:24.225622+00:00,2254164250455119196,2254164250455119196,8,7,0,7,0,1,1,1,1791332315
2026-10-07T00:19:02+00:00,2026-10-07T00:19:24.225622+00:00,f835260c-0de8-11e7-991c-3863bb43a7d0,206,0,0,0,40,0,1,1,1,1791332316
2026-10-07T00:19:02+00:00,2026-10-07T00:19:24.225622+00:00,2038981933682610536,2038981933682610536,6,1,0,10,0,1,1,1,1791332315
2026-10-07T00:19:02+00:00,2026-10-07T00:19:24.225622+00:00,42886366-9cbf-432c-ba84-beef38877c87,408,14,5,0,1,0,1,1,1,1791332316
2026-10-07T00:19:02+00:00,2026-10-07T00:19:24.225622+00:00,2249419943962214726,2249419943962214726,3,1,1,15,0,1,1,1,1791332316
2026-10-07T00:19:02+00:00,2026-10-07T00:19:24.225622+00:00,2271594282663217386,2271594282663217386,2,2,0,9,0,1,1,1,1791332316
2026-10-07T00:19:02+00:00,2026-10-07T00:19:24.225622+00:00,c1789d39-705f-4c03-9c14-4d6a3a4f4400,561,0,0,0,19,0,1,1,1,1791332317
2026-10-07T00:19:02+00:00,2026-10-07T00:19:24.225622+00:00,f834824e-0de8-11e7-991c-3863bb43a7d0,43,0,0,0,15,0,1,1,1,1791332290
2026-10-07T00:19:02+00:00,2026-10-07T00:19:24.225622+00:00,1a39ab83-f029-4134-aad4-35380b30bf2c,1a39ab83-f029-4134-aad4-35380b30bf2c,7,0,0,12,0,1,1,1,1791332318
2026-10-07T00:19:02+00:00,2026-10-07T00:19:24.225622+00:00,2076849845777355316,2076849845777355316,22,5,4,2,3,1,1,1,1791332318
2026-10-07T00:19:02+00:00,2026-10-07T00:19:24.225622+00:00,1df03e33-c105-4e53-b013-d20056cd57f8,1df03e33-c105-4e53-b013-d20056cd57f8,0,0,0,0,0,0,0,0,86400
2026-10-07T00:19:02+00:00,2026-10-07T00:19:24.225622+00:00,f8346d23-0de8-11e7-991c-3863bb43a7d0,15,10,3,0,5,0,1,1,1,1791332215
2026-10-07T00:19:02+00:00,2026-10-07T00:19:24.225622+00:00,1a661bb7-7d14-49e9-ac3d-22bafec8a2f0,507,4,2,1,6,0,1,1,1,1791332213
2026-10-07T00:19:02+00:00,2026-10-07T00:19:24.225622+00:00,f83517fa-0de8-11e7-991c-3863bb43a7d0,187,11,4,0,4,0,1,1,1,1791332214
2026-10-07T00:19:02+00:00,2026-10-07T00:19:24.225622+00:00,8d893519-bc21-4536-b346-f558988bc8ad,260,10,0,1,4,0,1,1,1,1791332204
2026-10-07T00:19:02+00:00,2026-10-07T00:19:24.225622+00:00,f83482d2-0de8-11e7-991c-3863bb43a7d0,44,2,0,0,29,0,1,1,1,1791332208
2026-10-07T00:19:02+00:00,2026-10-07T00:19:24.225622+00:00,f835288a-0de8-11e7-991c-3863bb43a7d0,208,10,0,0,5,0,1,1,1,1791332210
2026-10-07T00:19:02+00:00,2026-10-07T00:19:24.225622+00:00,2090635592862466836,2090635592862466836,9,0,2,19,1,1,1,1,1791332210
2026-10-07T00:19:02+00:00,2026-10-07T00:19:24.225622+00:00,8a404180-7c2e-4dbe-9489-c478ed959282,8a404180-7c2e-4dbe-9489-c478ed959282,6,1,3,10,0,1,1,1,1791332218
2026-10-07T00:19:02+00:00,2026-10-07T00:19:24.225622+00:00,f8352534-0de8-11e7-991c-3863bb43a7d0,204,6,1,0,9,0,1,1,1,1791332217
2026-10-07T00:19:02+00:00,2026-10-07T00:19:24.225622+00:00,ea65c25f-0718-4f79-8588-c58b9fe3a105,226,13,1,1,0,1,1,1,1,1791332218
2026-10-07T00:19:02+00:00,2026-10-07T00:19:24.225622+00:00,ad2cf74c-0e8c-4e15-8f19-2259e8c82f0f,404,7,0,2,7,0,1,1,1,1791332230
2026-10-07T00:19:02+00:00,2026-10-07T00:19:24.225622+00:00,f834b101-0de8-11e7-991c-3863bb43a7d0,97,3,0,0,15,1,1,1,1,1791332231
2026-10-07T00:19:02+00:00,2026-10-07T00:19:24.225622+00:00,f8350cc1-0de8-11e7-991c-3863bb43a7d0,162,1,1,0,14,0,1,1,1,1791332234
2026-10-07T00:19:02+00:00,2026-10-07T00:19:24.225622+00:00,1986302395589722758,1986302395589722758,7,1,0,3,0,1,1,1,1791332233
2026-10-07T00:19:02+00:00,2026-10-07T00:19:24.225622+00:00,e4678b17-face-42c3-9b5f-98418d31e3b6,e4678b17-face-42c3-9b5f-98418d31e3b6,9,3,0,2,0,1,1,1,1791332235
2026-10-07T00:19:02+00:00,2026-10-07T00:19:24.225622+00:00,f2b83aa2-86cd-4904-a099-74bf2023f768,330,6,0,1,8,0,1,1,1,1791332236
2026-10-07T00:19:02+00:00,2026-10-07T00:19:24.225622+00:00,888780ee-bf2f-474e-9622-6bc725aa1b00,888780ee-bf2f-474e-9622-6bc725aa1b00,2,0,4,5,0,1,1,1,1791332238
2026-10-07T00:19:02+00:00,2026-10-07T00:19:24.225622+00:00,aa964f5b-fadf-4fc1-8c91-84ee36e15f0d,341,13,0,0,2,0,1,1,1,1791332238
2026-10-07T00:19:02+00:00,2026-10-07T00:19:24.225622+00:00,f8352ba8-0de8-11e7-991c-3863bb43a7d0,215,4,2,0,11,0,1,1,1,1791332239
2026-10-07T00:19:02+00:00,2026-10-07T00:19:24.225622+00:00,1cced911-b428-4cfd-81be-3a8f77ce7379,233,4,0,2,9,0,1,1,1,1791332238
2026-10-07T00:19:02+00:00,2026-10-07T00:19:24.225622+00:00,2069389896750516900,2069389896750516900,8,0,1,11,0,1,1,1,1791332196
2026-10-07T00:19:02+00:00,2026-10-07T00:19:24.225622+00:00,1e1b40cd-8e00-4b74-b147-be6b23f5c9e7,385,1,0,0,14,0,1,1,1,1791332223
2026-10-07T00:19:02+00:00,2026-10-07T00:19:24.225622+00:00,2088704000370565344,2088704000370565344,2,0,2,8,0,1,1,1,1791332221
2026-10-07T00:19:02+00:00,2026-10-07T00:19:24.225622+00:00,1963613484180639992,1963613484180639992,13,1,0,6,0,1,1,1,1791332222
2026-10-07T00:19:02+00:00,2026-10-07T00:19:24.225622+00:00,2246034666940677832,2246034666940677832,5,0,0,6,0,1,1,1,1791332228
2026-10-07T00:19:02+00:00,2026-10-07T00:19:24.225622+00:00,868ccc83-99e5-4faf-96eb-e1fae26b9741,481,3,0,1,15,0,1,1,1,1791332228
2026-10-07T00:19:02+00:00,2026-10-07T00:19:24.225622+00:00,2118728866631796788,2118728866631796788,8,1,0,7,0,1,1,1,1791332264
2026-10-07T00:19:02+00:00,2026-10-07T00:19:24.225622+00:00,2227858849424910006,2227858849424910006,7,2,0,1,0,1,1,1,1791332266
2026-10-07T00:19:02+00:00,2026-10-07T00:19:24.225622+00:00,7f68a70d-af0e-450a-b7a8-ce621cd0c8c1,280,7,1,1,11,0,1,1,1,1791332266
2026-10-07T00:19:02+00:00,2026-10-07T00:19:24.225622+00:00,2141791438824588162,2141791438824588162,8,0,0,11,0,1,1,1,1791332268
2026-10-07T00:19:02+00:00,2026-10-07T00:19:24.225622+00:00,ccf82572-a142-4378-9a4b-5a51fcb4ef81,350,8,1,0,9,0,1,1,1,1791332269
2026-10-07T00:19:02+00:00,2026-10-07T00:19:24.225622+00:00,f8346ad7-0de8-11e7-991c-3863bb43a7d0,11,0,0,3,12,0,1,1,1,1791332268
2026-10-07T00:19:02+00:00,2026-10-07T00:19:24.225622+00:00,f8350ecf-0de8-11e7-991c-3863bb43a7d0,167,9,6,0,6,0,1,1,1,1791332271
2026-10-07T00:19:02+00:00,2026-10-07T00:19:24.225622+00:00,d8ce5f8b-2440-45e1-ab1c-23cb3bcbde84,527,3,1,0,10,0,1,1,1,1791332268
2026-10-07T00:19:02+00:00,2026-10-07T00:19:24.225622+00:00,2119105928286481344,2119105928286481344,8,1,0,11,0,1,1,1,1791332267
2026-10-07T00:19:02+00:00,2026-10-07T00:19:24.225622+00:00,2087949096844032050,2087949096844032050,4,0,0,11,0,1,1,1,1791332182
2026-10-07T00:19:02+00:00,2026-10-07T00:19:24.225622+00:00,f83492b4-0de8-11e7-991c-3863bb43a7d0,66,7,2,1,7,0,1,1,1,1791332203
2026-10-07T00:19:02+00:00,2026-10-07T00:19:24.225622+00:00,b205d2bb-bb76-49ac-8d14-85eec5a874d3,343,7,1,1,7,0,1,1,1,1791332241
2026-10-07T00:19:02+00:00,2026-10-07T00:19:24.225622+00:00,ef6ef93b-488f-496b-afbf-3aedfd967129,517,8,4,0,7,0,1,1,1,1791332242
2026-10-07T00:19:02+00:00,2026-10-07T00:19:24.225622+00:00,0208190e-851c-417d-8bc7-1b218db97fbf,0208190e-851c-417d-8bc7-1b218db97fbf,1,0,0,22,0,1,1,1,1791332247
2026-10-07T00:19:02+00:00,2026-10-07T00:19:24.225622+00:00,81323081-749c-44cf-ac62-0e6c64305c32,461,10,2,0,0,0,1,1,1,1791332247
2026-10-07T00:19:02+00:00,2026-10-07T00:19:24.225622+00:00,9bfa4a32-5598-46ea-a1a1-17b4c6ed9d84,431,11,3,0,4,0,1,1,1,1791332247
2026-10-07T00:19:02+00:00,2026-10-07T00:19:24.225622+00:00,f8346803-0de8-11e7-991c-3863bb43a7d0,8,11,4,0,8,0,1,1,1,1791332249
2026-10-07T00:19:02+00:00,2026-10-07T00:19:24.225622+00:00,6aebc664-1e3c-479f-8f65-2bae99215ed3,6aebc664-1e3c-479f-8f65-2bae99215ed3,9,3,0,2,0,1,1,1,1791332249
2026-10-07T00:19:02+00:00,2026-10-07T00:19:24.225622+00:00,2145094035874873892,2145094035874873892,7,0,1,11,0,1,1,1,1791332248
2026-10-07T00:19:02+00:00,2026-10-07T00:19:24.225622+00:00,fbc512a5-4b98-4821-bcfb-bb0c7ac83543,365,0,0,0,19,0,1,1,1,1791332246
2026-10-07T00:19:02+00:00,2026-10-07T00:19:24.225622+00:00,56817d8e-3a1c-431a-a529-1a600f80c364,366,9,2,1,17,0,1,1,1,1791332247
2026-10-07T00:19:02+00:00,2026-10-07T00:19:24.225622+00:00,f8347c41-0de8-11e7-991c-3863bb43a7d0,32,4,1,2,8,0,1,1,1,1791332247
2026-10-07T00:19:02+00:00,2026-10-07T00:19:24.225622+00:00,7560f0e3-267b-4fb3-bbfa-6e02010cfcb7,225,15,0,1,3,0,1,1,1,1791332252
2026-10-07T00:19:02+00:00,2026-10-07T00:19:24.225622+00:00,2270212773802111256,2270212773802111256,5,2,0,14,0,1,1,1,1791332253
2026-10-07T00:19:02+00:00,2026-10-07T00:19:24.225622+00:00,f834cfd8-0de8-11e7-991c-3863bb43a7d0,117,1,1,4,10,1,1,1,1,1791332259
2026-10-07T00:19:02+00:00,2026-10-07T00:19:24.225622+00:00,d22265a8-a6d7-4922-a6b5-4be738a9e5c4,392,14,10,0,1,0,1,1,1,1791332259
2026-10-07T00:19:02+00:00,2026-10-07T00:19:24.225622+00:00,f834723b-0de8-11e7-991c-3863bb43a7d0,24,0,0,1,22,0,1,1,1,1791332259
2026-10-07T00:19:02+00:00,2026-10-07T00:19:24.225622+00:00,7e1dae55-4d3d-4a41-b969-2aeca70e0e69,7e1dae55-4d3d-4a41-b969-2aeca70e0e69,9,1,0,2,0,1,1,1,1791332254
2026-10-07T00:19:02+00:00,2026-10-07T00:19:24.225622+00:00,61168d8b-20b7-46c8-8f08-6ae1f100c4e0,550,5,1,1,11,0,1,1,1,1791332255
2026-10-07T00:19:02+00:00,2026-10-07T00:19:24.225622+00:00,51bb4381-dae4-4aeb-b213-0614b807be29,344,3,0,2,14,0,1,1,1,1791332256
2026-10-07T00:19:02+00:00,2026-10-07T00:19:24.225622+00:00,380de8b2-2728-4e4b-83f1-251bfbb5acf2,487,13,5,1,5,0,1,1,1,1791332256
2026-10-07T00:19:02+00:00,2026-10-07T00:19:24.225622+00:00,23146f28-9762-4a6d-a6db-fcd4ff0e5d07,356,14,0,0,9,0,1,1,1,1791332256
2026-10-07T00:19:02+00:00,2026-10-07T00:19:24.225622+00:00,f83488be-0de8-11e7-991c-3863bb43a7d0,56,5,1,1,12,0,1,1,1,1791332260
2026-10-07T00:19:02+00:00,2026-10-07T00:19:24.225622+00:00,90330e1a-dee5-4914-9d3f-3891aeca12ca,434,9,1,1,9,0,1,1,1,1791332259
2026-10-07T00:19:02+00:00,2026-10-07T00:19:24.225622+00:00,f8352b39-0de8-11e7-991c-3863bb43a7d0,214,8,0,0,5,1,1,1,1,1791332260
2026-10-07T00:19:02+00:00,2026-10-07T00:19:24.225622+00:00,2259733531216984776,2259733531216984776,4,1,0,11,0,1,1,1,1791332263
2026-10-07T00:19:02+00:00,2026-10-07T00:19:24.225622+00:00,d5349097-b478-4b3f-9c46-d8fbcf38e3f4,509,8,0,0,4,0,1,1,1,1791332264
2026-10-07T00:19:02+00:00,2026-10-07T00:19:24.225622+00:00,8b97606e-a849-4db8-ae9b-4009fe48d90b,556,8,1,0,11,0,1,1,1,1791332262
2026-10-07T00:19:02+00:00,2026-10-07T00:19:24.225622+00:00,f9524971-e9f9-4572-aebc-580e48de042f,f9524971-e9f9-4572-aebc-580e48de042f,13,1,0,6,0,1,1,1,1791332274
2026-10-07T00:19:02+00:00,2026-10-07T00:19:24.225622+00:00,f834a8a0-0de8-11e7-991c-3863bb43a7d0,93,18,0,0,13,0,1,1,1,1791332274
2026-10-07T00:19:02+00:00,2026-10-07T00:19:24.225622+00:00,f8349b20-0de8-11e7-991c-3863bb43a7d0,76,16,0,0,0,0,1,1,1,1791332274
2026-10-07T00:19:02+00:00,2026-10-07T00:19:24.225622+00:00,f834662c-0de8-11e7-991c-3863bb43a7d0,5,14,1,0,1,0,1,1,1,1791332274
2026-10-07T00:19:02+00:00,2026-10-07T00:19:24.225622+00:00,1994466222105870452,1994466222105870452,8,5,2,1,0,1,1,1,1791332272
2026-10-07T00:19:02+00:00,2026-10-07T00:19:24.225622+00:00,f8351f1d-0de8-11e7-991c-3863bb43a7d0,191,8,0,1,7,0,1,1,1,1791332275
2026-10-07T00:19:02+00:00,2026-10-07T00:19:24.225622+00:00,f834c7a9-0de8-11e7-991c-3863bb43a7d0,112,6,0,0,9,0,1,1,1,1791332276
2026-10-07T00:19:02+00:00,2026-10-07T00:19:24.225622+00:00,36f36eed-1070-49be-8b31-5676b8b3489f,227,1,0,1,17,0,1,1,1,1791332279
2026-10-07T00:19:02+00:00,2026-10-07T00:19:24.225622+00:00,2249415127458891992,2249415127458891992,13,0,0,2,0,1,1,1,1791332248
2026-10-07T00:19:02+00:00,2026-10-07T00:19:24.225622+00:00,68e5e79a-3c94-4848-b619-9c0829d7f687,475,15,9,0,0,0,1,1,1,1791332276
2026-10-07T00:19:02+00:00,2026-10-07T00:19:24.225622+00:00,f8347ccd-0de8-11e7-991c-3863bb43a7d0,33,16,0,0,11,0,1,1,1,1791332284
2026-10-07T00:19:02+00:00,2026-10-07T00:19:24.225622+00:00,f834e534-0de8-11e7-991c-3863bb43a7d0,128,10,6,0,9,0,1,1,1,1791332284
2026-10-07T00:19:02+00:00,2026-10-07T00:19:24.225622+00:00,f834b8b3-0de8-11e7-991c-3863bb43a7d0,105,10,0,0,8,0,1,1,1,1791332284
2026-10-07T00:19:02+00:00,2026-10-07T00:19:24.225622+00:00,2085366936904166272,2085366936904166272,8,2,2,5,0,1,1,1,1791332281
2026-10-07T00:19:02+00:00,2026-10-07T00:19:24.225622+00:00,2027502297316997708,2027502297316997708,6,0,0,5,0,1,1,1,1791332285
2026-10-07T00:19:02+00:00,2026-10-07T00:19:24.225622+00:00,2270454512964591136,2270454512964591136,0,0,0,19,0,1,1,1,1791332287
2026-10-07T00:19:02+00:00,2026-10-07T00:19:24.225622+00:00,903b9b5d-4244-43e4-8441-0d17f9a994f7,528,0,0,0,11,0,1,1,1,1791332285
2026-10-07T00:19:02+00:00,2026-10-07T00:19:24.225622+00:00,9721c80e-fc8f-474f-8918-b68c041d2836,9721c80e-fc8f-474f-8918-b68c041d2836,1,0,1,21,0,1,1,1,1791332286
2026-10-07T00:19:02+00:00,2026-10-07T00:19:24.225622+00:00,b6a8522d-296d-4c05-887d-842374520780,545,11,11,0,2,1,1,1,1,1791332286
2026-10-07T00:19:02+00:00,2026-10-07T00:19:24.225622+00:00,270ad97d-035d-472a-9827-76d3187afc56,402,7,3,1,7,0,1,1,1,1791332291
2026-10-07T00:19:02+00:00,2026-10-07T00:19:24.225622+00:00,cf5f920f-b61d-4db0-b139-14aff04d577c,459,0,0,9,0,13,1,0,0,1791332292
2026-10-07T00:19:02+00:00,2026-10-07T00:19:24.225622+00:00,fe90d430-d33f-48b2-a5cd-bc161b220939,553,8,1,0,15,0,1,1,1,1791332291
2026-10-07T00:19:02+00:00,2026-10-07T00:19:24.225622+00:00,57716f8d-c9ee-4768-8872-71343ec3ffd8,514,10,4,3,6,0,1,1,1,1791332290
2026-10-07T00:19:02+00:00,2026-10-07T00:19:24.225622+00:00,f8352219-0de8-11e7-991c-3863bb43a7d0,197,9,2,0,6,0,1,1,1,1791332290
2026-10-07T00:19:02+00:00,2026-10-07T00:19:24.225622+00:00,25a9114f-66f0-427c-920f-5526ca84f056,346,15,1,0,0,0,1,1,1,1791332291
2026-10-07T00:19:02+00:00,2026-10-07T00:19:24.225622+00:00,a6e0db4f-fc9b-42af-bfe0-36cc0259b717,446,0,0,4,12,0,1,1,1,1791332296
2026-10-07T00:19:02+00:00,2026-10-07T00:19:24.225622+00:00,b34694c2-c640-4f70-b196-1c357ab798e0,b34694c2-c640-4f70-b196-1c357ab798e0,9,3,0,6,0,1,1,1,1791332296
2026-10-07T00:19:02+00:00,2026-10-07T00:19:24.225622+00:00,1994054629753598708,1994054629753598708,13,4,0,1,0,1,1,1,1791332292
2026-10-07T00:19:02+00:00,2026-10-07T00:19:24.225622+00:00,f834a959-0de8-11e7-991c-3863bb43a7d0,94,10,8,0,0,0,1,1,1,1791332294
2026-10-07T00:19:02+00:00,2026-10-07T00:19:24.225622+00:00,2040842870122359032,2040842870122359032,0,0,1,19,0,1,1,1,1791332293
2026-10-07T00:19:02+00:00,2026-10-07T00:19:24.225622+00:00,48abed77-c9ba-4a39-8a5c-6a1e9bb8a9a5,48abed77-c9ba-4a39-8a5c-6a1e9bb8a9a5,13,7,1,2,0,1,1,1,1791332299
2026-10-07T00:19:02+00:00,2026-10-07T00:19:24.225622+00:00,8983c75a-12c1-4995-aedc-24c94bd895e3,384,0,0,0,19,0,1,1,1,1791332301
2026-10-07T00:19:02+00:00,2026-10-07T00:19:24.225622+00:00,1965873511294959658,1965873511294959658,4,0,0,19,0,1,1,1,1791332301
2026-10-07T00:19:02+00:00,2026-10-07T00:19:24.225622+00:00,f83491d4-0de8-11e7-991c-3863bb43a7d0,64,2,0,0,21,0,1,1,1,1791332299
2026-10-07T00:19:02+00:00,2026-10-07T00:19:24.225622+00:00,5b1d2661-8a93-4f14-b242-ebc52792f951,337,15,3,0,0,0,1,1,1,1791332298
2026-10-07T00:19:02+00:00,2026-10-07T00:19:24.225622+00:00,2090158541932726550,2090158541932726550,7,0,0,8,0,1,1,1,1791332268
2026-10-07T00:19:02+00:00,2026-10-07T00:19:24.225622+00:00,99675a11-a92c-465c-bf5a-434b08ba5fc6,400,19,0,0,33,0,1,1,1,1791332301
2026-10-07T00:19:02+00:00,2026-10-07T00:19:24.225622+00:00,f83497b9-0de8-11e7-991c-3863bb43a7d0,74,9,1,1,9,0,1,1,1,1791332303
2026-10-07T00:19:02+00:00,2026-10-07T00:19:24.225622+00:00,2039109354743046934,2039109354743046934,10,1,2,7,1,1,1,1,1791332304
2026-10-07T00:19:02+00:00,2026-10-07T00:19:24.225622+00:00,d7507124-4cab-4063-8445-a59a33a3d6e4,512,7,3,1,11,0,1,1,1,1791332305
2026-10-07T00:19:02+00:00,2026-10-07T00:19:24.225622+00:00,2110984374959099994,2110984374959099994,3,1,0,17,0,1,1,1,1791332306
2026-10-07T00:19:02+00:00,2026-10-07T00:19:24.225622+00:00,f8347e78-0de8-11e7-991c-3863bb43a7d0,36,17,0,1,13,0,1,1,1,1791332306
2026-10-07T00:19:02+00:00,2026-10-07T00:19:24.225622+00:00,df03c61a-29d7-445d-9980-d7f058916591,345,13,0,1,5,0,1,1,1,1791332306
2026-10-07T00:19:02+00:00,2026-10-07T00:19:24.225622+00:00,f83511d4-0de8-11e7-991c-3863bb43a7d0,173,7,0,0,6,1,1,1,1,1791332306
2026-10-07T00:19:02+00:00,2026-10-07T00:19:24.225622+00:00,c5cfd1ed-aa44-4e20-96bb-e334c96f0d68,376,7,0,0,8,0,1,1,1,1791332303
2026-10-07T00:19:02+00:00,2026-10-07T00:19:24.225622+00:00,f8347f09-0de8-11e7-991c-3863bb43a7d0,37,1,0,0,14,0,1,1,1,1791332302
2026-10-07T00:19:02+00:00,2026-10-07T00:19:24.225622+00:00,ff938129-8179-455c-9ac9-9fcb9fc0b6d5,ff938129-8179-455c-9ac9-9fcb9fc0b6d5,9,4,1,9,0,1,1,1,1791332302
2026-10-07T00:19:02+00:00,2026-10-07T00:19:24.225622+00:00,295553ea-851b-4ac2-a094-f9d1208e399a,412,3,0,1,15,0,1,1,1,1791332309
2026-10-07T00:19:02+00:00,2026-10-07T00:19:24.225622+00:00,f8346b6f-0de8-11e7-991c-3863bb43a7d0,12,19,1,0,8,0,1,1,1,1791332310
2026-10-07T00:19:02+00:00,2026-10-07T00:19:24.225622+00:00,940638c5-7cd0-4a11-899e-86af3868d400,532,8,2,0,10,0,1,1,1,1791332309
2026-10-07T00:19:02+00:00,2026-10-07T00:19:24.225622+00:00,f8350b76-0de8-11e7-991c-3863bb43a7d0,159,2,2,1,16,1,1,1,1,1791332308
2026-10-07T00:19:02+00:00,2026-10-07T00:19:24.225622+00:00,f834f6a3-0de8-11e7-991c-3863bb43a7d0,135,0,0,0,17,0,1,1,1,1791332308
2026-10-07T00:19:02+00:00,2026-10-07T00:19:24.225622+00:00,2085737662370069102,2085737662370069102,12,0,0,6,1,1,1,1,1791332307
2026-10-07T00:19:02+00:00,2026-10-07T00:19:24.225622+00:00,2014865445230483952,2014865445230483952,12,0,0,5,0,1,1,1,1791332311
2026-10-07T00:19:02+00:00,2026-10-07T00:19:24.225622+00:00,2080205593583047424,2080205593583047424,9,2,0,7,0,1,1,1,1791332311
2026-10-07T00:19:02+00:00,2026-10-07T00:19:24.225622+00:00,f8348622-0de8-11e7-991c-3863bb43a7d0,50,5,0,1,13,0,1,1,1,1791332315
2026-10-07T00:19:02+00:00,2026-10-07T00:19:24.225622+00:00,f834708e-0de8-11e7-991c-3863bb43a7d0,21,2,0,0,15,0,1,1,1,1791332313
2026-10-07T00:19:02+00:00,2026-10-07T00:19:24.225622+00:00,f834abfd-0de8-11e7-991c-3863bb43a7d0,96,6,0,2,11,0,1,1,1,1791332315
2026-10-07T00:19:02+00:00,2026-10-07T00:19:24.225622+00:00,baab0b05-a028-4147-8432-a2726c7e48ea,328,8,0,0,7,0,1,1,1,1791332312
2026-10-07T00:19:02+00:00,2026-10-07T00:19:24.225622+00:00,1991922092203192944,1991922092203192944,2,0,1,16,0,1,1,1,1791332308
2026-10-07T00:19:02+00:00,2026-10-07T00:19:24.225622+00:00,f8349440-0de8-11e7-991c-3863bb43a7d0,68,10,0,2,7,0,1,1,1,1791332311
2026-10-07T00:19:02+00:00,2026-10-07T00:19:24.225622+00:00,2043911250700610106,2043911250700610106,2,1,0,13,0,1,1,1,1791332312
2026-10-07T00:19:02+00:00,2026-10-07T00:19:24.225622+00:00,dede6d5f-7d62-496e-a8ca-d5a64afe39c1,544,6,1,0,9,0,1,1,1,1791332316
2026-10-07T00:19:02+00:00,2026-10-07T00:19:24.225622+00:00,f83513a7-0de8-11e7-991c-3863bb43a7d0,177,2,0,1,16,0,1,1,1,1791332318
2026-10-07T00:19:02+00:00,2026-10-07T00:19:24.225622+00:00,103a9881-e30a-4d57-b81d-863b995ff759,255,0,0,0,0,0,0,0,0,86400
2026-10-07T00:19:02+00:00,2026-10-07T00:19:24.225622+00:00,f8349824-0de8-11e7-991c-3863bb43a7d0,75,2,0,0,13,0,1,1,1,1791332201
2026-10-07T00:19:02+00:00,2026-10-07T00:19:24.225622+00:00,83183df0-38c2-4ae8-a0c4-4b59599c9582,222,9,0,0,5,0,1,1,1,1791332199
2026-10-07T00:19:02+00:00,2026-10-07T00:19:24.225622+00:00,36a8fbc8-6069-4a29-bbfd-63a2d019c9a5,415,1,0,0,18,0,1,1,1,1791332200
2026-10-07T00:19:02+00:00,2026-10-07T00:19:24.225622+00:00,f834b5d9-0de8-11e7-991c-3863bb43a7d0,103,4,2,0,11,0,1,1,1,1791332197
2026-10-07T00:19:02+00:00,2026-10-07T00:19:24.225622+00:00,f83516b8-0de8-11e7-991c-3863bb43a7d0,184,5,0,0,13,1,1,1,1,1791332217
2026-10-07T00:19:02+00:00,2026-10-07T00:19:24.225622+00:00,2038619205667946906,2038619205667946906,10,2,1,9,0,1,1,1,1791332217
2026-10-07T00:19:02+00:00,2026-10-07T00:19:24.225622+00:00,f24a573e-ef07-4785-9270-70c443510ea6,359,6,1,3,5,1,1,1,1,1791332217
2026-10-07T00:19:02+00:00,2026-10-07T00:19:24.225622+00:00,f8346894-0de8-11e7-991c-3863bb43a7d0,9,13,0,2,0,0,1,1,1,1791332218
2026-10-07T00:19:02+00:00,2026-10-07T00:19:24.225622+00:00,20b0b405-54ba-4a80-b89c-0819772665db,440,1,0,0,14,0,1,1,1,1791332201
2026-10-07T00:19:02+00:00,2026-10-07T00:19:24.225622+00:00,b995a0b4-fc26-4661-9bc8-e166d648edfd,353,11,4,0,4,0,1,1,1,1791332218
2026-10-07T00:19:02+00:00,2026-10-07T00:19:24.225622+00:00,53a148ca-ac69-4a9c-a986-9a4b4df2f5df,387,12,4,0,3,0,1,1,1,1791332208
2026-10-07T00:19:02+00:00,2026-10-07T00:19:24.225622+00:00,7ec0c53c-876a-419c-a78b-4edd000bbc9a,445,11,1,0,8,0,1,1,1,1791332208
2026-10-07T00:19:02+00:00,2026-10-07T00:19:24.225622+00:00,54d86d05-b399-42c5-a63a-a97713afc5d4,54d86d05-b399-42c5-a63a-a97713afc5d4,6,6,1,3,0,1,1,1,1791332207
2026-10-07T00:19:02+00:00,2026-10-07T00:19:24.225622+00:00,2141932795355773712,2141932795355773712,8,0,0,9,0,1,1,1,1791332207
2026-10-07T00:19:02+00:00,2026-10-07T00:19:24.225622+00:00,5f726a7d-5c5d-48b1-9b13-06c77572a237,516,6,2,1,4,0,1,1,1,1791332207
2026-10-07T00:19:02+00:00,2026-10-07T00:19:24.225622+00:00,f8352c92-0de8-11e7-991c-3863bb43a7d0,217,12,0,2,5,0,1,1,1,1791332214
2026-10-07T00:19:02+00:00,2026-10-07T00:19:24.225622+00:00,f834e244-0de8-11e7-991c-3863bb43a7d0,126,5,0,0,10,0,1,1,1,1791332213
2026-10-07T00:19:02+00:00,2026-10-07T00:19:24.225622+00:00,13444449-b3a8-43d2-b8b9-a59fbc59a174,397,9,3,0,6,0,1,1,1,1791332214
2026-10-07T00:19:02+00:00,2026-10-07T00:19:24.225622+00:00,f834952a-0de8-11e7-991c-3863bb43a7d0,70,0,0,1,22,0,1,1,1,1791332215
2026-10-07T00:19:02+00:00,2026-10-07T00:19:24.225622+00:00,f834e1b2-0de8-11e7-991c-3863bb43a7d0,125,10,7,0,9,0,1,1,1,1791332215
2026-10-07T00:19:02+00:00,2026-10-07T00:19:24.225622+00:00,2267569638034503736,2267569638034503736,6,0,4,9,0,1,1,1,1791332215
2026-10-07T00:19:02+00:00,2026-10-07T00:19:24.225622+00:00,f8348509-0de8-11e7-991c-3863bb43a7d0,48,6,0,0,11,0,1,1,1,1791332225
2026-10-07T00:19:02+00:00,2026-10-07T00:19:24.225622+00:00,518f6524-0e7f-454d-974e-e3ff9db1f795,494,11,3,0,0,0,1,1,1,1791332226
2026-10-07T00:19:02+00:00,2026-10-07T00:19:24.225622+00:00,f83524c0-0de8-11e7-991c-3863bb43a7d0,203,7,1,0,7,0,1,1,1,1791332226
2026-10-07T00:19:02+00:00,2026-10-07T00:19:24.225622+00:00,676ca473-eed6-4971-aaf3-e199a7ca335b,433,14,6,0,4,1,1,1,1,1791332227
2026-10-07T00:19:02+00:00,2026-10-07T00:19:24.225622+00:00,a18e1e55-507e-49d8-b7c0-5c0efd959125,358,17,6,0,2,0,1,1,1,1791332234
2026-10-07T00:19:02+00:00,2026-10-07T00:19:24.225622+00:00,350e73e3-6f70-4b2d-87ab-24c8629e9a6a,350e73e3-6f70-4b2d-87ab-24c8629e9a6a,14,2,0,5,0,1,1,1,1791332234
2026-10-07T00:19:02+00:00,2026-10-07T00:19:24.225622+00:00,ddcc8869-b8d4-483c-b9da-457fcebc8dc1,417,15,0,0,4,0,1,1,1,1791332233
2026-10-07T00:19:02+00:00,2026-10-07T00:19:24.225622+00:00,ba634139-d7bf-448f-aac4-25995d36b67b,373,9,5,0,6,0,1,1,1,1791332236
2026-10-07T00:19:02+00:00,2026-10-07T00:19:24.225622+00:00,f6df6c1a-064f-428a-951c-2069a081b9df,380,1,0,2,15,0,1,1,1,1791332237
2026-10-07T00:19:02+00:00,2026-10-07T00:19:24.225622+00:00,2223045710883822544,2223045710883822544,10,4,1,4,0,1,1,1,1791332242
2026-10-07T00:19:02+00:00,2026-10-07T00:19:24.225622+00:00,f834f814-0de8-11e7-991c-3863bb43a7d0,136,0,0,0,19,0,1,1,1,1791332243
2026-10-07T00:19:02+00:00,2026-10-07T00:19:24.225622+00:00,2113200093114979090,2113200093114979090,8,1,0,7,1,1,1,1,1791332244
2026-10-07T00:19:02+00:00,2026-10-07T00:19:24.225622+00:00,1997031579059661288,1997031579059661288,10,0,0,1,0,1,1,1,1791332246
2026-10-07T00:19:02+00:00,2026-10-07T00:19:24.225622+00:00,b23674a7-15a8-46d2-8219-6668acecf24a,548,10,0,0,8,0,1,1,1,1791332245
2026-10-07T00:19:02+00:00,2026-10-07T00:19:24.225622+00:00,9f54207a-3308-43bd-b45c-9042b6389598,423,12,1,0,7,0,1,1,1,1791332256
2026-10-07T00:19:02+00:00,2026-10-07T00:19:24.225622+00:00,f8351019-0de8-11e7-991c-3863bb43a7d0,169,13,3,0,6,0,1,1,1,1791332254
2026-10-07T00:19:02+00:00,2026-10-07T00:19:24.225622+00:00,f35de2ab-979e-42d5-8cbd-dc479ed637e9,503,2,2,0,4,0,1,1,1,1791332257
2026-10-07T00:19:02+00:00,2026-10-07T00:19:24.225622+00:00,f8346768-0de8-11e7-991c-3863bb43a7d0,7,0,0,0,15,0,1,1,1,1791332257
2026-10-07T00:19:02+00:00,2026-10-07T00:19:24.225622+00:00,5bc7cba9-f0b0-442d-932c-e8c7927d87ce,386,14,0,0,5,0,1,1,1,1791332257
2026-10-07T00:19:02+00:00,2026-10-07T00:19:24.225622+00:00,f834b42d-0de8-11e7-991c-3863bb43a7d0,100,7,0,1,17,0,1,1,1,1791332251
2026-10-07T00:19:02+00:00,2026-10-07T00:19:24.225622+00:00,2264176803898382980,2264176803898382980,4,2,0,7,0,1,1,1,1791332248
2026-10-07T00:19:02+00:00,2026-10-07T00:19:24.225622+00:00,93911aa1-b5e4-48aa-a2b6-38fbcf613006,93911aa1-b5e4-48aa-a2b6-38fbcf613006,7,0,0,11,0,1,1,1,1791332251
2026-10-07T00:19:02+00:00,2026-10-07T00:19:24.225622+00:00,f834fd36-0de8-11e7-991c-3863bb43a7d0,142,7,0,0,16,0,1,1,1,1791332252
2026-10-07T00:19:02+00:00,2026-10-07T00:19:24.225622+00:00,2223043968513191970,2223043968513191970,4,0,1,11,0,1,1,1,1791332252
2026-10-07T00:19:02+00:00,2026-10-07T00:19:24.225622+00:00,ef54374b-0406-4b17-b0a1-847f1d7bea06,410,13,2,1,1,0,1,1,1,1791332252
2026-10-07T00:19:02+00:00,2026-10-07T00:19:24.225622+00:00,2ba0c5dd-c990-4434-8a84-5c3eca23f096,447,9,5,0,10,0,1,1,1,1791332248
2026-10-07T00:19:02+00:00,2026-10-07T00:19:24.225622+00:00,1960693490199507164,1960693490199507164,8,2,0,11,0,1,1,1,1791332261
2026-10-07T00:19:02+00:00,2026-10-07T00:19:24.225622+00:00,9ca92778-9101-48df-90ea-08b784e26a1a,413,19,3,0,0,0,1,1,1,1791332258
2026-10-07T00:19:02+00:00,2026-10-07T00:19:24.225622+00:00,5018e851-f2f3-4e18-9914-c316bbcc2c3d,331,1,0,0,14,0,1,1,1,1791332262
2026-10-07T00:19:02+00:00,2026-10-07T00:19:24.225622+00:00,f83510fd-0de8-11e7-991c-3863bb43a7d0,171,9,0,1,13,0,1,1,1,1791332269
2026-10-07T00:19:02+00:00,2026-10-07T00:19:24.225622+00:00,f83523e3-0de8-11e7-991c-3863bb43a7d0,201,2,1,0,13,0,1,1,1,1791332270
2026-10-07T00:19:02+00:00,2026-10-07T00:19:24.225622+00:00,2136942888571742916,2136942888571742916,9,0,0,6,0,1,1,1,1791332131
2026-10-07T00:19:02+00:00,2026-10-07T00:19:24.225622+00:00,42a3ecca-af9a-4556-90ba-7631546f96f8,42a3ecca-af9a-4556-90ba-7631546f96f8,4,2,1,6,0,1,1,1,1791332267
2026-10-07T00:19:02+00:00,2026-10-07T00:19:24.225622+00:00,2107991976288962746,2107991976288962746,7,0,0,13,0,1,1,1,1791332271
2026-10-07T00:19:02+00:00,2026-10-07T00:19:24.225622+00:00,ec3eea05-a3ff-43c6-9e24-0c63f09b915f,378,9,2,0,10,0,1,1,1,1791332272
2026-10-07T00:19:02+00:00,2026-10-07T00:19:24.225622+00:00,1975886280004030604,1975886280004030604,11,0,0,12,0,1,1,1,1791332272
2026-10-07T00:19:02+00:00,2026-10-07T00:19:24.225622+00:00,2170342425741020744,2170342425741020744,17,5,0,0,0,1,1,1,1791332275
2026-10-07T00:19:02+00:00,2026-10-07T00:19:24.225622+00:00,0adccd89-1d8d-44da-9f7c-5f18acafeddf,338,7,6,0,7,0,1,1,1,1791332274
2026-10-07T00:19:02+00:00,2026-10-07T00:19:24.225622+00:00,f36e24cd-de4c-4a5e-adf4-cb97ccd2958d,505,6,0,2,3,0,1,1,1,1791332272
2026-10-07T00:19:02+00:00,2026-10-07T00:19:24.225622+00:00,2057166010169469732,2057166010169469732,1,1,0,14,0,1,1,1,1791332277
2026-10-07T00:19:02+00:00,2026-10-07T00:19:24.225622+00:00,f8349c69-0de8-11e7-991c-3863bb43a7d0,78,11,0,1,6,0,1,1,1,1791332275
2026-10-07T00:19:02+00:00,2026-10-07T00:19:24.225622+00:00,9e710d48-51c1-460e-a027-3d16bde62b13,419,0,0,14,0,1,1,0,0,1791332285
2026-10-07T00:19:02+00:00,2026-10-07T00:19:24.225622+00:00,0839bb10-e876-4198-95e4-0147a561853d,258,13,3,1,1,0,1,1,1,1791332285
2026-10-07T00:19:02+00:00,2026-10-07T00:19:24.225622+00:00,2043912031919765854,2043912031919765854,7,0,0,13,0,1,1,1,1791332282
2026-10-07T00:19:02+00:00,2026-10-07T00:19:24.225622+00:00,f8349ba9-0de8-11e7-991c-3863bb43a7d0,77,10,7,0,8,0,1,1,1,1791332278
2026-10-07T00:19:02+00:00,2026-10-07T00:19:24.225622+00:00,1944724820826878816,1944724820826878816,5,0,1,11,0,1,1,1,1791332303
2026-10-07T00:19:02+00:00,2026-10-07T00:19:24.225622+00:00,f8351336-0de8-11e7-991c-3863bb43a7d0,176,14,1,1,0,0,1,1,1,1791332299
2026-10-07T00:19:02+00:00,2026-10-07T00:19:24.225622+00:00,d7ec834e-9d9a-402c-9956-7d5f42676b94,d7ec834e-9d9a-402c-9956-7d5f42676b94,14,1,0,0,0,1,1,1,1791332300
2026-10-07T00:19:02+00:00,2026-10-07T00:19:24.225622+00:00,f8349745-0de8-11e7-991c-3863bb43a7d0,73,0,0,0,15,0,1,1,1,1791332301
2026-10-07T00:19:02+00:00,2026-10-07T00:19:24.225622+00:00,2071993292066931472,2071993292066931472,3,0,0,17,0,1,1,1,1791332302
2026-10-07T00:19:02+00:00,2026-10-07T00:19:24.225622+00:00,f8348136-0de8-11e7-991c-3863bb43a7d0,41,22,2,1,4,0,1,1,1,1791332301
2026-10-07T00:19:02+00:00,2026-10-07T00:19:24.225622+00:00,287aedf5-0361-47e9-9de0-14ae3b75cc0d,287aedf5-0361-47e9-9de0-14ae3b75cc0d,3,0,1,17,0,1,1,1,1791332304
2026-10-07T00:19:02+00:00,2026-10-07T00:19:24.225622+00:00,5afe91c4-8076-4f9f-b83b-cf233bda2331,460,0,0,0,15,0,1,1,1,1791332304
2026-10-07T00:19:02+00:00,2026-10-07T00:19:24.225622+00:00,e68655be-23d3-46e5-a509-25be677e7542,482,6,1,0,5,0,1,1,1,1791332280
2026-10-07T00:19:02+00:00,2026-10-07T00:19:24.225622+00:00,f8347118-0de8-11e7-991c-3863bb43a7d0,22,19,0,1,13,2,1,1,1,1791332296
2026-10-07T00:19:02+00:00,2026-10-07T00:19:24.225622+00:00,2113555008851845550,2113555008851845550,10,1,0,10,0,1,1,1,1791332286
2026-10-07T00:19:02+00:00,2026-10-07T00:19:24.225622+00:00,2070180968009321294,2070180968009321294,11,2,0,8,2,1,1,1,1791332287
2026-10-07T00:19:02+00:00,2026-10-07T00:19:24.225622+00:00,abefafdc-c772-4671-86fe-fc15a42adebb,abefafdc-c772-4671-86fe-fc15a42adebb,2,0,0,21,0,1,1,1,1791332289
2026-10-07T00:19:02+00:00,2026-10-07T00:19:24.225622+00:00,2fd22786-dfeb-4126-a906-4f01802087f3,454,1,0,3,15,0,1,1,1,1791332290
2026-10-07T00:19:02+00:00,2026-10-07T00:19:24.225622+00:00,f83464e4-0de8-11e7-991c-3863bb43a7d0,3,0,0,1,13,0,1,1,1,1791332289
2026-10-07T00:19:02+00:00,2026-10-07T00:19:24.225622+00:00,02a4416f-80b4-4472-accd-5db482ed5b6d,367,7,0,0,12,0,1,1,1,1791332289
2026-10-07T00:19:02+00:00,2026-10-07T00:19:24.225622+00:00,ce55d1b1-4267-40a9-ad44-5eab888ce18a,ce55d1b1-4267-40a9-ad44-5eab888ce18a,0,0,2,21,1,1,1,1,1791332293
2026-10-07T00:19:02+00:00,2026-10-07T00:19:24.225622+00:00,f8348481-0de8-11e7-991c-3863bb43a7d0,47,15,0,0,4,0,1,1,1,1791332294
2026-10-07T00:19:02+00:00,2026-10-07T00:19:24.225622+00:00,dfdaf866-b814-48e5-9bd3-eb7c4a733697,dfdaf866-b814-48e5-9bd3-eb7c4a733697,8,2,0,9,0,1,1,1,1791332294
2026-10-07T00:19:02+00:00,2026-10-07T00:19:24.225622+00:00,2241260819676115550,2241260819676115550,0,0,0,25,0,1,1,1,1791332292
2026-10-07T00:19:02+00:00,2026-10-07T00:19:24.225622+00:00,2217856523888952522,2217856523888952522,5,1,0,15,0,1,1,1,1791332293
2026-10-07T00:19:02+00:00,2026-10-07T00:19:24.225622+00:00,2327cb08-fa9f-459b-9ab0-1a319b0f2f4c,539,8,3,1,9,0,1,1,1,1791332293
2026-10-07T00:19:02+00:00,2026-10-07T00:19:24.225622+00:00,2071632496372113488,2071632496372113488,14,6,0,6,0,1,1,1,1791332292
2026-10-07T00:19:02+00:00,2026-10-07T00:19:24.225622+00:00,0f554e1d-9f0f-452d-9b4a-e00aa2c5911e,492,6,2,0,9,0,1,1,1,1791332292
2026-10-07T00:19:02+00:00,2026-10-07T00:19:24.225622+00:00,40e58976-02cc-4c7c-911f-7a6c97588bfa,520,11,3,0,10,0,1,1,1,1791332290
2026-10-07T00:19:02+00:00,2026-10-07T00:19:24.225622+00:00,f8348995-0de8-11e7-991c-3863bb43a7d0,58,14,0,0,5,0,1,1,1,1791332241
2026-10-07T00:19:02+00:00,2026-10-07T00:19:24.225622+00:00,342a2c60-71b0-4d19-98d6-47987cf20dbc,379,13,1,0,2,0,1,1,1,1791332306
2026-10-07T00:19:02+00:00,2026-10-07T00:19:24.225622+00:00,70f20fcb-8e63-4015-9007-b97c525ab0a9,335,7,0,1,11,0,1,1,1,1791332308
2026-10-07T00:19:02+00:00,2026-10-07T00:19:24.225622+00:00,ff6ed364-8676-45a0-b97f-71025683849e,442,6,3,1,8,0,1,1,1,1791332309
2026-10-07T00:19:02+00:00,2026-10-07T00:19:24.225622+00:00,2038239468396569074,2038239468396569074,13,0,0,19,0,1,1,1,1791332305
2026-10-07T00:19:02+00:00,2026-10-07T00:19:24.225622+00:00,2078337213380274244,2078337213380274244,5,4,1,5,0,1,1,1,1791332310
2026-10-07T00:19:02+00:00,2026-10-07T00:19:24.225622+00:00,2029805507281123700,2029805507281123700,12,2,1,6,0,1,1,1,1791332310
2026-10-07T00:19:02+00:00,2026-10-07T00:19:24.225622+00:00,c1ae49bd-2a20-4684-886b-ead8dd627cfd,c1ae49bd-2a20-4684-886b-ead8dd627cfd,12,2,1,4,0,1,1,1,1791332309
2026-10-07T00:19:02+00:00,2026-10-07T00:19:24.225622+00:00,f83486ab-0de8-11e7-991c-3863bb43a7d0,51,5,0,1,9,0,1,1,1,1791332312
2026-10-07T00:19:02+00:00,2026-10-07T00:19:24.225622+00:00,bb27977d-36c1-496d-8bac-631b612dd7b8,332,4,0,0,11,0,1,1,1,1791332313
2026-10-07T00:19:02+00:00,2026-10-07T00:19:24.225622+00:00,2111712079786088918,2111712079786088918,6,1,0,9,0,1,1,1,1791332313
2026-10-07T00:19:02+00:00,2026-10-07T00:19:24.225622+00:00,2072145327190878794,2072145327190878794,11,1,1,12,0,1,1,1,1791332313
2026-10-07T00:19:02+00:00,2026-10-07T00:19:24.225622+00:00,f834b49d-0de8-11e7-991c-3863bb43a7d0,101,17,5,0,1,0,1,1,1,1791332313
2026-10-07T00:19:02+00:00,2026-10-07T00:19:24.225622+00:00,13918b3b-9ac5-4968-a74d-e40dd3bc952e,479,0,0,0,19,0,1,1,1,1791332314
2026-10-07T00:19:02+00:00,2026-10-07T00:19:24.225622+00:00,533620e8-00ff-494a-b288-bd67602bc98e,472,11,10,0,17,0,1,1,1,1791332314
2026-10-07T00:19:02+00:00,2026-10-07T00:19:24.225622+00:00,2103549125054737064,2103549125054737064,0,0,0,16,0,1,1,1,1791332304
2026-10-07T00:19:02+00:00,2026-10-07T00:19:24.225622+00:00,510239fe-69c3-458b-b53c-6ce001845f4a,354,7,7,1,7,0,1,1,1,1791332314
2026-10-07T00:19:02+00:00,2026-10-07T00:19:24.225622+00:00,f83494b4-0de8-11e7-991c-3863bb43a7d0,69,9,4,1,9,0,1,1,1,1791332317
2026-10-07T00:19:02+00:00,2026-10-07T00:19:24.225622+00:00,ccd6fdd4-b39e-46d7-b43c-7bacffb6bd87,523,7,4,0,9,0,1,1,1,1791332318
2026-10-07T00:19:02+00:00,2026-10-07T00:19:24.225622+00:00,f834cf45-0de8-11e7-991c-3863bb43a7d0,116,14,1,1,8,0,1,1,1,1791332317
2026-10-07T00:29:02+00:00,2026-10-07T00:29:24.371639+00:00,6eaa7343-402d-41c9-9aac-8c664fdbdcf1,6eaa7343-402d-41c9-9aac-8c664fdbdcf1,0,0,0,0,0,0,0,0,86400
2026-10-07T00:29:02+00:00,2026-10-07T00:29:24.371639+00:00,cad0e759-b605-458a-b772-768dcce81dc6,372,0,0,6,13,0,1,0,0,1791324371
2026-10-07T00:29:02+00:00,2026-10-07T00:29:24.371639+00:00,88b35b6d-f355-44dc-b85e-ed2eb1bc9099,406,10,2,0,9,0,1,1,1,1791332814
2026-10-07T00:29:02+00:00,2026-10-07T00:29:24.371639+00:00,1999644268058967024,1999644268058967024,18,2,2,4,0,1,1,1,1791332815
2026-10-07T00:29:02+00:00,2026-10-07T00:29:24.371639+00:00,f8352973-0de8-11e7-991c-3863bb43a7d0,210,7,0,0,8,0,1,1,1,1791332810
2026-10-07T00:29:02+00:00,2026-10-07T00:29:24.371639+00:00,f834e75d-0de8-11e7-991c-3863bb43a7d0,129,5,2,0,13,1,1,1,1,1791332813
2026-10-07T00:29:02+00:00,2026-10-07T00:29:24.371639+00:00,768433a9-fc30-4485-b136-22d6f8a96f1c,768433a9-fc30-4485-b136-22d6f8a96f1c,10,2,1,0,0,1,1,1,1791332809
2026-10-07T00:29:02+00:00,2026-10-07T00:29:24.371639+00:00,f8351791-0de8-11e7-991c-3863bb43a7d0,186,7,1,1,7,0,1,1,1,1791332812
2026-10-07T00:29:02+00:00,2026-10-07T00:29:24.371639+00:00,2089808297152151688,2089808297152151688,10,2,1,1,0,1,1,1,1791332812
2026-10-07T00:29:02+00:00,2026-10-07T00:29:24.371639+00:00,9fef6df2-7f8f-43fc-a85b-7dd5453860f9,437,11,0,0,6,0,1,1,1,1791332818
2026-10-07T00:29:02+00:00,2026-10-07T00:29:24.371639+00:00,f834916a-0de8-11e7-991c-3863bb43a7d0,63,6,0,0,9,0,1,1,1,1791332817
2026-10-07T00:29:02+00:00,2026-10-07T00:29:24.371639+00:00,f8351649-0de8-11e7-991c-3863bb43a7d0,183,0,0,2,17,0,1,1,1,1791332815
2026-10-07T00:29:02+00:00,2026-10-07T00:29:24.371639+00:00,ec4e1168-25dc-4929-b17b-e4ae578dd888,425,6,0,0,10,0,1,1,1,1791332819
2026-10-07T00:29:02+00:00,2026-10-07T00:29:24.371639+00:00,2131371824572002576,2131371824572002576,5,0,0,11,0,1,1,1,1791332820
2026-10-07T00:29:02+00:00,2026-10-07T00:29:24.371639+00:00,f834c5c9-0de8-11e7-991c-3863bb43a7d0,110,0,0,2,13,0,1,1,1,1791332826
2026-10-07T00:29:02+00:00,2026-10-07T00:29:24.371639+00:00,2438d052-2cd6-4fba-83c9-39f46cb59398,2438d052-2cd6-4fba-83c9-39f46cb59398,10,1,1,8,0,1,1,1,1791332827
2026-10-07T00:29:02+00:00,2026-10-07T00:29:24.371639+00:00,f8349599-0de8-11e7-991c-3863bb43a7d0,71,15,0,2,6,0,1,1,1,1791332827
2026-10-07T00:29:02+00:00,2026-10-07T00:29:24.371639+00:00,f8349070-0de8-11e7-991c-3863bb43a7d0,61,3,0,1,15,0,1,1,1,1791332823
2026-10-07T00:29:02+00:00,2026-10-07T00:29:24.371639+00:00,f83532fa-0de8-11e7-991c-3863bb43a7d0,219,11,1,0,4,0,1,1,1,1791332823
2026-10-07T00:29:02+00:00,2026-10-07T00:29:24.371639+00:00,f8348719-0de8-11e7-991c-3863bb43a7d0,52,12,0,0,11,0,1,1,1,1791332824
2026-10-07T00:29:02+00:00,2026-10-07T00:29:24.371639+00:00,f8351255-0de8-11e7-991c-3863bb43a7d0,174,13,1,1,1,0,1,1,1,1791332826
2026-10-07T00:29:02+00:00,2026-10-07T00:29:24.371639+00:00,f8350199-0de8-11e7-991c-3863bb43a7d0,150,5,0,2,12,0,1,1,1,1791332828
2026-10-07T00:29:02+00:00,2026-10-07T00:29:24.371639+00:00,f8347ded-0de8-11e7-991c-3863bb43a7d0,35,0,0,1,30,0,1,1,1,1791332831
2026-10-07T00:29:02+00:00,2026-10-07T00:29:24.371639+00:00,52ca4d94-587f-4a61-a298-a1a755e73bfb,362,12,1,0,7,0,1,1,1,1791332832
2026-10-07T00:29:02+00:00,2026-10-07T00:29:24.371639+00:00,f834a2a8-0de8-11e7-991c-3863bb43a7d0,85,5,0,0,14,0,1,1,1,1791332832
2026-10-07T00:29:02+00:00,2026-10-07T00:29:24.371639+00:00,f834f036-0de8-11e7-991c-3863bb43a7d0,133,6,1,1,15,0,1,1,1,1791332799
2026-10-07T00:29:02+00:00,2026-10-07T00:29:24.371639+00:00,a6d6d4b2-3666-43ad-a690-7f676bdcc3fd,542,10,0,3,6,0,1,1,1,1791332802
2026-10-07T00:29:02+00:00,2026-10-07T00:29:24.371639+00:00,f834f948-0de8-11e7-991c-3863bb43a7d0,138,7,0,1,6,0,1,1,1,1791332802
2026-10-07T00:29:02+00:00,2026-10-07T00:29:24.371639+00:00,f834b183-0de8-11e7-991c-3863bb43a7d0,98,6,0,1,16,0,1,1,1,1791332802
2026-10-07T00:29:02+00:00,2026-10-07T00:29:24.371639+00:00,133d159e-a202-4310-910f-eca392fe181e,398,4,0,2,13,0,1,1,1,1791332805
2026-10-07T00:29:02+00:00,2026-10-07T00:29:24.371639+00:00,1976640911178291400,1976640911178291400,10,4,0,1,0,1,1,1,1791332804
2026-10-07T00:29:02+00:00,2026-10-07T00:29:24.371639+00:00,2261583246847893606,2261583246847893606,7,1,1,11,0,1,1,1,1791332690
2026-10-07T00:29:02+00:00,2026-10-07T00:29:24.371639+00:00,e519df41-c4d7-403a-9afa-a5dd7cdd2d03,536,5,0,0,13,0,1,1,1,1791332798
2026-10-07T00:29:02+00:00,2026-10-07T00:29:24.371639+00:00,199f3d59-e726-4549-b9c1-4dfc8a343fdb,508,9,6,0,2,0,1,1,1,1791332840
2026-10-07T00:29:02+00:00,2026-10-07T00:29:24.371639+00:00,eed9e64f-f09d-43c1-aa31-da968c66750a,368,4,1,0,11,0,1,1,1,1791332850
2026-10-07T00:29:02+00:00,2026-10-07T00:29:24.371639+00:00,01d29f8c-768d-4c4f-84ca-3de966075287,469,2,1,0,9,0,1,1,1,1791332883
2026-10-07T00:29:02+00:00,2026-10-07T00:29:24.371639+00:00,f834a67b-0de8-11e7-991c-3863bb43a7d0,89,2,0,1,15,0,1,1,1,1791332884
2026-10-07T00:29:02+00:00,2026-10-07T00:29:24.371639+00:00,2031175112202687108,2031175112202687108,9,0,0,7,0,1,1,1,1791332882
2026-10-07T00:29:02+00:00,2026-10-07T00:29:24.371639+00:00,f7d416f8-4377-4019-bba7-302dc1d5a11d,391,13,0,2,0,0,1,1,1,1791332883
2026-10-07T00:29:02+00:00,2026-10-07T00:29:24.371639+00:00,f834cb89-0de8-11e7-991c-3863bb43a7d0,115,13,1,1,5,0,1,1,1,1791332842
2026-10-07T00:29:02+00:00,2026-10-07T00:29:24.371639+00:00,2127252912986958612,2127252912986958612,11,1,0,4,0,1,1,1,1791332848
2026-10-07T00:29:02+00:00,2026-10-07T00:29:24.371639+00:00,97a1e4e7-a1ff-427a-aaea-48ca0d00bf9c,348,3,3,0,12,0,1,1,1,1791332848
2026-10-07T00:29:02+00:00,2026-10-07T00:29:24.371639+00:00,87b5a8b7-a330-4c51-ab32-7dafa292c88f,421,19,1,0,0,0,1,1,1,1791332851
2026-10-07T00:29:02+00:00,2026-10-07T00:29:24.371639+00:00,f834d260-0de8-11e7-991c-3863bb43a7d0,119,12,2,0,3,0,1,1,1,1791332854
2026-10-07T00:29:02+00:00,2026-10-07T00:29:24.371639+00:00,82b41ffb-e284-4e4d-b22a-0cad2bfd4bee,443,8,0,0,11,0,1,1,1,1791332854
2026-10-07T00:29:02+00:00,2026-10-07T00:29:24.371639+00:00,f83473ea-0de8-11e7-991c-3863bb43a7d0,27,10,2,1,12,0,1,1,1,1791332857
2026-10-07T00:29:02+00:00,2026-10-07T00:29:24.371639+00:00,1976280681456741062,1976280681456741062,6,6,0,5,0,1,1,1,1791332892
2026-10-07T00:29:02+00:00,2026-10-07T00:29:24.371639+00:00,f8347ba8-0de8-11e7-991c-3863bb43a7d0,31,1,0,1,17,0,1,1,1,1791332892
2026-10-07T00:29:02+00:00,2026-10-07T00:29:24.371639+00:00,569f4952-5a25-4394-a419-f9c4d9cca6f3,495,18,2,0,0,0,1,1,1,1791332892
2026-10-07T00:29:02+00:00,2026-10-07T00:29:24.371639+00:00,2227859082657747444,2227859082657747444,7,4,0,0,0,1,1,1,1791332864
2026-10-07T00:29:02+00:00,2026-10-07T00:29:24.371639+00:00,1331197c-f6c6-4f4a-a29b-95e580359886,224,7,0,0,10,0,1,1,1,1791332891
2026-10-07T00:29:02+00:00,2026-10-07T00:29:24.371639+00:00,2126567695528519906,2126567695528519906,6,0,0,14,0,1,1,1,1791332890
2026-10-07T00:29:02+00:00,2026-10-07T00:29:24.371639+00:00,1997031876360597884,1997031876360597884,5,0,0,6,0,1,1,1,1791332844
2026-10-07T00:29:02+00:00,2026-10-07T00:29:24.371639+00:00,5d17f129-af8c-4f30-bc58-6a8279052772,543,5,2,1,13,0,1,1,1,1791332844
2026-10-07T00:29:02+00:00,2026-10-07T00:29:24.371639+00:00,1994515539257334312,1994515539257334312,11,3,0,8,0,1,1,1,1791332872
2026-10-07T00:29:02+00:00,2026-10-07T00:29:24.371639+00:00,2036103727838931110,2036103727838931110,7,2,0,3,0,1,1,1,1791332872
2026-10-07T00:29:02+00:00,2026-10-07T00:29:24.371639+00:00,1999639508813492766,1999639508813492766,3,0,1,16,0,1,1,1,1791332868
2026-10-07T00:29:02+00:00,2026-10-07T00:29:24.371639+00:00,1ef9964d-47ac-4cd4-916e-7c006fa1e605,339,3,1,0,12,0,1,1,1,1791332869
2026-10-07T00:29:02+00:00,2026-10-07T00:29:24.371639+00:00,f8351f87-0de8-11e7-991c-3863bb43a7d0,192,0,0,0,19,0,1,1,1,1791332869
2026-10-07T00:29:02+00:00,2026-10-07T00:29:24.371639+00:00,ab6517ea-ed53-42eb-8881-657d362e56e8,560,15,1,0,0,0,1,1,1,1791332873
2026-10-07T00:29:02+00:00,2026-10-07T00:29:24.371639+00:00,6cec3afa-554c-466f-8323-5c619fe0ddc6,6cec3afa-554c-466f-8323-5c619fe0ddc6,2,1,0,9,0,1,1,1,1791332857
2026-10-07T00:29:02+00:00,2026-10-07T00:29:24.371639+00:00,aefc33cd-40b9-48da-8b87-415428816bdb,488,6,1,0,10,0,1,1,1,1791332860
2026-10-07T00:29:02+00:00,2026-10-07T00:29:24.371639+00:00,25d6f87f-7025-48c5-b202-f91511a4ae19,25d6f87f-7025-48c5-b202-f91511a4ae19,10,1,1,8,0,1,1,1,1791332861
2026-10-07T00:29:02+00:00,2026-10-07T00:29:24.371639+00:00,15ec5783-ca7a-4225-ba51-cd0a45ecc975,15ec5783-ca7a-4225-ba51-cd0a45ecc975,7,5,0,4,0,1,1,1,1791332865
2026-10-07T00:29:02+00:00,2026-10-07T00:29:24.371639+00:00,2110566771130438288,2110566771130438288,3,0,1,12,0,1,1,1,1791332866
2026-10-07T00:29:02+00:00,2026-10-07T00:29:24.371639+00:00,625f105e-4407-4988-9095-d1979cbda5e1,234,16,7,0,3,0,1,1,1,1791332863
2026-10-07T00:29:02+00:00,2026-10-07T00:29:24.371639+00:00,8bc42f7f-753d-4cca-a7d6-0d7c2530ea2c,364,8,0,0,11,0,1,1,1,1791332864
2026-10-07T00:29:02+00:00,2026-10-07T00:29:24.371639+00:00,57f5003b-6574-40b3-83d7-3b5dee1472e0,518,2,1,0,8,0,1,1,1,1791332868
2026-10-07T00:29:02+00:00,2026-10-07T00:29:24.371639+00:00,f55cdf0a-3d7b-491c-bed2-7dc0ef2062d5,489,14,2,2,0,0,1,1,1,1791332868
2026-10-07T00:29:02+00:00,2026-10-07T00:29:24.371639+00:00,2039387081833476178,2039387081833476178,16,4,0,4,0,1,1,1,1791332867
2026-10-07T00:29:02+00:00,2026-10-07T00:29:24.371639+00:00,a825b55d-3ab3-481f-9c50-d3a7313e6843,228,4,0,1,14,0,1,1,1,1791332865
2026-10-07T00:29:02+00:00,2026-10-07T00:29:24.371639+00:00,f8346e51-0de8-11e7-991c-3863bb43a7d0,17,14,3,0,1,0,1,1,1,1791332877
2026-10-07T00:29:02+00:00,2026-10-07T00:29:24.371639+00:00,f8350129-0de8-11e7-991c-3863bb43a7d0,149,16,0,0,2,0,1,1,1,1791332878
2026-10-07T00:29:02+00:00,2026-10-07T00:29:24.371639+00:00,9b0aff89-5242-475e-b03b-87c3c3bf51bb,477,6,3,1,12,0,1,1,1,1791332878
2026-10-07T00:29:02+00:00,2026-10-07T00:29:24.371639+00:00,5410aac7-2ec0-47b6-b728-b99c5137b463,5410aac7-2ec0-47b6-b728-b99c5137b463,5,1,0,6,0,1,1,1,1791332877
2026-10-07T00:29:02+00:00,2026-10-07T00:29:24.371639+00:00,2028220168245183460,2028220168245183460,15,1,0,4,0,1,1,1,1791332877
2026-10-07T00:29:02+00:00,2026-10-07T00:29:24.371639+00:00,f606593b-3d07-40f2-bc6d-a0eb96588e44,456,9,2,0,9,0,1,1,1,1791332877
2026-10-07T00:29:02+00:00,2026-10-07T00:29:24.371639+00:00,25489822-e43a-4704-b2a8-d905b78ba77c,389,2,0,0,12,0,1,1,1,1791332877
2026-10-07T00:29:02+00:00,2026-10-07T00:29:24.371639+00:00,f834fcbe-0de8-11e7-991c-3863bb43a7d0,141,3,0,0,12,0,1,1,1,1791332877
2026-10-07T00:29:02+00:00,2026-10-07T00:29:24.371639+00:00,f834b1ed-0de8-11e7-991c-3863bb43a7d0,99,4,0,1,10,0,1,1,1,1791332877
2026-10-07T00:29:02+00:00,2026-10-07T00:29:24.371639+00:00,f83466c6-0de8-11e7-991c-3863bb43a7d0,6,9,2,0,5,0,1,1,1,1791332888
2026-10-07T00:29:02+00:00,2026-10-07T00:29:24.371639+00:00,4b5de733-9353-4873-9dc2-9558b3cb063a,393,8,2,1,4,0,1,1,1,1791332889
2026-10-07T00:29:02+00:00,2026-10-07T00:29:24.371639+00:00,f835244e-0de8-11e7-991c-3863bb43a7d0,202,6,0,0,9,0,1,1,1,1791332889
2026-10-07T00:29:02+00:00,2026-10-07T00:29:24.371639+00:00,2127634714741013228,2127634714741013228,12,1,2,10,0,1,1,1,1791332889
2026-10-07T00:29:02+00:00,2026-10-07T00:29:24.371639+00:00,f8351569-0de8-11e7-991c-3863bb43a7d0,181,15,2,2,2,0,1,1,1,1791332889
2026-10-07T00:29:02+00:00,2026-10-07T00:29:24.371639+00:00,803a0c16-4f81-44f1-8b49-a13fcdda40c1,370,0,0,1,17,0,1,1,1,1791332890
2026-10-07T00:29:02+00:00,2026-10-07T00:29:24.371639+00:00,f834a1de-0de8-11e7-991c-3863bb43a7d0,84,9,2,0,3,0,1,1,1,1791332889
2026-10-07T00:29:02+00:00,2026-10-07T00:29:24.371639+00:00,ea00f276-26dc-48ee-b2c8-6e56fd632a2d,272,5,1,0,14,0,1,1,1,1791332887
2026-10-07T00:29:02+00:00,2026-10-07T00:29:24.371639+00:00,77c1736c-a609-4453-94f7-8e4253a8193c,474,6,3,0,5,0,1,1,1,1791332887
2026-10-07T00:29:02+00:00,2026-10-07T00:29:24.371639+00:00,f8347a8b-0de8-11e7-991c-3863bb43a7d0,29,3,0,0,16,0,1,1,1,1791332885
2026-10-07T00:29:02+00:00,2026-10-07T00:29:24.371639+00:00,2363c5a3-93cc-41a2-a767-90f1826c041f,426,0,0,0,27,0,1,1,1,1791332887
2026-10-07T00:29:02+00:00,2026-10-07T00:29:24.371639+00:00,f834c6f5-0de8-11e7-991c-3863bb43a7d0,111,11,6,0,2,1,1,1,1,1791332890
2026-10-07T00:29:02+00:00,2026-10-07T00:29:24.371639+00:00,800bde2c-51df-497c-ac2d-bc3a8c00c164,800bde2c-51df-497c-ac2d-bc3a8c00c164,1,1,2,12,0,1,1,1,1791332906
2026-10-07T00:29:02+00:00,2026-10-07T00:29:24.371639+00:00,e335fa7c-7adf-4360-9bfa-76b18124a56f,541,0,0,0,11,0,1,1,1,1791332906
2026-10-07T00:29:02+00:00,2026-10-07T00:29:24.371639+00:00,acb27827-d69a-4287-b132-3f529ca62ad2,427,4,2,0,15,0,1,1,1,1791332907
2026-10-07T00:29:02+00:00,2026-10-07T00:29:24.371639+00:00,829fa5a8-cc88-4ab2-9f34-b481aaa1612e,259,12,4,0,3,0,1,1,1,1791332907
2026-10-07T00:29:02+00:00,2026-10-07T00:29:24.371639+00:00,1991921362058752616,1991921362058752616,0,0,0,20,0,1,1,1,1791332906
2026-10-07T00:29:02+00:00,2026-10-07T00:29:24.371639+00:00,2113559364250874028,2113559364250874028,10,3,0,5,0,1,1,1,1791332906
2026-10-07T00:29:02+00:00,2026-10-07T00:29:24.371639+00:00,2250817396738253956,2250817396738253956,7,2,1,7,0,1,1,1,1791332908
2026-10-07T00:29:02+00:00,2026-10-07T00:29:24.371639+00:00,f834b928-0de8-11e7-991c-3863bb43a7d0,106,11,3,1,2,0,1,1,1,1791332896
2026-10-07T00:29:02+00:00,2026-10-07T00:29:24.371639+00:00,2251556760922290606,2251556760922290606,9,5,0,6,0,1,1,1,1791332898
2026-10-07T00:29:02+00:00,2026-10-07T00:29:24.371639+00:00,b44b7c3d-c054-4591-92a9-3b96d86050ab,b44b7c3d-c054-4591-92a9-3b96d86050ab,3,3,0,8,0,1,1,1,1791332897
2026-10-07T00:29:02+00:00,2026-10-07T00:29:24.371639+00:00,8d535c23-f186-4161-aa10-17e94be6d4ae,436,5,3,3,6,1,1,1,1,1791332894
2026-10-07T00:29:02+00:00,2026-10-07T00:29:24.371639+00:00,f834d34b-0de8-11e7-991c-3863bb43a7d0,120,15,2,2,22,0,1,1,1,1791332894
2026-10-07T00:29:02+00:00,2026-10-07T00:29:24.371639+00:00,f8346c96-0de8-11e7-991c-3863bb43a7d0,14,3,0,1,20,0,1,1,1,1791332895
2026-10-07T00:29:02+00:00,2026-10-07T00:29:24.371639+00:00,e4d5271f-5f76-401b-b7f0-c8dce3c26f10,462,6,0,1,4,0,1,1,1,1791332895
2026-10-07T00:29:02+00:00,2026-10-07T00:29:24.371639+00:00,dcd76e42-eebc-4432-9726-cdb3372b0b07,557,1,0,0,18,0,1,1,1,1791332899
2026-10-07T00:29:02+00:00,2026-10-07T00:29:24.371639+00:00,2124664048772581794,2124664048772581794,3,0,1,7,0,1,1,1,1791332903
2026-10-07T00:29:02+00:00,2026-10-07T00:29:24.371639+00:00,38706d8c-8d4b-49f7-b6ed-7688449db261,463,0,0,0,19,0,1,1,1,1791332904
2026-10-07T00:29:02+00:00,2026-10-07T00:29:24.371639+00:00,1986694622707704150,1986694622707704150,15,2,1,3,0,1,1,1,1791332902
2026-10-07T00:29:02+00:00,2026-10-07T00:29:24.371639+00:00,c111ef1a-f276-415d-a95e-8e3c4e3a0c03,522,3,1,1,11,0,1,1,1,1791332901
2026-10-07T00:29:02+00:00,2026-10-07T00:29:24.371639+00:00,986068c4-d11a-465a-b8d0-bd0960c57f51,986068c4-d11a-465a-b8d0-bd0960c57f51,10,0,1,3,0,1,1,1,1791332905
2026-10-07T00:29:02+00:00,2026-10-07T00:29:24.371639+00:00,8e7c1984-dc81-43b0-a0d3-58c6de45225a,465,6,1,0,5,0,1,1,1,1791332903
2026-10-07T00:29:02+00:00,2026-10-07T00:29:24.371639+00:00,2071991821019036242,2071991821019036242,11,1,0,9,0,1,1,1,1791332914
2026-10-07T00:29:02+00:00,2026-10-07T00:29:24.371639+00:00,40ee059e-8530-4992-9114-c16b87d6832f,441,13,6,0,6,0,1,1,1,1791332914
2026-10-07T00:29:02+00:00,2026-10-07T00:29:24.371639+00:00,4d953f0f-13b5-4b3d-b2da-342003ff7cba,4d953f0f-13b5-4b3d-b2da-342003ff7cba,2,1,0,9,0,1,1,1,1791332914
2026-10-07T00:29:02+00:00,2026-10-07T00:29:24.371639+00:00,1ef5abb2-5af9-41f2-a0dd-1e44278ad9f1,502,7,2,0,4,0,1,1,1,1791332914
2026-10-07T00:29:02+00:00,2026-10-07T00:29:24.371639+00:00,2220033166406469278,2220033166406469278,10,4,1,4,0,1,1,1,1791332914
2026-10-07T00:29:02+00:00,2026-10-07T00:29:24.371639+00:00,f83493c0-0de8-11e7-991c-3863bb43a7d0,67,3,2,2,24,0,1,1,1,1791332913
2026-10-07T00:29:02+00:00,2026-10-07T00:29:24.371639+00:00,2129149628430547474,2129149628430547474,16,3,0,0,0,1,1,1,1791332914
2026-10-07T00:29:02+00:00,2026-10-07T00:29:24.371639+00:00,1919521884659886482,1919521884659886482,1,0,0,18,0,1,1,1,1791332910
2026-10-07T00:29:02+00:00,2026-10-07T00:29:24.371639+00:00,f8350d30-0de8-11e7-991c-3863bb43a7d0,163,5,0,0,14,0,1,1,1,1791332912
2026-10-07T00:29:02+00:00,2026-10-07T00:29:24.371639+00:00,2132460331327742574,2132460331327742574,0,0,0,18,0,1,1,1,1791332911
2026-10-07T00:29:02+00:00,2026-10-07T00:29:24.371639+00:00,f8347002-0de8-11e7-991c-3863bb43a7d0,20,11,0,1,11,0,1,1,1,1791332911
2026-10-07T00:29:02+00:00,2026-10-07T00:29:24.371639+00:00,2027855476515070160,2027855476515070160,8,0,0,19,0,1,1,1,1791332916
2026-10-07T00:29:02+00:00,2026-10-07T00:29:24.371639+00:00,f8348598-0de8-11e7-991c-3863bb43a7d0,49,3,0,1,14,0,1,1,1,1791332882
2026-10-07T00:29:02+00:00,2026-10-07T00:29:24.371639+00:00,2149920539832638004,2149920539832638004,14,0,1,0,0,1,1,1,1791332916
2026-10-07T00:29:02+00:00,2026-10-07T00:29:24.371639+00:00,2036412579943670600,2036412579943670600,1,1,0,11,0,1,1,1,1791332916
2026-10-07T00:29:02+00:00,2026-10-07T00:29:24.371639+00:00,2219705277630124418,2219705277630124418,8,3,0,7,0,1,1,1,1791332917
2026-10-07T00:29:02+00:00,2026-10-07T00:29:24.371639+00:00,f8346dbd-0de8-11e7-991c-3863bb43a7d0,16,1,0,0,18,0,1,1,1,1791332918
2026-10-07T00:29:02+00:00,2026-10-07T00:29:24.371639+00:00,918335df-fc1a-45c2-9cfc-c5e2e93aecc0,467,2,0,1,8,0,1,1,1,1791332918
2026-10-07T00:29:02+00:00,2026-10-07T00:29:24.371639+00:00,d1a5e406-718c-44b9-b9dd-e63605b888aa,555,9,8,0,6,0,1,1,1,1791332918
2026-10-07T00:29:02+00:00,2026-10-07T00:29:24.371639+00:00,2134720099473744344,2134720099473744344,3,0,0,18,0,1,1,1,1791332918
2026-10-07T00:29:02+00:00,2026-10-07T00:29:24.371639+00:00,2251186911126913182,2251186911126913182,15,2,2,2,0,1,1,1,1791332919
2026-10-07T00:29:02+00:00,2026-10-07T00:29:24.371639+00:00,2248987790637065652,2248987790637065652,4,3,0,8,0,1,1,1,1791332670
2026-10-07T00:29:02+00:00,2026-10-07T00:29:24.371639+00:00,f83472d3-0de8-11e7-991c-3863bb43a7d0,25,15,1,0,0,0,1,1,1,1791332758
2026-10-07T00:29:02+00:00,2026-10-07T00:29:24.371639+00:00,634b697d-0e64-4102-8849-abac7a7f8e35,455,3,1,0,9,0,1,1,1,1791332800
2026-10-07T00:29:02+00:00,2026-10-07T00:29:24.371639+00:00,dc770287-c70c-43ea-a635-39f3dc6b09cd,dc770287-c70c-43ea-a635-39f3dc6b09cd,6,2,0,5,0,1,1,1,1791332800
2026-10-07T00:29:02+00:00,2026-10-07T00:29:24.371639+00:00,3b158c7a-a362-43ae-af1f-121b78be32d7,483,8,4,1,8,0,1,1,1,1791332803
2026-10-07T00:29:02+00:00,2026-10-07T00:29:24.371639+00:00,2071724371800490690,2071724371800490690,17,0,0,3,0,1,1,1,1791332804
2026-10-07T00:29:02+00:00,2026-10-07T00:29:24.371639+00:00,fae99a0c-e88a-4112-94d8-f655cf34e651,fae99a0c-e88a-4112-94d8-f655cf34e651,1,0,1,17,0,1,1,1,1791332803
2026-10-07T00:29:02+00:00,2026-10-07T00:29:24.371639+00:00,609c2f06-310e-4134-8dd2-3d23aa41487b,609c2f06-310e-4134-8dd2-3d23aa41487b,10,1,1,11,0,1,1,1,1791332810
2026-10-07T00:29:02+00:00,2026-10-07T00:29:24.371639+00:00,50cc3c7f-50ed-4c70-b483-c89f3f47c938,491,17,0,0,2,0,1,1,1,1791332806
2026-10-07T00:29:02+00:00,2026-10-07T00:29:24.371639+00:00,f8349672-0de8-11e7-991c-3863bb43a7d0,72,2,0,0,21,0,1,1,1,1791332806
2026-10-07T00:29:02+00:00,2026-10-07T00:29:24.371639+00:00,4764641e-b080-4c70-a1e1-049de81e09d0,273,25,1,1,14,0,1,1,1,1791332805
2026-10-07T00:29:02+00:00,2026-10-07T00:29:24.371639+00:00,f4a64c30-b97f-4ae5-b531-a11698b558d7,562,5,1,0,4,0,1,1,1,1791332812
2026-10-07T00:29:02+00:00,2026-10-07T00:29:24.371639+00:00,2002247509585342522,2002247509585342522,11,1,0,0,0,1,1,1,1791332817
2026-10-07T00:29:02+00:00,2026-10-07T00:29:24.371639+00:00,e49a5b83-2c9c-4610-a48b-89cfea172c8f,504,4,1,0,7,0,1,1,1,1791332822
2026-10-07T00:29:02+00:00,2026-10-07T00:29:24.371639+00:00,dd008e3c-ff17-4c82-abe0-502272a62425,558,0,0,0,18,0,1,1,1,1791332820
2026-10-07T00:29:02+00:00,2026-10-07T00:29:24.371639+00:00,2035765531590062506,2035765531590062506,6,1,2,3,0,1,1,1,1791332820
2026-10-07T00:29:02+00:00,2026-10-07T00:29:24.371639+00:00,25cc602a-152a-4abe-9df8-a131d0a5d94b,235,13,4,0,2,0,1,1,1,1791332818
2026-10-07T00:29:02+00:00,2026-10-07T00:29:24.371639+00:00,f8347361-0de8-11e7-991c-3863bb43a7d0,26,15,0,0,0,0,1,1,1,1791332819
2026-10-07T00:29:02+00:00,2026-10-07T00:29:24.371639+00:00,f834ffc9-0de8-11e7-991c-3863bb43a7d0,146,9,2,0,10,0,1,1,1,1791332586
2026-10-07T00:29:02+00:00,2026-10-07T00:29:24.371639+00:00,a3b94ed8-8301-4ec6-baf2-64ac493b5106,529,1,1,0,13,0,1,1,1,1791332831
2026-10-07T00:29:02+00:00,2026-10-07T00:29:24.371639+00:00,1984021766354634770,1984021766354634770,14,0,0,5,0,1,1,1,1791332831
2026-10-07T00:29:02+00:00,2026-10-07T00:29:24.371639+00:00,8f51f8f1-ecb8-4cd3-8529-296a03140c51,8f51f8f1-ecb8-4cd3-8529-296a03140c51,10,3,0,9,0,1,1,1,1791332829
2026-10-07T00:29:02+00:00,2026-10-07T00:29:24.371639+00:00,f835141c-0de8-11e7-991c-3863bb43a7d0,178,15,0,1,2,0,1,1,1,1791332838
2026-10-07T00:29:02+00:00,2026-10-07T00:29:24.371639+00:00,3c837bc0-fd08-49c4-adf5-0e9a98e918a7,524,8,0,1,6,0,1,1,1,1791332838
2026-10-07T00:29:02+00:00,2026-10-07T00:29:24.371639+00:00,f834fb66-0de8-11e7-991c-3863bb43a7d0,139,15,0,3,1,0,1,1,1,1791332840
2026-10-07T00:29:02+00:00,2026-10-07T00:29:24.371639+00:00,66763558-7a03-48a9-8665-6b4445b81f48,458,11,4,0,4,0,1,1,1,1791332844
2026-10-07T00:29:02+00:00,2026-10-07T00:29:24.371639+00:00,1206f5c8-7d1f-4c32-9d65-f3e80186fbde,511,8,5,1,10,0,1,1,1,1791332843
2026-10-07T00:29:02+00:00,2026-10-07T00:29:24.371639+00:00,f8348021-0de8-11e7-991c-3863bb43a7d0,39,25,1,0,2,0,1,1,1,1791332843
2026-10-07T00:29:02+00:00,2026-10-07T00:29:24.371639+00:00,af066ffd-b892-434f-8532-1982fc408780,480,2,0,0,9,0,1,1,1,1791332842
2026-10-07T00:29:02+00:00,2026-10-07T00:29:24.371639+00:00,f8346c01-0de8-11e7-991c-3863bb43a7d0,13,2,0,0,17,0,1,1,1,1791332851
2026-10-07T00:29:02+00:00,2026-10-07T00:29:24.371639+00:00,2136546016037880534,2136546016037880534,7,0,0,8,0,1,1,1,1791332851
2026-10-07T00:29:02+00:00,2026-10-07T00:29:24.371639+00:00,57caf362-1e8b-46aa-9ee3-82341c405ab0,271,6,3,1,8,0,1,1,1,1791332852
2026-10-07T00:29:02+00:00,2026-10-07T00:29:24.371639+00:00,f8349de4-0de8-11e7-991c-3863bb43a7d0,80,0,0,2,33,0,1,1,1,1791332886
2026-10-07T00:29:02+00:00,2026-10-07T00:29:24.371639+00:00,f8348924-0de8-11e7-991c-3863bb43a7d0,57,12,0,0,2,0,1,1,1,1791332883
2026-10-07T00:29:02+00:00,2026-10-07T00:29:24.371639+00:00,f834a32d-0de8-11e7-991c-3863bb43a7d0,86,19,2,0,6,0,1,1,1,1791332883
2026-10-07T00:29:02+00:00,2026-10-07T00:29:24.371639+00:00,2113560016964645240,2113560016964645240,8,3,0,11,0,1,1,1,1791332883
2026-10-07T00:29:02+00:00,2026-10-07T00:29:24.371639+00:00,2079440939380771716,2079440939380771716,3,2,1,7,0,1,1,1,1791332884
2026-10-07T00:29:02+00:00,2026-10-07T00:29:24.371639+00:00,1961066392414132348,1961066392414132348,0,0,0,19,0,1,1,1,1791332885
2026-10-07T00:29:02+00:00,2026-10-07T00:29:24.371639+00:00,b0b8e427-7203-4844-9c70-129e08a74452,347,12,4,1,1,0,1,1,1,1791332881
2026-10-07T00:29:02+00:00,2026-10-07T00:29:24.371639+00:00,b5894555-30a3-46db-918a-fdeb083d6001,336,13,7,1,1,0,1,1,1,1791332880
2026-10-07T00:29:02+00:00,2026-10-07T00:29:24.371639+00:00,2fded452-cbd0-4248-b008-f8a61ed9a85f,2fded452-cbd0-4248-b008-f8a61ed9a85f,1,0,0,14,0,1,1,1,1791332880
2026-10-07T00:29:02+00:00,2026-10-07T00:29:24.371639+00:00,f8352a4d-0de8-11e7-991c-3863bb43a7d0,212,18,0,1,13,0,1,1,1,1791332882
2026-10-07T00:29:02+00:00,2026-10-07T00:29:24.371639+00:00,f8353277-0de8-11e7-991c-3863bb43a7d0,218,0,0,2,13,0,1,1,1,1791332887
2026-10-07T00:29:02+00:00,2026-10-07T00:29:24.371639+00:00,f834d064-0de8-11e7-991c-3863bb43a7d0,118,19,6,0,0,0,1,1,1,1791332887
2026-10-07T00:29:02+00:00,2026-10-07T00:29:24.371639+00:00,7dd0fc98-c1dd-4c93-9c1d-4bbdf5f93346,473,13,8,0,0,0,1,1,1,1791332890
2026-10-07T00:29:02+00:00,2026-10-07T00:29:24.371639+00:00,2131714490587826928,2131714490587826928,9,6,2,5,0,1,1,1,1791332891
2026-10-07T00:29:02+00:00,2026-10-07T00:29:24.371639+00:00,2080157934789007958,2080157934789007958,16,2,2,1,0,1,1,1,1791332891
2026-10-07T00:29:02+00:00,2026-10-07T00:29:24.371639+00:00,2171110977443594588,2171110977443594588,5,0,1,9,0,1,1,1,1791332866
2026-10-07T00:29:02+00:00,2026-10-07T00:29:24.371639+00:00,dd05a440-f881-410c-a071-864da11c634a,318,0,0,0,19,0,1,1,1,1791332857
2026-10-07T00:29:02+00:00,2026-10-07T00:29:24.371639+00:00,e3f5d039-a49e-4b3b-ab4d-4efbef2068c6,e3f5d039-a49e-4b3b-ab4d-4efbef2068c6,17,2,0,5,0,1,1,1,1791332857
2026-10-07T00:29:02+00:00,2026-10-07T00:29:24.371639+00:00,f834923d-0de8-11e7-991c-3863bb43a7d0,65,12,0,0,7,0,1,1,1,1791332855
2026-10-07T00:29:02+00:00,2026-10-07T00:29:24.371639+00:00,2012646293885032702,2012646293885032702,4,0,1,19,0,1,1,1,1791332860
2026-10-07T00:29:02+00:00,2026-10-07T00:29:24.371639+00:00,f8351e42-0de8-11e7-991c-3863bb43a7d0,189,0,0,1,22,0,1,1,1,1791332861
2026-10-07T00:29:02+00:00,2026-10-07T00:29:24.371639+00:00,f8348781-0de8-11e7-991c-3863bb43a7d0,53,17,1,0,2,0,1,1,1,1791332859
2026-10-07T00:29:02+00:00,2026-10-07T00:29:24.371639+00:00,31382324-2931-491a-827a-40149e45afee,232,6,1,0,5,0,1,1,1,1791332863
2026-10-07T00:29:02+00:00,2026-10-07T00:29:24.371639+00:00,f1cafe36-f800-41f6-b74d-73953cb6394c,471,0,0,0,27,0,1,1,1,1791332863
2026-10-07T00:29:02+00:00,2026-10-07T00:29:24.371639+00:00,1994461916590643872,1994461916590643872,7,2,1,3,0,1,1,1,1791332861
2026-10-07T00:29:02+00:00,2026-10-07T00:29:24.371639+00:00,2100948177843249670,2100948177843249670,4,3,1,6,0,1,1,1,1791332867
2026-10-07T00:29:02+00:00,2026-10-07T00:29:24.371639+00:00,f834b50a-0de8-11e7-991c-3863bb43a7d0,102,7,3,0,8,0,1,1,1,1791332867
2026-10-07T00:29:02+00:00,2026-10-07T00:29:24.371639+00:00,3de6e5da-9702-4623-8683-26abd98012a8,525,4,1,0,8,0,1,1,1,1791332866
2026-10-07T00:29:02+00:00,2026-10-07T00:29:24.371639+00:00,2223046412750968128,2223046412750968128,2,1,0,17,0,1,1,1,1791332872
2026-10-07T00:29:02+00:00,2026-10-07T00:29:24.371639+00:00,f8352c1a-0de8-11e7-991c-3863bb43a7d0,216,9,2,0,10,0,1,1,1,1791332871
2026-10-07T00:29:02+00:00,2026-10-07T00:29:24.371639+00:00,2120986392451359068,2120986392451359068,5,1,1,13,0,1,1,1,1791332872
2026-10-07T00:29:02+00:00,2026-10-07T00:29:24.371639+00:00,fbb9b58c-2b92-4bcf-8e4c-a982e40d2f39,221,5,1,0,14,0,1,1,1,1791332872
2026-10-07T00:29:02+00:00,2026-10-07T00:29:24.371639+00:00,efd724b2-31cb-4aec-b9d9-8ab79271630c,493,9,0,0,8,0,1,1,1,1791332873
2026-10-07T00:29:02+00:00,2026-10-07T00:29:24.371639+00:00,910f1452-dbeb-4e69-b226-71b2d7e85715,910f1452-dbeb-4e69-b226-71b2d7e85715,9,4,0,1,0,1,1,1,1791332874
2026-10-07T00:29:02+00:00,2026-10-07T00:29:24.371639+00:00,c935cfb1-ef73-402e-9b86-83aaaac6534d,478,6,1,0,13,0,1,1,1,1791332873
2026-10-07T00:29:02+00:00,2026-10-07T00:29:24.371639+00:00,be7e7068-b85f-42c1-8ea1-e1d64e531323,be7e7068-b85f-42c1-8ea1-e1d64e531323,15,2,0,0,0,1,1,1,1791332870
2026-10-07T00:29:02+00:00,2026-10-07T00:29:24.371639+00:00,f834b652-0de8-11e7-991c-3863bb43a7d0,104,9,3,0,9,0,1,1,1,1791332873
2026-10-07T00:29:02+00:00,2026-10-07T00:29:24.371639+00:00,f83514f9-0de8-11e7-991c-3863bb43a7d0,180,12,1,1,6,0,1,1,1,1791332875
2026-10-07T00:29:02+00:00,2026-10-07T00:29:24.371639+00:00,13681246-4bf8-444a-a908-fa165e4ad298,329,13,2,1,1,0,1,1,1,1791332875
2026-10-07T00:29:02+00:00,2026-10-07T00:29:24.371639+00:00,082262bd-086b-46c7-83ce-eed2b39142ff,416,1,0,0,14,0,1,1,1,1791332878
2026-10-07T00:29:02+00:00,2026-10-07T00:29:24.371639+00:00,8b703219-1e16-4ba1-9f46-2b7030c7849a,360,3,2,2,10,0,1,1,1,1791332876
2026-10-07T00:29:02+00:00,2026-10-07T00:29:24.371639+00:00,1963273678015717438,1963273678015717438,0,0,0,19,0,1,1,1,1791332895
2026-10-07T00:29:02+00:00,2026-10-07T00:29:24.371639+00:00,2256120653476329202,2256120653476329202,12,1,0,3,0,1,1,1,1791332842
2026-10-07T00:29:02+00:00,2026-10-07T00:29:24.371639+00:00,ee0fa23e-a6c2-474d-a6ef-bf581d63f1ae,ee0fa23e-a6c2-474d-a6ef-bf581d63f1ae,8,2,0,3,0,1,1,1,1791332893
2026-10-07T00:29:02+00:00,2026-10-07T00:29:24.371639+00:00,2074236051937964826,2074236051937964826,13,3,0,2,1,1,1,1,1791332896
2026-10-07T00:29:02+00:00,2026-10-07T00:29:24.371639+00:00,a51b429f-bf06-425a-b3fe-b3155aa6468c,a51b429f-bf06-425a-b3fe-b3155aa6468c,4,3,1,6,0,1,1,1,1791332894
2026-10-07T00:29:02+00:00,2026-10-07T00:29:24.371639+00:00,f834db9b-0de8-11e7-991c-3863bb43a7d0,121,17,7,0,0,0,1,1,1,1791332895
2026-10-07T00:29:02+00:00,2026-10-07T00:29:24.371639+00:00,f8350be5-0de8-11e7-991c-3863bb43a7d0,160,3,0,0,11,0,1,1,1,1791332892
2026-10-07T00:29:02+00:00,2026-10-07T00:29:24.371639+00:00,2253794653988522864,2253794653988522864,8,0,0,11,0,1,1,1,1791332897
2026-10-07T00:29:02+00:00,2026-10-07T00:29:24.371639+00:00,f836bc28-36a7-4ca6-bba6-0d75333d84bb,538,13,1,1,5,0,1,1,1,1791332899
2026-10-07T00:29:02+00:00,2026-10-07T00:29:24.371639+00:00,d81e16e2-a410-4a0b-b5ae-b72748fc9781,d81e16e2-a410-4a0b-b5ae-b72748fc9781,2,0,1,17,0,1,1,1,1791332903
2026-10-07T00:29:02+00:00,2026-10-07T00:29:24.371639+00:00,3f4f4ad4-a715-43d5-828f-f8381f26b66a,390,10,1,0,4,1,1,1,1,1791332903
2026-10-07T00:29:02+00:00,2026-10-07T00:29:24.371639+00:00,2126939746529359956,2126939746529359956,11,4,0,8,0,1,1,1,1791332903
2026-10-07T00:29:02+00:00,2026-10-07T00:29:24.371639+00:00,f834ff5a-0de8-11e7-991c-3863bb43a7d0,145,8,0,1,10,0,1,1,1,1791332905
2026-10-07T00:29:02+00:00,2026-10-07T00:29:24.371639+00:00,a439fff7-8630-464c-b277-efca6f6bc664,531,10,3,2,2,0,1,1,1,1791332902
2026-10-07T00:29:02+00:00,2026-10-07T00:29:24.371639+00:00,a9d13461-7f0f-47b0-9a97-8ec9e9792865,533,14,0,1,3,0,1,1,1,1791332897
2026-10-07T00:29:02+00:00,2026-10-07T00:29:24.371639+00:00,0bc49982-74e9-4bbf-9991-e3d809d6319e,530,5,2,0,14,0,1,1,1,1791332905
2026-10-07T00:29:02+00:00,2026-10-07T00:29:24.371639+00:00,ee18dbd6-05b8-4d38-a120-f84c3499a77e,519,6,4,1,3,0,1,1,1,1791332908
2026-10-07T00:29:02+00:00,2026-10-07T00:29:24.371639+00:00,f8348857-0de8-11e7-991c-3863bb43a7d0,55,1,0,0,14,0,1,1,1,1791332910
2026-10-07T00:29:02+00:00,2026-10-07T00:29:24.371639+00:00,f83487f0-0de8-11e7-991c-3863bb43a7d0,54,7,0,0,8,0,1,1,1,1791332910
2026-10-07T00:29:02+00:00,2026-10-07T00:29:24.371639+00:00,2004828637786472956,2004828637786472956,15,7,1,3,0,1,1,1,1791332907
2026-10-07T00:29:02+00:00,2026-10-07T00:29:24.371639+00:00,4caf6e93-ddd7-4b6f-9e61-f9df1206ac92,4caf6e93-ddd7-4b6f-9e61-f9df1206ac92,7,2,0,12,0,1,1,1,1791332911
2026-10-07T00:29:02+00:00,2026-10-07T00:29:24.371639+00:00,f8352306-0de8-11e7-991c-3863bb43a7d0,199,9,5,2,4,0,1,1,1,1791332903
2026-10-07T00:29:02+00:00,2026-10-07T00:29:24.371639+00:00,f8350c56-0de8-11e7-991c-3863bb43a7d0,161,23,7,0,0,0,1,1,1,1791332901
2026-10-07T00:29:02+00:00,2026-10-07T00:29:24.371639+00:00,f835027c-0de8-11e7-991c-3863bb43a7d0,152,6,0,0,21,0,1,1,1,1791332902
2026-10-07T00:29:02+00:00,2026-10-07T00:29:24.371639+00:00,f8349d6e-0de8-11e7-991c-3863bb43a7d0,79,13,1,0,5,0,1,1,1,1791332912
2026-10-07T00:29:02+00:00,2026-10-07T00:29:24.371639+00:00,2111332861978124760,2111332861978124760,3,1,1,12,0,1,1,1,1791332703
2026-10-07T00:29:02+00:00,2026-10-07T00:29:24.371639+00:00,1e3beeb4-f8e1-452c-93e5-48df78d4b313,334,9,2,0,9,0,1,1,1,1791332913
2026-10-07T00:29:02+00:00,2026-10-07T00:29:24.371639+00:00,f8351ff1-0de8-11e7-991c-3863bb43a7d0,193,8,0,1,5,0,1,1,1,1791332915
2026-10-07T00:29:02+00:00,2026-10-07T00:29:24.371639+00:00,f8346a3c-0de8-11e7-991c-3863bb43a7d0,10,7,2,0,4,0,1,1,1,1791332915
2026-10-07T00:29:02+00:00,2026-10-07T00:29:24.371639+00:00,2115804056935012722,2115804056935012722,10,1,0,9,0,1,1,1,1791332911
2026-10-07T00:29:02+00:00,2026-10-07T00:29:24.371639+00:00,3dbbb3cb-b52d-46f8-8f9c-db11e83d081c,327,13,7,1,1,0,1,1,1,1791332912
2026-10-07T00:29:02+00:00,2026-10-07T00:29:24.371639+00:00,3a6d94a7-9fee-41c5-b8cc-a8487c5e691b,549,19,2,1,3,0,1,1,1,1791332913
2026-10-07T00:29:02+00:00,2026-10-07T00:29:24.371639+00:00,f8352150-0de8-11e7-991c-3863bb43a7d0,196,5,2,0,5,0,1,1,1,1791332914
2026-10-07T00:29:02+00:00,2026-10-07T00:29:24.371639+00:00,c98f50f6-1901-4c64-b164-8cf33245e022,282,13,0,1,3,1,1,1,1,1791332906
2026-10-07T00:29:02+00:00,2026-10-07T00:29:24.371639+00:00,a9bc314b-a3fd-46e5-a63b-f005258bba5f,a9bc314b-a3fd-46e5-a63b-f005258bba5f,1,0,0,16,1,1,1,1,1791332906
2026-10-07T00:29:02+00:00,2026-10-07T00:29:24.371639+00:00,2124668538068359456,2124668538068359456,15,0,1,3,0,1,1,1,1791332915
2026-10-07T00:29:02+00:00,2026-10-07T00:29:24.371639+00:00,dd8dee9d-d044-41d6-9371-8463cf9c671b,526,7,4,0,7,1,1,1,1,1791332916
2026-10-07T00:29:02+00:00,2026-10-07T00:29:24.371639+00:00,68323451-daf0-4532-a6cb-b070e3ef358f,68323451-daf0-4532-a6cb-b070e3ef358f,10,0,0,9,0,1,1,1,1791332917
2026-10-07T00:29:02+00:00,2026-10-07T00:29:24.371639+00:00,f834fda2-0de8-11e7-991c-3863bb43a7d0,143,8,1,0,15,0,1,1,1,1791332916
2026-10-07T00:29:02+00:00,2026-10-07T00:29:24.371639+00:00,f835259f-0de8-11e7-991c-3863bb43a7d0,205,3,0,1,11,0,1,1,1,1791332917
2026-10-07T00:29:02+00:00,2026-10-07T00:29:24.371639+00:00,2158217922577811100,2158217922577811100,7,0,0,12,0,1,1,1,1791332917
2026-10-07T00:29:02+00:00,2026-10-07T00:29:24.371639+00:00,0cb6d635-6a7d-4d75-89b4-36b12616be12,432,10,6,0,9,0,1,1,1,1791332918
2026-10-07T00:29:02+00:00,2026-10-07T00:29:24.371639+00:00,12141b77-6e5f-444b-bace-2abf16db4fee,12141b77-6e5f-444b-bace-2abf16db4fee,0,0,11,0,0,1,0,0,1791320514
2026-10-07T00:29:02+00:00,2026-10-07T00:29:24.371639+00:00,2220822464984366036,2220822464984366036,3,1,1,8,0,1,1,1,1791332770
2026-10-07T00:29:02+00:00,2026-10-07T00:29:24.371639+00:00,f83515d8-0de8-11e7-991c-3863bb43a7d0,182,10,0,0,8,0,1,1,1,1791332806
2026-10-07T00:29:02+00:00,2026-10-07T00:29:24.371639+00:00,2096125468116637776,2096125468116637776,12,0,0,3,0,1,1,1,1791332797
2026-10-07T00:29:02+00:00,2026-10-07T00:29:24.371639+00:00,42886366-9cbf-432c-ba84-beef38877c87,408,14,5,0,1,0,1,1,1,1791332801
2026-10-07T00:29:02+00:00,2026-10-07T00:29:24.371639+00:00,f8348a68-0de8-11e7-991c-3863bb43a7d0,60,5,0,3,10,0,1,1,1,1791332811
2026-10-07T00:29:02+00:00,2026-10-07T00:29:24.371639+00:00,1942556871369959976,1942556871369959976,14,6,1,4,0,1,1,1,1791332813
2026-10-07T00:29:02+00:00,2026-10-07T00:29:24.371639+00:00,e2c306f6-82c7-4d0d-89fd-c9452d2f9ad1,361,7,0,2,34,0,1,1,1,1791332814
2026-10-07T00:29:02+00:00,2026-10-07T00:29:24.371639+00:00,f834f8ca-0de8-11e7-991c-3863bb43a7d0,137,9,6,3,5,2,1,1,1,1791332811
2026-10-07T00:29:02+00:00,2026-10-07T00:29:24.371639+00:00,1a39ab83-f029-4134-aad4-35380b30bf2c,1a39ab83-f029-4134-aad4-35380b30bf2c,7,0,0,12,0,1,1,1,1791332813
2026-10-07T00:29:02+00:00,2026-10-07T00:29:24.371639+00:00,2104f242-2dde-4ec0-8197-4454b1021ac1,381,16,9,3,4,1,1,1,1,1791332814
2026-10-07T00:29:02+00:00,2026-10-07T00:29:24.371639+00:00,7c860828-3359-4229-b59b-963f5a4bab00,236,3,1,2,7,0,1,1,1,1791332816
2026-10-07T00:29:02+00:00,2026-10-07T00:29:24.371639+00:00,2267959380696438832,2267959380696438832,7,0,0,4,0,1,1,1,1791332816
2026-10-07T00:29:02+00:00,2026-10-07T00:29:24.371639+00:00,f834dc46-0de8-11e7-991c-3863bb43a7d0,122,12,3,0,3,0,1,1,1,1791332817
2026-10-07T00:29:02+00:00,2026-10-07T00:29:24.371639+00:00,f834dedf-0de8-11e7-991c-3863bb43a7d0,124,9,4,0,5,0,1,1,1,1791332820
2026-10-07T00:29:02+00:00,2026-10-07T00:29:24.371639+00:00,f83529e2-0de8-11e7-991c-3863bb43a7d0,211,9,0,0,6,0,1,1,1,1791332816
2026-10-07T00:29:02+00:00,2026-10-07T00:29:24.371639+00:00,f83481c5-0de8-11e7-991c-3863bb43a7d0,42,9,0,1,20,0,1,1,1,1791332825
2026-10-07T00:29:02+00:00,2026-10-07T00:29:24.371639+00:00,aa556ad4-0092-4687-96c2-8dbc69addb56,485,5,0,2,4,0,1,1,1,1791332825
2026-10-07T00:29:02+00:00,2026-10-07T00:29:24.371639+00:00,1921360868231155718,1921360868231155718,5,0,0,14,0,1,1,1,1791332822
2026-10-07T00:29:02+00:00,2026-10-07T00:29:24.371639+00:00,93381e13-cd04-4e10-ac81-9f5926aa01d5,333,13,3,1,11,0,1,1,1,1791332822
2026-10-07T00:29:02+00:00,2026-10-07T00:29:24.371639+00:00,9f582e05-15e0-4a39-aef5-c719e0c78e26,466,5,2,1,5,0,1,1,1,1791332822
2026-10-07T00:29:02+00:00,2026-10-07T00:29:24.371639+00:00,bd3d4824-7203-4edc-a314-cea2b413e886,319,3,2,0,23,1,1,1,1,1791332822
2026-10-07T00:29:02+00:00,2026-10-07T00:29:24.371639+00:00,c23a4c0d-7e43-4042-80e2-7c894d07763b,559,4,0,0,7,0,1,1,1,1791332823
2026-10-07T00:29:02+00:00,2026-10-07T00:29:24.371639+00:00,e32c0bb9-e85b-4764-b0fb-5c582cfd3a90,340,14,8,1,2,2,1,1,1,1791332826
2026-10-07T00:29:02+00:00,2026-10-07T00:29:24.371639+00:00,ed6c012e-6d6c-41e7-8e01-90749fd67575,546,11,10,0,5,0,1,1,1,1791332826
2026-10-07T00:29:02+00:00,2026-10-07T00:29:24.371639+00:00,81676204-e42f-4d3d-991e-9c1264f36229,357,15,2,0,0,0,1,1,1,1791332828
2026-10-07T00:29:02+00:00,2026-10-07T00:29:24.371639+00:00,2225590560002383786,2225590560002383786,1,0,0,14,0,1,1,1,1791332833
2026-10-07T00:29:02+00:00,2026-10-07T00:29:24.371639+00:00,f834a3a0-0de8-11e7-991c-3863bb43a7d0,87,13,3,0,2,0,1,1,1,1791332834
2026-10-07T00:29:02+00:00,2026-10-07T00:29:24.371639+00:00,9e9be067-c6bb-41de-9491-eda69d24d6de,371,16,7,0,2,1,1,1,1,1791332837
2026-10-07T00:29:02+00:00,2026-10-07T00:29:24.371639+00:00,7feae3ce-ddf2-4a45-a123-1209c8a9182b,484,2,0,0,9,0,1,1,1,1791332835
2026-10-07T00:29:02+00:00,2026-10-07T00:29:24.371639+00:00,f834a838-0de8-11e7-991c-3863bb43a7d0,92,10,2,1,7,0,1,1,1,1791332835
2026-10-07T00:29:02+00:00,2026-10-07T00:29:24.371639+00:00,2131760674371160748,2131760674371160748,4,0,1,15,0,1,1,1,1791332801
2026-10-07T00:29:02+00:00,2026-10-07T00:29:24.371639+00:00,fe534b6f-61ad-47d3-b9f6-cdaa128f53a4,395,5,0,2,8,0,1,1,1,1791332839
2026-10-07T00:29:02+00:00,2026-10-07T00:29:24.371639+00:00,2123672938202825324,2123672938202825324,14,2,0,1,0,1,1,1,1791332838
2026-10-07T00:29:02+00:00,2026-10-07T00:29:24.371639+00:00,f835108b-0de8-11e7-991c-3863bb43a7d0,170,6,1,0,8,0,1,1,1,1791332844
2026-10-07T00:29:02+00:00,2026-10-07T00:29:24.371639+00:00,f8346f6f-0de8-11e7-991c-3863bb43a7d0,19,5,0,1,8,0,1,1,1,1791332849
2026-10-07T00:29:02+00:00,2026-10-07T00:29:24.371639+00:00,f834fc57-0de8-11e7-991c-3863bb43a7d0,140,11,3,3,3,0,1,1,1,1791332849
2026-10-07T00:29:02+00:00,2026-10-07T00:29:24.371639+00:00,f8350204-0de8-11e7-991c-3863bb43a7d0,151,1,0,0,18,0,1,1,1,1791332854
2026-10-07T00:29:02+00:00,2026-10-07T00:29:24.371639+00:00,0daf7408-7a15-4d2b-8c39-f1a097cdbe85,403,8,2,0,7,0,1,1,1,1791332851
2026-10-07T00:29:02+00:00,2026-10-07T00:29:24.371639+00:00,52485851-e554-49de-ab9f-f536806d2d34,52485851-e554-49de-ab9f-f536806d2d34,4,1,0,6,0,1,1,1,1791332855
2026-10-07T00:29:02+00:00,2026-10-07T00:29:24.371639+00:00,8347c34d-68df-404b-ac58-7a387cc3ce4b,414,9,2,0,14,0,1,1,1,1791332853
2026-10-07T00:29:02+00:00,2026-10-07T00:29:24.371639+00:00,5bbdd12f-fec4-4741-9d5d-4a60834c5d02,377,5,2,0,14,0,1,1,1,1791332855
2026-10-07T00:29:02+00:00,2026-10-07T00:29:24.371639+00:00,d1c0b0c2-6e4c-424e-a946-a2a95a711633,422,7,1,0,8,0,1,1,1,1791332857
2026-10-07T00:29:02+00:00,2026-10-07T00:29:24.371639+00:00,1976642295079838524,1976642295079838524,4,0,1,6,0,1,1,1,1791332858
2026-10-07T00:29:02+00:00,2026-10-07T00:29:24.371639+00:00,2254164250455119196,2254164250455119196,8,7,0,7,0,1,1,1,1791332860
2026-10-07T00:29:02+00:00,2026-10-07T00:29:24.371639+00:00,f8349e56-0de8-11e7-991c-3863bb43a7d0,81,4,0,1,14,0,1,1,1,1791332861
2026-10-07T00:29:02+00:00,2026-10-07T00:29:24.371639+00:00,f8351eb0-0de8-11e7-991c-3863bb43a7d0,190,32,2,1,4,0,1,1,1,1791332863
2026-10-07T00:29:02+00:00,2026-10-07T00:29:24.371639+00:00,f8350a84-0de8-11e7-991c-3863bb43a7d0,157,0,0,0,15,0,1,1,1,1791332864
2026-10-07T00:29:02+00:00,2026-10-07T00:29:24.371639+00:00,2040842277416872172,2040842277416872172,0,0,1,15,0,1,1,1,1791332866
2026-10-07T00:29:02+00:00,2026-10-07T00:29:24.371639+00:00,f8349ed6-0de8-11e7-991c-3863bb43a7d0,82,9,6,0,16,0,1,1,1,1791332868
2026-10-07T00:29:02+00:00,2026-10-07T00:29:24.371639+00:00,53548ba4-ad0a-4d92-8e57-fd5c9f3ad102,399,4,0,0,11,0,1,1,1,1791332868
2026-10-07T00:29:02+00:00,2026-10-07T00:29:24.371639+00:00,f834ba08-0de8-11e7-991c-3863bb43a7d0,108,0,0,0,16,0,1,1,1,1791332865
2026-10-07T00:29:02+00:00,2026-10-07T00:29:24.371639+00:00,5f8ced09-665c-41e5-b67e-1e58fac21830,521,3,0,0,8,0,1,1,1,1791332867
2026-10-07T00:29:02+00:00,2026-10-07T00:29:24.371639+00:00,81bfc33b-30d8-4881-b261-712715a8b2bc,363,3,0,0,14,1,1,1,1,1791332873
2026-10-07T00:29:02+00:00,2026-10-07T00:29:24.371639+00:00,2014558273483754010,2014558273483754010,13,3,0,6,0,1,1,1,1791332872
2026-10-07T00:29:02+00:00,2026-10-07T00:29:24.371639+00:00,be18593a-9e4c-4a13-8bb2-a5bac3d9b2b3,547,11,3,0,7,0,1,1,1,1791332874
2026-10-07T00:29:02+00:00,2026-10-07T00:29:24.371639+00:00,2118368356250680236,2118368356250680236,0,0,0,16,0,1,1,1,1791332870
2026-10-07T00:29:02+00:00,2026-10-07T00:29:24.371639+00:00,f8352068-0de8-11e7-991c-3863bb43a7d0,194,10,2,0,9,0,1,1,1,1791332879
2026-10-07T00:29:02+00:00,2026-10-07T00:29:24.371639+00:00,f83483f3-0de8-11e7-991c-3863bb43a7d0,46,14,0,1,24,0,1,1,1,1791332877
2026-10-07T00:29:02+00:00,2026-10-07T00:29:24.371639+00:00,f714390d-6874-43fa-a079-a07f83c79c7b,f714390d-6874-43fa-a079-a07f83c79c7b,8,1,0,3,0,1,1,1,1791332875
2026-10-07T00:29:02+00:00,2026-10-07T00:29:24.371639+00:00,f8352ac4-0de8-11e7-991c-3863bb43a7d0,213,0,0,2,12,0,1,1,1,1791332882
2026-10-07T00:29:02+00:00,2026-10-07T00:29:24.371639+00:00,f834a7d1-0de8-11e7-991c-3863bb43a7d0,91,6,0,0,13,0,1,1,1,1791332883
2026-10-07T00:29:02+00:00,2026-10-07T00:29:24.371639+00:00,f834b99d-0de8-11e7-991c-3863bb43a7d0,107,1,0,0,17,0,1,1,1,1791332884
2026-10-07T00:29:02+00:00,2026-10-07T00:29:24.371639+00:00,6e340d8e-45db-4fd9-b6eb-b74ec73b0d3e,535,8,3,1,6,0,1,1,1,1791332880
2026-10-07T00:29:02+00:00,2026-10-07T00:29:24.371639+00:00,f834ab92-0de8-11e7-991c-3863bb43a7d0,95,14,0,1,0,0,1,1,1,1791332890
2026-10-07T00:29:02+00:00,2026-10-07T00:29:24.371639+00:00,9cc65d3d-cfcc-45ff-8f75-7264556b1cf9,9cc65d3d-cfcc-45ff-8f75-7264556b1cf9,19,6,0,0,0,1,1,1,1791332890
2026-10-07T00:29:02+00:00,2026-10-07T00:29:24.371639+00:00,f834ea45-0de8-11e7-991c-3863bb43a7d0,130,8,1,0,7,0,1,1,1,1791332890
2026-10-07T00:29:02+00:00,2026-10-07T00:29:24.371639+00:00,12d463d2-ce50-43bd-81b1-6be4dbdbbc1b,430,13,4,0,6,0,1,1,1,1791332890
2026-10-07T00:29:02+00:00,2026-10-07T00:29:24.371639+00:00,2129865213174084448,2129865213174084448,2,0,0,17,0,1,1,1,1791332891
2026-10-07T00:29:02+00:00,2026-10-07T00:29:24.371639+00:00,f8285d4f-5053-4e26-bb28-72016fe11353,405,10,0,0,9,0,1,1,1,1791332893
2026-10-07T00:29:02+00:00,2026-10-07T00:29:24.371639+00:00,f83520d8-0de8-11e7-991c-3863bb43a7d0,195,13,1,1,9,0,1,1,1,1791332893
2026-10-07T00:29:02+00:00,2026-10-07T00:29:24.371639+00:00,9340e113-e0b2-48ac-b58a-8b6f001b0a94,486,4,1,0,7,0,1,1,1,1791332892
2026-10-07T00:29:02+00:00,2026-10-07T00:29:24.371639+00:00,f834658f-0de8-11e7-991c-3863bb43a7d0,4,16,2,1,2,0,1,1,1,1791332894
2026-10-07T00:29:02+00:00,2026-10-07T00:29:24.371639+00:00,bd1755dc-f26c-420e-85b3-fd025d0b5445,554,5,1,2,8,0,1,1,1,1791332890
2026-10-07T00:29:02+00:00,2026-10-07T00:29:24.371639+00:00,9c8366d8-3b58-4894-b281-09e22f6fe5f7,464,3,0,0,8,0,1,1,1,1791332894
2026-10-07T00:29:02+00:00,2026-10-07T00:29:24.371639+00:00,228b8017-e4da-4722-9223-b8279a14b8ad,448,3,3,0,7,0,1,1,1,1791332894
2026-10-07T00:29:02+00:00,2026-10-07T00:29:24.371639+00:00,c5017e67-cada-4549-a52e-0f13dddd289d,424,10,6,0,9,0,1,1,1,1791332886
2026-10-07T00:29:02+00:00,2026-10-07T00:29:24.371639+00:00,2d32e355-faee-407b-9bb7-45d80ffb059a,2d32e355-faee-407b-9bb7-45d80ffb059a,0,0,1,18,0,1,1,1,1791332887
2026-10-07T00:29:02+00:00,2026-10-07T00:29:24.371639+00:00,2109111257926871498,2109111257926871498,10,2,1,8,0,1,1,1,1791332889
2026-10-07T00:29:02+00:00,2026-10-07T00:29:24.371639+00:00,f83471a1-0de8-11e7-991c-3863bb43a7d0,23,0,0,0,24,1,1,1,1,1791332897
2026-10-07T00:29:02+00:00,2026-10-07T00:29:24.371639+00:00,2093488029445054742,2093488029445054742,12,1,1,15,0,1,1,1,1791332898
2026-10-07T00:29:02+00:00,2026-10-07T00:29:24.371639+00:00,f8351dc2-0de8-11e7-991c-3863bb43a7d0,188,15,3,0,0,0,1,1,1,1791332896
2026-10-07T00:29:02+00:00,2026-10-07T00:29:24.371639+00:00,1676a6f7-c417-48d2-92e8-5ce21995efc3,374,1,0,0,17,0,1,1,1,1791332897
2026-10-07T00:29:02+00:00,2026-10-07T00:29:24.371639+00:00,13d4171b-6d93-490e-923f-f2a17d5c7613,13d4171b-6d93-490e-923f-f2a17d5c7613,2,1,3,6,0,1,1,1,1791332896
2026-10-07T00:29:02+00:00,2026-10-07T00:29:24.371639+00:00,1989983491501558234,1989983491501558234,2,0,0,9,0,1,1,1,1791332896
2026-10-07T00:29:02+00:00,2026-10-07T00:29:24.371639+00:00,ad2fb6f2-921f-440c-83de-08be76e35c2a,468,3,0,1,10,0,1,1,1,1791332896
2026-10-07T00:29:02+00:00,2026-10-07T00:29:24.371639+00:00,f834ec42-0de8-11e7-991c-3863bb43a7d0,131,10,0,1,7,0,1,1,1,1791332896
2026-10-07T00:29:02+00:00,2026-10-07T00:29:24.371639+00:00,4c128753-6fde-4d4c-896e-a1adf89ada98,4c128753-6fde-4d4c-896e-a1adf89ada98,0,0,1,23,1,1,1,1,1791332897
2026-10-07T00:29:02+00:00,2026-10-07T00:29:24.371639+00:00,f8351490-0de8-11e7-991c-3863bb43a7d0,179,33,4,0,18,1,1,1,1,1791332897
2026-10-07T00:29:02+00:00,2026-10-07T00:29:24.371639+00:00,eb8824c3-9c84-4fec-8d6f-d537c8ab3beb,349,12,9,2,2,1,1,1,1,1791332903
2026-10-07T00:29:02+00:00,2026-10-07T00:29:24.371639+00:00,4f25f6ef-236b-43b4-8a92-68a24db0504b,4f25f6ef-236b-43b4-8a92-68a24db0504b,12,6,1,1,0,1,1,1,1791332901
2026-10-07T00:29:02+00:00,2026-10-07T00:29:24.371639+00:00,065e0e5d-8a0d-49b7-9c1f-c8eaba51a8b4,490,12,4,1,5,0,1,1,1,1791332901
2026-10-07T00:29:02+00:00,2026-10-07T00:29:24.371639+00:00,186accbb-6a08-4e1d-b267-9033c4443a56,401,10,2,1,4,0,1,1,1,1791332901
2026-10-07T00:29:02+00:00,2026-10-07T00:29:24.371639+00:00,2249419943962214726,2249419943962214726,2,1,1,16,0,1,1,1,1791332906
2026-10-07T00:29:02+00:00,2026-10-07T00:29:24.371639+00:00,f834824e-0de8-11e7-991c-3863bb43a7d0,43,0,0,0,15,0,1,1,1,1791332903
2026-10-07T00:29:02+00:00,2026-10-07T00:29:24.371639+00:00,2038981933682610536,2038981933682610536,5,0,0,11,0,1,1,1,1791332903
2026-10-07T00:29:02+00:00,2026-10-07T00:29:24.371639+00:00,f83512c9-0de8-11e7-991c-3863bb43a7d0,175,4,2,0,13,0,1,1,1,1791332900
2026-10-07T00:29:02+00:00,2026-10-07T00:29:24.371639+00:00,f834caf2-0de8-11e7-991c-3863bb43a7d0,114,6,2,0,9,0,1,1,1,1791332901
2026-10-07T00:29:02+00:00,2026-10-07T00:29:24.371639+00:00,f8352378-0de8-11e7-991c-3863bb43a7d0,200,14,0,0,5,0,1,1,1,1791332901
2026-10-07T00:29:02+00:00,2026-10-07T00:29:24.371639+00:00,f835260c-0de8-11e7-991c-3863bb43a7d0,206,1,1,0,39,0,1,1,1,1791332901
2026-10-07T00:29:02+00:00,2026-10-07T00:29:24.371639+00:00,2271594282663217386,2271594282663217386,2,2,0,9,0,1,1,1,1791332901
2026-10-07T00:29:02+00:00,2026-10-07T00:29:24.371639+00:00,f834fede-0de8-11e7-991c-3863bb43a7d0,144,6,0,0,13,0,1,1,1,1791332907
2026-10-07T00:29:02+00:00,2026-10-07T00:29:24.371639+00:00,2130224177726511580,2130224177726511580,7,0,0,8,0,1,1,1,1791332907
2026-10-07T00:29:02+00:00,2026-10-07T00:29:24.371639+00:00,a75d3da1-ce74-447f-8e80-52506a81aff3,a75d3da1-ce74-447f-8e80-52506a81aff3,8,7,0,3,0,1,1,1,1791332904
2026-10-07T00:29:02+00:00,2026-10-07T00:29:24.371639+00:00,f8347b1e-0de8-11e7-991c-3863bb43a7d0,30,0,0,0,15,0,1,1,1,1791332908
2026-10-07T00:29:02+00:00,2026-10-07T00:29:24.371639+00:00,2098360140389493528,2098360140389493528,6,5,3,2,0,1,1,1,1791332909
2026-10-07T00:29:02+00:00,2026-10-07T00:29:24.371639+00:00,c1789d39-705f-4c03-9c14-4d6a3a4f4400,561,0,0,0,19,0,1,1,1,1791332909
2026-10-07T00:29:02+00:00,2026-10-07T00:29:24.371639+00:00,f8351726-0de8-11e7-991c-3863bb43a7d0,185,1,0,2,12,0,1,1,1,1791332909
2026-10-07T00:29:02+00:00,2026-10-07T00:29:24.371639+00:00,2002579415401984808,2002579415401984808,5,0,0,6,0,1,1,1,1791332909
2026-10-07T00:29:02+00:00,2026-10-07T00:29:24.371639+00:00,2151136782588526782,2151136782588526782,8,1,1,2,0,1,1,1,1791332910
2026-10-07T00:29:02+00:00,2026-10-07T00:29:24.371639+00:00,2071630998981871920,2071630998981871920,13,7,0,7,0,1,1,1,1791332815
2026-10-07T00:29:02+00:00,2026-10-07T00:29:24.371639+00:00,2212663228188806942,2212663228188806942,6,0,0,18,0,1,1,1,1791332910
2026-10-07T00:29:02+00:00,2026-10-07T00:29:24.371639+00:00,eee3aab6-bd98-4d1f-8887-9c4e2adce482,eee3aab6-bd98-4d1f-8887-9c4e2adce482,9,3,2,0,0,1,1,1,1791332908
2026-10-07T00:29:02+00:00,2026-10-07T00:29:24.371639+00:00,2007420398783036020,2007420398783036020,3,0,0,17,0,1,1,1,1791332915
2026-10-07T00:29:02+00:00,2026-10-07T00:29:24.371639+00:00,0b0467c1-0c90-4529-a556-fe4d57835bbb,435,13,12,0,1,1,1,1,1,1791332916
2026-10-07T00:29:02+00:00,2026-10-07T00:29:24.371639+00:00,47c44bb1-d065-41f5-ad79-c18aee60af34,342,8,1,1,6,0,1,1,1,1791332915
2026-10-07T00:29:02+00:00,2026-10-07T00:29:24.371639+00:00,1978882443666915710,1978882443666915710,12,0,0,5,1,1,1,1,1791332913
2026-10-07T00:29:02+00:00,2026-10-07T00:29:24.371639+00:00,f83480a9-0de8-11e7-991c-3863bb43a7d0,40,27,0,0,4,0,1,1,1,1791332912
2026-10-07T00:29:02+00:00,2026-10-07T00:29:24.371639+00:00,4fe8e777-345b-4fc2-a684-dd874e8186d8,4fe8e777-345b-4fc2-a684-dd874e8186d8,7,3,1,7,0,1,1,1,1791332913
2026-10-07T00:29:02+00:00,2026-10-07T00:29:24.371639+00:00,7df1ee28-441e-44c1-8507-8f58946be96b,239,11,3,1,3,0,1,1,1,1791332913
2026-10-07T00:29:02+00:00,2026-10-07T00:29:24.371639+00:00,c202f2ca-ec1d-4dc5-a734-e0a342f23ba4,279,18,1,1,3,0,1,1,1,1791332912
2026-10-07T00:29:02+00:00,2026-10-07T00:29:24.371639+00:00,2002248857751890568,2002248857751890568,9,8,0,2,0,1,1,1,1791332915
2026-10-07T00:29:02+00:00,2026-10-07T00:29:24.371639+00:00,a3bf0bfe-198b-4160-a2fb-cc7d10cfb4cf,a3bf0bfe-198b-4160-a2fb-cc7d10cfb4cf,6,0,0,13,0,1,1,1,1791332915
2026-10-07T00:29:02+00:00,2026-10-07T00:29:24.371639+00:00,2076849845777355316,2076849845777355316,23,5,4,2,3,1,1,1,1791332912
2026-10-07T00:29:02+00:00,2026-10-07T00:29:24.371639+00:00,fe6a64e7-c712-404c-85ae-ee77a37245b1,355,7,1,1,9,0,1,1,1,1791332911
2026-10-07T00:29:02+00:00,2026-10-07T00:29:24.371639+00:00,00802fe6-4268-4dc8-8f55-0dbbc1665ce6,515,7,0,1,11,0,1,1,1,1791332911
2026-10-07T00:29:02+00:00,2026-10-07T00:29:24.371639+00:00,ca76adb6-4c84-4484-9ec3-b411b81ddbef,ca76adb6-4c84-4484-9ec3-b411b81ddbef,4,1,2,13,0,1,1,1,1791332913
2026-10-07T00:29:02+00:00,2026-10-07T00:29:24.371639+00:00,f83489ff-0de8-11e7-991c-3863bb43a7d0,59,1,0,1,16,1,1,1,1,1791332913
2026-10-07T00:29:02+00:00,2026-10-07T00:29:24.371639+00:00,a83f982f-a4f1-43e4-98e8-c8f4a0bb7290,452,14,1,0,1,0,1,1,1,1791332916
2026-10-07T00:29:02+00:00,2026-10-07T00:29:24.371639+00:00,2245672241002318634,2245672241002318634,4,3,1,13,0,1,1,1,1791332914
2026-10-07T00:29:02+00:00,2026-10-07T00:29:24.371639+00:00,2035660824473983142,2035660824473983142,9,0,0,10,0,1,1,1,1791332916
2026-10-07T00:29:02+00:00,2026-10-07T00:29:24.371639+00:00,74cb9bf6-bb53-4c70-88d2-67998b99628c,296,18,2,1,4,0,1,1,1,1791332918
2026-10-07T00:29:02+00:00,2026-10-07T00:29:24.371639+00:00,403c0f6c-d01a-4171-a7be-3aa4dbb0d7d1,407,5,4,1,12,0,1,1,1,1791332918
2026-10-07T00:29:02+00:00,2026-10-07T00:29:24.371639+00:00,f0f01d4c-ba4a-4ab2-9cc0-9fa1f9223300,394,6,3,0,8,0,1,1,1,1791332918
2026-10-07T00:29:02+00:00,2026-10-07T00:29:24.371639+00:00,2212258635631104970,2212258635631104970,12,3,0,11,0,1,1,1,1791332918
2026-10-07T00:29:02+00:00,2026-10-07T00:29:24.371639+00:00,1df03e33-c105-4e53-b013-d20056cd57f8,1df03e33-c105-4e53-b013-d20056cd57f8,0,0,0,0,0,0,0,0,86400
2026-10-07T00:29:02+00:00,2026-10-07T00:29:24.371639+00:00,2039109354743046934,2039109354743046934,10,1,2,7,1,1,1,1,1791332681
2026-10-07T00:29:02+00:00,2026-10-07T00:29:24.371639+00:00,f83511d4-0de8-11e7-991c-3863bb43a7d0,173,7,0,0,6,1,1,1,1,1791332749
2026-10-07T00:29:02+00:00,2026-10-07T00:29:24.371639+00:00,1a661bb7-7d14-49e9-ac3d-22bafec8a2f0,507,4,2,1,6,0,1,1,1,1791332820
2026-10-07T00:29:02+00:00,2026-10-07T00:29:24.371639+00:00,f83517fa-0de8-11e7-991c-3863bb43a7d0,187,11,4,0,4,0,1,1,1,1791332821
2026-10-07T00:29:02+00:00,2026-10-07T00:29:24.371639+00:00,f835288a-0de8-11e7-991c-3863bb43a7d0,208,10,0,0,5,0,1,1,1,1791332817
2026-10-07T00:29:02+00:00,2026-10-07T00:29:24.371639+00:00,f8346803-0de8-11e7-991c-3863bb43a7d0,8,11,4,0,8,0,1,1,1,1791332819
2026-10-07T00:29:02+00:00,2026-10-07T00:29:24.371639+00:00,f8346d23-0de8-11e7-991c-3863bb43a7d0,15,11,4,0,4,0,1,1,1,1791332822
2026-10-07T00:29:02+00:00,2026-10-07T00:29:24.371639+00:00,f8352534-0de8-11e7-991c-3863bb43a7d0,204,6,1,0,9,0,1,1,1,1791332824
2026-10-07T00:29:02+00:00,2026-10-07T00:29:24.371639+00:00,8a404180-7c2e-4dbe-9489-c478ed959282,8a404180-7c2e-4dbe-9489-c478ed959282,5,0,3,11,0,1,1,1,1791332825
2026-10-07T00:29:02+00:00,2026-10-07T00:29:24.371639+00:00,2043911250700610106,2043911250700610106,2,1,0,13,0,1,1,1,1791332815
2026-10-07T00:29:02+00:00,2026-10-07T00:29:24.371639+00:00,f83482d2-0de8-11e7-991c-3863bb43a7d0,44,2,0,0,29,0,1,1,1,1791332816
2026-10-07T00:29:02+00:00,2026-10-07T00:29:24.371639+00:00,2014865445230483952,2014865445230483952,13,0,0,4,0,1,1,1,1791332811
2026-10-07T00:29:02+00:00,2026-10-07T00:29:24.371639+00:00,8d893519-bc21-4536-b346-f558988bc8ad,260,10,0,1,4,0,1,1,1,1791332811
2026-10-07T00:29:02+00:00,2026-10-07T00:29:24.371639+00:00,f83492b4-0de8-11e7-991c-3863bb43a7d0,66,7,2,1,7,0,1,1,1,1791332811
2026-10-07T00:29:02+00:00,2026-10-07T00:29:24.371639+00:00,1963613484180639992,1963613484180639992,13,1,0,6,0,1,1,1,1791332829
2026-10-07T00:29:02+00:00,2026-10-07T00:29:24.371639+00:00,1e1b40cd-8e00-4b74-b147-be6b23f5c9e7,385,0,0,0,15,0,1,1,1,1791332830
2026-10-07T00:29:02+00:00,2026-10-07T00:29:24.371639+00:00,2246034666940677832,2246034666940677832,5,0,0,6,0,1,1,1,1791332837
2026-10-07T00:29:02+00:00,2026-10-07T00:29:24.371639+00:00,868ccc83-99e5-4faf-96eb-e1fae26b9741,481,3,0,1,15,0,1,1,1,1791332835
2026-10-07T00:29:02+00:00,2026-10-07T00:29:24.371639+00:00,f834b101-0de8-11e7-991c-3863bb43a7d0,97,4,0,0,14,1,1,1,1,1791332838
2026-10-07T00:29:02+00:00,2026-10-07T00:29:24.371639+00:00,f2b83aa2-86cd-4904-a099-74bf2023f768,330,7,0,1,7,0,1,1,1,1791332842
2026-10-07T00:29:02+00:00,2026-10-07T00:29:24.371639+00:00,f8350cc1-0de8-11e7-991c-3863bb43a7d0,162,0,0,0,15,0,1,1,1,1791332841
2026-10-07T00:29:02+00:00,2026-10-07T00:29:24.371639+00:00,e4678b17-face-42c3-9b5f-98418d31e3b6,e4678b17-face-42c3-9b5f-98418d31e3b6,9,3,0,2,0,1,1,1,1791332842
2026-10-07T00:29:02+00:00,2026-10-07T00:29:24.371639+00:00,1986302395589722758,1986302395589722758,7,1,0,3,0,1,1,1,1791332840
2026-10-07T00:29:02+00:00,2026-10-07T00:29:24.371639+00:00,f8352b39-0de8-11e7-991c-3863bb43a7d0,214,8,0,0,5,1,1,1,1,1791332843
2026-10-07T00:29:02+00:00,2026-10-07T00:29:24.371639+00:00,b205d2bb-bb76-49ac-8d14-85eec5a874d3,343,7,1,1,7,0,1,1,1,1791332848
2026-10-07T00:29:02+00:00,2026-10-07T00:29:24.371639+00:00,aa964f5b-fadf-4fc1-8c91-84ee36e15f0d,341,13,0,0,2,0,1,1,1,1791332845
2026-10-07T00:29:02+00:00,2026-10-07T00:29:24.371639+00:00,c5cfd1ed-aa44-4e20-96bb-e334c96f0d68,376,7,0,0,8,0,1,1,1,1791332845
2026-10-07T00:29:02+00:00,2026-10-07T00:29:24.371639+00:00,f8352ba8-0de8-11e7-991c-3863bb43a7d0,215,4,2,0,11,0,1,1,1,1791332846
2026-10-07T00:29:02+00:00,2026-10-07T00:29:24.371639+00:00,ef6ef93b-488f-496b-afbf-3aedfd967129,517,8,4,0,7,0,1,1,1,1791332849
2026-10-07T00:29:02+00:00,2026-10-07T00:29:24.371639+00:00,888780ee-bf2f-474e-9622-6bc725aa1b00,888780ee-bf2f-474e-9622-6bc725aa1b00,2,0,4,5,0,1,1,1,1791332846
2026-10-07T00:29:02+00:00,2026-10-07T00:29:24.371639+00:00,0208190e-851c-417d-8bc7-1b218db97fbf,0208190e-851c-417d-8bc7-1b218db97fbf,0,0,0,23,0,1,1,1,1791332844
2026-10-07T00:29:02+00:00,2026-10-07T00:29:24.371639+00:00,fbc512a5-4b98-4821-bcfb-bb0c7ac83543,365,0,0,0,19,0,1,1,1,1791332845
2026-10-07T00:29:02+00:00,2026-10-07T00:29:24.371639+00:00,ea65c25f-0718-4f79-8588-c58b9fe3a105,226,13,1,1,0,1,1,1,1,1791332855
2026-10-07T00:29:02+00:00,2026-10-07T00:29:24.371639+00:00,56817d8e-3a1c-431a-a529-1a600f80c364,366,9,2,1,17,0,1,1,1,1791332854
2026-10-07T00:29:02+00:00,2026-10-07T00:29:24.371639+00:00,6aebc664-1e3c-479f-8f65-2bae99215ed3,6aebc664-1e3c-479f-8f65-2bae99215ed3,9,3,0,2,0,1,1,1,1791332856
2026-10-07T00:29:02+00:00,2026-10-07T00:29:24.371639+00:00,f8347c41-0de8-11e7-991c-3863bb43a7d0,32,3,0,2,9,0,1,1,1,1791332854
2026-10-07T00:29:02+00:00,2026-10-07T00:29:24.371639+00:00,9bfa4a32-5598-46ea-a1a1-17b4c6ed9d84,431,11,3,0,4,0,1,1,1,1791332854
2026-10-07T00:29:02+00:00,2026-10-07T00:29:24.371639+00:00,2145094035874873892,2145094035874873892,7,0,1,11,0,1,1,1,1791332855
2026-10-07T00:29:02+00:00,2026-10-07T00:29:24.371639+00:00,2088704000370565344,2088704000370565344,2,0,2,8,0,1,1,1,1791332852
2026-10-07T00:29:02+00:00,2026-10-07T00:29:24.371639+00:00,2227858849424910006,2227858849424910006,7,2,0,1,0,1,1,1,1791332852
2026-10-07T00:29:02+00:00,2026-10-07T00:29:24.371639+00:00,81323081-749c-44cf-ac62-0e6c64305c32,461,10,2,0,0,0,1,1,1,1791332854
2026-10-07T00:29:02+00:00,2026-10-07T00:29:24.371639+00:00,a6e0db4f-fc9b-42af-bfe0-36cc0259b717,446,1,0,3,12,0,1,1,1,1791332861
2026-10-07T00:29:02+00:00,2026-10-07T00:29:24.371639+00:00,7e1dae55-4d3d-4a41-b969-2aeca70e0e69,7e1dae55-4d3d-4a41-b969-2aeca70e0e69,9,1,0,2,0,1,1,1,1791332862
2026-10-07T00:29:02+00:00,2026-10-07T00:29:24.371639+00:00,61168d8b-20b7-46c8-8f08-6ae1f100c4e0,550,5,1,1,11,0,1,1,1,1791332862
2026-10-07T00:29:02+00:00,2026-10-07T00:29:24.371639+00:00,2090158541932726550,2090158541932726550,7,0,0,8,0,1,1,1,1791332857
2026-10-07T00:29:02+00:00,2026-10-07T00:29:24.371639+00:00,380de8b2-2728-4e4b-83f1-251bfbb5acf2,487,13,5,1,5,0,1,1,1,1791332863
2026-10-07T00:29:02+00:00,2026-10-07T00:29:24.371639+00:00,2090635592862466836,2090635592862466836,9,0,2,19,1,1,1,1,1791332863
2026-10-07T00:29:02+00:00,2026-10-07T00:29:24.371639+00:00,ccf82572-a142-4378-9a4b-5a51fcb4ef81,350,8,1,0,9,0,1,1,1,1791332875
2026-10-07T00:29:02+00:00,2026-10-07T00:29:24.371639+00:00,f8346ad7-0de8-11e7-991c-3863bb43a7d0,11,0,0,3,12,0,1,1,1,1791332875
2026-10-07T00:29:02+00:00,2026-10-07T00:29:24.371639+00:00,f8350ecf-0de8-11e7-991c-3863bb43a7d0,167,10,7,0,5,0,1,1,1,1791332877
2026-10-07T00:29:02+00:00,2026-10-07T00:29:24.371639+00:00,dede6d5f-7d62-496e-a8ca-d5a64afe39c1,544,9,2,0,6,0,1,1,1,1791332878
2026-10-07T00:29:02+00:00,2026-10-07T00:29:24.371639+00:00,d8ce5f8b-2440-45e1-ab1c-23cb3bcbde84,527,3,1,0,10,0,1,1,1,1791332875
2026-10-07T00:29:02+00:00,2026-10-07T00:29:24.371639+00:00,2119105928286481344,2119105928286481344,8,1,0,11,0,1,1,1,1791332875
2026-10-07T00:29:02+00:00,2026-10-07T00:29:24.371639+00:00,2141791438824588162,2141791438824588162,8,0,0,11,0,1,1,1,1791332874
2026-10-07T00:29:02+00:00,2026-10-07T00:29:24.371639+00:00,f834cfd8-0de8-11e7-991c-3863bb43a7d0,117,1,1,4,10,1,1,1,1,1791332866
2026-10-07T00:29:02+00:00,2026-10-07T00:29:24.371639+00:00,d22265a8-a6d7-4922-a6b5-4be738a9e5c4,392,14,10,0,1,0,1,1,1,1791332865
2026-10-07T00:29:02+00:00,2026-10-07T00:29:24.371639+00:00,f834723b-0de8-11e7-991c-3863bb43a7d0,24,0,0,1,22,0,1,1,1,1791332866
2026-10-07T00:29:02+00:00,2026-10-07T00:29:24.371639+00:00,51bb4381-dae4-4aeb-b213-0614b807be29,344,5,2,2,12,0,1,1,1,1791332863
2026-10-07T00:29:02+00:00,2026-10-07T00:29:24.371639+00:00,23146f28-9762-4a6d-a6db-fcd4ff0e5d07,356,14,0,0,9,0,1,1,1,1791332863
2026-10-07T00:29:02+00:00,2026-10-07T00:29:24.371639+00:00,7f68a70d-af0e-450a-b7a8-ce621cd0c8c1,280,7,1,1,11,0,1,1,1,1791332873
2026-10-07T00:29:02+00:00,2026-10-07T00:29:24.371639+00:00,d5349097-b478-4b3f-9c46-d8fbcf38e3f4,509,8,0,0,4,0,1,1,1,1791332871
2026-10-07T00:29:02+00:00,2026-10-07T00:29:24.371639+00:00,8b97606e-a849-4db8-ae9b-4009fe48d90b,556,8,1,0,11,0,1,1,1,1791332870
2026-10-07T00:29:02+00:00,2026-10-07T00:29:24.371639+00:00,2118728866631796788,2118728866631796788,8,1,0,7,0,1,1,1,1791332872
2026-10-07T00:29:02+00:00,2026-10-07T00:29:24.371639+00:00,9721c80e-fc8f-474f-8918-b68c041d2836,9721c80e-fc8f-474f-8918-b68c041d2836,1,1,1,21,0,1,1,1,1791332894
2026-10-07T00:29:02+00:00,2026-10-07T00:29:24.371639+00:00,2270212773802111256,2270212773802111256,5,2,0,14,0,1,1,1,1791332894
2026-10-07T00:29:02+00:00,2026-10-07T00:29:24.371639+00:00,2087949096844032050,2087949096844032050,4,0,0,11,0,1,1,1,1791332895
2026-10-07T00:29:02+00:00,2026-10-07T00:29:24.371639+00:00,f834708e-0de8-11e7-991c-3863bb43a7d0,21,1,0,0,16,0,1,1,1,1791332895
2026-10-07T00:29:02+00:00,2026-10-07T00:29:24.371639+00:00,2110984374959099994,2110984374959099994,3,1,0,17,0,1,1,1,1791332890
2026-10-07T00:29:02+00:00,2026-10-07T00:29:24.371639+00:00,2040842870122359032,2040842870122359032,0,0,1,19,0,1,1,1,1791332892
2026-10-07T00:29:02+00:00,2026-10-07T00:29:24.371639+00:00,903b9b5d-4244-43e4-8441-0d17f9a994f7,528,0,0,0,11,0,1,1,1,1791332893
2026-10-07T00:29:02+00:00,2026-10-07T00:29:24.371639+00:00,2270454512964591136,2270454512964591136,0,0,0,19,0,1,1,1,1791332893
2026-10-07T00:29:02+00:00,2026-10-07T00:29:24.371639+00:00,2249415127458891992,2249415127458891992,13,0,0,2,0,1,1,1,1791332893
2026-10-07T00:29:02+00:00,2026-10-07T00:29:24.371639+00:00,f834b8b3-0de8-11e7-991c-3863bb43a7d0,105,8,0,0,10,0,1,1,1,1791332891
2026-10-07T00:29:02+00:00,2026-10-07T00:29:24.371639+00:00,2027502297316997708,2027502297316997708,6,0,0,5,0,1,1,1,1791332891
2026-10-07T00:29:02+00:00,2026-10-07T00:29:24.371639+00:00,f83491d4-0de8-11e7-991c-3863bb43a7d0,64,0,0,0,23,0,1,1,1,1791332905
2026-10-07T00:29:02+00:00,2026-10-07T00:29:24.371639+00:00,5b1d2661-8a93-4f14-b242-ebc52792f951,337,15,3,0,0,0,1,1,1,1791332906
2026-10-07T00:29:02+00:00,2026-10-07T00:29:24.371639+00:00,2085737662370069102,2085737662370069102,12,0,0,6,1,1,1,1,1791332909
2026-10-07T00:29:02+00:00,2026-10-07T00:29:24.371639+00:00,f83497b9-0de8-11e7-991c-3863bb43a7d0,74,1,0,1,17,0,1,1,1,1791332911
2026-10-07T00:29:02+00:00,2026-10-07T00:29:24.371639+00:00,f83513a7-0de8-11e7-991c-3863bb43a7d0,177,1,0,1,17,0,1,1,1,1791332911
2026-10-07T00:29:02+00:00,2026-10-07T00:29:24.371639+00:00,f8347f09-0de8-11e7-991c-3863bb43a7d0,37,1,0,0,14,0,1,1,1,1791332910
2026-10-07T00:29:02+00:00,2026-10-07T00:29:24.371639+00:00,f8347e78-0de8-11e7-991c-3863bb43a7d0,36,16,0,1,14,0,1,1,1,1791332907
2026-10-07T00:29:02+00:00,2026-10-07T00:29:24.371639+00:00,ff938129-8179-455c-9ac9-9fcb9fc0b6d5,ff938129-8179-455c-9ac9-9fcb9fc0b6d5,9,4,1,9,0,1,1,1,1791332909
2026-10-07T00:29:02+00:00,2026-10-07T00:29:24.371639+00:00,8983c75a-12c1-4995-aedc-24c94bd895e3,384,0,0,0,19,0,1,1,1,1791332908
2026-10-07T00:29:02+00:00,2026-10-07T00:29:24.371639+00:00,1965873511294959658,1965873511294959658,4,0,0,19,0,1,1,1,1791332908
2026-10-07T00:29:02+00:00,2026-10-07T00:29:24.371639+00:00,f8347ccd-0de8-11e7-991c-3863bb43a7d0,33,15,0,0,12,0,1,1,1,1791332910
2026-10-07T00:29:02+00:00,2026-10-07T00:29:24.371639+00:00,f8351f1d-0de8-11e7-991c-3863bb43a7d0,191,7,0,1,8,0,1,1,1,1791332883
2026-10-07T00:29:02+00:00,2026-10-07T00:29:24.371639+00:00,f834c7a9-0de8-11e7-991c-3863bb43a7d0,112,6,0,0,9,0,1,1,1,1791332883
2026-10-07T00:29:02+00:00,2026-10-07T00:29:24.371639+00:00,2085366936904166272,2085366936904166272,8,2,2,5,0,1,1,1,1791332879
2026-10-07T00:29:02+00:00,2026-10-07T00:29:24.371639+00:00,f9524971-e9f9-4572-aebc-580e48de042f,f9524971-e9f9-4572-aebc-580e48de042f,11,1,0,8,0,1,1,1,1791332881
2026-10-07T00:29:02+00:00,2026-10-07T00:29:24.371639+00:00,1994466222105870452,1994466222105870452,8,5,2,1,0,1,1,1,1791332879
2026-10-07T00:29:02+00:00,2026-10-07T00:29:24.371639+00:00,f8349b20-0de8-11e7-991c-3863bb43a7d0,76,16,0,0,0,0,1,1,1,1791332881
2026-10-07T00:29:02+00:00,2026-10-07T00:29:24.371639+00:00,68e5e79a-3c94-4848-b619-9c0829d7f687,475,15,9,0,0,0,1,1,1,1791332883
2026-10-07T00:29:02+00:00,2026-10-07T00:29:24.371639+00:00,ad2cf74c-0e8c-4e15-8f19-2259e8c82f0f,404,6,0,2,8,0,1,1,1,1791332884
2026-10-07T00:29:02+00:00,2026-10-07T00:29:24.371639+00:00,f834a8a0-0de8-11e7-991c-3863bb43a7d0,93,18,0,0,13,0,1,1,1,1791332881
2026-10-07T00:29:02+00:00,2026-10-07T00:29:24.371639+00:00,f8349440-0de8-11e7-991c-3863bb43a7d0,68,9,1,2,8,0,1,1,1,1791332878
2026-10-07T00:29:02+00:00,2026-10-07T00:29:24.371639+00:00,f834662c-0de8-11e7-991c-3863bb43a7d0,5,14,1,0,1,0,1,1,1,1791332882
2026-10-07T00:29:02+00:00,2026-10-07T00:29:24.371639+00:00,36f36eed-1070-49be-8b31-5676b8b3489f,227,1,0,1,17,0,1,1,1,1791332886
2026-10-07T00:29:02+00:00,2026-10-07T00:29:24.371639+00:00,f8352219-0de8-11e7-991c-3863bb43a7d0,197,9,2,0,6,0,1,1,1,1791332897
2026-10-07T00:29:02+00:00,2026-10-07T00:29:24.371639+00:00,25a9114f-66f0-427c-920f-5526ca84f056,346,15,1,0,0,0,1,1,1,1791332898
2026-10-07T00:29:02+00:00,2026-10-07T00:29:24.371639+00:00,fe90d430-d33f-48b2-a5cd-bc161b220939,553,9,0,0,14,0,1,1,1,1791332898
2026-10-07T00:29:02+00:00,2026-10-07T00:29:24.371639+00:00,baab0b05-a028-4147-8432-a2726c7e48ea,328,8,0,0,7,0,1,1,1,1791332898
2026-10-07T00:29:02+00:00,2026-10-07T00:29:24.371639+00:00,cf5f920f-b61d-4db0-b139-14aff04d577c,459,0,0,9,0,13,1,0,0,1791332899
2026-10-07T00:29:02+00:00,2026-10-07T00:29:24.371639+00:00,1994054629753598708,1994054629753598708,13,4,0,1,0,1,1,1,1791332899
2026-10-07T00:29:02+00:00,2026-10-07T00:29:24.371639+00:00,57716f8d-c9ee-4768-8872-71343ec3ffd8,514,12,4,3,4,0,1,1,1,1791332897
2026-10-07T00:29:02+00:00,2026-10-07T00:29:24.371639+00:00,270ad97d-035d-472a-9827-76d3187afc56,402,7,3,1,7,0,1,1,1,1791332898
2026-10-07T00:29:02+00:00,2026-10-07T00:29:24.371639+00:00,b6a8522d-296d-4c05-887d-842374520780,545,11,11,0,2,1,1,1,1,1791332894
2026-10-07T00:29:02+00:00,2026-10-07T00:29:24.371639+00:00,f834a959-0de8-11e7-991c-3863bb43a7d0,94,10,8,0,0,0,1,1,1,1791332901
2026-10-07T00:29:02+00:00,2026-10-07T00:29:24.371639+00:00,f834abfd-0de8-11e7-991c-3863bb43a7d0,96,6,0,2,11,0,1,1,1,1791332827
2026-10-07T00:29:02+00:00,2026-10-07T00:29:24.371639+00:00,90330e1a-dee5-4914-9d3f-3891aeca12ca,434,9,1,1,9,0,1,1,1,1791332904
2026-10-07T00:29:02+00:00,2026-10-07T00:29:24.371639+00:00,2259733531216984776,2259733531216984776,4,1,0,11,0,1,1,1,1791332903
2026-10-07T00:29:02+00:00,2026-10-07T00:29:24.371639+00:00,b34694c2-c640-4f70-b196-1c357ab798e0,b34694c2-c640-4f70-b196-1c357ab798e0,9,3,0,6,0,1,1,1,1791332903
2026-10-07T00:29:02+00:00,2026-10-07T00:29:24.371639+00:00,48abed77-c9ba-4a39-8a5c-6a1e9bb8a9a5,48abed77-c9ba-4a39-8a5c-6a1e9bb8a9a5,13,7,1,2,0,1,1,1,1791332905
2026-10-07T00:29:02+00:00,2026-10-07T00:29:24.371639+00:00,2069389896750516900,2069389896750516900,9,1,0,11,0,1,1,1,1791332832
2026-10-07T00:29:02+00:00,2026-10-07T00:29:24.371639+00:00,940638c5-7cd0-4a11-899e-86af3868d400,532,7,2,0,12,0,1,1,1,1791332916
2026-10-07T00:29:02+00:00,2026-10-07T00:29:24.371639+00:00,295553ea-851b-4ac2-a094-f9d1208e399a,412,4,0,1,14,0,1,1,1,1791332916
2026-10-07T00:29:02+00:00,2026-10-07T00:29:24.371639+00:00,99675a11-a92c-465c-bf5a-434b08ba5fc6,400,20,0,0,32,0,1,1,1,1791332911
2026-10-07T00:29:02+00:00,2026-10-07T00:29:24.371639+00:00,f8348622-0de8-11e7-991c-3863bb43a7d0,50,5,0,1,13,0,1,1,1,1791332911
2026-10-07T00:29:02+00:00,2026-10-07T00:29:24.371639+00:00,1991922092203192944,1991922092203192944,4,1,0,15,0,1,1,1,1791332911
2026-10-07T00:29:02+00:00,2026-10-07T00:29:24.371639+00:00,df03c61a-29d7-445d-9980-d7f058916591,345,13,0,0,6,0,1,1,1,1791332913
2026-10-07T00:29:02+00:00,2026-10-07T00:29:24.371639+00:00,f8350b76-0de8-11e7-991c-3863bb43a7d0,159,1,1,1,17,1,1,1,1,1791332914
2026-10-07T00:29:02+00:00,2026-10-07T00:29:24.371639+00:00,f83488be-0de8-11e7-991c-3863bb43a7d0,56,5,1,1,12,0,1,1,1,1791332914
2026-10-07T00:29:02+00:00,2026-10-07T00:29:24.371639+00:00,f834e534-0de8-11e7-991c-3863bb43a7d0,128,10,6,0,9,0,1,1,1,1791332914
2026-10-07T00:29:02+00:00,2026-10-07T00:29:24.371639+00:00,f834f6a3-0de8-11e7-991c-3863bb43a7d0,135,0,0,0,17,0,1,1,1,1791332915
2026-10-07T00:29:02+00:00,2026-10-07T00:29:24.371639+00:00,2080205593583047424,2080205593583047424,9,2,0,7,0,1,1,1,1791332915
2026-10-07T00:29:02+00:00,2026-10-07T00:29:24.371639+00:00,d7507124-4cab-4063-8445-a59a33a3d6e4,512,7,3,1,11,0,1,1,1,1791332912
2026-10-07T00:29:02+00:00,2026-10-07T00:29:24.371639+00:00,7560f0e3-267b-4fb3-bbfa-6e02010cfcb7,225,17,0,1,1,0,1,1,1,1791332912
2026-10-07T00:29:02+00:00,2026-10-07T00:29:24.371639+00:00,1cced911-b428-4cfd-81be-3a8f77ce7379,233,5,0,2,8,0,1,1,1,1791332917
2026-10-07T00:29:02+00:00,2026-10-07T00:29:24.371639+00:00,f8346b6f-0de8-11e7-991c-3863bb43a7d0,12,19,1,0,8,0,1,1,1,1791332918
2026-10-07T00:29:02+00:00,2026-10-07T00:29:24.371639+00:00,2217856523888952522,2217856523888952522,5,1,0,15,0,1,1,1,1791332858
2026-10-07T00:29:02+00:00,2026-10-07T00:29:24.371639+00:00,f8351019-0de8-11e7-991c-3863bb43a7d0,169,13,3,0,6,0,1,1,1,1791332861
2026-10-07T00:29:02+00:00,2026-10-07T00:29:24.371639+00:00,2107991976288962746,2107991976288962746,7,0,0,13,0,1,1,1,1791332827
2026-10-07T00:29:02+00:00,2026-10-07T00:29:24.371639+00:00,93911aa1-b5e4-48aa-a2b6-38fbcf613006,93911aa1-b5e4-48aa-a2b6-38fbcf613006,11,0,0,7,0,1,1,1,1791332857
2026-10-07T00:29:02+00:00,2026-10-07T00:29:24.371639+00:00,f834fd36-0de8-11e7-991c-3863bb43a7d0,142,7,0,0,16,0,1,1,1,1791332859
2026-10-07T00:29:02+00:00,2026-10-07T00:29:24.371639+00:00,ef54374b-0406-4b17-b0a1-847f1d7bea06,410,13,2,1,1,0,1,1,1,1791332859
2026-10-07T00:29:02+00:00,2026-10-07T00:29:24.371639+00:00,f8348136-0de8-11e7-991c-3863bb43a7d0,41,22,2,1,4,0,1,1,1,1791332866
2026-10-07T00:29:02+00:00,2026-10-07T00:29:24.371639+00:00,20b0b405-54ba-4a80-b89c-0819772665db,440,2,0,0,13,0,1,1,1,1791332866
2026-10-07T00:29:02+00:00,2026-10-07T00:29:24.371639+00:00,f8346768-0de8-11e7-991c-3863bb43a7d0,7,0,0,0,15,0,1,1,1,1791332864
2026-10-07T00:29:02+00:00,2026-10-07T00:29:24.371639+00:00,9ca92778-9101-48df-90ea-08b784e26a1a,413,19,3,0,0,0,1,1,1,1791332865
2026-10-07T00:29:02+00:00,2026-10-07T00:29:24.371639+00:00,2057166010169469732,2057166010169469732,1,1,0,14,0,1,1,1,1791332864
2026-10-07T00:29:02+00:00,2026-10-07T00:29:24.371639+00:00,f35de2ab-979e-42d5-8cbd-dc479ed637e9,503,2,2,0,4,0,1,1,1,1791332863
2026-10-07T00:29:02+00:00,2026-10-07T00:29:24.371639+00:00,510239fe-69c3-458b-b53c-6ce001845f4a,354,8,8,1,6,0,1,1,1,1791332864
2026-10-07T00:29:02+00:00,2026-10-07T00:29:24.371639+00:00,1960693490199507164,1960693490199507164,8,2,0,11,0,1,1,1,1791332869
2026-10-07T00:29:02+00:00,2026-10-07T00:29:24.371639+00:00,f8352c92-0de8-11e7-991c-3863bb43a7d0,217,12,0,2,5,0,1,1,1,1791332821
2026-10-07T00:29:02+00:00,2026-10-07T00:29:24.371639+00:00,2267569638034503736,2267569638034503736,6,0,4,9,0,1,1,1,1791332822
2026-10-07T00:29:02+00:00,2026-10-07T00:29:24.371639+00:00,f834952a-0de8-11e7-991c-3863bb43a7d0,70,1,1,1,21,0,1,1,1,1791332822
2026-10-07T00:29:02+00:00,2026-10-07T00:29:24.371639+00:00,f834e1b2-0de8-11e7-991c-3863bb43a7d0,125,9,6,1,9,0,1,1,1,1791332822
2026-10-07T00:29:02+00:00,2026-10-07T00:29:24.371639+00:00,13444449-b3a8-43d2-b8b9-a59fbc59a174,397,9,3,0,6,0,1,1,1,1791332821
2026-10-07T00:29:02+00:00,2026-10-07T00:29:24.371639+00:00,54d86d05-b399-42c5-a63a-a97713afc5d4,54d86d05-b399-42c5-a63a-a97713afc5d4,6,6,1,3,0,1,1,1,1791332813
2026-10-07T00:29:02+00:00,2026-10-07T00:29:24.371639+00:00,2141932795355773712,2141932795355773712,9,0,0,8,0,1,1,1,1791332814
2026-10-07T00:29:02+00:00,2026-10-07T00:29:24.371639+00:00,2103549125054737064,2103549125054737064,0,0,0,16,0,1,1,1,1791332780
2026-10-07T00:29:02+00:00,2026-10-07T00:29:24.371639+00:00,b995a0b4-fc26-4661-9bc8-e166d648edfd,353,11,4,0,4,0,1,1,1,1791332825
2026-10-07T00:29:02+00:00,2026-10-07T00:29:24.371639+00:00,f24a573e-ef07-4785-9270-70c443510ea6,359,6,1,3,5,1,1,1,1,1791332824
2026-10-07T00:29:02+00:00,2026-10-07T00:29:24.371639+00:00,f8346894-0de8-11e7-991c-3863bb43a7d0,9,13,1,2,0,0,1,1,1,1791332825
2026-10-07T00:29:02+00:00,2026-10-07T00:29:24.371639+00:00,2ba0c5dd-c990-4434-8a84-5c3eca23f096,447,9,5,0,10,0,1,1,1,1791332855
2026-10-07T00:29:02+00:00,2026-10-07T00:29:24.371639+00:00,b23674a7-15a8-46d2-8219-6668acecf24a,548,10,0,0,8,0,1,1,1,1791332852
2026-10-07T00:29:02+00:00,2026-10-07T00:29:24.371639+00:00,1997031579059661288,1997031579059661288,9,0,0,2,0,1,1,1,1791332853
2026-10-07T00:29:02+00:00,2026-10-07T00:29:24.371639+00:00,f834f814-0de8-11e7-991c-3863bb43a7d0,136,0,0,0,19,0,1,1,1,1791332851
2026-10-07T00:29:02+00:00,2026-10-07T00:29:24.371639+00:00,f83524c0-0de8-11e7-991c-3863bb43a7d0,203,7,1,0,7,0,1,1,1,1791332832
2026-10-07T00:29:02+00:00,2026-10-07T00:29:24.371639+00:00,2043912031919765854,2043912031919765854,7,0,0,13,0,1,1,1,1791332849
2026-10-07T00:29:02+00:00,2026-10-07T00:29:24.371639+00:00,42a3ecca-af9a-4556-90ba-7631546f96f8,42a3ecca-af9a-4556-90ba-7631546f96f8,4,2,1,6,0,1,1,1,1791332874
2026-10-07T00:29:02+00:00,2026-10-07T00:29:24.371639+00:00,f83486ab-0de8-11e7-991c-3863bb43a7d0,51,6,0,1,8,0,1,1,1,1791332874
2026-10-07T00:29:02+00:00,2026-10-07T00:29:24.371639+00:00,f36e24cd-de4c-4a5e-adf4-cb97ccd2958d,505,6,0,2,3,0,1,1,1,1791332879
2026-10-07T00:29:02+00:00,2026-10-07T00:29:24.371639+00:00,1975886280004030604,1975886280004030604,11,0,0,12,0,1,1,1,1791332879
2026-10-07T00:29:02+00:00,2026-10-07T00:29:24.371639+00:00,f83510fd-0de8-11e7-991c-3863bb43a7d0,171,9,0,1,13,0,1,1,1,1791332877
2026-10-07T00:29:02+00:00,2026-10-07T00:29:24.371639+00:00,f83523e3-0de8-11e7-991c-3863bb43a7d0,201,2,1,0,13,0,1,1,1,1791332876
2026-10-07T00:29:02+00:00,2026-10-07T00:29:24.371639+00:00,f834b49d-0de8-11e7-991c-3863bb43a7d0,101,17,5,0,1,0,1,1,1,1791332799
2026-10-07T00:29:02+00:00,2026-10-07T00:29:24.371639+00:00,ccd6fdd4-b39e-46d7-b43c-7bacffb6bd87,523,7,4,0,9,0,1,1,1,1791332803
2026-10-07T00:29:02+00:00,2026-10-07T00:29:24.371639+00:00,f8349824-0de8-11e7-991c-3863bb43a7d0,75,2,0,0,13,0,1,1,1,1791332808
2026-10-07T00:29:02+00:00,2026-10-07T00:29:24.371639+00:00,f834b5d9-0de8-11e7-991c-3863bb43a7d0,103,5,2,0,10,0,1,1,1,1791332804
2026-10-07T00:29:02+00:00,2026-10-07T00:29:24.371639+00:00,83183df0-38c2-4ae8-a0c4-4b59599c9582,222,10,0,0,4,0,1,1,1,1791332806
2026-10-07T00:29:02+00:00,2026-10-07T00:29:24.371639+00:00,36a8fbc8-6069-4a29-bbfd-63a2d019c9a5,415,1,0,0,18,0,1,1,1,1791332807
2026-10-07T00:29:02+00:00,2026-10-07T00:29:24.371639+00:00,0839bb10-e876-4198-95e4-0147a561853d,258,13,3,1,1,0,1,1,1,1791332812
2026-10-07T00:29:02+00:00,2026-10-07T00:29:24.371639+00:00,5f726a7d-5c5d-48b1-9b13-06c77572a237,516,6,2,1,4,0,1,1,1,1791332815
2026-10-07T00:29:02+00:00,2026-10-07T00:29:24.371639+00:00,9e710d48-51c1-460e-a027-3d16bde62b13,419,0,0,14,0,1,1,0,0,1791332812
2026-10-07T00:29:02+00:00,2026-10-07T00:29:24.371639+00:00,53a148ca-ac69-4a9c-a986-9a4b4df2f5df,387,11,3,0,4,0,1,1,1,1791332815
2026-10-07T00:29:02+00:00,2026-10-07T00:29:24.371639+00:00,7ec0c53c-876a-419c-a78b-4edd000bbc9a,445,10,0,0,9,0,1,1,1,1791332815
2026-10-07T00:29:02+00:00,2026-10-07T00:29:24.371639+00:00,676ca473-eed6-4971-aaf3-e199a7ca335b,433,14,6,0,4,1,1,1,1,1791332834
2026-10-07T00:29:02+00:00,2026-10-07T00:29:24.371639+00:00,f8348509-0de8-11e7-991c-3863bb43a7d0,48,3,0,0,14,0,1,1,1,1791332831
2026-10-07T00:29:02+00:00,2026-10-07T00:29:24.371639+00:00,f8348995-0de8-11e7-991c-3863bb43a7d0,58,14,0,0,5,0,1,1,1,1791332833
2026-10-07T00:29:02+00:00,2026-10-07T00:29:24.371639+00:00,2170342425741020744,2170342425741020744,16,5,0,1,0,1,1,1,1791332836
2026-10-07T00:29:02+00:00,2026-10-07T00:29:24.371639+00:00,5018e851-f2f3-4e18-9914-c316bbcc2c3d,331,1,0,0,14,0,1,1,1,1791332869
2026-10-07T00:29:02+00:00,2026-10-07T00:29:24.371639+00:00,f83494b4-0de8-11e7-991c-3863bb43a7d0,69,10,5,1,8,0,1,1,1,1791332870
2026-10-07T00:29:02+00:00,2026-10-07T00:29:24.371639+00:00,533620e8-00ff-494a-b288-bd67602bc98e,472,6,6,0,21,0,1,1,1,1791332871
2026-10-07T00:29:02+00:00,2026-10-07T00:29:24.371639+00:00,ce55d1b1-4267-40a9-ad44-5eab888ce18a,ce55d1b1-4267-40a9-ad44-5eab888ce18a,0,0,1,21,1,1,1,1,1791332869
2026-10-07T00:29:02+00:00,2026-10-07T00:29:24.371639+00:00,a18e1e55-507e-49d8-b7c0-5c0efd959125,358,18,6,0,1,0,1,1,1,1791332841
2026-10-07T00:29:02+00:00,2026-10-07T00:29:24.371639+00:00,bb27977d-36c1-496d-8bac-631b612dd7b8,332,5,1,0,10,0,1,1,1,1791332842
2026-10-07T00:29:02+00:00,2026-10-07T00:29:24.371639+00:00,350e73e3-6f70-4b2d-87ab-24c8629e9a6a,350e73e3-6f70-4b2d-87ab-24c8629e9a6a,14,2,0,5,0,1,1,1,1791332842
2026-10-07T00:29:02+00:00,2026-10-07T00:29:24.371639+00:00,ddcc8869-b8d4-483c-b9da-457fcebc8dc1,417,16,1,0,3,0,1,1,1,1791332840
2026-10-07T00:29:02+00:00,2026-10-07T00:29:24.371639+00:00,9f54207a-3308-43bd-b45c-9042b6389598,423,12,1,0,7,0,1,1,1,1791332836
2026-10-07T00:29:02+00:00,2026-10-07T00:29:24.371639+00:00,f834e244-0de8-11e7-991c-3863bb43a7d0,126,6,1,0,9,0,1,1,1,1791332820
2026-10-07T00:29:02+00:00,2026-10-07T00:29:24.371639+00:00,ba634139-d7bf-448f-aac4-25995d36b67b,373,9,5,0,6,0,1,1,1,1791332843
2026-10-07T00:29:02+00:00,2026-10-07T00:29:24.371639+00:00,f6df6c1a-064f-428a-951c-2069a081b9df,380,0,0,2,16,0,1,1,1,1791332843
2026-10-07T00:29:02+00:00,2026-10-07T00:29:24.371639+00:00,103a9881-e30a-4d57-b81d-863b995ff759,255,0,0,0,0,0,0,0,0,86400
2026-10-07T00:29:02+00:00,2026-10-07T00:29:24.371639+00:00,2038619205667946906,2038619205667946906,10,2,1,9,0,1,1,1,1791332793
2026-10-07T00:29:02+00:00,2026-10-07T00:29:24.371639+00:00,13918b3b-9ac5-4968-a74d-e40dd3bc952e,479,0,0,0,19,0,1,1,1,1791332879
2026-10-07T00:29:02+00:00,2026-10-07T00:29:24.371639+00:00,ec3eea05-a3ff-43c6-9e24-0c63f09b915f,378,9,2,0,10,0,1,1,1,1791332880
2026-10-07T00:29:02+00:00,2026-10-07T00:29:24.371639+00:00,0adccd89-1d8d-44da-9f7c-5f18acafeddf,338,7,6,0,7,0,1,1,1,1791332881
2026-10-07T00:29:02+00:00,2026-10-07T00:29:24.371639+00:00,f8349c69-0de8-11e7-991c-3863bb43a7d0,78,11,0,1,6,0,1,1,1,1791332884
2026-10-07T00:29:02+00:00,2026-10-07T00:29:24.371639+00:00,f834b42d-0de8-11e7-991c-3863bb43a7d0,100,8,1,1,15,0,1,1,1,1791332885
2026-10-07T00:29:02+00:00,2026-10-07T00:29:24.371639+00:00,e68655be-23d3-46e5-a509-25be677e7542,482,6,1,0,5,0,1,1,1,1791332886
2026-10-07T00:29:02+00:00,2026-10-07T00:29:24.371639+00:00,f8349ba9-0de8-11e7-991c-3863bb43a7d0,77,10,7,0,8,0,1,1,1,1791332886
2026-10-07T00:29:02+00:00,2026-10-07T00:29:24.371639+00:00,2264176803898382980,2264176803898382980,4,2,0,7,0,1,1,1,1791332896
2026-10-07T00:29:02+00:00,2026-10-07T00:29:24.371639+00:00,abefafdc-c772-4671-86fe-fc15a42adebb,abefafdc-c772-4671-86fe-fc15a42adebb,2,0,0,21,0,1,1,1,1791332897
2026-10-07T00:29:02+00:00,2026-10-07T00:29:24.371639+00:00,2136942888571742916,2136942888571742916,12,0,0,3,0,1,1,1,1791332897
2026-10-07T00:29:02+00:00,2026-10-07T00:29:24.371639+00:00,2071632496372113488,2071632496372113488,14,6,0,6,0,1,1,1,1791332786
2026-10-07T00:29:02+00:00,2026-10-07T00:29:24.371639+00:00,f83516b8-0de8-11e7-991c-3863bb43a7d0,184,5,0,0,13,1,1,1,1,1791332895
2026-10-07T00:29:02+00:00,2026-10-07T00:29:24.371639+00:00,2038239468396569074,2038239468396569074,13,0,0,19,0,1,1,1,1791332778
2026-10-07T00:29:02+00:00,2026-10-07T00:29:24.371639+00:00,2fd22786-dfeb-4126-a906-4f01802087f3,454,2,0,3,14,0,1,1,1,1791332896
2026-10-07T00:29:02+00:00,2026-10-07T00:29:24.371639+00:00,f8351336-0de8-11e7-991c-3863bb43a7d0,176,14,1,1,0,0,1,1,1,1791332896
2026-10-07T00:29:02+00:00,2026-10-07T00:29:24.371639+00:00,f83464e4-0de8-11e7-991c-3863bb43a7d0,3,0,0,1,13,0,1,1,1,1791332896
2026-10-07T00:29:02+00:00,2026-10-07T00:29:24.371639+00:00,40e58976-02cc-4c7c-911f-7a6c97588bfa,520,11,3,0,10,0,1,1,1,1791332897
2026-10-07T00:29:02+00:00,2026-10-07T00:29:24.371639+00:00,0f554e1d-9f0f-452d-9b4a-e00aa2c5911e,492,6,2,0,9,0,1,1,1,1791332899
2026-10-07T00:29:02+00:00,2026-10-07T00:29:24.371639+00:00,2241260819676115550,2241260819676115550,0,0,0,25,0,1,1,1,1791332899
2026-10-07T00:29:02+00:00,2026-10-07T00:29:24.371639+00:00,2113200093114979090,2113200093114979090,8,1,0,7,1,1,1,1,1791332744
2026-10-07T00:29:02+00:00,2026-10-07T00:29:24.371639+00:00,f8348481-0de8-11e7-991c-3863bb43a7d0,47,15,0,0,4,0,1,1,1,1791332900
2026-10-07T00:29:02+00:00,2026-10-07T00:29:24.371639+00:00,2327cb08-fa9f-459b-9ab0-1a319b0f2f4c,539,8,3,1,9,0,1,1,1,1791332900
2026-10-07T00:29:02+00:00,2026-10-07T00:29:24.371639+00:00,dfdaf866-b814-48e5-9bd3-eb7c4a733697,dfdaf866-b814-48e5-9bd3-eb7c4a733697,8,2,0,9,0,1,1,1,1791332901
2026-10-07T00:29:02+00:00,2026-10-07T00:29:24.371639+00:00,2111712079786088918,2111712079786088918,5,0,0,10,0,1,1,1,1791332901
2026-10-07T00:29:02+00:00,2026-10-07T00:29:24.371639+00:00,02a4416f-80b4-4472-accd-5db482ed5b6d,367,7,0,0,12,0,1,1,1,1791332897
2026-10-07T00:29:02+00:00,2026-10-07T00:29:24.371639+00:00,5bc7cba9-f0b0-442d-932c-e8c7927d87ce,386,13,0,0,5,0,1,1,1,1791332905
2026-10-07T00:29:02+00:00,2026-10-07T00:29:24.371639+00:00,d7ec834e-9d9a-402c-9956-7d5f42676b94,d7ec834e-9d9a-402c-9956-7d5f42676b94,14,1,0,0,0,1,1,1,1791332907
2026-10-07T00:29:02+00:00,2026-10-07T00:29:24.371639+00:00,1944724820826878816,1944724820826878816,4,0,1,12,0,1,1,1,1791332910
2026-10-07T00:29:02+00:00,2026-10-07T00:29:24.371639+00:00,5afe91c4-8076-4f9f-b83b-cf233bda2331,460,0,0,0,15,0,1,1,1,1791332911
2026-10-07T00:29:02+00:00,2026-10-07T00:29:24.371639+00:00,f8349745-0de8-11e7-991c-3863bb43a7d0,73,0,0,0,15,0,1,1,1,1791332908
2026-10-07T00:29:02+00:00,2026-10-07T00:29:24.371639+00:00,2223045710883822544,2223045710883822544,10,4,1,3,0,1,1,1,1791332912
2026-10-07T00:29:02+00:00,2026-10-07T00:29:24.371639+00:00,342a2c60-71b0-4d19-98d6-47987cf20dbc,379,12,0,0,3,0,1,1,1,1791332913
2026-10-07T00:29:02+00:00,2026-10-07T00:29:24.371639+00:00,f8347118-0de8-11e7-991c-3863bb43a7d0,22,19,0,1,13,2,1,1,1,1791332913
2026-10-07T00:29:02+00:00,2026-10-07T00:29:24.371639+00:00,287aedf5-0361-47e9-9de0-14ae3b75cc0d,287aedf5-0361-47e9-9de0-14ae3b75cc0d,3,0,1,17,0,1,1,1,1791332911
2026-10-07T00:29:02+00:00,2026-10-07T00:29:24.371639+00:00,f834cf45-0de8-11e7-991c-3863bb43a7d0,116,13,0,1,9,0,1,1,1,1791332914
2026-10-07T00:29:02+00:00,2026-10-07T00:29:24.371639+00:00,2029805507281123700,2029805507281123700,12,2,1,6,0,1,1,1,1791332915
2026-10-07T00:29:02+00:00,2026-10-07T00:29:24.371639+00:00,70f20fcb-8e63-4015-9007-b97c525ab0a9,335,7,0,1,11,0,1,1,1,1791332915
2026-10-07T00:29:02+00:00,2026-10-07T00:29:24.371639+00:00,2071993292066931472,2071993292066931472,3,0,0,17,0,1,1,1,1791332915
2026-10-07T00:29:02+00:00,2026-10-07T00:29:24.371639+00:00,2113555008851845550,2113555008851845550,11,1,0,9,0,1,1,1,1791332915
2026-10-07T00:29:02+00:00,2026-10-07T00:29:24.371639+00:00,2223043968513191970,2223043968513191970,4,0,1,11,0,1,1,1,1791332915
2026-10-07T00:29:02+00:00,2026-10-07T00:29:24.371639+00:00,ff6ed364-8676-45a0-b97f-71025683849e,442,6,3,1,8,0,1,1,1,1791332916
2026-10-07T00:29:02+00:00,2026-10-07T00:29:24.371639+00:00,2070180968009321294,2070180968009321294,11,2,0,8,2,1,1,1,1791332916
2026-10-07T00:29:02+00:00,2026-10-07T00:29:24.371639+00:00,2072145327190878794,2072145327190878794,11,2,2,11,0,1,1,1,1791332916
2026-10-07T00:29:02+00:00,2026-10-07T00:29:24.371639+00:00,518f6524-0e7f-454d-974e-e3ff9db1f795,494,11,3,0,0,0,1,1,1,1791332918
2026-10-07T00:29:02+00:00,2026-10-07T00:29:24.371639+00:00,2078337213380274244,2078337213380274244,5,4,1,5,0,1,1,1,1791332917
2026-10-07T00:29:02+00:00,2026-10-07T00:29:24.371639+00:00,c1ae49bd-2a20-4684-886b-ead8dd627cfd,c1ae49bd-2a20-4684-886b-ead8dd627cfd,12,1,1,5,0,1,1,1,1791332917
2026-10-07T00:38:02+00:00,2026-10-07T00:39:24.483660+00:00,6eaa7343-402d-41c9-9aac-8c664fdbdcf1,6eaa7343-402d-41c9-9aac-8c664fdbdcf1,0,0,0,0,0,0,0,0,86400
2026-10-07T00:38:02+00:00,2026-10-07T00:39:24.483660+00:00,cad0e759-b605-458a-b772-768dcce81dc6,372,0,0,6,13,0,1,0,0,1791324371
2026-10-07T00:38:02+00:00,2026-10-07T00:39:24.483660+00:00,57f5003b-6574-40b3-83d7-3b5dee1472e0,518,2,1,0,8,0,1,1,1,1791333353
2026-10-07T00:38:02+00:00,2026-10-07T00:39:24.483660+00:00,f8351f87-0de8-11e7-991c-3863bb43a7d0,192,0,0,0,19,0,1,1,1,1791333356
2026-10-07T00:38:02+00:00,2026-10-07T00:39:24.483660+00:00,4b5de733-9353-4873-9dc2-9558b3cb063a,393,8,2,1,4,0,1,1,1,1791333359
2026-10-07T00:38:02+00:00,2026-10-07T00:39:24.483660+00:00,f834b1ed-0de8-11e7-991c-3863bb43a7d0,99,4,0,1,10,0,1,1,1,1791333362
2026-10-07T00:38:02+00:00,2026-10-07T00:39:24.483660+00:00,2028220168245183460,2028220168245183460,15,1,0,4,0,1,1,1,1791333362
2026-10-07T00:38:02+00:00,2026-10-07T00:39:24.483660+00:00,25489822-e43a-4704-b2a8-d905b78ba77c,389,2,0,0,12,0,1,1,1,1791333363
2026-10-07T00:38:02+00:00,2026-10-07T00:39:24.483660+00:00,1994515539257334312,1994515539257334312,11,3,0,8,0,1,1,1,1791333358
2026-10-07T00:38:02+00:00,2026-10-07T00:39:24.483660+00:00,f83466c6-0de8-11e7-991c-3863bb43a7d0,6,8,1,1,5,0,1,1,1,1791333374
2026-10-07T00:38:02+00:00,2026-10-07T00:39:24.483660+00:00,ea00f276-26dc-48ee-b2c8-6e56fd632a2d,272,5,1,0,14,0,1,1,1,1791333373
2026-10-07T00:38:02+00:00,2026-10-07T00:39:24.483660+00:00,1ef5abb2-5af9-41f2-a0dd-1e44278ad9f1,502,7,2,0,4,0,1,1,1,1791333389
2026-10-07T00:38:02+00:00,2026-10-07T00:39:24.483660+00:00,f834fcbe-0de8-11e7-991c-3863bb43a7d0,141,3,0,0,12,0,1,1,1,1791333391
2026-10-07T00:38:02+00:00,2026-10-07T00:39:24.483660+00:00,acb27827-d69a-4287-b132-3f529ca62ad2,427,3,1,0,16,0,1,1,1,1791333393
2026-10-07T00:38:02+00:00,2026-10-07T00:39:24.483660+00:00,829fa5a8-cc88-4ab2-9f34-b481aaa1612e,259,12,4,0,3,0,1,1,1,1791333393
2026-10-07T00:38:02+00:00,2026-10-07T00:39:24.483660+00:00,2251556760922290606,2251556760922290606,9,5,0,6,0,1,1,1,1791333368
2026-10-07T00:38:02+00:00,2026-10-07T00:39:24.483660+00:00,2036412579943670600,2036412579943670600,1,1,0,11,0,1,1,1,1791333368
2026-10-07T00:38:02+00:00,2026-10-07T00:39:24.483660+00:00,01d29f8c-768d-4c4f-84ca-3de966075287,469,2,1,0,9,0,1,1,1,1791333368
2026-10-07T00:38:02+00:00,2026-10-07T00:39:24.483660+00:00,1919521884659886482,1919521884659886482,1,0,0,18,0,1,1,1,1791333395
2026-10-07T00:38:02+00:00,2026-10-07T00:39:24.483660+00:00,f8350d30-0de8-11e7-991c-3863bb43a7d0,163,5,0,0,14,0,1,1,1,1791333397
2026-10-07T00:38:02+00:00,2026-10-07T00:39:24.483660+00:00,c111ef1a-f276-415d-a95e-8e3c4e3a0c03,522,3,1,1,11,0,1,1,1,1791333398
2026-10-07T00:38:02+00:00,2026-10-07T00:39:24.483660+00:00,f8347a8b-0de8-11e7-991c-3863bb43a7d0,29,3,0,0,16,0,1,1,1,1791333398
2026-10-07T00:38:02+00:00,2026-10-07T00:39:24.483660+00:00,1986694622707704150,1986694622707704150,15,2,1,3,0,1,1,1,1791333399
2026-10-07T00:38:02+00:00,2026-10-07T00:39:24.483660+00:00,40ee059e-8530-4992-9114-c16b87d6832f,441,11,6,0,8,0,1,1,1,1791333399
2026-10-07T00:38:02+00:00,2026-10-07T00:39:24.483660+00:00,918335df-fc1a-45c2-9cfc-c5e2e93aecc0,467,2,0,1,8,0,1,1,1,1791333403
2026-10-07T00:38:02+00:00,2026-10-07T00:39:24.483660+00:00,2039387081833476178,2039387081833476178,16,4,0,4,0,1,1,1,1791333403
2026-10-07T00:38:02+00:00,2026-10-07T00:39:24.483660+00:00,2134720099473744344,2134720099473744344,2,0,0,19,0,1,1,1,1791333404
2026-10-07T00:38:02+00:00,2026-10-07T00:39:24.483660+00:00,2027855476515070160,2027855476515070160,8,0,0,19,0,1,1,1,1791333402
2026-10-07T00:38:02+00:00,2026-10-07T00:39:24.483660+00:00,d1a5e406-718c-44b9-b9dd-e63605b888aa,555,9,8,0,6,0,1,1,1,1791333403
2026-10-07T00:38:02+00:00,2026-10-07T00:39:24.483660+00:00,2127634714741013228,2127634714741013228,12,1,2,10,0,1,1,1,1791333374
2026-10-07T00:38:02+00:00,2026-10-07T00:39:24.483660+00:00,803a0c16-4f81-44f1-8b49-a13fcdda40c1,370,0,0,1,17,0,1,1,1,1791333375
2026-10-07T00:38:02+00:00,2026-10-07T00:39:24.483660+00:00,f834a1de-0de8-11e7-991c-3863bb43a7d0,84,9,2,0,3,0,1,1,1,1791333375
2026-10-07T00:38:02+00:00,2026-10-07T00:39:24.483660+00:00,1976280681456741062,1976280681456741062,6,6,0,5,0,1,1,1,1791333378
2026-10-07T00:38:02+00:00,2026-10-07T00:39:24.483660+00:00,f8347ba8-0de8-11e7-991c-3863bb43a7d0,31,1,0,1,17,0,1,1,1,1791333378
2026-10-07T00:38:02+00:00,2026-10-07T00:39:24.483660+00:00,2089808297152151688,2089808297152151688,9,1,1,2,0,1,1,1,1791333375
2026-10-07T00:38:02+00:00,2026-10-07T00:39:24.483660+00:00,f834a67b-0de8-11e7-991c-3863bb43a7d0,89,4,0,1,13,0,1,1,1,1791333376
2026-10-07T00:38:02+00:00,2026-10-07T00:39:24.483660+00:00,1331197c-f6c6-4f4a-a29b-95e580359886,224,7,0,0,10,0,1,1,1,1791333377
2026-10-07T00:38:02+00:00,2026-10-07T00:39:24.483660+00:00,8d535c23-f186-4161-aa10-17e94be6d4ae,436,5,3,3,6,1,1,1,1,1791333380
2026-10-07T00:38:02+00:00,2026-10-07T00:39:24.483660+00:00,e4d5271f-5f76-401b-b7f0-c8dce3c26f10,462,6,0,1,4,0,1,1,1,1791333380
2026-10-07T00:38:02+00:00,2026-10-07T00:39:24.483660+00:00,f606593b-3d07-40f2-bc6d-a0eb96588e44,456,9,2,0,9,0,1,1,1,1791333383
2026-10-07T00:38:02+00:00,2026-10-07T00:39:24.483660+00:00,b44b7c3d-c054-4591-92a9-3b96d86050ab,b44b7c3d-c054-4591-92a9-3b96d86050ab,3,3,0,8,0,1,1,1,1791333383
2026-10-07T00:38:02+00:00,2026-10-07T00:39:24.483660+00:00,2261583246847893606,2261583246847893606,7,1,1,11,0,1,1,1,1791333382
2026-10-07T00:38:02+00:00,2026-10-07T00:39:24.483660+00:00,f834b928-0de8-11e7-991c-3863bb43a7d0,106,11,3,1,2,0,1,1,1,1791333381
2026-10-07T00:38:02+00:00,2026-10-07T00:39:24.483660+00:00,f834d34b-0de8-11e7-991c-3863bb43a7d0,120,13,0,2,24,0,1,1,1,1791333380
2026-10-07T00:38:02+00:00,2026-10-07T00:39:24.483660+00:00,f55cdf0a-3d7b-491c-bed2-7dc0ef2062d5,489,14,2,2,0,0,1,1,1,1791333351
2026-10-07T00:38:02+00:00,2026-10-07T00:39:24.483660+00:00,1ef9964d-47ac-4cd4-916e-7c006fa1e605,339,3,1,0,12,0,1,1,1,1791333349
2026-10-07T00:38:02+00:00,2026-10-07T00:39:24.483660+00:00,625f105e-4407-4988-9095-d1979cbda5e1,234,16,7,0,3,0,1,1,1,1791333349
2026-10-07T00:38:02+00:00,2026-10-07T00:39:24.483660+00:00,8e7c1984-dc81-43b0-a0d3-58c6de45225a,465,6,1,0,5,0,1,1,1,1791333388
2026-10-07T00:38:02+00:00,2026-10-07T00:39:24.483660+00:00,5410aac7-2ec0-47b6-b728-b99c5137b463,5410aac7-2ec0-47b6-b728-b99c5137b463,5,1,0,6,0,1,1,1,1791333386
2026-10-07T00:38:02+00:00,2026-10-07T00:39:24.483660+00:00,38706d8c-8d4b-49f7-b6ed-7688449db261,463,0,0,0,19,0,1,1,1,1791333386
2026-10-07T00:38:02+00:00,2026-10-07T00:39:24.483660+00:00,2220033166406469278,2220033166406469278,10,4,1,4,0,1,1,1,1791333412
2026-10-07T00:38:02+00:00,2026-10-07T00:39:24.483660+00:00,133d159e-a202-4310-910f-eca392fe181e,398,3,0,2,14,0,1,1,1,1791333412
2026-10-07T00:38:02+00:00,2026-10-07T00:39:24.483660+00:00,2129149628430547474,2129149628430547474,16,3,0,0,0,1,1,1,1791333412
2026-10-07T00:38:02+00:00,2026-10-07T00:39:24.483660+00:00,1976640911178291400,1976640911178291400,10,4,0,1,0,1,1,1,1791333411
2026-10-07T00:38:02+00:00,2026-10-07T00:39:24.483660+00:00,800bde2c-51df-497c-ac2d-bc3a8c00c164,800bde2c-51df-497c-ac2d-bc3a8c00c164,0,0,2,14,0,1,1,1,1791333410
2026-10-07T00:38:02+00:00,2026-10-07T00:39:24.483660+00:00,f8352973-0de8-11e7-991c-3863bb43a7d0,210,7,0,0,8,0,1,1,1,1791333417
2026-10-07T00:38:02+00:00,2026-10-07T00:39:24.483660+00:00,569f4952-5a25-4394-a419-f9c4d9cca6f3,495,18,2,0,0,0,1,1,1,1791333418
2026-10-07T00:38:02+00:00,2026-10-07T00:39:24.483660+00:00,768433a9-fc30-4485-b136-22d6f8a96f1c,768433a9-fc30-4485-b136-22d6f8a96f1c,10,2,1,0,0,1,1,1,1791333415
2026-10-07T00:38:02+00:00,2026-10-07T00:39:24.483660+00:00,f8351791-0de8-11e7-991c-3863bb43a7d0,186,7,1,1,7,0,1,1,1,1791333419
2026-10-07T00:38:02+00:00,2026-10-07T00:39:24.483660+00:00,f83493c0-0de8-11e7-991c-3863bb43a7d0,67,1,1,3,26,0,1,1,1,1791333414
2026-10-07T00:38:02+00:00,2026-10-07T00:39:24.483660+00:00,77c1736c-a609-4453-94f7-8e4253a8193c,474,6,3,0,5,0,1,1,1,1791333405
2026-10-07T00:38:02+00:00,2026-10-07T00:39:24.483660+00:00,f834f948-0de8-11e7-991c-3863bb43a7d0,138,9,0,1,4,0,1,1,1,1791333409
2026-10-07T00:38:02+00:00,2026-10-07T00:39:24.483660+00:00,1991921362058752616,1991921362058752616,0,0,0,20,0,1,1,1,1791333410
2026-10-07T00:38:02+00:00,2026-10-07T00:39:24.483660+00:00,f834f036-0de8-11e7-991c-3863bb43a7d0,133,7,2,1,14,0,1,1,1,1791333407
2026-10-07T00:38:02+00:00,2026-10-07T00:39:24.483660+00:00,5d17f129-af8c-4f30-bc58-6a8279052772,543,5,2,1,13,0,1,1,1,1791333407
2026-10-07T00:38:02+00:00,2026-10-07T00:39:24.483660+00:00,2113559364250874028,2113559364250874028,10,3,0,5,0,1,1,1,1791333406
2026-10-07T00:38:02+00:00,2026-10-07T00:39:24.483660+00:00,2149920539832638004,2149920539832638004,10,0,1,4,0,1,1,1,1791333407
2026-10-07T00:38:02+00:00,2026-10-07T00:39:24.483660+00:00,2126567695528519906,2126567695528519906,6,0,0,14,0,1,1,1,1791333406
2026-10-07T00:38:02+00:00,2026-10-07T00:39:24.483660+00:00,a6d6d4b2-3666-43ad-a690-7f676bdcc3fd,542,10,0,3,6,0,1,1,1,1791333409
2026-10-07T00:38:02+00:00,2026-10-07T00:39:24.483660+00:00,e519df41-c4d7-403a-9afa-a5dd7cdd2d03,536,5,0,0,13,0,1,1,1,1791333404
2026-10-07T00:38:02+00:00,2026-10-07T00:39:24.483660+00:00,2227859082657747444,2227859082657747444,7,4,0,0,0,1,1,1,1791333353
2026-10-07T00:38:02+00:00,2026-10-07T00:39:24.483660+00:00,f834e75d-0de8-11e7-991c-3863bb43a7d0,129,5,2,0,13,1,1,1,1,1791333421
2026-10-07T00:38:02+00:00,2026-10-07T00:39:24.483660+00:00,2219705277630124418,2219705277630124418,8,3,0,7,0,1,1,1,1791333421
2026-10-07T00:38:02+00:00,2026-10-07T00:39:24.483660+00:00,f8351649-0de8-11e7-991c-3863bb43a7d0,183,0,0,2,17,0,1,1,1,1791333421
2026-10-07T00:38:02+00:00,2026-10-07T00:39:24.483660+00:00,9b0aff89-5242-475e-b03b-87c3c3bf51bb,477,6,3,1,12,0,1,1,1,1791333423
2026-10-07T00:38:02+00:00,2026-10-07T00:39:24.483660+00:00,88b35b6d-f355-44dc-b85e-ed2eb1bc9099,406,10,2,0,9,0,1,1,1,1791333421
2026-10-07T00:38:02+00:00,2026-10-07T00:39:24.483660+00:00,9fef6df2-7f8f-43fc-a85b-7dd5453860f9,437,12,1,0,5,0,1,1,1,1791333424
2026-10-07T00:38:02+00:00,2026-10-07T00:39:24.483660+00:00,f8346dbd-0de8-11e7-991c-3863bb43a7d0,16,0,0,0,19,0,1,1,1,1791333424
2026-10-07T00:38:02+00:00,2026-10-07T00:39:24.483660+00:00,f834916a-0de8-11e7-991c-3863bb43a7d0,63,6,0,0,9,0,1,1,1,1791333424
2026-10-07T00:38:02+00:00,2026-10-07T00:39:24.483660+00:00,f7d416f8-4377-4019-bba7-302dc1d5a11d,391,13,0,2,0,0,1,1,1,1791333425
2026-10-07T00:38:02+00:00,2026-10-07T00:39:24.483660+00:00,ec4e1168-25dc-4929-b17b-e4ae578dd888,425,6,0,0,10,0,1,1,1,1791333426
2026-10-07T00:38:02+00:00,2026-10-07T00:39:24.483660+00:00,2131371824572002576,2131371824572002576,7,1,0,9,0,1,1,1,1791333427
2026-10-07T00:38:02+00:00,2026-10-07T00:39:24.483660+00:00,f8346c96-0de8-11e7-991c-3863bb43a7d0,14,5,0,1,19,0,1,1,1,1791333431
2026-10-07T00:38:02+00:00,2026-10-07T00:39:24.483660+00:00,f8348719-0de8-11e7-991c-3863bb43a7d0,52,12,0,0,11,0,1,1,1,1791333431
2026-10-07T00:38:02+00:00,2026-10-07T00:39:24.483660+00:00,ab6517ea-ed53-42eb-8881-657d362e56e8,560,15,1,0,0,0,1,1,1,1791333433
2026-10-07T00:38:02+00:00,2026-10-07T00:39:24.483660+00:00,2438d052-2cd6-4fba-83c9-39f46cb59398,2438d052-2cd6-4fba-83c9-39f46cb59398,10,1,1,8,0,1,1,1,1791333433
2026-10-07T00:38:02+00:00,2026-10-07T00:39:24.483660+00:00,f8349599-0de8-11e7-991c-3863bb43a7d0,71,15,0,2,6,0,1,1,1,1791333434
2026-10-07T00:38:02+00:00,2026-10-07T00:39:24.483660+00:00,f83532fa-0de8-11e7-991c-3863bb43a7d0,219,11,1,0,4,0,1,1,1,1791333429
2026-10-07T00:38:02+00:00,2026-10-07T00:39:24.483660+00:00,986068c4-d11a-465a-b8d0-bd0960c57f51,986068c4-d11a-465a-b8d0-bd0960c57f51,10,0,1,3,0,1,1,1,1791333430
2026-10-07T00:38:02+00:00,2026-10-07T00:39:24.483660+00:00,f834c5c9-0de8-11e7-991c-3863bb43a7d0,110,0,0,2,13,0,1,1,1,1791333434
2026-10-07T00:38:02+00:00,2026-10-07T00:39:24.483660+00:00,f8351255-0de8-11e7-991c-3863bb43a7d0,174,13,1,1,1,0,1,1,1,1791333433
2026-10-07T00:38:02+00:00,2026-10-07T00:39:24.483660+00:00,f8347ded-0de8-11e7-991c-3863bb43a7d0,35,0,0,1,30,0,1,1,1,1791333438
2026-10-07T00:38:02+00:00,2026-10-07T00:39:24.483660+00:00,f834a2a8-0de8-11e7-991c-3863bb43a7d0,85,6,1,0,13,0,1,1,1,1791333440
2026-10-07T00:38:02+00:00,2026-10-07T00:39:24.483660+00:00,2031175112202687108,2031175112202687108,9,0,0,7,0,1,1,1,1791333440
2026-10-07T00:38:02+00:00,2026-10-07T00:39:24.483660+00:00,2036103727838931110,2036103727838931110,7,2,0,3,0,1,1,1,1791333437
2026-10-07T00:38:02+00:00,2026-10-07T00:39:24.483660+00:00,2071991821019036242,2071991821019036242,13,3,0,7,0,1,1,1,1791333437
2026-10-07T00:38:02+00:00,2026-10-07T00:39:24.483660+00:00,2251186911126913182,2251186911126913182,14,2,2,3,0,1,1,1,1791333435
2026-10-07T00:38:02+00:00,2026-10-07T00:39:24.483660+00:00,f8350199-0de8-11e7-991c-3863bb43a7d0,150,5,0,2,12,0,1,1,1,1791333435
2026-10-07T00:38:02+00:00,2026-10-07T00:39:24.483660+00:00,15ec5783-ca7a-4225-ba51-cd0a45ecc975,15ec5783-ca7a-4225-ba51-cd0a45ecc975,7,5,0,4,0,1,1,1,1791333441
2026-10-07T00:38:02+00:00,2026-10-07T00:39:24.483660+00:00,f8347002-0de8-11e7-991c-3863bb43a7d0,20,11,0,1,10,0,1,1,1,1791333456
2026-10-07T00:38:02+00:00,2026-10-07T00:39:24.483660+00:00,dcd76e42-eebc-4432-9726-cdb3372b0b07,557,1,0,0,18,0,1,1,1,1791333456
2026-10-07T00:38:02+00:00,2026-10-07T00:39:24.483660+00:00,eed9e64f-f09d-43c1-aa31-da968c66750a,368,4,1,0,11,0,1,1,1,1791333457
2026-10-07T00:38:02+00:00,2026-10-07T00:39:24.483660+00:00,97a1e4e7-a1ff-427a-aaea-48ca0d00bf9c,348,3,3,0,12,0,1,1,1,1791333455
2026-10-07T00:38:02+00:00,2026-10-07T00:39:24.483660+00:00,2127252912986958612,2127252912986958612,11,1,0,4,0,1,1,1,1791333455
2026-10-07T00:38:02+00:00,2026-10-07T00:39:24.483660+00:00,2363c5a3-93cc-41a2-a767-90f1826c041f,426,0,0,0,27,0,1,1,1,1791333466
2026-10-07T00:38:02+00:00,2026-10-07T00:39:24.483660+00:00,a825b55d-3ab3-481f-9c50-d3a7313e6843,228,4,0,1,15,0,1,1,1,1791333466
2026-10-07T00:38:02+00:00,2026-10-07T00:39:24.483660+00:00,f8349070-0de8-11e7-991c-3863bb43a7d0,61,2,0,1,16,0,1,1,1,1791333466
2026-10-07T00:38:02+00:00,2026-10-07T00:39:24.483660+00:00,1999644268058967024,1999644268058967024,18,2,2,4,0,1,1,1,1791333467
2026-10-07T00:38:02+00:00,2026-10-07T00:39:24.483660+00:00,aefc33cd-40b9-48da-8b87-415428816bdb,488,6,1,0,10,0,1,1,1,1791333467
2026-10-07T00:38:02+00:00,2026-10-07T00:39:24.483660+00:00,f834c6f5-0de8-11e7-991c-3863bb43a7d0,111,12,6,0,2,1,1,1,1,1791333465
2026-10-07T00:38:02+00:00,2026-10-07T00:39:24.483660+00:00,2110566771130438288,2110566771130438288,4,1,1,10,0,1,1,1,1791333463
2026-10-07T00:38:02+00:00,2026-10-07T00:39:24.483660+00:00,f83473ea-0de8-11e7-991c-3863bb43a7d0,27,12,2,1,11,0,1,1,1,1791333464
2026-10-07T00:38:02+00:00,2026-10-07T00:39:24.483660+00:00,e335fa7c-7adf-4360-9bfa-76b18124a56f,541,0,0,0,11,0,1,1,1,1791333464
2026-10-07T00:38:02+00:00,2026-10-07T00:39:24.483660+00:00,1997031876360597884,1997031876360597884,5,0,0,6,0,1,1,1,1791333451
2026-10-07T00:38:02+00:00,2026-10-07T00:39:24.483660+00:00,52ca4d94-587f-4a61-a298-a1a755e73bfb,362,14,1,0,5,0,1,1,1,1791333439
2026-10-07T00:38:02+00:00,2026-10-07T00:39:24.483660+00:00,f8346e51-0de8-11e7-991c-3863bb43a7d0,17,13,2,0,2,0,1,1,1,1791333439
2026-10-07T00:38:02+00:00,2026-10-07T00:39:24.483660+00:00,f834b183-0de8-11e7-991c-3863bb43a7d0,98,6,0,1,16,0,1,1,1,1791333449
2026-10-07T00:38:02+00:00,2026-10-07T00:39:24.483660+00:00,4d953f0f-13b5-4b3d-b2da-342003ff7cba,4d953f0f-13b5-4b3d-b2da-342003ff7cba,2,1,0,9,0,1,1,1,1791333450
2026-10-07T00:38:02+00:00,2026-10-07T00:39:24.483660+00:00,f834cb89-0de8-11e7-991c-3863bb43a7d0,115,11,1,1,7,0,1,1,1,1791333450
2026-10-07T00:38:02+00:00,2026-10-07T00:39:24.483660+00:00,f8348598-0de8-11e7-991c-3863bb43a7d0,49,3,0,1,14,0,1,1,1,1791333424
2026-10-07T00:38:02+00:00,2026-10-07T00:39:24.483660+00:00,199f3d59-e726-4549-b9c1-4dfc8a343fdb,508,9,6,0,2,0,1,1,1,1791333452
2026-10-07T00:38:02+00:00,2026-10-07T00:39:24.483660+00:00,f8351569-0de8-11e7-991c-3863bb43a7d0,181,15,2,2,2,0,1,1,1,1791333452
2026-10-07T00:38:02+00:00,2026-10-07T00:39:24.483660+00:00,f835244e-0de8-11e7-991c-3863bb43a7d0,202,6,0,0,9,0,1,1,1,1791333442
2026-10-07T00:38:02+00:00,2026-10-07T00:39:24.483660+00:00,2132460331327742574,2132460331327742574,0,0,0,17,0,1,1,1,1791333442
2026-10-07T00:38:02+00:00,2026-10-07T00:39:24.483660+00:00,1999639508813492766,1999639508813492766,4,0,1,15,0,1,1,1,1791333444
2026-10-07T00:38:02+00:00,2026-10-07T00:39:24.483660+00:00,8bc42f7f-753d-4cca-a7d6-0d7c2530ea2c,364,8,0,0,11,0,1,1,1,1791333443
2026-10-07T00:38:02+00:00,2026-10-07T00:39:24.483660+00:00,6cec3afa-554c-466f-8323-5c619fe0ddc6,6cec3afa-554c-466f-8323-5c619fe0ddc6,2,1,0,9,0,1,1,1,1791333446
2026-10-07T00:38:02+00:00,2026-10-07T00:39:24.483660+00:00,2124664048772581794,2124664048772581794,3,0,0,7,0,1,1,1,1791333446
2026-10-07T00:38:02+00:00,2026-10-07T00:39:24.483660+00:00,87b5a8b7-a330-4c51-ab32-7dafa292c88f,421,19,1,0,0,0,1,1,1,1791333458
2026-10-07T00:38:02+00:00,2026-10-07T00:39:24.483660+00:00,2250817396738253956,2250817396738253956,5,1,1,9,0,1,1,1,1791333388
2026-10-07T00:38:02+00:00,2026-10-07T00:39:24.483660+00:00,f834d260-0de8-11e7-991c-3863bb43a7d0,119,15,3,0,0,0,1,1,1,1791333461
2026-10-07T00:38:02+00:00,2026-10-07T00:39:24.483660+00:00,82b41ffb-e284-4e4d-b22a-0cad2bfd4bee,443,8,0,0,11,0,1,1,1,1791333461
2026-10-07T00:38:02+00:00,2026-10-07T00:39:24.483660+00:00,25d6f87f-7025-48c5-b202-f91511a4ae19,25d6f87f-7025-48c5-b202-f91511a4ae19,10,1,1,8,0,1,1,1,1791333468
2026-10-07T00:38:02+00:00,2026-10-07T00:39:24.483660+00:00,f8350129-0de8-11e7-991c-3863bb43a7d0,149,17,0,0,1,0,1,1,1,1791333468
2026-10-07T00:38:02+00:00,2026-10-07T00:39:24.483660+00:00,3de6e5da-9702-4623-8683-26abd98012a8,525,4,1,0,8,0,1,1,1,1791333351
2026-10-07T00:38:02+00:00,2026-10-07T00:39:24.483660+00:00,be7e7068-b85f-42c1-8ea1-e1d64e531323,be7e7068-b85f-42c1-8ea1-e1d64e531323,15,2,0,0,0,1,1,1,1791333356
2026-10-07T00:38:02+00:00,2026-10-07T00:39:24.483660+00:00,910f1452-dbeb-4e69-b226-71b2d7e85715,910f1452-dbeb-4e69-b226-71b2d7e85715,9,4,0,1,0,1,1,1,1791333359
2026-10-07T00:38:02+00:00,2026-10-07T00:39:24.483660+00:00,f834b652-0de8-11e7-991c-3863bb43a7d0,104,9,3,0,9,0,1,1,1,1791333359
2026-10-07T00:38:02+00:00,2026-10-07T00:39:24.483660+00:00,f834d064-0de8-11e7-991c-3863bb43a7d0,118,19,6,0,0,0,1,1,1,1791333359
2026-10-07T00:38:02+00:00,2026-10-07T00:39:24.483660+00:00,f8352c1a-0de8-11e7-991c-3863bb43a7d0,216,9,2,0,10,0,1,1,1,1791333357
2026-10-07T00:38:02+00:00,2026-10-07T00:39:24.483660+00:00,f83514f9-0de8-11e7-991c-3863bb43a7d0,180,12,1,1,6,0,1,1,1,1791333361
2026-10-07T00:38:02+00:00,2026-10-07T00:39:24.483660+00:00,f8349de4-0de8-11e7-991c-3863bb43a7d0,80,0,0,2,33,0,1,1,1,1791333372
2026-10-07T00:38:02+00:00,2026-10-07T00:39:24.483660+00:00,f8353277-0de8-11e7-991c-3863bb43a7d0,218,0,0,2,13,0,1,1,1,1791333372
2026-10-07T00:38:02+00:00,2026-10-07T00:39:24.483660+00:00,8b703219-1e16-4ba1-9f46-2b7030c7849a,360,3,2,2,10,0,1,1,1,1791333378
2026-10-07T00:38:02+00:00,2026-10-07T00:39:24.483660+00:00,a51b429f-bf06-425a-b3fe-b3155aa6468c,a51b429f-bf06-425a-b3fe-b3155aa6468c,4,3,1,6,0,1,1,1,1791333379
2026-10-07T00:38:02+00:00,2026-10-07T00:39:24.483660+00:00,efd724b2-31cb-4aec-b9d9-8ab79271630c,493,9,0,0,8,0,1,1,1,1791333380
2026-10-07T00:38:02+00:00,2026-10-07T00:39:24.483660+00:00,f834db9b-0de8-11e7-991c-3863bb43a7d0,121,17,7,0,0,0,1,1,1,1791333381
2026-10-07T00:38:02+00:00,2026-10-07T00:39:24.483660+00:00,1963273678015717438,1963273678015717438,0,0,0,19,0,1,1,1,1791333380
2026-10-07T00:38:02+00:00,2026-10-07T00:39:24.483660+00:00,fbb9b58c-2b92-4bcf-8e4c-a982e40d2f39,221,6,2,0,13,0,1,1,1,1791333377
2026-10-07T00:38:02+00:00,2026-10-07T00:39:24.483660+00:00,f834ff5a-0de8-11e7-991c-3863bb43a7d0,145,8,0,1,10,0,1,1,1,1791333391
2026-10-07T00:38:02+00:00,2026-10-07T00:39:24.483660+00:00,a439fff7-8630-464c-b277-efca6f6bc664,531,11,3,2,1,0,1,1,1,1791333388
2026-10-07T00:38:02+00:00,2026-10-07T00:39:24.483660+00:00,ee0fa23e-a6c2-474d-a6ef-bf581d63f1ae,ee0fa23e-a6c2-474d-a6ef-bf581d63f1ae,8,2,0,3,0,1,1,1,1791333369
2026-10-07T00:38:02+00:00,2026-10-07T00:39:24.483660+00:00,2113560016964645240,2113560016964645240,9,3,0,10,0,1,1,1,1791333368
2026-10-07T00:38:02+00:00,2026-10-07T00:39:24.483660+00:00,b5894555-30a3-46db-918a-fdeb083d6001,336,13,7,1,1,0,1,1,1,1791333369
2026-10-07T00:38:02+00:00,2026-10-07T00:39:24.483660+00:00,2253794653988522864,2253794653988522864,8,0,0,11,0,1,1,1,1791333347
2026-10-07T00:38:02+00:00,2026-10-07T00:39:24.483660+00:00,2126939746529359956,2126939746529359956,9,2,0,10,0,1,1,1,1791333384
2026-10-07T00:38:02+00:00,2026-10-07T00:39:24.483660+00:00,3f4f4ad4-a715-43d5-828f-f8381f26b66a,390,10,1,0,4,1,1,1,1,1791333388
2026-10-07T00:38:02+00:00,2026-10-07T00:39:24.483660+00:00,f8352150-0de8-11e7-991c-3863bb43a7d0,196,5,2,0,5,0,1,1,1,1791333387
2026-10-07T00:38:02+00:00,2026-10-07T00:39:24.483660+00:00,0bc49982-74e9-4bbf-9991-e3d809d6319e,530,3,0,0,16,0,1,1,1,1791333392
2026-10-07T00:38:02+00:00,2026-10-07T00:39:24.483660+00:00,2131714490587826928,2131714490587826928,9,6,2,5,0,1,1,1,1791333395
2026-10-07T00:38:02+00:00,2026-10-07T00:39:24.483660+00:00,2115804056935012722,2115804056935012722,11,1,0,8,0,1,1,1,1791333396
2026-10-07T00:38:02+00:00,2026-10-07T00:39:24.483660+00:00,3dbbb3cb-b52d-46f8-8f9c-db11e83d081c,327,13,7,1,1,0,1,1,1,1791333397
2026-10-07T00:38:02+00:00,2026-10-07T00:39:24.483660+00:00,f8349d6e-0de8-11e7-991c-3863bb43a7d0,79,13,1,0,5,0,1,1,1,1791333397
2026-10-07T00:38:02+00:00,2026-10-07T00:39:24.483660+00:00,f83487f0-0de8-11e7-991c-3863bb43a7d0,54,7,0,0,8,0,1,1,1,1791333396
2026-10-07T00:38:02+00:00,2026-10-07T00:39:24.483660+00:00,4caf6e93-ddd7-4b6f-9e61-f9df1206ac92,4caf6e93-ddd7-4b6f-9e61-f9df1206ac92,7,2,0,12,0,1,1,1,1791333396
2026-10-07T00:38:02+00:00,2026-10-07T00:39:24.483660+00:00,f8348857-0de8-11e7-991c-3863bb43a7d0,55,1,0,0,14,0,1,1,1,1791333396
2026-10-07T00:38:02+00:00,2026-10-07T00:39:24.483660+00:00,ee18dbd6-05b8-4d38-a120-f84c3499a77e,519,6,4,1,3,0,1,1,1,1791333394
2026-10-07T00:38:02+00:00,2026-10-07T00:39:24.483660+00:00,c98f50f6-1901-4c64-b164-8cf33245e022,282,13,0,1,3,1,1,1,1,1791333395
2026-10-07T00:38:02+00:00,2026-10-07T00:39:24.483660+00:00,f8352a4d-0de8-11e7-991c-3863bb43a7d0,212,18,0,1,13,0,1,1,1,1791333399
2026-10-07T00:38:02+00:00,2026-10-07T00:39:24.483660+00:00,2124668538068359456,2124668538068359456,15,0,1,3,0,1,1,1,1791333401
2026-10-07T00:38:02+00:00,2026-10-07T00:39:24.483660+00:00,2080157934789007958,2080157934789007958,16,2,2,1,0,1,1,1,1791333353
2026-10-07T00:38:02+00:00,2026-10-07T00:39:24.483660+00:00,dd8dee9d-d044-41d6-9371-8463cf9c671b,526,7,4,0,7,1,1,1,1,1791333401
2026-10-07T00:38:02+00:00,2026-10-07T00:39:24.483660+00:00,3a6d94a7-9fee-41c5-b8cc-a8487c5e691b,549,19,2,1,3,0,1,1,1,1791333398
2026-10-07T00:38:02+00:00,2026-10-07T00:39:24.483660+00:00,68323451-daf0-4532-a6cb-b070e3ef358f,68323451-daf0-4532-a6cb-b070e3ef358f,10,0,0,9,0,1,1,1,1791333402
2026-10-07T00:38:02+00:00,2026-10-07T00:39:24.483660+00:00,2012646293885032702,2012646293885032702,3,0,1,20,0,1,1,1,1791333403
2026-10-07T00:38:02+00:00,2026-10-07T00:39:24.483660+00:00,f8352306-0de8-11e7-991c-3863bb43a7d0,199,10,6,1,4,0,1,1,1,1791333403
2026-10-07T00:38:02+00:00,2026-10-07T00:39:24.483660+00:00,f835259f-0de8-11e7-991c-3863bb43a7d0,205,3,0,1,11,0,1,1,1,1791333402
2026-10-07T00:38:02+00:00,2026-10-07T00:39:24.483660+00:00,0cb6d635-6a7d-4d75-89b4-36b12616be12,432,10,6,0,9,0,1,1,1,1791333403
2026-10-07T00:38:02+00:00,2026-10-07T00:39:24.483660+00:00,f8351ff1-0de8-11e7-991c-3863bb43a7d0,193,7,0,1,6,0,1,1,1,1791333404
2026-10-07T00:38:02+00:00,2026-10-07T00:39:24.483660+00:00,2100948177843249670,2100948177843249670,5,4,1,5,0,1,1,1,1791333405
2026-10-07T00:38:02+00:00,2026-10-07T00:39:24.483660+00:00,2079440939380771716,2079440939380771716,3,2,1,7,0,1,1,1,1791333412
2026-10-07T00:38:02+00:00,2026-10-07T00:39:24.483660+00:00,f834a32d-0de8-11e7-991c-3863bb43a7d0,86,19,2,0,6,0,1,1,1,1791333412
2026-10-07T00:38:02+00:00,2026-10-07T00:39:24.483660+00:00,4764641e-b080-4c70-a1e1-049de81e09d0,273,25,1,1,14,0,1,1,1,1791333412
2026-10-07T00:38:02+00:00,2026-10-07T00:39:24.483660+00:00,082262bd-086b-46c7-83ce-eed2b39142ff,416,2,1,0,13,0,1,1,1,1791333412
2026-10-07T00:38:02+00:00,2026-10-07T00:39:24.483660+00:00,634b697d-0e64-4102-8849-abac7a7f8e35,455,3,1,0,9,0,1,1,1,1791333407
2026-10-07T00:38:02+00:00,2026-10-07T00:39:24.483660+00:00,dc770287-c70c-43ea-a635-39f3dc6b09cd,dc770287-c70c-43ea-a635-39f3dc6b09cd,6,2,0,5,0,1,1,1,1791333407
2026-10-07T00:38:02+00:00,2026-10-07T00:39:24.483660+00:00,2158217922577811100,2158217922577811100,7,0,0,12,0,1,1,1,1791333408
2026-10-07T00:38:02+00:00,2026-10-07T00:39:24.483660+00:00,f834fda2-0de8-11e7-991c-3863bb43a7d0,143,6,1,0,17,0,1,1,1,1791333410
2026-10-07T00:38:02+00:00,2026-10-07T00:39:24.483660+00:00,fae99a0c-e88a-4112-94d8-f655cf34e651,fae99a0c-e88a-4112-94d8-f655cf34e651,1,0,1,17,0,1,1,1,1791333411
2026-10-07T00:38:02+00:00,2026-10-07T00:39:24.483660+00:00,50cc3c7f-50ed-4c70-b483-c89f3f47c938,491,16,0,0,3,0,1,1,1,1791333413
2026-10-07T00:38:02+00:00,2026-10-07T00:39:24.483660+00:00,f8349672-0de8-11e7-991c-3863bb43a7d0,72,1,0,0,22,0,1,1,1,1791333413
2026-10-07T00:38:02+00:00,2026-10-07T00:39:24.483660+00:00,609c2f06-310e-4134-8dd2-3d23aa41487b,609c2f06-310e-4134-8dd2-3d23aa41487b,10,1,1,11,0,1,1,1,1791333418
2026-10-07T00:38:02+00:00,2026-10-07T00:39:24.483660+00:00,31382324-2931-491a-827a-40149e45afee,232,6,1,0,5,0,1,1,1,1791333418
2026-10-07T00:38:02+00:00,2026-10-07T00:39:24.483660+00:00,a9d13461-7f0f-47b0-9a97-8ec9e9792865,533,14,0,1,3,0,1,1,1,1791333415
2026-10-07T00:38:02+00:00,2026-10-07T00:39:24.483660+00:00,f83472d3-0de8-11e7-991c-3863bb43a7d0,25,15,1,0,0,0,1,1,1,1791333423
2026-10-07T00:38:02+00:00,2026-10-07T00:39:24.483660+00:00,2002247509585342522,2002247509585342522,11,1,0,0,0,1,1,1,1791333424
2026-10-07T00:38:02+00:00,2026-10-07T00:39:24.483660+00:00,a9bc314b-a3fd-46e5-a63b-f005258bba5f,a9bc314b-a3fd-46e5-a63b-f005258bba5f,1,0,0,16,1,1,1,1,1791333424
2026-10-07T00:38:02+00:00,2026-10-07T00:39:24.483660+00:00,13681246-4bf8-444a-a908-fa165e4ad298,329,14,2,1,0,0,1,1,1,1791333421
2026-10-07T00:38:02+00:00,2026-10-07T00:39:24.483660+00:00,f836bc28-36a7-4ca6-bba6-0d75333d84bb,538,13,1,1,5,0,1,1,1,1791333421
2026-10-07T00:38:02+00:00,2026-10-07T00:39:24.483660+00:00,f4a64c30-b97f-4ae5-b531-a11698b558d7,562,5,1,0,4,0,1,1,1,1791333419
2026-10-07T00:38:02+00:00,2026-10-07T00:39:24.483660+00:00,2035765531590062506,2035765531590062506,6,1,2,3,0,1,1,1,1791333427
2026-10-07T00:38:02+00:00,2026-10-07T00:39:24.483660+00:00,25cc602a-152a-4abe-9df8-a131d0a5d94b,235,13,4,0,2,0,1,1,1,1791333425
2026-10-07T00:38:02+00:00,2026-10-07T00:39:24.483660+00:00,f8347361-0de8-11e7-991c-3863bb43a7d0,26,15,0,0,0,0,1,1,1,1791333427
2026-10-07T00:38:02+00:00,2026-10-07T00:39:24.483660+00:00,2171110977443594588,2171110977443594588,5,0,1,9,0,1,1,1,1791333428
2026-10-07T00:38:02+00:00,2026-10-07T00:39:24.483660+00:00,2120986392451359068,2120986392451359068,5,1,1,13,0,1,1,1,1791333429
2026-10-07T00:38:02+00:00,2026-10-07T00:39:24.483660+00:00,f8346a3c-0de8-11e7-991c-3863bb43a7d0,10,4,0,1,6,0,1,1,1,1791333429
2026-10-07T00:38:02+00:00,2026-10-07T00:39:24.483660+00:00,e49a5b83-2c9c-4610-a48b-89cfea172c8f,504,4,1,0,7,0,1,1,1,1791333430
2026-10-07T00:38:02+00:00,2026-10-07T00:39:24.483660+00:00,f8351e42-0de8-11e7-991c-3863bb43a7d0,189,0,0,1,22,0,1,1,1,1791333430
2026-10-07T00:38:02+00:00,2026-10-07T00:39:24.483660+00:00,2071724371800490690,2071724371800490690,17,0,0,3,0,1,1,1,1791333430
2026-10-07T00:38:02+00:00,2026-10-07T00:39:24.483660+00:00,2fded452-cbd0-4248-b008-f8a61ed9a85f,2fded452-cbd0-4248-b008-f8a61ed9a85f,1,0,0,14,0,1,1,1,1791333435
2026-10-07T00:38:02+00:00,2026-10-07T00:39:24.483660+00:00,dd008e3c-ff17-4c82-abe0-502272a62425,558,3,0,0,15,0,1,1,1,1791333436
2026-10-07T00:38:02+00:00,2026-10-07T00:39:24.483660+00:00,8f51f8f1-ecb8-4cd3-8529-296a03140c51,8f51f8f1-ecb8-4cd3-8529-296a03140c51,10,3,0,9,0,1,1,1,1791333435
2026-10-07T00:38:02+00:00,2026-10-07T00:39:24.483660+00:00,f8348781-0de8-11e7-991c-3863bb43a7d0,53,16,0,0,3,0,1,1,1,1791333436
2026-10-07T00:38:02+00:00,2026-10-07T00:39:24.483660+00:00,f1cafe36-f800-41f6-b74d-73953cb6394c,471,0,0,0,27,0,1,1,1,1791333439
2026-10-07T00:38:02+00:00,2026-10-07T00:39:24.483660+00:00,a3b94ed8-8301-4ec6-baf2-64ac493b5106,529,1,1,0,13,0,1,1,1,1791333438
2026-10-07T00:38:02+00:00,2026-10-07T00:39:24.483660+00:00,f835141c-0de8-11e7-991c-3863bb43a7d0,178,11,0,1,5,0,1,1,1,1791333438
2026-10-07T00:38:02+00:00,2026-10-07T00:39:24.483660+00:00,1984021766354634770,1984021766354634770,14,0,0,5,0,1,1,1,1791333438
2026-10-07T00:38:02+00:00,2026-10-07T00:39:24.483660+00:00,d81e16e2-a410-4a0b-b5ae-b72748fc9781,d81e16e2-a410-4a0b-b5ae-b72748fc9781,1,0,1,17,0,1,1,1,1791333439
2026-10-07T00:38:02+00:00,2026-10-07T00:39:24.483660+00:00,f834ffc9-0de8-11e7-991c-3863bb43a7d0,146,9,2,0,10,0,1,1,1,1791333436
2026-10-07T00:38:02+00:00,2026-10-07T00:39:24.483660+00:00,2256120653476329202,2256120653476329202,12,1,0,3,0,1,1,1,1791333442
2026-10-07T00:38:02+00:00,2026-10-07T00:39:24.483660+00:00,f8350c56-0de8-11e7-991c-3863bb43a7d0,161,23,7,0,0,0,1,1,1,1791333444
2026-10-07T00:38:02+00:00,2026-10-07T00:39:24.483660+00:00,b0b8e427-7203-4844-9c70-129e08a74452,347,12,4,1,1,0,1,1,1,1791333444
2026-10-07T00:38:02+00:00,2026-10-07T00:39:24.483660+00:00,3c837bc0-fd08-49c4-adf5-0e9a98e918a7,524,8,0,1,6,0,1,1,1,1791333445
2026-10-07T00:38:02+00:00,2026-10-07T00:39:24.483660+00:00,af066ffd-b892-434f-8532-1982fc408780,480,2,0,0,9,0,1,1,1,1791333449
2026-10-07T00:38:02+00:00,2026-10-07T00:39:24.483660+00:00,f8348021-0de8-11e7-991c-3863bb43a7d0,39,24,0,0,3,0,1,1,1,1791333450
2026-10-07T00:38:02+00:00,2026-10-07T00:39:24.483660+00:00,2004828637786472956,2004828637786472956,15,7,1,3,0,1,1,1,1791333449
2026-10-07T00:38:02+00:00,2026-10-07T00:39:24.483660+00:00,f8350be5-0de8-11e7-991c-3863bb43a7d0,160,3,0,0,11,0,1,1,1,1791333445
2026-10-07T00:38:02+00:00,2026-10-07T00:39:24.483660+00:00,2223046412750968128,2223046412750968128,2,1,0,17,0,1,1,1,1791333448
2026-10-07T00:38:02+00:00,2026-10-07T00:39:24.483660+00:00,f835027c-0de8-11e7-991c-3863bb43a7d0,152,8,0,0,19,0,1,1,1,1791333449
2026-10-07T00:38:02+00:00,2026-10-07T00:39:24.483660+00:00,66763558-7a03-48a9-8665-6b4445b81f48,458,11,4,0,4,0,1,1,1,1791333451
2026-10-07T00:38:02+00:00,2026-10-07T00:39:24.483660+00:00,f8348924-0de8-11e7-991c-3863bb43a7d0,57,12,0,0,2,0,1,1,1,1791333456
2026-10-07T00:38:02+00:00,2026-10-07T00:39:24.483660+00:00,1206f5c8-7d1f-4c32-9d65-f3e80186fbde,511,8,5,1,10,0,1,1,1,1791333450
2026-10-07T00:38:02+00:00,2026-10-07T00:39:24.483660+00:00,3b158c7a-a362-43ae-af1f-121b78be32d7,483,8,4,1,8,0,1,1,1,1791333459
2026-10-07T00:38:02+00:00,2026-10-07T00:39:24.483660+00:00,7dd0fc98-c1dd-4c93-9c1d-4bbdf5f93346,473,14,9,0,0,0,1,1,1,1791333460
2026-10-07T00:38:02+00:00,2026-10-07T00:39:24.483660+00:00,2074236051937964826,2074236051937964826,13,2,0,2,1,1,1,1,1791333460
2026-10-07T00:38:02+00:00,2026-10-07T00:39:24.483660+00:00,f8346c01-0de8-11e7-991c-3863bb43a7d0,13,2,0,0,18,0,1,1,1,1791333458
2026-10-07T00:38:02+00:00,2026-10-07T00:39:24.483660+00:00,2136546016037880534,2136546016037880534,7,0,0,8,0,1,1,1,1791333458
2026-10-07T00:38:02+00:00,2026-10-07T00:39:24.483660+00:00,2248987790637065652,2248987790637065652,4,3,0,8,0,1,1,1,1791333456
2026-10-07T00:38:02+00:00,2026-10-07T00:39:24.483660+00:00,1961066392414132348,1961066392414132348,0,0,0,19,0,1,1,1,1791333457
2026-10-07T00:38:02+00:00,2026-10-07T00:39:24.483660+00:00,57caf362-1e8b-46aa-9ee3-82341c405ab0,271,6,3,1,8,0,1,1,1,1791333458
2026-10-07T00:38:02+00:00,2026-10-07T00:39:24.483660+00:00,1e3beeb4-f8e1-452c-93e5-48df78d4b313,334,9,2,0,9,0,1,1,1,1791333459
2026-10-07T00:38:02+00:00,2026-10-07T00:39:24.483660+00:00,f834fb66-0de8-11e7-991c-3863bb43a7d0,139,14,1,2,3,0,1,1,1,1791333463
2026-10-07T00:38:02+00:00,2026-10-07T00:39:24.483660+00:00,f834923d-0de8-11e7-991c-3863bb43a7d0,65,12,0,0,7,0,1,1,1,1791333463
2026-10-07T00:38:02+00:00,2026-10-07T00:39:24.483660+00:00,dd05a440-f881-410c-a071-864da11c634a,318,1,0,0,18,0,1,1,1,1791333464
2026-10-07T00:38:02+00:00,2026-10-07T00:39:24.483660+00:00,c935cfb1-ef73-402e-9b86-83aaaac6534d,478,5,0,0,14,0,1,1,1,1791333463
2026-10-07T00:38:02+00:00,2026-10-07T00:39:24.483660+00:00,f834b50a-0de8-11e7-991c-3863bb43a7d0,102,7,3,0,8,0,1,1,1,1791333465
2026-10-07T00:38:02+00:00,2026-10-07T00:39:24.483660+00:00,e3f5d039-a49e-4b3b-ab4d-4efbef2068c6,e3f5d039-a49e-4b3b-ab4d-4efbef2068c6,16,1,0,6,0,1,1,1,1791333465
2026-10-07T00:38:02+00:00,2026-10-07T00:39:24.483660+00:00,2111332861978124760,2111332861978124760,3,1,1,12,0,1,1,1,1791333465
2026-10-07T00:38:02+00:00,2026-10-07T00:39:24.483660+00:00,1994461916590643872,1994461916590643872,7,2,1,3,0,1,1,1,1791333468
2026-10-07T00:38:02+00:00,2026-10-07T00:39:24.483660+00:00,12141b77-6e5f-444b-bace-2abf16db4fee,12141b77-6e5f-444b-bace-2abf16db4fee,0,0,11,0,0,1,0,0,1791320514
2026-10-07T00:38:02+00:00,2026-10-07T00:39:24.483660+00:00,2254164250455119196,2254164250455119196,8,7,0,7,0,1,1,1,1791333326
2026-10-07T00:38:02+00:00,2026-10-07T00:39:24.483660+00:00,f8352068-0de8-11e7-991c-3863bb43a7d0,194,10,2,0,9,0,1,1,1,1791333350
2026-10-07T00:38:02+00:00,2026-10-07T00:39:24.483660+00:00,f8351eb0-0de8-11e7-991c-3863bb43a7d0,190,32,2,1,4,0,1,1,1,1791333348
2026-10-07T00:38:02+00:00,2026-10-07T00:39:24.483660+00:00,f714390d-6874-43fa-a079-a07f83c79c7b,f714390d-6874-43fa-a079-a07f83c79c7b,9,2,0,2,0,1,1,1,1791333349
2026-10-07T00:38:02+00:00,2026-10-07T00:39:24.483660+00:00,53548ba4-ad0a-4d92-8e57-fd5c9f3ad102,399,4,0,0,11,0,1,1,1,1791333354
2026-10-07T00:38:02+00:00,2026-10-07T00:39:24.483660+00:00,be18593a-9e4c-4a13-8bb2-a5bac3d9b2b3,547,11,3,0,7,0,1,1,1,1791333359
2026-10-07T00:38:02+00:00,2026-10-07T00:39:24.483660+00:00,2271594282663217386,2271594282663217386,2,2,0,9,0,1,1,1,1791333294
2026-10-07T00:38:02+00:00,2026-10-07T00:39:24.483660+00:00,81bfc33b-30d8-4881-b261-712715a8b2bc,363,3,0,0,14,1,1,1,1,1791333358
2026-10-07T00:38:02+00:00,2026-10-07T00:39:24.483660+00:00,2109111257926871498,2109111257926871498,10,2,1,8,0,1,1,1,1791333362
2026-10-07T00:38:02+00:00,2026-10-07T00:39:24.483660+00:00,6e340d8e-45db-4fd9-b6eb-b74ec73b0d3e,535,8,3,1,6,0,1,1,1,1791333366
2026-10-07T00:38:02+00:00,2026-10-07T00:39:24.483660+00:00,f834a7d1-0de8-11e7-991c-3863bb43a7d0,91,6,0,0,13,0,1,1,1,1791333368
2026-10-07T00:38:02+00:00,2026-10-07T00:39:24.483660+00:00,c5017e67-cada-4549-a52e-0f13dddd289d,424,10,6,0,9,0,1,1,1,1791333371
2026-10-07T00:38:02+00:00,2026-10-07T00:39:24.483660+00:00,2118368356250680236,2118368356250680236,1,0,0,15,0,1,1,1,1791333371
2026-10-07T00:38:02+00:00,2026-10-07T00:39:24.483660+00:00,f835108b-0de8-11e7-991c-3863bb43a7d0,170,6,1,0,8,0,1,1,1,1791333371
2026-10-07T00:38:02+00:00,2026-10-07T00:39:24.483660+00:00,f8351dc2-0de8-11e7-991c-3863bb43a7d0,188,15,3,0,0,0,1,1,1,1791333372
2026-10-07T00:38:02+00:00,2026-10-07T00:39:24.483660+00:00,9340e113-e0b2-48ac-b58a-8b6f001b0a94,486,4,1,0,7,0,1,1,1,1791333370
2026-10-07T00:38:02+00:00,2026-10-07T00:39:24.483660+00:00,2d32e355-faee-407b-9bb7-45d80ffb059a,2d32e355-faee-407b-9bb7-45d80ffb059a,0,0,1,18,0,1,1,1,1791333372
2026-10-07T00:38:02+00:00,2026-10-07T00:39:24.483660+00:00,2038981933682610536,2038981933682610536,5,0,0,11,0,1,1,1,1791333367
2026-10-07T00:38:02+00:00,2026-10-07T00:39:24.483660+00:00,2129865213174084448,2129865213174084448,2,0,0,17,0,1,1,1,1791333377
2026-10-07T00:38:02+00:00,2026-10-07T00:39:24.483660+00:00,bd1755dc-f26c-420e-85b3-fd025d0b5445,554,6,1,2,7,0,1,1,1,1791333376
2026-10-07T00:38:02+00:00,2026-10-07T00:39:24.483660+00:00,f834ea45-0de8-11e7-991c-3863bb43a7d0,130,8,1,0,7,0,1,1,1,1791333375
2026-10-07T00:38:02+00:00,2026-10-07T00:39:24.483660+00:00,f834ab92-0de8-11e7-991c-3863bb43a7d0,95,14,0,1,0,0,1,1,1,1791333376
2026-10-07T00:38:02+00:00,2026-10-07T00:39:24.483660+00:00,9cc65d3d-cfcc-45ff-8f75-7264556b1cf9,9cc65d3d-cfcc-45ff-8f75-7264556b1cf9,18,5,0,1,0,1,1,1,1791333377
2026-10-07T00:38:02+00:00,2026-10-07T00:39:24.483660+00:00,f0f01d4c-ba4a-4ab2-9cc0-9fa1f9223300,394,6,3,0,8,0,1,1,1,1791333403
2026-10-07T00:38:02+00:00,2026-10-07T00:39:24.483660+00:00,2096125468116637776,2096125468116637776,12,0,0,3,0,1,1,1,1791333404
2026-10-07T00:38:02+00:00,2026-10-07T00:39:24.483660+00:00,2093488029445054742,2093488029445054742,8,1,1,19,0,1,1,1,1791333407
2026-10-07T00:38:02+00:00,2026-10-07T00:39:24.483660+00:00,42886366-9cbf-432c-ba84-beef38877c87,408,14,5,0,1,0,1,1,1,1791333408
2026-10-07T00:38:02+00:00,2026-10-07T00:39:24.483660+00:00,f834b99d-0de8-11e7-991c-3863bb43a7d0,107,1,0,0,17,0,1,1,1,1791333388
2026-10-07T00:38:02+00:00,2026-10-07T00:39:24.483660+00:00,c1789d39-705f-4c03-9c14-4d6a3a4f4400,561,0,0,0,19,0,1,1,1,1791333395
2026-10-07T00:38:02+00:00,2026-10-07T00:39:24.483660+00:00,f8351726-0de8-11e7-991c-3863bb43a7d0,185,1,0,2,12,0,1,1,1,1791333395
2026-10-07T00:38:02+00:00,2026-10-07T00:39:24.483660+00:00,2151136782588526782,2151136782588526782,8,1,1,2,0,1,1,1,1791333395
2026-10-07T00:38:02+00:00,2026-10-07T00:39:24.483660+00:00,f834fede-0de8-11e7-991c-3863bb43a7d0,144,6,0,0,13,0,1,1,1,1791333392
2026-10-07T00:38:02+00:00,2026-10-07T00:39:24.483660+00:00,403c0f6c-d01a-4171-a7be-3aa4dbb0d7d1,407,6,5,2,10,0,1,1,1,1791333396
2026-10-07T00:38:02+00:00,2026-10-07T00:39:24.483660+00:00,eee3aab6-bd98-4d1f-8887-9c4e2adce482,eee3aab6-bd98-4d1f-8887-9c4e2adce482,9,3,2,0,0,1,1,1,1791333394
2026-10-07T00:38:02+00:00,2026-10-07T00:39:24.483660+00:00,f83515d8-0de8-11e7-991c-3863bb43a7d0,182,10,0,0,8,0,1,1,1,1791333413
2026-10-07T00:38:02+00:00,2026-10-07T00:39:24.483660+00:00,065e0e5d-8a0d-49b7-9c1f-c8eaba51a8b4,490,12,4,1,5,0,1,1,1,1791333415
2026-10-07T00:38:02+00:00,2026-10-07T00:39:24.483660+00:00,81676204-e42f-4d3d-991e-9c1264f36229,357,15,2,0,0,0,1,1,1,1791333435
2026-10-07T00:38:02+00:00,2026-10-07T00:39:24.483660+00:00,f8347b1e-0de8-11e7-991c-3863bb43a7d0,30,0,0,0,15,0,1,1,1,1791333436
2026-10-07T00:38:02+00:00,2026-10-07T00:39:24.483660+00:00,2245672241002318634,2245672241002318634,4,3,1,13,0,1,1,1,1791333439
2026-10-07T00:38:02+00:00,2026-10-07T00:39:24.483660+00:00,ed6c012e-6d6c-41e7-8e01-90749fd67575,546,11,10,0,5,0,1,1,1,1791333434
2026-10-07T00:38:02+00:00,2026-10-07T00:39:24.483660+00:00,2249419943962214726,2249419943962214726,2,1,1,16,0,1,1,1,1791333436
2026-10-07T00:38:02+00:00,2026-10-07T00:39:24.483660+00:00,f83520d8-0de8-11e7-991c-3863bb43a7d0,195,13,1,1,9,0,1,1,1,1791333436
2026-10-07T00:38:02+00:00,2026-10-07T00:39:24.483660+00:00,e32c0bb9-e85b-4764-b0fb-5c582cfd3a90,340,14,8,1,2,2,1,1,1,1791333433
2026-10-07T00:38:02+00:00,2026-10-07T00:39:24.483660+00:00,a3bf0bfe-198b-4160-a2fb-cc7d10cfb4cf,a3bf0bfe-198b-4160-a2fb-cc7d10cfb4cf,7,0,0,12,0,1,1,1,1791333433
2026-10-07T00:38:02+00:00,2026-10-07T00:39:24.483660+00:00,f83481c5-0de8-11e7-991c-3863bb43a7d0,42,9,0,1,20,0,1,1,1,1791333432
2026-10-07T00:38:02+00:00,2026-10-07T00:39:24.483660+00:00,f834caf2-0de8-11e7-991c-3863bb43a7d0,114,7,2,0,8,0,1,1,1,1791333436
2026-10-07T00:38:02+00:00,2026-10-07T00:39:24.483660+00:00,5f8ced09-665c-41e5-b67e-1e58fac21830,521,3,0,0,8,0,1,1,1,1791333438
2026-10-07T00:38:02+00:00,2026-10-07T00:39:24.483660+00:00,f8285d4f-5053-4e26-bb28-72016fe11353,405,10,0,0,9,0,1,1,1,1791333434
2026-10-07T00:38:02+00:00,2026-10-07T00:39:24.483660+00:00,f83483f3-0de8-11e7-991c-3863bb43a7d0,46,14,1,1,24,0,1,1,1,1791333438
2026-10-07T00:38:02+00:00,2026-10-07T00:39:24.483660+00:00,93381e13-cd04-4e10-ac81-9f5926aa01d5,333,15,4,1,8,0,1,1,1,1791333443
2026-10-07T00:38:02+00:00,2026-10-07T00:39:24.483660+00:00,9e9be067-c6bb-41de-9491-eda69d24d6de,371,16,7,0,2,1,1,1,1,1791333443
2026-10-07T00:38:02+00:00,2026-10-07T00:39:24.483660+00:00,f835260c-0de8-11e7-991c-3863bb43a7d0,206,14,10,0,26,0,1,1,1,1791333441
2026-10-07T00:38:02+00:00,2026-10-07T00:39:24.483660+00:00,2076849845777355316,2076849845777355316,25,7,3,1,3,1,1,1,1791333441
2026-10-07T00:38:02+00:00,2026-10-07T00:39:24.483660+00:00,7feae3ce-ddf2-4a45-a123-1209c8a9182b,484,2,0,0,9,0,1,1,1,1791333442
2026-10-07T00:38:02+00:00,2026-10-07T00:39:24.483660+00:00,c202f2ca-ec1d-4dc5-a734-e0a342f23ba4,279,19,1,1,3,0,1,1,1,1791333442
2026-10-07T00:38:02+00:00,2026-10-07T00:39:24.483660+00:00,2002579415401984808,2002579415401984808,5,0,0,6,0,1,1,1,1791333442
2026-10-07T00:38:02+00:00,2026-10-07T00:39:24.483660+00:00,f834a838-0de8-11e7-991c-3863bb43a7d0,92,10,2,1,7,0,1,1,1,1791333442
2026-10-07T00:38:02+00:00,2026-10-07T00:39:24.483660+00:00,12d463d2-ce50-43bd-81b1-6be4dbdbbc1b,430,13,4,0,6,0,1,1,1,1791333442
2026-10-07T00:38:02+00:00,2026-10-07T00:39:24.483660+00:00,f834658f-0de8-11e7-991c-3863bb43a7d0,4,15,1,2,2,0,1,1,1,1791333443
2026-10-07T00:38:02+00:00,2026-10-07T00:39:24.483660+00:00,f8352ac4-0de8-11e7-991c-3863bb43a7d0,213,0,0,2,11,0,1,1,1,1791333440
2026-10-07T00:38:02+00:00,2026-10-07T00:39:24.483660+00:00,2220822464984366036,2220822464984366036,3,1,1,8,0,1,1,1,1791333440
2026-10-07T00:38:02+00:00,2026-10-07T00:39:24.483660+00:00,f834a3a0-0de8-11e7-991c-3863bb43a7d0,87,14,3,0,1,0,1,1,1,1791333442
2026-10-07T00:38:02+00:00,2026-10-07T00:39:24.483660+00:00,2040842277416872172,2040842277416872172,0,0,1,15,0,1,1,1,1791333442
2026-10-07T00:38:02+00:00,2026-10-07T00:39:24.483660+00:00,1676a6f7-c417-48d2-92e8-5ce21995efc3,374,1,0,0,17,0,1,1,1,1791333382
2026-10-07T00:38:02+00:00,2026-10-07T00:39:24.483660+00:00,9c8366d8-3b58-4894-b281-09e22f6fe5f7,464,3,0,0,8,0,1,1,1,1791333380
2026-10-07T00:38:02+00:00,2026-10-07T00:39:24.483660+00:00,1989983491501558234,1989983491501558234,2,0,0,9,0,1,1,1,1791333381
2026-10-07T00:38:02+00:00,2026-10-07T00:39:24.483660+00:00,13d4171b-6d93-490e-923f-f2a17d5c7613,13d4171b-6d93-490e-923f-f2a17d5c7613,2,1,3,6,0,1,1,1,1791333382
2026-10-07T00:38:02+00:00,2026-10-07T00:39:24.483660+00:00,f834824e-0de8-11e7-991c-3863bb43a7d0,43,0,0,0,15,0,1,1,1,1791333379
2026-10-07T00:38:02+00:00,2026-10-07T00:39:24.483660+00:00,4f25f6ef-236b-43b4-8a92-68a24db0504b,4f25f6ef-236b-43b4-8a92-68a24db0504b,12,6,1,1,0,1,1,1,1791333386
2026-10-07T00:38:02+00:00,2026-10-07T00:39:24.483660+00:00,186accbb-6a08-4e1d-b267-9033c4443a56,401,10,2,1,4,0,1,1,1,1791333386
2026-10-07T00:38:02+00:00,2026-10-07T00:39:24.483660+00:00,f8352378-0de8-11e7-991c-3863bb43a7d0,200,14,0,0,5,0,1,1,1,1791333387
2026-10-07T00:38:02+00:00,2026-10-07T00:39:24.483660+00:00,2007420398783036020,2007420398783036020,3,0,0,17,0,1,1,1,1791333386
2026-10-07T00:38:02+00:00,2026-10-07T00:39:24.483660+00:00,a75d3da1-ce74-447f-8e80-52506a81aff3,a75d3da1-ce74-447f-8e80-52506a81aff3,8,7,0,3,0,1,1,1,1791333389
2026-10-07T00:38:02+00:00,2026-10-07T00:39:24.483660+00:00,4fe8e777-345b-4fc2-a684-dd874e8186d8,4fe8e777-345b-4fc2-a684-dd874e8186d8,7,3,1,7,0,1,1,1,1791333398
2026-10-07T00:38:02+00:00,2026-10-07T00:39:24.483660+00:00,1978882443666915710,1978882443666915710,12,0,0,5,1,1,1,1,1791333399
2026-10-07T00:38:02+00:00,2026-10-07T00:39:24.483660+00:00,f83489ff-0de8-11e7-991c-3863bb43a7d0,59,0,0,1,17,1,1,1,1,1791333398
2026-10-07T00:38:02+00:00,2026-10-07T00:39:24.483660+00:00,2014558273483754010,2014558273483754010,12,2,0,7,0,1,1,1,1791333396
2026-10-07T00:38:02+00:00,2026-10-07T00:39:24.483660+00:00,fe6a64e7-c712-404c-85ae-ee77a37245b1,355,7,1,1,9,0,1,1,1,1791333397
2026-10-07T00:38:02+00:00,2026-10-07T00:39:24.483660+00:00,1a39ab83-f029-4134-aad4-35380b30bf2c,1a39ab83-f029-4134-aad4-35380b30bf2c,7,0,0,12,0,1,1,1,1791333421
2026-10-07T00:38:02+00:00,2026-10-07T00:39:24.483660+00:00,2104f242-2dde-4ec0-8197-4454b1021ac1,381,16,9,2,5,1,1,1,1,1791333421
2026-10-07T00:38:02+00:00,2026-10-07T00:39:24.483660+00:00,1942556871369959976,1942556871369959976,14,6,1,4,0,1,1,1,1791333419
2026-10-07T00:38:02+00:00,2026-10-07T00:39:24.483660+00:00,f834ba08-0de8-11e7-991c-3863bb43a7d0,108,0,0,0,16,0,1,1,1,1791333419
2026-10-07T00:38:02+00:00,2026-10-07T00:39:24.483660+00:00,f8348a68-0de8-11e7-991c-3863bb43a7d0,60,4,1,3,11,0,1,1,1,1791333418
2026-10-07T00:38:02+00:00,2026-10-07T00:39:24.483660+00:00,f834f8ca-0de8-11e7-991c-3863bb43a7d0,137,10,7,3,4,2,1,1,1,1791333418
2026-10-07T00:38:02+00:00,2026-10-07T00:39:24.483660+00:00,7c860828-3359-4229-b59b-963f5a4bab00,236,4,1,2,6,0,1,1,1,1791333423
2026-10-07T00:38:02+00:00,2026-10-07T00:39:24.483660+00:00,2267959380696438832,2267959380696438832,7,0,0,4,0,1,1,1,1791333423
2026-10-07T00:38:02+00:00,2026-10-07T00:39:24.483660+00:00,228b8017-e4da-4722-9223-b8279a14b8ad,448,3,3,0,7,0,1,1,1,1791333418
2026-10-07T00:38:02+00:00,2026-10-07T00:39:24.483660+00:00,f8350a84-0de8-11e7-991c-3863bb43a7d0,157,0,0,0,15,0,1,1,1,1791333420
2026-10-07T00:38:02+00:00,2026-10-07T00:39:24.483660+00:00,e2c306f6-82c7-4d0d-89fd-c9452d2f9ad1,361,9,1,2,32,0,1,1,1,1791333421
2026-10-07T00:38:02+00:00,2026-10-07T00:39:24.483660+00:00,f834dc46-0de8-11e7-991c-3863bb43a7d0,122,12,3,0,3,0,1,1,1,1791333424
2026-10-07T00:38:02+00:00,2026-10-07T00:39:24.483660+00:00,0b0467c1-0c90-4529-a556-fe4d57835bbb,435,13,12,0,1,1,1,1,1,1791333425
2026-10-07T00:38:02+00:00,2026-10-07T00:39:24.483660+00:00,f83529e2-0de8-11e7-991c-3863bb43a7d0,211,9,0,0,6,0,1,1,1,1791333423
2026-10-07T00:38:02+00:00,2026-10-07T00:39:24.483660+00:00,2002248857751890568,2002248857751890568,9,8,0,2,0,1,1,1,1791333427
2026-10-07T00:38:02+00:00,2026-10-07T00:39:24.483660+00:00,47c44bb1-d065-41f5-ad79-c18aee60af34,342,8,1,1,6,0,1,1,1,1791333427
2026-10-07T00:38:02+00:00,2026-10-07T00:39:24.483660+00:00,2212258635631104970,2212258635631104970,12,3,0,11,0,1,1,1,1791333377
2026-10-07T00:38:02+00:00,2026-10-07T00:39:24.483660+00:00,f834dedf-0de8-11e7-991c-3863bb43a7d0,124,9,4,0,5,0,1,1,1,1791333428
2026-10-07T00:38:02+00:00,2026-10-07T00:39:24.483660+00:00,aa556ad4-0092-4687-96c2-8dbc69addb56,485,5,0,2,4,0,1,1,1,1791333432
2026-10-07T00:38:02+00:00,2026-10-07T00:39:24.483660+00:00,1921360868231155718,1921360868231155718,5,0,0,14,0,1,1,1,1791333429
2026-10-07T00:38:02+00:00,2026-10-07T00:39:24.483660+00:00,9f582e05-15e0-4a39-aef5-c719e0c78e26,466,6,3,1,4,0,1,1,1,1791333430
2026-10-07T00:38:02+00:00,2026-10-07T00:39:24.483660+00:00,c23a4c0d-7e43-4042-80e2-7c894d07763b,559,4,0,0,7,0,1,1,1,1791333430
2026-10-07T00:38:02+00:00,2026-10-07T00:39:24.483660+00:00,bd3d4824-7203-4edc-a314-cea2b413e886,319,3,2,0,23,1,1,1,1,1791333430
2026-10-07T00:38:02+00:00,2026-10-07T00:39:24.483660+00:00,f83512c9-0de8-11e7-991c-3863bb43a7d0,175,4,2,0,13,0,1,1,1,1791333448
2026-10-07T00:38:02+00:00,2026-10-07T00:39:24.483660+00:00,2123672938202825324,2123672938202825324,15,2,0,0,0,1,1,1,1791333445
2026-10-07T00:38:02+00:00,2026-10-07T00:39:24.483660+00:00,fe534b6f-61ad-47d3-b9f6-cdaa128f53a4,395,5,0,2,8,0,1,1,1,1791333446
2026-10-07T00:38:02+00:00,2026-10-07T00:39:24.483660+00:00,f83471a1-0de8-11e7-991c-3863bb43a7d0,23,0,0,0,24,1,1,1,1,1791333449
2026-10-07T00:38:02+00:00,2026-10-07T00:39:24.483660+00:00,ca76adb6-4c84-4484-9ec3-b411b81ddbef,ca76adb6-4c84-4484-9ec3-b411b81ddbef,4,1,2,13,0,1,1,1,1791333449
2026-10-07T00:38:02+00:00,2026-10-07T00:39:24.483660+00:00,2212663228188806942,2212663228188806942,6,0,0,18,0,1,1,1,1791333447
2026-10-07T00:38:02+00:00,2026-10-07T00:39:24.483660+00:00,eb8824c3-9c84-4fec-8d6f-d537c8ab3beb,349,12,9,2,2,1,1,1,1,1791333451
2026-10-07T00:38:02+00:00,2026-10-07T00:39:24.483660+00:00,2225590560002383786,2225590560002383786,1,0,0,14,0,1,1,1,1791333451
2026-10-07T00:38:02+00:00,2026-10-07T00:39:24.483660+00:00,2098360140389493528,2098360140389493528,6,5,3,2,0,1,1,1,1791333452
2026-10-07T00:38:02+00:00,2026-10-07T00:39:24.483660+00:00,2071630998981871920,2071630998981871920,13,7,0,7,0,1,1,1,1791333453
2026-10-07T00:38:02+00:00,2026-10-07T00:39:24.483660+00:00,ad2fb6f2-921f-440c-83de-08be76e35c2a,468,3,0,1,10,0,1,1,1,1791333456
2026-10-07T00:38:02+00:00,2026-10-07T00:39:24.483660+00:00,4c128753-6fde-4d4c-896e-a1adf89ada98,4c128753-6fde-4d4c-896e-a1adf89ada98,0,0,1,23,1,1,1,1,1791333457
2026-10-07T00:38:02+00:00,2026-10-07T00:39:24.483660+00:00,2130224177726511580,2130224177726511580,7,0,0,8,0,1,1,1,1791333454
2026-10-07T00:38:02+00:00,2026-10-07T00:39:24.483660+00:00,74cb9bf6-bb53-4c70-88d2-67998b99628c,296,18,2,1,4,0,1,1,1,1791333454
2026-10-07T00:38:02+00:00,2026-10-07T00:39:24.483660+00:00,2035660824473983142,2035660824473983142,9,0,0,10,0,1,1,1,1791333455
2026-10-07T00:38:02+00:00,2026-10-07T00:39:24.483660+00:00,0daf7408-7a15-4d2b-8c39-f1a097cdbe85,403,7,1,0,8,0,1,1,1,1791333458
2026-10-07T00:38:02+00:00,2026-10-07T00:39:24.483660+00:00,f8346f6f-0de8-11e7-991c-3863bb43a7d0,19,7,2,1,6,0,1,1,1,1791333456
2026-10-07T00:38:02+00:00,2026-10-07T00:39:24.483660+00:00,8347c34d-68df-404b-ac58-7a387cc3ce4b,414,9,2,0,14,0,1,1,1,1791333459
2026-10-07T00:38:02+00:00,2026-10-07T00:39:24.483660+00:00,f834fc57-0de8-11e7-991c-3863bb43a7d0,140,11,3,3,2,0,1,1,1,1791333460
2026-10-07T00:38:02+00:00,2026-10-07T00:39:24.483660+00:00,f8350204-0de8-11e7-991c-3863bb43a7d0,151,1,0,0,18,0,1,1,1,1791333462
2026-10-07T00:38:02+00:00,2026-10-07T00:39:24.483660+00:00,5bbdd12f-fec4-4741-9d5d-4a60834c5d02,377,5,2,0,14,0,1,1,1,1791333462
2026-10-07T00:38:02+00:00,2026-10-07T00:39:24.483660+00:00,52485851-e554-49de-ab9f-f536806d2d34,52485851-e554-49de-ab9f-f536806d2d34,4,1,0,6,0,1,1,1,1791333463
2026-10-07T00:38:02+00:00,2026-10-07T00:39:24.483660+00:00,d1c0b0c2-6e4c-424e-a946-a2a95a711633,422,7,1,0,8,0,1,1,1,1791333464
2026-10-07T00:38:02+00:00,2026-10-07T00:39:24.483660+00:00,f834ec42-0de8-11e7-991c-3863bb43a7d0,131,10,0,1,7,0,1,1,1,1791333464
2026-10-07T00:38:02+00:00,2026-10-07T00:39:24.483660+00:00,f8349ed6-0de8-11e7-991c-3863bb43a7d0,82,9,6,0,16,0,1,1,1,1791333388
2026-10-07T00:38:02+00:00,2026-10-07T00:39:24.483660+00:00,1976642295079838524,1976642295079838524,4,0,1,6,0,1,1,1,1791333464
2026-10-07T00:38:02+00:00,2026-10-07T00:39:24.483660+00:00,00802fe6-4268-4dc8-8f55-0dbbc1665ce6,515,8,1,1,11,0,1,1,1,1791333465
2026-10-07T00:38:02+00:00,2026-10-07T00:39:24.483660+00:00,a83f982f-a4f1-43e4-98e8-c8f4a0bb7290,452,13,1,1,2,0,1,1,1,1791333466
2026-10-07T00:38:02+00:00,2026-10-07T00:39:24.483660+00:00,7df1ee28-441e-44c1-8507-8f58946be96b,239,12,3,1,2,0,1,1,1,1791333467
2026-10-07T00:38:02+00:00,2026-10-07T00:39:24.483660+00:00,f8351490-0de8-11e7-991c-3863bb43a7d0,179,38,3,0,13,1,1,1,1,1791333467
2026-10-07T00:38:02+00:00,2026-10-07T00:39:24.483660+00:00,2131760674371160748,2131760674371160748,4,0,1,15,0,1,1,1,1791333467
2026-10-07T00:38:02+00:00,2026-10-07T00:39:24.483660+00:00,f83480a9-0de8-11e7-991c-3863bb43a7d0,40,28,1,0,3,0,1,1,1,1791333468
2026-10-07T00:38:02+00:00,2026-10-07T00:39:24.483660+00:00,f8349e56-0de8-11e7-991c-3863bb43a7d0,81,3,0,1,15,0,1,1,1,1791333468
2026-10-07T00:38:02+00:00,2026-10-07T00:39:24.483660+00:00,1df03e33-c105-4e53-b013-d20056cd57f8,1df03e33-c105-4e53-b013-d20056cd57f8,0,0,0,0,0,0,0,0,86400
2026-10-07T00:38:02+00:00,2026-10-07T00:39:24.483660+00:00,51bb4381-dae4-4aeb-b213-0614b807be29,344,5,2,2,12,0,1,1,1,1791333348
2026-10-07T00:38:02+00:00,2026-10-07T00:39:24.483660+00:00,380de8b2-2728-4e4b-83f1-251bfbb5acf2,487,13,5,1,5,0,1,1,1,1791333348
2026-10-07T00:38:02+00:00,2026-10-07T00:39:24.483660+00:00,b6a8522d-296d-4c05-887d-842374520780,545,11,11,0,2,1,1,1,1,1791333346
2026-10-07T00:38:02+00:00,2026-10-07T00:39:24.483660+00:00,61168d8b-20b7-46c8-8f08-6ae1f100c4e0,550,5,1,1,11,0,1,1,1,1791333347
2026-10-07T00:38:02+00:00,2026-10-07T00:39:24.483660+00:00,d22265a8-a6d7-4922-a6b5-4be738a9e5c4,392,14,10,0,1,0,1,1,1,1791333351
2026-10-07T00:38:02+00:00,2026-10-07T00:39:24.483660+00:00,f834723b-0de8-11e7-991c-3863bb43a7d0,24,0,0,1,22,0,1,1,1,1791333351
2026-10-07T00:38:02+00:00,2026-10-07T00:39:24.483660+00:00,f8350ecf-0de8-11e7-991c-3863bb43a7d0,167,10,7,0,5,0,1,1,1,1791333363
2026-10-07T00:38:02+00:00,2026-10-07T00:39:24.483660+00:00,f8347f09-0de8-11e7-991c-3863bb43a7d0,37,1,0,0,14,0,1,1,1,1791333363
2026-10-07T00:38:02+00:00,2026-10-07T00:39:24.483660+00:00,dede6d5f-7d62-496e-a8ca-d5a64afe39c1,544,10,2,0,5,0,1,1,1,1791333363
2026-10-07T00:38:02+00:00,2026-10-07T00:39:24.483660+00:00,1994466222105870452,1994466222105870452,8,5,2,1,0,1,1,1,1791333364
2026-10-07T00:38:02+00:00,2026-10-07T00:39:24.483660+00:00,7f68a70d-af0e-450a-b7a8-ce621cd0c8c1,280,7,1,1,11,0,1,1,1,1791333365
2026-10-07T00:38:02+00:00,2026-10-07T00:39:24.483660+00:00,d8ce5f8b-2440-45e1-ab1c-23cb3bcbde84,527,3,1,0,10,0,1,1,1,1791333360
2026-10-07T00:38:02+00:00,2026-10-07T00:39:24.483660+00:00,2141791438824588162,2141791438824588162,8,0,0,11,0,1,1,1,1791333360
2026-10-07T00:38:02+00:00,2026-10-07T00:39:24.483660+00:00,f8346ad7-0de8-11e7-991c-3863bb43a7d0,11,1,0,3,11,0,1,1,1,1791333361
2026-10-07T00:38:02+00:00,2026-10-07T00:39:24.483660+00:00,f8349b20-0de8-11e7-991c-3863bb43a7d0,76,16,0,0,0,0,1,1,1,1791333367
2026-10-07T00:38:02+00:00,2026-10-07T00:39:24.483660+00:00,f9524971-e9f9-4572-aebc-580e48de042f,f9524971-e9f9-4572-aebc-580e48de042f,13,1,0,6,0,1,1,1,1791333366
2026-10-07T00:38:02+00:00,2026-10-07T00:39:24.483660+00:00,f834a8a0-0de8-11e7-991c-3863bb43a7d0,93,18,0,0,13,0,1,1,1,1791333367
2026-10-07T00:38:02+00:00,2026-10-07T00:39:24.483660+00:00,f834c7a9-0de8-11e7-991c-3863bb43a7d0,112,7,0,0,8,0,1,1,1,1791333369
2026-10-07T00:38:02+00:00,2026-10-07T00:39:24.483660+00:00,903b9b5d-4244-43e4-8441-0d17f9a994f7,528,0,0,0,11,0,1,1,1,1791333376
2026-10-07T00:38:02+00:00,2026-10-07T00:39:24.483660+00:00,f834662c-0de8-11e7-991c-3863bb43a7d0,5,14,0,0,1,0,1,1,1,1791333370
2026-10-07T00:38:02+00:00,2026-10-07T00:39:24.483660+00:00,36f36eed-1070-49be-8b31-5676b8b3489f,227,1,0,1,17,0,1,1,1,1791333372
2026-10-07T00:38:02+00:00,2026-10-07T00:39:24.483660+00:00,9721c80e-fc8f-474f-8918-b68c041d2836,9721c80e-fc8f-474f-8918-b68c041d2836,1,1,1,21,0,1,1,1,1791333379
2026-10-07T00:38:02+00:00,2026-10-07T00:39:24.483660+00:00,f834e534-0de8-11e7-991c-3863bb43a7d0,128,10,6,0,9,0,1,1,1,1791333376
2026-10-07T00:38:02+00:00,2026-10-07T00:39:24.483660+00:00,f834b8b3-0de8-11e7-991c-3863bb43a7d0,105,11,0,0,7,0,1,1,1,1791333377
2026-10-07T00:38:02+00:00,2026-10-07T00:39:24.483660+00:00,2027502297316997708,2027502297316997708,6,0,0,5,0,1,1,1,1791333377
2026-10-07T00:38:02+00:00,2026-10-07T00:39:24.483660+00:00,25a9114f-66f0-427c-920f-5526ca84f056,346,14,1,0,1,0,1,1,1,1791333383
2026-10-07T00:38:02+00:00,2026-10-07T00:39:24.483660+00:00,baab0b05-a028-4147-8432-a2726c7e48ea,328,8,0,0,7,0,1,1,1,1791333384
2026-10-07T00:38:02+00:00,2026-10-07T00:39:24.483660+00:00,cf5f920f-b61d-4db0-b139-14aff04d577c,459,0,0,9,0,13,1,0,0,1791333385
2026-10-07T00:38:02+00:00,2026-10-07T00:39:24.483660+00:00,fe90d430-d33f-48b2-a5cd-bc161b220939,553,9,0,0,14,0,1,1,1,1791333384
2026-10-07T00:38:02+00:00,2026-10-07T00:39:24.483660+00:00,2119105928286481344,2119105928286481344,8,1,0,11,0,1,1,1,1791333385
2026-10-07T00:38:02+00:00,2026-10-07T00:39:24.483660+00:00,2087949096844032050,2087949096844032050,4,0,0,11,0,1,1,1,1791333388
2026-10-07T00:38:02+00:00,2026-10-07T00:39:24.483660+00:00,48abed77-c9ba-4a39-8a5c-6a1e9bb8a9a5,48abed77-c9ba-4a39-8a5c-6a1e9bb8a9a5,14,7,1,1,0,1,1,1,1791333391
2026-10-07T00:38:02+00:00,2026-10-07T00:39:24.483660+00:00,1965873511294959658,1965873511294959658,4,0,0,19,0,1,1,1,1791333394
2026-10-07T00:38:02+00:00,2026-10-07T00:39:24.483660+00:00,57716f8d-c9ee-4768-8872-71343ec3ffd8,514,12,4,3,4,0,1,1,1,1791333392
2026-10-07T00:38:02+00:00,2026-10-07T00:39:24.483660+00:00,f83491d4-0de8-11e7-991c-3863bb43a7d0,64,0,0,0,23,0,1,1,1,1791333391
2026-10-07T00:38:02+00:00,2026-10-07T00:39:24.483660+00:00,ff938129-8179-455c-9ac9-9fcb9fc0b6d5,ff938129-8179-455c-9ac9-9fcb9fc0b6d5,9,4,1,9,0,1,1,1,1791333395
2026-10-07T00:38:02+00:00,2026-10-07T00:39:24.483660+00:00,2118728866631796788,2118728866631796788,8,1,0,7,0,1,1,1,1791333392
2026-10-07T00:38:02+00:00,2026-10-07T00:39:24.483660+00:00,2088704000370565344,2088704000370565344,2,0,2,8,0,1,1,1,1791333393
2026-10-07T00:38:02+00:00,2026-10-07T00:39:24.483660+00:00,2039109354743046934,2039109354743046934,10,1,2,7,1,1,1,1,1791333395
2026-10-07T00:38:02+00:00,2026-10-07T00:39:24.483660+00:00,8983c75a-12c1-4995-aedc-24c94bd895e3,384,0,0,0,19,0,1,1,1,1791333394
2026-10-07T00:38:02+00:00,2026-10-07T00:39:24.483660+00:00,f83513a7-0de8-11e7-991c-3863bb43a7d0,177,1,0,1,17,0,1,1,1,1791333396
2026-10-07T00:38:02+00:00,2026-10-07T00:39:24.483660+00:00,d7507124-4cab-4063-8445-a59a33a3d6e4,512,7,3,1,11,0,1,1,1,1791333398
2026-10-07T00:38:02+00:00,2026-10-07T00:39:24.483660+00:00,68e5e79a-3c94-4848-b619-9c0829d7f687,475,15,9,0,0,0,1,1,1,1791333398
2026-10-07T00:38:02+00:00,2026-10-07T00:39:24.483660+00:00,df03c61a-29d7-445d-9980-d7f058916591,345,13,0,0,6,0,1,1,1,1791333398
2026-10-07T00:38:02+00:00,2026-10-07T00:39:24.483660+00:00,f834f6a3-0de8-11e7-991c-3863bb43a7d0,135,0,0,0,17,0,1,1,1,1791333400
2026-10-07T00:38:02+00:00,2026-10-07T00:39:24.483660+00:00,f8346d23-0de8-11e7-991c-3863bb43a7d0,15,11,4,0,5,0,1,1,1,1791333428
2026-10-07T00:38:02+00:00,2026-10-07T00:39:24.483660+00:00,fbc512a5-4b98-4821-bcfb-bb0c7ac83543,365,1,0,0,18,0,1,1,1,1791333431
2026-10-07T00:38:02+00:00,2026-10-07T00:39:24.483660+00:00,ea65c25f-0718-4f79-8588-c58b9fe3a105,226,13,1,1,0,1,1,1,1,1791333432
2026-10-07T00:38:02+00:00,2026-10-07T00:39:24.483660+00:00,8a404180-7c2e-4dbe-9489-c478ed959282,8a404180-7c2e-4dbe-9489-c478ed959282,5,0,3,11,0,1,1,1,1791333432
2026-10-07T00:38:02+00:00,2026-10-07T00:39:24.483660+00:00,f8352534-0de8-11e7-991c-3863bb43a7d0,204,6,1,0,9,0,1,1,1,1791333430
2026-10-07T00:38:02+00:00,2026-10-07T00:39:24.483660+00:00,2080205593583047424,2080205593583047424,8,2,0,8,0,1,1,1,1791333430
2026-10-07T00:38:02+00:00,2026-10-07T00:39:24.483660+00:00,2270212773802111256,2270212773802111256,5,2,0,14,0,1,1,1,1791333432
2026-10-07T00:38:02+00:00,2026-10-07T00:39:24.483660+00:00,1963613484180639992,1963613484180639992,12,1,0,7,0,1,1,1,1791333436
2026-10-07T00:38:02+00:00,2026-10-07T00:39:24.483660+00:00,99675a11-a92c-465c-bf5a-434b08ba5fc6,400,20,0,0,32,0,1,1,1,1791333437
2026-10-07T00:38:02+00:00,2026-10-07T00:39:24.483660+00:00,1e1b40cd-8e00-4b74-b147-be6b23f5c9e7,385,0,0,0,15,0,1,1,1,1791333437
2026-10-07T00:38:02+00:00,2026-10-07T00:39:24.483660+00:00,940638c5-7cd0-4a11-899e-86af3868d400,532,6,1,0,12,0,1,1,1,1791333401
2026-10-07T00:38:02+00:00,2026-10-07T00:39:24.483660+00:00,270ad97d-035d-472a-9827-76d3187afc56,402,7,3,1,7,0,1,1,1,1791333407
2026-10-07T00:38:02+00:00,2026-10-07T00:39:24.483660+00:00,295553ea-851b-4ac2-a094-f9d1208e399a,412,4,0,1,14,0,1,1,1,1791333401
2026-10-07T00:38:02+00:00,2026-10-07T00:39:24.483660+00:00,b34694c2-c640-4f70-b196-1c357ab798e0,b34694c2-c640-4f70-b196-1c357ab798e0,9,3,0,6,0,1,1,1,1791333404
2026-10-07T00:38:02+00:00,2026-10-07T00:39:24.483660+00:00,5b1d2661-8a93-4f14-b242-ebc52792f951,337,15,3,0,0,0,1,1,1,1791333413
2026-10-07T00:38:02+00:00,2026-10-07T00:39:24.483660+00:00,2043911250700610106,2043911250700610106,1,0,0,14,0,1,1,1,1791333439
2026-10-07T00:38:02+00:00,2026-10-07T00:39:24.483660+00:00,ad2cf74c-0e8c-4e15-8f19-2259e8c82f0f,404,7,2,2,7,0,1,1,1,1791333439
2026-10-07T00:38:02+00:00,2026-10-07T00:39:24.483660+00:00,2110984374959099994,2110984374959099994,3,1,0,17,0,1,1,1,1791333440
2026-10-07T00:38:02+00:00,2026-10-07T00:39:24.483660+00:00,f834cfd8-0de8-11e7-991c-3863bb43a7d0,117,1,1,4,10,1,1,1,1,1791333441
2026-10-07T00:38:02+00:00,2026-10-07T00:39:24.483660+00:00,868ccc83-99e5-4faf-96eb-e1fae26b9741,481,3,0,1,15,0,1,1,1,1791333442
2026-10-07T00:38:02+00:00,2026-10-07T00:39:24.483660+00:00,7e1dae55-4d3d-4a41-b969-2aeca70e0e69,7e1dae55-4d3d-4a41-b969-2aeca70e0e69,9,1,0,2,0,1,1,1,1791333442
2026-10-07T00:38:02+00:00,2026-10-07T00:39:24.483660+00:00,f83488be-0de8-11e7-991c-3863bb43a7d0,56,5,1,1,12,0,1,1,1,1791333409
2026-10-07T00:38:02+00:00,2026-10-07T00:39:24.483660+00:00,2040842870122359032,2040842870122359032,0,0,1,19,0,1,1,1,1791333420
2026-10-07T00:38:02+00:00,2026-10-07T00:39:24.483660+00:00,f83492b4-0de8-11e7-991c-3863bb43a7d0,66,8,2,1,6,0,1,1,1,1791333418
2026-10-07T00:38:02+00:00,2026-10-07T00:39:24.483660+00:00,f8351f1d-0de8-11e7-991c-3863bb43a7d0,191,7,0,1,8,0,1,1,1,1791333421
2026-10-07T00:38:02+00:00,2026-10-07T00:39:24.483660+00:00,1994054629753598708,1994054629753598708,13,4,0,1,0,1,1,1,1791333422
2026-10-07T00:38:02+00:00,2026-10-07T00:39:24.483660+00:00,2014865445230483952,2014865445230483952,13,0,0,4,0,1,1,1,1791333418
2026-10-07T00:38:02+00:00,2026-10-07T00:39:24.483660+00:00,8d893519-bc21-4536-b346-f558988bc8ad,260,10,0,1,4,0,1,1,1,1791333418
2026-10-07T00:38:02+00:00,2026-10-07T00:39:24.483660+00:00,f835288a-0de8-11e7-991c-3863bb43a7d0,208,10,0,0,5,0,1,1,1,1791333425
2026-10-07T00:38:02+00:00,2026-10-07T00:39:24.483660+00:00,8b97606e-a849-4db8-ae9b-4009fe48d90b,556,8,1,0,11,0,1,1,1,1791333427
2026-10-07T00:38:02+00:00,2026-10-07T00:39:24.483660+00:00,f83517fa-0de8-11e7-991c-3863bb43a7d0,187,11,4,0,4,0,1,1,1,1791333428
2026-10-07T00:38:02+00:00,2026-10-07T00:39:24.483660+00:00,d5349097-b478-4b3f-9c46-d8fbcf38e3f4,509,8,0,0,4,0,1,1,1,1791333426
2026-10-07T00:38:02+00:00,2026-10-07T00:39:24.483660+00:00,f8346803-0de8-11e7-991c-3863bb43a7d0,8,12,5,0,7,0,1,1,1,1791333426
2026-10-07T00:38:02+00:00,2026-10-07T00:39:24.483660+00:00,1a661bb7-7d14-49e9-ac3d-22bafec8a2f0,507,4,2,1,6,0,1,1,1,1791333427
2026-10-07T00:38:02+00:00,2026-10-07T00:39:24.483660+00:00,2270454512964591136,2270454512964591136,0,0,0,19,0,1,1,1,1791333424
2026-10-07T00:38:02+00:00,2026-10-07T00:39:24.483660+00:00,f83482d2-0de8-11e7-991c-3863bb43a7d0,44,2,0,0,29,0,1,1,1,1791333424
2026-10-07T00:38:02+00:00,2026-10-07T00:39:24.483660+00:00,2249415127458891992,2249415127458891992,13,0,0,2,0,1,1,1,1791333446
2026-10-07T00:38:02+00:00,2026-10-07T00:39:24.483660+00:00,1986302395589722758,1986302395589722758,7,1,0,3,0,1,1,1,1791333446
2026-10-07T00:38:02+00:00,2026-10-07T00:39:24.483660+00:00,f8352219-0de8-11e7-991c-3863bb43a7d0,197,9,2,0,6,0,1,1,1,1791333447
2026-10-07T00:38:02+00:00,2026-10-07T00:39:24.483660+00:00,2069389896750516900,2069389896750516900,7,0,0,14,0,1,1,1,1791333446
2026-10-07T00:38:02+00:00,2026-10-07T00:39:24.483660+00:00,2259733531216984776,2259733531216984776,4,1,0,11,0,1,1,1,1791333444
2026-10-07T00:38:02+00:00,2026-10-07T00:39:24.483660+00:00,f834b101-0de8-11e7-991c-3863bb43a7d0,97,5,0,0,13,1,1,1,1,1791333445
2026-10-07T00:38:02+00:00,2026-10-07T00:39:24.483660+00:00,f834abfd-0de8-11e7-991c-3863bb43a7d0,96,6,0,2,11,0,1,1,1,1791333448
2026-10-07T00:38:02+00:00,2026-10-07T00:39:24.483660+00:00,0208190e-851c-417d-8bc7-1b218db97fbf,0208190e-851c-417d-8bc7-1b218db97fbf,0,0,0,23,0,1,1,1,1791333451
2026-10-07T00:38:02+00:00,2026-10-07T00:39:24.483660+00:00,2090635592862466836,2090635592862466836,9,0,2,19,1,1,1,1,1791333451
2026-10-07T00:38:02+00:00,2026-10-07T00:39:24.483660+00:00,f8352b39-0de8-11e7-991c-3863bb43a7d0,214,9,0,0,4,1,1,1,1,1791333450
2026-10-07T00:38:02+00:00,2026-10-07T00:39:24.483660+00:00,aa964f5b-fadf-4fc1-8c91-84ee36e15f0d,341,13,0,0,2,0,1,1,1,1791333452
2026-10-07T00:38:02+00:00,2026-10-07T00:39:24.483660+00:00,1cced911-b428-4cfd-81be-3a8f77ce7379,233,5,0,2,8,0,1,1,1,1791333452
2026-10-07T00:38:02+00:00,2026-10-07T00:39:24.483660+00:00,f8352ba8-0de8-11e7-991c-3863bb43a7d0,215,4,2,0,11,0,1,1,1,1791333452
2026-10-07T00:38:02+00:00,2026-10-07T00:39:24.483660+00:00,90330e1a-dee5-4914-9d3f-3891aeca12ca,434,9,1,1,9,0,1,1,1,1791333448
2026-10-07T00:38:02+00:00,2026-10-07T00:39:24.483660+00:00,e4678b17-face-42c3-9b5f-98418d31e3b6,e4678b17-face-42c3-9b5f-98418d31e3b6,9,3,0,2,0,1,1,1,1791333449
2026-10-07T00:38:02+00:00,2026-10-07T00:39:24.483660+00:00,f8350b76-0de8-11e7-991c-3863bb43a7d0,159,1,1,1,17,1,1,1,1,1791333449
2026-10-07T00:38:02+00:00,2026-10-07T00:39:24.483660+00:00,ccf82572-a142-4378-9a4b-5a51fcb4ef81,350,8,1,0,9,0,1,1,1,1791333448
2026-10-07T00:38:02+00:00,2026-10-07T00:39:24.483660+00:00,f8346b6f-0de8-11e7-991c-3863bb43a7d0,12,17,0,0,10,0,1,1,1,1791333449
2026-10-07T00:38:02+00:00,2026-10-07T00:39:24.483660+00:00,2085366936904166272,2085366936904166272,8,2,2,5,0,1,1,1,1791333453
2026-10-07T00:38:02+00:00,2026-10-07T00:39:24.483660+00:00,f83497b9-0de8-11e7-991c-3863bb43a7d0,74,0,0,1,18,0,1,1,1,1791333453
2026-10-07T00:38:02+00:00,2026-10-07T00:39:24.483660+00:00,c5cfd1ed-aa44-4e20-96bb-e334c96f0d68,376,8,0,0,7,0,1,1,1,1791333453
2026-10-07T00:38:02+00:00,2026-10-07T00:39:24.483660+00:00,888780ee-bf2f-474e-9622-6bc725aa1b00,888780ee-bf2f-474e-9622-6bc725aa1b00,2,0,4,5,0,1,1,1,1791333454
2026-10-07T00:38:02+00:00,2026-10-07T00:39:24.483660+00:00,1991922092203192944,1991922092203192944,4,1,0,15,0,1,1,1,1791333458
2026-10-07T00:38:02+00:00,2026-10-07T00:39:24.483660+00:00,b205d2bb-bb76-49ac-8d14-85eec5a874d3,343,7,1,1,7,0,1,1,1,1791333455
2026-10-07T00:38:02+00:00,2026-10-07T00:39:24.483660+00:00,ef6ef93b-488f-496b-afbf-3aedfd967129,517,8,4,0,7,0,1,1,1,1791333456
2026-10-07T00:38:02+00:00,2026-10-07T00:39:24.483660+00:00,2090158541932726550,2090158541932726550,8,0,0,7,0,1,1,1,1791333454
2026-10-07T00:38:02+00:00,2026-10-07T00:39:24.483660+00:00,f2b83aa2-86cd-4904-a099-74bf2023f768,330,7,0,1,5,0,1,1,1,1791333458
2026-10-07T00:38:02+00:00,2026-10-07T00:39:24.483660+00:00,f83511d4-0de8-11e7-991c-3863bb43a7d0,173,6,0,0,7,1,1,1,1,1791333456
2026-10-07T00:38:02+00:00,2026-10-07T00:39:24.483660+00:00,2145094035874873892,2145094035874873892,9,0,1,9,0,1,1,1,1791333462
2026-10-07T00:38:02+00:00,2026-10-07T00:39:24.483660+00:00,23146f28-9762-4a6d-a6db-fcd4ff0e5d07,356,14,0,0,9,0,1,1,1,1791333462
2026-10-07T00:38:02+00:00,2026-10-07T00:39:24.483660+00:00,56817d8e-3a1c-431a-a529-1a600f80c364,366,9,2,1,18,0,1,1,1,1791333461
2026-10-07T00:38:02+00:00,2026-10-07T00:39:24.483660+00:00,9bfa4a32-5598-46ea-a1a1-17b4c6ed9d84,431,11,3,0,4,0,1,1,1,1791333461
2026-10-07T00:38:02+00:00,2026-10-07T00:39:24.483660+00:00,2085737662370069102,2085737662370069102,12,0,0,5,1,1,1,1,1791333461
2026-10-07T00:38:02+00:00,2026-10-07T00:39:24.483660+00:00,2246034666940677832,2246034666940677832,5,0,0,6,0,1,1,1,1791333460
2026-10-07T00:38:02+00:00,2026-10-07T00:39:24.483660+00:00,2227858849424910006,2227858849424910006,7,2,0,1,0,1,1,1,1791333167
2026-10-07T00:38:02+00:00,2026-10-07T00:39:24.483660+00:00,81323081-749c-44cf-ac62-0e6c64305c32,461,10,2,0,0,0,1,1,1,1791333460
2026-10-07T00:38:02+00:00,2026-10-07T00:39:24.483660+00:00,6aebc664-1e3c-479f-8f65-2bae99215ed3,6aebc664-1e3c-479f-8f65-2bae99215ed3,9,3,0,2,0,1,1,1,1791333463
2026-10-07T00:38:02+00:00,2026-10-07T00:39:24.483660+00:00,f8347ccd-0de8-11e7-991c-3863bb43a7d0,33,16,0,0,11,0,1,1,1,1791333463
2026-10-07T00:38:02+00:00,2026-10-07T00:39:24.483660+00:00,a6e0db4f-fc9b-42af-bfe0-36cc0259b717,446,0,0,3,13,0,1,1,1,1791333464
2026-10-07T00:38:02+00:00,2026-10-07T00:39:24.483660+00:00,f8350cc1-0de8-11e7-991c-3863bb43a7d0,162,0,0,0,15,0,1,1,1,1791333459
2026-10-07T00:38:02+00:00,2026-10-07T00:39:24.483660+00:00,f8347c41-0de8-11e7-991c-3863bb43a7d0,32,5,0,2,7,0,1,1,1,1791333461
2026-10-07T00:38:02+00:00,2026-10-07T00:39:24.483660+00:00,f8349440-0de8-11e7-991c-3863bb43a7d0,68,11,0,2,6,0,1,1,1,1791333465
2026-10-07T00:38:02+00:00,2026-10-07T00:39:24.483660+00:00,7560f0e3-267b-4fb3-bbfa-6e02010cfcb7,225,18,1,1,0,0,1,1,1,1791333465
2026-10-07T00:38:02+00:00,2026-10-07T00:39:24.483660+00:00,f8347e78-0de8-11e7-991c-3863bb43a7d0,36,16,0,1,14,0,1,1,1,1791333465
2026-10-07T00:38:02+00:00,2026-10-07T00:39:24.483660+00:00,f834a959-0de8-11e7-991c-3863bb43a7d0,94,10,8,0,0,0,1,1,1,1791333466
2026-10-07T00:38:02+00:00,2026-10-07T00:39:24.483660+00:00,f834708e-0de8-11e7-991c-3863bb43a7d0,21,3,1,0,14,0,1,1,1,1791333467
2026-10-07T00:38:02+00:00,2026-10-07T00:39:24.483660+00:00,f8348622-0de8-11e7-991c-3863bb43a7d0,50,5,0,1,13,0,1,1,1,1791333467
2026-10-07T00:38:02+00:00,2026-10-07T00:39:24.483660+00:00,103a9881-e30a-4d57-b81d-863b995ff759,255,0,0,0,0,0,0,0,0,86400
2026-10-07T00:38:02+00:00,2026-10-07T00:39:24.483660+00:00,f83486ab-0de8-11e7-991c-3863bb43a7d0,51,6,0,1,8,0,1,1,1,1791333322
2026-10-07T00:38:02+00:00,2026-10-07T00:39:24.483660+00:00,2103549125054737064,2103549125054737064,0,0,0,16,0,1,1,1,1791333342
2026-10-07T00:38:02+00:00,2026-10-07T00:39:24.483660+00:00,c1ae49bd-2a20-4684-886b-ead8dd627cfd,c1ae49bd-2a20-4684-886b-ead8dd627cfd,12,1,1,4,0,1,1,1,1791333350
2026-10-07T00:38:02+00:00,2026-10-07T00:39:24.483660+00:00,9ca92778-9101-48df-90ea-08b784e26a1a,413,19,3,0,0,0,1,1,1,1791333351
2026-10-07T00:38:02+00:00,2026-10-07T00:39:24.483660+00:00,f35de2ab-979e-42d5-8cbd-dc479ed637e9,503,2,2,0,4,0,1,1,1,1791333349
2026-10-07T00:38:02+00:00,2026-10-07T00:39:24.483660+00:00,f83523e3-0de8-11e7-991c-3863bb43a7d0,201,2,1,0,13,0,1,1,1,1791333362
2026-10-07T00:38:02+00:00,2026-10-07T00:39:24.483660+00:00,533620e8-00ff-494a-b288-bd67602bc98e,472,4,4,0,23,0,1,1,1,1791333356
2026-10-07T00:38:02+00:00,2026-10-07T00:39:24.483660+00:00,1975886280004030604,1975886280004030604,11,0,0,12,0,1,1,1,1791333365
2026-10-07T00:38:02+00:00,2026-10-07T00:39:24.483660+00:00,f36e24cd-de4c-4a5e-adf4-cb97ccd2958d,505,6,0,2,3,0,1,1,1,1791333364
2026-10-07T00:38:02+00:00,2026-10-07T00:39:24.483660+00:00,70f20fcb-8e63-4015-9007-b97c525ab0a9,335,6,0,1,12,0,1,1,1,1791333400
2026-10-07T00:38:02+00:00,2026-10-07T00:39:24.483660+00:00,287aedf5-0361-47e9-9de0-14ae3b75cc0d,287aedf5-0361-47e9-9de0-14ae3b75cc0d,3,0,1,17,0,1,1,1,1791333397
2026-10-07T00:38:02+00:00,2026-10-07T00:39:24.483660+00:00,ff6ed364-8676-45a0-b97f-71025683849e,442,6,3,1,8,0,1,1,1,1791333401
2026-10-07T00:38:02+00:00,2026-10-07T00:39:24.483660+00:00,ce55d1b1-4267-40a9-ad44-5eab888ce18a,ce55d1b1-4267-40a9-ad44-5eab888ce18a,0,0,1,21,1,1,1,1,1791333401
2026-10-07T00:38:02+00:00,2026-10-07T00:39:24.483660+00:00,f8348481-0de8-11e7-991c-3863bb43a7d0,47,16,0,0,3,0,1,1,1,1791333398
2026-10-07T00:38:02+00:00,2026-10-07T00:39:24.483660+00:00,2029805507281123700,2029805507281123700,12,2,1,6,0,1,1,1,1791333401
2026-10-07T00:38:02+00:00,2026-10-07T00:39:24.483660+00:00,342a2c60-71b0-4d19-98d6-47987cf20dbc,379,12,0,0,3,0,1,1,1,1791333398
2026-10-07T00:38:02+00:00,2026-10-07T00:39:24.483660+00:00,510239fe-69c3-458b-b53c-6ce001845f4a,354,8,8,1,6,0,1,1,1,1791333406
2026-10-07T00:38:02+00:00,2026-10-07T00:39:24.483660+00:00,5afe91c4-8076-4f9f-b83b-cf233bda2331,460,0,0,0,15,0,1,1,1,1791333405
2026-10-07T00:38:02+00:00,2026-10-07T00:39:24.483660+00:00,f834b49d-0de8-11e7-991c-3863bb43a7d0,101,17,5,0,1,0,1,1,1,1791333406
2026-10-07T00:38:02+00:00,2026-10-07T00:39:24.483660+00:00,2111712079786088918,2111712079786088918,7,1,0,8,0,1,1,1,1791333406
2026-10-07T00:38:02+00:00,2026-10-07T00:39:24.483660+00:00,ccd6fdd4-b39e-46d7-b43c-7bacffb6bd87,523,8,4,0,8,0,1,1,1,1791333410
2026-10-07T00:38:02+00:00,2026-10-07T00:39:24.483660+00:00,f834b5d9-0de8-11e7-991c-3863bb43a7d0,103,5,2,0,10,0,1,1,1,1791333411
2026-10-07T00:38:02+00:00,2026-10-07T00:39:24.483660+00:00,2071993292066931472,2071993292066931472,3,0,0,17,0,1,1,1,1791333414
2026-10-07T00:38:02+00:00,2026-10-07T00:39:24.483660+00:00,83183df0-38c2-4ae8-a0c4-4b59599c9582,222,10,0,0,4,0,1,1,1,1791333412
2026-10-07T00:38:02+00:00,2026-10-07T00:39:24.483660+00:00,f8349824-0de8-11e7-991c-3863bb43a7d0,75,2,0,0,13,0,1,1,1,1791333415
2026-10-07T00:38:02+00:00,2026-10-07T00:39:24.483660+00:00,1960693490199507164,1960693490199507164,8,2,0,11,0,1,1,1,1791333412
2026-10-07T00:38:02+00:00,2026-10-07T00:39:24.483660+00:00,36a8fbc8-6069-4a29-bbfd-63a2d019c9a5,415,0,0,0,19,0,1,1,1,1791333413
2026-10-07T00:38:02+00:00,2026-10-07T00:39:24.483660+00:00,0839bb10-e876-4198-95e4-0147a561853d,258,13,3,1,1,0,1,1,1,1791333419
2026-10-07T00:38:02+00:00,2026-10-07T00:39:24.483660+00:00,54d86d05-b399-42c5-a63a-a97713afc5d4,54d86d05-b399-42c5-a63a-a97713afc5d4,6,6,1,3,0,1,1,1,1791333420
2026-10-07T00:38:02+00:00,2026-10-07T00:39:24.483660+00:00,2141932795355773712,2141932795355773712,9,0,0,8,0,1,1,1,1791333421
2026-10-07T00:38:02+00:00,2026-10-07T00:39:24.483660+00:00,13918b3b-9ac5-4968-a74d-e40dd3bc952e,479,0,0,0,19,0,1,1,1,1791333418
2026-10-07T00:38:02+00:00,2026-10-07T00:39:24.483660+00:00,9e710d48-51c1-460e-a027-3d16bde62b13,419,0,0,14,0,1,1,0,0,1791333419
2026-10-07T00:38:02+00:00,2026-10-07T00:39:24.483660+00:00,2113200093114979090,2113200093114979090,8,1,0,7,1,1,1,1,1791333373
2026-10-07T00:38:02+00:00,2026-10-07T00:39:24.483660+00:00,f834e1b2-0de8-11e7-991c-3863bb43a7d0,125,9,6,1,9,0,1,1,1,1791333429
2026-10-07T00:38:02+00:00,2026-10-07T00:39:24.483660+00:00,13444449-b3a8-43d2-b8b9-a59fbc59a174,397,9,3,0,6,0,1,1,1,1791333428
2026-10-07T00:38:02+00:00,2026-10-07T00:39:24.483660+00:00,53a148ca-ac69-4a9c-a986-9a4b4df2f5df,387,9,3,0,6,0,1,1,1,1791333422
2026-10-07T00:38:02+00:00,2026-10-07T00:39:24.483660+00:00,f83494b4-0de8-11e7-991c-3863bb43a7d0,69,10,5,1,8,0,1,1,1,1791333422
2026-10-07T00:38:02+00:00,2026-10-07T00:39:24.483660+00:00,7ec0c53c-876a-419c-a78b-4edd000bbc9a,445,10,0,0,9,0,1,1,1,1791333422
2026-10-07T00:38:02+00:00,2026-10-07T00:39:24.483660+00:00,2038239468396569074,2038239468396569074,13,0,0,19,0,1,1,1,1791333402
2026-10-07T00:38:02+00:00,2026-10-07T00:39:24.483660+00:00,f834e244-0de8-11e7-991c-3863bb43a7d0,126,6,1,0,9,0,1,1,1,1791333427
2026-10-07T00:38:02+00:00,2026-10-07T00:39:24.483660+00:00,2241260819676115550,2241260819676115550,0,0,0,25,0,1,1,1,1791333427
2026-10-07T00:38:02+00:00,2026-10-07T00:39:24.483660+00:00,e68655be-23d3-46e5-a509-25be677e7542,482,6,1,0,5,0,1,1,1,1791333425
2026-10-07T00:38:02+00:00,2026-10-07T00:39:24.483660+00:00,2071632496372113488,2071632496372113488,14,6,0,6,0,1,1,1,1791333416
2026-10-07T00:38:02+00:00,2026-10-07T00:39:24.483660+00:00,f8352c92-0de8-11e7-991c-3863bb43a7d0,217,12,0,2,5,0,1,1,1,1791333428
2026-10-07T00:38:02+00:00,2026-10-07T00:39:24.483660+00:00,b995a0b4-fc26-4661-9bc8-e166d648edfd,353,11,4,0,4,0,1,1,1,1791333432
2026-10-07T00:38:02+00:00,2026-10-07T00:39:24.483660+00:00,f8346894-0de8-11e7-991c-3863bb43a7d0,9,11,0,2,2,0,1,1,1,1791333432
2026-10-07T00:38:02+00:00,2026-10-07T00:39:24.483660+00:00,2267569638034503736,2267569638034503736,6,0,4,9,0,1,1,1,1791333429
2026-10-07T00:38:02+00:00,2026-10-07T00:39:24.483660+00:00,f834952a-0de8-11e7-991c-3863bb43a7d0,70,1,1,1,21,0,1,1,1,1791333429
2026-10-07T00:38:02+00:00,2026-10-07T00:39:24.483660+00:00,f83516b8-0de8-11e7-991c-3863bb43a7d0,184,5,0,0,13,1,1,1,1,1791333431
2026-10-07T00:38:02+00:00,2026-10-07T00:39:24.483660+00:00,f24a573e-ef07-4785-9270-70c443510ea6,359,6,1,3,5,1,1,1,1,1791333431
2026-10-07T00:38:02+00:00,2026-10-07T00:39:24.483660+00:00,518f6524-0e7f-454d-974e-e3ff9db1f795,494,11,3,0,0,0,1,1,1,1791333440
2026-10-07T00:38:02+00:00,2026-10-07T00:39:24.483660+00:00,f83524c0-0de8-11e7-991c-3863bb43a7d0,203,7,1,0,7,0,1,1,1,1791333440
2026-10-07T00:38:02+00:00,2026-10-07T00:39:24.483660+00:00,f8348509-0de8-11e7-991c-3863bb43a7d0,48,3,0,0,14,0,1,1,1,1791333438
2026-10-07T00:38:02+00:00,2026-10-07T00:39:24.483660+00:00,5018e851-f2f3-4e18-9914-c316bbcc2c3d,331,0,0,0,15,0,1,1,1,1791333381
2026-10-07T00:38:02+00:00,2026-10-07T00:39:24.483660+00:00,abefafdc-c772-4671-86fe-fc15a42adebb,abefafdc-c772-4671-86fe-fc15a42adebb,2,0,0,21,0,1,1,1,1791333382
2026-10-07T00:38:02+00:00,2026-10-07T00:39:24.483660+00:00,5bc7cba9-f0b0-442d-932c-e8c7927d87ce,386,14,0,0,5,0,1,1,1,1791333383
2026-10-07T00:38:02+00:00,2026-10-07T00:39:24.483660+00:00,2fd22786-dfeb-4126-a906-4f01802087f3,454,3,0,3,13,0,1,1,1,1791333382
2026-10-07T00:38:02+00:00,2026-10-07T00:39:24.483660+00:00,2264176803898382980,2264176803898382980,4,2,0,7,0,1,1,1,1791333383
2026-10-07T00:38:02+00:00,2026-10-07T00:39:24.483660+00:00,40e58976-02cc-4c7c-911f-7a6c97588bfa,520,11,3,0,10,0,1,1,1,1791333382
2026-10-07T00:38:02+00:00,2026-10-07T00:39:24.483660+00:00,f83464e4-0de8-11e7-991c-3863bb43a7d0,3,0,0,1,13,0,1,1,1,1791333381
2026-10-07T00:38:02+00:00,2026-10-07T00:39:24.483660+00:00,2327cb08-fa9f-459b-9ab0-1a319b0f2f4c,539,8,3,1,9,0,1,1,1,1791333386
2026-10-07T00:38:02+00:00,2026-10-07T00:39:24.483660+00:00,f8346768-0de8-11e7-991c-3863bb43a7d0,7,0,0,0,15,0,1,1,1,1791333386
2026-10-07T00:38:02+00:00,2026-10-07T00:39:24.483660+00:00,20b0b405-54ba-4a80-b89c-0819772665db,440,2,0,0,13,0,1,1,1,1791333387
2026-10-07T00:38:02+00:00,2026-10-07T00:39:24.483660+00:00,dfdaf866-b814-48e5-9bd3-eb7c4a733697,dfdaf866-b814-48e5-9bd3-eb7c4a733697,8,2,0,9,0,1,1,1,1791333386
2026-10-07T00:38:02+00:00,2026-10-07T00:39:24.483660+00:00,0f554e1d-9f0f-452d-9b4a-e00aa2c5911e,492,6,2,0,9,0,1,1,1,1791333387
2026-10-07T00:38:02+00:00,2026-10-07T00:39:24.483660+00:00,2223043968513191970,2223043968513191970,4,0,1,11,0,1,1,1,1791333390
2026-10-07T00:38:02+00:00,2026-10-07T00:39:24.483660+00:00,f8349745-0de8-11e7-991c-3863bb43a7d0,73,0,0,0,15,0,1,1,1,1791333372
2026-10-07T00:38:02+00:00,2026-10-07T00:39:24.483660+00:00,2136942888571742916,2136942888571742916,12,0,0,3,0,1,1,1,1791333372
2026-10-07T00:38:02+00:00,2026-10-07T00:39:24.483660+00:00,f8349ba9-0de8-11e7-991c-3863bb43a7d0,77,10,7,0,8,0,1,1,1,1791333371
2026-10-07T00:38:02+00:00,2026-10-07T00:39:24.483660+00:00,f8349c69-0de8-11e7-991c-3863bb43a7d0,78,11,0,1,6,0,1,1,1,1791333369
2026-10-07T00:38:02+00:00,2026-10-07T00:39:24.483660+00:00,d7ec834e-9d9a-402c-9956-7d5f42676b94,d7ec834e-9d9a-402c-9956-7d5f42676b94,14,1,0,0,0,1,1,1,1791333393
2026-10-07T00:38:02+00:00,2026-10-07T00:39:24.483660+00:00,9f54207a-3308-43bd-b45c-9042b6389598,423,12,1,0,7,0,1,1,1,1791333443
2026-10-07T00:38:02+00:00,2026-10-07T00:39:24.483660+00:00,f8351019-0de8-11e7-991c-3863bb43a7d0,169,13,3,0,6,0,1,1,1,1791333443
2026-10-07T00:38:02+00:00,2026-10-07T00:39:24.483660+00:00,ec3eea05-a3ff-43c6-9e24-0c63f09b915f,378,10,2,0,9,0,1,1,1,1791333443
2026-10-07T00:38:02+00:00,2026-10-07T00:39:24.483660+00:00,2217856523888952522,2217856523888952522,5,1,0,15,0,1,1,1,1791333445
2026-10-07T00:38:02+00:00,2026-10-07T00:39:24.483660+00:00,1944724820826878816,1944724820826878816,3,0,1,13,0,1,1,1,1791333444
2026-10-07T00:38:02+00:00,2026-10-07T00:39:24.483660+00:00,02a4416f-80b4-4472-accd-5db482ed5b6d,367,7,0,0,12,0,1,1,1,1791333446
2026-10-07T00:38:02+00:00,2026-10-07T00:39:24.483660+00:00,ddcc8869-b8d4-483c-b9da-457fcebc8dc1,417,16,0,1,2,0,1,1,1,1791333447
2026-10-07T00:38:02+00:00,2026-10-07T00:39:24.483660+00:00,f8347118-0de8-11e7-991c-3863bb43a7d0,22,19,0,1,13,2,1,1,1,1791333447
2026-10-07T00:38:02+00:00,2026-10-07T00:39:24.483660+00:00,a18e1e55-507e-49d8-b7c0-5c0efd959125,358,16,4,0,3,0,1,1,1,1791333448
2026-10-07T00:38:02+00:00,2026-10-07T00:39:24.483660+00:00,2170342425741020744,2170342425741020744,15,5,0,2,0,1,1,1,1791333448
2026-10-07T00:38:02+00:00,2026-10-07T00:39:24.483660+00:00,bb27977d-36c1-496d-8bac-631b612dd7b8,332,3,0,0,12,0,1,1,1,1791333449
2026-10-07T00:38:02+00:00,2026-10-07T00:39:24.483660+00:00,0adccd89-1d8d-44da-9f7c-5f18acafeddf,338,7,6,0,7,0,1,1,1,1791333449
2026-10-07T00:38:02+00:00,2026-10-07T00:39:24.483660+00:00,42a3ecca-af9a-4556-90ba-7631546f96f8,42a3ecca-af9a-4556-90ba-7631546f96f8,4,2,1,6,0,1,1,1,1791333446
2026-10-07T00:38:02+00:00,2026-10-07T00:39:24.483660+00:00,f834cf45-0de8-11e7-991c-3863bb43a7d0,116,12,0,1,10,0,1,1,1,1791333449
2026-10-07T00:38:02+00:00,2026-10-07T00:39:24.483660+00:00,f8348136-0de8-11e7-991c-3863bb43a7d0,41,24,3,1,2,0,1,1,1,1791333449
2026-10-07T00:38:02+00:00,2026-10-07T00:39:24.483660+00:00,350e73e3-6f70-4b2d-87ab-24c8629e9a6a,350e73e3-6f70-4b2d-87ab-24c8629e9a6a,14,2,0,5,0,1,1,1,1791333450
2026-10-07T00:38:02+00:00,2026-10-07T00:39:24.483660+00:00,2107991976288962746,2107991976288962746,7,0,0,13,0,1,1,1,1791333450
2026-10-07T00:38:02+00:00,2026-10-07T00:39:24.483660+00:00,ba634139-d7bf-448f-aac4-25995d36b67b,373,9,5,0,6,0,1,1,1,1791333450
2026-10-07T00:38:02+00:00,2026-10-07T00:39:24.483660+00:00,676ca473-eed6-4971-aaf3-e199a7ca335b,433,14,6,0,4,1,1,1,1,1791333454
2026-10-07T00:38:02+00:00,2026-10-07T00:39:24.483660+00:00,f6df6c1a-064f-428a-951c-2069a081b9df,380,0,0,2,16,0,1,1,1,1791333451
2026-10-07T00:38:02+00:00,2026-10-07T00:39:24.483660+00:00,5f726a7d-5c5d-48b1-9b13-06c77572a237,516,6,2,1,4,0,1,1,1,1791333455
2026-10-07T00:38:02+00:00,2026-10-07T00:39:24.483660+00:00,2223045710883822544,2223045710883822544,11,5,1,3,0,1,1,1,1791333456
2026-10-07T00:38:02+00:00,2026-10-07T00:39:24.483660+00:00,2057166010169469732,2057166010169469732,1,1,0,14,0,1,1,1,1791333459
2026-10-07T00:38:02+00:00,2026-10-07T00:39:24.483660+00:00,f834f814-0de8-11e7-991c-3863bb43a7d0,136,0,0,0,19,0,1,1,1,1791333459
2026-10-07T00:38:02+00:00,2026-10-07T00:39:24.483660+00:00,1997031579059661288,1997031579059661288,10,1,0,1,0,1,1,1,1791333460
2026-10-07T00:38:02+00:00,2026-10-07T00:39:24.483660+00:00,b23674a7-15a8-46d2-8219-6668acecf24a,548,10,0,0,8,0,1,1,1,1791333458
2026-10-07T00:38:02+00:00,2026-10-07T00:39:24.483660+00:00,2070180968009321294,2070180968009321294,11,2,0,8,2,1,1,1,1791333461
2026-10-07T00:38:02+00:00,2026-10-07T00:39:24.483660+00:00,2078337213380274244,2078337213380274244,5,4,1,5,0,1,1,1,1791333461
2026-10-07T00:38:02+00:00,2026-10-07T00:39:24.483660+00:00,2038619205667946906,2038619205667946906,9,1,2,9,0,1,1,1,1791333461
2026-10-07T00:38:02+00:00,2026-10-07T00:39:24.483660+00:00,2ba0c5dd-c990-4434-8a84-5c3eca23f096,447,9,5,0,10,0,1,1,1,1791333462
2026-10-07T00:38:02+00:00,2026-10-07T00:39:24.483660+00:00,f8348995-0de8-11e7-991c-3863bb43a7d0,58,15,0,1,3,0,1,1,1,1791333462
2026-10-07T00:38:02+00:00,2026-10-07T00:39:24.483660+00:00,f834b42d-0de8-11e7-991c-3863bb43a7d0,100,9,2,1,15,0,1,1,1,1791333465
2026-10-07T00:38:02+00:00,2026-10-07T00:39:24.483660+00:00,93911aa1-b5e4-48aa-a2b6-38fbcf613006,93911aa1-b5e4-48aa-a2b6-38fbcf613006,11,0,0,7,0,1,1,1,1791333464
2026-10-07T00:38:02+00:00,2026-10-07T00:39:24.483660+00:00,2072145327190878794,2072145327190878794,11,2,1,12,0,1,1,1,1791333466
2026-10-07T00:38:02+00:00,2026-10-07T00:39:24.483660+00:00,2113555008851845550,2113555008851845550,11,1,0,9,0,1,1,1,1791333465
2026-10-07T00:38:02+00:00,2026-10-07T00:39:24.483660+00:00,ef54374b-0406-4b17-b0a1-847f1d7bea06,410,13,2,1,1,0,1,1,1,1791333466
2026-10-07T00:38:02+00:00,2026-10-07T00:39:24.483660+00:00,f834fd36-0de8-11e7-991c-3863bb43a7d0,142,7,0,0,16,0,1,1,1,1791333466
2026-10-07T00:38:02+00:00,2026-10-07T00:39:24.483660+00:00,f8351336-0de8-11e7-991c-3863bb43a7d0,176,13,0,2,0,0,1,1,1,1791333467
2026-10-07T00:38:02+00:00,2026-10-07T00:39:24.483660+00:00,f83510fd-0de8-11e7-991c-3863bb43a7d0,171,9,0,1,13,0,1,1,1,1791333468
2026-10-07T00:38:02+00:00,2026-10-07T00:39:24.483660+00:00,2043912031919765854,2043912031919765854,7,0,0,13,0,1,1,1,1791333468
2026-10-07T00:48:02+00:00,2026-10-07T00:49:24.528325+00:00,6eaa7343-402d-41c9-9aac-8c664fdbdcf1,6eaa7343-402d-41c9-9aac-8c664fdbdcf1,0,0,0,0,0,0,0,0,86400
2026-10-07T00:48:02+00:00,2026-10-07T00:49:24.528325+00:00,cad0e759-b605-458a-b772-768dcce81dc6,372,0,0,6,13,0,1,0,0,1791324371
2026-10-07T00:48:02+00:00,2026-10-07T00:49:24.528325+00:00,97a1e4e7-a1ff-427a-aaea-48ca0d00bf9c,348,3,3,0,12,0,1,1,1,1791333940
2026-10-07T00:48:02+00:00,2026-10-07T00:49:24.528325+00:00,87b5a8b7-a330-4c51-ab32-7dafa292c88f,421,19,1,0,0,0,1,1,1,1791333944
2026-10-07T00:48:02+00:00,2026-10-07T00:49:24.528325+00:00,625f105e-4407-4988-9095-d1979cbda5e1,234,16,7,0,3,0,1,1,1,1791333956
2026-10-07T00:48:02+00:00,2026-10-07T00:49:24.528325+00:00,f55cdf0a-3d7b-491c-bed2-7dc0ef2062d5,489,14,2,2,0,0,1,1,1,1791333957
2026-10-07T00:48:02+00:00,2026-10-07T00:49:24.528325+00:00,1ef9964d-47ac-4cd4-916e-7c006fa1e605,339,3,1,0,12,0,1,1,1,1791333956
2026-10-07T00:48:02+00:00,2026-10-07T00:49:24.528325+00:00,2028220168245183460,2028220168245183460,15,1,0,4,0,1,1,1,1791333969
2026-10-07T00:48:02+00:00,2026-10-07T00:49:24.528325+00:00,25489822-e43a-4704-b2a8-d905b78ba77c,389,2,0,0,12,0,1,1,1,1791333969
2026-10-07T00:48:02+00:00,2026-10-07T00:49:24.528325+00:00,01d29f8c-768d-4c4f-84ca-3de966075287,469,2,1,0,9,0,1,1,1,1791333975
2026-10-07T00:48:02+00:00,2026-10-07T00:49:24.528325+00:00,82b41ffb-e284-4e4d-b22a-0cad2bfd4bee,443,8,0,0,11,0,1,1,1,1791333977
2026-10-07T00:48:02+00:00,2026-10-07T00:49:24.528325+00:00,1991921362058752616,1991921362058752616,0,0,0,20,0,1,1,1,1791333978
2026-10-07T00:48:02+00:00,2026-10-07T00:49:24.528325+00:00,eed9e64f-f09d-43c1-aa31-da968c66750a,368,4,1,0,11,0,1,1,1,1791333942
2026-10-07T00:48:02+00:00,2026-10-07T00:49:24.528325+00:00,f834d260-0de8-11e7-991c-3863bb43a7d0,119,14,2,0,1,0,1,1,1,1791333946
2026-10-07T00:48:02+00:00,2026-10-07T00:49:24.528325+00:00,25d6f87f-7025-48c5-b202-f91511a4ae19,25d6f87f-7025-48c5-b202-f91511a4ae19,12,2,0,7,0,1,1,1,1791333953
2026-10-07T00:48:02+00:00,2026-10-07T00:49:24.528325+00:00,e335fa7c-7adf-4360-9bfa-76b18124a56f,541,0,0,0,11,0,1,1,1,1791333950
2026-10-07T00:48:02+00:00,2026-10-07T00:49:24.528325+00:00,57f5003b-6574-40b3-83d7-3b5dee1472e0,518,2,1,0,8,0,1,1,1,1791333960
2026-10-07T00:48:02+00:00,2026-10-07T00:49:24.528325+00:00,f8351f87-0de8-11e7-991c-3863bb43a7d0,192,0,0,0,19,0,1,1,1,1791333964
2026-10-07T00:48:02+00:00,2026-10-07T00:49:24.528325+00:00,4b5de733-9353-4873-9dc2-9558b3cb063a,393,8,2,1,4,0,1,1,1,1791333965
2026-10-07T00:48:02+00:00,2026-10-07T00:49:24.528325+00:00,1994515539257334312,1994515539257334312,11,3,0,8,0,1,1,1,1791333965
2026-10-07T00:48:02+00:00,2026-10-07T00:49:24.528325+00:00,f834b1ed-0de8-11e7-991c-3863bb43a7d0,99,4,0,1,10,0,1,1,1,1791333969
2026-10-07T00:48:02+00:00,2026-10-07T00:49:24.528325+00:00,1331197c-f6c6-4f4a-a29b-95e580359886,224,7,0,0,10,0,1,1,1,1791333984
2026-10-07T00:48:02+00:00,2026-10-07T00:49:24.528325+00:00,4d953f0f-13b5-4b3d-b2da-342003ff7cba,4d953f0f-13b5-4b3d-b2da-342003ff7cba,2,1,0,9,0,1,1,1,1791333983
2026-10-07T00:48:02+00:00,2026-10-07T00:49:24.528325+00:00,f834a67b-0de8-11e7-991c-3863bb43a7d0,89,3,0,1,14,0,1,1,1,1791333984
2026-10-07T00:48:02+00:00,2026-10-07T00:49:24.528325+00:00,2127634714741013228,2127634714741013228,12,1,2,10,0,1,1,1,1791333981
2026-10-07T00:48:02+00:00,2026-10-07T00:49:24.528325+00:00,ea00f276-26dc-48ee-b2c8-6e56fd632a2d,272,5,1,0,14,0,1,1,1,1791333979
2026-10-07T00:48:02+00:00,2026-10-07T00:49:24.528325+00:00,f83466c6-0de8-11e7-991c-3863bb43a7d0,6,7,0,0,7,0,1,1,1,1791333981
2026-10-07T00:48:02+00:00,2026-10-07T00:49:24.528325+00:00,f834a1de-0de8-11e7-991c-3863bb43a7d0,84,11,2,0,1,0,1,1,1,1791333981
2026-10-07T00:48:02+00:00,2026-10-07T00:49:24.528325+00:00,f8347ba8-0de8-11e7-991c-3863bb43a7d0,31,1,0,1,17,0,1,1,1,1791333985
2026-10-07T00:48:02+00:00,2026-10-07T00:49:24.528325+00:00,1976280681456741062,1976280681456741062,6,6,0,5,0,1,1,1,1791333985
2026-10-07T00:48:02+00:00,2026-10-07T00:49:24.528325+00:00,803a0c16-4f81-44f1-8b49-a13fcdda40c1,370,0,0,1,17,0,1,1,1,1791333982
2026-10-07T00:48:02+00:00,2026-10-07T00:49:24.528325+00:00,2036412579943670600,2036412579943670600,1,1,0,11,0,1,1,1,1791333896
2026-10-07T00:48:02+00:00,2026-10-07T00:49:24.528325+00:00,f8351569-0de8-11e7-991c-3863bb43a7d0,181,15,2,2,2,0,1,1,1,1791333938
2026-10-07T00:48:02+00:00,2026-10-07T00:49:24.528325+00:00,2126567695528519906,2126567695528519906,6,0,0,14,0,1,1,1,1791333936
2026-10-07T00:48:02+00:00,2026-10-07T00:49:24.528325+00:00,2227859082657747444,2227859082657747444,7,4,0,0,0,1,1,1,1791333831
2026-10-07T00:48:02+00:00,2026-10-07T00:49:24.528325+00:00,1999639508813492766,1999639508813492766,4,0,1,15,0,1,1,1,1791334014
2026-10-07T00:48:02+00:00,2026-10-07T00:49:24.528325+00:00,2110566771130438288,2110566771130438288,5,1,2,9,0,1,1,1,1791334014
2026-10-07T00:48:02+00:00,2026-10-07T00:49:24.528325+00:00,f834f036-0de8-11e7-991c-3863bb43a7d0,133,10,4,1,11,0,1,1,1,1791334013
2026-10-07T00:48:02+00:00,2026-10-07T00:49:24.528325+00:00,5d17f129-af8c-4f30-bc58-6a8279052772,543,5,2,1,13,0,1,1,1,1791334014
2026-10-07T00:48:02+00:00,2026-10-07T00:49:24.528325+00:00,2149920539832638004,2149920539832638004,10,0,1,4,0,1,1,1,1791334014
2026-10-07T00:48:02+00:00,2026-10-07T00:49:24.528325+00:00,f834f948-0de8-11e7-991c-3863bb43a7d0,138,10,0,1,3,0,1,1,1,1791334016
2026-10-07T00:48:02+00:00,2026-10-07T00:49:24.528325+00:00,77c1736c-a609-4453-94f7-8e4253a8193c,474,6,3,0,5,0,1,1,1,1791334012
2026-10-07T00:48:02+00:00,2026-10-07T00:49:24.528325+00:00,d1a5e406-718c-44b9-b9dd-e63605b888aa,555,9,8,0,6,0,1,1,1,1791334013
2026-10-07T00:48:02+00:00,2026-10-07T00:49:24.528325+00:00,2113559364250874028,2113559364250874028,10,3,0,5,0,1,1,1,1791334013
2026-10-07T00:48:02+00:00,2026-10-07T00:49:24.528325+00:00,a6d6d4b2-3666-43ad-a690-7f676bdcc3fd,542,10,0,3,6,0,1,1,1,1791334016
2026-10-07T00:48:02+00:00,2026-10-07T00:49:24.528325+00:00,133d159e-a202-4310-910f-eca392fe181e,398,3,0,2,14,0,1,1,1,1791334019
2026-10-07T00:48:02+00:00,2026-10-07T00:49:24.528325+00:00,1976640911178291400,1976640911178291400,10,4,0,1,0,1,1,1,1791334017
2026-10-07T00:48:02+00:00,2026-10-07T00:49:24.528325+00:00,f83493c0-0de8-11e7-991c-3863bb43a7d0,67,0,0,2,28,0,1,1,1,1791334021
2026-10-07T00:48:02+00:00,2026-10-07T00:49:24.528325+00:00,a825b55d-3ab3-481f-9c50-d3a7313e6843,228,1,0,1,17,0,1,1,1,1791334018
2026-10-07T00:48:02+00:00,2026-10-07T00:49:24.528325+00:00,f8352973-0de8-11e7-991c-3863bb43a7d0,210,7,0,0,8,0,1,1,1,1791334024
2026-10-07T00:48:02+00:00,2026-10-07T00:49:24.528325+00:00,2036103727838931110,2036103727838931110,7,2,0,3,0,1,1,1,1791334026
2026-10-07T00:48:02+00:00,2026-10-07T00:49:24.528325+00:00,569f4952-5a25-4394-a419-f9c4d9cca6f3,495,18,2,0,0,0,1,1,1,1791334026
2026-10-07T00:48:02+00:00,2026-10-07T00:49:24.528325+00:00,f8351791-0de8-11e7-991c-3863bb43a7d0,186,8,1,1,6,0,1,1,1,1791334026
2026-10-07T00:48:02+00:00,2026-10-07T00:49:24.528325+00:00,f834e75d-0de8-11e7-991c-3863bb43a7d0,129,6,2,0,12,1,1,1,1,1791334027
2026-10-07T00:48:02+00:00,2026-10-07T00:49:24.528325+00:00,768433a9-fc30-4485-b136-22d6f8a96f1c,768433a9-fc30-4485-b136-22d6f8a96f1c,10,2,1,0,0,1,1,1,1791334023
2026-10-07T00:48:02+00:00,2026-10-07T00:49:24.528325+00:00,2039387081833476178,2039387081833476178,16,4,0,4,0,1,1,1,1791333931
2026-10-07T00:48:02+00:00,2026-10-07T00:49:24.528325+00:00,8d535c23-f186-4161-aa10-17e94be6d4ae,436,5,3,3,6,1,1,1,1,1791333987
2026-10-07T00:48:02+00:00,2026-10-07T00:49:24.528325+00:00,e4d5271f-5f76-401b-b7f0-c8dce3c26f10,462,6,0,1,4,0,1,1,1,1791333987
2026-10-07T00:48:02+00:00,2026-10-07T00:49:24.528325+00:00,f834b928-0de8-11e7-991c-3863bb43a7d0,106,11,3,1,2,0,1,1,1,1791333988
2026-10-07T00:48:02+00:00,2026-10-07T00:49:24.528325+00:00,aefc33cd-40b9-48da-8b87-415428816bdb,488,6,1,0,10,0,1,1,1,1791333988
2026-10-07T00:48:02+00:00,2026-10-07T00:49:24.528325+00:00,2124664048772581794,2124664048772581794,2,0,0,8,0,1,1,1,1791333990
2026-10-07T00:48:02+00:00,2026-10-07T00:49:24.528325+00:00,dcd76e42-eebc-4432-9726-cdb3372b0b07,557,1,0,0,18,0,1,1,1,1791333991
2026-10-07T00:48:02+00:00,2026-10-07T00:49:24.528325+00:00,b44b7c3d-c054-4591-92a9-3b96d86050ab,b44b7c3d-c054-4591-92a9-3b96d86050ab,3,3,0,8,0,1,1,1,1791333990
2026-10-07T00:48:02+00:00,2026-10-07T00:49:24.528325+00:00,f606593b-3d07-40f2-bc6d-a0eb96588e44,456,9,2,0,9,0,1,1,1,1791333991
2026-10-07T00:48:02+00:00,2026-10-07T00:49:24.528325+00:00,5410aac7-2ec0-47b6-b728-b99c5137b463,5410aac7-2ec0-47b6-b728-b99c5137b463,5,1,0,6,0,1,1,1,1791333993
2026-10-07T00:48:02+00:00,2026-10-07T00:49:24.528325+00:00,38706d8c-8d4b-49f7-b6ed-7688449db261,463,0,0,0,19,0,1,1,1,1791333994
2026-10-07T00:48:02+00:00,2026-10-07T00:49:24.528325+00:00,1ef5abb2-5af9-41f2-a0dd-1e44278ad9f1,502,7,2,0,4,0,1,1,1,1791333996
2026-10-07T00:48:02+00:00,2026-10-07T00:49:24.528325+00:00,f834c6f5-0de8-11e7-991c-3863bb43a7d0,111,12,6,0,2,1,1,1,1,1791333987
2026-10-07T00:48:02+00:00,2026-10-07T00:49:24.528325+00:00,8e7c1984-dc81-43b0-a0d3-58c6de45225a,465,6,1,0,5,0,1,1,1,1791333995
2026-10-07T00:48:02+00:00,2026-10-07T00:49:24.528325+00:00,800bde2c-51df-497c-ac2d-bc3a8c00c164,800bde2c-51df-497c-ac2d-bc3a8c00c164,0,0,1,14,0,1,1,1,1791333998
2026-10-07T00:48:02+00:00,2026-10-07T00:49:24.528325+00:00,f834fcbe-0de8-11e7-991c-3863bb43a7d0,141,3,0,0,12,0,1,1,1,1791333999
2026-10-07T00:48:02+00:00,2026-10-07T00:49:24.528325+00:00,f834d34b-0de8-11e7-991c-3863bb43a7d0,120,13,0,2,24,0,1,1,1,1791333998
2026-10-07T00:48:02+00:00,2026-10-07T00:49:24.528325+00:00,acb27827-d69a-4287-b132-3f529ca62ad2,427,3,1,0,16,0,1,1,1,1791334000
2026-10-07T00:48:02+00:00,2026-10-07T00:49:24.528325+00:00,829fa5a8-cc88-4ab2-9f34-b481aaa1612e,259,12,4,0,3,0,1,1,1,1791334000
2026-10-07T00:48:02+00:00,2026-10-07T00:49:24.528325+00:00,2071991821019036242,2071991821019036242,13,3,0,7,0,1,1,1,1791334002
2026-10-07T00:48:02+00:00,2026-10-07T00:49:24.528325+00:00,1919521884659886482,1919521884659886482,2,0,0,17,0,1,1,1,1791334002
2026-10-07T00:48:02+00:00,2026-10-07T00:49:24.528325+00:00,2132460331327742574,2132460331327742574,0,0,0,18,0,1,1,1,1791334003
2026-10-07T00:48:02+00:00,2026-10-07T00:49:24.528325+00:00,f8347a8b-0de8-11e7-991c-3863bb43a7d0,29,3,0,0,16,0,1,1,1,1791334006
2026-10-07T00:48:02+00:00,2026-10-07T00:49:24.528325+00:00,f8350d30-0de8-11e7-991c-3863bb43a7d0,163,5,0,0,14,0,1,1,1,1791334004
2026-10-07T00:48:02+00:00,2026-10-07T00:49:24.528325+00:00,c111ef1a-f276-415d-a95e-8e3c4e3a0c03,522,3,1,1,11,0,1,1,1,1791334006
2026-10-07T00:48:02+00:00,2026-10-07T00:49:24.528325+00:00,40ee059e-8530-4992-9114-c16b87d6832f,441,11,6,0,8,0,1,1,1,1791334006
2026-10-07T00:48:02+00:00,2026-10-07T00:49:24.528325+00:00,1986694622707704150,1986694622707704150,15,2,1,3,0,1,1,1,1791334007
2026-10-07T00:48:02+00:00,2026-10-07T00:49:24.528325+00:00,2220033166406469278,2220033166406469278,10,4,1,4,0,1,1,1,1791334005
2026-10-07T00:48:02+00:00,2026-10-07T00:49:24.528325+00:00,f8347002-0de8-11e7-991c-3863bb43a7d0,20,12,1,1,10,0,1,1,1,1791334004
2026-10-07T00:48:02+00:00,2026-10-07T00:49:24.528325+00:00,918335df-fc1a-45c2-9cfc-c5e2e93aecc0,467,2,0,1,8,0,1,1,1,1791334010
2026-10-07T00:48:02+00:00,2026-10-07T00:49:24.528325+00:00,e519df41-c4d7-403a-9afa-a5dd7cdd2d03,536,5,0,0,13,0,1,1,1,1791334011
2026-10-07T00:48:02+00:00,2026-10-07T00:49:24.528325+00:00,f8346dbd-0de8-11e7-991c-3863bb43a7d0,16,1,0,0,18,0,1,1,1,1791334011
2026-10-07T00:48:02+00:00,2026-10-07T00:49:24.528325+00:00,2027855476515070160,2027855476515070160,8,0,0,19,0,1,1,1,1791334009
2026-10-07T00:48:02+00:00,2026-10-07T00:49:24.528325+00:00,f7d416f8-4377-4019-bba7-302dc1d5a11d,391,12,0,2,1,0,1,1,1,1791334032
2026-10-07T00:48:02+00:00,2026-10-07T00:49:24.528325+00:00,ec4e1168-25dc-4929-b17b-e4ae578dd888,425,6,0,0,10,0,1,1,1,1791334033
2026-10-07T00:48:02+00:00,2026-10-07T00:49:24.528325+00:00,f8348598-0de8-11e7-991c-3863bb43a7d0,49,3,0,1,14,0,1,1,1,1791334031
2026-10-07T00:48:02+00:00,2026-10-07T00:49:24.528325+00:00,f83473ea-0de8-11e7-991c-3863bb43a7d0,27,12,1,1,10,0,1,1,1,1791334030
2026-10-07T00:48:02+00:00,2026-10-07T00:49:24.528325+00:00,f8351649-0de8-11e7-991c-3863bb43a7d0,183,0,0,2,17,0,1,1,1,1791334028
2026-10-07T00:48:02+00:00,2026-10-07T00:49:24.528325+00:00,9b0aff89-5242-475e-b03b-87c3c3bf51bb,477,6,3,1,12,0,1,1,1,1791334030
2026-10-07T00:48:02+00:00,2026-10-07T00:49:24.528325+00:00,f83532fa-0de8-11e7-991c-3863bb43a7d0,219,11,1,0,4,0,1,1,1,1791334037
2026-10-07T00:48:02+00:00,2026-10-07T00:49:24.528325+00:00,9fef6df2-7f8f-43fc-a85b-7dd5453860f9,437,12,1,0,5,0,1,1,1,1791334031
2026-10-07T00:48:02+00:00,2026-10-07T00:49:24.528325+00:00,f8346e51-0de8-11e7-991c-3863bb43a7d0,17,13,1,0,2,0,1,1,1,1791334031
2026-10-07T00:48:02+00:00,2026-10-07T00:49:24.528325+00:00,f834916a-0de8-11e7-991c-3863bb43a7d0,63,7,1,0,8,0,1,1,1,1791334031
2026-10-07T00:48:02+00:00,2026-10-07T00:49:24.528325+00:00,f8349070-0de8-11e7-991c-3863bb43a7d0,61,2,0,1,16,0,1,1,1,1791334037
2026-10-07T00:48:02+00:00,2026-10-07T00:49:24.528325+00:00,f8348719-0de8-11e7-991c-3863bb43a7d0,52,12,0,0,11,0,1,1,1,1791334038
2026-10-07T00:48:02+00:00,2026-10-07T00:49:24.528325+00:00,88b35b6d-f355-44dc-b85e-ed2eb1bc9099,406,10,2,0,9,0,1,1,1,1791334027
2026-10-07T00:48:02+00:00,2026-10-07T00:49:24.528325+00:00,f8351255-0de8-11e7-991c-3863bb43a7d0,174,13,1,1,1,0,1,1,1,1791334040
2026-10-07T00:48:02+00:00,2026-10-07T00:49:24.528325+00:00,f8349599-0de8-11e7-991c-3863bb43a7d0,71,15,0,2,6,0,1,1,1,1791334041
2026-10-07T00:48:02+00:00,2026-10-07T00:49:24.528325+00:00,2251186911126913182,2251186911126913182,14,2,2,3,0,1,1,1,1791334055
2026-10-07T00:48:02+00:00,2026-10-07T00:49:24.528325+00:00,2134720099473744344,2134720099473744344,2,0,0,19,0,1,1,1,1791334058
2026-10-07T00:48:02+00:00,2026-10-07T00:49:24.528325+00:00,f834cb89-0de8-11e7-991c-3863bb43a7d0,115,11,1,1,7,0,1,1,1,1791334056
2026-10-07T00:48:02+00:00,2026-10-07T00:49:24.528325+00:00,1997031876360597884,1997031876360597884,5,0,0,6,0,1,1,1,1791334057
2026-10-07T00:48:02+00:00,2026-10-07T00:49:24.528325+00:00,986068c4-d11a-465a-b8d0-bd0960c57f51,986068c4-d11a-465a-b8d0-bd0960c57f51,9,0,1,5,0,1,1,1,1791334041
2026-10-07T00:48:02+00:00,2026-10-07T00:49:24.528325+00:00,f834c5c9-0de8-11e7-991c-3863bb43a7d0,110,0,0,2,13,0,1,1,1,1791334041
2026-10-07T00:48:02+00:00,2026-10-07T00:49:24.528325+00:00,ab6517ea-ed53-42eb-8881-657d362e56e8,560,15,1,0,0,0,1,1,1,1791334041
2026-10-07T00:48:02+00:00,2026-10-07T00:49:24.528325+00:00,199f3d59-e726-4549-b9c1-4dfc8a343fdb,508,9,6,0,2,0,1,1,1,1791334042
2026-10-07T00:48:02+00:00,2026-10-07T00:49:24.528325+00:00,2261583246847893606,2261583246847893606,7,1,1,11,0,1,1,1,1791334043
2026-10-07T00:48:02+00:00,2026-10-07T00:49:24.528325+00:00,2219705277630124418,2219705277630124418,8,3,0,7,0,1,1,1,1791334043
2026-10-07T00:48:02+00:00,2026-10-07T00:49:24.528325+00:00,2250817396738253956,2250817396738253956,5,0,1,9,0,1,1,1,1791334043
2026-10-07T00:48:02+00:00,2026-10-07T00:49:24.528325+00:00,2131371824572002576,2131371824572002576,6,1,0,10,0,1,1,1,1791334034
2026-10-07T00:48:02+00:00,2026-10-07T00:49:24.528325+00:00,2127252912986958612,2127252912986958612,12,2,0,3,0,1,1,1,1791334034
2026-10-07T00:48:02+00:00,2026-10-07T00:49:24.528325+00:00,f8346c96-0de8-11e7-991c-3863bb43a7d0,14,5,0,1,20,0,1,1,1,1791334037
2026-10-07T00:48:02+00:00,2026-10-07T00:49:24.528325+00:00,f8350199-0de8-11e7-991c-3863bb43a7d0,150,5,0,2,12,0,1,1,1,1791334042
2026-10-07T00:48:02+00:00,2026-10-07T00:49:24.528325+00:00,f834b183-0de8-11e7-991c-3863bb43a7d0,98,6,0,1,16,0,1,1,1,1791334039
2026-10-07T00:48:02+00:00,2026-10-07T00:49:24.528325+00:00,2438d052-2cd6-4fba-83c9-39f46cb59398,2438d052-2cd6-4fba-83c9-39f46cb59398,10,0,1,7,0,1,1,1,1791334045
2026-10-07T00:48:02+00:00,2026-10-07T00:49:24.528325+00:00,2089808297152151688,2089808297152151688,8,2,1,3,0,1,1,1,1791334046
2026-10-07T00:48:02+00:00,2026-10-07T00:49:24.528325+00:00,f8347ded-0de8-11e7-991c-3863bb43a7d0,35,0,0,1,30,0,1,1,1,1791334046
2026-10-07T00:48:02+00:00,2026-10-07T00:49:24.528325+00:00,52ca4d94-587f-4a61-a298-a1a755e73bfb,362,14,1,0,5,0,1,1,1,1791334046
2026-10-07T00:48:02+00:00,2026-10-07T00:49:24.528325+00:00,f8350129-0de8-11e7-991c-3863bb43a7d0,149,18,1,0,0,0,1,1,1,1791334047
2026-10-07T00:48:02+00:00,2026-10-07T00:49:24.528325+00:00,8bc42f7f-753d-4cca-a7d6-0d7c2530ea2c,364,8,0,0,11,0,1,1,1,1791334050
2026-10-07T00:48:02+00:00,2026-10-07T00:49:24.528325+00:00,2363c5a3-93cc-41a2-a767-90f1826c041f,426,0,0,0,27,0,1,1,1,1791334050
2026-10-07T00:48:02+00:00,2026-10-07T00:49:24.528325+00:00,2031175112202687108,2031175112202687108,9,0,0,7,0,1,1,1,1791334051
2026-10-07T00:48:02+00:00,2026-10-07T00:49:24.528325+00:00,15ec5783-ca7a-4225-ba51-cd0a45ecc975,15ec5783-ca7a-4225-ba51-cd0a45ecc975,7,5,0,4,0,1,1,1,1791334049
2026-10-07T00:48:02+00:00,2026-10-07T00:49:24.528325+00:00,2251556760922290606,2251556760922290606,9,5,0,6,0,1,1,1,1791334049
2026-10-07T00:48:02+00:00,2026-10-07T00:49:24.528325+00:00,1999644268058967024,1999644268058967024,18,2,2,4,0,1,1,1,1791334048
2026-10-07T00:48:02+00:00,2026-10-07T00:49:24.528325+00:00,f834a2a8-0de8-11e7-991c-3863bb43a7d0,85,6,1,0,13,0,1,1,1,1791334048
2026-10-07T00:48:02+00:00,2026-10-07T00:49:24.528325+00:00,2129149628430547474,2129149628430547474,16,3,0,0,0,1,1,1,1791334048
2026-10-07T00:48:02+00:00,2026-10-07T00:49:24.528325+00:00,f835244e-0de8-11e7-991c-3863bb43a7d0,202,6,0,0,9,0,1,1,1,1791334048
2026-10-07T00:48:02+00:00,2026-10-07T00:49:24.528325+00:00,6cec3afa-554c-466f-8323-5c619fe0ddc6,6cec3afa-554c-466f-8323-5c619fe0ddc6,2,1,0,9,0,1,1,1,1791334054
2026-10-07T00:48:02+00:00,2026-10-07T00:49:24.528325+00:00,f8349de4-0de8-11e7-991c-3863bb43a7d0,80,0,0,2,33,0,1,1,1,1791333978
2026-10-07T00:48:02+00:00,2026-10-07T00:49:24.528325+00:00,f8353277-0de8-11e7-991c-3863bb43a7d0,218,0,0,2,13,0,1,1,1,1791333979
2026-10-07T00:48:02+00:00,2026-10-07T00:49:24.528325+00:00,f834923d-0de8-11e7-991c-3863bb43a7d0,65,11,0,0,8,0,1,1,1,1791333972
2026-10-07T00:48:02+00:00,2026-10-07T00:49:24.528325+00:00,f834d064-0de8-11e7-991c-3863bb43a7d0,118,19,6,0,0,0,1,1,1,1791333967
2026-10-07T00:48:02+00:00,2026-10-07T00:49:24.528325+00:00,c935cfb1-ef73-402e-9b86-83aaaac6534d,478,5,0,0,14,0,1,1,1,1791333966
2026-10-07T00:48:02+00:00,2026-10-07T00:49:24.528325+00:00,a51b429f-bf06-425a-b3fe-b3155aa6468c,a51b429f-bf06-425a-b3fe-b3155aa6468c,4,3,1,6,0,1,1,1,1791333985
2026-10-07T00:48:02+00:00,2026-10-07T00:49:24.528325+00:00,2111332861978124760,2111332861978124760,3,1,1,12,0,1,1,1,1791333984
2026-10-07T00:48:02+00:00,2026-10-07T00:49:24.528325+00:00,1963273678015717438,1963273678015717438,0,0,0,19,0,1,1,1,1791333987
2026-10-07T00:48:02+00:00,2026-10-07T00:49:24.528325+00:00,1961066392414132348,1961066392414132348,1,1,0,18,0,1,1,1,1791333986
2026-10-07T00:48:02+00:00,2026-10-07T00:49:24.528325+00:00,2124668538068359456,2124668538068359456,16,0,1,2,0,1,1,1,1791334008
2026-10-07T00:48:02+00:00,2026-10-07T00:49:24.528325+00:00,f8346c01-0de8-11e7-991c-3863bb43a7d0,13,1,0,0,18,0,1,1,1,1791334008
2026-10-07T00:48:02+00:00,2026-10-07T00:49:24.528325+00:00,3dbbb3cb-b52d-46f8-8f9c-db11e83d081c,327,14,8,1,0,0,1,1,1,1791334004
2026-10-07T00:48:02+00:00,2026-10-07T00:49:24.528325+00:00,f8349d6e-0de8-11e7-991c-3863bb43a7d0,79,13,1,0,5,0,1,1,1,1791334004
2026-10-07T00:48:02+00:00,2026-10-07T00:49:24.528325+00:00,f835259f-0de8-11e7-991c-3863bb43a7d0,205,3,0,1,11,0,1,1,1,1791334009
2026-10-07T00:48:02+00:00,2026-10-07T00:49:24.528325+00:00,f8350c56-0de8-11e7-991c-3863bb43a7d0,161,23,7,0,0,0,1,1,1,1791334009
2026-10-07T00:48:02+00:00,2026-10-07T00:49:24.528325+00:00,68323451-daf0-4532-a6cb-b070e3ef358f,68323451-daf0-4532-a6cb-b070e3ef358f,10,0,0,9,0,1,1,1,1791334009
2026-10-07T00:48:02+00:00,2026-10-07T00:49:24.528325+00:00,f834fda2-0de8-11e7-991c-3863bb43a7d0,143,6,1,0,17,0,1,1,1,1791334008
2026-10-07T00:48:02+00:00,2026-10-07T00:49:24.528325+00:00,1e3beeb4-f8e1-452c-93e5-48df78d4b313,334,7,1,0,11,0,1,1,1,1791334005
2026-10-07T00:48:02+00:00,2026-10-07T00:49:24.528325+00:00,f8352a4d-0de8-11e7-991c-3863bb43a7d0,212,18,0,1,13,0,1,1,1,1791334007
2026-10-07T00:48:02+00:00,2026-10-07T00:49:24.528325+00:00,f8351ff1-0de8-11e7-991c-3863bb43a7d0,193,7,0,1,6,0,1,1,1,1791334012
2026-10-07T00:48:02+00:00,2026-10-07T00:49:24.528325+00:00,2100948177843249670,2100948177843249670,5,4,1,5,0,1,1,1,1791334013
2026-10-07T00:48:02+00:00,2026-10-07T00:49:24.528325+00:00,f834a32d-0de8-11e7-991c-3863bb43a7d0,86,18,1,1,7,0,1,1,1,1791334013
2026-10-07T00:48:02+00:00,2026-10-07T00:49:24.528325+00:00,f8352306-0de8-11e7-991c-3863bb43a7d0,199,10,6,1,4,0,1,1,1,1791334011
2026-10-07T00:48:02+00:00,2026-10-07T00:49:24.528325+00:00,0cb6d635-6a7d-4d75-89b4-36b12616be12,432,10,6,0,9,0,1,1,1,1791334010
2026-10-07T00:48:02+00:00,2026-10-07T00:49:24.528325+00:00,634b697d-0e64-4102-8849-abac7a7f8e35,455,3,1,0,9,0,1,1,1,1791334014
2026-10-07T00:48:02+00:00,2026-10-07T00:49:24.528325+00:00,dc770287-c70c-43ea-a635-39f3dc6b09cd,dc770287-c70c-43ea-a635-39f3dc6b09cd,6,2,0,5,0,1,1,1,1791334014
2026-10-07T00:48:02+00:00,2026-10-07T00:49:24.528325+00:00,f83487f0-0de8-11e7-991c-3863bb43a7d0,54,7,0,0,8,0,1,1,1,1791334013
2026-10-07T00:48:02+00:00,2026-10-07T00:49:24.528325+00:00,f834db9b-0de8-11e7-991c-3863bb43a7d0,121,15,5,0,2,0,1,1,1,1791333988
2026-10-07T00:48:02+00:00,2026-10-07T00:49:24.528325+00:00,efd724b2-31cb-4aec-b9d9-8ab79271630c,493,9,0,0,8,0,1,1,1,1791333989
2026-10-07T00:48:02+00:00,2026-10-07T00:49:24.528325+00:00,0bc49982-74e9-4bbf-9991-e3d809d6319e,530,3,0,0,16,0,1,1,1,1791333998
2026-10-07T00:48:02+00:00,2026-10-07T00:49:24.528325+00:00,3f4f4ad4-a715-43d5-828f-f8381f26b66a,390,10,1,0,4,1,1,1,1,1791333995
2026-10-07T00:48:02+00:00,2026-10-07T00:49:24.528325+00:00,f83472d3-0de8-11e7-991c-3863bb43a7d0,25,14,0,0,1,0,1,1,1,1791333996
2026-10-07T00:48:02+00:00,2026-10-07T00:49:24.528325+00:00,f8352150-0de8-11e7-991c-3863bb43a7d0,196,5,2,0,5,0,1,1,1,1791333994
2026-10-07T00:48:02+00:00,2026-10-07T00:49:24.528325+00:00,a439fff7-8630-464c-b277-efca6f6bc664,531,11,3,2,1,0,1,1,1,1791333994
2026-10-07T00:48:02+00:00,2026-10-07T00:49:24.528325+00:00,f83514f9-0de8-11e7-991c-3863bb43a7d0,180,12,1,1,6,0,1,1,1,1791333968
2026-10-07T00:48:02+00:00,2026-10-07T00:49:24.528325+00:00,2113560016964645240,2113560016964645240,9,3,0,10,0,1,1,1,1791333975
2026-10-07T00:48:02+00:00,2026-10-07T00:49:24.528325+00:00,ee0fa23e-a6c2-474d-a6ef-bf581d63f1ae,ee0fa23e-a6c2-474d-a6ef-bf581d63f1ae,8,2,0,3,0,1,1,1,1791333976
2026-10-07T00:48:02+00:00,2026-10-07T00:49:24.528325+00:00,b5894555-30a3-46db-918a-fdeb083d6001,336,13,7,1,1,0,1,1,1,1791333976
2026-10-07T00:48:02+00:00,2026-10-07T00:49:24.528325+00:00,f8348857-0de8-11e7-991c-3863bb43a7d0,55,1,0,0,14,0,1,1,1,1791334003
2026-10-07T00:48:02+00:00,2026-10-07T00:49:24.528325+00:00,c98f50f6-1901-4c64-b164-8cf33245e022,282,13,0,1,3,1,1,1,1,1791334003
2026-10-07T00:48:02+00:00,2026-10-07T00:49:24.528325+00:00,4caf6e93-ddd7-4b6f-9e61-f9df1206ac92,4caf6e93-ddd7-4b6f-9e61-f9df1206ac92,7,2,0,12,0,1,1,1,1791334003
2026-10-07T00:48:02+00:00,2026-10-07T00:49:24.528325+00:00,2131714490587826928,2131714490587826928,9,6,2,5,0,1,1,1,1791334002
2026-10-07T00:48:02+00:00,2026-10-07T00:49:24.528325+00:00,3b158c7a-a362-43ae-af1f-121b78be32d7,483,8,4,1,8,0,1,1,1,1791334016
2026-10-07T00:48:02+00:00,2026-10-07T00:49:24.528325+00:00,082262bd-086b-46c7-83ce-eed2b39142ff,416,2,1,0,13,0,1,1,1,1791334019
2026-10-07T00:48:02+00:00,2026-10-07T00:49:24.528325+00:00,fae99a0c-e88a-4112-94d8-f655cf34e651,fae99a0c-e88a-4112-94d8-f655cf34e651,0,0,1,18,0,1,1,1,1791334018
2026-10-07T00:48:02+00:00,2026-10-07T00:49:24.528325+00:00,2079440939380771716,2079440939380771716,3,2,1,7,0,1,1,1,1791334019
2026-10-07T00:48:02+00:00,2026-10-07T00:49:24.528325+00:00,2004828637786472956,2004828637786472956,15,7,1,3,0,1,1,1,1791334017
2026-10-07T00:48:02+00:00,2026-10-07T00:49:24.528325+00:00,2253794653988522864,2253794653988522864,8,0,0,11,0,1,1,1,1791334015
2026-10-07T00:48:02+00:00,2026-10-07T00:49:24.528325+00:00,50cc3c7f-50ed-4c70-b483-c89f3f47c938,491,15,0,0,4,0,1,1,1,1791334020
2026-10-07T00:48:02+00:00,2026-10-07T00:49:24.528325+00:00,f8349672-0de8-11e7-991c-3863bb43a7d0,72,0,0,1,22,0,1,1,1,1791334020
2026-10-07T00:48:02+00:00,2026-10-07T00:49:24.528325+00:00,4764641e-b080-4c70-a1e1-049de81e09d0,273,26,2,1,13,0,1,1,1,1791334020
2026-10-07T00:48:02+00:00,2026-10-07T00:49:24.528325+00:00,2158217922577811100,2158217922577811100,7,0,0,12,0,1,1,1,1791334016
2026-10-07T00:48:02+00:00,2026-10-07T00:49:24.528325+00:00,f8348924-0de8-11e7-991c-3863bb43a7d0,57,12,0,0,2,0,1,1,1,1791334041
2026-10-07T00:48:02+00:00,2026-10-07T00:49:24.528325+00:00,f8348781-0de8-11e7-991c-3863bb43a7d0,53,14,0,0,5,0,1,1,1,1791334042
2026-10-07T00:48:02+00:00,2026-10-07T00:49:24.528325+00:00,2fded452-cbd0-4248-b008-f8a61ed9a85f,2fded452-cbd0-4248-b008-f8a61ed9a85f,1,0,0,14,0,1,1,1,1791334042
2026-10-07T00:48:02+00:00,2026-10-07T00:49:24.528325+00:00,3de6e5da-9702-4623-8683-26abd98012a8,525,4,1,0,8,0,1,1,1,1791333958
2026-10-07T00:48:02+00:00,2026-10-07T00:49:24.528325+00:00,f834b50a-0de8-11e7-991c-3863bb43a7d0,102,7,3,0,8,0,1,1,1,1791333959
2026-10-07T00:48:02+00:00,2026-10-07T00:49:24.528325+00:00,2171110977443594588,2171110977443594588,5,0,1,9,0,1,1,1,1791333958
2026-10-07T00:48:02+00:00,2026-10-07T00:49:24.528325+00:00,2074236051937964826,2074236051937964826,13,2,0,2,1,1,1,1,1791334026
2026-10-07T00:48:02+00:00,2026-10-07T00:49:24.528325+00:00,f4a64c30-b97f-4ae5-b531-a11698b558d7,562,5,1,0,4,0,1,1,1,1791334026
2026-10-07T00:48:02+00:00,2026-10-07T00:49:24.528325+00:00,609c2f06-310e-4134-8dd2-3d23aa41487b,609c2f06-310e-4134-8dd2-3d23aa41487b,10,1,1,11,0,1,1,1,1791334024
2026-10-07T00:48:02+00:00,2026-10-07T00:49:24.528325+00:00,2248987790637065652,2248987790637065652,4,3,0,8,0,1,1,1,1791334023
2026-10-07T00:48:02+00:00,2026-10-07T00:49:24.528325+00:00,dd008e3c-ff17-4c82-abe0-502272a62425,558,4,0,0,14,0,1,1,1,1791334023
2026-10-07T00:48:02+00:00,2026-10-07T00:49:24.528325+00:00,a9d13461-7f0f-47b0-9a97-8ec9e9792865,533,14,0,1,3,0,1,1,1,1791334022
2026-10-07T00:48:02+00:00,2026-10-07T00:49:24.528325+00:00,31382324-2931-491a-827a-40149e45afee,232,5,0,0,6,0,1,1,1,1791334025
2026-10-07T00:48:02+00:00,2026-10-07T00:49:24.528325+00:00,2002247509585342522,2002247509585342522,11,1,0,0,0,1,1,1,1791334031
2026-10-07T00:48:02+00:00,2026-10-07T00:49:24.528325+00:00,a9bc314b-a3fd-46e5-a63b-f005258bba5f,a9bc314b-a3fd-46e5-a63b-f005258bba5f,1,0,0,16,1,1,1,1,1791334031
2026-10-07T00:48:02+00:00,2026-10-07T00:49:24.528325+00:00,f834fb66-0de8-11e7-991c-3863bb43a7d0,139,8,1,0,11,0,1,1,1,1791334028
2026-10-07T00:48:02+00:00,2026-10-07T00:49:24.528325+00:00,13681246-4bf8-444a-a908-fa165e4ad298,329,14,2,1,0,0,1,1,1,1791334028
2026-10-07T00:48:02+00:00,2026-10-07T00:49:24.528325+00:00,f836bc28-36a7-4ca6-bba6-0d75333d84bb,538,13,1,1,5,0,1,1,1,1791334028
2026-10-07T00:48:02+00:00,2026-10-07T00:49:24.528325+00:00,25cc602a-152a-4abe-9df8-a131d0a5d94b,235,13,4,0,2,0,1,1,1,1791334032
2026-10-07T00:48:02+00:00,2026-10-07T00:49:24.528325+00:00,e49a5b83-2c9c-4610-a48b-89cfea172c8f,504,4,1,0,7,0,1,1,1,1791334036
2026-10-07T00:48:02+00:00,2026-10-07T00:49:24.528325+00:00,f8351e42-0de8-11e7-991c-3863bb43a7d0,189,0,0,1,22,0,1,1,1,1791334037
2026-10-07T00:48:02+00:00,2026-10-07T00:49:24.528325+00:00,ee18dbd6-05b8-4d38-a120-f84c3499a77e,519,6,4,1,3,0,1,1,1,1791334037
2026-10-07T00:48:02+00:00,2026-10-07T00:49:24.528325+00:00,2035765531590062506,2035765531590062506,6,1,2,3,0,1,1,1,1791334034
2026-10-07T00:48:02+00:00,2026-10-07T00:49:24.528325+00:00,f8347361-0de8-11e7-991c-3863bb43a7d0,26,15,0,0,0,0,1,1,1,1791334034
2026-10-07T00:48:02+00:00,2026-10-07T00:49:24.528325+00:00,2115804056935012722,2115804056935012722,11,1,0,9,0,1,1,1,1791334035
2026-10-07T00:48:02+00:00,2026-10-07T00:49:24.528325+00:00,2256120653476329202,2256120653476329202,12,1,0,3,0,1,1,1,1791334036
2026-10-07T00:48:02+00:00,2026-10-07T00:49:24.528325+00:00,2120986392451359068,2120986392451359068,5,1,1,13,0,1,1,1,1791334037
2026-10-07T00:48:02+00:00,2026-10-07T00:49:24.528325+00:00,7dd0fc98-c1dd-4c93-9c1d-4bbdf5f93346,473,14,9,0,0,0,1,1,1,1791333945
2026-10-07T00:48:02+00:00,2026-10-07T00:49:24.528325+00:00,1994461916590643872,1994461916590643872,7,2,1,3,0,1,1,1,1791333943
2026-10-07T00:48:02+00:00,2026-10-07T00:49:24.528325+00:00,57caf362-1e8b-46aa-9ee3-82341c405ab0,271,6,3,1,8,0,1,1,1,1791333944
2026-10-07T00:48:02+00:00,2026-10-07T00:49:24.528325+00:00,dd05a440-f881-410c-a071-864da11c634a,318,0,0,0,19,0,1,1,1,1791333945
2026-10-07T00:48:02+00:00,2026-10-07T00:49:24.528325+00:00,910f1452-dbeb-4e69-b226-71b2d7e85715,910f1452-dbeb-4e69-b226-71b2d7e85715,10,5,0,0,0,1,1,1,1791333966
2026-10-07T00:48:02+00:00,2026-10-07T00:49:24.528325+00:00,f834b652-0de8-11e7-991c-3863bb43a7d0,104,9,3,0,9,0,1,1,1,1791333966
2026-10-07T00:48:02+00:00,2026-10-07T00:49:24.528325+00:00,be7e7068-b85f-42c1-8ea1-e1d64e531323,be7e7068-b85f-42c1-8ea1-e1d64e531323,15,2,0,0,0,1,1,1,1791333963
2026-10-07T00:48:02+00:00,2026-10-07T00:49:24.528325+00:00,fbb9b58c-2b92-4bcf-8e4c-a982e40d2f39,221,5,2,0,14,0,1,1,1,1791333964
2026-10-07T00:48:02+00:00,2026-10-07T00:49:24.528325+00:00,f8352c1a-0de8-11e7-991c-3863bb43a7d0,216,9,2,0,10,0,1,1,1,1791333964
2026-10-07T00:48:02+00:00,2026-10-07T00:49:24.528325+00:00,a3b94ed8-8301-4ec6-baf2-64ac493b5106,529,1,1,0,13,0,1,1,1,1791334045
2026-10-07T00:48:02+00:00,2026-10-07T00:49:24.528325+00:00,f835141c-0de8-11e7-991c-3863bb43a7d0,178,14,2,1,3,0,1,1,1,1791334045
2026-10-07T00:48:02+00:00,2026-10-07T00:49:24.528325+00:00,1984021766354634770,1984021766354634770,14,0,0,5,0,1,1,1,1791334045
2026-10-07T00:48:02+00:00,2026-10-07T00:49:24.528325+00:00,2136546016037880534,2136546016037880534,7,0,0,8,0,1,1,1,1791334046
2026-10-07T00:48:02+00:00,2026-10-07T00:49:24.528325+00:00,d81e16e2-a410-4a0b-b5ae-b72748fc9781,d81e16e2-a410-4a0b-b5ae-b72748fc9781,1,0,1,17,0,1,1,1,1791334046
2026-10-07T00:48:02+00:00,2026-10-07T00:49:24.528325+00:00,3a6d94a7-9fee-41c5-b8cc-a8487c5e691b,549,19,2,1,1,0,1,1,1,1791334048
2026-10-07T00:48:02+00:00,2026-10-07T00:49:24.528325+00:00,f8346a3c-0de8-11e7-991c-3863bb43a7d0,10,2,0,1,6,0,1,1,1,1791334046
2026-10-07T00:48:02+00:00,2026-10-07T00:49:24.528325+00:00,f1cafe36-f800-41f6-b74d-73953cb6394c,471,0,0,0,27,0,1,1,1,1791334047
2026-10-07T00:48:02+00:00,2026-10-07T00:49:24.528325+00:00,8f51f8f1-ecb8-4cd3-8529-296a03140c51,8f51f8f1-ecb8-4cd3-8529-296a03140c51,10,3,0,9,0,1,1,1,1791334043
2026-10-07T00:48:02+00:00,2026-10-07T00:49:24.528325+00:00,2126939746529359956,2126939746529359956,9,2,0,9,0,1,1,1,1791334042
2026-10-07T00:48:02+00:00,2026-10-07T00:49:24.528325+00:00,f834ffc9-0de8-11e7-991c-3863bb43a7d0,146,10,2,0,9,0,1,1,1,1791334044
2026-10-07T00:48:02+00:00,2026-10-07T00:49:24.528325+00:00,2223046412750968128,2223046412750968128,2,1,0,17,0,1,1,1,1791334055
2026-10-07T00:48:02+00:00,2026-10-07T00:49:24.528325+00:00,66763558-7a03-48a9-8665-6b4445b81f48,458,11,4,0,4,0,1,1,1,1791334057
2026-10-07T00:48:02+00:00,2026-10-07T00:49:24.528325+00:00,1206f5c8-7d1f-4c32-9d65-f3e80186fbde,511,8,5,1,10,0,1,1,1,1791334057
2026-10-07T00:48:02+00:00,2026-10-07T00:49:24.528325+00:00,2080157934789007958,2080157934789007958,16,2,2,1,0,1,1,1,1791334056
2026-10-07T00:48:02+00:00,2026-10-07T00:49:24.528325+00:00,af066ffd-b892-434f-8532-1982fc408780,480,2,0,0,9,0,1,1,1,1791334056
2026-10-07T00:48:02+00:00,2026-10-07T00:49:24.528325+00:00,f8348021-0de8-11e7-991c-3863bb43a7d0,39,24,0,0,3,0,1,1,1,1791334057
2026-10-07T00:48:02+00:00,2026-10-07T00:49:24.528325+00:00,2071724371800490690,2071724371800490690,17,0,0,3,0,1,1,1,1791334058
2026-10-07T00:48:02+00:00,2026-10-07T00:49:24.528325+00:00,f834ff5a-0de8-11e7-991c-3863bb43a7d0,145,8,0,1,10,0,1,1,1,1791334051
2026-10-07T00:48:02+00:00,2026-10-07T00:49:24.528325+00:00,f835027c-0de8-11e7-991c-3863bb43a7d0,152,8,0,0,19,0,1,1,1,1791334050
2026-10-07T00:48:02+00:00,2026-10-07T00:49:24.528325+00:00,b0b8e427-7203-4844-9c70-129e08a74452,347,12,4,1,1,0,1,1,1,1791334051
2026-10-07T00:48:02+00:00,2026-10-07T00:49:24.528325+00:00,e3f5d039-a49e-4b3b-ab4d-4efbef2068c6,e3f5d039-a49e-4b3b-ab4d-4efbef2068c6,16,1,0,6,0,1,1,1,1791334052
2026-10-07T00:48:02+00:00,2026-10-07T00:49:24.528325+00:00,3c837bc0-fd08-49c4-adf5-0e9a98e918a7,524,8,0,1,6,0,1,1,1,1791334052
2026-10-07T00:48:02+00:00,2026-10-07T00:49:24.528325+00:00,dd8dee9d-d044-41d6-9371-8463cf9c671b,526,7,4,0,7,1,1,1,1,1791334052
2026-10-07T00:48:02+00:00,2026-10-07T00:49:24.528325+00:00,f8350be5-0de8-11e7-991c-3863bb43a7d0,160,3,0,0,11,0,1,1,1,1791334052
2026-10-07T00:48:02+00:00,2026-10-07T00:49:24.528325+00:00,2012646293885032702,2012646293885032702,3,1,1,18,0,1,1,1,1791334059
2026-10-07T00:48:02+00:00,2026-10-07T00:49:24.528325+00:00,8b703219-1e16-4ba1-9f46-2b7030c7849a,360,3,2,2,10,0,1,1,1,1791334059
2026-10-07T00:48:02+00:00,2026-10-07T00:49:24.528325+00:00,2271594282663217386,2271594282663217386,2,2,0,9,0,1,1,1,1791333841
2026-10-07T00:48:02+00:00,2026-10-07T00:49:24.528325+00:00,2007420398783036020,2007420398783036020,3,0,0,17,0,1,1,1,1791333914
2026-10-07T00:48:02+00:00,2026-10-07T00:49:24.528325+00:00,f8349e56-0de8-11e7-991c-3863bb43a7d0,81,3,0,1,15,0,1,1,1,1791333954
2026-10-07T00:48:02+00:00,2026-10-07T00:49:24.528325+00:00,f83480a9-0de8-11e7-991c-3863bb43a7d0,40,28,1,0,3,0,1,1,1,1791333954
2026-10-07T00:48:02+00:00,2026-10-07T00:49:24.528325+00:00,f8352068-0de8-11e7-991c-3863bb43a7d0,194,9,2,0,10,0,1,1,1,1791333957
2026-10-07T00:48:02+00:00,2026-10-07T00:49:24.528325+00:00,2040842277416872172,2040842277416872172,0,0,1,15,0,1,1,1,1791333956
2026-10-07T00:48:02+00:00,2026-10-07T00:49:24.528325+00:00,f8351eb0-0de8-11e7-991c-3863bb43a7d0,190,32,2,1,4,0,1,1,1,1791333956
2026-10-07T00:48:02+00:00,2026-10-07T00:49:24.528325+00:00,f714390d-6874-43fa-a079-a07f83c79c7b,f714390d-6874-43fa-a079-a07f83c79c7b,9,2,0,2,0,1,1,1,1791333956
2026-10-07T00:48:02+00:00,2026-10-07T00:49:24.528325+00:00,53548ba4-ad0a-4d92-8e57-fd5c9f3ad102,399,4,0,0,11,0,1,1,1,1791333961
2026-10-07T00:48:02+00:00,2026-10-07T00:49:24.528325+00:00,2035660824473983142,2035660824473983142,9,0,0,10,0,1,1,1,1791333961
2026-10-07T00:48:02+00:00,2026-10-07T00:49:24.528325+00:00,2130224177726511580,2130224177726511580,7,0,0,8,0,1,1,1,1791333940
2026-10-07T00:48:02+00:00,2026-10-07T00:49:24.528325+00:00,f8346f6f-0de8-11e7-991c-3863bb43a7d0,19,5,1,1,8,0,1,1,1,1791333941
2026-10-07T00:48:02+00:00,2026-10-07T00:49:24.528325+00:00,4c128753-6fde-4d4c-896e-a1adf89ada98,4c128753-6fde-4d4c-896e-a1adf89ada98,0,0,1,23,1,1,1,1,1791333943
2026-10-07T00:48:02+00:00,2026-10-07T00:49:24.528325+00:00,0daf7408-7a15-4d2b-8c39-f1a097cdbe85,403,7,1,0,8,0,1,1,1,1791333943
2026-10-07T00:48:02+00:00,2026-10-07T00:49:24.528325+00:00,8347c34d-68df-404b-ac58-7a387cc3ce4b,414,9,2,0,14,0,1,1,1,1791333945
2026-10-07T00:48:02+00:00,2026-10-07T00:49:24.528325+00:00,52485851-e554-49de-ab9f-f536806d2d34,52485851-e554-49de-ab9f-f536806d2d34,4,1,0,6,0,1,1,1,1791333948
2026-10-07T00:48:02+00:00,2026-10-07T00:49:24.528325+00:00,d1c0b0c2-6e4c-424e-a946-a2a95a711633,422,7,1,0,8,0,1,1,1,1791333950
2026-10-07T00:48:02+00:00,2026-10-07T00:49:24.528325+00:00,5bbdd12f-fec4-4741-9d5d-4a60834c5d02,377,5,2,0,14,0,1,1,1,1791333948
2026-10-07T00:48:02+00:00,2026-10-07T00:49:24.528325+00:00,f834ec42-0de8-11e7-991c-3863bb43a7d0,131,10,0,1,7,0,1,1,1,1791333950
2026-10-07T00:48:02+00:00,2026-10-07T00:49:24.528325+00:00,1976642295079838524,1976642295079838524,4,0,1,6,0,1,1,1,1791333950
2026-10-07T00:48:02+00:00,2026-10-07T00:49:24.528325+00:00,2071630998981871920,2071630998981871920,14,7,0,6,0,1,1,1,1791333986
2026-10-07T00:48:02+00:00,2026-10-07T00:49:24.528325+00:00,9c8366d8-3b58-4894-b281-09e22f6fe5f7,464,4,0,0,7,0,1,1,1,1791333986
2026-10-07T00:48:02+00:00,2026-10-07T00:49:24.528325+00:00,9cc65d3d-cfcc-45ff-8f75-7264556b1cf9,9cc65d3d-cfcc-45ff-8f75-7264556b1cf9,17,4,0,2,0,1,1,1,1791333984
2026-10-07T00:48:02+00:00,2026-10-07T00:49:24.528325+00:00,ad2fb6f2-921f-440c-83de-08be76e35c2a,468,3,0,1,10,0,1,1,1,1791333988
2026-10-07T00:48:02+00:00,2026-10-07T00:49:24.528325+00:00,1989983491501558234,1989983491501558234,2,0,0,9,0,1,1,1,1791333988
2026-10-07T00:48:02+00:00,2026-10-07T00:49:24.528325+00:00,2129865213174084448,2129865213174084448,2,0,0,17,0,1,1,1,1791333983
2026-10-07T00:48:02+00:00,2026-10-07T00:49:24.528325+00:00,1676a6f7-c417-48d2-92e8-5ce21995efc3,374,1,0,0,17,0,1,1,1,1791333989
2026-10-07T00:48:02+00:00,2026-10-07T00:49:24.528325+00:00,13d4171b-6d93-490e-923f-f2a17d5c7613,13d4171b-6d93-490e-923f-f2a17d5c7613,2,1,3,6,0,1,1,1,1791333989
2026-10-07T00:48:02+00:00,2026-10-07T00:49:24.528325+00:00,4f25f6ef-236b-43b4-8a92-68a24db0504b,4f25f6ef-236b-43b4-8a92-68a24db0504b,12,6,0,2,0,1,1,1,1791333993
2026-10-07T00:48:02+00:00,2026-10-07T00:49:24.528325+00:00,186accbb-6a08-4e1d-b267-9033c4443a56,401,10,2,1,4,0,1,1,1,1791333993
2026-10-07T00:48:02+00:00,2026-10-07T00:49:24.528325+00:00,f8352378-0de8-11e7-991c-3863bb43a7d0,200,14,0,0,5,0,1,1,1,1791333993
2026-10-07T00:48:02+00:00,2026-10-07T00:49:24.528325+00:00,a75d3da1-ce74-447f-8e80-52506a81aff3,a75d3da1-ce74-447f-8e80-52506a81aff3,8,7,0,3,0,1,1,1,1791333996
2026-10-07T00:48:02+00:00,2026-10-07T00:49:24.528325+00:00,f834fede-0de8-11e7-991c-3863bb43a7d0,144,6,0,0,13,0,1,1,1,1791333999
2026-10-07T00:48:02+00:00,2026-10-07T00:49:24.528325+00:00,f8351490-0de8-11e7-991c-3863bb43a7d0,179,39,3,0,13,1,1,1,1,1791333999
2026-10-07T00:48:02+00:00,2026-10-07T00:49:24.528325+00:00,f834fc57-0de8-11e7-991c-3863bb43a7d0,140,12,3,3,2,0,1,1,1,1791334004
2026-10-07T00:48:02+00:00,2026-10-07T00:49:24.528325+00:00,2093488029445054742,2093488029445054742,8,1,1,19,0,1,1,1,1791334005
2026-10-07T00:48:02+00:00,2026-10-07T00:49:24.528325+00:00,2098360140389493528,2098360140389493528,6,5,3,2,0,1,1,1,1791334001
2026-10-07T00:48:02+00:00,2026-10-07T00:49:24.528325+00:00,2014558273483754010,2014558273483754010,12,2,0,7,0,1,1,1,1791334004
2026-10-07T00:48:02+00:00,2026-10-07T00:49:24.528325+00:00,2151136782588526782,2151136782588526782,8,1,1,2,0,1,1,1,1791334002
2026-10-07T00:48:02+00:00,2026-10-07T00:49:24.528325+00:00,f8352ac4-0de8-11e7-991c-3863bb43a7d0,213,1,0,2,11,0,1,1,1,1791334002
2026-10-07T00:48:02+00:00,2026-10-07T00:49:24.528325+00:00,eee3aab6-bd98-4d1f-8887-9c4e2adce482,eee3aab6-bd98-4d1f-8887-9c4e2adce482,9,3,2,0,0,1,1,1,1791334001
2026-10-07T00:48:02+00:00,2026-10-07T00:49:24.528325+00:00,f8351726-0de8-11e7-991c-3863bb43a7d0,185,1,0,2,12,0,1,1,1,1791334002
2026-10-07T00:48:02+00:00,2026-10-07T00:49:24.528325+00:00,a3bf0bfe-198b-4160-a2fb-cc7d10cfb4cf,a3bf0bfe-198b-4160-a2fb-cc7d10cfb4cf,7,0,0,12,0,1,1,1,1791334008
2026-10-07T00:48:02+00:00,2026-10-07T00:49:24.528325+00:00,f835108b-0de8-11e7-991c-3863bb43a7d0,170,6,1,0,8,0,1,1,1,1791334008
2026-10-07T00:48:02+00:00,2026-10-07T00:49:24.528325+00:00,a83f982f-a4f1-43e4-98e8-c8f4a0bb7290,452,14,0,0,1,0,1,1,1,1791334008
2026-10-07T00:48:02+00:00,2026-10-07T00:49:24.528325+00:00,2096125468116637776,2096125468116637776,12,0,0,3,0,1,1,1,1791334011
2026-10-07T00:48:02+00:00,2026-10-07T00:49:24.528325+00:00,f0f01d4c-ba4a-4ab2-9cc0-9fa1f9223300,394,6,3,0,8,0,1,1,1,1791334011
2026-10-07T00:48:02+00:00,2026-10-07T00:49:24.528325+00:00,f834824e-0de8-11e7-991c-3863bb43a7d0,43,2,0,0,13,0,1,1,1,1791334009
2026-10-07T00:48:02+00:00,2026-10-07T00:49:24.528325+00:00,4fe8e777-345b-4fc2-a684-dd874e8186d8,4fe8e777-345b-4fc2-a684-dd874e8186d8,7,3,1,7,0,1,1,1,1791334005
2026-10-07T00:48:02+00:00,2026-10-07T00:49:24.528325+00:00,7df1ee28-441e-44c1-8507-8f58946be96b,239,13,3,1,1,0,1,1,1,1791334005
2026-10-07T00:48:02+00:00,2026-10-07T00:49:24.528325+00:00,f83489ff-0de8-11e7-991c-3863bb43a7d0,59,0,0,1,17,1,1,1,1,1791334005
2026-10-07T00:48:02+00:00,2026-10-07T00:49:24.528325+00:00,fe6a64e7-c712-404c-85ae-ee77a37245b1,355,7,1,1,9,0,1,1,1,1791334004
2026-10-07T00:48:02+00:00,2026-10-07T00:49:24.528325+00:00,1978882443666915710,1978882443666915710,12,0,0,5,1,1,1,1,1791334006
2026-10-07T00:48:02+00:00,2026-10-07T00:49:24.528325+00:00,42886366-9cbf-432c-ba84-beef38877c87,408,15,5,0,0,0,1,1,1,1791334015
2026-10-07T00:48:02+00:00,2026-10-07T00:49:24.528325+00:00,403c0f6c-d01a-4171-a7be-3aa4dbb0d7d1,407,7,6,1,10,0,1,1,1,1791334013
2026-10-07T00:48:02+00:00,2026-10-07T00:49:24.528325+00:00,f834ab92-0de8-11e7-991c-3863bb43a7d0,95,14,0,1,0,0,1,1,1,1791334012
2026-10-07T00:48:02+00:00,2026-10-07T00:49:24.528325+00:00,f834a7d1-0de8-11e7-991c-3863bb43a7d0,91,3,0,0,16,0,1,1,1,1791334012
2026-10-07T00:48:02+00:00,2026-10-07T00:49:24.528325+00:00,f83515d8-0de8-11e7-991c-3863bb43a7d0,182,10,0,0,8,0,1,1,1,1791334021
2026-10-07T00:48:02+00:00,2026-10-07T00:49:24.528325+00:00,065e0e5d-8a0d-49b7-9c1f-c8eaba51a8b4,490,12,4,1,5,0,1,1,1,1791334022
2026-10-07T00:48:02+00:00,2026-10-07T00:49:24.528325+00:00,f834b99d-0de8-11e7-991c-3863bb43a7d0,107,0,0,0,18,0,1,1,1,1791334018
2026-10-07T00:48:02+00:00,2026-10-07T00:49:24.528325+00:00,81bfc33b-30d8-4881-b261-712715a8b2bc,363,3,0,0,14,1,1,1,1,1791333965
2026-10-07T00:48:02+00:00,2026-10-07T00:49:24.528325+00:00,be18593a-9e4c-4a13-8bb2-a5bac3d9b2b3,547,11,3,0,7,0,1,1,1,1791333966
2026-10-07T00:48:02+00:00,2026-10-07T00:49:24.528325+00:00,12141b77-6e5f-444b-bace-2abf16db4fee,12141b77-6e5f-444b-bace-2abf16db4fee,0,0,11,0,0,1,0,0,1791320514
2026-10-07T00:48:02+00:00,2026-10-07T00:49:24.528325+00:00,f83483f3-0de8-11e7-991c-3863bb43a7d0,46,14,0,2,23,0,1,1,1,1791333969
2026-10-07T00:48:02+00:00,2026-10-07T00:49:24.528325+00:00,2109111257926871498,2109111257926871498,10,2,1,8,0,1,1,1,1791333969
2026-10-07T00:48:02+00:00,2026-10-07T00:49:24.528325+00:00,9340e113-e0b2-48ac-b58a-8b6f001b0a94,486,4,1,0,7,0,1,1,1,1791333976
2026-10-07T00:48:02+00:00,2026-10-07T00:49:24.528325+00:00,00802fe6-4268-4dc8-8f55-0dbbc1665ce6,515,7,1,1,11,0,1,1,1,1791333976
2026-10-07T00:48:02+00:00,2026-10-07T00:49:24.528325+00:00,c5017e67-cada-4549-a52e-0f13dddd289d,424,10,6,0,9,0,1,1,1,1791333978
2026-10-07T00:48:02+00:00,2026-10-07T00:49:24.528325+00:00,bd1755dc-f26c-420e-85b3-fd025d0b5445,554,5,1,2,8,0,1,1,1,1791333983
2026-10-07T00:48:02+00:00,2026-10-07T00:49:24.528325+00:00,2d32e355-faee-407b-9bb7-45d80ffb059a,2d32e355-faee-407b-9bb7-45d80ffb059a,0,0,1,18,0,1,1,1,1791333980
2026-10-07T00:48:02+00:00,2026-10-07T00:49:24.528325+00:00,f834ea45-0de8-11e7-991c-3863bb43a7d0,130,8,1,0,7,0,1,1,1,1791333982
2026-10-07T00:48:02+00:00,2026-10-07T00:49:24.528325+00:00,1942556871369959976,1942556871369959976,14,6,1,4,0,1,1,1,1791334026
2026-10-07T00:48:02+00:00,2026-10-07T00:49:24.528325+00:00,f8348a68-0de8-11e7-991c-3863bb43a7d0,60,6,1,3,9,0,1,1,1,1791334025
2026-10-07T00:48:02+00:00,2026-10-07T00:49:24.528325+00:00,228b8017-e4da-4722-9223-b8279a14b8ad,448,3,3,0,7,0,1,1,1,1791334025
2026-10-07T00:48:02+00:00,2026-10-07T00:49:24.528325+00:00,2104f242-2dde-4ec0-8197-4454b1021ac1,381,16,8,2,5,1,1,1,1,1791334028
2026-10-07T00:48:02+00:00,2026-10-07T00:49:24.528325+00:00,2249419943962214726,2249419943962214726,2,0,1,16,0,1,1,1,1791334028
2026-10-07T00:48:02+00:00,2026-10-07T00:49:24.528325+00:00,e2c306f6-82c7-4d0d-89fd-c9452d2f9ad1,361,8,0,2,33,0,1,1,1,1791334028
2026-10-07T00:48:02+00:00,2026-10-07T00:49:24.528325+00:00,1a39ab83-f029-4134-aad4-35380b30bf2c,1a39ab83-f029-4134-aad4-35380b30bf2c,7,0,0,12,0,1,1,1,1791334028
2026-10-07T00:48:02+00:00,2026-10-07T00:49:24.528325+00:00,f834f8ca-0de8-11e7-991c-3863bb43a7d0,137,9,7,3,5,2,1,1,1,1791334025
2026-10-07T00:48:02+00:00,2026-10-07T00:49:24.528325+00:00,f8350a84-0de8-11e7-991c-3863bb43a7d0,157,0,0,0,15,0,1,1,1,1791334028
2026-10-07T00:48:02+00:00,2026-10-07T00:49:24.528325+00:00,f83529e2-0de8-11e7-991c-3863bb43a7d0,211,9,0,0,6,0,1,1,1,1791334030
2026-10-07T00:48:02+00:00,2026-10-07T00:49:24.528325+00:00,47c44bb1-d065-41f5-ad79-c18aee60af34,342,9,0,1,5,0,1,1,1,1791334034
2026-10-07T00:48:02+00:00,2026-10-07T00:49:24.528325+00:00,0b0467c1-0c90-4529-a556-fe4d57835bbb,435,13,12,0,1,1,1,1,1,1791334032
2026-10-07T00:48:02+00:00,2026-10-07T00:49:24.528325+00:00,f83512c9-0de8-11e7-991c-3863bb43a7d0,175,4,2,0,13,0,1,1,1,1791334031
2026-10-07T00:48:02+00:00,2026-10-07T00:49:24.528325+00:00,f834dc46-0de8-11e7-991c-3863bb43a7d0,122,12,3,0,3,0,1,1,1,1791334032
2026-10-07T00:48:02+00:00,2026-10-07T00:49:24.528325+00:00,aa556ad4-0092-4687-96c2-8dbc69addb56,485,5,0,2,4,0,1,1,1,1791334038
2026-10-07T00:48:02+00:00,2026-10-07T00:49:24.528325+00:00,2220822464984366036,2220822464984366036,3,1,1,8,0,1,1,1,1791334037
2026-10-07T00:48:02+00:00,2026-10-07T00:49:24.528325+00:00,9f582e05-15e0-4a39-aef5-c719e0c78e26,466,6,3,1,4,0,1,1,1,1791334036
2026-10-07T00:48:02+00:00,2026-10-07T00:49:24.528325+00:00,c23a4c0d-7e43-4042-80e2-7c894d07763b,559,4,0,0,7,0,1,1,1,1791334036
2026-10-07T00:48:02+00:00,2026-10-07T00:49:24.528325+00:00,1921360868231155718,1921360868231155718,5,0,0,14,0,1,1,1,1791334035
2026-10-07T00:48:02+00:00,2026-10-07T00:49:24.528325+00:00,93381e13-cd04-4e10-ac81-9f5926aa01d5,333,16,4,1,8,0,1,1,1,1791334035
2026-10-07T00:48:02+00:00,2026-10-07T00:49:24.528325+00:00,f834dedf-0de8-11e7-991c-3863bb43a7d0,124,9,4,0,5,0,1,1,1,1791334034
2026-10-07T00:48:02+00:00,2026-10-07T00:49:24.528325+00:00,2267959380696438832,2267959380696438832,7,0,0,4,0,1,1,1,1791334030
2026-10-07T00:48:02+00:00,2026-10-07T00:49:24.528325+00:00,7c860828-3359-4229-b59b-963f5a4bab00,236,6,1,2,4,0,1,1,1,1791334030
2026-10-07T00:48:02+00:00,2026-10-07T00:49:24.528325+00:00,f8285d4f-5053-4e26-bb28-72016fe11353,405,10,0,0,9,0,1,1,1,1791334041
2026-10-07T00:48:02+00:00,2026-10-07T00:49:24.528325+00:00,f83471a1-0de8-11e7-991c-3863bb43a7d0,23,0,0,0,24,1,1,1,1,1791334056
2026-10-07T00:48:02+00:00,2026-10-07T00:49:24.528325+00:00,ca76adb6-4c84-4484-9ec3-b411b81ddbef,ca76adb6-4c84-4484-9ec3-b411b81ddbef,4,1,2,13,0,1,1,1,1791334056
2026-10-07T00:48:02+00:00,2026-10-07T00:49:24.528325+00:00,fe534b6f-61ad-47d3-b9f6-cdaa128f53a4,395,5,0,2,8,0,1,1,1,1791334053
2026-10-07T00:48:02+00:00,2026-10-07T00:49:24.528325+00:00,f8350204-0de8-11e7-991c-3863bb43a7d0,151,1,0,0,18,0,1,1,1,1791334054
2026-10-07T00:48:02+00:00,2026-10-07T00:49:24.528325+00:00,f834a3a0-0de8-11e7-991c-3863bb43a7d0,87,14,3,0,1,0,1,1,1,1791334053
2026-10-07T00:48:02+00:00,2026-10-07T00:49:24.528325+00:00,2038981933682610536,2038981933682610536,5,0,0,11,0,1,1,1,1791334055
2026-10-07T00:48:02+00:00,2026-10-07T00:49:24.528325+00:00,2212663228188806942,2212663228188806942,6,0,0,18,0,1,1,1,1791334055
2026-10-07T00:48:02+00:00,2026-10-07T00:49:24.528325+00:00,f835260c-0de8-11e7-991c-3863bb43a7d0,206,16,12,0,24,0,1,1,1,1791334055
2026-10-07T00:48:02+00:00,2026-10-07T00:49:24.528325+00:00,c1789d39-705f-4c03-9c14-4d6a3a4f4400,561,0,0,0,19,0,1,1,1,1791334054
2026-10-07T00:48:02+00:00,2026-10-07T00:49:24.528325+00:00,f8351dc2-0de8-11e7-991c-3863bb43a7d0,188,15,2,0,0,0,1,1,1,1791334056
2026-10-07T00:48:02+00:00,2026-10-07T00:49:24.528325+00:00,2131760674371160748,2131760674371160748,5,0,1,14,0,1,1,1,1791334043
2026-10-07T00:48:02+00:00,2026-10-07T00:49:24.528325+00:00,f83520d8-0de8-11e7-991c-3863bb43a7d0,195,13,1,1,9,0,1,1,1,1791334044
2026-10-07T00:48:02+00:00,2026-10-07T00:49:24.528325+00:00,e32c0bb9-e85b-4764-b0fb-5c582cfd3a90,340,14,8,1,2,2,1,1,1,1791334040
2026-10-07T00:48:02+00:00,2026-10-07T00:49:24.528325+00:00,2245672241002318634,2245672241002318634,4,3,1,13,0,1,1,1,1791334040
2026-10-07T00:48:02+00:00,2026-10-07T00:49:24.528325+00:00,2118368356250680236,2118368356250680236,0,0,0,16,0,1,1,1,1791334040
2026-10-07T00:48:02+00:00,2026-10-07T00:49:24.528325+00:00,f83481c5-0de8-11e7-991c-3863bb43a7d0,42,9,0,1,20,0,1,1,1,1791334039
2026-10-07T00:48:02+00:00,2026-10-07T00:49:24.528325+00:00,f834caf2-0de8-11e7-991c-3863bb43a7d0,114,8,3,0,7,0,1,1,1,1791334044
2026-10-07T00:48:02+00:00,2026-10-07T00:49:24.528325+00:00,5f8ced09-665c-41e5-b67e-1e58fac21830,521,3,0,0,8,0,1,1,1,1791334045
2026-10-07T00:48:02+00:00,2026-10-07T00:49:24.528325+00:00,ed6c012e-6d6c-41e7-8e01-90749fd67575,546,11,10,0,5,0,1,1,1,1791334042
2026-10-07T00:48:02+00:00,2026-10-07T00:49:24.528325+00:00,81676204-e42f-4d3d-991e-9c1264f36229,357,15,2,0,0,0,1,1,1,1791334042
2026-10-07T00:48:02+00:00,2026-10-07T00:49:24.528325+00:00,f8347b1e-0de8-11e7-991c-3863bb43a7d0,30,1,0,0,14,0,1,1,1,1791334042
2026-10-07T00:48:02+00:00,2026-10-07T00:49:24.528325+00:00,2002248857751890568,2002248857751890568,9,8,0,2,0,1,1,1,1791334035
2026-10-07T00:48:02+00:00,2026-10-07T00:49:24.528325+00:00,2254164250455119196,2254164250455119196,8,7,0,7,0,1,1,1,1791334035
2026-10-07T00:48:02+00:00,2026-10-07T00:49:24.528325+00:00,2076849845777355316,2076849845777355316,25,7,3,1,3,1,1,1,1791334047
2026-10-07T00:48:02+00:00,2026-10-07T00:49:24.528325+00:00,2225590560002383786,2225590560002383786,1,0,0,14,0,1,1,1,1791334046
2026-10-07T00:48:02+00:00,2026-10-07T00:49:24.528325+00:00,bd3d4824-7203-4edc-a314-cea2b413e886,319,3,2,0,23,1,1,1,1,1791334038
2026-10-07T00:48:02+00:00,2026-10-07T00:49:24.528325+00:00,f834658f-0de8-11e7-991c-3863bb43a7d0,4,15,1,1,3,0,1,1,1,1791334050
2026-10-07T00:48:02+00:00,2026-10-07T00:49:24.528325+00:00,6e340d8e-45db-4fd9-b6eb-b74ec73b0d3e,535,7,2,1,7,0,1,1,1,1791334050
2026-10-07T00:48:02+00:00,2026-10-07T00:49:24.528325+00:00,2212258635631104970,2212258635631104970,12,3,0,11,0,1,1,1,1791334050
2026-10-07T00:48:02+00:00,2026-10-07T00:49:24.528325+00:00,f834ba08-0de8-11e7-991c-3863bb43a7d0,108,0,0,0,16,0,1,1,1,1791334048
2026-10-07T00:48:02+00:00,2026-10-07T00:49:24.528325+00:00,12d463d2-ce50-43bd-81b1-6be4dbdbbc1b,430,13,4,0,6,0,1,1,1,1791334049
2026-10-07T00:48:02+00:00,2026-10-07T00:49:24.528325+00:00,7feae3ce-ddf2-4a45-a123-1209c8a9182b,484,2,0,0,9,0,1,1,1,1791334049
2026-10-07T00:48:02+00:00,2026-10-07T00:49:24.528325+00:00,c202f2ca-ec1d-4dc5-a734-e0a342f23ba4,279,18,0,1,4,0,1,1,1,1791334050
2026-10-07T00:48:02+00:00,2026-10-07T00:49:24.528325+00:00,f834a838-0de8-11e7-991c-3863bb43a7d0,92,10,2,1,7,0,1,1,1,1791334049
2026-10-07T00:48:02+00:00,2026-10-07T00:49:24.528325+00:00,2002579415401984808,2002579415401984808,5,0,0,6,0,1,1,1,1791334049
2026-10-07T00:48:02+00:00,2026-10-07T00:49:24.528325+00:00,74cb9bf6-bb53-4c70-88d2-67998b99628c,296,20,2,1,2,0,1,1,1,1791334052
2026-10-07T00:48:02+00:00,2026-10-07T00:49:24.528325+00:00,f8349ed6-0de8-11e7-991c-3863bb43a7d0,82,8,5,0,18,0,1,1,1,1791334052
2026-10-07T00:48:02+00:00,2026-10-07T00:49:24.528325+00:00,2123672938202825324,2123672938202825324,11,0,0,4,0,1,1,1,1791334052
2026-10-07T00:48:02+00:00,2026-10-07T00:49:24.528325+00:00,9e9be067-c6bb-41de-9491-eda69d24d6de,371,16,7,0,2,1,1,1,1,1791334050
2026-10-07T00:48:02+00:00,2026-10-07T00:49:24.528325+00:00,eb8824c3-9c84-4fec-8d6f-d537c8ab3beb,349,12,9,2,2,1,1,1,1,1791334049
2026-10-07T00:48:02+00:00,2026-10-07T00:49:24.528325+00:00,1df03e33-c105-4e53-b013-d20056cd57f8,1df03e33-c105-4e53-b013-d20056cd57f8,0,0,0,0,0,0,0,0,86400
2026-10-07T00:48:02+00:00,2026-10-07T00:49:24.528325+00:00,2039109354743046934,2039109354743046934,10,1,2,7,1,1,1,1,1791333932
2026-10-07T00:48:02+00:00,2026-10-07T00:49:24.528325+00:00,f83497b9-0de8-11e7-991c-3863bb43a7d0,74,0,0,1,18,0,1,1,1,1791333939
2026-10-07T00:48:02+00:00,2026-10-07T00:49:24.528325+00:00,903b9b5d-4244-43e4-8441-0d17f9a994f7,528,0,0,0,11,0,1,1,1,1791333982
2026-10-07T00:48:02+00:00,2026-10-07T00:49:24.528325+00:00,f834e534-0de8-11e7-991c-3863bb43a7d0,128,10,6,0,9,0,1,1,1,1791333983
2026-10-07T00:48:02+00:00,2026-10-07T00:49:24.528325+00:00,f834723b-0de8-11e7-991c-3863bb43a7d0,24,0,0,1,22,0,1,1,1,1791333980
2026-10-07T00:48:02+00:00,2026-10-07T00:49:24.528325+00:00,36f36eed-1070-49be-8b31-5676b8b3489f,227,2,0,1,16,0,1,1,1,1791333979
2026-10-07T00:48:02+00:00,2026-10-07T00:49:24.528325+00:00,2087949096844032050,2087949096844032050,4,0,0,11,0,1,1,1,1791333984
2026-10-07T00:48:02+00:00,2026-10-07T00:49:24.528325+00:00,2027502297316997708,2027502297316997708,6,0,0,5,0,1,1,1,1791333984
2026-10-07T00:48:02+00:00,2026-10-07T00:49:24.528325+00:00,9721c80e-fc8f-474f-8918-b68c041d2836,9721c80e-fc8f-474f-8918-b68c041d2836,1,1,1,21,0,1,1,1,1791333986
2026-10-07T00:48:02+00:00,2026-10-07T00:49:24.528325+00:00,fe90d430-d33f-48b2-a5cd-bc161b220939,553,10,0,0,13,0,1,1,1,1791333991
2026-10-07T00:48:02+00:00,2026-10-07T00:49:24.528325+00:00,baab0b05-a028-4147-8432-a2726c7e48ea,328,8,0,0,7,0,1,1,1,1791333991
2026-10-07T00:48:02+00:00,2026-10-07T00:49:24.528325+00:00,a6e0db4f-fc9b-42af-bfe0-36cc0259b717,446,1,1,3,12,0,1,1,1,1791333991
2026-10-07T00:48:02+00:00,2026-10-07T00:49:24.528325+00:00,cf5f920f-b61d-4db0-b139-14aff04d577c,459,0,0,9,0,13,1,0,0,1791333992
2026-10-07T00:48:02+00:00,2026-10-07T00:49:24.528325+00:00,57716f8d-c9ee-4768-8872-71343ec3ffd8,514,12,4,3,4,0,1,1,1,1791333989
2026-10-07T00:48:02+00:00,2026-10-07T00:49:24.528325+00:00,2119105928286481344,2119105928286481344,8,1,0,11,0,1,1,1,1791333992
2026-10-07T00:48:02+00:00,2026-10-07T00:49:24.528325+00:00,25a9114f-66f0-427c-920f-5526ca84f056,346,14,1,1,0,0,1,1,1,1791333990
2026-10-07T00:48:02+00:00,2026-10-07T00:49:24.528325+00:00,f834a959-0de8-11e7-991c-3863bb43a7d0,94,10,8,0,0,0,1,1,1,1791333993
2026-10-07T00:48:02+00:00,2026-10-07T00:49:24.528325+00:00,2040842870122359032,2040842870122359032,1,0,1,18,0,1,1,1,1791334018
2026-10-07T00:48:02+00:00,2026-10-07T00:49:24.528325+00:00,270ad97d-035d-472a-9827-76d3187afc56,402,9,4,1,5,0,1,1,1,1791334015
2026-10-07T00:48:02+00:00,2026-10-07T00:49:24.528325+00:00,2090158541932726550,2090158541932726550,8,0,0,7,0,1,1,1,1791334018
2026-10-07T00:48:02+00:00,2026-10-07T00:49:24.528325+00:00,2085366936904166272,2085366936904166272,8,2,2,5,0,1,1,1,1791334019
2026-10-07T00:48:02+00:00,2026-10-07T00:49:24.528325+00:00,56817d8e-3a1c-431a-a529-1a600f80c364,366,6,1,1,20,0,1,1,1,1791334015
2026-10-07T00:48:02+00:00,2026-10-07T00:49:24.528325+00:00,23146f28-9762-4a6d-a6db-fcd4ff0e5d07,356,14,0,0,9,0,1,1,1,1791333956
2026-10-07T00:48:02+00:00,2026-10-07T00:49:24.528325+00:00,51bb4381-dae4-4aeb-b213-0614b807be29,344,6,3,2,11,0,1,1,1,1791333955
2026-10-07T00:48:02+00:00,2026-10-07T00:49:24.528325+00:00,380de8b2-2728-4e4b-83f1-251bfbb5acf2,487,14,5,1,4,0,1,1,1,1791333955
2026-10-07T00:48:02+00:00,2026-10-07T00:49:24.528325+00:00,b6a8522d-296d-4c05-887d-842374520780,545,11,11,0,2,1,1,1,1,1791333953
2026-10-07T00:48:02+00:00,2026-10-07T00:49:24.528325+00:00,61168d8b-20b7-46c8-8f08-6ae1f100c4e0,550,7,1,1,9,0,1,1,1,1791333954
2026-10-07T00:48:02+00:00,2026-10-07T00:49:24.528325+00:00,9bfa4a32-5598-46ea-a1a1-17b4c6ed9d84,431,11,3,0,4,0,1,1,1,1791333951
2026-10-07T00:48:02+00:00,2026-10-07T00:49:24.528325+00:00,f8347ccd-0de8-11e7-991c-3863bb43a7d0,33,16,0,0,11,0,1,1,1,1791333952
2026-10-07T00:48:02+00:00,2026-10-07T00:49:24.528325+00:00,1994466222105870452,1994466222105870452,8,5,2,1,0,1,1,1,1791333971
2026-10-07T00:48:02+00:00,2026-10-07T00:49:24.528325+00:00,f8350ecf-0de8-11e7-991c-3863bb43a7d0,167,10,7,0,5,0,1,1,1,1791333970
2026-10-07T00:48:02+00:00,2026-10-07T00:49:24.528325+00:00,f8347f09-0de8-11e7-991c-3863bb43a7d0,37,1,0,0,14,0,1,1,1,1791333970
2026-10-07T00:48:02+00:00,2026-10-07T00:49:24.528325+00:00,dede6d5f-7d62-496e-a8ca-d5a64afe39c1,544,12,2,0,3,0,1,1,1,1791333970
2026-10-07T00:48:02+00:00,2026-10-07T00:49:24.528325+00:00,f8346ad7-0de8-11e7-991c-3863bb43a7d0,11,0,0,3,12,0,1,1,1,1791333967
2026-10-07T00:48:02+00:00,2026-10-07T00:49:24.528325+00:00,d8ce5f8b-2440-45e1-ab1c-23cb3bcbde84,527,3,1,0,10,0,1,1,1,1791333967
2026-10-07T00:48:02+00:00,2026-10-07T00:49:24.528325+00:00,7f68a70d-af0e-450a-b7a8-ce621cd0c8c1,280,7,1,1,11,0,1,1,1,1791333972
2026-10-07T00:48:02+00:00,2026-10-07T00:49:24.528325+00:00,1965873511294959658,1965873511294959658,4,0,0,19,0,1,1,1,1791334001
2026-10-07T00:48:02+00:00,2026-10-07T00:49:24.528325+00:00,ff938129-8179-455c-9ac9-9fcb9fc0b6d5,ff938129-8179-455c-9ac9-9fcb9fc0b6d5,9,4,1,9,0,1,1,1,1791334002
2026-10-07T00:48:02+00:00,2026-10-07T00:49:24.528325+00:00,8983c75a-12c1-4995-aedc-24c94bd895e3,384,0,0,0,19,0,1,1,1,1791334001
2026-10-07T00:48:02+00:00,2026-10-07T00:49:24.528325+00:00,f83513a7-0de8-11e7-991c-3863bb43a7d0,177,1,0,1,17,0,1,1,1,1791334003
2026-10-07T00:48:02+00:00,2026-10-07T00:49:24.528325+00:00,f83491d4-0de8-11e7-991c-3863bb43a7d0,64,0,0,0,23,0,1,1,1,1791333999
2026-10-07T00:48:02+00:00,2026-10-07T00:49:24.528325+00:00,2069389896750516900,2069389896750516900,6,0,0,14,0,1,1,1,1791333998
2026-10-07T00:48:02+00:00,2026-10-07T00:49:24.528325+00:00,2118728866631796788,2118728866631796788,8,1,0,7,0,1,1,1,1791333999
2026-10-07T00:48:02+00:00,2026-10-07T00:49:24.528325+00:00,f83488be-0de8-11e7-991c-3863bb43a7d0,56,5,1,1,12,0,1,1,1,1791334003
2026-10-07T00:48:02+00:00,2026-10-07T00:49:24.528325+00:00,940638c5-7cd0-4a11-899e-86af3868d400,532,6,1,0,12,0,1,1,1,1791334008
2026-10-07T00:48:02+00:00,2026-10-07T00:49:24.528325+00:00,295553ea-851b-4ac2-a094-f9d1208e399a,412,4,0,1,14,0,1,1,1,1791334008
2026-10-07T00:48:02+00:00,2026-10-07T00:49:24.528325+00:00,f8349440-0de8-11e7-991c-3863bb43a7d0,68,10,0,1,8,0,1,1,1,1791334006
2026-10-07T00:48:02+00:00,2026-10-07T00:49:24.528325+00:00,d7507124-4cab-4063-8445-a59a33a3d6e4,512,7,3,1,11,0,1,1,1,1791334005
2026-10-07T00:48:02+00:00,2026-10-07T00:49:24.528325+00:00,68e5e79a-3c94-4848-b619-9c0829d7f687,475,15,9,0,0,0,1,1,1,1791334006
2026-10-07T00:48:02+00:00,2026-10-07T00:49:24.528325+00:00,f834f6a3-0de8-11e7-991c-3863bb43a7d0,135,0,0,0,17,0,1,1,1,1791334007
2026-10-07T00:48:02+00:00,2026-10-07T00:49:24.528325+00:00,df03c61a-29d7-445d-9980-d7f058916591,345,12,0,0,7,0,1,1,1,1791334006
2026-10-07T00:48:02+00:00,2026-10-07T00:49:24.528325+00:00,48abed77-c9ba-4a39-8a5c-6a1e9bb8a9a5,48abed77-c9ba-4a39-8a5c-6a1e9bb8a9a5,14,7,1,1,0,1,1,1,1791333997
2026-10-07T00:48:02+00:00,2026-10-07T00:49:24.528325+00:00,2090635592862466836,2090635592862466836,8,0,2,20,1,1,1,1,1791334012
2026-10-07T00:48:02+00:00,2026-10-07T00:49:24.528325+00:00,b34694c2-c640-4f70-b196-1c357ab798e0,b34694c2-c640-4f70-b196-1c357ab798e0,9,3,0,6,0,1,1,1,1791334012
2026-10-07T00:48:02+00:00,2026-10-07T00:49:24.528325+00:00,f8350b76-0de8-11e7-991c-3863bb43a7d0,159,1,1,1,17,1,1,1,1,1791334010
2026-10-07T00:48:02+00:00,2026-10-07T00:49:24.528325+00:00,f8348622-0de8-11e7-991c-3863bb43a7d0,50,6,0,1,12,0,1,1,1,1791334010
2026-10-07T00:48:02+00:00,2026-10-07T00:49:24.528325+00:00,f835288a-0de8-11e7-991c-3863bb43a7d0,208,10,0,0,5,0,1,1,1,1791334033
2026-10-07T00:48:02+00:00,2026-10-07T00:49:24.528325+00:00,d5349097-b478-4b3f-9c46-d8fbcf38e3f4,509,8,0,0,4,0,1,1,1,1791334034
2026-10-07T00:48:02+00:00,2026-10-07T00:49:24.528325+00:00,1a661bb7-7d14-49e9-ac3d-22bafec8a2f0,507,3,1,1,7,0,1,1,1,1791334034
2026-10-07T00:48:02+00:00,2026-10-07T00:49:24.528325+00:00,f83482d2-0de8-11e7-991c-3863bb43a7d0,44,2,0,0,29,0,1,1,1,1791334032
2026-10-07T00:48:02+00:00,2026-10-07T00:49:24.528325+00:00,f8346803-0de8-11e7-991c-3863bb43a7d0,8,11,4,0,8,0,1,1,1,1791334033
2026-10-07T00:48:02+00:00,2026-10-07T00:49:24.528325+00:00,f83517fa-0de8-11e7-991c-3863bb43a7d0,187,11,4,0,4,0,1,1,1,1791334035
2026-10-07T00:48:02+00:00,2026-10-07T00:49:24.528325+00:00,2259733531216984776,2259733531216984776,4,1,0,11,0,1,1,1,1791334035
2026-10-07T00:48:02+00:00,2026-10-07T00:49:24.528325+00:00,f8346d23-0de8-11e7-991c-3863bb43a7d0,15,9,1,0,6,0,1,1,1,1791334036
2026-10-07T00:48:02+00:00,2026-10-07T00:49:24.528325+00:00,f83511d4-0de8-11e7-991c-3863bb43a7d0,173,6,0,0,7,1,1,1,1,1791334036
2026-10-07T00:48:02+00:00,2026-10-07T00:49:24.528325+00:00,8b97606e-a849-4db8-ae9b-4009fe48d90b,556,8,1,0,11,0,1,1,1,1791334034
2026-10-07T00:48:02+00:00,2026-10-07T00:49:24.528325+00:00,f8347c41-0de8-11e7-991c-3863bb43a7d0,32,6,1,2,6,0,1,1,1,1791333946
2026-10-07T00:48:02+00:00,2026-10-07T00:49:24.528325+00:00,7560f0e3-267b-4fb3-bbfa-6e02010cfcb7,225,18,1,1,0,0,1,1,1,1791333951
2026-10-07T00:48:02+00:00,2026-10-07T00:49:24.528325+00:00,2141791438824588162,2141791438824588162,8,0,0,11,0,1,1,1,1791333966
2026-10-07T00:48:02+00:00,2026-10-07T00:49:24.528325+00:00,f834a8a0-0de8-11e7-991c-3863bb43a7d0,93,18,0,0,13,0,1,1,1,1791333973
2026-10-07T00:48:02+00:00,2026-10-07T00:49:24.528325+00:00,f8349b20-0de8-11e7-991c-3863bb43a7d0,76,17,0,0,0,0,1,1,1,1791333974
2026-10-07T00:48:02+00:00,2026-10-07T00:49:24.528325+00:00,f834662c-0de8-11e7-991c-3863bb43a7d0,5,14,0,0,1,0,1,1,1,1791333974
2026-10-07T00:48:02+00:00,2026-10-07T00:49:24.528325+00:00,2043911250700610106,2043911250700610106,1,0,0,14,0,1,1,1,1791333974
2026-10-07T00:48:02+00:00,2026-10-07T00:49:24.528325+00:00,6aebc664-1e3c-479f-8f65-2bae99215ed3,6aebc664-1e3c-479f-8f65-2bae99215ed3,10,3,0,1,0,1,1,1,1791333974
2026-10-07T00:48:02+00:00,2026-10-07T00:49:24.528325+00:00,f9524971-e9f9-4572-aebc-580e48de042f,f9524971-e9f9-4572-aebc-580e48de042f,12,0,1,6,0,1,1,1,1791334020
2026-10-07T00:48:02+00:00,2026-10-07T00:49:24.528325+00:00,5b1d2661-8a93-4f14-b242-ebc52792f951,337,15,3,0,0,0,1,1,1,1791334020
2026-10-07T00:48:02+00:00,2026-10-07T00:49:24.528325+00:00,d22265a8-a6d7-4922-a6b5-4be738a9e5c4,392,14,10,0,1,0,1,1,1,1791334024
2026-10-07T00:48:02+00:00,2026-10-07T00:49:24.528325+00:00,f8352ba8-0de8-11e7-991c-3863bb43a7d0,215,4,2,0,11,0,1,1,1,1791334024
2026-10-07T00:48:02+00:00,2026-10-07T00:49:24.528325+00:00,2014865445230483952,2014865445230483952,12,0,0,5,0,1,1,1,1791334025
2026-10-07T00:48:02+00:00,2026-10-07T00:49:24.528325+00:00,8d893519-bc21-4536-b346-f558988bc8ad,260,10,0,1,4,0,1,1,1,1791334025
2026-10-07T00:48:02+00:00,2026-10-07T00:49:24.528325+00:00,2085737662370069102,2085737662370069102,13,1,0,5,1,1,1,1,1791334025
2026-10-07T00:48:02+00:00,2026-10-07T00:49:24.528325+00:00,2088704000370565344,2088704000370565344,2,0,2,8,0,1,1,1,1791334022
2026-10-07T00:48:02+00:00,2026-10-07T00:49:24.528325+00:00,f834708e-0de8-11e7-991c-3863bb43a7d0,21,4,1,0,13,0,1,1,1,1791334021
2026-10-07T00:48:02+00:00,2026-10-07T00:49:24.528325+00:00,f8351f1d-0de8-11e7-991c-3863bb43a7d0,191,7,0,1,8,0,1,1,1,1791334027
2026-10-07T00:48:02+00:00,2026-10-07T00:49:24.528325+00:00,b205d2bb-bb76-49ac-8d14-85eec5a874d3,343,7,1,1,7,0,1,1,1,1791334028
2026-10-07T00:48:02+00:00,2026-10-07T00:49:24.528325+00:00,1994054629753598708,1994054629753598708,13,4,0,1,0,1,1,1,1791334029
2026-10-07T00:48:02+00:00,2026-10-07T00:49:24.528325+00:00,2246034666940677832,2246034666940677832,5,0,0,6,0,1,1,1,1791334030
2026-10-07T00:48:02+00:00,2026-10-07T00:49:24.528325+00:00,2110984374959099994,2110984374959099994,3,1,0,17,0,1,1,1,1791334030
2026-10-07T00:48:02+00:00,2026-10-07T00:49:24.528325+00:00,888780ee-bf2f-474e-9622-6bc725aa1b00,888780ee-bf2f-474e-9622-6bc725aa1b00,2,0,4,5,0,1,1,1,1791334028
2026-10-07T00:48:02+00:00,2026-10-07T00:49:24.528325+00:00,f83492b4-0de8-11e7-991c-3863bb43a7d0,66,9,2,1,5,0,1,1,1,1791334026
2026-10-07T00:48:02+00:00,2026-10-07T00:49:24.528325+00:00,ea65c25f-0718-4f79-8588-c58b9fe3a105,226,12,0,1,1,1,1,1,1,1791334038
2026-10-07T00:48:02+00:00,2026-10-07T00:49:24.528325+00:00,8a404180-7c2e-4dbe-9489-c478ed959282,8a404180-7c2e-4dbe-9489-c478ed959282,5,0,3,11,0,1,1,1,1791334039
2026-10-07T00:48:02+00:00,2026-10-07T00:49:24.528325+00:00,f8352534-0de8-11e7-991c-3863bb43a7d0,204,6,1,0,9,0,1,1,1,1791334037
2026-10-07T00:48:02+00:00,2026-10-07T00:49:24.528325+00:00,f834abfd-0de8-11e7-991c-3863bb43a7d0,96,5,0,2,12,0,1,1,1,1791334040
2026-10-07T00:48:02+00:00,2026-10-07T00:49:24.528325+00:00,ef6ef93b-488f-496b-afbf-3aedfd967129,517,8,4,0,7,0,1,1,1,1791334040
2026-10-07T00:48:02+00:00,2026-10-07T00:49:24.528325+00:00,2145094035874873892,2145094035874873892,8,0,1,10,0,1,1,1,1791334039
2026-10-07T00:48:02+00:00,2026-10-07T00:49:24.528325+00:00,2249415127458891992,2249415127458891992,13,0,0,2,0,1,1,1,1791334050
2026-10-07T00:48:02+00:00,2026-10-07T00:49:24.528325+00:00,1986302395589722758,1986302395589722758,7,1,0,3,0,1,1,1,1791334054
2026-10-07T00:48:02+00:00,2026-10-07T00:49:24.528325+00:00,f8352219-0de8-11e7-991c-3863bb43a7d0,197,10,3,0,5,0,1,1,1,1791334053
2026-10-07T00:48:02+00:00,2026-10-07T00:49:24.528325+00:00,868ccc83-99e5-4faf-96eb-e1fae26b9741,481,3,0,1,15,0,1,1,1,1791334049
2026-10-07T00:48:02+00:00,2026-10-07T00:49:24.528325+00:00,7e1dae55-4d3d-4a41-b969-2aeca70e0e69,7e1dae55-4d3d-4a41-b969-2aeca70e0e69,9,1,0,2,0,1,1,1,1791334049
2026-10-07T00:48:02+00:00,2026-10-07T00:49:24.528325+00:00,c5cfd1ed-aa44-4e20-96bb-e334c96f0d68,376,8,0,0,7,0,1,1,1,1791334048
2026-10-07T00:48:02+00:00,2026-10-07T00:49:24.528325+00:00,f834c7a9-0de8-11e7-991c-3863bb43a7d0,112,8,0,0,9,0,1,1,1,1791334048
2026-10-07T00:48:02+00:00,2026-10-07T00:49:24.528325+00:00,fbc512a5-4b98-4821-bcfb-bb0c7ac83543,365,0,0,0,19,0,1,1,1,1791334048
2026-10-07T00:48:02+00:00,2026-10-07T00:49:24.528325+00:00,f834cfd8-0de8-11e7-991c-3863bb43a7d0,117,1,1,4,10,1,1,1,1,1791334049
2026-10-07T00:48:02+00:00,2026-10-07T00:49:24.528325+00:00,f834b101-0de8-11e7-991c-3863bb43a7d0,97,5,0,0,13,1,1,1,1,1791334051
2026-10-07T00:48:02+00:00,2026-10-07T00:49:24.528325+00:00,1e1b40cd-8e00-4b74-b147-be6b23f5c9e7,385,0,0,0,15,0,1,1,1,1791334044
2026-10-07T00:48:02+00:00,2026-10-07T00:49:24.528325+00:00,f834b8b3-0de8-11e7-991c-3863bb43a7d0,105,14,1,0,3,0,1,1,1,1791334038
2026-10-07T00:48:02+00:00,2026-10-07T00:49:24.528325+00:00,1963613484180639992,1963613484180639992,12,1,0,7,0,1,1,1,1791334043
2026-10-07T00:48:02+00:00,2026-10-07T00:49:24.528325+00:00,2080205593583047424,2080205593583047424,8,1,0,8,0,1,1,1,1791334045
2026-10-07T00:48:02+00:00,2026-10-07T00:49:24.528325+00:00,f8347e78-0de8-11e7-991c-3863bb43a7d0,36,18,0,1,12,0,1,1,1,1791334045
2026-10-07T00:48:02+00:00,2026-10-07T00:49:24.528325+00:00,2270454512964591136,2270454512964591136,0,0,0,19,0,1,1,1,1791334045
2026-10-07T00:48:02+00:00,2026-10-07T00:49:24.528325+00:00,99675a11-a92c-465c-bf5a-434b08ba5fc6,400,20,0,0,32,0,1,1,1,1791334047
2026-10-07T00:48:02+00:00,2026-10-07T00:49:24.528325+00:00,81323081-749c-44cf-ac62-0e6c64305c32,461,10,2,0,0,0,1,1,1,1791334047
2026-10-07T00:48:02+00:00,2026-10-07T00:49:24.528325+00:00,ad2cf74c-0e8c-4e15-8f19-2259e8c82f0f,404,4,0,2,10,0,1,1,1,1791334046
2026-10-07T00:48:02+00:00,2026-10-07T00:49:24.528325+00:00,2227858849424910006,2227858849424910006,8,2,0,0,0,1,1,1,1791334054
2026-10-07T00:48:02+00:00,2026-10-07T00:49:24.528325+00:00,f8350cc1-0de8-11e7-991c-3863bb43a7d0,162,0,0,0,15,0,1,1,1,1791334055
2026-10-07T00:48:02+00:00,2026-10-07T00:49:24.528325+00:00,90330e1a-dee5-4914-9d3f-3891aeca12ca,434,9,1,1,9,0,1,1,1,1791334055
2026-10-07T00:48:02+00:00,2026-10-07T00:49:24.528325+00:00,ccf82572-a142-4378-9a4b-5a51fcb4ef81,350,8,1,0,9,0,1,1,1,1791334056
2026-10-07T00:48:02+00:00,2026-10-07T00:49:24.528325+00:00,f8346b6f-0de8-11e7-991c-3863bb43a7d0,12,18,1,0,9,0,1,1,1,1791334056
2026-10-07T00:48:02+00:00,2026-10-07T00:49:24.528325+00:00,2270212773802111256,2270212773802111256,5,2,0,15,0,1,1,1,1791334056
2026-10-07T00:48:02+00:00,2026-10-07T00:49:24.528325+00:00,1991922092203192944,1991922092203192944,4,1,0,15,0,1,1,1,1791334057
2026-10-07T00:48:02+00:00,2026-10-07T00:49:24.528325+00:00,e4678b17-face-42c3-9b5f-98418d31e3b6,e4678b17-face-42c3-9b5f-98418d31e3b6,9,3,0,2,0,1,1,1,1791334056
2026-10-07T00:48:02+00:00,2026-10-07T00:49:24.528325+00:00,f2b83aa2-86cd-4904-a099-74bf2023f768,330,9,1,0,6,0,1,1,1,1791334056
2026-10-07T00:48:02+00:00,2026-10-07T00:49:24.528325+00:00,f8352b39-0de8-11e7-991c-3863bb43a7d0,214,10,0,0,3,1,1,1,1,1791334056
2026-10-07T00:48:02+00:00,2026-10-07T00:49:24.528325+00:00,0208190e-851c-417d-8bc7-1b218db97fbf,0208190e-851c-417d-8bc7-1b218db97fbf,0,0,0,23,0,1,1,1,1791334058
2026-10-07T00:48:02+00:00,2026-10-07T00:49:24.528325+00:00,aa964f5b-fadf-4fc1-8c91-84ee36e15f0d,341,13,0,0,2,0,1,1,1,1791334059
2026-10-07T00:48:02+00:00,2026-10-07T00:49:24.528325+00:00,1cced911-b428-4cfd-81be-3a8f77ce7379,233,7,2,2,6,0,1,1,1,1791334059
2026-10-07T00:48:02+00:00,2026-10-07T00:49:24.528325+00:00,f834b42d-0de8-11e7-991c-3863bb43a7d0,100,8,2,1,16,0,1,1,1,1791333953
2026-10-07T00:48:02+00:00,2026-10-07T00:49:24.528325+00:00,f35de2ab-979e-42d5-8cbd-dc479ed637e9,503,2,2,0,4,0,1,1,1,1791333955
2026-10-07T00:48:02+00:00,2026-10-07T00:49:24.528325+00:00,c1ae49bd-2a20-4684-886b-ead8dd627cfd,c1ae49bd-2a20-4684-886b-ead8dd627cfd,12,1,1,4,0,1,1,1,1791333957
2026-10-07T00:48:02+00:00,2026-10-07T00:49:24.528325+00:00,9ca92778-9101-48df-90ea-08b784e26a1a,413,18,2,1,0,0,1,1,1,1791333958
2026-10-07T00:48:02+00:00,2026-10-07T00:49:24.528325+00:00,533620e8-00ff-494a-b288-bd67602bc98e,472,0,0,0,27,0,1,1,1,1791333964
2026-10-07T00:48:02+00:00,2026-10-07T00:49:24.528325+00:00,1975886280004030604,1975886280004030604,11,0,0,12,0,1,1,1,1791333972
2026-10-07T00:48:02+00:00,2026-10-07T00:49:24.528325+00:00,f83523e3-0de8-11e7-991c-3863bb43a7d0,201,2,1,0,13,0,1,1,1,1791333969
2026-10-07T00:48:02+00:00,2026-10-07T00:49:24.528325+00:00,f36e24cd-de4c-4a5e-adf4-cb97ccd2958d,505,6,0,2,3,0,1,1,1,1791333971
2026-10-07T00:48:02+00:00,2026-10-07T00:49:24.528325+00:00,f8349ba9-0de8-11e7-991c-3863bb43a7d0,77,10,7,0,8,0,1,1,1,1791333978
2026-10-07T00:48:02+00:00,2026-10-07T00:49:24.528325+00:00,f8349c69-0de8-11e7-991c-3863bb43a7d0,78,12,0,1,5,0,1,1,1,1791333975
2026-10-07T00:48:02+00:00,2026-10-07T00:49:24.528325+00:00,f834fd36-0de8-11e7-991c-3863bb43a7d0,142,7,0,0,16,0,1,1,1,1791333976
2026-10-07T00:48:02+00:00,2026-10-07T00:49:24.528325+00:00,f8349745-0de8-11e7-991c-3863bb43a7d0,73,0,0,0,15,0,1,1,1,1791333979
2026-10-07T00:48:02+00:00,2026-10-07T00:49:24.528325+00:00,2136942888571742916,2136942888571742916,12,0,0,3,0,1,1,1,1791333932
2026-10-07T00:48:02+00:00,2026-10-07T00:49:24.528325+00:00,1997031579059661288,1997031579059661288,10,1,0,1,0,1,1,1,1791333946
2026-10-07T00:48:02+00:00,2026-10-07T00:49:24.528325+00:00,93911aa1-b5e4-48aa-a2b6-38fbcf613006,93911aa1-b5e4-48aa-a2b6-38fbcf613006,12,0,0,6,0,1,1,1,1791333950
2026-10-07T00:48:02+00:00,2026-10-07T00:49:24.528325+00:00,2ba0c5dd-c990-4434-8a84-5c3eca23f096,447,9,5,0,10,0,1,1,1,1791333948
2026-10-07T00:48:02+00:00,2026-10-07T00:49:24.528325+00:00,ef54374b-0406-4b17-b0a1-847f1d7bea06,410,13,2,1,1,0,1,1,1,1791333951
2026-10-07T00:48:02+00:00,2026-10-07T00:49:24.528325+00:00,2078337213380274244,2078337213380274244,5,4,1,5,0,1,1,1,1791333947
2026-10-07T00:48:02+00:00,2026-10-07T00:49:24.528325+00:00,0adccd89-1d8d-44da-9f7c-5f18acafeddf,338,7,7,0,7,0,1,1,1,1791333981
2026-10-07T00:48:02+00:00,2026-10-07T00:49:24.528325+00:00,2170342425741020744,2170342425741020744,15,5,0,2,0,1,1,1,1791333999
2026-10-07T00:48:02+00:00,2026-10-07T00:49:24.528325+00:00,287aedf5-0361-47e9-9de0-14ae3b75cc0d,287aedf5-0361-47e9-9de0-14ae3b75cc0d,3,0,1,17,0,1,1,1,1791334003
2026-10-07T00:48:02+00:00,2026-10-07T00:49:24.528325+00:00,2038239468396569074,2038239468396569074,13,0,0,19,0,1,1,1,1791334003
2026-10-07T00:48:02+00:00,2026-10-07T00:49:24.528325+00:00,1944724820826878816,1944724820826878816,4,1,0,13,0,1,1,1,1791334003
2026-10-07T00:48:02+00:00,2026-10-07T00:49:24.528325+00:00,20b0b405-54ba-4a80-b89c-0819772665db,440,2,0,0,13,0,1,1,1,1791334003
2026-10-07T00:48:02+00:00,2026-10-07T00:49:24.528325+00:00,d7ec834e-9d9a-402c-9956-7d5f42676b94,d7ec834e-9d9a-402c-9956-7d5f42676b94,14,1,0,0,0,1,1,1,1791334000
2026-10-07T00:48:02+00:00,2026-10-07T00:49:24.528325+00:00,5018e851-f2f3-4e18-9914-c316bbcc2c3d,331,0,0,0,15,0,1,1,1,1791333989
2026-10-07T00:48:02+00:00,2026-10-07T00:49:24.528325+00:00,2327cb08-fa9f-459b-9ab0-1a319b0f2f4c,539,8,3,1,9,0,1,1,1,1791333993
2026-10-07T00:48:02+00:00,2026-10-07T00:49:24.528325+00:00,0f554e1d-9f0f-452d-9b4a-e00aa2c5911e,492,5,2,0,10,0,1,1,1,1791333992
2026-10-07T00:48:02+00:00,2026-10-07T00:49:24.528325+00:00,f8346768-0de8-11e7-991c-3863bb43a7d0,7,0,0,0,15,0,1,1,1,1791333993
2026-10-07T00:48:02+00:00,2026-10-07T00:49:24.528325+00:00,103a9881-e30a-4d57-b81d-863b995ff759,255,0,0,0,0,0,0,0,0,86400
2026-10-07T00:48:02+00:00,2026-10-07T00:49:24.528325+00:00,f83510fd-0de8-11e7-991c-3863bb43a7d0,171,9,0,1,13,0,1,1,1,1791334002
2026-10-07T00:48:02+00:00,2026-10-07T00:49:24.528325+00:00,f83464e4-0de8-11e7-991c-3863bb43a7d0,3,0,0,1,13,0,1,1,1,1791333989
2026-10-07T00:48:02+00:00,2026-10-07T00:49:24.528325+00:00,40e58976-02cc-4c7c-911f-7a6c97588bfa,520,10,3,0,11,0,1,1,1,1791333989
2026-10-07T00:48:02+00:00,2026-10-07T00:49:24.528325+00:00,5bc7cba9-f0b0-442d-932c-e8c7927d87ce,386,14,0,0,5,0,1,1,1,1791333990
2026-10-07T00:48:02+00:00,2026-10-07T00:49:24.528325+00:00,abefafdc-c772-4671-86fe-fc15a42adebb,abefafdc-c772-4671-86fe-fc15a42adebb,2,0,0,21,0,1,1,1,1791333989
2026-10-07T00:48:02+00:00,2026-10-07T00:49:24.528325+00:00,2fd22786-dfeb-4126-a906-4f01802087f3,454,3,0,3,13,0,1,1,1,1791333989
2026-10-07T00:48:02+00:00,2026-10-07T00:49:24.528325+00:00,2071632496372113488,2071632496372113488,14,6,0,6,0,1,1,1,1791333981
2026-10-07T00:48:02+00:00,2026-10-07T00:49:24.528325+00:00,342a2c60-71b0-4d19-98d6-47987cf20dbc,379,12,0,0,3,0,1,1,1,1791334005
2026-10-07T00:48:02+00:00,2026-10-07T00:49:24.528325+00:00,70f20fcb-8e63-4015-9007-b97c525ab0a9,335,6,0,1,12,0,1,1,1,1791334007
2026-10-07T00:48:02+00:00,2026-10-07T00:49:24.528325+00:00,ff6ed364-8676-45a0-b97f-71025683849e,442,6,3,1,8,0,1,1,1,1791334008
2026-10-07T00:48:02+00:00,2026-10-07T00:49:24.528325+00:00,ce55d1b1-4267-40a9-ad44-5eab888ce18a,ce55d1b1-4267-40a9-ad44-5eab888ce18a,0,0,1,21,1,1,1,1,1791334009
2026-10-07T00:48:02+00:00,2026-10-07T00:49:24.528325+00:00,f8348481-0de8-11e7-991c-3863bb43a7d0,47,16,0,0,3,0,1,1,1,1791334006
2026-10-07T00:48:02+00:00,2026-10-07T00:49:24.528325+00:00,2111712079786088918,2111712079786088918,7,1,0,8,0,1,1,1,1791334012
2026-10-07T00:48:02+00:00,2026-10-07T00:49:24.528325+00:00,f834b49d-0de8-11e7-991c-3863bb43a7d0,101,18,6,0,0,0,1,1,1,1791334013
2026-10-07T00:48:02+00:00,2026-10-07T00:49:24.528325+00:00,5afe91c4-8076-4f9f-b83b-cf233bda2331,460,0,0,0,15,0,1,1,1,1791334013
2026-10-07T00:48:02+00:00,2026-10-07T00:49:24.528325+00:00,2103549125054737064,2103549125054737064,0,0,0,16,0,1,1,1,1791334013
2026-10-07T00:48:02+00:00,2026-10-07T00:49:24.528325+00:00,510239fe-69c3-458b-b53c-6ce001845f4a,354,8,8,1,6,0,1,1,1,1791334013
2026-10-07T00:48:02+00:00,2026-10-07T00:49:24.528325+00:00,f834b5d9-0de8-11e7-991c-3863bb43a7d0,103,5,2,0,10,0,1,1,1,1791334018
2026-10-07T00:48:02+00:00,2026-10-07T00:49:24.528325+00:00,ccd6fdd4-b39e-46d7-b43c-7bacffb6bd87,523,8,4,0,8,0,1,1,1,1791334018
2026-10-07T00:48:02+00:00,2026-10-07T00:49:24.528325+00:00,83183df0-38c2-4ae8-a0c4-4b59599c9582,222,10,0,0,4,0,1,1,1,1791334019
2026-10-07T00:48:02+00:00,2026-10-07T00:49:24.528325+00:00,1960693490199507164,1960693490199507164,8,2,0,11,0,1,1,1,1791334020
2026-10-07T00:48:02+00:00,2026-10-07T00:49:24.528325+00:00,36a8fbc8-6069-4a29-bbfd-63a2d019c9a5,415,0,0,0,19,0,1,1,1,1791334020
2026-10-07T00:48:02+00:00,2026-10-07T00:49:24.528325+00:00,2038619205667946906,2038619205667946906,9,1,2,9,0,1,1,1,1791334019
2026-10-07T00:48:02+00:00,2026-10-07T00:49:24.528325+00:00,f8349824-0de8-11e7-991c-3863bb43a7d0,75,2,0,0,13,0,1,1,1,1791334022
2026-10-07T00:48:02+00:00,2026-10-07T00:49:24.528325+00:00,2072145327190878794,2072145327190878794,11,1,1,12,0,1,1,1,1791334023
2026-10-07T00:48:02+00:00,2026-10-07T00:49:24.528325+00:00,9e710d48-51c1-460e-a027-3d16bde62b13,419,0,0,14,0,1,1,0,0,1791334026
2026-10-07T00:48:02+00:00,2026-10-07T00:49:24.528325+00:00,54d86d05-b399-42c5-a63a-a97713afc5d4,54d86d05-b399-42c5-a63a-a97713afc5d4,6,6,1,3,0,1,1,1,1791334027
2026-10-07T00:48:02+00:00,2026-10-07T00:49:24.528325+00:00,13918b3b-9ac5-4968-a74d-e40dd3bc952e,479,0,0,0,19,0,1,1,1,1791334026
2026-10-07T00:48:02+00:00,2026-10-07T00:49:24.528325+00:00,f8347118-0de8-11e7-991c-3863bb43a7d0,22,19,0,2,12,2,1,1,1,1791334025
2026-10-07T00:48:02+00:00,2026-10-07T00:49:24.528325+00:00,0839bb10-e876-4198-95e4-0147a561853d,258,13,3,1,1,0,1,1,1,1791334026
2026-10-07T00:48:02+00:00,2026-10-07T00:49:24.528325+00:00,dfdaf866-b814-48e5-9bd3-eb7c4a733697,dfdaf866-b814-48e5-9bd3-eb7c4a733697,8,2,0,9,0,1,1,1,1791334026
2026-10-07T00:48:02+00:00,2026-10-07T00:49:24.528325+00:00,2223045710883822544,2223045710883822544,11,5,1,3,0,1,1,1,1791334024
2026-10-07T00:48:02+00:00,2026-10-07T00:49:24.528325+00:00,2113555008851845550,2113555008851845550,11,1,0,9,0,1,1,1,1791334024
2026-10-07T00:48:02+00:00,2026-10-07T00:49:24.528325+00:00,2141932795355773712,2141932795355773712,9,0,0,8,0,1,1,1,1791334027
2026-10-07T00:48:02+00:00,2026-10-07T00:49:24.528325+00:00,2057166010169469732,2057166010169469732,1,1,0,14,0,1,1,1,1791334028
2026-10-07T00:48:02+00:00,2026-10-07T00:49:24.528325+00:00,5f726a7d-5c5d-48b1-9b13-06c77572a237,516,6,2,1,4,0,1,1,1,1791334031
2026-10-07T00:48:02+00:00,2026-10-07T00:49:24.528325+00:00,f83486ab-0de8-11e7-991c-3863bb43a7d0,51,5,0,1,9,0,1,1,1,1791334031
2026-10-07T00:48:02+00:00,2026-10-07T00:49:24.528325+00:00,7ec0c53c-876a-419c-a78b-4edd000bbc9a,445,10,0,0,9,0,1,1,1,1791334029
2026-10-07T00:48:02+00:00,2026-10-07T00:49:24.528325+00:00,b23674a7-15a8-46d2-8219-6668acecf24a,548,10,0,0,8,0,1,1,1,1791334029
2026-10-07T00:48:02+00:00,2026-10-07T00:49:24.528325+00:00,f834e244-0de8-11e7-991c-3863bb43a7d0,126,5,0,1,10,0,1,1,1,1791334034
2026-10-07T00:48:02+00:00,2026-10-07T00:49:24.528325+00:00,e68655be-23d3-46e5-a509-25be677e7542,482,6,1,0,5,0,1,1,1,1791334033
2026-10-07T00:48:02+00:00,2026-10-07T00:49:24.528325+00:00,53a148ca-ac69-4a9c-a986-9a4b4df2f5df,387,6,3,0,9,0,1,1,1,1791334029
2026-10-07T00:48:02+00:00,2026-10-07T00:49:24.528325+00:00,f83516b8-0de8-11e7-991c-3863bb43a7d0,184,5,0,0,13,1,1,1,1,1791334038
2026-10-07T00:48:02+00:00,2026-10-07T00:49:24.528325+00:00,f24a573e-ef07-4785-9270-70c443510ea6,359,2,0,3,9,1,1,1,1,1791334038
2026-10-07T00:48:02+00:00,2026-10-07T00:49:24.528325+00:00,b995a0b4-fc26-4661-9bc8-e166d648edfd,353,11,4,0,4,0,1,1,1,1791334039
2026-10-07T00:48:02+00:00,2026-10-07T00:49:24.528325+00:00,f8346894-0de8-11e7-991c-3863bb43a7d0,9,11,1,2,2,0,1,1,1,1791334039
2026-10-07T00:48:02+00:00,2026-10-07T00:49:24.528325+00:00,2267569638034503736,2267569638034503736,6,0,4,9,0,1,1,1,1791334036
2026-10-07T00:48:02+00:00,2026-10-07T00:49:24.528325+00:00,f834e1b2-0de8-11e7-991c-3863bb43a7d0,125,10,6,1,8,0,1,1,1,1791334036
2026-10-07T00:48:02+00:00,2026-10-07T00:49:24.528325+00:00,2029805507281123700,2029805507281123700,12,2,1,6,0,1,1,1,1791334037
2026-10-07T00:48:02+00:00,2026-10-07T00:49:24.528325+00:00,2241260819676115550,2241260819676115550,0,0,0,25,0,1,1,1,1791334035
2026-10-07T00:48:02+00:00,2026-10-07T00:49:24.528325+00:00,f8352c92-0de8-11e7-991c-3863bb43a7d0,217,12,0,2,5,0,1,1,1,1791334035
2026-10-07T00:48:02+00:00,2026-10-07T00:49:24.528325+00:00,f834952a-0de8-11e7-991c-3863bb43a7d0,70,1,0,1,21,0,1,1,1,1791334035
2026-10-07T00:48:02+00:00,2026-10-07T00:49:24.528325+00:00,2071993292066931472,2071993292066931472,2,0,0,18,0,1,1,1,1791334037
2026-10-07T00:48:02+00:00,2026-10-07T00:49:24.528325+00:00,13444449-b3a8-43d2-b8b9-a59fbc59a174,397,9,3,0,6,0,1,1,1,1791334035
2026-10-07T00:48:02+00:00,2026-10-07T00:49:24.528325+00:00,f8348509-0de8-11e7-991c-3863bb43a7d0,48,3,0,0,14,0,1,1,1,1791334045
2026-10-07T00:48:02+00:00,2026-10-07T00:49:24.528325+00:00,2113200093114979090,2113200093114979090,8,1,0,7,1,1,1,1,1791334046
2026-10-07T00:48:02+00:00,2026-10-07T00:49:24.528325+00:00,518f6524-0e7f-454d-974e-e3ff9db1f795,494,11,3,0,0,0,1,1,1,1791334046
2026-10-07T00:48:02+00:00,2026-10-07T00:49:24.528325+00:00,f83524c0-0de8-11e7-991c-3863bb43a7d0,203,7,1,0,7,0,1,1,1,1791334047
2026-10-07T00:48:02+00:00,2026-10-07T00:49:24.528325+00:00,f834f814-0de8-11e7-991c-3863bb43a7d0,136,0,0,0,19,0,1,1,1,1791334047
2026-10-07T00:48:02+00:00,2026-10-07T00:49:24.528325+00:00,f8348995-0de8-11e7-991c-3863bb43a7d0,58,16,1,0,3,0,1,1,1,1791334048
2026-10-07T00:48:02+00:00,2026-10-07T00:49:24.528325+00:00,676ca473-eed6-4971-aaf3-e199a7ca335b,433,14,6,0,4,1,1,1,1,1791334048
2026-10-07T00:48:02+00:00,2026-10-07T00:49:24.528325+00:00,f8351336-0de8-11e7-991c-3863bb43a7d0,176,13,0,1,1,0,1,1,1,1791334048
2026-10-07T00:48:02+00:00,2026-10-07T00:49:24.528325+00:00,2107991976288962746,2107991976288962746,8,0,0,12,0,1,1,1,1791334049
2026-10-07T00:48:02+00:00,2026-10-07T00:49:24.528325+00:00,9f54207a-3308-43bd-b45c-9042b6389598,423,12,1,0,7,0,1,1,1,1791334049
2026-10-07T00:48:02+00:00,2026-10-07T00:49:24.528325+00:00,2264176803898382980,2264176803898382980,4,2,0,7,0,1,1,1,1791334050
2026-10-07T00:48:02+00:00,2026-10-07T00:49:24.528325+00:00,2217856523888952522,2217856523888952522,6,1,0,14,0,1,1,1,1791334049
2026-10-07T00:48:02+00:00,2026-10-07T00:49:24.528325+00:00,f8351019-0de8-11e7-991c-3863bb43a7d0,169,13,3,0,6,0,1,1,1,1791334050
2026-10-07T00:48:02+00:00,2026-10-07T00:49:24.528325+00:00,2043912031919765854,2043912031919765854,6,0,0,14,0,1,1,1,1791334053
2026-10-07T00:48:02+00:00,2026-10-07T00:49:24.528325+00:00,f83494b4-0de8-11e7-991c-3863bb43a7d0,69,9,5,1,9,0,1,1,1,1791334053
2026-10-07T00:48:02+00:00,2026-10-07T00:49:24.528325+00:00,a18e1e55-507e-49d8-b7c0-5c0efd959125,358,17,5,0,2,0,1,1,1,1791334055
2026-10-07T00:48:02+00:00,2026-10-07T00:49:24.528325+00:00,ec3eea05-a3ff-43c6-9e24-0c63f09b915f,378,11,2,0,8,0,1,1,1,1791334054
2026-10-07T00:48:02+00:00,2026-10-07T00:49:24.528325+00:00,ddcc8869-b8d4-483c-b9da-457fcebc8dc1,417,17,0,0,2,0,1,1,1,1791334054
2026-10-07T00:48:02+00:00,2026-10-07T00:49:24.528325+00:00,02a4416f-80b4-4472-accd-5db482ed5b6d,367,7,0,0,12,0,1,1,1,1791334053
2026-10-07T00:48:02+00:00,2026-10-07T00:49:24.528325+00:00,2223043968513191970,2223043968513191970,4,0,1,11,0,1,1,1,1791334054
2026-10-07T00:48:02+00:00,2026-10-07T00:49:24.528325+00:00,f834cf45-0de8-11e7-991c-3863bb43a7d0,116,12,0,1,10,0,1,1,1,1791334054
2026-10-07T00:48:02+00:00,2026-10-07T00:49:24.528325+00:00,42a3ecca-af9a-4556-90ba-7631546f96f8,42a3ecca-af9a-4556-90ba-7631546f96f8,4,2,1,6,0,1,1,1,1791334055
2026-10-07T00:48:02+00:00,2026-10-07T00:49:24.528325+00:00,bb27977d-36c1-496d-8bac-631b612dd7b8,332,3,0,0,12,0,1,1,1,1791334057
2026-10-07T00:48:02+00:00,2026-10-07T00:49:24.528325+00:00,2070180968009321294,2070180968009321294,11,2,0,8,2,1,1,1,1791334058
2026-10-07T00:48:02+00:00,2026-10-07T00:49:24.528325+00:00,350e73e3-6f70-4b2d-87ab-24c8629e9a6a,350e73e3-6f70-4b2d-87ab-24c8629e9a6a,14,2,0,5,0,1,1,1,1791334058
2026-10-07T00:48:02+00:00,2026-10-07T00:49:24.528325+00:00,ba634139-d7bf-448f-aac4-25995d36b67b,373,9,5,0,6,0,1,1,1,1791334057
2026-10-07T00:48:02+00:00,2026-10-07T00:49:24.528325+00:00,f8348136-0de8-11e7-991c-3863bb43a7d0,41,25,4,1,1,0,1,1,1,1791334057
2026-10-07T00:48:02+00:00,2026-10-07T00:49:24.528325+00:00,f6df6c1a-064f-428a-951c-2069a081b9df,380,0,0,2,16,0,1,1,1,1791334060
2026-10-07T00:58:02+00:00,2026-10-07T00:59:24.660304+00:00,6eaa7343-402d-41c9-9aac-8c664fdbdcf1,6eaa7343-402d-41c9-9aac-8c664fdbdcf1,0,0,0,0,0,0,0,0,86400
2026-10-07T00:58:02+00:00,2026-10-07T00:59:24.660304+00:00,cad0e759-b605-458a-b772-768dcce81dc6,372,0,0,6,13,0,1,0,0,1791324371
2026-10-07T00:58:02+00:00,2026-10-07T00:59:24.660304+00:00,2227859082657747444,2227859082657747444,7,4,0,0,0,1,1,1,1791334469
2026-10-07T00:58:02+00:00,2026-10-07T00:59:24.660304+00:00,2261583246847893606,2261583246847893606,8,1,1,10,0,1,1,1,1791334492
2026-10-07T00:58:02+00:00,2026-10-07T00:59:24.660304+00:00,2126567695528519906,2126567695528519906,6,0,0,14,0,1,1,1,1791334493
2026-10-07T00:58:02+00:00,2026-10-07T00:59:24.660304+00:00,1997031876360597884,1997031876360597884,5,0,0,6,0,1,1,1,1791334543
2026-10-07T00:58:02+00:00,2026-10-07T00:59:24.660304+00:00,2220033166406469278,2220033166406469278,10,4,1,4,0,1,1,1,1791334542
2026-10-07T00:58:02+00:00,2026-10-07T00:59:24.660304+00:00,2110566771130438288,2110566771130438288,5,1,2,9,0,1,1,1,1791334545
2026-10-07T00:58:02+00:00,2026-10-07T00:59:24.660304+00:00,eed9e64f-f09d-43c1-aa31-da968c66750a,368,4,1,0,11,0,1,1,1,1791334549
2026-10-07T00:58:02+00:00,2026-10-07T00:59:24.660304+00:00,97a1e4e7-a1ff-427a-aaea-48ca0d00bf9c,348,3,3,0,12,0,1,1,1,1791334547
2026-10-07T00:58:02+00:00,2026-10-07T00:59:24.660304+00:00,57f5003b-6574-40b3-83d7-3b5dee1472e0,518,2,1,0,8,0,1,1,1,1791334567
2026-10-07T00:58:02+00:00,2026-10-07T00:59:24.660304+00:00,2251556760922290606,2251556760922290606,9,5,0,6,0,1,1,1,1791334569
2026-10-07T00:58:02+00:00,2026-10-07T00:59:24.660304+00:00,1ef5abb2-5af9-41f2-a0dd-1e44278ad9f1,502,7,2,0,4,0,1,1,1,1791334603
2026-10-07T00:58:02+00:00,2026-10-07T00:59:24.660304+00:00,2134720099473744344,2134720099473744344,2,0,0,19,0,1,1,1,1791334604
2026-10-07T00:58:02+00:00,2026-10-07T00:59:24.660304+00:00,8e7c1984-dc81-43b0-a0d3-58c6de45225a,465,6,1,0,5,0,1,1,1,1791334602
2026-10-07T00:58:02+00:00,2026-10-07T00:59:24.660304+00:00,38706d8c-8d4b-49f7-b6ed-7688449db261,463,0,0,0,19,0,1,1,1,1791334600
2026-10-07T00:58:02+00:00,2026-10-07T00:59:24.660304+00:00,5410aac7-2ec0-47b6-b728-b99c5137b463,5410aac7-2ec0-47b6-b728-b99c5137b463,5,1,0,6,0,1,1,1,1791334601
2026-10-07T00:58:02+00:00,2026-10-07T00:59:24.660304+00:00,2129149628430547474,2129149628430547474,16,3,0,0,0,1,1,1,1791334600
2026-10-07T00:58:02+00:00,2026-10-07T00:59:24.660304+00:00,dcd76e42-eebc-4432-9726-cdb3372b0b07,557,1,0,0,18,0,1,1,1,1791334598
2026-10-07T00:58:02+00:00,2026-10-07T00:59:24.660304+00:00,f606593b-3d07-40f2-bc6d-a0eb96588e44,456,7,0,0,11,0,1,1,1,1791334599
2026-10-07T00:58:02+00:00,2026-10-07T00:59:24.660304+00:00,acb27827-d69a-4287-b132-3f529ca62ad2,427,3,1,0,16,0,1,1,1,1791334606
2026-10-07T00:58:02+00:00,2026-10-07T00:59:24.660304+00:00,829fa5a8-cc88-4ab2-9f34-b481aaa1612e,259,12,4,0,3,0,1,1,1,1791334606
2026-10-07T00:58:02+00:00,2026-10-07T00:59:24.660304+00:00,800bde2c-51df-497c-ac2d-bc3a8c00c164,800bde2c-51df-497c-ac2d-bc3a8c00c164,0,0,1,14,0,1,1,1,1791334607
2026-10-07T00:58:02+00:00,2026-10-07T00:59:24.660304+00:00,f834fcbe-0de8-11e7-991c-3863bb43a7d0,141,3,0,0,12,0,1,1,1,1791334607
2026-10-07T00:58:02+00:00,2026-10-07T00:59:24.660304+00:00,87b5a8b7-a330-4c51-ab32-7dafa292c88f,421,19,1,0,0,0,1,1,1,1791334551
2026-10-07T00:58:02+00:00,2026-10-07T00:59:24.660304+00:00,f834d260-0de8-11e7-991c-3863bb43a7d0,119,13,2,0,2,0,1,1,1,1791334553
2026-10-07T00:58:02+00:00,2026-10-07T00:59:24.660304+00:00,f834cb89-0de8-11e7-991c-3863bb43a7d0,115,10,0,2,7,0,1,1,1,1791334555
2026-10-07T00:58:02+00:00,2026-10-07T00:59:24.660304+00:00,01d29f8c-768d-4c4f-84ca-3de966075287,469,2,1,0,9,0,1,1,1,1791334582
2026-10-07T00:58:02+00:00,2026-10-07T00:59:24.660304+00:00,2036412579943670600,2036412579943670600,1,1,0,11,0,1,1,1,1791334587
2026-10-07T00:58:02+00:00,2026-10-07T00:59:24.660304+00:00,ea00f276-26dc-48ee-b2c8-6e56fd632a2d,272,5,1,0,14,0,1,1,1,1791334587
2026-10-07T00:58:02+00:00,2026-10-07T00:59:24.660304+00:00,2031175112202687108,2031175112202687108,9,0,0,7,0,1,1,1,1791334584
2026-10-07T00:58:02+00:00,2026-10-07T00:59:24.660304+00:00,82b41ffb-e284-4e4d-b22a-0cad2bfd4bee,443,8,0,0,11,0,1,1,1,1791334584
2026-10-07T00:58:02+00:00,2026-10-07T00:59:24.660304+00:00,b44b7c3d-c054-4591-92a9-3b96d86050ab,b44b7c3d-c054-4591-92a9-3b96d86050ab,3,3,0,8,0,1,1,1,1791334597
2026-10-07T00:58:02+00:00,2026-10-07T00:59:24.660304+00:00,2124664048772581794,2124664048772581794,2,0,0,8,0,1,1,1,1791334597
2026-10-07T00:58:02+00:00,2026-10-07T00:59:24.660304+00:00,aefc33cd-40b9-48da-8b87-415428816bdb,488,6,1,0,10,0,1,1,1,1791334596
2026-10-07T00:58:02+00:00,2026-10-07T00:59:24.660304+00:00,1976280681456741062,1976280681456741062,6,6,0,5,0,1,1,1,1791334592
2026-10-07T00:58:02+00:00,2026-10-07T00:59:24.660304+00:00,f8347ba8-0de8-11e7-991c-3863bb43a7d0,31,1,0,1,17,0,1,1,1,1791334591
2026-10-07T00:58:02+00:00,2026-10-07T00:59:24.660304+00:00,f834b928-0de8-11e7-991c-3863bb43a7d0,106,12,3,1,1,0,1,1,1,1791334595
2026-10-07T00:58:02+00:00,2026-10-07T00:59:24.660304+00:00,f834c6f5-0de8-11e7-991c-3863bb43a7d0,111,12,6,0,2,1,1,1,1,1791334595
2026-10-07T00:58:02+00:00,2026-10-07T00:59:24.660304+00:00,8d535c23-f186-4161-aa10-17e94be6d4ae,436,5,3,3,6,1,1,1,1,1791334594
2026-10-07T00:58:02+00:00,2026-10-07T00:59:24.660304+00:00,e4d5271f-5f76-401b-b7f0-c8dce3c26f10,462,6,0,1,4,0,1,1,1,1791334594
2026-10-07T00:58:02+00:00,2026-10-07T00:59:24.660304+00:00,f834d34b-0de8-11e7-991c-3863bb43a7d0,120,11,0,2,26,0,1,1,1,1791334594
2026-10-07T00:58:02+00:00,2026-10-07T00:59:24.660304+00:00,f8350d30-0de8-11e7-991c-3863bb43a7d0,163,5,0,0,14,0,1,1,1,1791334611
2026-10-07T00:58:02+00:00,2026-10-07T00:59:24.660304+00:00,f8347002-0de8-11e7-991c-3863bb43a7d0,20,12,1,1,10,0,1,1,1,1791334611
2026-10-07T00:58:02+00:00,2026-10-07T00:59:24.660304+00:00,1919521884659886482,1919521884659886482,2,0,0,17,0,1,1,1,1791334609
2026-10-07T00:58:02+00:00,2026-10-07T00:59:24.660304+00:00,2132460331327742574,2132460331327742574,0,0,0,18,0,1,1,1,1791334610
2026-10-07T00:58:02+00:00,2026-10-07T00:59:24.660304+00:00,40ee059e-8530-4992-9114-c16b87d6832f,441,10,5,0,9,0,1,1,1,1791334613
2026-10-07T00:58:02+00:00,2026-10-07T00:59:24.660304+00:00,4b5de733-9353-4873-9dc2-9558b3cb063a,393,8,2,1,4,0,1,1,1,1791334572
2026-10-07T00:58:02+00:00,2026-10-07T00:59:24.660304+00:00,1994515539257334312,1994515539257334312,12,3,0,7,0,1,1,1,1791334572
2026-10-07T00:58:02+00:00,2026-10-07T00:59:24.660304+00:00,2028220168245183460,2028220168245183460,15,1,0,4,0,1,1,1,1791334576
2026-10-07T00:58:02+00:00,2026-10-07T00:59:24.660304+00:00,f834b1ed-0de8-11e7-991c-3863bb43a7d0,99,5,1,0,10,0,1,1,1,1791334576
2026-10-07T00:58:02+00:00,2026-10-07T00:59:24.660304+00:00,25489822-e43a-4704-b2a8-d905b78ba77c,389,2,0,0,12,0,1,1,1,1791334576
2026-10-07T00:58:02+00:00,2026-10-07T00:59:24.660304+00:00,e335fa7c-7adf-4360-9bfa-76b18124a56f,541,0,0,0,11,0,1,1,1,1791334557
2026-10-07T00:58:02+00:00,2026-10-07T00:59:24.660304+00:00,f8351569-0de8-11e7-991c-3863bb43a7d0,181,15,2,2,2,0,1,1,1,1791334557
2026-10-07T00:58:02+00:00,2026-10-07T00:59:24.660304+00:00,a825b55d-3ab3-481f-9c50-d3a7313e6843,228,1,0,1,17,0,1,1,1,1791334558
2026-10-07T00:58:02+00:00,2026-10-07T00:59:24.660304+00:00,25d6f87f-7025-48c5-b202-f91511a4ae19,25d6f87f-7025-48c5-b202-f91511a4ae19,12,2,0,7,0,1,1,1,1791334560
2026-10-07T00:58:02+00:00,2026-10-07T00:59:24.660304+00:00,f8346e51-0de8-11e7-991c-3863bb43a7d0,17,13,1,0,2,0,1,1,1,1791334561
2026-10-07T00:58:02+00:00,2026-10-07T00:59:24.660304+00:00,625f105e-4407-4988-9095-d1979cbda5e1,234,16,7,0,3,0,1,1,1,1791334563
2026-10-07T00:58:02+00:00,2026-10-07T00:59:24.660304+00:00,1ef9964d-47ac-4cd4-916e-7c006fa1e605,339,3,1,0,12,0,1,1,1,1791334563
2026-10-07T00:58:02+00:00,2026-10-07T00:59:24.660304+00:00,f55cdf0a-3d7b-491c-bed2-7dc0ef2062d5,489,14,2,2,0,0,1,1,1,1791334564
2026-10-07T00:58:02+00:00,2026-10-07T00:59:24.660304+00:00,2127634714741013228,2127634714741013228,12,1,2,10,0,1,1,1,1791334588
2026-10-07T00:58:02+00:00,2026-10-07T00:59:24.660304+00:00,803a0c16-4f81-44f1-8b49-a13fcdda40c1,370,0,0,1,17,0,1,1,1,1791334589
2026-10-07T00:58:02+00:00,2026-10-07T00:59:24.660304+00:00,f834a1de-0de8-11e7-991c-3863bb43a7d0,84,9,2,0,3,0,1,1,1,1791334588
2026-10-07T00:58:02+00:00,2026-10-07T00:59:24.660304+00:00,1331197c-f6c6-4f4a-a29b-95e580359886,224,7,0,0,10,0,1,1,1,1791334591
2026-10-07T00:58:02+00:00,2026-10-07T00:59:24.660304+00:00,4d953f0f-13b5-4b3d-b2da-342003ff7cba,4d953f0f-13b5-4b3d-b2da-342003ff7cba,2,1,0,9,0,1,1,1,1791334590
2026-10-07T00:58:02+00:00,2026-10-07T00:59:24.660304+00:00,f83466c6-0de8-11e7-991c-3863bb43a7d0,6,8,0,0,6,0,1,1,1,1791334588
2026-10-07T00:58:02+00:00,2026-10-07T00:59:24.660304+00:00,f8347a8b-0de8-11e7-991c-3863bb43a7d0,29,3,0,0,16,0,1,1,1,1791334614
2026-10-07T00:58:02+00:00,2026-10-07T00:59:24.660304+00:00,c111ef1a-f276-415d-a95e-8e3c4e3a0c03,522,3,1,1,11,0,1,1,1,1791334614
2026-10-07T00:58:02+00:00,2026-10-07T00:59:24.660304+00:00,2089808297152151688,2089808297152151688,8,2,1,3,0,1,1,1,1791334614
2026-10-07T00:58:02+00:00,2026-10-07T00:59:24.660304+00:00,1986694622707704150,1986694622707704150,15,2,1,3,0,1,1,1,1791334615
2026-10-07T00:58:02+00:00,2026-10-07T00:59:24.660304+00:00,2027855476515070160,2027855476515070160,9,0,0,18,0,1,1,1,1791334616
2026-10-07T00:58:02+00:00,2026-10-07T00:59:24.660304+00:00,1999644268058967024,1999644268058967024,18,2,2,4,0,1,1,1,1791334616
2026-10-07T00:58:02+00:00,2026-10-07T00:59:24.660304+00:00,2219705277630124418,2219705277630124418,8,3,0,7,0,1,1,1,1791334616
2026-10-07T00:58:02+00:00,2026-10-07T00:59:24.660304+00:00,f8351f87-0de8-11e7-991c-3863bb43a7d0,192,0,0,0,19,0,1,1,1,1791334617
2026-10-07T00:58:02+00:00,2026-10-07T00:59:24.660304+00:00,918335df-fc1a-45c2-9cfc-c5e2e93aecc0,467,2,0,1,8,0,1,1,1,1791334617
2026-10-07T00:58:02+00:00,2026-10-07T00:59:24.660304+00:00,d1a5e406-718c-44b9-b9dd-e63605b888aa,555,9,8,0,6,0,1,1,1,1791334617
2026-10-07T00:58:02+00:00,2026-10-07T00:59:24.660304+00:00,77c1736c-a609-4453-94f7-8e4253a8193c,474,6,3,0,5,0,1,1,1,1791334619
2026-10-07T00:58:02+00:00,2026-10-07T00:59:24.660304+00:00,e519df41-c4d7-403a-9afa-a5dd7cdd2d03,536,5,0,0,13,0,1,1,1,1791334618
2026-10-07T00:58:02+00:00,2026-10-07T00:59:24.660304+00:00,1976640911178291400,1976640911178291400,10,4,0,1,0,1,1,1,1791334624
2026-10-07T00:58:02+00:00,2026-10-07T00:59:24.660304+00:00,2113559364250874028,2113559364250874028,10,3,0,5,0,1,1,1,1791334620
2026-10-07T00:58:02+00:00,2026-10-07T00:59:24.660304+00:00,f834a67b-0de8-11e7-991c-3863bb43a7d0,89,6,0,1,12,0,1,1,1,1791334620
2026-10-07T00:58:02+00:00,2026-10-07T00:59:24.660304+00:00,f834f036-0de8-11e7-991c-3863bb43a7d0,133,10,4,1,11,0,1,1,1,1791334620
2026-10-07T00:58:02+00:00,2026-10-07T00:59:24.660304+00:00,2039387081833476178,2039387081833476178,16,4,0,4,0,1,1,1,1791334622
2026-10-07T00:58:02+00:00,2026-10-07T00:59:24.660304+00:00,5d17f129-af8c-4f30-bc58-6a8279052772,543,5,2,1,13,0,1,1,1,1791334622
2026-10-07T00:58:02+00:00,2026-10-07T00:59:24.660304+00:00,a6d6d4b2-3666-43ad-a690-7f676bdcc3fd,542,10,0,3,6,0,1,1,1,1791334623
2026-10-07T00:58:02+00:00,2026-10-07T00:59:24.660304+00:00,f834b183-0de8-11e7-991c-3863bb43a7d0,98,6,0,1,16,0,1,1,1,1791334623
2026-10-07T00:58:02+00:00,2026-10-07T00:59:24.660304+00:00,f834f948-0de8-11e7-991c-3863bb43a7d0,138,10,0,1,3,0,1,1,1,1791334623
2026-10-07T00:58:02+00:00,2026-10-07T00:59:24.660304+00:00,2149920539832638004,2149920539832638004,10,0,1,4,0,1,1,1,1791334620
2026-10-07T00:58:02+00:00,2026-10-07T00:59:24.660304+00:00,f83493c0-0de8-11e7-991c-3863bb43a7d0,67,0,0,2,28,0,1,1,1,1791334628
2026-10-07T00:58:02+00:00,2026-10-07T00:59:24.660304+00:00,6cec3afa-554c-466f-8323-5c619fe0ddc6,6cec3afa-554c-466f-8323-5c619fe0ddc6,2,1,0,9,0,1,1,1,1791334627
2026-10-07T00:58:02+00:00,2026-10-07T00:59:24.660304+00:00,f8350129-0de8-11e7-991c-3863bb43a7d0,149,18,1,0,0,0,1,1,1,1791334626
2026-10-07T00:58:02+00:00,2026-10-07T00:59:24.660304+00:00,f8346dbd-0de8-11e7-991c-3863bb43a7d0,16,1,0,0,18,0,1,1,1,1791334629
2026-10-07T00:58:02+00:00,2026-10-07T00:59:24.660304+00:00,768433a9-fc30-4485-b136-22d6f8a96f1c,768433a9-fc30-4485-b136-22d6f8a96f1c,10,2,1,0,0,1,1,1,1791334629
2026-10-07T00:58:02+00:00,2026-10-07T00:59:24.660304+00:00,133d159e-a202-4310-910f-eca392fe181e,398,3,0,2,14,0,1,1,1,1791334626
2026-10-07T00:58:02+00:00,2026-10-07T00:59:24.660304+00:00,1991921362058752616,1991921362058752616,0,0,0,20,0,1,1,1,1791334632
2026-10-07T00:58:02+00:00,2026-10-07T00:59:24.660304+00:00,f8352973-0de8-11e7-991c-3863bb43a7d0,210,7,0,0,8,0,1,1,1,1791334631
2026-10-07T00:58:02+00:00,2026-10-07T00:59:24.660304+00:00,f8351649-0de8-11e7-991c-3863bb43a7d0,183,0,0,2,17,0,1,1,1,1791334635
2026-10-07T00:58:02+00:00,2026-10-07T00:59:24.660304+00:00,f834e75d-0de8-11e7-991c-3863bb43a7d0,129,6,2,0,12,1,1,1,1,1791334634
2026-10-07T00:58:02+00:00,2026-10-07T00:59:24.660304+00:00,569f4952-5a25-4394-a419-f9c4d9cca6f3,495,17,2,0,1,0,1,1,1,1791334633
2026-10-07T00:58:02+00:00,2026-10-07T00:59:24.660304+00:00,88b35b6d-f355-44dc-b85e-ed2eb1bc9099,406,10,2,0,9,0,1,1,1,1791334634
2026-10-07T00:58:02+00:00,2026-10-07T00:59:24.660304+00:00,2036103727838931110,2036103727838931110,7,2,0,3,0,1,1,1,1791334633
2026-10-07T00:58:02+00:00,2026-10-07T00:59:24.660304+00:00,f8351791-0de8-11e7-991c-3863bb43a7d0,186,8,1,1,6,0,1,1,1,1791334633
2026-10-07T00:58:02+00:00,2026-10-07T00:59:24.660304+00:00,f8346c96-0de8-11e7-991c-3863bb43a7d0,14,3,0,1,21,0,1,1,1,1791334644
2026-10-07T00:58:02+00:00,2026-10-07T00:59:24.660304+00:00,1999639508813492766,1999639508813492766,4,0,1,15,0,1,1,1,1791334644
2026-10-07T00:58:02+00:00,2026-10-07T00:59:24.660304+00:00,2250817396738253956,2250817396738253956,5,0,1,9,0,1,1,1,1791334646
2026-10-07T00:58:02+00:00,2026-10-07T00:59:24.660304+00:00,986068c4-d11a-465a-b8d0-bd0960c57f51,986068c4-d11a-465a-b8d0-bd0960c57f51,8,0,0,6,0,1,1,1,1791334645
2026-10-07T00:58:02+00:00,2026-10-07T00:59:24.660304+00:00,f8349070-0de8-11e7-991c-3863bb43a7d0,61,2,0,1,15,0,1,1,1,1791334645
2026-10-07T00:58:02+00:00,2026-10-07T00:59:24.660304+00:00,f8348719-0de8-11e7-991c-3863bb43a7d0,52,12,0,0,11,0,1,1,1,1791334644
2026-10-07T00:58:02+00:00,2026-10-07T00:59:24.660304+00:00,f83532fa-0de8-11e7-991c-3863bb43a7d0,219,11,1,0,4,0,1,1,1,1791334643
2026-10-07T00:58:02+00:00,2026-10-07T00:59:24.660304+00:00,f7d416f8-4377-4019-bba7-302dc1d5a11d,391,12,0,2,1,0,1,1,1,1791334639
2026-10-07T00:58:02+00:00,2026-10-07T00:59:24.660304+00:00,ec4e1168-25dc-4929-b17b-e4ae578dd888,425,6,0,0,10,0,1,1,1,1791334640
2026-10-07T00:58:02+00:00,2026-10-07T00:59:24.660304+00:00,f834916a-0de8-11e7-991c-3863bb43a7d0,63,8,2,0,7,0,1,1,1,1791334638
2026-10-07T00:58:02+00:00,2026-10-07T00:59:24.660304+00:00,2251186911126913182,2251186911126913182,14,2,2,3,0,1,1,1,1791334638
2026-10-07T00:58:02+00:00,2026-10-07T00:59:24.660304+00:00,f83473ea-0de8-11e7-991c-3863bb43a7d0,27,11,1,1,11,0,1,1,1,1791334636
2026-10-07T00:58:02+00:00,2026-10-07T00:59:24.660304+00:00,9b0aff89-5242-475e-b03b-87c3c3bf51bb,477,6,3,1,12,0,1,1,1,1791334637
2026-10-07T00:58:02+00:00,2026-10-07T00:59:24.660304+00:00,9fef6df2-7f8f-43fc-a85b-7dd5453860f9,437,11,0,1,5,0,1,1,1,1791334638
2026-10-07T00:58:02+00:00,2026-10-07T00:59:24.660304+00:00,2127252912986958612,2127252912986958612,12,2,0,3,0,1,1,1,1791334641
2026-10-07T00:58:02+00:00,2026-10-07T00:59:24.660304+00:00,2131371824572002576,2131371824572002576,5,0,0,11,0,1,1,1,1791334642
2026-10-07T00:58:02+00:00,2026-10-07T00:59:24.660304+00:00,f8350199-0de8-11e7-991c-3863bb43a7d0,150,6,0,2,11,0,1,1,1,1791334649
2026-10-07T00:58:02+00:00,2026-10-07T00:59:24.660304+00:00,199f3d59-e726-4549-b9c1-4dfc8a343fdb,508,9,6,0,2,0,1,1,1,1791334649
2026-10-07T00:58:02+00:00,2026-10-07T00:59:24.660304+00:00,f834c5c9-0de8-11e7-991c-3863bb43a7d0,110,0,0,2,13,0,1,1,1,1791334649
2026-10-07T00:58:02+00:00,2026-10-07T00:59:24.660304+00:00,f8349599-0de8-11e7-991c-3863bb43a7d0,71,15,0,2,6,0,1,1,1,1791334648
2026-10-07T00:58:02+00:00,2026-10-07T00:59:24.660304+00:00,ab6517ea-ed53-42eb-8881-657d362e56e8,560,15,1,0,0,0,1,1,1,1791334648
2026-10-07T00:58:02+00:00,2026-10-07T00:59:24.660304+00:00,2071991821019036242,2071991821019036242,14,3,0,6,0,1,1,1,1791334650
2026-10-07T00:58:02+00:00,2026-10-07T00:59:24.660304+00:00,2438d052-2cd6-4fba-83c9-39f46cb59398,2438d052-2cd6-4fba-83c9-39f46cb59398,12,2,1,6,0,1,1,1,1791334647
2026-10-07T00:58:02+00:00,2026-10-07T00:59:24.660304+00:00,f8351255-0de8-11e7-991c-3863bb43a7d0,174,12,1,1,2,0,1,1,1,1791334646
2026-10-07T00:58:02+00:00,2026-10-07T00:59:24.660304+00:00,f8348598-0de8-11e7-991c-3863bb43a7d0,49,3,0,1,14,0,1,1,1,1791334652
2026-10-07T00:58:02+00:00,2026-10-07T00:59:24.660304+00:00,52ca4d94-587f-4a61-a298-a1a755e73bfb,362,14,1,0,5,0,1,1,1,1791334652
2026-10-07T00:58:02+00:00,2026-10-07T00:59:24.660304+00:00,f834a2a8-0de8-11e7-991c-3863bb43a7d0,85,5,0,0,14,0,1,1,1,1791334655
2026-10-07T00:58:02+00:00,2026-10-07T00:59:24.660304+00:00,f835244e-0de8-11e7-991c-3863bb43a7d0,202,6,0,0,9,0,1,1,1,1791334655
2026-10-07T00:58:02+00:00,2026-10-07T00:59:24.660304+00:00,f8347ded-0de8-11e7-991c-3863bb43a7d0,35,0,0,1,30,0,1,1,1,1791334655
2026-10-07T00:58:02+00:00,2026-10-07T00:59:24.660304+00:00,2363c5a3-93cc-41a2-a767-90f1826c041f,426,0,0,0,27,0,1,1,1,1791334656
2026-10-07T00:58:02+00:00,2026-10-07T00:59:24.660304+00:00,15ec5783-ca7a-4225-ba51-cd0a45ecc975,15ec5783-ca7a-4225-ba51-cd0a45ecc975,7,5,0,4,0,1,1,1,1791334656
2026-10-07T00:58:02+00:00,2026-10-07T00:59:24.660304+00:00,8bc42f7f-753d-4cca-a7d6-0d7c2530ea2c,364,9,0,0,10,0,1,1,1,1791334657
2026-10-07T00:58:02+00:00,2026-10-07T00:59:24.660304+00:00,2248987790637065652,2248987790637065652,5,3,0,7,0,1,1,1,1791334472
2026-10-07T00:58:02+00:00,2026-10-07T00:59:24.660304+00:00,2111332861978124760,2111332861978124760,3,1,1,12,0,1,1,1,1791334505
2026-10-07T00:58:02+00:00,2026-10-07T00:59:24.660304+00:00,b0b8e427-7203-4844-9c70-129e08a74452,347,12,4,1,1,0,1,1,1,1791334537
2026-10-07T00:58:02+00:00,2026-10-07T00:59:24.660304+00:00,1206f5c8-7d1f-4c32-9d65-f3e80186fbde,511,8,5,1,10,0,1,1,1,1791334543
2026-10-07T00:58:02+00:00,2026-10-07T00:59:24.660304+00:00,f8348021-0de8-11e7-991c-3863bb43a7d0,39,24,0,0,3,0,1,1,1,1791334542
2026-10-07T00:58:02+00:00,2026-10-07T00:59:24.660304+00:00,1961066392414132348,1961066392414132348,1,1,0,18,0,1,1,1,1791334549
2026-10-07T00:58:02+00:00,2026-10-07T00:59:24.660304+00:00,7dd0fc98-c1dd-4c93-9c1d-4bbdf5f93346,473,14,9,0,0,0,1,1,1,1791334552
2026-10-07T00:58:02+00:00,2026-10-07T00:59:24.660304+00:00,57caf362-1e8b-46aa-9ee3-82341c405ab0,271,5,3,1,9,0,1,1,1,1791334551
2026-10-07T00:58:02+00:00,2026-10-07T00:59:24.660304+00:00,dd05a440-f881-410c-a071-864da11c634a,318,0,0,0,19,0,1,1,1,1791334551
2026-10-07T00:58:02+00:00,2026-10-07T00:59:24.660304+00:00,1994461916590643872,1994461916590643872,7,2,1,3,0,1,1,1,1791334550
2026-10-07T00:58:02+00:00,2026-10-07T00:59:24.660304+00:00,e3f5d039-a49e-4b3b-ab4d-4efbef2068c6,e3f5d039-a49e-4b3b-ab4d-4efbef2068c6,16,1,0,6,0,1,1,1,1791334550
2026-10-07T00:58:02+00:00,2026-10-07T00:59:24.660304+00:00,f834b50a-0de8-11e7-991c-3863bb43a7d0,102,6,2,1,8,0,1,1,1,1791334567
2026-10-07T00:58:02+00:00,2026-10-07T00:59:24.660304+00:00,3de6e5da-9702-4623-8683-26abd98012a8,525,4,1,0,8,0,1,1,1,1791334565
2026-10-07T00:58:02+00:00,2026-10-07T00:59:24.660304+00:00,fbb9b58c-2b92-4bcf-8e4c-a982e40d2f39,221,2,0,2,15,0,1,1,1,1791334571
2026-10-07T00:58:02+00:00,2026-10-07T00:59:24.660304+00:00,be7e7068-b85f-42c1-8ea1-e1d64e531323,be7e7068-b85f-42c1-8ea1-e1d64e531323,15,2,0,0,0,1,1,1,1791334569
2026-10-07T00:58:02+00:00,2026-10-07T00:59:24.660304+00:00,f8352c1a-0de8-11e7-991c-3863bb43a7d0,216,9,2,0,10,0,1,1,1,1791334571
2026-10-07T00:58:02+00:00,2026-10-07T00:59:24.660304+00:00,f8353277-0de8-11e7-991c-3863bb43a7d0,218,1,0,2,12,0,1,1,1,1791334585
2026-10-07T00:58:02+00:00,2026-10-07T00:59:24.660304+00:00,f8349de4-0de8-11e7-991c-3863bb43a7d0,80,0,0,2,33,0,1,1,1,1791334586
2026-10-07T00:58:02+00:00,2026-10-07T00:59:24.660304+00:00,b5894555-30a3-46db-918a-fdeb083d6001,336,13,7,1,1,0,1,1,1,1791334583
2026-10-07T00:58:02+00:00,2026-10-07T00:59:24.660304+00:00,efd724b2-31cb-4aec-b9d9-8ab79271630c,493,9,0,0,8,0,1,1,1,1791334596
2026-10-07T00:58:02+00:00,2026-10-07T00:59:24.660304+00:00,f834db9b-0de8-11e7-991c-3863bb43a7d0,121,15,5,0,2,0,1,1,1,1791334595
2026-10-07T00:58:02+00:00,2026-10-07T00:59:24.660304+00:00,3c837bc0-fd08-49c4-adf5-0e9a98e918a7,524,8,0,1,6,0,1,1,1,1791334597
2026-10-07T00:58:02+00:00,2026-10-07T00:59:24.660304+00:00,2126939746529359956,2126939746529359956,9,2,1,9,0,1,1,1,1791334598
2026-10-07T00:58:02+00:00,2026-10-07T00:59:24.660304+00:00,1963273678015717438,1963273678015717438,0,0,0,19,0,1,1,1,1791334594
2026-10-07T00:58:02+00:00,2026-10-07T00:59:24.660304+00:00,f8352150-0de8-11e7-991c-3863bb43a7d0,196,6,2,0,4,0,1,1,1,1791334601
2026-10-07T00:58:02+00:00,2026-10-07T00:59:24.660304+00:00,a439fff7-8630-464c-b277-efca6f6bc664,531,11,3,2,1,0,1,1,1,1791334601
2026-10-07T00:58:02+00:00,2026-10-07T00:59:24.660304+00:00,f8350c56-0de8-11e7-991c-3863bb43a7d0,161,23,7,0,0,0,1,1,1,1791334600
2026-10-07T00:58:02+00:00,2026-10-07T00:59:24.660304+00:00,3f4f4ad4-a715-43d5-828f-f8381f26b66a,390,10,1,0,4,1,1,1,1,1791334601
2026-10-07T00:58:02+00:00,2026-10-07T00:59:24.660304+00:00,ee0fa23e-a6c2-474d-a6ef-bf581d63f1ae,ee0fa23e-a6c2-474d-a6ef-bf581d63f1ae,9,3,0,2,0,1,1,1,1791334604
2026-10-07T00:58:02+00:00,2026-10-07T00:59:24.660304+00:00,2071724371800490690,2071724371800490690,17,0,0,3,0,1,1,1,1791334605
2026-10-07T00:58:02+00:00,2026-10-07T00:59:24.660304+00:00,2012646293885032702,2012646293885032702,10,2,1,13,0,1,1,1,1791334607
2026-10-07T00:58:02+00:00,2026-10-07T00:59:24.660304+00:00,2253794653988522864,2253794653988522864,8,0,0,11,0,1,1,1,1791334608
2026-10-07T00:58:02+00:00,2026-10-07T00:59:24.660304+00:00,ee18dbd6-05b8-4d38-a120-f84c3499a77e,519,6,4,1,3,0,1,1,1,1791334607
2026-10-07T00:58:02+00:00,2026-10-07T00:59:24.660304+00:00,0bc49982-74e9-4bbf-9991-e3d809d6319e,530,3,0,0,16,0,1,1,1,1791334606
2026-10-07T00:58:02+00:00,2026-10-07T00:59:24.660304+00:00,2113560016964645240,2113560016964645240,9,3,0,10,0,1,1,1,1791334582
2026-10-07T00:58:02+00:00,2026-10-07T00:59:24.660304+00:00,f83472d3-0de8-11e7-991c-3863bb43a7d0,25,14,0,0,1,0,1,1,1,1791334559
2026-10-07T00:58:02+00:00,2026-10-07T00:59:24.660304+00:00,f834d064-0de8-11e7-991c-3863bb43a7d0,118,19,6,0,0,0,1,1,1,1791334573
2026-10-07T00:58:02+00:00,2026-10-07T00:59:24.660304+00:00,f834923d-0de8-11e7-991c-3863bb43a7d0,65,10,0,0,9,0,1,1,1,1791334576
2026-10-07T00:58:02+00:00,2026-10-07T00:59:24.660304+00:00,910f1452-dbeb-4e69-b226-71b2d7e85715,910f1452-dbeb-4e69-b226-71b2d7e85715,10,5,0,0,0,1,1,1,1791334573
2026-10-07T00:58:02+00:00,2026-10-07T00:59:24.660304+00:00,c935cfb1-ef73-402e-9b86-83aaaac6534d,478,5,0,0,14,0,1,1,1,1791334573
2026-10-07T00:58:02+00:00,2026-10-07T00:59:24.660304+00:00,f834b652-0de8-11e7-991c-3863bb43a7d0,104,10,3,0,8,0,1,1,1,1791334573
2026-10-07T00:58:02+00:00,2026-10-07T00:59:24.660304+00:00,a51b429f-bf06-425a-b3fe-b3155aa6468c,a51b429f-bf06-425a-b3fe-b3155aa6468c,4,3,1,6,0,1,1,1,1791334592
2026-10-07T00:58:02+00:00,2026-10-07T00:59:24.660304+00:00,3dbbb3cb-b52d-46f8-8f9c-db11e83d081c,327,14,8,1,0,0,1,1,1,1791334611
2026-10-07T00:58:02+00:00,2026-10-07T00:59:24.660304+00:00,3a6d94a7-9fee-41c5-b8cc-a8487c5e691b,549,22,5,1,0,0,1,1,1,1791334612
2026-10-07T00:58:02+00:00,2026-10-07T00:59:24.660304+00:00,2131714490587826928,2131714490587826928,9,6,2,5,0,1,1,1,1791334610
2026-10-07T00:58:02+00:00,2026-10-07T00:59:24.660304+00:00,f83487f0-0de8-11e7-991c-3863bb43a7d0,54,7,0,0,8,0,1,1,1,1791334609
2026-10-07T00:58:02+00:00,2026-10-07T00:59:24.660304+00:00,4caf6e93-ddd7-4b6f-9e61-f9df1206ac92,4caf6e93-ddd7-4b6f-9e61-f9df1206ac92,7,2,0,12,0,1,1,1,1791334610
2026-10-07T00:58:02+00:00,2026-10-07T00:59:24.660304+00:00,2115804056935012722,2115804056935012722,10,0,0,9,0,1,1,1,1791334610
2026-10-07T00:58:02+00:00,2026-10-07T00:59:24.660304+00:00,c98f50f6-1901-4c64-b164-8cf33245e022,282,12,0,1,4,1,1,1,1,1791334611
2026-10-07T00:58:02+00:00,2026-10-07T00:59:24.660304+00:00,f834a32d-0de8-11e7-991c-3863bb43a7d0,86,16,0,0,9,0,1,1,1,1791334613
2026-10-07T00:58:02+00:00,2026-10-07T00:59:24.660304+00:00,f8348857-0de8-11e7-991c-3863bb43a7d0,55,2,1,0,13,0,1,1,1,1791334610
2026-10-07T00:58:02+00:00,2026-10-07T00:59:24.660304+00:00,f835259f-0de8-11e7-991c-3863bb43a7d0,205,3,0,1,11,0,1,1,1,1791334616
2026-10-07T00:58:02+00:00,2026-10-07T00:59:24.660304+00:00,68323451-daf0-4532-a6cb-b070e3ef358f,68323451-daf0-4532-a6cb-b070e3ef358f,10,0,0,9,0,1,1,1,1791334616
2026-10-07T00:58:02+00:00,2026-10-07T00:59:24.660304+00:00,0cb6d635-6a7d-4d75-89b4-36b12616be12,432,10,6,0,9,0,1,1,1,1791334617
2026-10-07T00:58:02+00:00,2026-10-07T00:59:24.660304+00:00,2124668538068359456,2124668538068359456,16,0,1,2,0,1,1,1,1791334615
2026-10-07T00:58:02+00:00,2026-10-07T00:59:24.660304+00:00,f8346c01-0de8-11e7-991c-3863bb43a7d0,13,0,0,0,19,0,1,1,1,1791334615
2026-10-07T00:58:02+00:00,2026-10-07T00:59:24.660304+00:00,f834fda2-0de8-11e7-991c-3863bb43a7d0,143,6,1,1,16,0,1,1,1,1791334615
2026-10-07T00:58:02+00:00,2026-10-07T00:59:24.660304+00:00,dd8dee9d-d044-41d6-9371-8463cf9c671b,526,7,4,0,7,1,1,1,1,1791334615
2026-10-07T00:58:02+00:00,2026-10-07T00:59:24.660304+00:00,f8348924-0de8-11e7-991c-3863bb43a7d0,57,14,1,0,0,0,1,1,1,1791334619
2026-10-07T00:58:02+00:00,2026-10-07T00:59:24.660304+00:00,f8352a4d-0de8-11e7-991c-3863bb43a7d0,212,18,0,1,13,0,1,1,1,1791334616
2026-10-07T00:58:02+00:00,2026-10-07T00:59:24.660304+00:00,66763558-7a03-48a9-8665-6b4445b81f48,458,11,4,0,4,0,1,1,1,1791334624
2026-10-07T00:58:02+00:00,2026-10-07T00:59:24.660304+00:00,2158217922577811100,2158217922577811100,7,0,0,12,0,1,1,1,1791334623
2026-10-07T00:58:02+00:00,2026-10-07T00:59:24.660304+00:00,3b158c7a-a362-43ae-af1f-121b78be32d7,483,8,4,1,8,0,1,1,1,1791334623
2026-10-07T00:58:02+00:00,2026-10-07T00:59:24.660304+00:00,f8352306-0de8-11e7-991c-3863bb43a7d0,199,10,6,1,4,0,1,1,1,1791334618
2026-10-07T00:58:02+00:00,2026-10-07T00:59:24.660304+00:00,f8351ff1-0de8-11e7-991c-3863bb43a7d0,193,7,0,1,6,0,1,1,1,1791334620
2026-10-07T00:58:02+00:00,2026-10-07T00:59:24.660304+00:00,2100948177843249670,2100948177843249670,5,4,1,5,0,1,1,1,1791334620
2026-10-07T00:58:02+00:00,2026-10-07T00:59:24.660304+00:00,634b697d-0e64-4102-8849-abac7a7f8e35,455,3,1,0,9,0,1,1,1,1791334621
2026-10-07T00:58:02+00:00,2026-10-07T00:59:24.660304+00:00,dc770287-c70c-43ea-a635-39f3dc6b09cd,dc770287-c70c-43ea-a635-39f3dc6b09cd,6,2,0,5,0,1,1,1,1791334621
2026-10-07T00:58:02+00:00,2026-10-07T00:59:24.660304+00:00,082262bd-086b-46c7-83ce-eed2b39142ff,416,2,1,0,13,0,1,1,1,1791334626
2026-10-07T00:58:02+00:00,2026-10-07T00:59:24.660304+00:00,fae99a0c-e88a-4112-94d8-f655cf34e651,fae99a0c-e88a-4112-94d8-f655cf34e651,0,0,1,18,0,1,1,1,1791334626
2026-10-07T00:58:02+00:00,2026-10-07T00:59:24.660304+00:00,50cc3c7f-50ed-4c70-b483-c89f3f47c938,491,15,0,0,4,0,1,1,1,1791334627
2026-10-07T00:58:02+00:00,2026-10-07T00:59:24.660304+00:00,4764641e-b080-4c70-a1e1-049de81e09d0,273,25,1,1,14,0,1,1,1,1791334626
2026-10-07T00:58:02+00:00,2026-10-07T00:59:24.660304+00:00,2079440939380771716,2079440939380771716,3,2,1,7,0,1,1,1,1791334625
2026-10-07T00:58:02+00:00,2026-10-07T00:59:24.660304+00:00,a9d13461-7f0f-47b0-9a97-8ec9e9792865,533,14,0,1,3,0,1,1,1,1791334629
2026-10-07T00:58:02+00:00,2026-10-07T00:59:24.660304+00:00,f8349672-0de8-11e7-991c-3863bb43a7d0,72,0,0,0,23,0,1,1,1,1791334627
2026-10-07T00:58:02+00:00,2026-10-07T00:59:24.660304+00:00,dd008e3c-ff17-4c82-abe0-502272a62425,558,4,0,0,14,0,1,1,1,1791334630
2026-10-07T00:58:02+00:00,2026-10-07T00:59:24.660304+00:00,609c2f06-310e-4134-8dd2-3d23aa41487b,609c2f06-310e-4134-8dd2-3d23aa41487b,10,1,1,11,0,1,1,1,1791334631
2026-10-07T00:58:02+00:00,2026-10-07T00:59:24.660304+00:00,f8350be5-0de8-11e7-991c-3863bb43a7d0,160,3,0,0,11,0,1,1,1,1791334631
2026-10-07T00:58:02+00:00,2026-10-07T00:59:24.660304+00:00,f836bc28-36a7-4ca6-bba6-0d75333d84bb,538,13,1,1,5,0,1,1,1,1791334635
2026-10-07T00:58:02+00:00,2026-10-07T00:59:24.660304+00:00,13681246-4bf8-444a-a908-fa165e4ad298,329,14,2,1,0,0,1,1,1,1791334635
2026-10-07T00:58:02+00:00,2026-10-07T00:59:24.660304+00:00,31382324-2931-491a-827a-40149e45afee,232,5,0,0,6,0,1,1,1,1791334632
2026-10-07T00:58:02+00:00,2026-10-07T00:59:24.660304+00:00,f4a64c30-b97f-4ae5-b531-a11698b558d7,562,5,1,0,4,0,1,1,1,1791334633
2026-10-07T00:58:02+00:00,2026-10-07T00:59:24.660304+00:00,2002247509585342522,2002247509585342522,11,1,0,0,0,1,1,1,1791334637
2026-10-07T00:58:02+00:00,2026-10-07T00:59:24.660304+00:00,a9bc314b-a3fd-46e5-a63b-f005258bba5f,a9bc314b-a3fd-46e5-a63b-f005258bba5f,1,0,0,16,1,1,1,1,1791334638
2026-10-07T00:58:02+00:00,2026-10-07T00:59:24.660304+00:00,25cc602a-152a-4abe-9df8-a131d0a5d94b,235,13,4,0,2,0,1,1,1,1791334639
2026-10-07T00:58:02+00:00,2026-10-07T00:59:24.660304+00:00,2035765531590062506,2035765531590062506,6,1,2,3,0,1,1,1,1791334640
2026-10-07T00:58:02+00:00,2026-10-07T00:59:24.660304+00:00,2074236051937964826,2074236051937964826,12,1,0,3,1,1,1,1,1791334644
2026-10-07T00:58:02+00:00,2026-10-07T00:59:24.660304+00:00,2120986392451359068,2120986392451359068,6,1,0,13,0,1,1,1,1791334644
2026-10-07T00:58:02+00:00,2026-10-07T00:59:24.660304+00:00,f8349d6e-0de8-11e7-991c-3863bb43a7d0,79,13,1,0,5,0,1,1,1,1791334645
2026-10-07T00:58:02+00:00,2026-10-07T00:59:24.660304+00:00,f8351e42-0de8-11e7-991c-3863bb43a7d0,189,0,0,1,22,0,1,1,1,1791334644
2026-10-07T00:58:02+00:00,2026-10-07T00:59:24.660304+00:00,f834fb66-0de8-11e7-991c-3863bb43a7d0,139,8,2,0,11,0,1,1,1,1791334642
2026-10-07T00:58:02+00:00,2026-10-07T00:59:24.660304+00:00,f8346a3c-0de8-11e7-991c-3863bb43a7d0,10,3,0,1,8,0,1,1,1,1791334643
2026-10-07T00:58:02+00:00,2026-10-07T00:59:24.660304+00:00,e49a5b83-2c9c-4610-a48b-89cfea172c8f,504,4,1,0,7,0,1,1,1,1791334643
2026-10-07T00:58:02+00:00,2026-10-07T00:59:24.660304+00:00,f8347361-0de8-11e7-991c-3863bb43a7d0,26,15,0,0,0,0,1,1,1,1791334641
2026-10-07T00:58:02+00:00,2026-10-07T00:59:24.660304+00:00,2256120653476329202,2256120653476329202,12,1,0,3,0,1,1,1,1791334644
2026-10-07T00:58:02+00:00,2026-10-07T00:59:24.660304+00:00,f834ffc9-0de8-11e7-991c-3863bb43a7d0,146,9,2,0,10,0,1,1,1,1791334650
2026-10-07T00:58:02+00:00,2026-10-07T00:59:24.660304+00:00,8b703219-1e16-4ba1-9f46-2b7030c7849a,360,3,2,2,10,0,1,1,1,1791334647
2026-10-07T00:58:02+00:00,2026-10-07T00:59:24.660304+00:00,f834ff5a-0de8-11e7-991c-3863bb43a7d0,145,10,0,1,8,0,1,1,1,1791334647
2026-10-07T00:58:02+00:00,2026-10-07T00:59:24.660304+00:00,8f51f8f1-ecb8-4cd3-8529-296a03140c51,8f51f8f1-ecb8-4cd3-8529-296a03140c51,10,3,0,9,0,1,1,1,1791334649
2026-10-07T00:58:02+00:00,2026-10-07T00:59:24.660304+00:00,2004828637786472956,2004828637786472956,15,7,1,3,0,1,1,1,1791334646
2026-10-07T00:58:02+00:00,2026-10-07T00:59:24.660304+00:00,f8348781-0de8-11e7-991c-3863bb43a7d0,53,11,0,0,8,0,1,1,1,1791334649
2026-10-07T00:58:02+00:00,2026-10-07T00:59:24.660304+00:00,2fded452-cbd0-4248-b008-f8a61ed9a85f,2fded452-cbd0-4248-b008-f8a61ed9a85f,1,0,0,14,0,1,1,1,1791334649
2026-10-07T00:58:02+00:00,2026-10-07T00:59:24.660304+00:00,2171110977443594588,2171110977443594588,5,0,1,9,0,1,1,1,1791334651
2026-10-07T00:58:02+00:00,2026-10-07T00:59:24.660304+00:00,a3b94ed8-8301-4ec6-baf2-64ac493b5106,529,1,1,0,13,0,1,1,1,1791334652
2026-10-07T00:58:02+00:00,2026-10-07T00:59:24.660304+00:00,f835141c-0de8-11e7-991c-3863bb43a7d0,178,15,3,1,2,0,1,1,1,1791334652
2026-10-07T00:58:02+00:00,2026-10-07T00:59:24.660304+00:00,1984021766354634770,1984021766354634770,15,0,0,4,0,1,1,1,1791334652
2026-10-07T00:58:02+00:00,2026-10-07T00:59:24.660304+00:00,2136546016037880534,2136546016037880534,7,0,0,8,0,1,1,1,1791334652
2026-10-07T00:58:02+00:00,2026-10-07T00:59:24.660304+00:00,2080157934789007958,2080157934789007958,16,2,2,1,0,1,1,1,1791334652
2026-10-07T00:58:02+00:00,2026-10-07T00:59:24.660304+00:00,d81e16e2-a410-4a0b-b5ae-b72748fc9781,d81e16e2-a410-4a0b-b5ae-b72748fc9781,1,0,1,17,0,1,1,1,1791334652
2026-10-07T00:58:02+00:00,2026-10-07T00:59:24.660304+00:00,2223046412750968128,2223046412750968128,2,1,0,17,0,1,1,1,1791334653
2026-10-07T00:58:02+00:00,2026-10-07T00:59:24.660304+00:00,f1cafe36-f800-41f6-b74d-73953cb6394c,471,0,0,0,27,0,1,1,1,1791334654
2026-10-07T00:58:02+00:00,2026-10-07T00:59:24.660304+00:00,f83514f9-0de8-11e7-991c-3863bb43a7d0,180,12,1,1,6,0,1,1,1,1791334655
2026-10-07T00:58:02+00:00,2026-10-07T00:59:24.660304+00:00,af066ffd-b892-434f-8532-1982fc408780,480,2,0,0,9,0,1,1,1,1791334657
2026-10-07T00:58:02+00:00,2026-10-07T00:59:24.660304+00:00,f835027c-0de8-11e7-991c-3863bb43a7d0,152,8,0,0,19,0,1,1,1,1791334657
2026-10-07T00:58:02+00:00,2026-10-07T00:59:24.660304+00:00,1e3beeb4-f8e1-452c-93e5-48df78d4b313,334,6,1,0,12,0,1,1,1,1791334658
2026-10-07T00:58:02+00:00,2026-10-07T00:59:24.660304+00:00,2271594282663217386,2271594282663217386,2,2,0,9,0,1,1,1,1791334195
2026-10-07T00:58:02+00:00,2026-10-07T00:59:24.660304+00:00,2038981933682610536,2038981933682610536,5,0,0,11,0,1,1,1,1791334436
2026-10-07T00:58:02+00:00,2026-10-07T00:59:24.660304+00:00,12141b77-6e5f-444b-bace-2abf16db4fee,12141b77-6e5f-444b-bace-2abf16db4fee,0,0,11,0,0,1,0,0,1791320514
2026-10-07T00:58:02+00:00,2026-10-07T00:59:24.660304+00:00,f83471a1-0de8-11e7-991c-3863bb43a7d0,23,0,0,0,24,1,1,1,1,1791334541
2026-10-07T00:58:02+00:00,2026-10-07T00:59:24.660304+00:00,2130224177726511580,2130224177726511580,7,0,0,8,0,1,1,1,1791334546
2026-10-07T00:58:02+00:00,2026-10-07T00:59:24.660304+00:00,f8346f6f-0de8-11e7-991c-3863bb43a7d0,19,5,1,1,8,0,1,1,1,1791334549
2026-10-07T00:58:02+00:00,2026-10-07T00:59:24.660304+00:00,f8350204-0de8-11e7-991c-3863bb43a7d0,151,1,0,0,18,0,1,1,1,1791334545
2026-10-07T00:58:02+00:00,2026-10-07T00:59:24.660304+00:00,f83480a9-0de8-11e7-991c-3863bb43a7d0,40,28,1,0,3,0,1,1,1,1791334561
2026-10-07T00:58:02+00:00,2026-10-07T00:59:24.660304+00:00,f8351eb0-0de8-11e7-991c-3863bb43a7d0,190,32,2,1,4,0,1,1,1,1791334563
2026-10-07T00:58:02+00:00,2026-10-07T00:59:24.660304+00:00,f714390d-6874-43fa-a079-a07f83c79c7b,f714390d-6874-43fa-a079-a07f83c79c7b,9,2,0,2,0,1,1,1,1791334563
2026-10-07T00:58:02+00:00,2026-10-07T00:59:24.660304+00:00,f8352068-0de8-11e7-991c-3863bb43a7d0,194,9,2,0,10,0,1,1,1,1791334564
2026-10-07T00:58:02+00:00,2026-10-07T00:59:24.660304+00:00,53548ba4-ad0a-4d92-8e57-fd5c9f3ad102,399,4,0,0,11,0,1,1,1,1791334568
2026-10-07T00:58:02+00:00,2026-10-07T00:59:24.660304+00:00,2035660824473983142,2035660824473983142,9,0,0,10,0,1,1,1,1791334568
2026-10-07T00:58:02+00:00,2026-10-07T00:59:24.660304+00:00,2220822464984366036,2220822464984366036,3,1,1,8,0,1,1,1,1791334572
2026-10-07T00:58:02+00:00,2026-10-07T00:59:24.660304+00:00,2123672938202825324,2123672938202825324,11,0,0,4,0,1,1,1,1791334550
2026-10-07T00:58:02+00:00,2026-10-07T00:59:24.660304+00:00,8347c34d-68df-404b-ac58-7a387cc3ce4b,414,9,2,0,14,0,1,1,1,1791334552
2026-10-07T00:58:02+00:00,2026-10-07T00:59:24.660304+00:00,4c128753-6fde-4d4c-896e-a1adf89ada98,4c128753-6fde-4d4c-896e-a1adf89ada98,0,0,1,23,1,1,1,1,1791334550
2026-10-07T00:58:02+00:00,2026-10-07T00:59:24.660304+00:00,0daf7408-7a15-4d2b-8c39-f1a097cdbe85,403,6,0,1,8,0,1,1,1,1791334550
2026-10-07T00:58:02+00:00,2026-10-07T00:59:24.660304+00:00,52485851-e554-49de-ab9f-f536806d2d34,52485851-e554-49de-ab9f-f536806d2d34,4,1,0,6,0,1,1,1,1791334554
2026-10-07T00:58:02+00:00,2026-10-07T00:59:24.660304+00:00,5bbdd12f-fec4-4741-9d5d-4a60834c5d02,377,5,2,0,14,0,1,1,1,1791334555
2026-10-07T00:58:02+00:00,2026-10-07T00:59:24.660304+00:00,1976642295079838524,1976642295079838524,4,0,1,6,0,1,1,1,1791334557
2026-10-07T00:58:02+00:00,2026-10-07T00:59:24.660304+00:00,7df1ee28-441e-44c1-8507-8f58946be96b,239,13,2,1,1,0,1,1,1,1791334559
2026-10-07T00:58:02+00:00,2026-10-07T00:59:24.660304+00:00,d1c0b0c2-6e4c-424e-a946-a2a95a711633,422,7,1,0,8,0,1,1,1,1791334556
2026-10-07T00:58:02+00:00,2026-10-07T00:59:24.660304+00:00,f834ec42-0de8-11e7-991c-3863bb43a7d0,131,11,1,1,6,0,1,1,1,1791334556
2026-10-07T00:58:02+00:00,2026-10-07T00:59:24.660304+00:00,2109111257926871498,2109111257926871498,11,3,1,7,0,1,1,1,1791334577
2026-10-07T00:58:02+00:00,2026-10-07T00:59:24.660304+00:00,81bfc33b-30d8-4881-b261-712715a8b2bc,363,3,0,0,14,1,1,1,1,1791334572
2026-10-07T00:58:02+00:00,2026-10-07T00:59:24.660304+00:00,2093488029445054742,2093488029445054742,12,1,1,15,0,1,1,1,1791334579
2026-10-07T00:58:02+00:00,2026-10-07T00:59:24.660304+00:00,6e340d8e-45db-4fd9-b6eb-b74ec73b0d3e,535,6,1,2,7,0,1,1,1,1791334579
2026-10-07T00:58:02+00:00,2026-10-07T00:59:24.660304+00:00,f834a7d1-0de8-11e7-991c-3863bb43a7d0,91,1,0,0,18,0,1,1,1,1791334582
2026-10-07T00:58:02+00:00,2026-10-07T00:59:24.660304+00:00,f8351dc2-0de8-11e7-991c-3863bb43a7d0,188,15,2,0,0,0,1,1,1,1791334585
2026-10-07T00:58:02+00:00,2026-10-07T00:59:24.660304+00:00,c5017e67-cada-4549-a52e-0f13dddd289d,424,10,6,0,9,0,1,1,1,1791334585
2026-10-07T00:58:02+00:00,2026-10-07T00:59:24.660304+00:00,f834ea45-0de8-11e7-991c-3863bb43a7d0,130,8,1,0,7,0,1,1,1,1791334589
2026-10-07T00:58:02+00:00,2026-10-07T00:59:24.660304+00:00,2d32e355-faee-407b-9bb7-45d80ffb059a,2d32e355-faee-407b-9bb7-45d80ffb059a,0,0,1,18,0,1,1,1,1791334586
2026-10-07T00:58:02+00:00,2026-10-07T00:59:24.660304+00:00,9340e113-e0b2-48ac-b58a-8b6f001b0a94,486,4,1,0,7,0,1,1,1,1791334583
2026-10-07T00:58:02+00:00,2026-10-07T00:59:24.660304+00:00,f834ab92-0de8-11e7-991c-3863bb43a7d0,95,14,0,1,0,0,1,1,1,1791334589
2026-10-07T00:58:02+00:00,2026-10-07T00:59:24.660304+00:00,2040842277416872172,2040842277416872172,1,0,1,14,0,1,1,1,1791334590
2026-10-07T00:58:02+00:00,2026-10-07T00:59:24.660304+00:00,bd1755dc-f26c-420e-85b3-fd025d0b5445,554,5,0,2,8,0,1,1,1,1791334590
2026-10-07T00:58:02+00:00,2026-10-07T00:59:24.660304+00:00,f834658f-0de8-11e7-991c-3863bb43a7d0,4,14,0,1,4,0,1,1,1,1791334594
2026-10-07T00:58:02+00:00,2026-10-07T00:59:24.660304+00:00,13d4171b-6d93-490e-923f-f2a17d5c7613,13d4171b-6d93-490e-923f-f2a17d5c7613,2,1,3,6,0,1,1,1,1791334596
2026-10-07T00:58:02+00:00,2026-10-07T00:59:24.660304+00:00,1989983491501558234,1989983491501558234,2,0,0,9,0,1,1,1,1791334594
2026-10-07T00:58:02+00:00,2026-10-07T00:59:24.660304+00:00,2129865213174084448,2129865213174084448,2,0,0,17,0,1,1,1,1791334591
2026-10-07T00:58:02+00:00,2026-10-07T00:59:24.660304+00:00,2131760674371160748,2131760674371160748,6,1,1,13,0,1,1,1,1791334591
2026-10-07T00:58:02+00:00,2026-10-07T00:59:24.660304+00:00,9cc65d3d-cfcc-45ff-8f75-7264556b1cf9,9cc65d3d-cfcc-45ff-8f75-7264556b1cf9,17,4,0,2,0,1,1,1,1791334590
2026-10-07T00:58:02+00:00,2026-10-07T00:59:24.660304+00:00,9c8366d8-3b58-4894-b281-09e22f6fe5f7,464,4,0,0,7,0,1,1,1,1791334593
2026-10-07T00:58:02+00:00,2026-10-07T00:59:24.660304+00:00,4f25f6ef-236b-43b4-8a92-68a24db0504b,4f25f6ef-236b-43b4-8a92-68a24db0504b,12,6,0,2,0,1,1,1,1791334600
2026-10-07T00:58:02+00:00,2026-10-07T00:59:24.660304+00:00,186accbb-6a08-4e1d-b267-9033c4443a56,401,10,2,1,4,0,1,1,1,1791334600
2026-10-07T00:58:02+00:00,2026-10-07T00:59:24.660304+00:00,f8352378-0de8-11e7-991c-3863bb43a7d0,200,14,0,0,5,0,1,1,1,1791334601
2026-10-07T00:58:02+00:00,2026-10-07T00:59:24.660304+00:00,ad2fb6f2-921f-440c-83de-08be76e35c2a,468,3,0,1,10,0,1,1,1,1791334596
2026-10-07T00:58:02+00:00,2026-10-07T00:59:24.660304+00:00,1676a6f7-c417-48d2-92e8-5ce21995efc3,374,1,0,0,17,0,1,1,1,1791334596
2026-10-07T00:58:02+00:00,2026-10-07T00:59:24.660304+00:00,f8351490-0de8-11e7-991c-3863bb43a7d0,179,47,7,0,5,1,1,1,1,1791334597
2026-10-07T00:58:02+00:00,2026-10-07T00:59:24.660304+00:00,00802fe6-4268-4dc8-8f55-0dbbc1665ce6,515,5,0,2,12,0,1,1,1,1791334601
2026-10-07T00:58:02+00:00,2026-10-07T00:59:24.660304+00:00,f834b99d-0de8-11e7-991c-3863bb43a7d0,107,0,0,0,18,0,1,1,1,1791334603
2026-10-07T00:58:02+00:00,2026-10-07T00:59:24.660304+00:00,fe6a64e7-c712-404c-85ae-ee77a37245b1,355,7,1,1,9,0,1,1,1,1791334611
2026-10-07T00:58:02+00:00,2026-10-07T00:59:24.660304+00:00,a75d3da1-ce74-447f-8e80-52506a81aff3,a75d3da1-ce74-447f-8e80-52506a81aff3,8,7,0,3,0,1,1,1,1791334603
2026-10-07T00:58:02+00:00,2026-10-07T00:59:24.660304+00:00,eee3aab6-bd98-4d1f-8887-9c4e2adce482,eee3aab6-bd98-4d1f-8887-9c4e2adce482,9,3,2,0,0,1,1,1,1791334608
2026-10-07T00:58:02+00:00,2026-10-07T00:59:24.660304+00:00,065e0e5d-8a0d-49b7-9c1f-c8eaba51a8b4,490,12,4,1,5,0,1,1,1,1791334629
2026-10-07T00:58:02+00:00,2026-10-07T00:59:24.660304+00:00,f83515d8-0de8-11e7-991c-3863bb43a7d0,182,10,0,0,8,0,1,1,1,1791334628
2026-10-07T00:58:02+00:00,2026-10-07T00:59:24.660304+00:00,f8348a68-0de8-11e7-991c-3863bb43a7d0,60,7,1,3,8,0,1,1,1,1791334632
2026-10-07T00:58:02+00:00,2026-10-07T00:59:24.660304+00:00,f834f8ca-0de8-11e7-991c-3863bb43a7d0,137,8,7,3,6,2,1,1,1,1791334632
2026-10-07T00:58:02+00:00,2026-10-07T00:59:24.660304+00:00,4fe8e777-345b-4fc2-a684-dd874e8186d8,4fe8e777-345b-4fc2-a684-dd874e8186d8,7,3,1,7,0,1,1,1,1791334612
2026-10-07T00:58:02+00:00,2026-10-07T00:59:24.660304+00:00,2245672241002318634,2245672241002318634,4,3,1,13,0,1,1,1,1791334613
2026-10-07T00:58:02+00:00,2026-10-07T00:59:24.660304+00:00,2014558273483754010,2014558273483754010,11,2,0,8,0,1,1,1,1791334613
2026-10-07T00:58:02+00:00,2026-10-07T00:59:24.660304+00:00,f83489ff-0de8-11e7-991c-3863bb43a7d0,59,0,0,1,17,1,1,1,1,1791334613
2026-10-07T00:58:02+00:00,2026-10-07T00:59:24.660304+00:00,2249419943962214726,2249419943962214726,2,0,1,16,0,1,1,1,1791334612
2026-10-07T00:58:02+00:00,2026-10-07T00:59:24.660304+00:00,f834fede-0de8-11e7-991c-3863bb43a7d0,144,6,0,0,13,0,1,1,1,1791334606
2026-10-07T00:58:02+00:00,2026-10-07T00:59:24.660304+00:00,a83f982f-a4f1-43e4-98e8-c8f4a0bb7290,452,14,0,0,1,0,1,1,1,1791334615
2026-10-07T00:58:02+00:00,2026-10-07T00:59:24.660304+00:00,2151136782588526782,2151136782588526782,8,1,1,2,0,1,1,1,1791334609
2026-10-07T00:58:02+00:00,2026-10-07T00:59:24.660304+00:00,f8351726-0de8-11e7-991c-3863bb43a7d0,185,1,0,2,12,0,1,1,1,1791334608
2026-10-07T00:58:02+00:00,2026-10-07T00:59:24.660304+00:00,a3bf0bfe-198b-4160-a2fb-cc7d10cfb4cf,a3bf0bfe-198b-4160-a2fb-cc7d10cfb4cf,8,1,0,11,0,1,1,1,1791334615
2026-10-07T00:58:02+00:00,2026-10-07T00:59:24.660304+00:00,2071630998981871920,2071630998981871920,14,7,0,6,0,1,1,1,1791334617
2026-10-07T00:58:02+00:00,2026-10-07T00:59:24.660304+00:00,1a39ab83-f029-4134-aad4-35380b30bf2c,1a39ab83-f029-4134-aad4-35380b30bf2c,7,0,0,12,0,1,1,1,1791334636
2026-10-07T00:58:02+00:00,2026-10-07T00:59:24.660304+00:00,2212663228188806942,2212663228188806942,6,0,0,18,0,1,1,1,1791334636
2026-10-07T00:58:02+00:00,2026-10-07T00:59:24.660304+00:00,7c860828-3359-4229-b59b-963f5a4bab00,236,6,1,2,4,0,1,1,1,1791334636
2026-10-07T00:58:02+00:00,2026-10-07T00:59:24.660304+00:00,2267959380696438832,2267959380696438832,7,0,0,4,0,1,1,1,1791334636
2026-10-07T00:58:02+00:00,2026-10-07T00:59:24.660304+00:00,228b8017-e4da-4722-9223-b8279a14b8ad,448,3,3,0,7,0,1,1,1,1791334633
2026-10-07T00:58:02+00:00,2026-10-07T00:59:24.660304+00:00,1942556871369959976,1942556871369959976,14,6,1,4,0,1,1,1,1791334633
2026-10-07T00:58:02+00:00,2026-10-07T00:59:24.660304+00:00,eb8824c3-9c84-4fec-8d6f-d537c8ab3beb,349,12,9,2,2,1,1,1,1,1791334634
2026-10-07T00:58:02+00:00,2026-10-07T00:59:24.660304+00:00,f8350a84-0de8-11e7-991c-3863bb43a7d0,157,0,0,0,15,0,1,1,1,1791334635
2026-10-07T00:58:02+00:00,2026-10-07T00:59:24.660304+00:00,2104f242-2dde-4ec0-8197-4454b1021ac1,381,17,9,2,4,1,1,1,1,1791334635
2026-10-07T00:58:02+00:00,2026-10-07T00:59:24.660304+00:00,2076849845777355316,2076849845777355316,24,6,3,2,3,1,1,1,1791334635
2026-10-07T00:58:02+00:00,2026-10-07T00:59:24.660304+00:00,e2c306f6-82c7-4d0d-89fd-c9452d2f9ad1,361,7,0,2,34,0,1,1,1,1791334635
2026-10-07T00:58:02+00:00,2026-10-07T00:59:24.660304+00:00,f83529e2-0de8-11e7-991c-3863bb43a7d0,211,9,0,0,6,0,1,1,1,1791334637
2026-10-07T00:58:02+00:00,2026-10-07T00:59:24.660304+00:00,f834ba08-0de8-11e7-991c-3863bb43a7d0,108,1,0,0,15,0,1,1,1,1791334633
2026-10-07T00:58:02+00:00,2026-10-07T00:59:24.660304+00:00,f834dedf-0de8-11e7-991c-3863bb43a7d0,124,9,4,0,5,0,1,1,1,1791334641
2026-10-07T00:58:02+00:00,2026-10-07T00:59:24.660304+00:00,f83512c9-0de8-11e7-991c-3863bb43a7d0,175,4,2,0,13,0,1,1,1,1791334638
2026-10-07T00:58:02+00:00,2026-10-07T00:59:24.660304+00:00,f834dc46-0de8-11e7-991c-3863bb43a7d0,122,12,3,0,3,0,1,1,1,1791334639
2026-10-07T00:58:02+00:00,2026-10-07T00:59:24.660304+00:00,0b0467c1-0c90-4529-a556-fe4d57835bbb,435,13,12,0,1,1,1,1,1,1791334639
2026-10-07T00:58:02+00:00,2026-10-07T00:59:24.660304+00:00,47c44bb1-d065-41f5-ad79-c18aee60af34,342,10,0,1,4,0,1,1,1,1791334641
2026-10-07T00:58:02+00:00,2026-10-07T00:59:24.660304+00:00,be18593a-9e4c-4a13-8bb2-a5bac3d9b2b3,547,11,3,0,7,0,1,1,1,1791334624
2026-10-07T00:58:02+00:00,2026-10-07T00:59:24.660304+00:00,f834824e-0de8-11e7-991c-3863bb43a7d0,43,1,0,0,13,0,1,1,1,1791334625
2026-10-07T00:58:02+00:00,2026-10-07T00:59:24.660304+00:00,f835260c-0de8-11e7-991c-3863bb43a7d0,206,17,12,0,23,0,1,1,1,1791334622
2026-10-07T00:58:02+00:00,2026-10-07T00:59:24.660304+00:00,fe534b6f-61ad-47d3-b9f6-cdaa128f53a4,395,5,0,2,8,0,1,1,1,1791334613
2026-10-07T00:58:02+00:00,2026-10-07T00:59:24.660304+00:00,1978882443666915710,1978882443666915710,12,0,0,5,1,1,1,1,1791334614
2026-10-07T00:58:02+00:00,2026-10-07T00:59:24.660304+00:00,f8349ed6-0de8-11e7-991c-3863bb43a7d0,82,7,4,0,18,0,1,1,1,1791334619
2026-10-07T00:58:02+00:00,2026-10-07T00:59:24.660304+00:00,2096125468116637776,2096125468116637776,10,0,0,5,0,1,1,1,1791334617
2026-10-07T00:58:02+00:00,2026-10-07T00:59:24.660304+00:00,f0f01d4c-ba4a-4ab2-9cc0-9fa1f9223300,394,6,3,0,8,0,1,1,1,1791334617
2026-10-07T00:58:02+00:00,2026-10-07T00:59:24.660304+00:00,42886366-9cbf-432c-ba84-beef38877c87,408,15,5,0,0,0,1,1,1,1791334622
2026-10-07T00:58:02+00:00,2026-10-07T00:59:24.660304+00:00,1921360868231155718,1921360868231155718,5,0,0,14,0,1,1,1,1791334642
2026-10-07T00:58:02+00:00,2026-10-07T00:59:24.660304+00:00,93381e13-cd04-4e10-ac81-9f5926aa01d5,333,16,4,1,8,0,1,1,1,1791334642
2026-10-07T00:58:02+00:00,2026-10-07T00:59:24.660304+00:00,9f582e05-15e0-4a39-aef5-c719e0c78e26,466,6,3,1,4,0,1,1,1,1791334642
2026-10-07T00:58:02+00:00,2026-10-07T00:59:24.660304+00:00,c23a4c0d-7e43-4042-80e2-7c894d07763b,559,4,0,0,7,0,1,1,1,1791334643
2026-10-07T00:58:02+00:00,2026-10-07T00:59:24.660304+00:00,2002248857751890568,2002248857751890568,9,8,0,2,0,1,1,1,1791334643
2026-10-07T00:58:02+00:00,2026-10-07T00:59:24.660304+00:00,bd3d4824-7203-4edc-a314-cea2b413e886,319,3,2,0,23,1,1,1,1,1791334646
2026-10-07T00:58:02+00:00,2026-10-07T00:59:24.660304+00:00,ca76adb6-4c84-4484-9ec3-b411b81ddbef,ca76adb6-4c84-4484-9ec3-b411b81ddbef,4,1,2,13,0,1,1,1,1791334646
2026-10-07T00:58:02+00:00,2026-10-07T00:59:24.660304+00:00,e32c0bb9-e85b-4764-b0fb-5c582cfd3a90,340,14,8,1,2,2,1,1,1,1791334646
2026-10-07T00:58:02+00:00,2026-10-07T00:59:24.660304+00:00,f835108b-0de8-11e7-991c-3863bb43a7d0,170,6,1,0,8,0,1,1,1,1791334646
2026-10-07T00:58:02+00:00,2026-10-07T00:59:24.660304+00:00,f83481c5-0de8-11e7-991c-3863bb43a7d0,42,9,0,1,20,0,1,1,1,1791334647
2026-10-07T00:58:02+00:00,2026-10-07T00:59:24.660304+00:00,aa556ad4-0092-4687-96c2-8dbc69addb56,485,5,0,2,4,0,1,1,1,1791334645
2026-10-07T00:58:02+00:00,2026-10-07T00:59:24.660304+00:00,f8347b1e-0de8-11e7-991c-3863bb43a7d0,30,2,1,0,13,0,1,1,1,1791334649
2026-10-07T00:58:02+00:00,2026-10-07T00:59:24.660304+00:00,f8349e56-0de8-11e7-991c-3863bb43a7d0,81,5,1,1,13,0,1,1,1,1791334650
2026-10-07T00:58:02+00:00,2026-10-07T00:59:24.660304+00:00,ed6c012e-6d6c-41e7-8e01-90749fd67575,546,11,10,0,5,0,1,1,1,1791334650
2026-10-07T00:58:02+00:00,2026-10-07T00:59:24.660304+00:00,2118368356250680236,2118368356250680236,0,0,0,16,0,1,1,1,1791334650
2026-10-07T00:58:02+00:00,2026-10-07T00:59:24.660304+00:00,81676204-e42f-4d3d-991e-9c1264f36229,357,15,2,0,0,0,1,1,1,1791334648
2026-10-07T00:58:02+00:00,2026-10-07T00:59:24.660304+00:00,f8285d4f-5053-4e26-bb28-72016fe11353,405,10,0,0,9,0,1,1,1,1791334648
2026-10-07T00:58:02+00:00,2026-10-07T00:59:24.660304+00:00,f8352ac4-0de8-11e7-991c-3863bb43a7d0,213,1,0,2,11,0,1,1,1,1791334651
2026-10-07T00:58:02+00:00,2026-10-07T00:59:24.660304+00:00,2007420398783036020,2007420398783036020,4,1,0,16,0,1,1,1,1791334651
2026-10-07T00:58:02+00:00,2026-10-07T00:59:24.660304+00:00,f834fc57-0de8-11e7-991c-3863bb43a7d0,140,12,3,3,2,0,1,1,1,1791334651
2026-10-07T00:58:02+00:00,2026-10-07T00:59:24.660304+00:00,403c0f6c-d01a-4171-a7be-3aa4dbb0d7d1,407,7,6,1,9,0,1,1,1,1791334650
2026-10-07T00:58:02+00:00,2026-10-07T00:59:24.660304+00:00,f834caf2-0de8-11e7-991c-3863bb43a7d0,114,8,3,0,7,0,1,1,1,1791334652
2026-10-07T00:58:02+00:00,2026-10-07T00:59:24.660304+00:00,5f8ced09-665c-41e5-b67e-1e58fac21830,521,3,0,0,8,0,1,1,1,1791334653
2026-10-07T00:58:02+00:00,2026-10-07T00:59:24.660304+00:00,2212258635631104970,2212258635631104970,12,3,0,11,0,1,1,1,1791334653
2026-10-07T00:58:02+00:00,2026-10-07T00:59:24.660304+00:00,f83520d8-0de8-11e7-991c-3863bb43a7d0,195,13,1,1,9,0,1,1,1,1791334652
2026-10-07T00:58:02+00:00,2026-10-07T00:59:24.660304+00:00,2225590560002383786,2225590560002383786,0,0,0,15,0,1,1,1,1791334653
2026-10-07T00:58:02+00:00,2026-10-07T00:59:24.660304+00:00,f834a3a0-0de8-11e7-991c-3863bb43a7d0,87,13,3,0,2,0,1,1,1,1791334655
2026-10-07T00:58:02+00:00,2026-10-07T00:59:24.660304+00:00,12d463d2-ce50-43bd-81b1-6be4dbdbbc1b,430,13,4,0,6,0,1,1,1,1791334656
2026-10-07T00:58:02+00:00,2026-10-07T00:59:24.660304+00:00,7feae3ce-ddf2-4a45-a123-1209c8a9182b,484,2,0,0,9,0,1,1,1,1791334656
2026-10-07T00:58:02+00:00,2026-10-07T00:59:24.660304+00:00,c1789d39-705f-4c03-9c14-4d6a3a4f4400,561,1,1,1,17,0,1,1,1,1791334656
2026-10-07T00:58:02+00:00,2026-10-07T00:59:24.660304+00:00,f834a838-0de8-11e7-991c-3863bb43a7d0,92,10,2,1,7,0,1,1,1,1791334656
2026-10-07T00:58:02+00:00,2026-10-07T00:59:24.660304+00:00,2002579415401984808,2002579415401984808,5,0,0,6,0,1,1,1,1791334657
2026-10-07T00:58:02+00:00,2026-10-07T00:59:24.660304+00:00,f83483f3-0de8-11e7-991c-3863bb43a7d0,46,14,1,1,23,0,1,1,1,1791334657
2026-10-07T00:58:02+00:00,2026-10-07T00:59:24.660304+00:00,9e9be067-c6bb-41de-9491-eda69d24d6de,371,16,7,0,2,1,1,1,1,1791334657
2026-10-07T00:58:02+00:00,2026-10-07T00:59:24.660304+00:00,c202f2ca-ec1d-4dc5-a734-e0a342f23ba4,279,17,0,1,5,0,1,1,1,1791334657
2026-10-07T00:58:02+00:00,2026-10-07T00:59:24.660304+00:00,2098360140389493528,2098360140389493528,6,5,3,2,0,1,1,1,1791334658
2026-10-07T00:58:02+00:00,2026-10-07T00:59:24.660304+00:00,74cb9bf6-bb53-4c70-88d2-67998b99628c,296,21,3,0,1,0,1,1,1,1791334658
2026-10-07T00:58:02+00:00,2026-10-07T00:59:24.660304+00:00,2254164250455119196,2254164250455119196,7,7,0,8,0,1,1,1,1791334658
2026-10-07T00:58:02+00:00,2026-10-07T00:59:24.660304+00:00,2039109354743046934,2039109354743046934,10,1,2,7,1,1,1,1,1791334484
2026-10-07T00:58:02+00:00,2026-10-07T00:59:24.660304+00:00,aa964f5b-fadf-4fc1-8c91-84ee36e15f0d,341,13,0,0,2,0,1,1,1,1791334545
2026-10-07T00:58:02+00:00,2026-10-07T00:59:24.660304+00:00,f83497b9-0de8-11e7-991c-3863bb43a7d0,74,0,0,1,18,0,1,1,1,1791334545
2026-10-07T00:58:02+00:00,2026-10-07T00:59:24.660304+00:00,f8347c41-0de8-11e7-991c-3863bb43a7d0,32,6,0,2,6,0,1,1,1,1791334553
2026-10-07T00:58:02+00:00,2026-10-07T00:59:24.660304+00:00,f83511d4-0de8-11e7-991c-3863bb43a7d0,173,6,0,0,7,1,1,1,1,1791334551
2026-10-07T00:58:02+00:00,2026-10-07T00:59:24.660304+00:00,90330e1a-dee5-4914-9d3f-3891aeca12ca,434,9,1,1,9,0,1,1,1,1791334541
2026-10-07T00:58:02+00:00,2026-10-07T00:59:24.660304+00:00,e4678b17-face-42c3-9b5f-98418d31e3b6,e4678b17-face-42c3-9b5f-98418d31e3b6,9,3,0,2,0,1,1,1,1791334541
2026-10-07T00:58:02+00:00,2026-10-07T00:59:24.660304+00:00,f8352219-0de8-11e7-991c-3863bb43a7d0,197,11,4,0,4,0,1,1,1,1791334539
2026-10-07T00:58:02+00:00,2026-10-07T00:59:24.660304+00:00,1986302395589722758,1986302395589722758,7,1,0,3,0,1,1,1,1791334539
2026-10-07T00:58:02+00:00,2026-10-07T00:59:24.660304+00:00,f8350cc1-0de8-11e7-991c-3863bb43a7d0,162,0,0,0,15,0,1,1,1,1791334540
2026-10-07T00:58:02+00:00,2026-10-07T00:59:24.660304+00:00,f8350b76-0de8-11e7-991c-3863bb43a7d0,159,1,1,1,17,1,1,1,1,1791334437
2026-10-07T00:58:02+00:00,2026-10-07T00:59:24.660304+00:00,1df03e33-c105-4e53-b013-d20056cd57f8,1df03e33-c105-4e53-b013-d20056cd57f8,0,0,0,0,0,0,0,0,86400
2026-10-07T00:58:02+00:00,2026-10-07T00:59:24.660304+00:00,9bfa4a32-5598-46ea-a1a1-17b4c6ed9d84,431,11,3,0,4,0,1,1,1,1791334559
2026-10-07T00:58:02+00:00,2026-10-07T00:59:24.660304+00:00,7560f0e3-267b-4fb3-bbfa-6e02010cfcb7,225,18,1,1,0,0,1,1,1,1791334558
2026-10-07T00:58:02+00:00,2026-10-07T00:59:24.660304+00:00,23146f28-9762-4a6d-a6db-fcd4ff0e5d07,356,13,0,0,10,0,1,1,1,1791334563
2026-10-07T00:58:02+00:00,2026-10-07T00:59:24.660304+00:00,b6a8522d-296d-4c05-887d-842374520780,545,11,11,0,2,1,1,1,1,1791334560
2026-10-07T00:58:02+00:00,2026-10-07T00:59:24.660304+00:00,380de8b2-2728-4e4b-83f1-251bfbb5acf2,487,14,5,1,4,0,1,1,1,1791334562
2026-10-07T00:58:02+00:00,2026-10-07T00:59:24.660304+00:00,61168d8b-20b7-46c8-8f08-6ae1f100c4e0,550,6,1,1,10,0,1,1,1,1791334561
2026-10-07T00:58:02+00:00,2026-10-07T00:59:24.660304+00:00,d22265a8-a6d7-4922-a6b5-4be738a9e5c4,392,14,10,0,1,0,1,1,1,1791334565
2026-10-07T00:58:02+00:00,2026-10-07T00:59:24.660304+00:00,f834723b-0de8-11e7-991c-3863bb43a7d0,24,0,0,1,22,0,1,1,1,1791334565
2026-10-07T00:58:02+00:00,2026-10-07T00:59:24.660304+00:00,2087949096844032050,2087949096844032050,4,0,1,10,0,1,1,1,1791334569
2026-10-07T00:58:02+00:00,2026-10-07T00:59:24.660304+00:00,2141791438824588162,2141791438824588162,8,0,0,11,0,1,1,1,1791334574
2026-10-07T00:58:02+00:00,2026-10-07T00:59:24.660304+00:00,f2b83aa2-86cd-4904-a099-74bf2023f768,330,6,0,0,9,0,1,1,1,1791334574
2026-10-07T00:58:02+00:00,2026-10-07T00:59:24.660304+00:00,d8ce5f8b-2440-45e1-ab1c-23cb3bcbde84,527,3,1,0,10,0,1,1,1,1791334574
2026-10-07T00:58:02+00:00,2026-10-07T00:59:24.660304+00:00,ccf82572-a142-4378-9a4b-5a51fcb4ef81,350,8,1,0,9,0,1,1,1,1791334576
2026-10-07T00:58:02+00:00,2026-10-07T00:59:24.660304+00:00,f8347f09-0de8-11e7-991c-3863bb43a7d0,37,1,0,0,14,0,1,1,1,1791334576
2026-10-07T00:58:02+00:00,2026-10-07T00:59:24.660304+00:00,dede6d5f-7d62-496e-a8ca-d5a64afe39c1,544,12,2,0,3,0,1,1,1,1791334577
2026-10-07T00:58:02+00:00,2026-10-07T00:59:24.660304+00:00,f834c7a9-0de8-11e7-991c-3863bb43a7d0,112,7,1,0,8,0,1,1,1,1791334582
2026-10-07T00:58:02+00:00,2026-10-07T00:59:24.660304+00:00,2110984374959099994,2110984374959099994,3,1,0,17,0,1,1,1,1791334585
2026-10-07T00:58:02+00:00,2026-10-07T00:59:24.660304+00:00,6aebc664-1e3c-479f-8f65-2bae99215ed3,6aebc664-1e3c-479f-8f65-2bae99215ed3,10,3,0,1,0,1,1,1,1791334582
2026-10-07T00:58:02+00:00,2026-10-07T00:59:24.660304+00:00,f834a8a0-0de8-11e7-991c-3863bb43a7d0,93,18,0,0,13,0,1,1,1,1791334580
2026-10-07T00:58:02+00:00,2026-10-07T00:59:24.660304+00:00,f8349b20-0de8-11e7-991c-3863bb43a7d0,76,16,0,0,1,0,1,1,1,1791334581
2026-10-07T00:58:02+00:00,2026-10-07T00:59:24.660304+00:00,f834662c-0de8-11e7-991c-3863bb43a7d0,5,14,0,0,1,0,1,1,1,1791334581
2026-10-07T00:58:02+00:00,2026-10-07T00:59:24.660304+00:00,2090158541932726550,2090158541932726550,8,0,0,7,0,1,1,1,1791334579
2026-10-07T00:58:02+00:00,2026-10-07T00:59:24.660304+00:00,7f68a70d-af0e-450a-b7a8-ce621cd0c8c1,280,7,1,1,11,0,1,1,1,1791334580
2026-10-07T00:58:02+00:00,2026-10-07T00:59:24.660304+00:00,f8350ecf-0de8-11e7-991c-3863bb43a7d0,167,9,6,0,6,0,1,1,1,1791334577
2026-10-07T00:58:02+00:00,2026-10-07T00:59:24.660304+00:00,1994466222105870452,1994466222105870452,8,5,2,1,0,1,1,1,1791334578
2026-10-07T00:58:02+00:00,2026-10-07T00:59:24.660304+00:00,f8346ad7-0de8-11e7-991c-3863bb43a7d0,11,0,0,3,12,0,1,1,1,1791334574
2026-10-07T00:58:02+00:00,2026-10-07T00:59:24.660304+00:00,903b9b5d-4244-43e4-8441-0d17f9a994f7,528,0,0,0,11,0,1,1,1,1791334589
2026-10-07T00:58:02+00:00,2026-10-07T00:59:24.660304+00:00,36f36eed-1070-49be-8b31-5676b8b3489f,227,0,0,1,18,0,1,1,1,1791334586
2026-10-07T00:58:02+00:00,2026-10-07T00:59:24.660304+00:00,9721c80e-fc8f-474f-8918-b68c041d2836,9721c80e-fc8f-474f-8918-b68c041d2836,1,1,1,21,0,1,1,1,1791334594
2026-10-07T00:58:02+00:00,2026-10-07T00:59:24.660304+00:00,1cced911-b428-4cfd-81be-3a8f77ce7379,233,7,2,2,6,0,1,1,1,1791334592
2026-10-07T00:58:02+00:00,2026-10-07T00:59:24.660304+00:00,f834b8b3-0de8-11e7-991c-3863bb43a7d0,105,14,0,0,4,0,1,1,1,1791334591
2026-10-07T00:58:02+00:00,2026-10-07T00:59:24.660304+00:00,2027502297316997708,2027502297316997708,6,0,0,5,0,1,1,1,1791334591
2026-10-07T00:58:02+00:00,2026-10-07T00:59:24.660304+00:00,f834e534-0de8-11e7-991c-3863bb43a7d0,128,10,6,0,9,0,1,1,1,1791334591
2026-10-07T00:58:02+00:00,2026-10-07T00:59:24.660304+00:00,57716f8d-c9ee-4768-8872-71343ec3ffd8,514,12,4,3,4,0,1,1,1,1791334596
2026-10-07T00:58:02+00:00,2026-10-07T00:59:24.660304+00:00,25a9114f-66f0-427c-920f-5526ca84f056,346,14,1,1,0,0,1,1,1,1791334596
2026-10-07T00:58:02+00:00,2026-10-07T00:59:24.660304+00:00,fe90d430-d33f-48b2-a5cd-bc161b220939,553,10,0,0,13,0,1,1,1,1791334598
2026-10-07T00:58:02+00:00,2026-10-07T00:59:24.660304+00:00,baab0b05-a028-4147-8432-a2726c7e48ea,328,9,1,0,6,0,1,1,1,1791334598
2026-10-07T00:58:02+00:00,2026-10-07T00:59:24.660304+00:00,a6e0db4f-fc9b-42af-bfe0-36cc0259b717,446,1,0,3,12,0,1,1,1,1791334599
2026-10-07T00:58:02+00:00,2026-10-07T00:59:24.660304+00:00,cf5f920f-b61d-4db0-b139-14aff04d577c,459,0,0,9,0,13,1,0,0,1791334600
2026-10-07T00:58:02+00:00,2026-10-07T00:59:24.660304+00:00,f834a959-0de8-11e7-991c-3863bb43a7d0,94,10,8,0,0,0,1,1,1,1791334600
2026-10-07T00:58:02+00:00,2026-10-07T00:59:24.660304+00:00,2119105928286481344,2119105928286481344,8,1,0,11,0,1,1,1,1791334600
2026-10-07T00:58:02+00:00,2026-10-07T00:59:24.660304+00:00,f83491d4-0de8-11e7-991c-3863bb43a7d0,64,0,0,0,23,0,1,1,1,1791334606
2026-10-07T00:58:02+00:00,2026-10-07T00:59:24.660304+00:00,1965873511294959658,1965873511294959658,4,0,0,19,0,1,1,1,1791334608
2026-10-07T00:58:02+00:00,2026-10-07T00:59:24.660304+00:00,8983c75a-12c1-4995-aedc-24c94bd895e3,384,0,0,0,19,0,1,1,1,1791334609
2026-10-07T00:58:02+00:00,2026-10-07T00:59:24.660304+00:00,48abed77-c9ba-4a39-8a5c-6a1e9bb8a9a5,48abed77-c9ba-4a39-8a5c-6a1e9bb8a9a5,14,7,1,1,0,1,1,1,1791334604
2026-10-07T00:58:02+00:00,2026-10-07T00:59:24.660304+00:00,56817d8e-3a1c-431a-a529-1a600f80c364,366,7,2,1,19,0,1,1,1,1791334604
2026-10-07T00:58:02+00:00,2026-10-07T00:59:24.660304+00:00,2118728866631796788,2118728866631796788,8,1,0,7,0,1,1,1,1791334607
2026-10-07T00:58:02+00:00,2026-10-07T00:59:24.660304+00:00,1991922092203192944,1991922092203192944,3,0,0,16,0,1,1,1,1791334613
2026-10-07T00:58:02+00:00,2026-10-07T00:59:24.660304+00:00,68e5e79a-3c94-4848-b619-9c0829d7f687,475,15,9,0,0,0,1,1,1,1791334613
2026-10-07T00:58:02+00:00,2026-10-07T00:59:24.660304+00:00,f83513a7-0de8-11e7-991c-3863bb43a7d0,177,1,0,1,17,0,1,1,1,1791334610
2026-10-07T00:58:02+00:00,2026-10-07T00:59:24.660304+00:00,ff938129-8179-455c-9ac9-9fcb9fc0b6d5,ff938129-8179-455c-9ac9-9fcb9fc0b6d5,9,4,1,9,0,1,1,1,1791334609
2026-10-07T00:58:02+00:00,2026-10-07T00:59:24.660304+00:00,d7507124-4cab-4063-8445-a59a33a3d6e4,512,8,4,1,10,0,1,1,1,1791334612
2026-10-07T00:58:02+00:00,2026-10-07T00:59:24.660304+00:00,f834f6a3-0de8-11e7-991c-3863bb43a7d0,135,0,0,0,17,0,1,1,1,1791334614
2026-10-07T00:58:02+00:00,2026-10-07T00:59:24.660304+00:00,295553ea-851b-4ac2-a094-f9d1208e399a,412,4,0,1,14,0,1,1,1,1791334616
2026-10-07T00:58:02+00:00,2026-10-07T00:59:24.660304+00:00,940638c5-7cd0-4a11-899e-86af3868d400,532,6,1,0,12,0,1,1,1,1791334615
2026-10-07T00:58:02+00:00,2026-10-07T00:59:24.660304+00:00,b34694c2-c640-4f70-b196-1c357ab798e0,b34694c2-c640-4f70-b196-1c357ab798e0,9,3,0,6,0,1,1,1,1791334619
2026-10-07T00:58:02+00:00,2026-10-07T00:59:24.660304+00:00,2080205593583047424,2080205593583047424,8,1,0,8,0,1,1,1,1791334619
2026-10-07T00:58:02+00:00,2026-10-07T00:59:24.660304+00:00,2043911250700610106,2043911250700610106,5,0,0,10,0,1,1,1,1791334616
2026-10-07T00:58:02+00:00,2026-10-07T00:59:24.660304+00:00,2090635592862466836,2090635592862466836,9,0,2,19,1,1,1,1,1791334622
2026-10-07T00:58:02+00:00,2026-10-07T00:59:24.660304+00:00,270ad97d-035d-472a-9827-76d3187afc56,402,10,5,1,4,0,1,1,1,1791334622
2026-10-07T00:58:02+00:00,2026-10-07T00:59:24.660304+00:00,df03c61a-29d7-445d-9980-d7f058916591,345,12,0,0,6,0,1,1,1,1791334624
2026-10-07T00:58:02+00:00,2026-10-07T00:59:24.660304+00:00,5b1d2661-8a93-4f14-b242-ebc52792f951,337,15,3,0,0,0,1,1,1,1791334627
2026-10-07T00:58:02+00:00,2026-10-07T00:59:24.660304+00:00,f8347ccd-0de8-11e7-991c-3863bb43a7d0,33,17,0,0,10,0,1,1,1,1791334631
2026-10-07T00:58:02+00:00,2026-10-07T00:59:24.660304+00:00,f83492b4-0de8-11e7-991c-3863bb43a7d0,66,8,1,1,6,0,1,1,1,1791334634
2026-10-07T00:58:02+00:00,2026-10-07T00:59:24.660304+00:00,f8351f1d-0de8-11e7-991c-3863bb43a7d0,191,7,0,1,8,0,1,1,1,1791334634
2026-10-07T00:58:02+00:00,2026-10-07T00:59:24.660304+00:00,2069389896750516900,2069389896750516900,6,0,0,14,0,1,1,1,1791334634
2026-10-07T00:58:02+00:00,2026-10-07T00:59:24.660304+00:00,b205d2bb-bb76-49ac-8d14-85eec5a874d3,343,7,1,1,7,0,1,1,1,1791334635
2026-10-07T00:58:02+00:00,2026-10-07T00:59:24.660304+00:00,888780ee-bf2f-474e-9622-6bc725aa1b00,888780ee-bf2f-474e-9622-6bc725aa1b00,2,0,4,5,0,1,1,1,1791334635
2026-10-07T00:58:02+00:00,2026-10-07T00:59:24.660304+00:00,0208190e-851c-417d-8bc7-1b218db97fbf,0208190e-851c-417d-8bc7-1b218db97fbf,0,0,0,22,0,1,1,1,1791334636
2026-10-07T00:58:02+00:00,2026-10-07T00:59:24.660304+00:00,2014865445230483952,2014865445230483952,12,0,0,5,0,1,1,1,1791334632
2026-10-07T00:58:02+00:00,2026-10-07T00:59:24.660304+00:00,8d893519-bc21-4536-b346-f558988bc8ad,260,11,1,1,3,0,1,1,1,1791334632
2026-10-07T00:58:02+00:00,2026-10-07T00:59:24.660304+00:00,f8352ba8-0de8-11e7-991c-3863bb43a7d0,215,4,2,0,11,0,1,1,1,1791334632
2026-10-07T00:58:02+00:00,2026-10-07T00:59:24.660304+00:00,1994054629753598708,1994054629753598708,13,4,0,1,0,1,1,1,1791334636
2026-10-07T00:58:02+00:00,2026-10-07T00:59:24.660304+00:00,8b97606e-a849-4db8-ae9b-4009fe48d90b,556,8,1,0,11,0,1,1,1,1791334641
2026-10-07T00:58:02+00:00,2026-10-07T00:59:24.660304+00:00,f8346b6f-0de8-11e7-991c-3863bb43a7d0,12,19,1,1,7,0,1,1,1,1791334641
2026-10-07T00:58:02+00:00,2026-10-07T00:59:24.660304+00:00,1a661bb7-7d14-49e9-ac3d-22bafec8a2f0,507,4,2,1,6,0,1,1,1,1791334641
2026-10-07T00:58:02+00:00,2026-10-07T00:59:24.660304+00:00,f83517fa-0de8-11e7-991c-3863bb43a7d0,187,11,4,0,4,0,1,1,1,1791334641
2026-10-07T00:58:02+00:00,2026-10-07T00:59:24.660304+00:00,f8346803-0de8-11e7-991c-3863bb43a7d0,8,11,4,0,8,0,1,1,1,1791334640
2026-10-07T00:58:02+00:00,2026-10-07T00:59:24.660304+00:00,2270454512964591136,2270454512964591136,0,0,0,19,0,1,1,1,1791334640
2026-10-07T00:58:02+00:00,2026-10-07T00:59:24.660304+00:00,f83482d2-0de8-11e7-991c-3863bb43a7d0,44,2,0,0,29,0,1,1,1,1791334640
2026-10-07T00:58:02+00:00,2026-10-07T00:59:24.660304+00:00,2249415127458891992,2249415127458891992,13,0,0,2,0,1,1,1,1791334640
2026-10-07T00:58:02+00:00,2026-10-07T00:59:24.660304+00:00,2246034666940677832,2246034666940677832,5,0,0,6,0,1,1,1,1791334639
2026-10-07T00:58:02+00:00,2026-10-07T00:59:24.660304+00:00,f834708e-0de8-11e7-991c-3863bb43a7d0,21,3,1,0,13,0,1,1,1,1791334638
2026-10-07T00:58:02+00:00,2026-10-07T00:59:24.660304+00:00,f835288a-0de8-11e7-991c-3863bb43a7d0,208,10,0,0,5,0,1,1,1,1791334639
2026-10-07T00:58:02+00:00,2026-10-07T00:59:24.660304+00:00,2145094035874873892,2145094035874873892,8,0,1,10,0,1,1,1,1791334647
2026-10-07T00:58:02+00:00,2026-10-07T00:59:24.660304+00:00,2259733531216984776,2259733531216984776,4,1,0,11,0,1,1,1,1791334647
2026-10-07T00:58:02+00:00,2026-10-07T00:59:24.660304+00:00,2085737662370069102,2085737662370069102,15,3,0,3,1,1,1,1,1791334652
2026-10-07T00:58:02+00:00,2026-10-07T00:59:24.660304+00:00,ef6ef93b-488f-496b-afbf-3aedfd967129,517,8,4,0,7,0,1,1,1,1791334649
2026-10-07T00:58:02+00:00,2026-10-07T00:59:24.660304+00:00,f8347e78-0de8-11e7-991c-3863bb43a7d0,36,15,0,2,15,0,1,1,1,1791334653
2026-10-07T00:58:02+00:00,2026-10-07T00:59:24.660304+00:00,2040842870122359032,2040842870122359032,2,0,1,17,0,1,1,1,1791334654
2026-10-07T00:58:02+00:00,2026-10-07T00:59:24.660304+00:00,2088704000370565344,2088704000370565344,2,0,2,8,0,1,1,1,1791334654
2026-10-07T00:58:02+00:00,2026-10-07T00:59:24.660304+00:00,1963613484180639992,1963613484180639992,12,1,0,7,0,1,1,1,1791334651
2026-10-07T00:58:02+00:00,2026-10-07T00:59:24.660304+00:00,1e1b40cd-8e00-4b74-b147-be6b23f5c9e7,385,0,0,0,15,0,1,1,1,1791334651
2026-10-07T00:58:02+00:00,2026-10-07T00:59:24.660304+00:00,99675a11-a92c-465c-bf5a-434b08ba5fc6,400,20,0,0,32,0,1,1,1,1791334650
2026-10-07T00:58:02+00:00,2026-10-07T00:59:24.660304+00:00,51bb4381-dae4-4aeb-b213-0614b807be29,344,6,3,2,11,0,1,1,1,1791334650
2026-10-07T00:58:02+00:00,2026-10-07T00:59:24.660304+00:00,f83488be-0de8-11e7-991c-3863bb43a7d0,56,5,1,1,12,0,1,1,1,1791334650
2026-10-07T00:58:02+00:00,2026-10-07T00:59:24.660304+00:00,c5cfd1ed-aa44-4e20-96bb-e334c96f0d68,376,9,0,0,6,0,1,1,1,1791334647
2026-10-07T00:58:02+00:00,2026-10-07T00:59:24.660304+00:00,fbc512a5-4b98-4821-bcfb-bb0c7ac83543,365,0,0,0,19,0,1,1,1,1791334647
2026-10-07T00:58:02+00:00,2026-10-07T00:59:24.660304+00:00,f8348622-0de8-11e7-991c-3863bb43a7d0,50,3,0,1,15,0,1,1,1,1791334648
2026-10-07T00:58:02+00:00,2026-10-07T00:59:24.660304+00:00,8a404180-7c2e-4dbe-9489-c478ed959282,8a404180-7c2e-4dbe-9489-c478ed959282,5,0,3,11,0,1,1,1,1791334646
2026-10-07T00:58:02+00:00,2026-10-07T00:59:24.660304+00:00,d5349097-b478-4b3f-9c46-d8fbcf38e3f4,509,8,0,0,4,0,1,1,1,1791334642
2026-10-07T00:58:02+00:00,2026-10-07T00:59:24.660304+00:00,f8346d23-0de8-11e7-991c-3863bb43a7d0,15,8,0,0,7,0,1,1,1,1791334642
2026-10-07T00:58:02+00:00,2026-10-07T00:59:24.660304+00:00,ea65c25f-0718-4f79-8588-c58b9fe3a105,226,12,0,1,0,1,1,1,1,1791334645
2026-10-07T00:58:02+00:00,2026-10-07T00:59:24.660304+00:00,f8352b39-0de8-11e7-991c-3863bb43a7d0,214,10,0,0,3,1,1,1,1,1791334645
2026-10-07T00:58:02+00:00,2026-10-07T00:59:24.660304+00:00,f8352534-0de8-11e7-991c-3863bb43a7d0,204,6,1,0,9,0,1,1,1,1791334644
2026-10-07T00:58:02+00:00,2026-10-07T00:59:24.660304+00:00,2270212773802111256,2270212773802111256,5,1,0,14,0,1,1,1,1791334646
2026-10-07T00:58:02+00:00,2026-10-07T00:59:24.660304+00:00,f834abfd-0de8-11e7-991c-3863bb43a7d0,96,5,0,2,12,0,1,1,1,1791334647
2026-10-07T00:58:02+00:00,2026-10-07T00:59:24.660304+00:00,868ccc83-99e5-4faf-96eb-e1fae26b9741,481,3,0,1,15,0,1,1,1,1791334656
2026-10-07T00:58:02+00:00,2026-10-07T00:59:24.660304+00:00,7e1dae55-4d3d-4a41-b969-2aeca70e0e69,7e1dae55-4d3d-4a41-b969-2aeca70e0e69,9,1,0,2,0,1,1,1,1791334656
2026-10-07T00:58:02+00:00,2026-10-07T00:59:24.660304+00:00,81323081-749c-44cf-ac62-0e6c64305c32,461,10,2,0,0,0,1,1,1,1791334655
2026-10-07T00:58:02+00:00,2026-10-07T00:59:24.660304+00:00,2227858849424910006,2227858849424910006,8,2,0,0,0,1,1,1,1791334655
2026-10-07T00:58:02+00:00,2026-10-07T00:59:24.660304+00:00,f9524971-e9f9-4572-aebc-580e48de042f,f9524971-e9f9-4572-aebc-580e48de042f,13,0,1,5,0,1,1,1,1791334657
2026-10-07T00:58:02+00:00,2026-10-07T00:59:24.660304+00:00,f834cfd8-0de8-11e7-991c-3863bb43a7d0,117,1,1,4,10,1,1,1,1,1791334656
2026-10-07T00:58:02+00:00,2026-10-07T00:59:24.660304+00:00,f8349440-0de8-11e7-991c-3863bb43a7d0,68,11,0,1,7,0,1,1,1,1791334654
2026-10-07T00:58:02+00:00,2026-10-07T00:59:24.660304+00:00,ad2cf74c-0e8c-4e15-8f19-2259e8c82f0f,404,5,1,2,9,0,1,1,1,1791334655
2026-10-07T00:58:02+00:00,2026-10-07T00:59:24.660304+00:00,2085366936904166272,2085366936904166272,8,2,2,5,0,1,1,1,1791334658
2026-10-07T00:58:02+00:00,2026-10-07T00:59:24.660304+00:00,f834b101-0de8-11e7-991c-3863bb43a7d0,97,4,0,0,14,1,1,1,1,1791334658
2026-10-07T00:58:02+00:00,2026-10-07T00:59:24.660304+00:00,103a9881-e30a-4d57-b81d-863b995ff759,255,0,0,0,0,0,0,0,0,86400
2026-10-07T00:58:02+00:00,2026-10-07T00:59:24.660304+00:00,2217856523888952522,2217856523888952522,7,2,0,13,0,1,1,1,1791334503
2026-10-07T00:58:02+00:00,2026-10-07T00:59:24.660304+00:00,02a4416f-80b4-4472-accd-5db482ed5b6d,367,7,0,0,12,0,1,1,1,1791334538
2026-10-07T00:58:02+00:00,2026-10-07T00:59:24.660304+00:00,ddcc8869-b8d4-483c-b9da-457fcebc8dc1,417,17,0,0,2,0,1,1,1,1791334567
2026-10-07T00:58:02+00:00,2026-10-07T00:59:24.660304+00:00,533620e8-00ff-494a-b288-bd67602bc98e,472,0,0,0,27,0,1,1,1,1791334570
2026-10-07T00:58:02+00:00,2026-10-07T00:59:24.660304+00:00,f83523e3-0de8-11e7-991c-3863bb43a7d0,201,2,1,0,13,0,1,1,1,1791334576
2026-10-07T00:58:02+00:00,2026-10-07T00:59:24.660304+00:00,2264176803898382980,2264176803898382980,4,2,0,7,0,1,1,1,1791334555
2026-10-07T00:58:02+00:00,2026-10-07T00:59:24.660304+00:00,ef54374b-0406-4b17-b0a1-847f1d7bea06,410,13,2,1,1,0,1,1,1,1791334558
2026-10-07T00:58:02+00:00,2026-10-07T00:59:24.660304+00:00,93911aa1-b5e4-48aa-a2b6-38fbcf613006,93911aa1-b5e4-48aa-a2b6-38fbcf613006,12,0,0,6,0,1,1,1,1791334557
2026-10-07T00:58:02+00:00,2026-10-07T00:59:24.660304+00:00,1997031579059661288,1997031579059661288,10,1,0,1,0,1,1,1,1791334552
2026-10-07T00:58:02+00:00,2026-10-07T00:59:24.660304+00:00,2078337213380274244,2078337213380274244,5,4,1,5,0,1,1,1,1791334554
2026-10-07T00:58:02+00:00,2026-10-07T00:59:24.660304+00:00,bb27977d-36c1-496d-8bac-631b612dd7b8,332,3,0,0,12,0,1,1,1,1791334540
2026-10-07T00:58:02+00:00,2026-10-07T00:59:24.660304+00:00,a18e1e55-507e-49d8-b7c0-5c0efd959125,358,16,4,0,3,0,1,1,1,1791334540
2026-10-07T00:58:02+00:00,2026-10-07T00:59:24.660304+00:00,ba634139-d7bf-448f-aac4-25995d36b67b,373,9,5,0,6,0,1,1,1,1791334543
2026-10-07T00:58:02+00:00,2026-10-07T00:59:24.660304+00:00,f83486ab-0de8-11e7-991c-3863bb43a7d0,51,5,0,1,9,0,1,1,1,1791334543
2026-10-07T00:58:02+00:00,2026-10-07T00:59:24.660304+00:00,c1ae49bd-2a20-4684-886b-ead8dd627cfd,c1ae49bd-2a20-4684-886b-ead8dd627cfd,12,1,1,4,0,1,1,1,1791334564
2026-10-07T00:58:02+00:00,2026-10-07T00:59:24.660304+00:00,f8348136-0de8-11e7-991c-3863bb43a7d0,41,26,5,1,0,0,1,1,1,1791334565
2026-10-07T00:58:02+00:00,2026-10-07T00:59:24.660304+00:00,f834b42d-0de8-11e7-991c-3863bb43a7d0,100,10,1,1,14,0,1,1,1,1791334561
2026-10-07T00:58:02+00:00,2026-10-07T00:59:24.660304+00:00,20b0b405-54ba-4a80-b89c-0819772665db,440,2,0,0,13,0,1,1,1,1791334560
2026-10-07T00:58:02+00:00,2026-10-07T00:59:24.660304+00:00,f35de2ab-979e-42d5-8cbd-dc479ed637e9,503,3,3,0,3,0,1,1,1,1791334562
2026-10-07T00:58:02+00:00,2026-10-07T00:59:24.660304+00:00,0f554e1d-9f0f-452d-9b4a-e00aa2c5911e,492,4,1,1,10,0,1,1,1,1791334598
2026-10-07T00:58:02+00:00,2026-10-07T00:59:24.660304+00:00,dfdaf866-b814-48e5-9bd3-eb7c4a733697,dfdaf866-b814-48e5-9bd3-eb7c4a733697,8,2,0,9,0,1,1,1,1791334600
2026-10-07T00:58:02+00:00,2026-10-07T00:59:24.660304+00:00,0adccd89-1d8d-44da-9f7c-5f18acafeddf,338,7,7,0,7,0,1,1,1,1791334601
2026-10-07T00:58:02+00:00,2026-10-07T00:59:24.660304+00:00,2327cb08-fa9f-459b-9ab0-1a319b0f2f4c,539,8,3,1,9,0,1,1,1,1791334600
2026-10-07T00:58:02+00:00,2026-10-07T00:59:24.660304+00:00,d7ec834e-9d9a-402c-9956-7d5f42676b94,d7ec834e-9d9a-402c-9956-7d5f42676b94,14,1,0,0,0,1,1,1,1791334607
2026-10-07T00:58:02+00:00,2026-10-07T00:59:24.660304+00:00,287aedf5-0361-47e9-9de0-14ae3b75cc0d,287aedf5-0361-47e9-9de0-14ae3b75cc0d,3,0,1,17,0,1,1,1,1791334610
2026-10-07T00:58:02+00:00,2026-10-07T00:59:24.660304+00:00,1944724820826878816,1944724820826878816,4,1,0,13,0,1,1,1,1791334609
2026-10-07T00:58:02+00:00,2026-10-07T00:59:24.660304+00:00,342a2c60-71b0-4d19-98d6-47987cf20dbc,379,12,0,0,3,0,1,1,1,1791334612
2026-10-07T00:58:02+00:00,2026-10-07T00:59:24.660304+00:00,f8348481-0de8-11e7-991c-3863bb43a7d0,47,16,0,0,3,0,1,1,1,1791334613
2026-10-07T00:58:02+00:00,2026-10-07T00:59:24.660304+00:00,ff6ed364-8676-45a0-b97f-71025683849e,442,6,3,1,8,0,1,1,1,1791334615
2026-10-07T00:58:02+00:00,2026-10-07T00:59:24.660304+00:00,70f20fcb-8e63-4015-9007-b97c525ab0a9,335,6,1,1,12,0,1,1,1,1791334614
2026-10-07T00:58:02+00:00,2026-10-07T00:59:24.660304+00:00,9ca92778-9101-48df-90ea-08b784e26a1a,413,19,3,0,0,0,1,1,1,1791334585
2026-10-07T00:58:02+00:00,2026-10-07T00:59:24.660304+00:00,f834fd36-0de8-11e7-991c-3863bb43a7d0,142,6,0,0,17,0,1,1,1,1791334584
2026-10-07T00:58:02+00:00,2026-10-07T00:59:24.660304+00:00,2071632496372113488,2071632496372113488,14,6,0,6,0,1,1,1,1791334588
2026-10-07T00:58:02+00:00,2026-10-07T00:59:24.660304+00:00,f8349ba9-0de8-11e7-991c-3863bb43a7d0,77,11,8,0,7,0,1,1,1,1791334585
2026-10-07T00:58:02+00:00,2026-10-07T00:59:24.660304+00:00,2038239468396569074,2038239468396569074,13,0,0,19,0,1,1,1,1791334581
2026-10-07T00:58:02+00:00,2026-10-07T00:59:24.660304+00:00,2103549125054737064,2103549125054737064,0,0,0,16,0,1,1,1,1791334581
2026-10-07T00:58:02+00:00,2026-10-07T00:59:24.660304+00:00,f8349745-0de8-11e7-991c-3863bb43a7d0,73,0,0,0,15,0,1,1,1,1791334586
2026-10-07T00:58:02+00:00,2026-10-07T00:59:24.660304+00:00,f8349c69-0de8-11e7-991c-3863bb43a7d0,78,13,1,1,4,0,1,1,1,1791334582
2026-10-07T00:58:02+00:00,2026-10-07T00:59:24.660304+00:00,42a3ecca-af9a-4556-90ba-7631546f96f8,42a3ecca-af9a-4556-90ba-7631546f96f8,4,2,1,6,0,1,1,1,1791334589
2026-10-07T00:58:02+00:00,2026-10-07T00:59:24.660304+00:00,abefafdc-c772-4671-86fe-fc15a42adebb,abefafdc-c772-4671-86fe-fc15a42adebb,2,0,0,21,0,1,1,1,1791334596
2026-10-07T00:58:02+00:00,2026-10-07T00:59:24.660304+00:00,2fd22786-dfeb-4126-a906-4f01802087f3,454,3,0,3,13,0,1,1,1,1791334596
2026-10-07T00:58:02+00:00,2026-10-07T00:59:24.660304+00:00,40e58976-02cc-4c7c-911f-7a6c97588bfa,520,10,3,0,11,0,1,1,1,1791334596
2026-10-07T00:58:02+00:00,2026-10-07T00:59:24.660304+00:00,5018e851-f2f3-4e18-9914-c316bbcc2c3d,331,1,1,0,14,0,1,1,1,1791334597
2026-10-07T00:58:02+00:00,2026-10-07T00:59:24.660304+00:00,2057166010169469732,2057166010169469732,1,1,0,14,0,1,1,1,1791334593
2026-10-07T00:58:02+00:00,2026-10-07T00:59:24.660304+00:00,2038619205667946906,2038619205667946906,9,1,2,9,0,1,1,1,1791334594
2026-10-07T00:58:02+00:00,2026-10-07T00:59:24.660304+00:00,2113200093114979090,2113200093114979090,8,1,0,7,1,1,1,1,1791334546
2026-10-07T00:58:02+00:00,2026-10-07T00:59:24.660304+00:00,f36e24cd-de4c-4a5e-adf4-cb97ccd2958d,505,6,0,2,3,0,1,1,1,1791334578
2026-10-07T00:58:02+00:00,2026-10-07T00:59:24.660304+00:00,1975886280004030604,1975886280004030604,11,0,0,12,0,1,1,1,1791334579
2026-10-07T00:58:02+00:00,2026-10-07T00:59:24.660304+00:00,5afe91c4-8076-4f9f-b83b-cf233bda2331,460,0,0,0,15,0,1,1,1,1791334620
2026-10-07T00:58:02+00:00,2026-10-07T00:59:24.660304+00:00,f8346768-0de8-11e7-991c-3863bb43a7d0,7,0,0,0,15,0,1,1,1,1791334619
2026-10-07T00:58:02+00:00,2026-10-07T00:59:24.660304+00:00,f83464e4-0de8-11e7-991c-3863bb43a7d0,3,2,0,1,11,0,1,1,1,1791334626
2026-10-07T00:58:02+00:00,2026-10-07T00:59:24.660304+00:00,ccd6fdd4-b39e-46d7-b43c-7bacffb6bd87,523,9,5,0,7,0,1,1,1,1791334624
2026-10-07T00:58:02+00:00,2026-10-07T00:59:24.660304+00:00,f834b5d9-0de8-11e7-991c-3863bb43a7d0,103,5,2,0,10,0,1,1,1,1791334625
2026-10-07T00:58:02+00:00,2026-10-07T00:59:24.660304+00:00,ce55d1b1-4267-40a9-ad44-5eab888ce18a,ce55d1b1-4267-40a9-ad44-5eab888ce18a,0,0,1,21,1,1,1,1,1791334616
2026-10-07T00:58:02+00:00,2026-10-07T00:59:24.660304+00:00,5bc7cba9-f0b0-442d-932c-e8c7927d87ce,386,15,0,0,3,0,1,1,1,1791334642
2026-10-07T00:58:02+00:00,2026-10-07T00:59:24.660304+00:00,f834952a-0de8-11e7-991c-3863bb43a7d0,70,1,0,1,22,0,1,1,1,1791334642
2026-10-07T00:58:02+00:00,2026-10-07T00:59:24.660304+00:00,350e73e3-6f70-4b2d-87ab-24c8629e9a6a,350e73e3-6f70-4b2d-87ab-24c8629e9a6a,14,2,0,5,0,1,1,1,1791334642
2026-10-07T00:58:02+00:00,2026-10-07T00:59:24.660304+00:00,13444449-b3a8-43d2-b8b9-a59fbc59a174,397,9,3,0,6,0,1,1,1,1791334642
2026-10-07T00:58:02+00:00,2026-10-07T00:59:24.660304+00:00,2170342425741020744,2170342425741020744,15,5,0,2,0,1,1,1,1791334639
2026-10-07T00:58:02+00:00,2026-10-07T00:59:24.660304+00:00,e68655be-23d3-46e5-a509-25be677e7542,482,6,1,0,5,0,1,1,1,1791334640
2026-10-07T00:58:02+00:00,2026-10-07T00:59:24.660304+00:00,f834cf45-0de8-11e7-991c-3863bb43a7d0,116,12,0,1,10,0,1,1,1,1791334637
2026-10-07T00:58:02+00:00,2026-10-07T00:59:24.660304+00:00,5f726a7d-5c5d-48b1-9b13-06c77572a237,516,6,2,1,4,0,1,1,1,1791334638
2026-10-07T00:58:02+00:00,2026-10-07T00:59:24.660304+00:00,f834e244-0de8-11e7-991c-3863bb43a7d0,126,5,0,0,10,0,1,1,1,1791334640
2026-10-07T00:58:02+00:00,2026-10-07T00:59:24.660304+00:00,f8352c92-0de8-11e7-991c-3863bb43a7d0,217,12,0,2,5,0,1,1,1,1791334641
2026-10-07T00:58:02+00:00,2026-10-07T00:59:24.660304+00:00,510239fe-69c3-458b-b53c-6ce001845f4a,354,10,10,1,3,0,1,1,1,1791334644
2026-10-07T00:58:02+00:00,2026-10-07T00:59:24.660304+00:00,2241260819676115550,2241260819676115550,0,0,0,25,0,1,1,1,1791334644
2026-10-07T00:58:02+00:00,2026-10-07T00:59:24.660304+00:00,f83516b8-0de8-11e7-991c-3863bb43a7d0,184,5,0,0,13,1,1,1,1,1791334645
2026-10-07T00:58:02+00:00,2026-10-07T00:59:24.660304+00:00,f24a573e-ef07-4785-9270-70c443510ea6,359,2,0,3,9,1,1,1,1,1791334645
2026-10-07T00:58:02+00:00,2026-10-07T00:59:24.660304+00:00,f8346894-0de8-11e7-991c-3863bb43a7d0,9,11,1,2,2,0,1,1,1,1791334646
2026-10-07T00:58:02+00:00,2026-10-07T00:59:24.660304+00:00,b995a0b4-fc26-4661-9bc8-e166d648edfd,353,11,4,0,4,0,1,1,1,1791334646
2026-10-07T00:58:02+00:00,2026-10-07T00:59:24.660304+00:00,2111712079786088918,2111712079786088918,7,1,0,7,0,1,1,1,1791334646
2026-10-07T00:58:02+00:00,2026-10-07T00:59:24.660304+00:00,f834e1b2-0de8-11e7-991c-3863bb43a7d0,125,11,7,0,8,0,1,1,1,1791334643
2026-10-07T00:58:02+00:00,2026-10-07T00:59:24.660304+00:00,f6df6c1a-064f-428a-951c-2069a081b9df,380,0,0,2,16,0,1,1,1,1791334624
2026-10-07T00:58:02+00:00,2026-10-07T00:59:24.660304+00:00,83183df0-38c2-4ae8-a0c4-4b59599c9582,222,10,0,0,4,0,1,1,1,1791334627
2026-10-07T00:58:02+00:00,2026-10-07T00:59:24.660304+00:00,2223045710883822544,2223045710883822544,11,5,1,3,0,1,1,1,1791334631
2026-10-07T00:58:02+00:00,2026-10-07T00:59:24.660304+00:00,1960693490199507164,1960693490199507164,8,2,0,11,0,1,1,1,1791334628
2026-10-07T00:58:02+00:00,2026-10-07T00:59:24.660304+00:00,2107991976288962746,2107991976288962746,9,0,0,11,0,1,1,1,1791334628
2026-10-07T00:58:02+00:00,2026-10-07T00:59:24.660304+00:00,f8351336-0de8-11e7-991c-3863bb43a7d0,176,12,0,1,3,0,1,1,1,1791334629
2026-10-07T00:58:02+00:00,2026-10-07T00:59:24.660304+00:00,f8349824-0de8-11e7-991c-3863bb43a7d0,75,2,0,0,13,0,1,1,1,1791334629
2026-10-07T00:58:02+00:00,2026-10-07T00:59:24.660304+00:00,2070180968009321294,2070180968009321294,11,2,0,8,2,1,1,1,1791334630
2026-10-07T00:58:02+00:00,2026-10-07T00:59:24.660304+00:00,f83510fd-0de8-11e7-991c-3863bb43a7d0,171,9,0,1,13,0,1,1,1,1791334649
2026-10-07T00:58:02+00:00,2026-10-07T00:59:24.660304+00:00,2043912031919765854,2043912031919765854,6,0,0,14,0,1,1,1,1791334651
2026-10-07T00:58:02+00:00,2026-10-07T00:59:24.660304+00:00,2029805507281123700,2029805507281123700,12,2,1,6,0,1,1,1,1791334631
2026-10-07T00:58:02+00:00,2026-10-07T00:59:24.660304+00:00,f8348509-0de8-11e7-991c-3863bb43a7d0,48,2,0,0,15,0,1,1,1,1791334652
2026-10-07T00:58:02+00:00,2026-10-07T00:59:24.660304+00:00,13918b3b-9ac5-4968-a74d-e40dd3bc952e,479,0,0,0,19,0,1,1,1,1791334633
2026-10-07T00:58:02+00:00,2026-10-07T00:59:24.660304+00:00,9e710d48-51c1-460e-a027-3d16bde62b13,419,0,0,14,0,1,1,0,0,1791334633
2026-10-07T00:58:02+00:00,2026-10-07T00:59:24.660304+00:00,0839bb10-e876-4198-95e4-0147a561853d,258,13,3,1,1,0,1,1,1,1791334633
2026-10-07T00:58:02+00:00,2026-10-07T00:59:24.660304+00:00,f8348995-0de8-11e7-991c-3863bb43a7d0,58,16,1,0,3,0,1,1,1,1791334634
2026-10-07T00:58:02+00:00,2026-10-07T00:59:24.660304+00:00,2ba0c5dd-c990-4434-8a84-5c3eca23f096,447,9,5,0,10,0,1,1,1,1791334635
2026-10-07T00:58:02+00:00,2026-10-07T00:59:24.660304+00:00,7ec0c53c-876a-419c-a78b-4edd000bbc9a,445,10,0,0,9,0,1,1,1,1791334636
2026-10-07T00:58:02+00:00,2026-10-07T00:59:24.660304+00:00,b23674a7-15a8-46d2-8219-6668acecf24a,548,10,0,0,8,0,1,1,1,1791334637
2026-10-07T00:58:02+00:00,2026-10-07T00:59:24.660304+00:00,2071993292066931472,2071993292066931472,2,0,0,18,0,1,1,1,1791334637
2026-10-07T00:58:02+00:00,2026-10-07T00:59:24.660304+00:00,2072145327190878794,2072145327190878794,11,1,1,12,0,1,1,1,1791334633
2026-10-07T00:58:02+00:00,2026-10-07T00:59:24.660304+00:00,53a148ca-ac69-4a9c-a986-9a4b4df2f5df,387,6,3,0,9,0,1,1,1,1791334635
2026-10-07T00:58:02+00:00,2026-10-07T00:59:24.660304+00:00,54d86d05-b399-42c5-a63a-a97713afc5d4,54d86d05-b399-42c5-a63a-a97713afc5d4,7,6,1,2,0,1,1,1,1791334634
2026-10-07T00:58:02+00:00,2026-10-07T00:59:24.660304+00:00,2141932795355773712,2141932795355773712,7,0,1,10,0,1,1,1,1791334635
2026-10-07T00:58:02+00:00,2026-10-07T00:59:24.660304+00:00,2136942888571742916,2136942888571742916,12,0,0,3,0,1,1,1,1791334632
2026-10-07T00:58:02+00:00,2026-10-07T00:59:24.660304+00:00,2267569638034503736,2267569638034503736,6,0,4,9,0,1,1,1,1791334653
2026-10-07T00:58:02+00:00,2026-10-07T00:59:24.660304+00:00,518f6524-0e7f-454d-974e-e3ff9db1f795,494,11,3,0,0,0,1,1,1,1791334653
2026-10-07T00:58:02+00:00,2026-10-07T00:59:24.660304+00:00,676ca473-eed6-4971-aaf3-e199a7ca335b,433,14,6,0,4,1,1,1,1,1791334655
2026-10-07T00:58:02+00:00,2026-10-07T00:59:24.660304+00:00,9f54207a-3308-43bd-b45c-9042b6389598,423,12,1,0,7,0,1,1,1,1791334656
2026-10-07T00:58:02+00:00,2026-10-07T00:59:24.660304+00:00,2223043968513191970,2223043968513191970,4,0,1,11,0,1,1,1,1791334653
2026-10-07T00:58:02+00:00,2026-10-07T00:59:24.660304+00:00,f834f814-0de8-11e7-991c-3863bb43a7d0,136,0,0,0,19,0,1,1,1,1791334654
2026-10-07T00:58:02+00:00,2026-10-07T00:59:24.660304+00:00,f83524c0-0de8-11e7-991c-3863bb43a7d0,203,7,1,0,7,0,1,1,1,1791334655
2026-10-07T00:58:02+00:00,2026-10-07T00:59:24.660304+00:00,f8351019-0de8-11e7-991c-3863bb43a7d0,169,13,3,0,6,0,1,1,1,1791334657
2026-10-07T00:58:02+00:00,2026-10-07T00:59:24.660304+00:00,f834b49d-0de8-11e7-991c-3863bb43a7d0,101,15,5,0,5,0,1,1,1,1791334657
2026-10-07T00:58:02+00:00,2026-10-07T00:59:24.660304+00:00,f8347118-0de8-11e7-991c-3863bb43a7d0,22,19,0,1,14,2,1,1,1,1791334657
2026-10-07T00:58:02+00:00,2026-10-07T00:59:24.660304+00:00,2113555008851845550,2113555008851845550,11,1,0,9,0,1,1,1,1791334654
2026-10-07T00:58:02+00:00,2026-10-07T00:59:24.660304+00:00,ec3eea05-a3ff-43c6-9e24-0c63f09b915f,378,12,1,0,7,0,1,1,1,1791334657
2026-10-07T00:58:02+00:00,2026-10-07T00:59:24.660304+00:00,36a8fbc8-6069-4a29-bbfd-63a2d019c9a5,415,0,0,0,19,0,1,1,1,1791334657
2026-10-07T00:58:02+00:00,2026-10-07T00:59:24.660304+00:00,f83494b4-0de8-11e7-991c-3863bb43a7d0,69,7,4,1,11,0,1,1,1,1791334658
2026-10-07T01:08:02+00:00,2026-10-07T01:09:24.771663+00:00,1ef5abb2-5af9-41f2-a0dd-1e44278ad9f1,502,7,2,0,4,0,1,1,1,1791335210
2026-10-07T01:08:02+00:00,2026-10-07T01:09:24.771663+00:00,1991921362058752616,1991921362058752616,0,0,0,20,0,1,1,1,1791335212
2026-10-07T01:08:02+00:00,2026-10-07T01:09:24.771663+00:00,800bde2c-51df-497c-ac2d-bc3a8c00c164,800bde2c-51df-497c-ac2d-bc3a8c00c164,0,0,1,14,0,1,1,1,1791335212
2026-10-07T01:08:02+00:00,2026-10-07T01:09:24.771663+00:00,1999644268058967024,1999644268058967024,18,2,2,4,0,1,1,1,1791335220
2026-10-07T01:08:02+00:00,2026-10-07T01:09:24.771663+00:00,40ee059e-8530-4992-9114-c16b87d6832f,441,10,5,0,9,0,1,1,1,1791335220
2026-10-07T01:08:02+00:00,2026-10-07T01:09:24.771663+00:00,f8347002-0de8-11e7-991c-3863bb43a7d0,20,12,0,1,10,0,1,1,1,1791335218
2026-10-07T01:08:02+00:00,2026-10-07T01:09:24.771663+00:00,f8350d30-0de8-11e7-991c-3863bb43a7d0,163,5,0,0,14,0,1,1,1,1791335218
2026-10-07T01:08:02+00:00,2026-10-07T01:09:24.771663+00:00,2219705277630124418,2219705277630124418,8,3,0,7,0,1,1,1,1791335222
2026-10-07T01:08:02+00:00,2026-10-07T01:09:24.771663+00:00,1986694622707704150,1986694622707704150,15,2,1,3,0,1,1,1,1791335223
2026-10-07T01:08:02+00:00,2026-10-07T01:09:24.771663+00:00,8d535c23-f186-4161-aa10-17e94be6d4ae,436,5,3,3,6,1,1,1,1,1791335223
2026-10-07T01:08:02+00:00,2026-10-07T01:09:24.771663+00:00,f8347a8b-0de8-11e7-991c-3863bb43a7d0,29,4,0,0,15,0,1,1,1,1791335221
2026-10-07T01:08:02+00:00,2026-10-07T01:09:24.771663+00:00,c111ef1a-f276-415d-a95e-8e3c4e3a0c03,522,3,1,1,11,0,1,1,1,1791335221
2026-10-07T01:08:02+00:00,2026-10-07T01:09:24.771663+00:00,1976280681456741062,1976280681456741062,6,6,0,5,0,1,1,1,1791335199
2026-10-07T01:08:02+00:00,2026-10-07T01:09:24.771663+00:00,f834a67b-0de8-11e7-991c-3863bb43a7d0,89,5,0,1,13,0,1,1,1,1791335199
2026-10-07T01:08:02+00:00,2026-10-07T01:09:24.771663+00:00,f8347ba8-0de8-11e7-991c-3863bb43a7d0,31,2,0,1,16,0,1,1,1,1791335198
2026-10-07T01:08:02+00:00,2026-10-07T01:09:24.771663+00:00,e4d5271f-5f76-401b-b7f0-c8dce3c26f10,462,7,1,1,3,0,1,1,1,1791335200
2026-10-07T01:08:02+00:00,2026-10-07T01:09:24.771663+00:00,1331197c-f6c6-4f4a-a29b-95e580359886,224,7,0,0,10,0,1,1,1,1791335197
2026-10-07T01:08:02+00:00,2026-10-07T01:09:24.771663+00:00,4d953f0f-13b5-4b3d-b2da-342003ff7cba,4d953f0f-13b5-4b3d-b2da-342003ff7cba,2,1,0,9,0,1,1,1,1791335197
2026-10-07T01:08:02+00:00,2026-10-07T01:09:24.771663+00:00,f834d34b-0de8-11e7-991c-3863bb43a7d0,120,11,0,2,26,0,1,1,1,1791335201
2026-10-07T01:08:02+00:00,2026-10-07T01:09:24.771663+00:00,4b5de733-9353-4873-9dc2-9558b3cb063a,393,8,2,1,4,0,1,1,1,1791335179
2026-10-07T01:08:02+00:00,2026-10-07T01:09:24.771663+00:00,2089808297152151688,2089808297152151688,8,2,1,3,0,1,1,1,1791335181
2026-10-07T01:08:02+00:00,2026-10-07T01:09:24.771663+00:00,f8351f87-0de8-11e7-991c-3863bb43a7d0,192,0,0,0,19,0,1,1,1,1791335179
2026-10-07T01:08:02+00:00,2026-10-07T01:09:24.771663+00:00,25489822-e43a-4704-b2a8-d905b78ba77c,389,3,1,0,11,0,1,1,1,1791335183
2026-10-07T01:08:02+00:00,2026-10-07T01:09:24.771663+00:00,2028220168245183460,2028220168245183460,15,1,0,4,0,1,1,1,1791335183
2026-10-07T01:08:02+00:00,2026-10-07T01:09:24.771663+00:00,f834b1ed-0de8-11e7-991c-3863bb43a7d0,99,7,2,0,8,0,1,1,1,1791335183
2026-10-07T01:08:02+00:00,2026-10-07T01:09:24.771663+00:00,2261583246847893606,2261583246847893606,9,1,1,9,0,1,1,1,1791335184
2026-10-07T01:08:02+00:00,2026-10-07T01:09:24.771663+00:00,01d29f8c-768d-4c4f-84ca-3de966075287,469,2,1,0,9,0,1,1,1,1791335189
2026-10-07T01:08:02+00:00,2026-10-07T01:09:24.771663+00:00,82b41ffb-e284-4e4d-b22a-0cad2bfd4bee,443,8,0,0,11,0,1,1,1,1791335191
2026-10-07T01:08:02+00:00,2026-10-07T01:09:24.771663+00:00,ea00f276-26dc-48ee-b2c8-6e56fd632a2d,272,5,1,0,14,0,1,1,1,1791335193
2026-10-07T01:08:02+00:00,2026-10-07T01:09:24.771663+00:00,2127634714741013228,2127634714741013228,12,1,2,10,0,1,1,1,1791335195
2026-10-07T01:08:02+00:00,2026-10-07T01:09:24.771663+00:00,f834a1de-0de8-11e7-991c-3863bb43a7d0,84,7,0,0,5,0,1,1,1,1791335195
2026-10-07T01:08:02+00:00,2026-10-07T01:09:24.771663+00:00,803a0c16-4f81-44f1-8b49-a13fcdda40c1,370,0,0,1,17,0,1,1,1,1791335196
2026-10-07T01:08:02+00:00,2026-10-07T01:09:24.771663+00:00,f83466c6-0de8-11e7-991c-3863bb43a7d0,6,9,1,0,5,0,1,1,1,1791335195
2026-10-07T01:08:02+00:00,2026-10-07T01:09:24.771663+00:00,f606593b-3d07-40f2-bc6d-a0eb96588e44,456,8,0,0,10,0,1,1,1,1791335206
2026-10-07T01:08:02+00:00,2026-10-07T01:09:24.771663+00:00,38706d8c-8d4b-49f7-b6ed-7688449db261,463,0,0,0,19,0,1,1,1,1791335207
2026-10-07T01:08:02+00:00,2026-10-07T01:09:24.771663+00:00,2124664048772581794,2124664048772581794,2,0,0,8,0,1,1,1,1791335204
2026-10-07T01:08:02+00:00,2026-10-07T01:09:24.771663+00:00,cad0e759-b605-458a-b772-768dcce81dc6,372,0,0,6,13,0,1,0,0,1791324371
2026-10-07T01:08:02+00:00,2026-10-07T01:09:24.771663+00:00,dcd76e42-eebc-4432-9726-cdb3372b0b07,557,1,0,0,18,0,1,1,1,1791335205
2026-10-07T01:08:02+00:00,2026-10-07T01:09:24.771663+00:00,2039387081833476178,2039387081833476178,16,4,0,4,0,1,1,1,1791335205
2026-10-07T01:08:02+00:00,2026-10-07T01:09:24.771663+00:00,f834b928-0de8-11e7-991c-3863bb43a7d0,106,12,3,1,1,0,1,1,1,1791335202
2026-10-07T01:08:02+00:00,2026-10-07T01:09:24.771663+00:00,b44b7c3d-c054-4591-92a9-3b96d86050ab,b44b7c3d-c054-4591-92a9-3b96d86050ab,3,3,0,8,0,1,1,1,1791335203
2026-10-07T01:08:02+00:00,2026-10-07T01:09:24.771663+00:00,aefc33cd-40b9-48da-8b87-415428816bdb,488,6,1,0,10,0,1,1,1,1791335204
2026-10-07T01:08:02+00:00,2026-10-07T01:09:24.771663+00:00,2126567695528519906,2126567695528519906,6,0,0,14,0,1,1,1,1791335208
2026-10-07T01:08:02+00:00,2026-10-07T01:09:24.771663+00:00,5410aac7-2ec0-47b6-b728-b99c5137b463,5410aac7-2ec0-47b6-b728-b99c5137b463,5,1,0,6,0,1,1,1,1791335208
2026-10-07T01:08:02+00:00,2026-10-07T01:09:24.771663+00:00,8e7c1984-dc81-43b0-a0d3-58c6de45225a,465,6,1,0,5,0,1,1,1,1791335208
2026-10-07T01:08:02+00:00,2026-10-07T01:09:24.771663+00:00,acb27827-d69a-4287-b132-3f529ca62ad2,427,3,1,0,16,0,1,1,1,1791335213
2026-10-07T01:08:02+00:00,2026-10-07T01:09:24.771663+00:00,829fa5a8-cc88-4ab2-9f34-b481aaa1612e,259,12,4,0,3,0,1,1,1,1791335213
2026-10-07T01:08:02+00:00,2026-10-07T01:09:24.771663+00:00,2129149628430547474,2129149628430547474,16,3,0,0,0,1,1,1,1791335215
2026-10-07T01:08:02+00:00,2026-10-07T01:09:24.771663+00:00,f834fcbe-0de8-11e7-991c-3863bb43a7d0,141,2,0,0,13,0,1,1,1,1791335214
2026-10-07T01:08:02+00:00,2026-10-07T01:09:24.771663+00:00,2031175112202687108,2031175112202687108,9,0,0,7,0,1,1,1,1791335216
2026-10-07T01:08:02+00:00,2026-10-07T01:09:24.771663+00:00,2132460331327742574,2132460331327742574,0,0,0,18,0,1,1,1,1791335217
2026-10-07T01:08:02+00:00,2026-10-07T01:09:24.771663+00:00,1919521884659886482,1919521884659886482,2,0,0,17,0,1,1,1,1791335216
2026-10-07T01:08:02+00:00,2026-10-07T01:09:24.771663+00:00,52ca4d94-587f-4a61-a298-a1a755e73bfb,362,14,1,0,5,0,1,1,1,1791335138
2026-10-07T01:08:02+00:00,2026-10-07T01:09:24.771663+00:00,f835244e-0de8-11e7-991c-3863bb43a7d0,202,6,0,0,9,0,1,1,1,1791335140
2026-10-07T01:08:02+00:00,2026-10-07T01:09:24.771663+00:00,8bc42f7f-753d-4cca-a7d6-0d7c2530ea2c,364,9,0,0,10,0,1,1,1,1791335143
2026-10-07T01:08:02+00:00,2026-10-07T01:09:24.771663+00:00,1997031876360597884,1997031876360597884,5,0,0,6,0,1,1,1,1791335150
2026-10-07T01:08:02+00:00,2026-10-07T01:09:24.771663+00:00,f8351569-0de8-11e7-991c-3863bb43a7d0,181,15,2,2,2,0,1,1,1,1791335151
2026-10-07T01:08:02+00:00,2026-10-07T01:09:24.771663+00:00,97a1e4e7-a1ff-427a-aaea-48ca0d00bf9c,348,3,3,0,12,0,1,1,1,1791335155
2026-10-07T01:08:02+00:00,2026-10-07T01:09:24.771663+00:00,eed9e64f-f09d-43c1-aa31-da968c66750a,368,4,1,0,11,0,1,1,1,1791335156
2026-10-07T01:08:02+00:00,2026-10-07T01:09:24.771663+00:00,87b5a8b7-a330-4c51-ab32-7dafa292c88f,421,19,1,0,0,0,1,1,1,1791335158
2026-10-07T01:08:02+00:00,2026-10-07T01:09:24.771663+00:00,2227859082657747444,2227859082657747444,7,4,0,0,0,1,1,1,1791335155
2026-10-07T01:08:02+00:00,2026-10-07T01:09:24.771663+00:00,f834cb89-0de8-11e7-991c-3863bb43a7d0,115,11,1,1,7,0,1,1,1,1791335162
2026-10-07T01:08:02+00:00,2026-10-07T01:09:24.771663+00:00,f834d260-0de8-11e7-991c-3863bb43a7d0,119,14,3,0,1,0,1,1,1,1791335160
2026-10-07T01:08:02+00:00,2026-10-07T01:09:24.771663+00:00,a825b55d-3ab3-481f-9c50-d3a7313e6843,228,0,0,1,18,0,1,1,1,1791335165
2026-10-07T01:08:02+00:00,2026-10-07T01:09:24.771663+00:00,e335fa7c-7adf-4360-9bfa-76b18124a56f,541,0,0,0,11,0,1,1,1,1791335163
2026-10-07T01:08:02+00:00,2026-10-07T01:09:24.771663+00:00,25d6f87f-7025-48c5-b202-f91511a4ae19,25d6f87f-7025-48c5-b202-f91511a4ae19,12,2,0,7,0,1,1,1,1791335167
2026-10-07T01:08:02+00:00,2026-10-07T01:09:24.771663+00:00,625f105e-4407-4988-9095-d1979cbda5e1,234,16,7,0,3,0,1,1,1,1791335169
2026-10-07T01:08:02+00:00,2026-10-07T01:09:24.771663+00:00,2036412579943670600,2036412579943670600,1,1,0,11,0,1,1,1,1791335169
2026-10-07T01:08:02+00:00,2026-10-07T01:09:24.771663+00:00,15ec5783-ca7a-4225-ba51-cd0a45ecc975,15ec5783-ca7a-4225-ba51-cd0a45ecc975,7,5,0,4,0,1,1,1,1791335171
2026-10-07T01:08:02+00:00,2026-10-07T01:09:24.771663+00:00,1ef9964d-47ac-4cd4-916e-7c006fa1e605,339,3,1,0,12,0,1,1,1,1791335170
2026-10-07T01:08:02+00:00,2026-10-07T01:09:24.771663+00:00,f55cdf0a-3d7b-491c-bed2-7dc0ef2062d5,489,14,2,2,0,0,1,1,1,1791335170
2026-10-07T01:08:02+00:00,2026-10-07T01:09:24.771663+00:00,57f5003b-6574-40b3-83d7-3b5dee1472e0,518,2,1,0,8,0,1,1,1,1791335173
2026-10-07T01:08:02+00:00,2026-10-07T01:09:24.771663+00:00,6eaa7343-402d-41c9-9aac-8c664fdbdcf1,6eaa7343-402d-41c9-9aac-8c664fdbdcf1,0,0,0,0,0,0,0,0,86400
2026-10-07T01:08:02+00:00,2026-10-07T01:09:24.771663+00:00,f8347ded-0de8-11e7-991c-3863bb43a7d0,35,0,0,1,30,0,1,1,1,1791335138
2026-10-07T01:08:02+00:00,2026-10-07T01:09:24.771663+00:00,e519df41-c4d7-403a-9afa-a5dd7cdd2d03,536,5,0,0,13,0,1,1,1,1791335225
2026-10-07T01:08:02+00:00,2026-10-07T01:09:24.771663+00:00,2113559364250874028,2113559364250874028,10,3,0,5,0,1,1,1,1791335226
2026-10-07T01:08:02+00:00,2026-10-07T01:09:24.771663+00:00,918335df-fc1a-45c2-9cfc-c5e2e93aecc0,467,2,0,1,8,0,1,1,1,1791335224
2026-10-07T01:08:02+00:00,2026-10-07T01:09:24.771663+00:00,d1a5e406-718c-44b9-b9dd-e63605b888aa,555,9,8,0,6,0,1,1,1,1791335224
2026-10-07T01:08:02+00:00,2026-10-07T01:09:24.771663+00:00,77c1736c-a609-4453-94f7-8e4253a8193c,474,6,3,0,5,0,1,1,1,1791335226
2026-10-07T01:08:02+00:00,2026-10-07T01:09:24.771663+00:00,2027855476515070160,2027855476515070160,10,0,0,17,0,1,1,1,1791335223
2026-10-07T01:08:02+00:00,2026-10-07T01:09:24.771663+00:00,2250817396738253956,2250817396738253956,5,0,1,9,0,1,1,1,1791334944
2026-10-07T01:08:02+00:00,2026-10-07T01:09:24.771663+00:00,f834f036-0de8-11e7-991c-3863bb43a7d0,133,10,4,1,11,0,1,1,1,1791335227
2026-10-07T01:08:02+00:00,2026-10-07T01:09:24.771663+00:00,5d17f129-af8c-4f30-bc58-6a8279052772,543,5,2,1,13,0,1,1,1,1791335228
2026-10-07T01:08:02+00:00,2026-10-07T01:09:24.771663+00:00,f834f948-0de8-11e7-991c-3863bb43a7d0,138,10,0,1,3,0,1,1,1,1791335229
2026-10-07T01:08:02+00:00,2026-10-07T01:09:24.771663+00:00,a6d6d4b2-3666-43ad-a690-7f676bdcc3fd,542,10,0,3,6,0,1,1,1,1791335230
2026-10-07T01:08:02+00:00,2026-10-07T01:09:24.771663+00:00,1976640911178291400,1976640911178291400,10,4,0,1,0,1,1,1,1791335231
2026-10-07T01:08:02+00:00,2026-10-07T01:09:24.771663+00:00,2149920539832638004,2149920539832638004,10,0,1,4,0,1,1,1,1791335227
2026-10-07T01:08:02+00:00,2026-10-07T01:09:24.771663+00:00,f8346dbd-0de8-11e7-991c-3863bb43a7d0,16,0,0,0,19,0,1,1,1,1791335227
2026-10-07T01:08:02+00:00,2026-10-07T01:09:24.771663+00:00,768433a9-fc30-4485-b136-22d6f8a96f1c,768433a9-fc30-4485-b136-22d6f8a96f1c,10,2,1,0,0,1,1,1,1791335236
2026-10-07T01:08:02+00:00,2026-10-07T01:09:24.771663+00:00,2251186911126913182,2251186911126913182,13,1,2,4,0,1,1,1,1791335237
2026-10-07T01:08:02+00:00,2026-10-07T01:09:24.771663+00:00,2251556760922290606,2251556760922290606,9,5,0,6,0,1,1,1,1791335170
2026-10-07T01:08:02+00:00,2026-10-07T01:09:24.771663+00:00,6cec3afa-554c-466f-8323-5c619fe0ddc6,6cec3afa-554c-466f-8323-5c619fe0ddc6,2,1,0,9,0,1,1,1,1791335234
2026-10-07T01:08:02+00:00,2026-10-07T01:09:24.771663+00:00,f834c6f5-0de8-11e7-991c-3863bb43a7d0,111,13,7,0,1,1,1,1,1,1791335235
2026-10-07T01:08:02+00:00,2026-10-07T01:09:24.771663+00:00,133d159e-a202-4310-910f-eca392fe181e,398,4,1,2,13,0,1,1,1,1791335232
2026-10-07T01:08:02+00:00,2026-10-07T01:09:24.771663+00:00,f834e75d-0de8-11e7-991c-3863bb43a7d0,129,6,2,0,12,1,1,1,1,1791335241
2026-10-07T01:08:02+00:00,2026-10-07T01:09:24.771663+00:00,2036103727838931110,2036103727838931110,7,2,0,3,0,1,1,1,1791335239
2026-10-07T01:08:02+00:00,2026-10-07T01:09:24.771663+00:00,f8352973-0de8-11e7-991c-3863bb43a7d0,210,7,0,0,8,0,1,1,1,1791335238
2026-10-07T01:08:02+00:00,2026-10-07T01:09:24.771663+00:00,2071991821019036242,2071991821019036242,14,3,0,6,0,1,1,1,1791335238
2026-10-07T01:08:02+00:00,2026-10-07T01:09:24.771663+00:00,f8351791-0de8-11e7-991c-3863bb43a7d0,186,8,1,1,6,0,1,1,1,1791335240
2026-10-07T01:08:02+00:00,2026-10-07T01:09:24.771663+00:00,2110566771130438288,2110566771130438288,5,1,2,9,0,1,1,1,1791335240
2026-10-07T01:08:02+00:00,2026-10-07T01:09:24.771663+00:00,f8346e51-0de8-11e7-991c-3863bb43a7d0,17,14,1,0,1,0,1,1,1,1791335237
2026-10-07T01:08:02+00:00,2026-10-07T01:09:24.771663+00:00,569f4952-5a25-4394-a419-f9c4d9cca6f3,495,17,2,0,1,0,1,1,1,1791335241
2026-10-07T01:08:02+00:00,2026-10-07T01:09:24.771663+00:00,88b35b6d-f355-44dc-b85e-ed2eb1bc9099,406,10,2,0,9,0,1,1,1,1791335241
2026-10-07T01:08:02+00:00,2026-10-07T01:09:24.771663+00:00,f8351649-0de8-11e7-991c-3863bb43a7d0,183,0,0,2,17,0,1,1,1,1791335242
2026-10-07T01:08:02+00:00,2026-10-07T01:09:24.771663+00:00,f834b183-0de8-11e7-991c-3863bb43a7d0,98,6,0,1,16,0,1,1,1,1791335243
2026-10-07T01:08:02+00:00,2026-10-07T01:09:24.771663+00:00,9b0aff89-5242-475e-b03b-87c3c3bf51bb,477,6,3,1,12,0,1,1,1,1791335244
2026-10-07T01:08:02+00:00,2026-10-07T01:09:24.771663+00:00,f834916a-0de8-11e7-991c-3863bb43a7d0,63,8,2,0,7,0,1,1,1,1791335245
2026-10-07T01:08:02+00:00,2026-10-07T01:09:24.771663+00:00,f83493c0-0de8-11e7-991c-3863bb43a7d0,67,1,0,2,27,0,1,1,1,1791335246
2026-10-07T01:08:02+00:00,2026-10-07T01:09:24.771663+00:00,f7d416f8-4377-4019-bba7-302dc1d5a11d,391,12,0,2,1,0,1,1,1,1791335246
2026-10-07T01:08:02+00:00,2026-10-07T01:09:24.771663+00:00,ec4e1168-25dc-4929-b17b-e4ae578dd888,425,6,0,0,10,0,1,1,1,1791335246
2026-10-07T01:08:02+00:00,2026-10-07T01:09:24.771663+00:00,f8348598-0de8-11e7-991c-3863bb43a7d0,49,3,0,1,14,0,1,1,1,1791335246
2026-10-07T01:08:02+00:00,2026-10-07T01:09:24.771663+00:00,9fef6df2-7f8f-43fc-a85b-7dd5453860f9,437,10,0,0,7,0,1,1,1,1791335245
2026-10-07T01:08:02+00:00,2026-10-07T01:09:24.771663+00:00,f83473ea-0de8-11e7-991c-3863bb43a7d0,27,12,1,1,10,0,1,1,1,1791335243
2026-10-07T01:08:02+00:00,2026-10-07T01:09:24.771663+00:00,2127252912986958612,2127252912986958612,12,2,0,3,0,1,1,1,1791335248
2026-10-07T01:08:02+00:00,2026-10-07T01:09:24.771663+00:00,2363c5a3-93cc-41a2-a767-90f1826c041f,426,0,0,0,27,0,1,1,1,1791335248
2026-10-07T01:08:02+00:00,2026-10-07T01:09:24.771663+00:00,2134720099473744344,2134720099473744344,2,0,0,19,0,1,1,1,1791335206
2026-10-07T01:08:02+00:00,2026-10-07T01:09:24.771663+00:00,f83532fa-0de8-11e7-991c-3863bb43a7d0,219,11,1,0,4,0,1,1,1,1791335251
2026-10-07T01:08:02+00:00,2026-10-07T01:09:24.771663+00:00,2131371824572002576,2131371824572002576,5,0,0,11,0,1,1,1,1791335249
2026-10-07T01:08:02+00:00,2026-10-07T01:09:24.771663+00:00,f8348719-0de8-11e7-991c-3863bb43a7d0,52,11,0,0,12,0,1,1,1,1791335251
2026-10-07T01:08:02+00:00,2026-10-07T01:09:24.771663+00:00,f8346c96-0de8-11e7-991c-3863bb43a7d0,14,1,0,1,23,0,1,1,1,1791335252
2026-10-07T01:08:02+00:00,2026-10-07T01:09:24.771663+00:00,1999639508813492766,1999639508813492766,4,0,1,15,0,1,1,1,1791335247
2026-10-07T01:08:02+00:00,2026-10-07T01:09:24.771663+00:00,f8350129-0de8-11e7-991c-3863bb43a7d0,149,17,0,0,1,0,1,1,1,1791335247
2026-10-07T01:08:02+00:00,2026-10-07T01:09:24.771663+00:00,f834a2a8-0de8-11e7-991c-3863bb43a7d0,85,5,0,0,14,0,1,1,1,1791335248
2026-10-07T01:08:02+00:00,2026-10-07T01:09:24.771663+00:00,2220033166406469278,2220033166406469278,10,4,1,4,0,1,1,1,1791335213
2026-10-07T01:08:02+00:00,2026-10-07T01:09:24.771663+00:00,f8349070-0de8-11e7-991c-3863bb43a7d0,61,2,0,1,16,0,1,1,1,1791335253
2026-10-07T01:08:02+00:00,2026-10-07T01:09:24.771663+00:00,986068c4-d11a-465a-b8d0-bd0960c57f51,986068c4-d11a-465a-b8d0-bd0960c57f51,10,0,0,4,0,1,1,1,1791335254
2026-10-07T01:08:02+00:00,2026-10-07T01:09:24.771663+00:00,2438d052-2cd6-4fba-83c9-39f46cb59398,2438d052-2cd6-4fba-83c9-39f46cb59398,11,2,1,7,0,1,1,1,1791335254
2026-10-07T01:08:02+00:00,2026-10-07T01:09:24.771663+00:00,f8351255-0de8-11e7-991c-3863bb43a7d0,174,12,1,1,2,0,1,1,1,1791335254
2026-10-07T01:08:02+00:00,2026-10-07T01:09:24.771663+00:00,f8349599-0de8-11e7-991c-3863bb43a7d0,71,15,0,2,6,0,1,1,1,1791335255
2026-10-07T01:08:02+00:00,2026-10-07T01:09:24.771663+00:00,f8350199-0de8-11e7-991c-3863bb43a7d0,150,6,0,2,11,0,1,1,1,1791335256
2026-10-07T01:08:02+00:00,2026-10-07T01:09:24.771663+00:00,199f3d59-e726-4549-b9c1-4dfc8a343fdb,508,9,6,0,2,0,1,1,1,1791335256
2026-10-07T01:08:02+00:00,2026-10-07T01:09:24.771663+00:00,f834c5c9-0de8-11e7-991c-3863bb43a7d0,110,0,0,2,13,0,1,1,1,1791335256
2026-10-07T01:08:02+00:00,2026-10-07T01:09:24.771663+00:00,ab6517ea-ed53-42eb-8881-657d362e56e8,560,15,1,0,0,0,1,1,1,1791335256
2026-10-07T01:08:02+00:00,2026-10-07T01:09:24.771663+00:00,1994515539257334312,1994515539257334312,12,3,0,6,0,1,1,1,1791335258
2026-10-07T01:08:02+00:00,2026-10-07T01:09:24.771663+00:00,d81e16e2-a410-4a0b-b5ae-b72748fc9781,d81e16e2-a410-4a0b-b5ae-b72748fc9781,1,0,1,17,0,1,1,1,1791335138
2026-10-07T01:08:02+00:00,2026-10-07T01:09:24.771663+00:00,1961066392414132348,1961066392414132348,1,1,0,18,0,1,1,1,1791335156
2026-10-07T01:08:02+00:00,2026-10-07T01:09:24.771663+00:00,1994461916590643872,1994461916590643872,7,2,1,3,0,1,1,1,1791335156
2026-10-07T01:08:02+00:00,2026-10-07T01:09:24.771663+00:00,e3f5d039-a49e-4b3b-ab4d-4efbef2068c6,e3f5d039-a49e-4b3b-ab4d-4efbef2068c6,16,1,0,6,0,1,1,1,1791335157
2026-10-07T01:08:02+00:00,2026-10-07T01:09:24.771663+00:00,dd05a440-f881-410c-a071-864da11c634a,318,0,0,0,19,0,1,1,1,1791335159
2026-10-07T01:08:02+00:00,2026-10-07T01:09:24.771663+00:00,57caf362-1e8b-46aa-9ee3-82341c405ab0,271,5,3,1,9,0,1,1,1,1791335157
2026-10-07T01:08:02+00:00,2026-10-07T01:09:24.771663+00:00,7dd0fc98-c1dd-4c93-9c1d-4bbdf5f93346,473,14,9,0,0,0,1,1,1,1791335159
2026-10-07T01:08:02+00:00,2026-10-07T01:09:24.771663+00:00,1984021766354634770,1984021766354634770,14,0,0,5,0,1,1,1,1791335138
2026-10-07T01:08:02+00:00,2026-10-07T01:09:24.771663+00:00,b0b8e427-7203-4844-9c70-129e08a74452,347,12,4,1,1,0,1,1,1,1791335144
2026-10-07T01:08:02+00:00,2026-10-07T01:09:24.771663+00:00,af066ffd-b892-434f-8532-1982fc408780,480,2,0,0,9,0,1,1,1,1791335148
2026-10-07T01:08:02+00:00,2026-10-07T01:09:24.771663+00:00,2253794653988522864,2253794653988522864,8,0,0,11,0,1,1,1,1791335148
2026-10-07T01:08:02+00:00,2026-10-07T01:09:24.771663+00:00,1206f5c8-7d1f-4c32-9d65-f3e80186fbde,511,8,5,1,10,0,1,1,1,1791335150
2026-10-07T01:08:02+00:00,2026-10-07T01:09:24.771663+00:00,f8348021-0de8-11e7-991c-3863bb43a7d0,39,24,0,0,3,0,1,1,1,1791335150
2026-10-07T01:08:02+00:00,2026-10-07T01:09:24.771663+00:00,3de6e5da-9702-4623-8683-26abd98012a8,525,4,1,0,8,0,1,1,1,1791335172
2026-10-07T01:08:02+00:00,2026-10-07T01:09:24.771663+00:00,f1cafe36-f800-41f6-b74d-73953cb6394c,471,0,0,0,27,0,1,1,1,1791335169
2026-10-07T01:08:02+00:00,2026-10-07T01:09:24.771663+00:00,f835141c-0de8-11e7-991c-3863bb43a7d0,178,17,3,1,0,0,1,1,1,1791335175
2026-10-07T01:08:02+00:00,2026-10-07T01:09:24.771663+00:00,be7e7068-b85f-42c1-8ea1-e1d64e531323,be7e7068-b85f-42c1-8ea1-e1d64e531323,14,1,0,1,0,1,1,1,1791335176
2026-10-07T01:08:02+00:00,2026-10-07T01:09:24.771663+00:00,fbb9b58c-2b92-4bcf-8e4c-a982e40d2f39,221,3,0,0,16,0,1,1,1,1791335178
2026-10-07T01:08:02+00:00,2026-10-07T01:09:24.771663+00:00,f8352c1a-0de8-11e7-991c-3863bb43a7d0,216,9,2,0,10,0,1,1,1,1791335177
2026-10-07T01:08:02+00:00,2026-10-07T01:09:24.771663+00:00,f834b50a-0de8-11e7-991c-3863bb43a7d0,102,6,2,1,8,0,1,1,1,1791335173
2026-10-07T01:08:02+00:00,2026-10-07T01:09:24.771663+00:00,2080157934789007958,2080157934789007958,16,2,2,1,0,1,1,1,1791335173
2026-10-07T01:08:02+00:00,2026-10-07T01:09:24.771663+00:00,910f1452-dbeb-4e69-b226-71b2d7e85715,910f1452-dbeb-4e69-b226-71b2d7e85715,6,6,0,4,0,1,1,1,1791335180
2026-10-07T01:08:02+00:00,2026-10-07T01:09:24.771663+00:00,f834b652-0de8-11e7-991c-3863bb43a7d0,104,8,2,1,9,0,1,1,1,1791335180
2026-10-07T01:08:02+00:00,2026-10-07T01:09:24.771663+00:00,f834d064-0de8-11e7-991c-3863bb43a7d0,118,19,6,0,0,0,1,1,1,1791335180
2026-10-07T01:08:02+00:00,2026-10-07T01:09:24.771663+00:00,c935cfb1-ef73-402e-9b86-83aaaac6534d,478,5,0,0,14,0,1,1,1,1791335179
2026-10-07T01:08:02+00:00,2026-10-07T01:09:24.771663+00:00,a51b429f-bf06-425a-b3fe-b3155aa6468c,a51b429f-bf06-425a-b3fe-b3155aa6468c,4,3,1,6,0,1,1,1,1791335199
2026-10-07T01:08:02+00:00,2026-10-07T01:09:24.771663+00:00,8b703219-1e16-4ba1-9f46-2b7030c7849a,360,2,1,2,11,0,1,1,1,1791335201
2026-10-07T01:08:02+00:00,2026-10-07T01:09:24.771663+00:00,1963273678015717438,1963273678015717438,0,0,0,19,0,1,1,1,1791335201
2026-10-07T01:08:02+00:00,2026-10-07T01:09:24.771663+00:00,f834db9b-0de8-11e7-991c-3863bb43a7d0,121,15,5,0,2,0,1,1,1,1791335202
2026-10-07T01:08:02+00:00,2026-10-07T01:09:24.771663+00:00,a3b94ed8-8301-4ec6-baf2-64ac493b5106,529,1,1,0,13,0,1,1,1,1791335203
2026-10-07T01:08:02+00:00,2026-10-07T01:09:24.771663+00:00,efd724b2-31cb-4aec-b9d9-8ab79271630c,493,9,0,0,8,0,1,1,1,1791335204
2026-10-07T01:08:02+00:00,2026-10-07T01:09:24.771663+00:00,3f4f4ad4-a715-43d5-828f-f8381f26b66a,390,10,1,0,4,1,1,1,1,1791335208
2026-10-07T01:08:02+00:00,2026-10-07T01:09:24.771663+00:00,f8352150-0de8-11e7-991c-3863bb43a7d0,196,5,1,0,5,0,1,1,1,1791335208
2026-10-07T01:08:02+00:00,2026-10-07T01:09:24.771663+00:00,a439fff7-8630-464c-b277-efca6f6bc664,531,11,2,2,1,0,1,1,1,1791335208
2026-10-07T01:08:02+00:00,2026-10-07T01:09:24.771663+00:00,2126939746529359956,2126939746529359956,10,3,0,9,0,1,1,1,1791335205
2026-10-07T01:08:02+00:00,2026-10-07T01:09:24.771663+00:00,3c837bc0-fd08-49c4-adf5-0e9a98e918a7,524,8,0,1,6,0,1,1,1,1791335205
2026-10-07T01:08:02+00:00,2026-10-07T01:09:24.771663+00:00,0cb6d635-6a7d-4d75-89b4-36b12616be12,432,10,6,0,9,0,1,1,1,1791335224
2026-10-07T01:08:02+00:00,2026-10-07T01:09:24.771663+00:00,f8346c01-0de8-11e7-991c-3863bb43a7d0,13,0,0,0,19,0,1,1,1,1791335223
2026-10-07T01:08:02+00:00,2026-10-07T01:09:24.771663+00:00,f834fda2-0de8-11e7-991c-3863bb43a7d0,143,6,1,1,16,0,1,1,1,1791335223
2026-10-07T01:08:02+00:00,2026-10-07T01:09:24.771663+00:00,dd8dee9d-d044-41d6-9371-8463cf9c671b,526,7,4,0,7,1,1,1,1,1791335222
2026-10-07T01:08:02+00:00,2026-10-07T01:09:24.771663+00:00,f8352a4d-0de8-11e7-991c-3863bb43a7d0,212,18,0,1,13,0,1,1,1,1791335224
2026-10-07T01:08:02+00:00,2026-10-07T01:09:24.771663+00:00,68323451-daf0-4532-a6cb-b070e3ef358f,68323451-daf0-4532-a6cb-b070e3ef358f,12,0,0,7,0,1,1,1,1791335223
2026-10-07T01:08:02+00:00,2026-10-07T01:09:24.771663+00:00,f835259f-0de8-11e7-991c-3863bb43a7d0,205,3,0,1,11,0,1,1,1,1791335223
2026-10-07T01:08:02+00:00,2026-10-07T01:09:24.771663+00:00,2124668538068359456,2124668538068359456,16,0,1,2,0,1,1,1,1791335221
2026-10-07T01:08:02+00:00,2026-10-07T01:09:24.771663+00:00,f8352306-0de8-11e7-991c-3863bb43a7d0,199,10,6,1,4,0,1,1,1,1791335226
2026-10-07T01:08:02+00:00,2026-10-07T01:09:24.771663+00:00,f8351ff1-0de8-11e7-991c-3863bb43a7d0,193,7,0,1,6,0,1,1,1,1791335227
2026-10-07T01:08:02+00:00,2026-10-07T01:09:24.771663+00:00,2100948177843249670,2100948177843249670,5,4,1,5,0,1,1,1,1791335228
2026-10-07T01:08:02+00:00,2026-10-07T01:09:24.771663+00:00,f8348924-0de8-11e7-991c-3863bb43a7d0,57,14,1,0,0,0,1,1,1,1791335227
2026-10-07T01:08:02+00:00,2026-10-07T01:09:24.771663+00:00,dc770287-c70c-43ea-a635-39f3dc6b09cd,dc770287-c70c-43ea-a635-39f3dc6b09cd,6,2,0,5,0,1,1,1,1791335227
2026-10-07T01:08:02+00:00,2026-10-07T01:09:24.771663+00:00,f83472d3-0de8-11e7-991c-3863bb43a7d0,25,14,0,0,1,0,1,1,1,1791335226
2026-10-07T01:08:02+00:00,2026-10-07T01:09:24.771663+00:00,b5894555-30a3-46db-918a-fdeb083d6001,336,13,7,1,1,0,1,1,1,1791335191
2026-10-07T01:08:02+00:00,2026-10-07T01:09:24.771663+00:00,f8349de4-0de8-11e7-991c-3863bb43a7d0,80,1,0,2,32,0,1,1,1,1791335192
2026-10-07T01:08:02+00:00,2026-10-07T01:09:24.771663+00:00,ee0fa23e-a6c2-474d-a6ef-bf581d63f1ae,ee0fa23e-a6c2-474d-a6ef-bf581d63f1ae,9,3,0,2,0,1,1,1,1791335193
2026-10-07T01:08:02+00:00,2026-10-07T01:09:24.771663+00:00,2113560016964645240,2113560016964645240,10,3,0,9,0,1,1,1,1791335189
2026-10-07T01:08:02+00:00,2026-10-07T01:09:24.771663+00:00,f83514f9-0de8-11e7-991c-3863bb43a7d0,180,12,1,1,6,0,1,1,1,1791335181
2026-10-07T01:08:02+00:00,2026-10-07T01:09:24.771663+00:00,2074236051937964826,2074236051937964826,12,1,0,3,1,1,1,1,1791335181
2026-10-07T01:08:02+00:00,2026-10-07T01:09:24.771663+00:00,f834923d-0de8-11e7-991c-3863bb43a7d0,65,10,0,0,9,0,1,1,1,1791335184
2026-10-07T01:08:02+00:00,2026-10-07T01:09:24.771663+00:00,0bc49982-74e9-4bbf-9991-e3d809d6319e,530,3,0,0,16,0,1,1,1,1791335211
2026-10-07T01:08:02+00:00,2026-10-07T01:09:24.771663+00:00,ee18dbd6-05b8-4d38-a120-f84c3499a77e,519,6,4,1,3,0,1,1,1,1791335214
2026-10-07T01:08:02+00:00,2026-10-07T01:09:24.771663+00:00,f834a32d-0de8-11e7-991c-3863bb43a7d0,86,16,0,0,9,0,1,1,1,1791335214
2026-10-07T01:08:02+00:00,2026-10-07T01:09:24.771663+00:00,2115804056935012722,2115804056935012722,10,0,0,9,0,1,1,1,1791335217
2026-10-07T01:08:02+00:00,2026-10-07T01:09:24.771663+00:00,f8349d6e-0de8-11e7-991c-3863bb43a7d0,79,14,1,0,4,0,1,1,1,1791335218
2026-10-07T01:08:02+00:00,2026-10-07T01:09:24.771663+00:00,f83487f0-0de8-11e7-991c-3863bb43a7d0,54,7,0,0,8,0,1,1,1,1791335216
2026-10-07T01:08:02+00:00,2026-10-07T01:09:24.771663+00:00,f8348857-0de8-11e7-991c-3863bb43a7d0,55,2,1,0,13,0,1,1,1,1791335217
2026-10-07T01:08:02+00:00,2026-10-07T01:09:24.771663+00:00,3a6d94a7-9fee-41c5-b8cc-a8487c5e691b,549,22,5,1,0,0,1,1,1,1791335219
2026-10-07T01:08:02+00:00,2026-10-07T01:09:24.771663+00:00,2131714490587826928,2131714490587826928,9,6,2,5,0,1,1,1,1791335218
2026-10-07T01:08:02+00:00,2026-10-07T01:09:24.771663+00:00,2012646293885032702,2012646293885032702,8,0,1,15,0,1,1,1,1791335216
2026-10-07T01:08:02+00:00,2026-10-07T01:09:24.771663+00:00,1e3beeb4-f8e1-452c-93e5-48df78d4b313,334,4,0,0,14,0,1,1,1,1791335218
2026-10-07T01:08:02+00:00,2026-10-07T01:09:24.771663+00:00,c98f50f6-1901-4c64-b164-8cf33245e022,282,12,0,1,4,1,1,1,1,1791335218
2026-10-07T01:08:02+00:00,2026-10-07T01:09:24.771663+00:00,4caf6e93-ddd7-4b6f-9e61-f9df1206ac92,4caf6e93-ddd7-4b6f-9e61-f9df1206ac92,8,3,0,11,0,1,1,1,1791335217
2026-10-07T01:08:02+00:00,2026-10-07T01:09:24.771663+00:00,2071724371800490690,2071724371800490690,17,0,0,3,0,1,1,1,1791335233
2026-10-07T01:08:02+00:00,2026-10-07T01:09:24.771663+00:00,082262bd-086b-46c7-83ce-eed2b39142ff,416,5,1,0,10,0,1,1,1,1791335233
2026-10-07T01:08:02+00:00,2026-10-07T01:09:24.771663+00:00,50cc3c7f-50ed-4c70-b483-c89f3f47c938,491,15,0,0,4,0,1,1,1,1791335234
2026-10-07T01:08:02+00:00,2026-10-07T01:09:24.771663+00:00,f8349672-0de8-11e7-991c-3863bb43a7d0,72,0,0,0,23,0,1,1,1,1791335234
2026-10-07T01:08:02+00:00,2026-10-07T01:09:24.771663+00:00,2171110977443594588,2171110977443594588,5,0,1,9,0,1,1,1,1791335230
2026-10-07T01:08:02+00:00,2026-10-07T01:09:24.771663+00:00,66763558-7a03-48a9-8665-6b4445b81f48,458,11,4,0,4,0,1,1,1,1791335231
2026-10-07T01:08:02+00:00,2026-10-07T01:09:24.771663+00:00,2158217922577811100,2158217922577811100,7,0,0,12,0,1,1,1,1791335231
2026-10-07T01:08:02+00:00,2026-10-07T01:09:24.771663+00:00,3b158c7a-a362-43ae-af1f-121b78be32d7,483,8,4,1,8,0,1,1,1,1791335230
2026-10-07T01:08:02+00:00,2026-10-07T01:09:24.771663+00:00,4764641e-b080-4c70-a1e1-049de81e09d0,273,25,1,1,14,0,1,1,1,1791335234
2026-10-07T01:08:02+00:00,2026-10-07T01:09:24.771663+00:00,f8353277-0de8-11e7-991c-3863bb43a7d0,218,1,0,2,12,0,1,1,1,1791335229
2026-10-07T01:08:02+00:00,2026-10-07T01:09:24.771663+00:00,dd008e3c-ff17-4c82-abe0-502272a62425,558,2,0,0,16,0,1,1,1,1791335238
2026-10-07T01:08:02+00:00,2026-10-07T01:09:24.771663+00:00,609c2f06-310e-4134-8dd2-3d23aa41487b,609c2f06-310e-4134-8dd2-3d23aa41487b,11,2,1,10,0,1,1,1,1791335238
2026-10-07T01:08:02+00:00,2026-10-07T01:09:24.771663+00:00,a9d13461-7f0f-47b0-9a97-8ec9e9792865,533,14,0,1,3,0,1,1,1,1791335236
2026-10-07T01:08:02+00:00,2026-10-07T01:09:24.771663+00:00,31382324-2931-491a-827a-40149e45afee,232,5,0,0,6,0,1,1,1,1791335239
2026-10-07T01:08:02+00:00,2026-10-07T01:09:24.771663+00:00,f4a64c30-b97f-4ae5-b531-a11698b558d7,562,5,1,0,4,0,1,1,1,1791335240
2026-10-07T01:08:02+00:00,2026-10-07T01:09:24.771663+00:00,2079440939380771716,2079440939380771716,3,2,1,7,0,1,1,1,1791335232
2026-10-07T01:08:02+00:00,2026-10-07T01:09:24.771663+00:00,f836bc28-36a7-4ca6-bba6-0d75333d84bb,538,13,1,1,5,0,1,1,1,1791335242
2026-10-07T01:08:02+00:00,2026-10-07T01:09:24.771663+00:00,13681246-4bf8-444a-a908-fa165e4ad298,329,14,2,1,0,0,1,1,1,1791335243
2026-10-07T01:08:02+00:00,2026-10-07T01:09:24.771663+00:00,f834fb66-0de8-11e7-991c-3863bb43a7d0,139,8,2,0,11,0,1,1,1,1791335227
2026-10-07T01:08:02+00:00,2026-10-07T01:09:24.771663+00:00,a9bc314b-a3fd-46e5-a63b-f005258bba5f,a9bc314b-a3fd-46e5-a63b-f005258bba5f,1,0,0,16,1,1,1,1,1791335245
2026-10-07T01:08:02+00:00,2026-10-07T01:09:24.771663+00:00,2002247509585342522,2002247509585342522,11,1,0,0,0,1,1,1,1791335244
2026-10-07T01:08:02+00:00,2026-10-07T01:09:24.771663+00:00,2256120653476329202,2256120653476329202,12,1,0,3,0,1,1,1,1791335244
2026-10-07T01:08:02+00:00,2026-10-07T01:09:24.771663+00:00,2136546016037880534,2136546016037880534,7,0,0,8,0,1,1,1,1791335245
2026-10-07T01:08:02+00:00,2026-10-07T01:09:24.771663+00:00,634b697d-0e64-4102-8849-abac7a7f8e35,455,3,1,0,9,0,1,1,1,1791335240
2026-10-07T01:08:02+00:00,2026-10-07T01:09:24.771663+00:00,fae99a0c-e88a-4112-94d8-f655cf34e651,fae99a0c-e88a-4112-94d8-f655cf34e651,1,1,1,18,0,1,1,1,1791335251
2026-10-07T01:08:02+00:00,2026-10-07T01:09:24.771663+00:00,f8351e42-0de8-11e7-991c-3863bb43a7d0,189,0,0,1,22,0,1,1,1,1791335251
2026-10-07T01:08:02+00:00,2026-10-07T01:09:24.771663+00:00,f835027c-0de8-11e7-991c-3863bb43a7d0,152,8,0,0,19,0,1,1,1,1791335251
2026-10-07T01:08:02+00:00,2026-10-07T01:09:24.771663+00:00,f8346a3c-0de8-11e7-991c-3863bb43a7d0,10,1,0,1,10,0,1,1,1,1791335250
2026-10-07T01:08:02+00:00,2026-10-07T01:09:24.771663+00:00,e49a5b83-2c9c-4610-a48b-89cfea172c8f,504,4,1,0,7,0,1,1,1,1791335250
2026-10-07T01:08:02+00:00,2026-10-07T01:09:24.771663+00:00,f8350c56-0de8-11e7-991c-3863bb43a7d0,161,23,7,0,0,0,1,1,1,1791335246
2026-10-07T01:08:02+00:00,2026-10-07T01:09:24.771663+00:00,f8347361-0de8-11e7-991c-3863bb43a7d0,26,15,0,0,0,0,1,1,1,1791335249
2026-10-07T01:08:02+00:00,2026-10-07T01:09:24.771663+00:00,3dbbb3cb-b52d-46f8-8f9c-db11e83d081c,327,13,8,1,1,0,1,1,1,1791335249
2026-10-07T01:08:02+00:00,2026-10-07T01:09:24.771663+00:00,2035765531590062506,2035765531590062506,6,1,2,3,0,1,1,1,1791335247
2026-10-07T01:08:02+00:00,2026-10-07T01:09:24.771663+00:00,f8350be5-0de8-11e7-991c-3863bb43a7d0,160,3,0,0,11,0,1,1,1,1791335246
2026-10-07T01:08:02+00:00,2026-10-07T01:09:24.771663+00:00,25cc602a-152a-4abe-9df8-a131d0a5d94b,235,13,4,0,2,0,1,1,1,1791335246
2026-10-07T01:08:02+00:00,2026-10-07T01:09:24.771663+00:00,2120986392451359068,2120986392451359068,5,1,0,14,0,1,1,1,1791335252
2026-10-07T01:08:02+00:00,2026-10-07T01:09:24.771663+00:00,2004828637786472956,2004828637786472956,15,7,1,3,0,1,1,1,1791335252
2026-10-07T01:08:02+00:00,2026-10-07T01:09:24.771663+00:00,f834ff5a-0de8-11e7-991c-3863bb43a7d0,145,10,0,1,8,0,1,1,1,1791335211
2026-10-07T01:08:02+00:00,2026-10-07T01:09:24.771663+00:00,2111332861978124760,2111332861978124760,3,1,1,12,0,1,1,1,1791335254
2026-10-07T01:08:02+00:00,2026-10-07T01:09:24.771663+00:00,8f51f8f1-ecb8-4cd3-8529-296a03140c51,8f51f8f1-ecb8-4cd3-8529-296a03140c51,10,3,0,9,0,1,1,1,1791335256
2026-10-07T01:08:02+00:00,2026-10-07T01:09:24.771663+00:00,f8348781-0de8-11e7-991c-3863bb43a7d0,53,11,0,0,8,0,1,1,1,1791335256
2026-10-07T01:08:02+00:00,2026-10-07T01:09:24.771663+00:00,2fded452-cbd0-4248-b008-f8a61ed9a85f,2fded452-cbd0-4248-b008-f8a61ed9a85f,1,0,0,14,0,1,1,1,1791335256
2026-10-07T01:08:02+00:00,2026-10-07T01:09:24.771663+00:00,2248987790637065652,2248987790637065652,5,3,0,7,0,1,1,1,1791335257
2026-10-07T01:08:02+00:00,2026-10-07T01:09:24.771663+00:00,2223046412750968128,2223046412750968128,2,1,0,17,0,1,1,1,1791335258
2026-10-07T01:08:02+00:00,2026-10-07T01:09:24.771663+00:00,f834ffc9-0de8-11e7-991c-3863bb43a7d0,146,9,2,0,10,0,1,1,1,1791335258
2026-10-07T01:08:02+00:00,2026-10-07T01:09:24.771663+00:00,12141b77-6e5f-444b-bace-2abf16db4fee,12141b77-6e5f-444b-bace-2abf16db4fee,0,0,11,0,0,1,0,0,1791320514
2026-10-07T01:08:02+00:00,2026-10-07T01:09:24.771663+00:00,2271594282663217386,2271594282663217386,2,2,0,9,0,1,1,1,1791335096
2026-10-07T01:08:02+00:00,2026-10-07T01:09:24.771663+00:00,2254164250455119196,2254164250455119196,7,7,0,8,0,1,1,1,1791335127
2026-10-07T01:08:02+00:00,2026-10-07T01:09:24.771663+00:00,2d32e355-faee-407b-9bb7-45d80ffb059a,2d32e355-faee-407b-9bb7-45d80ffb059a,0,0,1,18,0,1,1,1,1791335193
2026-10-07T01:08:02+00:00,2026-10-07T01:09:24.771663+00:00,f8349ed6-0de8-11e7-991c-3863bb43a7d0,82,7,4,0,18,0,1,1,1,1791335190
2026-10-07T01:08:02+00:00,2026-10-07T01:09:24.771663+00:00,f834ea45-0de8-11e7-991c-3863bb43a7d0,130,8,1,0,7,0,1,1,1,1791335196
2026-10-07T01:08:02+00:00,2026-10-07T01:09:24.771663+00:00,f834ab92-0de8-11e7-991c-3863bb43a7d0,95,14,0,1,0,0,1,1,1,1791335196
2026-10-07T01:08:02+00:00,2026-10-07T01:09:24.771663+00:00,bd1755dc-f26c-420e-85b3-fd025d0b5445,554,6,0,2,7,0,1,1,1,1791335197
2026-10-07T01:08:02+00:00,2026-10-07T01:09:24.771663+00:00,c5017e67-cada-4549-a52e-0f13dddd289d,424,10,6,0,9,0,1,1,1,1791335192
2026-10-07T01:08:02+00:00,2026-10-07T01:09:24.771663+00:00,f8351dc2-0de8-11e7-991c-3863bb43a7d0,188,15,2,0,0,0,1,1,1,1791335192
2026-10-07T01:08:02+00:00,2026-10-07T01:09:24.771663+00:00,6e340d8e-45db-4fd9-b6eb-b74ec73b0d3e,535,6,1,2,7,0,1,1,1,1791335186
2026-10-07T01:08:02+00:00,2026-10-07T01:09:24.771663+00:00,81bfc33b-30d8-4881-b261-712715a8b2bc,363,3,0,0,14,1,1,1,1,1791335185
2026-10-07T01:08:02+00:00,2026-10-07T01:09:24.771663+00:00,eb8824c3-9c84-4fec-8d6f-d537c8ab3beb,349,12,9,2,2,1,1,1,1,1791335187
2026-10-07T01:08:02+00:00,2026-10-07T01:09:24.771663+00:00,f834a7d1-0de8-11e7-991c-3863bb43a7d0,91,3,0,0,16,0,1,1,1,1791335189
2026-10-07T01:08:02+00:00,2026-10-07T01:09:24.771663+00:00,9340e113-e0b2-48ac-b58a-8b6f001b0a94,486,4,1,0,7,0,1,1,1,1791335190
2026-10-07T01:08:02+00:00,2026-10-07T01:09:24.771663+00:00,00802fe6-4268-4dc8-8f55-0dbbc1665ce6,515,6,1,1,12,0,1,1,1,1791335190
2026-10-07T01:08:02+00:00,2026-10-07T01:09:24.771663+00:00,0daf7408-7a15-4d2b-8c39-f1a097cdbe85,403,3,0,1,11,0,1,1,1,1791335199
2026-10-07T01:08:02+00:00,2026-10-07T01:09:24.771663+00:00,9c8366d8-3b58-4894-b281-09e22f6fe5f7,464,4,0,0,7,0,1,1,1,1791335200
2026-10-07T01:08:02+00:00,2026-10-07T01:09:24.771663+00:00,f834824e-0de8-11e7-991c-3863bb43a7d0,43,2,0,0,13,0,1,1,1,1791335199
2026-10-07T01:08:02+00:00,2026-10-07T01:09:24.771663+00:00,f83520d8-0de8-11e7-991c-3863bb43a7d0,195,12,1,1,10,0,1,1,1,1791335200
2026-10-07T01:08:02+00:00,2026-10-07T01:09:24.771663+00:00,2129865213174084448,2129865213174084448,2,0,0,17,0,1,1,1,1791335198
2026-10-07T01:08:02+00:00,2026-10-07T01:09:24.771663+00:00,9cc65d3d-cfcc-45ff-8f75-7264556b1cf9,9cc65d3d-cfcc-45ff-8f75-7264556b1cf9,17,4,0,2,0,1,1,1,1791335197
2026-10-07T01:08:02+00:00,2026-10-07T01:09:24.771663+00:00,13d4171b-6d93-490e-923f-f2a17d5c7613,13d4171b-6d93-490e-923f-f2a17d5c7613,2,1,3,6,0,1,1,1,1791335202
2026-10-07T01:08:02+00:00,2026-10-07T01:09:24.771663+00:00,1676a6f7-c417-48d2-92e8-5ce21995efc3,374,1,0,0,17,0,1,1,1,1791335203
2026-10-07T01:08:02+00:00,2026-10-07T01:09:24.771663+00:00,1989983491501558234,1989983491501558234,2,0,0,9,0,1,1,1,1791335201
2026-10-07T01:08:02+00:00,2026-10-07T01:09:24.771663+00:00,f834658f-0de8-11e7-991c-3863bb43a7d0,4,14,0,1,4,0,1,1,1,1791335201
2026-10-07T01:08:02+00:00,2026-10-07T01:09:24.771663+00:00,4f25f6ef-236b-43b4-8a92-68a24db0504b,4f25f6ef-236b-43b4-8a92-68a24db0504b,12,6,0,2,0,1,1,1,1791335207
2026-10-07T01:08:02+00:00,2026-10-07T01:09:24.771663+00:00,186accbb-6a08-4e1d-b267-9033c4443a56,401,10,2,1,4,0,1,1,1,1791335207
2026-10-07T01:08:02+00:00,2026-10-07T01:09:24.771663+00:00,f834caf2-0de8-11e7-991c-3863bb43a7d0,114,8,3,0,7,0,1,1,1,1791335207
2026-10-07T01:08:02+00:00,2026-10-07T01:09:24.771663+00:00,f8351490-0de8-11e7-991c-3863bb43a7d0,179,48,9,0,4,1,1,1,1,1791335204
2026-10-07T01:08:02+00:00,2026-10-07T01:09:24.771663+00:00,f834fc57-0de8-11e7-991c-3863bb43a7d0,140,11,3,3,3,0,1,1,1,1791335205
2026-10-07T01:08:02+00:00,2026-10-07T01:09:24.771663+00:00,a75d3da1-ce74-447f-8e80-52506a81aff3,a75d3da1-ce74-447f-8e80-52506a81aff3,8,7,0,3,0,1,1,1,1791335210
2026-10-07T01:08:02+00:00,2026-10-07T01:09:24.771663+00:00,f834b99d-0de8-11e7-991c-3863bb43a7d0,107,0,0,0,18,0,1,1,1,1791335210
2026-10-07T01:08:02+00:00,2026-10-07T01:09:24.771663+00:00,2093488029445054742,2093488029445054742,13,0,2,13,0,1,1,1,1791335209
2026-10-07T01:08:02+00:00,2026-10-07T01:09:24.771663+00:00,f834fede-0de8-11e7-991c-3863bb43a7d0,144,6,0,0,13,0,1,1,1,1791335213
2026-10-07T01:08:02+00:00,2026-10-07T01:09:24.771663+00:00,f8352378-0de8-11e7-991c-3863bb43a7d0,200,14,0,0,5,0,1,1,1,1791335208
2026-10-07T01:08:02+00:00,2026-10-07T01:09:24.771663+00:00,2098360140389493528,2098360140389493528,6,5,3,2,0,1,1,1,1791335215
2026-10-07T01:08:02+00:00,2026-10-07T01:09:24.771663+00:00,c1789d39-705f-4c03-9c14-4d6a3a4f4400,561,1,1,0,18,0,1,1,1,1791335215
2026-10-07T01:08:02+00:00,2026-10-07T01:09:24.771663+00:00,f8351726-0de8-11e7-991c-3863bb43a7d0,185,1,0,2,12,0,1,1,1,1791335215
2026-10-07T01:08:02+00:00,2026-10-07T01:09:24.771663+00:00,2002579415401984808,2002579415401984808,5,0,0,6,0,1,1,1,1791335215
2026-10-07T01:08:02+00:00,2026-10-07T01:09:24.771663+00:00,2151136782588526782,2151136782588526782,8,1,1,2,0,1,1,1,1791335216
2026-10-07T01:08:02+00:00,2026-10-07T01:09:24.771663+00:00,403c0f6c-d01a-4171-a7be-3aa4dbb0d7d1,407,8,6,1,9,0,1,1,1,1791335216
2026-10-07T01:08:02+00:00,2026-10-07T01:09:24.771663+00:00,eee3aab6-bd98-4d1f-8887-9c4e2adce482,eee3aab6-bd98-4d1f-8887-9c4e2adce482,9,3,2,0,0,1,1,1,1791335216
2026-10-07T01:08:02+00:00,2026-10-07T01:09:24.771663+00:00,4fe8e777-345b-4fc2-a684-dd874e8186d8,4fe8e777-345b-4fc2-a684-dd874e8186d8,7,3,1,7,0,1,1,1,1791335219
2026-10-07T01:08:02+00:00,2026-10-07T01:09:24.771663+00:00,a83f982f-a4f1-43e4-98e8-c8f4a0bb7290,452,14,0,0,1,0,1,1,1,1791335222
2026-10-07T01:08:02+00:00,2026-10-07T01:09:24.771663+00:00,a3bf0bfe-198b-4160-a2fb-cc7d10cfb4cf,a3bf0bfe-198b-4160-a2fb-cc7d10cfb4cf,8,1,0,11,0,1,1,1,1791335221
2026-10-07T01:08:02+00:00,2026-10-07T01:09:24.771663+00:00,f835108b-0de8-11e7-991c-3863bb43a7d0,170,6,1,0,8,0,1,1,1,1791335225
2026-10-07T01:08:02+00:00,2026-10-07T01:09:24.771663+00:00,2096125468116637776,2096125468116637776,10,0,0,5,0,1,1,1,1791335224
2026-10-07T01:08:02+00:00,2026-10-07T01:09:24.771663+00:00,2131760674371160748,2131760674371160748,6,1,1,13,0,1,1,1,1791335220
2026-10-07T01:08:02+00:00,2026-10-07T01:09:24.771663+00:00,ca76adb6-4c84-4484-9ec3-b411b81ddbef,ca76adb6-4c84-4484-9ec3-b411b81ddbef,4,1,2,13,0,1,1,1,1791335220
2026-10-07T01:08:02+00:00,2026-10-07T01:09:24.771663+00:00,fe534b6f-61ad-47d3-b9f6-cdaa128f53a4,395,5,0,2,8,0,1,1,1,1791335221
2026-10-07T01:08:02+00:00,2026-10-07T01:09:24.771663+00:00,1978882443666915710,1978882443666915710,12,0,0,5,1,1,1,1,1791335221
2026-10-07T01:08:02+00:00,2026-10-07T01:09:24.771663+00:00,f0f01d4c-ba4a-4ab2-9cc0-9fa1f9223300,394,6,3,0,8,0,1,1,1,1791335224
2026-10-07T01:08:02+00:00,2026-10-07T01:09:24.771663+00:00,f83489ff-0de8-11e7-991c-3863bb43a7d0,59,0,0,1,17,1,1,1,1,1791335219
2026-10-07T01:08:02+00:00,2026-10-07T01:09:24.771663+00:00,2014558273483754010,2014558273483754010,10,2,0,9,0,1,1,1,1791335220
2026-10-07T01:08:02+00:00,2026-10-07T01:09:24.771663+00:00,2118368356250680236,2118368356250680236,1,1,0,15,0,1,1,1,1791335173
2026-10-07T01:08:02+00:00,2026-10-07T01:09:24.771663+00:00,74cb9bf6-bb53-4c70-88d2-67998b99628c,296,22,3,0,1,0,1,1,1,1791335226
2026-10-07T01:08:02+00:00,2026-10-07T01:09:24.771663+00:00,7feae3ce-ddf2-4a45-a123-1209c8a9182b,484,2,0,0,9,0,1,1,1,1791335227
2026-10-07T01:08:02+00:00,2026-10-07T01:09:24.771663+00:00,42886366-9cbf-432c-ba84-beef38877c87,408,15,5,0,0,0,1,1,1,1791335228
2026-10-07T01:08:02+00:00,2026-10-07T01:09:24.771663+00:00,fe6a64e7-c712-404c-85ae-ee77a37245b1,355,7,1,1,9,0,1,1,1,1791335232
2026-10-07T01:08:02+00:00,2026-10-07T01:09:24.771663+00:00,f83515d8-0de8-11e7-991c-3863bb43a7d0,182,10,0,0,8,0,1,1,1,1791335235
2026-10-07T01:08:02+00:00,2026-10-07T01:09:24.771663+00:00,12d463d2-ce50-43bd-81b1-6be4dbdbbc1b,430,13,4,0,6,0,1,1,1,1791335142
2026-10-07T01:08:02+00:00,2026-10-07T01:09:24.771663+00:00,f834a3a0-0de8-11e7-991c-3863bb43a7d0,87,13,3,0,2,0,1,1,1,1791335140
2026-10-07T01:08:02+00:00,2026-10-07T01:09:24.771663+00:00,4c128753-6fde-4d4c-896e-a1adf89ada98,4c128753-6fde-4d4c-896e-a1adf89ada98,0,0,1,23,1,1,1,1,1791335157
2026-10-07T01:08:02+00:00,2026-10-07T01:09:24.771663+00:00,f8346f6f-0de8-11e7-991c-3863bb43a7d0,19,4,0,1,9,0,1,1,1,1791335155
2026-10-07T01:08:02+00:00,2026-10-07T01:09:24.771663+00:00,2123672938202825324,2123672938202825324,11,0,0,4,0,1,1,1,1791335159
2026-10-07T01:08:02+00:00,2026-10-07T01:09:24.771663+00:00,52485851-e554-49de-ab9f-f536806d2d34,52485851-e554-49de-ab9f-f536806d2d34,4,1,0,6,0,1,1,1,1791335161
2026-10-07T01:08:02+00:00,2026-10-07T01:09:24.771663+00:00,7df1ee28-441e-44c1-8507-8f58946be96b,239,14,2,1,0,0,1,1,1,1791335166
2026-10-07T01:08:02+00:00,2026-10-07T01:09:24.771663+00:00,d1c0b0c2-6e4c-424e-a946-a2a95a711633,422,7,1,0,8,0,1,1,1,1791335163
2026-10-07T01:08:02+00:00,2026-10-07T01:09:24.771663+00:00,f834ec42-0de8-11e7-991c-3863bb43a7d0,131,11,1,1,6,0,1,1,1,1791335163
2026-10-07T01:08:02+00:00,2026-10-07T01:09:24.771663+00:00,1976642295079838524,1976642295079838524,4,0,1,6,0,1,1,1,1791335164
2026-10-07T01:08:02+00:00,2026-10-07T01:09:24.771663+00:00,5bbdd12f-fec4-4741-9d5d-4a60834c5d02,377,6,2,0,13,0,1,1,1,1791335161
2026-10-07T01:08:02+00:00,2026-10-07T01:09:24.771663+00:00,53548ba4-ad0a-4d92-8e57-fd5c9f3ad102,399,4,0,0,11,0,1,1,1,1791335174
2026-10-07T01:08:02+00:00,2026-10-07T01:09:24.771663+00:00,5f8ced09-665c-41e5-b67e-1e58fac21830,521,3,0,0,8,0,1,1,1,1791335173
2026-10-07T01:08:02+00:00,2026-10-07T01:09:24.771663+00:00,f83471a1-0de8-11e7-991c-3863bb43a7d0,23,0,0,0,24,1,1,1,1,1791335148
2026-10-07T01:08:02+00:00,2026-10-07T01:09:24.771663+00:00,f8350204-0de8-11e7-991c-3863bb43a7d0,151,1,0,0,18,0,1,1,1,1791335152
2026-10-07T01:08:02+00:00,2026-10-07T01:09:24.771663+00:00,2225590560002383786,2225590560002383786,0,0,0,15,0,1,1,1,1791335153
2026-10-07T01:08:02+00:00,2026-10-07T01:09:24.771663+00:00,2130224177726511580,2130224177726511580,6,0,0,9,0,1,1,1,1791335153
2026-10-07T01:08:02+00:00,2026-10-07T01:09:24.771663+00:00,f8351eb0-0de8-11e7-991c-3863bb43a7d0,190,32,2,1,4,0,1,1,1,1791335170
2026-10-07T01:08:02+00:00,2026-10-07T01:09:24.771663+00:00,2038981933682610536,2038981933682610536,5,0,0,11,0,1,1,1,1791335170
2026-10-07T01:08:02+00:00,2026-10-07T01:09:24.771663+00:00,f83480a9-0de8-11e7-991c-3863bb43a7d0,40,28,1,0,3,0,1,1,1,1791335168
2026-10-07T01:08:02+00:00,2026-10-07T01:09:24.771663+00:00,f714390d-6874-43fa-a079-a07f83c79c7b,f714390d-6874-43fa-a079-a07f83c79c7b,8,1,0,3,0,1,1,1,1791335170
2026-10-07T01:08:02+00:00,2026-10-07T01:09:24.771663+00:00,f8352068-0de8-11e7-991c-3863bb43a7d0,194,9,2,0,10,0,1,1,1,1791335171
2026-10-07T01:08:02+00:00,2026-10-07T01:09:24.771663+00:00,f8349e56-0de8-11e7-991c-3863bb43a7d0,81,4,0,1,14,0,1,1,1,1791335168
2026-10-07T01:08:02+00:00,2026-10-07T01:09:24.771663+00:00,f83483f3-0de8-11e7-991c-3863bb43a7d0,46,13,1,1,25,0,1,1,1,1791335183
2026-10-07T01:08:02+00:00,2026-10-07T01:09:24.771663+00:00,2109111257926871498,2109111257926871498,11,3,1,7,0,1,1,1,1791335183
2026-10-07T01:08:02+00:00,2026-10-07T01:09:24.771663+00:00,be18593a-9e4c-4a13-8bb2-a5bac3d9b2b3,547,11,3,0,7,0,1,1,1,1791335180
2026-10-07T01:08:02+00:00,2026-10-07T01:09:24.771663+00:00,2212258635631104970,2212258635631104970,11,2,0,12,0,1,1,1,1791335180
2026-10-07T01:08:02+00:00,2026-10-07T01:09:24.771663+00:00,065e0e5d-8a0d-49b7-9c1f-c8eaba51a8b4,490,12,4,1,5,0,1,1,1,1791335235
2026-10-07T01:08:02+00:00,2026-10-07T01:09:24.771663+00:00,228b8017-e4da-4722-9223-b8279a14b8ad,448,3,3,0,7,0,1,1,1,1791335240
2026-10-07T01:08:02+00:00,2026-10-07T01:09:24.771663+00:00,1942556871369959976,1942556871369959976,14,6,1,4,0,1,1,1,1791335240
2026-10-07T01:08:02+00:00,2026-10-07T01:09:24.771663+00:00,8347c34d-68df-404b-ac58-7a387cc3ce4b,414,9,2,0,14,0,1,1,1,1791335238
2026-10-07T01:08:02+00:00,2026-10-07T01:09:24.771663+00:00,2245672241002318634,2245672241002318634,4,3,1,13,0,1,1,1,1791335241
2026-10-07T01:08:02+00:00,2026-10-07T01:09:24.771663+00:00,2249419943962214726,2249419943962214726,2,0,1,16,0,1,1,1,1791335238
2026-10-07T01:08:02+00:00,2026-10-07T01:09:24.771663+00:00,f83529e2-0de8-11e7-991c-3863bb43a7d0,211,9,0,0,6,0,1,1,1,1791335244
2026-10-07T01:08:02+00:00,2026-10-07T01:09:24.771663+00:00,f83512c9-0de8-11e7-991c-3863bb43a7d0,175,5,2,0,12,0,1,1,1,1791335245
2026-10-07T01:08:02+00:00,2026-10-07T01:09:24.771663+00:00,2104f242-2dde-4ec0-8197-4454b1021ac1,381,17,8,2,4,1,1,1,1,1791335242
2026-10-07T01:08:02+00:00,2026-10-07T01:09:24.771663+00:00,e2c306f6-82c7-4d0d-89fd-c9452d2f9ad1,361,8,1,2,33,0,1,1,1,1791335242
2026-10-07T01:08:02+00:00,2026-10-07T01:09:24.771663+00:00,1a39ab83-f029-4134-aad4-35380b30bf2c,1a39ab83-f029-4134-aad4-35380b30bf2c,7,0,0,12,0,1,1,1,1791335244
2026-10-07T01:08:02+00:00,2026-10-07T01:09:24.771663+00:00,2267959380696438832,2267959380696438832,7,0,0,4,0,1,1,1,1791335243
2026-10-07T01:08:02+00:00,2026-10-07T01:09:24.771663+00:00,2040842277416872172,2040842277416872172,1,0,1,14,0,1,1,1,1791335244
2026-10-07T01:08:02+00:00,2026-10-07T01:09:24.771663+00:00,7c860828-3359-4229-b59b-963f5a4bab00,236,6,1,2,4,0,1,1,1,1791335243
2026-10-07T01:08:02+00:00,2026-10-07T01:09:24.771663+00:00,f834ba08-0de8-11e7-991c-3863bb43a7d0,108,2,0,0,14,0,1,1,1,1791335240
2026-10-07T01:08:02+00:00,2026-10-07T01:09:24.771663+00:00,f8348a68-0de8-11e7-991c-3863bb43a7d0,60,9,1,2,7,0,1,1,1,1791335238
2026-10-07T01:08:02+00:00,2026-10-07T01:09:24.771663+00:00,f834f8ca-0de8-11e7-991c-3863bb43a7d0,137,8,7,3,6,2,1,1,1,1791335239
2026-10-07T01:08:02+00:00,2026-10-07T01:09:24.771663+00:00,f834dc46-0de8-11e7-991c-3863bb43a7d0,122,12,3,0,3,0,1,1,1,1791335247
2026-10-07T01:08:02+00:00,2026-10-07T01:09:24.771663+00:00,f8350a84-0de8-11e7-991c-3863bb43a7d0,157,0,0,0,15,0,1,1,1,1791335242
2026-10-07T01:08:02+00:00,2026-10-07T01:09:24.771663+00:00,2220822464984366036,2220822464984366036,3,1,1,8,0,1,1,1,1791335242
2026-10-07T01:08:02+00:00,2026-10-07T01:09:24.771663+00:00,2076849845777355316,2076849845777355316,25,7,3,1,3,1,1,1,1791335243
2026-10-07T01:08:02+00:00,2026-10-07T01:09:24.771663+00:00,0b0467c1-0c90-4529-a556-fe4d57835bbb,435,13,12,0,1,1,1,1,1,1791335246
2026-10-07T01:08:02+00:00,2026-10-07T01:09:24.771663+00:00,c23a4c0d-7e43-4042-80e2-7c894d07763b,559,4,0,0,7,0,1,1,1,1791335250
2026-10-07T01:08:02+00:00,2026-10-07T01:09:24.771663+00:00,9e9be067-c6bb-41de-9491-eda69d24d6de,371,16,7,0,2,1,1,1,1,1791335242
2026-10-07T01:08:02+00:00,2026-10-07T01:09:24.771663+00:00,f8352ac4-0de8-11e7-991c-3863bb43a7d0,213,0,0,2,12,0,1,1,1,1791335241
2026-10-07T01:08:02+00:00,2026-10-07T01:09:24.771663+00:00,2212663228188806942,2212663228188806942,6,0,0,18,0,1,1,1,1791335249
2026-10-07T01:08:02+00:00,2026-10-07T01:09:24.771663+00:00,93381e13-cd04-4e10-ac81-9f5926aa01d5,333,19,6,1,5,0,1,1,1,1791335249
2026-10-07T01:08:02+00:00,2026-10-07T01:09:24.771663+00:00,9f582e05-15e0-4a39-aef5-c719e0c78e26,466,6,3,1,4,0,1,1,1,1791335249
2026-10-07T01:08:02+00:00,2026-10-07T01:09:24.771663+00:00,2002248857751890568,2002248857751890568,9,8,0,2,0,1,1,1,1791335251
2026-10-07T01:08:02+00:00,2026-10-07T01:09:24.771663+00:00,e32c0bb9-e85b-4764-b0fb-5c582cfd3a90,340,14,8,1,2,2,1,1,1,1791335254
2026-10-07T01:08:02+00:00,2026-10-07T01:09:24.771663+00:00,f83481c5-0de8-11e7-991c-3863bb43a7d0,42,8,0,1,21,0,1,1,1,1791335254
2026-10-07T01:08:02+00:00,2026-10-07T01:09:24.771663+00:00,f835260c-0de8-11e7-991c-3863bb43a7d0,206,17,12,0,23,0,1,1,1,1791335250
2026-10-07T01:08:02+00:00,2026-10-07T01:09:24.771663+00:00,f834a838-0de8-11e7-991c-3863bb43a7d0,92,10,2,1,7,0,1,1,1,1791335248
2026-10-07T01:08:02+00:00,2026-10-07T01:09:24.771663+00:00,f834dedf-0de8-11e7-991c-3863bb43a7d0,124,10,4,0,4,0,1,1,1,1791335248
2026-10-07T01:08:02+00:00,2026-10-07T01:09:24.771663+00:00,47c44bb1-d065-41f5-ad79-c18aee60af34,342,11,0,1,3,0,1,1,1,1791335248
2026-10-07T01:08:02+00:00,2026-10-07T01:09:24.771663+00:00,aa556ad4-0092-4687-96c2-8dbc69addb56,485,5,0,2,4,0,1,1,1,1791335252
2026-10-07T01:08:02+00:00,2026-10-07T01:09:24.771663+00:00,ad2fb6f2-921f-440c-83de-08be76e35c2a,468,2,0,1,10,0,1,1,1,1791335252
2026-10-07T01:08:02+00:00,2026-10-07T01:09:24.771663+00:00,c202f2ca-ec1d-4dc5-a734-e0a342f23ba4,279,17,0,1,5,0,1,1,1,1791335252
2026-10-07T01:08:02+00:00,2026-10-07T01:09:24.771663+00:00,2007420398783036020,2007420398783036020,6,1,0,14,0,1,1,1,1791335245
2026-10-07T01:08:02+00:00,2026-10-07T01:09:24.771663+00:00,f8285d4f-5053-4e26-bb28-72016fe11353,405,10,0,0,9,0,1,1,1,1791335255
2026-10-07T01:08:02+00:00,2026-10-07T01:09:24.771663+00:00,bd3d4824-7203-4edc-a314-cea2b413e886,319,4,3,0,22,1,1,1,1,1791335254
2026-10-07T01:08:02+00:00,2026-10-07T01:09:24.771663+00:00,2071630998981871920,2071630998981871920,14,7,0,6,0,1,1,1,1791335255
2026-10-07T01:08:02+00:00,2026-10-07T01:09:24.771663+00:00,f8347b1e-0de8-11e7-991c-3863bb43a7d0,30,1,0,0,14,0,1,1,1,1791335256
2026-10-07T01:08:02+00:00,2026-10-07T01:09:24.771663+00:00,1921360868231155718,1921360868231155718,5,0,0,15,0,1,1,1,1791335255
2026-10-07T01:08:02+00:00,2026-10-07T01:09:24.771663+00:00,81676204-e42f-4d3d-991e-9c1264f36229,357,15,2,0,0,0,1,1,1,1791335255
2026-10-07T01:08:02+00:00,2026-10-07T01:09:24.771663+00:00,2035660824473983142,2035660824473983142,9,0,0,10,0,1,1,1,1791335257
2026-10-07T01:08:02+00:00,2026-10-07T01:09:24.771663+00:00,ed6c012e-6d6c-41e7-8e01-90749fd67575,546,11,10,0,5,0,1,1,1,1791335258
2026-10-07T01:08:02+00:00,2026-10-07T01:09:24.771663+00:00,1df03e33-c105-4e53-b013-d20056cd57f8,1df03e33-c105-4e53-b013-d20056cd57f8,0,0,0,0,0,0,0,0,86400
2026-10-07T01:08:02+00:00,2026-10-07T01:09:24.771663+00:00,2227858849424910006,2227858849424910006,8,2,0,0,0,1,1,1,1791334984
2026-10-07T01:08:02+00:00,2026-10-07T01:09:24.771663+00:00,1986302395589722758,1986302395589722758,7,1,0,3,0,1,1,1,1791335146
2026-10-07T01:08:02+00:00,2026-10-07T01:09:24.771663+00:00,f8352219-0de8-11e7-991c-3863bb43a7d0,197,11,4,0,4,0,1,1,1,1791335146
2026-10-07T01:08:02+00:00,2026-10-07T01:09:24.771663+00:00,90330e1a-dee5-4914-9d3f-3891aeca12ca,434,9,1,1,9,0,1,1,1,1791335148
2026-10-07T01:08:02+00:00,2026-10-07T01:09:24.771663+00:00,aa964f5b-fadf-4fc1-8c91-84ee36e15f0d,341,13,0,0,2,0,1,1,1,1791335152
2026-10-07T01:08:02+00:00,2026-10-07T01:09:24.771663+00:00,f8350cc1-0de8-11e7-991c-3863bb43a7d0,162,0,0,0,15,0,1,1,1,1791335147
2026-10-07T01:08:02+00:00,2026-10-07T01:09:24.771663+00:00,f83497b9-0de8-11e7-991c-3863bb43a7d0,74,1,0,1,17,0,1,1,1,1791335152
2026-10-07T01:08:02+00:00,2026-10-07T01:09:24.771663+00:00,f8347c41-0de8-11e7-991c-3863bb43a7d0,32,5,0,2,7,0,1,1,1,1791335160
2026-10-07T01:08:02+00:00,2026-10-07T01:09:24.771663+00:00,56817d8e-3a1c-431a-a529-1a600f80c364,366,7,2,1,19,0,1,1,1,1791335160
2026-10-07T01:08:02+00:00,2026-10-07T01:09:24.771663+00:00,81323081-749c-44cf-ac62-0e6c64305c32,461,10,2,0,0,0,1,1,1,1791335159
2026-10-07T01:08:02+00:00,2026-10-07T01:09:24.771663+00:00,b6a8522d-296d-4c05-887d-842374520780,545,11,11,0,2,1,1,1,1,1791335167
2026-10-07T01:08:02+00:00,2026-10-07T01:09:24.771663+00:00,51bb4381-dae4-4aeb-b213-0614b807be29,344,7,4,2,10,0,1,1,1,1791335169
2026-10-07T01:08:02+00:00,2026-10-07T01:09:24.771663+00:00,23146f28-9762-4a6d-a6db-fcd4ff0e5d07,356,13,0,0,10,0,1,1,1,1791335169
2026-10-07T01:08:02+00:00,2026-10-07T01:09:24.771663+00:00,61168d8b-20b7-46c8-8f08-6ae1f100c4e0,550,6,1,1,10,0,1,1,1,1791335168
2026-10-07T01:08:02+00:00,2026-10-07T01:09:24.771663+00:00,f834723b-0de8-11e7-991c-3863bb43a7d0,24,0,0,1,22,0,1,1,1,1791335172
2026-10-07T01:08:02+00:00,2026-10-07T01:09:24.771663+00:00,380de8b2-2728-4e4b-83f1-251bfbb5acf2,487,14,5,1,4,0,1,1,1,1791335169
2026-10-07T01:08:02+00:00,2026-10-07T01:09:24.771663+00:00,f834cfd8-0de8-11e7-991c-3863bb43a7d0,117,1,1,4,10,1,1,1,1,1791335172
2026-10-07T01:08:02+00:00,2026-10-07T01:09:24.771663+00:00,d22265a8-a6d7-4922-a6b5-4be738a9e5c4,392,14,10,0,1,0,1,1,1,1791335172
2026-10-07T01:08:02+00:00,2026-10-07T01:09:24.771663+00:00,2141791438824588162,2141791438824588162,8,0,0,11,0,1,1,1,1791335180
2026-10-07T01:08:02+00:00,2026-10-07T01:09:24.771663+00:00,f8347f09-0de8-11e7-991c-3863bb43a7d0,37,1,0,0,14,0,1,1,1,1791335183
2026-10-07T01:08:02+00:00,2026-10-07T01:09:24.771663+00:00,d8ce5f8b-2440-45e1-ab1c-23cb3bcbde84,527,3,1,0,10,0,1,1,1,1791335181
2026-10-07T01:08:02+00:00,2026-10-07T01:09:24.771663+00:00,ccf82572-a142-4378-9a4b-5a51fcb4ef81,350,8,1,0,9,0,1,1,1,1791335181
2026-10-07T01:08:02+00:00,2026-10-07T01:09:24.771663+00:00,f8346ad7-0de8-11e7-991c-3863bb43a7d0,11,0,0,3,12,0,1,1,1,1791335181
2026-10-07T01:08:02+00:00,2026-10-07T01:09:24.771663+00:00,f2b83aa2-86cd-4904-a099-74bf2023f768,330,6,0,0,9,0,1,1,1,1791335182
2026-10-07T01:08:02+00:00,2026-10-07T01:09:24.771663+00:00,1994466222105870452,1994466222105870452,8,5,2,1,0,1,1,1,1791335184
2026-10-07T01:08:02+00:00,2026-10-07T01:09:24.771663+00:00,f8350ecf-0de8-11e7-991c-3863bb43a7d0,167,9,6,0,6,0,1,1,1,1791335184
2026-10-07T01:08:02+00:00,2026-10-07T01:09:24.771663+00:00,dede6d5f-7d62-496e-a8ca-d5a64afe39c1,544,12,2,0,3,0,1,1,1,1791335184
2026-10-07T01:08:02+00:00,2026-10-07T01:09:24.771663+00:00,6aebc664-1e3c-479f-8f65-2bae99215ed3,6aebc664-1e3c-479f-8f65-2bae99215ed3,10,3,0,1,0,1,1,1,1791335190
2026-10-07T01:08:02+00:00,2026-10-07T01:09:24.771663+00:00,2085737662370069102,2085737662370069102,15,3,0,3,1,1,1,1,1791335224
2026-10-07T01:08:02+00:00,2026-10-07T01:09:24.771663+00:00,99675a11-a92c-465c-bf5a-434b08ba5fc6,400,19,0,0,33,0,1,1,1,1791335239
2026-10-07T01:08:02+00:00,2026-10-07T01:09:24.771663+00:00,2014865445230483952,2014865445230483952,12,0,0,5,0,1,1,1,1791335239
2026-10-07T01:08:02+00:00,2026-10-07T01:09:24.771663+00:00,8d893519-bc21-4536-b346-f558988bc8ad,260,11,1,1,3,0,1,1,1,1791335239
2026-10-07T01:08:02+00:00,2026-10-07T01:09:24.771663+00:00,f8352ba8-0de8-11e7-991c-3863bb43a7d0,215,4,2,0,11,0,1,1,1,1791335239
2026-10-07T01:08:02+00:00,2026-10-07T01:09:24.771663+00:00,f8351f1d-0de8-11e7-991c-3863bb43a7d0,191,8,1,1,7,0,1,1,1,1791335241
2026-10-07T01:08:02+00:00,2026-10-07T01:09:24.771663+00:00,f83492b4-0de8-11e7-991c-3863bb43a7d0,66,8,1,1,6,0,1,1,1,1791335241
2026-10-07T01:08:02+00:00,2026-10-07T01:09:24.771663+00:00,2110984374959099994,2110984374959099994,3,1,0,17,0,1,1,1,1791335241
2026-10-07T01:08:02+00:00,2026-10-07T01:09:24.771663+00:00,e4678b17-face-42c3-9b5f-98418d31e3b6,e4678b17-face-42c3-9b5f-98418d31e3b6,10,4,0,1,0,1,1,1,1791335214
2026-10-07T01:08:02+00:00,2026-10-07T01:09:24.771663+00:00,2118728866631796788,2118728866631796788,8,1,0,7,0,1,1,1,1791335214
2026-10-07T01:08:02+00:00,2026-10-07T01:09:24.771663+00:00,1965873511294959658,1965873511294959658,4,0,0,19,0,1,1,1,1791335215
2026-10-07T01:08:02+00:00,2026-10-07T01:09:24.771663+00:00,f83488be-0de8-11e7-991c-3863bb43a7d0,56,5,1,1,12,0,1,1,1,1791335211
2026-10-07T01:08:02+00:00,2026-10-07T01:09:24.771663+00:00,2043911250700610106,2043911250700610106,5,0,0,10,0,1,1,1,1791335209
2026-10-07T01:08:02+00:00,2026-10-07T01:09:24.771663+00:00,2088704000370565344,2088704000370565344,2,0,2,8,0,1,1,1,1791335195
2026-10-07T01:08:02+00:00,2026-10-07T01:09:24.771663+00:00,36f36eed-1070-49be-8b31-5676b8b3489f,227,0,0,1,18,0,1,1,1,1791335193
2026-10-07T01:08:02+00:00,2026-10-07T01:09:24.771663+00:00,f834b8b3-0de8-11e7-991c-3863bb43a7d0,105,14,0,0,4,0,1,1,1,1791335198
2026-10-07T01:08:02+00:00,2026-10-07T01:09:24.771663+00:00,903b9b5d-4244-43e4-8441-0d17f9a994f7,528,0,0,0,11,0,1,1,1,1791335196
2026-10-07T01:08:02+00:00,2026-10-07T01:09:24.771663+00:00,f834e534-0de8-11e7-991c-3863bb43a7d0,128,10,6,0,9,0,1,1,1,1791335198
2026-10-07T01:08:02+00:00,2026-10-07T01:09:24.771663+00:00,2027502297316997708,2027502297316997708,6,0,0,5,0,1,1,1,1791335197
2026-10-07T01:08:02+00:00,2026-10-07T01:09:24.771663+00:00,f83482d2-0de8-11e7-991c-3863bb43a7d0,44,2,0,0,29,0,1,1,1,1791335247
2026-10-07T01:08:02+00:00,2026-10-07T01:09:24.771663+00:00,f8346803-0de8-11e7-991c-3863bb43a7d0,8,11,4,0,8,0,1,1,1,1791335247
2026-10-07T01:08:02+00:00,2026-10-07T01:09:24.771663+00:00,1a661bb7-7d14-49e9-ac3d-22bafec8a2f0,507,4,2,1,6,0,1,1,1,1791335247
2026-10-07T01:08:02+00:00,2026-10-07T01:09:24.771663+00:00,d5349097-b478-4b3f-9c46-d8fbcf38e3f4,509,8,0,0,4,0,1,1,1,1791335249
2026-10-07T01:08:02+00:00,2026-10-07T01:09:24.771663+00:00,f8346d23-0de8-11e7-991c-3863bb43a7d0,15,8,0,0,7,0,1,1,1,1791335250
2026-10-07T01:08:02+00:00,2026-10-07T01:09:24.771663+00:00,2249415127458891992,2249415127458891992,14,1,0,1,0,1,1,1,1791335248
2026-10-07T01:08:02+00:00,2026-10-07T01:09:24.771663+00:00,7560f0e3-267b-4fb3-bbfa-6e02010cfcb7,225,17,0,2,1,0,1,1,1,1791335248
2026-10-07T01:08:02+00:00,2026-10-07T01:09:24.771663+00:00,8b97606e-a849-4db8-ae9b-4009fe48d90b,556,8,1,0,11,0,1,1,1,1791335248
2026-10-07T01:08:02+00:00,2026-10-07T01:09:24.771663+00:00,f8352534-0de8-11e7-991c-3863bb43a7d0,204,6,1,0,9,0,1,1,1,1791335250
2026-10-07T01:08:02+00:00,2026-10-07T01:09:24.771663+00:00,f8350b76-0de8-11e7-991c-3863bb43a7d0,159,2,1,1,16,1,1,1,1,1791335251
2026-10-07T01:08:02+00:00,2026-10-07T01:09:24.771663+00:00,2069389896750516900,2069389896750516900,5,0,0,15,0,1,1,1,1791335247
2026-10-07T01:08:02+00:00,2026-10-07T01:09:24.771663+00:00,f83517fa-0de8-11e7-991c-3863bb43a7d0,187,11,4,0,4,0,1,1,1,1791335249
2026-10-07T01:08:02+00:00,2026-10-07T01:09:24.771663+00:00,cf5f920f-b61d-4db0-b139-14aff04d577c,459,0,0,9,0,13,1,0,0,1791335207
2026-10-07T01:08:02+00:00,2026-10-07T01:09:24.771663+00:00,f834a959-0de8-11e7-991c-3863bb43a7d0,94,10,8,0,0,0,1,1,1,1791335207
2026-10-07T01:08:02+00:00,2026-10-07T01:09:24.771663+00:00,a6e0db4f-fc9b-42af-bfe0-36cc0259b717,446,1,0,3,12,0,1,1,1,1791335208
2026-10-07T01:08:02+00:00,2026-10-07T01:09:24.771663+00:00,2119105928286481344,2119105928286481344,8,1,0,11,0,1,1,1,1791335208
2026-10-07T01:08:02+00:00,2026-10-07T01:09:24.771663+00:00,f834c7a9-0de8-11e7-991c-3863bb43a7d0,112,7,1,0,8,0,1,1,1,1791335189
2026-10-07T01:08:02+00:00,2026-10-07T01:09:24.771663+00:00,f9524971-e9f9-4572-aebc-580e48de042f,f9524971-e9f9-4572-aebc-580e48de042f,14,1,0,5,0,1,1,1,1791335187
2026-10-07T01:08:02+00:00,2026-10-07T01:09:24.771663+00:00,f834a8a0-0de8-11e7-991c-3863bb43a7d0,93,18,0,0,13,0,1,1,1,1791335188
2026-10-07T01:08:02+00:00,2026-10-07T01:09:24.771663+00:00,7f68a70d-af0e-450a-b7a8-ce621cd0c8c1,280,7,1,1,11,0,1,1,1,1791335188
2026-10-07T01:08:02+00:00,2026-10-07T01:09:24.771663+00:00,f8349b20-0de8-11e7-991c-3863bb43a7d0,76,17,0,0,0,0,1,1,1,1791335188
2026-10-07T01:08:02+00:00,2026-10-07T01:09:24.771663+00:00,f834662c-0de8-11e7-991c-3863bb43a7d0,5,15,1,0,0,0,1,1,1,1791335187
2026-10-07T01:08:02+00:00,2026-10-07T01:09:24.771663+00:00,7e1dae55-4d3d-4a41-b969-2aeca70e0e69,7e1dae55-4d3d-4a41-b969-2aeca70e0e69,9,1,0,2,0,1,1,1,1791335207
2026-10-07T01:08:02+00:00,2026-10-07T01:09:24.771663+00:00,2270212773802111256,2270212773802111256,5,0,0,14,0,1,1,1,1791335253
2026-10-07T01:08:02+00:00,2026-10-07T01:09:24.771663+00:00,0208190e-851c-417d-8bc7-1b218db97fbf,0208190e-851c-417d-8bc7-1b218db97fbf,6,0,2,16,0,1,1,1,1791335254
2026-10-07T01:08:02+00:00,2026-10-07T01:09:24.771663+00:00,2145094035874873892,2145094035874873892,8,0,1,10,0,1,1,1,1791335254
2026-10-07T01:08:02+00:00,2026-10-07T01:09:24.771663+00:00,c5cfd1ed-aa44-4e20-96bb-e334c96f0d68,376,9,0,0,6,0,1,1,1,1791335255
2026-10-07T01:08:02+00:00,2026-10-07T01:09:24.771663+00:00,f834b101-0de8-11e7-991c-3863bb43a7d0,97,3,0,1,15,1,1,1,1,1791335254
2026-10-07T01:08:02+00:00,2026-10-07T01:09:24.771663+00:00,fe90d430-d33f-48b2-a5cd-bc161b220939,553,10,0,0,13,0,1,1,1,1791335254
2026-10-07T01:08:02+00:00,2026-10-07T01:09:24.771663+00:00,2085366936904166272,2085366936904166272,8,2,2,5,0,1,1,1,1791335255
2026-10-07T01:08:02+00:00,2026-10-07T01:09:24.771663+00:00,2090158541932726550,2090158541932726550,9,0,0,6,0,1,1,1,1791335255
2026-10-07T01:08:02+00:00,2026-10-07T01:09:24.771663+00:00,ea65c25f-0718-4f79-8588-c58b9fe3a105,226,13,1,1,0,1,1,1,1,1791335252
2026-10-07T01:08:02+00:00,2026-10-07T01:09:24.771663+00:00,8a404180-7c2e-4dbe-9489-c478ed959282,8a404180-7c2e-4dbe-9489-c478ed959282,5,0,3,11,0,1,1,1,1791335252
2026-10-07T01:08:02+00:00,2026-10-07T01:09:24.771663+00:00,f8352b39-0de8-11e7-991c-3863bb43a7d0,214,10,0,0,3,1,1,1,1,1791335253
2026-10-07T01:08:02+00:00,2026-10-07T01:09:24.771663+00:00,f834abfd-0de8-11e7-991c-3863bb43a7d0,96,3,0,2,14,0,1,1,1,1791335253
2026-10-07T01:08:02+00:00,2026-10-07T01:09:24.771663+00:00,1963613484180639992,1963613484180639992,11,0,0,8,0,1,1,1,1791335257
2026-10-07T01:08:02+00:00,2026-10-07T01:09:24.771663+00:00,48abed77-c9ba-4a39-8a5c-6a1e9bb8a9a5,48abed77-c9ba-4a39-8a5c-6a1e9bb8a9a5,15,8,1,0,0,1,1,1,1791335258
2026-10-07T01:08:02+00:00,2026-10-07T01:09:24.771663+00:00,ef6ef93b-488f-496b-afbf-3aedfd967129,517,8,4,0,7,0,1,1,1,1791335256
2026-10-07T01:08:02+00:00,2026-10-07T01:09:24.771663+00:00,2090635592862466836,2090635592862466836,8,0,2,20,1,1,1,1,1791335254
2026-10-07T01:08:02+00:00,2026-10-07T01:09:24.771663+00:00,1e1b40cd-8e00-4b74-b147-be6b23f5c9e7,385,0,0,0,15,0,1,1,1,1791335258
2026-10-07T01:08:02+00:00,2026-10-07T01:09:24.771663+00:00,f83511d4-0de8-11e7-991c-3863bb43a7d0,173,6,0,0,7,1,1,1,1,1791335257
2026-10-07T01:08:02+00:00,2026-10-07T01:09:24.771663+00:00,9bfa4a32-5598-46ea-a1a1-17b4c6ed9d84,431,11,3,0,4,0,1,1,1,1791335190
2026-10-07T01:08:02+00:00,2026-10-07T01:09:24.771663+00:00,2087949096844032050,2087949096844032050,4,0,0,11,0,1,1,1,1791335190
2026-10-07T01:08:02+00:00,2026-10-07T01:09:24.771663+00:00,f83491d4-0de8-11e7-991c-3863bb43a7d0,64,0,0,1,22,0,1,1,1,1791335213
2026-10-07T01:08:02+00:00,2026-10-07T01:09:24.771663+00:00,f8349440-0de8-11e7-991c-3863bb43a7d0,68,10,2,1,7,0,1,1,1,1791335228
2026-10-07T01:08:02+00:00,2026-10-07T01:09:24.771663+00:00,9721c80e-fc8f-474f-8918-b68c041d2836,9721c80e-fc8f-474f-8918-b68c041d2836,2,1,1,20,0,1,1,1,1791335229
2026-10-07T01:08:02+00:00,2026-10-07T01:09:24.771663+00:00,270ad97d-035d-472a-9827-76d3187afc56,402,10,5,1,4,0,1,1,1,1791335230
2026-10-07T01:08:02+00:00,2026-10-07T01:09:24.771663+00:00,868ccc83-99e5-4faf-96eb-e1fae26b9741,481,3,0,1,15,0,1,1,1,1791335230
2026-10-07T01:08:02+00:00,2026-10-07T01:09:24.771663+00:00,25a9114f-66f0-427c-920f-5526ca84f056,346,14,1,1,0,0,1,1,1,1791335226
2026-10-07T01:08:02+00:00,2026-10-07T01:09:24.771663+00:00,b34694c2-c640-4f70-b196-1c357ab798e0,b34694c2-c640-4f70-b196-1c357ab798e0,10,3,0,5,0,1,1,1,1791335226
2026-10-07T01:08:02+00:00,2026-10-07T01:09:24.771663+00:00,1cced911-b428-4cfd-81be-3a8f77ce7379,233,8,2,2,5,0,1,1,1,1791335230
2026-10-07T01:08:02+00:00,2026-10-07T01:09:24.771663+00:00,f83513a7-0de8-11e7-991c-3863bb43a7d0,177,1,0,1,17,0,1,1,1,1791335217
2026-10-07T01:08:02+00:00,2026-10-07T01:09:24.771663+00:00,ff938129-8179-455c-9ac9-9fcb9fc0b6d5,ff938129-8179-455c-9ac9-9fcb9fc0b6d5,8,3,1,10,0,1,1,1,1791335216
2026-10-07T01:08:02+00:00,2026-10-07T01:09:24.771663+00:00,8983c75a-12c1-4995-aedc-24c94bd895e3,384,0,0,0,19,0,1,1,1,1791335216
2026-10-07T01:08:02+00:00,2026-10-07T01:09:24.771663+00:00,1991922092203192944,1991922092203192944,3,0,0,16,0,1,1,1,1791335216
2026-10-07T01:08:02+00:00,2026-10-07T01:09:24.771663+00:00,df03c61a-29d7-445d-9980-d7f058916591,345,13,0,0,6,0,1,1,1,1791335219
2026-10-07T01:08:02+00:00,2026-10-07T01:09:24.771663+00:00,d7507124-4cab-4063-8445-a59a33a3d6e4,512,8,4,1,10,0,1,1,1,1791335219
2026-10-07T01:08:02+00:00,2026-10-07T01:09:24.771663+00:00,f8347e78-0de8-11e7-991c-3863bb43a7d0,36,13,0,1,17,0,1,1,1,1791335219
2026-10-07T01:08:02+00:00,2026-10-07T01:09:24.771663+00:00,2039109354743046934,2039109354743046934,10,1,2,7,1,1,1,1,1791335197
2026-10-07T01:08:02+00:00,2026-10-07T01:09:24.771663+00:00,295553ea-851b-4ac2-a094-f9d1208e399a,412,4,0,1,14,0,1,1,1,1791335222
2026-10-07T01:08:02+00:00,2026-10-07T01:09:24.771663+00:00,ad2cf74c-0e8c-4e15-8f19-2259e8c82f0f,404,4,1,2,11,0,1,1,1,1791335223
2026-10-07T01:08:02+00:00,2026-10-07T01:09:24.771663+00:00,2040842870122359032,2040842870122359032,2,0,1,17,0,1,1,1,1791335220
2026-10-07T01:08:02+00:00,2026-10-07T01:09:24.771663+00:00,f834f6a3-0de8-11e7-991c-3863bb43a7d0,135,0,0,0,17,0,1,1,1,1791335221
2026-10-07T01:08:02+00:00,2026-10-07T01:09:24.771663+00:00,68e5e79a-3c94-4848-b619-9c0829d7f687,475,15,9,0,0,0,1,1,1,1791335221
2026-10-07T01:08:02+00:00,2026-10-07T01:09:24.771663+00:00,2080205593583047424,2080205593583047424,8,1,0,8,0,1,1,1,1791335225
2026-10-07T01:08:02+00:00,2026-10-07T01:09:24.771663+00:00,940638c5-7cd0-4a11-899e-86af3868d400,532,6,1,0,12,0,1,1,1,1791335222
2026-10-07T01:08:02+00:00,2026-10-07T01:09:24.771663+00:00,f834708e-0de8-11e7-991c-3863bb43a7d0,21,2,0,2,14,0,1,1,1,1791335226
2026-10-07T01:08:02+00:00,2026-10-07T01:09:24.771663+00:00,f8348622-0de8-11e7-991c-3863bb43a7d0,50,2,0,1,16,0,1,1,1,1791335199
2026-10-07T01:08:02+00:00,2026-10-07T01:09:24.771663+00:00,baab0b05-a028-4147-8432-a2726c7e48ea,328,8,0,0,7,0,1,1,1,1791335205
2026-10-07T01:08:02+00:00,2026-10-07T01:09:24.771663+00:00,57716f8d-c9ee-4768-8872-71343ec3ffd8,514,12,4,3,4,0,1,1,1,1791335203
2026-10-07T01:08:02+00:00,2026-10-07T01:09:24.771663+00:00,2259733531216984776,2259733531216984776,4,1,0,11,0,1,1,1,1791335245
2026-10-07T01:08:02+00:00,2026-10-07T01:09:24.771663+00:00,f835288a-0de8-11e7-991c-3863bb43a7d0,208,10,0,0,5,0,1,1,1,1791335245
2026-10-07T01:08:02+00:00,2026-10-07T01:09:24.771663+00:00,b205d2bb-bb76-49ac-8d14-85eec5a874d3,343,7,1,1,7,0,1,1,1,1791335243
2026-10-07T01:08:02+00:00,2026-10-07T01:09:24.771663+00:00,888780ee-bf2f-474e-9622-6bc725aa1b00,888780ee-bf2f-474e-9622-6bc725aa1b00,2,0,4,5,0,1,1,1,1791335242
2026-10-07T01:08:02+00:00,2026-10-07T01:09:24.771663+00:00,1994054629753598708,1994054629753598708,13,4,0,1,0,1,1,1,1791335243
2026-10-07T01:08:02+00:00,2026-10-07T01:09:24.771663+00:00,2270454512964591136,2270454512964591136,0,0,0,19,0,1,1,1,1791335246
2026-10-07T01:08:02+00:00,2026-10-07T01:09:24.771663+00:00,f8347ccd-0de8-11e7-991c-3863bb43a7d0,33,18,0,0,9,0,1,1,1,1791335232
2026-10-07T01:08:02+00:00,2026-10-07T01:09:24.771663+00:00,f8346b6f-0de8-11e7-991c-3863bb43a7d0,12,14,0,1,12,0,1,1,1,1791335235
2026-10-07T01:08:02+00:00,2026-10-07T01:09:24.771663+00:00,fbc512a5-4b98-4821-bcfb-bb0c7ac83543,365,0,0,0,19,0,1,1,1,1791335232
2026-10-07T01:08:02+00:00,2026-10-07T01:09:24.771663+00:00,5b1d2661-8a93-4f14-b242-ebc52792f951,337,15,3,0,0,0,1,1,1,1791335234
2026-10-07T01:08:02+00:00,2026-10-07T01:09:24.771663+00:00,2246034666940677832,2246034666940677832,5,0,0,6,0,1,1,1,1791335259
2026-10-07T01:08:02+00:00,2026-10-07T01:09:24.771663+00:00,2078337213380274244,2078337213380274244,5,4,1,5,0,1,1,1,1791335161
2026-10-07T01:08:02+00:00,2026-10-07T01:09:24.771663+00:00,676ca473-eed6-4971-aaf3-e199a7ca335b,433,14,6,0,4,1,1,1,1,1791335177
2026-10-07T01:08:02+00:00,2026-10-07T01:09:24.771663+00:00,533620e8-00ff-494a-b288-bd67602bc98e,472,0,0,0,27,0,1,1,1,1791335177
2026-10-07T01:08:02+00:00,2026-10-07T01:09:24.771663+00:00,2113200093114979090,2113200093114979090,8,1,0,7,1,1,1,1,1791335176
2026-10-07T01:08:02+00:00,2026-10-07T01:09:24.771663+00:00,42a3ecca-af9a-4556-90ba-7631546f96f8,42a3ecca-af9a-4556-90ba-7631546f96f8,4,2,1,6,0,1,1,1,1791335181
2026-10-07T01:08:02+00:00,2026-10-07T01:09:24.771663+00:00,2fd22786-dfeb-4126-a906-4f01802087f3,454,3,0,3,13,0,1,1,1,1791335203
2026-10-07T01:08:02+00:00,2026-10-07T01:09:24.771663+00:00,5018e851-f2f3-4e18-9914-c316bbcc2c3d,331,1,1,0,14,0,1,1,1,1791335204
2026-10-07T01:08:02+00:00,2026-10-07T01:09:24.771663+00:00,5bc7cba9-f0b0-442d-932c-e8c7927d87ce,386,16,0,0,3,0,1,1,1,1791335205
2026-10-07T01:08:02+00:00,2026-10-07T01:09:24.771663+00:00,0f554e1d-9f0f-452d-9b4a-e00aa2c5911e,492,5,1,0,10,0,1,1,1,1791335205
2026-10-07T01:08:02+00:00,2026-10-07T01:09:24.771663+00:00,40e58976-02cc-4c7c-911f-7a6c97588bfa,520,10,3,0,11,0,1,1,1,1791335203
2026-10-07T01:08:02+00:00,2026-10-07T01:09:24.771663+00:00,abefafdc-c772-4671-86fe-fc15a42adebb,abefafdc-c772-4671-86fe-fc15a42adebb,2,0,0,21,0,1,1,1,1791335203
2026-10-07T01:08:02+00:00,2026-10-07T01:09:24.771663+00:00,2038239468396569074,2038239468396569074,13,0,0,19,0,1,1,1,1791335204
2026-10-07T01:08:02+00:00,2026-10-07T01:09:24.771663+00:00,f8348995-0de8-11e7-991c-3863bb43a7d0,58,16,1,0,3,0,1,1,1,1791335205
2026-10-07T01:08:02+00:00,2026-10-07T01:09:24.771663+00:00,2029805507281123700,2029805507281123700,12,2,1,6,0,1,1,1,1791335204
2026-10-07T01:08:02+00:00,2026-10-07T01:09:24.771663+00:00,2071993292066931472,2071993292066931472,2,0,0,18,0,1,1,1,1791335216
2026-10-07T01:08:02+00:00,2026-10-07T01:09:24.771663+00:00,287aedf5-0361-47e9-9de0-14ae3b75cc0d,287aedf5-0361-47e9-9de0-14ae3b75cc0d,3,0,1,17,0,1,1,1,1791335216
2026-10-07T01:08:02+00:00,2026-10-07T01:09:24.771663+00:00,1944724820826878816,1944724820826878816,3,0,1,13,0,1,1,1,1791335217
2026-10-07T01:08:02+00:00,2026-10-07T01:09:24.771663+00:00,f8351336-0de8-11e7-991c-3863bb43a7d0,176,11,0,1,3,0,1,1,1,1791335216
2026-10-07T01:08:02+00:00,2026-10-07T01:09:24.771663+00:00,2113555008851845550,2113555008851845550,11,1,0,9,0,1,1,1,1791335207
2026-10-07T01:08:02+00:00,2026-10-07T01:09:24.771663+00:00,2071632496372113488,2071632496372113488,14,6,0,6,0,1,1,1,1791335218
2026-10-07T01:08:02+00:00,2026-10-07T01:09:24.771663+00:00,342a2c60-71b0-4d19-98d6-47987cf20dbc,379,12,0,0,3,0,1,1,1,1791335219
2026-10-07T01:08:02+00:00,2026-10-07T01:09:24.771663+00:00,70f20fcb-8e63-4015-9007-b97c525ab0a9,335,5,1,1,13,0,1,1,1,1791335221
2026-10-07T01:08:02+00:00,2026-10-07T01:09:24.771663+00:00,f8348481-0de8-11e7-991c-3863bb43a7d0,47,16,0,0,3,0,1,1,1,1791335221
2026-10-07T01:08:02+00:00,2026-10-07T01:09:24.771663+00:00,ff6ed364-8676-45a0-b97f-71025683849e,442,6,3,1,8,0,1,1,1,1791335222
2026-10-07T01:08:02+00:00,2026-10-07T01:09:24.771663+00:00,2070180968009321294,2070180968009321294,13,2,0,6,2,1,1,1,1791335223
2026-10-07T01:08:02+00:00,2026-10-07T01:09:24.771663+00:00,ce55d1b1-4267-40a9-ad44-5eab888ce18a,ce55d1b1-4267-40a9-ad44-5eab888ce18a,0,0,1,21,1,1,1,1,1791335224
2026-10-07T01:08:02+00:00,2026-10-07T01:09:24.771663+00:00,f83486ab-0de8-11e7-991c-3863bb43a7d0,51,6,1,1,8,0,1,1,1,1791335124
2026-10-07T01:08:02+00:00,2026-10-07T01:09:24.771663+00:00,f834b42d-0de8-11e7-991c-3863bb43a7d0,100,10,1,1,14,0,1,1,1,1791335168
2026-10-07T01:08:02+00:00,2026-10-07T01:09:24.771663+00:00,ef54374b-0406-4b17-b0a1-847f1d7bea06,410,13,2,1,1,0,1,1,1,1791335165
2026-10-07T01:08:02+00:00,2026-10-07T01:09:24.771663+00:00,93911aa1-b5e4-48aa-a2b6-38fbcf613006,93911aa1-b5e4-48aa-a2b6-38fbcf613006,12,0,0,6,0,1,1,1,1791335164
2026-10-07T01:08:02+00:00,2026-10-07T01:09:24.771663+00:00,1997031579059661288,1997031579059661288,11,1,0,0,0,1,1,1,1791335159
2026-10-07T01:08:02+00:00,2026-10-07T01:09:24.771663+00:00,f834f814-0de8-11e7-991c-3863bb43a7d0,136,0,0,0,19,0,1,1,1,1791335197
2026-10-07T01:08:02+00:00,2026-10-07T01:09:24.771663+00:00,510239fe-69c3-458b-b53c-6ce001845f4a,354,9,8,2,4,0,1,1,1,1791335227
2026-10-07T01:08:02+00:00,2026-10-07T01:09:24.771663+00:00,f834b49d-0de8-11e7-991c-3863bb43a7d0,101,12,4,1,5,0,1,1,1,1791335227
2026-10-07T01:08:02+00:00,2026-10-07T01:09:24.771663+00:00,5afe91c4-8076-4f9f-b83b-cf233bda2331,460,0,0,0,15,0,1,1,1,1791335227
2026-10-07T01:08:02+00:00,2026-10-07T01:09:24.771663+00:00,2057166010169469732,2057166010169469732,1,1,0,14,0,1,1,1,1791335230
2026-10-07T01:08:02+00:00,2026-10-07T01:09:24.771663+00:00,0adccd89-1d8d-44da-9f7c-5f18acafeddf,338,8,8,0,6,0,1,1,1,1791335229
2026-10-07T01:08:02+00:00,2026-10-07T01:09:24.771663+00:00,2111712079786088918,2111712079786088918,8,2,0,7,0,1,1,1,1791335226
2026-10-07T01:08:02+00:00,2026-10-07T01:09:24.771663+00:00,bb27977d-36c1-496d-8bac-631b612dd7b8,332,4,0,0,11,0,1,1,1,1791335147
2026-10-07T01:08:02+00:00,2026-10-07T01:09:24.771663+00:00,02a4416f-80b4-4472-accd-5db482ed5b6d,367,7,0,0,12,0,1,1,1,1791335145
2026-10-07T01:08:02+00:00,2026-10-07T01:09:24.771663+00:00,f8351019-0de8-11e7-991c-3863bb43a7d0,169,13,3,0,6,0,1,1,1,1791335143
2026-10-07T01:08:02+00:00,2026-10-07T01:09:24.771663+00:00,ec3eea05-a3ff-43c6-9e24-0c63f09b915f,378,11,1,0,8,0,1,1,1,1791335142
2026-10-07T01:08:02+00:00,2026-10-07T01:09:24.771663+00:00,9f54207a-3308-43bd-b45c-9042b6389598,423,12,1,0,7,0,1,1,1,1791335142
2026-10-07T01:08:02+00:00,2026-10-07T01:09:24.771663+00:00,f8348509-0de8-11e7-991c-3863bb43a7d0,48,2,0,0,15,0,1,1,1,1791335137
2026-10-07T01:08:02+00:00,2026-10-07T01:09:24.771663+00:00,518f6524-0e7f-454d-974e-e3ff9db1f795,494,11,3,0,0,0,1,1,1,1791335139
2026-10-07T01:08:02+00:00,2026-10-07T01:09:24.771663+00:00,ba634139-d7bf-448f-aac4-25995d36b67b,373,9,5,0,6,0,1,1,1,1791335150
2026-10-07T01:08:02+00:00,2026-10-07T01:09:24.771663+00:00,a18e1e55-507e-49d8-b7c0-5c0efd959125,358,16,4,0,3,0,1,1,1,1791335147
2026-10-07T01:08:02+00:00,2026-10-07T01:09:24.771663+00:00,c1ae49bd-2a20-4684-886b-ead8dd627cfd,c1ae49bd-2a20-4684-886b-ead8dd627cfd,12,1,1,4,0,1,1,1,1791335171
2026-10-07T01:08:02+00:00,2026-10-07T01:09:24.771663+00:00,2136942888571742916,2136942888571742916,11,0,0,4,0,1,1,1,1791335175
2026-10-07T01:08:02+00:00,2026-10-07T01:09:24.771663+00:00,9ca92778-9101-48df-90ea-08b784e26a1a,413,19,3,0,0,0,1,1,1,1791335171
2026-10-07T01:08:02+00:00,2026-10-07T01:09:24.771663+00:00,f35de2ab-979e-42d5-8cbd-dc479ed637e9,503,3,3,0,3,0,1,1,1,1791335170
2026-10-07T01:08:02+00:00,2026-10-07T01:09:24.771663+00:00,ddcc8869-b8d4-483c-b9da-457fcebc8dc1,417,18,0,0,1,0,1,1,1,1791335174
2026-10-07T01:08:02+00:00,2026-10-07T01:09:24.771663+00:00,1975886280004030604,1975886280004030604,11,0,0,12,0,1,1,1,1791335186
2026-10-07T01:08:02+00:00,2026-10-07T01:09:24.771663+00:00,20b0b405-54ba-4a80-b89c-0819772665db,440,2,0,0,13,0,1,1,1,1791335189
2026-10-07T01:08:02+00:00,2026-10-07T01:09:24.771663+00:00,f8349c69-0de8-11e7-991c-3863bb43a7d0,78,13,1,1,5,0,1,1,1,1791335189
2026-10-07T01:08:02+00:00,2026-10-07T01:09:24.771663+00:00,f834fd36-0de8-11e7-991c-3863bb43a7d0,142,6,0,0,17,0,1,1,1,1791335192
2026-10-07T01:08:02+00:00,2026-10-07T01:09:24.771663+00:00,f8349ba9-0de8-11e7-991c-3863bb43a7d0,77,11,8,0,7,0,1,1,1,1791335192
2026-10-07T01:08:02+00:00,2026-10-07T01:09:24.771663+00:00,2072145327190878794,2072145327190878794,11,0,1,12,0,1,1,1,1791335193
2026-10-07T01:08:02+00:00,2026-10-07T01:09:24.771663+00:00,f8349745-0de8-11e7-991c-3863bb43a7d0,73,0,0,0,15,0,1,1,1,1791335192
2026-10-07T01:08:02+00:00,2026-10-07T01:09:24.771663+00:00,2223043968513191970,2223043968513191970,5,0,0,11,0,1,1,1,1791335192
2026-10-07T01:08:02+00:00,2026-10-07T01:09:24.771663+00:00,2ba0c5dd-c990-4434-8a84-5c3eca23f096,447,9,5,0,10,0,1,1,1,1791335161
2026-10-07T01:08:02+00:00,2026-10-07T01:09:24.771663+00:00,f83523e3-0de8-11e7-991c-3863bb43a7d0,201,2,1,0,13,0,1,1,1,1791335183
2026-10-07T01:08:02+00:00,2026-10-07T01:09:24.771663+00:00,f8348136-0de8-11e7-991c-3863bb43a7d0,41,25,4,1,1,0,1,1,1,1791335184
2026-10-07T01:08:02+00:00,2026-10-07T01:09:24.771663+00:00,dfdaf866-b814-48e5-9bd3-eb7c4a733697,dfdaf866-b814-48e5-9bd3-eb7c4a733697,8,2,0,9,0,1,1,1,1791335207
2026-10-07T01:08:02+00:00,2026-10-07T01:09:24.771663+00:00,2327cb08-fa9f-459b-9ab0-1a319b0f2f4c,539,8,3,1,9,0,1,1,1,1791335207
2026-10-07T01:08:02+00:00,2026-10-07T01:09:24.771663+00:00,f36e24cd-de4c-4a5e-adf4-cb97ccd2958d,505,6,0,2,3,0,1,1,1,1791335208
2026-10-07T01:08:02+00:00,2026-10-07T01:09:24.771663+00:00,f8346768-0de8-11e7-991c-3863bb43a7d0,7,0,0,0,15,0,1,1,1,1791335209
2026-10-07T01:08:02+00:00,2026-10-07T01:09:24.771663+00:00,2103549125054737064,2103549125054737064,1,0,0,15,0,1,1,1,1791335210
2026-10-07T01:08:02+00:00,2026-10-07T01:09:24.771663+00:00,d7ec834e-9d9a-402c-9956-7d5f42676b94,d7ec834e-9d9a-402c-9956-7d5f42676b94,14,1,0,0,0,1,1,1,1791335213
2026-10-07T01:08:02+00:00,2026-10-07T01:09:24.771663+00:00,103a9881-e30a-4d57-b81d-863b995ff759,255,0,0,0,0,0,0,0,0,86400
2026-10-07T01:08:02+00:00,2026-10-07T01:09:24.771663+00:00,f6df6c1a-064f-428a-951c-2069a081b9df,380,0,0,2,16,0,1,1,1,1791335231
2026-10-07T01:08:02+00:00,2026-10-07T01:09:24.771663+00:00,f834b5d9-0de8-11e7-991c-3863bb43a7d0,103,5,2,0,10,0,1,1,1,1791335231
2026-10-07T01:08:02+00:00,2026-10-07T01:09:24.771663+00:00,ccd6fdd4-b39e-46d7-b43c-7bacffb6bd87,523,9,5,0,7,0,1,1,1,1791335231
2026-10-07T01:08:02+00:00,2026-10-07T01:09:24.771663+00:00,f83464e4-0de8-11e7-991c-3863bb43a7d0,3,2,0,1,11,0,1,1,1,1791335231
2026-10-07T01:08:02+00:00,2026-10-07T01:09:24.771663+00:00,f83510fd-0de8-11e7-991c-3863bb43a7d0,171,10,1,1,12,0,1,1,1,1791335234
2026-10-07T01:08:02+00:00,2026-10-07T01:09:24.771663+00:00,1960693490199507164,1960693490199507164,8,2,0,11,0,1,1,1,1791335236
2026-10-07T01:08:02+00:00,2026-10-07T01:09:24.771663+00:00,83183df0-38c2-4ae8-a0c4-4b59599c9582,222,11,0,0,3,0,1,1,1,1791335233
2026-10-07T01:08:02+00:00,2026-10-07T01:09:24.771663+00:00,f8349824-0de8-11e7-991c-3863bb43a7d0,75,3,0,0,12,0,1,1,1,1791335236
2026-10-07T01:08:02+00:00,2026-10-07T01:09:24.771663+00:00,f8347118-0de8-11e7-991c-3863bb43a7d0,22,18,0,1,14,2,1,1,1,1791335238
2026-10-07T01:08:02+00:00,2026-10-07T01:09:24.771663+00:00,36a8fbc8-6069-4a29-bbfd-63a2d019c9a5,415,0,0,0,19,0,1,1,1,1791335239
2026-10-07T01:08:02+00:00,2026-10-07T01:09:24.771663+00:00,9e710d48-51c1-460e-a027-3d16bde62b13,419,0,0,14,0,1,1,0,0,1791335240
2026-10-07T01:08:02+00:00,2026-10-07T01:09:24.771663+00:00,13918b3b-9ac5-4968-a74d-e40dd3bc952e,479,0,0,0,19,0,1,1,1,1791335240
2026-10-07T01:08:02+00:00,2026-10-07T01:09:24.771663+00:00,0839bb10-e876-4198-95e4-0147a561853d,258,13,3,1,1,0,1,1,1,1791335240
2026-10-07T01:08:02+00:00,2026-10-07T01:09:24.771663+00:00,f83494b4-0de8-11e7-991c-3863bb43a7d0,69,8,4,1,9,0,1,1,1,1791335244
2026-10-07T01:08:02+00:00,2026-10-07T01:09:24.771663+00:00,53a148ca-ac69-4a9c-a986-9a4b4df2f5df,387,6,3,0,9,0,1,1,1,1791335242
2026-10-07T01:08:02+00:00,2026-10-07T01:09:24.771663+00:00,7ec0c53c-876a-419c-a78b-4edd000bbc9a,445,10,0,0,9,0,1,1,1,1791335243
2026-10-07T01:08:02+00:00,2026-10-07T01:09:24.771663+00:00,2141932795355773712,2141932795355773712,7,0,0,10,0,1,1,1,1791335241
2026-10-07T01:08:02+00:00,2026-10-07T01:09:24.771663+00:00,54d86d05-b399-42c5-a63a-a97713afc5d4,54d86d05-b399-42c5-a63a-a97713afc5d4,7,6,1,2,0,1,1,1,1791335240
2026-10-07T01:08:02+00:00,2026-10-07T01:09:24.771663+00:00,2223045710883822544,2223045710883822544,9,5,1,5,0,1,1,1,1791335239
2026-10-07T01:08:02+00:00,2026-10-07T01:09:24.771663+00:00,f834e244-0de8-11e7-991c-3863bb43a7d0,126,5,0,0,10,0,1,1,1,1791335247
2026-10-07T01:08:02+00:00,2026-10-07T01:09:24.771663+00:00,5f726a7d-5c5d-48b1-9b13-06c77572a237,516,6,2,1,4,0,1,1,1,1791335246
2026-10-07T01:08:02+00:00,2026-10-07T01:09:24.771663+00:00,e68655be-23d3-46e5-a509-25be677e7542,482,6,0,0,5,0,1,1,1,1791335248
2026-10-07T01:08:02+00:00,2026-10-07T01:09:24.771663+00:00,2217856523888952522,2217856523888952522,7,2,0,13,0,1,1,1,1791335247
2026-10-07T01:08:02+00:00,2026-10-07T01:09:24.771663+00:00,b23674a7-15a8-46d2-8219-6668acecf24a,548,10,0,0,8,0,1,1,1,1791335244
2026-10-07T01:08:02+00:00,2026-10-07T01:09:24.771663+00:00,13444449-b3a8-43d2-b8b9-a59fbc59a174,397,9,3,0,6,0,1,1,1,1791335249
2026-10-07T01:08:02+00:00,2026-10-07T01:09:24.771663+00:00,2038619205667946906,2038619205667946906,10,2,1,9,0,1,1,1,1791335249
2026-10-07T01:08:02+00:00,2026-10-07T01:09:24.771663+00:00,f8352c92-0de8-11e7-991c-3863bb43a7d0,217,12,0,2,5,0,1,1,1,1791335248
2026-10-07T01:08:02+00:00,2026-10-07T01:09:24.771663+00:00,2043912031919765854,2043912031919765854,6,0,0,14,0,1,1,1,1791335249
2026-10-07T01:08:02+00:00,2026-10-07T01:09:24.771663+00:00,350e73e3-6f70-4b2d-87ab-24c8629e9a6a,350e73e3-6f70-4b2d-87ab-24c8629e9a6a,14,2,0,5,0,1,1,1,1791335249
2026-10-07T01:08:02+00:00,2026-10-07T01:09:24.771663+00:00,f8346894-0de8-11e7-991c-3863bb43a7d0,9,10,0,2,2,0,1,1,1,1791335252
2026-10-07T01:08:02+00:00,2026-10-07T01:09:24.771663+00:00,f83516b8-0de8-11e7-991c-3863bb43a7d0,184,6,0,0,11,1,1,1,1,1791335252
2026-10-07T01:08:02+00:00,2026-10-07T01:09:24.771663+00:00,f24a573e-ef07-4785-9270-70c443510ea6,359,4,1,3,7,1,1,1,1,1791335252
2026-10-07T01:08:02+00:00,2026-10-07T01:09:24.771663+00:00,2264176803898382980,2264176803898382980,4,2,0,7,0,1,1,1,1791335253
2026-10-07T01:08:02+00:00,2026-10-07T01:09:24.771663+00:00,b995a0b4-fc26-4661-9bc8-e166d648edfd,353,11,4,0,4,0,1,1,1,1791335253
2026-10-07T01:08:02+00:00,2026-10-07T01:09:24.771663+00:00,f834cf45-0de8-11e7-991c-3863bb43a7d0,116,12,0,1,10,0,1,1,1,1791335250
2026-10-07T01:08:02+00:00,2026-10-07T01:09:24.771663+00:00,2241260819676115550,2241260819676115550,0,0,0,25,0,1,1,1,1791335251
2026-10-07T01:08:02+00:00,2026-10-07T01:09:24.771663+00:00,2267569638034503736,2267569638034503736,6,0,4,9,0,1,1,1,1791335250
2026-10-07T01:08:02+00:00,2026-10-07T01:09:24.771663+00:00,f834952a-0de8-11e7-991c-3863bb43a7d0,70,0,0,1,22,0,1,1,1,1791335249
2026-10-07T01:08:02+00:00,2026-10-07T01:09:24.771663+00:00,f834e1b2-0de8-11e7-991c-3863bb43a7d0,125,11,7,0,8,0,1,1,1,1791335250
2026-10-07T01:08:02+00:00,2026-10-07T01:09:24.771663+00:00,f83524c0-0de8-11e7-991c-3863bb43a7d0,203,7,1,0,7,0,1,1,1,1791335250
2026-10-07T01:08:02+00:00,2026-10-07T01:09:24.771663+00:00,2170342425741020744,2170342425741020744,16,5,0,1,0,1,1,1,1791335250
2026-10-07T01:08:02+00:00,2026-10-07T01:09:24.771663+00:00,2107991976288962746,2107991976288962746,9,0,0,11,0,1,1,1,1791335252
2026-10-07T06:47:03+00:00,2026-10-07T06:48:04.399282+00:00,6eaa7343-402d-41c9-9aac-8c664fdbdcf1,6eaa7343-402d-41c9-9aac-8c664fdbdcf1,0,0,0,0,0,0,0,0,86400
2026-10-07T06:47:03+00:00,2026-10-07T06:48:04.399282+00:00,1ef9964d-47ac-4cd4-916e-7c006fa1e605,339,0,0,4,11,0,1,0,0,1791353740
2026-10-07T06:47:03+00:00,2026-10-07T06:48:04.399282+00:00,133d159e-a202-4310-910f-eca392fe181e,398,0,0,5,14,0,1,0,0,1791344701
2026-10-07T06:47:03+00:00,2026-10-07T06:48:04.399282+00:00,f8346e51-0de8-11e7-991c-3863bb43a7d0,17,13,1,0,2,0,1,1,1,1791355559
2026-10-07T06:47:03+00:00,2026-10-07T06:48:04.399282+00:00,15ec5783-ca7a-4225-ba51-cd0a45ecc975,15ec5783-ca7a-4225-ba51-cd0a45ecc975,7,5,0,4,0,1,1,1,1791355561
2026-10-07T06:47:03+00:00,2026-10-07T06:48:04.399282+00:00,2126567695528519906,2126567695528519906,8,0,0,12,0,1,1,1,1791355561
2026-10-07T06:47:03+00:00,2026-10-07T06:48:04.399282+00:00,f8351649-0de8-11e7-991c-3863bb43a7d0,183,0,0,2,17,0,1,1,1,1791355557
2026-10-07T06:47:03+00:00,2026-10-07T06:48:04.399282+00:00,25d6f87f-7025-48c5-b202-f91511a4ae19,25d6f87f-7025-48c5-b202-f91511a4ae19,14,3,1,4,0,1,1,1,1791355561
2026-10-07T06:47:03+00:00,2026-10-07T06:48:04.399282+00:00,aefc33cd-40b9-48da-8b87-415428816bdb,488,7,2,0,9,0,1,1,1,1791355562
2026-10-07T06:47:03+00:00,2026-10-07T06:48:04.399282+00:00,625f105e-4407-4988-9095-d1979cbda5e1,234,18,9,0,1,0,1,1,1,1791355562
2026-10-07T06:47:03+00:00,2026-10-07T06:48:04.399282+00:00,768433a9-fc30-4485-b136-22d6f8a96f1c,768433a9-fc30-4485-b136-22d6f8a96f1c,6,2,0,5,0,1,1,1,1791355557
2026-10-07T06:47:03+00:00,2026-10-07T06:48:04.399282+00:00,57f5003b-6574-40b3-83d7-3b5dee1472e0,518,2,1,0,8,0,1,1,1,1791355562
2026-10-07T06:47:03+00:00,2026-10-07T06:48:04.399282+00:00,f8351791-0de8-11e7-991c-3863bb43a7d0,186,10,1,0,5,0,1,1,1,1791355562
2026-10-07T06:47:03+00:00,2026-10-07T06:48:04.399282+00:00,1919521884659886482,1919521884659886482,3,0,0,16,0,1,1,1,1791355443
2026-10-07T06:47:03+00:00,2026-10-07T06:48:04.399282+00:00,4b5de733-9353-4873-9dc2-9558b3cb063a,393,8,2,1,4,0,1,1,1,1791355447
2026-10-07T06:47:03+00:00,2026-10-07T06:48:04.399282+00:00,986068c4-d11a-465a-b8d0-bd0960c57f51,986068c4-d11a-465a-b8d0-bd0960c57f51,3,0,0,11,0,1,1,1,1791355481
2026-10-07T06:47:03+00:00,2026-10-07T06:48:04.399282+00:00,829fa5a8-cc88-4ab2-9f34-b481aaa1612e,259,12,4,0,3,0,1,1,1,1791355482
2026-10-07T06:47:03+00:00,2026-10-07T06:48:04.399282+00:00,800bde2c-51df-497c-ac2d-bc3a8c00c164,800bde2c-51df-497c-ac2d-bc3a8c00c164,0,0,1,14,0,1,1,1,1791355482
2026-10-07T06:47:03+00:00,2026-10-07T06:48:04.399282+00:00,acb27827-d69a-4287-b132-3f529ca62ad2,427,3,1,0,16,0,1,1,1,1791355485
2026-10-07T06:47:03+00:00,2026-10-07T06:48:04.399282+00:00,f8347002-0de8-11e7-991c-3863bb43a7d0,20,15,0,0,8,0,1,1,1,1791355495
2026-10-07T06:47:03+00:00,2026-10-07T06:48:04.399282+00:00,2113559364250874028,2113559364250874028,10,3,0,5,0,1,1,1,1791355497
2026-10-07T06:47:03+00:00,2026-10-07T06:48:04.399282+00:00,77c1736c-a609-4453-94f7-8e4253a8193c,474,6,3,0,5,0,1,1,1,1791355494
2026-10-07T06:47:03+00:00,2026-10-07T06:48:04.399282+00:00,f8349599-0de8-11e7-991c-3863bb43a7d0,71,15,0,2,6,0,1,1,1,1791355531
2026-10-07T06:47:03+00:00,2026-10-07T06:48:04.399282+00:00,2110566771130438288,2110566771130438288,6,0,2,8,0,1,1,1,1791355537
2026-10-07T06:47:03+00:00,2026-10-07T06:48:04.399282+00:00,f8347ded-0de8-11e7-991c-3863bb43a7d0,35,0,0,1,30,0,1,1,1,1791355537
2026-10-07T06:47:03+00:00,2026-10-07T06:48:04.399282+00:00,8bc42f7f-753d-4cca-a7d6-0d7c2530ea2c,364,11,0,0,8,0,1,1,1,1791355534
2026-10-07T06:47:03+00:00,2026-10-07T06:48:04.399282+00:00,2227859082657747444,2227859082657747444,7,4,0,0,0,1,1,1,1791355455
2026-10-07T06:47:03+00:00,2026-10-07T06:48:04.399282+00:00,f8350d30-0de8-11e7-991c-3863bb43a7d0,163,10,0,0,9,0,1,1,1,1791355488
2026-10-07T06:47:03+00:00,2026-10-07T06:48:04.399282+00:00,40ee059e-8530-4992-9114-c16b87d6832f,441,8,5,0,11,0,1,1,1,1791355489
2026-10-07T06:47:03+00:00,2026-10-07T06:48:04.399282+00:00,2219705277630124418,2219705277630124418,8,3,0,7,0,1,1,1,1791355487
2026-10-07T06:47:03+00:00,2026-10-07T06:48:04.399282+00:00,2036103727838931110,2036103727838931110,8,3,0,2,0,1,1,1,1791355509
2026-10-07T06:47:03+00:00,2026-10-07T06:48:04.399282+00:00,88b35b6d-f355-44dc-b85e-ed2eb1bc9099,406,11,2,0,8,0,1,1,1,1791355508
2026-10-07T06:47:03+00:00,2026-10-07T06:48:04.399282+00:00,f8346c96-0de8-11e7-991c-3863bb43a7d0,14,0,0,1,24,0,1,1,1,1791355510
2026-10-07T06:47:03+00:00,2026-10-07T06:48:04.399282+00:00,1976640911178291400,1976640911178291400,10,4,0,1,0,1,1,1,1791355511
2026-10-07T06:47:03+00:00,2026-10-07T06:48:04.399282+00:00,cad0e759-b605-458a-b772-768dcce81dc6,372,0,0,6,13,0,1,0,0,1791324371
2026-10-07T06:47:03+00:00,2026-10-07T06:48:04.399282+00:00,2132460331327742574,2132460331327742574,1,0,0,17,0,1,1,1,1791355513
2026-10-07T06:47:03+00:00,2026-10-07T06:48:04.399282+00:00,f834fcbe-0de8-11e7-991c-3863bb43a7d0,141,0,0,0,15,0,1,1,1,1791355571
2026-10-07T06:47:03+00:00,2026-10-07T06:48:04.399282+00:00,f834b1ed-0de8-11e7-991c-3863bb43a7d0,99,9,0,0,6,0,1,1,1,1791355573
2026-10-07T06:47:03+00:00,2026-10-07T06:48:04.399282+00:00,2028220168245183460,2028220168245183460,15,1,0,4,0,1,1,1,1791355574
2026-10-07T06:47:03+00:00,2026-10-07T06:48:04.399282+00:00,2251186911126913182,2251186911126913182,13,1,1,5,0,1,1,1,1791355570
2026-10-07T06:47:03+00:00,2026-10-07T06:48:04.399282+00:00,25489822-e43a-4704-b2a8-d905b78ba77c,389,4,2,0,10,0,1,1,1,1791355571
2026-10-07T06:47:03+00:00,2026-10-07T06:48:04.399282+00:00,f8351f87-0de8-11e7-991c-3863bb43a7d0,192,0,0,0,19,0,1,1,1,1791355569
2026-10-07T06:47:03+00:00,2026-10-07T06:48:04.399282+00:00,ab6517ea-ed53-42eb-8881-657d362e56e8,560,12,0,0,3,0,1,1,1,1791355570
2026-10-07T06:47:03+00:00,2026-10-07T06:48:04.399282+00:00,1994515539257334312,1994515539257334312,16,6,0,3,0,1,1,1,1791355575
2026-10-07T06:47:03+00:00,2026-10-07T06:48:04.399282+00:00,f834f948-0de8-11e7-991c-3863bb43a7d0,138,10,0,1,3,0,1,1,1,1791355569
2026-10-07T06:47:03+00:00,2026-10-07T06:48:04.399282+00:00,f8348598-0de8-11e7-991c-3863bb43a7d0,49,4,0,0,14,0,1,1,1,1791355574
2026-10-07T06:47:03+00:00,2026-10-07T06:48:04.399282+00:00,f834e75d-0de8-11e7-991c-3863bb43a7d0,129,7,2,0,11,1,1,1,1,1791355575
2026-10-07T06:47:03+00:00,2026-10-07T06:48:04.399282+00:00,2251556760922290606,2251556760922290606,13,4,0,2,0,1,1,1,1791355575
2026-10-07T06:47:03+00:00,2026-10-07T06:48:04.399282+00:00,5410aac7-2ec0-47b6-b728-b99c5137b463,5410aac7-2ec0-47b6-b728-b99c5137b463,6,2,0,5,0,1,1,1,1791355576
2026-10-07T06:47:03+00:00,2026-10-07T06:48:04.399282+00:00,2134720099473744344,2134720099473744344,2,0,0,19,0,1,1,1,1791355578
2026-10-07T06:47:03+00:00,2026-10-07T06:48:04.399282+00:00,01d29f8c-768d-4c4f-84ca-3de966075287,469,3,2,0,8,0,1,1,1,1791355580
2026-10-07T06:47:03+00:00,2026-10-07T06:48:04.399282+00:00,a6d6d4b2-3666-43ad-a690-7f676bdcc3fd,542,10,0,3,6,0,1,1,1,1791355580
2026-10-07T06:47:03+00:00,2026-10-07T06:48:04.399282+00:00,2036412579943670600,2036412579943670600,0,0,0,12,0,1,1,1,1791355577
2026-10-07T06:47:03+00:00,2026-10-07T06:48:04.399282+00:00,2071991821019036242,2071991821019036242,15,3,0,5,0,1,1,1,1791355578
2026-10-07T06:47:03+00:00,2026-10-07T06:48:04.399282+00:00,e519df41-c4d7-403a-9afa-a5dd7cdd2d03,536,4,0,0,14,0,1,1,1,1791355501
2026-10-07T06:47:03+00:00,2026-10-07T06:48:04.399282+00:00,f834f036-0de8-11e7-991c-3863bb43a7d0,133,10,4,1,11,0,1,1,1,1791355500
2026-10-07T06:47:03+00:00,2026-10-07T06:48:04.399282+00:00,2027855476515070160,2027855476515070160,12,2,0,15,0,1,1,1,1791355498
2026-10-07T06:47:03+00:00,2026-10-07T06:48:04.399282+00:00,2149920539832638004,2149920539832638004,8,0,1,6,0,1,1,1,1791355502
2026-10-07T06:47:03+00:00,2026-10-07T06:48:04.399282+00:00,5d17f129-af8c-4f30-bc58-6a8279052772,543,5,2,1,13,0,1,1,1,1791355499
2026-10-07T06:47:03+00:00,2026-10-07T06:48:04.399282+00:00,f8352973-0de8-11e7-991c-3863bb43a7d0,210,7,0,0,8,0,1,1,1,1791355506
2026-10-07T06:47:03+00:00,2026-10-07T06:48:04.399282+00:00,f8349070-0de8-11e7-991c-3863bb43a7d0,61,2,0,2,15,0,1,1,1,1791355507
2026-10-07T06:47:03+00:00,2026-10-07T06:48:04.399282+00:00,d1a5e406-718c-44b9-b9dd-e63605b888aa,555,9,8,0,6,0,1,1,1,1791355500
2026-10-07T06:47:03+00:00,2026-10-07T06:48:04.399282+00:00,f55cdf0a-3d7b-491c-bed2-7dc0ef2062d5,489,15,3,1,0,0,1,1,1,1791355503
2026-10-07T06:47:03+00:00,2026-10-07T06:48:04.399282+00:00,f834b183-0de8-11e7-991c-3863bb43a7d0,98,1,0,1,20,0,1,1,1,1791355505
2026-10-07T06:47:03+00:00,2026-10-07T06:48:04.399282+00:00,6cec3afa-554c-466f-8323-5c619fe0ddc6,6cec3afa-554c-466f-8323-5c619fe0ddc6,3,2,0,8,0,1,1,1,1791355505
2026-10-07T06:47:03+00:00,2026-10-07T06:48:04.399282+00:00,2129149628430547474,2129149628430547474,16,3,0,0,0,1,1,1,1791355461
2026-10-07T06:47:03+00:00,2026-10-07T06:48:04.399282+00:00,f835244e-0de8-11e7-991c-3863bb43a7d0,202,9,2,0,6,0,1,1,1,1791355529
2026-10-07T06:47:03+00:00,2026-10-07T06:48:04.399282+00:00,52ca4d94-587f-4a61-a298-a1a755e73bfb,362,19,4,0,0,0,1,1,1,1791355529
2026-10-07T06:47:03+00:00,2026-10-07T06:48:04.399282+00:00,1997031876360597884,1997031876360597884,5,0,0,6,0,1,1,1,1791355538
2026-10-07T06:47:03+00:00,2026-10-07T06:48:04.399282+00:00,2250817396738253956,2250817396738253956,10,2,1,4,0,1,1,1,1791355541
2026-10-07T06:47:03+00:00,2026-10-07T06:48:04.399282+00:00,f834cb89-0de8-11e7-991c-3863bb43a7d0,115,13,1,1,5,0,1,1,1,1791355540
2026-10-07T06:47:03+00:00,2026-10-07T06:48:04.399282+00:00,f8351255-0de8-11e7-991c-3863bb43a7d0,174,12,1,1,2,0,1,1,1,1791355538
2026-10-07T06:47:03+00:00,2026-10-07T06:48:04.399282+00:00,f8351569-0de8-11e7-991c-3863bb43a7d0,181,15,2,2,2,0,1,1,1,1791355541
2026-10-07T06:47:03+00:00,2026-10-07T06:48:04.399282+00:00,f834d260-0de8-11e7-991c-3863bb43a7d0,119,14,3,0,1,0,1,1,1,1791355547
2026-10-07T06:47:03+00:00,2026-10-07T06:48:04.399282+00:00,199f3d59-e726-4549-b9c1-4dfc8a343fdb,508,9,6,0,2,0,1,1,1,1791355548
2026-10-07T06:47:03+00:00,2026-10-07T06:48:04.399282+00:00,eed9e64f-f09d-43c1-aa31-da968c66750a,368,7,4,0,8,0,1,1,1,1791355543
2026-10-07T06:47:03+00:00,2026-10-07T06:48:04.399282+00:00,f83493c0-0de8-11e7-991c-3863bb43a7d0,67,1,0,2,27,0,1,1,1,1791355548
2026-10-07T06:47:03+00:00,2026-10-07T06:48:04.399282+00:00,97a1e4e7-a1ff-427a-aaea-48ca0d00bf9c,348,3,3,0,12,0,1,1,1,1791355547
2026-10-07T06:47:03+00:00,2026-10-07T06:48:04.399282+00:00,9fef6df2-7f8f-43fc-a85b-7dd5453860f9,437,14,1,0,4,0,1,1,1,1791355519
2026-10-07T06:47:03+00:00,2026-10-07T06:48:04.399282+00:00,2127252912986958612,2127252912986958612,13,3,0,2,0,1,1,1,1791355517
2026-10-07T06:47:03+00:00,2026-10-07T06:48:04.399282+00:00,9b0aff89-5242-475e-b03b-87c3c3bf51bb,477,7,3,1,11,0,1,1,1,1791355515
2026-10-07T06:47:03+00:00,2026-10-07T06:48:04.399282+00:00,f83473ea-0de8-11e7-991c-3863bb43a7d0,27,11,0,1,11,0,1,1,1,1791355515
2026-10-07T06:47:03+00:00,2026-10-07T06:48:04.399282+00:00,ec4e1168-25dc-4929-b17b-e4ae578dd888,425,9,2,0,7,0,1,1,1,1791355515
2026-10-07T06:47:03+00:00,2026-10-07T06:48:04.399282+00:00,2131371824572002576,2131371824572002576,8,0,0,8,0,1,1,1,1791355516
2026-10-07T06:47:03+00:00,2026-10-07T06:48:04.399282+00:00,f834916a-0de8-11e7-991c-3863bb43a7d0,63,9,2,0,6,0,1,1,1,1791355518
2026-10-07T06:47:03+00:00,2026-10-07T06:48:04.399282+00:00,2438d052-2cd6-4fba-83c9-39f46cb59398,2438d052-2cd6-4fba-83c9-39f46cb59398,6,0,1,12,0,1,1,1,1791355520
2026-10-07T06:47:03+00:00,2026-10-07T06:48:04.399282+00:00,f7d416f8-4377-4019-bba7-302dc1d5a11d,391,12,0,2,1,0,1,1,1,1791355515
2026-10-07T06:47:03+00:00,2026-10-07T06:48:04.399282+00:00,f8348719-0de8-11e7-991c-3863bb43a7d0,52,13,0,0,10,0,1,1,1,1791355523
2026-10-07T06:47:03+00:00,2026-10-07T06:48:04.399282+00:00,f83532fa-0de8-11e7-991c-3863bb43a7d0,219,12,1,0,3,0,1,1,1,1791355521
2026-10-07T06:47:03+00:00,2026-10-07T06:48:04.399282+00:00,f834c5c9-0de8-11e7-991c-3863bb43a7d0,110,0,0,2,13,0,1,1,1,1791355525
2026-10-07T06:47:03+00:00,2026-10-07T06:48:04.399282+00:00,f834a2a8-0de8-11e7-991c-3863bb43a7d0,85,5,0,0,14,0,1,1,1,1791355523
2026-10-07T06:47:03+00:00,2026-10-07T06:48:04.399282+00:00,e335fa7c-7adf-4360-9bfa-76b18124a56f,541,3,3,0,8,0,1,1,1,1791355554
2026-10-07T06:47:03+00:00,2026-10-07T06:48:04.399282+00:00,a825b55d-3ab3-481f-9c50-d3a7313e6843,228,0,0,1,18,0,1,1,1,1791355555
2026-10-07T06:47:03+00:00,2026-10-07T06:48:04.399282+00:00,f8350199-0de8-11e7-991c-3863bb43a7d0,150,9,0,1,9,0,1,1,1,1791355555
2026-10-07T06:47:03+00:00,2026-10-07T06:48:04.399282+00:00,2039387081833476178,2039387081833476178,17,4,0,3,0,1,1,1,1791355555
2026-10-07T06:47:03+00:00,2026-10-07T06:48:04.399282+00:00,87b5a8b7-a330-4c51-ab32-7dafa292c88f,421,19,1,0,0,0,1,1,1,1791355549
2026-10-07T06:47:03+00:00,2026-10-07T06:48:04.399282+00:00,918335df-fc1a-45c2-9cfc-c5e2e93aecc0,467,3,1,1,7,0,1,1,1,1791355550
2026-10-07T06:47:03+00:00,2026-10-07T06:48:04.399282+00:00,82b41ffb-e284-4e4d-b22a-0cad2bfd4bee,443,8,0,0,11,0,1,1,1,1791355551
2026-10-07T06:47:03+00:00,2026-10-07T06:48:04.399282+00:00,c111ef1a-f276-415d-a95e-8e3c4e3a0c03,522,3,1,1,11,0,1,1,1,1791355585
2026-10-07T06:47:03+00:00,2026-10-07T06:48:04.399282+00:00,f834a67b-0de8-11e7-991c-3863bb43a7d0,89,3,1,1,15,0,1,1,1,1791355586
2026-10-07T06:47:03+00:00,2026-10-07T06:48:04.399282+00:00,ea00f276-26dc-48ee-b2c8-6e56fd632a2d,272,4,0,0,15,0,1,1,1,1791355586
2026-10-07T06:47:03+00:00,2026-10-07T06:48:04.399282+00:00,1999644268058967024,1999644268058967024,17,1,2,5,0,1,1,1,1791355584
2026-10-07T06:47:03+00:00,2026-10-07T06:48:04.399282+00:00,2031175112202687108,2031175112202687108,12,1,0,4,0,1,1,1,1791355567
2026-10-07T06:47:03+00:00,2026-10-07T06:48:04.399282+00:00,803a0c16-4f81-44f1-8b49-a13fcdda40c1,370,0,0,1,17,0,1,1,1,1791355585
2026-10-07T06:47:03+00:00,2026-10-07T06:48:04.399282+00:00,f834c6f5-0de8-11e7-991c-3863bb43a7d0,111,9,3,0,5,1,1,1,1,1791355581
2026-10-07T06:47:03+00:00,2026-10-07T06:48:04.399282+00:00,f606593b-3d07-40f2-bc6d-a0eb96588e44,456,16,0,0,2,0,1,1,1,1791355582
2026-10-07T06:47:03+00:00,2026-10-07T06:48:04.399282+00:00,1986694622707704150,1986694622707704150,15,2,1,3,0,1,1,1,1791355589
2026-10-07T06:47:03+00:00,2026-10-07T06:48:04.399282+00:00,2363c5a3-93cc-41a2-a767-90f1826c041f,426,0,0,0,27,0,1,1,1,1791355587
2026-10-07T06:47:03+00:00,2026-10-07T06:48:04.399282+00:00,f834a1de-0de8-11e7-991c-3863bb43a7d0,84,1,0,0,11,0,1,1,1,1791355588
2026-10-07T06:47:03+00:00,2026-10-07T06:48:04.399282+00:00,2127634714741013228,2127634714741013228,11,0,2,11,0,1,1,1,1791355589
2026-10-07T06:47:03+00:00,2026-10-07T06:48:04.399282+00:00,e4d5271f-5f76-401b-b7f0-c8dce3c26f10,462,8,1,1,2,0,1,1,1,1791355590
2026-10-07T06:47:03+00:00,2026-10-07T06:48:04.399282+00:00,1331197c-f6c6-4f4a-a29b-95e580359886,224,9,0,0,8,0,1,1,1,1791355589
2026-10-07T06:47:03+00:00,2026-10-07T06:48:04.399282+00:00,4d953f0f-13b5-4b3d-b2da-342003ff7cba,4d953f0f-13b5-4b3d-b2da-342003ff7cba,2,1,0,9,0,1,1,1,1791355589
2026-10-07T06:47:03+00:00,2026-10-07T06:48:04.399282+00:00,2089808297152151688,2089808297152151688,9,3,1,2,0,1,1,1,1791355590
2026-10-07T06:47:03+00:00,2026-10-07T06:48:04.399282+00:00,1991921362058752616,1991921362058752616,0,0,0,20,0,1,1,1,1791355586
2026-10-07T06:47:03+00:00,2026-10-07T06:48:04.399282+00:00,f8346dbd-0de8-11e7-991c-3863bb43a7d0,16,2,1,0,17,0,1,1,1,1791355549
2026-10-07T06:47:03+00:00,2026-10-07T06:48:04.399282+00:00,1976280681456741062,1976280681456741062,6,6,0,5,0,1,1,1,1791355590
2026-10-07T06:47:03+00:00,2026-10-07T06:48:04.399282+00:00,f83466c6-0de8-11e7-991c-3863bb43a7d0,6,12,1,0,2,0,1,1,1,1791355590
2026-10-07T06:47:03+00:00,2026-10-07T06:48:04.399282+00:00,8d535c23-f186-4161-aa10-17e94be6d4ae,436,5,3,3,6,1,1,1,1,1791355591
2026-10-07T06:47:03+00:00,2026-10-07T06:48:04.399282+00:00,f8347ba8-0de8-11e7-991c-3863bb43a7d0,31,2,0,0,17,0,1,1,1,1791355590
2026-10-07T06:47:03+00:00,2026-10-07T06:48:04.399282+00:00,f8347a8b-0de8-11e7-991c-3863bb43a7d0,29,5,0,0,14,0,1,1,1,1791355587
2026-10-07T06:47:03+00:00,2026-10-07T06:48:04.399282+00:00,dcd76e42-eebc-4432-9726-cdb3372b0b07,557,0,0,0,19,0,1,1,1,1791355595
2026-10-07T06:47:03+00:00,2026-10-07T06:48:04.399282+00:00,8e7c1984-dc81-43b0-a0d3-58c6de45225a,465,7,1,0,4,0,1,1,1,1791355594
2026-10-07T06:47:03+00:00,2026-10-07T06:48:04.399282+00:00,f8350129-0de8-11e7-991c-3863bb43a7d0,149,17,1,0,1,0,1,1,1,1791355595
2026-10-07T06:47:03+00:00,2026-10-07T06:48:04.399282+00:00,2220033166406469278,2220033166406469278,10,4,1,4,0,1,1,1,1791355595
2026-10-07T06:47:03+00:00,2026-10-07T06:48:04.399282+00:00,f834b928-0de8-11e7-991c-3863bb43a7d0,106,13,4,1,0,0,1,1,1,1791355593
2026-10-07T06:47:03+00:00,2026-10-07T06:48:04.399282+00:00,2124664048772581794,2124664048772581794,3,1,0,7,0,1,1,1,1791355593
2026-10-07T06:47:03+00:00,2026-10-07T06:48:04.399282+00:00,1999639508813492766,1999639508813492766,4,0,1,15,0,1,1,1,1791355597
2026-10-07T06:47:03+00:00,2026-10-07T06:48:04.399282+00:00,2261583246847893606,2261583246847893606,16,1,1,2,0,1,1,1,1791355598
2026-10-07T06:47:03+00:00,2026-10-07T06:48:04.399282+00:00,b44b7c3d-c054-4591-92a9-3b96d86050ab,b44b7c3d-c054-4591-92a9-3b96d86050ab,3,3,0,8,0,1,1,1,1791355592
2026-10-07T06:47:03+00:00,2026-10-07T06:48:04.399282+00:00,38706d8c-8d4b-49f7-b6ed-7688449db261,463,6,1,0,13,0,1,1,1,1791355598
2026-10-07T06:47:03+00:00,2026-10-07T06:48:04.399282+00:00,f834d34b-0de8-11e7-991c-3863bb43a7d0,120,13,1,2,24,0,1,1,1,1791355598
2026-10-07T06:47:03+00:00,2026-10-07T06:48:04.399282+00:00,569f4952-5a25-4394-a419-f9c4d9cca6f3,495,12,3,0,6,0,1,1,1,1791355598
2026-10-07T06:47:03+00:00,2026-10-07T06:48:04.399282+00:00,1ef5abb2-5af9-41f2-a0dd-1e44278ad9f1,502,7,2,0,4,0,1,1,1,1791355599
2026-10-07T06:47:03+00:00,2026-10-07T06:48:04.399282+00:00,31382324-2931-491a-827a-40149e45afee,232,5,0,0,6,0,1,1,1,1791355448
2026-10-07T06:47:03+00:00,2026-10-07T06:48:04.399282+00:00,2079440939380771716,2079440939380771716,2,1,1,8,0,1,1,1,1791355502
2026-10-07T06:47:03+00:00,2026-10-07T06:48:04.399282+00:00,50cc3c7f-50ed-4c70-b483-c89f3f47c938,491,13,1,0,6,0,1,1,1,1791355506
2026-10-07T06:47:03+00:00,2026-10-07T06:48:04.399282+00:00,a9d13461-7f0f-47b0-9a97-8ec9e9792865,533,13,0,1,5,0,1,1,1,1791355506
2026-10-07T06:47:03+00:00,2026-10-07T06:48:04.399282+00:00,f8349672-0de8-11e7-991c-3863bb43a7d0,72,0,0,0,23,0,1,1,1,1791355505
2026-10-07T06:47:03+00:00,2026-10-07T06:48:04.399282+00:00,ee18dbd6-05b8-4d38-a120-f84c3499a77e,519,8,5,0,2,0,1,1,1,1791355502
2026-10-07T06:47:03+00:00,2026-10-07T06:48:04.399282+00:00,f836bc28-36a7-4ca6-bba6-0d75333d84bb,538,13,1,1,5,0,1,1,1,1791355513
2026-10-07T06:47:03+00:00,2026-10-07T06:48:04.399282+00:00,dd008e3c-ff17-4c82-abe0-502272a62425,558,1,0,0,16,0,1,1,1,1791355512
2026-10-07T06:47:03+00:00,2026-10-07T06:48:04.399282+00:00,a9bc314b-a3fd-46e5-a63b-f005258bba5f,a9bc314b-a3fd-46e5-a63b-f005258bba5f,2,1,0,15,1,1,1,1,1791355516
2026-10-07T06:47:03+00:00,2026-10-07T06:48:04.399282+00:00,2253794653988522864,2253794653988522864,8,0,1,10,0,1,1,1,1791355547
2026-10-07T06:47:03+00:00,2026-10-07T06:48:04.399282+00:00,dd05a440-f881-410c-a071-864da11c634a,318,0,0,0,19,0,1,1,1,1791355547
2026-10-07T06:47:03+00:00,2026-10-07T06:48:04.399282+00:00,57caf362-1e8b-46aa-9ee3-82341c405ab0,271,4,2,1,10,0,1,1,1,1791355546
2026-10-07T06:47:03+00:00,2026-10-07T06:48:04.399282+00:00,f8348021-0de8-11e7-991c-3863bb43a7d0,39,26,2,0,1,0,1,1,1,1791355545
2026-10-07T06:47:03+00:00,2026-10-07T06:48:04.399282+00:00,2071724371800490690,2071724371800490690,17,0,0,3,0,1,1,1,1791355477
2026-10-07T06:47:03+00:00,2026-10-07T06:48:04.399282+00:00,f83487f0-0de8-11e7-991c-3863bb43a7d0,54,6,0,0,9,0,1,1,1,1791355483
2026-10-07T06:47:03+00:00,2026-10-07T06:48:04.399282+00:00,f8352150-0de8-11e7-991c-3863bb43a7d0,196,4,0,0,6,0,1,1,1,1791355485
2026-10-07T06:47:03+00:00,2026-10-07T06:48:04.399282+00:00,f8351e42-0de8-11e7-991c-3863bb43a7d0,189,0,0,0,23,0,1,1,1,1791355522
2026-10-07T06:47:03+00:00,2026-10-07T06:48:04.399282+00:00,f8346a3c-0de8-11e7-991c-3863bb43a7d0,10,3,1,1,8,0,1,1,1,1791355518
2026-10-07T06:47:03+00:00,2026-10-07T06:48:04.399282+00:00,2248987790637065652,2248987790637065652,6,3,0,6,0,1,1,1,1791355523
2026-10-07T06:47:03+00:00,2026-10-07T06:48:04.399282+00:00,2fded452-cbd0-4248-b008-f8a61ed9a85f,2fded452-cbd0-4248-b008-f8a61ed9a85f,1,0,0,14,0,1,1,1,1791355528
2026-10-07T06:47:03+00:00,2026-10-07T06:48:04.399282+00:00,e3f5d039-a49e-4b3b-ab4d-4efbef2068c6,e3f5d039-a49e-4b3b-ab4d-4efbef2068c6,17,1,0,5,0,1,1,1,1791355553
2026-10-07T06:47:03+00:00,2026-10-07T06:48:04.399282+00:00,2171110977443594588,2171110977443594588,6,0,1,8,0,1,1,1,1791355553
2026-10-07T06:47:03+00:00,2026-10-07T06:48:04.399282+00:00,1961066392414132348,1961066392414132348,3,0,0,16,0,1,1,1,1791355551
2026-10-07T06:47:03+00:00,2026-10-07T06:48:04.399282+00:00,7dd0fc98-c1dd-4c93-9c1d-4bbdf5f93346,473,14,9,0,0,0,1,1,1,1791355551
2026-10-07T06:47:03+00:00,2026-10-07T06:48:04.399282+00:00,f834923d-0de8-11e7-991c-3863bb43a7d0,65,8,0,0,11,0,1,1,1,1791355552
2026-10-07T06:47:03+00:00,2026-10-07T06:48:04.399282+00:00,2124668538068359456,2124668538068359456,9,0,1,9,0,1,1,1,1791355491
2026-10-07T06:47:03+00:00,2026-10-07T06:48:04.399282+00:00,f834fda2-0de8-11e7-991c-3863bb43a7d0,143,6,1,1,16,0,1,1,1,1791355491
2026-10-07T06:47:03+00:00,2026-10-07T06:48:04.399282+00:00,2256120653476329202,2256120653476329202,12,1,0,3,0,1,1,1,1791355491
2026-10-07T06:47:03+00:00,2026-10-07T06:48:04.399282+00:00,0cb6d635-6a7d-4d75-89b4-36b12616be12,432,10,6,0,9,0,1,1,1,1791355492
2026-10-07T06:47:03+00:00,2026-10-07T06:48:04.399282+00:00,2115804056935012722,2115804056935012722,13,2,0,6,0,1,1,1,1791355489
2026-10-07T06:47:03+00:00,2026-10-07T06:48:04.399282+00:00,1e3beeb4-f8e1-452c-93e5-48df78d4b313,334,3,0,0,15,0,1,1,1,1791355487
2026-10-07T06:47:03+00:00,2026-10-07T06:48:04.399282+00:00,2074236051937964826,2074236051937964826,13,0,0,2,1,1,1,1,1791355487
2026-10-07T06:47:03+00:00,2026-10-07T06:48:04.399282+00:00,3a6d94a7-9fee-41c5-b8cc-a8487c5e691b,549,11,1,1,11,0,1,1,1,1791355490
2026-10-07T06:47:03+00:00,2026-10-07T06:48:04.399282+00:00,dd8dee9d-d044-41d6-9371-8463cf9c671b,526,7,4,0,7,1,1,1,1,1791355492
2026-10-07T06:47:03+00:00,2026-10-07T06:48:04.399282+00:00,f8348857-0de8-11e7-991c-3863bb43a7d0,55,1,0,0,14,0,1,1,1,1791355492
2026-10-07T06:47:03+00:00,2026-10-07T06:48:04.399282+00:00,f835027c-0de8-11e7-991c-3863bb43a7d0,152,8,1,0,19,0,1,1,1,1791355511
2026-10-07T06:47:03+00:00,2026-10-07T06:48:04.399282+00:00,4764641e-b080-4c70-a1e1-049de81e09d0,273,23,0,1,16,0,1,1,1,1791355509
2026-10-07T06:47:03+00:00,2026-10-07T06:48:04.399282+00:00,609c2f06-310e-4134-8dd2-3d23aa41487b,609c2f06-310e-4134-8dd2-3d23aa41487b,12,1,1,9,0,1,1,1,1791355511
2026-10-07T06:47:03+00:00,2026-10-07T06:48:04.399282+00:00,d81e16e2-a410-4a0b-b5ae-b72748fc9781,d81e16e2-a410-4a0b-b5ae-b72748fc9781,2,1,1,16,0,1,1,1,1791355531
2026-10-07T06:47:03+00:00,2026-10-07T06:48:04.399282+00:00,a439fff7-8630-464c-b277-efca6f6bc664,531,7,0,2,5,0,1,1,1,1791355532
2026-10-07T06:47:03+00:00,2026-10-07T06:48:04.399282+00:00,4caf6e93-ddd7-4b6f-9e61-f9df1206ac92,4caf6e93-ddd7-4b6f-9e61-f9df1206ac92,14,6,0,5,0,1,1,1,1791355532
2026-10-07T06:47:03+00:00,2026-10-07T06:48:04.399282+00:00,f835141c-0de8-11e7-991c-3863bb43a7d0,178,17,0,1,0,0,1,1,1,1791355529
2026-10-07T06:47:03+00:00,2026-10-07T06:48:04.399282+00:00,f834ffc9-0de8-11e7-991c-3863bb43a7d0,146,10,2,0,9,0,1,1,1,1791355529
2026-10-07T06:47:03+00:00,2026-10-07T06:48:04.399282+00:00,1984021766354634770,1984021766354634770,15,1,0,4,0,1,1,1,1791355530
2026-10-07T06:47:03+00:00,2026-10-07T06:48:04.399282+00:00,af066ffd-b892-434f-8532-1982fc408780,480,3,0,0,8,0,1,1,1,1791355537
2026-10-07T06:47:03+00:00,2026-10-07T06:48:04.399282+00:00,b0b8e427-7203-4844-9c70-129e08a74452,347,12,4,1,1,0,1,1,1,1791355534
2026-10-07T06:47:03+00:00,2026-10-07T06:48:04.399282+00:00,f8349d6e-0de8-11e7-991c-3863bb43a7d0,79,17,0,0,1,0,1,1,1,1791355538
2026-10-07T06:47:03+00:00,2026-10-07T06:48:04.399282+00:00,3dbbb3cb-b52d-46f8-8f9c-db11e83d081c,327,14,9,1,0,0,1,1,1,1791355493
2026-10-07T06:47:03+00:00,2026-10-07T06:48:04.399282+00:00,2120986392451359068,2120986392451359068,10,0,0,9,0,1,1,1,1791355497
2026-10-07T06:47:03+00:00,2026-10-07T06:48:04.399282+00:00,68323451-daf0-4532-a6cb-b070e3ef358f,68323451-daf0-4532-a6cb-b070e3ef358f,10,1,0,9,0,1,1,1,1791355496
2026-10-07T06:47:03+00:00,2026-10-07T06:48:04.399282+00:00,dc770287-c70c-43ea-a635-39f3dc6b09cd,dc770287-c70c-43ea-a635-39f3dc6b09cd,6,1,0,5,0,1,1,1,1791355495
2026-10-07T06:47:03+00:00,2026-10-07T06:48:04.399282+00:00,3b158c7a-a362-43ae-af1f-121b78be32d7,483,8,4,1,8,0,1,1,1,1791355499
2026-10-07T06:47:03+00:00,2026-10-07T06:48:04.399282+00:00,082262bd-086b-46c7-83ce-eed2b39142ff,416,2,1,0,13,0,1,1,1,1791355500
2026-10-07T06:47:03+00:00,2026-10-07T06:48:04.399282+00:00,0bc49982-74e9-4bbf-9991-e3d809d6319e,530,2,0,0,17,0,1,1,1,1791355542
2026-10-07T06:47:03+00:00,2026-10-07T06:48:04.399282+00:00,2136546016037880534,2136546016037880534,9,1,0,6,0,1,1,1,1791355543
2026-10-07T06:47:03+00:00,2026-10-07T06:48:04.399282+00:00,2223046412750968128,2223046412750968128,2,1,0,17,0,1,1,1,1791355542
2026-10-07T06:47:03+00:00,2026-10-07T06:48:04.399282+00:00,e49a5b83-2c9c-4610-a48b-89cfea172c8f,504,4,1,0,7,0,1,1,1,1791355540
2026-10-07T06:47:03+00:00,2026-10-07T06:48:04.399282+00:00,1206f5c8-7d1f-4c32-9d65-f3e80186fbde,511,8,5,1,10,0,1,1,1,1791355541
2026-10-07T06:47:03+00:00,2026-10-07T06:48:04.399282+00:00,1994461916590643872,1994461916590643872,6,1,1,4,0,1,1,1,1791355544
2026-10-07T06:47:03+00:00,2026-10-07T06:48:04.399282+00:00,3de6e5da-9702-4623-8683-26abd98012a8,525,4,1,0,8,0,1,1,1,1791355561
2026-10-07T06:47:03+00:00,2026-10-07T06:48:04.399282+00:00,a3b94ed8-8301-4ec6-baf2-64ac493b5106,529,1,1,0,13,0,1,1,1,1791355562
2026-10-07T06:47:03+00:00,2026-10-07T06:48:04.399282+00:00,8f51f8f1-ecb8-4cd3-8529-296a03140c51,8f51f8f1-ecb8-4cd3-8529-296a03140c51,10,3,0,9,0,1,1,1,1791355564
2026-10-07T06:47:03+00:00,2026-10-07T06:48:04.399282+00:00,25cc602a-152a-4abe-9df8-a131d0a5d94b,235,15,5,0,0,0,1,1,1,1791355565
2026-10-07T06:47:03+00:00,2026-10-07T06:48:04.399282+00:00,f834b50a-0de8-11e7-991c-3863bb43a7d0,102,9,3,0,6,0,1,1,1,1791355562
2026-10-07T06:47:03+00:00,2026-10-07T06:48:04.399282+00:00,f8350be5-0de8-11e7-991c-3863bb43a7d0,160,2,0,0,12,0,1,1,1,1791355562
2026-10-07T06:47:03+00:00,2026-10-07T06:48:04.399282+00:00,3c837bc0-fd08-49c4-adf5-0e9a98e918a7,524,7,0,1,7,0,1,1,1,1791355562
2026-10-07T06:47:03+00:00,2026-10-07T06:48:04.399282+00:00,be7e7068-b85f-42c1-8ea1-e1d64e531323,be7e7068-b85f-42c1-8ea1-e1d64e531323,15,3,0,0,0,1,1,1,1791355566
2026-10-07T06:47:03+00:00,2026-10-07T06:48:04.399282+00:00,f83514f9-0de8-11e7-991c-3863bb43a7d0,180,12,1,1,6,0,1,1,1,1791355573
2026-10-07T06:47:03+00:00,2026-10-07T06:48:04.399282+00:00,efd724b2-31cb-4aec-b9d9-8ab79271630c,493,9,0,0,8,0,1,1,1,1791355573
2026-10-07T06:47:03+00:00,2026-10-07T06:48:04.399282+00:00,f834b652-0de8-11e7-991c-3863bb43a7d0,104,9,2,0,9,0,1,1,1,1791355574
2026-10-07T06:47:03+00:00,2026-10-07T06:48:04.399282+00:00,f8349de4-0de8-11e7-991c-3863bb43a7d0,80,0,0,2,33,0,1,1,1,1791355586
2026-10-07T06:47:03+00:00,2026-10-07T06:48:04.399282+00:00,f83472d3-0de8-11e7-991c-3863bb43a7d0,25,15,0,0,0,0,1,1,1,1791355587
2026-10-07T06:47:03+00:00,2026-10-07T06:48:04.399282+00:00,2131714490587826928,2131714490587826928,10,7,2,4,0,1,1,1,1791355588
2026-10-07T06:47:03+00:00,2026-10-07T06:48:04.399282+00:00,fae99a0c-e88a-4112-94d8-f655cf34e651,fae99a0c-e88a-4112-94d8-f655cf34e651,3,0,1,15,0,1,1,1,1791355589
2026-10-07T06:47:03+00:00,2026-10-07T06:48:04.399282+00:00,2113560016964645240,2113560016964645240,9,0,1,9,0,1,1,1,1791355583
2026-10-07T06:47:03+00:00,2026-10-07T06:48:04.399282+00:00,2158217922577811100,2158217922577811100,8,1,0,11,0,1,1,1,1791355587
2026-10-07T06:47:03+00:00,2026-10-07T06:48:04.399282+00:00,2111332861978124760,2111332861978124760,5,1,1,10,0,1,1,1,1791355559
2026-10-07T06:47:03+00:00,2026-10-07T06:48:04.399282+00:00,2012646293885032702,2012646293885032702,4,0,1,19,0,1,1,1,1791355556
2026-10-07T06:47:03+00:00,2026-10-07T06:48:04.399282+00:00,c935cfb1-ef73-402e-9b86-83aaaac6534d,478,6,0,0,13,0,1,1,1,1791355571
2026-10-07T06:47:03+00:00,2026-10-07T06:48:04.399282+00:00,8b703219-1e16-4ba1-9f46-2b7030c7849a,360,6,6,2,7,0,1,1,1,1791355571
2026-10-07T06:47:03+00:00,2026-10-07T06:48:04.399282+00:00,f834d064-0de8-11e7-991c-3863bb43a7d0,118,18,6,0,1,0,1,1,1,1791355572
2026-10-07T06:47:03+00:00,2026-10-07T06:48:04.399282+00:00,f834a32d-0de8-11e7-991c-3863bb43a7d0,86,17,0,0,8,0,1,1,1,1791355567
2026-10-07T06:47:03+00:00,2026-10-07T06:48:04.399282+00:00,f835259f-0de8-11e7-991c-3863bb43a7d0,205,3,0,1,11,0,1,1,1,1791355567
2026-10-07T06:47:03+00:00,2026-10-07T06:48:04.399282+00:00,fbb9b58c-2b92-4bcf-8e4c-a982e40d2f39,221,5,3,0,13,0,1,1,1,1791355567
2026-10-07T06:47:03+00:00,2026-10-07T06:48:04.399282+00:00,f8352c1a-0de8-11e7-991c-3863bb43a7d0,216,10,2,0,9,0,1,1,1,1791355569
2026-10-07T06:47:03+00:00,2026-10-07T06:48:04.399282+00:00,f4a64c30-b97f-4ae5-b531-a11698b558d7,562,5,1,0,4,0,1,1,1,1791355569
2026-10-07T06:47:03+00:00,2026-10-07T06:48:04.399282+00:00,910f1452-dbeb-4e69-b226-71b2d7e85715,910f1452-dbeb-4e69-b226-71b2d7e85715,7,7,0,3,0,1,1,1,1791355570
2026-10-07T06:47:03+00:00,2026-10-07T06:48:04.399282+00:00,f8346c01-0de8-11e7-991c-3863bb43a7d0,13,0,0,0,19,0,1,1,1,1791355577
2026-10-07T06:47:03+00:00,2026-10-07T06:48:04.399282+00:00,b5894555-30a3-46db-918a-fdeb083d6001,336,13,7,1,1,0,1,1,1,1791355578
2026-10-07T06:47:03+00:00,2026-10-07T06:48:04.399282+00:00,c98f50f6-1901-4c64-b164-8cf33245e022,282,14,1,1,2,1,1,1,1,1791355580
2026-10-07T06:47:03+00:00,2026-10-07T06:48:04.399282+00:00,ee0fa23e-a6c2-474d-a6ef-bf581d63f1ae,ee0fa23e-a6c2-474d-a6ef-bf581d63f1ae,11,4,0,0,0,1,1,1,1791355581
2026-10-07T06:47:03+00:00,2026-10-07T06:48:04.399282+00:00,2002247509585342522,2002247509585342522,11,1,0,0,0,1,1,1,1791355581
2026-10-07T06:47:03+00:00,2026-10-07T06:48:04.399282+00:00,2035765531590062506,2035765531590062506,6,1,2,3,0,1,1,1,1791355581
2026-10-07T06:47:03+00:00,2026-10-07T06:48:04.399282+00:00,2100948177843249670,2100948177843249670,6,5,0,5,0,1,1,1,1791355579
2026-10-07T06:47:03+00:00,2026-10-07T06:48:04.399282+00:00,f8353277-0de8-11e7-991c-3863bb43a7d0,218,0,0,0,15,0,1,1,1,1791355582
2026-10-07T06:47:03+00:00,2026-10-07T06:48:04.399282+00:00,634b697d-0e64-4102-8849-abac7a7f8e35,455,4,2,0,8,0,1,1,1,1791355579
2026-10-07T06:47:03+00:00,2026-10-07T06:48:04.399282+00:00,f834db9b-0de8-11e7-991c-3863bb43a7d0,121,16,7,0,1,0,1,1,1,1791355593
2026-10-07T06:47:03+00:00,2026-10-07T06:48:04.399282+00:00,66763558-7a03-48a9-8665-6b4445b81f48,458,11,4,0,4,0,1,1,1,1791355593
2026-10-07T06:47:03+00:00,2026-10-07T06:48:04.399282+00:00,f834ff5a-0de8-11e7-991c-3863bb43a7d0,145,10,1,1,8,0,1,1,1,1791355594
2026-10-07T06:47:03+00:00,2026-10-07T06:48:04.399282+00:00,a51b429f-bf06-425a-b3fe-b3155aa6468c,a51b429f-bf06-425a-b3fe-b3155aa6468c,4,3,1,6,0,1,1,1,1791355591
2026-10-07T06:47:03+00:00,2026-10-07T06:48:04.399282+00:00,f8351ff1-0de8-11e7-991c-3863bb43a7d0,193,7,0,1,6,0,1,1,1,1791355590
2026-10-07T06:47:03+00:00,2026-10-07T06:48:04.399282+00:00,f8352a4d-0de8-11e7-991c-3863bb43a7d0,212,18,2,1,13,0,1,1,1,1791355592
2026-10-07T06:47:03+00:00,2026-10-07T06:48:04.399282+00:00,f834fb66-0de8-11e7-991c-3863bb43a7d0,139,15,2,0,4,0,1,1,1,1791355592
2026-10-07T06:47:03+00:00,2026-10-07T06:48:04.399282+00:00,f8350c56-0de8-11e7-991c-3863bb43a7d0,161,23,6,0,0,0,1,1,1,1791355592
2026-10-07T06:47:03+00:00,2026-10-07T06:48:04.399282+00:00,1963273678015717438,1963273678015717438,0,0,0,19,0,1,1,1,1791355595
2026-10-07T06:47:03+00:00,2026-10-07T06:48:04.399282+00:00,3f4f4ad4-a715-43d5-828f-f8381f26b66a,390,7,0,0,7,1,1,1,1,1791355596
2026-10-07T06:47:03+00:00,2026-10-07T06:48:04.399282+00:00,f8348781-0de8-11e7-991c-3863bb43a7d0,53,19,1,0,0,0,1,1,1,1791355595
2026-10-07T06:47:03+00:00,2026-10-07T06:48:04.399282+00:00,2126939746529359956,2126939746529359956,11,1,0,8,0,1,1,1,1791355596
2026-10-07T06:47:03+00:00,2026-10-07T06:48:04.399282+00:00,2080157934789007958,2080157934789007958,16,2,2,1,0,1,1,1,1791355597
2026-10-07T06:47:03+00:00,2026-10-07T06:48:04.399282+00:00,13681246-4bf8-444a-a908-fa165e4ad298,329,13,0,1,1,0,1,1,1,1791355598
2026-10-07T06:47:03+00:00,2026-10-07T06:48:04.399282+00:00,f8347361-0de8-11e7-991c-3863bb43a7d0,26,15,0,0,0,0,1,1,1,1791355598
2026-10-07T06:47:03+00:00,2026-10-07T06:48:04.399282+00:00,2004828637786472956,2004828637786472956,15,7,1,3,0,1,1,1,1791355598
2026-10-07T06:47:03+00:00,2026-10-07T06:48:04.399282+00:00,f8352306-0de8-11e7-991c-3863bb43a7d0,199,10,6,1,4,0,1,1,1,1791355599
2026-10-07T06:47:03+00:00,2026-10-07T06:48:04.399282+00:00,f1cafe36-f800-41f6-b74d-73953cb6394c,471,0,0,0,27,0,1,1,1,1791355600
2026-10-07T06:47:03+00:00,2026-10-07T06:48:04.399282+00:00,f8348924-0de8-11e7-991c-3863bb43a7d0,57,11,0,0,3,0,1,1,1,1791355599
2026-10-07T06:47:03+00:00,2026-10-07T06:48:04.399282+00:00,8347c34d-68df-404b-ac58-7a387cc3ce4b,414,9,2,0,14,0,1,1,1,1791355430
2026-10-07T06:47:03+00:00,2026-10-07T06:48:04.399282+00:00,f834fede-0de8-11e7-991c-3863bb43a7d0,144,5,0,0,14,0,1,1,1,1791355429
2026-10-07T06:47:03+00:00,2026-10-07T06:48:04.399282+00:00,12141b77-6e5f-444b-bace-2abf16db4fee,12141b77-6e5f-444b-bace-2abf16db4fee,0,0,11,0,0,1,0,0,1791320514
2026-10-07T06:47:03+00:00,2026-10-07T06:48:04.399282+00:00,2271594282663217386,2271594282663217386,2,2,0,9,0,1,1,1,1791355465
2026-10-07T06:47:03+00:00,2026-10-07T06:48:04.399282+00:00,f8352378-0de8-11e7-991c-3863bb43a7d0,200,14,0,0,5,0,1,1,1,1791355479
2026-10-07T06:47:03+00:00,2026-10-07T06:48:04.399282+00:00,2151136782588526782,2151136782588526782,8,1,1,2,0,1,1,1,1791355485
2026-10-07T06:47:03+00:00,2026-10-07T06:48:04.399282+00:00,2002579415401984808,2002579415401984808,4,0,0,7,0,1,1,1,1791355485
2026-10-07T06:47:03+00:00,2026-10-07T06:48:04.399282+00:00,fe6a64e7-c712-404c-85ae-ee77a37245b1,355,7,1,1,9,0,1,1,1,1791355487
2026-10-07T06:47:03+00:00,2026-10-07T06:48:04.399282+00:00,f8351726-0de8-11e7-991c-3863bb43a7d0,185,0,0,1,14,0,1,1,1,1791355486
2026-10-07T06:47:03+00:00,2026-10-07T06:48:04.399282+00:00,403c0f6c-d01a-4171-a7be-3aa4dbb0d7d1,407,11,8,2,5,0,1,1,1,1791355486
2026-10-07T06:47:03+00:00,2026-10-07T06:48:04.399282+00:00,c1789d39-705f-4c03-9c14-4d6a3a4f4400,561,0,0,0,19,0,1,1,1,1791355484
2026-10-07T06:47:03+00:00,2026-10-07T06:48:04.399282+00:00,2098360140389493528,2098360140389493528,6,5,3,2,0,1,1,1,1791355483
2026-10-07T06:47:03+00:00,2026-10-07T06:48:04.399282+00:00,eee3aab6-bd98-4d1f-8887-9c4e2adce482,eee3aab6-bd98-4d1f-8887-9c4e2adce482,9,3,2,0,0,1,1,1,1791355484
2026-10-07T06:47:03+00:00,2026-10-07T06:48:04.399282+00:00,4fe8e777-345b-4fc2-a684-dd874e8186d8,4fe8e777-345b-4fc2-a684-dd874e8186d8,8,4,1,6,0,1,1,1,1791355490
2026-10-07T06:47:03+00:00,2026-10-07T06:48:04.399282+00:00,a3bf0bfe-198b-4160-a2fb-cc7d10cfb4cf,a3bf0bfe-198b-4160-a2fb-cc7d10cfb4cf,9,1,0,10,0,1,1,1,1791355492
2026-10-07T06:47:03+00:00,2026-10-07T06:48:04.399282+00:00,065e0e5d-8a0d-49b7-9c1f-c8eaba51a8b4,490,12,4,1,5,0,1,1,1,1791355492
2026-10-07T06:47:03+00:00,2026-10-07T06:48:04.399282+00:00,2002248857751890568,2002248857751890568,10,8,0,1,0,1,1,1,1791355490
2026-10-07T06:47:03+00:00,2026-10-07T06:48:04.399282+00:00,f83489ff-0de8-11e7-991c-3863bb43a7d0,59,1,0,0,17,1,1,1,1,1791355490
2026-10-07T06:47:03+00:00,2026-10-07T06:48:04.399282+00:00,2096125468116637776,2096125468116637776,12,0,0,3,0,1,1,1,1791355494
2026-10-07T06:47:03+00:00,2026-10-07T06:48:04.399282+00:00,ca76adb6-4c84-4484-9ec3-b411b81ddbef,ca76adb6-4c84-4484-9ec3-b411b81ddbef,4,1,2,13,0,1,1,1,1791355493
2026-10-07T06:47:03+00:00,2026-10-07T06:48:04.399282+00:00,f0f01d4c-ba4a-4ab2-9cc0-9fa1f9223300,394,6,3,0,8,0,1,1,1,1791355498
2026-10-07T06:47:03+00:00,2026-10-07T06:48:04.399282+00:00,f834a7d1-0de8-11e7-991c-3863bb43a7d0,91,3,0,0,16,0,1,1,1,1791355502
2026-10-07T06:47:03+00:00,2026-10-07T06:48:04.399282+00:00,f83515d8-0de8-11e7-991c-3863bb43a7d0,182,10,0,0,8,0,1,1,1,1791355502
2026-10-07T06:47:03+00:00,2026-10-07T06:48:04.399282+00:00,bd3d4824-7203-4edc-a314-cea2b413e886,319,13,3,0,13,1,1,1,1,1791355499
2026-10-07T06:47:03+00:00,2026-10-07T06:48:04.399282+00:00,1a39ab83-f029-4134-aad4-35380b30bf2c,1a39ab83-f029-4134-aad4-35380b30bf2c,6,0,0,13,0,1,1,1,1791355504
2026-10-07T06:47:03+00:00,2026-10-07T06:48:04.399282+00:00,ed6c012e-6d6c-41e7-8e01-90749fd67575,546,11,10,0,5,0,1,1,1,1791355504
2026-10-07T06:47:03+00:00,2026-10-07T06:48:04.399282+00:00,2267959380696438832,2267959380696438832,7,0,0,4,0,1,1,1,1791355511
2026-10-07T06:47:03+00:00,2026-10-07T06:48:04.399282+00:00,f8351490-0de8-11e7-991c-3863bb43a7d0,179,52,7,0,0,1,1,1,1,1791355509
2026-10-07T06:47:03+00:00,2026-10-07T06:48:04.399282+00:00,f834ba08-0de8-11e7-991c-3863bb43a7d0,108,0,0,0,16,0,1,1,1,1791355513
2026-10-07T06:47:03+00:00,2026-10-07T06:48:04.399282+00:00,2104f242-2dde-4ec0-8197-4454b1021ac1,381,13,2,2,8,1,1,1,1,1791355512
2026-10-07T06:47:03+00:00,2026-10-07T06:48:04.399282+00:00,f8348a68-0de8-11e7-991c-3863bb43a7d0,60,9,4,1,8,0,1,1,1,1791355508
2026-10-07T06:47:03+00:00,2026-10-07T06:48:04.399282+00:00,a83f982f-a4f1-43e4-98e8-c8f4a0bb7290,452,14,1,0,0,0,1,1,1,1791355503
2026-10-07T06:47:03+00:00,2026-10-07T06:48:04.399282+00:00,ad2fb6f2-921f-440c-83de-08be76e35c2a,468,3,0,1,10,0,1,1,1,1791355503
2026-10-07T06:47:03+00:00,2026-10-07T06:48:04.399282+00:00,f834dedf-0de8-11e7-991c-3863bb43a7d0,124,10,4,0,4,0,1,1,1,1791355514
2026-10-07T06:47:03+00:00,2026-10-07T06:48:04.399282+00:00,f83512c9-0de8-11e7-991c-3863bb43a7d0,175,6,2,0,11,0,1,1,1,1791355513
2026-10-07T06:47:03+00:00,2026-10-07T06:48:04.399282+00:00,f83529e2-0de8-11e7-991c-3863bb43a7d0,211,9,0,0,6,0,1,1,1,1791355516
2026-10-07T06:47:03+00:00,2026-10-07T06:48:04.399282+00:00,c23a4c0d-7e43-4042-80e2-7c894d07763b,559,5,1,0,6,0,1,1,1,1791355517
2026-10-07T06:47:03+00:00,2026-10-07T06:48:04.399282+00:00,9f582e05-15e0-4a39-aef5-c719e0c78e26,466,5,3,2,4,0,1,1,1,1791355516
2026-10-07T06:47:03+00:00,2026-10-07T06:48:04.399282+00:00,0b0467c1-0c90-4529-a556-fe4d57835bbb,435,11,11,0,3,1,1,1,1,1791355516
2026-10-07T06:47:03+00:00,2026-10-07T06:48:04.399282+00:00,2249419943962214726,2249419943962214726,2,1,1,16,0,1,1,1,1791355536
2026-10-07T06:47:03+00:00,2026-10-07T06:48:04.399282+00:00,12d463d2-ce50-43bd-81b1-6be4dbdbbc1b,430,13,4,0,6,0,1,1,1,1791355534
2026-10-07T06:47:03+00:00,2026-10-07T06:48:04.399282+00:00,9e9be067-c6bb-41de-9491-eda69d24d6de,371,15,5,0,3,0,1,1,1,1791355535
2026-10-07T06:47:03+00:00,2026-10-07T06:48:04.399282+00:00,47c44bb1-d065-41f5-ad79-c18aee60af34,342,10,0,1,4,0,1,1,1,1791355518
2026-10-07T06:47:03+00:00,2026-10-07T06:48:04.399282+00:00,f834f8ca-0de8-11e7-991c-3863bb43a7d0,137,11,9,4,2,2,1,1,1,1791355519
2026-10-07T06:47:03+00:00,2026-10-07T06:48:04.399282+00:00,1942556871369959976,1942556871369959976,14,6,1,4,0,1,1,1,1791355522
2026-10-07T06:47:03+00:00,2026-10-07T06:48:04.399282+00:00,1921360868231155718,1921360868231155718,3,0,0,16,0,1,1,1,1791355520
2026-10-07T06:47:03+00:00,2026-10-07T06:48:04.399282+00:00,93381e13-cd04-4e10-ac81-9f5926aa01d5,333,19,6,1,5,0,1,1,1,1791355521
2026-10-07T06:47:03+00:00,2026-10-07T06:48:04.399282+00:00,aa556ad4-0092-4687-96c2-8dbc69addb56,485,5,0,2,4,0,1,1,1,1791355521
2026-10-07T06:47:03+00:00,2026-10-07T06:48:04.399282+00:00,81676204-e42f-4d3d-991e-9c1264f36229,357,14,2,0,1,0,1,1,1,1791355526
2026-10-07T06:47:03+00:00,2026-10-07T06:48:04.399282+00:00,e32c0bb9-e85b-4764-b0fb-5c582cfd3a90,340,14,8,1,2,2,1,1,1,1791355527
2026-10-07T06:47:03+00:00,2026-10-07T06:48:04.399282+00:00,f8347b1e-0de8-11e7-991c-3863bb43a7d0,30,1,0,0,14,0,1,1,1,1791355525
2026-10-07T06:47:03+00:00,2026-10-07T06:48:04.399282+00:00,f8285d4f-5053-4e26-bb28-72016fe11353,405,12,0,0,7,0,1,1,1,1791355526
2026-10-07T06:47:03+00:00,2026-10-07T06:48:04.399282+00:00,c202f2ca-ec1d-4dc5-a734-e0a342f23ba4,279,18,1,1,4,0,1,1,1,1791355523
2026-10-07T06:47:03+00:00,2026-10-07T06:48:04.399282+00:00,2225590560002383786,2225590560002383786,0,0,0,15,0,1,1,1,1791355530
2026-10-07T06:47:03+00:00,2026-10-07T06:48:04.399282+00:00,2118368356250680236,2118368356250680236,4,0,0,12,0,1,1,1,1791355512
2026-10-07T06:47:03+00:00,2026-10-07T06:48:04.399282+00:00,f834a838-0de8-11e7-991c-3863bb43a7d0,92,10,2,1,7,0,1,1,1,1791355529
2026-10-07T06:47:03+00:00,2026-10-07T06:48:04.399282+00:00,2123672938202825324,2123672938202825324,0,0,0,15,0,1,1,1,1791355533
2026-10-07T06:47:03+00:00,2026-10-07T06:48:04.399282+00:00,f834a3a0-0de8-11e7-991c-3863bb43a7d0,87,14,3,0,1,0,1,1,1,1791355531
2026-10-07T06:47:03+00:00,2026-10-07T06:48:04.399282+00:00,f8346f6f-0de8-11e7-991c-3863bb43a7d0,19,11,1,1,2,0,1,1,1,1791355547
2026-10-07T06:47:03+00:00,2026-10-07T06:48:04.399282+00:00,f83471a1-0de8-11e7-991c-3863bb43a7d0,23,4,0,0,20,1,1,1,1,1791355544
2026-10-07T06:47:03+00:00,2026-10-07T06:48:04.399282+00:00,e2c306f6-82c7-4d0d-89fd-c9452d2f9ad1,361,6,1,0,37,0,1,1,1,1791355548
2026-10-07T06:47:03+00:00,2026-10-07T06:48:04.399282+00:00,f8349ed6-0de8-11e7-991c-3863bb43a7d0,82,6,1,0,19,0,1,1,1,1791355544
2026-10-07T06:47:03+00:00,2026-10-07T06:48:04.399282+00:00,f8350204-0de8-11e7-991c-3863bb43a7d0,151,1,0,0,18,0,1,1,1,1791355544
2026-10-07T06:47:03+00:00,2026-10-07T06:48:04.399282+00:00,5bbdd12f-fec4-4741-9d5d-4a60834c5d02,377,9,2,0,10,0,1,1,1,1791355551
2026-10-07T06:47:03+00:00,2026-10-07T06:48:04.399282+00:00,52485851-e554-49de-ab9f-f536806d2d34,52485851-e554-49de-ab9f-f536806d2d34,4,1,0,6,0,1,1,1,1791355551
2026-10-07T06:47:03+00:00,2026-10-07T06:48:04.399282+00:00,4c128753-6fde-4d4c-896e-a1adf89ada98,4c128753-6fde-4d4c-896e-a1adf89ada98,0,0,1,23,1,1,1,1,1791355552
2026-10-07T06:47:03+00:00,2026-10-07T06:48:04.399282+00:00,d1c0b0c2-6e4c-424e-a946-a2a95a711633,422,7,1,0,8,0,1,1,1,1791355553
2026-10-07T06:47:03+00:00,2026-10-07T06:48:04.399282+00:00,2245672241002318634,2245672241002318634,6,1,1,11,0,1,1,1,1791355549
2026-10-07T06:47:03+00:00,2026-10-07T06:48:04.399282+00:00,1976642295079838524,1976642295079838524,4,0,1,6,0,1,1,1,1791355553
2026-10-07T06:47:03+00:00,2026-10-07T06:48:04.399282+00:00,f834ec42-0de8-11e7-991c-3863bb43a7d0,131,16,2,1,1,0,1,1,1,1791355557
2026-10-07T06:47:03+00:00,2026-10-07T06:48:04.399282+00:00,f8349e56-0de8-11e7-991c-3863bb43a7d0,81,7,0,1,11,0,1,1,1,1791355557
2026-10-07T06:47:03+00:00,2026-10-07T06:48:04.399282+00:00,2130224177726511580,2130224177726511580,6,0,0,9,0,1,1,1,1791355554
2026-10-07T06:47:03+00:00,2026-10-07T06:48:04.399282+00:00,7df1ee28-441e-44c1-8507-8f58946be96b,239,14,2,1,0,0,1,1,1,1791355555
2026-10-07T06:47:03+00:00,2026-10-07T06:48:04.399282+00:00,5f8ced09-665c-41e5-b67e-1e58fac21830,521,3,0,0,8,0,1,1,1,1791355563
2026-10-07T06:47:03+00:00,2026-10-07T06:48:04.399282+00:00,f8352068-0de8-11e7-991c-3863bb43a7d0,194,11,0,0,8,0,1,1,1,1791355564
2026-10-07T06:47:03+00:00,2026-10-07T06:48:04.399282+00:00,f83480a9-0de8-11e7-991c-3863bb43a7d0,40,28,0,0,3,0,1,1,1,1791355564
2026-10-07T06:47:03+00:00,2026-10-07T06:48:04.399282+00:00,f714390d-6874-43fa-a079-a07f83c79c7b,f714390d-6874-43fa-a079-a07f83c79c7b,10,3,1,0,0,1,1,1,1791355562
2026-10-07T06:47:03+00:00,2026-10-07T06:48:04.399282+00:00,0daf7408-7a15-4d2b-8c39-f1a097cdbe85,403,5,0,0,10,0,1,1,1,1791355561
2026-10-07T06:47:03+00:00,2026-10-07T06:48:04.399282+00:00,7c860828-3359-4229-b59b-963f5a4bab00,236,5,1,2,5,0,1,1,1,1791355570
2026-10-07T06:47:03+00:00,2026-10-07T06:48:04.399282+00:00,f8352ac4-0de8-11e7-991c-3863bb43a7d0,213,0,0,2,12,0,1,1,1,1791355570
2026-10-07T06:47:03+00:00,2026-10-07T06:48:04.399282+00:00,2076849845777355316,2076849845777355316,16,0,3,10,3,1,1,1,1791355570
2026-10-07T06:47:03+00:00,2026-10-07T06:48:04.399282+00:00,81bfc33b-30d8-4881-b261-712715a8b2bc,363,5,1,0,12,1,1,1,1,1791355571
2026-10-07T06:47:03+00:00,2026-10-07T06:48:04.399282+00:00,f8351eb0-0de8-11e7-991c-3863bb43a7d0,190,28,1,1,8,0,1,1,1,1791355570
2026-10-07T06:47:03+00:00,2026-10-07T06:48:04.399282+00:00,eb8824c3-9c84-4fec-8d6f-d537c8ab3beb,349,13,10,0,3,1,1,1,1,1791355571
2026-10-07T06:47:03+00:00,2026-10-07T06:48:04.399282+00:00,2109111257926871498,2109111257926871498,15,4,1,3,0,1,1,1,1791355572
2026-10-07T06:47:03+00:00,2026-10-07T06:48:04.399282+00:00,74cb9bf6-bb53-4c70-88d2-67998b99628c,296,12,2,0,11,0,1,1,1,1791355574
2026-10-07T06:47:03+00:00,2026-10-07T06:48:04.399282+00:00,2040842277416872172,2040842277416872172,7,1,0,9,0,1,1,1,1791355495
2026-10-07T06:47:03+00:00,2026-10-07T06:48:04.399282+00:00,2071630998981871920,2071630998981871920,12,5,0,8,0,1,1,1,1791355576
2026-10-07T06:47:03+00:00,2026-10-07T06:48:04.399282+00:00,6e340d8e-45db-4fd9-b6eb-b74ec73b0d3e,535,6,1,2,7,0,1,1,1,1791355576
2026-10-07T06:47:03+00:00,2026-10-07T06:48:04.399282+00:00,be18593a-9e4c-4a13-8bb2-a5bac3d9b2b3,547,11,3,0,7,0,1,1,1,1791355572
2026-10-07T06:47:03+00:00,2026-10-07T06:48:04.399282+00:00,9340e113-e0b2-48ac-b58a-8b6f001b0a94,486,4,1,0,7,0,1,1,1,1791355578
2026-10-07T06:47:03+00:00,2026-10-07T06:48:04.399282+00:00,00802fe6-4268-4dc8-8f55-0dbbc1665ce6,515,3,0,2,14,0,1,1,1,1791355581
2026-10-07T06:47:03+00:00,2026-10-07T06:48:04.399282+00:00,f834b99d-0de8-11e7-991c-3863bb43a7d0,107,0,0,0,18,0,1,1,1,1791355582
2026-10-07T06:47:03+00:00,2026-10-07T06:48:04.399282+00:00,2131760674371160748,2131760674371160748,4,0,1,15,0,1,1,1,1791355581
2026-10-07T06:47:03+00:00,2026-10-07T06:48:04.399282+00:00,2254164250455119196,2254164250455119196,7,7,0,8,0,1,1,1,1791355580
2026-10-07T06:47:03+00:00,2026-10-07T06:48:04.399282+00:00,f834fc57-0de8-11e7-991c-3863bb43a7d0,140,9,1,3,5,0,1,1,1,1791355579
2026-10-07T06:47:03+00:00,2026-10-07T06:48:04.399282+00:00,7feae3ce-ddf2-4a45-a123-1209c8a9182b,484,2,0,0,9,0,1,1,1,1791355580
2026-10-07T06:47:03+00:00,2026-10-07T06:48:04.399282+00:00,f83481c5-0de8-11e7-991c-3863bb43a7d0,42,4,0,1,25,0,1,1,1,1791355580
2026-10-07T06:47:03+00:00,2026-10-07T06:48:04.399282+00:00,9c8366d8-3b58-4894-b281-09e22f6fe5f7,464,10,1,0,1,0,1,1,1,1791355587
2026-10-07T06:47:03+00:00,2026-10-07T06:48:04.399282+00:00,f8351dc2-0de8-11e7-991c-3863bb43a7d0,188,15,1,0,0,0,1,1,1,1791355587
2026-10-07T06:47:03+00:00,2026-10-07T06:48:04.399282+00:00,f83483f3-0de8-11e7-991c-3863bb43a7d0,46,15,1,1,23,0,1,1,1,1791355582
2026-10-07T06:47:03+00:00,2026-10-07T06:48:04.399282+00:00,c5017e67-cada-4549-a52e-0f13dddd289d,424,10,6,0,9,0,1,1,1,1791355583
2026-10-07T06:47:03+00:00,2026-10-07T06:48:04.399282+00:00,2d32e355-faee-407b-9bb7-45d80ffb059a,2d32e355-faee-407b-9bb7-45d80ffb059a,0,0,1,18,0,1,1,1,1791355584
2026-10-07T06:47:03+00:00,2026-10-07T06:48:04.399282+00:00,f834824e-0de8-11e7-991c-3863bb43a7d0,43,0,0,0,15,0,1,1,1,1791355584
2026-10-07T06:47:03+00:00,2026-10-07T06:48:04.399282+00:00,f834ea45-0de8-11e7-991c-3863bb43a7d0,130,7,0,0,8,0,1,1,1,1791355586
2026-10-07T06:47:03+00:00,2026-10-07T06:48:04.399282+00:00,2035660824473983142,2035660824473983142,9,0,0,9,1,1,1,1,1791355585
2026-10-07T06:47:03+00:00,2026-10-07T06:48:04.399282+00:00,2038981933682610536,2038981933682610536,4,0,0,12,0,1,1,1,1791355570
2026-10-07T06:47:03+00:00,2026-10-07T06:48:04.399282+00:00,f834ab92-0de8-11e7-991c-3863bb43a7d0,95,15,0,0,0,0,1,1,1,1791355585
2026-10-07T06:47:03+00:00,2026-10-07T06:48:04.399282+00:00,2212258635631104970,2212258635631104970,9,0,0,14,0,1,1,1,1791355584
2026-10-07T06:47:03+00:00,2026-10-07T06:48:04.399282+00:00,2014558273483754010,2014558273483754010,5,1,0,14,0,1,1,1,1791355584
2026-10-07T06:47:03+00:00,2026-10-07T06:48:04.399282+00:00,fe534b6f-61ad-47d3-b9f6-cdaa128f53a4,395,5,0,2,8,0,1,1,1,1791355584
2026-10-07T06:47:03+00:00,2026-10-07T06:48:04.399282+00:00,1978882443666915710,1978882443666915710,12,0,0,5,1,1,1,1,1791355587
2026-10-07T06:47:03+00:00,2026-10-07T06:48:04.399282+00:00,2007420398783036020,2007420398783036020,7,0,0,13,0,1,1,1,1791355588
2026-10-07T06:47:03+00:00,2026-10-07T06:48:04.399282+00:00,2129865213174084448,2129865213174084448,3,0,0,16,0,1,1,1,1791355589
2026-10-07T06:47:03+00:00,2026-10-07T06:48:04.399282+00:00,1989983491501558234,1989983491501558234,2,0,0,9,0,1,1,1,1791355590
2026-10-07T06:47:03+00:00,2026-10-07T06:48:04.399282+00:00,bd1755dc-f26c-420e-85b3-fd025d0b5445,554,1,0,0,14,0,1,1,1,1791355591
2026-10-07T06:47:03+00:00,2026-10-07T06:48:04.399282+00:00,228b8017-e4da-4722-9223-b8279a14b8ad,448,4,4,0,6,0,1,1,1,1791355591
2026-10-07T06:47:03+00:00,2026-10-07T06:48:04.399282+00:00,2212663228188806942,2212663228188806942,8,0,0,16,0,1,1,1,1791355591
2026-10-07T06:47:03+00:00,2026-10-07T06:48:04.399282+00:00,53548ba4-ad0a-4d92-8e57-fd5c9f3ad102,399,5,0,0,10,0,1,1,1,1791355595
2026-10-07T06:47:03+00:00,2026-10-07T06:48:04.399282+00:00,f83520d8-0de8-11e7-991c-3863bb43a7d0,195,14,2,0,9,0,1,1,1,1791355594
2026-10-07T06:47:03+00:00,2026-10-07T06:48:04.399282+00:00,f8350a84-0de8-11e7-991c-3863bb43a7d0,157,0,0,0,15,0,1,1,1,1791355596
2026-10-07T06:47:03+00:00,2026-10-07T06:48:04.399282+00:00,13d4171b-6d93-490e-923f-f2a17d5c7613,13d4171b-6d93-490e-923f-f2a17d5c7613,3,1,2,6,0,1,1,1,1791355593
2026-10-07T06:47:03+00:00,2026-10-07T06:48:04.399282+00:00,f834658f-0de8-11e7-991c-3863bb43a7d0,4,18,2,0,1,0,1,1,1,1791355594
2026-10-07T06:47:03+00:00,2026-10-07T06:48:04.399282+00:00,9cc65d3d-cfcc-45ff-8f75-7264556b1cf9,9cc65d3d-cfcc-45ff-8f75-7264556b1cf9,17,2,0,2,0,1,1,1,1791355593
2026-10-07T06:47:03+00:00,2026-10-07T06:48:04.399282+00:00,f835108b-0de8-11e7-991c-3863bb43a7d0,170,3,1,1,9,1,1,1,1,1791355592
2026-10-07T06:47:03+00:00,2026-10-07T06:48:04.399282+00:00,186accbb-6a08-4e1d-b267-9033c4443a56,401,11,3,1,3,0,1,1,1,1791355595
2026-10-07T06:47:03+00:00,2026-10-07T06:48:04.399282+00:00,1676a6f7-c417-48d2-92e8-5ce21995efc3,374,1,0,0,17,0,1,1,1,1791355595
2026-10-07T06:47:03+00:00,2026-10-07T06:48:04.399282+00:00,f835260c-0de8-11e7-991c-3863bb43a7d0,206,7,1,0,33,0,1,1,1,1791355597
2026-10-07T06:47:03+00:00,2026-10-07T06:48:04.399282+00:00,42886366-9cbf-432c-ba84-beef38877c87,408,15,5,0,0,0,1,1,1,1791355597
2026-10-07T06:47:03+00:00,2026-10-07T06:48:04.399282+00:00,f834caf2-0de8-11e7-991c-3863bb43a7d0,114,9,3,0,6,0,1,1,1,1791355597
2026-10-07T06:47:03+00:00,2026-10-07T06:48:04.399282+00:00,4f25f6ef-236b-43b4-8a92-68a24db0504b,4f25f6ef-236b-43b4-8a92-68a24db0504b,12,6,0,2,0,1,1,1,1791355598
2026-10-07T06:47:03+00:00,2026-10-07T06:48:04.399282+00:00,2093488029445054742,2093488029445054742,5,0,0,23,0,1,1,1,1791355598
2026-10-07T06:47:03+00:00,2026-10-07T06:48:04.399282+00:00,a75d3da1-ce74-447f-8e80-52506a81aff3,a75d3da1-ce74-447f-8e80-52506a81aff3,11,8,0,0,0,1,1,1,1791355599
2026-10-07T06:47:03+00:00,2026-10-07T06:48:04.399282+00:00,2220822464984366036,2220822464984366036,3,1,0,9,0,1,1,1,1791355599
2026-10-07T06:47:03+00:00,2026-10-07T06:48:04.399282+00:00,f834dc46-0de8-11e7-991c-3863bb43a7d0,122,2,0,0,13,0,1,1,1,1791355599
2026-10-07T06:47:03+00:00,2026-10-07T06:48:04.399282+00:00,1df03e33-c105-4e53-b013-d20056cd57f8,1df03e33-c105-4e53-b013-d20056cd57f8,0,0,0,0,0,0,0,0,86400
2026-10-07T06:47:03+00:00,2026-10-07T06:48:04.399282+00:00,cf5f920f-b61d-4db0-b139-14aff04d577c,459,0,0,9,0,13,1,0,0,1791335572
2026-10-07T06:47:03+00:00,2026-10-07T06:48:04.399282+00:00,f834f6a3-0de8-11e7-991c-3863bb43a7d0,135,0,0,0,17,0,1,1,1,1791355492
2026-10-07T06:47:03+00:00,2026-10-07T06:48:04.399282+00:00,940638c5-7cd0-4a11-899e-86af3868d400,532,6,1,0,12,0,1,1,1,1791355492
2026-10-07T06:47:03+00:00,2026-10-07T06:48:04.399282+00:00,295553ea-851b-4ac2-a094-f9d1208e399a,412,4,1,0,15,0,1,1,1,1791355493
2026-10-07T06:47:03+00:00,2026-10-07T06:48:04.399282+00:00,d7507124-4cab-4063-8445-a59a33a3d6e4,512,8,4,1,10,0,1,1,1,1791355505
2026-10-07T06:47:03+00:00,2026-10-07T06:48:04.399282+00:00,5b1d2661-8a93-4f14-b242-ebc52792f951,337,15,3,0,0,0,1,1,1,1791355502
2026-10-07T06:47:03+00:00,2026-10-07T06:48:04.399282+00:00,1cced911-b428-4cfd-81be-3a8f77ce7379,233,9,0,2,4,0,1,1,1,1791355502
2026-10-07T06:47:03+00:00,2026-10-07T06:48:04.399282+00:00,f83492b4-0de8-11e7-991c-3863bb43a7d0,66,10,4,1,4,0,1,1,1,1791355503
2026-10-07T06:47:03+00:00,2026-10-07T06:48:04.399282+00:00,888780ee-bf2f-474e-9622-6bc725aa1b00,888780ee-bf2f-474e-9622-6bc725aa1b00,2,0,4,5,0,1,1,1,1791355511
2026-10-07T06:47:03+00:00,2026-10-07T06:48:04.399282+00:00,f83482d2-0de8-11e7-991c-3863bb43a7d0,44,1,0,0,30,0,1,1,1,1791355508
2026-10-07T06:47:03+00:00,2026-10-07T06:48:04.399282+00:00,f8351f1d-0de8-11e7-991c-3863bb43a7d0,191,7,0,1,8,0,1,1,1,1791355509
2026-10-07T06:47:03+00:00,2026-10-07T06:48:04.399282+00:00,8d893519-bc21-4536-b346-f558988bc8ad,260,9,1,0,6,0,1,1,1,1791355509
2026-10-07T06:47:03+00:00,2026-10-07T06:48:04.399282+00:00,2014865445230483952,2014865445230483952,13,0,0,4,0,1,1,1,1791355513
2026-10-07T06:47:03+00:00,2026-10-07T06:48:04.399282+00:00,f8352534-0de8-11e7-991c-3863bb43a7d0,204,9,3,0,6,0,1,1,1,1791355516
2026-10-07T06:47:03+00:00,2026-10-07T06:48:04.399282+00:00,8b97606e-a849-4db8-ae9b-4009fe48d90b,556,8,1,0,11,0,1,1,1,1791355518
2026-10-07T06:47:03+00:00,2026-10-07T06:48:04.399282+00:00,f83517fa-0de8-11e7-991c-3863bb43a7d0,187,12,4,0,3,0,1,1,1,1791355518
2026-10-07T06:47:03+00:00,2026-10-07T06:48:04.399282+00:00,1994054629753598708,1994054629753598708,13,4,0,1,0,1,1,1,1791355514
2026-10-07T06:47:03+00:00,2026-10-07T06:48:04.399282+00:00,ea65c25f-0718-4f79-8588-c58b9fe3a105,226,6,0,1,7,1,1,1,1,1791355521
2026-10-07T06:47:03+00:00,2026-10-07T06:48:04.399282+00:00,f8346803-0de8-11e7-991c-3863bb43a7d0,8,15,5,0,4,0,1,1,1,1791355520
2026-10-07T06:47:03+00:00,2026-10-07T06:48:04.399282+00:00,df03c61a-29d7-445d-9980-d7f058916591,345,12,0,0,7,0,1,1,1,1791355489
2026-10-07T06:47:03+00:00,2026-10-07T06:48:04.399282+00:00,ff938129-8179-455c-9ac9-9fcb9fc0b6d5,ff938129-8179-455c-9ac9-9fcb9fc0b6d5,12,4,1,6,0,1,1,1,1791355486
2026-10-07T06:47:03+00:00,2026-10-07T06:48:04.399282+00:00,f83513a7-0de8-11e7-991c-3863bb43a7d0,177,3,0,0,16,0,1,1,1,1791355486
2026-10-07T06:47:03+00:00,2026-10-07T06:48:04.399282+00:00,fe90d430-d33f-48b2-a5cd-bc161b220939,553,13,0,0,10,0,1,1,1,1791355487
2026-10-07T06:47:03+00:00,2026-10-07T06:48:04.399282+00:00,1963613484180639992,1963613484180639992,12,1,0,7,0,1,1,1,1791355526
2026-10-07T06:47:03+00:00,2026-10-07T06:48:04.399282+00:00,8a404180-7c2e-4dbe-9489-c478ed959282,8a404180-7c2e-4dbe-9489-c478ed959282,1,0,3,15,0,1,1,1,1791355525
2026-10-07T06:47:03+00:00,2026-10-07T06:48:04.399282+00:00,7e1dae55-4d3d-4a41-b969-2aeca70e0e69,7e1dae55-4d3d-4a41-b969-2aeca70e0e69,8,0,0,3,0,1,1,1,1791355534
2026-10-07T06:47:03+00:00,2026-10-07T06:48:04.399282+00:00,f83511d4-0de8-11e7-991c-3863bb43a7d0,173,6,0,0,7,1,1,1,1,1791355515
2026-10-07T06:47:03+00:00,2026-10-07T06:48:04.399282+00:00,fbc512a5-4b98-4821-bcfb-bb0c7ac83543,365,5,0,0,14,0,1,1,1,1791355535
2026-10-07T06:47:03+00:00,2026-10-07T06:48:04.399282+00:00,2145094035874873892,2145094035874873892,14,2,1,4,0,1,1,1,1791355446
2026-10-07T06:47:03+00:00,2026-10-07T06:48:04.399282+00:00,1e1b40cd-8e00-4b74-b147-be6b23f5c9e7,385,3,1,0,12,0,1,1,1,1791355449
2026-10-07T06:47:03+00:00,2026-10-07T06:48:04.399282+00:00,f834a8a0-0de8-11e7-991c-3863bb43a7d0,93,17,0,0,14,0,1,1,1,1791355442
2026-10-07T06:47:03+00:00,2026-10-07T06:48:04.399282+00:00,0208190e-851c-417d-8bc7-1b218db97fbf,0208190e-851c-417d-8bc7-1b218db97fbf,0,0,1,22,0,1,0,0,1791347955
2026-10-07T06:47:03+00:00,2026-10-07T06:48:04.399282+00:00,f83497b9-0de8-11e7-991c-3863bb43a7d0,74,0,0,0,19,0,1,1,1,1791355542
2026-10-07T06:47:03+00:00,2026-10-07T06:48:04.399282+00:00,f8350cc1-0de8-11e7-991c-3863bb43a7d0,162,5,3,0,10,0,1,1,1,1791355536
2026-10-07T06:47:03+00:00,2026-10-07T06:48:04.399282+00:00,ef6ef93b-488f-496b-afbf-3aedfd967129,517,8,4,0,7,0,1,1,1,1791355545
2026-10-07T06:47:03+00:00,2026-10-07T06:48:04.399282+00:00,81323081-749c-44cf-ac62-0e6c64305c32,461,4,0,0,7,0,1,1,1,1791355545
2026-10-07T06:47:03+00:00,2026-10-07T06:48:04.399282+00:00,2085737662370069102,2085737662370069102,14,2,0,4,1,1,1,1,1791355536
2026-10-07T06:47:03+00:00,2026-10-07T06:48:04.399282+00:00,2259733531216984776,2259733531216984776,4,1,0,11,0,1,1,1,1791355547
2026-10-07T06:47:03+00:00,2026-10-07T06:48:04.399282+00:00,1986302395589722758,1986302395589722758,8,2,0,2,0,1,1,1,1791355538
2026-10-07T06:47:03+00:00,2026-10-07T06:48:04.399282+00:00,90330e1a-dee5-4914-9d3f-3891aeca12ca,434,8,0,1,10,0,1,1,1,1791355539
2026-10-07T06:47:03+00:00,2026-10-07T06:48:04.399282+00:00,f2b83aa2-86cd-4904-a099-74bf2023f768,330,2,0,0,13,0,1,1,1,1791355540
2026-10-07T06:47:03+00:00,2026-10-07T06:48:04.399282+00:00,e4678b17-face-42c3-9b5f-98418d31e3b6,e4678b17-face-42c3-9b5f-98418d31e3b6,11,4,0,0,0,1,1,1,1791355540
2026-10-07T06:47:03+00:00,2026-10-07T06:48:04.399282+00:00,f8352b39-0de8-11e7-991c-3863bb43a7d0,214,10,1,0,3,1,1,1,1,1791355541
2026-10-07T06:47:03+00:00,2026-10-07T06:48:04.399282+00:00,f834b101-0de8-11e7-991c-3863bb43a7d0,97,3,2,0,15,1,1,1,1,1791355541
2026-10-07T06:47:03+00:00,2026-10-07T06:48:04.399282+00:00,2088704000370565344,2088704000370565344,3,0,2,7,0,1,1,1,1791355541
2026-10-07T06:47:03+00:00,2026-10-07T06:48:04.399282+00:00,aa964f5b-fadf-4fc1-8c91-84ee36e15f0d,341,14,0,0,1,0,1,1,1,1791355540
2026-10-07T06:47:03+00:00,2026-10-07T06:48:04.399282+00:00,9bfa4a32-5598-46ea-a1a1-17b4c6ed9d84,431,11,3,0,4,0,1,1,1,1791355548
2026-10-07T06:47:03+00:00,2026-10-07T06:48:04.399282+00:00,f8347c41-0de8-11e7-991c-3863bb43a7d0,32,4,0,0,10,0,1,1,1,1791355551
2026-10-07T06:47:03+00:00,2026-10-07T06:48:04.399282+00:00,56817d8e-3a1c-431a-a529-1a600f80c364,366,9,2,1,17,0,1,1,1,1791355555
2026-10-07T06:47:03+00:00,2026-10-07T06:48:04.399282+00:00,6aebc664-1e3c-479f-8f65-2bae99215ed3,6aebc664-1e3c-479f-8f65-2bae99215ed3,9,2,0,2,0,1,1,1,1791355555
2026-10-07T06:47:03+00:00,2026-10-07T06:48:04.399282+00:00,b6a8522d-296d-4c05-887d-842374520780,545,11,11,0,2,1,1,1,1,1791355557
2026-10-07T06:47:03+00:00,2026-10-07T06:48:04.399282+00:00,380de8b2-2728-4e4b-83f1-251bfbb5acf2,487,18,5,1,0,0,1,1,1,1791355557
2026-10-07T06:47:03+00:00,2026-10-07T06:48:04.399282+00:00,f834708e-0de8-11e7-991c-3863bb43a7d0,21,3,0,0,14,0,1,1,1,1791355556
2026-10-07T06:47:03+00:00,2026-10-07T06:48:04.399282+00:00,7560f0e3-267b-4fb3-bbfa-6e02010cfcb7,225,16,1,1,2,0,1,1,1,1791355555
2026-10-07T06:47:03+00:00,2026-10-07T06:48:04.399282+00:00,2039109354743046934,2039109354743046934,10,1,2,7,1,1,1,1,1791355555
2026-10-07T06:47:03+00:00,2026-10-07T06:48:04.399282+00:00,51bb4381-dae4-4aeb-b213-0614b807be29,344,11,7,2,6,0,1,1,1,1791355561
2026-10-07T06:47:03+00:00,2026-10-07T06:48:04.399282+00:00,f8346b6f-0de8-11e7-991c-3863bb43a7d0,12,16,0,0,11,0,1,1,1,1791355562
2026-10-07T06:47:03+00:00,2026-10-07T06:48:04.399282+00:00,61168d8b-20b7-46c8-8f08-6ae1f100c4e0,550,9,4,0,8,0,1,1,1,1791355559
2026-10-07T06:47:03+00:00,2026-10-07T06:48:04.399282+00:00,2249415127458891992,2249415127458891992,13,0,0,2,0,1,1,1,1791355560
2026-10-07T06:47:03+00:00,2026-10-07T06:48:04.399282+00:00,868ccc83-99e5-4faf-96eb-e1fae26b9741,481,2,0,1,16,0,1,1,1,1791355560
2026-10-07T06:47:03+00:00,2026-10-07T06:48:04.399282+00:00,d22265a8-a6d7-4922-a6b5-4be738a9e5c4,392,13,10,0,2,0,1,1,1,1791355561
2026-10-07T06:47:03+00:00,2026-10-07T06:48:04.399282+00:00,2090635592862466836,2090635592862466836,6,0,2,22,1,1,1,1,1791355558
2026-10-07T06:47:03+00:00,2026-10-07T06:48:04.399282+00:00,2087949096844032050,2087949096844032050,6,0,0,9,0,1,1,1,1791355559
2026-10-07T06:47:03+00:00,2026-10-07T06:48:04.399282+00:00,f8349440-0de8-11e7-991c-3863bb43a7d0,68,0,0,1,18,0,1,1,1,1791355559
2026-10-07T06:47:03+00:00,2026-10-07T06:48:04.399282+00:00,f834723b-0de8-11e7-991c-3863bb43a7d0,24,0,0,0,23,0,1,1,1,1791355563
2026-10-07T06:47:03+00:00,2026-10-07T06:48:04.399282+00:00,f834cfd8-0de8-11e7-991c-3863bb43a7d0,117,0,0,4,11,1,1,1,1,1791355562
2026-10-07T06:47:03+00:00,2026-10-07T06:48:04.399282+00:00,f83491d4-0de8-11e7-991c-3863bb43a7d0,64,0,0,0,23,0,1,1,1,1791355566
2026-10-07T06:47:03+00:00,2026-10-07T06:48:04.399282+00:00,8983c75a-12c1-4995-aedc-24c94bd895e3,384,1,0,0,18,0,1,1,1,1791355566
2026-10-07T06:47:03+00:00,2026-10-07T06:48:04.399282+00:00,2227858849424910006,2227858849424910006,8,2,0,0,0,1,1,1,1791355564
2026-10-07T06:47:03+00:00,2026-10-07T06:48:04.399282+00:00,d5349097-b478-4b3f-9c46-d8fbcf38e3f4,509,9,1,0,3,0,1,1,1,1791355565
2026-10-07T06:47:03+00:00,2026-10-07T06:48:04.399282+00:00,f8347e78-0de8-11e7-991c-3863bb43a7d0,36,7,0,1,23,0,1,1,1,1791355567
2026-10-07T06:47:03+00:00,2026-10-07T06:48:04.399282+00:00,f8352219-0de8-11e7-991c-3863bb43a7d0,197,14,7,0,1,0,1,1,1,1791355567
2026-10-07T06:47:03+00:00,2026-10-07T06:48:04.399282+00:00,f8346ad7-0de8-11e7-991c-3863bb43a7d0,11,0,0,1,14,0,1,1,1,1791355568
2026-10-07T06:47:03+00:00,2026-10-07T06:48:04.399282+00:00,2118728866631796788,2118728866631796788,9,2,0,6,0,1,1,1,1791355567
2026-10-07T06:47:03+00:00,2026-10-07T06:48:04.399282+00:00,23146f28-9762-4a6d-a6db-fcd4ff0e5d07,356,13,0,0,10,0,1,1,1,1791355567
2026-10-07T06:47:03+00:00,2026-10-07T06:48:04.399282+00:00,2141791438824588162,2141791438824588162,11,3,0,8,0,1,1,1,1791355571
2026-10-07T06:47:03+00:00,2026-10-07T06:48:04.399282+00:00,d8ce5f8b-2440-45e1-ab1c-23cb3bcbde84,527,3,1,0,10,0,1,1,1,1791355572
2026-10-07T06:47:03+00:00,2026-10-07T06:48:04.399282+00:00,1965873511294959658,1965873511294959658,4,0,0,19,0,1,1,1,1791355573
2026-10-07T06:47:03+00:00,2026-10-07T06:48:04.399282+00:00,dede6d5f-7d62-496e-a8ca-d5a64afe39c1,544,15,0,0,0,0,1,1,1,1791355575
2026-10-07T06:47:03+00:00,2026-10-07T06:48:04.399282+00:00,2090158541932726550,2090158541932726550,10,0,0,5,0,1,1,1,1791355575
2026-10-07T06:47:03+00:00,2026-10-07T06:48:04.399282+00:00,ccf82572-a142-4378-9a4b-5a51fcb4ef81,350,8,1,0,9,0,1,1,1,1791355575
2026-10-07T06:47:03+00:00,2026-10-07T06:48:04.399282+00:00,a6e0db4f-fc9b-42af-bfe0-36cc0259b717,446,6,0,0,10,0,1,1,1,1791355571
2026-10-07T06:47:03+00:00,2026-10-07T06:48:04.399282+00:00,f8347f09-0de8-11e7-991c-3863bb43a7d0,37,1,0,0,14,0,1,1,1,1791355572
2026-10-07T06:47:03+00:00,2026-10-07T06:48:04.399282+00:00,2069389896750516900,2069389896750516900,4,0,0,16,0,1,1,1,1791355581
2026-10-07T06:47:03+00:00,2026-10-07T06:48:04.399282+00:00,f8349b20-0de8-11e7-991c-3863bb43a7d0,76,13,0,0,4,0,1,1,1,1791355581
2026-10-07T06:47:03+00:00,2026-10-07T06:48:04.399282+00:00,f834c7a9-0de8-11e7-991c-3863bb43a7d0,112,11,2,0,4,0,1,1,1,1791355579
2026-10-07T06:47:03+00:00,2026-10-07T06:48:04.399282+00:00,f8348622-0de8-11e7-991c-3863bb43a7d0,50,0,0,0,19,0,1,1,1,1791355582
2026-10-07T06:47:03+00:00,2026-10-07T06:48:04.399282+00:00,7f68a70d-af0e-450a-b7a8-ce621cd0c8c1,280,10,3,1,8,0,1,1,1,1791355573
2026-10-07T06:47:03+00:00,2026-10-07T06:48:04.399282+00:00,68e5e79a-3c94-4848-b619-9c0829d7f687,475,15,9,0,0,0,1,1,1,1791355583
2026-10-07T06:47:03+00:00,2026-10-07T06:48:04.399282+00:00,2085366936904166272,2085366936904166272,8,2,2,5,0,1,1,1,1791355583
2026-10-07T06:47:03+00:00,2026-10-07T06:48:04.399282+00:00,b34694c2-c640-4f70-b196-1c357ab798e0,b34694c2-c640-4f70-b196-1c357ab798e0,11,3,0,4,0,1,1,1,1791355589
2026-10-07T06:47:03+00:00,2026-10-07T06:48:04.399282+00:00,2040842870122359032,2040842870122359032,1,0,1,18,0,1,1,1,1791355578
2026-10-07T06:47:03+00:00,2026-10-07T06:48:04.399282+00:00,f8350ecf-0de8-11e7-991c-3863bb43a7d0,167,10,7,0,5,0,1,1,1,1791355578
2026-10-07T06:47:03+00:00,2026-10-07T06:48:04.399282+00:00,f8347ccd-0de8-11e7-991c-3863bb43a7d0,33,15,0,0,12,0,1,1,1,1791355575
2026-10-07T06:47:03+00:00,2026-10-07T06:48:04.399282+00:00,2119105928286481344,2119105928286481344,11,3,0,8,0,1,1,1,1791355575
2026-10-07T06:47:03+00:00,2026-10-07T06:48:04.399282+00:00,f834662c-0de8-11e7-991c-3863bb43a7d0,5,12,0,0,3,0,1,1,1,1791355576
2026-10-07T06:47:03+00:00,2026-10-07T06:48:04.399282+00:00,1994466222105870452,1994466222105870452,6,3,2,3,0,1,1,1,1791355576
2026-10-07T06:47:03+00:00,2026-10-07T06:48:04.399282+00:00,903b9b5d-4244-43e4-8441-0d17f9a994f7,528,1,0,0,10,0,1,1,1,1791355587
2026-10-07T06:47:03+00:00,2026-10-07T06:48:04.399282+00:00,f83488be-0de8-11e7-991c-3863bb43a7d0,56,7,0,1,10,0,1,1,1,1791355585
2026-10-07T06:47:03+00:00,2026-10-07T06:48:04.399282+00:00,ad2cf74c-0e8c-4e15-8f19-2259e8c82f0f,404,6,2,2,8,0,1,1,1,1791355585
2026-10-07T06:47:03+00:00,2026-10-07T06:48:04.399282+00:00,f8346d23-0de8-11e7-991c-3863bb43a7d0,15,5,0,0,10,0,1,1,1,1791355580
2026-10-07T06:47:03+00:00,2026-10-07T06:48:04.399282+00:00,f9524971-e9f9-4572-aebc-580e48de042f,f9524971-e9f9-4572-aebc-580e48de042f,13,3,0,6,0,1,1,1,1791355580
2026-10-07T06:47:03+00:00,2026-10-07T06:48:04.399282+00:00,2043911250700610106,2043911250700610106,4,0,0,11,0,1,1,1,1791355594
2026-10-07T06:47:03+00:00,2026-10-07T06:48:04.399282+00:00,57716f8d-c9ee-4768-8872-71343ec3ffd8,514,12,4,2,5,0,1,1,1,1791355595
2026-10-07T06:47:03+00:00,2026-10-07T06:48:04.399282+00:00,f834abfd-0de8-11e7-991c-3863bb43a7d0,96,4,1,2,13,0,1,1,1,1791355595
2026-10-07T06:47:03+00:00,2026-10-07T06:48:04.399282+00:00,f8352ba8-0de8-11e7-991c-3863bb43a7d0,215,3,1,0,12,0,1,1,1,1791355596
2026-10-07T06:47:03+00:00,2026-10-07T06:48:04.399282+00:00,9721c80e-fc8f-474f-8918-b68c041d2836,9721c80e-fc8f-474f-8918-b68c041d2836,4,1,1,18,0,1,1,1,1791355595
2026-10-07T06:47:03+00:00,2026-10-07T06:48:04.399282+00:00,2110984374959099994,2110984374959099994,4,3,0,16,0,1,1,1,1791355579
2026-10-07T06:47:03+00:00,2026-10-07T06:48:04.399282+00:00,2246034666940677832,2246034666940677832,5,0,0,6,0,1,1,1,1791355591
2026-10-07T06:47:03+00:00,2026-10-07T06:48:04.399282+00:00,36f36eed-1070-49be-8b31-5676b8b3489f,227,5,1,0,14,0,1,1,1,1791355592
2026-10-07T06:47:03+00:00,2026-10-07T06:48:04.399282+00:00,270ad97d-035d-472a-9827-76d3187afc56,402,12,8,0,2,0,1,1,1,1791355592
2026-10-07T06:47:03+00:00,2026-10-07T06:48:04.399282+00:00,f834e534-0de8-11e7-991c-3863bb43a7d0,128,12,7,0,7,0,1,1,1,1791355591
2026-10-07T06:47:03+00:00,2026-10-07T06:48:04.399282+00:00,b205d2bb-bb76-49ac-8d14-85eec5a874d3,343,7,1,1,7,0,1,1,1,1791355593
2026-10-07T06:47:03+00:00,2026-10-07T06:48:04.399282+00:00,f8350b76-0de8-11e7-991c-3863bb43a7d0,159,6,2,2,11,1,1,1,1,1791355593
2026-10-07T06:47:03+00:00,2026-10-07T06:48:04.399282+00:00,25a9114f-66f0-427c-920f-5526ca84f056,346,14,1,1,0,0,1,1,1,1791355592
2026-10-07T06:47:03+00:00,2026-10-07T06:48:04.399282+00:00,2270454512964591136,2270454512964591136,0,0,0,19,0,1,1,1,1791355592
2026-10-07T06:47:03+00:00,2026-10-07T06:48:04.399282+00:00,2027502297316997708,2027502297316997708,8,0,0,3,0,1,1,1,1791355588
2026-10-07T06:47:03+00:00,2026-10-07T06:48:04.399282+00:00,1a661bb7-7d14-49e9-ac3d-22bafec8a2f0,507,6,4,1,4,0,1,1,1,1791355588
2026-10-07T06:47:03+00:00,2026-10-07T06:48:04.399282+00:00,2080205593583047424,2080205593583047424,10,1,0,6,0,1,1,1,1791355537
2026-10-07T06:47:03+00:00,2026-10-07T06:48:04.399282+00:00,f834b8b3-0de8-11e7-991c-3863bb43a7d0,105,11,0,0,7,0,1,1,1,1791355595
2026-10-07T06:47:03+00:00,2026-10-07T06:48:04.399282+00:00,99675a11-a92c-465c-bf5a-434b08ba5fc6,400,16,1,0,36,0,1,1,1,1791355596
2026-10-07T06:47:03+00:00,2026-10-07T06:48:04.399282+00:00,2270212773802111256,2270212773802111256,10,1,0,9,0,1,1,1,1791355597
2026-10-07T06:47:03+00:00,2026-10-07T06:48:04.399282+00:00,f835288a-0de8-11e7-991c-3863bb43a7d0,208,11,1,0,4,0,1,1,1,1791355598
2026-10-07T06:47:03+00:00,2026-10-07T06:48:04.399282+00:00,48abed77-c9ba-4a39-8a5c-6a1e9bb8a9a5,48abed77-c9ba-4a39-8a5c-6a1e9bb8a9a5,14,8,1,1,0,1,1,1,1791355599
2026-10-07T06:47:03+00:00,2026-10-07T06:48:04.399282+00:00,c5cfd1ed-aa44-4e20-96bb-e334c96f0d68,376,13,0,0,2,0,1,1,1,1791355599
2026-10-07T06:47:03+00:00,2026-10-07T06:48:04.399282+00:00,1991922092203192944,1991922092203192944,2,0,0,17,0,1,1,1,1791355599
2026-10-07T06:47:03+00:00,2026-10-07T06:48:04.399282+00:00,baab0b05-a028-4147-8432-a2726c7e48ea,328,12,4,0,3,0,1,1,1,1791355599
2026-10-07T06:47:03+00:00,2026-10-07T06:48:04.399282+00:00,f834a959-0de8-11e7-991c-3863bb43a7d0,94,10,8,0,0,0,1,1,1,1791355598
2026-10-07T06:47:03+00:00,2026-10-07T06:48:04.399282+00:00,1944724820826878816,1944724820826878816,11,0,0,6,0,1,1,1,1791355488
2026-10-07T06:47:03+00:00,2026-10-07T06:48:04.399282+00:00,342a2c60-71b0-4d19-98d6-47987cf20dbc,379,15,2,0,0,0,1,1,1,1791355488
2026-10-07T06:47:03+00:00,2026-10-07T06:48:04.399282+00:00,70f20fcb-8e63-4015-9007-b97c525ab0a9,335,13,1,1,5,0,1,1,1,1791355492
2026-10-07T06:47:03+00:00,2026-10-07T06:48:04.399282+00:00,2136942888571742916,2136942888571742916,12,0,0,3,0,1,1,1,1791355488
2026-10-07T06:47:03+00:00,2026-10-07T06:48:04.399282+00:00,2111712079786088918,2111712079786088918,11,3,1,3,0,1,1,1,1791355495
2026-10-07T06:47:03+00:00,2026-10-07T06:48:04.399282+00:00,5f726a7d-5c5d-48b1-9b13-06c77572a237,516,7,2,0,4,0,1,1,1,1791355497
2026-10-07T06:47:03+00:00,2026-10-07T06:48:04.399282+00:00,2327cb08-fa9f-459b-9ab0-1a319b0f2f4c,539,10,4,1,7,0,1,1,1,1791355479
2026-10-07T06:47:03+00:00,2026-10-07T06:48:04.399282+00:00,d7ec834e-9d9a-402c-9956-7d5f42676b94,d7ec834e-9d9a-402c-9956-7d5f42676b94,0,0,14,0,0,1,0,0,1791348928
2026-10-07T06:47:03+00:00,2026-10-07T06:48:04.399282+00:00,f24a573e-ef07-4785-9270-70c443510ea6,359,7,0,3,4,1,1,1,1,1791355448
2026-10-07T06:47:03+00:00,2026-10-07T06:48:04.399282+00:00,287aedf5-0361-47e9-9de0-14ae3b75cc0d,287aedf5-0361-47e9-9de0-14ae3b75cc0d,3,0,1,17,0,1,1,1,1791355485
2026-10-07T06:47:03+00:00,2026-10-07T06:48:04.399282+00:00,2038619205667946906,2038619205667946906,10,2,1,9,0,1,1,1,1791355481
2026-10-07T06:47:03+00:00,2026-10-07T06:48:04.399282+00:00,103a9881-e30a-4d57-b81d-863b995ff759,255,0,0,0,0,0,0,0,0,86400
2026-10-07T06:47:03+00:00,2026-10-07T06:48:04.399282+00:00,533620e8-00ff-494a-b288-bd67602bc98e,472,0,0,0,27,0,1,1,1,1791355441
2026-10-07T06:47:03+00:00,2026-10-07T06:48:04.399282+00:00,510239fe-69c3-458b-b53c-6ce001845f4a,354,12,11,1,2,0,1,1,1,1791355440
2026-10-07T06:47:03+00:00,2026-10-07T06:48:04.399282+00:00,f35de2ab-979e-42d5-8cbd-dc479ed637e9,503,4,4,0,2,0,1,1,1,1791355442
2026-10-07T06:47:03+00:00,2026-10-07T06:48:04.399282+00:00,f8348136-0de8-11e7-991c-3863bb43a7d0,41,23,0,0,4,0,1,1,1,1791355501
2026-10-07T06:47:03+00:00,2026-10-07T06:48:04.399282+00:00,f6df6c1a-064f-428a-951c-2069a081b9df,380,0,0,2,16,0,1,1,1,1791355504
2026-10-07T06:47:03+00:00,2026-10-07T06:48:04.399282+00:00,ccd6fdd4-b39e-46d7-b43c-7bacffb6bd87,523,6,4,0,10,0,1,1,1,1791355505
2026-10-07T06:47:03+00:00,2026-10-07T06:48:04.399282+00:00,36a8fbc8-6069-4a29-bbfd-63a2d019c9a5,415,0,0,0,19,0,1,1,1,1791355507
2026-10-07T06:47:03+00:00,2026-10-07T06:48:04.399282+00:00,54d86d05-b399-42c5-a63a-a97713afc5d4,54d86d05-b399-42c5-a63a-a97713afc5d4,7,6,1,2,0,1,1,1,1791355508
2026-10-07T06:47:03+00:00,2026-10-07T06:48:04.399282+00:00,53a148ca-ac69-4a9c-a986-9a4b4df2f5df,387,7,3,0,8,0,1,1,1,1791355509
2026-10-07T06:47:03+00:00,2026-10-07T06:48:04.399282+00:00,2141932795355773712,2141932795355773712,3,0,1,13,0,1,1,1,1791355510
2026-10-07T06:47:03+00:00,2026-10-07T06:48:04.399282+00:00,f834e244-0de8-11e7-991c-3863bb43a7d0,126,7,2,0,8,0,1,1,1,1791355515
2026-10-07T06:47:03+00:00,2026-10-07T06:48:04.399282+00:00,7ec0c53c-876a-419c-a78b-4edd000bbc9a,445,12,1,1,6,0,1,1,1,1791355513
2026-10-07T06:47:03+00:00,2026-10-07T06:48:04.399282+00:00,f8352c92-0de8-11e7-991c-3863bb43a7d0,217,12,0,2,5,0,1,1,1,1791355518
2026-10-07T06:47:03+00:00,2026-10-07T06:48:04.399282+00:00,350e73e3-6f70-4b2d-87ab-24c8629e9a6a,350e73e3-6f70-4b2d-87ab-24c8629e9a6a,14,2,0,5,0,1,1,1,1791355525
2026-10-07T06:47:03+00:00,2026-10-07T06:48:04.399282+00:00,f834952a-0de8-11e7-991c-3863bb43a7d0,70,0,0,1,22,0,1,1,1,1791355523
2026-10-07T06:47:03+00:00,2026-10-07T06:48:04.399282+00:00,f8349824-0de8-11e7-991c-3863bb43a7d0,75,1,0,0,14,0,1,1,1,1791355521
2026-10-07T06:47:03+00:00,2026-10-07T06:48:04.399282+00:00,2267569638034503736,2267569638034503736,6,0,4,9,0,1,1,1,1791355521
2026-10-07T06:47:03+00:00,2026-10-07T06:48:04.399282+00:00,f83524c0-0de8-11e7-991c-3863bb43a7d0,203,6,0,0,8,0,1,1,1,1791355522
2026-10-07T06:47:03+00:00,2026-10-07T06:48:04.399282+00:00,13444449-b3a8-43d2-b8b9-a59fbc59a174,397,9,1,0,5,0,1,1,1,1791355520
2026-10-07T06:47:03+00:00,2026-10-07T06:48:04.399282+00:00,f83516b8-0de8-11e7-991c-3863bb43a7d0,184,18,0,0,0,1,1,1,1,1791355524
2026-10-07T06:47:03+00:00,2026-10-07T06:48:04.399282+00:00,f834e1b2-0de8-11e7-991c-3863bb43a7d0,125,12,9,0,7,0,1,1,1,1791355522
2026-10-07T06:47:03+00:00,2026-10-07T06:48:04.399282+00:00,f834f814-0de8-11e7-991c-3863bb43a7d0,136,0,0,0,19,0,1,1,1,1791355531
2026-10-07T06:47:03+00:00,2026-10-07T06:48:04.399282+00:00,f8348509-0de8-11e7-991c-3863bb43a7d0,48,1,0,0,16,0,1,1,1,1791355527
2026-10-07T06:47:03+00:00,2026-10-07T06:48:04.399282+00:00,518f6524-0e7f-454d-974e-e3ff9db1f795,494,11,3,0,0,0,1,1,1,1791355528
2026-10-07T06:47:03+00:00,2026-10-07T06:48:04.399282+00:00,9f54207a-3308-43bd-b45c-9042b6389598,423,12,1,0,7,0,1,1,1,1791355532
2026-10-07T06:47:03+00:00,2026-10-07T06:48:04.399282+00:00,676ca473-eed6-4971-aaf3-e199a7ca335b,433,14,6,0,4,1,1,1,1,1791355533
2026-10-07T06:47:03+00:00,2026-10-07T06:48:04.399282+00:00,2223043968513191970,2223043968513191970,5,0,0,11,0,1,1,1,1791355534
2026-10-07T06:47:03+00:00,2026-10-07T06:48:04.399282+00:00,f8351019-0de8-11e7-991c-3863bb43a7d0,169,16,5,0,3,0,1,1,1,1791355536
2026-10-07T06:47:03+00:00,2026-10-07T06:48:04.399282+00:00,bb27977d-36c1-496d-8bac-631b612dd7b8,332,7,3,0,8,0,1,1,1,1791355540
2026-10-07T06:47:03+00:00,2026-10-07T06:48:04.399282+00:00,ddcc8869-b8d4-483c-b9da-457fcebc8dc1,417,19,0,0,0,0,1,1,1,1791355541
2026-10-07T06:47:03+00:00,2026-10-07T06:48:04.399282+00:00,a18e1e55-507e-49d8-b7c0-5c0efd959125,358,16,4,0,3,0,1,1,1,1791355539
2026-10-07T06:47:03+00:00,2026-10-07T06:48:04.399282+00:00,ec3eea05-a3ff-43c6-9e24-0c63f09b915f,378,14,1,0,5,0,1,1,1,1791355538
2026-10-07T06:47:03+00:00,2026-10-07T06:48:04.399282+00:00,0839bb10-e876-4198-95e4-0147a561853d,258,13,3,1,1,0,1,1,1,1791355538
2026-10-07T06:47:03+00:00,2026-10-07T06:48:04.399282+00:00,02a4416f-80b4-4472-accd-5db482ed5b6d,367,7,0,0,12,0,1,1,1,1791355539
2026-10-07T06:47:03+00:00,2026-10-07T06:48:04.399282+00:00,ba634139-d7bf-448f-aac4-25995d36b67b,373,10,6,0,5,0,1,1,1,1791355543
2026-10-07T06:47:03+00:00,2026-10-07T06:48:04.399282+00:00,1997031579059661288,1997031579059661288,11,0,0,0,0,1,1,1,1791355546
2026-10-07T06:47:03+00:00,2026-10-07T06:48:04.399282+00:00,2043912031919765854,2043912031919765854,10,0,0,10,0,1,1,1,1791355547
2026-10-07T06:47:03+00:00,2026-10-07T06:48:04.399282+00:00,2107991976288962746,2107991976288962746,7,0,0,13,0,1,1,1,1791355544
2026-10-07T06:47:03+00:00,2026-10-07T06:48:04.399282+00:00,f83486ab-0de8-11e7-991c-3863bb43a7d0,51,6,0,1,8,0,1,1,1,1791355553
2026-10-07T06:47:03+00:00,2026-10-07T06:48:04.399282+00:00,b23674a7-15a8-46d2-8219-6668acecf24a,548,11,1,0,7,0,1,1,1,1791355551
2026-10-07T06:47:03+00:00,2026-10-07T06:48:04.399282+00:00,2078337213380274244,2078337213380274244,8,5,0,3,0,1,1,1,1791355550
2026-10-07T06:47:03+00:00,2026-10-07T06:48:04.399282+00:00,b995a0b4-fc26-4661-9bc8-e166d648edfd,353,11,4,0,4,0,1,1,1,1791355552
2026-10-07T06:47:03+00:00,2026-10-07T06:48:04.399282+00:00,ef54374b-0406-4b17-b0a1-847f1d7bea06,410,14,3,1,0,0,1,1,1,1791355554
2026-10-07T06:47:03+00:00,2026-10-07T06:48:04.399282+00:00,f834fd36-0de8-11e7-991c-3863bb43a7d0,142,4,0,0,19,0,1,1,1,1791355559
2026-10-07T06:47:03+00:00,2026-10-07T06:48:04.399282+00:00,2ba0c5dd-c990-4434-8a84-5c3eca23f096,447,10,6,0,9,0,1,1,1,1791355555
2026-10-07T06:47:03+00:00,2026-10-07T06:48:04.399282+00:00,f834b5d9-0de8-11e7-991c-3863bb43a7d0,103,7,2,0,8,0,1,1,1,1791355555
2026-10-07T06:47:03+00:00,2026-10-07T06:48:04.399282+00:00,93911aa1-b5e4-48aa-a2b6-38fbcf613006,93911aa1-b5e4-48aa-a2b6-38fbcf613006,17,0,0,1,0,1,1,1,1791355556
2026-10-07T06:47:03+00:00,2026-10-07T06:48:04.399282+00:00,f8346768-0de8-11e7-991c-3863bb43a7d0,7,1,1,0,14,0,1,1,1,1791355561
2026-10-07T06:47:03+00:00,2026-10-07T06:48:04.399282+00:00,f834b42d-0de8-11e7-991c-3863bb43a7d0,100,5,0,1,19,0,1,1,1,1791355559
2026-10-07T06:47:03+00:00,2026-10-07T06:48:04.399282+00:00,5bc7cba9-f0b0-442d-932c-e8c7927d87ce,386,15,1,0,4,0,1,1,1,1791355563
2026-10-07T06:47:03+00:00,2026-10-07T06:48:04.399282+00:00,c1ae49bd-2a20-4684-886b-ead8dd627cfd,c1ae49bd-2a20-4684-886b-ead8dd627cfd,13,0,1,3,0,1,1,1,1791355564
2026-10-07T06:47:03+00:00,2026-10-07T06:48:04.399282+00:00,2072145327190878794,2072145327190878794,15,1,1,8,0,1,1,1,1791355562
2026-10-07T06:47:03+00:00,2026-10-07T06:48:04.399282+00:00,9ca92778-9101-48df-90ea-08b784e26a1a,413,18,2,0,1,0,1,1,1,1791355562
2026-10-07T06:47:03+00:00,2026-10-07T06:48:04.399282+00:00,1960693490199507164,1960693490199507164,7,1,1,11,0,1,1,1,1791355569
2026-10-07T06:47:03+00:00,2026-10-07T06:48:04.399282+00:00,2113555008851845550,2113555008851845550,11,1,0,9,0,1,1,1,1791355567
2026-10-07T06:47:03+00:00,2026-10-07T06:48:04.399282+00:00,f8346894-0de8-11e7-991c-3863bb43a7d0,9,2,0,3,10,0,1,1,1,1791355567
2026-10-07T06:47:03+00:00,2026-10-07T06:48:04.399282+00:00,f36e24cd-de4c-4a5e-adf4-cb97ccd2958d,505,6,0,2,3,0,1,1,1,1791355569
2026-10-07T06:47:03+00:00,2026-10-07T06:48:04.399282+00:00,2071632496372113488,2071632496372113488,15,7,1,4,0,1,1,1,1791355570
2026-10-07T06:47:03+00:00,2026-10-07T06:48:04.399282+00:00,2070180968009321294,2070180968009321294,11,1,0,8,2,1,1,1,1791355572
2026-10-07T06:47:03+00:00,2026-10-07T06:48:04.399282+00:00,f834cf45-0de8-11e7-991c-3863bb43a7d0,116,21,3,1,1,0,1,1,1,1791355576
2026-10-07T06:47:03+00:00,2026-10-07T06:48:04.399282+00:00,ff6ed364-8676-45a0-b97f-71025683849e,442,7,3,1,7,0,1,1,1,1791355576
2026-10-07T06:47:03+00:00,2026-10-07T06:48:04.399282+00:00,2264176803898382980,2264176803898382980,4,2,0,7,0,1,1,1,1791355574
2026-10-07T06:47:03+00:00,2026-10-07T06:48:04.399282+00:00,5018e851-f2f3-4e18-9914-c316bbcc2c3d,331,0,0,0,15,0,1,1,1,1791355570
2026-10-07T06:47:03+00:00,2026-10-07T06:48:04.399282+00:00,f83523e3-0de8-11e7-991c-3863bb43a7d0,201,2,2,0,13,0,1,1,1,1791355573
2026-10-07T06:47:03+00:00,2026-10-07T06:48:04.399282+00:00,2038239468396569074,2038239468396569074,8,0,0,24,0,1,1,1,1791355576
2026-10-07T06:47:03+00:00,2026-10-07T06:48:04.399282+00:00,42a3ecca-af9a-4556-90ba-7631546f96f8,42a3ecca-af9a-4556-90ba-7631546f96f8,4,2,1,6,0,1,1,1,1791355576
2026-10-07T06:47:03+00:00,2026-10-07T06:48:04.399282+00:00,5afe91c4-8076-4f9f-b83b-cf233bda2331,460,0,0,0,15,0,1,1,1,1791355577
2026-10-07T06:47:03+00:00,2026-10-07T06:48:04.399282+00:00,f834b49d-0de8-11e7-991c-3863bb43a7d0,101,13,2,0,5,0,1,1,1,1791355581
2026-10-07T06:47:03+00:00,2026-10-07T06:48:04.399282+00:00,f8349c69-0de8-11e7-991c-3863bb43a7d0,78,15,2,1,3,0,1,1,1,1791355579
2026-10-07T06:47:03+00:00,2026-10-07T06:48:04.399282+00:00,0adccd89-1d8d-44da-9f7c-5f18acafeddf,338,14,12,0,0,0,1,1,1,1791355579
2026-10-07T06:47:03+00:00,2026-10-07T06:48:04.399282+00:00,f8349745-0de8-11e7-991c-3863bb43a7d0,73,0,0,0,15,0,1,1,1,1791355579
2026-10-07T06:47:03+00:00,2026-10-07T06:48:04.399282+00:00,9e710d48-51c1-460e-a027-3d16bde62b13,419,0,0,14,0,1,1,0,0,1791355582
2026-10-07T06:47:03+00:00,2026-10-07T06:48:04.399282+00:00,f83510fd-0de8-11e7-991c-3863bb43a7d0,171,16,2,1,6,0,1,1,1,1791355585
2026-10-07T06:47:03+00:00,2026-10-07T06:48:04.399282+00:00,83183df0-38c2-4ae8-a0c4-4b59599c9582,222,11,0,0,3,0,1,1,1,1791355583
2026-10-07T06:47:03+00:00,2026-10-07T06:48:04.399282+00:00,2057166010169469732,2057166010169469732,0,0,0,15,0,1,1,1,1791355583
2026-10-07T06:47:03+00:00,2026-10-07T06:48:04.399282+00:00,13918b3b-9ac5-4968-a74d-e40dd3bc952e,479,0,0,0,19,0,1,1,1,1791355584
2026-10-07T06:47:03+00:00,2026-10-07T06:48:04.399282+00:00,2071993292066931472,2071993292066931472,1,0,0,19,0,1,1,1,1791355584
2026-10-07T06:47:03+00:00,2026-10-07T06:48:04.399282+00:00,1975886280004030604,1975886280004030604,11,0,0,12,0,1,1,1,1791355584
2026-10-07T06:47:03+00:00,2026-10-07T06:48:04.399282+00:00,f8349ba9-0de8-11e7-991c-3863bb43a7d0,77,11,7,0,7,0,1,1,1,1791355586
2026-10-07T06:47:03+00:00,2026-10-07T06:48:04.399282+00:00,ce55d1b1-4267-40a9-ad44-5eab888ce18a,ce55d1b1-4267-40a9-ad44-5eab888ce18a,0,0,0,22,1,1,1,1,1791355586
2026-10-07T06:47:03+00:00,2026-10-07T06:48:04.399282+00:00,2103549125054737064,2103549125054737064,1,0,0,15,0,1,1,1,1791355586
2026-10-07T06:47:03+00:00,2026-10-07T06:48:04.399282+00:00,f8351336-0de8-11e7-991c-3863bb43a7d0,176,10,0,1,4,0,1,1,1,1791355571
2026-10-07T06:47:03+00:00,2026-10-07T06:48:04.399282+00:00,f8348995-0de8-11e7-991c-3863bb43a7d0,58,14,0,0,5,0,1,1,1,1791355590
2026-10-07T06:47:03+00:00,2026-10-07T06:48:04.399282+00:00,2113200093114979090,2113200093114979090,8,1,0,7,1,1,1,1,1791355589
2026-10-07T06:47:03+00:00,2026-10-07T06:48:04.399282+00:00,f8347118-0de8-11e7-991c-3863bb43a7d0,22,11,2,1,21,2,1,1,1,1791355588
2026-10-07T06:47:03+00:00,2026-10-07T06:48:04.399282+00:00,20b0b405-54ba-4a80-b89c-0819772665db,440,4,3,0,11,0,1,1,1,1791355479
2026-10-07T06:47:03+00:00,2026-10-07T06:48:04.399282+00:00,2217856523888952522,2217856523888952522,9,4,0,11,0,1,1,1,1791355591
2026-10-07T06:47:03+00:00,2026-10-07T06:48:04.399282+00:00,f83464e4-0de8-11e7-991c-3863bb43a7d0,3,0,0,1,13,0,1,1,1,1791355594
2026-10-07T06:47:03+00:00,2026-10-07T06:48:04.399282+00:00,40e58976-02cc-4c7c-911f-7a6c97588bfa,520,10,3,0,11,0,1,1,1,1791355594
2026-10-07T06:47:03+00:00,2026-10-07T06:48:04.399282+00:00,f83494b4-0de8-11e7-991c-3863bb43a7d0,69,10,4,1,8,0,1,1,1,1791355595
2026-10-07T06:47:03+00:00,2026-10-07T06:48:04.399282+00:00,2223045710883822544,2223045710883822544,10,5,1,4,0,1,1,1,1791355596
2026-10-07T06:47:03+00:00,2026-10-07T06:48:04.399282+00:00,abefafdc-c772-4671-86fe-fc15a42adebb,abefafdc-c772-4671-86fe-fc15a42adebb,2,0,0,21,0,1,1,1,1791355596
2026-10-07T06:47:03+00:00,2026-10-07T06:48:04.399282+00:00,e68655be-23d3-46e5-a509-25be677e7542,482,6,0,0,5,0,1,1,1,1791355596
2026-10-07T06:47:03+00:00,2026-10-07T06:48:04.399282+00:00,2fd22786-dfeb-4126-a906-4f01802087f3,454,1,0,2,16,0,1,1,1,1791355596
2026-10-07T06:47:03+00:00,2026-10-07T06:48:04.399282+00:00,2029805507281123700,2029805507281123700,12,2,1,6,0,1,1,1,1791355597
2026-10-07T06:47:03+00:00,2026-10-07T06:48:04.399282+00:00,f8348481-0de8-11e7-991c-3863bb43a7d0,47,19,0,0,0,0,1,1,1,1791355597
2026-10-07T06:47:03+00:00,2026-10-07T06:48:04.399282+00:00,2170342425741020744,2170342425741020744,17,5,0,0,0,1,1,1,1791355597
2026-10-07T06:47:03+00:00,2026-10-07T06:48:04.399282+00:00,0f554e1d-9f0f-452d-9b4a-e00aa2c5911e,492,0,0,0,14,0,1,1,1,1791355598
2026-10-07T06:47:03+00:00,2026-10-07T06:48:04.399282+00:00,dfdaf866-b814-48e5-9bd3-eb7c4a733697,dfdaf866-b814-48e5-9bd3-eb7c4a733697,8,2,0,9,0,1,1,1,1791355599
2026-10-07T06:47:03+00:00,2026-10-07T06:48:04.399282+00:00,2241260819676115550,2241260819676115550,0,0,0,25,0,1,1,1,1791355599
2026-10-07T06:57:03+00:00,2026-10-07T06:58:04.581574+00:00,1ef9964d-47ac-4cd4-916e-7c006fa1e605,339,0,0,4,11,0,1,0,0,1791353740
2026-10-07T06:57:03+00:00,2026-10-07T06:58:04.581574+00:00,6eaa7343-402d-41c9-9aac-8c664fdbdcf1,6eaa7343-402d-41c9-9aac-8c664fdbdcf1,0,0,0,0,0,0,0,0,86400
2026-10-07T06:57:03+00:00,2026-10-07T06:58:04.581574+00:00,f8347002-0de8-11e7-991c-3863bb43a7d0,20,15,0,0,8,0,1,1,1,1791356103
2026-10-07T06:57:03+00:00,2026-10-07T06:58:04.581574+00:00,2113559364250874028,2113559364250874028,10,3,0,5,0,1,1,1,1791356104
2026-10-07T06:57:03+00:00,2026-10-07T06:58:04.581574+00:00,1976640911178291400,1976640911178291400,10,4,0,1,0,1,1,1,1791356104
2026-10-07T06:57:03+00:00,2026-10-07T06:58:04.581574+00:00,77c1736c-a609-4453-94f7-8e4253a8193c,474,6,3,0,5,0,1,1,1,1791356101
2026-10-07T06:57:03+00:00,2026-10-07T06:58:04.581574+00:00,5d17f129-af8c-4f30-bc58-6a8279052772,543,5,2,1,13,0,1,1,1,1791356107
2026-10-07T06:57:03+00:00,2026-10-07T06:58:04.581574+00:00,e519df41-c4d7-403a-9afa-a5dd7cdd2d03,536,4,0,0,14,0,1,1,1,1791356108
2026-10-07T06:57:03+00:00,2026-10-07T06:58:04.581574+00:00,2027855476515070160,2027855476515070160,12,2,0,15,0,1,1,1,1791356106
2026-10-07T06:57:03+00:00,2026-10-07T06:58:04.581574+00:00,f834f036-0de8-11e7-991c-3863bb43a7d0,133,10,4,1,11,0,1,1,1,1791356107
2026-10-07T06:57:03+00:00,2026-10-07T06:58:04.581574+00:00,6cec3afa-554c-466f-8323-5c619fe0ddc6,6cec3afa-554c-466f-8323-5c619fe0ddc6,3,2,0,8,0,1,1,1,1791356107
2026-10-07T06:57:03+00:00,2026-10-07T06:58:04.581574+00:00,800bde2c-51df-497c-ac2d-bc3a8c00c164,800bde2c-51df-497c-ac2d-bc3a8c00c164,0,0,1,14,0,1,1,1,1791356089
2026-10-07T06:57:03+00:00,2026-10-07T06:58:04.581574+00:00,986068c4-d11a-465a-b8d0-bd0960c57f51,986068c4-d11a-465a-b8d0-bd0960c57f51,3,0,0,11,0,1,1,1,1791356088
2026-10-07T06:57:03+00:00,2026-10-07T06:58:04.581574+00:00,829fa5a8-cc88-4ab2-9f34-b481aaa1612e,259,12,4,0,3,0,1,1,1,1791356088
2026-10-07T06:57:03+00:00,2026-10-07T06:58:04.581574+00:00,1ef5abb2-5af9-41f2-a0dd-1e44278ad9f1,502,7,2,0,4,0,1,1,1,1791356084
2026-10-07T06:57:03+00:00,2026-10-07T06:58:04.581574+00:00,38706d8c-8d4b-49f7-b6ed-7688449db261,463,6,1,0,13,0,1,1,1,1791356084
2026-10-07T06:57:03+00:00,2026-10-07T06:58:04.581574+00:00,acb27827-d69a-4287-b132-3f529ca62ad2,427,3,1,0,16,0,1,1,1,1791356092
2026-10-07T06:57:03+00:00,2026-10-07T06:58:04.581574+00:00,2227859082657747444,2227859082657747444,7,4,0,0,0,1,1,1,1791356092
2026-10-07T06:57:03+00:00,2026-10-07T06:58:04.581574+00:00,40ee059e-8530-4992-9114-c16b87d6832f,441,8,5,0,11,0,1,1,1,1791356096
2026-10-07T06:57:03+00:00,2026-10-07T06:58:04.581574+00:00,f8350d30-0de8-11e7-991c-3863bb43a7d0,163,10,0,0,9,0,1,1,1,1791356095
2026-10-07T06:57:03+00:00,2026-10-07T06:58:04.581574+00:00,d1a5e406-718c-44b9-b9dd-e63605b888aa,555,9,8,0,6,0,1,1,1,1791356098
2026-10-07T06:57:03+00:00,2026-10-07T06:58:04.581574+00:00,cad0e759-b605-458a-b772-768dcce81dc6,372,0,0,6,13,0,1,0,0,1791324371
2026-10-07T06:57:03+00:00,2026-10-07T06:58:04.581574+00:00,2089808297152151688,2089808297152151688,9,3,1,2,0,1,1,1,1791356071
2026-10-07T06:57:03+00:00,2026-10-07T06:58:04.581574+00:00,8d535c23-f186-4161-aa10-17e94be6d4ae,436,5,3,3,6,1,1,1,1,1791356077
2026-10-07T06:57:03+00:00,2026-10-07T06:58:04.581574+00:00,569f4952-5a25-4394-a419-f9c4d9cca6f3,495,12,3,0,6,0,1,1,1,1791356079
2026-10-07T06:57:03+00:00,2026-10-07T06:58:04.581574+00:00,dcd76e42-eebc-4432-9726-cdb3372b0b07,557,0,0,0,19,0,1,1,1,1791356079
2026-10-07T06:57:03+00:00,2026-10-07T06:58:04.581574+00:00,8e7c1984-dc81-43b0-a0d3-58c6de45225a,465,7,1,0,4,0,1,1,1,1791356080
2026-10-07T06:57:03+00:00,2026-10-07T06:58:04.581574+00:00,f834d34b-0de8-11e7-991c-3863bb43a7d0,120,13,1,2,24,0,1,1,1,1791356083
2026-10-07T06:57:03+00:00,2026-10-07T06:58:04.581574+00:00,f834b183-0de8-11e7-991c-3863bb43a7d0,98,1,0,1,20,0,1,1,1,1791356111
2026-10-07T06:57:03+00:00,2026-10-07T06:58:04.581574+00:00,f8349070-0de8-11e7-991c-3863bb43a7d0,61,2,0,2,15,0,1,1,1,1791356113
2026-10-07T06:57:03+00:00,2026-10-07T06:58:04.581574+00:00,f8352973-0de8-11e7-991c-3863bb43a7d0,210,7,0,0,8,0,1,1,1,1791356113
2026-10-07T06:57:03+00:00,2026-10-07T06:58:04.581574+00:00,2126567695528519906,2126567695528519906,8,0,0,12,0,1,1,1,1791356117
2026-10-07T06:57:03+00:00,2026-10-07T06:58:04.581574+00:00,2149920539832638004,2149920539832638004,8,0,1,6,0,1,1,1,1791356119
2026-10-07T06:57:03+00:00,2026-10-07T06:58:04.581574+00:00,2036103727838931110,2036103727838931110,8,3,0,2,0,1,1,1,1791356116
2026-10-07T06:57:03+00:00,2026-10-07T06:58:04.581574+00:00,f8351649-0de8-11e7-991c-3863bb43a7d0,183,0,0,2,17,0,1,1,1,1791356118
2026-10-07T06:57:03+00:00,2026-10-07T06:58:04.581574+00:00,88b35b6d-f355-44dc-b85e-ed2eb1bc9099,406,11,2,0,8,0,1,1,1,1791356115
2026-10-07T06:57:03+00:00,2026-10-07T06:58:04.581574+00:00,52ca4d94-587f-4a61-a298-a1a755e73bfb,362,19,4,0,0,0,1,1,1,1791356136
2026-10-07T06:57:03+00:00,2026-10-07T06:58:04.581574+00:00,f8349599-0de8-11e7-991c-3863bb43a7d0,71,15,0,2,6,0,1,1,1,1791356137
2026-10-07T06:57:03+00:00,2026-10-07T06:58:04.581574+00:00,f835244e-0de8-11e7-991c-3863bb43a7d0,202,9,2,0,6,0,1,1,1,1791356136
2026-10-07T06:57:03+00:00,2026-10-07T06:58:04.581574+00:00,f834916a-0de8-11e7-991c-3863bb43a7d0,63,9,2,0,6,0,1,1,1,1791356125
2026-10-07T06:57:03+00:00,2026-10-07T06:58:04.581574+00:00,2251186911126913182,2251186911126913182,13,1,1,5,0,1,1,1,1791356125
2026-10-07T06:57:03+00:00,2026-10-07T06:58:04.581574+00:00,f834a2a8-0de8-11e7-991c-3863bb43a7d0,85,5,0,0,14,0,1,1,1,1791356130
2026-10-07T06:57:03+00:00,2026-10-07T06:58:04.581574+00:00,f834b928-0de8-11e7-991c-3863bb43a7d0,106,13,4,1,0,0,1,1,1,1791356130
2026-10-07T06:57:03+00:00,2026-10-07T06:58:04.581574+00:00,f8348719-0de8-11e7-991c-3863bb43a7d0,52,13,0,0,10,0,1,1,1,1791356130
2026-10-07T06:57:03+00:00,2026-10-07T06:58:04.581574+00:00,f834c5c9-0de8-11e7-991c-3863bb43a7d0,110,0,0,2,13,0,1,1,1,1791356131
2026-10-07T06:57:03+00:00,2026-10-07T06:58:04.581574+00:00,2438d052-2cd6-4fba-83c9-39f46cb59398,2438d052-2cd6-4fba-83c9-39f46cb59398,6,0,1,12,0,1,1,1,1791356127
2026-10-07T06:57:03+00:00,2026-10-07T06:58:04.581574+00:00,f83532fa-0de8-11e7-991c-3863bb43a7d0,219,12,1,0,3,0,1,1,1,1791356128
2026-10-07T06:57:03+00:00,2026-10-07T06:58:04.581574+00:00,9fef6df2-7f8f-43fc-a85b-7dd5453860f9,437,14,1,0,4,0,1,1,1,1791356127
2026-10-07T06:57:03+00:00,2026-10-07T06:58:04.581574+00:00,f8351255-0de8-11e7-991c-3863bb43a7d0,174,12,1,1,2,0,1,1,1,1791356146
2026-10-07T06:57:03+00:00,2026-10-07T06:58:04.581574+00:00,f8346dbd-0de8-11e7-991c-3863bb43a7d0,16,2,1,0,17,0,1,1,1,1791356144
2026-10-07T06:57:03+00:00,2026-10-07T06:58:04.581574+00:00,f8347ded-0de8-11e7-991c-3863bb43a7d0,35,0,0,1,30,0,1,1,1,1791356144
2026-10-07T06:57:03+00:00,2026-10-07T06:58:04.581574+00:00,1997031876360597884,1997031876360597884,5,0,0,6,0,1,1,1,1791356145
2026-10-07T06:57:03+00:00,2026-10-07T06:58:04.581574+00:00,2250817396738253956,2250817396738253956,10,2,1,4,0,1,1,1,1791356121
2026-10-07T06:57:03+00:00,2026-10-07T06:58:04.581574+00:00,2031175112202687108,2031175112202687108,12,1,0,4,0,1,1,1,1791356121
2026-10-07T06:57:03+00:00,2026-10-07T06:58:04.581574+00:00,f83473ea-0de8-11e7-991c-3863bb43a7d0,27,11,0,1,11,0,1,1,1,1791356122
2026-10-07T06:57:03+00:00,2026-10-07T06:58:04.581574+00:00,f7d416f8-4377-4019-bba7-302dc1d5a11d,391,12,0,2,1,0,1,1,1,1791356122
2026-10-07T06:57:03+00:00,2026-10-07T06:58:04.581574+00:00,2131371824572002576,2131371824572002576,8,0,0,8,0,1,1,1,1791356123
2026-10-07T06:57:03+00:00,2026-10-07T06:58:04.581574+00:00,2132460331327742574,2132460331327742574,1,0,0,17,0,1,1,1,1791356120
2026-10-07T06:57:03+00:00,2026-10-07T06:58:04.581574+00:00,9b0aff89-5242-475e-b03b-87c3c3bf51bb,477,7,3,1,11,0,1,1,1,1791356122
2026-10-07T06:57:03+00:00,2026-10-07T06:58:04.581574+00:00,2127252912986958612,2127252912986958612,13,3,0,2,0,1,1,1,1791356124
2026-10-07T06:57:03+00:00,2026-10-07T06:58:04.581574+00:00,ec4e1168-25dc-4929-b17b-e4ae578dd888,425,9,2,0,7,0,1,1,1,1791356122
2026-10-07T06:57:03+00:00,2026-10-07T06:58:04.581574+00:00,2124664048772581794,2124664048772581794,3,1,0,7,0,1,1,1,1791356140
2026-10-07T06:57:03+00:00,2026-10-07T06:58:04.581574+00:00,8bc42f7f-753d-4cca-a7d6-0d7c2530ea2c,364,11,0,0,8,0,1,1,1,1791356140
2026-10-07T06:57:03+00:00,2026-10-07T06:58:04.581574+00:00,f834cb89-0de8-11e7-991c-3863bb43a7d0,115,13,1,1,5,0,1,1,1,1791356147
2026-10-07T06:57:03+00:00,2026-10-07T06:58:04.581574+00:00,2261583246847893606,2261583246847893606,16,1,1,2,0,1,1,1,1791356148
2026-10-07T06:57:03+00:00,2026-10-07T06:58:04.581574+00:00,f8351569-0de8-11e7-991c-3863bb43a7d0,181,15,2,2,2,0,1,1,1,1791356148
2026-10-07T06:57:03+00:00,2026-10-07T06:58:04.581574+00:00,eed9e64f-f09d-43c1-aa31-da968c66750a,368,7,4,0,8,0,1,1,1,1791356150
2026-10-07T06:57:03+00:00,2026-10-07T06:58:04.581574+00:00,f834d260-0de8-11e7-991c-3863bb43a7d0,119,14,3,0,1,0,1,1,1,1791356154
2026-10-07T06:57:03+00:00,2026-10-07T06:58:04.581574+00:00,87b5a8b7-a330-4c51-ab32-7dafa292c88f,421,19,1,0,0,0,1,1,1,1791356156
2026-10-07T06:57:03+00:00,2026-10-07T06:58:04.581574+00:00,f83493c0-0de8-11e7-991c-3863bb43a7d0,67,1,0,2,27,0,1,1,1,1791356154
2026-10-07T06:57:03+00:00,2026-10-07T06:58:04.581574+00:00,97a1e4e7-a1ff-427a-aaea-48ca0d00bf9c,348,3,3,0,12,0,1,1,1,1791356155
2026-10-07T06:57:03+00:00,2026-10-07T06:58:04.581574+00:00,133d159e-a202-4310-910f-eca392fe181e,398,0,0,5,14,0,1,0,0,1791344701
2026-10-07T06:57:03+00:00,2026-10-07T06:58:04.581574+00:00,918335df-fc1a-45c2-9cfc-c5e2e93aecc0,467,3,1,1,7,0,1,1,1,1791356157
2026-10-07T06:57:03+00:00,2026-10-07T06:58:04.581574+00:00,199f3d59-e726-4549-b9c1-4dfc8a343fdb,508,9,6,0,2,0,1,1,1,1791356155
2026-10-07T06:57:03+00:00,2026-10-07T06:58:04.581574+00:00,768433a9-fc30-4485-b136-22d6f8a96f1c,768433a9-fc30-4485-b136-22d6f8a96f1c,6,2,0,5,0,1,1,1,1791356165
2026-10-07T06:57:03+00:00,2026-10-07T06:58:04.581574+00:00,e335fa7c-7adf-4360-9bfa-76b18124a56f,541,3,3,0,8,0,1,1,1,1791356160
2026-10-07T06:57:03+00:00,2026-10-07T06:58:04.581574+00:00,a825b55d-3ab3-481f-9c50-d3a7313e6843,228,0,0,1,18,0,1,1,1,1791356161
2026-10-07T06:57:03+00:00,2026-10-07T06:58:04.581574+00:00,2220033166406469278,2220033166406469278,10,4,1,4,0,1,1,1,1791356167
2026-10-07T06:57:03+00:00,2026-10-07T06:58:04.581574+00:00,f834c6f5-0de8-11e7-991c-3863bb43a7d0,111,9,3,0,5,1,1,1,1,1791356167
2026-10-07T06:57:03+00:00,2026-10-07T06:58:04.581574+00:00,82b41ffb-e284-4e4d-b22a-0cad2bfd4bee,443,8,0,0,11,0,1,1,1,1791356163
2026-10-07T06:57:03+00:00,2026-10-07T06:58:04.581574+00:00,1919521884659886482,1919521884659886482,3,0,0,16,0,1,1,1,1791356165
2026-10-07T06:57:03+00:00,2026-10-07T06:58:04.581574+00:00,f55cdf0a-3d7b-491c-bed2-7dc0ef2062d5,489,15,3,1,0,0,1,1,1,1791356166
2026-10-07T06:57:03+00:00,2026-10-07T06:58:04.581574+00:00,f8351791-0de8-11e7-991c-3863bb43a7d0,186,10,1,0,5,0,1,1,1,1791356170
2026-10-07T06:57:03+00:00,2026-10-07T06:58:04.581574+00:00,aefc33cd-40b9-48da-8b87-415428816bdb,488,7,2,0,9,0,1,1,1,1791356170
2026-10-07T06:57:03+00:00,2026-10-07T06:58:04.581574+00:00,57f5003b-6574-40b3-83d7-3b5dee1472e0,518,2,1,0,8,0,1,1,1,1791356168
2026-10-07T06:57:03+00:00,2026-10-07T06:58:04.581574+00:00,2071991821019036242,2071991821019036242,15,3,0,5,0,1,1,1,1791356156
2026-10-07T06:57:03+00:00,2026-10-07T06:58:04.581574+00:00,25d6f87f-7025-48c5-b202-f91511a4ae19,25d6f87f-7025-48c5-b202-f91511a4ae19,14,3,1,4,0,1,1,1,1791356169
2026-10-07T06:57:03+00:00,2026-10-07T06:58:04.581574+00:00,625f105e-4407-4988-9095-d1979cbda5e1,234,18,9,0,1,0,1,1,1,1791356169
2026-10-07T06:57:03+00:00,2026-10-07T06:58:04.581574+00:00,15ec5783-ca7a-4225-ba51-cd0a45ecc975,15ec5783-ca7a-4225-ba51-cd0a45ecc975,7,5,0,4,0,1,1,1,1791356168
2026-10-07T06:57:03+00:00,2026-10-07T06:58:04.581574+00:00,2134720099473744344,2134720099473744344,2,0,0,19,0,1,1,1,1791356169
2026-10-07T06:57:03+00:00,2026-10-07T06:58:04.581574+00:00,2110566771130438288,2110566771130438288,6,0,2,8,0,1,1,1,1791356169
2026-10-07T06:57:03+00:00,2026-10-07T06:58:04.581574+00:00,4b5de733-9353-4873-9dc2-9558b3cb063a,393,8,2,1,4,0,1,1,1,1791356176
2026-10-07T06:57:03+00:00,2026-10-07T06:58:04.581574+00:00,f834f948-0de8-11e7-991c-3863bb43a7d0,138,10,0,1,3,0,1,1,1,1791356176
2026-10-07T06:57:03+00:00,2026-10-07T06:58:04.581574+00:00,f8351f87-0de8-11e7-991c-3863bb43a7d0,192,0,0,0,19,0,1,1,1,1791356176
2026-10-07T06:57:03+00:00,2026-10-07T06:58:04.581574+00:00,ab6517ea-ed53-42eb-8881-657d362e56e8,560,12,0,0,3,0,1,1,1,1791356177
2026-10-07T06:57:03+00:00,2026-10-07T06:58:04.581574+00:00,25489822-e43a-4704-b2a8-d905b78ba77c,389,4,2,0,10,0,1,1,1,1791356177
2026-10-07T06:57:03+00:00,2026-10-07T06:58:04.581574+00:00,f834fcbe-0de8-11e7-991c-3863bb43a7d0,141,0,0,0,15,0,1,1,1,1791356178
2026-10-07T06:57:03+00:00,2026-10-07T06:58:04.581574+00:00,1999644268058967024,1999644268058967024,17,1,2,5,0,1,1,1,1791356176
2026-10-07T06:57:03+00:00,2026-10-07T06:58:04.581574+00:00,f834e75d-0de8-11e7-991c-3863bb43a7d0,129,7,2,0,11,1,1,1,1,1791356183
2026-10-07T06:57:03+00:00,2026-10-07T06:58:04.581574+00:00,5410aac7-2ec0-47b6-b728-b99c5137b463,5410aac7-2ec0-47b6-b728-b99c5137b463,6,2,0,5,0,1,1,1,1791356183
2026-10-07T06:57:03+00:00,2026-10-07T06:58:04.581574+00:00,2363c5a3-93cc-41a2-a767-90f1826c041f,426,0,0,0,27,0,1,1,1,1791356179
2026-10-07T06:57:03+00:00,2026-10-07T06:58:04.581574+00:00,f8350129-0de8-11e7-991c-3863bb43a7d0,149,17,1,0,1,0,1,1,1,1791356180
2026-10-07T06:57:03+00:00,2026-10-07T06:58:04.581574+00:00,f834b1ed-0de8-11e7-991c-3863bb43a7d0,99,9,0,0,6,0,1,1,1,1791356180
2026-10-07T06:57:03+00:00,2026-10-07T06:58:04.581574+00:00,2028220168245183460,2028220168245183460,15,1,0,4,0,1,1,1,1791356181
2026-10-07T06:57:03+00:00,2026-10-07T06:58:04.581574+00:00,f8346c96-0de8-11e7-991c-3863bb43a7d0,14,0,0,1,24,0,1,1,1,1791356182
2026-10-07T06:57:03+00:00,2026-10-07T06:58:04.581574+00:00,1994515539257334312,1994515539257334312,16,6,0,3,0,1,1,1,1791356182
2026-10-07T06:57:03+00:00,2026-10-07T06:58:04.581574+00:00,a6d6d4b2-3666-43ad-a690-7f676bdcc3fd,542,10,0,3,6,0,1,1,1,1791356188
2026-10-07T06:57:03+00:00,2026-10-07T06:58:04.581574+00:00,2219705277630124418,2219705277630124418,8,3,0,7,0,1,1,1,1791356189
2026-10-07T06:57:03+00:00,2026-10-07T06:58:04.581574+00:00,2036412579943670600,2036412579943670600,0,0,0,12,0,1,1,1,1791356186
2026-10-07T06:57:03+00:00,2026-10-07T06:58:04.581574+00:00,2129149628430547474,2129149628430547474,16,3,0,0,0,1,1,1,1791356150
2026-10-07T06:57:03+00:00,2026-10-07T06:58:04.581574+00:00,01d29f8c-768d-4c4f-84ca-3de966075287,469,3,2,0,8,0,1,1,1,1791356186
2026-10-07T06:57:03+00:00,2026-10-07T06:58:04.581574+00:00,f8350199-0de8-11e7-991c-3863bb43a7d0,150,9,0,1,9,0,1,1,1,1791356193
2026-10-07T06:57:03+00:00,2026-10-07T06:58:04.581574+00:00,f834a67b-0de8-11e7-991c-3863bb43a7d0,89,3,1,1,15,0,1,1,1,1791356193
2026-10-07T06:57:03+00:00,2026-10-07T06:58:04.581574+00:00,ea00f276-26dc-48ee-b2c8-6e56fd632a2d,272,4,0,0,15,0,1,1,1,1791356193
2026-10-07T06:57:03+00:00,2026-10-07T06:58:04.581574+00:00,f606593b-3d07-40f2-bc6d-a0eb96588e44,456,16,0,0,2,0,1,1,1,1791356189
2026-10-07T06:57:03+00:00,2026-10-07T06:58:04.581574+00:00,1999639508813492766,1999639508813492766,4,0,1,15,0,1,1,1,1791356190
2026-10-07T06:57:03+00:00,2026-10-07T06:58:04.581574+00:00,2251556760922290606,2251556760922290606,13,4,0,2,0,1,1,1,1791356193
2026-10-07T06:57:03+00:00,2026-10-07T06:58:04.581574+00:00,f8346e51-0de8-11e7-991c-3863bb43a7d0,17,13,1,0,1,0,1,1,1,1791356194
2026-10-07T06:57:03+00:00,2026-10-07T06:58:04.581574+00:00,c111ef1a-f276-415d-a95e-8e3c4e3a0c03,522,3,1,1,11,0,1,1,1,1791356193
2026-10-07T06:57:03+00:00,2026-10-07T06:58:04.581574+00:00,e4d5271f-5f76-401b-b7f0-c8dce3c26f10,462,8,1,1,2,0,1,1,1,1791356197
2026-10-07T06:57:03+00:00,2026-10-07T06:58:04.581574+00:00,1331197c-f6c6-4f4a-a29b-95e580359886,224,9,0,0,8,0,1,1,1,1791356196
2026-10-07T06:57:03+00:00,2026-10-07T06:58:04.581574+00:00,2127634714741013228,2127634714741013228,11,0,2,11,0,1,1,1,1791356196
2026-10-07T06:57:03+00:00,2026-10-07T06:58:04.581574+00:00,1991921362058752616,1991921362058752616,0,0,0,20,0,1,1,1,1791356144
2026-10-07T06:57:03+00:00,2026-10-07T06:58:04.581574+00:00,803a0c16-4f81-44f1-8b49-a13fcdda40c1,370,0,0,1,17,0,1,1,1,1791356191
2026-10-07T06:57:03+00:00,2026-10-07T06:58:04.581574+00:00,f8347a8b-0de8-11e7-991c-3863bb43a7d0,29,5,0,0,14,0,1,1,1,1791356195
2026-10-07T06:57:03+00:00,2026-10-07T06:58:04.581574+00:00,f834a1de-0de8-11e7-991c-3863bb43a7d0,84,1,0,0,11,0,1,1,1,1791356195
2026-10-07T06:57:03+00:00,2026-10-07T06:58:04.581574+00:00,2039387081833476178,2039387081833476178,17,4,0,3,0,1,1,1,1791356194
2026-10-07T06:57:03+00:00,2026-10-07T06:58:04.581574+00:00,f8348598-0de8-11e7-991c-3863bb43a7d0,49,4,0,0,14,0,1,1,1,1791356193
2026-10-07T06:57:03+00:00,2026-10-07T06:58:04.581574+00:00,4d953f0f-13b5-4b3d-b2da-342003ff7cba,4d953f0f-13b5-4b3d-b2da-342003ff7cba,2,1,0,9,0,1,1,1,1791356196
2026-10-07T06:57:03+00:00,2026-10-07T06:58:04.581574+00:00,1986694622707704150,1986694622707704150,15,2,1,3,0,1,1,1,1791356196
2026-10-07T06:57:03+00:00,2026-10-07T06:58:04.581574+00:00,1976280681456741062,1976280681456741062,6,6,0,5,0,1,1,1,1791356197
2026-10-07T06:57:03+00:00,2026-10-07T06:58:04.581574+00:00,f8347ba8-0de8-11e7-991c-3863bb43a7d0,31,2,0,0,17,0,1,1,1,1791356197
2026-10-07T06:57:03+00:00,2026-10-07T06:58:04.581574+00:00,f83466c6-0de8-11e7-991c-3863bb43a7d0,6,12,1,0,2,0,1,1,1,1791356197
2026-10-07T06:57:03+00:00,2026-10-07T06:58:04.581574+00:00,b44b7c3d-c054-4591-92a9-3b96d86050ab,b44b7c3d-c054-4591-92a9-3b96d86050ab,3,3,0,8,0,1,1,1,1791356199
2026-10-07T06:57:03+00:00,2026-10-07T06:58:04.581574+00:00,3f4f4ad4-a715-43d5-828f-f8381f26b66a,390,7,0,0,7,1,1,1,1,1791356081
2026-10-07T06:57:03+00:00,2026-10-07T06:58:04.581574+00:00,1e3beeb4-f8e1-452c-93e5-48df78d4b313,334,3,0,0,15,0,1,1,1,1791356094
2026-10-07T06:57:03+00:00,2026-10-07T06:58:04.581574+00:00,4caf6e93-ddd7-4b6f-9e61-f9df1206ac92,4caf6e93-ddd7-4b6f-9e61-f9df1206ac92,14,6,0,5,0,1,1,1,1791356094
2026-10-07T06:57:03+00:00,2026-10-07T06:58:04.581574+00:00,2115804056935012722,2115804056935012722,13,2,0,6,0,1,1,1,1791356096
2026-10-07T06:57:03+00:00,2026-10-07T06:58:04.581574+00:00,3a6d94a7-9fee-41c5-b8cc-a8487c5e691b,549,11,1,1,11,0,1,1,1,1791356096
2026-10-07T06:57:03+00:00,2026-10-07T06:58:04.581574+00:00,f8352150-0de8-11e7-991c-3863bb43a7d0,196,3,0,0,7,0,1,1,1,1791356092
2026-10-07T06:57:03+00:00,2026-10-07T06:58:04.581574+00:00,a9bc314b-a3fd-46e5-a63b-f005258bba5f,a9bc314b-a3fd-46e5-a63b-f005258bba5f,2,1,0,15,1,1,1,1,1791356123
2026-10-07T06:57:03+00:00,2026-10-07T06:58:04.581574+00:00,f836bc28-36a7-4ca6-bba6-0d75333d84bb,538,13,1,1,5,0,1,1,1,1791356120
2026-10-07T06:57:03+00:00,2026-10-07T06:58:04.581574+00:00,f8346a3c-0de8-11e7-991c-3863bb43a7d0,10,3,1,1,8,0,1,1,1,1791356124
2026-10-07T06:57:03+00:00,2026-10-07T06:58:04.581574+00:00,f8351e42-0de8-11e7-991c-3863bb43a7d0,189,0,0,0,23,0,1,1,1,1791356130
2026-10-07T06:57:03+00:00,2026-10-07T06:58:04.581574+00:00,e3f5d039-a49e-4b3b-ab4d-4efbef2068c6,e3f5d039-a49e-4b3b-ab4d-4efbef2068c6,17,1,0,5,0,1,1,1,1791356161
2026-10-07T06:57:03+00:00,2026-10-07T06:58:04.581574+00:00,31382324-2931-491a-827a-40149e45afee,232,5,0,0,6,0,1,1,1,1791356164
2026-10-07T06:57:03+00:00,2026-10-07T06:58:04.581574+00:00,2080157934789007958,2080157934789007958,16,2,2,1,0,1,1,1,1791356165
2026-10-07T06:57:03+00:00,2026-10-07T06:58:04.581574+00:00,f83472d3-0de8-11e7-991c-3863bb43a7d0,25,15,0,0,0,0,1,1,1,1791356163
2026-10-07T06:57:03+00:00,2026-10-07T06:58:04.581574+00:00,f834b50a-0de8-11e7-991c-3863bb43a7d0,102,9,3,0,6,0,1,1,1,1791356168
2026-10-07T06:57:03+00:00,2026-10-07T06:58:04.581574+00:00,25cc602a-152a-4abe-9df8-a131d0a5d94b,235,15,5,0,0,0,1,1,1,1791356167
2026-10-07T06:57:03+00:00,2026-10-07T06:58:04.581574+00:00,3de6e5da-9702-4623-8683-26abd98012a8,525,4,1,0,8,0,1,1,1,1791356168
2026-10-07T06:57:03+00:00,2026-10-07T06:58:04.581574+00:00,f1cafe36-f800-41f6-b74d-73953cb6394c,471,0,0,0,27,0,1,1,1,1791356168
2026-10-07T06:57:03+00:00,2026-10-07T06:58:04.581574+00:00,a3b94ed8-8301-4ec6-baf2-64ac493b5106,529,1,1,0,13,0,1,1,1,1791356169
2026-10-07T06:57:03+00:00,2026-10-07T06:58:04.581574+00:00,8f51f8f1-ecb8-4cd3-8529-296a03140c51,8f51f8f1-ecb8-4cd3-8529-296a03140c51,10,3,0,9,0,1,1,1,1791356171
2026-10-07T06:57:03+00:00,2026-10-07T06:58:04.581574+00:00,2171110977443594588,2171110977443594588,6,0,1,8,0,1,1,1,1791356171
2026-10-07T06:57:03+00:00,2026-10-07T06:58:04.581574+00:00,3c837bc0-fd08-49c4-adf5-0e9a98e918a7,524,7,0,1,7,0,1,1,1,1791356170
2026-10-07T06:57:03+00:00,2026-10-07T06:58:04.581574+00:00,2012646293885032702,2012646293885032702,4,0,1,19,0,1,1,1,1791356177
2026-10-07T06:57:03+00:00,2026-10-07T06:58:04.581574+00:00,910f1452-dbeb-4e69-b226-71b2d7e85715,910f1452-dbeb-4e69-b226-71b2d7e85715,7,7,0,3,0,1,1,1,1791356177
2026-10-07T06:57:03+00:00,2026-10-07T06:58:04.581574+00:00,be7e7068-b85f-42c1-8ea1-e1d64e531323,be7e7068-b85f-42c1-8ea1-e1d64e531323,15,3,0,0,0,1,1,1,1791356172
2026-10-07T06:57:03+00:00,2026-10-07T06:58:04.581574+00:00,f8352c1a-0de8-11e7-991c-3863bb43a7d0,216,10,2,0,9,0,1,1,1,1791356175
2026-10-07T06:57:03+00:00,2026-10-07T06:58:04.581574+00:00,f835259f-0de8-11e7-991c-3863bb43a7d0,205,3,0,1,11,0,1,1,1,1791356174
2026-10-07T06:57:03+00:00,2026-10-07T06:58:04.581574+00:00,fbb9b58c-2b92-4bcf-8e4c-a982e40d2f39,221,5,3,0,13,0,1,1,1,1791356174
2026-10-07T06:57:03+00:00,2026-10-07T06:58:04.581574+00:00,2256120653476329202,2256120653476329202,12,1,0,3,0,1,1,1,1791356182
2026-10-07T06:57:03+00:00,2026-10-07T06:58:04.581574+00:00,f834d064-0de8-11e7-991c-3863bb43a7d0,118,18,6,0,1,0,1,1,1,1791356179
2026-10-07T06:57:03+00:00,2026-10-07T06:58:04.581574+00:00,f83514f9-0de8-11e7-991c-3863bb43a7d0,180,12,1,1,6,0,1,1,1,1791356180
2026-10-07T06:57:03+00:00,2026-10-07T06:58:04.581574+00:00,13681246-4bf8-444a-a908-fa165e4ad298,329,13,0,1,1,0,1,1,1,1791356180
2026-10-07T06:57:03+00:00,2026-10-07T06:58:04.581574+00:00,efd724b2-31cb-4aec-b9d9-8ab79271630c,493,9,0,0,8,0,1,1,1,1791356180
2026-10-07T06:57:03+00:00,2026-10-07T06:58:04.581574+00:00,f834b652-0de8-11e7-991c-3863bb43a7d0,104,9,2,0,9,0,1,1,1,1791356181
2026-10-07T06:57:03+00:00,2026-10-07T06:58:04.581574+00:00,c935cfb1-ef73-402e-9b86-83aaaac6534d,478,6,0,0,13,0,1,1,1,1791356177
2026-10-07T06:57:03+00:00,2026-10-07T06:58:04.581574+00:00,8b703219-1e16-4ba1-9f46-2b7030c7849a,360,6,6,2,7,0,1,1,1,1791356177
2026-10-07T06:57:03+00:00,2026-10-07T06:58:04.581574+00:00,2126939746529359956,2126939746529359956,11,1,0,8,0,1,1,1,1791356081
2026-10-07T06:57:03+00:00,2026-10-07T06:58:04.581574+00:00,ee18dbd6-05b8-4d38-a120-f84c3499a77e,519,8,5,0,2,0,1,1,1,1791356089
2026-10-07T06:57:03+00:00,2026-10-07T06:58:04.581574+00:00,f83487f0-0de8-11e7-991c-3863bb43a7d0,54,6,0,0,9,0,1,1,1,1791356090
2026-10-07T06:57:03+00:00,2026-10-07T06:58:04.581574+00:00,f4a64c30-b97f-4ae5-b531-a11698b558d7,562,5,1,0,4,0,1,1,1,1791356115
2026-10-07T06:57:03+00:00,2026-10-07T06:58:04.581574+00:00,2074236051937964826,2074236051937964826,13,0,0,2,1,1,1,1,1791356114
2026-10-07T06:57:03+00:00,2026-10-07T06:58:04.581574+00:00,50cc3c7f-50ed-4c70-b483-c89f3f47c938,491,13,1,0,6,0,1,1,1,1791356114
2026-10-07T06:57:03+00:00,2026-10-07T06:58:04.581574+00:00,4764641e-b080-4c70-a1e1-049de81e09d0,273,23,0,1,16,0,1,1,1,1791356116
2026-10-07T06:57:03+00:00,2026-10-07T06:58:04.581574+00:00,609c2f06-310e-4134-8dd2-3d23aa41487b,609c2f06-310e-4134-8dd2-3d23aa41487b,12,1,1,9,0,1,1,1,1791356119
2026-10-07T06:57:03+00:00,2026-10-07T06:58:04.581574+00:00,dd008e3c-ff17-4c82-abe0-502272a62425,558,1,0,0,16,0,1,1,1,1791356118
2026-10-07T06:57:03+00:00,2026-10-07T06:58:04.581574+00:00,f8349d6e-0de8-11e7-991c-3863bb43a7d0,79,17,0,0,1,0,1,1,1,1791356145
2026-10-07T06:57:03+00:00,2026-10-07T06:58:04.581574+00:00,66763558-7a03-48a9-8665-6b4445b81f48,458,11,4,0,4,0,1,1,1,1791356144
2026-10-07T06:57:03+00:00,2026-10-07T06:58:04.581574+00:00,af066ffd-b892-434f-8532-1982fc408780,480,3,0,0,8,0,1,1,1,1791356144
2026-10-07T06:57:03+00:00,2026-10-07T06:58:04.581574+00:00,1963273678015717438,1963273678015717438,0,0,0,19,0,1,1,1,1791356146
2026-10-07T06:57:03+00:00,2026-10-07T06:58:04.581574+00:00,e49a5b83-2c9c-4610-a48b-89cfea172c8f,504,4,1,0,7,0,1,1,1,1791356147
2026-10-07T06:57:03+00:00,2026-10-07T06:58:04.581574+00:00,1206f5c8-7d1f-4c32-9d65-f3e80186fbde,511,8,5,1,10,0,1,1,1,1791356147
2026-10-07T06:57:03+00:00,2026-10-07T06:58:04.581574+00:00,2223046412750968128,2223046412750968128,2,1,0,17,0,1,1,1,1791356148
2026-10-07T06:57:03+00:00,2026-10-07T06:58:04.581574+00:00,f834fb66-0de8-11e7-991c-3863bb43a7d0,139,15,2,0,4,0,1,1,1,1791356144
2026-10-07T06:57:03+00:00,2026-10-07T06:58:04.581574+00:00,57caf362-1e8b-46aa-9ee3-82341c405ab0,271,4,2,1,10,0,1,1,1,1791356153
2026-10-07T06:57:03+00:00,2026-10-07T06:58:04.581574+00:00,2004828637786472956,2004828637786472956,15,7,1,3,0,1,1,1,1791356150
2026-10-07T06:57:03+00:00,2026-10-07T06:58:04.581574+00:00,0bc49982-74e9-4bbf-9991-e3d809d6319e,530,3,1,0,16,0,1,1,1,1791356150
2026-10-07T06:57:03+00:00,2026-10-07T06:58:04.581574+00:00,1994461916590643872,1994461916590643872,6,1,1,4,0,1,1,1,1791356150
2026-10-07T06:57:03+00:00,2026-10-07T06:58:04.581574+00:00,dd05a440-f881-410c-a071-864da11c634a,318,0,0,0,19,0,1,1,1,1791356155
2026-10-07T06:57:03+00:00,2026-10-07T06:58:04.581574+00:00,f8348021-0de8-11e7-991c-3863bb43a7d0,39,26,2,0,1,0,1,1,1,1791356152
2026-10-07T06:57:03+00:00,2026-10-07T06:58:04.581574+00:00,f834923d-0de8-11e7-991c-3863bb43a7d0,65,8,0,0,11,0,1,1,1,1791356159
2026-10-07T06:57:03+00:00,2026-10-07T06:58:04.581574+00:00,1961066392414132348,1961066392414132348,3,0,0,16,0,1,1,1,1791356158
2026-10-07T06:57:03+00:00,2026-10-07T06:58:04.581574+00:00,7dd0fc98-c1dd-4c93-9c1d-4bbdf5f93346,473,14,9,0,0,0,1,1,1,1791356158
2026-10-07T06:57:03+00:00,2026-10-07T06:58:04.581574+00:00,2248987790637065652,2248987790637065652,6,3,0,6,0,1,1,1,1791356096
2026-10-07T06:57:03+00:00,2026-10-07T06:58:04.581574+00:00,2071724371800490690,2071724371800490690,17,0,0,3,0,1,1,1,1791356156
2026-10-07T06:57:03+00:00,2026-10-07T06:58:04.581574+00:00,dd8dee9d-d044-41d6-9371-8463cf9c671b,526,7,4,0,7,1,1,1,1,1791356098
2026-10-07T06:57:03+00:00,2026-10-07T06:58:04.581574+00:00,0cb6d635-6a7d-4d75-89b4-36b12616be12,432,10,6,0,9,0,1,1,1,1791356099
2026-10-07T06:57:03+00:00,2026-10-07T06:58:04.581574+00:00,f8348857-0de8-11e7-991c-3863bb43a7d0,55,1,0,0,14,0,1,1,1,1791356098
2026-10-07T06:57:03+00:00,2026-10-07T06:58:04.581574+00:00,2124668538068359456,2124668538068359456,9,0,1,9,0,1,1,1,1791356098
2026-10-07T06:57:03+00:00,2026-10-07T06:58:04.581574+00:00,f834fda2-0de8-11e7-991c-3863bb43a7d0,143,6,1,1,16,0,1,1,1,1791356098
2026-10-07T06:57:03+00:00,2026-10-07T06:58:04.581574+00:00,dc770287-c70c-43ea-a635-39f3dc6b09cd,dc770287-c70c-43ea-a635-39f3dc6b09cd,6,1,0,5,0,1,1,1,1791356102
2026-10-07T06:57:03+00:00,2026-10-07T06:58:04.581574+00:00,3dbbb3cb-b52d-46f8-8f9c-db11e83d081c,327,14,9,1,0,0,1,1,1,1791356101
2026-10-07T06:57:03+00:00,2026-10-07T06:58:04.581574+00:00,3b158c7a-a362-43ae-af1f-121b78be32d7,483,8,4,1,8,0,1,1,1,1791356106
2026-10-07T06:57:03+00:00,2026-10-07T06:58:04.581574+00:00,68323451-daf0-4532-a6cb-b070e3ef358f,68323451-daf0-4532-a6cb-b070e3ef358f,10,1,0,9,0,1,1,1,1791356103
2026-10-07T06:57:03+00:00,2026-10-07T06:58:04.581574+00:00,2120986392451359068,2120986392451359068,10,0,0,9,0,1,1,1,1791356104
2026-10-07T06:57:03+00:00,2026-10-07T06:58:04.581574+00:00,f8347361-0de8-11e7-991c-3863bb43a7d0,26,15,0,0,0,0,1,1,1,1791356108
2026-10-07T06:57:03+00:00,2026-10-07T06:58:04.581574+00:00,082262bd-086b-46c7-83ce-eed2b39142ff,416,2,1,0,13,0,1,1,1,1791356107
2026-10-07T06:57:03+00:00,2026-10-07T06:58:04.581574+00:00,2079440939380771716,2079440939380771716,2,1,1,8,0,1,1,1,1791356109
2026-10-07T06:57:03+00:00,2026-10-07T06:58:04.581574+00:00,a439fff7-8630-464c-b277-efca6f6bc664,531,7,0,2,5,0,1,1,1,1791356111
2026-10-07T06:57:03+00:00,2026-10-07T06:58:04.581574+00:00,f8349672-0de8-11e7-991c-3863bb43a7d0,72,0,0,0,23,0,1,1,1,1791356112
2026-10-07T06:57:03+00:00,2026-10-07T06:58:04.581574+00:00,a9d13461-7f0f-47b0-9a97-8ec9e9792865,533,13,0,1,5,0,1,1,1,1791356113
2026-10-07T06:57:03+00:00,2026-10-07T06:58:04.581574+00:00,2111332861978124760,2111332861978124760,5,1,1,10,0,1,1,1,1791356131
2026-10-07T06:57:03+00:00,2026-10-07T06:58:04.581574+00:00,1984021766354634770,1984021766354634770,15,1,0,4,0,1,1,1,1791356137
2026-10-07T06:57:03+00:00,2026-10-07T06:58:04.581574+00:00,2fded452-cbd0-4248-b008-f8a61ed9a85f,2fded452-cbd0-4248-b008-f8a61ed9a85f,1,0,0,14,0,1,1,1,1791356134
2026-10-07T06:57:03+00:00,2026-10-07T06:58:04.581574+00:00,d81e16e2-a410-4a0b-b5ae-b72748fc9781,d81e16e2-a410-4a0b-b5ae-b72748fc9781,2,1,1,16,0,1,1,1,1791356138
2026-10-07T06:57:03+00:00,2026-10-07T06:58:04.581574+00:00,f834ffc9-0de8-11e7-991c-3863bb43a7d0,146,10,2,0,9,0,1,1,1,1791356136
2026-10-07T06:57:03+00:00,2026-10-07T06:58:04.581574+00:00,b0b8e427-7203-4844-9c70-129e08a74452,347,12,4,1,1,0,1,1,1,1791356141
2026-10-07T06:57:03+00:00,2026-10-07T06:58:04.581574+00:00,f834db9b-0de8-11e7-991c-3863bb43a7d0,121,16,7,0,1,0,1,1,1,1791356142
2026-10-07T06:57:03+00:00,2026-10-07T06:58:04.581574+00:00,f8348781-0de8-11e7-991c-3863bb43a7d0,53,19,1,0,0,0,1,1,1,1791356139
2026-10-07T06:57:03+00:00,2026-10-07T06:58:04.581574+00:00,f835027c-0de8-11e7-991c-3863bb43a7d0,152,8,1,0,19,0,1,1,1,1791356143
2026-10-07T06:57:03+00:00,2026-10-07T06:58:04.581574+00:00,634b697d-0e64-4102-8849-abac7a7f8e35,455,4,2,0,8,0,1,1,1,1791356186
2026-10-07T06:57:03+00:00,2026-10-07T06:58:04.581574+00:00,f8346c01-0de8-11e7-991c-3863bb43a7d0,13,0,0,0,19,0,1,1,1,1791356185
2026-10-07T06:57:03+00:00,2026-10-07T06:58:04.581574+00:00,2253794653988522864,2253794653988522864,8,0,1,10,0,1,1,1,1791356186
2026-10-07T06:57:03+00:00,2026-10-07T06:58:04.581574+00:00,2113560016964645240,2113560016964645240,9,0,1,9,0,1,1,1,1791356190
2026-10-07T06:57:03+00:00,2026-10-07T06:58:04.581574+00:00,f8352a4d-0de8-11e7-991c-3863bb43a7d0,212,18,2,1,13,0,1,1,1,1791356195
2026-10-07T06:57:03+00:00,2026-10-07T06:58:04.581574+00:00,2131714490587826928,2131714490587826928,10,7,2,4,0,1,1,1,1791356195
2026-10-07T06:57:03+00:00,2026-10-07T06:58:04.581574+00:00,fae99a0c-e88a-4112-94d8-f655cf34e651,fae99a0c-e88a-4112-94d8-f655cf34e651,3,0,1,15,0,1,1,1,1791356196
2026-10-07T06:57:03+00:00,2026-10-07T06:58:04.581574+00:00,f835141c-0de8-11e7-991c-3863bb43a7d0,178,17,0,1,0,0,1,1,1,1791356192
2026-10-07T06:57:03+00:00,2026-10-07T06:58:04.581574+00:00,ee0fa23e-a6c2-474d-a6ef-bf581d63f1ae,ee0fa23e-a6c2-474d-a6ef-bf581d63f1ae,11,4,0,0,0,1,1,1,1791356187
2026-10-07T06:57:03+00:00,2026-10-07T06:58:04.581574+00:00,2100948177843249670,2100948177843249670,6,5,0,5,0,1,1,1,1791356188
2026-10-07T06:57:03+00:00,2026-10-07T06:58:04.581574+00:00,c98f50f6-1901-4c64-b164-8cf33245e022,282,14,1,1,2,1,1,1,1,1791356188
2026-10-07T06:57:03+00:00,2026-10-07T06:58:04.581574+00:00,f8352306-0de8-11e7-991c-3863bb43a7d0,199,10,6,1,4,0,1,1,1,1791356194
2026-10-07T06:57:03+00:00,2026-10-07T06:58:04.581574+00:00,2158217922577811100,2158217922577811100,8,1,0,11,0,1,1,1,1791356195
2026-10-07T06:57:03+00:00,2026-10-07T06:58:04.581574+00:00,b5894555-30a3-46db-918a-fdeb083d6001,336,13,7,1,1,0,1,1,1,1791356184
2026-10-07T06:57:03+00:00,2026-10-07T06:58:04.581574+00:00,2002247509585342522,2002247509585342522,11,1,0,0,0,1,1,1,1791356188
2026-10-07T06:57:03+00:00,2026-10-07T06:58:04.581574+00:00,f834ff5a-0de8-11e7-991c-3863bb43a7d0,145,10,1,1,8,0,1,1,1,1791356189
2026-10-07T06:57:03+00:00,2026-10-07T06:58:04.581574+00:00,2035765531590062506,2035765531590062506,6,1,2,3,0,1,1,1,1791356188
2026-10-07T06:57:03+00:00,2026-10-07T06:58:04.581574+00:00,f8353277-0de8-11e7-991c-3863bb43a7d0,218,0,0,0,15,0,1,1,1,1791356189
2026-10-07T06:57:03+00:00,2026-10-07T06:58:04.581574+00:00,2136546016037880534,2136546016037880534,9,1,0,6,0,1,1,1,1791356191
2026-10-07T06:57:03+00:00,2026-10-07T06:58:04.581574+00:00,f8349de4-0de8-11e7-991c-3863bb43a7d0,80,0,0,2,33,0,1,1,1,1791356193
2026-10-07T06:57:03+00:00,2026-10-07T06:58:04.581574+00:00,f8348924-0de8-11e7-991c-3863bb43a7d0,57,11,0,0,3,0,1,1,1,1791356194
2026-10-07T06:57:03+00:00,2026-10-07T06:58:04.581574+00:00,f8350be5-0de8-11e7-991c-3863bb43a7d0,160,2,0,0,12,0,1,1,1,1791356174
2026-10-07T06:57:03+00:00,2026-10-07T06:58:04.581574+00:00,a51b429f-bf06-425a-b3fe-b3155aa6468c,a51b429f-bf06-425a-b3fe-b3155aa6468c,4,3,1,6,0,1,1,1,1791356197
2026-10-07T06:57:03+00:00,2026-10-07T06:58:04.581574+00:00,f8351ff1-0de8-11e7-991c-3863bb43a7d0,193,7,0,1,6,0,1,1,1,1791356198
2026-10-07T06:57:03+00:00,2026-10-07T06:58:04.581574+00:00,f834a32d-0de8-11e7-991c-3863bb43a7d0,86,17,0,0,8,0,1,1,1,1791356199
2026-10-07T06:57:03+00:00,2026-10-07T06:58:04.581574+00:00,f8350c56-0de8-11e7-991c-3863bb43a7d0,161,23,6,0,0,0,1,1,1,1791356198
2026-10-07T06:57:03+00:00,2026-10-07T06:58:04.581574+00:00,2271594282663217386,2271594282663217386,2,2,0,9,0,1,1,1,1791355820
2026-10-07T06:57:03+00:00,2026-10-07T06:58:04.581574+00:00,12141b77-6e5f-444b-bace-2abf16db4fee,12141b77-6e5f-444b-bace-2abf16db4fee,0,0,11,0,0,1,0,0,1791320514
2026-10-07T06:57:03+00:00,2026-10-07T06:58:04.581574+00:00,9cc65d3d-cfcc-45ff-8f75-7264556b1cf9,9cc65d3d-cfcc-45ff-8f75-7264556b1cf9,17,2,0,2,0,1,1,1,1791356078
2026-10-07T06:57:03+00:00,2026-10-07T06:58:04.581574+00:00,13d4171b-6d93-490e-923f-f2a17d5c7613,13d4171b-6d93-490e-923f-f2a17d5c7613,3,1,2,6,0,1,1,1,1791356078
2026-10-07T06:57:03+00:00,2026-10-07T06:58:04.581574+00:00,f83520d8-0de8-11e7-991c-3863bb43a7d0,195,14,2,0,9,0,1,1,1,1791356080
2026-10-07T06:57:03+00:00,2026-10-07T06:58:04.581574+00:00,ad2fb6f2-921f-440c-83de-08be76e35c2a,468,3,0,1,10,0,1,1,1,1791356079
2026-10-07T06:57:03+00:00,2026-10-07T06:58:04.581574+00:00,186accbb-6a08-4e1d-b267-9033c4443a56,401,11,3,1,3,0,1,1,1,1791356080
2026-10-07T06:57:03+00:00,2026-10-07T06:58:04.581574+00:00,1676a6f7-c417-48d2-92e8-5ce21995efc3,374,1,0,0,17,0,1,1,1,1791356080
2026-10-07T06:57:03+00:00,2026-10-07T06:58:04.581574+00:00,42886366-9cbf-432c-ba84-beef38877c87,408,15,5,0,0,0,1,1,1,1791356081
2026-10-07T06:57:03+00:00,2026-10-07T06:58:04.581574+00:00,f834658f-0de8-11e7-991c-3863bb43a7d0,4,18,2,0,1,0,1,1,1,1791356080
2026-10-07T06:57:03+00:00,2026-10-07T06:58:04.581574+00:00,f834caf2-0de8-11e7-991c-3863bb43a7d0,114,9,3,0,6,0,1,1,1,1791356083
2026-10-07T06:57:03+00:00,2026-10-07T06:58:04.581574+00:00,12d463d2-ce50-43bd-81b1-6be4dbdbbc1b,430,13,4,0,6,0,1,1,1,1791356141
2026-10-07T06:57:03+00:00,2026-10-07T06:58:04.581574+00:00,2245672241002318634,2245672241002318634,6,1,1,11,0,1,1,1,1791356127
2026-10-07T06:57:03+00:00,2026-10-07T06:58:04.581574+00:00,2007420398783036020,2007420398783036020,7,0,0,13,0,1,1,1,1791356141
2026-10-07T06:57:03+00:00,2026-10-07T06:58:04.581574+00:00,2123672938202825324,2123672938202825324,0,0,0,15,0,1,1,1,1791356140
2026-10-07T06:57:03+00:00,2026-10-07T06:58:04.581574+00:00,2225590560002383786,2225590560002383786,0,0,0,15,0,1,1,1,1791356137
2026-10-07T06:57:03+00:00,2026-10-07T06:58:04.581574+00:00,f834a3a0-0de8-11e7-991c-3863bb43a7d0,87,14,3,0,1,0,1,1,1,1791356138
2026-10-07T06:57:03+00:00,2026-10-07T06:58:04.581574+00:00,f8352378-0de8-11e7-991c-3863bb43a7d0,200,14,0,0,5,0,1,1,1,1791356086
2026-10-07T06:57:03+00:00,2026-10-07T06:58:04.581574+00:00,4f25f6ef-236b-43b4-8a92-68a24db0504b,4f25f6ef-236b-43b4-8a92-68a24db0504b,12,6,0,2,0,1,1,1,1791356084
2026-10-07T06:57:03+00:00,2026-10-07T06:58:04.581574+00:00,2098360140389493528,2098360140389493528,6,5,3,2,0,1,1,1,1791356090
2026-10-07T06:57:03+00:00,2026-10-07T06:58:04.581574+00:00,2104f242-2dde-4ec0-8197-4454b1021ac1,381,13,2,2,8,1,1,1,1,1791356119
2026-10-07T06:57:03+00:00,2026-10-07T06:58:04.581574+00:00,f83515d8-0de8-11e7-991c-3863bb43a7d0,182,10,0,0,8,0,1,1,1,1791356119
2026-10-07T06:57:03+00:00,2026-10-07T06:58:04.581574+00:00,f8351490-0de8-11e7-991c-3863bb43a7d0,179,52,7,0,0,1,1,1,1,1791356116
2026-10-07T06:57:03+00:00,2026-10-07T06:58:04.581574+00:00,f8348a68-0de8-11e7-991c-3863bb43a7d0,60,9,4,1,8,0,1,1,1,1791356115
2026-10-07T06:57:03+00:00,2026-10-07T06:58:04.581574+00:00,2267959380696438832,2267959380696438832,7,0,0,4,0,1,1,1,1791356118
2026-10-07T06:57:03+00:00,2026-10-07T06:58:04.581574+00:00,0b0467c1-0c90-4529-a556-fe4d57835bbb,435,11,11,0,3,1,1,1,1,1791356123
2026-10-07T06:57:03+00:00,2026-10-07T06:58:04.581574+00:00,f834ba08-0de8-11e7-991c-3863bb43a7d0,108,0,0,0,16,0,1,1,1,1791356120
2026-10-07T06:57:03+00:00,2026-10-07T06:58:04.581574+00:00,f83512c9-0de8-11e7-991c-3863bb43a7d0,175,6,2,0,11,0,1,1,1,1791356120
2026-10-07T06:57:03+00:00,2026-10-07T06:58:04.581574+00:00,f83529e2-0de8-11e7-991c-3863bb43a7d0,211,9,0,0,6,0,1,1,1,1791356123
2026-10-07T06:57:03+00:00,2026-10-07T06:58:04.581574+00:00,f834dedf-0de8-11e7-991c-3863bb43a7d0,124,10,4,0,4,0,1,1,1,1791356121
2026-10-07T06:57:03+00:00,2026-10-07T06:58:04.581574+00:00,9f582e05-15e0-4a39-aef5-c719e0c78e26,466,5,3,2,4,0,1,1,1,1791356123
2026-10-07T06:57:03+00:00,2026-10-07T06:58:04.581574+00:00,f8347b1e-0de8-11e7-991c-3863bb43a7d0,30,1,0,0,14,0,1,1,1,1791356132
2026-10-07T06:57:03+00:00,2026-10-07T06:58:04.581574+00:00,f8285d4f-5053-4e26-bb28-72016fe11353,405,12,0,0,7,0,1,1,1,1791356133
2026-10-07T06:57:03+00:00,2026-10-07T06:58:04.581574+00:00,f835108b-0de8-11e7-991c-3863bb43a7d0,170,4,1,0,9,1,1,1,1,1791356135
2026-10-07T06:57:03+00:00,2026-10-07T06:58:04.581574+00:00,f834a838-0de8-11e7-991c-3863bb43a7d0,92,10,2,1,7,0,1,1,1,1791356136
2026-10-07T06:57:03+00:00,2026-10-07T06:58:04.581574+00:00,81676204-e42f-4d3d-991e-9c1264f36229,357,14,2,0,1,0,1,1,1,1791356133
2026-10-07T06:57:03+00:00,2026-10-07T06:58:04.581574+00:00,e32c0bb9-e85b-4764-b0fb-5c582cfd3a90,340,14,8,1,2,2,1,1,1,1791356134
2026-10-07T06:57:03+00:00,2026-10-07T06:58:04.581574+00:00,eee3aab6-bd98-4d1f-8887-9c4e2adce482,eee3aab6-bd98-4d1f-8887-9c4e2adce482,9,3,2,0,0,1,1,1,1791356091
2026-10-07T06:57:03+00:00,2026-10-07T06:58:04.581574+00:00,2151136782588526782,2151136782588526782,8,1,1,2,0,1,1,1,1791356091
2026-10-07T06:57:03+00:00,2026-10-07T06:58:04.581574+00:00,fe6a64e7-c712-404c-85ae-ee77a37245b1,355,7,1,1,9,0,1,1,1,1791356094
2026-10-07T06:57:03+00:00,2026-10-07T06:58:04.581574+00:00,2002579415401984808,2002579415401984808,4,0,0,7,0,1,1,1,1791356092
2026-10-07T06:57:03+00:00,2026-10-07T06:58:04.581574+00:00,c1789d39-705f-4c03-9c14-4d6a3a4f4400,561,0,0,0,19,0,1,1,1,1791356090
2026-10-07T06:57:03+00:00,2026-10-07T06:58:04.581574+00:00,f834fede-0de8-11e7-991c-3863bb43a7d0,144,5,0,0,14,0,1,1,1,1791356092
2026-10-07T06:57:03+00:00,2026-10-07T06:58:04.581574+00:00,f8351726-0de8-11e7-991c-3863bb43a7d0,185,0,0,1,14,0,1,1,1,1791356093
2026-10-07T06:57:03+00:00,2026-10-07T06:58:04.581574+00:00,1942556871369959976,1942556871369959976,14,6,1,4,0,1,1,1,1791356130
2026-10-07T06:57:03+00:00,2026-10-07T06:58:04.581574+00:00,1921360868231155718,1921360868231155718,3,0,0,16,0,1,1,1,1791356128
2026-10-07T06:57:03+00:00,2026-10-07T06:58:04.581574+00:00,93381e13-cd04-4e10-ac81-9f5926aa01d5,333,19,6,1,5,0,1,1,1,1791356128
2026-10-07T06:57:03+00:00,2026-10-07T06:58:04.581574+00:00,f834f8ca-0de8-11e7-991c-3863bb43a7d0,137,11,9,4,2,2,1,1,1,1791356127
2026-10-07T06:57:03+00:00,2026-10-07T06:58:04.581574+00:00,c202f2ca-ec1d-4dc5-a734-e0a342f23ba4,279,18,1,1,4,0,1,1,1,1791356130
2026-10-07T06:57:03+00:00,2026-10-07T06:58:04.581574+00:00,aa556ad4-0092-4687-96c2-8dbc69addb56,485,5,0,2,4,0,1,1,1,1791356128
2026-10-07T06:57:03+00:00,2026-10-07T06:58:04.581574+00:00,c23a4c0d-7e43-4042-80e2-7c894d07763b,559,5,1,0,6,0,1,1,1,1791356125
2026-10-07T06:57:03+00:00,2026-10-07T06:58:04.581574+00:00,47c44bb1-d065-41f5-ad79-c18aee60af34,342,9,0,1,5,0,1,1,1,1791356125
2026-10-07T06:57:03+00:00,2026-10-07T06:58:04.581574+00:00,52485851-e554-49de-ab9f-f536806d2d34,52485851-e554-49de-ab9f-f536806d2d34,4,1,0,6,0,1,1,1,1791356157
2026-10-07T06:57:03+00:00,2026-10-07T06:58:04.581574+00:00,e2c306f6-82c7-4d0d-89fd-c9452d2f9ad1,361,6,1,0,37,0,1,1,1,1791356156
2026-10-07T06:57:03+00:00,2026-10-07T06:58:04.581574+00:00,5bbdd12f-fec4-4741-9d5d-4a60834c5d02,377,9,2,0,10,0,1,1,1,1791356157
2026-10-07T06:57:03+00:00,2026-10-07T06:58:04.581574+00:00,8347c34d-68df-404b-ac58-7a387cc3ce4b,414,9,2,0,14,0,1,1,1,1791356159
2026-10-07T06:57:03+00:00,2026-10-07T06:58:04.581574+00:00,2212663228188806942,2212663228188806942,8,0,0,16,0,1,1,1,1791356158
2026-10-07T06:57:03+00:00,2026-10-07T06:58:04.581574+00:00,2254164250455119196,2254164250455119196,7,7,0,8,0,1,1,1,1791356104
2026-10-07T06:57:03+00:00,2026-10-07T06:58:04.581574+00:00,f0f01d4c-ba4a-4ab2-9cc0-9fa1f9223300,394,6,3,0,8,0,1,1,1,1791356105
2026-10-07T06:57:03+00:00,2026-10-07T06:58:04.581574+00:00,2038981933682610536,2038981933682610536,4,0,0,12,0,1,1,1,1791356062
2026-10-07T06:57:03+00:00,2026-10-07T06:58:04.581574+00:00,403c0f6c-d01a-4171-a7be-3aa4dbb0d7d1,407,11,8,2,5,0,1,1,1,1791356102
2026-10-07T06:57:03+00:00,2026-10-07T06:58:04.581574+00:00,2096125468116637776,2096125468116637776,12,0,0,3,0,1,1,1,1791356101
2026-10-07T06:57:03+00:00,2026-10-07T06:58:04.581574+00:00,f834dc46-0de8-11e7-991c-3863bb43a7d0,122,2,0,0,13,0,1,1,1,1791356104
2026-10-07T06:57:03+00:00,2026-10-07T06:58:04.581574+00:00,065e0e5d-8a0d-49b7-9c1f-c8eaba51a8b4,490,12,4,1,5,0,1,1,1,1791356099
2026-10-07T06:57:03+00:00,2026-10-07T06:58:04.581574+00:00,a83f982f-a4f1-43e4-98e8-c8f4a0bb7290,452,14,1,0,0,0,1,1,1,1791356098
2026-10-07T06:57:03+00:00,2026-10-07T06:58:04.581574+00:00,a3bf0bfe-198b-4160-a2fb-cc7d10cfb4cf,a3bf0bfe-198b-4160-a2fb-cc7d10cfb4cf,9,1,0,10,0,1,1,1,1791356099
2026-10-07T06:57:03+00:00,2026-10-07T06:58:04.581574+00:00,4fe8e777-345b-4fc2-a684-dd874e8186d8,4fe8e777-345b-4fc2-a684-dd874e8186d8,8,4,1,6,0,1,1,1,1791356097
2026-10-07T06:57:03+00:00,2026-10-07T06:58:04.581574+00:00,f83489ff-0de8-11e7-991c-3863bb43a7d0,59,1,0,0,17,1,1,1,1,1791356097
2026-10-07T06:57:03+00:00,2026-10-07T06:58:04.581574+00:00,2002248857751890568,2002248857751890568,10,8,0,1,0,1,1,1,1791356097
2026-10-07T06:57:03+00:00,2026-10-07T06:58:04.581574+00:00,ca76adb6-4c84-4484-9ec3-b411b81ddbef,ca76adb6-4c84-4484-9ec3-b411b81ddbef,4,1,2,13,0,1,1,1,1791356100
2026-10-07T06:57:03+00:00,2026-10-07T06:58:04.581574+00:00,ed6c012e-6d6c-41e7-8e01-90749fd67575,546,11,10,0,5,0,1,1,1,1791356111
2026-10-07T06:57:03+00:00,2026-10-07T06:58:04.581574+00:00,1a39ab83-f029-4134-aad4-35380b30bf2c,1a39ab83-f029-4134-aad4-35380b30bf2c,6,0,0,13,0,1,1,1,1791356111
2026-10-07T06:57:03+00:00,2026-10-07T06:58:04.581574+00:00,2130224177726511580,2130224177726511580,6,0,0,9,0,1,1,1,1791356148
2026-10-07T06:57:03+00:00,2026-10-07T06:58:04.581574+00:00,9e9be067-c6bb-41de-9491-eda69d24d6de,371,15,5,0,3,0,1,1,1,1791356145
2026-10-07T06:57:03+00:00,2026-10-07T06:58:04.581574+00:00,2212258635631104970,2212258635631104970,9,0,0,14,0,1,1,1,1791356147
2026-10-07T06:57:03+00:00,2026-10-07T06:58:04.581574+00:00,0daf7408-7a15-4d2b-8c39-f1a097cdbe85,403,5,0,0,10,0,1,1,1,1791356152
2026-10-07T06:57:03+00:00,2026-10-07T06:58:04.581574+00:00,f8350204-0de8-11e7-991c-3863bb43a7d0,151,1,0,0,18,0,1,1,1,1791356151
2026-10-07T06:57:03+00:00,2026-10-07T06:58:04.581574+00:00,f83471a1-0de8-11e7-991c-3863bb43a7d0,23,4,0,0,20,1,1,1,1,1791356151
2026-10-07T06:57:03+00:00,2026-10-07T06:58:04.581574+00:00,1976642295079838524,1976642295079838524,4,0,1,6,0,1,1,1,1791356160
2026-10-07T06:57:03+00:00,2026-10-07T06:58:04.581574+00:00,f8349e56-0de8-11e7-991c-3863bb43a7d0,81,7,0,1,11,0,1,1,1,1791356164
2026-10-07T06:57:03+00:00,2026-10-07T06:58:04.581574+00:00,d1c0b0c2-6e4c-424e-a946-a2a95a711633,422,7,1,0,8,0,1,1,1,1791356159
2026-10-07T06:57:03+00:00,2026-10-07T06:58:04.581574+00:00,4c128753-6fde-4d4c-896e-a1adf89ada98,4c128753-6fde-4d4c-896e-a1adf89ada98,0,0,1,23,1,1,1,1,1791356159
2026-10-07T06:57:03+00:00,2026-10-07T06:58:04.581574+00:00,f8346f6f-0de8-11e7-991c-3863bb43a7d0,19,11,1,1,2,0,1,1,1,1791356154
2026-10-07T06:57:03+00:00,2026-10-07T06:58:04.581574+00:00,7df1ee28-441e-44c1-8507-8f58946be96b,239,14,2,1,0,0,1,1,1,1791356161
2026-10-07T06:57:03+00:00,2026-10-07T06:58:04.581574+00:00,81bfc33b-30d8-4881-b261-712715a8b2bc,363,5,1,0,12,1,1,1,1,1791356177
2026-10-07T06:57:03+00:00,2026-10-07T06:58:04.581574+00:00,7c860828-3359-4229-b59b-963f5a4bab00,236,5,1,2,5,0,1,1,1,1791356177
2026-10-07T06:57:03+00:00,2026-10-07T06:58:04.581574+00:00,2109111257926871498,2109111257926871498,15,4,1,3,0,1,1,1,1791356179
2026-10-07T06:57:03+00:00,2026-10-07T06:58:04.581574+00:00,be18593a-9e4c-4a13-8bb2-a5bac3d9b2b3,547,11,3,0,7,0,1,1,1,1791356179
2026-10-07T06:57:03+00:00,2026-10-07T06:58:04.581574+00:00,f8351eb0-0de8-11e7-991c-3863bb43a7d0,190,28,1,1,8,0,1,1,1,1791356177
2026-10-07T06:57:03+00:00,2026-10-07T06:58:04.581574+00:00,eb8824c3-9c84-4fec-8d6f-d537c8ab3beb,349,13,10,0,3,1,1,1,1,1791356178
2026-10-07T06:57:03+00:00,2026-10-07T06:58:04.581574+00:00,2249419943962214726,2249419943962214726,2,1,1,16,0,1,1,1,1791356167
2026-10-07T06:57:03+00:00,2026-10-07T06:58:04.581574+00:00,a75d3da1-ce74-447f-8e80-52506a81aff3,a75d3da1-ce74-447f-8e80-52506a81aff3,11,8,0,0,0,1,1,1,1791356167
2026-10-07T06:57:03+00:00,2026-10-07T06:58:04.581574+00:00,f8352068-0de8-11e7-991c-3863bb43a7d0,194,11,0,0,8,0,1,1,1,1791356171
2026-10-07T06:57:03+00:00,2026-10-07T06:58:04.581574+00:00,5f8ced09-665c-41e5-b67e-1e58fac21830,521,3,0,0,8,0,1,1,1,1791356170
2026-10-07T06:57:03+00:00,2026-10-07T06:58:04.581574+00:00,f714390d-6874-43fa-a079-a07f83c79c7b,f714390d-6874-43fa-a079-a07f83c79c7b,10,3,1,0,0,1,1,1,1791356169
2026-10-07T06:57:03+00:00,2026-10-07T06:58:04.581574+00:00,6e340d8e-45db-4fd9-b6eb-b74ec73b0d3e,535,6,1,2,7,0,1,1,1,1791356183
2026-10-07T06:57:03+00:00,2026-10-07T06:58:04.581574+00:00,f834fc57-0de8-11e7-991c-3863bb43a7d0,140,9,1,3,5,0,1,1,1,1791356182
2026-10-07T06:57:03+00:00,2026-10-07T06:58:04.581574+00:00,f8349ed6-0de8-11e7-991c-3863bb43a7d0,82,6,1,0,19,0,1,1,1,1791356183
2026-10-07T06:57:03+00:00,2026-10-07T06:58:04.581574+00:00,9340e113-e0b2-48ac-b58a-8b6f001b0a94,486,4,1,0,7,0,1,1,1,1791356185
2026-10-07T06:57:03+00:00,2026-10-07T06:58:04.581574+00:00,bd3d4824-7203-4edc-a314-cea2b413e886,319,13,3,0,13,1,1,1,1,1791356184
2026-10-07T06:57:03+00:00,2026-10-07T06:58:04.581574+00:00,f834ec42-0de8-11e7-991c-3863bb43a7d0,131,16,2,1,1,0,1,1,1,1791356163
2026-10-07T06:57:03+00:00,2026-10-07T06:58:04.581574+00:00,2071630998981871920,2071630998981871920,12,5,0,8,0,1,1,1,1791356163
2026-10-07T06:57:03+00:00,2026-10-07T06:58:04.581574+00:00,f8350a84-0de8-11e7-991c-3863bb43a7d0,157,0,0,0,15,0,1,1,1,1791356166
2026-10-07T06:57:03+00:00,2026-10-07T06:58:04.581574+00:00,f83480a9-0de8-11e7-991c-3863bb43a7d0,40,28,0,0,3,0,1,1,1,1791356172
2026-10-07T06:57:03+00:00,2026-10-07T06:58:04.581574+00:00,2131760674371160748,2131760674371160748,4,0,1,15,0,1,1,1,1791356172
2026-10-07T06:57:03+00:00,2026-10-07T06:58:04.581574+00:00,53548ba4-ad0a-4d92-8e57-fd5c9f3ad102,399,5,0,0,10,0,1,1,1,1791356173
2026-10-07T06:57:03+00:00,2026-10-07T06:58:04.581574+00:00,1978882443666915710,1978882443666915710,12,0,0,5,1,1,1,1,1791356195
2026-10-07T06:57:03+00:00,2026-10-07T06:58:04.581574+00:00,2129865213174084448,2129865213174084448,3,0,0,16,0,1,1,1,1791356196
2026-10-07T06:57:03+00:00,2026-10-07T06:58:04.581574+00:00,2093488029445054742,2093488029445054742,5,0,0,23,0,1,1,1,1791356197
2026-10-07T06:57:03+00:00,2026-10-07T06:58:04.581574+00:00,1989983491501558234,1989983491501558234,2,0,0,9,0,1,1,1,1791356197
2026-10-07T06:57:03+00:00,2026-10-07T06:58:04.581574+00:00,f834ea45-0de8-11e7-991c-3863bb43a7d0,130,7,0,0,8,0,1,1,1,1791356193
2026-10-07T06:57:03+00:00,2026-10-07T06:58:04.581574+00:00,f8351dc2-0de8-11e7-991c-3863bb43a7d0,188,15,1,0,0,0,1,1,1,1791356194
2026-10-07T06:57:03+00:00,2026-10-07T06:58:04.581574+00:00,9c8366d8-3b58-4894-b281-09e22f6fe5f7,464,10,1,0,1,0,1,1,1,1791356194
2026-10-07T06:57:03+00:00,2026-10-07T06:58:04.581574+00:00,f834824e-0de8-11e7-991c-3863bb43a7d0,43,0,0,0,15,0,1,1,1,1791356190
2026-10-07T06:57:03+00:00,2026-10-07T06:58:04.581574+00:00,c5017e67-cada-4549-a52e-0f13dddd289d,424,10,6,0,9,0,1,1,1,1791356190
2026-10-07T06:57:03+00:00,2026-10-07T06:58:04.581574+00:00,f834a7d1-0de8-11e7-991c-3863bb43a7d0,91,3,0,0,16,0,1,1,1,1791356187
2026-10-07T06:57:03+00:00,2026-10-07T06:58:04.581574+00:00,f83483f3-0de8-11e7-991c-3863bb43a7d0,46,15,1,1,23,0,1,1,1,1791356189
2026-10-07T06:57:03+00:00,2026-10-07T06:58:04.581574+00:00,7feae3ce-ddf2-4a45-a123-1209c8a9182b,484,2,0,0,9,0,1,1,1,1791356188
2026-10-07T06:57:03+00:00,2026-10-07T06:58:04.581574+00:00,f834b99d-0de8-11e7-991c-3863bb43a7d0,107,0,0,0,18,0,1,1,1,1791356189
2026-10-07T06:57:03+00:00,2026-10-07T06:58:04.581574+00:00,f83481c5-0de8-11e7-991c-3863bb43a7d0,42,4,0,1,25,0,1,1,1,1791356188
2026-10-07T06:57:03+00:00,2026-10-07T06:58:04.581574+00:00,f8352ac4-0de8-11e7-991c-3863bb43a7d0,213,0,0,2,12,0,1,1,1,1791356188
2026-10-07T06:57:03+00:00,2026-10-07T06:58:04.581574+00:00,2014558273483754010,2014558273483754010,5,1,0,14,0,1,1,1,1791356192
2026-10-07T06:57:03+00:00,2026-10-07T06:58:04.581574+00:00,fe534b6f-61ad-47d3-b9f6-cdaa128f53a4,395,5,0,2,8,0,1,1,1,1791356192
2026-10-07T06:57:03+00:00,2026-10-07T06:58:04.581574+00:00,2040842277416872172,2040842277416872172,7,1,0,9,0,1,1,1,1791356193
2026-10-07T06:57:03+00:00,2026-10-07T06:58:04.581574+00:00,2035660824473983142,2035660824473983142,9,0,0,9,1,1,1,1,1791356193
2026-10-07T06:57:03+00:00,2026-10-07T06:58:04.581574+00:00,2d32e355-faee-407b-9bb7-45d80ffb059a,2d32e355-faee-407b-9bb7-45d80ffb059a,0,0,1,18,0,1,1,1,1791356191
2026-10-07T06:57:03+00:00,2026-10-07T06:58:04.581574+00:00,00802fe6-4268-4dc8-8f55-0dbbc1665ce6,515,3,0,2,14,0,1,1,1,1791356188
2026-10-07T06:57:03+00:00,2026-10-07T06:58:04.581574+00:00,f834ab92-0de8-11e7-991c-3863bb43a7d0,95,15,0,0,0,0,1,1,1,1791356192
2026-10-07T06:57:03+00:00,2026-10-07T06:58:04.581574+00:00,74cb9bf6-bb53-4c70-88d2-67998b99628c,296,12,2,0,11,0,1,1,1,1791356197
2026-10-07T06:57:03+00:00,2026-10-07T06:58:04.581574+00:00,bd1755dc-f26c-420e-85b3-fd025d0b5445,554,1,0,0,14,0,1,1,1,1791356198
2026-10-07T06:57:03+00:00,2026-10-07T06:58:04.581574+00:00,228b8017-e4da-4722-9223-b8279a14b8ad,448,4,4,0,6,0,1,1,1,1791356198
2026-10-07T06:57:03+00:00,2026-10-07T06:58:04.581574+00:00,2220822464984366036,2220822464984366036,3,1,0,9,0,1,1,1,1791356198
2026-10-07T06:57:03+00:00,2026-10-07T06:58:04.581574+00:00,2118368356250680236,2118368356250680236,4,0,0,12,0,1,1,1,1791356198
2026-10-07T06:57:03+00:00,2026-10-07T06:58:04.581574+00:00,2076849845777355316,2076849845777355316,16,0,3,10,3,1,1,1,1791356194
2026-10-07T06:57:03+00:00,2026-10-07T06:58:04.581574+00:00,f835260c-0de8-11e7-991c-3863bb43a7d0,206,7,1,0,33,0,1,1,1,1791356198
2026-10-07T06:57:03+00:00,2026-10-07T06:58:04.581574+00:00,2227858849424910006,2227858849424910006,8,2,0,0,0,1,1,1,1791355681
2026-10-07T06:57:03+00:00,2026-10-07T06:58:04.581574+00:00,1df03e33-c105-4e53-b013-d20056cd57f8,1df03e33-c105-4e53-b013-d20056cd57f8,0,0,0,0,0,0,0,0,86400
2026-10-07T06:57:03+00:00,2026-10-07T06:58:04.581574+00:00,0208190e-851c-417d-8bc7-1b218db97fbf,0208190e-851c-417d-8bc7-1b218db97fbf,0,0,1,22,0,1,0,0,1791347955
2026-10-07T06:57:03+00:00,2026-10-07T06:58:04.581574+00:00,f8350b76-0de8-11e7-991c-3863bb43a7d0,159,6,2,2,11,1,1,1,1,1791356041
2026-10-07T06:57:03+00:00,2026-10-07T06:58:04.581574+00:00,57716f8d-c9ee-4768-8872-71343ec3ffd8,514,12,4,2,5,0,1,1,1,1791356083
2026-10-07T06:57:03+00:00,2026-10-07T06:58:04.581574+00:00,baab0b05-a028-4147-8432-a2726c7e48ea,328,12,4,0,3,0,1,1,1,1791356084
2026-10-07T06:57:03+00:00,2026-10-07T06:58:04.581574+00:00,9721c80e-fc8f-474f-8918-b68c041d2836,9721c80e-fc8f-474f-8918-b68c041d2836,4,1,1,18,0,1,1,1,1791356081
2026-10-07T06:57:03+00:00,2026-10-07T06:58:04.581574+00:00,f834f6a3-0de8-11e7-991c-3863bb43a7d0,135,0,0,0,17,0,1,1,1,1791356110
2026-10-07T06:57:03+00:00,2026-10-07T06:58:04.581574+00:00,2246034666940677832,2246034666940677832,5,0,0,6,0,1,1,1,1791356108
2026-10-07T06:57:03+00:00,2026-10-07T06:58:04.581574+00:00,48abed77-c9ba-4a39-8a5c-6a1e9bb8a9a5,48abed77-c9ba-4a39-8a5c-6a1e9bb8a9a5,14,8,1,1,0,1,1,1,1791356108
2026-10-07T06:57:03+00:00,2026-10-07T06:58:04.581574+00:00,f83492b4-0de8-11e7-991c-3863bb43a7d0,66,10,4,1,4,0,1,1,1,1791356109
2026-10-07T06:57:03+00:00,2026-10-07T06:58:04.581574+00:00,5b1d2661-8a93-4f14-b242-ebc52792f951,337,15,3,0,0,0,1,1,1,1791356109
2026-10-07T06:57:03+00:00,2026-10-07T06:58:04.581574+00:00,1963613484180639992,1963613484180639992,12,1,0,7,0,1,1,1,1791356133
2026-10-07T06:57:03+00:00,2026-10-07T06:58:04.581574+00:00,8a404180-7c2e-4dbe-9489-c478ed959282,8a404180-7c2e-4dbe-9489-c478ed959282,1,0,3,15,0,1,1,1,1791356132
2026-10-07T06:57:03+00:00,2026-10-07T06:58:04.581574+00:00,81323081-749c-44cf-ac62-0e6c64305c32,461,4,0,0,7,0,1,1,1,1791356152
2026-10-07T06:57:03+00:00,2026-10-07T06:58:04.581574+00:00,ef6ef93b-488f-496b-afbf-3aedfd967129,517,8,4,0,7,0,1,1,1,1791356151
2026-10-07T06:57:03+00:00,2026-10-07T06:58:04.581574+00:00,f8347c41-0de8-11e7-991c-3863bb43a7d0,32,4,0,0,10,0,1,1,1,1791356157
2026-10-07T06:57:03+00:00,2026-10-07T06:58:04.581574+00:00,1991922092203192944,1991922092203192944,2,0,0,17,0,1,1,1,1791356154
2026-10-07T06:57:03+00:00,2026-10-07T06:58:04.581574+00:00,2040842870122359032,2040842870122359032,1,0,1,18,0,1,1,1,1791356156
2026-10-07T06:57:03+00:00,2026-10-07T06:58:04.581574+00:00,f834708e-0de8-11e7-991c-3863bb43a7d0,21,3,0,0,14,0,1,1,1,1791356159
2026-10-07T06:57:03+00:00,2026-10-07T06:58:04.581574+00:00,2145094035874873892,2145094035874873892,14,2,1,4,0,1,1,1,1791356162
2026-10-07T06:57:03+00:00,2026-10-07T06:58:04.581574+00:00,f83488be-0de8-11e7-991c-3863bb43a7d0,56,7,0,1,10,0,1,1,1,1791356161
2026-10-07T06:57:03+00:00,2026-10-07T06:58:04.581574+00:00,7560f0e3-267b-4fb3-bbfa-6e02010cfcb7,225,16,1,1,2,0,1,1,1,1791356162
2026-10-07T06:57:03+00:00,2026-10-07T06:58:04.581574+00:00,56817d8e-3a1c-431a-a529-1a600f80c364,366,9,2,1,17,0,1,1,1,1791356162
2026-10-07T06:57:03+00:00,2026-10-07T06:58:04.581574+00:00,6aebc664-1e3c-479f-8f65-2bae99215ed3,6aebc664-1e3c-479f-8f65-2bae99215ed3,9,2,0,2,0,1,1,1,1791356162
2026-10-07T06:57:03+00:00,2026-10-07T06:58:04.581574+00:00,2088704000370565344,2088704000370565344,3,0,2,7,0,1,1,1,1791356160
2026-10-07T06:57:03+00:00,2026-10-07T06:58:04.581574+00:00,25a9114f-66f0-427c-920f-5526ca84f056,346,14,1,1,0,0,1,1,1,1791356077
2026-10-07T06:57:03+00:00,2026-10-07T06:58:04.581574+00:00,fe90d430-d33f-48b2-a5cd-bc161b220939,553,13,0,0,10,0,1,1,1,1791356086
2026-10-07T06:57:03+00:00,2026-10-07T06:58:04.581574+00:00,cf5f920f-b61d-4db0-b139-14aff04d577c,459,0,0,9,0,13,1,0,0,1791335572
2026-10-07T06:57:03+00:00,2026-10-07T06:58:04.581574+00:00,1986302395589722758,1986302395589722758,8,2,0,2,0,1,1,1,1791356145
2026-10-07T06:57:03+00:00,2026-10-07T06:58:04.581574+00:00,90330e1a-dee5-4914-9d3f-3891aeca12ca,434,8,0,1,10,0,1,1,1,1791356145
2026-10-07T06:57:03+00:00,2026-10-07T06:58:04.581574+00:00,f834a959-0de8-11e7-991c-3863bb43a7d0,94,10,8,0,0,0,1,1,1,1791356144
2026-10-07T06:57:03+00:00,2026-10-07T06:58:04.581574+00:00,f8350cc1-0de8-11e7-991c-3863bb43a7d0,162,5,3,0,10,0,1,1,1,1791356143
2026-10-07T06:57:03+00:00,2026-10-07T06:58:04.581574+00:00,2110984374959099994,2110984374959099994,4,3,0,16,0,1,1,1,1791356143
2026-10-07T06:57:03+00:00,2026-10-07T06:58:04.581574+00:00,aa964f5b-fadf-4fc1-8c91-84ee36e15f0d,341,14,0,0,1,0,1,1,1,1791356147
2026-10-07T06:57:03+00:00,2026-10-07T06:58:04.581574+00:00,f83497b9-0de8-11e7-991c-3863bb43a7d0,74,0,0,0,19,0,1,1,1,1791356148
2026-10-07T06:57:03+00:00,2026-10-07T06:58:04.581574+00:00,f8352b39-0de8-11e7-991c-3863bb43a7d0,214,10,1,0,3,1,1,1,1,1791356148
2026-10-07T06:57:03+00:00,2026-10-07T06:58:04.581574+00:00,b205d2bb-bb76-49ac-8d14-85eec5a874d3,343,7,1,1,7,0,1,1,1,1791356150
2026-10-07T06:57:03+00:00,2026-10-07T06:58:04.581574+00:00,1965873511294959658,1965873511294959658,4,0,0,19,0,1,1,1,1791356152
2026-10-07T06:57:03+00:00,2026-10-07T06:58:04.581574+00:00,f2b83aa2-86cd-4904-a099-74bf2023f768,330,2,0,0,13,0,1,1,1,1791356147
2026-10-07T06:57:03+00:00,2026-10-07T06:58:04.581574+00:00,e4678b17-face-42c3-9b5f-98418d31e3b6,e4678b17-face-42c3-9b5f-98418d31e3b6,11,4,0,0,0,1,1,1,1791356147
2026-10-07T06:57:03+00:00,2026-10-07T06:58:04.581574+00:00,f8347ccd-0de8-11e7-991c-3863bb43a7d0,33,15,0,0,12,0,1,1,1,1791356148
2026-10-07T06:57:03+00:00,2026-10-07T06:58:04.581574+00:00,f834b101-0de8-11e7-991c-3863bb43a7d0,97,3,2,0,15,1,1,1,1,1791356149
2026-10-07T06:57:03+00:00,2026-10-07T06:58:04.581574+00:00,f8352ba8-0de8-11e7-991c-3863bb43a7d0,215,3,1,0,12,0,1,1,1,1791356151
2026-10-07T06:57:03+00:00,2026-10-07T06:58:04.581574+00:00,2249415127458891992,2249415127458891992,13,0,0,2,0,1,1,1,1791356165
2026-10-07T06:57:03+00:00,2026-10-07T06:58:04.581574+00:00,f835288a-0de8-11e7-991c-3863bb43a7d0,208,11,1,0,4,0,1,1,1,1791356164
2026-10-07T06:57:03+00:00,2026-10-07T06:58:04.581574+00:00,380de8b2-2728-4e4b-83f1-251bfbb5acf2,487,18,5,1,0,0,1,1,1,1791356164
2026-10-07T06:57:03+00:00,2026-10-07T06:58:04.581574+00:00,f834cfd8-0de8-11e7-991c-3863bb43a7d0,117,0,0,4,11,1,1,1,1,1791356169
2026-10-07T06:57:03+00:00,2026-10-07T06:58:04.581574+00:00,b6a8522d-296d-4c05-887d-842374520780,545,11,11,0,2,1,1,1,1,1791356164
2026-10-07T06:57:03+00:00,2026-10-07T06:58:04.581574+00:00,61168d8b-20b7-46c8-8f08-6ae1f100c4e0,550,9,4,0,8,0,1,1,1,1791356166
2026-10-07T06:57:03+00:00,2026-10-07T06:58:04.581574+00:00,868ccc83-99e5-4faf-96eb-e1fae26b9741,481,2,0,1,16,0,1,1,1,1791356168
2026-10-07T06:57:03+00:00,2026-10-07T06:58:04.581574+00:00,d22265a8-a6d7-4922-a6b5-4be738a9e5c4,392,13,10,0,2,0,1,1,1,1791356168
2026-10-07T06:57:03+00:00,2026-10-07T06:58:04.581574+00:00,f8349440-0de8-11e7-991c-3863bb43a7d0,68,0,0,1,18,0,1,1,1,1791356165
2026-10-07T06:57:03+00:00,2026-10-07T06:58:04.581574+00:00,51bb4381-dae4-4aeb-b213-0614b807be29,344,11,7,2,6,0,1,1,1,1791356168
2026-10-07T06:57:03+00:00,2026-10-07T06:58:04.581574+00:00,f83482d2-0de8-11e7-991c-3863bb43a7d0,44,1,0,0,30,0,1,1,1,1791356115
2026-10-07T06:57:03+00:00,2026-10-07T06:58:04.581574+00:00,2069389896750516900,2069389896750516900,4,0,0,16,0,1,1,1,1791356115
2026-10-07T06:57:03+00:00,2026-10-07T06:58:04.581574+00:00,8d893519-bc21-4536-b346-f558988bc8ad,260,9,1,0,6,0,1,1,1,1791356116
2026-10-07T06:57:03+00:00,2026-10-07T06:58:04.581574+00:00,d7507124-4cab-4063-8445-a59a33a3d6e4,512,8,4,1,10,0,1,1,1,1791356113
2026-10-07T06:57:03+00:00,2026-10-07T06:58:04.581574+00:00,f8351f1d-0de8-11e7-991c-3863bb43a7d0,191,7,0,1,8,0,1,1,1,1791356116
2026-10-07T06:57:03+00:00,2026-10-07T06:58:04.581574+00:00,1994054629753598708,1994054629753598708,13,4,0,1,0,1,1,1,1791356121
2026-10-07T06:57:03+00:00,2026-10-07T06:58:04.581574+00:00,2014865445230483952,2014865445230483952,13,0,0,4,0,1,1,1,1791356120
2026-10-07T06:57:03+00:00,2026-10-07T06:58:04.581574+00:00,888780ee-bf2f-474e-9622-6bc725aa1b00,888780ee-bf2f-474e-9622-6bc725aa1b00,2,0,4,5,0,1,1,1,1791356118
2026-10-07T06:57:03+00:00,2026-10-07T06:58:04.581574+00:00,f8352534-0de8-11e7-991c-3863bb43a7d0,204,9,3,0,6,0,1,1,1,1791356123
2026-10-07T06:57:03+00:00,2026-10-07T06:58:04.581574+00:00,f83517fa-0de8-11e7-991c-3863bb43a7d0,187,12,4,0,3,0,1,1,1,1791356125
2026-10-07T06:57:03+00:00,2026-10-07T06:58:04.581574+00:00,f8346803-0de8-11e7-991c-3863bb43a7d0,8,15,5,0,4,0,1,1,1,1791356127
2026-10-07T06:57:03+00:00,2026-10-07T06:58:04.581574+00:00,f834b8b3-0de8-11e7-991c-3863bb43a7d0,105,11,0,0,7,0,1,1,1,1791356128
2026-10-07T06:57:03+00:00,2026-10-07T06:58:04.581574+00:00,8b97606e-a849-4db8-ae9b-4009fe48d90b,556,8,1,0,11,0,1,1,1,1791356125
2026-10-07T06:57:03+00:00,2026-10-07T06:58:04.581574+00:00,ea65c25f-0718-4f79-8588-c58b9fe3a105,226,6,0,1,7,1,1,1,1,1791356127
2026-10-07T06:57:03+00:00,2026-10-07T06:58:04.581574+00:00,f83513a7-0de8-11e7-991c-3863bb43a7d0,177,3,0,0,16,0,1,1,1,1791356094
2026-10-07T06:57:03+00:00,2026-10-07T06:58:04.581574+00:00,ff938129-8179-455c-9ac9-9fcb9fc0b6d5,ff938129-8179-455c-9ac9-9fcb9fc0b6d5,12,4,1,6,0,1,1,1,1791356093
2026-10-07T06:57:03+00:00,2026-10-07T06:58:04.581574+00:00,df03c61a-29d7-445d-9980-d7f058916591,345,12,0,0,7,0,1,1,1,1791356096
2026-10-07T06:57:03+00:00,2026-10-07T06:58:04.581574+00:00,940638c5-7cd0-4a11-899e-86af3868d400,532,6,1,0,12,0,1,1,1,1791356099
2026-10-07T06:57:03+00:00,2026-10-07T06:58:04.581574+00:00,295553ea-851b-4ac2-a094-f9d1208e399a,412,4,1,0,15,0,1,1,1,1791356100
2026-10-07T06:57:03+00:00,2026-10-07T06:58:04.581574+00:00,8983c75a-12c1-4995-aedc-24c94bd895e3,384,1,0,0,18,0,1,1,1,1791356107
2026-10-07T06:57:03+00:00,2026-10-07T06:58:04.581574+00:00,2039109354743046934,2039109354743046934,10,1,2,7,1,1,1,1,1791356108
2026-10-07T06:57:03+00:00,2026-10-07T06:58:04.581574+00:00,2043911250700610106,2043911250700610106,4,0,0,11,0,1,1,1,1791356139
2026-10-07T06:57:03+00:00,2026-10-07T06:58:04.581574+00:00,7e1dae55-4d3d-4a41-b969-2aeca70e0e69,7e1dae55-4d3d-4a41-b969-2aeca70e0e69,8,0,0,3,0,1,1,1,1791356141
2026-10-07T06:57:03+00:00,2026-10-07T06:58:04.581574+00:00,f8352219-0de8-11e7-991c-3863bb43a7d0,197,14,7,0,1,0,1,1,1,1791356140
2026-10-07T06:57:03+00:00,2026-10-07T06:58:04.581574+00:00,1cced911-b428-4cfd-81be-3a8f77ce7379,233,9,0,2,4,0,1,1,1,1791356170
2026-10-07T06:57:03+00:00,2026-10-07T06:58:04.581574+00:00,f83491d4-0de8-11e7-991c-3863bb43a7d0,64,0,0,0,23,0,1,1,1,1791356174
2026-10-07T06:57:03+00:00,2026-10-07T06:58:04.581574+00:00,23146f28-9762-4a6d-a6db-fcd4ff0e5d07,356,13,0,0,10,0,1,1,1,1791356174
2026-10-07T06:57:03+00:00,2026-10-07T06:58:04.581574+00:00,f83511d4-0de8-11e7-991c-3863bb43a7d0,173,6,0,0,7,1,1,1,1,1791356174
2026-10-07T06:57:03+00:00,2026-10-07T06:58:04.581574+00:00,f8346ad7-0de8-11e7-991c-3863bb43a7d0,11,0,0,1,14,0,1,1,1,1791356175
2026-10-07T06:57:03+00:00,2026-10-07T06:58:04.581574+00:00,d5349097-b478-4b3f-9c46-d8fbcf38e3f4,509,9,1,0,3,0,1,1,1,1791356172
2026-10-07T06:57:03+00:00,2026-10-07T06:58:04.581574+00:00,f834723b-0de8-11e7-991c-3863bb43a7d0,24,0,0,0,23,0,1,1,1,1791356170
2026-10-07T06:57:03+00:00,2026-10-07T06:58:04.581574+00:00,2085366936904166272,2085366936904166272,8,2,2,5,0,1,1,1,1791356175
2026-10-07T06:57:03+00:00,2026-10-07T06:58:04.581574+00:00,2090158541932726550,2090158541932726550,10,0,0,5,0,1,1,1,1791356139
2026-10-07T06:57:03+00:00,2026-10-07T06:58:04.581574+00:00,2118728866631796788,2118728866631796788,9,2,0,6,0,1,1,1,1791356175
2026-10-07T06:57:03+00:00,2026-10-07T06:58:04.581574+00:00,2270212773802111256,2270212773802111256,10,1,0,9,0,1,1,1,1791356178
2026-10-07T06:57:03+00:00,2026-10-07T06:58:04.581574+00:00,2141791438824588162,2141791438824588162,11,3,0,8,0,1,1,1,1791356178
2026-10-07T06:57:03+00:00,2026-10-07T06:58:04.581574+00:00,1e1b40cd-8e00-4b74-b147-be6b23f5c9e7,385,3,1,0,12,0,1,1,1,1791356176
2026-10-07T06:57:03+00:00,2026-10-07T06:58:04.581574+00:00,f8347f09-0de8-11e7-991c-3863bb43a7d0,37,1,0,0,14,0,1,1,1,1791356179
2026-10-07T06:57:03+00:00,2026-10-07T06:58:04.581574+00:00,a6e0db4f-fc9b-42af-bfe0-36cc0259b717,446,6,0,0,10,0,1,1,1,1791356178
2026-10-07T06:57:03+00:00,2026-10-07T06:58:04.581574+00:00,2085737662370069102,2085737662370069102,14,2,0,4,1,1,1,1,1791356179
2026-10-07T06:57:03+00:00,2026-10-07T06:58:04.581574+00:00,d8ce5f8b-2440-45e1-ab1c-23cb3bcbde84,527,3,1,0,10,0,1,1,1,1791356179
2026-10-07T06:57:03+00:00,2026-10-07T06:58:04.581574+00:00,fbc512a5-4b98-4821-bcfb-bb0c7ac83543,365,5,0,0,14,0,1,1,1,1791356180
2026-10-07T06:57:03+00:00,2026-10-07T06:58:04.581574+00:00,7f68a70d-af0e-450a-b7a8-ce621cd0c8c1,280,10,3,1,8,0,1,1,1,1791356180
2026-10-07T06:57:03+00:00,2026-10-07T06:58:04.581574+00:00,2119105928286481344,2119105928286481344,11,3,0,8,0,1,1,1,1791356183
2026-10-07T06:57:03+00:00,2026-10-07T06:58:04.581574+00:00,f834662c-0de8-11e7-991c-3863bb43a7d0,5,12,0,0,3,0,1,1,1,1791356183
2026-10-07T06:57:03+00:00,2026-10-07T06:58:04.581574+00:00,9bfa4a32-5598-46ea-a1a1-17b4c6ed9d84,431,11,3,0,4,0,1,1,1,1791356183
2026-10-07T06:57:03+00:00,2026-10-07T06:58:04.581574+00:00,2080205593583047424,2080205593583047424,10,1,0,6,0,1,1,1,1791356184
2026-10-07T06:57:03+00:00,2026-10-07T06:58:04.581574+00:00,f8347e78-0de8-11e7-991c-3863bb43a7d0,36,7,0,1,23,0,1,1,1,1791356184
2026-10-07T06:57:03+00:00,2026-10-07T06:58:04.581574+00:00,f8350ecf-0de8-11e7-991c-3863bb43a7d0,167,10,7,0,5,0,1,1,1,1791356184
2026-10-07T06:57:03+00:00,2026-10-07T06:58:04.581574+00:00,f834abfd-0de8-11e7-991c-3863bb43a7d0,96,6,1,2,11,0,1,1,1,1791356182
2026-10-07T06:57:03+00:00,2026-10-07T06:58:04.581574+00:00,ccf82572-a142-4378-9a4b-5a51fcb4ef81,350,8,1,0,9,0,1,1,1,1791356182
2026-10-07T06:57:03+00:00,2026-10-07T06:58:04.581574+00:00,1994466222105870452,1994466222105870452,6,3,2,3,0,1,1,1,1791356182
2026-10-07T06:57:03+00:00,2026-10-07T06:58:04.581574+00:00,f8346b6f-0de8-11e7-991c-3863bb43a7d0,12,16,0,0,11,0,1,1,1,1791356177
2026-10-07T06:57:03+00:00,2026-10-07T06:58:04.581574+00:00,dede6d5f-7d62-496e-a8ca-d5a64afe39c1,544,15,0,0,0,0,1,1,1,1791356182
2026-10-07T06:57:03+00:00,2026-10-07T06:58:04.581574+00:00,f834a8a0-0de8-11e7-991c-3863bb43a7d0,93,17,0,0,14,0,1,1,1,1791356188
2026-10-07T06:57:03+00:00,2026-10-07T06:58:04.581574+00:00,f8349b20-0de8-11e7-991c-3863bb43a7d0,76,14,1,0,3,0,1,1,1,1791356188
2026-10-07T06:57:03+00:00,2026-10-07T06:58:04.581574+00:00,2259733531216984776,2259733531216984776,4,1,0,11,0,1,1,1,1791356187
2026-10-07T06:57:03+00:00,2026-10-07T06:58:04.581574+00:00,f8346d23-0de8-11e7-991c-3863bb43a7d0,15,5,0,0,10,0,1,1,1,1791356187
2026-10-07T06:57:03+00:00,2026-10-07T06:58:04.581574+00:00,c5cfd1ed-aa44-4e20-96bb-e334c96f0d68,376,13,0,0,2,0,1,1,1,1791356187
2026-10-07T06:57:03+00:00,2026-10-07T06:58:04.581574+00:00,f9524971-e9f9-4572-aebc-580e48de042f,f9524971-e9f9-4572-aebc-580e48de042f,13,3,0,6,0,1,1,1,1791356188
2026-10-07T06:57:03+00:00,2026-10-07T06:58:04.581574+00:00,f834c7a9-0de8-11e7-991c-3863bb43a7d0,112,11,2,0,4,0,1,1,1,1791356186
2026-10-07T06:57:03+00:00,2026-10-07T06:58:04.581574+00:00,99675a11-a92c-465c-bf5a-434b08ba5fc6,400,16,1,0,36,0,1,1,1,1791356189
2026-10-07T06:57:03+00:00,2026-10-07T06:58:04.581574+00:00,ad2cf74c-0e8c-4e15-8f19-2259e8c82f0f,404,6,2,2,8,0,1,1,1,1791356190
2026-10-07T06:57:03+00:00,2026-10-07T06:58:04.581574+00:00,2027502297316997708,2027502297316997708,8,0,0,3,0,1,1,1,1791356193
2026-10-07T06:57:03+00:00,2026-10-07T06:58:04.581574+00:00,2087949096844032050,2087949096844032050,6,0,0,9,0,1,1,1,1791356193
2026-10-07T06:57:03+00:00,2026-10-07T06:58:04.581574+00:00,903b9b5d-4244-43e4-8441-0d17f9a994f7,528,1,0,0,10,0,1,1,1,1791356194
2026-10-07T06:57:03+00:00,2026-10-07T06:58:04.581574+00:00,68e5e79a-3c94-4848-b619-9c0829d7f687,475,15,9,0,0,0,1,1,1,1791356190
2026-10-07T06:57:03+00:00,2026-10-07T06:58:04.581574+00:00,2270454512964591136,2270454512964591136,0,0,0,19,0,1,1,1,1791356197
2026-10-07T06:57:03+00:00,2026-10-07T06:58:04.581574+00:00,1a661bb7-7d14-49e9-ac3d-22bafec8a2f0,507,6,4,1,4,0,1,1,1,1791356196
2026-10-07T06:57:03+00:00,2026-10-07T06:58:04.581574+00:00,b34694c2-c640-4f70-b196-1c357ab798e0,b34694c2-c640-4f70-b196-1c357ab798e0,11,3,0,4,0,1,1,1,1791356197
2026-10-07T06:57:03+00:00,2026-10-07T06:58:04.581574+00:00,f8348622-0de8-11e7-991c-3863bb43a7d0,50,0,0,0,19,0,1,1,1,1791356196
2026-10-07T06:57:03+00:00,2026-10-07T06:58:04.581574+00:00,270ad97d-035d-472a-9827-76d3187afc56,402,13,9,0,2,0,1,1,1,1791356198
2026-10-07T06:57:03+00:00,2026-10-07T06:58:04.581574+00:00,2090635592862466836,2090635592862466836,6,0,2,22,1,1,1,1,1791356199
2026-10-07T06:57:03+00:00,2026-10-07T06:58:04.581574+00:00,f834e534-0de8-11e7-991c-3863bb43a7d0,128,12,7,0,7,0,1,1,1,1791356198
2026-10-07T06:57:03+00:00,2026-10-07T06:58:04.581574+00:00,36f36eed-1070-49be-8b31-5676b8b3489f,227,5,1,0,14,0,1,1,1,1791356199
2026-10-07T06:57:03+00:00,2026-10-07T06:58:04.581574+00:00,d7ec834e-9d9a-402c-9956-7d5f42676b94,d7ec834e-9d9a-402c-9956-7d5f42676b94,0,0,14,0,0,1,0,0,1791348928
2026-10-07T06:57:03+00:00,2026-10-07T06:58:04.581574+00:00,103a9881-e30a-4d57-b81d-863b995ff759,255,0,0,0,0,0,0,0,0,86400
2026-10-07T06:57:03+00:00,2026-10-07T06:58:04.581574+00:00,40e58976-02cc-4c7c-911f-7a6c97588bfa,520,10,3,0,11,0,1,1,1,1791356080
2026-10-07T06:57:03+00:00,2026-10-07T06:58:04.581574+00:00,ddcc8869-b8d4-483c-b9da-457fcebc8dc1,417,19,0,0,0,0,1,1,1,1791356148
2026-10-07T06:57:03+00:00,2026-10-07T06:58:04.581574+00:00,2043912031919765854,2043912031919765854,10,0,0,10,0,1,1,1,1791356149
2026-10-07T06:57:03+00:00,2026-10-07T06:58:04.581574+00:00,0839bb10-e876-4198-95e4-0147a561853d,258,13,3,1,1,0,1,1,1,1791356146
2026-10-07T06:57:03+00:00,2026-10-07T06:58:04.581574+00:00,02a4416f-80b4-4472-accd-5db482ed5b6d,367,7,0,0,12,0,1,1,1,1791356146
2026-10-07T06:57:03+00:00,2026-10-07T06:58:04.581574+00:00,a18e1e55-507e-49d8-b7c0-5c0efd959125,358,16,4,0,3,0,1,1,1,1791356146
2026-10-07T06:57:03+00:00,2026-10-07T06:58:04.581574+00:00,bb27977d-36c1-496d-8bac-631b612dd7b8,332,7,3,0,8,0,1,1,1,1791356147
2026-10-07T06:57:03+00:00,2026-10-07T06:58:04.581574+00:00,f834cf45-0de8-11e7-991c-3863bb43a7d0,116,21,3,1,1,0,1,1,1,1791356150
2026-10-07T06:57:03+00:00,2026-10-07T06:58:04.581574+00:00,f8351019-0de8-11e7-991c-3863bb43a7d0,169,16,5,0,3,0,1,1,1,1791356143
2026-10-07T06:57:03+00:00,2026-10-07T06:58:04.581574+00:00,ec3eea05-a3ff-43c6-9e24-0c63f09b915f,378,14,1,0,5,0,1,1,1,1791356144
2026-10-07T06:57:03+00:00,2026-10-07T06:58:04.581574+00:00,676ca473-eed6-4971-aaf3-e199a7ca335b,433,14,6,0,4,1,1,1,1,1791356140
2026-10-07T06:57:03+00:00,2026-10-07T06:58:04.581574+00:00,ba634139-d7bf-448f-aac4-25995d36b67b,373,10,6,0,5,0,1,1,1,1791356154
2026-10-07T06:57:03+00:00,2026-10-07T06:58:04.581574+00:00,1997031579059661288,1997031579059661288,11,0,0,0,0,1,1,1,1791356153
2026-10-07T06:57:03+00:00,2026-10-07T06:58:04.581574+00:00,b23674a7-15a8-46d2-8219-6668acecf24a,548,11,1,0,7,0,1,1,1,1791356158
2026-10-07T06:57:03+00:00,2026-10-07T06:58:04.581574+00:00,2078337213380274244,2078337213380274244,8,5,0,3,0,1,1,1,1791356157
2026-10-07T06:57:03+00:00,2026-10-07T06:58:04.581574+00:00,2072145327190878794,2072145327190878794,15,1,1,8,0,1,1,1,1791356158
2026-10-07T06:57:03+00:00,2026-10-07T06:58:04.581574+00:00,2fd22786-dfeb-4126-a906-4f01802087f3,454,1,0,2,16,0,1,1,1,1791356159
2026-10-07T06:57:03+00:00,2026-10-07T06:58:04.581574+00:00,2038619205667946906,2038619205667946906,10,2,1,9,0,1,1,1,1791356159
2026-10-07T06:57:03+00:00,2026-10-07T06:58:04.581574+00:00,b995a0b4-fc26-4661-9bc8-e166d648edfd,353,11,4,0,4,0,1,1,1,1791356159
2026-10-07T06:57:03+00:00,2026-10-07T06:58:04.581574+00:00,2223045710883822544,2223045710883822544,10,5,1,4,0,1,1,1,1791356156
2026-10-07T06:57:03+00:00,2026-10-07T06:58:04.581574+00:00,ef54374b-0406-4b17-b0a1-847f1d7bea06,410,14,3,1,0,0,1,1,1,1791356161
2026-10-07T06:57:03+00:00,2026-10-07T06:58:04.581574+00:00,f834fd36-0de8-11e7-991c-3863bb43a7d0,142,4,0,0,19,0,1,1,1,1791356166
2026-10-07T06:57:03+00:00,2026-10-07T06:58:04.581574+00:00,f834b42d-0de8-11e7-991c-3863bb43a7d0,100,5,0,1,19,0,1,1,1,1791356166
2026-10-07T06:57:03+00:00,2026-10-07T06:58:04.581574+00:00,f35de2ab-979e-42d5-8cbd-dc479ed637e9,503,4,4,0,2,0,1,1,1,1791356162
2026-10-07T06:57:03+00:00,2026-10-07T06:58:04.581574+00:00,f834b5d9-0de8-11e7-991c-3863bb43a7d0,103,7,2,0,8,0,1,1,1,1791356163
2026-10-07T06:57:03+00:00,2026-10-07T06:58:04.581574+00:00,93911aa1-b5e4-48aa-a2b6-38fbcf613006,93911aa1-b5e4-48aa-a2b6-38fbcf613006,17,0,0,1,0,1,1,1,1791356163
2026-10-07T06:57:03+00:00,2026-10-07T06:58:04.581574+00:00,2ba0c5dd-c990-4434-8a84-5c3eca23f096,447,10,6,0,9,0,1,1,1,1791356162
2026-10-07T06:57:03+00:00,2026-10-07T06:58:04.581574+00:00,f83464e4-0de8-11e7-991c-3863bb43a7d0,3,0,0,1,13,0,1,1,1,1791356167
2026-10-07T06:57:03+00:00,2026-10-07T06:58:04.581574+00:00,f83486ab-0de8-11e7-991c-3863bb43a7d0,51,6,0,1,8,0,1,1,1,1791356167
2026-10-07T06:57:03+00:00,2026-10-07T06:58:04.581574+00:00,9ca92778-9101-48df-90ea-08b784e26a1a,413,18,2,0,1,0,1,1,1,1791356170
2026-10-07T06:57:03+00:00,2026-10-07T06:58:04.581574+00:00,2113200093114979090,2113200093114979090,8,1,0,7,1,1,1,1,1791356170
2026-10-07T06:57:03+00:00,2026-10-07T06:58:04.581574+00:00,f8348136-0de8-11e7-991c-3863bb43a7d0,41,23,0,0,4,0,1,1,1,1791356173
2026-10-07T06:57:03+00:00,2026-10-07T06:58:04.581574+00:00,c1ae49bd-2a20-4684-886b-ead8dd627cfd,c1ae49bd-2a20-4684-886b-ead8dd627cfd,13,0,1,3,0,1,1,1,1791356170
2026-10-07T06:57:03+00:00,2026-10-07T06:58:04.581574+00:00,f8346768-0de8-11e7-991c-3863bb43a7d0,7,1,1,0,14,0,1,1,1,1791356169
2026-10-07T06:57:03+00:00,2026-10-07T06:58:04.581574+00:00,5bc7cba9-f0b0-442d-932c-e8c7927d87ce,386,15,1,0,4,0,1,1,1,1791356170
2026-10-07T06:57:03+00:00,2026-10-07T06:58:04.581574+00:00,5018e851-f2f3-4e18-9914-c316bbcc2c3d,331,0,0,0,15,0,1,1,1,1791356178
2026-10-07T06:57:03+00:00,2026-10-07T06:58:04.581574+00:00,1960693490199507164,1960693490199507164,7,1,1,11,0,1,1,1,1791356176
2026-10-07T06:57:03+00:00,2026-10-07T06:58:04.581574+00:00,533620e8-00ff-494a-b288-bd67602bc98e,472,0,0,0,27,0,1,1,1,1791356176
2026-10-07T06:57:03+00:00,2026-10-07T06:58:04.581574+00:00,f36e24cd-de4c-4a5e-adf4-cb97ccd2958d,505,6,0,2,3,0,1,1,1,1791356175
2026-10-07T06:57:03+00:00,2026-10-07T06:58:04.581574+00:00,f8346894-0de8-11e7-991c-3863bb43a7d0,9,2,0,3,10,0,1,1,1,1791356175
2026-10-07T06:57:03+00:00,2026-10-07T06:58:04.581574+00:00,2057166010169469732,2057166010169469732,0,0,0,15,0,1,1,1,1791356176
2026-10-07T06:57:03+00:00,2026-10-07T06:58:04.581574+00:00,2107991976288962746,2107991976288962746,7,0,0,13,0,1,1,1,1791356058
2026-10-07T06:57:03+00:00,2026-10-07T06:58:04.581574+00:00,ccd6fdd4-b39e-46d7-b43c-7bacffb6bd87,523,6,4,0,10,0,1,1,1,1791356112
2026-10-07T06:57:03+00:00,2026-10-07T06:58:04.581574+00:00,f6df6c1a-064f-428a-951c-2069a081b9df,380,0,0,2,16,0,1,1,1,1791356110
2026-10-07T06:57:03+00:00,2026-10-07T06:58:04.581574+00:00,36a8fbc8-6069-4a29-bbfd-63a2d019c9a5,415,0,0,0,19,0,1,1,1,1791356114
2026-10-07T06:57:03+00:00,2026-10-07T06:58:04.581574+00:00,2141932795355773712,2141932795355773712,3,0,1,13,0,1,1,1,1791356117
2026-10-07T06:57:03+00:00,2026-10-07T06:58:04.581574+00:00,53a148ca-ac69-4a9c-a986-9a4b4df2f5df,387,7,3,0,8,0,1,1,1,1791356116
2026-10-07T06:57:03+00:00,2026-10-07T06:58:04.581574+00:00,54d86d05-b399-42c5-a63a-a97713afc5d4,54d86d05-b399-42c5-a63a-a97713afc5d4,7,6,1,2,0,1,1,1,1791356115
2026-10-07T06:57:03+00:00,2026-10-07T06:58:04.581574+00:00,7ec0c53c-876a-419c-a78b-4edd000bbc9a,445,12,1,1,6,0,1,1,1,1791356119
2026-10-07T06:57:03+00:00,2026-10-07T06:58:04.581574+00:00,f834e244-0de8-11e7-991c-3863bb43a7d0,126,7,2,0,8,0,1,1,1,1791356122
2026-10-07T06:57:03+00:00,2026-10-07T06:58:04.581574+00:00,9e710d48-51c1-460e-a027-3d16bde62b13,419,0,0,14,0,1,1,0,0,1791356122
2026-10-07T06:57:03+00:00,2026-10-07T06:58:04.581574+00:00,f8349824-0de8-11e7-991c-3863bb43a7d0,75,1,0,0,14,0,1,1,1,1791356128
2026-10-07T06:57:03+00:00,2026-10-07T06:58:04.581574+00:00,2267569638034503736,2267569638034503736,6,0,4,9,0,1,1,1,1791356128
2026-10-07T06:57:03+00:00,2026-10-07T06:58:04.581574+00:00,f83524c0-0de8-11e7-991c-3863bb43a7d0,203,6,0,0,8,0,1,1,1,1791356129
2026-10-07T06:57:03+00:00,2026-10-07T06:58:04.581574+00:00,f834952a-0de8-11e7-991c-3863bb43a7d0,70,0,0,1,22,0,1,1,1,1791356126
2026-10-07T06:57:03+00:00,2026-10-07T06:58:04.581574+00:00,13444449-b3a8-43d2-b8b9-a59fbc59a174,397,9,1,0,5,0,1,1,1,1791356127
2026-10-07T06:57:03+00:00,2026-10-07T06:58:04.581574+00:00,2217856523888952522,2217856523888952522,9,4,0,11,0,1,1,1,1791356128
2026-10-07T06:57:03+00:00,2026-10-07T06:58:04.581574+00:00,f834e1b2-0de8-11e7-991c-3863bb43a7d0,125,12,9,0,7,0,1,1,1,1791356129
2026-10-07T06:57:03+00:00,2026-10-07T06:58:04.581574+00:00,f24a573e-ef07-4785-9270-70c443510ea6,359,7,0,3,4,1,1,1,1,1791356130
2026-10-07T06:57:03+00:00,2026-10-07T06:58:04.581574+00:00,f8352c92-0de8-11e7-991c-3863bb43a7d0,217,12,0,2,5,0,1,1,1,1791356125
2026-10-07T06:57:03+00:00,2026-10-07T06:58:04.581574+00:00,350e73e3-6f70-4b2d-87ab-24c8629e9a6a,350e73e3-6f70-4b2d-87ab-24c8629e9a6a,14,2,0,5,0,1,1,1,1791356132
2026-10-07T06:57:03+00:00,2026-10-07T06:58:04.581574+00:00,518f6524-0e7f-454d-974e-e3ff9db1f795,494,11,3,0,0,0,1,1,1,1791356135
2026-10-07T06:57:03+00:00,2026-10-07T06:58:04.581574+00:00,f83516b8-0de8-11e7-991c-3863bb43a7d0,184,18,0,0,0,1,1,1,1,1791356130
2026-10-07T06:57:03+00:00,2026-10-07T06:58:04.581574+00:00,2071632496372113488,2071632496372113488,15,7,1,4,0,1,1,1,1791356131
2026-10-07T06:57:03+00:00,2026-10-07T06:58:04.581574+00:00,f8348509-0de8-11e7-991c-3863bb43a7d0,48,1,0,0,16,0,1,1,1,1791356134
2026-10-07T06:57:03+00:00,2026-10-07T06:58:04.581574+00:00,abefafdc-c772-4671-86fe-fc15a42adebb,abefafdc-c772-4671-86fe-fc15a42adebb,2,0,0,21,0,1,1,1,1791356082
2026-10-07T06:57:03+00:00,2026-10-07T06:58:04.581574+00:00,2327cb08-fa9f-459b-9ab0-1a319b0f2f4c,539,10,4,1,7,0,1,1,1,1791356085
2026-10-07T06:57:03+00:00,2026-10-07T06:58:04.581574+00:00,0f554e1d-9f0f-452d-9b4a-e00aa2c5911e,492,0,0,0,14,0,1,1,1,1791356084
2026-10-07T06:57:03+00:00,2026-10-07T06:58:04.581574+00:00,dfdaf866-b814-48e5-9bd3-eb7c4a733697,dfdaf866-b814-48e5-9bd3-eb7c4a733697,8,2,0,9,0,1,1,1,1791356085
2026-10-07T06:57:03+00:00,2026-10-07T06:58:04.581574+00:00,2241260819676115550,2241260819676115550,0,0,0,25,0,1,1,1,1791356085
2026-10-07T06:57:03+00:00,2026-10-07T06:58:04.581574+00:00,287aedf5-0361-47e9-9de0-14ae3b75cc0d,287aedf5-0361-47e9-9de0-14ae3b75cc0d,3,0,1,17,0,1,1,1,1791356092
2026-10-07T06:57:03+00:00,2026-10-07T06:58:04.581574+00:00,342a2c60-71b0-4d19-98d6-47987cf20dbc,379,15,2,0,0,0,1,1,1,1791356095
2026-10-07T06:57:03+00:00,2026-10-07T06:58:04.581574+00:00,1944724820826878816,1944724820826878816,11,0,0,6,0,1,1,1,1791356095
2026-10-07T06:57:03+00:00,2026-10-07T06:58:04.581574+00:00,70f20fcb-8e63-4015-9007-b97c525ab0a9,335,13,1,1,5,0,1,1,1,1791356099
2026-10-07T06:57:03+00:00,2026-10-07T06:58:04.581574+00:00,2111712079786088918,2111712079786088918,11,3,1,3,0,1,1,1,1791356102
2026-10-07T06:57:03+00:00,2026-10-07T06:58:04.581574+00:00,510239fe-69c3-458b-b53c-6ce001845f4a,354,12,11,1,2,0,1,1,1,1791356107
2026-10-07T06:57:03+00:00,2026-10-07T06:58:04.581574+00:00,5f726a7d-5c5d-48b1-9b13-06c77572a237,516,7,2,0,4,0,1,1,1,1791356103
2026-10-07T06:57:03+00:00,2026-10-07T06:58:04.581574+00:00,f834f814-0de8-11e7-991c-3863bb43a7d0,136,0,0,0,19,0,1,1,1,1791356138
2026-10-07T06:57:03+00:00,2026-10-07T06:58:04.581574+00:00,9f54207a-3308-43bd-b45c-9042b6389598,423,12,1,0,7,0,1,1,1,1791356139
2026-10-07T06:57:03+00:00,2026-10-07T06:58:04.581574+00:00,f83510fd-0de8-11e7-991c-3863bb43a7d0,171,16,2,1,6,0,1,1,1,1791356182
2026-10-07T06:57:03+00:00,2026-10-07T06:58:04.581574+00:00,2136942888571742916,2136942888571742916,12,0,0,3,0,1,1,1,1791356182
2026-10-07T06:57:03+00:00,2026-10-07T06:58:04.581574+00:00,2223043968513191970,2223043968513191970,5,0,0,11,0,1,1,1,1791356182
2026-10-07T06:57:03+00:00,2026-10-07T06:58:04.581574+00:00,42a3ecca-af9a-4556-90ba-7631546f96f8,42a3ecca-af9a-4556-90ba-7631546f96f8,4,2,1,6,0,1,1,1,1791356183
2026-10-07T06:57:03+00:00,2026-10-07T06:58:04.581574+00:00,2038239468396569074,2038239468396569074,8,0,0,24,0,1,1,1,1791356180
2026-10-07T06:57:03+00:00,2026-10-07T06:58:04.581574+00:00,2070180968009321294,2070180968009321294,11,1,0,8,2,1,1,1,1791356186
2026-10-07T06:57:03+00:00,2026-10-07T06:58:04.581574+00:00,e68655be-23d3-46e5-a509-25be677e7542,482,6,0,0,5,0,1,1,1,1791356185
2026-10-07T06:57:03+00:00,2026-10-07T06:58:04.581574+00:00,f8351336-0de8-11e7-991c-3863bb43a7d0,176,10,0,1,4,0,1,1,1,1791356179
2026-10-07T06:57:03+00:00,2026-10-07T06:58:04.581574+00:00,f83523e3-0de8-11e7-991c-3863bb43a7d0,201,2,2,0,13,0,1,1,1,1791356180
2026-10-07T06:57:03+00:00,2026-10-07T06:58:04.581574+00:00,2264176803898382980,2264176803898382980,4,2,0,7,0,1,1,1,1791356179
2026-10-07T06:57:03+00:00,2026-10-07T06:58:04.581574+00:00,2029805507281123700,2029805507281123700,12,2,1,6,0,1,1,1,1791356188
2026-10-07T06:57:03+00:00,2026-10-07T06:58:04.581574+00:00,f834b49d-0de8-11e7-991c-3863bb43a7d0,101,13,2,0,5,0,1,1,1,1791356188
2026-10-07T06:57:03+00:00,2026-10-07T06:58:04.581574+00:00,20b0b405-54ba-4a80-b89c-0819772665db,440,4,3,0,11,0,1,1,1,1791356184
2026-10-07T06:57:03+00:00,2026-10-07T06:58:04.581574+00:00,5afe91c4-8076-4f9f-b83b-cf233bda2331,460,0,0,0,15,0,1,1,1,1791356185
2026-10-07T06:57:03+00:00,2026-10-07T06:58:04.581574+00:00,f8348481-0de8-11e7-991c-3863bb43a7d0,47,19,0,0,0,0,1,1,1,1791356186
2026-10-07T06:57:03+00:00,2026-10-07T06:58:04.581574+00:00,0adccd89-1d8d-44da-9f7c-5f18acafeddf,338,14,12,0,0,0,1,1,1,1791356186
2026-10-07T06:57:03+00:00,2026-10-07T06:58:04.581574+00:00,f8349c69-0de8-11e7-991c-3863bb43a7d0,78,15,2,1,3,0,1,1,1,1791356186
2026-10-07T06:57:03+00:00,2026-10-07T06:58:04.581574+00:00,f8349745-0de8-11e7-991c-3863bb43a7d0,73,0,0,0,15,0,1,1,1,1791356186
2026-10-07T06:57:03+00:00,2026-10-07T06:58:04.581574+00:00,ff6ed364-8676-45a0-b97f-71025683849e,442,7,3,1,7,0,1,1,1,1791356184
2026-10-07T06:57:03+00:00,2026-10-07T06:58:04.581574+00:00,f8349ba9-0de8-11e7-991c-3863bb43a7d0,77,11,7,0,7,0,1,1,1,1791356193
2026-10-07T06:57:03+00:00,2026-10-07T06:58:04.581574+00:00,83183df0-38c2-4ae8-a0c4-4b59599c9582,222,11,0,0,3,0,1,1,1,1791356190
2026-10-07T06:57:03+00:00,2026-10-07T06:58:04.581574+00:00,2113555008851845550,2113555008851845550,11,1,0,9,0,1,1,1,1791356190
2026-10-07T06:57:03+00:00,2026-10-07T06:58:04.581574+00:00,ce55d1b1-4267-40a9-ad44-5eab888ce18a,ce55d1b1-4267-40a9-ad44-5eab888ce18a,0,0,0,22,1,1,1,1,1791356194
2026-10-07T06:57:03+00:00,2026-10-07T06:58:04.581574+00:00,2103549125054737064,2103549125054737064,1,0,0,15,0,1,1,1,1791356144
2026-10-07T06:57:03+00:00,2026-10-07T06:58:04.581574+00:00,1975886280004030604,1975886280004030604,11,0,0,12,0,1,1,1,1791356191
2026-10-07T06:57:03+00:00,2026-10-07T06:58:04.581574+00:00,13918b3b-9ac5-4968-a74d-e40dd3bc952e,479,0,0,0,19,0,1,1,1,1791356191
2026-10-07T06:57:03+00:00,2026-10-07T06:58:04.581574+00:00,f83494b4-0de8-11e7-991c-3863bb43a7d0,69,10,4,1,8,0,1,1,1,1791356195
2026-10-07T06:57:03+00:00,2026-10-07T06:58:04.581574+00:00,f8348995-0de8-11e7-991c-3863bb43a7d0,58,14,0,0,5,0,1,1,1,1791356196
2026-10-07T06:57:03+00:00,2026-10-07T06:58:04.581574+00:00,2071993292066931472,2071993292066931472,1,0,0,19,0,1,1,1,1791356197
2026-10-07T06:57:03+00:00,2026-10-07T06:58:04.581574+00:00,2170342425741020744,2170342425741020744,17,5,0,0,0,1,1,1,1791356199
2026-10-07T06:57:03+00:00,2026-10-07T06:58:04.581574+00:00,f8347118-0de8-11e7-991c-3863bb43a7d0,22,11,2,1,21,2,1,1,1,1791356199
2026-10-07T07:07:03+00:00,2026-10-07T07:08:04.804717+00:00,2220033166406469278,2220033166406469278,10,4,1,4,0,1,1,1,1791356627
2026-10-07T07:07:03+00:00,2026-10-07T07:08:04.804717+00:00,133d159e-a202-4310-910f-eca392fe181e,398,0,0,5,14,0,1,0,0,1791344701
2026-10-07T07:07:03+00:00,2026-10-07T07:08:04.804717+00:00,2250817396738253956,2250817396738253956,10,2,1,4,0,1,1,1,1791356530
2026-10-07T07:07:03+00:00,2026-10-07T07:08:04.804717+00:00,f8347a8b-0de8-11e7-991c-3863bb43a7d0,29,5,0,0,14,0,1,1,1,1791356679
2026-10-07T07:07:03+00:00,2026-10-07T07:08:04.804717+00:00,f8347ba8-0de8-11e7-991c-3863bb43a7d0,31,2,0,0,17,0,1,1,1,1791356683
2026-10-07T07:07:03+00:00,2026-10-07T07:08:04.804717+00:00,8d535c23-f186-4161-aa10-17e94be6d4ae,436,5,3,3,6,1,1,1,1,1791356684
2026-10-07T07:07:03+00:00,2026-10-07T07:08:04.804717+00:00,e4d5271f-5f76-401b-b7f0-c8dce3c26f10,462,8,1,1,2,0,1,1,1,1791356682
2026-10-07T07:07:03+00:00,2026-10-07T07:08:04.804717+00:00,1976280681456741062,1976280681456741062,6,6,0,5,0,1,1,1,1791356683
2026-10-07T07:07:03+00:00,2026-10-07T07:08:04.804717+00:00,1331197c-f6c6-4f4a-a29b-95e580359886,224,9,0,0,8,0,1,1,1,1791356681
2026-10-07T07:07:03+00:00,2026-10-07T07:08:04.804717+00:00,4d953f0f-13b5-4b3d-b2da-342003ff7cba,4d953f0f-13b5-4b3d-b2da-342003ff7cba,2,1,0,9,0,1,1,1,1791356682
2026-10-07T07:07:03+00:00,2026-10-07T07:08:04.804717+00:00,569f4952-5a25-4394-a419-f9c4d9cca6f3,495,12,3,0,6,0,1,1,1,1791356685
2026-10-07T07:07:03+00:00,2026-10-07T07:08:04.804717+00:00,8e7c1984-dc81-43b0-a0d3-58c6de45225a,465,7,1,0,4,0,1,1,1,1791356686
2026-10-07T07:07:03+00:00,2026-10-07T07:08:04.804717+00:00,ea00f276-26dc-48ee-b2c8-6e56fd632a2d,272,4,0,0,15,0,1,1,1,1791356687
2026-10-07T07:07:03+00:00,2026-10-07T07:08:04.804717+00:00,dcd76e42-eebc-4432-9726-cdb3372b0b07,557,0,0,0,19,0,1,1,1,1791356685
2026-10-07T07:07:03+00:00,2026-10-07T07:08:04.804717+00:00,2110566771130438288,2110566771130438288,6,0,2,8,0,1,1,1,1791356689
2026-10-07T07:07:03+00:00,2026-10-07T07:08:04.804717+00:00,f83466c6-0de8-11e7-991c-3863bb43a7d0,6,12,1,0,2,0,1,1,1,1791356690
2026-10-07T07:07:03+00:00,2026-10-07T07:08:04.804717+00:00,f834d34b-0de8-11e7-991c-3863bb43a7d0,120,13,1,2,24,0,1,1,1,1791356691
2026-10-07T07:07:03+00:00,2026-10-07T07:08:04.804717+00:00,1ef5abb2-5af9-41f2-a0dd-1e44278ad9f1,502,7,2,0,4,0,1,1,1,1791356691
2026-10-07T07:07:03+00:00,2026-10-07T07:08:04.804717+00:00,38706d8c-8d4b-49f7-b6ed-7688449db261,463,6,1,0,13,0,1,1,1,1791356691
2026-10-07T07:07:03+00:00,2026-10-07T07:08:04.804717+00:00,1986694622707704150,1986694622707704150,15,2,1,3,0,1,1,1,1791356692
2026-10-07T07:07:03+00:00,2026-10-07T07:08:04.804717+00:00,c111ef1a-f276-415d-a95e-8e3c4e3a0c03,522,3,1,1,11,0,1,1,1,1791356692
2026-10-07T07:07:03+00:00,2026-10-07T07:08:04.804717+00:00,829fa5a8-cc88-4ab2-9f34-b481aaa1612e,259,12,4,0,3,0,1,1,1,1791356695
2026-10-07T07:07:03+00:00,2026-10-07T07:08:04.804717+00:00,800bde2c-51df-497c-ac2d-bc3a8c00c164,800bde2c-51df-497c-ac2d-bc3a8c00c164,0,0,1,14,0,1,1,1,1791356696
2026-10-07T07:07:03+00:00,2026-10-07T07:08:04.804717+00:00,acb27827-d69a-4287-b132-3f529ca62ad2,427,3,1,0,16,0,1,1,1,1791356699
2026-10-07T07:07:03+00:00,2026-10-07T07:08:04.804717+00:00,2031175112202687108,2031175112202687108,12,1,0,4,0,1,1,1,1791356702
2026-10-07T07:07:03+00:00,2026-10-07T07:08:04.804717+00:00,f8350d30-0de8-11e7-991c-3863bb43a7d0,163,10,0,0,9,0,1,1,1,1791356702
2026-10-07T07:07:03+00:00,2026-10-07T07:08:04.804717+00:00,40ee059e-8530-4992-9114-c16b87d6832f,441,8,5,0,11,0,1,1,1,1791356703
2026-10-07T07:07:03+00:00,2026-10-07T07:08:04.804717+00:00,2127634714741013228,2127634714741013228,11,0,2,11,0,1,1,1,1791356705
2026-10-07T07:07:03+00:00,2026-10-07T07:08:04.804717+00:00,f834a1de-0de8-11e7-991c-3863bb43a7d0,84,1,0,0,11,0,1,1,1,1791356705
2026-10-07T07:07:03+00:00,2026-10-07T07:08:04.804717+00:00,d1a5e406-718c-44b9-b9dd-e63605b888aa,555,9,8,0,6,0,1,1,1,1791356706
2026-10-07T07:07:03+00:00,2026-10-07T07:08:04.804717+00:00,77c1736c-a609-4453-94f7-8e4253a8193c,474,6,3,0,5,0,1,1,1,1791356707
2026-10-07T07:07:03+00:00,2026-10-07T07:08:04.804717+00:00,1ef9964d-47ac-4cd4-916e-7c006fa1e605,339,0,0,4,11,0,1,0,0,1791353740
2026-10-07T07:07:03+00:00,2026-10-07T07:08:04.804717+00:00,e519df41-c4d7-403a-9afa-a5dd7cdd2d03,536,4,0,0,14,0,1,1,1,1791356716
2026-10-07T07:07:03+00:00,2026-10-07T07:08:04.804717+00:00,f834b183-0de8-11e7-991c-3863bb43a7d0,98,1,0,1,20,0,1,1,1,1791356719
2026-10-07T07:07:03+00:00,2026-10-07T07:08:04.804717+00:00,f8352973-0de8-11e7-991c-3863bb43a7d0,210,7,0,0,8,0,1,1,1,1791356720
2026-10-07T07:07:03+00:00,2026-10-07T07:08:04.804717+00:00,f8349070-0de8-11e7-991c-3863bb43a7d0,61,2,0,2,15,0,1,1,1,1791356720
2026-10-07T07:07:03+00:00,2026-10-07T07:08:04.804717+00:00,f834f036-0de8-11e7-991c-3863bb43a7d0,133,10,4,1,11,0,1,1,1,1791356714
2026-10-07T07:07:03+00:00,2026-10-07T07:08:04.804717+00:00,5d17f129-af8c-4f30-bc58-6a8279052772,543,5,2,1,13,0,1,1,1,1791356714
2026-10-07T07:07:03+00:00,2026-10-07T07:08:04.804717+00:00,f8347002-0de8-11e7-991c-3863bb43a7d0,20,15,0,0,8,0,1,1,1,1791356710
2026-10-07T07:07:03+00:00,2026-10-07T07:08:04.804717+00:00,6cec3afa-554c-466f-8323-5c619fe0ddc6,6cec3afa-554c-466f-8323-5c619fe0ddc6,3,2,0,8,0,1,1,1,1791356713
2026-10-07T07:07:03+00:00,2026-10-07T07:08:04.804717+00:00,2113559364250874028,2113559364250874028,10,3,0,5,0,1,1,1,1791356711
2026-10-07T07:07:03+00:00,2026-10-07T07:08:04.804717+00:00,1976640911178291400,1976640911178291400,10,4,0,1,0,1,1,1,1791356711
2026-10-07T07:07:03+00:00,2026-10-07T07:08:04.804717+00:00,2027855476515070160,2027855476515070160,12,2,0,15,0,1,1,1,1791356712
2026-10-07T07:07:03+00:00,2026-10-07T07:08:04.804717+00:00,f8351649-0de8-11e7-991c-3863bb43a7d0,183,0,0,2,17,0,1,1,1,1791356725
2026-10-07T07:07:03+00:00,2026-10-07T07:08:04.804717+00:00,88b35b6d-f355-44dc-b85e-ed2eb1bc9099,406,11,2,0,8,0,1,1,1,1791356722
2026-10-07T07:07:03+00:00,2026-10-07T07:08:04.804717+00:00,2036103727838931110,2036103727838931110,8,3,0,2,0,1,1,1,1791356723
2026-10-07T07:07:03+00:00,2026-10-07T07:08:04.804717+00:00,2219705277630124418,2219705277630124418,8,3,0,7,0,1,1,1,1791356723
2026-10-07T07:07:03+00:00,2026-10-07T07:08:04.804717+00:00,2131371824572002576,2131371824572002576,8,0,0,8,0,1,1,1,1791356730
2026-10-07T07:07:03+00:00,2026-10-07T07:08:04.804717+00:00,f7d416f8-4377-4019-bba7-302dc1d5a11d,391,12,0,2,1,0,1,1,1,1791356729
2026-10-07T07:07:03+00:00,2026-10-07T07:08:04.804717+00:00,ec4e1168-25dc-4929-b17b-e4ae578dd888,425,9,2,0,7,0,1,1,1,1791356729
2026-10-07T07:07:03+00:00,2026-10-07T07:08:04.804717+00:00,9b0aff89-5242-475e-b03b-87c3c3bf51bb,477,7,3,1,11,0,1,1,1,1791356728
2026-10-07T07:07:03+00:00,2026-10-07T07:08:04.804717+00:00,b44b7c3d-c054-4591-92a9-3b96d86050ab,b44b7c3d-c054-4591-92a9-3b96d86050ab,3,3,0,8,0,1,1,1,1791356727
2026-10-07T07:07:03+00:00,2026-10-07T07:08:04.804717+00:00,2149920539832638004,2149920539832638004,8,0,1,6,0,1,1,1,1791356727
2026-10-07T07:07:03+00:00,2026-10-07T07:08:04.804717+00:00,2127252912986958612,2127252912986958612,13,3,0,2,0,1,1,1,1791356731
2026-10-07T07:07:03+00:00,2026-10-07T07:08:04.804717+00:00,2132460331327742574,2132460331327742574,1,0,0,17,0,1,1,1,1791356727
2026-10-07T07:07:03+00:00,2026-10-07T07:08:04.804717+00:00,f83532fa-0de8-11e7-991c-3863bb43a7d0,219,12,1,0,3,0,1,1,1,1791356735
2026-10-07T07:07:03+00:00,2026-10-07T07:08:04.804717+00:00,9fef6df2-7f8f-43fc-a85b-7dd5453860f9,437,14,1,0,4,0,1,1,1,1791356735
2026-10-07T07:07:03+00:00,2026-10-07T07:08:04.804717+00:00,f83473ea-0de8-11e7-991c-3863bb43a7d0,27,11,0,1,11,0,1,1,1,1791356737
2026-10-07T07:07:03+00:00,2026-10-07T07:08:04.804717+00:00,f8348719-0de8-11e7-991c-3863bb43a7d0,52,13,0,0,10,0,1,1,1,1791356737
2026-10-07T07:07:03+00:00,2026-10-07T07:08:04.804717+00:00,f834a2a8-0de8-11e7-991c-3863bb43a7d0,85,5,0,0,14,0,1,1,1,1791356737
2026-10-07T07:07:03+00:00,2026-10-07T07:08:04.804717+00:00,2438d052-2cd6-4fba-83c9-39f46cb59398,2438d052-2cd6-4fba-83c9-39f46cb59398,6,0,1,12,0,1,1,1,1791356734
2026-10-07T07:07:03+00:00,2026-10-07T07:08:04.804717+00:00,2261583246847893606,2261583246847893606,16,1,1,2,0,1,1,1,1791356734
2026-10-07T07:07:03+00:00,2026-10-07T07:08:04.804717+00:00,f834b928-0de8-11e7-991c-3863bb43a7d0,106,13,4,1,0,0,1,1,1,1791356738
2026-10-07T07:07:03+00:00,2026-10-07T07:08:04.804717+00:00,f835244e-0de8-11e7-991c-3863bb43a7d0,202,9,2,0,6,0,1,1,1,1791356742
2026-10-07T07:07:03+00:00,2026-10-07T07:08:04.804717+00:00,52ca4d94-587f-4a61-a298-a1a755e73bfb,362,19,4,0,0,0,1,1,1,1791356742
2026-10-07T07:07:03+00:00,2026-10-07T07:08:04.804717+00:00,f834c5c9-0de8-11e7-991c-3863bb43a7d0,110,0,0,2,13,0,1,1,1,1791356738
2026-10-07T07:07:03+00:00,2026-10-07T07:08:04.804717+00:00,f8349599-0de8-11e7-991c-3863bb43a7d0,71,15,0,2,6,0,1,1,1,1791356744
2026-10-07T07:07:03+00:00,2026-10-07T07:08:04.804717+00:00,2134720099473744344,2134720099473744344,2,0,0,19,0,1,1,1,1791356744
2026-10-07T07:07:03+00:00,2026-10-07T07:08:04.804717+00:00,8bc42f7f-753d-4cca-a7d6-0d7c2530ea2c,364,11,0,0,8,0,1,1,1,1791356748
2026-10-07T07:07:03+00:00,2026-10-07T07:08:04.804717+00:00,f8346dbd-0de8-11e7-991c-3863bb43a7d0,16,2,1,0,17,0,1,1,1,1791356748
2026-10-07T07:07:03+00:00,2026-10-07T07:08:04.804717+00:00,f8350199-0de8-11e7-991c-3863bb43a7d0,150,9,0,1,9,0,1,1,1,1791356749
2026-10-07T07:07:03+00:00,2026-10-07T07:08:04.804717+00:00,f834a67b-0de8-11e7-991c-3863bb43a7d0,89,3,1,1,15,0,1,1,1,1791356785
2026-10-07T07:07:03+00:00,2026-10-07T07:08:04.804717+00:00,2363c5a3-93cc-41a2-a767-90f1826c041f,426,0,0,0,27,0,1,1,1,1791356786
2026-10-07T07:07:03+00:00,2026-10-07T07:08:04.804717+00:00,f834b1ed-0de8-11e7-991c-3863bb43a7d0,99,9,0,0,6,0,1,1,1,1791356787
2026-10-07T07:07:03+00:00,2026-10-07T07:08:04.804717+00:00,2071991821019036242,2071991821019036242,15,3,0,5,0,1,1,1,1791356787
2026-10-07T07:07:03+00:00,2026-10-07T07:08:04.804717+00:00,f8348598-0de8-11e7-991c-3863bb43a7d0,49,4,0,0,14,0,1,1,1,1791356787
2026-10-07T07:07:03+00:00,2026-10-07T07:08:04.804717+00:00,f8350129-0de8-11e7-991c-3863bb43a7d0,149,17,1,0,1,0,1,1,1,1791356787
2026-10-07T07:07:03+00:00,2026-10-07T07:08:04.804717+00:00,5410aac7-2ec0-47b6-b728-b99c5137b463,5410aac7-2ec0-47b6-b728-b99c5137b463,6,2,0,5,0,1,1,1,1791356790
2026-10-07T07:07:03+00:00,2026-10-07T07:08:04.804717+00:00,f834e75d-0de8-11e7-991c-3863bb43a7d0,129,7,2,0,11,1,1,1,1,1791356791
2026-10-07T07:07:03+00:00,2026-10-07T07:08:04.804717+00:00,f8346c96-0de8-11e7-991c-3863bb43a7d0,14,0,0,1,24,0,1,1,1,1791356790
2026-10-07T07:07:03+00:00,2026-10-07T07:08:04.804717+00:00,768433a9-fc30-4485-b136-22d6f8a96f1c,768433a9-fc30-4485-b136-22d6f8a96f1c,6,2,0,5,0,1,1,1,1791356773
2026-10-07T07:07:03+00:00,2026-10-07T07:08:04.804717+00:00,1919521884659886482,1919521884659886482,3,0,0,16,0,1,1,1,1791356772
2026-10-07T07:07:03+00:00,2026-10-07T07:08:04.804717+00:00,f55cdf0a-3d7b-491c-bed2-7dc0ef2062d5,489,15,3,1,0,0,1,1,1,1791356773
2026-10-07T07:07:03+00:00,2026-10-07T07:08:04.804717+00:00,4b5de733-9353-4873-9dc2-9558b3cb063a,393,8,2,1,4,0,1,1,1,1791356783
2026-10-07T07:07:03+00:00,2026-10-07T07:08:04.804717+00:00,2126567695528519906,2126567695528519906,8,0,0,12,0,1,1,1,1791356783
2026-10-07T07:07:03+00:00,2026-10-07T07:08:04.804717+00:00,2124664048772581794,2124664048772581794,3,1,0,7,0,1,1,1,1791356783
2026-10-07T07:07:03+00:00,2026-10-07T07:08:04.804717+00:00,f8351f87-0de8-11e7-991c-3863bb43a7d0,192,0,0,0,19,0,1,1,1,1791356783
2026-10-07T07:07:03+00:00,2026-10-07T07:08:04.804717+00:00,2039387081833476178,2039387081833476178,17,4,0,3,0,1,1,1,1791356779
2026-10-07T07:07:03+00:00,2026-10-07T07:08:04.804717+00:00,2129149628430547474,2129149628430547474,16,3,0,0,0,1,1,1,1791356781
2026-10-07T07:07:03+00:00,2026-10-07T07:08:04.804717+00:00,f8351255-0de8-11e7-991c-3863bb43a7d0,174,12,1,1,2,0,1,1,1,1791356781
2026-10-07T07:07:03+00:00,2026-10-07T07:08:04.804717+00:00,ab6517ea-ed53-42eb-8881-657d362e56e8,560,12,0,0,3,0,1,1,1,1791356784
2026-10-07T07:07:03+00:00,2026-10-07T07:08:04.804717+00:00,f834f948-0de8-11e7-991c-3863bb43a7d0,138,10,0,1,3,0,1,1,1,1791356783
2026-10-07T07:07:03+00:00,2026-10-07T07:08:04.804717+00:00,25489822-e43a-4704-b2a8-d905b78ba77c,389,4,2,0,10,0,1,1,1,1791356784
2026-10-07T07:07:03+00:00,2026-10-07T07:08:04.804717+00:00,f834fcbe-0de8-11e7-991c-3863bb43a7d0,141,0,0,0,15,0,1,1,1,1791356785
2026-10-07T07:07:03+00:00,2026-10-07T07:08:04.804717+00:00,1991921362058752616,1991921362058752616,0,0,0,20,0,1,1,1,1791356781
2026-10-07T07:07:03+00:00,2026-10-07T07:08:04.804717+00:00,2227859082657747444,2227859082657747444,7,4,0,0,0,1,1,1,1791356780
2026-10-07T07:07:03+00:00,2026-10-07T07:08:04.804717+00:00,6eaa7343-402d-41c9-9aac-8c664fdbdcf1,6eaa7343-402d-41c9-9aac-8c664fdbdcf1,0,0,0,0,0,0,0,0,86400
2026-10-07T07:07:03+00:00,2026-10-07T07:08:04.804717+00:00,918335df-fc1a-45c2-9cfc-c5e2e93aecc0,467,3,1,1,7,0,1,1,1,1791356765
2026-10-07T07:07:03+00:00,2026-10-07T07:08:04.804717+00:00,625f105e-4407-4988-9095-d1979cbda5e1,234,18,9,0,1,0,1,1,1,1791356776
2026-10-07T07:07:03+00:00,2026-10-07T07:08:04.804717+00:00,f834c6f5-0de8-11e7-991c-3863bb43a7d0,111,9,3,0,5,1,1,1,1,1791356775
2026-10-07T07:07:03+00:00,2026-10-07T07:08:04.804717+00:00,25d6f87f-7025-48c5-b202-f91511a4ae19,25d6f87f-7025-48c5-b202-f91511a4ae19,14,3,1,4,0,1,1,1,1791356776
2026-10-07T07:07:03+00:00,2026-10-07T07:08:04.804717+00:00,f8346e51-0de8-11e7-991c-3863bb43a7d0,17,14,2,0,1,0,1,1,1,1791356773
2026-10-07T07:07:03+00:00,2026-10-07T07:08:04.804717+00:00,57f5003b-6574-40b3-83d7-3b5dee1472e0,518,2,1,0,8,0,1,1,1,1791356775
2026-10-07T07:07:03+00:00,2026-10-07T07:08:04.804717+00:00,15ec5783-ca7a-4225-ba51-cd0a45ecc975,15ec5783-ca7a-4225-ba51-cd0a45ecc975,7,5,0,4,0,1,1,1,1791356775
2026-10-07T07:07:03+00:00,2026-10-07T07:08:04.804717+00:00,f8351791-0de8-11e7-991c-3863bb43a7d0,186,10,1,0,5,0,1,1,1,1791356777
2026-10-07T07:07:03+00:00,2026-10-07T07:08:04.804717+00:00,aefc33cd-40b9-48da-8b87-415428816bdb,488,7,2,0,9,0,1,1,1,1791356778
2026-10-07T07:07:03+00:00,2026-10-07T07:08:04.804717+00:00,199f3d59-e726-4549-b9c1-4dfc8a343fdb,508,9,6,0,2,0,1,1,1,1791356763
2026-10-07T07:07:03+00:00,2026-10-07T07:08:04.804717+00:00,f834916a-0de8-11e7-991c-3863bb43a7d0,63,9,2,0,6,0,1,1,1,1791356764
2026-10-07T07:07:03+00:00,2026-10-07T07:08:04.804717+00:00,eed9e64f-f09d-43c1-aa31-da968c66750a,368,7,4,0,8,0,1,1,1,1791356757
2026-10-07T07:07:03+00:00,2026-10-07T07:08:04.804717+00:00,1999639508813492766,1999639508813492766,4,0,1,15,0,1,1,1,1791356757
2026-10-07T07:07:03+00:00,2026-10-07T07:08:04.804717+00:00,986068c4-d11a-465a-b8d0-bd0960c57f51,986068c4-d11a-465a-b8d0-bd0960c57f51,3,0,0,11,0,1,1,1,1791356758
2026-10-07T07:07:03+00:00,2026-10-07T07:08:04.804717+00:00,f8351569-0de8-11e7-991c-3863bb43a7d0,181,15,2,2,2,0,1,1,1,1791356755
2026-10-07T07:07:03+00:00,2026-10-07T07:08:04.804717+00:00,97a1e4e7-a1ff-427a-aaea-48ca0d00bf9c,348,3,3,0,12,0,1,1,1,1791356761
2026-10-07T07:07:03+00:00,2026-10-07T07:08:04.804717+00:00,f83493c0-0de8-11e7-991c-3863bb43a7d0,67,1,0,2,27,0,1,1,1,1791356761
2026-10-07T07:07:03+00:00,2026-10-07T07:08:04.804717+00:00,87b5a8b7-a330-4c51-ab32-7dafa292c88f,421,19,1,0,0,0,1,1,1,1791356763
2026-10-07T07:07:03+00:00,2026-10-07T07:08:04.804717+00:00,2028220168245183460,2028220168245183460,15,1,0,4,0,1,1,1,1791356788
2026-10-07T07:07:03+00:00,2026-10-07T07:08:04.804717+00:00,1994515539257334312,1994515539257334312,16,6,0,3,0,1,1,1,1791356789
2026-10-07T07:07:03+00:00,2026-10-07T07:08:04.804717+00:00,e335fa7c-7adf-4360-9bfa-76b18124a56f,541,3,3,0,8,0,1,1,1,1791356767
2026-10-07T07:07:03+00:00,2026-10-07T07:08:04.804717+00:00,2251186911126913182,2251186911126913182,13,1,1,5,0,1,1,1,1791356768
2026-10-07T07:07:03+00:00,2026-10-07T07:08:04.804717+00:00,a825b55d-3ab3-481f-9c50-d3a7313e6843,228,0,0,1,18,0,1,1,1,1791356768
2026-10-07T07:07:03+00:00,2026-10-07T07:08:04.804717+00:00,82b41ffb-e284-4e4d-b22a-0cad2bfd4bee,443,8,0,0,11,0,1,1,1,1791356770
2026-10-07T07:07:03+00:00,2026-10-07T07:08:04.804717+00:00,2251556760922290606,2251556760922290606,13,4,0,2,0,1,1,1,1791356770
2026-10-07T07:07:03+00:00,2026-10-07T07:08:04.804717+00:00,2036412579943670600,2036412579943670600,0,0,0,12,0,1,1,1,1791356794
2026-10-07T07:07:03+00:00,2026-10-07T07:08:04.804717+00:00,2089808297152151688,2089808297152151688,9,3,1,2,0,1,1,1,1791356793
2026-10-07T07:07:03+00:00,2026-10-07T07:08:04.804717+00:00,01d29f8c-768d-4c4f-84ca-3de966075287,469,3,2,0,8,0,1,1,1,1791356793
2026-10-07T07:07:03+00:00,2026-10-07T07:08:04.804717+00:00,cad0e759-b605-458a-b772-768dcce81dc6,372,0,0,6,13,0,1,0,0,1791324371
2026-10-07T07:07:03+00:00,2026-10-07T07:08:04.804717+00:00,f834cb89-0de8-11e7-991c-3863bb43a7d0,115,13,1,1,5,0,1,1,1,1791356754
2026-10-07T07:07:03+00:00,2026-10-07T07:08:04.804717+00:00,1997031876360597884,1997031876360597884,5,0,0,6,0,1,1,1,1791356752
2026-10-07T07:07:03+00:00,2026-10-07T07:08:04.804717+00:00,f8347ded-0de8-11e7-991c-3863bb43a7d0,35,0,0,1,30,0,1,1,1,1791356751
2026-10-07T07:07:03+00:00,2026-10-07T07:08:04.804717+00:00,f834d260-0de8-11e7-991c-3863bb43a7d0,119,14,3,0,1,0,1,1,1,1791356760
2026-10-07T07:07:03+00:00,2026-10-07T07:08:04.804717+00:00,1999644268058967024,1999644268058967024,17,1,2,5,0,1,1,1,1791356796
2026-10-07T07:07:03+00:00,2026-10-07T07:08:04.804717+00:00,f606593b-3d07-40f2-bc6d-a0eb96588e44,456,16,0,0,2,0,1,1,1,1791356797
2026-10-07T07:07:03+00:00,2026-10-07T07:08:04.804717+00:00,a6d6d4b2-3666-43ad-a690-7f676bdcc3fd,542,10,0,3,6,0,1,1,1,1791356796
2026-10-07T07:07:03+00:00,2026-10-07T07:08:04.804717+00:00,803a0c16-4f81-44f1-8b49-a13fcdda40c1,370,0,0,1,17,0,1,1,1,1791356798
2026-10-07T07:07:03+00:00,2026-10-07T07:08:04.804717+00:00,2074236051937964826,2074236051937964826,13,0,0,2,1,1,1,1,1791356643
2026-10-07T07:07:03+00:00,2026-10-07T07:08:04.804717+00:00,2126939746529359956,2126939746529359956,11,1,0,8,0,1,1,1,1791356689
2026-10-07T07:07:03+00:00,2026-10-07T07:08:04.804717+00:00,3f4f4ad4-a715-43d5-828f-f8381f26b66a,390,7,0,0,7,1,1,1,1,1791356692
2026-10-07T07:07:03+00:00,2026-10-07T07:08:04.804717+00:00,f8352306-0de8-11e7-991c-3863bb43a7d0,199,10,6,1,4,0,1,1,1,1791356691
2026-10-07T07:07:03+00:00,2026-10-07T07:08:04.804717+00:00,3b158c7a-a362-43ae-af1f-121b78be32d7,483,8,4,1,8,0,1,1,1,1791356713
2026-10-07T07:07:03+00:00,2026-10-07T07:08:04.804717+00:00,082262bd-086b-46c7-83ce-eed2b39142ff,416,2,1,0,13,0,1,1,1,1791356713
2026-10-07T07:07:03+00:00,2026-10-07T07:08:04.804717+00:00,f8347361-0de8-11e7-991c-3863bb43a7d0,26,15,0,0,0,0,1,1,1,1791356715
2026-10-07T07:07:03+00:00,2026-10-07T07:08:04.804717+00:00,2079440939380771716,2079440939380771716,2,1,1,8,0,1,1,1,1791356716
2026-10-07T07:07:03+00:00,2026-10-07T07:08:04.804717+00:00,a439fff7-8630-464c-b277-efca6f6bc664,531,7,0,2,5,0,1,1,1,1791356718
2026-10-07T07:07:03+00:00,2026-10-07T07:08:04.804717+00:00,50cc3c7f-50ed-4c70-b483-c89f3f47c938,491,13,1,0,6,0,1,1,1,1791356721
2026-10-07T07:07:03+00:00,2026-10-07T07:08:04.804717+00:00,f4a64c30-b97f-4ae5-b531-a11698b558d7,562,5,1,0,4,0,1,1,1,1791356721
2026-10-07T07:07:03+00:00,2026-10-07T07:08:04.804717+00:00,4764641e-b080-4c70-a1e1-049de81e09d0,273,23,0,1,16,0,1,1,1,1791356723
2026-10-07T07:07:03+00:00,2026-10-07T07:08:04.804717+00:00,a9d13461-7f0f-47b0-9a97-8ec9e9792865,533,13,0,1,5,0,1,1,1,1791356720
2026-10-07T07:07:03+00:00,2026-10-07T07:08:04.804717+00:00,f8349672-0de8-11e7-991c-3863bb43a7d0,72,0,0,0,23,0,1,1,1,1791356719
2026-10-07T07:07:03+00:00,2026-10-07T07:08:04.804717+00:00,609c2f06-310e-4134-8dd2-3d23aa41487b,609c2f06-310e-4134-8dd2-3d23aa41487b,12,1,1,9,0,1,1,1,1791356726
2026-10-07T07:07:03+00:00,2026-10-07T07:08:04.804717+00:00,dd008e3c-ff17-4c82-abe0-502272a62425,558,1,0,0,16,0,1,1,1,1791356726
2026-10-07T07:07:03+00:00,2026-10-07T07:08:04.804717+00:00,f836bc28-36a7-4ca6-bba6-0d75333d84bb,538,13,1,1,5,0,1,1,1,1791356727
2026-10-07T07:07:03+00:00,2026-10-07T07:08:04.804717+00:00,a9bc314b-a3fd-46e5-a63b-f005258bba5f,a9bc314b-a3fd-46e5-a63b-f005258bba5f,2,1,0,15,1,1,1,1,1791356730
2026-10-07T07:07:03+00:00,2026-10-07T07:08:04.804717+00:00,f8346a3c-0de8-11e7-991c-3863bb43a7d0,10,3,1,1,8,0,1,1,1,1791356731
2026-10-07T07:07:03+00:00,2026-10-07T07:08:04.804717+00:00,f83472d3-0de8-11e7-991c-3863bb43a7d0,25,15,0,0,0,0,1,1,1,1791356661
2026-10-07T07:07:03+00:00,2026-10-07T07:08:04.804717+00:00,f8352a4d-0de8-11e7-991c-3863bb43a7d0,212,18,2,1,13,0,1,1,1,1791356681
2026-10-07T07:07:03+00:00,2026-10-07T07:08:04.804717+00:00,ee18dbd6-05b8-4d38-a120-f84c3499a77e,519,8,5,0,2,0,1,1,1,1791356696
2026-10-07T07:07:03+00:00,2026-10-07T07:08:04.804717+00:00,f8352150-0de8-11e7-991c-3863bb43a7d0,196,3,0,0,7,0,1,1,1,1791356699
2026-10-07T07:07:03+00:00,2026-10-07T07:08:04.804717+00:00,f83487f0-0de8-11e7-991c-3863bb43a7d0,54,6,0,0,9,0,1,1,1,1791356697
2026-10-07T07:07:03+00:00,2026-10-07T07:08:04.804717+00:00,4caf6e93-ddd7-4b6f-9e61-f9df1206ac92,4caf6e93-ddd7-4b6f-9e61-f9df1206ac92,14,6,0,5,0,1,1,1,1791356701
2026-10-07T07:07:03+00:00,2026-10-07T07:08:04.804717+00:00,2115804056935012722,2115804056935012722,13,2,0,6,0,1,1,1,1791356703
2026-10-07T07:07:03+00:00,2026-10-07T07:08:04.804717+00:00,3a6d94a7-9fee-41c5-b8cc-a8487c5e691b,549,11,1,1,11,0,1,1,1,1791356704
2026-10-07T07:07:03+00:00,2026-10-07T07:08:04.804717+00:00,2124668538068359456,2124668538068359456,9,0,1,9,0,1,1,1,1791356705
2026-10-07T07:07:03+00:00,2026-10-07T07:08:04.804717+00:00,1e3beeb4-f8e1-452c-93e5-48df78d4b313,334,3,0,0,15,0,1,1,1,1791356701
2026-10-07T07:07:03+00:00,2026-10-07T07:08:04.804717+00:00,f8351ff1-0de8-11e7-991c-3863bb43a7d0,193,7,0,1,6,0,1,1,1,1791356702
2026-10-07T07:07:03+00:00,2026-10-07T07:08:04.804717+00:00,f834fda2-0de8-11e7-991c-3863bb43a7d0,143,6,1,1,16,0,1,1,1,1791356705
2026-10-07T07:07:03+00:00,2026-10-07T07:08:04.804717+00:00,dd8dee9d-d044-41d6-9371-8463cf9c671b,526,7,4,0,7,1,1,1,1,1791356706
2026-10-07T07:07:03+00:00,2026-10-07T07:08:04.804717+00:00,0cb6d635-6a7d-4d75-89b4-36b12616be12,432,10,6,0,9,0,1,1,1,1791356706
2026-10-07T07:07:03+00:00,2026-10-07T07:08:04.804717+00:00,3dbbb3cb-b52d-46f8-8f9c-db11e83d081c,327,14,9,1,0,0,1,1,1,1791356708
2026-10-07T07:07:03+00:00,2026-10-07T07:08:04.804717+00:00,2120986392451359068,2120986392451359068,11,0,0,8,0,1,1,1,1791356711
2026-10-07T07:07:03+00:00,2026-10-07T07:08:04.804717+00:00,dc770287-c70c-43ea-a635-39f3dc6b09cd,dc770287-c70c-43ea-a635-39f3dc6b09cd,6,1,0,5,0,1,1,1,1791356709
2026-10-07T07:07:03+00:00,2026-10-07T07:08:04.804717+00:00,2158217922577811100,2158217922577811100,8,1,0,11,0,1,1,1,1791356709
2026-10-07T07:07:03+00:00,2026-10-07T07:08:04.804717+00:00,68323451-daf0-4532-a6cb-b070e3ef358f,68323451-daf0-4532-a6cb-b070e3ef358f,10,1,0,9,0,1,1,1,1791356709
2026-10-07T07:07:03+00:00,2026-10-07T07:08:04.804717+00:00,f8348857-0de8-11e7-991c-3863bb43a7d0,55,1,0,0,14,0,1,1,1,1791356706
2026-10-07T07:07:03+00:00,2026-10-07T07:08:04.804717+00:00,f8351e42-0de8-11e7-991c-3863bb43a7d0,189,0,0,0,23,0,1,1,1,1791356736
2026-10-07T07:07:03+00:00,2026-10-07T07:08:04.804717+00:00,0bc49982-74e9-4bbf-9991-e3d809d6319e,530,3,1,0,16,0,1,1,1,1791356758
2026-10-07T07:07:03+00:00,2026-10-07T07:08:04.804717+00:00,f8348021-0de8-11e7-991c-3863bb43a7d0,39,26,2,0,1,0,1,1,1,1791356758
2026-10-07T07:07:03+00:00,2026-10-07T07:08:04.804717+00:00,1206f5c8-7d1f-4c32-9d65-f3e80186fbde,511,8,5,1,10,0,1,1,1,1791356755
2026-10-07T07:07:03+00:00,2026-10-07T07:08:04.804717+00:00,1963273678015717438,1963273678015717438,0,0,0,19,0,1,1,1,1791356754
2026-10-07T07:07:03+00:00,2026-10-07T07:08:04.804717+00:00,f834fb66-0de8-11e7-991c-3863bb43a7d0,139,15,2,0,4,0,1,1,1,1791356754
2026-10-07T07:07:03+00:00,2026-10-07T07:08:04.804717+00:00,e49a5b83-2c9c-4610-a48b-89cfea172c8f,504,4,1,0,7,0,1,1,1,1791356755
2026-10-07T07:07:03+00:00,2026-10-07T07:08:04.804717+00:00,fae99a0c-e88a-4112-94d8-f655cf34e651,fae99a0c-e88a-4112-94d8-f655cf34e651,3,0,1,15,0,1,1,1,1791356756
2026-10-07T07:07:03+00:00,2026-10-07T07:08:04.804717+00:00,1994461916590643872,1994461916590643872,6,1,1,4,0,1,1,1,1791356757
2026-10-07T07:07:03+00:00,2026-10-07T07:08:04.804717+00:00,2223046412750968128,2223046412750968128,2,1,0,17,0,1,1,1,1791356755
2026-10-07T07:07:03+00:00,2026-10-07T07:08:04.804717+00:00,d81e16e2-a410-4a0b-b5ae-b72748fc9781,d81e16e2-a410-4a0b-b5ae-b72748fc9781,2,1,1,16,0,1,1,1,1791356745
2026-10-07T07:07:03+00:00,2026-10-07T07:08:04.804717+00:00,f8348781-0de8-11e7-991c-3863bb43a7d0,53,19,1,0,0,0,1,1,1,1791356746
2026-10-07T07:07:03+00:00,2026-10-07T07:08:04.804717+00:00,2fded452-cbd0-4248-b008-f8a61ed9a85f,2fded452-cbd0-4248-b008-f8a61ed9a85f,1,0,0,14,0,1,1,1,1791356742
2026-10-07T07:07:03+00:00,2026-10-07T07:08:04.804717+00:00,1984021766354634770,1984021766354634770,15,1,0,4,0,1,1,1,1791356744
2026-10-07T07:07:03+00:00,2026-10-07T07:08:04.804717+00:00,f835141c-0de8-11e7-991c-3863bb43a7d0,178,17,0,1,0,0,1,1,1,1791356744
2026-10-07T07:07:03+00:00,2026-10-07T07:08:04.804717+00:00,1961066392414132348,1961066392414132348,3,0,0,16,0,1,1,1,1791356765
2026-10-07T07:07:03+00:00,2026-10-07T07:08:04.804717+00:00,57caf362-1e8b-46aa-9ee3-82341c405ab0,271,4,2,1,10,0,1,1,1,1791356760
2026-10-07T07:07:03+00:00,2026-10-07T07:08:04.804717+00:00,dd05a440-f881-410c-a071-864da11c634a,318,0,0,0,19,0,1,1,1,1791356761
2026-10-07T07:07:03+00:00,2026-10-07T07:08:04.804717+00:00,f8349d6e-0de8-11e7-991c-3863bb43a7d0,79,17,0,0,1,0,1,1,1,1791356753
2026-10-07T07:07:03+00:00,2026-10-07T07:08:04.804717+00:00,f8349de4-0de8-11e7-991c-3863bb43a7d0,80,0,0,2,33,0,1,1,1,1791356747
2026-10-07T07:07:03+00:00,2026-10-07T07:08:04.804717+00:00,b0b8e427-7203-4844-9c70-129e08a74452,347,12,4,1,1,0,1,1,1,1791356748
2026-10-07T07:07:03+00:00,2026-10-07T07:08:04.804717+00:00,66763558-7a03-48a9-8665-6b4445b81f48,458,11,4,0,4,0,1,1,1,1791356751
2026-10-07T07:07:03+00:00,2026-10-07T07:08:04.804717+00:00,af066ffd-b892-434f-8532-1982fc408780,480,3,0,0,8,0,1,1,1,1791356751
2026-10-07T07:07:03+00:00,2026-10-07T07:08:04.804717+00:00,f834ffc9-0de8-11e7-991c-3863bb43a7d0,146,10,2,0,9,0,1,1,1,1791356750
2026-10-07T07:07:03+00:00,2026-10-07T07:08:04.804717+00:00,f834db9b-0de8-11e7-991c-3863bb43a7d0,121,16,7,0,1,0,1,1,1,1791356750
2026-10-07T07:07:03+00:00,2026-10-07T07:08:04.804717+00:00,fbb9b58c-2b92-4bcf-8e4c-a982e40d2f39,221,5,3,0,13,0,1,1,1,1791356781
2026-10-07T07:07:03+00:00,2026-10-07T07:08:04.804717+00:00,2248987790637065652,2248987790637065652,6,3,0,6,0,1,1,1,1791356778
2026-10-07T07:07:03+00:00,2026-10-07T07:08:04.804717+00:00,3c837bc0-fd08-49c4-adf5-0e9a98e918a7,524,7,0,1,7,0,1,1,1,1791356777
2026-10-07T07:07:03+00:00,2026-10-07T07:08:04.804717+00:00,2256120653476329202,2256120653476329202,12,1,0,3,0,1,1,1,1791356770
2026-10-07T07:07:03+00:00,2026-10-07T07:08:04.804717+00:00,f835259f-0de8-11e7-991c-3863bb43a7d0,205,3,0,1,11,0,1,1,1,1791356782
2026-10-07T07:07:03+00:00,2026-10-07T07:08:04.804717+00:00,f834a32d-0de8-11e7-991c-3863bb43a7d0,86,17,0,0,8,0,1,1,1,1791356782
2026-10-07T07:07:03+00:00,2026-10-07T07:08:04.804717+00:00,8f51f8f1-ecb8-4cd3-8529-296a03140c51,8f51f8f1-ecb8-4cd3-8529-296a03140c51,10,3,0,9,0,1,1,1,1791356779
2026-10-07T07:07:03+00:00,2026-10-07T07:08:04.804717+00:00,be7e7068-b85f-42c1-8ea1-e1d64e531323,be7e7068-b85f-42c1-8ea1-e1d64e531323,15,3,0,0,0,1,1,1,1791356779
2026-10-07T07:07:03+00:00,2026-10-07T07:08:04.804717+00:00,f8352c1a-0de8-11e7-991c-3863bb43a7d0,216,10,2,0,9,0,1,1,1,1791356783
2026-10-07T07:07:03+00:00,2026-10-07T07:08:04.804717+00:00,2004828637786472956,2004828637786472956,15,7,1,3,0,1,1,1,1791356783
2026-10-07T07:07:03+00:00,2026-10-07T07:08:04.804717+00:00,910f1452-dbeb-4e69-b226-71b2d7e85715,910f1452-dbeb-4e69-b226-71b2d7e85715,7,7,0,3,0,1,1,1,1791356783
2026-10-07T07:07:03+00:00,2026-10-07T07:08:04.804717+00:00,f835027c-0de8-11e7-991c-3863bb43a7d0,152,8,1,0,19,0,1,1,1,1791356752
2026-10-07T07:07:03+00:00,2026-10-07T07:08:04.804717+00:00,8b703219-1e16-4ba1-9f46-2b7030c7849a,360,6,6,2,7,0,1,1,1,1791356784
2026-10-07T07:07:03+00:00,2026-10-07T07:08:04.804717+00:00,c935cfb1-ef73-402e-9b86-83aaaac6534d,478,6,0,0,13,0,1,1,1,1791356785
2026-10-07T07:07:03+00:00,2026-10-07T07:08:04.804717+00:00,2136546016037880534,2136546016037880534,9,1,0,6,0,1,1,1,1791356786
2026-10-07T07:07:03+00:00,2026-10-07T07:08:04.804717+00:00,2071724371800490690,2071724371800490690,17,0,0,3,0,1,1,1,1791356783
2026-10-07T07:07:03+00:00,2026-10-07T07:08:04.804717+00:00,f834d064-0de8-11e7-991c-3863bb43a7d0,118,18,6,0,1,0,1,1,1,1791356785
2026-10-07T07:07:03+00:00,2026-10-07T07:08:04.804717+00:00,e3f5d039-a49e-4b3b-ab4d-4efbef2068c6,e3f5d039-a49e-4b3b-ab4d-4efbef2068c6,17,1,0,5,0,1,1,1,1791356767
2026-10-07T07:07:03+00:00,2026-10-07T07:08:04.804717+00:00,2012646293885032702,2012646293885032702,4,0,1,19,0,1,1,1,1791356770
2026-10-07T07:07:03+00:00,2026-10-07T07:08:04.804717+00:00,f834ff5a-0de8-11e7-991c-3863bb43a7d0,145,10,1,1,8,0,1,1,1,1791356770
2026-10-07T07:07:03+00:00,2026-10-07T07:08:04.804717+00:00,31382324-2931-491a-827a-40149e45afee,232,5,0,0,6,0,1,1,1,1791356770
2026-10-07T07:07:03+00:00,2026-10-07T07:08:04.804717+00:00,7dd0fc98-c1dd-4c93-9c1d-4bbdf5f93346,473,14,9,0,0,0,1,1,1,1791356765
2026-10-07T07:07:03+00:00,2026-10-07T07:08:04.804717+00:00,a51b429f-bf06-425a-b3fe-b3155aa6468c,a51b429f-bf06-425a-b3fe-b3155aa6468c,4,3,1,6,0,1,1,1,1791356766
2026-10-07T07:07:03+00:00,2026-10-07T07:08:04.804717+00:00,f834923d-0de8-11e7-991c-3863bb43a7d0,65,8,0,0,11,0,1,1,1,1791356766
2026-10-07T07:07:03+00:00,2026-10-07T07:08:04.804717+00:00,2080157934789007958,2080157934789007958,16,2,2,1,0,1,1,1,1791356772
2026-10-07T07:07:03+00:00,2026-10-07T07:08:04.804717+00:00,f834b50a-0de8-11e7-991c-3863bb43a7d0,102,9,3,0,6,0,1,1,1,1791356775
2026-10-07T07:07:03+00:00,2026-10-07T07:08:04.804717+00:00,25cc602a-152a-4abe-9df8-a131d0a5d94b,235,15,5,0,0,0,1,1,1,1791356775
2026-10-07T07:07:03+00:00,2026-10-07T07:08:04.804717+00:00,2253794653988522864,2253794653988522864,8,0,1,10,0,1,1,1,1791356772
2026-10-07T07:07:03+00:00,2026-10-07T07:08:04.804717+00:00,3de6e5da-9702-4623-8683-26abd98012a8,525,4,1,0,8,0,1,1,1,1791356774
2026-10-07T07:07:03+00:00,2026-10-07T07:08:04.804717+00:00,f1cafe36-f800-41f6-b74d-73953cb6394c,471,0,0,0,27,0,1,1,1,1791356774
2026-10-07T07:07:03+00:00,2026-10-07T07:08:04.804717+00:00,a3b94ed8-8301-4ec6-baf2-64ac493b5106,529,1,1,0,13,0,1,1,1,1791356777
2026-10-07T07:07:03+00:00,2026-10-07T07:08:04.804717+00:00,efd724b2-31cb-4aec-b9d9-8ab79271630c,493,9,0,0,8,0,1,1,1,1791356787
2026-10-07T07:07:03+00:00,2026-10-07T07:08:04.804717+00:00,f8350be5-0de8-11e7-991c-3863bb43a7d0,160,2,0,0,12,0,1,1,1,1791356788
2026-10-07T07:07:03+00:00,2026-10-07T07:08:04.804717+00:00,2171110977443594588,2171110977443594588,6,0,1,8,0,1,1,1,1791356788
2026-10-07T07:07:03+00:00,2026-10-07T07:08:04.804717+00:00,f8350c56-0de8-11e7-991c-3863bb43a7d0,161,23,6,0,0,0,1,1,1,1791356790
2026-10-07T07:07:03+00:00,2026-10-07T07:08:04.804717+00:00,b5894555-30a3-46db-918a-fdeb083d6001,336,13,7,1,1,0,1,1,1,1791356791
2026-10-07T07:07:03+00:00,2026-10-07T07:08:04.804717+00:00,f8348924-0de8-11e7-991c-3863bb43a7d0,57,11,0,0,3,0,1,1,1,1791356788
2026-10-07T07:07:03+00:00,2026-10-07T07:08:04.804717+00:00,f8346c01-0de8-11e7-991c-3863bb43a7d0,13,0,0,0,19,0,1,1,1,1791356792
2026-10-07T07:07:03+00:00,2026-10-07T07:08:04.804717+00:00,f834b652-0de8-11e7-991c-3863bb43a7d0,104,9,2,0,9,0,1,1,1,1791356788
2026-10-07T07:07:03+00:00,2026-10-07T07:08:04.804717+00:00,f83514f9-0de8-11e7-991c-3863bb43a7d0,180,12,1,1,6,0,1,1,1,1791356787
2026-10-07T07:07:03+00:00,2026-10-07T07:08:04.804717+00:00,13681246-4bf8-444a-a908-fa165e4ad298,329,13,0,1,1,0,1,1,1,1791356787
2026-10-07T07:07:03+00:00,2026-10-07T07:08:04.804717+00:00,2113560016964645240,2113560016964645240,9,0,1,9,0,1,1,1,1791356796
2026-10-07T07:07:03+00:00,2026-10-07T07:08:04.804717+00:00,2111332861978124760,2111332861978124760,5,1,1,10,0,1,1,1,1791356766
2026-10-07T07:07:03+00:00,2026-10-07T07:08:04.804717+00:00,c98f50f6-1901-4c64-b164-8cf33245e022,282,14,1,1,2,1,1,1,1,1791356795
2026-10-07T07:07:03+00:00,2026-10-07T07:08:04.804717+00:00,2002247509585342522,2002247509585342522,11,1,0,0,0,1,1,1,1791356796
2026-10-07T07:07:03+00:00,2026-10-07T07:08:04.804717+00:00,ee0fa23e-a6c2-474d-a6ef-bf581d63f1ae,ee0fa23e-a6c2-474d-a6ef-bf581d63f1ae,11,4,0,0,0,1,1,1,1791356794
2026-10-07T07:07:03+00:00,2026-10-07T07:08:04.804717+00:00,2100948177843249670,2100948177843249670,6,5,0,5,0,1,1,1,1791356795
2026-10-07T07:07:03+00:00,2026-10-07T07:08:04.804717+00:00,f8353277-0de8-11e7-991c-3863bb43a7d0,218,0,0,0,15,0,1,1,1,1791356795
2026-10-07T07:07:03+00:00,2026-10-07T07:08:04.804717+00:00,2131714490587826928,2131714490587826928,10,7,2,4,0,1,1,1,1791356795
2026-10-07T07:07:03+00:00,2026-10-07T07:08:04.804717+00:00,2035765531590062506,2035765531590062506,6,1,2,3,0,1,1,1,1791356796
2026-10-07T07:07:03+00:00,2026-10-07T07:08:04.804717+00:00,634b697d-0e64-4102-8849-abac7a7f8e35,455,4,2,0,8,0,1,1,1,1791356794
2026-10-07T07:07:03+00:00,2026-10-07T07:08:04.804717+00:00,12141b77-6e5f-444b-bace-2abf16db4fee,12141b77-6e5f-444b-bace-2abf16db4fee,0,0,11,0,0,1,0,0,1791320514
2026-10-07T07:07:03+00:00,2026-10-07T07:08:04.804717+00:00,42886366-9cbf-432c-ba84-beef38877c87,408,15,5,0,0,0,1,1,1,1791356686
2026-10-07T07:07:03+00:00,2026-10-07T07:08:04.804717+00:00,f83520d8-0de8-11e7-991c-3863bb43a7d0,195,14,2,0,9,0,1,1,1,1791356687
2026-10-07T07:07:03+00:00,2026-10-07T07:08:04.804717+00:00,9cc65d3d-cfcc-45ff-8f75-7264556b1cf9,9cc65d3d-cfcc-45ff-8f75-7264556b1cf9,17,2,0,2,0,1,1,1,1791356685
2026-10-07T07:07:03+00:00,2026-10-07T07:08:04.804717+00:00,ad2fb6f2-921f-440c-83de-08be76e35c2a,468,3,0,1,10,0,1,1,1,1791356687
2026-10-07T07:07:03+00:00,2026-10-07T07:08:04.804717+00:00,13d4171b-6d93-490e-923f-f2a17d5c7613,13d4171b-6d93-490e-923f-f2a17d5c7613,3,1,2,6,0,1,1,1,1791356686
2026-10-07T07:07:03+00:00,2026-10-07T07:08:04.804717+00:00,f834658f-0de8-11e7-991c-3863bb43a7d0,4,17,1,0,2,0,1,1,1,1791356687
2026-10-07T07:07:03+00:00,2026-10-07T07:08:04.804717+00:00,186accbb-6a08-4e1d-b267-9033c4443a56,401,11,3,1,3,0,1,1,1,1791356687
2026-10-07T07:07:03+00:00,2026-10-07T07:08:04.804717+00:00,1676a6f7-c417-48d2-92e8-5ce21995efc3,374,1,0,0,17,0,1,1,1,1791356687
2026-10-07T07:07:03+00:00,2026-10-07T07:08:04.804717+00:00,f8352378-0de8-11e7-991c-3863bb43a7d0,200,14,0,0,5,0,1,1,1,1791356693
2026-10-07T07:07:03+00:00,2026-10-07T07:08:04.804717+00:00,eee3aab6-bd98-4d1f-8887-9c4e2adce482,eee3aab6-bd98-4d1f-8887-9c4e2adce482,9,3,2,0,0,1,1,1,1791356698
2026-10-07T07:07:03+00:00,2026-10-07T07:08:04.804717+00:00,2002579415401984808,2002579415401984808,4,0,0,7,0,1,1,1,1791356698
2026-10-07T07:07:03+00:00,2026-10-07T07:08:04.804717+00:00,2151136782588526782,2151136782588526782,8,1,1,2,0,1,1,1,1791356698
2026-10-07T07:07:03+00:00,2026-10-07T07:08:04.804717+00:00,f834fede-0de8-11e7-991c-3863bb43a7d0,144,5,0,0,14,0,1,1,1,1791356699
2026-10-07T07:07:03+00:00,2026-10-07T07:08:04.804717+00:00,f8351726-0de8-11e7-991c-3863bb43a7d0,185,0,0,1,14,0,1,1,1,1791356699
2026-10-07T07:07:03+00:00,2026-10-07T07:08:04.804717+00:00,c1789d39-705f-4c03-9c14-4d6a3a4f4400,561,0,0,0,19,0,1,1,1,1791356697
2026-10-07T07:07:03+00:00,2026-10-07T07:08:04.804717+00:00,2098360140389493528,2098360140389493528,6,5,3,2,0,1,1,1,1791356697
2026-10-07T07:07:03+00:00,2026-10-07T07:08:04.804717+00:00,f83489ff-0de8-11e7-991c-3863bb43a7d0,59,1,0,0,17,1,1,1,1,1791356704
2026-10-07T07:07:03+00:00,2026-10-07T07:08:04.804717+00:00,2002248857751890568,2002248857751890568,10,8,0,1,0,1,1,1,1791356703
2026-10-07T07:07:03+00:00,2026-10-07T07:08:04.804717+00:00,4fe8e777-345b-4fc2-a684-dd874e8186d8,4fe8e777-345b-4fc2-a684-dd874e8186d8,8,4,1,6,0,1,1,1,1791356704
2026-10-07T07:07:03+00:00,2026-10-07T07:08:04.804717+00:00,a83f982f-a4f1-43e4-98e8-c8f4a0bb7290,452,14,1,0,0,0,1,1,1,1791356705
2026-10-07T07:07:03+00:00,2026-10-07T07:08:04.804717+00:00,1978882443666915710,1978882443666915710,12,0,0,5,1,1,1,1,1791356703
2026-10-07T07:07:03+00:00,2026-10-07T07:08:04.804717+00:00,fe6a64e7-c712-404c-85ae-ee77a37245b1,355,7,1,1,9,0,1,1,1,1791356701
2026-10-07T07:07:03+00:00,2026-10-07T07:08:04.804717+00:00,065e0e5d-8a0d-49b7-9c1f-c8eaba51a8b4,490,12,4,1,5,0,1,1,1,1791356706
2026-10-07T07:07:03+00:00,2026-10-07T07:08:04.804717+00:00,ca76adb6-4c84-4484-9ec3-b411b81ddbef,ca76adb6-4c84-4484-9ec3-b411b81ddbef,4,1,2,13,0,1,1,1,1791356707
2026-10-07T07:07:03+00:00,2026-10-07T07:08:04.804717+00:00,a3bf0bfe-198b-4160-a2fb-cc7d10cfb4cf,a3bf0bfe-198b-4160-a2fb-cc7d10cfb4cf,9,1,0,10,0,1,1,1,1791356706
2026-10-07T07:07:03+00:00,2026-10-07T07:08:04.804717+00:00,2096125468116637776,2096125468116637776,12,0,0,3,0,1,1,1,1791356708
2026-10-07T07:07:03+00:00,2026-10-07T07:08:04.804717+00:00,2129865213174084448,2129865213174084448,3,0,0,16,0,1,1,1,1791356708
2026-10-07T07:07:03+00:00,2026-10-07T07:08:04.804717+00:00,f834ab92-0de8-11e7-991c-3863bb43a7d0,95,15,0,0,0,0,1,1,1,1791356677
2026-10-07T07:07:03+00:00,2026-10-07T07:08:04.804717+00:00,9c8366d8-3b58-4894-b281-09e22f6fe5f7,464,10,1,0,1,0,1,1,1,1791356680
2026-10-07T07:07:03+00:00,2026-10-07T07:08:04.804717+00:00,f8351dc2-0de8-11e7-991c-3863bb43a7d0,188,15,1,0,0,0,1,1,1,1791356679
2026-10-07T07:07:03+00:00,2026-10-07T07:08:04.804717+00:00,1989983491501558234,1989983491501558234,2,0,0,9,0,1,1,1,1791356682
2026-10-07T07:07:03+00:00,2026-10-07T07:08:04.804717+00:00,2d32e355-faee-407b-9bb7-45d80ffb059a,2d32e355-faee-407b-9bb7-45d80ffb059a,0,0,1,18,0,1,1,1,1791356683
2026-10-07T07:07:03+00:00,2026-10-07T07:08:04.804717+00:00,bd3d4824-7203-4edc-a314-cea2b413e886,319,13,3,0,13,1,1,1,1,1791356714
2026-10-07T07:07:03+00:00,2026-10-07T07:08:04.804717+00:00,f0f01d4c-ba4a-4ab2-9cc0-9fa1f9223300,394,6,3,0,8,0,1,1,1,1791356713
2026-10-07T07:07:03+00:00,2026-10-07T07:08:04.804717+00:00,f834dc46-0de8-11e7-991c-3863bb43a7d0,122,2,0,0,13,0,1,1,1,1791356711
2026-10-07T07:07:03+00:00,2026-10-07T07:08:04.804717+00:00,ed6c012e-6d6c-41e7-8e01-90749fd67575,546,11,10,0,5,0,1,1,1,1791356718
2026-10-07T07:07:03+00:00,2026-10-07T07:08:04.804717+00:00,2271594282663217386,2271594282663217386,2,2,0,9,0,1,1,1,1791356720
2026-10-07T07:07:03+00:00,2026-10-07T07:08:04.804717+00:00,2040842277416872172,2040842277416872172,7,1,0,9,0,1,1,1,1791356716
2026-10-07T07:07:03+00:00,2026-10-07T07:08:04.804717+00:00,1a39ab83-f029-4134-aad4-35380b30bf2c,1a39ab83-f029-4134-aad4-35380b30bf2c,6,0,0,13,0,1,1,1,1791356718
2026-10-07T07:07:03+00:00,2026-10-07T07:08:04.804717+00:00,bd1755dc-f26c-420e-85b3-fd025d0b5445,554,1,0,0,14,0,1,1,1,1791356719
2026-10-07T07:07:03+00:00,2026-10-07T07:08:04.804717+00:00,2104f242-2dde-4ec0-8197-4454b1021ac1,381,13,2,2,8,1,1,1,1,1791356725
2026-10-07T07:07:03+00:00,2026-10-07T07:08:04.804717+00:00,2245672241002318634,2245672241002318634,6,1,1,11,0,1,1,1,1791356727
2026-10-07T07:07:03+00:00,2026-10-07T07:08:04.804717+00:00,f83512c9-0de8-11e7-991c-3863bb43a7d0,175,6,2,0,11,0,1,1,1,1791356727
2026-10-07T07:07:03+00:00,2026-10-07T07:08:04.804717+00:00,f834ba08-0de8-11e7-991c-3863bb43a7d0,108,0,0,0,16,0,1,1,1,1791356727
2026-10-07T07:07:03+00:00,2026-10-07T07:08:04.804717+00:00,2267959380696438832,2267959380696438832,7,0,0,4,0,1,1,1,1791356726
2026-10-07T07:07:03+00:00,2026-10-07T07:08:04.804717+00:00,f83515d8-0de8-11e7-991c-3863bb43a7d0,182,10,0,0,8,0,1,1,1,1791356726
2026-10-07T07:07:03+00:00,2026-10-07T07:08:04.804717+00:00,9f582e05-15e0-4a39-aef5-c719e0c78e26,466,5,3,2,4,0,1,1,1,1791356730
2026-10-07T07:07:03+00:00,2026-10-07T07:08:04.804717+00:00,f834dedf-0de8-11e7-991c-3863bb43a7d0,124,10,4,0,4,0,1,1,1,1791356728
2026-10-07T07:07:03+00:00,2026-10-07T07:08:04.804717+00:00,2007420398783036020,2007420398783036020,7,0,0,13,0,1,1,1,1791356728
2026-10-07T07:07:03+00:00,2026-10-07T07:08:04.804717+00:00,2225590560002383786,2225590560002383786,0,0,0,15,0,1,1,1,1791356744
2026-10-07T07:07:03+00:00,2026-10-07T07:08:04.804717+00:00,f834a838-0de8-11e7-991c-3863bb43a7d0,92,10,2,1,7,0,1,1,1,1791356744
2026-10-07T07:07:03+00:00,2026-10-07T07:08:04.804717+00:00,9e9be067-c6bb-41de-9491-eda69d24d6de,371,15,5,0,3,0,1,1,1,1791356749
2026-10-07T07:07:03+00:00,2026-10-07T07:08:04.804717+00:00,f83529e2-0de8-11e7-991c-3863bb43a7d0,211,9,0,0,6,0,1,1,1,1791356749
2026-10-07T07:07:03+00:00,2026-10-07T07:08:04.804717+00:00,12d463d2-ce50-43bd-81b1-6be4dbdbbc1b,430,13,4,0,6,0,1,1,1,1791356748
2026-10-07T07:07:03+00:00,2026-10-07T07:08:04.804717+00:00,f834caf2-0de8-11e7-991c-3863bb43a7d0,114,9,3,0,6,0,1,1,1,1791356746
2026-10-07T07:07:03+00:00,2026-10-07T07:08:04.804717+00:00,f834a3a0-0de8-11e7-991c-3863bb43a7d0,87,14,3,0,1,0,1,1,1,1791356745
2026-10-07T07:07:03+00:00,2026-10-07T07:08:04.804717+00:00,2123672938202825324,2123672938202825324,0,0,0,15,0,1,1,1,1791356747
2026-10-07T07:07:03+00:00,2026-10-07T07:08:04.804717+00:00,403c0f6c-d01a-4171-a7be-3aa4dbb0d7d1,407,11,8,2,5,0,1,1,1,1791356754
2026-10-07T07:07:03+00:00,2026-10-07T07:08:04.804717+00:00,fe534b6f-61ad-47d3-b9f6-cdaa128f53a4,395,5,0,2,8,0,1,1,1,1791356751
2026-10-07T07:07:03+00:00,2026-10-07T07:08:04.804717+00:00,1976642295079838524,1976642295079838524,4,0,1,6,0,1,1,1,1791356768
2026-10-07T07:07:03+00:00,2026-10-07T07:08:04.804717+00:00,2131760674371160748,2131760674371160748,4,0,1,15,0,1,1,1,1791356768
2026-10-07T07:07:03+00:00,2026-10-07T07:08:04.804717+00:00,7df1ee28-441e-44c1-8507-8f58946be96b,239,14,2,1,0,0,1,1,1,1791356768
2026-10-07T07:07:03+00:00,2026-10-07T07:08:04.804717+00:00,2220822464984366036,2220822464984366036,3,1,0,9,0,1,1,1,1791356769
2026-10-07T07:07:03+00:00,2026-10-07T07:08:04.804717+00:00,f8349e56-0de8-11e7-991c-3863bb43a7d0,81,7,0,1,11,0,1,1,1,1791356771
2026-10-07T07:07:03+00:00,2026-10-07T07:08:04.804717+00:00,f834ec42-0de8-11e7-991c-3863bb43a7d0,131,16,2,1,1,0,1,1,1,1791356770
2026-10-07T07:07:03+00:00,2026-10-07T07:08:04.804717+00:00,f8347b1e-0de8-11e7-991c-3863bb43a7d0,30,1,0,0,14,0,1,1,1,1791356739
2026-10-07T07:07:03+00:00,2026-10-07T07:08:04.804717+00:00,0b0467c1-0c90-4529-a556-fe4d57835bbb,435,11,11,0,3,1,1,1,1,1791356739
2026-10-07T07:07:03+00:00,2026-10-07T07:08:04.804717+00:00,aa556ad4-0092-4687-96c2-8dbc69addb56,485,5,0,2,4,0,1,1,1,1791356734
2026-10-07T07:07:03+00:00,2026-10-07T07:08:04.804717+00:00,93381e13-cd04-4e10-ac81-9f5926aa01d5,333,19,6,1,5,0,1,1,1,1791356735
2026-10-07T07:07:03+00:00,2026-10-07T07:08:04.804717+00:00,c202f2ca-ec1d-4dc5-a734-e0a342f23ba4,279,18,1,1,4,0,1,1,1,1791356737
2026-10-07T07:07:03+00:00,2026-10-07T07:08:04.804717+00:00,1942556871369959976,1942556871369959976,14,6,1,4,0,1,1,1,1791356738
2026-10-07T07:07:03+00:00,2026-10-07T07:08:04.804717+00:00,c23a4c0d-7e43-4042-80e2-7c894d07763b,559,5,1,0,6,0,1,1,1,1791356732
2026-10-07T07:07:03+00:00,2026-10-07T07:08:04.804717+00:00,47c44bb1-d065-41f5-ad79-c18aee60af34,342,9,0,1,5,0,1,1,1,1791356732
2026-10-07T07:07:03+00:00,2026-10-07T07:08:04.804717+00:00,1921360868231155718,1921360868231155718,3,0,0,16,0,1,1,1,1791356736
2026-10-07T07:07:03+00:00,2026-10-07T07:08:04.804717+00:00,f834f8ca-0de8-11e7-991c-3863bb43a7d0,137,11,9,4,2,2,1,1,1,1791356734
2026-10-07T07:07:03+00:00,2026-10-07T07:08:04.804717+00:00,f8351490-0de8-11e7-991c-3863bb43a7d0,179,52,7,0,0,1,1,1,1,1791356723
2026-10-07T07:07:03+00:00,2026-10-07T07:08:04.804717+00:00,f8348a68-0de8-11e7-991c-3863bb43a7d0,60,9,4,1,8,0,1,1,1,1791356722
2026-10-07T07:07:03+00:00,2026-10-07T07:08:04.804717+00:00,f8285d4f-5053-4e26-bb28-72016fe11353,405,12,0,0,7,0,1,1,1,1791356739
2026-10-07T07:07:03+00:00,2026-10-07T07:08:04.804717+00:00,81676204-e42f-4d3d-991e-9c1264f36229,357,14,2,0,1,0,1,1,1,1791356740
2026-10-07T07:07:03+00:00,2026-10-07T07:08:04.804717+00:00,e32c0bb9-e85b-4764-b0fb-5c582cfd3a90,340,14,8,1,2,2,1,1,1,1791356741
2026-10-07T07:07:03+00:00,2026-10-07T07:08:04.804717+00:00,f8350204-0de8-11e7-991c-3863bb43a7d0,151,1,0,0,18,0,1,1,1,1791356758
2026-10-07T07:07:03+00:00,2026-10-07T07:08:04.804717+00:00,f83471a1-0de8-11e7-991c-3863bb43a7d0,23,4,0,0,20,1,1,1,1,1791356758
2026-10-07T07:07:03+00:00,2026-10-07T07:08:04.804717+00:00,2130224177726511580,2130224177726511580,6,0,0,9,0,1,1,1,1791356755
2026-10-07T07:07:03+00:00,2026-10-07T07:08:04.804717+00:00,2076849845777355316,2076849845777355316,16,0,3,10,3,1,1,1,1791356759
2026-10-07T07:07:03+00:00,2026-10-07T07:08:04.804717+00:00,f834ea45-0de8-11e7-991c-3863bb43a7d0,130,7,0,0,8,0,1,1,1,1791356758
2026-10-07T07:07:03+00:00,2026-10-07T07:08:04.804717+00:00,0daf7408-7a15-4d2b-8c39-f1a097cdbe85,403,5,0,0,10,0,1,1,1,1791356760
2026-10-07T07:07:03+00:00,2026-10-07T07:08:04.804717+00:00,f8346f6f-0de8-11e7-991c-3863bb43a7d0,19,11,1,1,2,0,1,1,1,1791356762
2026-10-07T07:07:03+00:00,2026-10-07T07:08:04.804717+00:00,2118368356250680236,2118368356250680236,4,0,0,12,0,1,1,1,1791356766
2026-10-07T07:07:03+00:00,2026-10-07T07:08:04.804717+00:00,8347c34d-68df-404b-ac58-7a387cc3ce4b,414,9,2,0,14,0,1,1,1,1791356766
2026-10-07T07:07:03+00:00,2026-10-07T07:08:04.804717+00:00,d1c0b0c2-6e4c-424e-a946-a2a95a711633,422,7,1,0,8,0,1,1,1,1791356767
2026-10-07T07:07:03+00:00,2026-10-07T07:08:04.804717+00:00,2212663228188806942,2212663228188806942,8,0,0,16,0,1,1,1,1791356755
2026-10-07T07:07:03+00:00,2026-10-07T07:08:04.804717+00:00,4c128753-6fde-4d4c-896e-a1adf89ada98,4c128753-6fde-4d4c-896e-a1adf89ada98,0,0,1,23,1,1,1,1,1791356766
2026-10-07T07:07:03+00:00,2026-10-07T07:08:04.804717+00:00,2254164250455119196,2254164250455119196,7,7,0,8,0,1,1,1,1791356763
2026-10-07T07:07:03+00:00,2026-10-07T07:08:04.804717+00:00,52485851-e554-49de-ab9f-f536806d2d34,52485851-e554-49de-ab9f-f536806d2d34,4,1,0,6,0,1,1,1,1791356764
2026-10-07T07:07:03+00:00,2026-10-07T07:08:04.804717+00:00,74cb9bf6-bb53-4c70-88d2-67998b99628c,296,12,2,0,11,0,1,1,1,1791356765
2026-10-07T07:07:03+00:00,2026-10-07T07:08:04.804717+00:00,5bbdd12f-fec4-4741-9d5d-4a60834c5d02,377,8,1,0,11,0,1,1,1,1791356764
2026-10-07T07:07:03+00:00,2026-10-07T07:08:04.804717+00:00,e2c306f6-82c7-4d0d-89fd-c9452d2f9ad1,361,6,1,0,37,0,1,1,1,1791356765
2026-10-07T07:07:03+00:00,2026-10-07T07:08:04.804717+00:00,f8350a84-0de8-11e7-991c-3863bb43a7d0,157,0,0,0,15,0,1,1,1,1791356773
2026-10-07T07:07:03+00:00,2026-10-07T07:08:04.804717+00:00,a75d3da1-ce74-447f-8e80-52506a81aff3,a75d3da1-ce74-447f-8e80-52506a81aff3,11,8,0,0,0,1,1,1,1791356775
2026-10-07T07:07:03+00:00,2026-10-07T07:08:04.804717+00:00,f714390d-6874-43fa-a079-a07f83c79c7b,f714390d-6874-43fa-a079-a07f83c79c7b,10,3,1,0,0,1,1,1,1791356776
2026-10-07T07:07:03+00:00,2026-10-07T07:08:04.804717+00:00,f8352068-0de8-11e7-991c-3863bb43a7d0,194,11,0,0,8,0,1,1,1,1791356778
2026-10-07T07:07:03+00:00,2026-10-07T07:08:04.804717+00:00,f834fc57-0de8-11e7-991c-3863bb43a7d0,140,9,1,3,5,0,1,1,1,1791356779
2026-10-07T07:07:03+00:00,2026-10-07T07:08:04.804717+00:00,5f8ced09-665c-41e5-b67e-1e58fac21830,521,3,0,0,8,0,1,1,1,1791356777
2026-10-07T07:07:03+00:00,2026-10-07T07:08:04.804717+00:00,2014558273483754010,2014558273483754010,5,1,0,14,0,1,1,1,1791356782
2026-10-07T07:07:03+00:00,2026-10-07T07:08:04.804717+00:00,2212258635631104970,2212258635631104970,9,0,0,14,0,1,1,1,1791356779
2026-10-07T07:07:03+00:00,2026-10-07T07:08:04.804717+00:00,f8352ac4-0de8-11e7-991c-3863bb43a7d0,213,0,0,2,12,0,1,1,1,1791356785
2026-10-07T07:07:03+00:00,2026-10-07T07:08:04.804717+00:00,be18593a-9e4c-4a13-8bb2-a5bac3d9b2b3,547,11,3,0,7,0,1,1,1,1791356786
2026-10-07T07:07:03+00:00,2026-10-07T07:08:04.804717+00:00,81bfc33b-30d8-4881-b261-712715a8b2bc,363,5,1,0,12,1,1,1,1,1791356785
2026-10-07T07:07:03+00:00,2026-10-07T07:08:04.804717+00:00,f8351eb0-0de8-11e7-991c-3863bb43a7d0,190,28,1,1,8,0,1,1,1,1791356785
2026-10-07T07:07:03+00:00,2026-10-07T07:08:04.804717+00:00,7c860828-3359-4229-b59b-963f5a4bab00,236,5,1,2,5,0,1,1,1,1791356785
2026-10-07T07:07:03+00:00,2026-10-07T07:08:04.804717+00:00,eb8824c3-9c84-4fec-8d6f-d537c8ab3beb,349,13,10,0,3,1,1,1,1,1791356785
2026-10-07T07:07:03+00:00,2026-10-07T07:08:04.804717+00:00,2249419943962214726,2249419943962214726,2,1,1,16,0,1,1,1,1791356718
2026-10-07T07:07:03+00:00,2026-10-07T07:08:04.804717+00:00,53548ba4-ad0a-4d92-8e57-fd5c9f3ad102,399,5,0,0,10,0,1,1,1,1791356779
2026-10-07T07:07:03+00:00,2026-10-07T07:08:04.804717+00:00,4f25f6ef-236b-43b4-8a92-68a24db0504b,4f25f6ef-236b-43b4-8a92-68a24db0504b,12,6,0,2,0,1,1,1,1791356783
2026-10-07T07:07:03+00:00,2026-10-07T07:08:04.804717+00:00,228b8017-e4da-4722-9223-b8279a14b8ad,448,4,4,0,6,0,1,1,1,1791356783
2026-10-07T07:07:03+00:00,2026-10-07T07:08:04.804717+00:00,2035660824473983142,2035660824473983142,9,0,0,9,1,1,1,1,1791356783
2026-10-07T07:07:03+00:00,2026-10-07T07:08:04.804717+00:00,f83480a9-0de8-11e7-991c-3863bb43a7d0,40,28,0,0,3,0,1,1,1,1791356779
2026-10-07T07:07:03+00:00,2026-10-07T07:08:04.804717+00:00,9340e113-e0b2-48ac-b58a-8b6f001b0a94,486,4,1,0,7,0,1,1,1,1791356792
2026-10-07T07:07:03+00:00,2026-10-07T07:08:04.804717+00:00,2109111257926871498,2109111257926871498,15,4,1,3,0,1,1,1,1791356786
2026-10-07T07:07:03+00:00,2026-10-07T07:08:04.804717+00:00,6e340d8e-45db-4fd9-b6eb-b74ec73b0d3e,535,6,1,2,7,0,1,1,1,1791356789
2026-10-07T07:07:03+00:00,2026-10-07T07:08:04.804717+00:00,2093488029445054742,2093488029445054742,5,0,0,23,0,1,1,1,1791356791
2026-10-07T07:07:03+00:00,2026-10-07T07:08:04.804717+00:00,f8349ed6-0de8-11e7-991c-3863bb43a7d0,82,6,1,0,19,0,1,1,1,1791356791
2026-10-07T07:07:03+00:00,2026-10-07T07:08:04.804717+00:00,f835260c-0de8-11e7-991c-3863bb43a7d0,206,7,1,0,33,0,1,1,1,1791356793
2026-10-07T07:07:03+00:00,2026-10-07T07:08:04.804717+00:00,f834a7d1-0de8-11e7-991c-3863bb43a7d0,91,3,0,0,16,0,1,1,1,1791356794
2026-10-07T07:07:03+00:00,2026-10-07T07:08:04.804717+00:00,f835108b-0de8-11e7-991c-3863bb43a7d0,170,4,1,0,9,1,1,1,1,1791356793
2026-10-07T07:07:03+00:00,2026-10-07T07:08:04.804717+00:00,2038981933682610536,2038981933682610536,4,0,0,12,0,1,1,1,1791356793
2026-10-07T07:07:03+00:00,2026-10-07T07:08:04.804717+00:00,2071630998981871920,2071630998981871920,12,5,0,8,0,1,1,1,1791356730
2026-10-07T07:07:03+00:00,2026-10-07T07:08:04.804717+00:00,f834b99d-0de8-11e7-991c-3863bb43a7d0,107,0,0,0,18,0,1,1,1,1791356795
2026-10-07T07:07:03+00:00,2026-10-07T07:08:04.804717+00:00,f83481c5-0de8-11e7-991c-3863bb43a7d0,42,4,0,1,25,0,1,1,1,1791356795
2026-10-07T07:07:03+00:00,2026-10-07T07:08:04.804717+00:00,f83483f3-0de8-11e7-991c-3863bb43a7d0,46,15,1,1,23,0,1,1,1,1791356796
2026-10-07T07:07:03+00:00,2026-10-07T07:08:04.804717+00:00,00802fe6-4268-4dc8-8f55-0dbbc1665ce6,515,3,0,2,14,0,1,1,1,1791356795
2026-10-07T07:07:03+00:00,2026-10-07T07:08:04.804717+00:00,7feae3ce-ddf2-4a45-a123-1209c8a9182b,484,2,0,0,9,0,1,1,1,1791356796
2026-10-07T07:07:03+00:00,2026-10-07T07:08:04.804717+00:00,f834824e-0de8-11e7-991c-3863bb43a7d0,43,0,0,0,15,0,1,1,1,1791356797
2026-10-07T07:07:03+00:00,2026-10-07T07:08:04.804717+00:00,c5017e67-cada-4549-a52e-0f13dddd289d,424,10,6,0,9,0,1,1,1,1791356797
2026-10-07T07:07:03+00:00,2026-10-07T07:08:04.804717+00:00,1df03e33-c105-4e53-b013-d20056cd57f8,1df03e33-c105-4e53-b013-d20056cd57f8,0,0,0,0,0,0,0,0,86400
2026-10-07T07:07:03+00:00,2026-10-07T07:08:04.804717+00:00,2087949096844032050,2087949096844032050,6,0,0,9,0,1,1,1,1791356673
2026-10-07T07:07:03+00:00,2026-10-07T07:08:04.804717+00:00,903b9b5d-4244-43e4-8441-0d17f9a994f7,528,1,0,0,10,0,1,1,1,1791356679
2026-10-07T07:07:03+00:00,2026-10-07T07:08:04.804717+00:00,2027502297316997708,2027502297316997708,8,0,0,3,0,1,1,1,1791356679
2026-10-07T07:07:03+00:00,2026-10-07T07:08:04.804717+00:00,2227858849424910006,2227858849424910006,8,2,0,0,0,1,1,1,1791356586
2026-10-07T07:07:03+00:00,2026-10-07T07:08:04.804717+00:00,36f36eed-1070-49be-8b31-5676b8b3489f,227,5,1,0,14,0,1,1,1,1791356685
2026-10-07T07:07:03+00:00,2026-10-07T07:08:04.804717+00:00,9721c80e-fc8f-474f-8918-b68c041d2836,9721c80e-fc8f-474f-8918-b68c041d2836,4,1,1,18,0,1,1,1,1791356688
2026-10-07T07:07:03+00:00,2026-10-07T07:08:04.804717+00:00,270ad97d-035d-472a-9827-76d3187afc56,402,13,9,0,2,0,1,1,1,1791356683
2026-10-07T07:07:03+00:00,2026-10-07T07:08:04.804717+00:00,f834e534-0de8-11e7-991c-3863bb43a7d0,128,12,7,0,7,0,1,1,1,1791356684
2026-10-07T07:07:03+00:00,2026-10-07T07:08:04.804717+00:00,2249415127458891992,2249415127458891992,13,0,0,2,0,1,1,1,1791356687
2026-10-07T07:07:03+00:00,2026-10-07T07:08:04.804717+00:00,cf5f920f-b61d-4db0-b139-14aff04d577c,459,0,0,9,0,13,1,0,0,1791335572
2026-10-07T07:07:03+00:00,2026-10-07T07:08:04.804717+00:00,25a9114f-66f0-427c-920f-5526ca84f056,346,14,1,1,0,0,1,1,1,1791356684
2026-10-07T07:07:03+00:00,2026-10-07T07:08:04.804717+00:00,8983c75a-12c1-4995-aedc-24c94bd895e3,384,1,0,0,18,0,1,1,1,1791356714
2026-10-07T07:07:03+00:00,2026-10-07T07:08:04.804717+00:00,f83492b4-0de8-11e7-991c-3863bb43a7d0,66,10,4,1,4,0,1,1,1,1791356716
2026-10-07T07:07:03+00:00,2026-10-07T07:08:04.804717+00:00,48abed77-c9ba-4a39-8a5c-6a1e9bb8a9a5,48abed77-c9ba-4a39-8a5c-6a1e9bb8a9a5,14,8,1,1,0,1,1,1,1791356716
2026-10-07T07:07:03+00:00,2026-10-07T07:08:04.804717+00:00,8a404180-7c2e-4dbe-9489-c478ed959282,8a404180-7c2e-4dbe-9489-c478ed959282,1,0,3,15,0,1,1,1,1791356739
2026-10-07T07:07:03+00:00,2026-10-07T07:08:04.804717+00:00,2069389896750516900,2069389896750516900,4,0,0,16,0,1,1,1,1791356739
2026-10-07T07:07:03+00:00,2026-10-07T07:08:04.804717+00:00,2080205593583047424,2080205593583047424,10,1,0,6,0,1,1,1,1791356739
2026-10-07T07:07:03+00:00,2026-10-07T07:08:04.804717+00:00,1963613484180639992,1963613484180639992,12,1,0,7,0,1,1,1,1791356740
2026-10-07T07:07:03+00:00,2026-10-07T07:08:04.804717+00:00,f83511d4-0de8-11e7-991c-3863bb43a7d0,173,6,0,0,7,1,1,1,1,1791356703
2026-10-07T07:07:03+00:00,2026-10-07T07:08:04.804717+00:00,295553ea-851b-4ac2-a094-f9d1208e399a,412,5,2,0,14,0,1,1,1,1791356706
2026-10-07T07:07:03+00:00,2026-10-07T07:08:04.804717+00:00,940638c5-7cd0-4a11-899e-86af3868d400,532,6,1,0,12,0,1,1,1,1791356707
2026-10-07T07:07:03+00:00,2026-10-07T07:08:04.804717+00:00,df03c61a-29d7-445d-9980-d7f058916591,345,12,0,0,7,0,1,1,1,1791356709
2026-10-07T07:07:03+00:00,2026-10-07T07:08:04.804717+00:00,888780ee-bf2f-474e-9622-6bc725aa1b00,888780ee-bf2f-474e-9622-6bc725aa1b00,2,0,4,5,0,1,1,1,1791356725
2026-10-07T07:07:03+00:00,2026-10-07T07:08:04.804717+00:00,1a661bb7-7d14-49e9-ac3d-22bafec8a2f0,507,6,4,1,4,0,1,1,1,1791356729
2026-10-07T07:07:03+00:00,2026-10-07T07:08:04.804717+00:00,2014865445230483952,2014865445230483952,13,0,0,4,0,1,1,1,1791356727
2026-10-07T07:07:03+00:00,2026-10-07T07:08:04.804717+00:00,1994054629753598708,1994054629753598708,13,4,0,1,0,1,1,1,1791356729
2026-10-07T07:07:03+00:00,2026-10-07T07:08:04.804717+00:00,f8350b76-0de8-11e7-991c-3863bb43a7d0,159,6,2,2,11,1,1,1,1,1791356725
2026-10-07T07:07:03+00:00,2026-10-07T07:08:04.804717+00:00,8d893519-bc21-4536-b346-f558988bc8ad,260,9,1,0,6,0,1,1,1,1791356723
2026-10-07T07:07:03+00:00,2026-10-07T07:08:04.804717+00:00,0208190e-851c-417d-8bc7-1b218db97fbf,0208190e-851c-417d-8bc7-1b218db97fbf,0,0,1,22,0,1,0,0,1791347955
2026-10-07T07:07:03+00:00,2026-10-07T07:08:04.804717+00:00,f83482d2-0de8-11e7-991c-3863bb43a7d0,44,1,0,0,30,0,1,1,1,1791356722
2026-10-07T07:07:03+00:00,2026-10-07T07:08:04.804717+00:00,fe90d430-d33f-48b2-a5cd-bc161b220939,553,13,0,0,10,0,1,1,1,1791356693
2026-10-07T07:07:03+00:00,2026-10-07T07:08:04.804717+00:00,f8351f1d-0de8-11e7-991c-3863bb43a7d0,191,7,0,1,8,0,1,1,1,1791356722
2026-10-07T07:07:03+00:00,2026-10-07T07:08:04.804717+00:00,1965873511294959658,1965873511294959658,4,0,0,19,0,1,1,1,1791356720
2026-10-07T07:07:03+00:00,2026-10-07T07:08:04.804717+00:00,d7507124-4cab-4063-8445-a59a33a3d6e4,512,8,4,1,10,0,1,1,1,1791356720
2026-10-07T07:07:03+00:00,2026-10-07T07:08:04.804717+00:00,f834f6a3-0de8-11e7-991c-3863bb43a7d0,135,0,0,0,17,0,1,1,1,1791356717
2026-10-07T07:07:03+00:00,2026-10-07T07:08:04.804717+00:00,f8347c41-0de8-11e7-991c-3863bb43a7d0,32,4,0,0,10,0,1,1,1,1791356764
2026-10-07T07:07:03+00:00,2026-10-07T07:08:04.804717+00:00,5b1d2661-8a93-4f14-b242-ebc52792f951,337,15,3,0,0,0,1,1,1,1791356764
2026-10-07T07:07:03+00:00,2026-10-07T07:08:04.804717+00:00,f83488be-0de8-11e7-991c-3863bb43a7d0,56,7,0,1,10,0,1,1,1,1791356768
2026-10-07T07:07:03+00:00,2026-10-07T07:08:04.804717+00:00,2043911250700610106,2043911250700610106,4,0,0,11,0,1,1,1,1791356766
2026-10-07T07:07:03+00:00,2026-10-07T07:08:04.804717+00:00,b34694c2-c640-4f70-b196-1c357ab798e0,b34694c2-c640-4f70-b196-1c357ab798e0,11,3,0,4,0,1,1,1,1791356692
2026-10-07T07:07:03+00:00,2026-10-07T07:08:04.804717+00:00,57716f8d-c9ee-4768-8872-71343ec3ffd8,514,12,4,2,5,0,1,1,1,1791356691
2026-10-07T07:07:03+00:00,2026-10-07T07:08:04.804717+00:00,baab0b05-a028-4147-8432-a2726c7e48ea,328,12,4,0,3,0,1,1,1,1791356692
2026-10-07T07:07:03+00:00,2026-10-07T07:08:04.804717+00:00,2090158541932726550,2090158541932726550,10,0,0,5,0,1,1,1,1791356704
2026-10-07T07:07:03+00:00,2026-10-07T07:08:04.804717+00:00,f83513a7-0de8-11e7-991c-3863bb43a7d0,177,3,0,0,16,0,1,1,1,1791356700
2026-10-07T07:07:03+00:00,2026-10-07T07:08:04.804717+00:00,ff938129-8179-455c-9ac9-9fcb9fc0b6d5,ff938129-8179-455c-9ac9-9fcb9fc0b6d5,12,4,1,6,0,1,1,1,1791356701
2026-10-07T07:07:03+00:00,2026-10-07T07:08:04.804717+00:00,8b97606e-a849-4db8-ae9b-4009fe48d90b,556,8,1,0,11,0,1,1,1,1791356732
2026-10-07T07:07:03+00:00,2026-10-07T07:08:04.804717+00:00,f83517fa-0de8-11e7-991c-3863bb43a7d0,187,12,4,0,3,0,1,1,1,1791356732
2026-10-07T07:07:03+00:00,2026-10-07T07:08:04.804717+00:00,ea65c25f-0718-4f79-8588-c58b9fe3a105,226,6,0,1,7,1,1,1,1,1791356735
2026-10-07T07:07:03+00:00,2026-10-07T07:08:04.804717+00:00,fbc512a5-4b98-4821-bcfb-bb0c7ac83543,365,5,0,0,14,0,1,1,1,1791356735
2026-10-07T07:07:03+00:00,2026-10-07T07:08:04.804717+00:00,f8352534-0de8-11e7-991c-3863bb43a7d0,204,9,3,0,6,0,1,1,1,1791356733
2026-10-07T07:07:03+00:00,2026-10-07T07:08:04.804717+00:00,f8346803-0de8-11e7-991c-3863bb43a7d0,8,15,5,0,4,0,1,1,1,1791356734
2026-10-07T07:07:03+00:00,2026-10-07T07:08:04.804717+00:00,2270454512964591136,2270454512964591136,0,0,0,19,0,1,1,1,1791356735
2026-10-07T07:07:03+00:00,2026-10-07T07:08:04.804717+00:00,f8352219-0de8-11e7-991c-3863bb43a7d0,197,14,7,0,1,0,1,1,1,1791356747
2026-10-07T07:07:03+00:00,2026-10-07T07:08:04.804717+00:00,ad2cf74c-0e8c-4e15-8f19-2259e8c82f0f,404,6,2,2,8,0,1,1,1,1791356749
2026-10-07T07:07:03+00:00,2026-10-07T07:08:04.804717+00:00,f8350cc1-0de8-11e7-991c-3863bb43a7d0,162,5,3,0,10,0,1,1,1,1791356749
2026-10-07T07:07:03+00:00,2026-10-07T07:08:04.804717+00:00,7e1dae55-4d3d-4a41-b969-2aeca70e0e69,7e1dae55-4d3d-4a41-b969-2aeca70e0e69,8,0,0,3,0,1,1,1,1791356747
2026-10-07T07:07:03+00:00,2026-10-07T07:08:04.804717+00:00,2040842870122359032,2040842870122359032,1,0,1,18,0,1,1,1,1791356751
2026-10-07T07:07:03+00:00,2026-10-07T07:08:04.804717+00:00,f834a959-0de8-11e7-991c-3863bb43a7d0,94,10,8,0,0,0,1,1,1,1791356752
2026-10-07T07:07:03+00:00,2026-10-07T07:08:04.804717+00:00,aa964f5b-fadf-4fc1-8c91-84ee36e15f0d,341,14,0,0,1,0,1,1,1,1791356754
2026-10-07T07:07:03+00:00,2026-10-07T07:08:04.804717+00:00,1986302395589722758,1986302395589722758,8,2,0,2,0,1,1,1,1791356752
2026-10-07T07:07:03+00:00,2026-10-07T07:08:04.804717+00:00,90330e1a-dee5-4914-9d3f-3891aeca12ca,434,8,0,1,10,0,1,1,1,1791356753
2026-10-07T07:07:03+00:00,2026-10-07T07:08:04.804717+00:00,f2b83aa2-86cd-4904-a099-74bf2023f768,330,2,0,0,13,0,1,1,1,1791356755
2026-10-07T07:07:03+00:00,2026-10-07T07:08:04.804717+00:00,f834b101-0de8-11e7-991c-3863bb43a7d0,97,2,1,0,16,1,1,1,1,1791356756
2026-10-07T07:07:03+00:00,2026-10-07T07:08:04.804717+00:00,b205d2bb-bb76-49ac-8d14-85eec5a874d3,343,7,1,1,7,0,1,1,1,1791356756
2026-10-07T07:07:03+00:00,2026-10-07T07:08:04.804717+00:00,e4678b17-face-42c3-9b5f-98418d31e3b6,e4678b17-face-42c3-9b5f-98418d31e3b6,11,4,0,0,0,1,1,1,1791356754
2026-10-07T07:07:03+00:00,2026-10-07T07:08:04.804717+00:00,f8352b39-0de8-11e7-991c-3863bb43a7d0,214,10,1,0,3,1,1,1,1,1791356755
2026-10-07T07:07:03+00:00,2026-10-07T07:08:04.804717+00:00,f83497b9-0de8-11e7-991c-3863bb43a7d0,74,0,0,0,19,0,1,1,1,1791356755
2026-10-07T07:07:03+00:00,2026-10-07T07:08:04.804717+00:00,2110984374959099994,2110984374959099994,4,3,0,16,0,1,1,1,1791356761
2026-10-07T07:07:03+00:00,2026-10-07T07:08:04.804717+00:00,81323081-749c-44cf-ac62-0e6c64305c32,461,4,0,0,7,0,1,1,1,1791356759
2026-10-07T07:07:03+00:00,2026-10-07T07:08:04.804717+00:00,9bfa4a32-5598-46ea-a1a1-17b4c6ed9d84,431,11,3,0,4,0,1,1,1,1791356762
2026-10-07T07:07:03+00:00,2026-10-07T07:08:04.804717+00:00,f8352ba8-0de8-11e7-991c-3863bb43a7d0,215,3,1,0,12,0,1,1,1,1791356758
2026-10-07T07:07:03+00:00,2026-10-07T07:08:04.804717+00:00,ef6ef93b-488f-496b-afbf-3aedfd967129,517,8,4,0,7,0,1,1,1,1791356758
2026-10-07T07:07:03+00:00,2026-10-07T07:08:04.804717+00:00,f835288a-0de8-11e7-991c-3863bb43a7d0,208,11,1,0,4,0,1,1,1,1791356772
2026-10-07T07:07:03+00:00,2026-10-07T07:08:04.804717+00:00,2259733531216984776,2259733531216984776,4,1,0,11,0,1,1,1,1791356773
2026-10-07T07:07:03+00:00,2026-10-07T07:08:04.804717+00:00,f8349440-0de8-11e7-991c-3863bb43a7d0,68,0,0,1,18,0,1,1,1,1791356773
2026-10-07T07:07:03+00:00,2026-10-07T07:08:04.804717+00:00,7560f0e3-267b-4fb3-bbfa-6e02010cfcb7,225,16,1,1,2,0,1,1,1,1791356769
2026-10-07T07:07:03+00:00,2026-10-07T07:08:04.804717+00:00,380de8b2-2728-4e4b-83f1-251bfbb5acf2,487,18,5,1,0,0,1,1,1,1791356771
2026-10-07T07:07:03+00:00,2026-10-07T07:08:04.804717+00:00,6aebc664-1e3c-479f-8f65-2bae99215ed3,6aebc664-1e3c-479f-8f65-2bae99215ed3,9,2,0,2,0,1,1,1,1791356771
2026-10-07T07:07:03+00:00,2026-10-07T07:08:04.804717+00:00,b6a8522d-296d-4c05-887d-842374520780,545,11,11,0,2,1,1,1,1,1791356771
2026-10-07T07:07:03+00:00,2026-10-07T07:08:04.804717+00:00,56817d8e-3a1c-431a-a529-1a600f80c364,366,9,2,1,17,0,1,1,1,1791356768
2026-10-07T07:07:03+00:00,2026-10-07T07:08:04.804717+00:00,2145094035874873892,2145094035874873892,14,2,1,4,0,1,1,1,1791356769
2026-10-07T07:07:03+00:00,2026-10-07T07:08:04.804717+00:00,f8347ccd-0de8-11e7-991c-3863bb43a7d0,33,15,0,0,12,0,1,1,1,1791356775
2026-10-07T07:07:03+00:00,2026-10-07T07:08:04.804717+00:00,f834cfd8-0de8-11e7-991c-3863bb43a7d0,117,0,0,4,11,1,1,1,1,1791356776
2026-10-07T07:07:03+00:00,2026-10-07T07:08:04.804717+00:00,f8348622-0de8-11e7-991c-3863bb43a7d0,50,0,0,0,19,0,1,1,1,1791356776
2026-10-07T07:07:03+00:00,2026-10-07T07:08:04.804717+00:00,868ccc83-99e5-4faf-96eb-e1fae26b9741,481,2,0,1,16,0,1,1,1,1791356776
2026-10-07T07:07:03+00:00,2026-10-07T07:08:04.804717+00:00,f834b8b3-0de8-11e7-991c-3863bb43a7d0,105,11,0,0,7,0,1,1,1,1791356777
2026-10-07T07:07:03+00:00,2026-10-07T07:08:04.804717+00:00,1cced911-b428-4cfd-81be-3a8f77ce7379,233,9,0,2,4,0,1,1,1,1791356777
2026-10-07T07:07:03+00:00,2026-10-07T07:08:04.804717+00:00,f834723b-0de8-11e7-991c-3863bb43a7d0,24,0,0,0,23,0,1,1,1,1791356777
2026-10-07T07:07:03+00:00,2026-10-07T07:08:04.804717+00:00,c5cfd1ed-aa44-4e20-96bb-e334c96f0d68,376,13,0,0,2,0,1,1,1,1791356775
2026-10-07T07:07:03+00:00,2026-10-07T07:08:04.804717+00:00,51bb4381-dae4-4aeb-b213-0614b807be29,344,11,7,2,6,0,1,1,1,1791356775
2026-10-07T07:07:03+00:00,2026-10-07T07:08:04.804717+00:00,61168d8b-20b7-46c8-8f08-6ae1f100c4e0,550,9,4,0,8,0,1,1,1,1791356773
2026-10-07T07:07:03+00:00,2026-10-07T07:08:04.804717+00:00,d22265a8-a6d7-4922-a6b5-4be738a9e5c4,392,13,10,0,2,0,1,1,1,1791356775
2026-10-07T07:07:03+00:00,2026-10-07T07:08:04.804717+00:00,d5349097-b478-4b3f-9c46-d8fbcf38e3f4,509,9,1,0,3,0,1,1,1,1791356779
2026-10-07T07:07:03+00:00,2026-10-07T07:08:04.804717+00:00,f834708e-0de8-11e7-991c-3863bb43a7d0,21,3,0,0,14,0,1,1,1,1791356779
2026-10-07T07:07:03+00:00,2026-10-07T07:08:04.804717+00:00,2085366936904166272,2085366936904166272,8,2,2,5,0,1,1,1,1791356781
2026-10-07T07:07:03+00:00,2026-10-07T07:08:04.804717+00:00,f83491d4-0de8-11e7-991c-3863bb43a7d0,64,0,0,0,23,0,1,1,1,1791356781
2026-10-07T07:07:03+00:00,2026-10-07T07:08:04.804717+00:00,23146f28-9762-4a6d-a6db-fcd4ff0e5d07,356,13,0,0,10,0,1,1,1,1791356781
2026-10-07T07:07:03+00:00,2026-10-07T07:08:04.804717+00:00,f8346b6f-0de8-11e7-991c-3863bb43a7d0,12,16,0,0,11,0,1,1,1,1791356782
2026-10-07T07:07:03+00:00,2026-10-07T07:08:04.804717+00:00,f8346ad7-0de8-11e7-991c-3863bb43a7d0,11,0,0,1,14,0,1,1,1,1791356782
2026-10-07T07:07:03+00:00,2026-10-07T07:08:04.804717+00:00,2118728866631796788,2118728866631796788,9,2,0,6,0,1,1,1,1791356783
2026-10-07T07:07:03+00:00,2026-10-07T07:08:04.804717+00:00,2085737662370069102,2085737662370069102,14,2,0,4,1,1,1,1,1791356781
2026-10-07T07:07:03+00:00,2026-10-07T07:08:04.804717+00:00,2141791438824588162,2141791438824588162,11,3,0,8,0,1,1,1,1791356785
2026-10-07T07:07:03+00:00,2026-10-07T07:08:04.804717+00:00,f8347f09-0de8-11e7-991c-3863bb43a7d0,37,1,0,0,14,0,1,1,1,1791356786
2026-10-07T07:07:03+00:00,2026-10-07T07:08:04.804717+00:00,2270212773802111256,2270212773802111256,10,1,0,9,0,1,1,1,1791356786
2026-10-07T07:07:03+00:00,2026-10-07T07:08:04.804717+00:00,a6e0db4f-fc9b-42af-bfe0-36cc0259b717,446,6,0,0,10,0,1,1,1,1791356786
2026-10-07T07:07:03+00:00,2026-10-07T07:08:04.804717+00:00,1e1b40cd-8e00-4b74-b147-be6b23f5c9e7,385,3,1,0,12,0,1,1,1,1791356784
2026-10-07T07:07:03+00:00,2026-10-07T07:08:04.804717+00:00,d8ce5f8b-2440-45e1-ab1c-23cb3bcbde84,527,3,1,0,10,0,1,1,1,1791356786
2026-10-07T07:07:03+00:00,2026-10-07T07:08:04.804717+00:00,f834abfd-0de8-11e7-991c-3863bb43a7d0,96,6,1,2,11,0,1,1,1,1791356762
2026-10-07T07:07:03+00:00,2026-10-07T07:08:04.804717+00:00,2039109354743046934,2039109354743046934,10,1,2,7,1,1,1,1,1791356787
2026-10-07T07:07:03+00:00,2026-10-07T07:08:04.804717+00:00,7f68a70d-af0e-450a-b7a8-ce621cd0c8c1,280,10,3,1,8,0,1,1,1,1791356788
2026-10-07T07:07:03+00:00,2026-10-07T07:08:04.804717+00:00,ccf82572-a142-4378-9a4b-5a51fcb4ef81,350,8,1,0,9,0,1,1,1,1791356789
2026-10-07T07:07:03+00:00,2026-10-07T07:08:04.804717+00:00,dede6d5f-7d62-496e-a8ca-d5a64afe39c1,544,15,0,0,0,0,1,1,1,1791356789
2026-10-07T07:07:03+00:00,2026-10-07T07:08:04.804717+00:00,2246034666940677832,2246034666940677832,5,0,0,6,0,1,1,1,1791356789
2026-10-07T07:07:03+00:00,2026-10-07T07:08:04.804717+00:00,f8347e78-0de8-11e7-991c-3863bb43a7d0,36,7,0,1,23,0,1,1,1,1791356789
2026-10-07T07:07:03+00:00,2026-10-07T07:08:04.804717+00:00,2119105928286481344,2119105928286481344,11,3,0,8,0,1,1,1,1791356790
2026-10-07T07:07:03+00:00,2026-10-07T07:08:04.804717+00:00,f834662c-0de8-11e7-991c-3863bb43a7d0,5,12,0,0,3,0,1,1,1,1791356789
2026-10-07T07:07:03+00:00,2026-10-07T07:08:04.804717+00:00,1994466222105870452,1994466222105870452,6,3,2,3,0,1,1,1,1791356790
2026-10-07T07:07:03+00:00,2026-10-07T07:08:04.804717+00:00,f8350ecf-0de8-11e7-991c-3863bb43a7d0,167,10,7,0,5,0,1,1,1,1791356791
2026-10-07T07:07:03+00:00,2026-10-07T07:08:04.804717+00:00,2088704000370565344,2088704000370565344,3,0,2,7,0,1,1,1,1791356791
2026-10-07T07:07:03+00:00,2026-10-07T07:08:04.804717+00:00,f834a8a0-0de8-11e7-991c-3863bb43a7d0,93,17,0,0,14,0,1,1,1,1791356794
2026-10-07T07:07:03+00:00,2026-10-07T07:08:04.804717+00:00,99675a11-a92c-465c-bf5a-434b08ba5fc6,400,16,1,0,36,0,1,1,1,1791356789
2026-10-07T07:07:03+00:00,2026-10-07T07:08:04.804717+00:00,2090635592862466836,2090635592862466836,6,0,2,22,1,1,1,1,1791356789
2026-10-07T07:07:03+00:00,2026-10-07T07:08:04.804717+00:00,f9524971-e9f9-4572-aebc-580e48de042f,f9524971-e9f9-4572-aebc-580e48de042f,13,3,0,6,0,1,1,1,1791356794
2026-10-07T07:07:03+00:00,2026-10-07T07:08:04.804717+00:00,f834c7a9-0de8-11e7-991c-3863bb43a7d0,112,11,2,0,4,0,1,1,1,1791356792
2026-10-07T07:07:03+00:00,2026-10-07T07:08:04.804717+00:00,f8349b20-0de8-11e7-991c-3863bb43a7d0,76,14,1,0,3,0,1,1,1,1791356795
2026-10-07T07:07:03+00:00,2026-10-07T07:08:04.804717+00:00,f8346d23-0de8-11e7-991c-3863bb43a7d0,15,5,0,0,10,0,1,1,1,1791356795
2026-10-07T07:07:03+00:00,2026-10-07T07:08:04.804717+00:00,1991922092203192944,1991922092203192944,2,0,0,17,0,1,1,1,1791356797
2026-10-07T07:07:03+00:00,2026-10-07T07:08:04.804717+00:00,68e5e79a-3c94-4848-b619-9c0829d7f687,475,15,9,0,0,0,1,1,1,1791356797
2026-10-07T07:07:03+00:00,2026-10-07T07:08:04.804717+00:00,103a9881-e30a-4d57-b81d-863b995ff759,255,0,0,0,0,0,0,0,0,86400
2026-10-07T07:07:03+00:00,2026-10-07T07:08:04.804717+00:00,5f726a7d-5c5d-48b1-9b13-06c77572a237,516,7,2,0,4,0,1,1,1,1791356710
2026-10-07T07:07:03+00:00,2026-10-07T07:08:04.804717+00:00,2111712079786088918,2111712079786088918,11,3,1,3,0,1,1,1,1791356709
2026-10-07T07:07:03+00:00,2026-10-07T07:08:04.804717+00:00,510239fe-69c3-458b-b53c-6ce001845f4a,354,12,11,1,2,0,1,1,1,1791356714
2026-10-07T07:07:03+00:00,2026-10-07T07:08:04.804717+00:00,f8349ba9-0de8-11e7-991c-3863bb43a7d0,77,11,7,0,7,0,1,1,1,1791356679
2026-10-07T07:07:03+00:00,2026-10-07T07:08:04.804717+00:00,2241260819676115550,2241260819676115550,0,0,0,25,0,1,1,1,1791356692
2026-10-07T07:07:03+00:00,2026-10-07T07:08:04.804717+00:00,dfdaf866-b814-48e5-9bd3-eb7c4a733697,dfdaf866-b814-48e5-9bd3-eb7c4a733697,8,2,0,9,0,1,1,1,1791356692
2026-10-07T07:07:03+00:00,2026-10-07T07:08:04.804717+00:00,2327cb08-fa9f-459b-9ab0-1a319b0f2f4c,539,10,4,1,7,0,1,1,1,1791356692
2026-10-07T07:07:03+00:00,2026-10-07T07:08:04.804717+00:00,0f554e1d-9f0f-452d-9b4a-e00aa2c5911e,492,0,0,0,14,0,1,1,1,1791356691
2026-10-07T07:07:03+00:00,2026-10-07T07:08:04.804717+00:00,2264176803898382980,2264176803898382980,4,2,0,7,0,1,1,1,1791356689
2026-10-07T07:07:03+00:00,2026-10-07T07:08:04.804717+00:00,2170342425741020744,2170342425741020744,17,5,0,0,0,1,1,1,1791356656
2026-10-07T07:07:03+00:00,2026-10-07T07:08:04.804717+00:00,f8352c92-0de8-11e7-991c-3863bb43a7d0,217,12,0,2,5,0,1,1,1,1791356732
2026-10-07T07:07:03+00:00,2026-10-07T07:08:04.804717+00:00,f8349824-0de8-11e7-991c-3863bb43a7d0,75,1,0,0,14,0,1,1,1,1791356736
2026-10-07T07:07:03+00:00,2026-10-07T07:08:04.804717+00:00,f834e1b2-0de8-11e7-991c-3863bb43a7d0,125,12,9,0,7,0,1,1,1,1791356736
2026-10-07T07:07:03+00:00,2026-10-07T07:08:04.804717+00:00,f834952a-0de8-11e7-991c-3863bb43a7d0,70,0,0,1,22,0,1,1,1,1791356733
2026-10-07T07:07:03+00:00,2026-10-07T07:08:04.804717+00:00,13444449-b3a8-43d2-b8b9-a59fbc59a174,397,9,1,0,5,0,1,1,1,1791356734
2026-10-07T07:07:03+00:00,2026-10-07T07:08:04.804717+00:00,f83524c0-0de8-11e7-991c-3863bb43a7d0,203,6,0,0,8,0,1,1,1,1791356735
2026-10-07T07:07:03+00:00,2026-10-07T07:08:04.804717+00:00,f24a573e-ef07-4785-9270-70c443510ea6,359,7,0,3,4,1,1,1,1,1791356736
2026-10-07T07:07:03+00:00,2026-10-07T07:08:04.804717+00:00,2267569638034503736,2267569638034503736,6,0,4,9,0,1,1,1,1791356735
2026-10-07T07:07:03+00:00,2026-10-07T07:08:04.804717+00:00,f8348509-0de8-11e7-991c-3863bb43a7d0,48,1,0,0,16,0,1,1,1,1791356741
2026-10-07T07:07:03+00:00,2026-10-07T07:08:04.804717+00:00,f83516b8-0de8-11e7-991c-3863bb43a7d0,184,18,0,0,0,1,1,1,1,1791356737
2026-10-07T07:07:03+00:00,2026-10-07T07:08:04.804717+00:00,518f6524-0e7f-454d-974e-e3ff9db1f795,494,11,3,0,0,0,1,1,1,1791356742
2026-10-07T07:07:03+00:00,2026-10-07T07:08:04.804717+00:00,36a8fbc8-6069-4a29-bbfd-63a2d019c9a5,415,0,0,0,19,0,1,1,1,1791356721
2026-10-07T07:07:03+00:00,2026-10-07T07:08:04.804717+00:00,54d86d05-b399-42c5-a63a-a97713afc5d4,54d86d05-b399-42c5-a63a-a97713afc5d4,7,6,1,2,0,1,1,1,1791356722
2026-10-07T07:07:03+00:00,2026-10-07T07:08:04.804717+00:00,f6df6c1a-064f-428a-951c-2069a081b9df,380,0,0,2,16,0,1,1,1,1791356717
2026-10-07T07:07:03+00:00,2026-10-07T07:08:04.804717+00:00,2223043968513191970,2223043968513191970,5,0,0,11,0,1,1,1,1791356716
2026-10-07T07:07:03+00:00,2026-10-07T07:08:04.804717+00:00,2071993292066931472,2071993292066931472,1,0,0,19,0,1,1,1,1791356718
2026-10-07T07:07:03+00:00,2026-10-07T07:08:04.804717+00:00,ccd6fdd4-b39e-46d7-b43c-7bacffb6bd87,523,6,4,0,10,0,1,1,1,1791356719
2026-10-07T07:07:03+00:00,2026-10-07T07:08:04.804717+00:00,53a148ca-ac69-4a9c-a986-9a4b4df2f5df,387,7,3,0,8,0,1,1,1,1791356723
2026-10-07T07:07:03+00:00,2026-10-07T07:08:04.804717+00:00,2141932795355773712,2141932795355773712,3,0,1,13,0,1,1,1,1791356724
2026-10-07T07:07:03+00:00,2026-10-07T07:08:04.804717+00:00,7ec0c53c-876a-419c-a78b-4edd000bbc9a,445,12,1,1,6,0,1,1,1,1791356726
2026-10-07T07:07:03+00:00,2026-10-07T07:08:04.804717+00:00,9e710d48-51c1-460e-a027-3d16bde62b13,419,0,0,14,0,1,1,0,0,1791356728
2026-10-07T07:07:03+00:00,2026-10-07T07:08:04.804717+00:00,342a2c60-71b0-4d19-98d6-47987cf20dbc,379,15,2,0,0,0,1,1,1,1791356702
2026-10-07T07:07:03+00:00,2026-10-07T07:08:04.804717+00:00,1944724820826878816,1944724820826878816,11,0,0,6,0,1,1,1,1791356702
2026-10-07T07:07:03+00:00,2026-10-07T07:08:04.804717+00:00,287aedf5-0361-47e9-9de0-14ae3b75cc0d,287aedf5-0361-47e9-9de0-14ae3b75cc0d,3,0,1,17,0,1,1,1,1791356699
2026-10-07T07:07:03+00:00,2026-10-07T07:08:04.804717+00:00,f8348995-0de8-11e7-991c-3863bb43a7d0,58,14,0,0,5,0,1,1,1,1791356700
2026-10-07T07:07:03+00:00,2026-10-07T07:08:04.804717+00:00,70f20fcb-8e63-4015-9007-b97c525ab0a9,335,13,1,1,5,0,1,1,1,1791356707
2026-10-07T07:07:03+00:00,2026-10-07T07:08:04.804717+00:00,1997031579059661288,1997031579059661288,11,0,0,0,0,1,1,1,1791356760
2026-10-07T07:07:03+00:00,2026-10-07T07:08:04.804717+00:00,2223045710883822544,2223045710883822544,10,5,1,4,0,1,1,1,1791356763
2026-10-07T07:07:03+00:00,2026-10-07T07:08:04.804717+00:00,f834e244-0de8-11e7-991c-3863bb43a7d0,126,7,2,0,8,0,1,1,1,1791356764
2026-10-07T07:07:03+00:00,2026-10-07T07:08:04.804717+00:00,2217856523888952522,2217856523888952522,9,4,0,11,0,1,1,1,1791356762
2026-10-07T07:07:03+00:00,2026-10-07T07:08:04.804717+00:00,20b0b405-54ba-4a80-b89c-0819772665db,440,4,3,0,11,0,1,1,1,1791356745
2026-10-07T07:07:03+00:00,2026-10-07T07:08:04.804717+00:00,9f54207a-3308-43bd-b45c-9042b6389598,423,12,1,0,7,0,1,1,1,1791356746
2026-10-07T07:07:03+00:00,2026-10-07T07:08:04.804717+00:00,350e73e3-6f70-4b2d-87ab-24c8629e9a6a,350e73e3-6f70-4b2d-87ab-24c8629e9a6a,14,2,0,5,0,1,1,1,1791356739
2026-10-07T07:07:03+00:00,2026-10-07T07:08:04.804717+00:00,f834fd36-0de8-11e7-991c-3863bb43a7d0,142,4,0,0,19,0,1,1,1,1791356773
2026-10-07T07:07:03+00:00,2026-10-07T07:08:04.804717+00:00,93911aa1-b5e4-48aa-a2b6-38fbcf613006,93911aa1-b5e4-48aa-a2b6-38fbcf613006,17,0,0,1,0,1,1,1,1791356770
2026-10-07T07:07:03+00:00,2026-10-07T07:08:04.804717+00:00,f834b5d9-0de8-11e7-991c-3863bb43a7d0,103,7,2,0,8,0,1,1,1,1791356770
2026-10-07T07:07:03+00:00,2026-10-07T07:08:04.804717+00:00,f834f814-0de8-11e7-991c-3863bb43a7d0,136,0,0,0,19,0,1,1,1,1791356745
2026-10-07T07:07:03+00:00,2026-10-07T07:08:04.804717+00:00,ef54374b-0406-4b17-b0a1-847f1d7bea06,410,14,3,1,0,0,1,1,1,1791356768
2026-10-07T07:07:03+00:00,2026-10-07T07:08:04.804717+00:00,2ba0c5dd-c990-4434-8a84-5c3eca23f096,447,10,6,0,9,0,1,1,1,1791356768
2026-10-07T07:07:03+00:00,2026-10-07T07:08:04.804717+00:00,b23674a7-15a8-46d2-8219-6668acecf24a,548,11,1,0,7,0,1,1,1,1791356764
2026-10-07T07:07:03+00:00,2026-10-07T07:08:04.804717+00:00,2078337213380274244,2078337213380274244,8,5,0,3,0,1,1,1,1791356764
2026-10-07T07:07:03+00:00,2026-10-07T07:08:04.804717+00:00,2103549125054737064,2103549125054737064,1,0,0,15,0,1,1,1,1791356768
2026-10-07T07:07:03+00:00,2026-10-07T07:08:04.804717+00:00,f35de2ab-979e-42d5-8cbd-dc479ed637e9,503,4,4,0,2,0,1,1,1,1791356769
2026-10-07T07:07:03+00:00,2026-10-07T07:08:04.804717+00:00,2fd22786-dfeb-4126-a906-4f01802087f3,454,1,0,2,16,0,1,1,1,1791356766
2026-10-07T07:07:03+00:00,2026-10-07T07:08:04.804717+00:00,b995a0b4-fc26-4661-9bc8-e166d648edfd,353,11,4,0,4,0,1,1,1,1791356767
2026-10-07T07:07:03+00:00,2026-10-07T07:08:04.804717+00:00,2072145327190878794,2072145327190878794,15,1,1,8,0,1,1,1,1791356765
2026-10-07T07:07:03+00:00,2026-10-07T07:08:04.804717+00:00,2057166010169469732,2057166010169469732,0,0,0,15,0,1,1,1,1791356765
2026-10-07T07:07:03+00:00,2026-10-07T07:08:04.804717+00:00,c1ae49bd-2a20-4684-886b-ead8dd627cfd,c1ae49bd-2a20-4684-886b-ead8dd627cfd,13,0,1,3,0,1,1,1,1791356778
2026-10-07T07:07:03+00:00,2026-10-07T07:08:04.804717+00:00,2113555008851845550,2113555008851845550,11,1,0,9,0,1,1,1,1791356779
2026-10-07T07:07:03+00:00,2026-10-07T07:08:04.804717+00:00,f83464e4-0de8-11e7-991c-3863bb43a7d0,3,0,0,1,13,0,1,1,1,1791356775
2026-10-07T07:07:03+00:00,2026-10-07T07:08:04.804717+00:00,9ca92778-9101-48df-90ea-08b784e26a1a,413,18,2,0,1,0,1,1,1,1791356776
2026-10-07T07:07:03+00:00,2026-10-07T07:08:04.804717+00:00,f8346768-0de8-11e7-991c-3863bb43a7d0,7,1,1,0,14,0,1,1,1,1791356777
2026-10-07T07:07:03+00:00,2026-10-07T07:08:04.804717+00:00,2071632496372113488,2071632496372113488,15,7,1,4,0,1,1,1,1791356721
2026-10-07T07:07:03+00:00,2026-10-07T07:08:04.804717+00:00,5bc7cba9-f0b0-442d-932c-e8c7927d87ce,386,15,1,0,4,0,1,1,1,1791356778
2026-10-07T07:07:03+00:00,2026-10-07T07:08:04.804717+00:00,f834b42d-0de8-11e7-991c-3863bb43a7d0,100,5,0,1,19,0,1,1,1,1791356773
2026-10-07T07:07:03+00:00,2026-10-07T07:08:04.804717+00:00,0839bb10-e876-4198-95e4-0147a561853d,258,13,3,1,1,0,1,1,1,1791356753
2026-10-07T07:07:03+00:00,2026-10-07T07:08:04.804717+00:00,bb27977d-36c1-496d-8bac-631b612dd7b8,332,7,3,0,8,0,1,1,1,1791356754
2026-10-07T07:07:03+00:00,2026-10-07T07:08:04.804717+00:00,ddcc8869-b8d4-483c-b9da-457fcebc8dc1,417,19,0,0,0,0,1,1,1,1791356754
2026-10-07T07:07:03+00:00,2026-10-07T07:08:04.804717+00:00,f83486ab-0de8-11e7-991c-3863bb43a7d0,51,6,0,1,8,0,1,1,1,1791356749
2026-10-07T07:07:03+00:00,2026-10-07T07:08:04.804717+00:00,ba634139-d7bf-448f-aac4-25995d36b67b,373,10,6,0,5,0,1,1,1,1791356757
2026-10-07T07:07:03+00:00,2026-10-07T07:08:04.804717+00:00,f8351019-0de8-11e7-991c-3863bb43a7d0,169,16,5,0,3,0,1,1,1,1791356750
2026-10-07T07:07:03+00:00,2026-10-07T07:08:04.804717+00:00,ec3eea05-a3ff-43c6-9e24-0c63f09b915f,378,14,1,0,5,0,1,1,1,1791356751
2026-10-07T07:07:03+00:00,2026-10-07T07:08:04.804717+00:00,abefafdc-c772-4671-86fe-fc15a42adebb,abefafdc-c772-4671-86fe-fc15a42adebb,2,0,0,21,0,1,1,1,1791356752
2026-10-07T07:07:03+00:00,2026-10-07T07:08:04.804717+00:00,676ca473-eed6-4971-aaf3-e199a7ca335b,433,14,6,0,4,1,1,1,1,1791356752
2026-10-07T07:07:03+00:00,2026-10-07T07:08:04.804717+00:00,02a4416f-80b4-4472-accd-5db482ed5b6d,367,7,0,0,12,0,1,1,1,1791356753
2026-10-07T07:07:03+00:00,2026-10-07T07:08:04.804717+00:00,a18e1e55-507e-49d8-b7c0-5c0efd959125,358,16,4,0,3,0,1,1,1,1791356753
2026-10-07T07:07:03+00:00,2026-10-07T07:08:04.804717+00:00,533620e8-00ff-494a-b288-bd67602bc98e,472,0,0,0,27,0,1,1,1,1791356783
2026-10-07T07:07:03+00:00,2026-10-07T07:08:04.804717+00:00,f8346894-0de8-11e7-991c-3863bb43a7d0,9,2,0,3,10,0,1,1,1,1791356782
2026-10-07T07:07:03+00:00,2026-10-07T07:08:04.804717+00:00,ce55d1b1-4267-40a9-ad44-5eab888ce18a,ce55d1b1-4267-40a9-ad44-5eab888ce18a,0,0,0,22,1,1,1,1,1791356784
2026-10-07T07:07:03+00:00,2026-10-07T07:08:04.804717+00:00,2070180968009321294,2070180968009321294,11,1,0,8,2,1,1,1,1791356781
2026-10-07T07:07:03+00:00,2026-10-07T07:08:04.804717+00:00,f8348136-0de8-11e7-991c-3863bb43a7d0,41,23,0,0,4,0,1,1,1,1791356780
2026-10-07T07:07:03+00:00,2026-10-07T07:08:04.804717+00:00,d7ec834e-9d9a-402c-9956-7d5f42676b94,d7ec834e-9d9a-402c-9956-7d5f42676b94,0,0,14,0,0,1,0,0,1791348928
2026-10-07T07:07:03+00:00,2026-10-07T07:08:04.804717+00:00,f83510fd-0de8-11e7-991c-3863bb43a7d0,171,16,2,1,6,0,1,1,1,1791356785
2026-10-07T07:07:03+00:00,2026-10-07T07:08:04.804717+00:00,5018e851-f2f3-4e18-9914-c316bbcc2c3d,331,0,0,0,15,0,1,1,1,1791356786
2026-10-07T07:07:03+00:00,2026-10-07T07:08:04.804717+00:00,f36e24cd-de4c-4a5e-adf4-cb97ccd2958d,505,6,0,2,3,0,1,1,1,1791356782
2026-10-07T07:07:03+00:00,2026-10-07T07:08:04.804717+00:00,f8347118-0de8-11e7-991c-3863bb43a7d0,22,11,2,1,21,2,1,1,1,1791356784
2026-10-07T07:07:03+00:00,2026-10-07T07:08:04.804717+00:00,1960693490199507164,1960693490199507164,7,1,1,11,0,1,1,1,1791356783
2026-10-07T07:07:03+00:00,2026-10-07T07:08:04.804717+00:00,ff6ed364-8676-45a0-b97f-71025683849e,442,7,3,1,7,0,1,1,1,1791356791
2026-10-07T07:07:03+00:00,2026-10-07T07:08:04.804717+00:00,5afe91c4-8076-4f9f-b83b-cf233bda2331,460,0,0,0,15,0,1,1,1,1791356792
2026-10-07T07:07:03+00:00,2026-10-07T07:08:04.804717+00:00,e68655be-23d3-46e5-a509-25be677e7542,482,6,0,0,5,0,1,1,1,1791356792
2026-10-07T07:07:03+00:00,2026-10-07T07:08:04.804717+00:00,2043912031919765854,2043912031919765854,10,0,0,10,0,1,1,1,1791356786
2026-10-07T07:07:03+00:00,2026-10-07T07:08:04.804717+00:00,f83523e3-0de8-11e7-991c-3863bb43a7d0,201,2,2,0,13,0,1,1,1,1791356787
2026-10-07T07:07:03+00:00,2026-10-07T07:08:04.804717+00:00,42a3ecca-af9a-4556-90ba-7631546f96f8,42a3ecca-af9a-4556-90ba-7631546f96f8,4,2,1,6,0,1,1,1,1791356790
2026-10-07T07:07:03+00:00,2026-10-07T07:08:04.804717+00:00,f8348481-0de8-11e7-991c-3863bb43a7d0,47,19,0,0,0,0,1,1,1,1791356793
2026-10-07T07:07:03+00:00,2026-10-07T07:08:04.804717+00:00,f8349c69-0de8-11e7-991c-3863bb43a7d0,78,15,2,1,3,0,1,1,1,1791356794
2026-10-07T07:07:03+00:00,2026-10-07T07:08:04.804717+00:00,0adccd89-1d8d-44da-9f7c-5f18acafeddf,338,14,12,0,0,0,1,1,1,1791356793
2026-10-07T07:07:03+00:00,2026-10-07T07:08:04.804717+00:00,f834cf45-0de8-11e7-991c-3863bb43a7d0,116,21,3,1,1,0,1,1,1,1791356773
2026-10-07T07:07:03+00:00,2026-10-07T07:08:04.804717+00:00,f8349745-0de8-11e7-991c-3863bb43a7d0,73,0,0,0,14,0,1,1,1,1791356793
2026-10-07T07:07:03+00:00,2026-10-07T07:08:04.804717+00:00,2107991976288962746,2107991976288962746,7,0,0,13,0,1,1,1,1791356795
2026-10-07T07:07:03+00:00,2026-10-07T07:08:04.804717+00:00,2029805507281123700,2029805507281123700,12,2,1,6,0,1,1,1,1791356795
2026-10-07T07:07:03+00:00,2026-10-07T07:08:04.804717+00:00,f83494b4-0de8-11e7-991c-3863bb43a7d0,69,10,4,1,8,0,1,1,1,1791356796
2026-10-07T07:07:03+00:00,2026-10-07T07:08:04.804717+00:00,2038239468396569074,2038239468396569074,8,0,0,24,0,1,1,1,1791356796
2026-10-07T07:07:03+00:00,2026-10-07T07:08:04.804717+00:00,40e58976-02cc-4c7c-911f-7a6c97588bfa,520,10,3,0,11,0,1,1,1,1791356796
2026-10-07T07:07:03+00:00,2026-10-07T07:08:04.804717+00:00,f834b49d-0de8-11e7-991c-3863bb43a7d0,101,13,2,0,5,0,1,1,1,1791356796
2026-10-07T07:07:03+00:00,2026-10-07T07:08:04.804717+00:00,2038619205667946906,2038619205667946906,10,2,1,9,0,1,1,1,1791356797
2026-10-07T07:07:03+00:00,2026-10-07T07:08:04.804717+00:00,f8351336-0de8-11e7-991c-3863bb43a7d0,176,10,0,1,4,0,1,1,1,1791356797
2026-10-07T07:07:03+00:00,2026-10-07T07:08:04.804717+00:00,83183df0-38c2-4ae8-a0c4-4b59599c9582,222,11,0,0,3,0,1,1,1,1791356798
2026-10-07T07:07:03+00:00,2026-10-07T07:08:04.804717+00:00,1975886280004030604,1975886280004030604,11,0,0,12,0,1,1,1,1791356798
2026-10-07T07:07:03+00:00,2026-10-07T07:08:04.804717+00:00,13918b3b-9ac5-4968-a74d-e40dd3bc952e,479,0,0,0,19,0,1,1,1,1791356798
2026-10-07T07:07:03+00:00,2026-10-07T07:08:04.804717+00:00,2136942888571742916,2136942888571742916,12,0,0,3,0,1,1,1,1791356798
2026-10-07T07:07:03+00:00,2026-10-07T07:08:04.804717+00:00,2113200093114979090,2113200093114979090,8,1,0,7,1,1,1,1,1791356799
2026-10-07T07:17:03+00:00,2026-10-07T07:18:04.894713+00:00,cad0e759-b605-458a-b772-768dcce81dc6,372,0,0,6,13,0,1,0,0,1791324371
2026-10-07T07:17:03+00:00,2026-10-07T07:18:04.894713+00:00,6eaa7343-402d-41c9-9aac-8c664fdbdcf1,6eaa7343-402d-41c9-9aac-8c664fdbdcf1,0,0,0,0,0,0,0,0,86400
2026-10-07T07:17:03+00:00,2026-10-07T07:18:04.894713+00:00,133d159e-a202-4310-910f-eca392fe181e,398,0,0,5,14,0,1,0,0,1791344701
2026-10-07T07:17:03+00:00,2026-10-07T07:18:04.894713+00:00,1ef9964d-47ac-4cd4-916e-7c006fa1e605,339,0,0,4,11,0,1,0,0,1791353740
2026-10-07T07:17:03+00:00,2026-10-07T07:18:04.894713+00:00,2129149628430547474,2129149628430547474,16,3,0,0,0,1,1,1,1791357240
2026-10-07T07:17:03+00:00,2026-10-07T07:18:04.894713+00:00,2227859082657747444,2227859082657747444,7,4,0,0,0,1,1,1,1791357257
2026-10-07T07:17:03+00:00,2026-10-07T07:18:04.894713+00:00,1976280681456741062,1976280681456741062,6,6,0,5,0,1,1,1,1791357289
2026-10-07T07:17:03+00:00,2026-10-07T07:18:04.894713+00:00,f8347ba8-0de8-11e7-991c-3863bb43a7d0,31,2,0,0,17,0,1,1,1,1791357290
2026-10-07T07:17:03+00:00,2026-10-07T07:18:04.894713+00:00,f8347a8b-0de8-11e7-991c-3863bb43a7d0,29,5,0,0,14,0,1,1,1,1791357286
2026-10-07T07:17:03+00:00,2026-10-07T07:18:04.894713+00:00,e4d5271f-5f76-401b-b7f0-c8dce3c26f10,462,8,1,1,2,0,1,1,1,1791357289
2026-10-07T07:17:03+00:00,2026-10-07T07:18:04.894713+00:00,1331197c-f6c6-4f4a-a29b-95e580359886,224,9,0,0,8,0,1,1,1,1791357288
2026-10-07T07:17:03+00:00,2026-10-07T07:18:04.894713+00:00,4d953f0f-13b5-4b3d-b2da-342003ff7cba,4d953f0f-13b5-4b3d-b2da-342003ff7cba,2,1,0,9,0,1,1,1,1791357289
2026-10-07T07:17:03+00:00,2026-10-07T07:18:04.894713+00:00,ea00f276-26dc-48ee-b2c8-6e56fd632a2d,272,4,0,0,15,0,1,1,1,1791357294
2026-10-07T07:17:03+00:00,2026-10-07T07:18:04.894713+00:00,8d535c23-f186-4161-aa10-17e94be6d4ae,436,5,3,3,6,1,1,1,1,1791357291
2026-10-07T07:17:03+00:00,2026-10-07T07:18:04.894713+00:00,dcd76e42-eebc-4432-9726-cdb3372b0b07,557,0,0,0,19,0,1,1,1,1791357290
2026-10-07T07:17:03+00:00,2026-10-07T07:18:04.894713+00:00,569f4952-5a25-4394-a419-f9c4d9cca6f3,495,12,3,0,6,0,1,1,1,1791357292
2026-10-07T07:17:03+00:00,2026-10-07T07:18:04.894713+00:00,b44b7c3d-c054-4591-92a9-3b96d86050ab,b44b7c3d-c054-4591-92a9-3b96d86050ab,3,3,0,8,0,1,1,1,1791357292
2026-10-07T07:17:03+00:00,2026-10-07T07:18:04.894713+00:00,8e7c1984-dc81-43b0-a0d3-58c6de45225a,465,7,1,0,4,0,1,1,1,1791357293
2026-10-07T07:17:03+00:00,2026-10-07T07:18:04.894713+00:00,2251186911126913182,2251186911126913182,13,1,1,5,0,1,1,1,1791357305
2026-10-07T07:17:03+00:00,2026-10-07T07:18:04.894713+00:00,986068c4-d11a-465a-b8d0-bd0960c57f51,986068c4-d11a-465a-b8d0-bd0960c57f51,3,0,0,11,0,1,1,1,1791357302
2026-10-07T07:17:03+00:00,2026-10-07T07:18:04.894713+00:00,829fa5a8-cc88-4ab2-9f34-b481aaa1612e,259,12,4,0,3,0,1,1,1,1791357302
2026-10-07T07:17:03+00:00,2026-10-07T07:18:04.894713+00:00,800bde2c-51df-497c-ac2d-bc3a8c00c164,800bde2c-51df-497c-ac2d-bc3a8c00c164,0,0,1,14,0,1,1,1,1791357303
2026-10-07T07:17:03+00:00,2026-10-07T07:18:04.894713+00:00,acb27827-d69a-4287-b132-3f529ca62ad2,427,3,1,0,16,0,1,1,1,1791357306
2026-10-07T07:17:03+00:00,2026-10-07T07:18:04.894713+00:00,c111ef1a-f276-415d-a95e-8e3c4e3a0c03,522,3,1,1,11,0,1,1,1,1791357299
2026-10-07T07:17:03+00:00,2026-10-07T07:18:04.894713+00:00,f834d34b-0de8-11e7-991c-3863bb43a7d0,120,13,1,2,24,0,1,1,1,1791357298
2026-10-07T07:17:03+00:00,2026-10-07T07:18:04.894713+00:00,f83466c6-0de8-11e7-991c-3863bb43a7d0,6,12,1,0,2,0,1,1,1,1791357297
2026-10-07T07:17:03+00:00,2026-10-07T07:18:04.894713+00:00,1986694622707704150,1986694622707704150,15,2,1,3,0,1,1,1,1791357299
2026-10-07T07:17:03+00:00,2026-10-07T07:18:04.894713+00:00,1ef5abb2-5af9-41f2-a0dd-1e44278ad9f1,502,7,2,0,4,0,1,1,1,1791357298
2026-10-07T07:17:03+00:00,2026-10-07T07:18:04.894713+00:00,01d29f8c-768d-4c4f-84ca-3de966075287,469,3,2,0,8,0,1,1,1,1791357298
2026-10-07T07:17:03+00:00,2026-10-07T07:18:04.894713+00:00,f834a1de-0de8-11e7-991c-3863bb43a7d0,84,1,0,0,11,0,1,1,1,1791357313
2026-10-07T07:17:03+00:00,2026-10-07T07:18:04.894713+00:00,d1a5e406-718c-44b9-b9dd-e63605b888aa,555,9,8,0,6,0,1,1,1,1791357312
2026-10-07T07:17:03+00:00,2026-10-07T07:18:04.894713+00:00,2127634714741013228,2127634714741013228,11,0,2,11,0,1,1,1,1791357312
2026-10-07T07:17:03+00:00,2026-10-07T07:18:04.894713+00:00,40ee059e-8530-4992-9114-c16b87d6832f,441,8,5,0,11,0,1,1,1,1791357310
2026-10-07T07:17:03+00:00,2026-10-07T07:18:04.894713+00:00,2219705277630124418,2219705277630124418,8,3,0,7,0,1,1,1,1791357307
2026-10-07T07:17:03+00:00,2026-10-07T07:18:04.894713+00:00,f8350d30-0de8-11e7-991c-3863bb43a7d0,163,10,0,0,9,0,1,1,1,1791357309
2026-10-07T07:17:03+00:00,2026-10-07T07:18:04.894713+00:00,77c1736c-a609-4453-94f7-8e4253a8193c,474,6,3,0,5,0,1,1,1,1791357314
2026-10-07T07:17:03+00:00,2026-10-07T07:18:04.894713+00:00,2113559364250874028,2113559364250874028,10,3,0,5,0,1,1,1,1791357318
2026-10-07T07:17:03+00:00,2026-10-07T07:18:04.894713+00:00,f8347002-0de8-11e7-991c-3863bb43a7d0,20,15,0,0,8,0,1,1,1,1791357318
2026-10-07T07:17:03+00:00,2026-10-07T07:18:04.894713+00:00,803a0c16-4f81-44f1-8b49-a13fcdda40c1,370,0,0,1,17,0,1,1,1,1791357320
2026-10-07T07:17:03+00:00,2026-10-07T07:18:04.894713+00:00,f834f036-0de8-11e7-991c-3863bb43a7d0,133,10,4,1,11,0,1,1,1,1791357321
2026-10-07T07:17:03+00:00,2026-10-07T07:18:04.894713+00:00,5d17f129-af8c-4f30-bc58-6a8279052772,543,5,2,1,13,0,1,1,1,1791357322
2026-10-07T07:17:03+00:00,2026-10-07T07:18:04.894713+00:00,2027855476515070160,2027855476515070160,12,2,0,15,0,1,1,1,1791357319
2026-10-07T07:17:03+00:00,2026-10-07T07:18:04.894713+00:00,6cec3afa-554c-466f-8323-5c619fe0ddc6,6cec3afa-554c-466f-8323-5c619fe0ddc6,3,2,0,8,0,1,1,1,1791357320
2026-10-07T07:17:03+00:00,2026-10-07T07:18:04.894713+00:00,1976640911178291400,1976640911178291400,10,4,0,1,0,1,1,1,1791357318
2026-10-07T07:17:03+00:00,2026-10-07T07:18:04.894713+00:00,f834b183-0de8-11e7-991c-3863bb43a7d0,98,1,0,1,20,0,1,1,1,1791357326
2026-10-07T07:17:03+00:00,2026-10-07T07:18:04.894713+00:00,e519df41-c4d7-403a-9afa-a5dd7cdd2d03,536,4,0,0,14,0,1,1,1,1791357323
2026-10-07T07:17:03+00:00,2026-10-07T07:18:04.894713+00:00,a6d6d4b2-3666-43ad-a690-7f676bdcc3fd,542,10,0,3,6,0,1,1,1,1791357323
2026-10-07T07:17:03+00:00,2026-10-07T07:18:04.894713+00:00,f8349070-0de8-11e7-991c-3863bb43a7d0,61,2,0,2,15,0,1,1,1,1791357327
2026-10-07T07:17:03+00:00,2026-10-07T07:18:04.894713+00:00,88b35b6d-f355-44dc-b85e-ed2eb1bc9099,406,11,2,0,8,0,1,1,1,1791357329
2026-10-07T07:17:03+00:00,2026-10-07T07:18:04.894713+00:00,f8351649-0de8-11e7-991c-3863bb43a7d0,183,0,0,2,17,0,1,1,1,1791357332
2026-10-07T07:17:03+00:00,2026-10-07T07:18:04.894713+00:00,2036103727838931110,2036103727838931110,8,3,0,2,0,1,1,1,1791357330
2026-10-07T07:17:03+00:00,2026-10-07T07:18:04.894713+00:00,2149920539832638004,2149920539832638004,8,0,1,6,0,1,1,1,1791357334
2026-10-07T07:17:03+00:00,2026-10-07T07:18:04.894713+00:00,2132460331327742574,2132460331327742574,1,0,0,17,0,1,1,1,1791357335
2026-10-07T07:17:03+00:00,2026-10-07T07:18:04.894713+00:00,2127252912986958612,2127252912986958612,13,3,0,2,0,1,1,1,1791357338
2026-10-07T07:17:03+00:00,2026-10-07T07:18:04.894713+00:00,ec4e1168-25dc-4929-b17b-e4ae578dd888,425,9,2,0,7,0,1,1,1,1791357335
2026-10-07T07:17:03+00:00,2026-10-07T07:18:04.894713+00:00,f83473ea-0de8-11e7-991c-3863bb43a7d0,27,11,0,1,11,0,1,1,1,1791357336
2026-10-07T07:17:03+00:00,2026-10-07T07:18:04.894713+00:00,f834e75d-0de8-11e7-991c-3863bb43a7d0,129,7,2,0,11,1,1,1,1,1791357335
2026-10-07T07:17:03+00:00,2026-10-07T07:18:04.894713+00:00,f7d416f8-4377-4019-bba7-302dc1d5a11d,391,12,0,2,1,0,1,1,1,1791357335
2026-10-07T07:17:03+00:00,2026-10-07T07:18:04.894713+00:00,2131371824572002576,2131371824572002576,8,0,0,8,0,1,1,1,1791357337
2026-10-07T07:17:03+00:00,2026-10-07T07:18:04.894713+00:00,9b0aff89-5242-475e-b03b-87c3c3bf51bb,477,7,3,1,11,0,1,1,1,1791357336
2026-10-07T07:17:03+00:00,2026-10-07T07:18:04.894713+00:00,f834916a-0de8-11e7-991c-3863bb43a7d0,63,9,2,0,6,0,1,1,1,1791357339
2026-10-07T07:17:03+00:00,2026-10-07T07:18:04.894713+00:00,2110566771130438288,2110566771130438288,6,0,2,8,0,1,1,1,1791357339
2026-10-07T07:17:03+00:00,2026-10-07T07:18:04.894713+00:00,2250817396738253956,2250817396738253956,10,2,1,4,0,1,1,1,1791357343
2026-10-07T07:17:03+00:00,2026-10-07T07:18:04.894713+00:00,f8348719-0de8-11e7-991c-3863bb43a7d0,52,13,0,0,10,0,1,1,1,1791357344
2026-10-07T07:17:03+00:00,2026-10-07T07:18:04.894713+00:00,2438d052-2cd6-4fba-83c9-39f46cb59398,2438d052-2cd6-4fba-83c9-39f46cb59398,6,0,1,12,0,1,1,1,1791357341
2026-10-07T07:17:03+00:00,2026-10-07T07:18:04.894713+00:00,f83532fa-0de8-11e7-991c-3863bb43a7d0,219,12,1,0,3,0,1,1,1,1791357341
2026-10-07T07:17:03+00:00,2026-10-07T07:18:04.894713+00:00,f834a2a8-0de8-11e7-991c-3863bb43a7d0,85,5,0,0,14,0,1,1,1,1791357344
2026-10-07T07:17:03+00:00,2026-10-07T07:18:04.894713+00:00,9fef6df2-7f8f-43fc-a85b-7dd5453860f9,437,14,1,0,4,0,1,1,1,1791357343
2026-10-07T07:17:03+00:00,2026-10-07T07:18:04.894713+00:00,f834c5c9-0de8-11e7-991c-3863bb43a7d0,110,0,0,2,13,0,1,1,1,1791357345
2026-10-07T07:17:03+00:00,2026-10-07T07:18:04.894713+00:00,f834b928-0de8-11e7-991c-3863bb43a7d0,106,13,4,1,0,0,1,1,1,1791357345
2026-10-07T07:17:03+00:00,2026-10-07T07:18:04.894713+00:00,f835244e-0de8-11e7-991c-3863bb43a7d0,202,9,2,0,6,0,1,1,1,1791357349
2026-10-07T07:17:03+00:00,2026-10-07T07:18:04.894713+00:00,52ca4d94-587f-4a61-a298-a1a755e73bfb,362,19,4,0,0,0,1,1,1,1791357349
2026-10-07T07:17:03+00:00,2026-10-07T07:18:04.894713+00:00,f8346dbd-0de8-11e7-991c-3863bb43a7d0,16,2,1,0,17,0,1,1,1,1791357350
2026-10-07T07:17:03+00:00,2026-10-07T07:18:04.894713+00:00,f8349599-0de8-11e7-991c-3863bb43a7d0,71,15,0,2,6,0,1,1,1,1791357352
2026-10-07T07:17:03+00:00,2026-10-07T07:18:04.894713+00:00,8bc42f7f-753d-4cca-a7d6-0d7c2530ea2c,364,12,0,0,7,0,1,1,1,1791357354
2026-10-07T07:17:03+00:00,2026-10-07T07:18:04.894713+00:00,2124664048772581794,2124664048772581794,3,1,0,7,0,1,1,1,1791357356
2026-10-07T07:17:03+00:00,2026-10-07T07:18:04.894713+00:00,f8350199-0de8-11e7-991c-3863bb43a7d0,150,9,0,1,9,0,1,1,1,1791357357
2026-10-07T07:17:03+00:00,2026-10-07T07:18:04.894713+00:00,2039387081833476178,2039387081833476178,17,4,0,3,0,1,1,1,1791357357
2026-10-07T07:17:03+00:00,2026-10-07T07:18:04.894713+00:00,f8351255-0de8-11e7-991c-3863bb43a7d0,174,12,1,1,2,0,1,1,1,1791357361
2026-10-07T07:17:03+00:00,2026-10-07T07:18:04.894713+00:00,38706d8c-8d4b-49f7-b6ed-7688449db261,463,6,1,0,13,0,1,1,1,1791357360
2026-10-07T07:17:03+00:00,2026-10-07T07:18:04.894713+00:00,f8351569-0de8-11e7-991c-3863bb43a7d0,181,15,2,2,2,0,1,1,1,1791357362
2026-10-07T07:17:03+00:00,2026-10-07T07:18:04.894713+00:00,1997031876360597884,1997031876360597884,5,0,0,6,0,1,1,1,1791357359
2026-10-07T07:17:03+00:00,2026-10-07T07:18:04.894713+00:00,f8347ded-0de8-11e7-991c-3863bb43a7d0,35,0,0,1,30,0,1,1,1,1791357359
2026-10-07T07:17:03+00:00,2026-10-07T07:18:04.894713+00:00,f834cb89-0de8-11e7-991c-3863bb43a7d0,115,13,1,1,5,0,1,1,1,1791357361
2026-10-07T07:17:03+00:00,2026-10-07T07:18:04.894713+00:00,2126567695528519906,2126567695528519906,8,0,0,12,0,1,1,1,1791357363
2026-10-07T07:17:03+00:00,2026-10-07T07:18:04.894713+00:00,eed9e64f-f09d-43c1-aa31-da968c66750a,368,7,4,0,8,0,1,1,1,1791357363
2026-10-07T07:17:03+00:00,2026-10-07T07:18:04.894713+00:00,f834d260-0de8-11e7-991c-3863bb43a7d0,119,14,3,0,1,0,1,1,1,1791357367
2026-10-07T07:17:03+00:00,2026-10-07T07:18:04.894713+00:00,97a1e4e7-a1ff-427a-aaea-48ca0d00bf9c,348,3,3,0,12,0,1,1,1,1791357368
2026-10-07T07:17:03+00:00,2026-10-07T07:18:04.894713+00:00,2031175112202687108,2031175112202687108,12,1,0,4,0,1,1,1,1791357369
2026-10-07T07:17:03+00:00,2026-10-07T07:18:04.894713+00:00,87b5a8b7-a330-4c51-ab32-7dafa292c88f,421,19,1,0,0,0,1,1,1,1791357369
2026-10-07T07:17:03+00:00,2026-10-07T07:18:04.894713+00:00,f83493c0-0de8-11e7-991c-3863bb43a7d0,67,1,0,2,27,0,1,1,1,1791357368
2026-10-07T07:17:03+00:00,2026-10-07T07:18:04.894713+00:00,199f3d59-e726-4549-b9c1-4dfc8a343fdb,508,9,6,0,2,0,1,1,1,1791357370
2026-10-07T07:17:03+00:00,2026-10-07T07:18:04.894713+00:00,2251556760922290606,2251556760922290606,13,4,0,2,0,1,1,1,1791357377
2026-10-07T07:17:03+00:00,2026-10-07T07:18:04.894713+00:00,82b41ffb-e284-4e4d-b22a-0cad2bfd4bee,443,8,0,0,11,0,1,1,1,1791357377
2026-10-07T07:17:03+00:00,2026-10-07T07:18:04.894713+00:00,918335df-fc1a-45c2-9cfc-c5e2e93aecc0,467,3,1,1,7,0,1,1,1,1791357375
2026-10-07T07:17:03+00:00,2026-10-07T07:18:04.894713+00:00,a825b55d-3ab3-481f-9c50-d3a7313e6843,228,0,0,1,18,0,1,1,1,1791357375
2026-10-07T07:17:03+00:00,2026-10-07T07:18:04.894713+00:00,e335fa7c-7adf-4360-9bfa-76b18124a56f,541,3,3,0,8,0,1,1,1,1791357374
2026-10-07T07:17:03+00:00,2026-10-07T07:18:04.894713+00:00,f834c6f5-0de8-11e7-991c-3863bb43a7d0,111,9,3,0,5,1,1,1,1,1791357382
2026-10-07T07:17:03+00:00,2026-10-07T07:18:04.894713+00:00,625f105e-4407-4988-9095-d1979cbda5e1,234,18,9,0,1,0,1,1,1,1791357383
2026-10-07T07:17:03+00:00,2026-10-07T07:18:04.894713+00:00,f55cdf0a-3d7b-491c-bed2-7dc0ef2062d5,489,15,3,1,0,0,1,1,1,1791357380
2026-10-07T07:17:03+00:00,2026-10-07T07:18:04.894713+00:00,768433a9-fc30-4485-b136-22d6f8a96f1c,768433a9-fc30-4485-b136-22d6f8a96f1c,6,2,0,5,0,1,1,1,1791357380
2026-10-07T07:17:03+00:00,2026-10-07T07:18:04.894713+00:00,2071991821019036242,2071991821019036242,15,3,0,5,0,1,1,1,1791357380
2026-10-07T07:17:03+00:00,2026-10-07T07:18:04.894713+00:00,2134720099473744344,2134720099473744344,2,0,0,19,0,1,1,1,1791357380
2026-10-07T07:17:03+00:00,2026-10-07T07:18:04.894713+00:00,15ec5783-ca7a-4225-ba51-cd0a45ecc975,15ec5783-ca7a-4225-ba51-cd0a45ecc975,7,5,0,4,0,1,1,1,1791357382
2026-10-07T07:17:03+00:00,2026-10-07T07:18:04.894713+00:00,f8346e51-0de8-11e7-991c-3863bb43a7d0,17,14,2,0,1,0,1,1,1,1791357379
2026-10-07T07:17:03+00:00,2026-10-07T07:18:04.894713+00:00,2036412579943670600,2036412579943670600,0,0,0,12,0,1,1,1,1791357379
2026-10-07T07:17:03+00:00,2026-10-07T07:18:04.894713+00:00,1919521884659886482,1919521884659886482,3,0,0,16,0,1,1,1,1791357379
2026-10-07T07:17:03+00:00,2026-10-07T07:18:04.894713+00:00,f8351791-0de8-11e7-991c-3863bb43a7d0,186,10,1,0,5,0,1,1,1,1791357385
2026-10-07T07:17:03+00:00,2026-10-07T07:18:04.894713+00:00,57f5003b-6574-40b3-83d7-3b5dee1472e0,518,2,1,0,8,0,1,1,1,1791357382
2026-10-07T07:17:03+00:00,2026-10-07T07:18:04.894713+00:00,25d6f87f-7025-48c5-b202-f91511a4ae19,25d6f87f-7025-48c5-b202-f91511a4ae19,14,3,1,4,0,1,1,1,1791357383
2026-10-07T07:17:03+00:00,2026-10-07T07:18:04.894713+00:00,1991921362058752616,1991921362058752616,0,0,0,20,0,1,1,1,1791357389
2026-10-07T07:17:03+00:00,2026-10-07T07:18:04.894713+00:00,aefc33cd-40b9-48da-8b87-415428816bdb,488,7,2,0,9,0,1,1,1,1791357386
2026-10-07T07:17:03+00:00,2026-10-07T07:18:04.894713+00:00,1999644268058967024,1999644268058967024,17,1,2,5,0,1,1,1,1791357387
2026-10-07T07:17:03+00:00,2026-10-07T07:18:04.894713+00:00,2261583246847893606,2261583246847893606,16,1,1,2,0,1,1,1,1791357387
2026-10-07T07:17:03+00:00,2026-10-07T07:18:04.894713+00:00,4b5de733-9353-4873-9dc2-9558b3cb063a,393,8,2,1,4,0,1,1,1,1791357390
2026-10-07T07:17:03+00:00,2026-10-07T07:18:04.894713+00:00,f8351f87-0de8-11e7-991c-3863bb43a7d0,192,0,0,0,19,0,1,1,1,1791357390
2026-10-07T07:17:03+00:00,2026-10-07T07:18:04.894713+00:00,ab6517ea-ed53-42eb-8881-657d362e56e8,560,12,0,0,3,0,1,1,1,1791357391
2026-10-07T07:17:03+00:00,2026-10-07T07:18:04.894713+00:00,25489822-e43a-4704-b2a8-d905b78ba77c,389,4,2,0,10,0,1,1,1,1791357391
2026-10-07T07:17:03+00:00,2026-10-07T07:18:04.894713+00:00,f834f948-0de8-11e7-991c-3863bb43a7d0,138,10,0,1,3,0,1,1,1,1791357391
2026-10-07T07:17:03+00:00,2026-10-07T07:18:04.894713+00:00,2028220168245183460,2028220168245183460,15,1,0,4,0,1,1,1,1791357395
2026-10-07T07:17:03+00:00,2026-10-07T07:18:04.894713+00:00,2089808297152151688,2089808297152151688,9,3,1,2,0,1,1,1,1791357392
2026-10-07T07:17:03+00:00,2026-10-07T07:18:04.894713+00:00,f834fcbe-0de8-11e7-991c-3863bb43a7d0,141,0,0,0,15,0,1,1,1,1791357392
2026-10-07T07:17:03+00:00,2026-10-07T07:18:04.894713+00:00,2363c5a3-93cc-41a2-a767-90f1826c041f,426,0,0,0,27,0,1,1,1,1791357392
2026-10-07T07:17:03+00:00,2026-10-07T07:18:04.894713+00:00,5410aac7-2ec0-47b6-b728-b99c5137b463,5410aac7-2ec0-47b6-b728-b99c5137b463,6,2,0,5,0,1,1,1,1791357397
2026-10-07T07:17:03+00:00,2026-10-07T07:18:04.894713+00:00,f8352973-0de8-11e7-991c-3863bb43a7d0,210,7,0,0,8,0,1,1,1,1791357397
2026-10-07T07:17:03+00:00,2026-10-07T07:18:04.894713+00:00,f8350129-0de8-11e7-991c-3863bb43a7d0,149,17,1,0,1,0,1,1,1,1791357397
2026-10-07T07:17:03+00:00,2026-10-07T07:18:04.894713+00:00,f8346c96-0de8-11e7-991c-3863bb43a7d0,14,0,0,1,24,0,1,1,1,1791357398
2026-10-07T07:17:03+00:00,2026-10-07T07:18:04.894713+00:00,2220033166406469278,2220033166406469278,10,4,1,4,0,1,1,1,1791357397
2026-10-07T07:17:03+00:00,2026-10-07T07:18:04.894713+00:00,f834a67b-0de8-11e7-991c-3863bb43a7d0,89,3,1,1,15,0,1,1,1,1791357393
2026-10-07T07:17:03+00:00,2026-10-07T07:18:04.894713+00:00,f834b1ed-0de8-11e7-991c-3863bb43a7d0,99,9,0,0,6,0,1,1,1,1791357393
2026-10-07T07:17:03+00:00,2026-10-07T07:18:04.894713+00:00,f8348598-0de8-11e7-991c-3863bb43a7d0,49,4,0,0,14,0,1,1,1,1791357394
2026-10-07T07:17:03+00:00,2026-10-07T07:18:04.894713+00:00,1994515539257334312,1994515539257334312,15,5,0,4,0,1,1,1,1791357396
2026-10-07T07:17:03+00:00,2026-10-07T07:18:04.894713+00:00,f606593b-3d07-40f2-bc6d-a0eb96588e44,456,16,0,0,2,0,1,1,1,1791357398
2026-10-07T07:17:03+00:00,2026-10-07T07:18:04.894713+00:00,1999639508813492766,1999639508813492766,4,0,1,15,0,1,1,1,1791357399
2026-10-07T07:17:03+00:00,2026-10-07T07:18:04.894713+00:00,2248987790637065652,2248987790637065652,6,3,0,6,0,1,1,1,1791356997
2026-10-07T07:17:03+00:00,2026-10-07T07:18:04.894713+00:00,ee0fa23e-a6c2-474d-a6ef-bf581d63f1ae,ee0fa23e-a6c2-474d-a6ef-bf581d63f1ae,11,4,0,0,0,1,1,1,1791357280
2026-10-07T07:17:03+00:00,2026-10-07T07:18:04.894713+00:00,2131714490587826928,2131714490587826928,10,7,2,4,0,1,1,1,1791357287
2026-10-07T07:17:03+00:00,2026-10-07T07:18:04.894713+00:00,f8352a4d-0de8-11e7-991c-3863bb43a7d0,212,18,2,1,13,0,1,1,1,1791357288
2026-10-07T07:17:03+00:00,2026-10-07T07:18:04.894713+00:00,3f4f4ad4-a715-43d5-828f-f8381f26b66a,390,8,1,0,6,1,1,1,1,1791357295
2026-10-07T07:17:03+00:00,2026-10-07T07:18:04.894713+00:00,2126939746529359956,2126939746529359956,11,1,0,8,0,1,1,1,1791357295
2026-10-07T07:17:03+00:00,2026-10-07T07:18:04.894713+00:00,f8352306-0de8-11e7-991c-3863bb43a7d0,199,10,6,1,4,0,1,1,1,1791357298
2026-10-07T07:17:03+00:00,2026-10-07T07:18:04.894713+00:00,f8352150-0de8-11e7-991c-3863bb43a7d0,196,3,0,0,7,0,1,1,1,1791357306
2026-10-07T07:17:03+00:00,2026-10-07T07:18:04.894713+00:00,ee18dbd6-05b8-4d38-a120-f84c3499a77e,519,8,5,0,2,0,1,1,1,1791357302
2026-10-07T07:17:03+00:00,2026-10-07T07:18:04.894713+00:00,f83487f0-0de8-11e7-991c-3863bb43a7d0,54,6,0,0,9,0,1,1,1,1791357304
2026-10-07T07:17:03+00:00,2026-10-07T07:18:04.894713+00:00,4caf6e93-ddd7-4b6f-9e61-f9df1206ac92,4caf6e93-ddd7-4b6f-9e61-f9df1206ac92,14,6,0,5,0,1,1,1,1791357307
2026-10-07T07:17:03+00:00,2026-10-07T07:18:04.894713+00:00,3b158c7a-a362-43ae-af1f-121b78be32d7,483,8,4,1,8,0,1,1,1,1791357319
2026-10-07T07:17:03+00:00,2026-10-07T07:18:04.894713+00:00,082262bd-086b-46c7-83ce-eed2b39142ff,416,2,1,0,13,0,1,1,1,1791357320
2026-10-07T07:17:03+00:00,2026-10-07T07:18:04.894713+00:00,2120986392451359068,2120986392451359068,11,0,0,8,0,1,1,1,1791357318
2026-10-07T07:17:03+00:00,2026-10-07T07:18:04.894713+00:00,fae99a0c-e88a-4112-94d8-f655cf34e651,fae99a0c-e88a-4112-94d8-f655cf34e651,3,0,1,15,0,1,1,1,1791357322
2026-10-07T07:17:03+00:00,2026-10-07T07:18:04.894713+00:00,f8347361-0de8-11e7-991c-3863bb43a7d0,26,15,0,0,0,0,1,1,1,1791357322
2026-10-07T07:17:03+00:00,2026-10-07T07:18:04.894713+00:00,1e3beeb4-f8e1-452c-93e5-48df78d4b313,334,3,0,0,15,0,1,1,1,1791357308
2026-10-07T07:17:03+00:00,2026-10-07T07:18:04.894713+00:00,2256120653476329202,2256120653476329202,12,1,0,3,0,1,1,1,1791357308
2026-10-07T07:17:03+00:00,2026-10-07T07:18:04.894713+00:00,c98f50f6-1901-4c64-b164-8cf33245e022,282,14,1,1,2,1,1,1,1,1791357308
2026-10-07T07:17:03+00:00,2026-10-07T07:18:04.894713+00:00,f8351ff1-0de8-11e7-991c-3863bb43a7d0,193,7,0,1,6,0,1,1,1,1791357309
2026-10-07T07:17:03+00:00,2026-10-07T07:18:04.894713+00:00,2124668538068359456,2124668538068359456,9,0,1,9,0,1,1,1,1791357311
2026-10-07T07:17:03+00:00,2026-10-07T07:18:04.894713+00:00,2115804056935012722,2115804056935012722,13,2,0,6,0,1,1,1,1791357310
2026-10-07T07:17:03+00:00,2026-10-07T07:18:04.894713+00:00,dd8dee9d-d044-41d6-9371-8463cf9c671b,526,7,4,0,7,1,1,1,1,1791357312
2026-10-07T07:17:03+00:00,2026-10-07T07:18:04.894713+00:00,f8348857-0de8-11e7-991c-3863bb43a7d0,55,1,0,0,14,0,1,1,1,1791357313
2026-10-07T07:17:03+00:00,2026-10-07T07:18:04.894713+00:00,f834fda2-0de8-11e7-991c-3863bb43a7d0,143,6,1,1,16,0,1,1,1,1791357312
2026-10-07T07:17:03+00:00,2026-10-07T07:18:04.894713+00:00,3a6d94a7-9fee-41c5-b8cc-a8487c5e691b,549,11,1,1,11,0,1,1,1,1791357311
2026-10-07T07:17:03+00:00,2026-10-07T07:18:04.894713+00:00,634b697d-0e64-4102-8849-abac7a7f8e35,455,4,2,0,8,0,1,1,1,1791357314
2026-10-07T07:17:03+00:00,2026-10-07T07:18:04.894713+00:00,2158217922577811100,2158217922577811100,8,1,0,11,0,1,1,1,1791357316
2026-10-07T07:17:03+00:00,2026-10-07T07:18:04.894713+00:00,3dbbb3cb-b52d-46f8-8f9c-db11e83d081c,327,14,9,1,0,0,1,1,1,1791357316
2026-10-07T07:17:03+00:00,2026-10-07T07:18:04.894713+00:00,0cb6d635-6a7d-4d75-89b4-36b12616be12,432,10,6,0,9,0,1,1,1,1791357313
2026-10-07T07:17:03+00:00,2026-10-07T07:18:04.894713+00:00,dc770287-c70c-43ea-a635-39f3dc6b09cd,dc770287-c70c-43ea-a635-39f3dc6b09cd,6,1,0,5,0,1,1,1,1791357316
2026-10-07T07:17:03+00:00,2026-10-07T07:18:04.894713+00:00,68323451-daf0-4532-a6cb-b070e3ef358f,68323451-daf0-4532-a6cb-b070e3ef358f,10,1,0,9,0,1,1,1,1791357317
2026-10-07T07:17:03+00:00,2026-10-07T07:18:04.894713+00:00,2136546016037880534,2136546016037880534,9,1,0,6,0,1,1,1,1791357345
2026-10-07T07:17:03+00:00,2026-10-07T07:18:04.894713+00:00,f8351e42-0de8-11e7-991c-3863bb43a7d0,189,0,0,0,23,0,1,1,1,1791357343
2026-10-07T07:17:03+00:00,2026-10-07T07:18:04.894713+00:00,2074236051937964826,2074236051937964826,13,0,0,2,1,1,1,1,1791357266
2026-10-07T07:17:03+00:00,2026-10-07T07:18:04.894713+00:00,f8349672-0de8-11e7-991c-3863bb43a7d0,72,0,0,0,23,0,1,1,1,1791357326
2026-10-07T07:17:03+00:00,2026-10-07T07:18:04.894713+00:00,50cc3c7f-50ed-4c70-b483-c89f3f47c938,491,13,1,0,6,0,1,1,1,1791357328
2026-10-07T07:17:03+00:00,2026-10-07T07:18:04.894713+00:00,a9d13461-7f0f-47b0-9a97-8ec9e9792865,533,13,0,1,5,0,1,1,1,1791357328
2026-10-07T07:17:03+00:00,2026-10-07T07:18:04.894713+00:00,f4a64c30-b97f-4ae5-b531-a11698b558d7,562,5,1,0,4,0,1,1,1,1791357328
2026-10-07T07:17:03+00:00,2026-10-07T07:18:04.894713+00:00,a439fff7-8630-464c-b277-efca6f6bc664,531,7,0,2,5,0,1,1,1,1791357325
2026-10-07T07:17:03+00:00,2026-10-07T07:18:04.894713+00:00,f835027c-0de8-11e7-991c-3863bb43a7d0,152,8,1,0,19,0,1,1,1,1791357332
2026-10-07T07:17:03+00:00,2026-10-07T07:18:04.894713+00:00,4764641e-b080-4c70-a1e1-049de81e09d0,273,23,0,1,16,0,1,1,1,1791357330
2026-10-07T07:17:03+00:00,2026-10-07T07:18:04.894713+00:00,2002247509585342522,2002247509585342522,11,1,0,0,0,1,1,1,1791357333
2026-10-07T07:17:03+00:00,2026-10-07T07:18:04.894713+00:00,f836bc28-36a7-4ca6-bba6-0d75333d84bb,538,13,1,1,5,0,1,1,1,1791357334
2026-10-07T07:17:03+00:00,2026-10-07T07:18:04.894713+00:00,dd008e3c-ff17-4c82-abe0-502272a62425,558,1,0,0,16,0,1,1,1,1791357333
2026-10-07T07:17:03+00:00,2026-10-07T07:18:04.894713+00:00,2079440939380771716,2079440939380771716,2,1,1,8,0,1,1,1,1791357339
2026-10-07T07:17:03+00:00,2026-10-07T07:18:04.894713+00:00,2035765531590062506,2035765531590062506,6,1,2,3,0,1,1,1,1791357337
2026-10-07T07:17:03+00:00,2026-10-07T07:18:04.894713+00:00,a9bc314b-a3fd-46e5-a63b-f005258bba5f,a9bc314b-a3fd-46e5-a63b-f005258bba5f,2,1,0,15,1,1,1,1,1791357337
2026-10-07T07:17:03+00:00,2026-10-07T07:18:04.894713+00:00,f8346a3c-0de8-11e7-991c-3863bb43a7d0,10,3,1,1,8,0,1,1,1,1791357338
2026-10-07T07:17:03+00:00,2026-10-07T07:18:04.894713+00:00,f834ffc9-0de8-11e7-991c-3863bb43a7d0,146,10,2,0,9,0,1,1,1,1791357350
2026-10-07T07:17:03+00:00,2026-10-07T07:18:04.894713+00:00,2253794653988522864,2253794653988522864,8,0,1,10,0,1,1,1,1791357350
2026-10-07T07:17:03+00:00,2026-10-07T07:18:04.894713+00:00,1984021766354634770,1984021766354634770,15,1,0,4,0,1,1,1,1791357350
2026-10-07T07:17:03+00:00,2026-10-07T07:18:04.894713+00:00,f834a32d-0de8-11e7-991c-3863bb43a7d0,86,17,0,0,8,0,1,1,1,1791357349
2026-10-07T07:17:03+00:00,2026-10-07T07:18:04.894713+00:00,f8350c56-0de8-11e7-991c-3863bb43a7d0,161,23,6,0,0,0,1,1,1,1791357348
2026-10-07T07:17:03+00:00,2026-10-07T07:18:04.894713+00:00,2fded452-cbd0-4248-b008-f8a61ed9a85f,2fded452-cbd0-4248-b008-f8a61ed9a85f,1,0,0,14,0,1,1,1,1791357348
2026-10-07T07:17:03+00:00,2026-10-07T07:18:04.894713+00:00,f835141c-0de8-11e7-991c-3863bb43a7d0,178,17,0,1,0,0,1,1,1,1791357352
2026-10-07T07:17:03+00:00,2026-10-07T07:18:04.894713+00:00,d81e16e2-a410-4a0b-b5ae-b72748fc9781,d81e16e2-a410-4a0b-b5ae-b72748fc9781,2,1,1,16,0,1,1,1,1791357352
2026-10-07T07:17:03+00:00,2026-10-07T07:18:04.894713+00:00,b0b8e427-7203-4844-9c70-129e08a74452,347,12,4,1,1,0,1,1,1,1791357355
2026-10-07T07:17:03+00:00,2026-10-07T07:18:04.894713+00:00,f8349de4-0de8-11e7-991c-3863bb43a7d0,80,0,0,2,33,0,1,1,1,1791357355
2026-10-07T07:17:03+00:00,2026-10-07T07:18:04.894713+00:00,2113560016964645240,2113560016964645240,9,0,1,9,0,1,1,1,1791357356
2026-10-07T07:17:03+00:00,2026-10-07T07:18:04.894713+00:00,f834db9b-0de8-11e7-991c-3863bb43a7d0,121,16,7,0,1,0,1,1,1,1791357357
2026-10-07T07:17:03+00:00,2026-10-07T07:18:04.894713+00:00,f8348781-0de8-11e7-991c-3863bb43a7d0,53,19,1,0,0,0,1,1,1,1791357353
2026-10-07T07:17:03+00:00,2026-10-07T07:18:04.894713+00:00,2012646293885032702,2012646293885032702,4,0,1,19,0,1,1,1,1791357359
2026-10-07T07:17:03+00:00,2026-10-07T07:18:04.894713+00:00,af066ffd-b892-434f-8532-1982fc408780,480,3,0,0,8,0,1,1,1,1791357357
2026-10-07T07:17:03+00:00,2026-10-07T07:18:04.894713+00:00,66763558-7a03-48a9-8665-6b4445b81f48,458,11,4,0,4,0,1,1,1,1791357357
2026-10-07T07:17:03+00:00,2026-10-07T07:18:04.894713+00:00,f8349d6e-0de8-11e7-991c-3863bb43a7d0,79,17,0,0,1,0,1,1,1,1791357360
2026-10-07T07:17:03+00:00,2026-10-07T07:18:04.894713+00:00,1963273678015717438,1963273678015717438,0,0,0,19,0,1,1,1,1791357361
2026-10-07T07:17:03+00:00,2026-10-07T07:18:04.894713+00:00,2111332861978124760,2111332861978124760,5,1,1,10,0,1,1,1,1791357360
2026-10-07T07:17:03+00:00,2026-10-07T07:18:04.894713+00:00,1206f5c8-7d1f-4c32-9d65-f3e80186fbde,511,8,5,1,10,0,1,1,1,1791357361
2026-10-07T07:17:03+00:00,2026-10-07T07:18:04.894713+00:00,f8350be5-0de8-11e7-991c-3863bb43a7d0,160,2,0,0,12,0,1,1,1,1791357364
2026-10-07T07:17:03+00:00,2026-10-07T07:18:04.894713+00:00,1994461916590643872,1994461916590643872,6,1,1,4,0,1,1,1,1791357364
2026-10-07T07:17:03+00:00,2026-10-07T07:18:04.894713+00:00,0bc49982-74e9-4bbf-9991-e3d809d6319e,530,3,1,0,16,0,1,1,1,1791357365
2026-10-07T07:17:03+00:00,2026-10-07T07:18:04.894713+00:00,f8348021-0de8-11e7-991c-3863bb43a7d0,39,26,2,0,1,0,1,1,1,1791357365
2026-10-07T07:17:03+00:00,2026-10-07T07:18:04.894713+00:00,e49a5b83-2c9c-4610-a48b-89cfea172c8f,504,4,1,0,7,0,1,1,1,1791357363
2026-10-07T07:17:03+00:00,2026-10-07T07:18:04.894713+00:00,2223046412750968128,2223046412750968128,2,1,0,17,0,1,1,1,1791357362
2026-10-07T07:17:03+00:00,2026-10-07T07:18:04.894713+00:00,dd05a440-f881-410c-a071-864da11c634a,318,0,0,0,19,0,1,1,1,1791357368
2026-10-07T07:17:03+00:00,2026-10-07T07:18:04.894713+00:00,1961066392414132348,1961066392414132348,3,0,0,16,0,1,1,1,1791357372
2026-10-07T07:17:03+00:00,2026-10-07T07:18:04.894713+00:00,f8346c01-0de8-11e7-991c-3863bb43a7d0,13,0,0,0,19,0,1,1,1,1791357372
2026-10-07T07:17:03+00:00,2026-10-07T07:18:04.894713+00:00,7dd0fc98-c1dd-4c93-9c1d-4bbdf5f93346,473,14,9,0,0,0,1,1,1,1791357372
2026-10-07T07:17:03+00:00,2026-10-07T07:18:04.894713+00:00,57caf362-1e8b-46aa-9ee3-82341c405ab0,271,4,2,1,10,0,1,1,1,1791357367
2026-10-07T07:17:03+00:00,2026-10-07T07:18:04.894713+00:00,f8353277-0de8-11e7-991c-3863bb43a7d0,218,0,0,0,15,0,1,1,1,1791357373
2026-10-07T07:17:03+00:00,2026-10-07T07:18:04.894713+00:00,f834923d-0de8-11e7-991c-3863bb43a7d0,65,8,0,0,11,0,1,1,1,1791357373
2026-10-07T07:17:03+00:00,2026-10-07T07:18:04.894713+00:00,2171110977443594588,2171110977443594588,6,0,1,8,0,1,1,1,1791357374
2026-10-07T07:17:03+00:00,2026-10-07T07:18:04.894713+00:00,a51b429f-bf06-425a-b3fe-b3155aa6468c,a51b429f-bf06-425a-b3fe-b3155aa6468c,4,3,1,6,0,1,1,1,1791357374
2026-10-07T07:17:03+00:00,2026-10-07T07:18:04.894713+00:00,e3f5d039-a49e-4b3b-ab4d-4efbef2068c6,e3f5d039-a49e-4b3b-ab4d-4efbef2068c6,17,1,0,5,0,1,1,1,1791357374
2026-10-07T07:17:03+00:00,2026-10-07T07:18:04.894713+00:00,31382324-2931-491a-827a-40149e45afee,232,5,0,0,6,0,1,1,1,1791357377
2026-10-07T07:17:03+00:00,2026-10-07T07:18:04.894713+00:00,2004828637786472956,2004828637786472956,15,7,1,3,0,1,1,1,1791357377
2026-10-07T07:17:03+00:00,2026-10-07T07:18:04.894713+00:00,f1cafe36-f800-41f6-b74d-73953cb6394c,471,0,0,0,27,0,1,1,1,1791357381
2026-10-07T07:17:03+00:00,2026-10-07T07:18:04.894713+00:00,3de6e5da-9702-4623-8683-26abd98012a8,525,4,1,0,8,0,1,1,1,1791357381
2026-10-07T07:17:03+00:00,2026-10-07T07:18:04.894713+00:00,2100948177843249670,2100948177843249670,6,5,0,5,0,1,1,1,1791357381
2026-10-07T07:17:03+00:00,2026-10-07T07:18:04.894713+00:00,f8352c1a-0de8-11e7-991c-3863bb43a7d0,216,10,2,0,9,0,1,1,1,1791357390
2026-10-07T07:17:03+00:00,2026-10-07T07:18:04.894713+00:00,910f1452-dbeb-4e69-b226-71b2d7e85715,910f1452-dbeb-4e69-b226-71b2d7e85715,7,7,0,3,0,1,1,1,1791357390
2026-10-07T07:17:03+00:00,2026-10-07T07:18:04.894713+00:00,c935cfb1-ef73-402e-9b86-83aaaac6534d,478,6,0,0,13,0,1,1,1,1791357391
2026-10-07T07:17:03+00:00,2026-10-07T07:18:04.894713+00:00,8b703219-1e16-4ba1-9f46-2b7030c7849a,360,6,6,2,7,0,1,1,1,1791357391
2026-10-07T07:17:03+00:00,2026-10-07T07:18:04.894713+00:00,f83472d3-0de8-11e7-991c-3863bb43a7d0,25,15,0,0,0,0,1,1,1,1791357389
2026-10-07T07:17:03+00:00,2026-10-07T07:18:04.894713+00:00,f835259f-0de8-11e7-991c-3863bb43a7d0,205,3,0,1,11,0,1,1,1,1791357389
2026-10-07T07:17:03+00:00,2026-10-07T07:18:04.894713+00:00,f834ff5a-0de8-11e7-991c-3863bb43a7d0,145,10,1,1,8,0,1,1,1,1791357394
2026-10-07T07:17:03+00:00,2026-10-07T07:18:04.894713+00:00,f834fb66-0de8-11e7-991c-3863bb43a7d0,139,15,2,0,4,0,1,1,1,1791357394
2026-10-07T07:17:03+00:00,2026-10-07T07:18:04.894713+00:00,13681246-4bf8-444a-a908-fa165e4ad298,329,13,0,1,1,0,1,1,1,1791357394
2026-10-07T07:17:03+00:00,2026-10-07T07:18:04.894713+00:00,efd724b2-31cb-4aec-b9d9-8ab79271630c,493,9,0,0,8,0,1,1,1,1791357394
2026-10-07T07:17:03+00:00,2026-10-07T07:18:04.894713+00:00,f834d064-0de8-11e7-991c-3863bb43a7d0,118,18,6,0,1,0,1,1,1,1791357392
2026-10-07T07:17:03+00:00,2026-10-07T07:18:04.894713+00:00,f834b652-0de8-11e7-991c-3863bb43a7d0,104,9,2,0,9,0,1,1,1,1791357395
2026-10-07T07:17:03+00:00,2026-10-07T07:18:04.894713+00:00,f8348924-0de8-11e7-991c-3863bb43a7d0,57,11,0,0,3,0,1,1,1,1791357395
2026-10-07T07:17:03+00:00,2026-10-07T07:18:04.894713+00:00,f83514f9-0de8-11e7-991c-3863bb43a7d0,180,12,1,1,6,0,1,1,1,1791357394
2026-10-07T07:17:03+00:00,2026-10-07T07:18:04.894713+00:00,8f51f8f1-ecb8-4cd3-8529-296a03140c51,8f51f8f1-ecb8-4cd3-8529-296a03140c51,10,3,0,9,0,1,1,1,1791357387
2026-10-07T07:17:03+00:00,2026-10-07T07:18:04.894713+00:00,be7e7068-b85f-42c1-8ea1-e1d64e531323,be7e7068-b85f-42c1-8ea1-e1d64e531323,15,3,0,0,0,1,1,1,1791357386
2026-10-07T07:17:03+00:00,2026-10-07T07:18:04.894713+00:00,fbb9b58c-2b92-4bcf-8e4c-a982e40d2f39,221,5,3,0,13,0,1,1,1,1791357387
2026-10-07T07:17:03+00:00,2026-10-07T07:18:04.894713+00:00,3c837bc0-fd08-49c4-adf5-0e9a98e918a7,524,7,0,1,7,0,1,1,1,1791357386
2026-10-07T07:17:03+00:00,2026-10-07T07:18:04.894713+00:00,f834b50a-0de8-11e7-991c-3863bb43a7d0,102,9,3,0,6,0,1,1,1,1791357382
2026-10-07T07:17:03+00:00,2026-10-07T07:18:04.894713+00:00,25cc602a-152a-4abe-9df8-a131d0a5d94b,235,15,5,0,0,0,1,1,1,1791357383
2026-10-07T07:17:03+00:00,2026-10-07T07:18:04.894713+00:00,a3b94ed8-8301-4ec6-baf2-64ac493b5106,529,1,1,0,13,0,1,1,1,1791357385
2026-10-07T07:17:03+00:00,2026-10-07T07:18:04.894713+00:00,2071724371800490690,2071724371800490690,17,0,0,3,0,1,1,1,1791357388
2026-10-07T07:17:03+00:00,2026-10-07T07:18:04.894713+00:00,b5894555-30a3-46db-918a-fdeb083d6001,336,13,7,1,1,0,1,1,1,1791357398
2026-10-07T07:17:03+00:00,2026-10-07T07:18:04.894713+00:00,609c2f06-310e-4134-8dd2-3d23aa41487b,609c2f06-310e-4134-8dd2-3d23aa41487b,12,1,1,9,0,1,1,1,1791357398
2026-10-07T07:17:03+00:00,2026-10-07T07:18:04.894713+00:00,2080157934789007958,2080157934789007958,16,2,2,1,0,1,1,1,1791357398
2026-10-07T07:17:03+00:00,2026-10-07T07:18:04.894713+00:00,f83483f3-0de8-11e7-991c-3863bb43a7d0,46,15,1,1,23,0,1,1,1,1791357299
2026-10-07T07:17:03+00:00,2026-10-07T07:18:04.894713+00:00,f834caf2-0de8-11e7-991c-3863bb43a7d0,114,9,3,0,6,0,1,1,1,1791357296
2026-10-07T07:17:03+00:00,2026-10-07T07:18:04.894713+00:00,4f25f6ef-236b-43b4-8a92-68a24db0504b,4f25f6ef-236b-43b4-8a92-68a24db0504b,12,6,0,2,0,1,1,1,1791357298
2026-10-07T07:17:03+00:00,2026-10-07T07:18:04.894713+00:00,2098360140389493528,2098360140389493528,6,5,3,2,0,1,1,1,1791357304
2026-10-07T07:17:03+00:00,2026-10-07T07:18:04.894713+00:00,eee3aab6-bd98-4d1f-8887-9c4e2adce482,eee3aab6-bd98-4d1f-8887-9c4e2adce482,9,3,2,0,0,1,1,1,1791357304
2026-10-07T07:17:03+00:00,2026-10-07T07:18:04.894713+00:00,f834fede-0de8-11e7-991c-3863bb43a7d0,144,5,0,0,14,0,1,1,1,1791357306
2026-10-07T07:17:03+00:00,2026-10-07T07:18:04.894713+00:00,f8351726-0de8-11e7-991c-3863bb43a7d0,185,0,0,1,14,0,1,1,1,1791357306
2026-10-07T07:17:03+00:00,2026-10-07T07:18:04.894713+00:00,fe6a64e7-c712-404c-85ae-ee77a37245b1,355,7,1,1,9,0,1,1,1,1791357308
2026-10-07T07:17:03+00:00,2026-10-07T07:18:04.894713+00:00,c1789d39-705f-4c03-9c14-4d6a3a4f4400,561,0,0,0,19,0,1,1,1,1791357305
2026-10-07T07:17:03+00:00,2026-10-07T07:18:04.894713+00:00,2002579415401984808,2002579415401984808,4,0,0,7,0,1,1,1,1791357305
2026-10-07T07:17:03+00:00,2026-10-07T07:18:04.894713+00:00,2151136782588526782,2151136782588526782,8,1,1,2,0,1,1,1,1791357305
2026-10-07T07:17:03+00:00,2026-10-07T07:18:04.894713+00:00,ca76adb6-4c84-4484-9ec3-b411b81ddbef,ca76adb6-4c84-4484-9ec3-b411b81ddbef,4,1,2,13,0,1,1,1,1791357314
2026-10-07T07:17:03+00:00,2026-10-07T07:18:04.894713+00:00,2002248857751890568,2002248857751890568,10,8,0,1,0,1,1,1,1791357310
2026-10-07T07:17:03+00:00,2026-10-07T07:18:04.894713+00:00,1978882443666915710,1978882443666915710,12,0,0,5,1,1,1,1,1791357310
2026-10-07T07:17:03+00:00,2026-10-07T07:18:04.894713+00:00,f83489ff-0de8-11e7-991c-3863bb43a7d0,59,1,0,0,17,1,1,1,1,1791357311
2026-10-07T07:17:03+00:00,2026-10-07T07:18:04.894713+00:00,2118368356250680236,2118368356250680236,4,0,0,12,0,1,1,1,1791357313
2026-10-07T07:17:03+00:00,2026-10-07T07:18:04.894713+00:00,a3bf0bfe-198b-4160-a2fb-cc7d10cfb4cf,a3bf0bfe-198b-4160-a2fb-cc7d10cfb4cf,9,1,0,10,0,1,1,1,1791357312
2026-10-07T07:17:03+00:00,2026-10-07T07:18:04.894713+00:00,f8349ed6-0de8-11e7-991c-3863bb43a7d0,82,6,1,0,19,0,1,1,1,1791357310
2026-10-07T07:17:03+00:00,2026-10-07T07:18:04.894713+00:00,065e0e5d-8a0d-49b7-9c1f-c8eaba51a8b4,490,12,4,1,5,0,1,1,1,1791357313
2026-10-07T07:17:03+00:00,2026-10-07T07:18:04.894713+00:00,a83f982f-a4f1-43e4-98e8-c8f4a0bb7290,452,14,1,0,0,0,1,1,1,1791357312
2026-10-07T07:17:03+00:00,2026-10-07T07:18:04.894713+00:00,12141b77-6e5f-444b-bace-2abf16db4fee,12141b77-6e5f-444b-bace-2abf16db4fee,0,0,11,0,0,1,0,0,1791320514
2026-10-07T07:17:03+00:00,2026-10-07T07:18:04.894713+00:00,2096125468116637776,2096125468116637776,12,0,0,3,0,1,1,1,1791357315
2026-10-07T07:17:03+00:00,2026-10-07T07:18:04.894713+00:00,f834dc46-0de8-11e7-991c-3863bb43a7d0,122,2,0,0,13,0,1,1,1,1791357318
2026-10-07T07:17:03+00:00,2026-10-07T07:18:04.894713+00:00,2129865213174084448,2129865213174084448,3,0,0,16,0,1,1,1,1791357316
2026-10-07T07:17:03+00:00,2026-10-07T07:18:04.894713+00:00,f834a7d1-0de8-11e7-991c-3863bb43a7d0,91,3,0,0,16,0,1,1,1,1791357279
2026-10-07T07:17:03+00:00,2026-10-07T07:18:04.894713+00:00,00802fe6-4268-4dc8-8f55-0dbbc1665ce6,515,3,0,2,14,0,1,1,1,1791357280
2026-10-07T07:17:03+00:00,2026-10-07T07:18:04.894713+00:00,c5017e67-cada-4549-a52e-0f13dddd289d,424,10,6,0,9,0,1,1,1,1791357282
2026-10-07T07:17:03+00:00,2026-10-07T07:18:04.894713+00:00,f834ab92-0de8-11e7-991c-3863bb43a7d0,95,15,0,0,0,0,1,1,1,1791357284
2026-10-07T07:17:03+00:00,2026-10-07T07:18:04.894713+00:00,2d32e355-faee-407b-9bb7-45d80ffb059a,2d32e355-faee-407b-9bb7-45d80ffb059a,0,0,1,18,0,1,1,1,1791357290
2026-10-07T07:17:03+00:00,2026-10-07T07:18:04.894713+00:00,228b8017-e4da-4722-9223-b8279a14b8ad,448,4,4,0,6,0,1,1,1,1791357290
2026-10-07T07:17:03+00:00,2026-10-07T07:18:04.894713+00:00,f8351dc2-0de8-11e7-991c-3863bb43a7d0,188,15,1,0,0,0,1,1,1,1791357286
2026-10-07T07:17:03+00:00,2026-10-07T07:18:04.894713+00:00,1989983491501558234,1989983491501558234,2,0,0,9,0,1,1,1,1791357289
2026-10-07T07:17:03+00:00,2026-10-07T07:18:04.894713+00:00,9c8366d8-3b58-4894-b281-09e22f6fe5f7,464,10,1,0,1,0,1,1,1,1791357286
2026-10-07T07:17:03+00:00,2026-10-07T07:18:04.894713+00:00,2271594282663217386,2271594282663217386,2,2,0,9,0,1,1,1,1791357267
2026-10-07T07:17:03+00:00,2026-10-07T07:18:04.894713+00:00,ad2fb6f2-921f-440c-83de-08be76e35c2a,468,3,0,1,10,0,1,1,1,1791357293
2026-10-07T07:17:03+00:00,2026-10-07T07:18:04.894713+00:00,186accbb-6a08-4e1d-b267-9033c4443a56,401,11,3,1,3,0,1,1,1,1791357294
2026-10-07T07:17:03+00:00,2026-10-07T07:18:04.894713+00:00,1676a6f7-c417-48d2-92e8-5ce21995efc3,374,1,0,0,17,0,1,1,1,1791357294
2026-10-07T07:17:03+00:00,2026-10-07T07:18:04.894713+00:00,f83520d8-0de8-11e7-991c-3863bb43a7d0,195,14,2,0,9,0,1,1,1,1791357294
2026-10-07T07:17:03+00:00,2026-10-07T07:18:04.894713+00:00,13d4171b-6d93-490e-923f-f2a17d5c7613,13d4171b-6d93-490e-923f-f2a17d5c7613,3,1,2,6,0,1,1,1,1791357293
2026-10-07T07:17:03+00:00,2026-10-07T07:18:04.894713+00:00,42886366-9cbf-432c-ba84-beef38877c87,408,15,5,0,0,0,1,1,1,1791357292
2026-10-07T07:17:03+00:00,2026-10-07T07:18:04.894713+00:00,f834658f-0de8-11e7-991c-3863bb43a7d0,4,17,1,0,2,0,1,1,1,1791357294
2026-10-07T07:17:03+00:00,2026-10-07T07:18:04.894713+00:00,9cc65d3d-cfcc-45ff-8f75-7264556b1cf9,9cc65d3d-cfcc-45ff-8f75-7264556b1cf9,17,2,0,2,0,1,1,1,1791357292
2026-10-07T07:17:03+00:00,2026-10-07T07:18:04.894713+00:00,2040842277416872172,2040842277416872172,7,1,0,9,0,1,1,1,1791357297
2026-10-07T07:17:03+00:00,2026-10-07T07:18:04.894713+00:00,bd3d4824-7203-4edc-a314-cea2b413e886,319,13,3,0,13,1,1,1,1,1791357321
2026-10-07T07:17:03+00:00,2026-10-07T07:18:04.894713+00:00,f834824e-0de8-11e7-991c-3863bb43a7d0,43,0,0,0,15,0,1,1,1,1791357319
2026-10-07T07:17:03+00:00,2026-10-07T07:18:04.894713+00:00,f0f01d4c-ba4a-4ab2-9cc0-9fa1f9223300,394,6,3,0,8,0,1,1,1,1791357320
2026-10-07T07:17:03+00:00,2026-10-07T07:18:04.894713+00:00,ed6c012e-6d6c-41e7-8e01-90749fd67575,546,11,10,0,5,0,1,1,1,1791357325
2026-10-07T07:17:03+00:00,2026-10-07T07:18:04.894713+00:00,1a39ab83-f029-4134-aad4-35380b30bf2c,1a39ab83-f029-4134-aad4-35380b30bf2c,6,0,0,13,0,1,1,1,1791357325
2026-10-07T07:17:03+00:00,2026-10-07T07:18:04.894713+00:00,f8348a68-0de8-11e7-991c-3863bb43a7d0,60,9,4,1,8,0,1,1,1,1791357328
2026-10-07T07:17:03+00:00,2026-10-07T07:18:04.894713+00:00,f8351490-0de8-11e7-991c-3863bb43a7d0,179,52,7,0,0,1,1,1,1,1791357331
2026-10-07T07:17:03+00:00,2026-10-07T07:18:04.894713+00:00,bd1755dc-f26c-420e-85b3-fd025d0b5445,554,1,0,0,14,0,1,1,1,1791357326
2026-10-07T07:17:03+00:00,2026-10-07T07:18:04.894713+00:00,9f582e05-15e0-4a39-aef5-c719e0c78e26,466,5,3,2,4,0,1,1,1,1791357337
2026-10-07T07:17:03+00:00,2026-10-07T07:18:04.894713+00:00,2254164250455119196,2254164250455119196,7,7,0,8,0,1,1,1,1791357338
2026-10-07T07:17:03+00:00,2026-10-07T07:18:04.894713+00:00,f83512c9-0de8-11e7-991c-3863bb43a7d0,175,6,2,0,11,0,1,1,1,1791357334
2026-10-07T07:17:03+00:00,2026-10-07T07:18:04.894713+00:00,f834fc57-0de8-11e7-991c-3863bb43a7d0,140,9,1,3,5,0,1,1,1,1791357310
2026-10-07T07:17:03+00:00,2026-10-07T07:18:04.894713+00:00,f834dedf-0de8-11e7-991c-3863bb43a7d0,124,10,4,0,4,0,1,1,1,1791357335
2026-10-07T07:17:03+00:00,2026-10-07T07:18:04.894713+00:00,2267959380696438832,2267959380696438832,7,0,0,4,0,1,1,1,1791357333
2026-10-07T07:17:03+00:00,2026-10-07T07:18:04.894713+00:00,0b0467c1-0c90-4529-a556-fe4d57835bbb,435,11,11,0,3,1,1,1,1,1791357337
2026-10-07T07:17:03+00:00,2026-10-07T07:18:04.894713+00:00,f834ba08-0de8-11e7-991c-3863bb43a7d0,108,0,0,0,16,0,1,1,1,1791357334
2026-10-07T07:17:03+00:00,2026-10-07T07:18:04.894713+00:00,f83515d8-0de8-11e7-991c-3863bb43a7d0,182,10,0,0,8,0,1,1,1,1791357334
2026-10-07T07:17:03+00:00,2026-10-07T07:18:04.894713+00:00,47c44bb1-d065-41f5-ad79-c18aee60af34,342,9,0,1,5,0,1,1,1,1791357339
2026-10-07T07:17:03+00:00,2026-10-07T07:18:04.894713+00:00,9e9be067-c6bb-41de-9491-eda69d24d6de,371,15,5,0,3,0,1,1,1,1791357356
2026-10-07T07:17:03+00:00,2026-10-07T07:18:04.894713+00:00,2093488029445054742,2093488029445054742,5,0,0,23,0,1,1,1,1791357357
2026-10-07T07:17:03+00:00,2026-10-07T07:18:04.894713+00:00,fe534b6f-61ad-47d3-b9f6-cdaa128f53a4,395,5,0,2,8,0,1,1,1,1791357358
2026-10-07T07:17:03+00:00,2026-10-07T07:18:04.894713+00:00,12d463d2-ce50-43bd-81b1-6be4dbdbbc1b,430,13,4,0,6,0,1,1,1,1791357355
2026-10-07T07:17:03+00:00,2026-10-07T07:18:04.894713+00:00,2123672938202825324,2123672938202825324,0,0,0,15,0,1,1,1,1791357353
2026-10-07T07:17:03+00:00,2026-10-07T07:18:04.894713+00:00,f83481c5-0de8-11e7-991c-3863bb43a7d0,42,4,0,1,25,0,1,1,1,1791357354
2026-10-07T07:17:03+00:00,2026-10-07T07:18:04.894713+00:00,0daf7408-7a15-4d2b-8c39-f1a097cdbe85,403,5,0,0,10,0,1,1,1,1791357368
2026-10-07T07:17:03+00:00,2026-10-07T07:18:04.894713+00:00,f8346f6f-0de8-11e7-991c-3863bb43a7d0,19,11,1,1,2,0,1,1,1,1791357368
2026-10-07T07:17:03+00:00,2026-10-07T07:18:04.894713+00:00,5bbdd12f-fec4-4741-9d5d-4a60834c5d02,377,8,1,0,11,0,1,1,1,1791357371
2026-10-07T07:17:03+00:00,2026-10-07T07:18:04.894713+00:00,2038981933682610536,2038981933682610536,4,0,0,12,0,1,1,1,1791357372
2026-10-07T07:17:03+00:00,2026-10-07T07:18:04.894713+00:00,8347c34d-68df-404b-ac58-7a387cc3ce4b,414,9,2,0,14,0,1,1,1,1791357373
2026-10-07T07:17:03+00:00,2026-10-07T07:18:04.894713+00:00,52485851-e554-49de-ab9f-f536806d2d34,52485851-e554-49de-ab9f-f536806d2d34,4,1,0,6,0,1,1,1,1791357371
2026-10-07T07:17:03+00:00,2026-10-07T07:18:04.894713+00:00,2104f242-2dde-4ec0-8197-4454b1021ac1,381,13,2,2,8,1,1,1,1,1791357333
2026-10-07T07:17:03+00:00,2026-10-07T07:18:04.894713+00:00,c23a4c0d-7e43-4042-80e2-7c894d07763b,559,5,1,0,6,0,1,1,1,1791357339
2026-10-07T07:17:03+00:00,2026-10-07T07:18:04.894713+00:00,c202f2ca-ec1d-4dc5-a734-e0a342f23ba4,279,18,1,1,4,0,1,1,1,1791357344
2026-10-07T07:17:03+00:00,2026-10-07T07:18:04.894713+00:00,aa556ad4-0092-4687-96c2-8dbc69addb56,485,5,0,2,4,0,1,1,1,1791357341
2026-10-07T07:17:03+00:00,2026-10-07T07:18:04.894713+00:00,f8347b1e-0de8-11e7-991c-3863bb43a7d0,30,1,0,0,14,0,1,1,1,1791357345
2026-10-07T07:17:03+00:00,2026-10-07T07:18:04.894713+00:00,1921360868231155718,1921360868231155718,3,0,0,16,0,1,1,1,1791357343
2026-10-07T07:17:03+00:00,2026-10-07T07:18:04.894713+00:00,f834f8ca-0de8-11e7-991c-3863bb43a7d0,137,11,9,4,2,2,1,1,1,1791357341
2026-10-07T07:17:03+00:00,2026-10-07T07:18:04.894713+00:00,93381e13-cd04-4e10-ac81-9f5926aa01d5,333,19,6,1,5,0,1,1,1,1791357342
2026-10-07T07:17:03+00:00,2026-10-07T07:18:04.894713+00:00,1942556871369959976,1942556871369959976,14,6,1,4,0,1,1,1,1791357346
2026-10-07T07:17:03+00:00,2026-10-07T07:18:04.894713+00:00,f8352378-0de8-11e7-991c-3863bb43a7d0,200,14,0,0,5,0,1,1,1,1791357346
2026-10-07T07:17:03+00:00,2026-10-07T07:18:04.894713+00:00,f8285d4f-5053-4e26-bb28-72016fe11353,405,12,0,0,7,0,1,1,1,1791357346
2026-10-07T07:17:03+00:00,2026-10-07T07:18:04.894713+00:00,81676204-e42f-4d3d-991e-9c1264f36229,357,14,2,0,1,0,1,1,1,1791357347
2026-10-07T07:17:03+00:00,2026-10-07T07:18:04.894713+00:00,e32c0bb9-e85b-4764-b0fb-5c582cfd3a90,340,14,8,1,2,2,1,1,1,1791357348
2026-10-07T07:17:03+00:00,2026-10-07T07:18:04.894713+00:00,2131760674371160748,2131760674371160748,4,0,1,15,0,1,1,1,1791357352
2026-10-07T07:17:03+00:00,2026-10-07T07:18:04.894713+00:00,2225590560002383786,2225590560002383786,0,0,0,15,0,1,1,1,1791357351
2026-10-07T07:17:03+00:00,2026-10-07T07:18:04.894713+00:00,7feae3ce-ddf2-4a45-a123-1209c8a9182b,484,2,0,0,9,0,1,1,1,1791357351
2026-10-07T07:17:03+00:00,2026-10-07T07:18:04.894713+00:00,f834a3a0-0de8-11e7-991c-3863bb43a7d0,87,14,3,0,1,0,1,1,1,1791357352
2026-10-07T07:17:03+00:00,2026-10-07T07:18:04.894713+00:00,f834a838-0de8-11e7-991c-3863bb43a7d0,92,10,2,1,7,0,1,1,1,1791357350
2026-10-07T07:17:03+00:00,2026-10-07T07:18:04.894713+00:00,f83471a1-0de8-11e7-991c-3863bb43a7d0,23,4,0,0,20,1,1,1,1,1791357365
2026-10-07T07:17:03+00:00,2026-10-07T07:18:04.894713+00:00,4fe8e777-345b-4fc2-a684-dd874e8186d8,4fe8e777-345b-4fc2-a684-dd874e8186d8,8,4,1,6,0,1,1,1,1791357366
2026-10-07T07:17:03+00:00,2026-10-07T07:18:04.894713+00:00,2076849845777355316,2076849845777355316,16,0,3,10,3,1,1,1,1791357365
2026-10-07T07:17:03+00:00,2026-10-07T07:18:04.894713+00:00,2130224177726511580,2130224177726511580,6,0,0,9,0,1,1,1,1791357362
2026-10-07T07:17:03+00:00,2026-10-07T07:18:04.894713+00:00,f834ea45-0de8-11e7-991c-3863bb43a7d0,130,7,0,0,8,0,1,1,1,1791357366
2026-10-07T07:17:03+00:00,2026-10-07T07:18:04.894713+00:00,f8350204-0de8-11e7-991c-3863bb43a7d0,151,1,0,0,18,0,1,1,1,1791357365
2026-10-07T07:17:03+00:00,2026-10-07T07:18:04.894713+00:00,7df1ee28-441e-44c1-8507-8f58946be96b,239,14,2,1,0,0,1,1,1,1791357375
2026-10-07T07:17:03+00:00,2026-10-07T07:18:04.894713+00:00,f8349e56-0de8-11e7-991c-3863bb43a7d0,81,7,0,1,11,0,1,1,1,1791357377
2026-10-07T07:17:03+00:00,2026-10-07T07:18:04.894713+00:00,2071630998981871920,2071630998981871920,12,5,0,8,0,1,1,1,1791357379
2026-10-07T07:17:03+00:00,2026-10-07T07:18:04.894713+00:00,f834ec42-0de8-11e7-991c-3863bb43a7d0,131,16,2,1,1,0,1,1,1,1791357377
2026-10-07T07:17:03+00:00,2026-10-07T07:18:04.894713+00:00,2245672241002318634,2245672241002318634,6,1,1,11,0,1,1,1,1791357377
2026-10-07T07:17:03+00:00,2026-10-07T07:18:04.894713+00:00,4c128753-6fde-4d4c-896e-a1adf89ada98,4c128753-6fde-4d4c-896e-a1adf89ada98,0,0,1,23,1,1,1,1,1791357374
2026-10-07T07:17:03+00:00,2026-10-07T07:18:04.894713+00:00,1976642295079838524,1976642295079838524,4,0,1,6,0,1,1,1,1791357374
2026-10-07T07:17:03+00:00,2026-10-07T07:18:04.894713+00:00,e2c306f6-82c7-4d0d-89fd-c9452d2f9ad1,361,6,1,0,37,0,1,1,1,1791357373
2026-10-07T07:17:03+00:00,2026-10-07T07:18:04.894713+00:00,d1c0b0c2-6e4c-424e-a946-a2a95a711633,422,7,1,0,8,0,1,1,1,1791357373
2026-10-07T07:17:03+00:00,2026-10-07T07:18:04.894713+00:00,f8350a84-0de8-11e7-991c-3863bb43a7d0,157,1,1,0,14,0,1,1,1,1791357380
2026-10-07T07:17:03+00:00,2026-10-07T07:18:04.894713+00:00,5f8ced09-665c-41e5-b67e-1e58fac21830,521,3,0,0,8,0,1,1,1,1791357384
2026-10-07T07:17:03+00:00,2026-10-07T07:18:04.894713+00:00,a75d3da1-ce74-447f-8e80-52506a81aff3,a75d3da1-ce74-447f-8e80-52506a81aff3,11,8,0,0,0,1,1,1,1791357382
2026-10-07T07:17:03+00:00,2026-10-07T07:18:04.894713+00:00,f714390d-6874-43fa-a079-a07f83c79c7b,f714390d-6874-43fa-a079-a07f83c79c7b,10,3,1,0,0,1,1,1,1791357382
2026-10-07T07:17:03+00:00,2026-10-07T07:18:04.894713+00:00,f8352068-0de8-11e7-991c-3863bb43a7d0,194,11,0,0,8,0,1,1,1,1791357385
2026-10-07T07:17:03+00:00,2026-10-07T07:18:04.894713+00:00,f83480a9-0de8-11e7-991c-3863bb43a7d0,40,28,0,0,3,0,1,1,1,1791357386
2026-10-07T07:17:03+00:00,2026-10-07T07:18:04.894713+00:00,2014558273483754010,2014558273483754010,5,1,0,14,0,1,1,1,1791357389
2026-10-07T07:17:03+00:00,2026-10-07T07:18:04.894713+00:00,2249419943962214726,2249419943962214726,2,0,1,16,0,1,1,1,1791357390
2026-10-07T07:17:03+00:00,2026-10-07T07:18:04.894713+00:00,81bfc33b-30d8-4881-b261-712715a8b2bc,363,5,1,0,12,1,1,1,1,1791357391
2026-10-07T07:17:03+00:00,2026-10-07T07:18:04.894713+00:00,eb8824c3-9c84-4fec-8d6f-d537c8ab3beb,349,13,10,0,3,1,1,1,1,1791357392
2026-10-07T07:17:03+00:00,2026-10-07T07:18:04.894713+00:00,f8352ac4-0de8-11e7-991c-3863bb43a7d0,213,0,0,2,12,0,1,1,1,1791357390
2026-10-07T07:17:03+00:00,2026-10-07T07:18:04.894713+00:00,74cb9bf6-bb53-4c70-88d2-67998b99628c,296,12,2,0,11,0,1,1,1,1791357390
2026-10-07T07:17:03+00:00,2026-10-07T07:18:04.894713+00:00,53548ba4-ad0a-4d92-8e57-fd5c9f3ad102,399,5,0,0,10,0,1,1,1,1791357387
2026-10-07T07:17:03+00:00,2026-10-07T07:18:04.894713+00:00,2035660824473983142,2035660824473983142,9,0,0,9,1,1,1,1,1791357387
2026-10-07T07:17:03+00:00,2026-10-07T07:18:04.894713+00:00,6e340d8e-45db-4fd9-b6eb-b74ec73b0d3e,535,6,1,2,7,0,1,1,1,1791357396
2026-10-07T07:17:03+00:00,2026-10-07T07:18:04.894713+00:00,f8351eb0-0de8-11e7-991c-3863bb43a7d0,190,28,1,1,8,0,1,1,1,1791357392
2026-10-07T07:17:03+00:00,2026-10-07T07:18:04.894713+00:00,f834b99d-0de8-11e7-991c-3863bb43a7d0,107,0,0,0,18,0,1,1,1,1791357393
2026-10-07T07:17:03+00:00,2026-10-07T07:18:04.894713+00:00,7c860828-3359-4229-b59b-963f5a4bab00,236,5,1,2,5,0,1,1,1,1791357392
2026-10-07T07:17:03+00:00,2026-10-07T07:18:04.894713+00:00,be18593a-9e4c-4a13-8bb2-a5bac3d9b2b3,547,11,3,0,7,0,1,1,1,1791357393
2026-10-07T07:17:03+00:00,2026-10-07T07:18:04.894713+00:00,f835108b-0de8-11e7-991c-3863bb43a7d0,170,4,1,0,10,0,1,1,1,1791357394
2026-10-07T07:17:03+00:00,2026-10-07T07:18:04.894713+00:00,2109111257926871498,2109111257926871498,15,4,1,3,0,1,1,1,1791357394
2026-10-07T07:17:03+00:00,2026-10-07T07:18:04.894713+00:00,2007420398783036020,2007420398783036020,7,0,0,13,0,1,1,1,1791357395
2026-10-07T07:17:03+00:00,2026-10-07T07:18:04.894713+00:00,2212258635631104970,2212258635631104970,9,0,0,14,0,1,1,1,1791357395
2026-10-07T07:17:03+00:00,2026-10-07T07:18:04.894713+00:00,2212663228188806942,2212663228188806942,8,0,0,16,0,1,1,1,1791357393
2026-10-07T07:17:03+00:00,2026-10-07T07:18:04.894713+00:00,403c0f6c-d01a-4171-a7be-3aa4dbb0d7d1,407,11,8,2,5,0,1,1,1,1791357394
2026-10-07T07:17:03+00:00,2026-10-07T07:18:04.894713+00:00,f83529e2-0de8-11e7-991c-3863bb43a7d0,211,9,0,0,6,0,1,1,1,1791357393
2026-10-07T07:17:03+00:00,2026-10-07T07:18:04.894713+00:00,2220822464984366036,2220822464984366036,3,1,0,9,0,1,1,1,1791357398
2026-10-07T07:17:03+00:00,2026-10-07T07:18:04.894713+00:00,9340e113-e0b2-48ac-b58a-8b6f001b0a94,486,4,1,0,7,0,1,1,1,1791357399
2026-10-07T07:17:03+00:00,2026-10-07T07:18:04.894713+00:00,f835260c-0de8-11e7-991c-3863bb43a7d0,206,7,1,0,33,0,1,1,1,1791357399
2026-10-07T07:17:03+00:00,2026-10-07T07:18:04.894713+00:00,1df03e33-c105-4e53-b013-d20056cd57f8,1df03e33-c105-4e53-b013-d20056cd57f8,0,0,0,0,0,0,0,0,86400
2026-10-07T07:17:03+00:00,2026-10-07T07:18:04.894713+00:00,cf5f920f-b61d-4db0-b139-14aff04d577c,459,0,0,9,0,13,1,0,0,1791335572
2026-10-07T07:17:03+00:00,2026-10-07T07:18:04.894713+00:00,0208190e-851c-417d-8bc7-1b218db97fbf,0208190e-851c-417d-8bc7-1b218db97fbf,0,0,1,22,0,1,0,0,1791347955
2026-10-07T07:17:03+00:00,2026-10-07T07:18:04.894713+00:00,c5cfd1ed-aa44-4e20-96bb-e334c96f0d68,376,13,0,0,2,0,1,1,1,1791357255
2026-10-07T07:17:03+00:00,2026-10-07T07:18:04.894713+00:00,f834c7a9-0de8-11e7-991c-3863bb43a7d0,112,11,2,0,4,0,1,1,1,1791357278
2026-10-07T07:17:03+00:00,2026-10-07T07:18:04.894713+00:00,f9524971-e9f9-4572-aebc-580e48de042f,f9524971-e9f9-4572-aebc-580e48de042f,13,3,0,6,0,1,1,1,1791357280
2026-10-07T07:17:03+00:00,2026-10-07T07:18:04.894713+00:00,f834a8a0-0de8-11e7-991c-3863bb43a7d0,93,17,0,0,14,0,1,1,1,1791357280
2026-10-07T07:17:03+00:00,2026-10-07T07:18:04.894713+00:00,f8349b20-0de8-11e7-991c-3863bb43a7d0,76,14,1,0,3,0,1,1,1,1791357280
2026-10-07T07:17:03+00:00,2026-10-07T07:18:04.894713+00:00,68e5e79a-3c94-4848-b619-9c0829d7f687,475,15,9,0,0,0,1,1,1,1791357284
2026-10-07T07:17:03+00:00,2026-10-07T07:18:04.894713+00:00,57716f8d-c9ee-4768-8872-71343ec3ffd8,514,12,4,2,5,0,1,1,1,1791357299
2026-10-07T07:17:03+00:00,2026-10-07T07:18:04.894713+00:00,9721c80e-fc8f-474f-8918-b68c041d2836,9721c80e-fc8f-474f-8918-b68c041d2836,4,1,1,18,0,1,1,1,1791357295
2026-10-07T07:17:03+00:00,2026-10-07T07:18:04.894713+00:00,baab0b05-a028-4147-8432-a2726c7e48ea,328,12,4,0,3,0,1,1,1,1791357299
2026-10-07T07:17:03+00:00,2026-10-07T07:18:04.894713+00:00,b34694c2-c640-4f70-b196-1c357ab798e0,b34694c2-c640-4f70-b196-1c357ab798e0,11,3,0,4,0,1,1,1,1791357299
2026-10-07T07:17:03+00:00,2026-10-07T07:18:04.894713+00:00,fe90d430-d33f-48b2-a5cd-bc161b220939,553,13,0,0,10,0,1,1,1,1791357300
2026-10-07T07:17:03+00:00,2026-10-07T07:18:04.894713+00:00,ff938129-8179-455c-9ac9-9fcb9fc0b6d5,ff938129-8179-455c-9ac9-9fcb9fc0b6d5,12,4,1,6,0,1,1,1,1791357307
2026-10-07T07:17:03+00:00,2026-10-07T07:18:04.894713+00:00,f83513a7-0de8-11e7-991c-3863bb43a7d0,177,3,0,0,16,0,1,1,1,1791357307
2026-10-07T07:17:03+00:00,2026-10-07T07:18:04.894713+00:00,903b9b5d-4244-43e4-8441-0d17f9a994f7,528,1,0,0,10,0,1,1,1,1791357285
2026-10-07T07:17:03+00:00,2026-10-07T07:18:04.894713+00:00,2027502297316997708,2027502297316997708,8,0,0,3,0,1,1,1,1791357286
2026-10-07T07:17:03+00:00,2026-10-07T07:18:04.894713+00:00,36f36eed-1070-49be-8b31-5676b8b3489f,227,5,1,0,14,0,1,1,1,1791357292
2026-10-07T07:17:03+00:00,2026-10-07T07:18:04.894713+00:00,270ad97d-035d-472a-9827-76d3187afc56,402,13,9,0,2,0,1,1,1,1791357290
2026-10-07T07:17:03+00:00,2026-10-07T07:18:04.894713+00:00,25a9114f-66f0-427c-920f-5526ca84f056,346,14,1,1,0,0,1,1,1,1791357291
2026-10-07T07:17:03+00:00,2026-10-07T07:18:04.894713+00:00,f834e534-0de8-11e7-991c-3863bb43a7d0,128,12,7,0,7,0,1,1,1,1791357291
2026-10-07T07:17:03+00:00,2026-10-07T07:18:04.894713+00:00,df03c61a-29d7-445d-9980-d7f058916591,345,12,0,0,7,0,1,1,1,1791357309
2026-10-07T07:17:03+00:00,2026-10-07T07:18:04.894713+00:00,940638c5-7cd0-4a11-899e-86af3868d400,532,6,1,0,12,0,1,1,1,1791357314
2026-10-07T07:17:03+00:00,2026-10-07T07:18:04.894713+00:00,295553ea-851b-4ac2-a094-f9d1208e399a,412,5,2,0,14,0,1,1,1,1791357313
2026-10-07T07:17:03+00:00,2026-10-07T07:18:04.894713+00:00,f83511d4-0de8-11e7-991c-3863bb43a7d0,173,6,0,0,7,1,1,1,1,1791357317
2026-10-07T07:17:03+00:00,2026-10-07T07:18:04.894713+00:00,8983c75a-12c1-4995-aedc-24c94bd895e3,384,1,0,0,18,0,1,1,1,1791357322
2026-10-07T07:17:03+00:00,2026-10-07T07:18:04.894713+00:00,f83492b4-0de8-11e7-991c-3863bb43a7d0,66,10,4,1,4,0,1,1,1,1791357322
2026-10-07T07:17:03+00:00,2026-10-07T07:18:04.894713+00:00,f834f6a3-0de8-11e7-991c-3863bb43a7d0,135,0,0,0,17,0,1,1,1,1791357325
2026-10-07T07:17:03+00:00,2026-10-07T07:18:04.894713+00:00,5b1d2661-8a93-4f14-b242-ebc52792f951,337,15,3,0,0,0,1,1,1,1791357323
2026-10-07T07:17:03+00:00,2026-10-07T07:18:04.894713+00:00,1991922092203192944,1991922092203192944,2,0,0,17,0,1,1,1,1791357299
2026-10-07T07:17:03+00:00,2026-10-07T07:18:04.894713+00:00,48abed77-c9ba-4a39-8a5c-6a1e9bb8a9a5,48abed77-c9ba-4a39-8a5c-6a1e9bb8a9a5,14,8,1,1,0,1,1,1,1791357323
2026-10-07T07:17:03+00:00,2026-10-07T07:18:04.894713+00:00,d7507124-4cab-4063-8445-a59a33a3d6e4,512,8,4,1,10,0,1,1,1,1791357329
2026-10-07T07:17:03+00:00,2026-10-07T07:18:04.894713+00:00,2270454512964591136,2270454512964591136,0,0,0,19,0,1,1,1,1791357329
2026-10-07T07:17:03+00:00,2026-10-07T07:18:04.894713+00:00,f8351f1d-0de8-11e7-991c-3863bb43a7d0,191,7,0,1,8,0,1,1,1,1791357330
2026-10-07T07:17:03+00:00,2026-10-07T07:18:04.894713+00:00,8d893519-bc21-4536-b346-f558988bc8ad,260,9,1,0,6,0,1,1,1,1791357330
2026-10-07T07:17:03+00:00,2026-10-07T07:18:04.894713+00:00,888780ee-bf2f-474e-9622-6bc725aa1b00,888780ee-bf2f-474e-9622-6bc725aa1b00,2,0,4,5,0,1,1,1,1791357332
2026-10-07T07:17:03+00:00,2026-10-07T07:18:04.894713+00:00,f83482d2-0de8-11e7-991c-3863bb43a7d0,44,1,0,0,30,0,1,1,1,1791357329
2026-10-07T07:17:03+00:00,2026-10-07T07:18:04.894713+00:00,2085737662370069102,2085737662370069102,14,2,0,4,1,1,1,1,1791357338
2026-10-07T07:17:03+00:00,2026-10-07T07:18:04.894713+00:00,fbc512a5-4b98-4821-bcfb-bb0c7ac83543,365,5,0,0,14,0,1,1,1,1791357337
2026-10-07T07:17:03+00:00,2026-10-07T07:18:04.894713+00:00,2014865445230483952,2014865445230483952,13,0,0,4,0,1,1,1,1791357333
2026-10-07T07:17:03+00:00,2026-10-07T07:18:04.894713+00:00,1a661bb7-7d14-49e9-ac3d-22bafec8a2f0,507,6,4,1,4,0,1,1,1,1791357336
2026-10-07T07:17:03+00:00,2026-10-07T07:18:04.894713+00:00,1994054629753598708,1994054629753598708,13,4,0,1,0,1,1,1,1791357335
2026-10-07T07:17:03+00:00,2026-10-07T07:18:04.894713+00:00,2088704000370565344,2088704000370565344,3,0,2,7,0,1,1,1,1791357343
2026-10-07T07:17:03+00:00,2026-10-07T07:18:04.894713+00:00,1965873511294959658,1965873511294959658,4,0,0,19,0,1,1,1,1791357343
2026-10-07T07:17:03+00:00,2026-10-07T07:18:04.894713+00:00,f83517fa-0de8-11e7-991c-3863bb43a7d0,187,12,4,0,3,0,1,1,1,1791357338
2026-10-07T07:17:03+00:00,2026-10-07T07:18:04.894713+00:00,8b97606e-a849-4db8-ae9b-4009fe48d90b,556,8,1,0,11,0,1,1,1,1791357339
2026-10-07T07:17:03+00:00,2026-10-07T07:18:04.894713+00:00,f8352534-0de8-11e7-991c-3863bb43a7d0,204,9,3,0,6,0,1,1,1,1791357340
2026-10-07T07:17:03+00:00,2026-10-07T07:18:04.894713+00:00,f8346803-0de8-11e7-991c-3863bb43a7d0,8,15,5,0,4,0,1,1,1,1791357341
2026-10-07T07:17:03+00:00,2026-10-07T07:18:04.894713+00:00,f834b8b3-0de8-11e7-991c-3863bb43a7d0,105,11,0,0,7,0,1,1,1,1791357343
2026-10-07T07:17:03+00:00,2026-10-07T07:18:04.894713+00:00,f8346d23-0de8-11e7-991c-3863bb43a7d0,15,5,0,0,10,0,1,1,1,1791357341
2026-10-07T07:17:03+00:00,2026-10-07T07:18:04.894713+00:00,ea65c25f-0718-4f79-8588-c58b9fe3a105,226,6,0,1,7,1,1,1,1,1791357341
2026-10-07T07:17:03+00:00,2026-10-07T07:18:04.894713+00:00,8a404180-7c2e-4dbe-9489-c478ed959282,8a404180-7c2e-4dbe-9489-c478ed959282,1,0,3,15,0,1,1,1,1791357345
2026-10-07T07:17:03+00:00,2026-10-07T07:18:04.894713+00:00,1963613484180639992,1963613484180639992,12,1,0,7,0,1,1,1,1791357347
2026-10-07T07:17:03+00:00,2026-10-07T07:18:04.894713+00:00,2259733531216984776,2259733531216984776,4,1,0,11,0,1,1,1,1791357348
2026-10-07T07:17:03+00:00,2026-10-07T07:18:04.894713+00:00,f8346b6f-0de8-11e7-991c-3863bb43a7d0,12,16,0,0,11,0,1,1,1,1791357356
2026-10-07T07:17:03+00:00,2026-10-07T07:18:04.894713+00:00,f8350cc1-0de8-11e7-991c-3863bb43a7d0,162,5,3,0,10,0,1,1,1,1791357356
2026-10-07T07:17:03+00:00,2026-10-07T07:18:04.894713+00:00,2039109354743046934,2039109354743046934,10,1,2,7,1,1,1,1,1791357357
2026-10-07T07:17:03+00:00,2026-10-07T07:18:04.894713+00:00,f8352219-0de8-11e7-991c-3863bb43a7d0,197,14,7,0,1,0,1,1,1,1791357354
2026-10-07T07:17:03+00:00,2026-10-07T07:18:04.894713+00:00,90330e1a-dee5-4914-9d3f-3891aeca12ca,434,8,0,1,10,0,1,1,1,1791357359
2026-10-07T07:17:03+00:00,2026-10-07T07:18:04.894713+00:00,7e1dae55-4d3d-4a41-b969-2aeca70e0e69,7e1dae55-4d3d-4a41-b969-2aeca70e0e69,8,0,0,3,0,1,1,1,1791357355
2026-10-07T07:17:03+00:00,2026-10-07T07:18:04.894713+00:00,f834a959-0de8-11e7-991c-3863bb43a7d0,94,10,8,0,0,0,1,1,1,1791357360
2026-10-07T07:17:03+00:00,2026-10-07T07:18:04.894713+00:00,1986302395589722758,1986302395589722758,8,2,0,2,0,1,1,1,1791357359
2026-10-07T07:17:03+00:00,2026-10-07T07:18:04.894713+00:00,f834b101-0de8-11e7-991c-3863bb43a7d0,97,2,1,0,16,1,1,1,1,1791357363
2026-10-07T07:17:03+00:00,2026-10-07T07:18:04.894713+00:00,b205d2bb-bb76-49ac-8d14-85eec5a874d3,343,7,1,1,7,0,1,1,1,1791357363
2026-10-07T07:17:03+00:00,2026-10-07T07:18:04.894713+00:00,e4678b17-face-42c3-9b5f-98418d31e3b6,e4678b17-face-42c3-9b5f-98418d31e3b6,11,4,0,0,0,1,1,1,1791357361
2026-10-07T07:17:03+00:00,2026-10-07T07:18:04.894713+00:00,2249415127458891992,2249415127458891992,12,0,0,3,0,1,1,1,1791357361
2026-10-07T07:17:03+00:00,2026-10-07T07:18:04.894713+00:00,2090158541932726550,2090158541932726550,10,0,0,5,0,1,1,1,1791357360
2026-10-07T07:17:03+00:00,2026-10-07T07:18:04.894713+00:00,f2b83aa2-86cd-4904-a099-74bf2023f768,330,2,0,0,13,0,1,1,1,1791357362
2026-10-07T07:17:03+00:00,2026-10-07T07:18:04.894713+00:00,aa964f5b-fadf-4fc1-8c91-84ee36e15f0d,341,14,0,0,1,0,1,1,1,1791357360
2026-10-07T07:17:03+00:00,2026-10-07T07:18:04.894713+00:00,2087949096844032050,2087949096844032050,6,0,0,9,0,1,1,1,1791357361
2026-10-07T07:17:03+00:00,2026-10-07T07:18:04.894713+00:00,2090635592862466836,2090635592862466836,6,0,2,22,1,1,1,1,1791357360
2026-10-07T07:17:03+00:00,2026-10-07T07:18:04.894713+00:00,f83497b9-0de8-11e7-991c-3863bb43a7d0,74,0,0,0,19,0,1,1,1,1791357362
2026-10-07T07:17:03+00:00,2026-10-07T07:18:04.894713+00:00,f8352b39-0de8-11e7-991c-3863bb43a7d0,214,10,1,0,3,1,1,1,1,1791357362
2026-10-07T07:17:03+00:00,2026-10-07T07:18:04.894713+00:00,f8352ba8-0de8-11e7-991c-3863bb43a7d0,215,3,1,0,12,0,1,1,1,1791357365
2026-10-07T07:17:03+00:00,2026-10-07T07:18:04.894713+00:00,2227858849424910006,2227858849424910006,8,2,0,0,0,1,1,1,1791357366
2026-10-07T07:17:03+00:00,2026-10-07T07:18:04.894713+00:00,9bfa4a32-5598-46ea-a1a1-17b4c6ed9d84,431,11,3,0,4,0,1,1,1,1791357369
2026-10-07T07:17:03+00:00,2026-10-07T07:18:04.894713+00:00,81323081-749c-44cf-ac62-0e6c64305c32,461,4,0,0,7,0,1,1,1,1791357365
2026-10-07T07:17:03+00:00,2026-10-07T07:18:04.894713+00:00,ef6ef93b-488f-496b-afbf-3aedfd967129,517,8,4,0,7,0,1,1,1,1791357365
2026-10-07T07:17:03+00:00,2026-10-07T07:18:04.894713+00:00,f8348622-0de8-11e7-991c-3863bb43a7d0,50,0,0,0,19,0,1,1,1,1791357370
2026-10-07T07:17:03+00:00,2026-10-07T07:18:04.894713+00:00,f8347e78-0de8-11e7-991c-3863bb43a7d0,36,7,0,1,23,0,1,1,1,1791357370
2026-10-07T07:17:03+00:00,2026-10-07T07:18:04.894713+00:00,f8347c41-0de8-11e7-991c-3863bb43a7d0,32,4,0,0,10,0,1,1,1,1791357372
2026-10-07T07:17:03+00:00,2026-10-07T07:18:04.894713+00:00,f834708e-0de8-11e7-991c-3863bb43a7d0,21,3,0,0,14,0,1,1,1,1791357372
2026-10-07T07:17:03+00:00,2026-10-07T07:18:04.894713+00:00,2145094035874873892,2145094035874873892,13,1,1,5,0,1,1,1,1791357376
2026-10-07T07:17:03+00:00,2026-10-07T07:18:04.894713+00:00,7560f0e3-267b-4fb3-bbfa-6e02010cfcb7,225,16,1,1,2,0,1,1,1,1791357376
2026-10-07T07:17:03+00:00,2026-10-07T07:18:04.894713+00:00,f835288a-0de8-11e7-991c-3863bb43a7d0,208,11,1,0,4,0,1,1,1,1791357380
2026-10-07T07:17:03+00:00,2026-10-07T07:18:04.894713+00:00,2110984374959099994,2110984374959099994,4,3,0,16,0,1,1,1,1791357381
2026-10-07T07:17:03+00:00,2026-10-07T07:18:04.894713+00:00,f8349440-0de8-11e7-991c-3863bb43a7d0,68,0,0,1,18,0,1,1,1,1791357379
2026-10-07T07:17:03+00:00,2026-10-07T07:18:04.894713+00:00,61168d8b-20b7-46c8-8f08-6ae1f100c4e0,550,9,4,0,8,0,1,1,1,1791357380
2026-10-07T07:17:03+00:00,2026-10-07T07:18:04.894713+00:00,6aebc664-1e3c-479f-8f65-2bae99215ed3,6aebc664-1e3c-479f-8f65-2bae99215ed3,9,2,0,2,0,1,1,1,1791357378
2026-10-07T07:17:03+00:00,2026-10-07T07:18:04.894713+00:00,51bb4381-dae4-4aeb-b213-0614b807be29,344,11,7,2,6,0,1,1,1,1791357382
2026-10-07T07:17:03+00:00,2026-10-07T07:18:04.894713+00:00,d22265a8-a6d7-4922-a6b5-4be738a9e5c4,392,13,10,0,2,0,1,1,1,1791357382
2026-10-07T07:17:03+00:00,2026-10-07T07:18:04.894713+00:00,56817d8e-3a1c-431a-a529-1a600f80c364,366,9,2,1,17,0,1,1,1,1791357376
2026-10-07T07:17:03+00:00,2026-10-07T07:18:04.894713+00:00,b6a8522d-296d-4c05-887d-842374520780,545,11,11,0,2,1,1,1,1,1791357378
2026-10-07T07:17:03+00:00,2026-10-07T07:18:04.894713+00:00,380de8b2-2728-4e4b-83f1-251bfbb5acf2,487,18,5,1,0,0,1,1,1,1791357378
2026-10-07T07:17:03+00:00,2026-10-07T07:18:04.894713+00:00,f8347ccd-0de8-11e7-991c-3863bb43a7d0,33,15,0,0,12,0,1,1,1,1791357377
2026-10-07T07:17:03+00:00,2026-10-07T07:18:04.894713+00:00,2069389896750516900,2069389896750516900,4,0,0,16,0,1,1,1,1791357383
2026-10-07T07:17:03+00:00,2026-10-07T07:18:04.894713+00:00,f834cfd8-0de8-11e7-991c-3863bb43a7d0,117,0,0,4,11,1,1,1,1,1791357383
2026-10-07T07:17:03+00:00,2026-10-07T07:18:04.894713+00:00,868ccc83-99e5-4faf-96eb-e1fae26b9741,481,2,0,1,16,0,1,1,1,1791357383
2026-10-07T07:17:03+00:00,2026-10-07T07:18:04.894713+00:00,d5349097-b478-4b3f-9c46-d8fbcf38e3f4,509,9,1,0,3,0,1,1,1,1791357386
2026-10-07T07:17:03+00:00,2026-10-07T07:18:04.894713+00:00,f834723b-0de8-11e7-991c-3863bb43a7d0,24,0,0,0,23,0,1,1,1,1791357384
2026-10-07T07:17:03+00:00,2026-10-07T07:18:04.894713+00:00,f83488be-0de8-11e7-991c-3863bb43a7d0,56,7,0,1,10,0,1,1,1,1791357387
2026-10-07T07:17:03+00:00,2026-10-07T07:18:04.894713+00:00,ad2cf74c-0e8c-4e15-8f19-2259e8c82f0f,404,6,2,2,8,0,1,1,1,1791357387
2026-10-07T07:17:03+00:00,2026-10-07T07:18:04.894713+00:00,1cced911-b428-4cfd-81be-3a8f77ce7379,233,9,0,2,4,0,1,1,1,1791357385
2026-10-07T07:17:03+00:00,2026-10-07T07:18:04.894713+00:00,2085366936904166272,2085366936904166272,8,2,2,5,0,1,1,1,1791357388
2026-10-07T07:17:03+00:00,2026-10-07T07:18:04.894713+00:00,23146f28-9762-4a6d-a6db-fcd4ff0e5d07,356,13,0,0,10,0,1,1,1,1791357388
2026-10-07T07:17:03+00:00,2026-10-07T07:18:04.894713+00:00,f8346ad7-0de8-11e7-991c-3863bb43a7d0,11,0,0,1,14,0,1,1,1,1791357389
2026-10-07T07:17:03+00:00,2026-10-07T07:18:04.894713+00:00,1e1b40cd-8e00-4b74-b147-be6b23f5c9e7,385,3,1,0,12,0,1,1,1,1791357392
2026-10-07T07:17:03+00:00,2026-10-07T07:18:04.894713+00:00,f8347f09-0de8-11e7-991c-3863bb43a7d0,37,1,0,0,14,0,1,1,1,1791357392
2026-10-07T07:17:03+00:00,2026-10-07T07:18:04.894713+00:00,2118728866631796788,2118728866631796788,9,2,0,6,0,1,1,1,1791357390
2026-10-07T07:17:03+00:00,2026-10-07T07:18:04.894713+00:00,f83491d4-0de8-11e7-991c-3863bb43a7d0,64,0,0,0,23,0,1,1,1,1791357389
2026-10-07T07:17:03+00:00,2026-10-07T07:18:04.894713+00:00,2141791438824588162,2141791438824588162,11,3,0,8,0,1,1,1,1791357391
2026-10-07T07:17:03+00:00,2026-10-07T07:18:04.894713+00:00,2246034666940677832,2246034666940677832,5,0,0,6,0,1,1,1,1791357394
2026-10-07T07:17:03+00:00,2026-10-07T07:18:04.894713+00:00,f834abfd-0de8-11e7-991c-3863bb43a7d0,96,6,1,2,11,0,1,1,1,1791357393
2026-10-07T07:17:03+00:00,2026-10-07T07:18:04.894713+00:00,a6e0db4f-fc9b-42af-bfe0-36cc0259b717,446,6,0,0,10,0,1,1,1,1791357394
2026-10-07T07:17:03+00:00,2026-10-07T07:18:04.894713+00:00,d8ce5f8b-2440-45e1-ab1c-23cb3bcbde84,527,3,1,0,10,0,1,1,1,1791357393
2026-10-07T07:17:03+00:00,2026-10-07T07:18:04.894713+00:00,7f68a70d-af0e-450a-b7a8-ce621cd0c8c1,280,10,3,1,8,0,1,1,1,1791357394
2026-10-07T07:17:03+00:00,2026-10-07T07:18:04.894713+00:00,ccf82572-a142-4378-9a4b-5a51fcb4ef81,350,8,1,0,9,0,1,1,1,1791357395
2026-10-07T07:17:03+00:00,2026-10-07T07:18:04.894713+00:00,2043911250700610106,2043911250700610106,4,0,0,11,0,1,1,1,1791357396
2026-10-07T07:17:03+00:00,2026-10-07T07:18:04.894713+00:00,dede6d5f-7d62-496e-a8ca-d5a64afe39c1,544,15,0,0,0,0,1,1,1,1791357396
2026-10-07T07:17:03+00:00,2026-10-07T07:18:04.894713+00:00,f8350b76-0de8-11e7-991c-3863bb43a7d0,159,6,2,2,11,1,1,1,1,1791357396
2026-10-07T07:17:03+00:00,2026-10-07T07:18:04.894713+00:00,2080205593583047424,2080205593583047424,10,1,0,6,0,1,1,1,1791357396
2026-10-07T07:17:03+00:00,2026-10-07T07:18:04.894713+00:00,2040842870122359032,2040842870122359032,1,0,1,18,0,1,1,1,1791357397
2026-10-07T07:17:03+00:00,2026-10-07T07:18:04.894713+00:00,1994466222105870452,1994466222105870452,6,3,2,3,0,1,1,1,1791357397
2026-10-07T07:17:03+00:00,2026-10-07T07:18:04.894713+00:00,2119105928286481344,2119105928286481344,11,3,0,8,0,1,1,1,1791357396
2026-10-07T07:17:03+00:00,2026-10-07T07:18:04.894713+00:00,f834662c-0de8-11e7-991c-3863bb43a7d0,5,12,0,0,3,0,1,1,1,1791357397
2026-10-07T07:17:03+00:00,2026-10-07T07:18:04.894713+00:00,99675a11-a92c-465c-bf5a-434b08ba5fc6,400,16,1,0,36,0,1,1,1,1791357399
2026-10-07T07:17:03+00:00,2026-10-07T07:18:04.894713+00:00,f8350ecf-0de8-11e7-991c-3863bb43a7d0,167,10,7,0,5,0,1,1,1,1791357399
2026-10-07T07:17:03+00:00,2026-10-07T07:18:04.894713+00:00,2270212773802111256,2270212773802111256,10,1,0,9,0,1,1,1,1791357399
2026-10-07T07:17:03+00:00,2026-10-07T07:18:04.894713+00:00,103a9881-e30a-4d57-b81d-863b995ff759,255,0,0,0,0,0,0,0,0,86400
2026-10-07T07:17:03+00:00,2026-10-07T07:18:04.894713+00:00,13444449-b3a8-43d2-b8b9-a59fbc59a174,397,9,1,0,5,0,1,1,1,1791357341
2026-10-07T07:17:03+00:00,2026-10-07T07:18:04.894713+00:00,2267569638034503736,2267569638034503736,6,0,4,9,0,1,1,1,1791357341
2026-10-07T07:17:03+00:00,2026-10-07T07:18:04.894713+00:00,f83524c0-0de8-11e7-991c-3863bb43a7d0,203,6,0,0,8,0,1,1,1,1791357343
2026-10-07T07:17:03+00:00,2026-10-07T07:18:04.894713+00:00,f8352c92-0de8-11e7-991c-3863bb43a7d0,217,12,0,2,5,0,1,1,1,1791357339
2026-10-07T07:17:03+00:00,2026-10-07T07:18:04.894713+00:00,f83516b8-0de8-11e7-991c-3863bb43a7d0,184,18,0,0,0,1,1,1,1,1791357345
2026-10-07T07:17:03+00:00,2026-10-07T07:18:04.894713+00:00,2043912031919765854,2043912031919765854,10,0,0,10,0,1,1,1,1791357348
2026-10-07T07:17:03+00:00,2026-10-07T07:18:04.894713+00:00,f834e1b2-0de8-11e7-991c-3863bb43a7d0,125,12,9,0,7,0,1,1,1,1791357343
2026-10-07T07:17:03+00:00,2026-10-07T07:18:04.894713+00:00,f24a573e-ef07-4785-9270-70c443510ea6,359,7,0,3,4,1,1,1,1,1791357343
2026-10-07T07:17:03+00:00,2026-10-07T07:18:04.894713+00:00,f8349824-0de8-11e7-991c-3863bb43a7d0,75,1,0,0,14,0,1,1,1,1791357344
2026-10-07T07:17:03+00:00,2026-10-07T07:18:04.894713+00:00,350e73e3-6f70-4b2d-87ab-24c8629e9a6a,350e73e3-6f70-4b2d-87ab-24c8629e9a6a,14,2,0,5,0,1,1,1,1791357346
2026-10-07T07:17:03+00:00,2026-10-07T07:18:04.894713+00:00,f834f814-0de8-11e7-991c-3863bb43a7d0,136,0,0,0,19,0,1,1,1,1791357352
2026-10-07T07:17:03+00:00,2026-10-07T07:18:04.894713+00:00,518f6524-0e7f-454d-974e-e3ff9db1f795,494,11,3,0,0,0,1,1,1,1791357348
2026-10-07T07:17:03+00:00,2026-10-07T07:18:04.894713+00:00,f8348509-0de8-11e7-991c-3863bb43a7d0,48,1,0,0,16,0,1,1,1,1791357348
2026-10-07T07:17:03+00:00,2026-10-07T07:18:04.894713+00:00,f834952a-0de8-11e7-991c-3863bb43a7d0,70,0,0,1,22,0,1,1,1,1791357349
2026-10-07T07:17:03+00:00,2026-10-07T07:18:04.894713+00:00,9f54207a-3308-43bd-b45c-9042b6389598,423,12,1,0,7,0,1,1,1,1791357353
2026-10-07T07:17:03+00:00,2026-10-07T07:18:04.894713+00:00,13918b3b-9ac5-4968-a74d-e40dd3bc952e,479,0,0,0,19,0,1,1,1,1791357348
2026-10-07T07:17:03+00:00,2026-10-07T07:18:04.894713+00:00,02a4416f-80b4-4472-accd-5db482ed5b6d,367,7,0,0,12,0,1,1,1,1791357360
2026-10-07T07:17:03+00:00,2026-10-07T07:18:04.894713+00:00,a18e1e55-507e-49d8-b7c0-5c0efd959125,358,16,4,0,3,0,1,1,1,1791357360
2026-10-07T07:17:03+00:00,2026-10-07T07:18:04.894713+00:00,bb27977d-36c1-496d-8bac-631b612dd7b8,332,7,3,0,8,0,1,1,1,1791357361
2026-10-07T07:17:03+00:00,2026-10-07T07:18:04.894713+00:00,f8351019-0de8-11e7-991c-3863bb43a7d0,169,16,5,0,3,0,1,1,1,1791357357
2026-10-07T07:17:03+00:00,2026-10-07T07:18:04.894713+00:00,ec3eea05-a3ff-43c6-9e24-0c63f09b915f,378,14,1,0,5,0,1,1,1,1791357357
2026-10-07T07:17:03+00:00,2026-10-07T07:18:04.894713+00:00,f83486ab-0de8-11e7-991c-3863bb43a7d0,51,6,0,1,8,0,1,1,1,1791357355
2026-10-07T07:17:03+00:00,2026-10-07T07:18:04.894713+00:00,2113200093114979090,2113200093114979090,8,1,0,7,1,1,1,1,1791357356
2026-10-07T07:17:03+00:00,2026-10-07T07:18:04.894713+00:00,54d86d05-b399-42c5-a63a-a97713afc5d4,54d86d05-b399-42c5-a63a-a97713afc5d4,7,6,1,2,0,1,1,1,1791357356
2026-10-07T07:17:03+00:00,2026-10-07T07:18:04.894713+00:00,ba634139-d7bf-448f-aac4-25995d36b67b,373,10,6,0,5,0,1,1,1,1791357364
2026-10-07T07:17:03+00:00,2026-10-07T07:18:04.894713+00:00,ddcc8869-b8d4-483c-b9da-457fcebc8dc1,417,19,0,0,0,0,1,1,1,1791357361
2026-10-07T07:17:03+00:00,2026-10-07T07:18:04.894713+00:00,0839bb10-e876-4198-95e4-0147a561853d,258,13,3,1,1,0,1,1,1,1791357361
2026-10-07T07:17:03+00:00,2026-10-07T07:18:04.894713+00:00,1997031579059661288,1997031579059661288,11,0,0,0,0,1,1,1,1791357367
2026-10-07T07:17:03+00:00,2026-10-07T07:18:04.894713+00:00,b23674a7-15a8-46d2-8219-6668acecf24a,548,11,1,0,7,0,1,1,1,1791357371
2026-10-07T07:17:03+00:00,2026-10-07T07:18:04.894713+00:00,2078337213380274244,2078337213380274244,8,5,0,3,0,1,1,1,1791357371
2026-10-07T07:17:03+00:00,2026-10-07T07:18:04.894713+00:00,2071632496372113488,2071632496372113488,15,7,1,4,0,1,1,1,1791357371
2026-10-07T07:17:03+00:00,2026-10-07T07:18:04.894713+00:00,2113555008851845550,2113555008851845550,11,1,0,9,0,1,1,1,1791357369
2026-10-07T07:17:03+00:00,2026-10-07T07:18:04.894713+00:00,2fd22786-dfeb-4126-a906-4f01802087f3,454,1,0,2,16,0,1,1,1,1791357374
2026-10-07T07:17:03+00:00,2026-10-07T07:18:04.894713+00:00,b995a0b4-fc26-4661-9bc8-e166d648edfd,353,11,4,0,4,0,1,1,1,1791357375
2026-10-07T07:17:03+00:00,2026-10-07T07:18:04.894713+00:00,ef54374b-0406-4b17-b0a1-847f1d7bea06,410,14,3,1,0,0,1,1,1,1791357375
2026-10-07T07:17:03+00:00,2026-10-07T07:18:04.894713+00:00,2070180968009321294,2070180968009321294,11,1,0,8,2,1,1,1,1791357374
2026-10-07T07:17:03+00:00,2026-10-07T07:18:04.894713+00:00,2ba0c5dd-c990-4434-8a84-5c3eca23f096,447,10,6,0,9,0,1,1,1,1791357375
2026-10-07T07:17:03+00:00,2026-10-07T07:18:04.894713+00:00,f35de2ab-979e-42d5-8cbd-dc479ed637e9,503,4,4,0,2,0,1,1,1,1791357376
2026-10-07T07:17:03+00:00,2026-10-07T07:18:04.894713+00:00,2264176803898382980,2264176803898382980,4,2,0,7,0,1,1,1,1791357376
2026-10-07T07:17:03+00:00,2026-10-07T07:18:04.894713+00:00,93911aa1-b5e4-48aa-a2b6-38fbcf613006,93911aa1-b5e4-48aa-a2b6-38fbcf613006,17,0,0,1,0,1,1,1,1791357377
2026-10-07T07:17:03+00:00,2026-10-07T07:18:04.894713+00:00,f834cf45-0de8-11e7-991c-3863bb43a7d0,116,21,3,1,1,0,1,1,1,1791357377
2026-10-07T07:17:03+00:00,2026-10-07T07:18:04.894713+00:00,f834b5d9-0de8-11e7-991c-3863bb43a7d0,103,7,2,0,8,0,1,1,1,1791357378
2026-10-07T07:17:03+00:00,2026-10-07T07:18:04.894713+00:00,2038239468396569074,2038239468396569074,8,0,0,24,0,1,1,1,1791357379
2026-10-07T07:17:03+00:00,2026-10-07T07:18:04.894713+00:00,2029805507281123700,2029805507281123700,12,2,1,6,0,1,1,1,1791357376
2026-10-07T07:17:03+00:00,2026-10-07T07:18:04.894713+00:00,9ca92778-9101-48df-90ea-08b784e26a1a,413,18,2,0,1,0,1,1,1,1791357383
2026-10-07T07:17:03+00:00,2026-10-07T07:18:04.894713+00:00,f8346768-0de8-11e7-991c-3863bb43a7d0,7,1,1,0,14,0,1,1,1,1791357384
2026-10-07T07:17:03+00:00,2026-10-07T07:18:04.894713+00:00,c1ae49bd-2a20-4684-886b-ead8dd627cfd,c1ae49bd-2a20-4684-886b-ead8dd627cfd,13,0,1,3,0,1,1,1,1791357384
2026-10-07T07:17:03+00:00,2026-10-07T07:18:04.894713+00:00,2071993292066931472,2071993292066931472,1,0,0,19,0,1,1,1,1791357385
2026-10-07T07:17:03+00:00,2026-10-07T07:18:04.894713+00:00,f834b42d-0de8-11e7-991c-3863bb43a7d0,100,5,0,1,19,0,1,1,1,1791357380
2026-10-07T07:17:03+00:00,2026-10-07T07:18:04.894713+00:00,676ca473-eed6-4971-aaf3-e199a7ca335b,433,14,6,0,4,1,1,1,1,1791357382
2026-10-07T07:17:03+00:00,2026-10-07T07:18:04.894713+00:00,f83464e4-0de8-11e7-991c-3863bb43a7d0,3,0,0,1,13,0,1,1,1,1791357383
2026-10-07T07:17:03+00:00,2026-10-07T07:18:04.894713+00:00,2170342425741020744,2170342425741020744,17,5,0,0,0,1,1,1,1791357383
2026-10-07T07:17:03+00:00,2026-10-07T07:18:04.894713+00:00,ce55d1b1-4267-40a9-ad44-5eab888ce18a,ce55d1b1-4267-40a9-ad44-5eab888ce18a,0,0,0,22,1,1,1,1,1791357391
2026-10-07T07:17:03+00:00,2026-10-07T07:18:04.894713+00:00,f8346894-0de8-11e7-991c-3863bb43a7d0,9,2,0,3,10,0,1,1,1,1791357390
2026-10-07T07:17:03+00:00,2026-10-07T07:18:04.894713+00:00,f8348995-0de8-11e7-991c-3863bb43a7d0,58,14,0,0,5,0,1,1,1,1791357392
2026-10-07T07:17:03+00:00,2026-10-07T07:18:04.894713+00:00,f8347118-0de8-11e7-991c-3863bb43a7d0,22,11,2,1,21,2,1,1,1,1791357390
2026-10-07T07:17:03+00:00,2026-10-07T07:18:04.894713+00:00,533620e8-00ff-494a-b288-bd67602bc98e,472,0,0,0,27,0,1,1,1,1791357390
2026-10-07T07:17:03+00:00,2026-10-07T07:18:04.894713+00:00,1960693490199507164,1960693490199507164,7,1,1,11,0,1,1,1,1791357390
2026-10-07T07:17:03+00:00,2026-10-07T07:18:04.894713+00:00,2223045710883822544,2223045710883822544,10,5,1,4,0,1,1,1,1791357390
2026-10-07T07:17:03+00:00,2026-10-07T07:18:04.894713+00:00,f36e24cd-de4c-4a5e-adf4-cb97ccd2958d,505,6,0,2,3,0,1,1,1,1791357389
2026-10-07T07:17:03+00:00,2026-10-07T07:18:04.894713+00:00,5bc7cba9-f0b0-442d-932c-e8c7927d87ce,386,15,1,0,4,0,1,1,1,1791357385
2026-10-07T07:17:03+00:00,2026-10-07T07:18:04.894713+00:00,0adccd89-1d8d-44da-9f7c-5f18acafeddf,338,14,12,0,0,0,1,1,1,1791357387
2026-10-07T07:17:03+00:00,2026-10-07T07:18:04.894713+00:00,2103549125054737064,2103549125054737064,1,0,0,15,0,1,1,1,1791357388
2026-10-07T07:17:03+00:00,2026-10-07T07:18:04.894713+00:00,2057166010169469732,2057166010169469732,0,0,0,15,0,1,1,1,1791357385
2026-10-07T07:17:03+00:00,2026-10-07T07:18:04.894713+00:00,f8348136-0de8-11e7-991c-3863bb43a7d0,41,23,0,0,4,0,1,1,1,1791357387
2026-10-07T07:17:03+00:00,2026-10-07T07:18:04.894713+00:00,f83510fd-0de8-11e7-991c-3863bb43a7d0,171,16,2,1,6,0,1,1,1,1791357387
2026-10-07T07:17:03+00:00,2026-10-07T07:18:04.894713+00:00,2072145327190878794,2072145327190878794,15,1,1,8,0,1,1,1,1791357394
2026-10-07T07:17:03+00:00,2026-10-07T07:18:04.894713+00:00,f8351336-0de8-11e7-991c-3863bb43a7d0,176,10,0,1,4,0,1,1,1,1791357393
2026-10-07T07:17:03+00:00,2026-10-07T07:18:04.894713+00:00,f83523e3-0de8-11e7-991c-3863bb43a7d0,201,2,2,0,13,0,1,1,1,1791357393
2026-10-07T07:17:03+00:00,2026-10-07T07:18:04.894713+00:00,5018e851-f2f3-4e18-9914-c316bbcc2c3d,331,0,0,0,15,0,1,1,1,1791357393
2026-10-07T07:17:03+00:00,2026-10-07T07:18:04.894713+00:00,f83494b4-0de8-11e7-991c-3863bb43a7d0,69,10,4,1,8,0,1,1,1,1791357396
2026-10-07T07:17:03+00:00,2026-10-07T07:18:04.894713+00:00,2217856523888952522,2217856523888952522,9,4,0,11,0,1,1,1,1791357393
2026-10-07T07:17:03+00:00,2026-10-07T07:18:04.894713+00:00,2038619205667946906,2038619205667946906,10,2,1,9,0,1,1,1,1791357259
2026-10-07T07:17:03+00:00,2026-10-07T07:18:04.894713+00:00,f8349c69-0de8-11e7-991c-3863bb43a7d0,78,15,2,1,3,0,1,1,1,1791357278
2026-10-07T07:17:03+00:00,2026-10-07T07:18:04.894713+00:00,f8349745-0de8-11e7-991c-3863bb43a7d0,73,1,1,0,14,0,1,1,1,1791357278
2026-10-07T07:17:03+00:00,2026-10-07T07:18:04.894713+00:00,f8349ba9-0de8-11e7-991c-3863bb43a7d0,77,11,7,0,7,0,1,1,1,1791357287
2026-10-07T07:17:03+00:00,2026-10-07T07:18:04.894713+00:00,1975886280004030604,1975886280004030604,11,0,0,12,0,1,1,1,1791357284
2026-10-07T07:17:03+00:00,2026-10-07T07:18:04.894713+00:00,40e58976-02cc-4c7c-911f-7a6c97588bfa,520,10,3,0,11,0,1,1,1,1791357293
2026-10-07T07:17:03+00:00,2026-10-07T07:18:04.894713+00:00,2136942888571742916,2136942888571742916,12,0,0,3,0,1,1,1,1791357289
2026-10-07T07:17:03+00:00,2026-10-07T07:18:04.894713+00:00,2241260819676115550,2241260819676115550,0,0,0,25,0,1,1,1,1791357299
2026-10-07T07:17:03+00:00,2026-10-07T07:18:04.894713+00:00,dfdaf866-b814-48e5-9bd3-eb7c4a733697,dfdaf866-b814-48e5-9bd3-eb7c4a733697,8,2,0,9,0,1,1,1,1791357299
2026-10-07T07:17:03+00:00,2026-10-07T07:18:04.894713+00:00,2327cb08-fa9f-459b-9ab0-1a319b0f2f4c,539,10,4,1,7,0,1,1,1,1791357299
2026-10-07T07:17:03+00:00,2026-10-07T07:18:04.894713+00:00,f8348481-0de8-11e7-991c-3863bb43a7d0,47,19,0,0,0,0,1,1,1,1791357296
2026-10-07T07:17:03+00:00,2026-10-07T07:18:04.894713+00:00,abefafdc-c772-4671-86fe-fc15a42adebb,abefafdc-c772-4671-86fe-fc15a42adebb,2,0,0,21,0,1,1,1,1791357296
2026-10-07T07:17:03+00:00,2026-10-07T07:18:04.894713+00:00,0f554e1d-9f0f-452d-9b4a-e00aa2c5911e,492,0,0,0,14,0,1,1,1,1791357298
2026-10-07T07:17:03+00:00,2026-10-07T07:18:04.894713+00:00,20b0b405-54ba-4a80-b89c-0819772665db,440,4,3,0,11,0,1,1,1,1791357260
2026-10-07T07:17:03+00:00,2026-10-07T07:18:04.894713+00:00,d7ec834e-9d9a-402c-9956-7d5f42676b94,d7ec834e-9d9a-402c-9956-7d5f42676b94,0,0,14,0,0,1,0,0,1791348928
2026-10-07T07:17:03+00:00,2026-10-07T07:18:04.894713+00:00,287aedf5-0361-47e9-9de0-14ae3b75cc0d,287aedf5-0361-47e9-9de0-14ae3b75cc0d,3,0,1,17,0,1,1,1,1791357306
2026-10-07T07:17:03+00:00,2026-10-07T07:18:04.894713+00:00,5afe91c4-8076-4f9f-b83b-cf233bda2331,460,0,0,0,15,0,1,1,1,1791357306
2026-10-07T07:17:03+00:00,2026-10-07T07:18:04.894713+00:00,1944724820826878816,1944724820826878816,11,0,0,6,0,1,1,1,1791357309
2026-10-07T07:17:03+00:00,2026-10-07T07:18:04.894713+00:00,342a2c60-71b0-4d19-98d6-47987cf20dbc,379,15,2,0,0,0,1,1,1,1791357309
2026-10-07T07:17:03+00:00,2026-10-07T07:18:04.894713+00:00,70f20fcb-8e63-4015-9007-b97c525ab0a9,335,13,1,1,5,0,1,1,1,1791357313
2026-10-07T07:17:03+00:00,2026-10-07T07:18:04.894713+00:00,2111712079786088918,2111712079786088918,11,3,1,3,0,1,1,1,1791357316
2026-10-07T07:17:03+00:00,2026-10-07T07:18:04.894713+00:00,5f726a7d-5c5d-48b1-9b13-06c77572a237,516,7,2,0,4,0,1,1,1,1791357317
2026-10-07T07:17:03+00:00,2026-10-07T07:18:04.894713+00:00,f834b49d-0de8-11e7-991c-3863bb43a7d0,101,13,2,0,5,0,1,1,1,1791357320
2026-10-07T07:17:03+00:00,2026-10-07T07:18:04.894713+00:00,510239fe-69c3-458b-b53c-6ce001845f4a,354,12,11,1,2,0,1,1,1,1791357321
2026-10-07T07:17:03+00:00,2026-10-07T07:18:04.894713+00:00,f6df6c1a-064f-428a-951c-2069a081b9df,380,0,0,2,16,0,1,1,1,1791357325
2026-10-07T07:17:03+00:00,2026-10-07T07:18:04.894713+00:00,83183df0-38c2-4ae8-a0c4-4b59599c9582,222,11,0,0,3,0,1,1,1,1791357322
2026-10-07T07:17:03+00:00,2026-10-07T07:18:04.894713+00:00,2141932795355773712,2141932795355773712,3,0,1,13,0,1,1,1,1791357331
2026-10-07T07:17:03+00:00,2026-10-07T07:18:04.894713+00:00,53a148ca-ac69-4a9c-a986-9a4b4df2f5df,387,7,3,0,8,0,1,1,1,1791357330
2026-10-07T07:17:03+00:00,2026-10-07T07:18:04.894713+00:00,ccd6fdd4-b39e-46d7-b43c-7bacffb6bd87,523,6,4,0,10,0,1,1,1,1791357326
2026-10-07T07:17:03+00:00,2026-10-07T07:18:04.894713+00:00,36a8fbc8-6069-4a29-bbfd-63a2d019c9a5,415,0,0,0,19,0,1,1,1,1791357328
2026-10-07T07:17:03+00:00,2026-10-07T07:18:04.894713+00:00,2223043968513191970,2223043968513191970,5,0,0,11,0,1,1,1,1791357336
2026-10-07T07:17:03+00:00,2026-10-07T07:18:04.894713+00:00,9e710d48-51c1-460e-a027-3d16bde62b13,419,0,0,14,0,1,1,0,0,1791357336
2026-10-07T07:17:03+00:00,2026-10-07T07:18:04.894713+00:00,7ec0c53c-876a-419c-a78b-4edd000bbc9a,445,12,1,1,6,0,1,1,1,1791357333
2026-10-07T07:17:03+00:00,2026-10-07T07:18:04.894713+00:00,f834e244-0de8-11e7-991c-3863bb43a7d0,126,7,2,0,8,0,1,1,1,1791357335
2026-10-07T07:17:03+00:00,2026-10-07T07:18:04.894713+00:00,42a3ecca-af9a-4556-90ba-7631546f96f8,42a3ecca-af9a-4556-90ba-7631546f96f8,4,2,1,6,0,1,1,1,1791357397
2026-10-07T07:17:03+00:00,2026-10-07T07:18:04.894713+00:00,f834fd36-0de8-11e7-991c-3863bb43a7d0,142,4,0,0,19,0,1,1,1,1791357397
2026-10-07T07:17:03+00:00,2026-10-07T07:18:04.894713+00:00,e68655be-23d3-46e5-a509-25be677e7542,482,6,0,0,5,0,1,1,1,1791357399
2026-10-07T07:17:03+00:00,2026-10-07T07:18:04.894713+00:00,ff6ed364-8676-45a0-b97f-71025683849e,442,7,3,1,7,0,1,1,1,1791357399
2026-10-07T07:17:03+00:00,2026-10-07T07:18:04.894713+00:00,2107991976288962746,2107991976288962746,7,0,0,13,0,1,1,1,1791357399
2026-10-07T07:27:03+00:00,2026-10-07T07:28:05.037892+00:00,6eaa7343-402d-41c9-9aac-8c664fdbdcf1,6eaa7343-402d-41c9-9aac-8c664fdbdcf1,0,0,0,0,0,0,0,0,86400
2026-10-07T07:27:03+00:00,2026-10-07T07:28:05.037892+00:00,cad0e759-b605-458a-b772-768dcce81dc6,372,0,0,6,13,0,1,0,0,1791324371
2026-10-07T07:27:03+00:00,2026-10-07T07:28:05.037892+00:00,133d159e-a202-4310-910f-eca392fe181e,398,0,0,5,14,0,1,0,0,1791344701
2026-10-07T07:27:03+00:00,2026-10-07T07:28:05.037892+00:00,1ef9964d-47ac-4cd4-916e-7c006fa1e605,339,0,0,4,11,0,1,0,0,1791353740
2026-10-07T07:27:03+00:00,2026-10-07T07:28:05.037892+00:00,f606593b-3d07-40f2-bc6d-a0eb96588e44,456,16,0,0,2,0,1,1,1,1791357884
2026-10-07T07:27:03+00:00,2026-10-07T07:28:05.037892+00:00,1ef5abb2-5af9-41f2-a0dd-1e44278ad9f1,502,7,2,0,4,0,1,1,1,1791357905
2026-10-07T07:27:03+00:00,2026-10-07T07:28:05.037892+00:00,38706d8c-8d4b-49f7-b6ed-7688449db261,463,6,1,0,13,0,1,1,1,1791357904
2026-10-07T07:27:03+00:00,2026-10-07T07:28:05.037892+00:00,f834d34b-0de8-11e7-991c-3863bb43a7d0,120,13,1,2,24,0,1,1,1,1791357905
2026-10-07T07:27:03+00:00,2026-10-07T07:28:05.037892+00:00,f83466c6-0de8-11e7-991c-3863bb43a7d0,6,12,1,0,2,0,1,1,1,1791357905
2026-10-07T07:27:03+00:00,2026-10-07T07:28:05.037892+00:00,c111ef1a-f276-415d-a95e-8e3c4e3a0c03,522,3,1,1,11,0,1,1,1,1791357906
2026-10-07T07:27:03+00:00,2026-10-07T07:28:05.037892+00:00,01d29f8c-768d-4c4f-84ca-3de966075287,469,3,2,0,8,0,1,1,1,1791357905
2026-10-07T07:27:03+00:00,2026-10-07T07:28:05.037892+00:00,1986694622707704150,1986694622707704150,15,2,1,3,0,1,1,1,1791357906
2026-10-07T07:27:03+00:00,2026-10-07T07:28:05.037892+00:00,800bde2c-51df-497c-ac2d-bc3a8c00c164,800bde2c-51df-497c-ac2d-bc3a8c00c164,0,0,1,14,0,1,1,1,1791357910
2026-10-07T07:27:03+00:00,2026-10-07T07:28:05.037892+00:00,acb27827-d69a-4287-b132-3f529ca62ad2,427,3,1,0,16,0,1,1,1,1791357913
2026-10-07T07:27:03+00:00,2026-10-07T07:28:05.037892+00:00,986068c4-d11a-465a-b8d0-bd0960c57f51,986068c4-d11a-465a-b8d0-bd0960c57f51,3,0,0,11,0,1,1,1,1791357908
2026-10-07T07:27:03+00:00,2026-10-07T07:28:05.037892+00:00,829fa5a8-cc88-4ab2-9f34-b481aaa1612e,259,12,4,0,3,0,1,1,1,1791357909
2026-10-07T07:27:03+00:00,2026-10-07T07:28:05.037892+00:00,f834b1ed-0de8-11e7-991c-3863bb43a7d0,99,9,0,0,6,0,1,1,1,1791357911
2026-10-07T07:27:03+00:00,2026-10-07T07:28:05.037892+00:00,1994515539257334312,1994515539257334312,15,5,0,4,0,1,1,1,1791357888
2026-10-07T07:27:03+00:00,2026-10-07T07:28:05.037892+00:00,f834a67b-0de8-11e7-991c-3863bb43a7d0,89,3,1,1,15,0,1,1,1,1791357892
2026-10-07T07:27:03+00:00,2026-10-07T07:28:05.037892+00:00,f8347a8b-0de8-11e7-991c-3863bb43a7d0,29,5,0,0,14,0,1,1,1,1791357892
2026-10-07T07:27:03+00:00,2026-10-07T07:28:05.037892+00:00,dcd76e42-eebc-4432-9726-cdb3372b0b07,557,0,0,0,19,0,1,1,1,1791357896
2026-10-07T07:27:03+00:00,2026-10-07T07:28:05.037892+00:00,4d953f0f-13b5-4b3d-b2da-342003ff7cba,4d953f0f-13b5-4b3d-b2da-342003ff7cba,2,1,0,9,0,1,1,1,1791357896
2026-10-07T07:27:03+00:00,2026-10-07T07:28:05.037892+00:00,1976280681456741062,1976280681456741062,6,6,0,5,0,1,1,1,1791357896
2026-10-07T07:27:03+00:00,2026-10-07T07:28:05.037892+00:00,f8347ba8-0de8-11e7-991c-3863bb43a7d0,31,2,0,0,17,0,1,1,1,1791357896
2026-10-07T07:27:03+00:00,2026-10-07T07:28:05.037892+00:00,e4d5271f-5f76-401b-b7f0-c8dce3c26f10,462,8,1,1,2,0,1,1,1,1791357896
2026-10-07T07:27:03+00:00,2026-10-07T07:28:05.037892+00:00,b44b7c3d-c054-4591-92a9-3b96d86050ab,b44b7c3d-c054-4591-92a9-3b96d86050ab,3,3,0,8,0,1,1,1,1791357898
2026-10-07T07:27:03+00:00,2026-10-07T07:28:05.037892+00:00,8d535c23-f186-4161-aa10-17e94be6d4ae,436,5,3,3,6,1,1,1,1,1791357898
2026-10-07T07:27:03+00:00,2026-10-07T07:28:05.037892+00:00,1331197c-f6c6-4f4a-a29b-95e580359886,224,9,0,0,8,0,1,1,1,1791357895
2026-10-07T07:27:03+00:00,2026-10-07T07:28:05.037892+00:00,2089808297152151688,2089808297152151688,9,3,1,2,0,1,1,1,1791357873
2026-10-07T07:27:03+00:00,2026-10-07T07:28:05.037892+00:00,ea00f276-26dc-48ee-b2c8-6e56fd632a2d,272,4,0,0,15,0,1,1,1,1791357902
2026-10-07T07:27:03+00:00,2026-10-07T07:28:05.037892+00:00,8e7c1984-dc81-43b0-a0d3-58c6de45225a,465,7,1,0,4,0,1,1,1,1791357900
2026-10-07T07:27:03+00:00,2026-10-07T07:28:05.037892+00:00,569f4952-5a25-4394-a419-f9c4d9cca6f3,495,12,3,0,6,0,1,1,1,1791357899
2026-10-07T07:27:03+00:00,2026-10-07T07:28:05.037892+00:00,f8350d30-0de8-11e7-991c-3863bb43a7d0,163,10,0,0,9,0,1,1,1,1791357916
2026-10-07T07:27:03+00:00,2026-10-07T07:28:05.037892+00:00,40ee059e-8530-4992-9114-c16b87d6832f,441,8,5,0,11,0,1,1,1,1791357917
2026-10-07T07:27:03+00:00,2026-10-07T07:28:05.037892+00:00,f8350129-0de8-11e7-991c-3863bb43a7d0,149,17,1,0,1,0,1,1,1,1791357919
2026-10-07T07:27:03+00:00,2026-10-07T07:28:05.037892+00:00,f834a1de-0de8-11e7-991c-3863bb43a7d0,84,1,0,0,11,0,1,1,1,1791357920
2026-10-07T07:27:03+00:00,2026-10-07T07:28:05.037892+00:00,2250817396738253956,2250817396738253956,10,2,1,4,0,1,1,1,1791357923
2026-10-07T07:27:03+00:00,2026-10-07T07:28:05.037892+00:00,2031175112202687108,2031175112202687108,12,1,0,4,0,1,1,1,1791357923
2026-10-07T07:27:03+00:00,2026-10-07T07:28:05.037892+00:00,2113559364250874028,2113559364250874028,10,3,0,5,0,1,1,1,1791357925
2026-10-07T07:27:03+00:00,2026-10-07T07:28:05.037892+00:00,1976640911178291400,1976640911178291400,10,4,0,1,0,1,1,1,1791357925
2026-10-07T07:27:03+00:00,2026-10-07T07:28:05.037892+00:00,2127634714741013228,2127634714741013228,11,0,2,11,0,1,1,1,1791357920
2026-10-07T07:27:03+00:00,2026-10-07T07:28:05.037892+00:00,77c1736c-a609-4453-94f7-8e4253a8193c,474,6,3,0,5,0,1,1,1,1791357921
2026-10-07T07:27:03+00:00,2026-10-07T07:28:05.037892+00:00,a6d6d4b2-3666-43ad-a690-7f676bdcc3fd,542,10,0,3,6,0,1,1,1,1791357930
2026-10-07T07:27:03+00:00,2026-10-07T07:28:05.037892+00:00,f8347002-0de8-11e7-991c-3863bb43a7d0,20,15,0,0,8,0,1,1,1,1791357926
2026-10-07T07:27:03+00:00,2026-10-07T07:28:05.037892+00:00,2251186911126913182,2251186911126913182,13,1,1,5,0,1,1,1,1791357927
2026-10-07T07:27:03+00:00,2026-10-07T07:28:05.037892+00:00,5d17f129-af8c-4f30-bc58-6a8279052772,543,5,2,1,13,0,1,1,1,1791357929
2026-10-07T07:27:03+00:00,2026-10-07T07:28:05.037892+00:00,2027855476515070160,2027855476515070160,12,2,0,15,0,1,1,1,1791357927
2026-10-07T07:27:03+00:00,2026-10-07T07:28:05.037892+00:00,6cec3afa-554c-466f-8323-5c619fe0ddc6,6cec3afa-554c-466f-8323-5c619fe0ddc6,3,2,0,8,0,1,1,1,1791357927
2026-10-07T07:27:03+00:00,2026-10-07T07:28:05.037892+00:00,f834f036-0de8-11e7-991c-3863bb43a7d0,133,10,4,1,11,0,1,1,1,1791357928
2026-10-07T07:27:03+00:00,2026-10-07T07:28:05.037892+00:00,f8352973-0de8-11e7-991c-3863bb43a7d0,210,7,0,0,8,0,1,1,1,1791357934
2026-10-07T07:27:03+00:00,2026-10-07T07:28:05.037892+00:00,88b35b6d-f355-44dc-b85e-ed2eb1bc9099,406,11,2,0,8,0,1,1,1,1791357936
2026-10-07T07:27:03+00:00,2026-10-07T07:28:05.037892+00:00,2126567695528519906,2126567695528519906,8,0,0,12,0,1,1,1,1791357931
2026-10-07T07:27:03+00:00,2026-10-07T07:28:05.037892+00:00,e519df41-c4d7-403a-9afa-a5dd7cdd2d03,536,4,0,0,14,0,1,1,1,1791357931
2026-10-07T07:27:03+00:00,2026-10-07T07:28:05.037892+00:00,f8349070-0de8-11e7-991c-3863bb43a7d0,61,2,0,2,15,0,1,1,1,1791357934
2026-10-07T07:27:03+00:00,2026-10-07T07:28:05.037892+00:00,803a0c16-4f81-44f1-8b49-a13fcdda40c1,370,0,0,1,17,0,1,1,1,1791357928
2026-10-07T07:27:03+00:00,2026-10-07T07:28:05.037892+00:00,d1a5e406-718c-44b9-b9dd-e63605b888aa,555,9,8,0,6,0,1,1,1,1791357951
2026-10-07T07:27:03+00:00,2026-10-07T07:28:05.037892+00:00,f834c5c9-0de8-11e7-991c-3863bb43a7d0,110,0,0,2,13,0,1,1,1,1791357952
2026-10-07T07:27:03+00:00,2026-10-07T07:28:05.037892+00:00,f8348719-0de8-11e7-991c-3863bb43a7d0,52,13,0,0,10,0,1,1,1,1791357951
2026-10-07T07:27:03+00:00,2026-10-07T07:28:05.037892+00:00,2261583246847893606,2261583246847893606,16,1,1,2,0,1,1,1,1791357950
2026-10-07T07:27:03+00:00,2026-10-07T07:28:05.037892+00:00,f834b928-0de8-11e7-991c-3863bb43a7d0,106,13,4,1,0,0,1,1,1,1791357953
2026-10-07T07:27:03+00:00,2026-10-07T07:28:05.037892+00:00,f8346c96-0de8-11e7-991c-3863bb43a7d0,14,0,0,1,24,0,1,1,1,1791357952
2026-10-07T07:27:03+00:00,2026-10-07T07:28:05.037892+00:00,f834a2a8-0de8-11e7-991c-3863bb43a7d0,85,5,0,0,14,0,1,1,1,1791357951
2026-10-07T07:27:03+00:00,2026-10-07T07:28:05.037892+00:00,9fef6df2-7f8f-43fc-a85b-7dd5453860f9,437,14,1,0,4,0,1,1,1,1791357951
2026-10-07T07:27:03+00:00,2026-10-07T07:28:05.037892+00:00,2129149628430547474,2129149628430547474,16,3,0,0,0,1,1,1,1791357952
2026-10-07T07:27:03+00:00,2026-10-07T07:28:05.037892+00:00,f83493c0-0de8-11e7-991c-3863bb43a7d0,67,1,0,2,27,0,1,1,1,1791357975
2026-10-07T07:27:03+00:00,2026-10-07T07:28:05.037892+00:00,97a1e4e7-a1ff-427a-aaea-48ca0d00bf9c,348,3,3,0,12,0,1,1,1,1791357975
2026-10-07T07:27:03+00:00,2026-10-07T07:28:05.037892+00:00,f834e75d-0de8-11e7-991c-3863bb43a7d0,129,7,2,0,11,1,1,1,1,1791357976
2026-10-07T07:27:03+00:00,2026-10-07T07:28:05.037892+00:00,f834d260-0de8-11e7-991c-3863bb43a7d0,119,14,3,0,1,0,1,1,1,1791357974
2026-10-07T07:27:03+00:00,2026-10-07T07:28:05.037892+00:00,87b5a8b7-a330-4c51-ab32-7dafa292c88f,421,19,1,0,0,0,1,1,1,1791357977
2026-10-07T07:27:03+00:00,2026-10-07T07:28:05.037892+00:00,199f3d59-e726-4549-b9c1-4dfc8a343fdb,508,9,6,0,2,0,1,1,1,1791357978
2026-10-07T07:27:03+00:00,2026-10-07T07:28:05.037892+00:00,2036412579943670600,2036412579943670600,0,0,0,12,0,1,1,1,1791357988
2026-10-07T07:27:03+00:00,2026-10-07T07:28:05.037892+00:00,768433a9-fc30-4485-b136-22d6f8a96f1c,768433a9-fc30-4485-b136-22d6f8a96f1c,6,2,0,5,0,1,1,1,1791357988
2026-10-07T07:27:03+00:00,2026-10-07T07:28:05.037892+00:00,15ec5783-ca7a-4225-ba51-cd0a45ecc975,15ec5783-ca7a-4225-ba51-cd0a45ecc975,7,5,0,4,0,1,1,1,1791357988
2026-10-07T07:27:03+00:00,2026-10-07T07:28:05.037892+00:00,f8346e51-0de8-11e7-991c-3863bb43a7d0,17,15,3,0,0,0,1,1,1,1791357986
2026-10-07T07:27:03+00:00,2026-10-07T07:28:05.037892+00:00,1919521884659886482,1919521884659886482,3,0,0,16,0,1,1,1,1791357987
2026-10-07T07:27:03+00:00,2026-10-07T07:28:05.037892+00:00,f55cdf0a-3d7b-491c-bed2-7dc0ef2062d5,489,15,3,1,0,0,1,1,1,1791357987
2026-10-07T07:27:03+00:00,2026-10-07T07:28:05.037892+00:00,57f5003b-6574-40b3-83d7-3b5dee1472e0,518,2,1,0,8,0,1,1,1,1791357989
2026-10-07T07:27:03+00:00,2026-10-07T07:28:05.037892+00:00,25d6f87f-7025-48c5-b202-f91511a4ae19,25d6f87f-7025-48c5-b202-f91511a4ae19,14,3,1,4,0,1,1,1,1791357989
2026-10-07T07:27:03+00:00,2026-10-07T07:28:05.037892+00:00,625f105e-4407-4988-9095-d1979cbda5e1,234,18,9,0,1,0,1,1,1,1791357990
2026-10-07T07:27:03+00:00,2026-10-07T07:28:05.037892+00:00,82b41ffb-e284-4e4d-b22a-0cad2bfd4bee,443,8,0,0,11,0,1,1,1,1791357985
2026-10-07T07:27:03+00:00,2026-10-07T07:28:05.037892+00:00,2149920539832638004,2149920539832638004,8,0,1,6,0,1,1,1,1791357941
2026-10-07T07:27:03+00:00,2026-10-07T07:28:05.037892+00:00,f834b183-0de8-11e7-991c-3863bb43a7d0,98,1,0,1,20,0,1,1,1,1791357933
2026-10-07T07:27:03+00:00,2026-10-07T07:28:05.037892+00:00,2028220168245183460,2028220168245183460,15,1,0,4,0,1,1,1,1791357938
2026-10-07T07:27:03+00:00,2026-10-07T07:28:05.037892+00:00,f8351649-0de8-11e7-991c-3863bb43a7d0,183,0,0,2,17,0,1,1,1,1791357938
2026-10-07T07:27:03+00:00,2026-10-07T07:28:05.037892+00:00,2036103727838931110,2036103727838931110,8,3,0,2,0,1,1,1,1791357937
2026-10-07T07:27:03+00:00,2026-10-07T07:28:05.037892+00:00,2132460331327742574,2132460331327742574,1,0,0,17,0,1,1,1,1791357942
2026-10-07T07:27:03+00:00,2026-10-07T07:28:05.037892+00:00,f7d416f8-4377-4019-bba7-302dc1d5a11d,391,12,0,2,1,0,1,1,1,1791357942
2026-10-07T07:27:03+00:00,2026-10-07T07:28:05.037892+00:00,ec4e1168-25dc-4929-b17b-e4ae578dd888,425,9,2,0,7,0,1,1,1,1791357942
2026-10-07T07:27:03+00:00,2026-10-07T07:28:05.037892+00:00,9b0aff89-5242-475e-b03b-87c3c3bf51bb,477,7,3,1,11,0,1,1,1,1791357942
2026-10-07T07:27:03+00:00,2026-10-07T07:28:05.037892+00:00,2220033166406469278,2220033166406469278,10,4,1,4,0,1,1,1,1791357968
2026-10-07T07:27:03+00:00,2026-10-07T07:28:05.037892+00:00,f834cb89-0de8-11e7-991c-3863bb43a7d0,115,13,1,1,5,0,1,1,1,1791357967
2026-10-07T07:27:03+00:00,2026-10-07T07:28:05.037892+00:00,2110566771130438288,2110566771130438288,6,0,2,8,0,1,1,1,1791357971
2026-10-07T07:27:03+00:00,2026-10-07T07:28:05.037892+00:00,2134720099473744344,2134720099473744344,2,0,0,19,0,1,1,1,1791357971
2026-10-07T07:27:03+00:00,2026-10-07T07:28:05.037892+00:00,eed9e64f-f09d-43c1-aa31-da968c66750a,368,7,4,0,8,0,1,1,1,1791357970
2026-10-07T07:27:03+00:00,2026-10-07T07:28:05.037892+00:00,2227859082657747444,2227859082657747444,7,4,0,0,0,1,1,1,1791357971
2026-10-07T07:27:03+00:00,2026-10-07T07:28:05.037892+00:00,f8351569-0de8-11e7-991c-3863bb43a7d0,181,15,2,2,2,0,1,1,1,1791357968
2026-10-07T07:27:03+00:00,2026-10-07T07:28:05.037892+00:00,f8351255-0de8-11e7-991c-3863bb43a7d0,174,12,1,1,2,0,1,1,1,1791357969
2026-10-07T07:27:03+00:00,2026-10-07T07:28:05.037892+00:00,e335fa7c-7adf-4360-9bfa-76b18124a56f,541,3,3,0,8,0,1,1,1,1791357981
2026-10-07T07:27:03+00:00,2026-10-07T07:28:05.037892+00:00,a825b55d-3ab3-481f-9c50-d3a7313e6843,228,0,0,1,18,0,1,1,1,1791357982
2026-10-07T07:27:03+00:00,2026-10-07T07:28:05.037892+00:00,918335df-fc1a-45c2-9cfc-c5e2e93aecc0,467,3,1,1,7,0,1,1,1,1791357983
2026-10-07T07:27:03+00:00,2026-10-07T07:28:05.037892+00:00,f8346dbd-0de8-11e7-991c-3863bb43a7d0,16,2,1,0,17,0,1,1,1,1791357946
2026-10-07T07:27:03+00:00,2026-10-07T07:28:05.037892+00:00,f83473ea-0de8-11e7-991c-3863bb43a7d0,27,11,0,1,11,0,1,1,1,1791357943
2026-10-07T07:27:03+00:00,2026-10-07T07:28:05.037892+00:00,f83532fa-0de8-11e7-991c-3863bb43a7d0,219,12,1,0,3,0,1,1,1,1791357949
2026-10-07T07:27:03+00:00,2026-10-07T07:28:05.037892+00:00,2127252912986958612,2127252912986958612,13,3,0,2,0,1,1,1,1791357945
2026-10-07T07:27:03+00:00,2026-10-07T07:28:05.037892+00:00,1991921362058752616,1991921362058752616,0,0,0,20,0,1,1,1,1791357946
2026-10-07T07:27:03+00:00,2026-10-07T07:28:05.037892+00:00,2438d052-2cd6-4fba-83c9-39f46cb59398,2438d052-2cd6-4fba-83c9-39f46cb59398,6,0,1,12,0,1,1,1,1791357947
2026-10-07T07:27:03+00:00,2026-10-07T07:28:05.037892+00:00,f834916a-0de8-11e7-991c-3863bb43a7d0,63,9,2,0,6,0,1,1,1,1791357946
2026-10-07T07:27:03+00:00,2026-10-07T07:28:05.037892+00:00,2131371824572002576,2131371824572002576,8,0,0,8,0,1,1,1,1791357944
2026-10-07T07:27:03+00:00,2026-10-07T07:28:05.037892+00:00,f835244e-0de8-11e7-991c-3863bb43a7d0,202,9,2,0,6,0,1,1,1,1791357956
2026-10-07T07:27:03+00:00,2026-10-07T07:28:05.037892+00:00,2071991821019036242,2071991821019036242,15,3,0,5,0,1,1,1,1791357958
2026-10-07T07:27:03+00:00,2026-10-07T07:28:05.037892+00:00,52ca4d94-587f-4a61-a298-a1a755e73bfb,362,19,4,0,0,0,1,1,1,1791357957
2026-10-07T07:27:03+00:00,2026-10-07T07:28:05.037892+00:00,f8349599-0de8-11e7-991c-3863bb43a7d0,71,15,0,2,6,0,1,1,1,1791357959
2026-10-07T07:27:03+00:00,2026-10-07T07:28:05.037892+00:00,2124664048772581794,2124664048772581794,3,1,0,7,0,1,1,1,1791357963
2026-10-07T07:27:03+00:00,2026-10-07T07:28:05.037892+00:00,8bc42f7f-753d-4cca-a7d6-0d7c2530ea2c,364,12,0,0,7,0,1,1,1,1791357961
2026-10-07T07:27:03+00:00,2026-10-07T07:28:05.037892+00:00,f8350199-0de8-11e7-991c-3863bb43a7d0,150,9,0,1,9,0,1,1,1,1791357965
2026-10-07T07:27:03+00:00,2026-10-07T07:28:05.037892+00:00,1997031876360597884,1997031876360597884,5,0,0,6,0,1,1,1,1791357965
2026-10-07T07:27:03+00:00,2026-10-07T07:28:05.037892+00:00,f8347ded-0de8-11e7-991c-3863bb43a7d0,35,0,0,1,30,0,1,1,1,1791357966
2026-10-07T07:27:03+00:00,2026-10-07T07:28:05.037892+00:00,f8351791-0de8-11e7-991c-3863bb43a7d0,186,10,1,0,5,0,1,1,1,1791357992
2026-10-07T07:27:03+00:00,2026-10-07T07:28:05.037892+00:00,f834c6f5-0de8-11e7-991c-3863bb43a7d0,111,9,3,0,5,1,1,1,1,1791357990
2026-10-07T07:27:03+00:00,2026-10-07T07:28:05.037892+00:00,f8348598-0de8-11e7-991c-3863bb43a7d0,49,4,0,0,14,0,1,1,1,1791357995
2026-10-07T07:27:03+00:00,2026-10-07T07:28:05.037892+00:00,2039387081833476178,2039387081833476178,17,4,0,3,0,1,1,1,1791357996
2026-10-07T07:27:03+00:00,2026-10-07T07:28:05.037892+00:00,aefc33cd-40b9-48da-8b87-415428816bdb,488,7,2,0,9,0,1,1,1,1791357993
2026-10-07T07:27:03+00:00,2026-10-07T07:28:05.037892+00:00,1999639508813492766,1999639508813492766,4,0,1,15,0,1,1,1,1791357993
2026-10-07T07:27:03+00:00,2026-10-07T07:28:05.037892+00:00,ab6517ea-ed53-42eb-8881-657d362e56e8,560,12,0,0,3,0,1,1,1,1791357997
2026-10-07T07:27:03+00:00,2026-10-07T07:28:05.037892+00:00,4b5de733-9353-4873-9dc2-9558b3cb063a,393,8,2,1,4,0,1,1,1,1791357997
2026-10-07T07:27:03+00:00,2026-10-07T07:28:05.037892+00:00,2251556760922290606,2251556760922290606,13,4,0,2,0,1,1,1,1791357997
2026-10-07T07:27:03+00:00,2026-10-07T07:28:05.037892+00:00,2219705277630124418,2219705277630124418,8,3,0,7,0,1,1,1,1791357997
2026-10-07T07:27:03+00:00,2026-10-07T07:28:05.037892+00:00,f8351f87-0de8-11e7-991c-3863bb43a7d0,192,0,0,0,19,0,1,1,1,1791357997
2026-10-07T07:27:03+00:00,2026-10-07T07:28:05.037892+00:00,f834fcbe-0de8-11e7-991c-3863bb43a7d0,141,0,0,0,15,0,1,1,1,1791357999
2026-10-07T07:27:03+00:00,2026-10-07T07:28:05.037892+00:00,2363c5a3-93cc-41a2-a767-90f1826c041f,426,0,0,0,27,0,1,1,1,1791357999
2026-10-07T07:27:03+00:00,2026-10-07T07:28:05.037892+00:00,5410aac7-2ec0-47b6-b728-b99c5137b463,5410aac7-2ec0-47b6-b728-b99c5137b463,6,2,0,5,0,1,1,1,1791357998
2026-10-07T07:27:03+00:00,2026-10-07T07:28:05.037892+00:00,25489822-e43a-4704-b2a8-d905b78ba77c,389,4,2,0,10,0,1,1,1,1791357998
2026-10-07T07:27:03+00:00,2026-10-07T07:28:05.037892+00:00,1999644268058967024,1999644268058967024,17,1,2,5,0,1,1,1,1791357998
2026-10-07T07:27:03+00:00,2026-10-07T07:28:05.037892+00:00,f834f948-0de8-11e7-991c-3863bb43a7d0,138,10,0,1,3,0,1,1,1,1791357999
2026-10-07T07:27:03+00:00,2026-10-07T07:28:05.037892+00:00,f83514f9-0de8-11e7-991c-3863bb43a7d0,180,12,1,1,6,0,1,1,1,1791357880
2026-10-07T07:27:03+00:00,2026-10-07T07:28:05.037892+00:00,13681246-4bf8-444a-a908-fa165e4ad298,329,13,0,1,1,0,1,1,1,1791357879
2026-10-07T07:27:03+00:00,2026-10-07T07:28:05.037892+00:00,f834b652-0de8-11e7-991c-3863bb43a7d0,104,9,2,0,9,0,1,1,1,1791357881
2026-10-07T07:27:03+00:00,2026-10-07T07:28:05.037892+00:00,f834d064-0de8-11e7-991c-3863bb43a7d0,118,18,6,0,1,0,1,1,1,1791357878
2026-10-07T07:27:03+00:00,2026-10-07T07:28:05.037892+00:00,ee0fa23e-a6c2-474d-a6ef-bf581d63f1ae,ee0fa23e-a6c2-474d-a6ef-bf581d63f1ae,11,4,0,0,0,1,1,1,1791357887
2026-10-07T07:27:03+00:00,2026-10-07T07:28:05.037892+00:00,f8352a4d-0de8-11e7-991c-3863bb43a7d0,212,18,2,1,13,0,1,1,1,1791357895
2026-10-07T07:27:03+00:00,2026-10-07T07:28:05.037892+00:00,2126939746529359956,2126939746529359956,8,0,0,11,0,1,1,1,1791357902
2026-10-07T07:27:03+00:00,2026-10-07T07:28:05.037892+00:00,2131714490587826928,2131714490587826928,10,7,2,4,0,1,1,1,1791357902
2026-10-07T07:27:03+00:00,2026-10-07T07:28:05.037892+00:00,2248987790637065652,2248987790637065652,6,3,0,6,0,1,1,1,1791357898
2026-10-07T07:27:03+00:00,2026-10-07T07:28:05.037892+00:00,3f4f4ad4-a715-43d5-828f-f8381f26b66a,390,8,1,0,6,1,1,1,1,1791357902
2026-10-07T07:27:03+00:00,2026-10-07T07:28:05.037892+00:00,ee18dbd6-05b8-4d38-a120-f84c3499a77e,519,8,5,0,3,0,1,1,1,1791357909
2026-10-07T07:27:03+00:00,2026-10-07T07:28:05.037892+00:00,f834a32d-0de8-11e7-991c-3863bb43a7d0,86,17,0,0,8,0,1,1,1,1791357910
2026-10-07T07:27:03+00:00,2026-10-07T07:28:05.037892+00:00,f83487f0-0de8-11e7-991c-3863bb43a7d0,54,6,0,0,9,0,1,1,1,1791357911
2026-10-07T07:27:03+00:00,2026-10-07T07:28:05.037892+00:00,f8352306-0de8-11e7-991c-3863bb43a7d0,199,10,6,1,4,0,1,1,1,1791357905
2026-10-07T07:27:03+00:00,2026-10-07T07:28:05.037892+00:00,f8352150-0de8-11e7-991c-3863bb43a7d0,196,3,0,0,7,0,1,1,1,1791357913
2026-10-07T07:27:03+00:00,2026-10-07T07:28:05.037892+00:00,2074236051937964826,2074236051937964826,13,0,0,2,1,1,1,1,1791357914
2026-10-07T07:27:03+00:00,2026-10-07T07:28:05.037892+00:00,f8348857-0de8-11e7-991c-3863bb43a7d0,55,1,0,0,14,0,1,1,1,1791357920
2026-10-07T07:27:03+00:00,2026-10-07T07:28:05.037892+00:00,0cb6d635-6a7d-4d75-89b4-36b12616be12,432,10,6,0,9,0,1,1,1,1791357920
2026-10-07T07:27:03+00:00,2026-10-07T07:28:05.037892+00:00,2124668538068359456,2124668538068359456,8,0,1,10,0,1,1,1,1791357918
2026-10-07T07:27:03+00:00,2026-10-07T07:28:05.037892+00:00,1e3beeb4-f8e1-452c-93e5-48df78d4b313,334,3,0,0,15,0,1,1,1,1791357915
2026-10-07T07:27:03+00:00,2026-10-07T07:28:05.037892+00:00,634b697d-0e64-4102-8849-abac7a7f8e35,455,4,2,0,8,0,1,1,1,1791357921
2026-10-07T07:27:03+00:00,2026-10-07T07:28:05.037892+00:00,4caf6e93-ddd7-4b6f-9e61-f9df1206ac92,4caf6e93-ddd7-4b6f-9e61-f9df1206ac92,14,6,0,5,0,1,1,1,1791357921
2026-10-07T07:27:03+00:00,2026-10-07T07:28:05.037892+00:00,f834fda2-0de8-11e7-991c-3863bb43a7d0,143,6,1,1,16,0,1,1,1,1791357919
2026-10-07T07:27:03+00:00,2026-10-07T07:28:05.037892+00:00,c98f50f6-1901-4c64-b164-8cf33245e022,282,14,1,1,2,1,1,1,1,1791357915
2026-10-07T07:27:03+00:00,2026-10-07T07:28:05.037892+00:00,2035765531590062506,2035765531590062506,6,1,2,3,0,1,1,1,1791357943
2026-10-07T07:27:03+00:00,2026-10-07T07:28:05.037892+00:00,609c2f06-310e-4134-8dd2-3d23aa41487b,609c2f06-310e-4134-8dd2-3d23aa41487b,12,1,1,9,0,1,1,1,1791357940
2026-10-07T07:27:03+00:00,2026-10-07T07:28:05.037892+00:00,dd008e3c-ff17-4c82-abe0-502272a62425,558,1,0,0,16,0,1,1,1,1791357940
2026-10-07T07:27:03+00:00,2026-10-07T07:28:05.037892+00:00,2002247509585342522,2002247509585342522,11,1,0,0,0,1,1,1,1791357940
2026-10-07T07:27:03+00:00,2026-10-07T07:28:05.037892+00:00,f836bc28-36a7-4ca6-bba6-0d75333d84bb,538,13,1,1,5,0,1,1,1,1791357940
2026-10-07T07:27:03+00:00,2026-10-07T07:28:05.037892+00:00,2120986392451359068,2120986392451359068,11,0,0,8,0,1,1,1,1791357938
2026-10-07T07:27:03+00:00,2026-10-07T07:28:05.037892+00:00,f835141c-0de8-11e7-991c-3863bb43a7d0,178,17,0,1,0,0,1,1,1,1791357960
2026-10-07T07:27:03+00:00,2026-10-07T07:28:05.037892+00:00,2071724371800490690,2071724371800490690,17,0,0,3,0,1,1,1,1791357958
2026-10-07T07:27:03+00:00,2026-10-07T07:28:05.037892+00:00,1984021766354634770,1984021766354634770,15,1,0,4,0,1,1,1,1791357957
2026-10-07T07:27:03+00:00,2026-10-07T07:28:05.037892+00:00,f8348781-0de8-11e7-991c-3863bb43a7d0,53,19,1,0,0,0,1,1,1,1791357960
2026-10-07T07:27:03+00:00,2026-10-07T07:28:05.037892+00:00,f8353277-0de8-11e7-991c-3863bb43a7d0,218,0,0,0,15,0,1,1,1,1791357980
2026-10-07T07:27:03+00:00,2026-10-07T07:28:05.037892+00:00,1961066392414132348,1961066392414132348,3,0,0,16,0,1,1,1,1791357979
2026-10-07T07:27:03+00:00,2026-10-07T07:28:05.037892+00:00,f834923d-0de8-11e7-991c-3863bb43a7d0,65,8,0,0,11,0,1,1,1,1791357980
2026-10-07T07:27:03+00:00,2026-10-07T07:28:05.037892+00:00,7dd0fc98-c1dd-4c93-9c1d-4bbdf5f93346,473,14,9,0,0,0,1,1,1,1791357979
2026-10-07T07:27:03+00:00,2026-10-07T07:28:05.037892+00:00,2171110977443594588,2171110977443594588,6,0,1,8,0,1,1,1,1791357980
2026-10-07T07:27:03+00:00,2026-10-07T07:28:05.037892+00:00,e3f5d039-a49e-4b3b-ab4d-4efbef2068c6,e3f5d039-a49e-4b3b-ab4d-4efbef2068c6,17,1,0,5,0,1,1,1,1791357982
2026-10-07T07:27:03+00:00,2026-10-07T07:28:05.037892+00:00,d81e16e2-a410-4a0b-b5ae-b72748fc9781,d81e16e2-a410-4a0b-b5ae-b72748fc9781,2,1,1,16,0,1,1,1,1791357982
2026-10-07T07:27:03+00:00,2026-10-07T07:28:05.037892+00:00,f834fb66-0de8-11e7-991c-3863bb43a7d0,139,15,2,0,4,0,1,1,1,1791357978
2026-10-07T07:27:03+00:00,2026-10-07T07:28:05.037892+00:00,f8346c01-0de8-11e7-991c-3863bb43a7d0,13,0,0,0,19,0,1,1,1,1791357979
2026-10-07T07:27:03+00:00,2026-10-07T07:28:05.037892+00:00,2012646293885032702,2012646293885032702,4,0,1,19,0,1,1,1,1791357979
2026-10-07T07:27:03+00:00,2026-10-07T07:28:05.037892+00:00,a51b429f-bf06-425a-b3fe-b3155aa6468c,a51b429f-bf06-425a-b3fe-b3155aa6468c,4,3,1,6,0,1,1,1,1791357981
2026-10-07T07:27:03+00:00,2026-10-07T07:28:05.037892+00:00,dd8dee9d-d044-41d6-9371-8463cf9c671b,526,7,4,0,7,1,1,1,1,1791357919
2026-10-07T07:27:03+00:00,2026-10-07T07:28:05.037892+00:00,f4a64c30-b97f-4ae5-b531-a11698b558d7,562,5,1,0,4,0,1,1,1,1791357935
2026-10-07T07:27:03+00:00,2026-10-07T07:28:05.037892+00:00,a439fff7-8630-464c-b277-efca6f6bc664,531,7,0,2,5,0,1,1,1,1791357933
2026-10-07T07:27:03+00:00,2026-10-07T07:28:05.037892+00:00,a9d13461-7f0f-47b0-9a97-8ec9e9792865,533,13,0,1,5,0,1,1,1,1791357934
2026-10-07T07:27:03+00:00,2026-10-07T07:28:05.037892+00:00,2111332861978124760,2111332861978124760,5,1,1,10,0,1,1,1,1791357934
2026-10-07T07:27:03+00:00,2026-10-07T07:28:05.037892+00:00,50cc3c7f-50ed-4c70-b483-c89f3f47c938,491,13,1,0,6,0,1,1,1,1791357934
2026-10-07T07:27:03+00:00,2026-10-07T07:28:05.037892+00:00,f8349672-0de8-11e7-991c-3863bb43a7d0,72,0,0,0,23,0,1,1,1,1791357933
2026-10-07T07:27:03+00:00,2026-10-07T07:28:05.037892+00:00,4764641e-b080-4c70-a1e1-049de81e09d0,273,23,0,1,16,0,1,1,1,1791357937
2026-10-07T07:27:03+00:00,2026-10-07T07:28:05.037892+00:00,2115804056935012722,2115804056935012722,13,2,0,6,0,1,1,1,1791357917
2026-10-07T07:27:03+00:00,2026-10-07T07:28:05.037892+00:00,3a6d94a7-9fee-41c5-b8cc-a8487c5e691b,549,11,1,1,11,0,1,1,1,1791357917
2026-10-07T07:27:03+00:00,2026-10-07T07:28:05.037892+00:00,f8351ff1-0de8-11e7-991c-3863bb43a7d0,193,7,0,1,6,0,1,1,1,1791357916
2026-10-07T07:27:03+00:00,2026-10-07T07:28:05.037892+00:00,2158217922577811100,2158217922577811100,8,1,0,11,0,1,1,1,1791357923
2026-10-07T07:27:03+00:00,2026-10-07T07:28:05.037892+00:00,3dbbb3cb-b52d-46f8-8f9c-db11e83d081c,327,14,9,1,0,0,1,1,1,1791357923
2026-10-07T07:27:03+00:00,2026-10-07T07:28:05.037892+00:00,dc770287-c70c-43ea-a635-39f3dc6b09cd,dc770287-c70c-43ea-a635-39f3dc6b09cd,6,1,0,5,0,1,1,1,1791357922
2026-10-07T07:27:03+00:00,2026-10-07T07:28:05.037892+00:00,f8346a3c-0de8-11e7-991c-3863bb43a7d0,10,3,1,1,8,0,1,1,1,1791357945
2026-10-07T07:27:03+00:00,2026-10-07T07:28:05.037892+00:00,f835027c-0de8-11e7-991c-3863bb43a7d0,152,8,1,0,19,0,1,1,1,1791357945
2026-10-07T07:27:03+00:00,2026-10-07T07:28:05.037892+00:00,a9bc314b-a3fd-46e5-a63b-f005258bba5f,a9bc314b-a3fd-46e5-a63b-f005258bba5f,2,1,0,15,1,1,1,1,1791357944
2026-10-07T07:27:03+00:00,2026-10-07T07:28:05.037892+00:00,2080157934789007958,2080157934789007958,16,2,2,1,0,1,1,1,1791357985
2026-10-07T07:27:03+00:00,2026-10-07T07:28:05.037892+00:00,2253794653988522864,2253794653988522864,8,0,1,10,0,1,1,1,1791357988
2026-10-07T07:27:03+00:00,2026-10-07T07:28:05.037892+00:00,2100948177843249670,2100948177843249670,6,5,0,5,0,1,1,1,1791357988
2026-10-07T07:27:03+00:00,2026-10-07T07:28:05.037892+00:00,31382324-2931-491a-827a-40149e45afee,232,5,0,0,6,0,1,1,1,1791357985
2026-10-07T07:27:03+00:00,2026-10-07T07:28:05.037892+00:00,2256120653476329202,2256120653476329202,12,1,0,3,0,1,1,1,1791357984
2026-10-07T07:27:03+00:00,2026-10-07T07:28:05.037892+00:00,a3b94ed8-8301-4ec6-baf2-64ac493b5106,529,1,1,0,13,0,1,1,1,1791357992
2026-10-07T07:27:03+00:00,2026-10-07T07:28:05.037892+00:00,2136546016037880534,2136546016037880534,9,1,0,6,0,1,1,1,1791357993
2026-10-07T07:27:03+00:00,2026-10-07T07:28:05.037892+00:00,efd724b2-31cb-4aec-b9d9-8ab79271630c,493,9,0,0,8,0,1,1,1,1791357993
2026-10-07T07:27:03+00:00,2026-10-07T07:28:05.037892+00:00,3c837bc0-fd08-49c4-adf5-0e9a98e918a7,524,7,0,1,7,0,1,1,1,1791357993
2026-10-07T07:27:03+00:00,2026-10-07T07:28:05.037892+00:00,be7e7068-b85f-42c1-8ea1-e1d64e531323,be7e7068-b85f-42c1-8ea1-e1d64e531323,15,3,0,0,0,1,1,1,1791357993
2026-10-07T07:27:03+00:00,2026-10-07T07:28:05.037892+00:00,25cc602a-152a-4abe-9df8-a131d0a5d94b,235,15,5,0,0,0,1,1,1,1791357991
2026-10-07T07:27:03+00:00,2026-10-07T07:28:05.037892+00:00,f834ff5a-0de8-11e7-991c-3863bb43a7d0,145,10,1,1,8,0,1,1,1,1791357991
2026-10-07T07:27:03+00:00,2026-10-07T07:28:05.037892+00:00,3de6e5da-9702-4623-8683-26abd98012a8,525,4,1,0,8,0,1,1,1,1791357988
2026-10-07T07:27:03+00:00,2026-10-07T07:28:05.037892+00:00,f834b50a-0de8-11e7-991c-3863bb43a7d0,102,9,3,0,6,0,1,1,1,1791357989
2026-10-07T07:27:03+00:00,2026-10-07T07:28:05.037892+00:00,f1cafe36-f800-41f6-b74d-73953cb6394c,471,0,0,0,27,0,1,1,1,1791357988
2026-10-07T07:27:03+00:00,2026-10-07T07:28:05.037892+00:00,fae99a0c-e88a-4112-94d8-f655cf34e651,fae99a0c-e88a-4112-94d8-f655cf34e651,3,0,1,15,0,1,1,1,1791357928
2026-10-07T07:27:03+00:00,2026-10-07T07:28:05.037892+00:00,f8347361-0de8-11e7-991c-3863bb43a7d0,26,15,0,0,0,0,1,1,1,1791357929
2026-10-07T07:27:03+00:00,2026-10-07T07:28:05.037892+00:00,68323451-daf0-4532-a6cb-b070e3ef358f,68323451-daf0-4532-a6cb-b070e3ef358f,10,1,0,9,0,1,1,1,1791357923
2026-10-07T07:27:03+00:00,2026-10-07T07:28:05.037892+00:00,2079440939380771716,2079440939380771716,2,1,1,8,0,1,1,1,1791357929
2026-10-07T07:27:03+00:00,2026-10-07T07:28:05.037892+00:00,082262bd-086b-46c7-83ce-eed2b39142ff,416,2,1,0,13,0,1,1,1,1791357927
2026-10-07T07:27:03+00:00,2026-10-07T07:28:05.037892+00:00,3b158c7a-a362-43ae-af1f-121b78be32d7,483,8,4,1,8,0,1,1,1,1791357926
2026-10-07T07:27:03+00:00,2026-10-07T07:28:05.037892+00:00,2fded452-cbd0-4248-b008-f8a61ed9a85f,2fded452-cbd0-4248-b008-f8a61ed9a85f,1,0,0,14,0,1,1,1,1791357955
2026-10-07T07:27:03+00:00,2026-10-07T07:28:05.037892+00:00,f8351e42-0de8-11e7-991c-3863bb43a7d0,189,0,0,0,23,0,1,1,1,1791357950
2026-10-07T07:27:03+00:00,2026-10-07T07:28:05.037892+00:00,2004828637786472956,2004828637786472956,15,7,1,3,0,1,1,1,1791357952
2026-10-07T07:27:03+00:00,2026-10-07T07:28:05.037892+00:00,2113560016964645240,2113560016964645240,9,0,1,9,0,1,1,1,1791357964
2026-10-07T07:27:03+00:00,2026-10-07T07:28:05.037892+00:00,f8349de4-0de8-11e7-991c-3863bb43a7d0,80,0,0,2,33,0,1,1,1,1791357962
2026-10-07T07:27:03+00:00,2026-10-07T07:28:05.037892+00:00,af066ffd-b892-434f-8532-1982fc408780,480,3,0,0,8,0,1,1,1,1791357964
2026-10-07T07:27:03+00:00,2026-10-07T07:28:05.037892+00:00,f83472d3-0de8-11e7-991c-3863bb43a7d0,25,15,0,0,0,0,1,1,1,1791357964
2026-10-07T07:27:03+00:00,2026-10-07T07:28:05.037892+00:00,f834db9b-0de8-11e7-991c-3863bb43a7d0,121,16,7,0,1,0,1,1,1,1791357965
2026-10-07T07:27:03+00:00,2026-10-07T07:28:05.037892+00:00,b0b8e427-7203-4844-9c70-129e08a74452,347,12,4,1,1,0,1,1,1,1791357962
2026-10-07T07:27:03+00:00,2026-10-07T07:28:05.037892+00:00,f834ffc9-0de8-11e7-991c-3863bb43a7d0,146,10,2,0,9,0,1,1,1,1791357970
2026-10-07T07:27:03+00:00,2026-10-07T07:28:05.037892+00:00,1994461916590643872,1994461916590643872,6,1,1,4,0,1,1,1,1791357971
2026-10-07T07:27:03+00:00,2026-10-07T07:28:05.037892+00:00,e49a5b83-2c9c-4610-a48b-89cfea172c8f,504,4,1,0,7,0,1,1,1,1791357970
2026-10-07T07:27:03+00:00,2026-10-07T07:28:05.037892+00:00,2223046412750968128,2223046412750968128,2,1,0,17,0,1,1,1,1791357969
2026-10-07T07:27:03+00:00,2026-10-07T07:28:05.037892+00:00,1963273678015717438,1963273678015717438,0,0,0,19,0,1,1,1,1791357969
2026-10-07T07:27:03+00:00,2026-10-07T07:28:05.037892+00:00,1206f5c8-7d1f-4c32-9d65-f3e80186fbde,511,8,5,1,10,0,1,1,1,1791357968
2026-10-07T07:27:03+00:00,2026-10-07T07:28:05.037892+00:00,f8349d6e-0de8-11e7-991c-3863bb43a7d0,79,17,0,0,1,0,1,1,1,1791357968
2026-10-07T07:27:03+00:00,2026-10-07T07:28:05.037892+00:00,f8348021-0de8-11e7-991c-3863bb43a7d0,39,26,2,0,1,0,1,1,1,1791357972
2026-10-07T07:27:03+00:00,2026-10-07T07:28:05.037892+00:00,f8350be5-0de8-11e7-991c-3863bb43a7d0,160,2,0,0,12,0,1,1,1,1791357976
2026-10-07T07:27:03+00:00,2026-10-07T07:28:05.037892+00:00,b5894555-30a3-46db-918a-fdeb083d6001,336,13,7,1,1,0,1,1,1,1791357976
2026-10-07T07:27:03+00:00,2026-10-07T07:28:05.037892+00:00,0bc49982-74e9-4bbf-9991-e3d809d6319e,530,3,1,0,16,0,1,1,1,1791357973
2026-10-07T07:27:03+00:00,2026-10-07T07:28:05.037892+00:00,dd05a440-f881-410c-a071-864da11c634a,318,0,0,0,19,0,1,1,1,1791357976
2026-10-07T07:27:03+00:00,2026-10-07T07:28:05.037892+00:00,57caf362-1e8b-46aa-9ee3-82341c405ab0,271,4,2,1,10,0,1,1,1,1791357974
2026-10-07T07:27:03+00:00,2026-10-07T07:28:05.037892+00:00,8b703219-1e16-4ba1-9f46-2b7030c7849a,360,6,6,2,7,0,1,1,1,1791357998
2026-10-07T07:27:03+00:00,2026-10-07T07:28:05.037892+00:00,910f1452-dbeb-4e69-b226-71b2d7e85715,910f1452-dbeb-4e69-b226-71b2d7e85715,7,7,0,3,0,1,1,1,1791357997
2026-10-07T07:27:03+00:00,2026-10-07T07:28:05.037892+00:00,c935cfb1-ef73-402e-9b86-83aaaac6534d,478,6,0,0,13,0,1,1,1,1791357999
2026-10-07T07:27:03+00:00,2026-10-07T07:28:05.037892+00:00,f8348924-0de8-11e7-991c-3863bb43a7d0,57,11,0,0,3,0,1,1,1,1791357931
2026-10-07T07:27:03+00:00,2026-10-07T07:28:05.037892+00:00,fbb9b58c-2b92-4bcf-8e4c-a982e40d2f39,221,5,3,0,13,0,1,1,1,1791357994
2026-10-07T07:27:03+00:00,2026-10-07T07:28:05.037892+00:00,f8350c56-0de8-11e7-991c-3863bb43a7d0,161,23,6,0,0,0,1,1,1,1791357995
2026-10-07T07:27:03+00:00,2026-10-07T07:28:05.037892+00:00,8f51f8f1-ecb8-4cd3-8529-296a03140c51,8f51f8f1-ecb8-4cd3-8529-296a03140c51,10,3,0,9,0,1,1,1,1791357994
2026-10-07T07:27:03+00:00,2026-10-07T07:28:05.037892+00:00,f8352c1a-0de8-11e7-991c-3863bb43a7d0,216,10,2,0,9,0,1,1,1,1791357996
2026-10-07T07:27:03+00:00,2026-10-07T07:28:05.037892+00:00,f835259f-0de8-11e7-991c-3863bb43a7d0,205,3,0,1,11,0,1,1,1,1791357997
2026-10-07T07:27:03+00:00,2026-10-07T07:28:05.037892+00:00,66763558-7a03-48a9-8665-6b4445b81f48,458,11,4,0,4,0,1,1,1,1791357997
2026-10-07T07:27:03+00:00,2026-10-07T07:28:05.037892+00:00,2271594282663217386,2271594282663217386,2,2,0,9,0,1,1,1,1791357621
2026-10-07T07:27:03+00:00,2026-10-07T07:28:05.037892+00:00,12141b77-6e5f-444b-bace-2abf16db4fee,12141b77-6e5f-444b-bace-2abf16db4fee,0,0,11,0,0,1,0,0,1791320514
2026-10-07T07:27:03+00:00,2026-10-07T07:28:05.037892+00:00,2109111257926871498,2109111257926871498,15,4,1,3,0,1,1,1,1791357878
2026-10-07T07:27:03+00:00,2026-10-07T07:28:05.037892+00:00,f834a7d1-0de8-11e7-991c-3863bb43a7d0,91,3,0,0,16,0,1,1,1,1791357886
2026-10-07T07:27:03+00:00,2026-10-07T07:28:05.037892+00:00,be18593a-9e4c-4a13-8bb2-a5bac3d9b2b3,547,11,3,0,7,0,1,1,1,1791357884
2026-10-07T07:27:03+00:00,2026-10-07T07:28:05.037892+00:00,9340e113-e0b2-48ac-b58a-8b6f001b0a94,486,4,1,0,7,0,1,1,1,1791357884
2026-10-07T07:27:03+00:00,2026-10-07T07:28:05.037892+00:00,00802fe6-4268-4dc8-8f55-0dbbc1665ce6,515,3,0,2,14,0,1,1,1,1791357887
2026-10-07T07:27:03+00:00,2026-10-07T07:28:05.037892+00:00,6e340d8e-45db-4fd9-b6eb-b74ec73b0d3e,535,6,1,2,7,0,1,1,1,1791357882
2026-10-07T07:27:03+00:00,2026-10-07T07:28:05.037892+00:00,f834b99d-0de8-11e7-991c-3863bb43a7d0,107,0,0,0,18,0,1,1,1,1791357888
2026-10-07T07:27:03+00:00,2026-10-07T07:28:05.037892+00:00,f834ab92-0de8-11e7-991c-3863bb43a7d0,95,15,0,0,0,0,1,1,1,1791357891
2026-10-07T07:27:03+00:00,2026-10-07T07:28:05.037892+00:00,c5017e67-cada-4549-a52e-0f13dddd289d,424,10,6,0,9,0,1,1,1,1791357889
2026-10-07T07:27:03+00:00,2026-10-07T07:28:05.037892+00:00,9c8366d8-3b58-4894-b281-09e22f6fe5f7,464,10,1,0,1,0,1,1,1,1791357893
2026-10-07T07:27:03+00:00,2026-10-07T07:28:05.037892+00:00,f8351dc2-0de8-11e7-991c-3863bb43a7d0,188,15,1,0,0,0,1,1,1,1791357893
2026-10-07T07:27:03+00:00,2026-10-07T07:28:05.037892+00:00,1989983491501558234,1989983491501558234,2,0,0,9,0,1,1,1,1791357896
2026-10-07T07:27:03+00:00,2026-10-07T07:28:05.037892+00:00,228b8017-e4da-4722-9223-b8279a14b8ad,448,4,4,0,6,0,1,1,1,1791357897
2026-10-07T07:27:03+00:00,2026-10-07T07:28:05.037892+00:00,f83520d8-0de8-11e7-991c-3863bb43a7d0,195,14,2,0,9,0,1,1,1,1791357901
2026-10-07T07:27:03+00:00,2026-10-07T07:28:05.037892+00:00,42886366-9cbf-432c-ba84-beef38877c87,408,15,5,0,0,0,1,1,1,1791357898
2026-10-07T07:27:03+00:00,2026-10-07T07:28:05.037892+00:00,9cc65d3d-cfcc-45ff-8f75-7264556b1cf9,9cc65d3d-cfcc-45ff-8f75-7264556b1cf9,17,2,0,2,0,1,1,1,1791357899
2026-10-07T07:27:03+00:00,2026-10-07T07:28:05.037892+00:00,13d4171b-6d93-490e-923f-f2a17d5c7613,13d4171b-6d93-490e-923f-f2a17d5c7613,3,1,2,6,0,1,1,1,1791357899
2026-10-07T07:27:03+00:00,2026-10-07T07:28:05.037892+00:00,ad2fb6f2-921f-440c-83de-08be76e35c2a,468,3,0,1,10,0,1,1,1,1791357900
2026-10-07T07:27:03+00:00,2026-10-07T07:28:05.037892+00:00,186accbb-6a08-4e1d-b267-9033c4443a56,401,11,3,1,3,0,1,1,1,1791357901
2026-10-07T07:27:03+00:00,2026-10-07T07:28:05.037892+00:00,1676a6f7-c417-48d2-92e8-5ce21995efc3,374,1,0,0,17,0,1,1,1,1791357901
2026-10-07T07:27:03+00:00,2026-10-07T07:28:05.037892+00:00,f834658f-0de8-11e7-991c-3863bb43a7d0,4,17,1,0,2,0,1,1,1,1791357901
2026-10-07T07:27:03+00:00,2026-10-07T07:28:05.037892+00:00,4f25f6ef-236b-43b4-8a92-68a24db0504b,4f25f6ef-236b-43b4-8a92-68a24db0504b,12,6,0,2,0,1,1,1,1791357904
2026-10-07T07:27:03+00:00,2026-10-07T07:28:05.037892+00:00,f834caf2-0de8-11e7-991c-3863bb43a7d0,114,9,3,0,6,0,1,1,1,1791357903
2026-10-07T07:27:03+00:00,2026-10-07T07:28:05.037892+00:00,f83483f3-0de8-11e7-991c-3863bb43a7d0,46,15,1,1,23,0,1,1,1,1791357907
2026-10-07T07:27:03+00:00,2026-10-07T07:28:05.037892+00:00,1978882443666915710,1978882443666915710,12,0,0,5,1,1,1,1,1791357917
2026-10-07T07:27:03+00:00,2026-10-07T07:28:05.037892+00:00,fe6a64e7-c712-404c-85ae-ee77a37245b1,355,7,1,1,9,0,1,1,1,1791357915
2026-10-07T07:27:03+00:00,2026-10-07T07:28:05.037892+00:00,2002248857751890568,2002248857751890568,10,8,0,1,0,1,1,1,1791357917
2026-10-07T07:27:03+00:00,2026-10-07T07:28:05.037892+00:00,eee3aab6-bd98-4d1f-8887-9c4e2adce482,eee3aab6-bd98-4d1f-8887-9c4e2adce482,9,3,2,0,0,1,1,1,1791357911
2026-10-07T07:27:03+00:00,2026-10-07T07:28:05.037892+00:00,c1789d39-705f-4c03-9c14-4d6a3a4f4400,561,0,0,0,19,0,1,1,1,1791357911
2026-10-07T07:27:03+00:00,2026-10-07T07:28:05.037892+00:00,2002579415401984808,2002579415401984808,4,0,0,7,0,1,1,1,1791357912
2026-10-07T07:27:03+00:00,2026-10-07T07:28:05.037892+00:00,2254164250455119196,2254164250455119196,7,7,0,8,0,1,1,1,1791357906
2026-10-07T07:27:03+00:00,2026-10-07T07:28:05.037892+00:00,2d32e355-faee-407b-9bb7-45d80ffb059a,2d32e355-faee-407b-9bb7-45d80ffb059a,0,0,1,18,0,1,1,1,1791357909
2026-10-07T07:27:03+00:00,2026-10-07T07:28:05.037892+00:00,2151136782588526782,2151136782588526782,8,1,1,2,0,1,1,1,1791357912
2026-10-07T07:27:03+00:00,2026-10-07T07:28:05.037892+00:00,f834fede-0de8-11e7-991c-3863bb43a7d0,144,5,0,0,14,0,1,1,1,1791357912
2026-10-07T07:27:03+00:00,2026-10-07T07:28:05.037892+00:00,f8351726-0de8-11e7-991c-3863bb43a7d0,185,0,0,1,14,0,1,1,1,1791357913
2026-10-07T07:27:03+00:00,2026-10-07T07:28:05.037892+00:00,403c0f6c-d01a-4171-a7be-3aa4dbb0d7d1,407,11,8,2,5,0,1,1,1,1791357913
2026-10-07T07:27:03+00:00,2026-10-07T07:28:05.037892+00:00,2098360140389493528,2098360140389493528,6,5,3,2,0,1,1,1,1791357910
2026-10-07T07:27:03+00:00,2026-10-07T07:28:05.037892+00:00,ca76adb6-4c84-4484-9ec3-b411b81ddbef,ca76adb6-4c84-4484-9ec3-b411b81ddbef,4,1,2,13,0,1,1,1,1791357921
2026-10-07T07:27:03+00:00,2026-10-07T07:28:05.037892+00:00,4fe8e777-345b-4fc2-a684-dd874e8186d8,4fe8e777-345b-4fc2-a684-dd874e8186d8,8,4,1,6,0,1,1,1,1791357919
2026-10-07T07:27:03+00:00,2026-10-07T07:28:05.037892+00:00,065e0e5d-8a0d-49b7-9c1f-c8eaba51a8b4,490,12,4,1,5,0,1,1,1,1791357919
2026-10-07T07:27:03+00:00,2026-10-07T07:28:05.037892+00:00,a3bf0bfe-198b-4160-a2fb-cc7d10cfb4cf,a3bf0bfe-198b-4160-a2fb-cc7d10cfb4cf,9,1,0,10,0,1,1,1,1791357919
2026-10-07T07:27:03+00:00,2026-10-07T07:28:05.037892+00:00,a83f982f-a4f1-43e4-98e8-c8f4a0bb7290,452,14,1,0,0,0,1,1,1,1791357919
2026-10-07T07:27:03+00:00,2026-10-07T07:28:05.037892+00:00,f83489ff-0de8-11e7-991c-3863bb43a7d0,59,1,0,0,17,1,1,1,1,1791357919
2026-10-07T07:27:03+00:00,2026-10-07T07:28:05.037892+00:00,2129865213174084448,2129865213174084448,3,0,0,16,0,1,1,1,1791357924
2026-10-07T07:27:03+00:00,2026-10-07T07:28:05.037892+00:00,f834dc46-0de8-11e7-991c-3863bb43a7d0,122,1,0,0,14,0,1,1,1,1791357924
2026-10-07T07:27:03+00:00,2026-10-07T07:28:05.037892+00:00,f0f01d4c-ba4a-4ab2-9cc0-9fa1f9223300,394,6,3,0,8,0,1,1,1,1791357928
2026-10-07T07:27:03+00:00,2026-10-07T07:28:05.037892+00:00,bd3d4824-7203-4edc-a314-cea2b413e886,319,13,3,0,13,1,1,1,1,1791357928
2026-10-07T07:27:03+00:00,2026-10-07T07:28:05.037892+00:00,ed6c012e-6d6c-41e7-8e01-90749fd67575,546,11,10,0,5,0,1,1,1,1791357932
2026-10-07T07:27:03+00:00,2026-10-07T07:28:05.037892+00:00,1a39ab83-f029-4134-aad4-35380b30bf2c,1a39ab83-f029-4134-aad4-35380b30bf2c,6,0,0,13,0,1,1,1,1791357931
2026-10-07T07:27:03+00:00,2026-10-07T07:28:05.037892+00:00,2096125468116637776,2096125468116637776,13,0,0,2,0,1,1,1,1791357933
2026-10-07T07:27:03+00:00,2026-10-07T07:28:05.037892+00:00,2245672241002318634,2245672241002318634,6,1,1,11,0,1,1,1,1791357932
2026-10-07T07:27:03+00:00,2026-10-07T07:28:05.037892+00:00,f835108b-0de8-11e7-991c-3863bb43a7d0,170,3,1,1,10,0,1,1,1,1791357937
2026-10-07T07:27:03+00:00,2026-10-07T07:28:05.037892+00:00,f8351490-0de8-11e7-991c-3863bb43a7d0,179,52,7,0,0,1,1,1,1,1791357937
2026-10-07T07:27:03+00:00,2026-10-07T07:28:05.037892+00:00,bd1755dc-f26c-420e-85b3-fd025d0b5445,554,1,0,0,14,0,1,1,1,1791357934
2026-10-07T07:27:03+00:00,2026-10-07T07:28:05.037892+00:00,f8348a68-0de8-11e7-991c-3863bb43a7d0,60,9,4,1,8,0,1,1,1,1791357935
2026-10-07T07:27:03+00:00,2026-10-07T07:28:05.037892+00:00,7c860828-3359-4229-b59b-963f5a4bab00,236,5,1,2,5,0,1,1,1,1791357940
2026-10-07T07:27:03+00:00,2026-10-07T07:28:05.037892+00:00,f834ba08-0de8-11e7-991c-3863bb43a7d0,108,0,0,0,16,0,1,1,1,1791357941
2026-10-07T07:27:03+00:00,2026-10-07T07:28:05.037892+00:00,f83515d8-0de8-11e7-991c-3863bb43a7d0,182,10,0,0,8,0,1,1,1,1791357940
2026-10-07T07:27:03+00:00,2026-10-07T07:28:05.037892+00:00,2212258635631104970,2212258635631104970,9,0,0,14,0,1,1,1,1791357944
2026-10-07T07:27:03+00:00,2026-10-07T07:28:05.037892+00:00,9f582e05-15e0-4a39-aef5-c719e0c78e26,466,5,3,2,4,0,1,1,1,1791357944
2026-10-07T07:27:03+00:00,2026-10-07T07:28:05.037892+00:00,2267959380696438832,2267959380696438832,7,0,0,4,0,1,1,1,1791357941
2026-10-07T07:27:03+00:00,2026-10-07T07:28:05.037892+00:00,f83512c9-0de8-11e7-991c-3863bb43a7d0,175,6,2,0,11,0,1,1,1,1791357941
2026-10-07T07:27:03+00:00,2026-10-07T07:28:05.037892+00:00,f834dedf-0de8-11e7-991c-3863bb43a7d0,124,10,4,0,4,0,1,1,1,1791357941
2026-10-07T07:27:03+00:00,2026-10-07T07:28:05.037892+00:00,2104f242-2dde-4ec0-8197-4454b1021ac1,381,13,2,2,8,1,1,1,1,1791357939
2026-10-07T07:27:03+00:00,2026-10-07T07:28:05.037892+00:00,2038981933682610536,2038981933682610536,4,0,0,12,0,1,1,1,1791357942
2026-10-07T07:27:03+00:00,2026-10-07T07:28:05.037892+00:00,aa556ad4-0092-4687-96c2-8dbc69addb56,485,5,0,2,4,0,1,1,1,1791357948
2026-10-07T07:27:03+00:00,2026-10-07T07:28:05.037892+00:00,f834f8ca-0de8-11e7-991c-3863bb43a7d0,137,11,9,4,2,2,1,1,1,1791357948
2026-10-07T07:27:03+00:00,2026-10-07T07:28:05.037892+00:00,f8351eb0-0de8-11e7-991c-3863bb43a7d0,190,28,1,1,8,0,1,1,1,1791357949
2026-10-07T07:27:03+00:00,2026-10-07T07:28:05.037892+00:00,c23a4c0d-7e43-4042-80e2-7c894d07763b,559,5,1,0,6,0,1,1,1,1791357947
2026-10-07T07:27:03+00:00,2026-10-07T07:28:05.037892+00:00,47c44bb1-d065-41f5-ad79-c18aee60af34,342,9,0,1,5,0,1,1,1,1791357946
2026-10-07T07:27:03+00:00,2026-10-07T07:28:05.037892+00:00,93381e13-cd04-4e10-ac81-9f5926aa01d5,333,19,6,1,5,0,1,1,1,1791357949
2026-10-07T07:27:03+00:00,2026-10-07T07:28:05.037892+00:00,1921360868231155718,1921360868231155718,2,0,0,17,0,1,1,1,1791357951
2026-10-07T07:27:03+00:00,2026-10-07T07:28:05.037892+00:00,c202f2ca-ec1d-4dc5-a734-e0a342f23ba4,279,18,1,1,4,0,1,1,1,1791357951
2026-10-07T07:27:03+00:00,2026-10-07T07:28:05.037892+00:00,f83529e2-0de8-11e7-991c-3863bb43a7d0,211,9,0,0,6,0,1,1,1,1791357944
2026-10-07T07:27:03+00:00,2026-10-07T07:28:05.037892+00:00,81676204-e42f-4d3d-991e-9c1264f36229,357,14,2,0,1,0,1,1,1,1791357954
2026-10-07T07:27:03+00:00,2026-10-07T07:28:05.037892+00:00,0daf7408-7a15-4d2b-8c39-f1a097cdbe85,403,5,0,0,10,0,1,1,1,1791357974
2026-10-07T07:27:03+00:00,2026-10-07T07:28:05.037892+00:00,f8346f6f-0de8-11e7-991c-3863bb43a7d0,19,11,1,1,2,0,1,1,1,1791357975
2026-10-07T07:27:03+00:00,2026-10-07T07:28:05.037892+00:00,0b0467c1-0c90-4529-a556-fe4d57835bbb,435,11,11,0,3,1,1,1,1,1791357972
2026-10-07T07:27:03+00:00,2026-10-07T07:28:05.037892+00:00,f83471a1-0de8-11e7-991c-3863bb43a7d0,23,4,0,0,20,1,1,1,1,1791357972
2026-10-07T07:27:03+00:00,2026-10-07T07:28:05.037892+00:00,f8350204-0de8-11e7-991c-3863bb43a7d0,151,1,0,0,18,0,1,1,1,1791357971
2026-10-07T07:27:03+00:00,2026-10-07T07:28:05.037892+00:00,f834ea45-0de8-11e7-991c-3863bb43a7d0,130,7,0,0,8,0,1,1,1,1791357974
2026-10-07T07:27:03+00:00,2026-10-07T07:28:05.037892+00:00,2131760674371160748,2131760674371160748,4,0,1,15,0,1,1,1,1791357974
2026-10-07T07:27:03+00:00,2026-10-07T07:28:05.037892+00:00,f714390d-6874-43fa-a079-a07f83c79c7b,f714390d-6874-43fa-a079-a07f83c79c7b,10,3,1,0,0,1,1,1,1791357990
2026-10-07T07:27:03+00:00,2026-10-07T07:28:05.037892+00:00,f8352068-0de8-11e7-991c-3863bb43a7d0,194,11,0,0,8,0,1,1,1,1791357992
2026-10-07T07:27:03+00:00,2026-10-07T07:28:05.037892+00:00,a75d3da1-ce74-447f-8e80-52506a81aff3,a75d3da1-ce74-447f-8e80-52506a81aff3,11,8,0,0,0,1,1,1,1791357990
2026-10-07T07:27:03+00:00,2026-10-07T07:28:05.037892+00:00,53548ba4-ad0a-4d92-8e57-fd5c9f3ad102,399,5,0,0,10,0,1,1,1,1791357993
2026-10-07T07:27:03+00:00,2026-10-07T07:28:05.037892+00:00,74cb9bf6-bb53-4c70-88d2-67998b99628c,296,12,2,0,11,0,1,1,1,1791357990
2026-10-07T07:27:03+00:00,2026-10-07T07:28:05.037892+00:00,5f8ced09-665c-41e5-b67e-1e58fac21830,521,3,0,0,8,0,1,1,1,1791357991
2026-10-07T07:27:03+00:00,2026-10-07T07:28:05.037892+00:00,f83480a9-0de8-11e7-991c-3863bb43a7d0,40,28,0,0,3,0,1,1,1,1791357993
2026-10-07T07:27:03+00:00,2026-10-07T07:28:05.037892+00:00,f834a838-0de8-11e7-991c-3863bb43a7d0,92,10,2,1,7,0,1,1,1,1791357957
2026-10-07T07:27:03+00:00,2026-10-07T07:28:05.037892+00:00,f8347b1e-0de8-11e7-991c-3863bb43a7d0,30,1,0,0,14,0,1,1,1,1791357952
2026-10-07T07:27:03+00:00,2026-10-07T07:28:05.037892+00:00,f8285d4f-5053-4e26-bb28-72016fe11353,405,12,0,0,7,0,1,1,1,1791357953
2026-10-07T07:27:03+00:00,2026-10-07T07:28:05.037892+00:00,1942556871369959976,1942556871369959976,14,6,1,4,0,1,1,1,1791357953
2026-10-07T07:27:03+00:00,2026-10-07T07:28:05.037892+00:00,f8352378-0de8-11e7-991c-3863bb43a7d0,200,14,0,0,5,0,1,1,1,1791357954
2026-10-07T07:27:03+00:00,2026-10-07T07:28:05.037892+00:00,f834a3a0-0de8-11e7-991c-3863bb43a7d0,87,14,3,0,1,0,1,1,1,1791357959
2026-10-07T07:27:03+00:00,2026-10-07T07:28:05.037892+00:00,2212663228188806942,2212663228188806942,8,0,0,16,0,1,1,1,1791357960
2026-10-07T07:27:03+00:00,2026-10-07T07:28:05.037892+00:00,e32c0bb9-e85b-4764-b0fb-5c582cfd3a90,340,14,8,1,2,2,1,1,1,1791357955
2026-10-07T07:27:03+00:00,2026-10-07T07:28:05.037892+00:00,f8350a84-0de8-11e7-991c-3863bb43a7d0,157,1,1,0,14,0,1,1,1,1791357986
2026-10-07T07:27:03+00:00,2026-10-07T07:28:05.037892+00:00,f834824e-0de8-11e7-991c-3863bb43a7d0,43,0,0,0,15,0,1,1,1,1791357987
2026-10-07T07:27:03+00:00,2026-10-07T07:28:05.037892+00:00,f834ec42-0de8-11e7-991c-3863bb43a7d0,131,16,2,1,1,0,1,1,1,1791357984
2026-10-07T07:27:03+00:00,2026-10-07T07:28:05.037892+00:00,f8349e56-0de8-11e7-991c-3863bb43a7d0,81,7,0,1,11,0,1,1,1,1791357984
2026-10-07T07:27:03+00:00,2026-10-07T07:28:05.037892+00:00,f834fc57-0de8-11e7-991c-3863bb43a7d0,140,9,1,3,5,0,1,1,1,1791357984
2026-10-07T07:27:03+00:00,2026-10-07T07:28:05.037892+00:00,f8349ed6-0de8-11e7-991c-3863bb43a7d0,82,6,1,0,19,0,1,1,1,1791357985
2026-10-07T07:27:03+00:00,2026-10-07T07:28:05.037892+00:00,2225590560002383786,2225590560002383786,0,0,0,15,0,1,1,1,1791357958
2026-10-07T07:27:03+00:00,2026-10-07T07:28:05.037892+00:00,7feae3ce-ddf2-4a45-a123-1209c8a9182b,484,2,0,0,9,0,1,1,1,1791357958
2026-10-07T07:27:03+00:00,2026-10-07T07:28:05.037892+00:00,12d463d2-ce50-43bd-81b1-6be4dbdbbc1b,430,13,4,0,6,0,1,1,1,1791357962
2026-10-07T07:27:03+00:00,2026-10-07T07:28:05.037892+00:00,2071630998981871920,2071630998981871920,12,5,0,8,0,1,1,1,1791357966
2026-10-07T07:27:03+00:00,2026-10-07T07:28:05.037892+00:00,2123672938202825324,2123672938202825324,1,0,0,14,0,1,1,1,1791357961
2026-10-07T07:27:03+00:00,2026-10-07T07:28:05.037892+00:00,f83481c5-0de8-11e7-991c-3863bb43a7d0,42,4,0,1,25,0,1,1,1,1791357961
2026-10-07T07:27:03+00:00,2026-10-07T07:28:05.037892+00:00,9e9be067-c6bb-41de-9491-eda69d24d6de,371,15,5,0,3,0,1,1,1,1791357963
2026-10-07T07:27:03+00:00,2026-10-07T07:28:05.037892+00:00,2007420398783036020,2007420398783036020,7,0,0,13,0,1,1,1,1791357965
2026-10-07T07:27:03+00:00,2026-10-07T07:28:05.037892+00:00,fe534b6f-61ad-47d3-b9f6-cdaa128f53a4,395,5,0,2,8,0,1,1,1,1791357965
2026-10-07T07:27:03+00:00,2026-10-07T07:28:05.037892+00:00,2249419943962214726,2249419943962214726,2,0,1,16,0,1,1,1,1791357969
2026-10-07T07:27:03+00:00,2026-10-07T07:28:05.037892+00:00,2130224177726511580,2130224177726511580,6,0,0,9,0,1,1,1,1791357969
2026-10-07T07:27:03+00:00,2026-10-07T07:28:05.037892+00:00,f835260c-0de8-11e7-991c-3863bb43a7d0,206,7,1,0,33,0,1,1,1,1791357966
2026-10-07T07:27:03+00:00,2026-10-07T07:28:05.037892+00:00,8347c34d-68df-404b-ac58-7a387cc3ce4b,414,9,2,0,14,0,1,1,1,1791357979
2026-10-07T07:27:03+00:00,2026-10-07T07:28:05.037892+00:00,4c128753-6fde-4d4c-896e-a1adf89ada98,4c128753-6fde-4d4c-896e-a1adf89ada98,0,0,1,23,1,1,1,1,1791357980
2026-10-07T07:27:03+00:00,2026-10-07T07:28:05.037892+00:00,52485851-e554-49de-ab9f-f536806d2d34,52485851-e554-49de-ab9f-f536806d2d34,4,1,0,6,0,1,1,1,1791357978
2026-10-07T07:27:03+00:00,2026-10-07T07:28:05.037892+00:00,1976642295079838524,1976642295079838524,4,0,1,6,0,1,1,1,1791357981
2026-10-07T07:27:03+00:00,2026-10-07T07:28:05.037892+00:00,e2c306f6-82c7-4d0d-89fd-c9452d2f9ad1,361,6,1,0,37,0,1,1,1,1791357981
2026-10-07T07:27:03+00:00,2026-10-07T07:28:05.037892+00:00,d1c0b0c2-6e4c-424e-a946-a2a95a711633,422,7,1,0,8,0,1,1,1,1791357980
2026-10-07T07:27:03+00:00,2026-10-07T07:28:05.037892+00:00,7df1ee28-441e-44c1-8507-8f58946be96b,239,14,2,1,0,0,1,1,1,1791357982
2026-10-07T07:27:03+00:00,2026-10-07T07:28:05.037892+00:00,2093488029445054742,2093488029445054742,5,0,0,23,0,1,1,1,1791357981
2026-10-07T07:27:03+00:00,2026-10-07T07:28:05.037892+00:00,5bbdd12f-fec4-4741-9d5d-4a60834c5d02,377,8,1,0,11,0,1,1,1,1791357978
2026-10-07T07:27:03+00:00,2026-10-07T07:28:05.037892+00:00,2220822464984366036,2220822464984366036,3,1,0,9,0,1,1,1,1791357959
2026-10-07T07:27:03+00:00,2026-10-07T07:28:05.037892+00:00,2035660824473983142,2035660824473983142,9,0,0,9,1,1,1,1,1791357995
2026-10-07T07:27:03+00:00,2026-10-07T07:28:05.037892+00:00,2040842277416872172,2040842277416872172,7,1,0,9,0,1,1,1,1791357995
2026-10-07T07:27:03+00:00,2026-10-07T07:28:05.037892+00:00,2014558273483754010,2014558273483754010,5,1,0,14,0,1,1,1,1791357996
2026-10-07T07:27:03+00:00,2026-10-07T07:28:05.037892+00:00,f8352ac4-0de8-11e7-991c-3863bb43a7d0,213,0,0,2,12,0,1,1,1,1791357997
2026-10-07T07:27:03+00:00,2026-10-07T07:28:05.037892+00:00,2118368356250680236,2118368356250680236,4,0,0,12,0,1,1,1,1791357998
2026-10-07T07:27:03+00:00,2026-10-07T07:28:05.037892+00:00,2076849845777355316,2076849845777355316,16,0,3,10,3,1,1,1,1791357997
2026-10-07T07:27:03+00:00,2026-10-07T07:28:05.037892+00:00,81bfc33b-30d8-4881-b261-712715a8b2bc,363,5,1,0,12,1,1,1,1,1791357998
2026-10-07T07:27:03+00:00,2026-10-07T07:28:05.037892+00:00,eb8824c3-9c84-4fec-8d6f-d537c8ab3beb,349,13,10,0,3,1,1,1,1,1791357998
2026-10-07T07:27:03+00:00,2026-10-07T07:28:05.037892+00:00,1df03e33-c105-4e53-b013-d20056cd57f8,1df03e33-c105-4e53-b013-d20056cd57f8,0,0,0,0,0,0,0,0,86400
2026-10-07T07:27:03+00:00,2026-10-07T07:28:05.037892+00:00,cf5f920f-b61d-4db0-b139-14aff04d577c,459,0,0,9,0,13,1,0,0,1791335572
2026-10-07T07:27:03+00:00,2026-10-07T07:28:05.037892+00:00,0208190e-851c-417d-8bc7-1b218db97fbf,0208190e-851c-417d-8bc7-1b218db97fbf,0,0,1,22,0,1,0,0,1791347955
2026-10-07T07:27:03+00:00,2026-10-07T07:28:05.037892+00:00,2227858849424910006,2227858849424910006,8,2,0,0,0,1,1,1,1791357480
2026-10-07T07:27:03+00:00,2026-10-07T07:28:05.037892+00:00,f8350b76-0de8-11e7-991c-3863bb43a7d0,159,6,2,2,11,1,1,1,1,1791357844
2026-10-07T07:27:03+00:00,2026-10-07T07:28:05.037892+00:00,68e5e79a-3c94-4848-b619-9c0829d7f687,475,15,9,0,0,0,1,1,1,1791357890
2026-10-07T07:27:03+00:00,2026-10-07T07:28:05.037892+00:00,2027502297316997708,2027502297316997708,8,0,0,3,0,1,1,1,1791357893
2026-10-07T07:27:03+00:00,2026-10-07T07:28:05.037892+00:00,903b9b5d-4244-43e4-8441-0d17f9a994f7,528,1,0,0,10,0,1,1,1,1791357893
2026-10-07T07:27:03+00:00,2026-10-07T07:28:05.037892+00:00,270ad97d-035d-472a-9827-76d3187afc56,402,13,9,0,2,0,1,1,1,1791357897
2026-10-07T07:27:03+00:00,2026-10-07T07:28:05.037892+00:00,b34694c2-c640-4f70-b196-1c357ab798e0,b34694c2-c640-4f70-b196-1c357ab798e0,11,3,0,4,0,1,1,1,1791357906
2026-10-07T07:27:03+00:00,2026-10-07T07:28:05.037892+00:00,57716f8d-c9ee-4768-8872-71343ec3ffd8,514,12,4,2,5,0,1,1,1,1791357906
2026-10-07T07:27:03+00:00,2026-10-07T07:28:05.037892+00:00,fe90d430-d33f-48b2-a5cd-bc161b220939,553,13,0,0,10,0,1,1,1,1791357907
2026-10-07T07:27:03+00:00,2026-10-07T07:28:05.037892+00:00,ff938129-8179-455c-9ac9-9fcb9fc0b6d5,ff938129-8179-455c-9ac9-9fcb9fc0b6d5,12,4,1,6,0,1,1,1,1791357915
2026-10-07T07:27:03+00:00,2026-10-07T07:28:05.037892+00:00,f83513a7-0de8-11e7-991c-3863bb43a7d0,177,3,0,0,16,0,1,1,1,1791357914
2026-10-07T07:27:03+00:00,2026-10-07T07:28:05.037892+00:00,f8352219-0de8-11e7-991c-3863bb43a7d0,197,14,7,0,1,0,1,1,1,1791357961
2026-10-07T07:27:03+00:00,2026-10-07T07:28:05.037892+00:00,1991922092203192944,1991922092203192944,2,0,0,17,0,1,1,1,1791357957
2026-10-07T07:27:03+00:00,2026-10-07T07:28:05.037892+00:00,2040842870122359032,2040842870122359032,1,0,1,18,0,1,1,1,1791357958
2026-10-07T07:27:03+00:00,2026-10-07T07:28:05.037892+00:00,f8350ecf-0de8-11e7-991c-3863bb43a7d0,167,10,7,0,5,0,1,1,1,1791357958
2026-10-07T07:27:03+00:00,2026-10-07T07:28:05.037892+00:00,f834abfd-0de8-11e7-991c-3863bb43a7d0,96,6,1,2,11,0,1,1,1,1791357958
2026-10-07T07:27:03+00:00,2026-10-07T07:28:05.037892+00:00,f834662c-0de8-11e7-991c-3863bb43a7d0,5,12,0,0,3,0,1,1,1,1791357882
2026-10-07T07:27:03+00:00,2026-10-07T07:28:05.037892+00:00,1994466222105870452,1994466222105870452,6,3,2,3,0,1,1,1,1791357882
2026-10-07T07:27:03+00:00,2026-10-07T07:28:05.037892+00:00,f834a8a0-0de8-11e7-991c-3863bb43a7d0,93,17,0,0,14,0,1,1,1,1791357887
2026-10-07T07:27:03+00:00,2026-10-07T07:28:05.037892+00:00,f8349b20-0de8-11e7-991c-3863bb43a7d0,76,14,1,0,3,0,1,1,1,1791357887
2026-10-07T07:27:03+00:00,2026-10-07T07:28:05.037892+00:00,f9524971-e9f9-4572-aebc-580e48de042f,f9524971-e9f9-4572-aebc-580e48de042f,13,3,0,6,0,1,1,1,1791357887
2026-10-07T07:27:03+00:00,2026-10-07T07:28:05.037892+00:00,f834c7a9-0de8-11e7-991c-3863bb43a7d0,112,11,2,0,4,0,1,1,1,1791357885
2026-10-07T07:27:03+00:00,2026-10-07T07:28:05.037892+00:00,ccf82572-a142-4378-9a4b-5a51fcb4ef81,350,8,1,0,9,0,1,1,1,1791357881
2026-10-07T07:27:03+00:00,2026-10-07T07:28:05.037892+00:00,dede6d5f-7d62-496e-a8ca-d5a64afe39c1,544,15,0,0,0,0,1,1,1,1791357881
2026-10-07T07:27:03+00:00,2026-10-07T07:28:05.037892+00:00,f8347f09-0de8-11e7-991c-3863bb43a7d0,37,1,0,0,14,0,1,1,1,1791357878
2026-10-07T07:27:03+00:00,2026-10-07T07:28:05.037892+00:00,d8ce5f8b-2440-45e1-ab1c-23cb3bcbde84,527,3,1,0,10,0,1,1,1,1791357878
2026-10-07T07:27:03+00:00,2026-10-07T07:28:05.037892+00:00,2119105928286481344,2119105928286481344,11,3,0,8,0,1,1,1,1791357882
2026-10-07T07:27:03+00:00,2026-10-07T07:28:05.037892+00:00,f834e534-0de8-11e7-991c-3863bb43a7d0,128,12,7,0,7,0,1,1,1,1791357898
2026-10-07T07:27:03+00:00,2026-10-07T07:28:05.037892+00:00,25a9114f-66f0-427c-920f-5526ca84f056,346,14,1,1,0,0,1,1,1,1791357898
2026-10-07T07:27:03+00:00,2026-10-07T07:28:05.037892+00:00,9721c80e-fc8f-474f-8918-b68c041d2836,9721c80e-fc8f-474f-8918-b68c041d2836,4,1,1,18,0,1,1,1,1791357902
2026-10-07T07:27:03+00:00,2026-10-07T07:28:05.037892+00:00,940638c5-7cd0-4a11-899e-86af3868d400,532,6,1,0,12,0,1,1,1,1791357920
2026-10-07T07:27:03+00:00,2026-10-07T07:28:05.037892+00:00,295553ea-851b-4ac2-a094-f9d1208e399a,412,5,2,0,14,0,1,1,1,1791357921
2026-10-07T07:27:03+00:00,2026-10-07T07:28:05.037892+00:00,2069389896750516900,2069389896750516900,4,0,0,16,0,1,1,1,1791357918
2026-10-07T07:27:03+00:00,2026-10-07T07:28:05.037892+00:00,f83488be-0de8-11e7-991c-3863bb43a7d0,56,7,0,1,10,0,1,1,1,1791357963
2026-10-07T07:27:03+00:00,2026-10-07T07:28:05.037892+00:00,f8350cc1-0de8-11e7-991c-3863bb43a7d0,162,5,3,0,10,0,1,1,1,1791357963
2026-10-07T07:27:03+00:00,2026-10-07T07:28:05.037892+00:00,df03c61a-29d7-445d-9980-d7f058916591,345,12,0,0,7,0,1,1,1,1791357964
2026-10-07T07:27:03+00:00,2026-10-07T07:28:05.037892+00:00,2249415127458891992,2249415127458891992,12,0,0,3,0,1,1,1,1791357966
2026-10-07T07:27:03+00:00,2026-10-07T07:28:05.037892+00:00,1986302395589722758,1986302395589722758,8,2,0,2,0,1,1,1,1791357966
2026-10-07T07:27:03+00:00,2026-10-07T07:28:05.037892+00:00,90330e1a-dee5-4914-9d3f-3891aeca12ca,434,8,0,1,10,0,1,1,1,1791357966
2026-10-07T07:27:03+00:00,2026-10-07T07:28:05.037892+00:00,7e1dae55-4d3d-4a41-b969-2aeca70e0e69,7e1dae55-4d3d-4a41-b969-2aeca70e0e69,8,0,0,3,0,1,1,1,1791357961
2026-10-07T07:27:03+00:00,2026-10-07T07:28:05.037892+00:00,2088704000370565344,2088704000370565344,3,0,2,7,0,1,1,1,1791357962
2026-10-07T07:27:03+00:00,2026-10-07T07:28:05.037892+00:00,baab0b05-a028-4147-8432-a2726c7e48ea,328,12,4,0,3,0,1,1,1,1791357964
2026-10-07T07:27:03+00:00,2026-10-07T07:28:05.037892+00:00,aa964f5b-fadf-4fc1-8c91-84ee36e15f0d,341,14,0,0,1,0,1,1,1,1791357967
2026-10-07T07:27:03+00:00,2026-10-07T07:28:05.037892+00:00,f834a959-0de8-11e7-991c-3863bb43a7d0,94,10,8,0,0,0,1,1,1,1791357967
2026-10-07T07:27:03+00:00,2026-10-07T07:28:05.037892+00:00,e4678b17-face-42c3-9b5f-98418d31e3b6,e4678b17-face-42c3-9b5f-98418d31e3b6,11,4,0,0,0,1,1,1,1791357968
2026-10-07T07:27:03+00:00,2026-10-07T07:28:05.037892+00:00,f83497b9-0de8-11e7-991c-3863bb43a7d0,74,0,0,0,19,0,1,1,1,1791357969
2026-10-07T07:27:03+00:00,2026-10-07T07:28:05.037892+00:00,f8352b39-0de8-11e7-991c-3863bb43a7d0,214,10,1,0,3,1,1,1,1,1791357969
2026-10-07T07:27:03+00:00,2026-10-07T07:28:05.037892+00:00,f2b83aa2-86cd-4904-a099-74bf2023f768,330,2,0,0,13,0,1,1,1,1791357970
2026-10-07T07:27:03+00:00,2026-10-07T07:28:05.037892+00:00,b205d2bb-bb76-49ac-8d14-85eec5a874d3,343,7,1,1,7,0,1,1,1,1791357970
2026-10-07T07:27:03+00:00,2026-10-07T07:28:05.037892+00:00,f834b101-0de8-11e7-991c-3863bb43a7d0,97,2,1,0,16,1,1,1,1,1791357971
2026-10-07T07:27:03+00:00,2026-10-07T07:28:05.037892+00:00,f8352ba8-0de8-11e7-991c-3863bb43a7d0,215,3,1,0,12,0,1,1,1,1791357972
2026-10-07T07:27:03+00:00,2026-10-07T07:28:05.037892+00:00,81323081-749c-44cf-ac62-0e6c64305c32,461,4,0,0,7,0,1,1,1,1791357972
2026-10-07T07:27:03+00:00,2026-10-07T07:28:05.037892+00:00,ef6ef93b-488f-496b-afbf-3aedfd967129,517,8,4,0,7,0,1,1,1,1791357972
2026-10-07T07:27:03+00:00,2026-10-07T07:28:05.037892+00:00,f834f6a3-0de8-11e7-991c-3863bb43a7d0,135,0,0,0,17,0,1,1,1,1791357932
2026-10-07T07:27:03+00:00,2026-10-07T07:28:05.037892+00:00,f83492b4-0de8-11e7-991c-3863bb43a7d0,66,10,4,1,4,0,1,1,1,1791357930
2026-10-07T07:27:03+00:00,2026-10-07T07:28:05.037892+00:00,48abed77-c9ba-4a39-8a5c-6a1e9bb8a9a5,48abed77-c9ba-4a39-8a5c-6a1e9bb8a9a5,14,8,1,1,0,1,1,1,1791357931
2026-10-07T07:27:03+00:00,2026-10-07T07:28:05.037892+00:00,1965873511294959658,1965873511294959658,4,0,0,19,0,1,1,1,1791357936
2026-10-07T07:27:03+00:00,2026-10-07T07:28:05.037892+00:00,2270212773802111256,2270212773802111256,10,1,0,9,0,1,1,1,1791357942
2026-10-07T07:27:03+00:00,2026-10-07T07:28:05.037892+00:00,1a661bb7-7d14-49e9-ac3d-22bafec8a2f0,507,6,4,1,4,0,1,1,1,1791357943
2026-10-07T07:27:03+00:00,2026-10-07T07:28:05.037892+00:00,f83517fa-0de8-11e7-991c-3863bb43a7d0,187,12,4,0,3,0,1,1,1,1791357945
2026-10-07T07:27:03+00:00,2026-10-07T07:28:05.037892+00:00,8b97606e-a849-4db8-ae9b-4009fe48d90b,556,8,1,0,11,0,1,1,1,1791357946
2026-10-07T07:27:03+00:00,2026-10-07T07:28:05.037892+00:00,1994054629753598708,1994054629753598708,13,4,0,1,0,1,1,1,1791357943
2026-10-07T07:27:03+00:00,2026-10-07T07:28:05.037892+00:00,f8352534-0de8-11e7-991c-3863bb43a7d0,204,9,3,0,6,0,1,1,1,1791357946
2026-10-07T07:27:03+00:00,2026-10-07T07:28:05.037892+00:00,2110984374959099994,2110984374959099994,4,3,0,16,0,1,1,1,1791357945
2026-10-07T07:27:03+00:00,2026-10-07T07:28:05.037892+00:00,8983c75a-12c1-4995-aedc-24c94bd895e3,384,1,0,0,18,0,1,1,1,1791357929
2026-10-07T07:27:03+00:00,2026-10-07T07:28:05.037892+00:00,2085737662370069102,2085737662370069102,14,2,0,4,1,1,1,1,1791357929
2026-10-07T07:27:03+00:00,2026-10-07T07:28:05.037892+00:00,5b1d2661-8a93-4f14-b242-ebc52792f951,337,15,3,0,0,0,1,1,1,1791357929
2026-10-07T07:27:03+00:00,2026-10-07T07:28:05.037892+00:00,888780ee-bf2f-474e-9622-6bc725aa1b00,888780ee-bf2f-474e-9622-6bc725aa1b00,2,0,4,5,0,1,1,1,1791357939
2026-10-07T07:27:03+00:00,2026-10-07T07:28:05.037892+00:00,f8351f1d-0de8-11e7-991c-3863bb43a7d0,191,7,0,1,8,0,1,1,1,1791357936
2026-10-07T07:27:03+00:00,2026-10-07T07:28:05.037892+00:00,8d893519-bc21-4536-b346-f558988bc8ad,260,9,1,0,6,0,1,1,1,1791357937
2026-10-07T07:27:03+00:00,2026-10-07T07:28:05.037892+00:00,2090158541932726550,2090158541932726550,10,0,0,5,0,1,1,1,1791357940
2026-10-07T07:27:03+00:00,2026-10-07T07:28:05.037892+00:00,2039109354743046934,2039109354743046934,10,1,2,7,1,1,1,1,1791357940
2026-10-07T07:27:03+00:00,2026-10-07T07:28:05.037892+00:00,2014865445230483952,2014865445230483952,13,0,0,4,0,1,1,1,1791357940
2026-10-07T07:27:03+00:00,2026-10-07T07:28:05.037892+00:00,f83482d2-0de8-11e7-991c-3863bb43a7d0,44,1,0,0,30,0,1,1,1,1791357936
2026-10-07T07:27:03+00:00,2026-10-07T07:28:05.037892+00:00,d7507124-4cab-4063-8445-a59a33a3d6e4,512,8,4,1,10,0,1,1,1,1791357936
2026-10-07T07:27:03+00:00,2026-10-07T07:28:05.037892+00:00,f8347ccd-0de8-11e7-991c-3863bb43a7d0,33,15,0,0,12,0,1,1,1,1791357950
2026-10-07T07:27:03+00:00,2026-10-07T07:28:05.037892+00:00,f8346d23-0de8-11e7-991c-3863bb43a7d0,15,5,0,0,10,0,1,1,1,1791357947
2026-10-07T07:27:03+00:00,2026-10-07T07:28:05.037892+00:00,f8346803-0de8-11e7-991c-3863bb43a7d0,8,15,5,0,4,0,1,1,1,1791357948
2026-10-07T07:27:03+00:00,2026-10-07T07:28:05.037892+00:00,ea65c25f-0718-4f79-8588-c58b9fe3a105,226,6,0,1,7,1,1,1,1,1791357948
2026-10-07T07:27:03+00:00,2026-10-07T07:28:05.037892+00:00,f834b8b3-0de8-11e7-991c-3863bb43a7d0,105,11,0,0,7,0,1,1,1,1791357951
2026-10-07T07:27:03+00:00,2026-10-07T07:28:05.037892+00:00,1963613484180639992,1963613484180639992,12,1,0,7,0,1,1,1,1791357954
2026-10-07T07:27:03+00:00,2026-10-07T07:28:05.037892+00:00,8a404180-7c2e-4dbe-9489-c478ed959282,8a404180-7c2e-4dbe-9489-c478ed959282,1,0,3,15,0,1,1,1,1791357952
2026-10-07T07:27:03+00:00,2026-10-07T07:28:05.037892+00:00,f83511d4-0de8-11e7-991c-3863bb43a7d0,173,6,0,0,7,1,1,1,1,1791357976
2026-10-07T07:27:03+00:00,2026-10-07T07:28:05.037892+00:00,9bfa4a32-5598-46ea-a1a1-17b4c6ed9d84,431,11,3,0,4,0,1,1,1,1791357976
2026-10-07T07:27:03+00:00,2026-10-07T07:28:05.037892+00:00,7f68a70d-af0e-450a-b7a8-ce621cd0c8c1,280,10,3,1,8,0,1,1,1,1791357976
2026-10-07T07:27:03+00:00,2026-10-07T07:28:05.037892+00:00,f8347c41-0de8-11e7-991c-3863bb43a7d0,32,4,0,0,10,0,1,1,1,1791357978
2026-10-07T07:27:03+00:00,2026-10-07T07:28:05.037892+00:00,36f36eed-1070-49be-8b31-5676b8b3489f,227,5,1,0,14,0,1,1,1,1791357981
2026-10-07T07:27:03+00:00,2026-10-07T07:28:05.037892+00:00,f8346b6f-0de8-11e7-991c-3863bb43a7d0,12,16,0,0,11,0,1,1,1,1791357979
2026-10-07T07:27:03+00:00,2026-10-07T07:28:05.037892+00:00,f834708e-0de8-11e7-991c-3863bb43a7d0,21,3,0,0,14,0,1,1,1,1791357979
2026-10-07T07:27:03+00:00,2026-10-07T07:28:05.037892+00:00,f835288a-0de8-11e7-991c-3863bb43a7d0,208,11,1,0,4,0,1,1,1,1791357988
2026-10-07T07:27:03+00:00,2026-10-07T07:28:05.037892+00:00,61168d8b-20b7-46c8-8f08-6ae1f100c4e0,550,9,4,0,8,0,1,1,1,1791357987
2026-10-07T07:27:03+00:00,2026-10-07T07:28:05.037892+00:00,51bb4381-dae4-4aeb-b213-0614b807be29,344,11,7,2,6,0,1,1,1,1791357989
2026-10-07T07:27:03+00:00,2026-10-07T07:28:05.037892+00:00,2259733531216984776,2259733531216984776,4,1,0,11,0,1,1,1,1791357989
2026-10-07T07:27:03+00:00,2026-10-07T07:28:05.037892+00:00,d22265a8-a6d7-4922-a6b5-4be738a9e5c4,392,13,10,0,2,0,1,1,1,1791357989
2026-10-07T07:27:03+00:00,2026-10-07T07:28:05.037892+00:00,c5cfd1ed-aa44-4e20-96bb-e334c96f0d68,376,13,0,0,2,0,1,1,1,1791357989
2026-10-07T07:27:03+00:00,2026-10-07T07:28:05.037892+00:00,f834cfd8-0de8-11e7-991c-3863bb43a7d0,117,0,0,4,11,1,1,1,1,1791357989
2026-10-07T07:27:03+00:00,2026-10-07T07:28:05.037892+00:00,f834723b-0de8-11e7-991c-3863bb43a7d0,24,0,0,0,23,0,1,1,1,1791357991
2026-10-07T07:27:03+00:00,2026-10-07T07:28:05.037892+00:00,99675a11-a92c-465c-bf5a-434b08ba5fc6,400,16,1,0,36,0,1,1,1,1791357991
2026-10-07T07:27:03+00:00,2026-10-07T07:28:05.037892+00:00,868ccc83-99e5-4faf-96eb-e1fae26b9741,481,2,0,1,16,0,1,1,1,1791357991
2026-10-07T07:27:03+00:00,2026-10-07T07:28:05.037892+00:00,fbc512a5-4b98-4821-bcfb-bb0c7ac83543,365,5,0,0,14,0,1,1,1,1791357982
2026-10-07T07:27:03+00:00,2026-10-07T07:28:05.037892+00:00,56817d8e-3a1c-431a-a529-1a600f80c364,366,9,2,1,17,0,1,1,1,1791357982
2026-10-07T07:27:03+00:00,2026-10-07T07:28:05.037892+00:00,2145094035874873892,2145094035874873892,13,1,1,5,0,1,1,1,1791357983
2026-10-07T07:27:03+00:00,2026-10-07T07:28:05.037892+00:00,6aebc664-1e3c-479f-8f65-2bae99215ed3,6aebc664-1e3c-479f-8f65-2bae99215ed3,9,2,0,2,0,1,1,1,1791357986
2026-10-07T07:27:03+00:00,2026-10-07T07:28:05.037892+00:00,f8349440-0de8-11e7-991c-3863bb43a7d0,68,0,0,1,18,0,1,1,1,1791357986
2026-10-07T07:27:03+00:00,2026-10-07T07:28:05.037892+00:00,2080205593583047424,2080205593583047424,10,1,0,6,0,1,1,1,1791357986
2026-10-07T07:27:03+00:00,2026-10-07T07:28:05.037892+00:00,2246034666940677832,2246034666940677832,5,0,0,6,0,1,1,1,1791357985
2026-10-07T07:27:03+00:00,2026-10-07T07:28:05.037892+00:00,b6a8522d-296d-4c05-887d-842374520780,545,11,11,0,2,1,1,1,1,1791357984
2026-10-07T07:27:03+00:00,2026-10-07T07:28:05.037892+00:00,a6e0db4f-fc9b-42af-bfe0-36cc0259b717,446,6,0,0,10,0,1,1,1,1791357981
2026-10-07T07:27:03+00:00,2026-10-07T07:28:05.037892+00:00,380de8b2-2728-4e4b-83f1-251bfbb5acf2,487,18,5,1,0,0,1,1,1,1791357985
2026-10-07T07:27:03+00:00,2026-10-07T07:28:05.037892+00:00,7560f0e3-267b-4fb3-bbfa-6e02010cfcb7,225,16,1,1,2,0,1,1,1,1791357982
2026-10-07T07:27:03+00:00,2026-10-07T07:28:05.037892+00:00,1e1b40cd-8e00-4b74-b147-be6b23f5c9e7,385,3,1,0,12,0,1,1,1,1791357994
2026-10-07T07:27:03+00:00,2026-10-07T07:28:05.037892+00:00,2087949096844032050,2087949096844032050,6,0,0,9,0,1,1,1,1791357995
2026-10-07T07:27:03+00:00,2026-10-07T07:28:05.037892+00:00,2090635592862466836,2090635592862466836,6,0,2,22,1,1,1,1,1791357993
2026-10-07T07:27:03+00:00,2026-10-07T07:28:05.037892+00:00,2270454512964591136,2270454512964591136,0,0,0,19,0,1,1,1,1791357994
2026-10-07T07:27:03+00:00,2026-10-07T07:28:05.037892+00:00,f83491d4-0de8-11e7-991c-3863bb43a7d0,64,0,0,0,23,0,1,1,1,1791357996
2026-10-07T07:27:03+00:00,2026-10-07T07:28:05.037892+00:00,2085366936904166272,2085366936904166272,8,2,2,5,0,1,1,1,1791357996
2026-10-07T07:27:03+00:00,2026-10-07T07:28:05.037892+00:00,f8347e78-0de8-11e7-991c-3863bb43a7d0,36,7,0,1,23,0,1,1,1,1791357997
2026-10-07T07:27:03+00:00,2026-10-07T07:28:05.037892+00:00,ad2cf74c-0e8c-4e15-8f19-2259e8c82f0f,404,6,2,2,8,0,1,1,1,1791357992
2026-10-07T07:27:03+00:00,2026-10-07T07:28:05.037892+00:00,1cced911-b428-4cfd-81be-3a8f77ce7379,233,9,0,2,4,0,1,1,1,1791357992
2026-10-07T07:27:03+00:00,2026-10-07T07:28:05.037892+00:00,23146f28-9762-4a6d-a6db-fcd4ff0e5d07,356,13,0,0,10,0,1,1,1,1791357995
2026-10-07T07:27:03+00:00,2026-10-07T07:28:05.037892+00:00,f8346ad7-0de8-11e7-991c-3863bb43a7d0,11,0,0,1,14,0,1,1,1,1791357995
2026-10-07T07:27:03+00:00,2026-10-07T07:28:05.037892+00:00,2043911250700610106,2043911250700610106,4,0,0,11,0,1,1,1,1791357940
2026-10-07T07:27:03+00:00,2026-10-07T07:28:05.037892+00:00,d5349097-b478-4b3f-9c46-d8fbcf38e3f4,509,9,1,0,3,0,1,1,1,1791357992
2026-10-07T07:27:03+00:00,2026-10-07T07:28:05.037892+00:00,f8348622-0de8-11e7-991c-3863bb43a7d0,50,0,0,0,19,0,1,1,1,1791357998
2026-10-07T07:27:03+00:00,2026-10-07T07:28:05.037892+00:00,2118728866631796788,2118728866631796788,9,2,0,6,0,1,1,1,1791357998
2026-10-07T07:27:03+00:00,2026-10-07T07:28:05.037892+00:00,2141791438824588162,2141791438824588162,11,3,0,8,0,1,1,1,1791357999
2026-10-07T07:27:03+00:00,2026-10-07T07:28:05.037892+00:00,103a9881-e30a-4d57-b81d-863b995ff759,255,0,0,0,0,0,0,0,0,86400
2026-10-07T07:27:03+00:00,2026-10-07T07:28:05.037892+00:00,d7ec834e-9d9a-402c-9956-7d5f42676b94,d7ec834e-9d9a-402c-9956-7d5f42676b94,0,0,14,0,0,1,0,0,1791348928
2026-10-07T07:27:03+00:00,2026-10-07T07:28:05.037892+00:00,2107991976288962746,2107991976288962746,7,0,0,13,0,1,1,1,1791357861
2026-10-07T07:27:03+00:00,2026-10-07T07:28:05.037892+00:00,0f554e1d-9f0f-452d-9b4a-e00aa2c5911e,492,0,0,0,14,0,1,1,1,1791357905
2026-10-07T07:27:03+00:00,2026-10-07T07:28:05.037892+00:00,f8348481-0de8-11e7-991c-3863bb43a7d0,47,19,0,0,0,0,1,1,1,1791357904
2026-10-07T07:27:03+00:00,2026-10-07T07:28:05.037892+00:00,2241260819676115550,2241260819676115550,0,0,0,25,0,1,1,1,1791357906
2026-10-07T07:27:03+00:00,2026-10-07T07:28:05.037892+00:00,2327cb08-fa9f-459b-9ab0-1a319b0f2f4c,539,10,4,1,7,0,1,1,1,1791357906
2026-10-07T07:27:03+00:00,2026-10-07T07:28:05.037892+00:00,abefafdc-c772-4671-86fe-fc15a42adebb,abefafdc-c772-4671-86fe-fc15a42adebb,2,0,0,21,0,1,1,1,1791357903
2026-10-07T07:27:03+00:00,2026-10-07T07:28:05.037892+00:00,42a3ecca-af9a-4556-90ba-7631546f96f8,42a3ecca-af9a-4556-90ba-7631546f96f8,4,2,1,6,0,1,1,1,1791357882
2026-10-07T07:27:03+00:00,2026-10-07T07:28:05.037892+00:00,e68655be-23d3-46e5-a509-25be677e7542,482,6,0,0,5,0,1,1,1,1791357884
2026-10-07T07:27:03+00:00,2026-10-07T07:28:05.037892+00:00,f8349c69-0de8-11e7-991c-3863bb43a7d0,78,15,2,1,3,0,1,1,1,1791357885
2026-10-07T07:27:03+00:00,2026-10-07T07:28:05.037892+00:00,f8349745-0de8-11e7-991c-3863bb43a7d0,73,0,0,0,15,0,1,1,1,1791357885
2026-10-07T07:27:03+00:00,2026-10-07T07:28:05.037892+00:00,1975886280004030604,1975886280004030604,11,0,0,12,0,1,1,1,1791357891
2026-10-07T07:27:03+00:00,2026-10-07T07:28:05.037892+00:00,40e58976-02cc-4c7c-911f-7a6c97588bfa,520,10,3,0,11,0,1,1,1,1791357900
2026-10-07T07:27:03+00:00,2026-10-07T07:28:05.037892+00:00,287aedf5-0361-47e9-9de0-14ae3b75cc0d,287aedf5-0361-47e9-9de0-14ae3b75cc0d,3,0,1,17,0,1,1,1,1791357912
2026-10-07T07:27:03+00:00,2026-10-07T07:28:05.037892+00:00,5afe91c4-8076-4f9f-b83b-cf233bda2331,460,0,0,0,15,0,1,1,1,1791357912
2026-10-07T07:27:03+00:00,2026-10-07T07:28:05.037892+00:00,2070180968009321294,2070180968009321294,11,1,0,8,2,1,1,1,1791357917
2026-10-07T07:27:03+00:00,2026-10-07T07:28:05.037892+00:00,342a2c60-71b0-4d19-98d6-47987cf20dbc,379,15,2,0,0,0,1,1,1,1791357916
2026-10-07T07:27:03+00:00,2026-10-07T07:28:05.037892+00:00,ff6ed364-8676-45a0-b97f-71025683849e,442,7,3,1,7,0,1,1,1,1791357917
2026-10-07T07:27:03+00:00,2026-10-07T07:28:05.037892+00:00,70f20fcb-8e63-4015-9007-b97c525ab0a9,335,13,1,1,5,0,1,1,1,1791357920
2026-10-07T07:27:03+00:00,2026-10-07T07:28:05.037892+00:00,f83523e3-0de8-11e7-991c-3863bb43a7d0,201,2,2,0,13,0,1,1,1,1791357917
2026-10-07T07:27:03+00:00,2026-10-07T07:28:05.037892+00:00,1944724820826878816,1944724820826878816,11,0,0,6,0,1,1,1,1791357916
2026-10-07T07:27:03+00:00,2026-10-07T07:28:05.037892+00:00,2111712079786088918,2111712079786088918,11,3,1,3,0,1,1,1,1791357922
2026-10-07T07:27:03+00:00,2026-10-07T07:28:05.037892+00:00,5f726a7d-5c5d-48b1-9b13-06c77572a237,516,7,2,0,4,0,1,1,1,1791357924
2026-10-07T07:27:03+00:00,2026-10-07T07:28:05.037892+00:00,510239fe-69c3-458b-b53c-6ce001845f4a,354,12,11,1,2,0,1,1,1,1791357928
2026-10-07T07:27:03+00:00,2026-10-07T07:28:05.037892+00:00,f834b49d-0de8-11e7-991c-3863bb43a7d0,101,13,2,0,5,0,1,1,1,1791357926
2026-10-07T07:27:03+00:00,2026-10-07T07:28:05.037892+00:00,f8349ba9-0de8-11e7-991c-3863bb43a7d0,77,12,8,0,6,0,1,1,1,1791357928
2026-10-07T07:27:03+00:00,2026-10-07T07:28:05.037892+00:00,83183df0-38c2-4ae8-a0c4-4b59599c9582,222,11,0,0,3,0,1,1,1,1791357929
2026-10-07T07:27:03+00:00,2026-10-07T07:28:05.037892+00:00,13918b3b-9ac5-4968-a74d-e40dd3bc952e,479,0,0,0,19,0,1,1,1,1791357929
2026-10-07T07:27:03+00:00,2026-10-07T07:28:05.037892+00:00,54d86d05-b399-42c5-a63a-a97713afc5d4,54d86d05-b399-42c5-a63a-a97713afc5d4,7,6,1,2,0,1,1,1,1791357935
2026-10-07T07:27:03+00:00,2026-10-07T07:28:05.037892+00:00,36a8fbc8-6069-4a29-bbfd-63a2d019c9a5,415,0,0,0,19,0,1,1,1,1791357935
2026-10-07T07:27:03+00:00,2026-10-07T07:28:05.037892+00:00,f6df6c1a-064f-428a-951c-2069a081b9df,380,0,0,2,16,0,1,1,1,1791357931
2026-10-07T07:27:03+00:00,2026-10-07T07:28:05.037892+00:00,2071632496372113488,2071632496372113488,15,7,1,4,0,1,1,1,1791357933
2026-10-07T07:27:03+00:00,2026-10-07T07:28:05.037892+00:00,ccd6fdd4-b39e-46d7-b43c-7bacffb6bd87,523,6,4,0,10,0,1,1,1,1791357933
2026-10-07T07:27:03+00:00,2026-10-07T07:28:05.037892+00:00,2217856523888952522,2217856523888952522,9,4,0,11,0,1,1,1,1791357930
2026-10-07T07:27:03+00:00,2026-10-07T07:28:05.037892+00:00,2170342425741020744,2170342425741020744,17,5,0,0,0,1,1,1,1791357930
2026-10-07T07:27:03+00:00,2026-10-07T07:28:05.037892+00:00,53a148ca-ac69-4a9c-a986-9a4b4df2f5df,387,7,3,0,8,0,1,1,1,1791357936
2026-10-07T07:27:03+00:00,2026-10-07T07:28:05.037892+00:00,7ec0c53c-876a-419c-a78b-4edd000bbc9a,445,12,1,1,6,0,1,1,1,1791357940
2026-10-07T07:27:03+00:00,2026-10-07T07:28:05.037892+00:00,2141932795355773712,2141932795355773712,3,0,1,13,0,1,1,1,1791357938
2026-10-07T07:27:03+00:00,2026-10-07T07:28:05.037892+00:00,f834e244-0de8-11e7-991c-3863bb43a7d0,126,7,2,0,8,0,1,1,1,1791357942
2026-10-07T07:27:03+00:00,2026-10-07T07:28:05.037892+00:00,9e710d48-51c1-460e-a027-3d16bde62b13,419,0,0,14,0,1,1,0,0,1791357942
2026-10-07T07:27:03+00:00,2026-10-07T07:28:05.037892+00:00,f8352c92-0de8-11e7-991c-3863bb43a7d0,217,12,0,2,5,0,1,1,1,1791357945
2026-10-07T07:27:03+00:00,2026-10-07T07:28:05.037892+00:00,2103549125054737064,2103549125054737064,1,0,0,15,0,1,1,1,1791357947
2026-10-07T07:27:03+00:00,2026-10-07T07:28:05.037892+00:00,f834952a-0de8-11e7-991c-3863bb43a7d0,70,0,0,1,22,0,1,1,1,1791357947
2026-10-07T07:27:03+00:00,2026-10-07T07:28:05.037892+00:00,f834e1b2-0de8-11e7-991c-3863bb43a7d0,125,12,9,0,7,0,1,1,1,1791357950
2026-10-07T07:27:03+00:00,2026-10-07T07:28:05.037892+00:00,f24a573e-ef07-4785-9270-70c443510ea6,359,7,0,3,4,1,1,1,1,1791357950
2026-10-07T07:27:03+00:00,2026-10-07T07:28:05.037892+00:00,2267569638034503736,2267569638034503736,6,0,4,9,0,1,1,1,1791357948
2026-10-07T07:27:03+00:00,2026-10-07T07:28:05.037892+00:00,13444449-b3a8-43d2-b8b9-a59fbc59a174,397,9,1,0,5,0,1,1,1,1791357949
2026-10-07T07:27:03+00:00,2026-10-07T07:28:05.037892+00:00,f83516b8-0de8-11e7-991c-3863bb43a7d0,184,18,0,0,0,1,1,1,1,1791357951
2026-10-07T07:27:03+00:00,2026-10-07T07:28:05.037892+00:00,f8349824-0de8-11e7-991c-3863bb43a7d0,75,1,0,0,14,0,1,1,1,1791357951
2026-10-07T07:27:03+00:00,2026-10-07T07:28:05.037892+00:00,2043912031919765854,2043912031919765854,10,0,0,10,0,1,1,1,1791357952
2026-10-07T07:27:03+00:00,2026-10-07T07:28:05.037892+00:00,350e73e3-6f70-4b2d-87ab-24c8629e9a6a,350e73e3-6f70-4b2d-87ab-24c8629e9a6a,14,2,0,5,0,1,1,1,1791357953
2026-10-07T07:27:03+00:00,2026-10-07T07:28:05.037892+00:00,518f6524-0e7f-454d-974e-e3ff9db1f795,494,11,3,0,0,0,1,1,1,1791357955
2026-10-07T07:27:03+00:00,2026-10-07T07:28:05.037892+00:00,f83524c0-0de8-11e7-991c-3863bb43a7d0,203,6,0,0,8,0,1,1,1,1791357949
2026-10-07T07:27:03+00:00,2026-10-07T07:28:05.037892+00:00,f8348509-0de8-11e7-991c-3863bb43a7d0,48,1,0,0,16,0,1,1,1,1791357955
2026-10-07T07:27:03+00:00,2026-10-07T07:28:05.037892+00:00,f834f814-0de8-11e7-991c-3863bb43a7d0,136,0,0,0,19,0,1,1,1,1791357959
2026-10-07T07:27:03+00:00,2026-10-07T07:28:05.037892+00:00,676ca473-eed6-4971-aaf3-e199a7ca335b,433,14,6,0,4,1,1,1,1,1791357961
2026-10-07T07:27:03+00:00,2026-10-07T07:28:05.037892+00:00,2038619205667946906,2038619205667946906,10,2,1,9,0,1,1,1,1791357960
2026-10-07T07:27:03+00:00,2026-10-07T07:28:05.037892+00:00,9f54207a-3308-43bd-b45c-9042b6389598,423,12,1,0,7,0,1,1,1,1791357960
2026-10-07T07:27:03+00:00,2026-10-07T07:28:05.037892+00:00,2072145327190878794,2072145327190878794,15,1,1,8,0,1,1,1,1791357960
2026-10-07T07:27:03+00:00,2026-10-07T07:28:05.037892+00:00,dfdaf866-b814-48e5-9bd3-eb7c4a733697,dfdaf866-b814-48e5-9bd3-eb7c4a733697,8,2,0,9,0,1,1,1,1791357963
2026-10-07T07:27:03+00:00,2026-10-07T07:28:05.037892+00:00,ec3eea05-a3ff-43c6-9e24-0c63f09b915f,378,14,1,0,5,0,1,1,1,1791357965
2026-10-07T07:27:03+00:00,2026-10-07T07:28:05.037892+00:00,bb27977d-36c1-496d-8bac-631b612dd7b8,332,7,3,0,8,0,1,1,1,1791357968
2026-10-07T07:27:03+00:00,2026-10-07T07:28:05.037892+00:00,02a4416f-80b4-4472-accd-5db482ed5b6d,367,7,0,0,12,0,1,1,1,1791357967
2026-10-07T07:27:03+00:00,2026-10-07T07:28:05.037892+00:00,a18e1e55-507e-49d8-b7c0-5c0efd959125,358,16,4,0,3,0,1,1,1,1791357967
2026-10-07T07:27:03+00:00,2026-10-07T07:28:05.037892+00:00,f8351019-0de8-11e7-991c-3863bb43a7d0,169,16,5,0,3,0,1,1,1,1791357964
2026-10-07T07:27:03+00:00,2026-10-07T07:28:05.037892+00:00,ddcc8869-b8d4-483c-b9da-457fcebc8dc1,417,19,0,0,0,0,1,1,1,1791357968
2026-10-07T07:27:03+00:00,2026-10-07T07:28:05.037892+00:00,f83486ab-0de8-11e7-991c-3863bb43a7d0,51,6,0,1,8,0,1,1,1,1791357969
2026-10-07T07:27:03+00:00,2026-10-07T07:28:05.037892+00:00,ba634139-d7bf-448f-aac4-25995d36b67b,373,10,6,0,5,0,1,1,1,1791357971
2026-10-07T07:27:03+00:00,2026-10-07T07:28:05.037892+00:00,1997031579059661288,1997031579059661288,11,0,0,0,0,1,1,1,1791357974
2026-10-07T07:27:03+00:00,2026-10-07T07:28:05.037892+00:00,2113200093114979090,2113200093114979090,8,1,0,7,1,1,1,1,1791357973
2026-10-07T07:27:03+00:00,2026-10-07T07:28:05.037892+00:00,f8351336-0de8-11e7-991c-3863bb43a7d0,176,10,0,1,4,0,1,1,1,1791357974
2026-10-07T07:27:03+00:00,2026-10-07T07:28:05.037892+00:00,2ba0c5dd-c990-4434-8a84-5c3eca23f096,447,10,6,0,9,0,1,1,1,1791357983
2026-10-07T07:27:03+00:00,2026-10-07T07:28:05.037892+00:00,f35de2ab-979e-42d5-8cbd-dc479ed637e9,503,4,4,0,2,0,1,1,1,1791357982
2026-10-07T07:27:03+00:00,2026-10-07T07:28:05.037892+00:00,2029805507281123700,2029805507281123700,12,2,1,6,0,1,1,1,1791357888
2026-10-07T07:27:03+00:00,2026-10-07T07:28:05.037892+00:00,b995a0b4-fc26-4661-9bc8-e166d648edfd,353,11,4,0,4,0,1,1,1,1791357983
2026-10-07T07:27:03+00:00,2026-10-07T07:28:05.037892+00:00,ef54374b-0406-4b17-b0a1-847f1d7bea06,410,14,3,1,0,0,1,1,1,1791357981
2026-10-07T07:27:03+00:00,2026-10-07T07:28:05.037892+00:00,2fd22786-dfeb-4126-a906-4f01802087f3,454,1,0,2,16,0,1,1,1,1791357982
2026-10-07T07:27:03+00:00,2026-10-07T07:28:05.037892+00:00,2223045710883822544,2223045710883822544,10,5,1,4,0,1,1,1,1791357977
2026-10-07T07:27:03+00:00,2026-10-07T07:28:05.037892+00:00,2078337213380274244,2078337213380274244,8,5,0,3,0,1,1,1,1791357978
2026-10-07T07:27:03+00:00,2026-10-07T07:28:05.037892+00:00,b23674a7-15a8-46d2-8219-6668acecf24a,548,11,1,0,7,0,1,1,1,1791357978
2026-10-07T07:27:03+00:00,2026-10-07T07:28:05.037892+00:00,2038239468396569074,2038239468396569074,8,0,0,24,0,1,1,1,1791357983
2026-10-07T07:27:03+00:00,2026-10-07T07:28:05.037892+00:00,2136942888571742916,2136942888571742916,12,0,0,3,0,1,1,1,1791357984
2026-10-07T07:27:03+00:00,2026-10-07T07:28:05.037892+00:00,2223043968513191970,2223043968513191970,5,0,0,11,0,1,1,1,1791357984
2026-10-07T07:27:03+00:00,2026-10-07T07:28:05.037892+00:00,93911aa1-b5e4-48aa-a2b6-38fbcf613006,93911aa1-b5e4-48aa-a2b6-38fbcf613006,17,0,0,1,0,1,1,1,1791357984
2026-10-07T07:27:03+00:00,2026-10-07T07:28:05.037892+00:00,f834b42d-0de8-11e7-991c-3863bb43a7d0,100,5,0,1,19,0,1,1,1,1791357987
2026-10-07T07:27:03+00:00,2026-10-07T07:28:05.037892+00:00,f8347118-0de8-11e7-991c-3863bb43a7d0,22,11,2,1,21,2,1,1,1,1791357984
2026-10-07T07:27:03+00:00,2026-10-07T07:28:05.037892+00:00,0839bb10-e876-4198-95e4-0147a561853d,258,13,3,1,1,0,1,1,1,1791357984
2026-10-07T07:27:03+00:00,2026-10-07T07:28:05.037892+00:00,20b0b405-54ba-4a80-b89c-0819772665db,440,4,3,0,11,0,1,1,1,1791357986
2026-10-07T07:27:03+00:00,2026-10-07T07:28:05.037892+00:00,f834b5d9-0de8-11e7-991c-3863bb43a7d0,103,7,2,0,8,0,1,1,1,1791357986
2026-10-07T07:27:03+00:00,2026-10-07T07:28:05.037892+00:00,f834fd36-0de8-11e7-991c-3863bb43a7d0,142,4,0,0,19,0,1,1,1,1791357989
2026-10-07T07:27:03+00:00,2026-10-07T07:28:05.037892+00:00,f83510fd-0de8-11e7-991c-3863bb43a7d0,171,16,2,1,6,0,1,1,1,1791357992
2026-10-07T07:27:03+00:00,2026-10-07T07:28:05.037892+00:00,f83494b4-0de8-11e7-991c-3863bb43a7d0,69,10,4,1,8,0,1,1,1,1791357993
2026-10-07T07:27:03+00:00,2026-10-07T07:28:05.037892+00:00,f8348136-0de8-11e7-991c-3863bb43a7d0,41,23,0,0,4,0,1,1,1,1791357994
2026-10-07T07:27:03+00:00,2026-10-07T07:28:05.037892+00:00,c1ae49bd-2a20-4684-886b-ead8dd627cfd,c1ae49bd-2a20-4684-886b-ead8dd627cfd,13,0,1,3,0,1,1,1,1791357991
2026-10-07T07:27:03+00:00,2026-10-07T07:28:05.037892+00:00,f8346768-0de8-11e7-991c-3863bb43a7d0,7,1,1,0,14,0,1,1,1,1791357992
2026-10-07T07:27:03+00:00,2026-10-07T07:28:05.037892+00:00,5bc7cba9-f0b0-442d-932c-e8c7927d87ce,386,15,1,0,4,0,1,1,1,1791357993
2026-10-07T07:27:03+00:00,2026-10-07T07:28:05.037892+00:00,f834cf45-0de8-11e7-991c-3863bb43a7d0,116,21,3,1,1,0,1,1,1,1791357992
2026-10-07T07:27:03+00:00,2026-10-07T07:28:05.037892+00:00,2113555008851845550,2113555008851845550,11,1,0,9,0,1,1,1,1791357991
2026-10-07T07:27:03+00:00,2026-10-07T07:28:05.037892+00:00,9ca92778-9101-48df-90ea-08b784e26a1a,413,18,2,0,1,0,1,1,1,1791357991
2026-10-07T07:27:03+00:00,2026-10-07T07:28:05.037892+00:00,f83464e4-0de8-11e7-991c-3863bb43a7d0,3,0,0,1,13,0,1,1,1,1791357990
2026-10-07T07:27:03+00:00,2026-10-07T07:28:05.037892+00:00,2264176803898382980,2264176803898382980,4,2,0,7,0,1,1,1,1791357994
2026-10-07T07:27:03+00:00,2026-10-07T07:28:05.037892+00:00,0adccd89-1d8d-44da-9f7c-5f18acafeddf,338,14,12,0,0,0,1,1,1,1791357995
2026-10-07T07:27:03+00:00,2026-10-07T07:28:05.037892+00:00,f36e24cd-de4c-4a5e-adf4-cb97ccd2958d,505,6,0,2,3,0,1,1,1,1791357995
2026-10-07T07:27:03+00:00,2026-10-07T07:28:05.037892+00:00,5018e851-f2f3-4e18-9914-c316bbcc2c3d,331,0,0,0,15,0,1,1,1,1791357996
2026-10-07T07:27:03+00:00,2026-10-07T07:28:05.037892+00:00,2057166010169469732,2057166010169469732,0,0,0,15,0,1,1,1,1791357977
2026-10-07T07:27:03+00:00,2026-10-07T07:28:05.037892+00:00,2071993292066931472,2071993292066931472,1,0,0,19,0,1,1,1,1791357998
2026-10-07T07:27:03+00:00,2026-10-07T07:28:05.037892+00:00,f8348995-0de8-11e7-991c-3863bb43a7d0,58,14,0,0,5,0,1,1,1,1791357998
2026-10-07T07:27:03+00:00,2026-10-07T07:28:05.037892+00:00,1960693490199507164,1960693490199507164,7,1,1,11,0,1,1,1,1791357997
2026-10-07T07:27:03+00:00,2026-10-07T07:28:05.037892+00:00,533620e8-00ff-494a-b288-bd67602bc98e,472,0,0,0,27,0,1,1,1,1791357997
2026-10-07T07:27:03+00:00,2026-10-07T07:28:05.037892+00:00,ce55d1b1-4267-40a9-ad44-5eab888ce18a,ce55d1b1-4267-40a9-ad44-5eab888ce18a,0,0,0,22,1,1,1,1,1791357998
2026-10-07T07:27:03+00:00,2026-10-07T07:28:05.037892+00:00,f8346894-0de8-11e7-991c-3863bb43a7d0,9,1,0,3,11,0,1,1,1,1791357998
2026-10-07T07:37:03+00:00,2026-10-07T07:38:05.164361+00:00,133d159e-a202-4310-910f-eca392fe181e,398,0,0,5,14,0,1,0,0,1791344701
2026-10-07T07:37:03+00:00,2026-10-07T07:38:05.164361+00:00,1ef9964d-47ac-4cd4-916e-7c006fa1e605,339,0,0,4,11,0,1,0,0,1791353740
2026-10-07T07:37:03+00:00,2026-10-07T07:38:05.164361+00:00,6eaa7343-402d-41c9-9aac-8c664fdbdcf1,6eaa7343-402d-41c9-9aac-8c664fdbdcf1,0,0,0,0,0,0,0,0,86400
2026-10-07T07:37:03+00:00,2026-10-07T07:38:05.164361+00:00,ab6517ea-ed53-42eb-8881-657d362e56e8,560,12,0,0,3,0,1,1,1,1791358483
2026-10-07T07:37:03+00:00,2026-10-07T07:38:05.164361+00:00,f834fcbe-0de8-11e7-991c-3863bb43a7d0,141,0,0,0,15,0,1,1,1,1791358484
2026-10-07T07:37:03+00:00,2026-10-07T07:38:05.164361+00:00,4b5de733-9353-4873-9dc2-9558b3cb063a,393,8,2,1,4,0,1,1,1,1791358482
2026-10-07T07:37:03+00:00,2026-10-07T07:38:05.164361+00:00,2250817396738253956,2250817396738253956,10,2,1,4,0,1,1,1,1791358489
2026-10-07T07:37:03+00:00,2026-10-07T07:38:05.164361+00:00,f606593b-3d07-40f2-bc6d-a0eb96588e44,456,16,0,0,2,0,1,1,1,1791358490
2026-10-07T07:37:03+00:00,2026-10-07T07:38:05.164361+00:00,5410aac7-2ec0-47b6-b728-b99c5137b463,5410aac7-2ec0-47b6-b728-b99c5137b463,6,2,0,5,0,1,1,1,1791358489
2026-10-07T07:37:03+00:00,2026-10-07T07:38:05.164361+00:00,2110566771130438288,2110566771130438288,6,0,2,8,0,1,1,1,1791358491
2026-10-07T07:37:03+00:00,2026-10-07T07:38:05.164361+00:00,1994515539257334312,1994515539257334312,15,5,0,4,0,1,1,1,1791358496
2026-10-07T07:37:03+00:00,2026-10-07T07:38:05.164361+00:00,f834a67b-0de8-11e7-991c-3863bb43a7d0,89,3,1,1,15,0,1,1,1,1791358499
2026-10-07T07:37:03+00:00,2026-10-07T07:38:05.164361+00:00,1331197c-f6c6-4f4a-a29b-95e580359886,224,9,0,0,8,0,1,1,1,1791358502
2026-10-07T07:37:03+00:00,2026-10-07T07:38:05.164361+00:00,e4d5271f-5f76-401b-b7f0-c8dce3c26f10,462,8,1,1,2,0,1,1,1,1791358502
2026-10-07T07:37:03+00:00,2026-10-07T07:38:05.164361+00:00,4d953f0f-13b5-4b3d-b2da-342003ff7cba,4d953f0f-13b5-4b3d-b2da-342003ff7cba,2,1,0,9,0,1,1,1,1791358502
2026-10-07T07:37:03+00:00,2026-10-07T07:38:05.164361+00:00,dcd76e42-eebc-4432-9726-cdb3372b0b07,557,0,0,0,19,0,1,1,1,1791358502
2026-10-07T07:37:03+00:00,2026-10-07T07:38:05.164361+00:00,f8347a8b-0de8-11e7-991c-3863bb43a7d0,29,5,0,0,14,0,1,1,1,1791358499
2026-10-07T07:37:03+00:00,2026-10-07T07:38:05.164361+00:00,1976280681456741062,1976280681456741062,6,6,0,5,0,1,1,1,1791358504
2026-10-07T07:37:03+00:00,2026-10-07T07:38:05.164361+00:00,f8347ba8-0de8-11e7-991c-3863bb43a7d0,31,2,0,0,17,0,1,1,1,1791358504
2026-10-07T07:37:03+00:00,2026-10-07T07:38:05.164361+00:00,8e7c1984-dc81-43b0-a0d3-58c6de45225a,465,7,1,0,4,0,1,1,1,1791358507
2026-10-07T07:37:03+00:00,2026-10-07T07:38:05.164361+00:00,f8348598-0de8-11e7-991c-3863bb43a7d0,49,4,0,0,14,0,1,1,1,1791358507
2026-10-07T07:37:03+00:00,2026-10-07T07:38:05.164361+00:00,b44b7c3d-c054-4591-92a9-3b96d86050ab,b44b7c3d-c054-4591-92a9-3b96d86050ab,3,3,0,8,0,1,1,1,1791358505
2026-10-07T07:37:03+00:00,2026-10-07T07:38:05.164361+00:00,2031175112202687108,2031175112202687108,12,1,0,4,0,1,1,1,1791358505
2026-10-07T07:37:03+00:00,2026-10-07T07:38:05.164361+00:00,569f4952-5a25-4394-a419-f9c4d9cca6f3,495,12,3,0,6,0,1,1,1,1791358506
2026-10-07T07:37:03+00:00,2026-10-07T07:38:05.164361+00:00,986068c4-d11a-465a-b8d0-bd0960c57f51,986068c4-d11a-465a-b8d0-bd0960c57f51,3,0,0,11,0,1,1,1,1791358515
2026-10-07T07:37:03+00:00,2026-10-07T07:38:05.164361+00:00,829fa5a8-cc88-4ab2-9f34-b481aaa1612e,259,12,4,0,3,0,1,1,1,1791358516
2026-10-07T07:37:03+00:00,2026-10-07T07:38:05.164361+00:00,800bde2c-51df-497c-ac2d-bc3a8c00c164,800bde2c-51df-497c-ac2d-bc3a8c00c164,0,0,1,14,0,1,1,1,1791358517
2026-10-07T07:37:03+00:00,2026-10-07T07:38:05.164361+00:00,f83466c6-0de8-11e7-991c-3863bb43a7d0,6,12,1,0,2,0,1,1,1,1791358513
2026-10-07T07:37:03+00:00,2026-10-07T07:38:05.164361+00:00,01d29f8c-768d-4c4f-84ca-3de966075287,469,3,2,0,8,0,1,1,1,1791358513
2026-10-07T07:37:03+00:00,2026-10-07T07:38:05.164361+00:00,1986694622707704150,1986694622707704150,15,2,1,3,0,1,1,1,1791358513
2026-10-07T07:37:03+00:00,2026-10-07T07:38:05.164361+00:00,f834b1ed-0de8-11e7-991c-3863bb43a7d0,99,9,0,0,6,0,1,1,1,1791358518
2026-10-07T07:37:03+00:00,2026-10-07T07:38:05.164361+00:00,acb27827-d69a-4287-b132-3f529ca62ad2,427,3,1,0,16,0,1,1,1,1791358520
2026-10-07T07:37:03+00:00,2026-10-07T07:38:05.164361+00:00,f8350d30-0de8-11e7-991c-3863bb43a7d0,163,10,0,0,9,0,1,1,1,1791358523
2026-10-07T07:37:03+00:00,2026-10-07T07:38:05.164361+00:00,8d535c23-f186-4161-aa10-17e94be6d4ae,436,5,3,3,6,1,1,1,1,1791358522
2026-10-07T07:37:03+00:00,2026-10-07T07:38:05.164361+00:00,1ef5abb2-5af9-41f2-a0dd-1e44278ad9f1,502,7,2,0,4,0,1,1,1,1791358511
2026-10-07T07:37:03+00:00,2026-10-07T07:38:05.164361+00:00,38706d8c-8d4b-49f7-b6ed-7688449db261,463,6,1,0,13,0,1,1,1,1791358511
2026-10-07T07:37:03+00:00,2026-10-07T07:38:05.164361+00:00,ea00f276-26dc-48ee-b2c8-6e56fd632a2d,272,4,0,0,15,0,1,1,1,1791358510
2026-10-07T07:37:03+00:00,2026-10-07T07:38:05.164361+00:00,40ee059e-8530-4992-9114-c16b87d6832f,441,8,5,0,11,0,1,1,1,1791358523
2026-10-07T07:37:03+00:00,2026-10-07T07:38:05.164361+00:00,25489822-e43a-4704-b2a8-d905b78ba77c,389,4,2,0,10,0,1,1,1,1791358524
2026-10-07T07:37:03+00:00,2026-10-07T07:38:05.164361+00:00,d1a5e406-718c-44b9-b9dd-e63605b888aa,555,9,8,0,6,0,1,1,1,1791358526
2026-10-07T07:37:03+00:00,2026-10-07T07:38:05.164361+00:00,2127634714741013228,2127634714741013228,11,0,2,11,0,1,1,1,1791358528
2026-10-07T07:37:03+00:00,2026-10-07T07:38:05.164361+00:00,77c1736c-a609-4453-94f7-8e4253a8193c,474,6,3,0,5,0,1,1,1,1791358528
2026-10-07T07:37:03+00:00,2026-10-07T07:38:05.164361+00:00,f834a1de-0de8-11e7-991c-3863bb43a7d0,84,1,0,0,11,0,1,1,1,1791358528
2026-10-07T07:37:03+00:00,2026-10-07T07:38:05.164361+00:00,2027855476515070160,2027855476515070160,12,2,0,15,0,1,1,1,1791358533
2026-10-07T07:37:03+00:00,2026-10-07T07:38:05.164361+00:00,2113559364250874028,2113559364250874028,10,3,0,5,0,1,1,1,1791358532
2026-10-07T07:37:03+00:00,2026-10-07T07:38:05.164361+00:00,cad0e759-b605-458a-b772-768dcce81dc6,372,0,0,6,13,0,1,0,0,1791324371
2026-10-07T07:37:03+00:00,2026-10-07T07:38:05.164361+00:00,1976640911178291400,1976640911178291400,10,4,0,1,0,1,1,1,1791358531
2026-10-07T07:37:03+00:00,2026-10-07T07:38:05.164361+00:00,f8347002-0de8-11e7-991c-3863bb43a7d0,20,15,0,0,8,0,1,1,1,1791358534
2026-10-07T07:37:03+00:00,2026-10-07T07:38:05.164361+00:00,a6d6d4b2-3666-43ad-a690-7f676bdcc3fd,542,10,0,3,6,0,1,1,1,1791358537
2026-10-07T07:37:03+00:00,2026-10-07T07:38:05.164361+00:00,5d17f129-af8c-4f30-bc58-6a8279052772,543,5,2,1,13,0,1,1,1,1791358537
2026-10-07T07:37:03+00:00,2026-10-07T07:38:05.164361+00:00,f834f948-0de8-11e7-991c-3863bb43a7d0,138,10,0,1,3,0,1,1,1,1791358536
2026-10-07T07:37:03+00:00,2026-10-07T07:38:05.164361+00:00,803a0c16-4f81-44f1-8b49-a13fcdda40c1,370,0,0,1,17,0,1,1,1,1791358535
2026-10-07T07:37:03+00:00,2026-10-07T07:38:05.164361+00:00,f834f036-0de8-11e7-991c-3863bb43a7d0,133,10,4,1,11,0,1,1,1,1791358535
2026-10-07T07:37:03+00:00,2026-10-07T07:38:05.164361+00:00,2261583246847893606,2261583246847893606,16,1,1,2,0,1,1,1,1791358537
2026-10-07T07:37:03+00:00,2026-10-07T07:38:05.164361+00:00,f8349070-0de8-11e7-991c-3863bb43a7d0,61,2,0,2,15,0,1,1,1,1791358541
2026-10-07T07:37:03+00:00,2026-10-07T07:38:05.164361+00:00,f8351791-0de8-11e7-991c-3863bb43a7d0,186,10,1,0,5,0,1,1,1,1791358542
2026-10-07T07:37:03+00:00,2026-10-07T07:38:05.164361+00:00,88b35b6d-f355-44dc-b85e-ed2eb1bc9099,406,11,2,0,8,0,1,1,1,1791358542
2026-10-07T07:37:03+00:00,2026-10-07T07:38:05.164361+00:00,f834b183-0de8-11e7-991c-3863bb43a7d0,98,1,0,1,20,0,1,1,1,1791358540
2026-10-07T07:37:03+00:00,2026-10-07T07:38:05.164361+00:00,e519df41-c4d7-403a-9afa-a5dd7cdd2d03,536,4,0,0,14,0,1,1,1,1791358539
2026-10-07T07:37:03+00:00,2026-10-07T07:38:05.164361+00:00,2028220168245183460,2028220168245183460,15,1,0,4,0,1,1,1,1791358546
2026-10-07T07:37:03+00:00,2026-10-07T07:38:05.164361+00:00,f8351649-0de8-11e7-991c-3863bb43a7d0,183,0,0,2,17,0,1,1,1,1791358545
2026-10-07T07:37:03+00:00,2026-10-07T07:38:05.164361+00:00,2036103727838931110,2036103727838931110,8,3,0,2,0,1,1,1,1791358543
2026-10-07T07:37:03+00:00,2026-10-07T07:38:05.164361+00:00,f834e75d-0de8-11e7-991c-3863bb43a7d0,129,7,2,0,11,1,1,1,1,1791358548
2026-10-07T07:37:03+00:00,2026-10-07T07:38:05.164361+00:00,f83532fa-0de8-11e7-991c-3863bb43a7d0,219,12,1,0,3,0,1,1,1,1791358555
2026-10-07T07:37:03+00:00,2026-10-07T07:38:05.164361+00:00,2127252912986958612,2127252912986958612,13,3,0,2,0,1,1,1,1791358552
2026-10-07T07:37:03+00:00,2026-10-07T07:38:05.164361+00:00,1999639508813492766,1999639508813492766,4,0,1,15,0,1,1,1,1791358559
2026-10-07T07:37:03+00:00,2026-10-07T07:38:05.164361+00:00,9fef6df2-7f8f-43fc-a85b-7dd5453860f9,437,14,1,0,4,0,1,1,1,1791358558
2026-10-07T07:37:03+00:00,2026-10-07T07:38:05.164361+00:00,f834c5c9-0de8-11e7-991c-3863bb43a7d0,110,0,0,2,13,0,1,1,1,1791358559
2026-10-07T07:37:03+00:00,2026-10-07T07:38:05.164361+00:00,f8348719-0de8-11e7-991c-3863bb43a7d0,52,13,0,0,10,0,1,1,1,1791358558
2026-10-07T07:37:03+00:00,2026-10-07T07:38:05.164361+00:00,f834a2a8-0de8-11e7-991c-3863bb43a7d0,85,5,0,0,14,0,1,1,1,1791358558
2026-10-07T07:37:03+00:00,2026-10-07T07:38:05.164361+00:00,9b0aff89-5242-475e-b03b-87c3c3bf51bb,477,7,3,1,11,0,1,1,1,1791358549
2026-10-07T07:37:03+00:00,2026-10-07T07:38:05.164361+00:00,2149920539832638004,2149920539832638004,8,0,1,6,0,1,1,1,1791358549
2026-10-07T07:37:03+00:00,2026-10-07T07:38:05.164361+00:00,2132460331327742574,2132460331327742574,1,0,0,17,0,1,1,1,1791358550
2026-10-07T07:37:03+00:00,2026-10-07T07:38:05.164361+00:00,2131371824572002576,2131371824572002576,8,0,0,8,0,1,1,1,1791358550
2026-10-07T07:37:03+00:00,2026-10-07T07:38:05.164361+00:00,f8352973-0de8-11e7-991c-3863bb43a7d0,210,7,0,0,8,0,1,1,1,1791358550
2026-10-07T07:37:03+00:00,2026-10-07T07:38:05.164361+00:00,ec4e1168-25dc-4929-b17b-e4ae578dd888,425,9,2,0,7,0,1,1,1,1791358549
2026-10-07T07:37:03+00:00,2026-10-07T07:38:05.164361+00:00,f8346dbd-0de8-11e7-991c-3863bb43a7d0,16,2,1,0,17,0,1,1,1,1791358550
2026-10-07T07:37:03+00:00,2026-10-07T07:38:05.164361+00:00,f834916a-0de8-11e7-991c-3863bb43a7d0,63,9,2,0,6,0,1,1,1,1791358553
2026-10-07T07:37:03+00:00,2026-10-07T07:38:05.164361+00:00,2438d052-2cd6-4fba-83c9-39f46cb59398,2438d052-2cd6-4fba-83c9-39f46cb59398,6,0,1,12,0,1,1,1,1791358554
2026-10-07T07:37:03+00:00,2026-10-07T07:38:05.164361+00:00,f7d416f8-4377-4019-bba7-302dc1d5a11d,391,12,0,2,1,0,1,1,1,1791358549
2026-10-07T07:37:03+00:00,2026-10-07T07:38:05.164361+00:00,f83473ea-0de8-11e7-991c-3863bb43a7d0,27,11,0,1,11,0,1,1,1,1791358550
2026-10-07T07:37:03+00:00,2026-10-07T07:38:05.164361+00:00,52ca4d94-587f-4a61-a298-a1a755e73bfb,362,19,4,0,0,0,1,1,1,1791358563
2026-10-07T07:37:03+00:00,2026-10-07T07:38:05.164361+00:00,f835244e-0de8-11e7-991c-3863bb43a7d0,202,9,2,0,6,0,1,1,1,1791358563
2026-10-07T07:37:03+00:00,2026-10-07T07:38:05.164361+00:00,f8346c96-0de8-11e7-991c-3863bb43a7d0,14,0,0,1,24,0,1,1,1,1791358560
2026-10-07T07:37:03+00:00,2026-10-07T07:38:05.164361+00:00,f834b928-0de8-11e7-991c-3863bb43a7d0,106,13,4,1,0,0,1,1,1,1791358560
2026-10-07T07:37:03+00:00,2026-10-07T07:38:05.164361+00:00,f8349599-0de8-11e7-991c-3863bb43a7d0,71,15,0,2,6,0,1,1,1,1791358566
2026-10-07T07:37:03+00:00,2026-10-07T07:38:05.164361+00:00,f8351f87-0de8-11e7-991c-3863bb43a7d0,192,0,0,0,19,0,1,1,1,1791358570
2026-10-07T07:37:03+00:00,2026-10-07T07:38:05.164361+00:00,8bc42f7f-753d-4cca-a7d6-0d7c2530ea2c,364,12,0,0,7,0,1,1,1,1791358568
2026-10-07T07:37:03+00:00,2026-10-07T07:38:05.164361+00:00,2129149628430547474,2129149628430547474,16,3,0,0,0,1,1,1,1791358582
2026-10-07T07:37:03+00:00,2026-10-07T07:38:05.164361+00:00,2039387081833476178,2039387081833476178,17,4,0,3,0,1,1,1,1791358582
2026-10-07T07:37:03+00:00,2026-10-07T07:38:05.164361+00:00,2227859082657747444,2227859082657747444,7,4,0,0,0,1,1,1,1791358582
2026-10-07T07:37:03+00:00,2026-10-07T07:38:05.164361+00:00,1991921362058752616,1991921362058752616,0,0,0,20,0,1,1,1,1791358583
2026-10-07T07:37:03+00:00,2026-10-07T07:38:05.164361+00:00,97a1e4e7-a1ff-427a-aaea-48ca0d00bf9c,348,3,3,0,12,0,1,1,1,1791358582
2026-10-07T07:37:03+00:00,2026-10-07T07:38:05.164361+00:00,2126567695528519906,2126567695528519906,8,0,0,12,0,1,1,1,1791358585
2026-10-07T07:37:03+00:00,2026-10-07T07:38:05.164361+00:00,f83493c0-0de8-11e7-991c-3863bb43a7d0,67,1,0,2,27,0,1,1,1,1791358582
2026-10-07T07:37:03+00:00,2026-10-07T07:38:05.164361+00:00,2219705277630124418,2219705277630124418,8,3,0,7,0,1,1,1,1791358582
2026-10-07T07:37:03+00:00,2026-10-07T07:38:05.164361+00:00,c111ef1a-f276-415d-a95e-8e3c4e3a0c03,522,3,1,1,11,0,1,1,1,1791358583
2026-10-07T07:37:03+00:00,2026-10-07T07:38:05.164361+00:00,87b5a8b7-a330-4c51-ab32-7dafa292c88f,421,19,1,0,0,0,1,1,1,1791358584
2026-10-07T07:37:03+00:00,2026-10-07T07:38:05.164361+00:00,199f3d59-e726-4549-b9c1-4dfc8a343fdb,508,9,6,0,2,0,1,1,1,1791358585
2026-10-07T07:37:03+00:00,2026-10-07T07:38:05.164361+00:00,e335fa7c-7adf-4360-9bfa-76b18124a56f,541,3,3,0,8,0,1,1,1,1791358588
2026-10-07T07:37:03+00:00,2026-10-07T07:38:05.164361+00:00,a825b55d-3ab3-481f-9c50-d3a7313e6843,228,0,0,1,18,0,1,1,1,1791358589
2026-10-07T07:37:03+00:00,2026-10-07T07:38:05.164361+00:00,918335df-fc1a-45c2-9cfc-c5e2e93aecc0,467,3,1,1,7,0,1,1,1,1791358591
2026-10-07T07:37:03+00:00,2026-10-07T07:38:05.164361+00:00,2071991821019036242,2071991821019036242,15,3,0,5,0,1,1,1,1791358588
2026-10-07T07:37:03+00:00,2026-10-07T07:38:05.164361+00:00,2134720099473744344,2134720099473744344,2,0,0,19,0,1,1,1,1791358547
2026-10-07T07:37:03+00:00,2026-10-07T07:38:05.164361+00:00,f834cb89-0de8-11e7-991c-3863bb43a7d0,115,13,1,1,5,0,1,1,1,1791358574
2026-10-07T07:37:03+00:00,2026-10-07T07:38:05.164361+00:00,2251556760922290606,2251556760922290606,13,4,0,2,0,1,1,1,1791358572
2026-10-07T07:37:03+00:00,2026-10-07T07:38:05.164361+00:00,1997031876360597884,1997031876360597884,5,0,0,6,0,1,1,1,1791358572
2026-10-07T07:37:03+00:00,2026-10-07T07:38:05.164361+00:00,f8347ded-0de8-11e7-991c-3863bb43a7d0,35,0,0,1,30,0,1,1,1,1791358573
2026-10-07T07:37:03+00:00,2026-10-07T07:38:05.164361+00:00,f8350199-0de8-11e7-991c-3863bb43a7d0,150,9,0,1,9,0,1,1,1,1791358573
2026-10-07T07:37:03+00:00,2026-10-07T07:38:05.164361+00:00,f8351569-0de8-11e7-991c-3863bb43a7d0,181,15,2,2,2,0,1,1,1,1791358575
2026-10-07T07:37:03+00:00,2026-10-07T07:38:05.164361+00:00,2251186911126913182,2251186911126913182,13,1,1,5,0,1,1,1,1791358570
2026-10-07T07:37:03+00:00,2026-10-07T07:38:05.164361+00:00,2124664048772581794,2124664048772581794,3,1,0,7,0,1,1,1,1791358570
2026-10-07T07:37:03+00:00,2026-10-07T07:38:05.164361+00:00,eed9e64f-f09d-43c1-aa31-da968c66750a,368,7,4,0,8,0,1,1,1,1791358577
2026-10-07T07:37:03+00:00,2026-10-07T07:38:05.164361+00:00,2220033166406469278,2220033166406469278,10,4,1,4,0,1,1,1,1791358428
2026-10-07T07:37:03+00:00,2026-10-07T07:38:05.164361+00:00,f834d34b-0de8-11e7-991c-3863bb43a7d0,120,13,1,2,24,0,1,1,1,1791358580
2026-10-07T07:37:03+00:00,2026-10-07T07:38:05.164361+00:00,f8351255-0de8-11e7-991c-3863bb43a7d0,174,12,1,1,2,0,1,1,1,1791358577
2026-10-07T07:37:03+00:00,2026-10-07T07:38:05.164361+00:00,f8350129-0de8-11e7-991c-3863bb43a7d0,149,17,1,0,1,0,1,1,1,1791358579
2026-10-07T07:37:03+00:00,2026-10-07T07:38:05.164361+00:00,2363c5a3-93cc-41a2-a767-90f1826c041f,426,0,0,0,27,0,1,1,1,1791358579
2026-10-07T07:37:03+00:00,2026-10-07T07:38:05.164361+00:00,f834d260-0de8-11e7-991c-3863bb43a7d0,119,14,3,0,1,0,1,1,1,1791358581
2026-10-07T07:37:03+00:00,2026-10-07T07:38:05.164361+00:00,2089808297152151688,2089808297152151688,9,3,1,2,0,1,1,1,1791358594
2026-10-07T07:37:03+00:00,2026-10-07T07:38:05.164361+00:00,768433a9-fc30-4485-b136-22d6f8a96f1c,768433a9-fc30-4485-b136-22d6f8a96f1c,6,2,0,5,0,1,1,1,1791358595
2026-10-07T07:37:03+00:00,2026-10-07T07:38:05.164361+00:00,57f5003b-6574-40b3-83d7-3b5dee1472e0,518,2,1,0,8,0,1,1,1,1791358595
2026-10-07T07:37:03+00:00,2026-10-07T07:38:05.164361+00:00,15ec5783-ca7a-4225-ba51-cd0a45ecc975,15ec5783-ca7a-4225-ba51-cd0a45ecc975,7,5,0,4,0,1,1,1,1791358595
2026-10-07T07:37:03+00:00,2026-10-07T07:38:05.164361+00:00,f55cdf0a-3d7b-491c-bed2-7dc0ef2062d5,489,15,3,1,0,0,1,1,1,1791358594
2026-10-07T07:37:03+00:00,2026-10-07T07:38:05.164361+00:00,aefc33cd-40b9-48da-8b87-415428816bdb,488,7,2,0,9,0,1,1,1,1791358595
2026-10-07T07:37:03+00:00,2026-10-07T07:38:05.164361+00:00,1919521884659886482,1919521884659886482,3,0,0,16,0,1,1,1,1791358594
2026-10-07T07:37:03+00:00,2026-10-07T07:38:05.164361+00:00,82b41ffb-e284-4e4d-b22a-0cad2bfd4bee,443,8,0,0,11,0,1,1,1,1791358593
2026-10-07T07:37:03+00:00,2026-10-07T07:38:05.164361+00:00,f8346e51-0de8-11e7-991c-3863bb43a7d0,17,15,3,0,0,0,1,1,1,1791358593
2026-10-07T07:37:03+00:00,2026-10-07T07:38:05.164361+00:00,625f105e-4407-4988-9095-d1979cbda5e1,234,18,9,0,1,0,1,1,1,1791358596
2026-10-07T07:37:03+00:00,2026-10-07T07:38:05.164361+00:00,2036412579943670600,2036412579943670600,0,0,0,12,0,1,1,1,1791358596
2026-10-07T07:37:03+00:00,2026-10-07T07:38:05.164361+00:00,25d6f87f-7025-48c5-b202-f91511a4ae19,25d6f87f-7025-48c5-b202-f91511a4ae19,14,3,1,4,0,1,1,1,1791358596
2026-10-07T07:37:03+00:00,2026-10-07T07:38:05.164361+00:00,f834c6f5-0de8-11e7-991c-3863bb43a7d0,111,9,3,0,5,1,1,1,1,1791358598
2026-10-07T07:37:03+00:00,2026-10-07T07:38:05.164361+00:00,1999644268058967024,1999644268058967024,17,1,2,5,0,1,1,1,1791358598
2026-10-07T07:37:03+00:00,2026-10-07T07:38:05.164361+00:00,6cec3afa-554c-466f-8323-5c619fe0ddc6,6cec3afa-554c-466f-8323-5c619fe0ddc6,3,2,0,8,0,1,1,1,1791358599
2026-10-07T07:37:03+00:00,2026-10-07T07:38:05.164361+00:00,ee0fa23e-a6c2-474d-a6ef-bf581d63f1ae,ee0fa23e-a6c2-474d-a6ef-bf581d63f1ae,11,4,0,0,0,1,1,1,1791358494
2026-10-07T07:37:03+00:00,2026-10-07T07:38:05.164361+00:00,f8352a4d-0de8-11e7-991c-3863bb43a7d0,212,18,2,1,13,0,1,1,1,1791358502
2026-10-07T07:37:03+00:00,2026-10-07T07:38:05.164361+00:00,3f4f4ad4-a715-43d5-828f-f8381f26b66a,390,8,1,0,6,1,1,1,1,1791358509
2026-10-07T07:37:03+00:00,2026-10-07T07:38:05.164361+00:00,2126939746529359956,2126939746529359956,8,0,0,11,0,1,1,1,1791358509
2026-10-07T07:37:03+00:00,2026-10-07T07:38:05.164361+00:00,f8352306-0de8-11e7-991c-3863bb43a7d0,199,10,6,1,4,0,1,1,1,1791358512
2026-10-07T07:37:03+00:00,2026-10-07T07:38:05.164361+00:00,ee18dbd6-05b8-4d38-a120-f84c3499a77e,519,8,5,0,3,0,1,1,1,1791358516
2026-10-07T07:37:03+00:00,2026-10-07T07:38:05.164361+00:00,f83487f0-0de8-11e7-991c-3863bb43a7d0,54,6,0,0,9,0,1,1,1,1791358518
2026-10-07T07:37:03+00:00,2026-10-07T07:38:05.164361+00:00,c98f50f6-1901-4c64-b164-8cf33245e022,282,14,1,1,2,1,1,1,1,1791358521
2026-10-07T07:37:03+00:00,2026-10-07T07:38:05.164361+00:00,f8352150-0de8-11e7-991c-3863bb43a7d0,196,3,0,0,7,0,1,1,1,1791358520
2026-10-07T07:37:03+00:00,2026-10-07T07:38:05.164361+00:00,be7e7068-b85f-42c1-8ea1-e1d64e531323,be7e7068-b85f-42c1-8ea1-e1d64e531323,15,3,0,0,0,1,1,1,1791358478
2026-10-07T07:37:03+00:00,2026-10-07T07:38:05.164361+00:00,fbb9b58c-2b92-4bcf-8e4c-a982e40d2f39,221,5,3,0,13,0,1,1,1,1791358480
2026-10-07T07:37:03+00:00,2026-10-07T07:38:05.164361+00:00,8b703219-1e16-4ba1-9f46-2b7030c7849a,360,6,6,2,7,0,1,1,1,1791358483
2026-10-07T07:37:03+00:00,2026-10-07T07:38:05.164361+00:00,c935cfb1-ef73-402e-9b86-83aaaac6534d,478,6,0,0,13,0,1,1,1,1791358484
2026-10-07T07:37:03+00:00,2026-10-07T07:38:05.164361+00:00,f834d064-0de8-11e7-991c-3863bb43a7d0,118,18,6,0,1,0,1,1,1,1791358485
2026-10-07T07:37:03+00:00,2026-10-07T07:38:05.164361+00:00,f83514f9-0de8-11e7-991c-3863bb43a7d0,180,12,1,1,6,0,1,1,1,1791358487
2026-10-07T07:37:03+00:00,2026-10-07T07:38:05.164361+00:00,13681246-4bf8-444a-a908-fa165e4ad298,329,13,0,1,1,0,1,1,1,1791358486
2026-10-07T07:37:03+00:00,2026-10-07T07:38:05.164361+00:00,f834b652-0de8-11e7-991c-3863bb43a7d0,104,9,2,0,9,0,1,1,1,1791358488
2026-10-07T07:37:03+00:00,2026-10-07T07:38:05.164361+00:00,efd724b2-31cb-4aec-b9d9-8ab79271630c,493,9,0,0,8,0,1,1,1,1791358487
2026-10-07T07:37:03+00:00,2026-10-07T07:38:05.164361+00:00,f83472d3-0de8-11e7-991c-3863bb43a7d0,25,15,0,0,0,0,1,1,1,1791358463
2026-10-07T07:37:03+00:00,2026-10-07T07:38:05.164361+00:00,f835259f-0de8-11e7-991c-3863bb43a7d0,205,3,0,1,11,0,1,1,1,1791358525
2026-10-07T07:37:03+00:00,2026-10-07T07:38:05.164361+00:00,2124668538068359456,2124668538068359456,8,0,1,10,0,1,1,1,1791358525
2026-10-07T07:37:03+00:00,2026-10-07T07:38:05.164361+00:00,f834fda2-0de8-11e7-991c-3863bb43a7d0,143,6,1,1,16,0,1,1,1,1791358526
2026-10-07T07:37:03+00:00,2026-10-07T07:38:05.164361+00:00,f8351ff1-0de8-11e7-991c-3863bb43a7d0,193,7,0,1,6,0,1,1,1,1791358523
2026-10-07T07:37:03+00:00,2026-10-07T07:38:05.164361+00:00,1e3beeb4-f8e1-452c-93e5-48df78d4b313,334,3,0,0,15,0,1,1,1,1791358522
2026-10-07T07:37:03+00:00,2026-10-07T07:38:05.164361+00:00,910f1452-dbeb-4e69-b226-71b2d7e85715,910f1452-dbeb-4e69-b226-71b2d7e85715,7,7,0,3,0,1,1,1,1791358523
2026-10-07T07:37:03+00:00,2026-10-07T07:38:05.164361+00:00,dd8dee9d-d044-41d6-9371-8463cf9c671b,526,7,4,0,7,1,1,1,1,1791358526
2026-10-07T07:37:03+00:00,2026-10-07T07:38:05.164361+00:00,0cb6d635-6a7d-4d75-89b4-36b12616be12,432,10,6,0,9,0,1,1,1,1791358527
2026-10-07T07:37:03+00:00,2026-10-07T07:38:05.164361+00:00,2115804056935012722,2115804056935012722,13,2,0,6,0,1,1,1,1791358524
2026-10-07T07:37:03+00:00,2026-10-07T07:38:05.164361+00:00,f8348857-0de8-11e7-991c-3863bb43a7d0,55,1,0,0,14,0,1,1,1,1791358527
2026-10-07T07:37:03+00:00,2026-10-07T07:38:05.164361+00:00,3a6d94a7-9fee-41c5-b8cc-a8487c5e691b,549,12,1,1,10,0,1,1,1,1791358524
2026-10-07T07:37:03+00:00,2026-10-07T07:38:05.164361+00:00,3dbbb3cb-b52d-46f8-8f9c-db11e83d081c,327,14,9,1,0,0,1,1,1,1791358531
2026-10-07T07:37:03+00:00,2026-10-07T07:38:05.164361+00:00,68323451-daf0-4532-a6cb-b070e3ef358f,68323451-daf0-4532-a6cb-b070e3ef358f,10,1,0,9,0,1,1,1,1791358530
2026-10-07T07:37:03+00:00,2026-10-07T07:38:05.164361+00:00,3b158c7a-a362-43ae-af1f-121b78be32d7,483,8,4,1,8,0,1,1,1,1791358533
2026-10-07T07:37:03+00:00,2026-10-07T07:38:05.164361+00:00,2120986392451359068,2120986392451359068,11,0,0,8,0,1,1,1,1791358532
2026-10-07T07:37:03+00:00,2026-10-07T07:38:05.164361+00:00,634b697d-0e64-4102-8849-abac7a7f8e35,455,4,2,0,8,0,1,1,1,1791358528
2026-10-07T07:37:03+00:00,2026-10-07T07:38:05.164361+00:00,dc770287-c70c-43ea-a635-39f3dc6b09cd,dc770287-c70c-43ea-a635-39f3dc6b09cd,6,1,0,5,0,1,1,1,1791358529
2026-10-07T07:37:03+00:00,2026-10-07T07:38:05.164361+00:00,2158217922577811100,2158217922577811100,8,1,0,11,0,1,1,1,1791358530
2026-10-07T07:37:03+00:00,2026-10-07T07:38:05.164361+00:00,2079440939380771716,2079440939380771716,2,1,1,8,0,1,1,1,1791358536
2026-10-07T07:37:03+00:00,2026-10-07T07:38:05.164361+00:00,2074236051937964826,2074236051937964826,13,0,0,2,1,1,1,1,1791358536
2026-10-07T07:37:03+00:00,2026-10-07T07:38:05.164361+00:00,f8347361-0de8-11e7-991c-3863bb43a7d0,26,15,0,0,0,0,1,1,1,1791358536
2026-10-07T07:37:03+00:00,2026-10-07T07:38:05.164361+00:00,4caf6e93-ddd7-4b6f-9e61-f9df1206ac92,4caf6e93-ddd7-4b6f-9e61-f9df1206ac92,14,6,0,5,0,1,1,1,1791358537
2026-10-07T07:37:03+00:00,2026-10-07T07:38:05.164361+00:00,dd008e3c-ff17-4c82-abe0-502272a62425,558,1,0,0,16,0,1,1,1,1791358548
2026-10-07T07:37:03+00:00,2026-10-07T07:38:05.164361+00:00,609c2f06-310e-4134-8dd2-3d23aa41487b,609c2f06-310e-4134-8dd2-3d23aa41487b,12,1,1,9,0,1,1,1,1791358547
2026-10-07T07:37:03+00:00,2026-10-07T07:38:05.164361+00:00,f836bc28-36a7-4ca6-bba6-0d75333d84bb,538,13,1,1,5,0,1,1,1,1791358547
2026-10-07T07:37:03+00:00,2026-10-07T07:38:05.164361+00:00,2002247509585342522,2002247509585342522,11,1,0,0,0,1,1,1,1791358546
2026-10-07T07:37:03+00:00,2026-10-07T07:38:05.164361+00:00,a439fff7-8630-464c-b277-efca6f6bc664,531,7,0,2,5,0,1,1,1,1791358541
2026-10-07T07:37:03+00:00,2026-10-07T07:38:05.164361+00:00,4764641e-b080-4c70-a1e1-049de81e09d0,273,23,0,1,16,0,1,1,1,1791358544
2026-10-07T07:37:03+00:00,2026-10-07T07:38:05.164361+00:00,fae99a0c-e88a-4112-94d8-f655cf34e651,fae99a0c-e88a-4112-94d8-f655cf34e651,3,0,1,15,0,1,1,1,1791358535
2026-10-07T07:37:03+00:00,2026-10-07T07:38:05.164361+00:00,f8352c1a-0de8-11e7-991c-3863bb43a7d0,216,10,2,0,9,0,1,1,1,1791358543
2026-10-07T07:37:03+00:00,2026-10-07T07:38:05.164361+00:00,a9d13461-7f0f-47b0-9a97-8ec9e9792865,533,13,0,1,5,0,1,1,1,1791358541
2026-10-07T07:37:03+00:00,2026-10-07T07:38:05.164361+00:00,50cc3c7f-50ed-4c70-b483-c89f3f47c938,491,13,1,0,6,0,1,1,1,1791358542
2026-10-07T07:37:03+00:00,2026-10-07T07:38:05.164361+00:00,f4a64c30-b97f-4ae5-b531-a11698b558d7,562,5,1,0,4,0,1,1,1,1791358542
2026-10-07T07:37:03+00:00,2026-10-07T07:38:05.164361+00:00,f8349672-0de8-11e7-991c-3863bb43a7d0,72,0,0,0,23,0,1,1,1,1791358539
2026-10-07T07:37:03+00:00,2026-10-07T07:38:05.164361+00:00,082262bd-086b-46c7-83ce-eed2b39142ff,416,2,1,0,13,0,1,1,1,1791358534
2026-10-07T07:37:03+00:00,2026-10-07T07:38:05.164361+00:00,2035765531590062506,2035765531590062506,6,1,2,3,0,1,1,1,1791358550
2026-10-07T07:37:03+00:00,2026-10-07T07:38:05.164361+00:00,f835027c-0de8-11e7-991c-3863bb43a7d0,152,8,1,0,19,0,1,1,1,1791358555
2026-10-07T07:37:03+00:00,2026-10-07T07:38:05.164361+00:00,a9bc314b-a3fd-46e5-a63b-f005258bba5f,a9bc314b-a3fd-46e5-a63b-f005258bba5f,2,1,0,15,1,1,1,1,1791358552
2026-10-07T07:37:03+00:00,2026-10-07T07:38:05.164361+00:00,f8351e42-0de8-11e7-991c-3863bb43a7d0,189,0,0,0,23,0,1,1,1,1791358557
2026-10-07T07:37:03+00:00,2026-10-07T07:38:05.164361+00:00,8f51f8f1-ecb8-4cd3-8529-296a03140c51,8f51f8f1-ecb8-4cd3-8529-296a03140c51,10,3,0,9,0,1,1,1,1791358559
2026-10-07T07:37:03+00:00,2026-10-07T07:38:05.164361+00:00,2fded452-cbd0-4248-b008-f8a61ed9a85f,2fded452-cbd0-4248-b008-f8a61ed9a85f,1,0,0,14,0,1,1,1,1791358562
2026-10-07T07:37:03+00:00,2026-10-07T07:38:05.164361+00:00,a3b94ed8-8301-4ec6-baf2-64ac493b5106,529,1,1,0,13,0,1,1,1,1791358560
2026-10-07T07:37:03+00:00,2026-10-07T07:38:05.164361+00:00,1984021766354634770,1984021766354634770,15,1,0,4,0,1,1,1,1791358564
2026-10-07T07:37:03+00:00,2026-10-07T07:38:05.164361+00:00,2111332861978124760,2111332861978124760,5,1,1,10,0,1,1,1,1791358566
2026-10-07T07:37:03+00:00,2026-10-07T07:38:05.164361+00:00,f834ffc9-0de8-11e7-991c-3863bb43a7d0,146,10,2,0,9,0,1,1,1,1791358564
2026-10-07T07:37:03+00:00,2026-10-07T07:38:05.164361+00:00,d81e16e2-a410-4a0b-b5ae-b72748fc9781,d81e16e2-a410-4a0b-b5ae-b72748fc9781,2,1,1,16,0,1,1,1,1791358566
2026-10-07T07:37:03+00:00,2026-10-07T07:38:05.164361+00:00,f835141c-0de8-11e7-991c-3863bb43a7d0,178,17,0,1,0,0,1,1,1,1791358567
2026-10-07T07:37:03+00:00,2026-10-07T07:38:05.164361+00:00,b0b8e427-7203-4844-9c70-129e08a74452,347,12,4,1,1,0,1,1,1,1791358568
2026-10-07T07:37:03+00:00,2026-10-07T07:38:05.164361+00:00,f834fb66-0de8-11e7-991c-3863bb43a7d0,139,15,2,0,4,0,1,1,1,1791358557
2026-10-07T07:37:03+00:00,2026-10-07T07:38:05.164361+00:00,2113560016964645240,2113560016964645240,9,0,1,9,0,1,1,1,1791358572
2026-10-07T07:37:03+00:00,2026-10-07T07:38:05.164361+00:00,2012646293885032702,2012646293885032702,4,0,1,19,0,1,1,1,1791358572
2026-10-07T07:37:03+00:00,2026-10-07T07:38:05.164361+00:00,f834db9b-0de8-11e7-991c-3863bb43a7d0,121,16,7,0,1,0,1,1,1,1791358573
2026-10-07T07:37:03+00:00,2026-10-07T07:38:05.164361+00:00,3c837bc0-fd08-49c4-adf5-0e9a98e918a7,524,7,0,1,7,0,1,1,1,1791358572
2026-10-07T07:37:03+00:00,2026-10-07T07:38:05.164361+00:00,f8348781-0de8-11e7-991c-3863bb43a7d0,53,19,1,0,0,0,1,1,1,1791358567
2026-10-07T07:37:03+00:00,2026-10-07T07:38:05.164361+00:00,f8349de4-0de8-11e7-991c-3863bb43a7d0,80,0,0,2,33,0,1,1,1,1791358570
2026-10-07T07:37:03+00:00,2026-10-07T07:38:05.164361+00:00,66763558-7a03-48a9-8665-6b4445b81f48,458,11,4,0,4,0,1,1,1,1791358571
2026-10-07T07:37:03+00:00,2026-10-07T07:38:05.164361+00:00,af066ffd-b892-434f-8532-1982fc408780,480,3,0,0,8,0,1,1,1,1791358571
2026-10-07T07:37:03+00:00,2026-10-07T07:38:05.164361+00:00,2256120653476329202,2256120653476329202,12,1,0,3,0,1,1,1,1791358572
2026-10-07T07:37:03+00:00,2026-10-07T07:38:05.164361+00:00,2253794653988522864,2253794653988522864,8,0,1,10,0,1,1,1,1791358574
2026-10-07T07:37:03+00:00,2026-10-07T07:38:05.164361+00:00,1206f5c8-7d1f-4c32-9d65-f3e80186fbde,511,8,5,1,10,0,1,1,1,1791358575
2026-10-07T07:37:03+00:00,2026-10-07T07:38:05.164361+00:00,f8349d6e-0de8-11e7-991c-3863bb43a7d0,79,17,0,0,1,0,1,1,1,1791358575
2026-10-07T07:37:03+00:00,2026-10-07T07:38:05.164361+00:00,1963273678015717438,1963273678015717438,0,0,0,19,0,1,1,1,1791358576
2026-10-07T07:37:03+00:00,2026-10-07T07:38:05.164361+00:00,1994461916590643872,1994461916590643872,6,1,1,4,0,1,1,1,1791358577
2026-10-07T07:37:03+00:00,2026-10-07T07:38:05.164361+00:00,0bc49982-74e9-4bbf-9991-e3d809d6319e,530,3,1,0,16,0,1,1,1,1791358581
2026-10-07T07:37:03+00:00,2026-10-07T07:38:05.164361+00:00,2248987790637065652,2248987790637065652,6,3,0,6,0,1,1,1,1791358581
2026-10-07T07:37:03+00:00,2026-10-07T07:38:05.164361+00:00,57caf362-1e8b-46aa-9ee3-82341c405ab0,271,4,2,1,10,0,1,1,1,1791358581
2026-10-07T07:37:03+00:00,2026-10-07T07:38:05.164361+00:00,e49a5b83-2c9c-4610-a48b-89cfea172c8f,504,4,1,0,7,0,1,1,1,1791358578
2026-10-07T07:37:03+00:00,2026-10-07T07:38:05.164361+00:00,f834ff5a-0de8-11e7-991c-3863bb43a7d0,145,10,1,1,8,0,1,1,1,1791358573
2026-10-07T07:37:03+00:00,2026-10-07T07:38:05.164361+00:00,dd05a440-f881-410c-a071-864da11c634a,318,0,0,0,19,0,1,1,1,1791358582
2026-10-07T07:37:03+00:00,2026-10-07T07:38:05.164361+00:00,b5894555-30a3-46db-918a-fdeb083d6001,336,13,7,1,1,0,1,1,1,1791358584
2026-10-07T07:37:03+00:00,2026-10-07T07:38:05.164361+00:00,f8348924-0de8-11e7-991c-3863bb43a7d0,57,11,0,0,2,0,1,1,1,1791358579
2026-10-07T07:37:03+00:00,2026-10-07T07:38:05.164361+00:00,2080157934789007958,2080157934789007958,16,2,2,1,0,1,1,1,1791358593
2026-10-07T07:37:03+00:00,2026-10-07T07:38:05.164361+00:00,f8350c56-0de8-11e7-991c-3863bb43a7d0,161,23,6,0,0,0,1,1,1,1791358593
2026-10-07T07:37:03+00:00,2026-10-07T07:38:05.164361+00:00,f8346a3c-0de8-11e7-991c-3863bb43a7d0,10,3,1,1,8,0,1,1,1,1791358593
2026-10-07T07:37:03+00:00,2026-10-07T07:38:05.164361+00:00,3de6e5da-9702-4623-8683-26abd98012a8,525,4,1,0,8,0,1,1,1,1791358595
2026-10-07T07:37:03+00:00,2026-10-07T07:38:05.164361+00:00,f1cafe36-f800-41f6-b74d-73953cb6394c,471,0,0,0,27,0,1,1,1,1791358595
2026-10-07T07:37:03+00:00,2026-10-07T07:38:05.164361+00:00,31382324-2931-491a-827a-40149e45afee,232,5,0,0,6,0,1,1,1,1791358591
2026-10-07T07:37:03+00:00,2026-10-07T07:38:05.164361+00:00,2100948177843249670,2100948177843249670,6,5,0,5,0,1,1,1,1791358594
2026-10-07T07:37:03+00:00,2026-10-07T07:38:05.164361+00:00,7dd0fc98-c1dd-4c93-9c1d-4bbdf5f93346,473,14,9,0,0,0,1,1,1,1791358586
2026-10-07T07:37:03+00:00,2026-10-07T07:38:05.164361+00:00,2223046412750968128,2223046412750968128,2,1,0,17,0,1,1,1,1791358586
2026-10-07T07:37:03+00:00,2026-10-07T07:38:05.164361+00:00,f834923d-0de8-11e7-991c-3863bb43a7d0,65,8,0,0,11,0,1,1,1,1791358587
2026-10-07T07:37:03+00:00,2026-10-07T07:38:05.164361+00:00,f8346c01-0de8-11e7-991c-3863bb43a7d0,13,0,0,0,19,0,1,1,1,1791358586
2026-10-07T07:37:03+00:00,2026-10-07T07:38:05.164361+00:00,f834a32d-0de8-11e7-991c-3863bb43a7d0,86,17,0,0,8,0,1,1,1,1791358584
2026-10-07T07:37:03+00:00,2026-10-07T07:38:05.164361+00:00,2004828637786472956,2004828637786472956,15,7,1,3,0,1,1,1,1791358584
2026-10-07T07:37:03+00:00,2026-10-07T07:38:05.164361+00:00,1961066392414132348,1961066392414132348,3,0,0,16,0,1,1,1,1791358585
2026-10-07T07:37:03+00:00,2026-10-07T07:38:05.164361+00:00,2071724371800490690,2071724371800490690,17,0,0,3,0,1,1,1,1791358580
2026-10-07T07:37:03+00:00,2026-10-07T07:38:05.164361+00:00,f8348021-0de8-11e7-991c-3863bb43a7d0,39,26,2,0,1,0,1,1,1,1791358579
2026-10-07T07:37:03+00:00,2026-10-07T07:38:05.164361+00:00,2136546016037880534,2136546016037880534,9,1,0,6,0,1,1,1,1791358588
2026-10-07T07:37:03+00:00,2026-10-07T07:38:05.164361+00:00,a51b429f-bf06-425a-b3fe-b3155aa6468c,a51b429f-bf06-425a-b3fe-b3155aa6468c,4,3,1,6,0,1,1,1,1791358589
2026-10-07T07:37:03+00:00,2026-10-07T07:38:05.164361+00:00,2171110977443594588,2171110977443594588,6,0,1,8,0,1,1,1,1791358590
2026-10-07T07:37:03+00:00,2026-10-07T07:38:05.164361+00:00,f8353277-0de8-11e7-991c-3863bb43a7d0,218,0,0,0,15,0,1,1,1,1791358588
2026-10-07T07:37:03+00:00,2026-10-07T07:38:05.164361+00:00,e3f5d039-a49e-4b3b-ab4d-4efbef2068c6,e3f5d039-a49e-4b3b-ab4d-4efbef2068c6,17,1,0,5,0,1,1,1,1791358589
2026-10-07T07:37:03+00:00,2026-10-07T07:38:05.164361+00:00,f8350be5-0de8-11e7-991c-3863bb43a7d0,160,2,0,0,12,0,1,1,1,1791358589
2026-10-07T07:37:03+00:00,2026-10-07T07:38:05.164361+00:00,2131714490587826928,2131714490587826928,10,7,2,4,0,1,1,1,1791358590
2026-10-07T07:37:03+00:00,2026-10-07T07:38:05.164361+00:00,f834b50a-0de8-11e7-991c-3863bb43a7d0,102,9,3,0,6,0,1,1,1,1791358596
2026-10-07T07:37:03+00:00,2026-10-07T07:38:05.164361+00:00,25cc602a-152a-4abe-9df8-a131d0a5d94b,235,15,5,0,0,0,1,1,1,1791358598
2026-10-07T07:37:03+00:00,2026-10-07T07:38:05.164361+00:00,12141b77-6e5f-444b-bace-2abf16db4fee,12141b77-6e5f-444b-bace-2abf16db4fee,0,0,11,0,0,1,0,0,1791320514
2026-10-07T07:37:03+00:00,2026-10-07T07:38:05.164361+00:00,f83480a9-0de8-11e7-991c-3863bb43a7d0,40,28,0,0,3,0,1,1,1,1791358479
2026-10-07T07:37:03+00:00,2026-10-07T07:38:05.164361+00:00,f8352068-0de8-11e7-991c-3863bb43a7d0,194,11,0,0,8,0,1,1,1,1791358478
2026-10-07T07:37:03+00:00,2026-10-07T07:38:05.164361+00:00,2014558273483754010,2014558273483754010,5,1,0,14,0,1,1,1,1791358481
2026-10-07T07:37:03+00:00,2026-10-07T07:38:05.164361+00:00,4f25f6ef-236b-43b4-8a92-68a24db0504b,4f25f6ef-236b-43b4-8a92-68a24db0504b,12,6,0,2,0,1,1,1,1791358511
2026-10-07T07:37:03+00:00,2026-10-07T07:38:05.164361+00:00,f83483f3-0de8-11e7-991c-3863bb43a7d0,46,15,1,1,23,0,1,1,1,1791358515
2026-10-07T07:37:03+00:00,2026-10-07T07:38:05.164361+00:00,2002248857751890568,2002248857751890568,10,8,0,1,0,1,1,1,1791358524
2026-10-07T07:37:03+00:00,2026-10-07T07:38:05.164361+00:00,1978882443666915710,1978882443666915710,12,0,0,5,1,1,1,1,1791358524
2026-10-07T07:37:03+00:00,2026-10-07T07:38:05.164361+00:00,2096125468116637776,2096125468116637776,13,0,0,2,0,1,1,1,1791358529
2026-10-07T07:37:03+00:00,2026-10-07T07:38:05.164361+00:00,ca76adb6-4c84-4484-9ec3-b411b81ddbef,ca76adb6-4c84-4484-9ec3-b411b81ddbef,4,1,2,13,0,1,1,1,1791358527
2026-10-07T07:37:03+00:00,2026-10-07T07:38:05.164361+00:00,f83489ff-0de8-11e7-991c-3863bb43a7d0,59,1,0,0,17,1,1,1,1,1791358525
2026-10-07T07:37:03+00:00,2026-10-07T07:38:05.164361+00:00,a83f982f-a4f1-43e4-98e8-c8f4a0bb7290,452,14,1,0,0,0,1,1,1,1791358526
2026-10-07T07:37:03+00:00,2026-10-07T07:38:05.164361+00:00,a3bf0bfe-198b-4160-a2fb-cc7d10cfb4cf,a3bf0bfe-198b-4160-a2fb-cc7d10cfb4cf,9,1,0,10,0,1,1,1,1791358526
2026-10-07T07:37:03+00:00,2026-10-07T07:38:05.164361+00:00,065e0e5d-8a0d-49b7-9c1f-c8eaba51a8b4,490,12,4,1,5,0,1,1,1,1791358526
2026-10-07T07:37:03+00:00,2026-10-07T07:38:05.164361+00:00,4fe8e777-345b-4fc2-a684-dd874e8186d8,4fe8e777-345b-4fc2-a684-dd874e8186d8,8,4,1,6,0,1,1,1,1791358527
2026-10-07T07:37:03+00:00,2026-10-07T07:38:05.164361+00:00,2071630998981871920,2071630998981871920,12,5,0,8,0,1,1,1,1791358532
2026-10-07T07:37:03+00:00,2026-10-07T07:38:05.164361+00:00,f834dc46-0de8-11e7-991c-3863bb43a7d0,122,1,0,0,14,0,1,1,1,1791358532
2026-10-07T07:37:03+00:00,2026-10-07T07:38:05.164361+00:00,2129865213174084448,2129865213174084448,3,0,0,16,0,1,1,1,1791358532
2026-10-07T07:37:03+00:00,2026-10-07T07:38:05.164361+00:00,bd3d4824-7203-4edc-a314-cea2b413e886,319,13,3,0,13,1,1,1,1,1791358535
2026-10-07T07:37:03+00:00,2026-10-07T07:38:05.164361+00:00,f0f01d4c-ba4a-4ab2-9cc0-9fa1f9223300,394,6,3,0,8,0,1,1,1,1791358536
2026-10-07T07:37:03+00:00,2026-10-07T07:38:05.164361+00:00,ed6c012e-6d6c-41e7-8e01-90749fd67575,546,11,10,0,5,0,1,1,1,1791358538
2026-10-07T07:37:03+00:00,2026-10-07T07:38:05.164361+00:00,1a39ab83-f029-4134-aad4-35380b30bf2c,1a39ab83-f029-4134-aad4-35380b30bf2c,6,0,0,13,0,1,1,1,1791358539
2026-10-07T07:37:03+00:00,2026-10-07T07:38:05.164361+00:00,2245672241002318634,2245672241002318634,6,1,1,11,0,1,1,1,1791358540
2026-10-07T07:37:03+00:00,2026-10-07T07:38:05.164361+00:00,f8348a68-0de8-11e7-991c-3863bb43a7d0,60,9,4,1,8,0,1,1,1,1791358542
2026-10-07T07:37:03+00:00,2026-10-07T07:38:05.164361+00:00,bd1755dc-f26c-420e-85b3-fd025d0b5445,554,1,0,0,14,0,1,1,1,1791358542
2026-10-07T07:37:03+00:00,2026-10-07T07:38:05.164361+00:00,1989983491501558234,1989983491501558234,2,0,0,9,0,1,1,1,1791358543
2026-10-07T07:37:03+00:00,2026-10-07T07:38:05.164361+00:00,2104f242-2dde-4ec0-8197-4454b1021ac1,381,13,2,2,8,1,1,1,1,1791358546
2026-10-07T07:37:03+00:00,2026-10-07T07:38:05.164361+00:00,7c860828-3359-4229-b59b-963f5a4bab00,236,5,1,2,5,0,1,1,1,1791358548
2026-10-07T07:37:03+00:00,2026-10-07T07:38:05.164361+00:00,f834ba08-0de8-11e7-991c-3863bb43a7d0,108,0,0,0,16,0,1,1,1,1791358548
2026-10-07T07:37:03+00:00,2026-10-07T07:38:05.164361+00:00,f8351490-0de8-11e7-991c-3863bb43a7d0,179,52,7,0,0,1,1,1,1,1791358545
2026-10-07T07:37:03+00:00,2026-10-07T07:38:05.164361+00:00,f834dedf-0de8-11e7-991c-3863bb43a7d0,124,10,4,0,4,0,1,1,1,1791358548
2026-10-07T07:37:03+00:00,2026-10-07T07:38:05.164361+00:00,f83515d8-0de8-11e7-991c-3863bb43a7d0,182,10,0,0,8,0,1,1,1,1791358548
2026-10-07T07:37:03+00:00,2026-10-07T07:38:05.164361+00:00,2267959380696438832,2267959380696438832,7,0,0,4,0,1,1,1,1791358549
2026-10-07T07:37:03+00:00,2026-10-07T07:38:05.164361+00:00,f83512c9-0de8-11e7-991c-3863bb43a7d0,175,6,2,0,11,0,1,1,1,1791358548
2026-10-07T07:37:03+00:00,2026-10-07T07:38:05.164361+00:00,9f582e05-15e0-4a39-aef5-c719e0c78e26,466,5,3,2,4,0,1,1,1,1791358550
2026-10-07T07:37:03+00:00,2026-10-07T07:38:05.164361+00:00,47c44bb1-d065-41f5-ad79-c18aee60af34,342,9,0,1,5,0,1,1,1,1791358552
2026-10-07T07:37:03+00:00,2026-10-07T07:38:05.164361+00:00,f83529e2-0de8-11e7-991c-3863bb43a7d0,211,9,0,0,6,0,1,1,1,1791358551
2026-10-07T07:37:03+00:00,2026-10-07T07:38:05.164361+00:00,be18593a-9e4c-4a13-8bb2-a5bac3d9b2b3,547,11,3,0,7,0,1,1,1,1791358492
2026-10-07T07:37:03+00:00,2026-10-07T07:38:05.164361+00:00,f834a7d1-0de8-11e7-991c-3863bb43a7d0,91,3,0,0,16,0,1,1,1,1791358493
2026-10-07T07:37:03+00:00,2026-10-07T07:38:05.164361+00:00,00802fe6-4268-4dc8-8f55-0dbbc1665ce6,515,3,0,2,14,0,1,1,1,1791358493
2026-10-07T07:37:03+00:00,2026-10-07T07:38:05.164361+00:00,f834b99d-0de8-11e7-991c-3863bb43a7d0,107,0,0,0,18,0,1,1,1,1791358495
2026-10-07T07:37:03+00:00,2026-10-07T07:38:05.164361+00:00,c5017e67-cada-4549-a52e-0f13dddd289d,424,10,6,0,9,0,1,1,1,1791358496
2026-10-07T07:37:03+00:00,2026-10-07T07:38:05.164361+00:00,228b8017-e4da-4722-9223-b8279a14b8ad,448,4,4,0,6,0,1,1,1,1791358504
2026-10-07T07:37:03+00:00,2026-10-07T07:38:05.164361+00:00,f8351dc2-0de8-11e7-991c-3863bb43a7d0,188,15,1,0,0,0,1,1,1,1791358500
2026-10-07T07:37:03+00:00,2026-10-07T07:38:05.164361+00:00,9c8366d8-3b58-4894-b281-09e22f6fe5f7,464,10,1,0,1,0,1,1,1,1791358500
2026-10-07T07:37:03+00:00,2026-10-07T07:38:05.164361+00:00,f834ab92-0de8-11e7-991c-3863bb43a7d0,95,15,0,0,0,0,1,1,1,1791358497
2026-10-07T07:37:03+00:00,2026-10-07T07:38:05.164361+00:00,42886366-9cbf-432c-ba84-beef38877c87,408,15,5,0,0,0,1,1,1,1791358503
2026-10-07T07:37:03+00:00,2026-10-07T07:38:05.164361+00:00,f83520d8-0de8-11e7-991c-3863bb43a7d0,195,14,2,0,9,0,1,1,1,1791358508
2026-10-07T07:37:03+00:00,2026-10-07T07:38:05.164361+00:00,186accbb-6a08-4e1d-b267-9033c4443a56,401,11,3,1,3,0,1,1,1,1791358508
2026-10-07T07:37:03+00:00,2026-10-07T07:38:05.164361+00:00,1676a6f7-c417-48d2-92e8-5ce21995efc3,374,1,0,0,17,0,1,1,1,1791358508
2026-10-07T07:37:03+00:00,2026-10-07T07:38:05.164361+00:00,f834658f-0de8-11e7-991c-3863bb43a7d0,4,17,1,0,2,0,1,1,1,1791358508
2026-10-07T07:37:03+00:00,2026-10-07T07:38:05.164361+00:00,2d32e355-faee-407b-9bb7-45d80ffb059a,2d32e355-faee-407b-9bb7-45d80ffb059a,0,0,1,18,0,1,1,1,1791358505
2026-10-07T07:37:03+00:00,2026-10-07T07:38:05.164361+00:00,f834caf2-0de8-11e7-991c-3863bb43a7d0,114,9,3,0,6,0,1,1,1,1791358510
2026-10-07T07:37:03+00:00,2026-10-07T07:38:05.164361+00:00,ad2fb6f2-921f-440c-83de-08be76e35c2a,468,3,0,1,10,0,1,1,1,1791358507
2026-10-07T07:37:03+00:00,2026-10-07T07:38:05.164361+00:00,9cc65d3d-cfcc-45ff-8f75-7264556b1cf9,9cc65d3d-cfcc-45ff-8f75-7264556b1cf9,17,2,0,2,0,1,1,1,1791358505
2026-10-07T07:37:03+00:00,2026-10-07T07:38:05.164361+00:00,13d4171b-6d93-490e-923f-f2a17d5c7613,13d4171b-6d93-490e-923f-f2a17d5c7613,3,1,2,6,0,1,1,1,1791358506
2026-10-07T07:37:03+00:00,2026-10-07T07:38:05.164361+00:00,9340e113-e0b2-48ac-b58a-8b6f001b0a94,486,4,1,0,7,0,1,1,1,1791358491
2026-10-07T07:37:03+00:00,2026-10-07T07:38:05.164361+00:00,eb8824c3-9c84-4fec-8d6f-d537c8ab3beb,349,13,10,0,3,1,1,1,1,1791358489
2026-10-07T07:37:03+00:00,2026-10-07T07:38:05.164361+00:00,53548ba4-ad0a-4d92-8e57-fd5c9f3ad102,399,5,0,0,10,0,1,1,1,1791358490
2026-10-07T07:37:03+00:00,2026-10-07T07:38:05.164361+00:00,6e340d8e-45db-4fd9-b6eb-b74ec73b0d3e,535,6,1,2,7,0,1,1,1,1791358489
2026-10-07T07:37:03+00:00,2026-10-07T07:38:05.164361+00:00,2109111257926871498,2109111257926871498,15,4,1,3,0,1,1,1,1791358485
2026-10-07T07:37:03+00:00,2026-10-07T07:38:05.164361+00:00,2098360140389493528,2098360140389493528,6,5,3,2,0,1,1,1,1791358517
2026-10-07T07:37:03+00:00,2026-10-07T07:38:05.164361+00:00,c1789d39-705f-4c03-9c14-4d6a3a4f4400,561,0,0,0,19,0,1,1,1,1791358518
2026-10-07T07:37:03+00:00,2026-10-07T07:38:05.164361+00:00,2249419943962214726,2249419943962214726,2,0,1,16,0,1,1,1,1791358520
2026-10-07T07:37:03+00:00,2026-10-07T07:38:05.164361+00:00,fe6a64e7-c712-404c-85ae-ee77a37245b1,355,7,1,1,9,0,1,1,1,1791358522
2026-10-07T07:37:03+00:00,2026-10-07T07:38:05.164361+00:00,eee3aab6-bd98-4d1f-8887-9c4e2adce482,eee3aab6-bd98-4d1f-8887-9c4e2adce482,9,3,2,0,0,1,1,1,1791358518
2026-10-07T07:37:03+00:00,2026-10-07T07:38:05.164361+00:00,2151136782588526782,2151136782588526782,8,1,1,2,0,1,1,1,1791358519
2026-10-07T07:37:03+00:00,2026-10-07T07:38:05.164361+00:00,f834fede-0de8-11e7-991c-3863bb43a7d0,144,5,0,0,14,0,1,1,1,1791358519
2026-10-07T07:37:03+00:00,2026-10-07T07:38:05.164361+00:00,2002579415401984808,2002579415401984808,4,0,0,7,0,1,1,1,1791358519
2026-10-07T07:37:03+00:00,2026-10-07T07:38:05.164361+00:00,f8351726-0de8-11e7-991c-3863bb43a7d0,185,0,0,1,14,0,1,1,1,1791358520
2026-10-07T07:37:03+00:00,2026-10-07T07:38:05.164361+00:00,403c0f6c-d01a-4171-a7be-3aa4dbb0d7d1,407,11,8,2,5,0,1,1,1,1791358520
2026-10-07T07:37:03+00:00,2026-10-07T07:38:05.164361+00:00,2271594282663217386,2271594282663217386,2,2,0,9,0,1,1,1,1791358521
2026-10-07T07:37:03+00:00,2026-10-07T07:38:05.164361+00:00,1921360868231155718,1921360868231155718,2,0,0,17,0,1,1,1,1791358559
2026-10-07T07:37:03+00:00,2026-10-07T07:38:05.164361+00:00,c202f2ca-ec1d-4dc5-a734-e0a342f23ba4,279,18,1,1,4,0,1,1,1,1791358558
2026-10-07T07:37:03+00:00,2026-10-07T07:38:05.164361+00:00,c23a4c0d-7e43-4042-80e2-7c894d07763b,559,5,1,0,6,0,1,1,1,1791358555
2026-10-07T07:37:03+00:00,2026-10-07T07:38:05.164361+00:00,2212663228188806942,2212663228188806942,8,0,0,16,0,1,1,1,1791358556
2026-10-07T07:37:03+00:00,2026-10-07T07:38:05.164361+00:00,f8347b1e-0de8-11e7-991c-3863bb43a7d0,30,1,0,0,14,0,1,1,1,1791358559
2026-10-07T07:37:03+00:00,2026-10-07T07:38:05.164361+00:00,2076849845777355316,2076849845777355316,16,0,3,10,3,1,1,1,1791358560
2026-10-07T07:37:03+00:00,2026-10-07T07:38:05.164361+00:00,f8285d4f-5053-4e26-bb28-72016fe11353,405,12,0,0,7,0,1,1,1,1791358560
2026-10-07T07:37:03+00:00,2026-10-07T07:38:05.164361+00:00,1942556871369959976,1942556871369959976,14,6,1,4,0,1,1,1,1791358561
2026-10-07T07:37:03+00:00,2026-10-07T07:38:05.164361+00:00,81676204-e42f-4d3d-991e-9c1264f36229,357,14,2,0,1,0,1,1,1,1791358561
2026-10-07T07:37:03+00:00,2026-10-07T07:38:05.164361+00:00,f8351eb0-0de8-11e7-991c-3863bb43a7d0,190,28,1,1,8,0,1,1,1,1791358557
2026-10-07T07:37:03+00:00,2026-10-07T07:38:05.164361+00:00,2225590560002383786,2225590560002383786,0,0,0,15,0,1,1,1,1791358565
2026-10-07T07:37:03+00:00,2026-10-07T07:38:05.164361+00:00,7feae3ce-ddf2-4a45-a123-1209c8a9182b,484,2,0,0,9,0,1,1,1,1791358565
2026-10-07T07:37:03+00:00,2026-10-07T07:38:05.164361+00:00,aa556ad4-0092-4687-96c2-8dbc69addb56,485,5,0,2,4,0,1,1,1,1791358555
2026-10-07T07:37:03+00:00,2026-10-07T07:38:05.164361+00:00,f834f8ca-0de8-11e7-991c-3863bb43a7d0,137,11,9,4,2,2,1,1,1,1791358555
2026-10-07T07:37:03+00:00,2026-10-07T07:38:05.164361+00:00,93381e13-cd04-4e10-ac81-9f5926aa01d5,333,19,6,1,5,0,1,1,1,1791358555
2026-10-07T07:37:03+00:00,2026-10-07T07:38:05.164361+00:00,f834a3a0-0de8-11e7-991c-3863bb43a7d0,87,14,3,0,1,0,1,1,1,1791358566
2026-10-07T07:37:03+00:00,2026-10-07T07:38:05.164361+00:00,81bfc33b-30d8-4881-b261-712715a8b2bc,363,5,1,0,12,1,1,1,1,1791358566
2026-10-07T07:37:03+00:00,2026-10-07T07:38:05.164361+00:00,74cb9bf6-bb53-4c70-88d2-67998b99628c,296,12,2,0,11,0,1,1,1,1791358567
2026-10-07T07:37:03+00:00,2026-10-07T07:38:05.164361+00:00,e32c0bb9-e85b-4764-b0fb-5c582cfd3a90,340,14,8,1,2,2,1,1,1,1791358562
2026-10-07T07:37:03+00:00,2026-10-07T07:38:05.164361+00:00,2118368356250680236,2118368356250680236,4,0,0,12,0,1,1,1,1791358568
2026-10-07T07:37:03+00:00,2026-10-07T07:38:05.164361+00:00,f83481c5-0de8-11e7-991c-3863bb43a7d0,42,4,0,1,25,0,1,1,1,1791358568
2026-10-07T07:37:03+00:00,2026-10-07T07:38:05.164361+00:00,12d463d2-ce50-43bd-81b1-6be4dbdbbc1b,430,13,4,0,6,0,1,1,1,1791358568
2026-10-07T07:37:03+00:00,2026-10-07T07:38:05.164361+00:00,9e9be067-c6bb-41de-9491-eda69d24d6de,371,15,5,0,3,0,1,1,1,1791358570
2026-10-07T07:37:03+00:00,2026-10-07T07:38:05.164361+00:00,2131760674371160748,2131760674371160748,4,0,1,15,0,1,1,1,1791358570
2026-10-07T07:37:03+00:00,2026-10-07T07:38:05.164361+00:00,2220822464984366036,2220822464984366036,3,1,0,9,0,1,1,1,1791358571
2026-10-07T07:37:03+00:00,2026-10-07T07:38:05.164361+00:00,2123672938202825324,2123672938202825324,1,0,0,14,0,1,1,1,1791358571
2026-10-07T07:37:03+00:00,2026-10-07T07:38:05.164361+00:00,2130224177726511580,2130224177726511580,6,0,0,9,0,1,1,1,1791358576
2026-10-07T07:37:03+00:00,2026-10-07T07:38:05.164361+00:00,f834a838-0de8-11e7-991c-3863bb43a7d0,92,10,2,1,7,0,1,1,1,1791358573
2026-10-07T07:37:03+00:00,2026-10-07T07:38:05.164361+00:00,fe534b6f-61ad-47d3-b9f6-cdaa128f53a4,395,5,0,2,8,0,1,1,1,1791358572
2026-10-07T07:37:03+00:00,2026-10-07T07:38:05.164361+00:00,f8350204-0de8-11e7-991c-3863bb43a7d0,151,1,0,0,18,0,1,1,1,1791358578
2026-10-07T07:37:03+00:00,2026-10-07T07:38:05.164361+00:00,f83471a1-0de8-11e7-991c-3863bb43a7d0,23,4,0,0,20,1,1,1,1,1791358579
2026-10-07T07:37:03+00:00,2026-10-07T07:38:05.164361+00:00,2007420398783036020,2007420398783036020,7,0,0,13,0,1,1,1,1791358527
2026-10-07T07:37:03+00:00,2026-10-07T07:38:05.164361+00:00,f834ea45-0de8-11e7-991c-3863bb43a7d0,130,7,0,0,8,0,1,1,1,1791358581
2026-10-07T07:37:03+00:00,2026-10-07T07:38:05.164361+00:00,f8346f6f-0de8-11e7-991c-3863bb43a7d0,19,11,1,1,2,0,1,1,1,1791358582
2026-10-07T07:37:03+00:00,2026-10-07T07:38:05.164361+00:00,2212258635631104970,2212258635631104970,9,0,0,14,0,1,1,1,1791358581
2026-10-07T07:37:03+00:00,2026-10-07T07:38:05.164361+00:00,f834fc57-0de8-11e7-991c-3863bb43a7d0,140,9,1,3,5,0,1,1,1,1791358581
2026-10-07T07:37:03+00:00,2026-10-07T07:38:05.164361+00:00,d1c0b0c2-6e4c-424e-a946-a2a95a711633,422,7,1,0,8,0,1,1,1,1791358587
2026-10-07T07:37:03+00:00,2026-10-07T07:38:05.164361+00:00,f8352ac4-0de8-11e7-991c-3863bb43a7d0,213,0,0,2,12,0,1,1,1,1791358588
2026-10-07T07:37:03+00:00,2026-10-07T07:38:05.164361+00:00,1976642295079838524,1976642295079838524,4,0,1,6,0,1,1,1,1791358588
2026-10-07T07:37:03+00:00,2026-10-07T07:38:05.164361+00:00,8347c34d-68df-404b-ac58-7a387cc3ce4b,414,9,2,0,14,0,1,1,1,1791358586
2026-10-07T07:37:03+00:00,2026-10-07T07:38:05.164361+00:00,2254164250455119196,2254164250455119196,7,7,0,8,0,1,1,1,1791358565
2026-10-07T07:37:03+00:00,2026-10-07T07:38:05.164361+00:00,0b0467c1-0c90-4529-a556-fe4d57835bbb,435,11,11,0,3,1,1,1,1,1791358586
2026-10-07T07:37:03+00:00,2026-10-07T07:38:05.164361+00:00,4c128753-6fde-4d4c-896e-a1adf89ada98,4c128753-6fde-4d4c-896e-a1adf89ada98,0,0,1,23,1,1,1,1,1791358587
2026-10-07T07:37:03+00:00,2026-10-07T07:38:05.164361+00:00,52485851-e554-49de-ab9f-f536806d2d34,52485851-e554-49de-ab9f-f536806d2d34,4,1,0,6,0,1,1,1,1791358584
2026-10-07T07:37:03+00:00,2026-10-07T07:38:05.164361+00:00,5bbdd12f-fec4-4741-9d5d-4a60834c5d02,377,8,1,0,11,0,1,1,1,1791358585
2026-10-07T07:37:03+00:00,2026-10-07T07:38:05.164361+00:00,e2c306f6-82c7-4d0d-89fd-c9452d2f9ad1,361,6,1,0,37,0,1,1,1,1791358589
2026-10-07T07:37:03+00:00,2026-10-07T07:38:05.164361+00:00,7df1ee28-441e-44c1-8507-8f58946be96b,239,14,2,1,0,0,1,1,1,1791358588
2026-10-07T07:37:03+00:00,2026-10-07T07:38:05.164361+00:00,2035660824473983142,2035660824473983142,9,0,0,9,1,1,1,1,1791358585
2026-10-07T07:37:03+00:00,2026-10-07T07:38:05.164361+00:00,0daf7408-7a15-4d2b-8c39-f1a097cdbe85,403,5,0,0,10,0,1,1,1,1791358595
2026-10-07T07:37:03+00:00,2026-10-07T07:38:05.164361+00:00,f834824e-0de8-11e7-991c-3863bb43a7d0,43,0,0,0,15,0,1,1,1,1791358590
2026-10-07T07:37:03+00:00,2026-10-07T07:38:05.164361+00:00,f834ec42-0de8-11e7-991c-3863bb43a7d0,131,16,2,1,1,0,1,1,1,1791358591
2026-10-07T07:37:03+00:00,2026-10-07T07:38:05.164361+00:00,f8349e56-0de8-11e7-991c-3863bb43a7d0,81,7,0,1,11,0,1,1,1,1791358591
2026-10-07T07:37:03+00:00,2026-10-07T07:38:05.164361+00:00,2040842277416872172,2040842277416872172,7,1,0,9,0,1,1,1,1791358495
2026-10-07T07:37:03+00:00,2026-10-07T07:38:05.164361+00:00,f8349ed6-0de8-11e7-991c-3863bb43a7d0,82,6,1,0,19,0,1,1,1,1791358593
2026-10-07T07:37:03+00:00,2026-10-07T07:38:05.164361+00:00,2093488029445054742,2093488029445054742,5,0,0,23,0,1,1,1,1791358593
2026-10-07T07:37:03+00:00,2026-10-07T07:38:05.164361+00:00,f8350a84-0de8-11e7-991c-3863bb43a7d0,157,1,1,0,14,0,1,1,1,1791358593
2026-10-07T07:37:03+00:00,2026-10-07T07:38:05.164361+00:00,f835260c-0de8-11e7-991c-3863bb43a7d0,206,7,1,0,33,0,1,1,1,1791358595
2026-10-07T07:37:03+00:00,2026-10-07T07:38:05.164361+00:00,f835108b-0de8-11e7-991c-3863bb43a7d0,170,3,1,1,10,0,1,1,1,1791358595
2026-10-07T07:37:03+00:00,2026-10-07T07:38:05.164361+00:00,2038981933682610536,2038981933682610536,4,0,0,12,0,1,1,1,1791358595
2026-10-07T07:37:03+00:00,2026-10-07T07:38:05.164361+00:00,f714390d-6874-43fa-a079-a07f83c79c7b,f714390d-6874-43fa-a079-a07f83c79c7b,10,3,1,0,0,1,1,1,1791358597
2026-10-07T07:37:03+00:00,2026-10-07T07:38:05.164361+00:00,a75d3da1-ce74-447f-8e80-52506a81aff3,a75d3da1-ce74-447f-8e80-52506a81aff3,11,8,0,0,0,1,1,1,1791358597
2026-10-07T07:37:03+00:00,2026-10-07T07:38:05.164361+00:00,5f8ced09-665c-41e5-b67e-1e58fac21830,521,3,0,0,8,0,1,1,1,1791358597
2026-10-07T07:37:03+00:00,2026-10-07T07:38:05.164361+00:00,f8352378-0de8-11e7-991c-3863bb43a7d0,200,14,0,0,5,0,1,1,1,1791358598
2026-10-07T07:37:03+00:00,2026-10-07T07:38:05.164361+00:00,0208190e-851c-417d-8bc7-1b218db97fbf,0208190e-851c-417d-8bc7-1b218db97fbf,0,0,1,22,0,1,0,0,1791347955
2026-10-07T07:37:03+00:00,2026-10-07T07:38:05.164361+00:00,2227858849424910006,2227858849424910006,8,2,0,0,0,1,1,1,1791358380
2026-10-07T07:37:03+00:00,2026-10-07T07:38:05.164361+00:00,cf5f920f-b61d-4db0-b139-14aff04d577c,459,0,0,9,0,13,1,0,0,1791335572
2026-10-07T07:37:03+00:00,2026-10-07T07:38:05.164361+00:00,1df03e33-c105-4e53-b013-d20056cd57f8,1df03e33-c105-4e53-b013-d20056cd57f8,0,0,0,0,0,0,0,0,86400
2026-10-07T07:37:03+00:00,2026-10-07T07:38:05.164361+00:00,dede6d5f-7d62-496e-a8ca-d5a64afe39c1,544,15,0,0,0,0,1,1,1,1791358514
2026-10-07T07:37:03+00:00,2026-10-07T07:38:05.164361+00:00,fe90d430-d33f-48b2-a5cd-bc161b220939,553,13,0,0,10,0,1,1,1,1791358514
2026-10-07T07:37:03+00:00,2026-10-07T07:38:05.164361+00:00,57716f8d-c9ee-4768-8872-71343ec3ffd8,514,12,4,2,5,0,1,1,1,1791358514
2026-10-07T07:37:03+00:00,2026-10-07T07:38:05.164361+00:00,baab0b05-a028-4147-8432-a2726c7e48ea,328,12,4,0,3,0,1,1,1,1791358513
2026-10-07T07:37:03+00:00,2026-10-07T07:38:05.164361+00:00,b34694c2-c640-4f70-b196-1c357ab798e0,b34694c2-c640-4f70-b196-1c357ab798e0,11,3,0,4,0,1,1,1,1791358513
2026-10-07T07:37:03+00:00,2026-10-07T07:38:05.164361+00:00,23146f28-9762-4a6d-a6db-fcd4ff0e5d07,356,13,0,0,10,0,1,1,1,1791358481
2026-10-07T07:37:03+00:00,2026-10-07T07:38:05.164361+00:00,f8346ad7-0de8-11e7-991c-3863bb43a7d0,11,0,0,1,14,0,1,1,1,1791358480
2026-10-07T07:37:03+00:00,2026-10-07T07:38:05.164361+00:00,f834c7a9-0de8-11e7-991c-3863bb43a7d0,112,11,2,0,4,0,1,1,1,1791358492
2026-10-07T07:37:03+00:00,2026-10-07T07:38:05.164361+00:00,f9524971-e9f9-4572-aebc-580e48de042f,f9524971-e9f9-4572-aebc-580e48de042f,13,3,0,6,0,1,1,1,1791358494
2026-10-07T07:37:03+00:00,2026-10-07T07:38:05.164361+00:00,f834a8a0-0de8-11e7-991c-3863bb43a7d0,93,17,0,0,14,0,1,1,1,1791358494
2026-10-07T07:37:03+00:00,2026-10-07T07:38:05.164361+00:00,f8349b20-0de8-11e7-991c-3863bb43a7d0,76,13,0,1,3,0,1,1,1,1791358494
2026-10-07T07:37:03+00:00,2026-10-07T07:38:05.164361+00:00,d5349097-b478-4b3f-9c46-d8fbcf38e3f4,509,9,1,0,3,0,1,1,1,1791358478
2026-10-07T07:37:03+00:00,2026-10-07T07:38:05.164361+00:00,940638c5-7cd0-4a11-899e-86af3868d400,532,6,1,0,12,0,1,1,1,1791358527
2026-10-07T07:37:03+00:00,2026-10-07T07:38:05.164361+00:00,2141791438824588162,2141791438824588162,11,3,0,8,0,1,1,1,1791358528
2026-10-07T07:37:03+00:00,2026-10-07T07:38:05.164361+00:00,295553ea-851b-4ac2-a094-f9d1208e399a,412,5,2,0,14,0,1,1,1,1791358527
2026-10-07T07:37:03+00:00,2026-10-07T07:38:05.164361+00:00,68e5e79a-3c94-4848-b619-9c0829d7f687,475,15,9,0,0,0,1,1,1,1791358497
2026-10-07T07:37:03+00:00,2026-10-07T07:38:05.164361+00:00,903b9b5d-4244-43e4-8441-0d17f9a994f7,528,1,0,0,10,0,1,1,1,1791358499
2026-10-07T07:37:03+00:00,2026-10-07T07:38:05.164361+00:00,2027502297316997708,2027502297316997708,8,0,0,3,0,1,1,1,1791358499
2026-10-07T07:37:03+00:00,2026-10-07T07:38:05.164361+00:00,270ad97d-035d-472a-9827-76d3187afc56,402,13,9,0,2,0,1,1,1,1791358504
2026-10-07T07:37:03+00:00,2026-10-07T07:38:05.164361+00:00,2118728866631796788,2118728866631796788,9,2,0,6,0,1,1,1,1791358503
2026-10-07T07:37:03+00:00,2026-10-07T07:38:05.164361+00:00,25a9114f-66f0-427c-920f-5526ca84f056,346,14,1,1,0,0,1,1,1,1791358504
2026-10-07T07:37:03+00:00,2026-10-07T07:38:05.164361+00:00,2090158541932726550,2090158541932726550,10,0,0,5,0,1,1,1,1791358506
2026-10-07T07:37:03+00:00,2026-10-07T07:38:05.164361+00:00,f834e534-0de8-11e7-991c-3863bb43a7d0,128,12,7,0,7,0,1,1,1,1791358506
2026-10-07T07:37:03+00:00,2026-10-07T07:38:05.164361+00:00,36f36eed-1070-49be-8b31-5676b8b3489f,227,5,1,0,14,0,1,1,1,1791358506
2026-10-07T07:37:03+00:00,2026-10-07T07:38:05.164361+00:00,f834b8b3-0de8-11e7-991c-3863bb43a7d0,105,11,0,0,7,0,1,1,1,1791358559
2026-10-07T07:37:03+00:00,2026-10-07T07:38:05.164361+00:00,8a404180-7c2e-4dbe-9489-c478ed959282,8a404180-7c2e-4dbe-9489-c478ed959282,1,0,3,15,0,1,1,1,1791358560
2026-10-07T07:37:03+00:00,2026-10-07T07:38:05.164361+00:00,2014865445230483952,2014865445230483952,13,0,0,4,0,1,1,1,1791358547
2026-10-07T07:37:03+00:00,2026-10-07T07:38:05.164361+00:00,f83517fa-0de8-11e7-991c-3863bb43a7d0,187,12,4,0,3,0,1,1,1,1791358552
2026-10-07T07:37:03+00:00,2026-10-07T07:38:05.164361+00:00,8b97606e-a849-4db8-ae9b-4009fe48d90b,556,8,1,0,11,0,1,1,1,1791358552
2026-10-07T07:37:03+00:00,2026-10-07T07:38:05.164361+00:00,1a661bb7-7d14-49e9-ac3d-22bafec8a2f0,507,6,4,1,4,0,1,1,1,1791358549
2026-10-07T07:37:03+00:00,2026-10-07T07:38:05.164361+00:00,1994054629753598708,1994054629753598708,13,4,0,1,0,1,1,1,1791358549
2026-10-07T07:37:03+00:00,2026-10-07T07:38:05.164361+00:00,f83511d4-0de8-11e7-991c-3863bb43a7d0,173,6,0,0,7,1,1,1,1,1791358503
2026-10-07T07:37:03+00:00,2026-10-07T07:38:05.164361+00:00,2085366936904166272,2085366936904166272,8,2,2,5,0,1,1,1,1791358554
2026-10-07T07:37:03+00:00,2026-10-07T07:38:05.164361+00:00,f8346d23-0de8-11e7-991c-3863bb43a7d0,15,5,0,0,10,0,1,1,1,1791358554
2026-10-07T07:37:03+00:00,2026-10-07T07:38:05.164361+00:00,2040842870122359032,2040842870122359032,1,0,1,18,0,1,1,1,1791358553
2026-10-07T07:37:03+00:00,2026-10-07T07:38:05.164361+00:00,f8346803-0de8-11e7-991c-3863bb43a7d0,8,15,5,0,4,0,1,1,1,1791358555
2026-10-07T07:37:03+00:00,2026-10-07T07:38:05.164361+00:00,f8352534-0de8-11e7-991c-3863bb43a7d0,204,9,3,0,6,0,1,1,1,1791358553
2026-10-07T07:37:03+00:00,2026-10-07T07:38:05.164361+00:00,ea65c25f-0718-4f79-8588-c58b9fe3a105,226,6,0,1,7,1,1,1,1,1791358555
2026-10-07T07:37:03+00:00,2026-10-07T07:38:05.164361+00:00,2069389896750516900,2069389896750516900,4,0,0,16,0,1,1,1,1791358523
2026-10-07T07:37:03+00:00,2026-10-07T07:38:05.164361+00:00,f83513a7-0de8-11e7-991c-3863bb43a7d0,177,3,0,0,16,0,1,1,1,1791358521
2026-10-07T07:37:03+00:00,2026-10-07T07:38:05.164361+00:00,ff938129-8179-455c-9ac9-9fcb9fc0b6d5,ff938129-8179-455c-9ac9-9fcb9fc0b6d5,12,4,1,6,0,1,1,1,1791358521
2026-10-07T07:37:03+00:00,2026-10-07T07:38:05.164361+00:00,f83491d4-0de8-11e7-991c-3863bb43a7d0,64,0,0,0,23,0,1,1,1,1791358521
2026-10-07T07:37:03+00:00,2026-10-07T07:38:05.164361+00:00,df03c61a-29d7-445d-9980-d7f058916591,345,12,0,0,7,0,1,1,1,1791358523
2026-10-07T07:37:03+00:00,2026-10-07T07:38:05.164361+00:00,9721c80e-fc8f-474f-8918-b68c041d2836,9721c80e-fc8f-474f-8918-b68c041d2836,4,1,1,18,0,1,1,1,1791358509
2026-10-07T07:37:03+00:00,2026-10-07T07:38:05.164361+00:00,f8351f1d-0de8-11e7-991c-3863bb43a7d0,191,7,0,1,8,0,1,1,1,1791358543
2026-10-07T07:37:03+00:00,2026-10-07T07:38:05.164361+00:00,8d893519-bc21-4536-b346-f558988bc8ad,260,9,1,0,6,0,1,1,1,1791358543
2026-10-07T07:37:03+00:00,2026-10-07T07:38:05.164361+00:00,f83482d2-0de8-11e7-991c-3863bb43a7d0,44,1,0,0,30,0,1,1,1,1791358543
2026-10-07T07:37:03+00:00,2026-10-07T07:38:05.164361+00:00,1965873511294959658,1965873511294959658,4,0,0,19,0,1,1,1,1791358544
2026-10-07T07:37:03+00:00,2026-10-07T07:38:05.164361+00:00,d7507124-4cab-4063-8445-a59a33a3d6e4,512,8,4,1,10,0,1,1,1,1791358544
2026-10-07T07:37:03+00:00,2026-10-07T07:38:05.164361+00:00,2080205593583047424,2080205593583047424,10,1,0,6,0,1,1,1,1791358542
2026-10-07T07:37:03+00:00,2026-10-07T07:38:05.164361+00:00,888780ee-bf2f-474e-9622-6bc725aa1b00,888780ee-bf2f-474e-9622-6bc725aa1b00,2,0,4,5,0,1,1,1,1791358546
2026-10-07T07:37:03+00:00,2026-10-07T07:38:05.164361+00:00,ccf82572-a142-4378-9a4b-5a51fcb4ef81,350,8,1,0,9,0,1,1,1,1791358488
2026-10-07T07:37:03+00:00,2026-10-07T07:38:05.164361+00:00,f8347f09-0de8-11e7-991c-3863bb43a7d0,37,1,0,0,14,0,1,1,1,1791358485
2026-10-07T07:37:03+00:00,2026-10-07T07:38:05.164361+00:00,d8ce5f8b-2440-45e1-ab1c-23cb3bcbde84,527,3,1,0,10,0,1,1,1,1791358485
2026-10-07T07:37:03+00:00,2026-10-07T07:38:05.164361+00:00,2119105928286481344,2119105928286481344,11,3,0,8,0,1,1,1,1791358489
2026-10-07T07:37:03+00:00,2026-10-07T07:38:05.164361+00:00,1994466222105870452,1994466222105870452,6,3,2,3,0,1,1,1,1791358489
2026-10-07T07:37:03+00:00,2026-10-07T07:38:05.164361+00:00,f834662c-0de8-11e7-991c-3863bb43a7d0,5,12,0,0,3,0,1,1,1,1791358489
2026-10-07T07:37:03+00:00,2026-10-07T07:38:05.164361+00:00,f83492b4-0de8-11e7-991c-3863bb43a7d0,66,10,4,1,4,0,1,1,1,1791358536
2026-10-07T07:37:03+00:00,2026-10-07T07:38:05.164361+00:00,5b1d2661-8a93-4f14-b242-ebc52792f951,337,15,3,0,0,0,1,1,1,1791358536
2026-10-07T07:37:03+00:00,2026-10-07T07:38:05.164361+00:00,2270454512964591136,2270454512964591136,0,0,0,19,0,1,1,1,1791358537
2026-10-07T07:37:03+00:00,2026-10-07T07:38:05.164361+00:00,fbc512a5-4b98-4821-bcfb-bb0c7ac83543,365,5,0,0,14,0,1,1,1,1791358537
2026-10-07T07:37:03+00:00,2026-10-07T07:38:05.164361+00:00,2087949096844032050,2087949096844032050,6,0,0,9,0,1,1,1,1791358538
2026-10-07T07:37:03+00:00,2026-10-07T07:38:05.164361+00:00,48abed77-c9ba-4a39-8a5c-6a1e9bb8a9a5,48abed77-c9ba-4a39-8a5c-6a1e9bb8a9a5,14,8,1,1,0,1,1,1,1791358538
2026-10-07T07:37:03+00:00,2026-10-07T07:38:05.164361+00:00,8983c75a-12c1-4995-aedc-24c94bd895e3,384,1,0,0,18,0,1,1,1,1791358536
2026-10-07T07:37:03+00:00,2026-10-07T07:38:05.164361+00:00,f834f6a3-0de8-11e7-991c-3863bb43a7d0,135,0,0,0,17,0,1,1,1,1791358540
2026-10-07T07:37:03+00:00,2026-10-07T07:38:05.164361+00:00,1963613484180639992,1963613484180639992,12,1,0,7,0,1,1,1,1791358561
2026-10-07T07:37:03+00:00,2026-10-07T07:38:05.164361+00:00,f8350ecf-0de8-11e7-991c-3863bb43a7d0,167,10,7,0,5,0,1,1,1,1791358566
2026-10-07T07:37:03+00:00,2026-10-07T07:38:05.164361+00:00,2110984374959099994,2110984374959099994,4,3,0,16,0,1,1,1,1791358563
2026-10-07T07:37:03+00:00,2026-10-07T07:38:05.164361+00:00,f8352219-0de8-11e7-991c-3863bb43a7d0,197,14,7,0,1,0,1,1,1,1791358567
2026-10-07T07:37:03+00:00,2026-10-07T07:38:05.164361+00:00,7e1dae55-4d3d-4a41-b969-2aeca70e0e69,7e1dae55-4d3d-4a41-b969-2aeca70e0e69,8,0,0,3,0,1,1,1,1791358568
2026-10-07T07:37:03+00:00,2026-10-07T07:38:05.164361+00:00,f8350cc1-0de8-11e7-991c-3863bb43a7d0,162,5,3,0,10,0,1,1,1,1791358570
2026-10-07T07:37:03+00:00,2026-10-07T07:38:05.164361+00:00,1e1b40cd-8e00-4b74-b147-be6b23f5c9e7,385,2,0,0,13,0,1,1,1,1791358571
2026-10-07T07:37:03+00:00,2026-10-07T07:38:05.164361+00:00,aa964f5b-fadf-4fc1-8c91-84ee36e15f0d,341,14,0,0,1,0,1,1,1,1791358574
2026-10-07T07:37:03+00:00,2026-10-07T07:38:05.164361+00:00,f834a959-0de8-11e7-991c-3863bb43a7d0,94,10,8,0,0,0,1,1,1,1791358575
2026-10-07T07:37:03+00:00,2026-10-07T07:38:05.164361+00:00,e4678b17-face-42c3-9b5f-98418d31e3b6,e4678b17-face-42c3-9b5f-98418d31e3b6,11,4,0,0,0,1,1,1,1791358574
2026-10-07T07:37:03+00:00,2026-10-07T07:38:05.164361+00:00,2259733531216984776,2259733531216984776,4,1,0,11,0,1,1,1,1791358575
2026-10-07T07:37:03+00:00,2026-10-07T07:38:05.164361+00:00,f83497b9-0de8-11e7-991c-3863bb43a7d0,74,0,0,0,19,0,1,1,1,1791358576
2026-10-07T07:37:03+00:00,2026-10-07T07:38:05.164361+00:00,f8352b39-0de8-11e7-991c-3863bb43a7d0,214,10,1,0,3,1,1,1,1,1791358576
2026-10-07T07:37:03+00:00,2026-10-07T07:38:05.164361+00:00,1986302395589722758,1986302395589722758,8,2,0,2,0,1,1,1,1791358573
2026-10-07T07:37:03+00:00,2026-10-07T07:38:05.164361+00:00,90330e1a-dee5-4914-9d3f-3891aeca12ca,434,8,0,1,10,0,1,1,1,1791358573
2026-10-07T07:37:03+00:00,2026-10-07T07:38:05.164361+00:00,2249415127458891992,2249415127458891992,13,1,0,2,0,1,1,1,1791358574
2026-10-07T07:37:03+00:00,2026-10-07T07:38:05.164361+00:00,f2b83aa2-86cd-4904-a099-74bf2023f768,330,2,0,0,13,0,1,1,1,1791358577
2026-10-07T07:37:03+00:00,2026-10-07T07:38:05.164361+00:00,f8347ccd-0de8-11e7-991c-3863bb43a7d0,33,15,0,0,12,0,1,1,1,1791358577
2026-10-07T07:37:03+00:00,2026-10-07T07:38:05.164361+00:00,f8352ba8-0de8-11e7-991c-3863bb43a7d0,215,3,1,0,12,0,1,1,1,1791358579
2026-10-07T07:37:03+00:00,2026-10-07T07:38:05.164361+00:00,b205d2bb-bb76-49ac-8d14-85eec5a874d3,343,7,1,1,7,0,1,1,1,1791358577
2026-10-07T07:37:03+00:00,2026-10-07T07:38:05.164361+00:00,2043911250700610106,2043911250700610106,4,0,0,11,0,1,1,1,1791358579
2026-10-07T07:37:03+00:00,2026-10-07T07:38:05.164361+00:00,2085737662370069102,2085737662370069102,14,2,0,4,1,1,1,1,1791358583
2026-10-07T07:37:03+00:00,2026-10-07T07:38:05.164361+00:00,7f68a70d-af0e-450a-b7a8-ce621cd0c8c1,280,10,3,1,8,0,1,1,1,1791358583
2026-10-07T07:37:03+00:00,2026-10-07T07:38:05.164361+00:00,f8346b6f-0de8-11e7-991c-3863bb43a7d0,12,16,0,0,11,0,1,1,1,1791358584
2026-10-07T07:37:03+00:00,2026-10-07T07:38:05.164361+00:00,9bfa4a32-5598-46ea-a1a1-17b4c6ed9d84,431,11,3,0,4,0,1,1,1,1791358582
2026-10-07T07:37:03+00:00,2026-10-07T07:38:05.164361+00:00,f8348622-0de8-11e7-991c-3863bb43a7d0,50,0,0,0,19,0,1,1,1,1791358579
2026-10-07T07:37:03+00:00,2026-10-07T07:38:05.164361+00:00,ef6ef93b-488f-496b-afbf-3aedfd967129,517,8,4,0,7,0,1,1,1,1791358578
2026-10-07T07:37:03+00:00,2026-10-07T07:38:05.164361+00:00,f834b101-0de8-11e7-991c-3863bb43a7d0,97,2,1,0,16,1,1,1,1,1791358579
2026-10-07T07:37:03+00:00,2026-10-07T07:38:05.164361+00:00,81323081-749c-44cf-ac62-0e6c64305c32,461,4,0,0,7,0,1,1,1,1791358579
2026-10-07T07:37:03+00:00,2026-10-07T07:38:05.164361+00:00,1cced911-b428-4cfd-81be-3a8f77ce7379,233,9,0,2,4,0,1,1,1,1791358580
2026-10-07T07:37:03+00:00,2026-10-07T07:38:05.164361+00:00,2039109354743046934,2039109354743046934,10,1,2,7,1,1,1,1,1791358589
2026-10-07T07:37:03+00:00,2026-10-07T07:38:05.164361+00:00,f8347c41-0de8-11e7-991c-3863bb43a7d0,32,4,0,0,10,0,1,1,1,1791358585
2026-10-07T07:37:03+00:00,2026-10-07T07:38:05.164361+00:00,a6e0db4f-fc9b-42af-bfe0-36cc0259b717,446,9,1,0,7,0,1,1,1,1791358588
2026-10-07T07:37:03+00:00,2026-10-07T07:38:05.164361+00:00,ad2cf74c-0e8c-4e15-8f19-2259e8c82f0f,404,6,2,2,8,0,1,1,1,1791358561
2026-10-07T07:37:03+00:00,2026-10-07T07:38:05.164361+00:00,7560f0e3-267b-4fb3-bbfa-6e02010cfcb7,225,16,1,1,2,0,1,1,1,1791358589
2026-10-07T07:37:03+00:00,2026-10-07T07:38:05.164361+00:00,56817d8e-3a1c-431a-a529-1a600f80c364,366,9,2,1,17,0,1,1,1,1791358589
2026-10-07T07:37:03+00:00,2026-10-07T07:38:05.164361+00:00,1991922092203192944,1991922092203192944,2,0,0,17,0,1,1,1,1791358589
2026-10-07T07:37:03+00:00,2026-10-07T07:38:05.164361+00:00,f834708e-0de8-11e7-991c-3863bb43a7d0,21,3,0,0,14,0,1,1,1,1791358590
2026-10-07T07:37:03+00:00,2026-10-07T07:38:05.164361+00:00,2145094035874873892,2145094035874873892,13,1,1,5,0,1,1,1,1791358590
2026-10-07T07:37:03+00:00,2026-10-07T07:38:05.164361+00:00,380de8b2-2728-4e4b-83f1-251bfbb5acf2,487,18,5,1,0,0,1,1,1,1791358592
2026-10-07T07:37:03+00:00,2026-10-07T07:38:05.164361+00:00,2246034666940677832,2246034666940677832,5,0,0,6,0,1,1,1,1791358592
2026-10-07T07:37:03+00:00,2026-10-07T07:38:05.164361+00:00,f8349440-0de8-11e7-991c-3863bb43a7d0,68,0,0,1,18,0,1,1,1,1791358593
2026-10-07T07:37:03+00:00,2026-10-07T07:38:05.164361+00:00,2088704000370565344,2088704000370565344,3,0,2,7,0,1,1,1,1791358593
2026-10-07T07:37:03+00:00,2026-10-07T07:38:05.164361+00:00,61168d8b-20b7-46c8-8f08-6ae1f100c4e0,550,9,4,0,8,0,1,1,1,1791358594
2026-10-07T07:37:03+00:00,2026-10-07T07:38:05.164361+00:00,b6a8522d-296d-4c05-887d-842374520780,545,11,11,0,2,1,1,1,1,1791358591
2026-10-07T07:37:03+00:00,2026-10-07T07:38:05.164361+00:00,99675a11-a92c-465c-bf5a-434b08ba5fc6,400,16,1,0,36,0,1,1,1,1791358591
2026-10-07T07:37:03+00:00,2026-10-07T07:38:05.164361+00:00,2090635592862466836,2090635592862466836,6,0,2,22,1,1,1,1,1791358591
2026-10-07T07:37:03+00:00,2026-10-07T07:38:05.164361+00:00,6aebc664-1e3c-479f-8f65-2bae99215ed3,6aebc664-1e3c-479f-8f65-2bae99215ed3,9,2,0,2,0,1,1,1,1791358593
2026-10-07T07:37:03+00:00,2026-10-07T07:38:05.164361+00:00,f8347e78-0de8-11e7-991c-3863bb43a7d0,36,7,0,1,23,0,1,1,1,1791358592
2026-10-07T07:37:03+00:00,2026-10-07T07:38:05.164361+00:00,2270212773802111256,2270212773802111256,10,1,0,9,0,1,1,1,1791358556
2026-10-07T07:37:03+00:00,2026-10-07T07:38:05.164361+00:00,d22265a8-a6d7-4922-a6b5-4be738a9e5c4,392,13,10,0,2,0,1,1,1,1791358595
2026-10-07T07:37:03+00:00,2026-10-07T07:38:05.164361+00:00,f835288a-0de8-11e7-991c-3863bb43a7d0,208,11,1,0,4,0,1,1,1,1791358596
2026-10-07T07:37:03+00:00,2026-10-07T07:38:05.164361+00:00,51bb4381-dae4-4aeb-b213-0614b807be29,344,11,7,2,6,0,1,1,1,1791358596
2026-10-07T07:37:03+00:00,2026-10-07T07:38:05.164361+00:00,f834abfd-0de8-11e7-991c-3863bb43a7d0,96,6,1,2,10,0,1,1,1,1791358596
2026-10-07T07:37:03+00:00,2026-10-07T07:38:05.164361+00:00,f834cfd8-0de8-11e7-991c-3863bb43a7d0,117,0,0,4,11,1,1,1,1,1791358596
2026-10-07T07:37:03+00:00,2026-10-07T07:38:05.164361+00:00,f8350b76-0de8-11e7-991c-3863bb43a7d0,159,6,2,2,11,1,1,1,1,1791358597
2026-10-07T07:37:03+00:00,2026-10-07T07:38:05.164361+00:00,f834723b-0de8-11e7-991c-3863bb43a7d0,24,0,0,0,23,0,1,1,1,1791358598
2026-10-07T07:37:03+00:00,2026-10-07T07:38:05.164361+00:00,c5cfd1ed-aa44-4e20-96bb-e334c96f0d68,376,13,0,0,2,0,1,1,1,1791358577
2026-10-07T07:37:03+00:00,2026-10-07T07:38:05.164361+00:00,f83488be-0de8-11e7-991c-3863bb43a7d0,56,7,0,1,10,0,1,1,1,1791358598
2026-10-07T07:37:03+00:00,2026-10-07T07:38:05.164361+00:00,868ccc83-99e5-4faf-96eb-e1fae26b9741,481,2,0,1,16,0,1,1,1,1791358599
2026-10-07T07:37:03+00:00,2026-10-07T07:38:05.164361+00:00,103a9881-e30a-4d57-b81d-863b995ff759,255,0,0,0,0,0,0,0,0,86400
2026-10-07T07:37:03+00:00,2026-10-07T07:38:05.164361+00:00,d7ec834e-9d9a-402c-9956-7d5f42676b94,d7ec834e-9d9a-402c-9956-7d5f42676b94,0,0,14,0,0,1,0,0,1791348928
2026-10-07T07:37:03+00:00,2026-10-07T07:38:05.164361+00:00,f8348136-0de8-11e7-991c-3863bb43a7d0,41,23,0,0,4,0,1,1,1,1791358479
2026-10-07T07:37:03+00:00,2026-10-07T07:38:05.164361+00:00,533620e8-00ff-494a-b288-bd67602bc98e,472,0,0,0,27,0,1,1,1,1791358482
2026-10-07T07:37:03+00:00,2026-10-07T07:38:05.164361+00:00,5018e851-f2f3-4e18-9914-c316bbcc2c3d,331,0,0,0,15,0,1,1,1,1791358482
2026-10-07T07:37:03+00:00,2026-10-07T07:38:05.164361+00:00,ce55d1b1-4267-40a9-ad44-5eab888ce18a,ce55d1b1-4267-40a9-ad44-5eab888ce18a,0,0,0,22,1,1,1,1,1791358483
2026-10-07T07:37:03+00:00,2026-10-07T07:38:05.164361+00:00,1960693490199507164,1960693490199507164,7,1,1,11,0,1,1,1,1791358483
2026-10-07T07:37:03+00:00,2026-10-07T07:38:05.164361+00:00,42a3ecca-af9a-4556-90ba-7631546f96f8,42a3ecca-af9a-4556-90ba-7631546f96f8,4,2,1,6,0,1,1,1,1791358489
2026-10-07T07:37:03+00:00,2026-10-07T07:38:05.164361+00:00,2264176803898382980,2264176803898382980,4,2,0,7,0,1,1,1,1791358491
2026-10-07T07:37:03+00:00,2026-10-07T07:38:05.164361+00:00,2170342425741020744,2170342425741020744,17,5,0,0,0,1,1,1,1791358458
2026-10-07T07:37:03+00:00,2026-10-07T07:38:05.164361+00:00,f8349745-0de8-11e7-991c-3863bb43a7d0,73,0,0,0,15,0,1,1,1,1791358492
2026-10-07T07:37:03+00:00,2026-10-07T07:38:05.164361+00:00,f8349c69-0de8-11e7-991c-3863bb43a7d0,78,15,2,1,3,0,1,1,1,1791358492
2026-10-07T07:37:03+00:00,2026-10-07T07:38:05.164361+00:00,0adccd89-1d8d-44da-9f7c-5f18acafeddf,338,14,12,0,0,0,1,1,1,1791358493
2026-10-07T07:37:03+00:00,2026-10-07T07:38:05.164361+00:00,e68655be-23d3-46e5-a509-25be677e7542,482,6,0,0,5,0,1,1,1,1791358491
2026-10-07T07:37:03+00:00,2026-10-07T07:38:05.164361+00:00,1975886280004030604,1975886280004030604,11,0,0,12,0,1,1,1,1791358498
2026-10-07T07:37:03+00:00,2026-10-07T07:38:05.164361+00:00,2113200093114979090,2113200093114979090,8,1,0,7,1,1,1,1,1791358498
2026-10-07T07:37:03+00:00,2026-10-07T07:38:05.164361+00:00,f8349ba9-0de8-11e7-991c-3863bb43a7d0,77,12,8,0,6,0,1,1,1,1791358502
2026-10-07T07:37:03+00:00,2026-10-07T07:38:05.164361+00:00,f36e24cd-de4c-4a5e-adf4-cb97ccd2958d,505,6,0,2,3,0,1,1,1,1791358507
2026-10-07T07:37:03+00:00,2026-10-07T07:38:05.164361+00:00,f8348481-0de8-11e7-991c-3863bb43a7d0,47,19,0,0,0,0,1,1,1,1791358510
2026-10-07T07:37:03+00:00,2026-10-07T07:38:05.164361+00:00,40e58976-02cc-4c7c-911f-7a6c97588bfa,520,10,3,0,11,0,1,1,1,1791358507
2026-10-07T07:37:03+00:00,2026-10-07T07:38:05.164361+00:00,2327cb08-fa9f-459b-9ab0-1a319b0f2f4c,539,10,4,1,7,0,1,1,1,1791358513
2026-10-07T07:37:03+00:00,2026-10-07T07:38:05.164361+00:00,0f554e1d-9f0f-452d-9b4a-e00aa2c5911e,492,0,0,0,14,0,1,1,1,1791358512
2026-10-07T07:37:03+00:00,2026-10-07T07:38:05.164361+00:00,dfdaf866-b814-48e5-9bd3-eb7c4a733697,dfdaf866-b814-48e5-9bd3-eb7c4a733697,8,2,0,9,0,1,1,1,1791358512
2026-10-07T07:37:03+00:00,2026-10-07T07:38:05.164361+00:00,2241260819676115550,2241260819676115550,0,0,0,25,0,1,1,1,1791358514
2026-10-07T07:37:03+00:00,2026-10-07T07:38:05.164361+00:00,abefafdc-c772-4671-86fe-fc15a42adebb,abefafdc-c772-4671-86fe-fc15a42adebb,2,0,0,21,0,1,1,1,1791358510
2026-10-07T07:37:03+00:00,2026-10-07T07:38:05.164361+00:00,5afe91c4-8076-4f9f-b83b-cf233bda2331,460,0,0,0,15,0,1,1,1,1791358519
2026-10-07T07:37:03+00:00,2026-10-07T07:38:05.164361+00:00,2071993292066931472,2071993292066931472,1,0,0,19,0,1,1,1,1791358519
2026-10-07T07:37:03+00:00,2026-10-07T07:38:05.164361+00:00,2223043968513191970,2223043968513191970,5,0,0,11,0,1,1,1,1791358518
2026-10-07T07:37:03+00:00,2026-10-07T07:38:05.164361+00:00,287aedf5-0361-47e9-9de0-14ae3b75cc0d,287aedf5-0361-47e9-9de0-14ae3b75cc0d,3,0,1,17,0,1,1,1,1791358520
2026-10-07T07:37:03+00:00,2026-10-07T07:38:05.164361+00:00,342a2c60-71b0-4d19-98d6-47987cf20dbc,379,15,2,0,0,0,1,1,1,1791358523
2026-10-07T07:37:03+00:00,2026-10-07T07:38:05.164361+00:00,1944724820826878816,1944724820826878816,11,0,0,6,0,1,1,1,1791358523
2026-10-07T07:37:03+00:00,2026-10-07T07:38:05.164361+00:00,ff6ed364-8676-45a0-b97f-71025683849e,442,7,3,1,7,0,1,1,1,1791358524
2026-10-07T07:37:03+00:00,2026-10-07T07:38:05.164361+00:00,2071632496372113488,2071632496372113488,15,7,1,4,0,1,1,1,1791358524
2026-10-07T07:37:03+00:00,2026-10-07T07:38:05.164361+00:00,f83523e3-0de8-11e7-991c-3863bb43a7d0,201,2,2,0,13,0,1,1,1,1791358525
2026-10-07T07:37:03+00:00,2026-10-07T07:38:05.164361+00:00,70f20fcb-8e63-4015-9007-b97c525ab0a9,335,13,1,1,5,0,1,1,1,1791358527
2026-10-07T07:37:03+00:00,2026-10-07T07:38:05.164361+00:00,f834b49d-0de8-11e7-991c-3863bb43a7d0,101,13,2,0,5,0,1,1,1,1791358533
2026-10-07T07:37:03+00:00,2026-10-07T07:38:05.164361+00:00,510239fe-69c3-458b-b53c-6ce001845f4a,354,12,11,1,2,0,1,1,1,1791358535
2026-10-07T07:37:03+00:00,2026-10-07T07:38:05.164361+00:00,5f726a7d-5c5d-48b1-9b13-06c77572a237,516,7,2,0,4,0,1,1,1,1791358530
2026-10-07T07:37:03+00:00,2026-10-07T07:38:05.164361+00:00,f6df6c1a-064f-428a-951c-2069a081b9df,380,0,0,2,16,0,1,1,1,1791358538
2026-10-07T07:37:03+00:00,2026-10-07T07:38:05.164361+00:00,ccd6fdd4-b39e-46d7-b43c-7bacffb6bd87,523,6,4,0,10,0,1,1,1,1791358540
2026-10-07T07:37:03+00:00,2026-10-07T07:38:05.164361+00:00,83183df0-38c2-4ae8-a0c4-4b59599c9582,222,11,0,0,3,0,1,1,1,1791358536
2026-10-07T07:37:03+00:00,2026-10-07T07:38:05.164361+00:00,53a148ca-ac69-4a9c-a986-9a4b4df2f5df,387,7,3,0,8,0,1,1,1,1791358543
2026-10-07T07:37:03+00:00,2026-10-07T07:38:05.164361+00:00,54d86d05-b399-42c5-a63a-a97713afc5d4,54d86d05-b399-42c5-a63a-a97713afc5d4,7,6,1,2,0,1,1,1,1791358542
2026-10-07T07:37:03+00:00,2026-10-07T07:38:05.164361+00:00,f8348995-0de8-11e7-991c-3863bb43a7d0,58,14,0,0,5,0,1,1,1,1791358542
2026-10-07T07:37:03+00:00,2026-10-07T07:38:05.164361+00:00,36a8fbc8-6069-4a29-bbfd-63a2d019c9a5,415,0,0,0,19,0,1,1,1,1791358541
2026-10-07T07:37:03+00:00,2026-10-07T07:38:05.164361+00:00,2141932795355773712,2141932795355773712,3,0,1,13,0,1,1,1,1791358544
2026-10-07T07:37:03+00:00,2026-10-07T07:38:05.164361+00:00,f834e244-0de8-11e7-991c-3863bb43a7d0,126,7,2,0,8,0,1,1,1,1791358549
2026-10-07T07:37:03+00:00,2026-10-07T07:38:05.164361+00:00,9e710d48-51c1-460e-a027-3d16bde62b13,419,0,0,14,0,1,1,0,0,1791358549
2026-10-07T07:37:03+00:00,2026-10-07T07:38:05.164361+00:00,20b0b405-54ba-4a80-b89c-0819772665db,440,4,3,0,11,0,1,1,1,1791358546
2026-10-07T07:37:03+00:00,2026-10-07T07:38:05.164361+00:00,7ec0c53c-876a-419c-a78b-4edd000bbc9a,445,12,1,1,6,0,1,1,1,1791358547
2026-10-07T07:37:03+00:00,2026-10-07T07:38:05.164361+00:00,f8352c92-0de8-11e7-991c-3863bb43a7d0,217,12,0,2,5,0,1,1,1,1791358553
2026-10-07T07:37:03+00:00,2026-10-07T07:38:05.164361+00:00,f834952a-0de8-11e7-991c-3863bb43a7d0,70,0,0,1,22,0,1,1,1,1791358554
2026-10-07T07:37:03+00:00,2026-10-07T07:38:05.164361+00:00,2267569638034503736,2267569638034503736,6,0,4,9,0,1,1,1,1791358555
2026-10-07T07:37:03+00:00,2026-10-07T07:38:05.164361+00:00,2136942888571742916,2136942888571742916,11,0,0,4,0,1,1,1,1791358552
2026-10-07T07:37:03+00:00,2026-10-07T07:38:05.164361+00:00,f83524c0-0de8-11e7-991c-3863bb43a7d0,203,6,0,0,8,0,1,1,1,1791358557
2026-10-07T07:37:03+00:00,2026-10-07T07:38:05.164361+00:00,f8346894-0de8-11e7-991c-3863bb43a7d0,9,1,0,3,11,0,1,1,1,1791358557
2026-10-07T07:37:03+00:00,2026-10-07T07:38:05.164361+00:00,f24a573e-ef07-4785-9270-70c443510ea6,359,7,0,3,4,1,1,1,1,1791358557
2026-10-07T07:37:03+00:00,2026-10-07T07:38:05.164361+00:00,f83516b8-0de8-11e7-991c-3863bb43a7d0,184,18,0,0,0,1,1,1,1,1791358558
2026-10-07T07:37:03+00:00,2026-10-07T07:38:05.164361+00:00,f8349824-0de8-11e7-991c-3863bb43a7d0,75,1,0,0,14,0,1,1,1,1791358559
2026-10-07T07:37:03+00:00,2026-10-07T07:38:05.164361+00:00,f834e1b2-0de8-11e7-991c-3863bb43a7d0,125,12,9,0,7,0,1,1,1,1791358557
2026-10-07T07:37:03+00:00,2026-10-07T07:38:05.164361+00:00,13444449-b3a8-43d2-b8b9-a59fbc59a174,397,9,1,0,5,0,1,1,1,1791358557
2026-10-07T07:37:03+00:00,2026-10-07T07:38:05.164361+00:00,13918b3b-9ac5-4968-a74d-e40dd3bc952e,479,0,0,0,19,0,1,1,1,1791358552
2026-10-07T07:37:03+00:00,2026-10-07T07:38:05.164361+00:00,518f6524-0e7f-454d-974e-e3ff9db1f795,494,11,3,0,0,0,1,1,1,1791358562
2026-10-07T07:37:03+00:00,2026-10-07T07:38:05.164361+00:00,f8348509-0de8-11e7-991c-3863bb43a7d0,48,1,0,0,16,0,1,1,1,1791358562
2026-10-07T07:37:03+00:00,2026-10-07T07:38:05.164361+00:00,350e73e3-6f70-4b2d-87ab-24c8629e9a6a,350e73e3-6f70-4b2d-87ab-24c8629e9a6a,14,2,0,5,0,1,1,1,1791358560
2026-10-07T07:37:03+00:00,2026-10-07T07:38:05.164361+00:00,676ca473-eed6-4971-aaf3-e199a7ca335b,433,14,6,0,4,1,1,1,1,1791358568
2026-10-07T07:37:03+00:00,2026-10-07T07:38:05.164361+00:00,2103549125054737064,2103549125054737064,1,0,0,15,0,1,1,1,1791358570
2026-10-07T07:37:03+00:00,2026-10-07T07:38:05.164361+00:00,f8351019-0de8-11e7-991c-3863bb43a7d0,169,16,5,0,3,0,1,1,1,1791358571
2026-10-07T07:37:03+00:00,2026-10-07T07:38:05.164361+00:00,2072145327190878794,2072145327190878794,15,1,1,8,0,1,1,1,1791358571
2026-10-07T07:37:03+00:00,2026-10-07T07:38:05.164361+00:00,ec3eea05-a3ff-43c6-9e24-0c63f09b915f,378,14,1,0,5,0,1,1,1,1791358571
2026-10-07T07:37:03+00:00,2026-10-07T07:38:05.164361+00:00,f83486ab-0de8-11e7-991c-3863bb43a7d0,51,6,0,1,8,0,1,1,1,1791358572
2026-10-07T07:37:03+00:00,2026-10-07T07:38:05.164361+00:00,9f54207a-3308-43bd-b45c-9042b6389598,423,12,1,0,7,0,1,1,1,1791358566
2026-10-07T07:37:03+00:00,2026-10-07T07:38:05.164361+00:00,02a4416f-80b4-4472-accd-5db482ed5b6d,367,7,0,0,12,0,1,1,1,1791358574
2026-10-07T07:37:03+00:00,2026-10-07T07:38:05.164361+00:00,a18e1e55-507e-49d8-b7c0-5c0efd959125,358,16,4,0,3,0,1,1,1,1791358574
2026-10-07T07:37:03+00:00,2026-10-07T07:38:05.164361+00:00,ba634139-d7bf-448f-aac4-25995d36b67b,373,10,6,0,5,0,1,1,1,1791358577
2026-10-07T07:37:03+00:00,2026-10-07T07:38:05.164361+00:00,0839bb10-e876-4198-95e4-0147a561853d,258,13,3,1,1,0,1,1,1,1791358577
2026-10-07T07:37:03+00:00,2026-10-07T07:38:05.164361+00:00,2029805507281123700,2029805507281123700,12,2,1,6,0,1,1,1,1791358577
2026-10-07T07:37:03+00:00,2026-10-07T07:38:05.164361+00:00,f834f814-0de8-11e7-991c-3863bb43a7d0,136,0,0,0,19,0,1,1,1,1791358566
2026-10-07T07:37:03+00:00,2026-10-07T07:38:05.164361+00:00,2057166010169469732,2057166010169469732,0,0,0,15,0,1,1,1,1791358575
2026-10-07T07:37:03+00:00,2026-10-07T07:38:05.164361+00:00,bb27977d-36c1-496d-8bac-631b612dd7b8,332,7,3,0,8,0,1,1,1,1791358575
2026-10-07T07:37:03+00:00,2026-10-07T07:38:05.164361+00:00,ddcc8869-b8d4-483c-b9da-457fcebc8dc1,417,19,0,0,0,0,1,1,1,1791358575
2026-10-07T07:37:03+00:00,2026-10-07T07:38:05.164361+00:00,f834cf45-0de8-11e7-991c-3863bb43a7d0,116,21,3,1,1,0,1,1,1,1791358575
2026-10-07T07:37:03+00:00,2026-10-07T07:38:05.164361+00:00,2038619205667946906,2038619205667946906,10,2,1,9,0,1,1,1,1791358578
2026-10-07T07:37:03+00:00,2026-10-07T07:38:05.164361+00:00,2223045710883822544,2223045710883822544,10,5,1,4,0,1,1,1,1791358584
2026-10-07T07:37:03+00:00,2026-10-07T07:38:05.164361+00:00,b23674a7-15a8-46d2-8219-6668acecf24a,548,11,1,0,7,0,1,1,1,1791358585
2026-10-07T07:37:03+00:00,2026-10-07T07:38:05.164361+00:00,2113555008851845550,2113555008851845550,11,1,0,9,0,1,1,1,1791358580
2026-10-07T07:37:03+00:00,2026-10-07T07:38:05.164361+00:00,1997031579059661288,1997031579059661288,11,0,0,0,0,1,1,1,1791358581
2026-10-07T07:37:03+00:00,2026-10-07T07:38:05.164361+00:00,2078337213380274244,2078337213380274244,8,5,0,3,0,1,1,1,1791358585
2026-10-07T07:37:03+00:00,2026-10-07T07:38:05.164361+00:00,f8347118-0de8-11e7-991c-3863bb43a7d0,22,11,2,1,21,2,1,1,1,1791358586
2026-10-07T07:37:03+00:00,2026-10-07T07:38:05.164361+00:00,f8351336-0de8-11e7-991c-3863bb43a7d0,176,10,0,1,4,0,1,1,1,1791358582
2026-10-07T07:37:03+00:00,2026-10-07T07:38:05.164361+00:00,93911aa1-b5e4-48aa-a2b6-38fbcf613006,93911aa1-b5e4-48aa-a2b6-38fbcf613006,17,0,0,1,0,1,1,1,1791358590
2026-10-07T07:37:03+00:00,2026-10-07T07:38:05.164361+00:00,2fd22786-dfeb-4126-a906-4f01802087f3,454,1,0,2,16,0,1,1,1,1791358589
2026-10-07T07:37:03+00:00,2026-10-07T07:38:05.164361+00:00,2ba0c5dd-c990-4434-8a84-5c3eca23f096,447,10,6,0,9,0,1,1,1,1791358589
2026-10-07T07:37:03+00:00,2026-10-07T07:38:05.164361+00:00,f35de2ab-979e-42d5-8cbd-dc479ed637e9,503,4,4,0,2,0,1,1,1,1791358589
2026-10-07T07:37:03+00:00,2026-10-07T07:38:05.164361+00:00,b995a0b4-fc26-4661-9bc8-e166d648edfd,353,11,4,0,4,0,1,1,1,1791358589
2026-10-07T07:37:03+00:00,2026-10-07T07:38:05.164361+00:00,2043912031919765854,2043912031919765854,10,0,0,10,0,1,1,1,1791358588
2026-10-07T07:37:03+00:00,2026-10-07T07:38:05.164361+00:00,2111712079786088918,2111712079786088918,11,3,1,3,0,1,1,1,1791358587
2026-10-07T07:37:03+00:00,2026-10-07T07:38:05.164361+00:00,ef54374b-0406-4b17-b0a1-847f1d7bea06,410,14,3,1,0,0,1,1,1,1791358588
2026-10-07T07:37:03+00:00,2026-10-07T07:38:05.164361+00:00,f834b5d9-0de8-11e7-991c-3863bb43a7d0,103,7,2,0,8,0,1,1,1,1791358593
2026-10-07T07:37:03+00:00,2026-10-07T07:38:05.164361+00:00,2217856523888952522,2217856523888952522,9,4,0,11,0,1,1,1,1791358594
2026-10-07T07:37:03+00:00,2026-10-07T07:38:05.164361+00:00,9ca92778-9101-48df-90ea-08b784e26a1a,413,18,2,0,1,0,1,1,1,1791358597
2026-10-07T07:37:03+00:00,2026-10-07T07:38:05.164361+00:00,2038239468396569074,2038239468396569074,8,0,0,24,0,1,1,1,1791358598
2026-10-07T07:37:03+00:00,2026-10-07T07:38:05.164361+00:00,5bc7cba9-f0b0-442d-932c-e8c7927d87ce,386,15,1,0,4,0,1,1,1,1791358597
2026-10-07T07:37:03+00:00,2026-10-07T07:38:05.164361+00:00,f834fd36-0de8-11e7-991c-3863bb43a7d0,142,4,0,0,19,0,1,1,1,1791358596
2026-10-07T07:37:03+00:00,2026-10-07T07:38:05.164361+00:00,f834b42d-0de8-11e7-991c-3863bb43a7d0,100,5,0,1,19,0,1,1,1,1791358594
2026-10-07T07:37:03+00:00,2026-10-07T07:38:05.164361+00:00,2070180968009321294,2070180968009321294,11,1,0,8,2,1,1,1,1791358594
2026-10-07T07:37:03+00:00,2026-10-07T07:38:05.164361+00:00,f8346768-0de8-11e7-991c-3863bb43a7d0,7,1,1,0,14,0,1,1,1,1791358594
2026-10-07T07:37:03+00:00,2026-10-07T07:38:05.164361+00:00,2107991976288962746,2107991976288962746,7,0,0,13,0,1,1,1,1791358597
2026-10-07T07:37:03+00:00,2026-10-07T07:38:05.164361+00:00,f83464e4-0de8-11e7-991c-3863bb43a7d0,3,0,0,1,13,0,1,1,1,1791358598
2026-10-07T07:37:03+00:00,2026-10-07T07:38:05.164361+00:00,c1ae49bd-2a20-4684-886b-ead8dd627cfd,c1ae49bd-2a20-4684-886b-ead8dd627cfd,13,0,1,3,0,1,1,1,1791358598
2026-10-07T07:37:03+00:00,2026-10-07T07:38:05.164361+00:00,f83494b4-0de8-11e7-991c-3863bb43a7d0,69,10,4,1,8,0,1,1,1,1791358599
2026-10-07T07:37:03+00:00,2026-10-07T07:38:05.164361+00:00,f83510fd-0de8-11e7-991c-3863bb43a7d0,171,16,2,1,6,0,1,1,1,1791358599
