snapshot_utc,fetched_utc,station_id,legacy_id,num_bikes_available,num_ebikes_available,num_bikes_disabled,num_docks_available,num_docks_disabled,is_installed,is_renting,is_returning,last_reported
2026-09-21T01:38:18+00:00,2026-09-21T01:39:12.866310+00:00,6eaa7343-402d-41c9-9aac-8c664fdbdcf1,6eaa7343-402d-41c9-9aac-8c664fdbdcf1,0,0,0,0,0,0,0,0,86400
2026-09-21T01:38:18+00:00,2026-09-21T01:39:12.866310+00:00,2251556760922290606,2251556760922290606,15,1,0,0,0,1,1,1,1789954555
2026-09-21T01:38:18+00:00,2026-09-21T01:39:12.866310+00:00,1919521884659886482,1919521884659886482,8,1,0,11,0,1,1,1,1789954601
2026-09-21T01:38:18+00:00,2026-09-21T01:39:12.866310+00:00,f83532fa-0de8-11e7-991c-3863bb43a7d0,219,6,1,0,9,0,1,1,1,1789954600
2026-09-21T01:38:18+00:00,2026-09-21T01:39:12.866310+00:00,57f5003b-6574-40b3-83d7-3b5dee1472e0,518,9,1,0,1,0,1,1,1,1789954603
2026-09-21T01:38:18+00:00,2026-09-21T01:39:12.866310+00:00,87b5a8b7-a330-4c51-ab32-7dafa292c88f,421,18,3,0,1,0,1,1,1,1789954604
2026-09-21T01:38:18+00:00,2026-09-21T01:39:12.866310+00:00,c111ef1a-f276-415d-a95e-8e3c4e3a0c03,522,11,3,0,4,0,1,1,1,1789954608
2026-09-21T01:38:18+00:00,2026-09-21T01:39:12.866310+00:00,f834f948-0de8-11e7-991c-3863bb43a7d0,138,15,3,0,0,0,1,1,1,1789954607
2026-09-21T01:38:18+00:00,2026-09-21T01:39:12.866310+00:00,2131371824572002576,2131371824572002576,7,1,0,9,0,1,1,1,1789954610
2026-09-21T01:38:18+00:00,2026-09-21T01:39:12.866310+00:00,f8346c96-0de8-11e7-991c-3863bb43a7d0,14,2,1,0,23,0,1,1,1,1789954606
2026-09-21T01:38:18+00:00,2026-09-21T01:39:12.866310+00:00,a6d6d4b2-3666-43ad-a690-7f676bdcc3fd,542,13,1,0,6,0,1,1,1,1789954605
2026-09-21T01:38:18+00:00,2026-09-21T01:39:12.866310+00:00,40ee059e-8530-4992-9114-c16b87d6832f,441,14,0,1,4,0,1,1,1,1789954614
2026-09-21T01:38:18+00:00,2026-09-21T01:39:12.866310+00:00,1994515539257334312,1994515539257334312,15,5,0,4,0,1,1,1,1789954613
2026-09-21T01:38:18+00:00,2026-09-21T01:39:12.866310+00:00,2227859082657747444,2227859082657747444,4,2,0,3,0,1,1,1,1789954459
2026-09-21T01:38:18+00:00,2026-09-21T01:39:12.866310+00:00,2071991821019036242,2071991821019036242,7,0,0,13,0,1,1,1,1789954622
2026-09-21T01:38:18+00:00,2026-09-21T01:39:12.866310+00:00,ab6517ea-ed53-42eb-8881-657d362e56e8,560,6,2,0,9,0,1,1,1,1789954622
2026-09-21T01:38:18+00:00,2026-09-21T01:39:12.866310+00:00,1986694622707704150,1986694622707704150,13,2,1,5,0,1,1,1,1789954618
2026-09-21T01:38:18+00:00,2026-09-21T01:39:12.866310+00:00,f834d260-0de8-11e7-991c-3863bb43a7d0,119,13,1,1,1,0,1,1,1,1789954618
2026-09-21T01:38:18+00:00,2026-09-21T01:39:12.866310+00:00,f8351255-0de8-11e7-991c-3863bb43a7d0,174,12,2,0,3,0,1,1,1,1789954618
2026-09-21T01:38:18+00:00,2026-09-21T01:39:12.866310+00:00,2028220168245183460,2028220168245183460,10,1,0,9,0,1,1,1,1789954616
2026-09-21T01:38:18+00:00,2026-09-21T01:39:12.866310+00:00,f55cdf0a-3d7b-491c-bed2-7dc0ef2062d5,489,11,2,0,5,0,1,1,1,1789954619
2026-09-21T01:38:18+00:00,2026-09-21T01:39:12.866310+00:00,f8348719-0de8-11e7-991c-3863bb43a7d0,52,9,0,1,13,0,1,1,1,1789954616
2026-09-21T01:38:18+00:00,2026-09-21T01:39:12.866310+00:00,2132460331327742574,2132460331327742574,6,0,1,12,0,1,1,1,1789954626
2026-09-21T01:38:18+00:00,2026-09-21T01:39:12.866310+00:00,dcd76e42-eebc-4432-9726-cdb3372b0b07,557,0,0,0,19,0,1,1,1,1789954626
2026-09-21T01:38:18+00:00,2026-09-21T01:39:12.866310+00:00,f8351649-0de8-11e7-991c-3863bb43a7d0,183,3,1,0,16,0,1,1,1,1789954623
2026-09-21T01:38:18+00:00,2026-09-21T01:39:12.866310+00:00,f834e75d-0de8-11e7-991c-3863bb43a7d0,129,6,0,0,12,1,1,1,1,1789954628
2026-09-21T01:38:18+00:00,2026-09-21T01:39:12.866310+00:00,38706d8c-8d4b-49f7-b6ed-7688449db261,463,5,0,0,14,0,1,1,1,1789954629
2026-09-21T01:38:18+00:00,2026-09-21T01:39:12.866310+00:00,f8349599-0de8-11e7-991c-3863bb43a7d0,71,2,0,1,20,0,1,1,1,1789954629
2026-09-21T01:38:18+00:00,2026-09-21T01:39:12.866310+00:00,f8350129-0de8-11e7-991c-3863bb43a7d0,149,9,3,0,9,0,1,1,1,1789954630
2026-09-21T01:38:18+00:00,2026-09-21T01:39:12.866310+00:00,f834f036-0de8-11e7-991c-3863bb43a7d0,133,18,0,0,4,0,1,1,1,1789954627
2026-09-21T01:38:18+00:00,2026-09-21T01:39:12.866310+00:00,1999644268058967024,1999644268058967024,15,1,0,9,0,1,1,1,1789954632
2026-09-21T01:38:18+00:00,2026-09-21T01:39:12.866310+00:00,2261583246847893606,2261583246847893606,14,2,0,5,0,1,1,1,1789954637
2026-09-21T01:38:18+00:00,2026-09-21T01:39:12.866310+00:00,f8350199-0de8-11e7-991c-3863bb43a7d0,150,12,0,0,7,0,1,1,1,1789954637
2026-09-21T01:38:18+00:00,2026-09-21T01:39:12.866310+00:00,f834c5c9-0de8-11e7-991c-3863bb43a7d0,110,4,2,2,9,0,1,1,1,1789954638
2026-09-21T01:38:18+00:00,2026-09-21T01:39:12.866310+00:00,f8351791-0de8-11e7-991c-3863bb43a7d0,186,15,3,0,0,0,1,1,1,1789954637
2026-09-21T01:38:18+00:00,2026-09-21T01:39:12.866310+00:00,f606593b-3d07-40f2-bc6d-a0eb96588e44,456,5,1,0,13,0,1,1,1,1789954633
2026-09-21T01:38:18+00:00,2026-09-21T01:39:12.866310+00:00,f834a67b-0de8-11e7-991c-3863bb43a7d0,89,9,0,0,10,0,1,1,1,1789954633
2026-09-21T01:38:18+00:00,2026-09-21T01:39:12.866310+00:00,f8348598-0de8-11e7-991c-3863bb43a7d0,49,0,0,0,18,0,1,1,1,1789954636
2026-09-21T01:38:18+00:00,2026-09-21T01:39:12.866310+00:00,f834b1ed-0de8-11e7-991c-3863bb43a7d0,99,13,2,0,2,0,1,1,1,1789954636
2026-09-21T01:38:18+00:00,2026-09-21T01:39:12.866310+00:00,800bde2c-51df-497c-ac2d-bc3a8c00c164,800bde2c-51df-497c-ac2d-bc3a8c00c164,14,3,0,1,0,1,1,1,1789954634
2026-09-21T01:38:18+00:00,2026-09-21T01:39:12.866310+00:00,4b5de733-9353-4873-9dc2-9558b3cb063a,393,6,2,0,9,0,1,1,1,1789954641
2026-09-21T01:38:18+00:00,2026-09-21T01:39:12.866310+00:00,e519df41-c4d7-403a-9afa-a5dd7cdd2d03,536,6,2,0,12,0,1,1,1,1789954642
2026-09-21T01:38:18+00:00,2026-09-21T01:39:12.866310+00:00,5410aac7-2ec0-47b6-b728-b99c5137b463,5410aac7-2ec0-47b6-b728-b99c5137b463,9,5,0,2,0,1,1,1,1789954643
2026-09-21T01:38:18+00:00,2026-09-21T01:39:12.866310+00:00,f834cb89-0de8-11e7-991c-3863bb43a7d0,115,14,2,0,5,0,1,1,1,1789954640
2026-09-21T01:38:18+00:00,2026-09-21T01:39:12.866310+00:00,9fef6df2-7f8f-43fc-a85b-7dd5453860f9,437,18,3,0,0,0,1,1,1,1789954644
2026-09-21T01:38:18+00:00,2026-09-21T01:39:12.866310+00:00,2219705277630124418,2219705277630124418,9,1,0,6,0,1,1,1,1789954642
2026-09-21T01:38:18+00:00,2026-09-21T01:39:12.866310+00:00,1997031876360597884,1997031876360597884,7,6,0,4,0,1,1,1,1789954642
2026-09-21T01:38:18+00:00,2026-09-21T01:39:12.866310+00:00,625f105e-4407-4988-9095-d1979cbda5e1,234,16,6,1,2,0,1,1,1,1789954642
2026-09-21T01:38:18+00:00,2026-09-21T01:39:12.866310+00:00,2149920539832638004,2149920539832638004,11,2,0,4,0,1,1,1,1789954648
2026-09-21T01:38:18+00:00,2026-09-21T01:39:12.866310+00:00,cad0e759-b605-458a-b772-768dcce81dc6,372,2,0,0,17,0,1,1,1,1789954648
2026-09-21T01:38:18+00:00,2026-09-21T01:39:12.866310+00:00,25d6f87f-7025-48c5-b202-f91511a4ae19,25d6f87f-7025-48c5-b202-f91511a4ae19,12,0,0,7,0,1,1,1,1789954650
2026-09-21T01:38:18+00:00,2026-09-21T01:39:12.866310+00:00,b44b7c3d-c054-4591-92a9-3b96d86050ab,b44b7c3d-c054-4591-92a9-3b96d86050ab,5,2,0,6,0,1,1,1,1789954650
2026-09-21T01:38:18+00:00,2026-09-21T01:39:12.866310+00:00,f8352973-0de8-11e7-991c-3863bb43a7d0,210,1,0,0,14,0,1,1,1,1789954646
2026-09-21T01:38:18+00:00,2026-09-21T01:39:12.866310+00:00,f8346e51-0de8-11e7-991c-3863bb43a7d0,17,8,1,2,5,0,1,1,1,1789954647
2026-09-21T01:38:18+00:00,2026-09-21T01:39:12.866310+00:00,2036412579943670600,2036412579943670600,4,0,1,7,0,1,1,1,1789954653
2026-09-21T01:38:18+00:00,2026-09-21T01:39:12.866310+00:00,8e7c1984-dc81-43b0-a0d3-58c6de45225a,465,5,1,0,6,0,1,1,1,1789954654
2026-09-21T01:38:18+00:00,2026-09-21T01:39:12.866310+00:00,acb27827-d69a-4287-b132-3f529ca62ad2,427,15,10,0,4,0,1,1,1,1789954655
2026-09-21T01:38:18+00:00,2026-09-21T01:39:12.866310+00:00,f834fcbe-0de8-11e7-991c-3863bb43a7d0,141,4,0,0,11,0,1,1,1,1789954652
2026-09-21T01:38:18+00:00,2026-09-21T01:39:12.866310+00:00,ec4e1168-25dc-4929-b17b-e4ae578dd888,425,1,0,0,15,0,1,1,1,1789954653
2026-09-21T01:38:18+00:00,2026-09-21T01:39:12.866310+00:00,5d17f129-af8c-4f30-bc58-6a8279052772,543,4,0,0,15,0,1,1,1,1789954653
2026-09-21T01:38:18+00:00,2026-09-21T01:39:12.866310+00:00,2110566771130438288,2110566771130438288,11,4,0,5,0,1,1,1,1789954653
2026-09-21T01:38:18+00:00,2026-09-21T01:39:12.866310+00:00,2039387081833476178,2039387081833476178,4,2,0,16,0,1,1,1,1789954654
2026-09-21T01:38:18+00:00,2026-09-21T01:39:12.866310+00:00,f8346dbd-0de8-11e7-991c-3863bb43a7d0,16,0,0,0,19,0,1,1,1,1789954655
2026-09-21T01:38:18+00:00,2026-09-21T01:39:12.866310+00:00,a825b55d-3ab3-481f-9c50-d3a7313e6843,228,2,0,1,16,0,1,1,1,1789954650
2026-09-21T01:38:18+00:00,2026-09-21T01:39:12.866310+00:00,e4d5271f-5f76-401b-b7f0-c8dce3c26f10,462,7,3,0,4,0,1,1,1,1789954651
2026-09-21T01:38:18+00:00,2026-09-21T01:39:12.866310+00:00,f834a1de-0de8-11e7-991c-3863bb43a7d0,84,2,1,1,12,0,1,1,1,1789954661
2026-09-21T01:38:18+00:00,2026-09-21T01:39:12.866310+00:00,2126567695528519906,2126567695528519906,2,0,0,18,0,1,1,1,1789954651
2026-09-21T01:38:18+00:00,2026-09-21T01:39:12.866310+00:00,ea00f276-26dc-48ee-b2c8-6e56fd632a2d,272,12,3,0,7,0,1,1,1,1789954661
2026-09-21T01:38:18+00:00,2026-09-21T01:39:12.866310+00:00,2124664048772581794,2124664048772581794,2,0,0,9,0,1,1,1,1789954662
2026-09-21T01:38:18+00:00,2026-09-21T01:39:12.866310+00:00,8d535c23-f186-4161-aa10-17e94be6d4ae,436,8,0,0,6,1,1,1,1,1789954659
2026-09-21T01:38:18+00:00,2026-09-21T01:39:12.866310+00:00,133d159e-a202-4310-910f-eca392fe181e,398,3,0,0,16,0,1,1,1,1789954658
2026-09-21T01:38:18+00:00,2026-09-21T01:39:12.866310+00:00,1ef5abb2-5af9-41f2-a0dd-1e44278ad9f1,502,0,0,0,11,0,1,1,1,1789954660
2026-09-21T01:38:18+00:00,2026-09-21T01:39:12.866310+00:00,2127634714741013228,2127634714741013228,16,3,1,7,0,1,1,1,1789954660
2026-09-21T01:38:18+00:00,2026-09-21T01:39:12.866310+00:00,4d953f0f-13b5-4b3d-b2da-342003ff7cba,4d953f0f-13b5-4b3d-b2da-342003ff7cba,5,3,0,6,0,1,1,1,1789954661
2026-09-21T01:38:18+00:00,2026-09-21T01:39:12.866310+00:00,6cec3afa-554c-466f-8323-5c619fe0ddc6,6cec3afa-554c-466f-8323-5c619fe0ddc6,9,5,0,2,0,1,1,1,1789954662
2026-09-21T01:38:18+00:00,2026-09-21T01:39:12.866310+00:00,2220033166406469278,2220033166406469278,10,3,0,5,0,1,1,1,1789954663
2026-09-21T01:38:18+00:00,2026-09-21T01:39:12.866310+00:00,1999639508813492766,1999639508813492766,1,0,0,19,0,1,1,1,1789954663
2026-09-21T01:38:18+00:00,2026-09-21T01:39:12.866310+00:00,829fa5a8-cc88-4ab2-9f34-b481aaa1612e,259,8,3,0,7,0,1,1,1,1789954664
2026-09-21T01:38:18+00:00,2026-09-21T01:39:12.866310+00:00,f834b183-0de8-11e7-991c-3863bb43a7d0,98,10,3,2,10,0,1,1,1,1789954665
2026-09-21T01:38:18+00:00,2026-09-21T01:39:12.866310+00:00,f8350d30-0de8-11e7-991c-3863bb43a7d0,163,3,0,0,16,0,1,1,1,1789954665
2026-09-21T01:38:18+00:00,2026-09-21T01:39:12.866310+00:00,f834d34b-0de8-11e7-991c-3863bb43a7d0,120,19,0,0,20,0,1,1,1,1789954666
2026-09-21T01:38:18+00:00,2026-09-21T01:39:12.866310+00:00,f83466c6-0de8-11e7-991c-3863bb43a7d0,6,7,1,1,6,0,1,1,1,1789954662
2026-09-21T01:38:18+00:00,2026-09-21T01:39:12.866310+00:00,2027855476515070160,2027855476515070160,8,0,0,19,0,1,1,1,1789954664
2026-09-21T01:38:18+00:00,2026-09-21T01:39:12.866310+00:00,f835244e-0de8-11e7-991c-3863bb43a7d0,202,7,1,0,8,0,1,1,1,1789954664
2026-09-21T01:38:18+00:00,2026-09-21T01:39:12.866310+00:00,f83493c0-0de8-11e7-991c-3863bb43a7d0,67,9,1,2,13,0,1,1,1,1789954568
2026-09-21T01:38:18+00:00,2026-09-21T01:39:12.866310+00:00,2438d052-2cd6-4fba-83c9-39f46cb59398,2438d052-2cd6-4fba-83c9-39f46cb59398,10,2,0,9,0,1,1,1,1789954568
2026-09-21T01:38:18+00:00,2026-09-21T01:39:12.866310+00:00,e335fa7c-7adf-4360-9bfa-76b18124a56f,541,7,3,0,4,0,1,1,1,1789954568
2026-09-21T01:38:18+00:00,2026-09-21T01:39:12.866310+00:00,f8347a8b-0de8-11e7-991c-3863bb43a7d0,29,6,0,0,13,0,1,1,1,1789954572
2026-09-21T01:38:18+00:00,2026-09-21T01:39:12.866310+00:00,768433a9-fc30-4485-b136-22d6f8a96f1c,768433a9-fc30-4485-b136-22d6f8a96f1c,6,5,0,5,0,1,1,1,1789954573
2026-09-21T01:38:18+00:00,2026-09-21T01:39:12.866310+00:00,f7d416f8-4377-4019-bba7-302dc1d5a11d,391,8,0,2,5,0,1,1,1,1789954581
2026-09-21T01:38:18+00:00,2026-09-21T01:39:12.866310+00:00,2113559364250874028,2113559364250874028,8,1,0,7,0,1,1,1,1789954577
2026-09-21T01:38:18+00:00,2026-09-21T01:39:12.866310+00:00,199f3d59-e726-4549-b9c1-4dfc8a343fdb,508,7,5,0,4,0,1,1,1,1789954578
2026-09-21T01:38:18+00:00,2026-09-21T01:39:12.866310+00:00,1ef9964d-47ac-4cd4-916e-7c006fa1e605,339,13,5,0,2,0,1,1,1,1789954585
2026-09-21T01:38:18+00:00,2026-09-21T01:39:12.866310+00:00,aefc33cd-40b9-48da-8b87-415428816bdb,488,3,0,0,13,0,1,1,1,1789954582
2026-09-21T01:38:18+00:00,2026-09-21T01:39:12.866310+00:00,f8351f87-0de8-11e7-991c-3863bb43a7d0,192,0,0,0,19,0,1,1,1,1789954584
2026-09-21T01:38:18+00:00,2026-09-21T01:39:12.866310+00:00,eed9e64f-f09d-43c1-aa31-da968c66750a,368,10,3,0,5,0,1,1,1,1789954586
2026-09-21T01:38:18+00:00,2026-09-21T01:39:12.866310+00:00,986068c4-d11a-465a-b8d0-bd0960c57f51,986068c4-d11a-465a-b8d0-bd0960c57f51,13,1,1,0,0,1,1,1,1789954585
2026-09-21T01:38:18+00:00,2026-09-21T01:39:12.866310+00:00,f8351569-0de8-11e7-991c-3863bb43a7d0,181,18,4,0,1,0,1,1,1,1789954590
2026-09-21T01:38:18+00:00,2026-09-21T01:39:12.866310+00:00,f834b928-0de8-11e7-991c-3863bb43a7d0,106,9,6,0,5,0,1,1,1,1789954588
2026-09-21T01:38:18+00:00,2026-09-21T01:39:12.866310+00:00,f8347002-0de8-11e7-991c-3863bb43a7d0,20,4,1,0,19,0,1,1,1,1789954592
2026-09-21T01:38:18+00:00,2026-09-21T01:39:12.866310+00:00,25489822-e43a-4704-b2a8-d905b78ba77c,389,8,3,0,6,0,1,1,1,1789954591
2026-09-21T01:38:18+00:00,2026-09-21T01:39:12.866310+00:00,2127252912986958612,2127252912986958612,5,2,1,9,0,1,1,1,1789954597
2026-09-21T01:38:18+00:00,2026-09-21T01:39:12.866310+00:00,2036103727838931110,2036103727838931110,2,0,0,9,0,1,1,1,1789954595
2026-09-21T01:38:18+00:00,2026-09-21T01:39:12.866310+00:00,f8347ba8-0de8-11e7-991c-3863bb43a7d0,31,9,0,0,10,0,1,1,1,1789954597
2026-09-21T01:38:18+00:00,2026-09-21T01:39:12.866310+00:00,918335df-fc1a-45c2-9cfc-c5e2e93aecc0,467,8,1,0,3,0,1,1,1,1789954672
2026-09-21T01:38:18+00:00,2026-09-21T01:39:12.866310+00:00,2251186911126913182,2251186911126913182,8,1,0,11,0,1,1,1,1789954673
2026-09-21T01:38:18+00:00,2026-09-21T01:39:12.866310+00:00,f834c6f5-0de8-11e7-991c-3863bb43a7d0,111,10,7,0,5,0,1,1,1,1789954673
2026-09-21T01:38:18+00:00,2026-09-21T01:39:12.866310+00:00,803a0c16-4f81-44f1-8b49-a13fcdda40c1,370,0,0,0,18,0,1,1,1,1789954673
2026-09-21T01:38:18+00:00,2026-09-21T01:39:12.866310+00:00,01d29f8c-768d-4c4f-84ca-3de966075287,469,7,2,1,3,0,1,1,1,1789954673
2026-09-21T01:38:18+00:00,2026-09-21T01:39:12.866310+00:00,1331197c-f6c6-4f4a-a29b-95e580359886,224,13,5,0,4,0,1,1,1,1789954670
2026-09-21T01:38:18+00:00,2026-09-21T01:39:12.866310+00:00,2250817396738253956,2250817396738253956,15,3,0,0,0,1,1,1,1789954670
2026-09-21T01:38:18+00:00,2026-09-21T01:39:12.866310+00:00,2363c5a3-93cc-41a2-a767-90f1826c041f,426,0,0,0,27,0,1,1,1,1789954669
2026-09-21T01:38:18+00:00,2026-09-21T01:39:12.866310+00:00,97a1e4e7-a1ff-427a-aaea-48ca0d00bf9c,348,10,2,0,5,0,1,1,1,1789954676
2026-09-21T01:38:18+00:00,2026-09-21T01:39:12.866310+00:00,15ec5783-ca7a-4225-ba51-cd0a45ecc975,15ec5783-ca7a-4225-ba51-cd0a45ecc975,7,3,0,4,0,1,1,1,1789954677
2026-09-21T01:38:18+00:00,2026-09-21T01:39:12.866310+00:00,1976640911178291400,1976640911178291400,3,0,0,8,0,1,1,1,1789954673
2026-09-21T01:38:18+00:00,2026-09-21T01:39:12.866310+00:00,82b41ffb-e284-4e4d-b22a-0cad2bfd4bee,443,0,0,0,19,0,1,1,1,1789954679
2026-09-21T01:38:18+00:00,2026-09-21T01:39:12.866310+00:00,2031175112202687108,2031175112202687108,0,0,0,16,0,1,1,1,1789954679
2026-09-21T01:38:18+00:00,2026-09-21T01:39:12.866310+00:00,2089808297152151688,2089808297152151688,11,6,0,1,0,1,1,1,1789954679
2026-09-21T01:38:18+00:00,2026-09-21T01:39:12.866310+00:00,d1a5e406-718c-44b9-b9dd-e63605b888aa,555,11,9,0,3,0,1,1,1,1789954677
2026-09-21T01:38:18+00:00,2026-09-21T01:39:12.866310+00:00,f83473ea-0de8-11e7-991c-3863bb43a7d0,27,7,1,0,15,0,1,1,1,1789954677
2026-09-21T01:38:18+00:00,2026-09-21T01:39:12.866310+00:00,8bc42f7f-753d-4cca-a7d6-0d7c2530ea2c,364,14,0,1,4,0,1,1,1,1789954673
2026-09-21T01:38:18+00:00,2026-09-21T01:39:12.866310+00:00,88b35b6d-f355-44dc-b85e-ed2eb1bc9099,406,13,2,1,5,0,1,1,1,1789954677
2026-09-21T01:38:18+00:00,2026-09-21T01:39:12.866310+00:00,f8349070-0de8-11e7-991c-3863bb43a7d0,61,6,0,0,13,0,1,1,1,1789954678
2026-09-21T01:38:18+00:00,2026-09-21T01:39:12.866310+00:00,2134720099473744344,2134720099473744344,0,0,0,21,0,1,1,1,1789954681
2026-09-21T01:38:18+00:00,2026-09-21T01:39:12.866310+00:00,1991921362058752616,1991921362058752616,0,0,0,20,0,1,1,1,1789954683
2026-09-21T01:38:18+00:00,2026-09-21T01:39:12.866310+00:00,f8347ded-0de8-11e7-991c-3863bb43a7d0,35,0,0,0,31,0,1,1,1,1789954683
2026-09-21T01:38:18+00:00,2026-09-21T01:39:12.866310+00:00,569f4952-5a25-4394-a419-f9c4d9cca6f3,495,19,4,0,0,0,1,1,1,1789954685
2026-09-21T01:38:18+00:00,2026-09-21T01:39:12.866310+00:00,52ca4d94-587f-4a61-a298-a1a755e73bfb,362,17,1,0,2,0,1,1,1,1789954687
2026-09-21T01:38:18+00:00,2026-09-21T01:39:12.866310+00:00,77c1736c-a609-4453-94f7-8e4253a8193c,474,9,3,0,2,0,1,1,1,1789954687
2026-09-21T01:38:18+00:00,2026-09-21T01:39:12.866310+00:00,f834a2a8-0de8-11e7-991c-3863bb43a7d0,85,12,2,0,7,0,1,1,1,1789954687
2026-09-21T01:38:18+00:00,2026-09-21T01:39:12.866310+00:00,1976280681456741062,1976280681456741062,3,3,0,8,0,1,1,1,1789954687
2026-09-21T01:38:18+00:00,2026-09-21T01:39:12.866310+00:00,f834916a-0de8-11e7-991c-3863bb43a7d0,63,6,2,0,9,0,1,1,1,1789954688
2026-09-21T01:38:18+00:00,2026-09-21T01:39:12.866310+00:00,9b0aff89-5242-475e-b03b-87c3c3bf51bb,477,6,4,1,12,0,1,1,1,1789954688
2026-09-21T01:38:18+00:00,2026-09-21T01:39:12.866310+00:00,2129149628430547474,2129149628430547474,4,2,0,12,0,1,1,1,1789954688
2026-09-21T01:38:18+00:00,2026-09-21T01:39:12.866310+00:00,2074236051937964826,2074236051937964826,11,2,0,5,0,1,1,1,1789954456
2026-09-21T01:38:18+00:00,2026-09-21T01:39:12.866310+00:00,f8351ff1-0de8-11e7-991c-3863bb43a7d0,193,10,0,2,3,0,1,1,1,1789954577
2026-09-21T01:38:18+00:00,2026-09-21T01:39:12.866310+00:00,a3b94ed8-8301-4ec6-baf2-64ac493b5106,529,2,2,1,13,0,1,1,1,1789954576
2026-09-21T01:38:18+00:00,2026-09-21T01:39:12.866310+00:00,4764641e-b080-4c70-a1e1-049de81e09d0,273,8,2,0,32,0,1,1,1,1789954578
2026-09-21T01:38:18+00:00,2026-09-21T01:39:12.866310+00:00,3dbbb3cb-b52d-46f8-8f9c-db11e83d081c,327,9,1,0,6,0,1,1,1,1789954579
2026-09-21T01:38:18+00:00,2026-09-21T01:39:12.866310+00:00,f8349672-0de8-11e7-991c-3863bb43a7d0,72,3,0,0,20,0,1,1,1,1789954583
2026-09-21T01:38:18+00:00,2026-09-21T01:39:12.866310+00:00,f83472d3-0de8-11e7-991c-3863bb43a7d0,25,12,1,0,3,0,1,1,1,1789954427
2026-09-21T01:38:18+00:00,2026-09-21T01:39:12.866310+00:00,609c2f06-310e-4134-8dd2-3d23aa41487b,609c2f06-310e-4134-8dd2-3d23aa41487b,21,5,0,1,0,1,1,1,1789954582
2026-09-21T01:38:18+00:00,2026-09-21T01:39:12.866310+00:00,2111332861978124760,2111332861978124760,5,2,1,10,0,1,1,1,1789954560
2026-09-21T01:38:18+00:00,2026-09-21T01:39:12.866310+00:00,d81e16e2-a410-4a0b-b5ae-b72748fc9781,d81e16e2-a410-4a0b-b5ae-b72748fc9781,17,5,0,2,0,1,1,1,1789954586
2026-09-21T01:38:18+00:00,2026-09-21T01:39:12.866310+00:00,f834db9b-0de8-11e7-991c-3863bb43a7d0,121,10,5,2,5,0,1,1,1,1789954587
2026-09-21T01:38:18+00:00,2026-09-21T01:39:12.866310+00:00,2136546016037880534,2136546016037880534,2,0,1,12,0,1,1,1,1789954584
2026-09-21T01:38:18+00:00,2026-09-21T01:39:12.866310+00:00,be7e7068-b85f-42c1-8ea1-e1d64e531323,be7e7068-b85f-42c1-8ea1-e1d64e531323,8,0,1,6,0,1,1,1,1789954597
2026-09-21T01:38:18+00:00,2026-09-21T01:39:12.866310+00:00,25cc602a-152a-4abe-9df8-a131d0a5d94b,235,11,0,0,4,0,1,1,1,1789954599
2026-09-21T01:38:18+00:00,2026-09-21T01:39:12.866310+00:00,8b703219-1e16-4ba1-9f46-2b7030c7849a,360,12,1,0,3,0,1,1,1,1789954596
2026-09-21T01:38:18+00:00,2026-09-21T01:39:12.866310+00:00,b5894555-30a3-46db-918a-fdeb083d6001,336,15,1,0,0,0,1,1,1,1789954596
2026-09-21T01:38:18+00:00,2026-09-21T01:39:12.866310+00:00,f8346a3c-0de8-11e7-991c-3863bb43a7d0,10,3,0,2,6,0,1,1,1,1789954595
2026-09-21T01:38:18+00:00,2026-09-21T01:39:12.866310+00:00,f834923d-0de8-11e7-991c-3863bb43a7d0,65,12,0,0,7,0,1,1,1,1789954603
2026-09-21T01:38:18+00:00,2026-09-21T01:39:12.866310+00:00,3c837bc0-fd08-49c4-adf5-0e9a98e918a7,524,9,4,0,5,0,1,1,1,1789954600
2026-09-21T01:38:18+00:00,2026-09-21T01:39:12.866310+00:00,2002247509585342522,2002247509585342522,9,2,0,2,0,1,1,1,1789954604
2026-09-21T01:38:18+00:00,2026-09-21T01:39:12.866310+00:00,f8352a4d-0de8-11e7-991c-3863bb43a7d0,212,7,1,1,24,0,1,1,1,1789954602
2026-09-21T01:38:18+00:00,2026-09-21T01:39:12.866310+00:00,2120986392451359068,2120986392451359068,8,2,0,11,0,1,1,1,1789954624
2026-09-21T01:38:18+00:00,2026-09-21T01:39:12.866310+00:00,a51b429f-bf06-425a-b3fe-b3155aa6468c,a51b429f-bf06-425a-b3fe-b3155aa6468c,8,3,3,0,0,1,1,1,1789954620
2026-09-21T01:38:18+00:00,2026-09-21T01:39:12.866310+00:00,b0b8e427-7203-4844-9c70-129e08a74452,347,2,1,0,13,0,1,1,1,1789954623
2026-09-21T01:38:18+00:00,2026-09-21T01:39:12.866310+00:00,2126939746529359956,2126939746529359956,4,0,0,15,0,1,1,1,1789954621
2026-09-21T01:38:18+00:00,2026-09-21T01:39:12.866310+00:00,a439fff7-8630-464c-b277-efca6f6bc664,531,8,3,0,6,0,1,1,1,1789954615
2026-09-21T01:38:18+00:00,2026-09-21T01:39:12.866310+00:00,2115804056935012722,2115804056935012722,5,0,0,14,0,1,1,1,1789954615
2026-09-21T01:38:18+00:00,2026-09-21T01:39:12.866310+00:00,a9bc314b-a3fd-46e5-a63b-f005258bba5f,a9bc314b-a3fd-46e5-a63b-f005258bba5f,1,0,0,17,0,1,1,1,1789954612
2026-09-21T01:38:18+00:00,2026-09-21T01:39:12.866310+00:00,3b158c7a-a362-43ae-af1f-121b78be32d7,483,12,1,0,5,0,1,1,1,1789954619
2026-09-21T01:38:18+00:00,2026-09-21T01:39:12.866310+00:00,1963273678015717438,1963273678015717438,2,0,0,17,0,1,1,1,1789954618
2026-09-21T01:38:18+00:00,2026-09-21T01:39:12.866310+00:00,f834d064-0de8-11e7-991c-3863bb43a7d0,118,17,6,1,1,0,1,1,1,1789954615
2026-09-21T01:38:18+00:00,2026-09-21T01:39:12.866310+00:00,2256120653476329202,2256120653476329202,8,1,0,7,0,1,1,1,1789954619
2026-09-21T01:38:18+00:00,2026-09-21T01:39:12.866310+00:00,f8349d6e-0de8-11e7-991c-3863bb43a7d0,79,4,2,0,14,0,1,1,1,1789954639
2026-09-21T01:38:18+00:00,2026-09-21T01:39:12.866310+00:00,f836bc28-36a7-4ca6-bba6-0d75333d84bb,538,14,2,0,5,0,1,1,1,1789954638
2026-09-21T01:38:18+00:00,2026-09-21T01:39:12.866310+00:00,2253794653988522864,2253794653988522864,18,1,1,0,0,1,1,1,1789954630
2026-09-21T01:38:18+00:00,2026-09-21T01:39:12.866310+00:00,f8349de4-0de8-11e7-991c-3863bb43a7d0,80,4,1,1,29,0,1,1,1,1789954639
2026-09-21T01:38:18+00:00,2026-09-21T01:39:12.866310+00:00,f83487f0-0de8-11e7-991c-3863bb43a7d0,54,1,0,0,14,0,1,1,1,1789954642
2026-09-21T01:38:18+00:00,2026-09-21T01:39:12.866310+00:00,66763558-7a03-48a9-8665-6b4445b81f48,458,4,0,0,11,0,1,1,1,1789954643
2026-09-21T01:38:18+00:00,2026-09-21T01:39:12.866310+00:00,2113560016964645240,2113560016964645240,15,0,0,4,0,1,1,1,1789954643
2026-09-21T01:38:18+00:00,2026-09-21T01:39:12.866310+00:00,50cc3c7f-50ed-4c70-b483-c89f3f47c938,491,7,2,0,12,0,1,1,1,1789954644
2026-09-21T01:38:18+00:00,2026-09-21T01:39:12.866310+00:00,f8350be5-0de8-11e7-991c-3863bb43a7d0,160,4,0,0,10,0,1,1,1,1789954642
2026-09-21T01:38:18+00:00,2026-09-21T01:39:12.866310+00:00,f8352306-0de8-11e7-991c-3863bb43a7d0,199,4,1,0,11,0,1,1,1,1789954590
2026-09-21T01:38:18+00:00,2026-09-21T01:39:12.866310+00:00,57caf362-1e8b-46aa-9ee3-82341c405ab0,271,11,1,0,4,0,1,1,1,1789954605
2026-09-21T01:38:18+00:00,2026-09-21T01:39:12.866310+00:00,f834b652-0de8-11e7-991c-3863bb43a7d0,104,2,1,1,12,0,1,1,1,1789954609
2026-09-21T01:38:18+00:00,2026-09-21T01:39:12.866310+00:00,f834b50a-0de8-11e7-991c-3863bb43a7d0,102,14,3,0,0,0,1,1,1,1789954610
2026-09-21T01:38:18+00:00,2026-09-21T01:39:12.866310+00:00,2223046412750968128,2223046412750968128,0,0,0,19,0,1,1,1,1789954605
2026-09-21T01:38:18+00:00,2026-09-21T01:39:12.866310+00:00,dd8dee9d-d044-41d6-9371-8463cf9c671b,526,7,3,0,8,0,1,1,1,1789954624
2026-09-21T01:38:18+00:00,2026-09-21T01:39:12.866310+00:00,31382324-2931-491a-827a-40149e45afee,232,5,1,1,5,0,1,1,1,1789954625
2026-09-21T01:38:18+00:00,2026-09-21T01:39:12.866310+00:00,f8352150-0de8-11e7-991c-3863bb43a7d0,196,5,0,1,4,0,1,1,1,1789954630
2026-09-21T01:38:18+00:00,2026-09-21T01:39:12.866310+00:00,2171110977443594588,2171110977443594588,5,2,0,10,0,1,1,1,1789954629
2026-09-21T01:38:18+00:00,2026-09-21T01:39:12.866310+00:00,f8348924-0de8-11e7-991c-3863bb43a7d0,57,8,0,0,6,0,1,1,1,1789954628
2026-09-21T01:38:18+00:00,2026-09-21T01:39:12.866310+00:00,f1cafe36-f800-41f6-b74d-73953cb6394c,471,8,0,1,18,0,1,1,1,1789954631
2026-09-21T01:38:18+00:00,2026-09-21T01:39:12.866310+00:00,3f4f4ad4-a715-43d5-828f-f8381f26b66a,390,10,4,0,5,0,1,1,1,1789954650
2026-09-21T01:38:18+00:00,2026-09-21T01:39:12.866310+00:00,f835141c-0de8-11e7-991c-3863bb43a7d0,178,17,5,0,1,0,1,1,1,1789954647
2026-09-21T01:38:18+00:00,2026-09-21T01:39:12.866310+00:00,fbb9b58c-2b92-4bcf-8e4c-a982e40d2f39,221,14,4,0,5,0,1,1,1,1789954649
2026-09-21T01:38:18+00:00,2026-09-21T01:39:12.866310+00:00,1984021766354634770,1984021766354634770,11,1,0,8,0,1,1,1,1789954644
2026-09-21T01:38:18+00:00,2026-09-21T01:39:12.866310+00:00,4caf6e93-ddd7-4b6f-9e61-f9df1206ac92,4caf6e93-ddd7-4b6f-9e61-f9df1206ac92,17,3,1,1,0,1,1,1,1789954645
2026-09-21T01:38:18+00:00,2026-09-21T01:39:12.866310+00:00,2fded452-cbd0-4248-b008-f8a61ed9a85f,2fded452-cbd0-4248-b008-f8a61ed9a85f,3,0,0,12,0,1,1,1,1789954648
2026-09-21T01:38:18+00:00,2026-09-21T01:39:12.866310+00:00,f8352c1a-0de8-11e7-991c-3863bb43a7d0,216,19,0,0,0,0,1,1,1,1789954658
2026-09-21T01:38:18+00:00,2026-09-21T01:39:12.866310+00:00,ee0fa23e-a6c2-474d-a6ef-bf581d63f1ae,ee0fa23e-a6c2-474d-a6ef-bf581d63f1ae,11,7,0,0,0,1,1,1,1789954659
2026-09-21T01:38:18+00:00,2026-09-21T01:39:12.866310+00:00,0cb6d635-6a7d-4d75-89b4-36b12616be12,432,13,7,0,6,0,1,1,1,1789954653
2026-09-21T01:38:18+00:00,2026-09-21T01:39:12.866310+00:00,f8351e42-0de8-11e7-991c-3863bb43a7d0,189,12,12,0,11,0,1,1,1,1789954655
2026-09-21T01:38:18+00:00,2026-09-21T01:39:12.866310+00:00,f4a64c30-b97f-4ae5-b531-a11698b558d7,562,7,0,0,2,0,1,1,1,1789954657
2026-09-21T01:38:18+00:00,2026-09-21T01:39:12.866310+00:00,f8348781-0de8-11e7-991c-3863bb43a7d0,53,6,0,2,11,0,1,1,1,1789954656
2026-09-21T01:38:18+00:00,2026-09-21T01:39:12.866310+00:00,3de6e5da-9702-4623-8683-26abd98012a8,525,7,1,0,5,0,1,1,1,1789954667
2026-09-21T01:38:18+00:00,2026-09-21T01:39:12.866310+00:00,af066ffd-b892-434f-8532-1982fc408780,480,2,0,1,8,0,1,1,1,1789954665
2026-09-21T01:38:18+00:00,2026-09-21T01:39:12.866310+00:00,dd008e3c-ff17-4c82-abe0-502272a62425,558,11,1,0,6,0,1,1,1,1789954664
2026-09-21T01:38:18+00:00,2026-09-21T01:39:12.866310+00:00,c98f50f6-1901-4c64-b164-8cf33245e022,282,15,1,1,2,0,1,1,1,1789954665
2026-09-21T01:38:18+00:00,2026-09-21T01:39:12.866310+00:00,2158217922577811100,2158217922577811100,6,0,0,13,0,1,1,1,1789954665
2026-09-21T01:38:18+00:00,2026-09-21T01:39:12.866310+00:00,2012646293885032702,2012646293885032702,13,0,1,10,0,1,1,1,1789954669
2026-09-21T01:38:18+00:00,2026-09-21T01:39:12.866310+00:00,68323451-daf0-4532-a6cb-b070e3ef358f,68323451-daf0-4532-a6cb-b070e3ef358f,1,1,0,18,0,1,1,1,1789954668
2026-09-21T01:38:18+00:00,2026-09-21T01:39:12.866310+00:00,2100948177843249670,2100948177843249670,5,1,0,6,0,1,1,1,1789954661
2026-09-21T01:38:18+00:00,2026-09-21T01:39:12.866310+00:00,f834fda2-0de8-11e7-991c-3863bb43a7d0,143,17,0,1,5,0,1,1,1,1789954661
2026-09-21T01:38:18+00:00,2026-09-21T01:39:12.866310+00:00,a9d13461-7f0f-47b0-9a97-8ec9e9792865,533,10,3,0,9,0,1,1,1,1789954651
2026-09-21T01:38:18+00:00,2026-09-21T01:39:12.866310+00:00,dd05a440-f881-410c-a071-864da11c634a,318,2,1,1,16,0,1,1,1,1789954652
2026-09-21T01:38:18+00:00,2026-09-21T01:39:12.866310+00:00,910f1452-dbeb-4e69-b226-71b2d7e85715,910f1452-dbeb-4e69-b226-71b2d7e85715,4,2,1,5,0,1,1,1,1789954659
2026-09-21T01:38:18+00:00,2026-09-21T01:39:12.866310+00:00,082262bd-086b-46c7-83ce-eed2b39142ff,416,11,2,0,4,0,1,1,1,1789954660
2026-09-21T01:38:18+00:00,2026-09-21T01:39:12.866310+00:00,2079440939380771716,2079440939380771716,4,1,0,7,0,1,1,1,1789954661
2026-09-21T01:38:18+00:00,2026-09-21T01:39:12.866310+00:00,1206f5c8-7d1f-4c32-9d65-f3e80186fbde,511,10,10,1,8,0,1,1,1,1789954662
2026-09-21T01:38:18+00:00,2026-09-21T01:39:12.866310+00:00,f834ffc9-0de8-11e7-991c-3863bb43a7d0,146,16,1,0,3,0,1,1,1,1789954675
2026-09-21T01:38:18+00:00,2026-09-21T01:39:12.866310+00:00,f8348857-0de8-11e7-991c-3863bb43a7d0,55,8,0,0,7,0,1,1,1,1789954675
2026-09-21T01:38:18+00:00,2026-09-21T01:39:12.866310+00:00,f8346c01-0de8-11e7-991c-3863bb43a7d0,13,0,0,0,19,0,1,1,1,1789954675
2026-09-21T01:38:18+00:00,2026-09-21T01:39:12.866310+00:00,8f51f8f1-ecb8-4cd3-8529-296a03140c51,8f51f8f1-ecb8-4cd3-8529-296a03140c51,3,0,0,16,0,1,1,1,1789954675
2026-09-21T01:38:18+00:00,2026-09-21T01:39:12.866310+00:00,dc770287-c70c-43ea-a635-39f3dc6b09cd,dc770287-c70c-43ea-a635-39f3dc6b09cd,2,1,0,9,0,1,1,1,1789954672
2026-09-21T01:38:18+00:00,2026-09-21T01:39:12.866310+00:00,13681246-4bf8-444a-a908-fa165e4ad298,329,9,3,0,6,0,1,1,1,1789954669
2026-09-21T01:38:18+00:00,2026-09-21T01:39:12.866310+00:00,f8350c56-0de8-11e7-991c-3863bb43a7d0,161,19,5,0,4,0,1,1,1,1789954631
2026-09-21T01:38:18+00:00,2026-09-21T01:39:12.866310+00:00,f835259f-0de8-11e7-991c-3863bb43a7d0,205,3,3,0,12,0,1,1,1,1789954670
2026-09-21T01:38:18+00:00,2026-09-21T01:39:12.866310+00:00,e49a5b83-2c9c-4610-a48b-89cfea172c8f,504,10,3,1,0,0,1,1,1,1789954673
2026-09-21T01:38:18+00:00,2026-09-21T01:39:12.866310+00:00,2080157934789007958,2080157934789007958,17,3,0,2,0,1,1,1,1789954679
2026-09-21T01:38:18+00:00,2026-09-21T01:39:12.866310+00:00,f835027c-0de8-11e7-991c-3863bb43a7d0,152,13,0,0,14,0,1,1,1,1789954677
2026-09-21T01:38:18+00:00,2026-09-21T01:39:12.866310+00:00,634b697d-0e64-4102-8849-abac7a7f8e35,455,11,5,0,1,0,1,1,1,1789954678
2026-09-21T01:38:18+00:00,2026-09-21T01:39:12.866310+00:00,e3f5d039-a49e-4b3b-ab4d-4efbef2068c6,e3f5d039-a49e-4b3b-ab4d-4efbef2068c6,11,4,1,11,0,1,1,1,1789954678
2026-09-21T01:38:18+00:00,2026-09-21T01:39:12.866310+00:00,f834a32d-0de8-11e7-991c-3863bb43a7d0,86,10,0,3,12,0,1,1,1,1789954681
2026-09-21T01:38:18+00:00,2026-09-21T01:39:12.866310+00:00,3a6d94a7-9fee-41c5-b8cc-a8487c5e691b,549,0,0,0,23,0,1,1,1,1789954681
2026-09-21T01:38:18+00:00,2026-09-21T01:39:12.866310+00:00,c935cfb1-ef73-402e-9b86-83aaaac6534d,478,17,2,0,2,0,1,1,1,1789954681
2026-09-21T01:38:18+00:00,2026-09-21T01:39:12.866310+00:00,1994461916590643872,1994461916590643872,11,9,0,0,0,1,1,1,1789954678
2026-09-21T01:38:18+00:00,2026-09-21T01:39:12.866310+00:00,2035765531590062506,2035765531590062506,8,8,1,1,1,1,1,1,1789954679
2026-09-21T01:38:18+00:00,2026-09-21T01:39:12.866310+00:00,2248987790637065652,2248987790637065652,11,4,0,1,0,1,1,1,1789954679
2026-09-21T01:38:18+00:00,2026-09-21T01:39:12.866310+00:00,7dd0fc98-c1dd-4c93-9c1d-4bbdf5f93346,473,10,6,0,4,0,1,1,1,1789954679
2026-09-21T01:38:18+00:00,2026-09-21T01:39:12.866310+00:00,2071724371800490690,2071724371800490690,12,0,0,8,0,1,1,1,1789954680
2026-09-21T01:38:18+00:00,2026-09-21T01:39:12.866310+00:00,2124668538068359456,2124668538068359456,9,0,1,9,0,1,1,1,1789954682
2026-09-21T01:38:18+00:00,2026-09-21T01:39:12.866310+00:00,efd724b2-31cb-4aec-b9d9-8ab79271630c,493,9,0,0,8,0,1,1,1,1789954682
2026-09-21T01:38:18+00:00,2026-09-21T01:39:12.866310+00:00,1e3beeb4-f8e1-452c-93e5-48df78d4b313,334,15,1,0,3,0,1,1,1,1789954681
2026-09-21T01:38:18+00:00,2026-09-21T01:39:12.866310+00:00,ee18dbd6-05b8-4d38-a120-f84c3499a77e,519,7,3,1,2,0,1,1,1,1789954683
2026-09-21T01:38:18+00:00,2026-09-21T01:39:12.866310+00:00,fae99a0c-e88a-4112-94d8-f655cf34e651,fae99a0c-e88a-4112-94d8-f655cf34e651,1,0,0,18,0,1,1,1,1789954685
2026-09-21T01:38:18+00:00,2026-09-21T01:39:12.866310+00:00,f834ff5a-0de8-11e7-991c-3863bb43a7d0,145,11,1,0,8,0,1,1,1,1789954685
2026-09-21T01:38:18+00:00,2026-09-21T01:39:12.866310+00:00,2004828637786472956,2004828637786472956,18,3,0,1,0,1,1,1,1789954682
2026-09-21T01:38:18+00:00,2026-09-21T01:39:12.866310+00:00,0bc49982-74e9-4bbf-9991-e3d809d6319e,530,12,2,0,7,0,1,1,1,1789954684
2026-09-21T01:38:18+00:00,2026-09-21T01:39:12.866310+00:00,f8353277-0de8-11e7-991c-3863bb43a7d0,218,1,0,0,14,0,1,1,1,1789954686
2026-09-21T01:38:18+00:00,2026-09-21T01:39:12.866310+00:00,f834fb66-0de8-11e7-991c-3863bb43a7d0,139,15,1,1,3,0,1,1,1,1789954686
2026-09-21T01:38:18+00:00,2026-09-21T01:39:12.866310+00:00,2131714490587826928,2131714490587826928,16,6,0,0,0,1,1,1,1789954683
2026-09-21T01:38:18+00:00,2026-09-21T01:39:12.866310+00:00,1961066392414132348,1961066392414132348,11,6,0,8,0,1,1,1,1789954687
2026-09-21T01:38:18+00:00,2026-09-21T01:39:12.866310+00:00,f8348021-0de8-11e7-991c-3863bb43a7d0,39,19,2,0,8,0,1,1,1,1789954687
2026-09-21T01:38:18+00:00,2026-09-21T01:39:12.866310+00:00,f8347361-0de8-11e7-991c-3863bb43a7d0,26,15,0,0,0,0,1,1,1,1789954688
2026-09-21T01:38:18+00:00,2026-09-21T01:39:12.866310+00:00,f83514f9-0de8-11e7-991c-3863bb43a7d0,180,9,1,1,9,0,1,1,1,1789954688
2026-09-21T01:38:18+00:00,2026-09-21T01:39:12.866310+00:00,7c860828-3359-4229-b59b-963f5a4bab00,236,0,0,5,0,0,1,0,0,1789928561
2026-09-21T01:38:18+00:00,2026-09-21T01:39:12.866310+00:00,2007420398783036020,2007420398783036020,2,0,0,18,0,1,1,1,1789954611
2026-09-21T01:38:18+00:00,2026-09-21T01:39:12.866310+00:00,bd1755dc-f26c-420e-85b3-fd025d0b5445,554,12,2,1,2,0,1,1,1,1789954612
2026-09-21T01:38:18+00:00,2026-09-21T01:39:12.866310+00:00,7feae3ce-ddf2-4a45-a123-1209c8a9182b,484,5,3,0,6,0,1,1,1,1789954630
2026-09-21T01:38:18+00:00,2026-09-21T01:39:12.866310+00:00,2104f242-2dde-4ec0-8197-4454b1021ac1,381,18,6,0,5,1,1,1,1,1789954627
2026-09-21T01:38:18+00:00,2026-09-21T01:39:12.866310+00:00,74cb9bf6-bb53-4c70-88d2-67998b99628c,296,20,3,1,2,0,1,1,1,1789954627
2026-09-21T01:38:18+00:00,2026-09-21T01:39:12.866310+00:00,1942556871369959976,1942556871369959976,4,4,0,15,0,1,1,1,1789954628
2026-09-21T01:38:18+00:00,2026-09-21T01:39:12.866310+00:00,186accbb-6a08-4e1d-b267-9033c4443a56,401,13,5,1,1,0,1,1,1,1789954638
2026-09-21T01:38:18+00:00,2026-09-21T01:39:12.866310+00:00,ed6c012e-6d6c-41e7-8e01-90749fd67575,546,6,3,0,9,1,1,1,1,1789954638
2026-09-21T01:38:18+00:00,2026-09-21T01:39:12.866310+00:00,9cc65d3d-cfcc-45ff-8f75-7264556b1cf9,9cc65d3d-cfcc-45ff-8f75-7264556b1cf9,18,1,0,1,0,1,1,1,1789954637
2026-09-21T01:38:18+00:00,2026-09-21T01:39:12.866310+00:00,9340e113-e0b2-48ac-b58a-8b6f001b0a94,486,6,3,1,4,0,1,1,1,1789954638
2026-09-21T01:38:18+00:00,2026-09-21T01:39:12.866310+00:00,a75d3da1-ce74-447f-8e80-52506a81aff3,a75d3da1-ce74-447f-8e80-52506a81aff3,3,0,0,8,0,1,1,1,1789954640
2026-09-21T01:38:18+00:00,2026-09-21T01:39:12.866310+00:00,0daf7408-7a15-4d2b-8c39-f1a097cdbe85,403,15,3,0,0,0,1,1,1,1789954644
2026-09-21T01:38:18+00:00,2026-09-21T01:39:12.866310+00:00,2014558273483754010,2014558273483754010,7,0,1,11,0,1,1,1,1789954645
2026-09-21T01:38:18+00:00,2026-09-21T01:39:12.866310+00:00,f83480a9-0de8-11e7-991c-3863bb43a7d0,40,9,3,1,21,0,1,1,1,1789954645
2026-09-21T01:38:18+00:00,2026-09-21T01:39:12.866310+00:00,f8349e56-0de8-11e7-991c-3863bb43a7d0,81,11,0,1,7,0,1,1,1,1789954645
2026-09-21T01:38:18+00:00,2026-09-21T01:39:12.866310+00:00,be18593a-9e4c-4a13-8bb2-a5bac3d9b2b3,547,2,0,1,15,0,1,1,1,1789954644
2026-09-21T01:38:18+00:00,2026-09-21T01:39:12.866310+00:00,2096125468116637776,2096125468116637776,13,0,0,2,0,1,1,1,1789954644
2026-09-21T01:38:18+00:00,2026-09-21T01:39:12.866310+00:00,f83512c9-0de8-11e7-991c-3863bb43a7d0,175,11,1,0,6,0,1,1,1,1789954643
2026-09-21T01:38:18+00:00,2026-09-21T01:39:12.866310+00:00,8347c34d-68df-404b-ac58-7a387cc3ce4b,414,21,1,0,2,0,1,1,1,1789954646
2026-09-21T01:38:18+00:00,2026-09-21T01:39:12.866310+00:00,2254164250455119196,2254164250455119196,7,1,0,8,0,1,1,1,1789954646
2026-09-21T01:38:18+00:00,2026-09-21T01:39:12.866310+00:00,c202f2ca-ec1d-4dc5-a734-e0a342f23ba4,279,15,3,0,8,0,1,1,1,1789954647
2026-09-21T01:38:18+00:00,2026-09-21T01:39:12.866310+00:00,065e0e5d-8a0d-49b7-9c1f-c8eaba51a8b4,490,16,5,1,1,0,1,1,1,1789954650
2026-09-21T01:38:18+00:00,2026-09-21T01:39:12.866310+00:00,f835260c-0de8-11e7-991c-3863bb43a7d0,206,2,0,0,38,0,1,1,1,1789954651
2026-09-21T01:38:18+00:00,2026-09-21T01:39:12.866310+00:00,2151136782588526782,2151136782588526782,3,0,0,8,0,1,1,1,1789954647
2026-09-21T01:38:18+00:00,2026-09-21T01:39:12.866310+00:00,f834ec42-0de8-11e7-991c-3863bb43a7d0,131,12,1,2,4,0,1,1,1,1789954649
2026-09-21T01:38:18+00:00,2026-09-21T01:39:12.866310+00:00,bd3d4824-7203-4edc-a314-cea2b413e886,319,2,0,0,24,1,1,1,1,1789954649
2026-09-21T01:38:18+00:00,2026-09-21T01:39:12.866310+00:00,2002248857751890568,2002248857751890568,3,1,0,8,0,1,1,1,1789954649
2026-09-21T01:38:18+00:00,2026-09-21T01:39:12.866310+00:00,f83471a1-0de8-11e7-991c-3863bb43a7d0,23,9,0,0,16,0,1,1,1,1789954649
2026-09-21T01:38:18+00:00,2026-09-21T01:39:12.866310+00:00,f834dedf-0de8-11e7-991c-3863bb43a7d0,124,11,0,0,3,0,1,1,1,1789954649
2026-09-21T01:38:18+00:00,2026-09-21T01:39:12.866310+00:00,eee3aab6-bd98-4d1f-8887-9c4e2adce482,eee3aab6-bd98-4d1f-8887-9c4e2adce482,5,1,0,6,0,1,1,1,1789954569
2026-09-21T01:38:18+00:00,2026-09-21T01:39:12.866310+00:00,c5017e67-cada-4549-a52e-0f13dddd289d,424,18,0,0,1,0,1,1,1,1789954570
2026-09-21T01:38:18+00:00,2026-09-21T01:39:12.866310+00:00,1976642295079838524,1976642295079838524,7,6,0,3,0,1,1,1,1789954578
2026-09-21T01:38:18+00:00,2026-09-21T01:39:12.866310+00:00,47c44bb1-d065-41f5-ad79-c18aee60af34,342,4,2,0,11,0,1,1,1,1789954613
2026-09-21T01:38:18+00:00,2026-09-21T01:39:12.866310+00:00,12d463d2-ce50-43bd-81b1-6be4dbdbbc1b,430,10,0,0,9,0,1,1,1,1789954613
2026-09-21T01:38:18+00:00,2026-09-21T01:39:12.866310+00:00,f834caf2-0de8-11e7-991c-3863bb43a7d0,114,11,1,1,3,0,1,1,1,1789954616
2026-09-21T01:38:18+00:00,2026-09-21T01:39:12.866310+00:00,2225590560002383786,2225590560002383786,0,0,0,14,0,1,1,1,1789954617
2026-09-21T01:38:18+00:00,2026-09-21T01:39:12.866310+00:00,53548ba4-ad0a-4d92-8e57-fd5c9f3ad102,399,7,0,0,8,0,1,1,1,1789954618
2026-09-21T01:38:18+00:00,2026-09-21T01:39:12.866310+00:00,9e9be067-c6bb-41de-9491-eda69d24d6de,371,11,9,0,7,1,1,1,1,1789954615
2026-09-21T01:38:18+00:00,2026-09-21T01:39:12.866310+00:00,f0f01d4c-ba4a-4ab2-9cc0-9fa1f9223300,394,4,0,0,10,0,1,1,1,1789954616
2026-09-21T01:38:18+00:00,2026-09-21T01:39:12.866310+00:00,93381e13-cd04-4e10-ac81-9f5926aa01d5,333,20,1,1,4,0,1,1,1,1789954618
2026-09-21T01:38:18+00:00,2026-09-21T01:39:12.866310+00:00,2d32e355-faee-407b-9bb7-45d80ffb059a,2d32e355-faee-407b-9bb7-45d80ffb059a,2,1,0,17,0,1,1,1,1789954625
2026-09-21T01:38:18+00:00,2026-09-21T01:39:12.866310+00:00,00802fe6-4268-4dc8-8f55-0dbbc1665ce6,515,14,1,0,5,0,1,1,1,1789954621
2026-09-21T01:38:18+00:00,2026-09-21T01:39:12.866310+00:00,f834fede-0de8-11e7-991c-3863bb43a7d0,144,3,0,0,16,0,1,1,1,1789954622
2026-09-21T01:38:18+00:00,2026-09-21T01:39:12.866310+00:00,2093488029445054742,2093488029445054742,4,0,0,24,0,1,1,1,1789954634
2026-09-21T01:38:18+00:00,2026-09-21T01:39:12.866310+00:00,2109111257926871498,2109111257926871498,11,0,3,5,0,1,1,1,1789954633
2026-09-21T01:38:18+00:00,2026-09-21T01:39:12.866310+00:00,9c8366d8-3b58-4894-b281-09e22f6fe5f7,464,7,2,0,4,0,1,1,1,1789954652
2026-09-21T01:38:18+00:00,2026-09-21T01:39:12.866310+00:00,f834ab92-0de8-11e7-991c-3863bb43a7d0,95,13,4,2,0,0,1,1,1,1789954656
2026-09-21T01:38:18+00:00,2026-09-21T01:39:12.866310+00:00,f834a3a0-0de8-11e7-991c-3863bb43a7d0,87,7,2,0,8,0,1,1,1,1789954656
2026-09-21T01:38:18+00:00,2026-09-21T01:39:12.866310+00:00,2098360140389493528,2098360140389493528,6,4,0,5,0,1,1,1,1789954661
2026-09-21T01:38:18+00:00,2026-09-21T01:39:12.866310+00:00,2002579415401984808,2002579415401984808,5,2,0,6,0,1,1,1,1789954659
2026-09-21T01:38:18+00:00,2026-09-21T01:39:12.866310+00:00,0b0467c1-0c90-4529-a556-fe4d57835bbb,435,0,0,0,15,0,1,1,1,1789954658
2026-09-21T01:38:18+00:00,2026-09-21T01:39:12.866310+00:00,2212258635631104970,2212258635631104970,9,1,0,14,0,1,1,1,1789954659
2026-09-21T01:38:18+00:00,2026-09-21T01:39:12.866310+00:00,f834824e-0de8-11e7-991c-3863bb43a7d0,43,1,1,0,14,0,1,1,1,1789954660
2026-09-21T01:38:18+00:00,2026-09-21T01:39:12.866310+00:00,f83483f3-0de8-11e7-991c-3863bb43a7d0,46,9,1,0,30,0,1,1,1,1789954661
2026-09-21T01:38:18+00:00,2026-09-21T01:39:12.866310+00:00,1989983491501558234,1989983491501558234,5,2,1,5,0,1,1,1,1789954661
2026-09-21T01:38:18+00:00,2026-09-21T01:39:12.866310+00:00,fe534b6f-61ad-47d3-b9f6-cdaa128f53a4,395,5,2,0,10,0,1,1,1,1789954657
2026-09-21T01:38:18+00:00,2026-09-21T01:39:12.866310+00:00,2035660824473983142,2035660824473983142,11,0,1,6,1,1,1,1,1789954657
2026-09-21T01:38:18+00:00,2026-09-21T01:39:12.866310+00:00,f834dc46-0de8-11e7-991c-3863bb43a7d0,122,2,0,0,13,0,1,1,1,1789954583
2026-09-21T01:38:18+00:00,2026-09-21T01:39:12.866310+00:00,6e340d8e-45db-4fd9-b6eb-b74ec73b0d3e,535,2,1,0,13,0,1,1,1,1789954599
2026-09-21T01:38:18+00:00,2026-09-21T01:39:12.866310+00:00,7df1ee28-441e-44c1-8507-8f58946be96b,239,9,1,2,4,0,1,1,1,1789954600
2026-09-21T01:38:18+00:00,2026-09-21T01:39:12.866310+00:00,4f25f6ef-236b-43b4-8a92-68a24db0504b,4f25f6ef-236b-43b4-8a92-68a24db0504b,8,1,0,6,0,1,1,1,1789954600
2026-09-21T01:38:18+00:00,2026-09-21T01:39:12.866310+00:00,f8350204-0de8-11e7-991c-3863bb43a7d0,151,1,0,1,17,0,1,1,1,1789954603
2026-09-21T01:38:18+00:00,2026-09-21T01:39:12.866310+00:00,2129865213174084448,2129865213174084448,9,1,0,10,0,1,1,1,1789954607
2026-09-21T01:38:18+00:00,2026-09-21T01:39:12.866310+00:00,f8350a84-0de8-11e7-991c-3863bb43a7d0,157,0,0,0,15,0,1,1,1,1789954606
2026-09-21T01:38:18+00:00,2026-09-21T01:39:12.866310+00:00,f8351726-0de8-11e7-991c-3863bb43a7d0,185,2,1,0,13,0,1,1,1,1789954606
2026-09-21T01:38:18+00:00,2026-09-21T01:39:12.866310+00:00,2040842277416872172,2040842277416872172,14,6,1,1,0,1,1,1,1789954233
2026-09-21T01:38:18+00:00,2026-09-21T01:39:12.866310+00:00,f83489ff-0de8-11e7-991c-3863bb43a7d0,59,11,0,0,7,0,1,1,1,1789954588
2026-09-21T01:38:18+00:00,2026-09-21T01:39:12.866310+00:00,13d4171b-6d93-490e-923f-f2a17d5c7613,13d4171b-6d93-490e-923f-f2a17d5c7613,3,0,0,8,0,1,1,1,1789954590
2026-09-21T01:38:18+00:00,2026-09-21T01:39:12.866310+00:00,f8348a68-0de8-11e7-991c-3863bb43a7d0,60,1,1,1,15,0,1,1,1,1789954591
2026-09-21T01:38:18+00:00,2026-09-21T01:39:12.866310+00:00,f834ea45-0de8-11e7-991c-3863bb43a7d0,130,10,7,0,5,0,1,1,1,1789954591
2026-09-21T01:38:18+00:00,2026-09-21T01:39:12.866310+00:00,f834ba08-0de8-11e7-991c-3863bb43a7d0,108,3,1,0,14,0,1,1,1,1789954592
2026-09-21T01:38:18+00:00,2026-09-21T01:39:12.866310+00:00,c1789d39-705f-4c03-9c14-4d6a3a4f4400,561,1,0,1,17,0,1,1,1,1789954591
2026-09-21T01:38:18+00:00,2026-09-21T01:39:12.866310+00:00,ca76adb6-4c84-4484-9ec3-b411b81ddbef,ca76adb6-4c84-4484-9ec3-b411b81ddbef,9,0,0,10,0,1,1,1,1789954595
2026-09-21T01:38:18+00:00,2026-09-21T01:39:12.866310+00:00,1978882443666915710,1978882443666915710,4,0,0,13,1,1,1,1,1789954596
2026-09-21T01:38:18+00:00,2026-09-21T01:39:12.866310+00:00,1676a6f7-c417-48d2-92e8-5ce21995efc3,374,7,0,0,12,0,1,1,1,1789954597
2026-09-21T01:38:18+00:00,2026-09-21T01:39:12.866310+00:00,52485851-e554-49de-ab9f-f536806d2d34,52485851-e554-49de-ab9f-f536806d2d34,1,1,2,8,0,1,1,1,1789954597
2026-09-21T01:38:18+00:00,2026-09-21T01:39:12.866310+00:00,1a39ab83-f029-4134-aad4-35380b30bf2c,1a39ab83-f029-4134-aad4-35380b30bf2c,5,0,1,13,0,1,1,1,1789954598
2026-09-21T01:38:18+00:00,2026-09-21T01:39:12.866310+00:00,f83529e2-0de8-11e7-991c-3863bb43a7d0,211,9,0,0,6,0,1,1,1,1789954662
2026-09-21T01:38:18+00:00,2026-09-21T01:39:12.866310+00:00,2076849845777355316,2076849845777355316,2,0,0,30,0,1,1,1,1789954663
2026-09-21T01:38:18+00:00,2026-09-21T01:39:12.866310+00:00,f8351eb0-0de8-11e7-991c-3863bb43a7d0,190,10,0,0,27,0,1,1,1,1789954666
2026-09-21T01:38:18+00:00,2026-09-21T01:39:12.866310+00:00,d1c0b0c2-6e4c-424e-a946-a2a95a711633,422,7,4,0,8,0,1,1,1,1789954666
2026-09-21T01:38:18+00:00,2026-09-21T01:39:12.866310+00:00,f8349ed6-0de8-11e7-991c-3863bb43a7d0,82,14,0,1,10,0,1,1,1,1789954668
2026-09-21T01:38:18+00:00,2026-09-21T01:39:12.866310+00:00,f8352068-0de8-11e7-991c-3863bb43a7d0,194,11,4,0,8,0,1,1,1,1789954664
2026-09-21T01:38:18+00:00,2026-09-21T01:39:12.866310+00:00,f834a838-0de8-11e7-991c-3863bb43a7d0,92,4,2,1,13,0,1,1,1,1789954674
2026-09-21T01:38:18+00:00,2026-09-21T01:39:12.866310+00:00,2220822464984366036,2220822464984366036,4,4,0,7,1,1,1,1,1789954674
2026-09-21T01:38:18+00:00,2026-09-21T01:39:12.866310+00:00,f835108b-0de8-11e7-991c-3863bb43a7d0,170,6,4,1,7,0,1,1,1,1789954675
2026-09-21T01:38:18+00:00,2026-09-21T01:39:12.866310+00:00,2245672241002318634,2245672241002318634,11,1,1,6,0,1,1,1,1789954676
2026-09-21T01:38:18+00:00,2026-09-21T01:39:12.866310+00:00,a3bf0bfe-198b-4160-a2fb-cc7d10cfb4cf,a3bf0bfe-198b-4160-a2fb-cc7d10cfb4cf,13,3,1,5,0,1,1,1,1789954676
2026-09-21T01:38:18+00:00,2026-09-21T01:39:12.866310+00:00,2071630998981871920,2071630998981871920,17,1,0,3,0,1,1,1,1789954676
2026-09-21T01:38:18+00:00,2026-09-21T01:39:12.866310+00:00,12141b77-6e5f-444b-bace-2abf16db4fee,12141b77-6e5f-444b-bace-2abf16db4fee,4,2,0,7,0,1,1,1,1789954676
2026-09-21T01:38:18+00:00,2026-09-21T01:39:12.866310+00:00,f834a7d1-0de8-11e7-991c-3863bb43a7d0,91,8,1,1,10,0,1,1,1,1789954673
2026-09-21T01:38:18+00:00,2026-09-21T01:39:12.866310+00:00,81676204-e42f-4d3d-991e-9c1264f36229,357,8,1,0,7,0,1,1,1,1789954673
2026-09-21T01:38:18+00:00,2026-09-21T01:39:12.866310+00:00,f834f8ca-0de8-11e7-991c-3863bb43a7d0,137,18,9,1,0,0,1,1,1,1789954678
2026-09-21T01:38:18+00:00,2026-09-21T01:39:12.866310+00:00,2130224177726511580,2130224177726511580,12,1,0,3,0,1,1,1,1789954679
2026-09-21T01:38:18+00:00,2026-09-21T01:39:12.866310+00:00,c23a4c0d-7e43-4042-80e2-7c894d07763b,559,11,2,0,0,0,1,1,1,1789954678
2026-09-21T01:38:18+00:00,2026-09-21T01:39:12.866310+00:00,e32c0bb9-e85b-4764-b0fb-5c582cfd3a90,340,17,6,0,2,0,1,1,1,1789954677
2026-09-21T01:38:18+00:00,2026-09-21T01:39:12.866310+00:00,4fe8e777-345b-4fc2-a684-dd874e8186d8,4fe8e777-345b-4fc2-a684-dd874e8186d8,8,1,0,7,0,1,1,1,1789954677
2026-09-21T01:38:18+00:00,2026-09-21T01:39:12.866310+00:00,eb8824c3-9c84-4fec-8d6f-d537c8ab3beb,349,5,0,0,12,0,1,1,1,1789954630
2026-09-21T01:38:18+00:00,2026-09-21T01:39:12.866310+00:00,f714390d-6874-43fa-a079-a07f83c79c7b,f714390d-6874-43fa-a079-a07f83c79c7b,1,1,0,10,0,1,1,1,1789954672
2026-09-21T01:38:18+00:00,2026-09-21T01:39:12.866310+00:00,a83f982f-a4f1-43e4-98e8-c8f4a0bb7290,452,10,2,2,3,0,1,1,1,1789954673
2026-09-21T01:38:18+00:00,2026-09-21T01:39:12.866310+00:00,5bbdd12f-fec4-4741-9d5d-4a60834c5d02,377,17,3,0,1,0,1,1,1,1789954665
2026-09-21T01:38:18+00:00,2026-09-21T01:39:12.866310+00:00,2038981933682610536,2038981933682610536,8,5,2,5,1,1,1,1,1789954665
2026-09-21T01:38:18+00:00,2026-09-21T01:39:12.866310+00:00,f83520d8-0de8-11e7-991c-3863bb43a7d0,195,15,2,0,8,0,1,1,1,1789954671
2026-09-21T01:38:18+00:00,2026-09-21T01:39:12.866310+00:00,2131760674371160748,2131760674371160748,10,0,0,10,0,1,1,1,1789954671
2026-09-21T01:38:18+00:00,2026-09-21T01:39:12.866310+00:00,81bfc33b-30d8-4881-b261-712715a8b2bc,363,13,2,0,5,0,1,1,1,1789954671
2026-09-21T01:38:18+00:00,2026-09-21T01:39:12.866310+00:00,ad2fb6f2-921f-440c-83de-08be76e35c2a,468,10,0,0,5,0,1,1,1,1789954671
2026-09-21T01:38:18+00:00,2026-09-21T01:39:12.866310+00:00,2212663228188806942,2212663228188806942,7,1,0,17,0,1,1,1,1789954653
2026-09-21T01:38:18+00:00,2026-09-21T01:39:12.866310+00:00,9f582e05-15e0-4a39-aef5-c719e0c78e26,466,2,1,2,7,0,1,1,1,1789954680
2026-09-21T01:38:18+00:00,2026-09-21T01:39:12.866310+00:00,2118368356250680236,2118368356250680236,1,1,0,15,0,1,1,1,1789954681
2026-09-21T01:38:18+00:00,2026-09-21T01:39:12.866310+00:00,2249419943962214726,2249419943962214726,8,0,2,9,0,1,1,1,1789954679
2026-09-21T01:38:18+00:00,2026-09-21T01:39:12.866310+00:00,f8347b1e-0de8-11e7-991c-3863bb43a7d0,30,1,0,0,14,0,1,1,1,1789954679
2026-09-21T01:38:18+00:00,2026-09-21T01:39:12.866310+00:00,f83515d8-0de8-11e7-991c-3863bb43a7d0,182,11,0,1,7,0,1,1,1,1789954679
2026-09-21T01:38:18+00:00,2026-09-21T01:39:12.866310+00:00,4c128753-6fde-4d4c-896e-a1adf89ada98,4c128753-6fde-4d4c-896e-a1adf89ada98,0,0,0,25,0,1,1,1,1789954679
2026-09-21T01:38:18+00:00,2026-09-21T01:39:12.866310+00:00,f8351490-0de8-11e7-991c-3863bb43a7d0,179,48,9,5,0,0,1,1,1,1789954679
2026-09-21T01:38:18+00:00,2026-09-21T01:39:12.866310+00:00,228b8017-e4da-4722-9223-b8279a14b8ad,448,3,0,0,7,0,1,1,1,1789954682
2026-09-21T01:38:18+00:00,2026-09-21T01:39:12.866310+00:00,f8352378-0de8-11e7-991c-3863bb43a7d0,200,12,1,0,7,0,1,1,1,1789954682
2026-09-21T01:38:18+00:00,2026-09-21T01:39:12.866310+00:00,5f8ced09-665c-41e5-b67e-1e58fac21830,521,1,0,1,9,0,1,1,1,1789954680
2026-09-21T01:38:18+00:00,2026-09-21T01:39:12.866310+00:00,f83481c5-0de8-11e7-991c-3863bb43a7d0,42,1,0,0,30,0,1,1,1,1789954680
2026-09-21T01:38:18+00:00,2026-09-21T01:39:12.866310+00:00,e2c306f6-82c7-4d0d-89fd-c9452d2f9ad1,361,29,1,1,12,0,1,1,1,1789954683
2026-09-21T01:38:18+00:00,2026-09-21T01:39:12.866310+00:00,f834b99d-0de8-11e7-991c-3863bb43a7d0,107,1,0,0,18,0,1,1,1,1789954684
2026-09-21T01:38:18+00:00,2026-09-21T01:39:12.866310+00:00,2123672938202825324,2123672938202825324,5,0,0,10,0,1,1,1,1789954684
2026-09-21T01:38:18+00:00,2026-09-21T01:39:12.866310+00:00,f8352ac4-0de8-11e7-991c-3863bb43a7d0,213,6,0,0,8,0,1,1,1,1789954684
2026-09-21T01:38:18+00:00,2026-09-21T01:39:12.866310+00:00,fe6a64e7-c712-404c-85ae-ee77a37245b1,355,13,0,1,3,0,1,1,1,1789954684
2026-09-21T01:38:18+00:00,2026-09-21T01:39:12.866310+00:00,f8285d4f-5053-4e26-bb28-72016fe11353,405,10,2,0,9,0,1,1,1,1789954685
2026-09-21T01:38:18+00:00,2026-09-21T01:39:12.866310+00:00,403c0f6c-d01a-4171-a7be-3aa4dbb0d7d1,407,15,10,0,3,0,1,1,1,1789954685
2026-09-21T01:38:18+00:00,2026-09-21T01:39:12.866310+00:00,f834fc57-0de8-11e7-991c-3863bb43a7d0,140,7,1,0,10,0,1,1,1,1789954685
2026-09-21T01:38:18+00:00,2026-09-21T01:39:12.866310+00:00,1921360868231155718,1921360868231155718,2,0,0,17,0,1,1,1,1789954686
2026-09-21T01:38:18+00:00,2026-09-21T01:39:12.866310+00:00,f8346f6f-0de8-11e7-991c-3863bb43a7d0,19,10,4,1,5,0,1,1,1,1789954687
2026-09-21T01:38:18+00:00,2026-09-21T01:39:12.866310+00:00,f834658f-0de8-11e7-991c-3863bb43a7d0,4,12,0,0,7,0,1,1,1,1789954687
2026-09-21T01:38:18+00:00,2026-09-21T01:39:12.866310+00:00,42886366-9cbf-432c-ba84-beef38877c87,408,14,7,0,1,0,1,1,1,1789954686
2026-09-21T01:38:18+00:00,2026-09-21T01:39:12.866310+00:00,aa556ad4-0092-4687-96c2-8dbc69addb56,485,6,6,0,5,0,1,1,1,1789954687
2026-09-21T01:38:18+00:00,2026-09-21T01:39:12.866310+00:00,f8351dc2-0de8-11e7-991c-3863bb43a7d0,188,14,4,1,0,0,1,1,1,1789954688
2026-09-21T01:38:18+00:00,2026-09-21T01:39:12.866310+00:00,1df03e33-c105-4e53-b013-d20056cd57f8,1df03e33-c105-4e53-b013-d20056cd57f8,0,0,0,0,0,0,0,0,86400
2026-09-21T01:38:18+00:00,2026-09-21T01:39:12.866310+00:00,8983c75a-12c1-4995-aedc-24c94bd895e3,384,0,0,4,15,0,1,0,0,1789940927
2026-09-21T01:38:18+00:00,2026-09-21T01:39:12.866310+00:00,f83511d4-0de8-11e7-991c-3863bb43a7d0,173,13,1,0,1,0,1,1,1,1789954515
2026-09-21T01:38:18+00:00,2026-09-21T01:39:12.866310+00:00,f834f6a3-0de8-11e7-991c-3863bb43a7d0,135,0,0,1,16,0,1,1,1,1789954573
2026-09-21T01:38:18+00:00,2026-09-21T01:39:12.866310+00:00,f835288a-0de8-11e7-991c-3863bb43a7d0,208,13,2,0,2,0,1,1,1,1789954571
2026-09-21T01:38:18+00:00,2026-09-21T01:39:12.866310+00:00,295553ea-851b-4ac2-a094-f9d1208e399a,412,3,1,1,15,0,1,1,1,1789954570
2026-09-21T01:38:18+00:00,2026-09-21T01:39:12.866310+00:00,2080205593583047424,2080205593583047424,3,0,0,13,0,1,1,1,1789954574
2026-09-21T01:38:18+00:00,2026-09-21T01:39:12.866310+00:00,5b1d2661-8a93-4f14-b242-ebc52792f951,337,4,1,0,11,0,1,1,1,1789954572
2026-09-21T01:38:18+00:00,2026-09-21T01:39:12.866310+00:00,7f68a70d-af0e-450a-b7a8-ce621cd0c8c1,280,15,13,1,3,0,1,1,1,1789954578
2026-09-21T01:38:18+00:00,2026-09-21T01:39:12.866310+00:00,2246034666940677832,2246034666940677832,7,3,0,4,0,1,1,1,1789954576
2026-09-21T01:38:18+00:00,2026-09-21T01:39:12.866310+00:00,e4678b17-face-42c3-9b5f-98418d31e3b6,e4678b17-face-42c3-9b5f-98418d31e3b6,2,0,0,9,0,1,1,1,1789954575
2026-09-21T01:38:18+00:00,2026-09-21T01:39:12.866310+00:00,f8352219-0de8-11e7-991c-3863bb43a7d0,197,7,3,1,7,0,1,1,1,1789954628
2026-09-21T01:38:18+00:00,2026-09-21T01:39:12.866310+00:00,1e1b40cd-8e00-4b74-b147-be6b23f5c9e7,385,4,1,0,11,0,1,1,1,1789954627
2026-09-21T01:38:18+00:00,2026-09-21T01:39:12.866310+00:00,1986302395589722758,1986302395589722758,2,0,0,8,0,1,1,1,1789954628
2026-09-21T01:38:18+00:00,2026-09-21T01:39:12.866310+00:00,f834723b-0de8-11e7-991c-3863bb43a7d0,24,1,0,0,22,0,1,1,1,1789954629
2026-09-21T01:38:18+00:00,2026-09-21T01:39:12.866310+00:00,f8350ecf-0de8-11e7-991c-3863bb43a7d0,167,3,2,0,12,0,1,1,1,1789954625
2026-09-21T01:38:18+00:00,2026-09-21T01:39:12.866310+00:00,2014865445230483952,2014865445230483952,14,0,0,2,0,1,1,1,1789954600
2026-09-21T01:38:18+00:00,2026-09-21T01:39:12.866310+00:00,1965873511294959658,1965873511294959658,7,0,0,16,0,1,1,1,1789954599
2026-09-21T01:38:18+00:00,2026-09-21T01:39:12.866310+00:00,fbc512a5-4b98-4821-bcfb-bb0c7ac83543,365,14,4,0,5,0,1,1,1,1789954599
2026-09-21T01:38:18+00:00,2026-09-21T01:39:12.866310+00:00,f8349440-0de8-11e7-991c-3863bb43a7d0,68,1,0,2,16,0,1,1,1,1789954592
2026-09-21T01:38:18+00:00,2026-09-21T01:39:12.866310+00:00,f834a959-0de8-11e7-991c-3863bb43a7d0,94,7,5,0,4,0,1,1,1,1789954594
2026-09-21T01:38:18+00:00,2026-09-21T01:39:12.866310+00:00,f83488be-0de8-11e7-991c-3863bb43a7d0,56,7,0,0,11,0,1,1,1,1789954595
2026-09-21T01:38:18+00:00,2026-09-21T01:39:12.866310+00:00,2145094035874873892,2145094035874873892,15,1,0,4,0,1,1,1,1789954594
2026-09-21T01:38:18+00:00,2026-09-21T01:39:12.866310+00:00,1cced911-b428-4cfd-81be-3a8f77ce7379,233,14,1,1,0,0,1,1,1,1789954606
2026-09-21T01:38:18+00:00,2026-09-21T01:39:12.866310+00:00,8a404180-7c2e-4dbe-9489-c478ed959282,8a404180-7c2e-4dbe-9489-c478ed959282,11,1,0,8,0,1,1,1,1789954604
2026-09-21T01:38:18+00:00,2026-09-21T01:39:12.866310+00:00,68e5e79a-3c94-4848-b619-9c0829d7f687,475,7,3,0,8,0,1,1,1,1789954602
2026-09-21T01:38:18+00:00,2026-09-21T01:39:12.866310+00:00,f834cfd8-0de8-11e7-991c-3863bb43a7d0,117,9,1,0,8,0,1,1,1,1789954603
2026-09-21T01:38:18+00:00,2026-09-21T01:39:12.866310+00:00,f83492b4-0de8-11e7-991c-3863bb43a7d0,66,14,2,1,0,0,1,1,1,1789954611
2026-09-21T01:38:18+00:00,2026-09-21T01:39:12.866310+00:00,dede6d5f-7d62-496e-a8ca-d5a64afe39c1,544,11,0,0,4,0,1,1,1,1789954618
2026-09-21T01:38:18+00:00,2026-09-21T01:39:12.866310+00:00,2088704000370565344,2088704000370565344,6,5,1,5,0,1,1,1,1789954618
2026-09-21T01:38:18+00:00,2026-09-21T01:39:12.866310+00:00,c5cfd1ed-aa44-4e20-96bb-e334c96f0d68,376,6,1,1,8,0,1,1,1,1789954612
2026-09-21T01:38:18+00:00,2026-09-21T01:39:12.866310+00:00,aa964f5b-fadf-4fc1-8c91-84ee36e15f0d,341,2,1,0,13,0,1,1,1,1789954615
2026-09-21T01:38:18+00:00,2026-09-21T01:39:12.866310+00:00,23146f28-9762-4a6d-a6db-fcd4ff0e5d07,356,10,0,2,11,0,1,1,1,1789954617
2026-09-21T01:38:18+00:00,2026-09-21T01:39:12.866310+00:00,f83497b9-0de8-11e7-991c-3863bb43a7d0,74,3,2,0,15,0,1,1,1,1789954620
2026-09-21T01:38:18+00:00,2026-09-21T01:39:12.866310+00:00,7560f0e3-267b-4fb3-bbfa-6e02010cfcb7,225,15,2,1,3,0,1,1,1,1789954619
2026-09-21T01:38:18+00:00,2026-09-21T01:39:12.866310+00:00,61168d8b-20b7-46c8-8f08-6ae1f100c4e0,550,8,4,0,9,0,1,1,1,1789954619
2026-09-21T01:38:18+00:00,2026-09-21T01:39:12.866310+00:00,f8346803-0de8-11e7-991c-3863bb43a7d0,8,0,0,2,17,0,1,1,1,1789954584
2026-09-21T01:38:18+00:00,2026-09-21T01:39:12.866310+00:00,d5349097-b478-4b3f-9c46-d8fbcf38e3f4,509,5,0,1,6,0,1,1,1,1789954580
2026-09-21T01:38:18+00:00,2026-09-21T01:39:12.866310+00:00,f8349b20-0de8-11e7-991c-3863bb43a7d0,76,1,0,0,16,0,1,1,1,1789954582
2026-09-21T01:38:18+00:00,2026-09-21T01:39:12.866310+00:00,f8350cc1-0de8-11e7-991c-3863bb43a7d0,162,8,2,0,7,0,1,1,1,1789954586
2026-09-21T01:38:18+00:00,2026-09-21T01:39:12.866310+00:00,f834e534-0de8-11e7-991c-3863bb43a7d0,128,17,4,0,2,0,1,1,1,1789954589
2026-09-21T01:38:18+00:00,2026-09-21T01:39:12.866310+00:00,f834a8a0-0de8-11e7-991c-3863bb43a7d0,93,3,1,1,28,0,1,1,1,1789954589
2026-09-21T01:38:18+00:00,2026-09-21T01:39:12.866310+00:00,df03c61a-29d7-445d-9980-d7f058916591,345,1,0,0,18,0,1,1,1,1789954590
2026-09-21T01:38:18+00:00,2026-09-21T01:39:12.866310+00:00,270ad97d-035d-472a-9827-76d3187afc56,402,11,1,0,4,0,1,1,1,1789954637
2026-09-21T01:38:18+00:00,2026-09-21T01:39:12.866310+00:00,380de8b2-2728-4e4b-83f1-251bfbb5acf2,487,8,6,0,11,0,1,1,1,1789954636
2026-09-21T01:38:18+00:00,2026-09-21T01:39:12.866310+00:00,f8352534-0de8-11e7-991c-3863bb43a7d0,204,7,1,0,8,0,1,1,1,1789954634
2026-09-21T01:38:18+00:00,2026-09-21T01:39:12.866310+00:00,f83517fa-0de8-11e7-991c-3863bb43a7d0,187,11,0,0,4,0,1,1,1,1789954634
2026-09-21T01:38:18+00:00,2026-09-21T01:39:12.866310+00:00,56817d8e-3a1c-431a-a529-1a600f80c364,366,8,3,0,19,0,1,1,1,1789954638
2026-09-21T01:38:18+00:00,2026-09-21T01:39:12.866310+00:00,2119105928286481344,2119105928286481344,8,0,0,11,0,1,1,1,1789954639
2026-09-21T01:38:18+00:00,2026-09-21T01:39:12.866310+00:00,2043911250700610106,2043911250700610106,6,2,0,9,0,1,1,1,1789954635
2026-09-21T01:38:18+00:00,2026-09-21T01:39:12.866310+00:00,ccf82572-a142-4378-9a4b-5a51fcb4ef81,350,5,0,0,12,0,1,1,1,1789954639
2026-09-21T01:38:18+00:00,2026-09-21T01:39:12.866310+00:00,d22265a8-a6d7-4922-a6b5-4be738a9e5c4,392,3,0,0,12,0,1,1,1,1789954642
2026-09-21T01:38:18+00:00,2026-09-21T01:39:12.866310+00:00,baab0b05-a028-4147-8432-a2726c7e48ea,328,3,0,0,12,0,1,1,1,1789954641
2026-09-21T01:38:18+00:00,2026-09-21T01:39:12.866310+00:00,0208190e-851c-417d-8bc7-1b218db97fbf,0208190e-851c-417d-8bc7-1b218db97fbf,3,2,0,20,0,1,1,1,1789954645
2026-09-21T01:38:18+00:00,2026-09-21T01:39:12.866310+00:00,2141791438824588162,2141791438824588162,11,4,1,7,0,1,1,1,1789954645
2026-09-21T01:38:18+00:00,2026-09-21T01:39:12.866310+00:00,1a661bb7-7d14-49e9-ac3d-22bafec8a2f0,507,6,5,1,4,0,1,1,1,1789954651
2026-09-21T01:38:18+00:00,2026-09-21T01:39:12.866310+00:00,7e1dae55-4d3d-4a41-b969-2aeca70e0e69,7e1dae55-4d3d-4a41-b969-2aeca70e0e69,2,1,1,8,0,1,1,1,1789954651
2026-09-21T01:38:18+00:00,2026-09-21T01:39:12.866310+00:00,2227858849424910006,2227858849424910006,4,3,0,4,0,1,1,1,1789954649
2026-09-21T01:38:18+00:00,2026-09-21T01:39:12.866310+00:00,9721c80e-fc8f-474f-8918-b68c041d2836,9721c80e-fc8f-474f-8918-b68c041d2836,7,2,0,16,0,1,1,1,1789954649
2026-09-21T01:38:18+00:00,2026-09-21T01:39:12.866310+00:00,8d893519-bc21-4536-b346-f558988bc8ad,260,9,1,1,5,0,1,1,1,1789954649
2026-09-21T01:38:18+00:00,2026-09-21T01:39:12.866310+00:00,9bfa4a32-5598-46ea-a1a1-17b4c6ed9d84,431,4,2,0,11,0,1,1,1,1789954648
2026-09-21T01:38:18+00:00,2026-09-21T01:39:12.866310+00:00,b205d2bb-bb76-49ac-8d14-85eec5a874d3,343,5,0,0,10,0,1,1,1,1789954650
2026-09-21T01:38:18+00:00,2026-09-21T01:39:12.866310+00:00,f83491d4-0de8-11e7-991c-3863bb43a7d0,64,2,0,0,21,0,1,1,1,1789954652
2026-09-21T01:38:18+00:00,2026-09-21T01:39:12.866310+00:00,2110984374959099994,2110984374959099994,16,4,1,3,0,1,1,1,1789954653
2026-09-21T01:38:18+00:00,2026-09-21T01:39:12.866310+00:00,51bb4381-dae4-4aeb-b213-0614b807be29,344,12,2,0,7,0,1,1,1,1789954654
2026-09-21T01:38:18+00:00,2026-09-21T01:39:12.866310+00:00,ea65c25f-0718-4f79-8588-c58b9fe3a105,226,13,0,0,2,0,1,1,1,1789954654
2026-09-21T01:38:18+00:00,2026-09-21T01:39:12.866310+00:00,1994054629753598708,1994054629753598708,9,0,0,5,0,1,1,1,1789954651
2026-09-21T01:38:18+00:00,2026-09-21T01:39:12.866310+00:00,ef6ef93b-488f-496b-afbf-3aedfd967129,517,5,1,1,9,0,1,1,1,1789954651
2026-09-21T01:38:18+00:00,2026-09-21T01:39:12.866310+00:00,36f36eed-1070-49be-8b31-5676b8b3489f,227,5,1,0,14,0,1,1,1,1789954652
2026-09-21T01:38:18+00:00,2026-09-21T01:39:12.866310+00:00,f834abfd-0de8-11e7-991c-3863bb43a7d0,96,7,1,0,12,0,1,1,1,1789954655
2026-09-21T01:38:18+00:00,2026-09-21T01:39:12.866310+00:00,fe90d430-d33f-48b2-a5cd-bc161b220939,553,7,0,1,14,0,1,1,1,1789954659
2026-09-21T01:38:18+00:00,2026-09-21T01:39:12.866310+00:00,2249415127458891992,2249415127458891992,9,0,1,5,0,1,1,1,1789954659
2026-09-21T01:38:18+00:00,2026-09-21T01:39:12.866310+00:00,f8351f1d-0de8-11e7-991c-3863bb43a7d0,191,8,2,0,7,0,1,1,1,1789954662
2026-09-21T01:38:18+00:00,2026-09-21T01:39:12.866310+00:00,cf5f920f-b61d-4db0-b139-14aff04d577c,459,8,0,0,15,0,1,1,1,1789954661
2026-09-21T01:38:18+00:00,2026-09-21T01:39:12.866310+00:00,940638c5-7cd0-4a11-899e-86af3868d400,532,7,0,0,11,0,1,1,1,1789954658
2026-09-21T01:38:18+00:00,2026-09-21T01:39:12.866310+00:00,2087949096844032050,2087949096844032050,9,1,0,6,0,1,1,1,1789954659
2026-09-21T01:38:18+00:00,2026-09-21T01:39:12.866310+00:00,b34694c2-c640-4f70-b196-1c357ab798e0,b34694c2-c640-4f70-b196-1c357ab798e0,4,0,0,11,0,1,1,1,1789954662
2026-09-21T01:38:18+00:00,2026-09-21T01:39:12.866310+00:00,2027502297316997708,2027502297316997708,7,1,0,4,0,1,1,1,1789954670
2026-09-21T01:38:18+00:00,2026-09-21T01:39:12.866310+00:00,57716f8d-c9ee-4768-8872-71343ec3ffd8,514,10,10,1,8,0,1,1,1,1789954670
2026-09-21T01:38:18+00:00,2026-09-21T01:39:12.866310+00:00,f8348622-0de8-11e7-991c-3863bb43a7d0,50,0,0,0,19,0,1,1,1,1789954670
2026-09-21T01:38:18+00:00,2026-09-21T01:39:12.866310+00:00,f8347f09-0de8-11e7-991c-3863bb43a7d0,37,3,1,0,12,0,1,1,1,1789954670
2026-09-21T01:38:18+00:00,2026-09-21T01:39:12.866310+00:00,2090158541932726550,2090158541932726550,14,1,0,1,0,1,1,1,1789954670
2026-09-21T01:38:18+00:00,2026-09-21T01:39:12.866310+00:00,a6e0db4f-fc9b-42af-bfe0-36cc0259b717,446,11,2,1,4,0,1,1,1,1789954671
2026-09-21T01:38:18+00:00,2026-09-21T01:39:12.866310+00:00,f8346d23-0de8-11e7-991c-3863bb43a7d0,15,11,4,1,3,0,1,1,1,1789954669
2026-09-21T01:38:18+00:00,2026-09-21T01:39:12.866310+00:00,6aebc664-1e3c-479f-8f65-2bae99215ed3,6aebc664-1e3c-479f-8f65-2bae99215ed3,8,2,0,3,0,1,1,1,1789954672
2026-09-21T01:38:18+00:00,2026-09-21T01:39:12.866310+00:00,90330e1a-dee5-4914-9d3f-3891aeca12ca,434,11,5,0,8,0,1,1,1,1789954673
2026-09-21T01:38:18+00:00,2026-09-21T01:39:12.866310+00:00,81323081-749c-44cf-ac62-0e6c64305c32,461,7,3,0,4,0,1,1,1,1789954673
2026-09-21T01:38:18+00:00,2026-09-21T01:39:12.866310+00:00,f9524971-e9f9-4572-aebc-580e48de042f,f9524971-e9f9-4572-aebc-580e48de042f,13,1,0,6,0,1,1,1,1789954671
2026-09-21T01:38:18+00:00,2026-09-21T01:39:12.866310+00:00,1991922092203192944,1991922092203192944,0,0,0,19,0,1,1,1,1789954672
2026-09-21T01:38:18+00:00,2026-09-21T01:39:12.866310+00:00,f8352b39-0de8-11e7-991c-3863bb43a7d0,214,15,0,0,0,0,1,1,1,1789954678
2026-09-21T01:38:18+00:00,2026-09-21T01:39:12.866310+00:00,2118728866631796788,2118728866631796788,8,1,0,7,0,1,1,1,1789954678
2026-09-21T01:38:18+00:00,2026-09-21T01:39:12.866310+00:00,d8ce5f8b-2440-45e1-ab1c-23cb3bcbde84,527,4,0,0,9,0,1,1,1,1789954681
2026-09-21T01:38:18+00:00,2026-09-21T01:39:12.866310+00:00,d7507124-4cab-4063-8445-a59a33a3d6e4,512,16,8,0,3,0,1,1,1,1789954682
2026-09-21T01:38:18+00:00,2026-09-21T01:39:12.866310+00:00,f83513a7-0de8-11e7-991c-3863bb43a7d0,177,1,0,1,17,0,1,1,1,1789954682
2026-09-21T01:38:18+00:00,2026-09-21T01:39:12.866310+00:00,f8347c41-0de8-11e7-991c-3863bb43a7d0,32,13,1,1,0,0,1,1,1,1789954683
2026-09-21T01:38:18+00:00,2026-09-21T01:39:12.866310+00:00,2090635592862466836,2090635592862466836,3,1,0,27,1,1,1,1,1789954681
2026-09-21T01:38:18+00:00,2026-09-21T01:39:12.866310+00:00,ff938129-8179-455c-9ac9-9fcb9fc0b6d5,ff938129-8179-455c-9ac9-9fcb9fc0b6d5,17,3,0,2,0,1,1,1,1789954680
2026-09-21T01:38:18+00:00,2026-09-21T01:39:12.866310+00:00,f834b101-0de8-11e7-991c-3863bb43a7d0,97,12,0,3,4,0,1,1,1,1789954679
2026-09-21T01:38:18+00:00,2026-09-21T01:39:12.866310+00:00,868ccc83-99e5-4faf-96eb-e1fae26b9741,481,12,0,0,7,0,1,1,1,1789954665
2026-09-21T01:38:18+00:00,2026-09-21T01:39:12.866310+00:00,f8346ad7-0de8-11e7-991c-3863bb43a7d0,11,0,0,0,13,0,1,1,1,1789954660
2026-09-21T01:38:18+00:00,2026-09-21T01:39:12.866310+00:00,f834c7a9-0de8-11e7-991c-3863bb43a7d0,112,9,3,0,6,0,1,1,1,1789954665
2026-09-21T01:38:18+00:00,2026-09-21T01:39:12.866310+00:00,f8352ba8-0de8-11e7-991c-3863bb43a7d0,215,4,0,0,11,0,1,1,1,1789954666
2026-09-21T01:38:18+00:00,2026-09-21T01:39:12.866310+00:00,f8347ccd-0de8-11e7-991c-3863bb43a7d0,33,3,1,0,24,0,1,1,1,1789954663
2026-09-21T01:38:18+00:00,2026-09-21T01:39:12.866310+00:00,f834708e-0de8-11e7-991c-3863bb43a7d0,21,7,0,0,11,0,1,1,1,1789954665
2026-09-21T01:38:18+00:00,2026-09-21T01:39:12.866310+00:00,f834662c-0de8-11e7-991c-3863bb43a7d0,5,7,1,0,8,0,1,1,1,1789954668
2026-09-21T01:38:18+00:00,2026-09-21T01:39:12.866310+00:00,8b97606e-a849-4db8-ae9b-4009fe48d90b,556,10,0,1,8,0,1,1,1,1789954676
2026-09-21T01:38:18+00:00,2026-09-21T01:39:12.866310+00:00,b6a8522d-296d-4c05-887d-842374520780,545,7,7,0,7,0,1,1,1,1789954676
2026-09-21T01:38:18+00:00,2026-09-21T01:39:12.866310+00:00,f2b83aa2-86cd-4904-a099-74bf2023f768,330,11,1,1,2,0,1,1,1,1789954672
2026-09-21T01:38:18+00:00,2026-09-21T01:39:12.866310+00:00,48abed77-c9ba-4a39-8a5c-6a1e9bb8a9a5,48abed77-c9ba-4a39-8a5c-6a1e9bb8a9a5,12,3,0,4,0,1,1,1,1789954677
2026-09-21T01:38:18+00:00,2026-09-21T01:39:12.866310+00:00,2085737662370069102,2085737662370069102,8,5,3,9,0,1,1,1,1789954677
2026-09-21T01:38:18+00:00,2026-09-21T01:39:12.866310+00:00,f83482d2-0de8-11e7-991c-3863bb43a7d0,44,13,3,0,18,0,1,1,1,1789954677
2026-09-21T01:38:18+00:00,2026-09-21T01:39:12.866310+00:00,99675a11-a92c-465c-bf5a-434b08ba5fc6,400,16,0,3,33,0,1,1,1,1789954615
2026-09-21T01:38:18+00:00,2026-09-21T01:39:12.866310+00:00,903b9b5d-4244-43e4-8441-0d17f9a994f7,528,3,0,0,8,0,1,1,1,1789954678
2026-09-21T01:38:18+00:00,2026-09-21T01:39:12.866310+00:00,2039109354743046934,2039109354743046934,18,1,1,0,1,1,1,1,1789954683
2026-09-21T01:38:18+00:00,2026-09-21T01:39:12.866310+00:00,2259733531216984776,2259733531216984776,4,2,1,10,0,1,1,1,1789954684
2026-09-21T01:38:18+00:00,2026-09-21T01:39:12.866310+00:00,2040842870122359032,2040842870122359032,1,0,0,19,0,1,1,1,1789954685
2026-09-21T01:38:18+00:00,2026-09-21T01:39:12.866310+00:00,2085366936904166272,2085366936904166272,11,0,0,4,0,1,1,1,1789954685
2026-09-21T01:38:18+00:00,2026-09-21T01:39:12.866310+00:00,f8350b76-0de8-11e7-991c-3863bb43a7d0,159,17,2,1,2,0,1,1,1,1789954686
2026-09-21T01:38:18+00:00,2026-09-21T01:39:12.866310+00:00,2069389896750516900,2069389896750516900,5,1,0,15,0,1,1,1,1789954685
2026-09-21T01:38:18+00:00,2026-09-21T01:39:12.866310+00:00,25a9114f-66f0-427c-920f-5526ca84f056,346,6,0,1,8,0,1,1,1,1789954686
2026-09-21T01:38:18+00:00,2026-09-21T01:39:12.866310+00:00,888780ee-bf2f-474e-9622-6bc725aa1b00,888780ee-bf2f-474e-9622-6bc725aa1b00,0,0,2,9,0,1,1,1,1789954686
2026-09-21T01:38:18+00:00,2026-09-21T01:39:12.866310+00:00,f8347e78-0de8-11e7-991c-3863bb43a7d0,36,1,0,0,30,0,1,1,1,1789954688
2026-09-21T01:38:18+00:00,2026-09-21T01:39:12.866310+00:00,1994466222105870452,1994466222105870452,6,6,0,5,0,1,1,1,1789954687
2026-09-21T01:38:18+00:00,2026-09-21T01:39:12.866310+00:00,ad2cf74c-0e8c-4e15-8f19-2259e8c82f0f,404,15,0,1,0,0,1,1,1,1789954688
2026-09-21T01:38:18+00:00,2026-09-21T01:39:12.866310+00:00,f8346b6f-0de8-11e7-991c-3863bb43a7d0,12,25,0,1,1,0,1,1,1,1789954688
2026-09-21T01:38:18+00:00,2026-09-21T01:39:12.866310+00:00,f834b8b3-0de8-11e7-991c-3863bb43a7d0,105,18,0,0,1,0,1,1,1,1789954688
2026-09-21T01:38:18+00:00,2026-09-21T01:39:12.866310+00:00,1963613484180639992,1963613484180639992,6,3,0,13,0,1,1,1,1789954688
2026-09-21T01:38:18+00:00,2026-09-21T01:39:12.866310+00:00,2264176803898382980,2264176803898382980,6,1,0,5,0,1,1,1,1789954558
2026-09-21T01:38:18+00:00,2026-09-21T01:39:12.866310+00:00,5018e851-f2f3-4e18-9914-c316bbcc2c3d,331,8,0,0,7,0,1,1,1,1789954567
2026-09-21T01:38:18+00:00,2026-09-21T01:39:12.866310+00:00,103a9881-e30a-4d57-b81d-863b995ff759,255,1,0,0,14,0,1,1,1,1789954568
2026-09-21T01:38:18+00:00,2026-09-21T01:39:12.866310+00:00,b23674a7-15a8-46d2-8219-6668acecf24a,548,13,0,0,5,0,1,1,1,1789954573
2026-09-21T01:38:18+00:00,2026-09-21T01:39:12.866310+00:00,f8351336-0de8-11e7-991c-3863bb43a7d0,176,13,3,0,2,0,1,1,1,1789954573
2026-09-21T01:38:18+00:00,2026-09-21T01:39:12.866310+00:00,ff6ed364-8676-45a0-b97f-71025683849e,442,12,1,2,1,0,1,1,1,1789954581
2026-09-21T01:38:18+00:00,2026-09-21T01:39:12.866310+00:00,ba634139-d7bf-448f-aac4-25995d36b67b,373,6,5,1,8,0,1,1,1,1789954589
2026-09-21T01:38:18+00:00,2026-09-21T01:39:12.866310+00:00,2070180968009321294,2070180968009321294,9,1,0,10,2,1,1,1,1789954591
2026-09-21T01:38:18+00:00,2026-09-21T01:39:12.866310+00:00,f8348995-0de8-11e7-991c-3863bb43a7d0,58,4,2,0,15,0,1,1,1,1789954566
2026-09-21T01:38:18+00:00,2026-09-21T01:39:12.866310+00:00,2113200093114979090,2113200093114979090,7,1,0,9,0,1,1,1,1789954575
2026-09-21T01:38:18+00:00,2026-09-21T01:39:12.866310+00:00,f834b49d-0de8-11e7-991c-3863bb43a7d0,101,17,2,0,1,0,1,1,1,1789954576
2026-09-21T01:38:18+00:00,2026-09-21T01:39:12.866310+00:00,ccd6fdd4-b39e-46d7-b43c-7bacffb6bd87,523,6,2,1,10,0,1,1,1,1789954576
2026-09-21T01:38:18+00:00,2026-09-21T01:39:12.866310+00:00,f8351019-0de8-11e7-991c-3863bb43a7d0,169,16,1,1,2,0,1,1,1,1789954578
2026-09-21T01:38:18+00:00,2026-09-21T01:39:12.866310+00:00,ddcc8869-b8d4-483c-b9da-457fcebc8dc1,417,9,0,0,10,0,1,1,1,1789954579
2026-09-21T01:38:18+00:00,2026-09-21T01:39:12.866310+00:00,1975886280004030604,1975886280004030604,5,0,0,18,0,1,1,1,1789954592
2026-09-21T01:38:18+00:00,2026-09-21T01:39:12.866310+00:00,f83464e4-0de8-11e7-991c-3863bb43a7d0,3,4,0,0,11,0,1,1,1,1789954601
2026-09-21T01:38:18+00:00,2026-09-21T01:39:12.866310+00:00,533620e8-00ff-494a-b288-bd67602bc98e,472,2,0,0,23,0,1,1,1,1789954607
2026-09-21T01:38:18+00:00,2026-09-21T01:39:12.866310+00:00,53a148ca-ac69-4a9c-a986-9a4b4df2f5df,387,9,3,0,6,0,1,1,1,1789954606
2026-09-21T01:38:18+00:00,2026-09-21T01:39:12.866310+00:00,02a4416f-80b4-4472-accd-5db482ed5b6d,367,12,0,0,7,0,1,1,1,1789954604
2026-09-21T01:38:18+00:00,2026-09-21T01:39:12.866310+00:00,36a8fbc8-6069-4a29-bbfd-63a2d019c9a5,415,0,0,0,18,0,1,1,1,1789954611
2026-09-21T01:38:18+00:00,2026-09-21T01:39:12.866310+00:00,e68655be-23d3-46e5-a509-25be677e7542,482,4,1,0,7,0,1,1,1,1789954611
2026-09-21T01:38:18+00:00,2026-09-21T01:39:12.866310+00:00,2fd22786-dfeb-4126-a906-4f01802087f3,454,0,0,0,19,0,1,1,1,1789954612
2026-09-21T01:38:18+00:00,2026-09-21T01:39:12.866310+00:00,2141932795355773712,2141932795355773712,5,0,0,12,0,1,1,1,1789954607
2026-09-21T01:38:18+00:00,2026-09-21T01:39:12.866310+00:00,f8348509-0de8-11e7-991c-3863bb43a7d0,48,0,0,0,19,0,1,1,1,1789954616
2026-09-21T01:38:18+00:00,2026-09-21T01:39:12.866310+00:00,dfdaf866-b814-48e5-9bd3-eb7c4a733697,dfdaf866-b814-48e5-9bd3-eb7c4a733697,10,1,0,7,0,1,1,1,1789954615
2026-09-21T01:38:18+00:00,2026-09-21T01:39:12.866310+00:00,f834952a-0de8-11e7-991c-3863bb43a7d0,70,10,4,0,13,0,1,1,1,1789954614
2026-09-21T01:38:18+00:00,2026-09-21T01:39:12.866310+00:00,0839bb10-e876-4198-95e4-0147a561853d,258,14,1,0,1,0,1,1,1,1789954618
2026-09-21T01:38:18+00:00,2026-09-21T01:39:12.866310+00:00,2038239468396569074,2038239468396569074,10,0,1,21,0,1,1,1,1789954614
2026-09-21T01:38:18+00:00,2026-09-21T01:39:12.866310+00:00,f83510fd-0de8-11e7-991c-3863bb43a7d0,171,20,0,1,2,0,1,1,1,1789954620
2026-09-21T01:38:18+00:00,2026-09-21T01:39:12.866310+00:00,9e710d48-51c1-460e-a027-3d16bde62b13,419,10,2,0,5,0,1,1,1,1789954651
2026-09-21T01:38:18+00:00,2026-09-21T01:39:12.866310+00:00,2103549125054737064,2103549125054737064,5,0,1,10,0,1,1,1,1789954651
2026-09-21T01:38:18+00:00,2026-09-21T01:39:12.866310+00:00,2223043968513191970,2223043968513191970,5,0,0,11,0,1,1,1,1789954658
2026-09-21T01:38:18+00:00,2026-09-21T01:39:12.866310+00:00,5f726a7d-5c5d-48b1-9b13-06c77572a237,516,9,2,0,2,0,1,1,1,1789954658
2026-09-21T01:38:18+00:00,2026-09-21T01:39:12.866310+00:00,abefafdc-c772-4671-86fe-fc15a42adebb,abefafdc-c772-4671-86fe-fc15a42adebb,1,0,0,22,0,1,1,1,1789954659
2026-09-21T01:38:18+00:00,2026-09-21T01:39:12.866310+00:00,676ca473-eed6-4971-aaf3-e199a7ca335b,433,12,2,0,6,1,1,1,1,1789954659
2026-09-21T01:38:18+00:00,2026-09-21T01:39:12.866310+00:00,2107991976288962746,2107991976288962746,3,0,1,16,0,1,1,1,1789954653
2026-09-21T01:38:18+00:00,2026-09-21T01:39:12.866310+00:00,5bc7cba9-f0b0-442d-932c-e8c7927d87ce,386,7,0,0,12,0,1,1,1,1789954661
2026-09-21T01:38:18+00:00,2026-09-21T01:39:12.866310+00:00,518f6524-0e7f-454d-974e-e3ff9db1f795,494,7,1,0,4,0,1,1,1,1789954628
2026-09-21T01:38:18+00:00,2026-09-21T01:39:12.866310+00:00,a18e1e55-507e-49d8-b7c0-5c0efd959125,358,17,6,1,1,0,1,1,1,1789954629
2026-09-21T01:38:18+00:00,2026-09-21T01:39:12.866310+00:00,f8346894-0de8-11e7-991c-3863bb43a7d0,9,3,1,2,10,0,1,1,1,1789954629
2026-09-21T01:38:18+00:00,2026-09-21T01:39:12.866310+00:00,f834fd36-0de8-11e7-991c-3863bb43a7d0,142,15,2,1,7,0,1,1,1,1789954620
2026-09-21T01:38:18+00:00,2026-09-21T01:39:12.866310+00:00,f83516b8-0de8-11e7-991c-3863bb43a7d0,184,13,3,1,5,0,1,1,1,1789954630
2026-09-21T01:38:18+00:00,2026-09-21T01:39:12.866310+00:00,2071632496372113488,2071632496372113488,7,1,0,13,0,1,1,1,1789954632
2026-09-21T01:38:18+00:00,2026-09-21T01:39:12.866310+00:00,20b0b405-54ba-4a80-b89c-0819772665db,440,8,1,0,7,0,1,1,1,1789954663
2026-09-21T01:38:18+00:00,2026-09-21T01:39:12.866310+00:00,1960693490199507164,1960693490199507164,11,3,0,8,0,1,1,1,1789954666
2026-09-21T01:38:18+00:00,2026-09-21T01:39:12.866310+00:00,f83523e3-0de8-11e7-991c-3863bb43a7d0,201,13,4,0,2,0,1,1,1,1789954663
2026-09-21T01:38:18+00:00,2026-09-21T01:39:12.866310+00:00,350e73e3-6f70-4b2d-87ab-24c8629e9a6a,350e73e3-6f70-4b2d-87ab-24c8629e9a6a,15,1,0,3,1,1,1,1,1789954663
2026-09-21T01:38:18+00:00,2026-09-21T01:39:12.866310+00:00,f24a573e-ef07-4785-9270-70c443510ea6,359,2,1,0,13,0,1,1,1,1789954663
2026-09-21T01:38:18+00:00,2026-09-21T01:39:12.866310+00:00,0adccd89-1d8d-44da-9f7c-5f18acafeddf,338,5,2,1,9,0,1,1,1,1789954665
2026-09-21T01:38:18+00:00,2026-09-21T01:39:12.866310+00:00,83183df0-38c2-4ae8-a0c4-4b59599c9582,222,12,1,0,2,0,1,1,1,1789954662
2026-09-21T01:38:18+00:00,2026-09-21T01:39:12.866310+00:00,f35de2ab-979e-42d5-8cbd-dc479ed637e9,503,2,1,0,4,0,1,1,1,1789954633
2026-09-21T01:38:18+00:00,2026-09-21T01:39:12.866310+00:00,13444449-b3a8-43d2-b8b9-a59fbc59a174,397,6,0,0,9,0,1,1,1,1789954633
2026-09-21T01:38:18+00:00,2026-09-21T01:39:12.866310+00:00,2043912031919765854,2043912031919765854,1,1,0,19,0,1,1,1,1789954625
2026-09-21T01:38:18+00:00,2026-09-21T01:39:12.866310+00:00,2072145327190878794,2072145327190878794,12,3,0,12,0,1,1,1,1789954634
2026-09-21T01:38:18+00:00,2026-09-21T01:39:12.866310+00:00,f834e244-0de8-11e7-991c-3863bb43a7d0,126,10,1,1,4,0,1,1,1,1789954635
2026-09-21T01:38:18+00:00,2026-09-21T01:39:12.866310+00:00,f8352c92-0de8-11e7-991c-3863bb43a7d0,217,7,0,0,11,0,1,1,1,1789954636
2026-09-21T01:38:18+00:00,2026-09-21T01:39:12.866310+00:00,2170342425741020744,2170342425741020744,16,3,0,1,0,1,1,1,1789954635
2026-09-21T01:38:18+00:00,2026-09-21T01:39:12.866310+00:00,f834f814-0de8-11e7-991c-3863bb43a7d0,136,16,0,0,3,0,1,1,1,1789954630
2026-09-21T01:38:18+00:00,2026-09-21T01:39:12.866310+00:00,9ca92778-9101-48df-90ea-08b784e26a1a,413,14,0,1,4,0,1,1,1,1789954647
2026-09-21T01:38:18+00:00,2026-09-21T01:39:12.866310+00:00,f8348136-0de8-11e7-991c-3863bb43a7d0,41,12,6,2,13,0,1,1,1,1789954648
2026-09-21T01:38:18+00:00,2026-09-21T01:39:12.866310+00:00,f8349824-0de8-11e7-991c-3863bb43a7d0,75,9,2,1,6,0,1,1,1,1789954645
2026-09-21T01:38:18+00:00,2026-09-21T01:39:12.866310+00:00,5afe91c4-8076-4f9f-b83b-cf233bda2331,460,5,1,1,9,0,1,1,1,1789954646
2026-09-21T01:38:18+00:00,2026-09-21T01:39:12.866310+00:00,2327cb08-fa9f-459b-9ab0-1a319b0f2f4c,539,12,3,0,6,0,1,1,1,1789954645
2026-09-21T01:38:18+00:00,2026-09-21T01:39:12.866310+00:00,13918b3b-9ac5-4968-a74d-e40dd3bc952e,479,1,0,0,18,0,1,1,1,1789954646
2026-09-21T01:38:18+00:00,2026-09-21T01:39:12.866310+00:00,9f54207a-3308-43bd-b45c-9042b6389598,423,10,1,1,8,0,1,1,1,1789954646
2026-09-21T01:38:18+00:00,2026-09-21T01:39:12.866310+00:00,510239fe-69c3-458b-b53c-6ce001845f4a,354,2,1,0,13,0,1,1,1,1789954637
2026-09-21T01:38:18+00:00,2026-09-21T01:39:12.866310+00:00,2241260819676115550,2241260819676115550,0,0,0,25,0,1,1,1,1789954638
2026-09-21T01:38:18+00:00,2026-09-21T01:39:12.866310+00:00,d7ec834e-9d9a-402c-9956-7d5f42676b94,d7ec834e-9d9a-402c-9956-7d5f42676b94,7,3,0,8,0,1,1,1,1789954654
2026-09-21T01:38:18+00:00,2026-09-21T01:39:12.866310+00:00,f834b42d-0de8-11e7-991c-3863bb43a7d0,100,21,3,1,5,0,1,1,1,1789954654
2026-09-21T01:38:18+00:00,2026-09-21T01:39:12.866310+00:00,2078337213380274244,2078337213380274244,6,2,0,5,0,1,1,1,1789954653
2026-09-21T01:38:18+00:00,2026-09-21T01:39:12.866310+00:00,f8349ba9-0de8-11e7-991c-3863bb43a7d0,77,14,3,0,4,0,1,1,1,1789954640
2026-09-21T01:38:18+00:00,2026-09-21T01:39:12.866310+00:00,f8348481-0de8-11e7-991c-3863bb43a7d0,47,13,5,0,6,0,1,1,1,1789954640
2026-09-21T01:38:18+00:00,2026-09-21T01:39:12.866310+00:00,b995a0b4-fc26-4661-9bc8-e166d648edfd,353,9,2,0,6,0,1,1,1,1789954641
2026-09-21T01:38:18+00:00,2026-09-21T01:39:12.866310+00:00,bb27977d-36c1-496d-8bac-631b612dd7b8,332,11,3,4,0,0,1,1,1,1789954644
2026-09-21T01:38:18+00:00,2026-09-21T01:39:12.866310+00:00,f83486ab-0de8-11e7-991c-3863bb43a7d0,51,5,0,0,10,0,1,1,1,1789954644
2026-09-21T01:38:18+00:00,2026-09-21T01:39:12.866310+00:00,f83494b4-0de8-11e7-991c-3863bb43a7d0,69,17,6,2,0,0,1,1,1,1789954670
2026-09-21T01:38:18+00:00,2026-09-21T01:39:12.866310+00:00,93911aa1-b5e4-48aa-a2b6-38fbcf613006,93911aa1-b5e4-48aa-a2b6-38fbcf613006,12,0,0,6,0,1,1,1,1789954670
2026-09-21T01:38:18+00:00,2026-09-21T01:39:12.866310+00:00,0f554e1d-9f0f-452d-9b4a-e00aa2c5911e,492,5,0,1,9,0,1,1,1,1789954668
2026-09-21T01:38:18+00:00,2026-09-21T01:39:12.866310+00:00,f834b5d9-0de8-11e7-991c-3863bb43a7d0,103,14,0,0,1,0,1,1,1,1789954671
2026-09-21T01:38:18+00:00,2026-09-21T01:39:12.866310+00:00,2071993292066931472,2071993292066931472,1,1,0,19,0,1,1,1,1789954671
2026-09-21T01:38:18+00:00,2026-09-21T01:39:12.866310+00:00,7ec0c53c-876a-419c-a78b-4edd000bbc9a,445,14,5,0,5,0,1,1,1,1789954672
2026-09-21T01:38:18+00:00,2026-09-21T01:39:12.866310+00:00,f36e24cd-de4c-4a5e-adf4-cb97ccd2958d,505,10,7,0,1,0,1,1,1,1789954672
2026-09-21T01:38:18+00:00,2026-09-21T01:39:12.866310+00:00,2223045710883822544,2223045710883822544,7,0,0,8,0,1,1,1,1789954676
2026-09-21T01:38:18+00:00,2026-09-21T01:39:12.866310+00:00,f8346768-0de8-11e7-991c-3863bb43a7d0,7,1,0,0,14,0,1,1,1,1789954677
2026-09-21T01:38:18+00:00,2026-09-21T01:39:12.866310+00:00,2136942888571742916,2136942888571742916,1,0,0,14,0,1,1,1,1789954675
2026-09-21T01:38:18+00:00,2026-09-21T01:39:12.866310+00:00,c1ae49bd-2a20-4684-886b-ead8dd627cfd,c1ae49bd-2a20-4684-886b-ead8dd627cfd,15,0,1,0,0,1,1,1,1789954676
2026-09-21T01:38:18+00:00,2026-09-21T01:39:12.866310+00:00,40e58976-02cc-4c7c-911f-7a6c97588bfa,520,10,2,0,11,0,1,1,1,1789954675
2026-09-21T01:38:18+00:00,2026-09-21T01:39:12.866310+00:00,2111712079786088918,2111712079786088918,15,3,0,0,0,1,1,1,1789954675
2026-09-21T01:38:18+00:00,2026-09-21T01:39:12.866310+00:00,f8349745-0de8-11e7-991c-3863bb43a7d0,73,3,2,0,12,0,1,1,1,1789954677
2026-09-21T01:38:18+00:00,2026-09-21T01:39:12.866310+00:00,2029805507281123700,2029805507281123700,15,1,1,3,0,1,1,1,1789954677
2026-09-21T01:38:18+00:00,2026-09-21T01:39:12.866310+00:00,f8349c69-0de8-11e7-991c-3863bb43a7d0,78,19,2,0,0,0,1,1,1,1789954677
2026-09-21T01:38:18+00:00,2026-09-21T01:39:12.866310+00:00,ce55d1b1-4267-40a9-ad44-5eab888ce18a,ce55d1b1-4267-40a9-ad44-5eab888ce18a,0,0,0,23,0,1,1,1,1789954682
2026-09-21T01:38:18+00:00,2026-09-21T01:39:12.866310+00:00,f6df6c1a-064f-428a-951c-2069a081b9df,380,1,0,0,17,0,1,1,1,1789954683
2026-09-21T01:38:18+00:00,2026-09-21T01:39:12.866310+00:00,f834e1b2-0de8-11e7-991c-3863bb43a7d0,125,13,4,0,6,0,1,1,1,1789954682
2026-09-21T01:38:18+00:00,2026-09-21T01:39:12.866310+00:00,ef54374b-0406-4b17-b0a1-847f1d7bea06,410,6,0,0,9,0,1,1,1,1789954679
2026-09-21T01:38:18+00:00,2026-09-21T01:39:12.866310+00:00,2038619205667946906,2038619205667946906,5,0,0,15,0,1,1,1,1789954668
2026-09-21T01:38:18+00:00,2026-09-21T01:39:12.866310+00:00,2217856523888952522,2217856523888952522,12,1,0,8,0,1,1,1,1789954679
2026-09-21T01:38:18+00:00,2026-09-21T01:39:12.866310+00:00,2057166010169469732,2057166010169469732,1,0,0,14,0,1,1,1,1789954680
2026-09-21T01:38:18+00:00,2026-09-21T01:39:12.866310+00:00,f834cf45-0de8-11e7-991c-3863bb43a7d0,116,10,1,0,13,0,1,1,1,1789954681
2026-09-21T01:38:18+00:00,2026-09-21T01:39:12.866310+00:00,54d86d05-b399-42c5-a63a-a97713afc5d4,54d86d05-b399-42c5-a63a-a97713afc5d4,3,0,1,6,0,1,1,1,1789954684
2026-09-21T01:38:18+00:00,2026-09-21T01:39:12.866310+00:00,1944724820826878816,1944724820826878816,2,1,1,14,0,1,1,1,1789954685
2026-09-21T01:38:18+00:00,2026-09-21T01:39:12.866310+00:00,342a2c60-71b0-4d19-98d6-47987cf20dbc,379,8,0,0,7,0,1,1,1,1789954678
2026-09-21T01:38:18+00:00,2026-09-21T01:39:12.866310+00:00,f83524c0-0de8-11e7-991c-3863bb43a7d0,203,3,1,1,12,0,1,1,1,1789954685
2026-09-21T01:38:18+00:00,2026-09-21T01:39:12.866310+00:00,f8347118-0de8-11e7-991c-3863bb43a7d0,22,1,1,0,34,0,1,1,1,1789954686
2026-09-21T01:38:18+00:00,2026-09-21T01:39:12.866310+00:00,287aedf5-0361-47e9-9de0-14ae3b75cc0d,287aedf5-0361-47e9-9de0-14ae3b75cc0d,10,0,0,11,0,1,1,1,1789954686
2026-09-21T01:38:18+00:00,2026-09-21T01:39:12.866310+00:00,ec3eea05-a3ff-43c6-9e24-0c63f09b915f,378,16,4,0,3,0,1,1,1,1789954686
2026-09-21T01:38:18+00:00,2026-09-21T01:39:12.866310+00:00,2113555008851845550,2113555008851845550,6,0,1,13,0,1,1,1,1789954686
2026-09-21T01:38:18+00:00,2026-09-21T01:39:12.866310+00:00,70f20fcb-8e63-4015-9007-b97c525ab0a9,335,15,1,0,3,0,1,1,1,1789954686
2026-09-21T01:38:18+00:00,2026-09-21T01:39:12.866310+00:00,2ba0c5dd-c990-4434-8a84-5c3eca23f096,447,17,7,1,1,0,1,1,1,1789954687
2026-09-21T01:38:18+00:00,2026-09-21T01:39:12.866310+00:00,42a3ecca-af9a-4556-90ba-7631546f96f8,42a3ecca-af9a-4556-90ba-7631546f96f8,4,1,0,7,0,1,1,1,1789954687
2026-09-21T01:38:18+00:00,2026-09-21T01:39:12.866310+00:00,1997031579059661288,1997031579059661288,6,0,0,5,0,1,1,1,1789954687
2026-09-21T07:07:19+00:00,2026-09-21T07:08:07.697424+00:00,6eaa7343-402d-41c9-9aac-8c664fdbdcf1,6eaa7343-402d-41c9-9aac-8c664fdbdcf1,0,0,0,0,0,0,0,0,86400
2026-09-21T07:07:19+00:00,2026-09-21T07:08:07.697424+00:00,2149920539832638004,2149920539832638004,11,2,0,4,0,1,1,1,1789974310
2026-09-21T07:07:19+00:00,2026-09-21T07:08:07.697424+00:00,f834fcbe-0de8-11e7-991c-3863bb43a7d0,141,6,0,0,9,0,1,1,1,1789974313
2026-09-21T07:07:19+00:00,2026-09-21T07:08:07.697424+00:00,b44b7c3d-c054-4591-92a9-3b96d86050ab,b44b7c3d-c054-4591-92a9-3b96d86050ab,5,2,0,6,0,1,1,1,1789974312
2026-09-21T07:07:19+00:00,2026-09-21T07:08:07.697424+00:00,a825b55d-3ab3-481f-9c50-d3a7313e6843,228,3,0,1,15,0,1,1,1,1789974312
2026-09-21T07:07:19+00:00,2026-09-21T07:08:07.697424+00:00,8e7c1984-dc81-43b0-a0d3-58c6de45225a,465,5,1,0,6,0,1,1,1,1789974311
2026-09-21T07:07:19+00:00,2026-09-21T07:08:07.697424+00:00,acb27827-d69a-4287-b132-3f529ca62ad2,427,14,9,0,5,0,1,1,1,1789974322
2026-09-21T07:07:19+00:00,2026-09-21T07:08:07.697424+00:00,1ef5abb2-5af9-41f2-a0dd-1e44278ad9f1,502,0,0,0,11,0,1,1,1,1789974322
2026-09-21T07:07:19+00:00,2026-09-21T07:08:07.697424+00:00,2251556760922290606,2251556760922290606,14,0,0,1,0,1,1,1,1789974323
2026-09-21T07:07:19+00:00,2026-09-21T07:08:07.697424+00:00,f835244e-0de8-11e7-991c-3863bb43a7d0,202,6,0,0,9,0,1,1,1,1789974325
2026-09-21T07:07:19+00:00,2026-09-21T07:08:07.697424+00:00,829fa5a8-cc88-4ab2-9f34-b481aaa1612e,259,8,3,0,7,0,1,1,1,1789974326
2026-09-21T07:07:19+00:00,2026-09-21T07:08:07.697424+00:00,f83466c6-0de8-11e7-991c-3863bb43a7d0,6,5,1,1,8,0,1,1,1,1789974328
2026-09-21T07:07:19+00:00,2026-09-21T07:08:07.697424+00:00,f834b183-0de8-11e7-991c-3863bb43a7d0,98,10,3,2,10,0,1,1,1,1789974330
2026-09-21T07:07:19+00:00,2026-09-21T07:08:07.697424+00:00,ea00f276-26dc-48ee-b2c8-6e56fd632a2d,272,12,3,0,7,0,1,1,1,1789974333
2026-09-21T07:07:19+00:00,2026-09-21T07:08:07.697424+00:00,2027855476515070160,2027855476515070160,7,0,0,20,0,1,1,1,1789974332
2026-09-21T07:07:19+00:00,2026-09-21T07:08:07.697424+00:00,1331197c-f6c6-4f4a-a29b-95e580359886,224,13,5,0,4,0,1,1,1,1789974333
2026-09-21T07:07:19+00:00,2026-09-21T07:08:07.697424+00:00,2134720099473744344,2134720099473744344,1,1,0,20,0,1,1,1,1789974335
2026-09-21T07:07:19+00:00,2026-09-21T07:08:07.697424+00:00,f834d34b-0de8-11e7-991c-3863bb43a7d0,120,20,0,0,19,0,1,1,1,1789974335
2026-09-21T07:07:19+00:00,2026-09-21T07:08:07.697424+00:00,803a0c16-4f81-44f1-8b49-a13fcdda40c1,370,0,0,0,18,0,1,1,1,1789974335
2026-09-21T07:07:19+00:00,2026-09-21T07:08:07.697424+00:00,8bc42f7f-753d-4cca-a7d6-0d7c2530ea2c,364,18,0,1,0,0,1,1,1,1789974336
2026-09-21T07:07:19+00:00,2026-09-21T07:08:07.697424+00:00,6cec3afa-554c-466f-8323-5c619fe0ddc6,6cec3afa-554c-466f-8323-5c619fe0ddc6,5,1,0,6,0,1,1,1,1789974337
2026-09-21T07:07:19+00:00,2026-09-21T07:08:07.697424+00:00,97a1e4e7-a1ff-427a-aaea-48ca0d00bf9c,348,11,3,0,4,0,1,1,1,1789974339
2026-09-21T07:07:19+00:00,2026-09-21T07:08:07.697424+00:00,82b41ffb-e284-4e4d-b22a-0cad2bfd4bee,443,0,0,0,19,0,1,1,1,1789974341
2026-09-21T07:07:19+00:00,2026-09-21T07:08:07.697424+00:00,f83473ea-0de8-11e7-991c-3863bb43a7d0,27,12,2,0,10,0,1,1,1,1789974342
2026-09-21T07:07:19+00:00,2026-09-21T07:08:07.697424+00:00,f8352973-0de8-11e7-991c-3863bb43a7d0,210,1,0,0,14,0,1,1,1,1789974400
2026-09-21T07:07:19+00:00,2026-09-21T07:08:07.697424+00:00,1999644268058967024,1999644268058967024,15,0,0,9,0,1,1,1,1789974400
2026-09-21T07:07:19+00:00,2026-09-21T07:08:07.697424+00:00,2250817396738253956,2250817396738253956,14,2,0,1,0,1,1,1,1789974327
2026-09-21T07:07:19+00:00,2026-09-21T07:08:07.697424+00:00,5d17f129-af8c-4f30-bc58-6a8279052772,543,4,0,0,15,0,1,1,1,1789974399
2026-09-21T07:07:19+00:00,2026-09-21T07:08:07.697424+00:00,f834e75d-0de8-11e7-991c-3863bb43a7d0,129,6,0,0,12,1,1,1,1,1789974399
2026-09-21T07:07:19+00:00,2026-09-21T07:08:07.697424+00:00,15ec5783-ca7a-4225-ba51-cd0a45ecc975,15ec5783-ca7a-4225-ba51-cd0a45ecc975,7,3,0,4,0,1,1,1,1789974399
2026-09-21T07:07:19+00:00,2026-09-21T07:08:07.697424+00:00,40ee059e-8530-4992-9114-c16b87d6832f,441,14,0,1,4,0,1,1,1,1789974398
2026-09-21T07:07:19+00:00,2026-09-21T07:08:07.697424+00:00,9fef6df2-7f8f-43fc-a85b-7dd5453860f9,437,15,3,0,3,0,1,1,1,1789974401
2026-09-21T07:07:19+00:00,2026-09-21T07:08:07.697424+00:00,2220033166406469278,2220033166406469278,10,3,0,5,0,1,1,1,1789974402
2026-09-21T07:07:19+00:00,2026-09-21T07:08:07.697424+00:00,1997031876360597884,1997031876360597884,6,6,0,5,0,1,1,1,1789974402
2026-09-21T07:07:19+00:00,2026-09-21T07:08:07.697424+00:00,f8351649-0de8-11e7-991c-3863bb43a7d0,183,2,1,0,17,0,1,1,1,1789974406
2026-09-21T07:07:19+00:00,2026-09-21T07:08:07.697424+00:00,4b5de733-9353-4873-9dc2-9558b3cb063a,393,4,0,0,11,0,1,1,1,1789974406
2026-09-21T07:07:19+00:00,2026-09-21T07:08:07.697424+00:00,ec4e1168-25dc-4929-b17b-e4ae578dd888,425,2,1,0,14,0,1,1,1,1789974405
2026-09-21T07:07:19+00:00,2026-09-21T07:08:07.697424+00:00,2031175112202687108,2031175112202687108,0,0,0,16,0,1,1,1,1789974407
2026-09-21T07:07:19+00:00,2026-09-21T07:08:07.697424+00:00,f834916a-0de8-11e7-991c-3863bb43a7d0,63,4,0,0,11,0,1,1,1,1789974402
2026-09-21T07:07:19+00:00,2026-09-21T07:08:07.697424+00:00,f55cdf0a-3d7b-491c-bed2-7dc0ef2062d5,489,12,2,0,4,0,1,1,1,1789974403
2026-09-21T07:07:19+00:00,2026-09-21T07:08:07.697424+00:00,2028220168245183460,2028220168245183460,10,1,0,9,0,1,1,1,1789974402
2026-09-21T07:07:19+00:00,2026-09-21T07:08:07.697424+00:00,1994515539257334312,1994515539257334312,16,5,0,3,0,1,1,1,1789974403
2026-09-21T07:07:19+00:00,2026-09-21T07:08:07.697424+00:00,f8351255-0de8-11e7-991c-3863bb43a7d0,174,11,1,0,4,0,1,1,1,1789974402
2026-09-21T07:07:19+00:00,2026-09-21T07:08:07.697424+00:00,2127634714741013228,2127634714741013228,16,3,1,7,0,1,1,1,1789974408
2026-09-21T07:07:19+00:00,2026-09-21T07:08:07.697424+00:00,f8346dbd-0de8-11e7-991c-3863bb43a7d0,16,0,0,0,19,0,1,1,1,1789974410
2026-09-21T07:07:19+00:00,2026-09-21T07:08:07.697424+00:00,f8350129-0de8-11e7-991c-3863bb43a7d0,149,9,2,0,9,0,1,1,1,1789974411
2026-09-21T07:07:19+00:00,2026-09-21T07:08:07.697424+00:00,f8351791-0de8-11e7-991c-3863bb43a7d0,186,2,0,0,12,0,1,1,1,1789974412
2026-09-21T07:07:19+00:00,2026-09-21T07:08:07.697424+00:00,dcd76e42-eebc-4432-9726-cdb3372b0b07,557,0,0,0,19,0,1,1,1,1789974412
2026-09-21T07:07:19+00:00,2026-09-21T07:08:07.697424+00:00,2363c5a3-93cc-41a2-a767-90f1826c041f,426,0,0,0,27,0,1,1,1,1789974414
2026-09-21T07:07:19+00:00,2026-09-21T07:08:07.697424+00:00,2124664048772581794,2124664048772581794,2,0,0,9,0,1,1,1,1789974414
2026-09-21T07:07:19+00:00,2026-09-21T07:08:07.697424+00:00,133d159e-a202-4310-910f-eca392fe181e,398,1,0,0,18,0,1,1,1,1789974414
2026-09-21T07:07:19+00:00,2026-09-21T07:08:07.697424+00:00,f834f036-0de8-11e7-991c-3863bb43a7d0,133,19,1,0,4,0,1,1,1,1789974414
2026-09-21T07:07:19+00:00,2026-09-21T07:08:07.697424+00:00,f8348598-0de8-11e7-991c-3863bb43a7d0,49,1,1,0,17,0,1,1,1,1789974415
2026-09-21T07:07:19+00:00,2026-09-21T07:08:07.697424+00:00,01d29f8c-768d-4c4f-84ca-3de966075287,469,7,2,1,3,0,1,1,1,1789974418
2026-09-21T07:07:19+00:00,2026-09-21T07:08:07.697424+00:00,4d953f0f-13b5-4b3d-b2da-342003ff7cba,4d953f0f-13b5-4b3d-b2da-342003ff7cba,6,4,0,5,0,1,1,1,1789974418
2026-09-21T07:07:19+00:00,2026-09-21T07:08:07.697424+00:00,f8349599-0de8-11e7-991c-3863bb43a7d0,71,3,0,1,19,0,1,1,1,1789974419
2026-09-21T07:07:19+00:00,2026-09-21T07:08:07.697424+00:00,2251186911126913182,2251186911126913182,9,1,0,10,0,1,1,1,1789974419
2026-09-21T07:07:19+00:00,2026-09-21T07:08:07.697424+00:00,2219705277630124418,2219705277630124418,8,0,0,7,0,1,1,1,1789974420
2026-09-21T07:07:19+00:00,2026-09-21T07:08:07.697424+00:00,f834c5c9-0de8-11e7-991c-3863bb43a7d0,110,2,0,2,11,0,1,1,1,1789974422
2026-09-21T07:07:19+00:00,2026-09-21T07:08:07.697424+00:00,f834a67b-0de8-11e7-991c-3863bb43a7d0,89,4,0,0,15,0,1,1,1,1789974422
2026-09-21T07:07:19+00:00,2026-09-21T07:08:07.697424+00:00,f834c6f5-0de8-11e7-991c-3863bb43a7d0,111,9,5,0,6,0,1,1,1,1789974421
2026-09-21T07:07:19+00:00,2026-09-21T07:08:07.697424+00:00,f8349070-0de8-11e7-991c-3863bb43a7d0,61,4,0,0,15,0,1,1,1,1789974421
2026-09-21T07:07:19+00:00,2026-09-21T07:08:07.697424+00:00,f834cb89-0de8-11e7-991c-3863bb43a7d0,115,13,3,0,6,0,1,1,1,1789974422
2026-09-21T07:07:19+00:00,2026-09-21T07:08:07.697424+00:00,2129149628430547474,2129149628430547474,4,2,0,12,0,1,1,1,1789974423
2026-09-21T07:07:19+00:00,2026-09-21T07:08:07.697424+00:00,1991921362058752616,1991921362058752616,0,0,0,20,0,1,1,1,1789974338
2026-09-21T07:07:19+00:00,2026-09-21T07:08:07.697424+00:00,77c1736c-a609-4453-94f7-8e4253a8193c,474,9,3,0,2,0,1,1,1,1789974348
2026-09-21T07:07:19+00:00,2026-09-21T07:08:07.697424+00:00,9b0aff89-5242-475e-b03b-87c3c3bf51bb,477,8,6,1,10,0,1,1,1,1789974348
2026-09-21T07:07:19+00:00,2026-09-21T07:08:07.697424+00:00,2438d052-2cd6-4fba-83c9-39f46cb59398,2438d052-2cd6-4fba-83c9-39f46cb59398,12,0,0,7,0,1,1,1,1789974350
2026-09-21T07:07:19+00:00,2026-09-21T07:08:07.697424+00:00,52ca4d94-587f-4a61-a298-a1a755e73bfb,362,17,1,0,2,0,1,1,1,1789974350
2026-09-21T07:07:19+00:00,2026-09-21T07:08:07.697424+00:00,f834a1de-0de8-11e7-991c-3863bb43a7d0,84,1,0,1,13,0,1,1,1,1789974351
2026-09-21T07:07:19+00:00,2026-09-21T07:08:07.697424+00:00,569f4952-5a25-4394-a419-f9c4d9cca6f3,495,19,4,0,0,0,1,1,1,1789974351
2026-09-21T07:07:19+00:00,2026-09-21T07:08:07.697424+00:00,1976280681456741062,1976280681456741062,3,3,0,8,0,1,1,1,1789974351
2026-09-21T07:07:19+00:00,2026-09-21T07:08:07.697424+00:00,e335fa7c-7adf-4360-9bfa-76b18124a56f,541,6,2,0,5,0,1,1,1,1789974352
2026-09-21T07:07:19+00:00,2026-09-21T07:08:07.697424+00:00,f8347a8b-0de8-11e7-991c-3863bb43a7d0,29,6,0,0,13,0,1,1,1,1789974359
2026-09-21T07:07:19+00:00,2026-09-21T07:08:07.697424+00:00,199f3d59-e726-4549-b9c1-4dfc8a343fdb,508,7,5,0,4,0,1,1,1,1789974359
2026-09-21T07:07:19+00:00,2026-09-21T07:08:07.697424+00:00,768433a9-fc30-4485-b136-22d6f8a96f1c,768433a9-fc30-4485-b136-22d6f8a96f1c,1,0,0,10,0,1,1,1,1789974359
2026-09-21T07:07:19+00:00,2026-09-21T07:08:07.697424+00:00,f8347ded-0de8-11e7-991c-3863bb43a7d0,35,0,0,0,31,0,1,1,1,1789974354
2026-09-21T07:07:19+00:00,2026-09-21T07:08:07.697424+00:00,2039387081833476178,2039387081833476178,4,2,0,16,0,1,1,1,1789974355
2026-09-21T07:07:19+00:00,2026-09-21T07:08:07.697424+00:00,2036412579943670600,2036412579943670600,4,0,1,7,0,1,1,1,1789974358
2026-09-21T07:07:19+00:00,2026-09-21T07:08:07.697424+00:00,f834a2a8-0de8-11e7-991c-3863bb43a7d0,85,13,2,0,6,0,1,1,1,1789974354
2026-09-21T07:07:19+00:00,2026-09-21T07:08:07.697424+00:00,f83493c0-0de8-11e7-991c-3863bb43a7d0,67,13,1,1,9,0,1,1,1,1789974354
2026-09-21T07:07:19+00:00,2026-09-21T07:08:07.697424+00:00,88b35b6d-f355-44dc-b85e-ed2eb1bc9099,406,13,2,1,5,0,1,1,1,1789974365
2026-09-21T07:07:19+00:00,2026-09-21T07:08:07.697424+00:00,f606593b-3d07-40f2-bc6d-a0eb96588e44,456,6,0,1,11,0,1,1,1,1789974366
2026-09-21T07:07:19+00:00,2026-09-21T07:08:07.697424+00:00,f83532fa-0de8-11e7-991c-3863bb43a7d0,219,6,1,0,9,0,1,1,1,1789974363
2026-09-21T07:07:19+00:00,2026-09-21T07:08:07.697424+00:00,2227859082657747444,2227859082657747444,4,2,0,3,0,1,1,1,1789974281
2026-09-21T07:07:19+00:00,2026-09-21T07:08:07.697424+00:00,f7d416f8-4377-4019-bba7-302dc1d5a11d,391,8,0,2,5,0,1,1,1,1789974364
2026-09-21T07:07:19+00:00,2026-09-21T07:08:07.697424+00:00,f8346e51-0de8-11e7-991c-3863bb43a7d0,17,10,1,2,3,0,1,1,1,1789974366
2026-09-21T07:07:19+00:00,2026-09-21T07:08:07.697424+00:00,f8351569-0de8-11e7-991c-3863bb43a7d0,181,18,4,0,1,0,1,1,1,1789974366
2026-09-21T07:07:19+00:00,2026-09-21T07:08:07.697424+00:00,eed9e64f-f09d-43c1-aa31-da968c66750a,368,13,6,0,2,0,1,1,1,1789974367
2026-09-21T07:07:19+00:00,2026-09-21T07:08:07.697424+00:00,2113559364250874028,2113559364250874028,8,1,0,7,0,1,1,1,1789974364
2026-09-21T07:07:19+00:00,2026-09-21T07:08:07.697424+00:00,2089808297152151688,2089808297152151688,11,6,0,1,0,1,1,1,1789974364
2026-09-21T07:07:19+00:00,2026-09-21T07:08:07.697424+00:00,2261583246847893606,2261583246847893606,12,1,0,7,0,1,1,1,1789974365
2026-09-21T07:07:19+00:00,2026-09-21T07:08:07.697424+00:00,1976640911178291400,1976640911178291400,3,0,0,8,0,1,1,1,1789974426
2026-09-21T07:07:19+00:00,2026-09-21T07:08:07.697424+00:00,1999639508813492766,1999639508813492766,1,0,0,19,0,1,1,1,1789974427
2026-09-21T07:07:19+00:00,2026-09-21T07:08:07.697424+00:00,cad0e759-b605-458a-b772-768dcce81dc6,372,0,0,0,19,0,1,1,1,1789974423
2026-09-21T07:07:19+00:00,2026-09-21T07:08:07.697424+00:00,25489822-e43a-4704-b2a8-d905b78ba77c,389,8,3,0,6,0,1,1,1,1789974374
2026-09-21T07:07:19+00:00,2026-09-21T07:08:07.697424+00:00,2127252912986958612,2127252912986958612,7,4,0,8,0,1,1,1,1789974379
2026-09-21T07:07:19+00:00,2026-09-21T07:08:07.697424+00:00,38706d8c-8d4b-49f7-b6ed-7688449db261,463,5,0,0,14,0,1,1,1,1789974376
2026-09-21T07:07:19+00:00,2026-09-21T07:08:07.697424+00:00,8d535c23-f186-4161-aa10-17e94be6d4ae,436,8,0,0,6,1,1,1,1,1789974376
2026-09-21T07:07:19+00:00,2026-09-21T07:08:07.697424+00:00,1986694622707704150,1986694622707704150,13,2,1,5,0,1,1,1,1789974378
2026-09-21T07:07:19+00:00,2026-09-21T07:08:07.697424+00:00,2036103727838931110,2036103727838931110,2,0,0,9,0,1,1,1,1789974379
2026-09-21T07:07:19+00:00,2026-09-21T07:08:07.697424+00:00,f834b1ed-0de8-11e7-991c-3863bb43a7d0,99,14,2,0,1,0,1,1,1,1789974386
2026-09-21T07:07:19+00:00,2026-09-21T07:08:07.697424+00:00,f834d260-0de8-11e7-991c-3863bb43a7d0,119,12,0,1,2,0,1,1,1,1789974387
2026-09-21T07:07:19+00:00,2026-09-21T07:08:07.697424+00:00,918335df-fc1a-45c2-9cfc-c5e2e93aecc0,467,9,2,0,2,0,1,1,1,1789974391
2026-09-21T07:07:19+00:00,2026-09-21T07:08:07.697424+00:00,f8348719-0de8-11e7-991c-3863bb43a7d0,52,7,0,1,15,0,1,1,1,1789974391
2026-09-21T07:07:19+00:00,2026-09-21T07:08:07.697424+00:00,c111ef1a-f276-415d-a95e-8e3c4e3a0c03,522,11,3,0,4,0,1,1,1,1789974392
2026-09-21T07:07:19+00:00,2026-09-21T07:08:07.697424+00:00,1919521884659886482,1919521884659886482,7,0,0,12,0,1,1,1,1789974386
2026-09-21T07:07:19+00:00,2026-09-21T07:08:07.697424+00:00,87b5a8b7-a330-4c51-ab32-7dafa292c88f,421,18,3,0,1,0,1,1,1,1789974388
2026-09-21T07:07:19+00:00,2026-09-21T07:08:07.697424+00:00,f8350d30-0de8-11e7-991c-3863bb43a7d0,163,4,1,0,15,0,1,1,1,1789974390
2026-09-21T07:07:19+00:00,2026-09-21T07:08:07.697424+00:00,f834b928-0de8-11e7-991c-3863bb43a7d0,106,11,7,0,3,0,1,1,1,1789974371
2026-09-21T07:07:19+00:00,2026-09-21T07:08:07.697424+00:00,2126567695528519906,2126567695528519906,0,0,0,20,0,1,1,1,1789974371
2026-09-21T07:07:19+00:00,2026-09-21T07:08:07.697424+00:00,25d6f87f-7025-48c5-b202-f91511a4ae19,25d6f87f-7025-48c5-b202-f91511a4ae19,13,1,0,6,0,1,1,1,1789974372
2026-09-21T07:07:19+00:00,2026-09-21T07:08:07.697424+00:00,2071991821019036242,2071991821019036242,7,0,0,13,0,1,1,1,1789974372
2026-09-21T07:07:19+00:00,2026-09-21T07:08:07.697424+00:00,986068c4-d11a-465a-b8d0-bd0960c57f51,986068c4-d11a-465a-b8d0-bd0960c57f51,13,1,1,0,0,1,1,1,1789974368
2026-09-21T07:07:19+00:00,2026-09-21T07:08:07.697424+00:00,ab6517ea-ed53-42eb-8881-657d362e56e8,560,4,1,0,11,0,1,1,1,1789974369
2026-09-21T07:07:19+00:00,2026-09-21T07:08:07.697424+00:00,1ef9964d-47ac-4cd4-916e-7c006fa1e605,339,13,5,0,2,0,1,1,1,1789974370
2026-09-21T07:07:19+00:00,2026-09-21T07:08:07.697424+00:00,f8351f87-0de8-11e7-991c-3863bb43a7d0,192,0,0,0,19,0,1,1,1,1789974370
2026-09-21T07:07:19+00:00,2026-09-21T07:08:07.697424+00:00,aefc33cd-40b9-48da-8b87-415428816bdb,488,3,0,0,13,0,1,1,1,1789974369
2026-09-21T07:07:19+00:00,2026-09-21T07:08:07.697424+00:00,f8347ba8-0de8-11e7-991c-3863bb43a7d0,31,0,0,0,19,0,1,1,1,1789974383
2026-09-21T07:07:19+00:00,2026-09-21T07:08:07.697424+00:00,f8347002-0de8-11e7-991c-3863bb43a7d0,20,4,1,0,19,0,1,1,1,1789974385
2026-09-21T07:07:19+00:00,2026-09-21T07:08:07.697424+00:00,57f5003b-6574-40b3-83d7-3b5dee1472e0,518,9,1,0,2,0,1,1,1,1789974384
2026-09-21T07:07:19+00:00,2026-09-21T07:08:07.697424+00:00,e4d5271f-5f76-401b-b7f0-c8dce3c26f10,462,7,3,0,4,0,1,1,1,1789974385
2026-09-21T07:07:19+00:00,2026-09-21T07:08:07.697424+00:00,d1a5e406-718c-44b9-b9dd-e63605b888aa,555,11,9,0,3,0,1,1,1,1789974381
2026-09-21T07:07:19+00:00,2026-09-21T07:08:07.697424+00:00,2131371824572002576,2131371824572002576,3,1,0,13,0,1,1,1,1789974394
2026-09-21T07:07:19+00:00,2026-09-21T07:08:07.697424+00:00,f8346c96-0de8-11e7-991c-3863bb43a7d0,14,1,1,0,24,0,1,1,1,1789974394
2026-09-21T07:07:19+00:00,2026-09-21T07:08:07.697424+00:00,f834f948-0de8-11e7-991c-3863bb43a7d0,138,14,2,0,1,0,1,1,1,1789974395
2026-09-21T07:07:19+00:00,2026-09-21T07:08:07.697424+00:00,2132460331327742574,2132460331327742574,8,1,1,10,0,1,1,1,1789974395
2026-09-21T07:07:19+00:00,2026-09-21T07:08:07.697424+00:00,a6d6d4b2-3666-43ad-a690-7f676bdcc3fd,542,13,1,0,6,0,1,1,1,1789974393
2026-09-21T07:07:19+00:00,2026-09-21T07:08:07.697424+00:00,800bde2c-51df-497c-ac2d-bc3a8c00c164,800bde2c-51df-497c-ac2d-bc3a8c00c164,5,0,0,10,0,1,1,1,1789974392
2026-09-21T07:07:19+00:00,2026-09-21T07:08:07.697424+00:00,2110566771130438288,2110566771130438288,12,3,0,4,0,1,1,1,1789974395
2026-09-21T07:07:19+00:00,2026-09-21T07:08:07.697424+00:00,e519df41-c4d7-403a-9afa-a5dd7cdd2d03,536,4,0,0,14,0,1,1,1,1789974427
2026-09-21T07:07:19+00:00,2026-09-21T07:08:07.697424+00:00,f8350199-0de8-11e7-991c-3863bb43a7d0,150,12,0,0,7,0,1,1,1,1789974427
2026-09-21T07:07:19+00:00,2026-09-21T07:08:07.697424+00:00,625f105e-4407-4988-9095-d1979cbda5e1,234,18,9,1,0,0,1,1,1,1789974429
2026-09-21T07:07:19+00:00,2026-09-21T07:08:07.697424+00:00,5410aac7-2ec0-47b6-b728-b99c5137b463,5410aac7-2ec0-47b6-b728-b99c5137b463,10,6,0,1,0,1,1,1,1789974429
2026-09-21T07:07:19+00:00,2026-09-21T07:08:07.697424+00:00,f834fb66-0de8-11e7-991c-3863bb43a7d0,139,17,2,1,1,0,1,1,1,1789974238
2026-09-21T07:07:19+00:00,2026-09-21T07:08:07.697424+00:00,2074236051937964826,2074236051937964826,12,3,0,4,0,1,1,1,1789974252
2026-09-21T07:07:19+00:00,2026-09-21T07:08:07.697424+00:00,f835259f-0de8-11e7-991c-3863bb43a7d0,205,3,3,0,12,0,1,1,1,1789974332
2026-09-21T07:07:19+00:00,2026-09-21T07:08:07.697424+00:00,3de6e5da-9702-4623-8683-26abd98012a8,525,7,1,0,5,0,1,1,1,1789974328
2026-09-21T07:07:19+00:00,2026-09-21T07:08:07.697424+00:00,dd008e3c-ff17-4c82-abe0-502272a62425,558,9,1,0,8,0,1,1,1,1789974331
2026-09-21T07:07:19+00:00,2026-09-21T07:08:07.697424+00:00,082262bd-086b-46c7-83ce-eed2b39142ff,416,12,3,0,3,0,1,1,1,1789974334
2026-09-21T07:07:19+00:00,2026-09-21T07:08:07.697424+00:00,e49a5b83-2c9c-4610-a48b-89cfea172c8f,504,10,3,1,0,0,1,1,1,1789974335
2026-09-21T07:07:19+00:00,2026-09-21T07:08:07.697424+00:00,2113560016964645240,2113560016964645240,19,3,0,0,0,1,1,1,1789974323
2026-09-21T07:07:19+00:00,2026-09-21T07:08:07.697424+00:00,f834fda2-0de8-11e7-991c-3863bb43a7d0,143,16,1,1,6,0,1,1,1,1789974324
2026-09-21T07:07:19+00:00,2026-09-21T07:08:07.697424+00:00,2079440939380771716,2079440939380771716,4,1,0,7,0,1,1,1,1789974324
2026-09-21T07:07:19+00:00,2026-09-21T07:08:07.697424+00:00,ee0fa23e-a6c2-474d-a6ef-bf581d63f1ae,ee0fa23e-a6c2-474d-a6ef-bf581d63f1ae,11,7,0,0,0,1,1,1,1789974321
2026-09-21T07:07:19+00:00,2026-09-21T07:08:07.697424+00:00,f8348857-0de8-11e7-991c-3863bb43a7d0,55,6,0,0,9,0,1,1,1,1789974343
2026-09-21T07:07:19+00:00,2026-09-21T07:08:07.697424+00:00,c935cfb1-ef73-402e-9b86-83aaaac6534d,478,17,2,0,2,0,1,1,1,1789974343
2026-09-21T07:07:19+00:00,2026-09-21T07:08:07.697424+00:00,f83472d3-0de8-11e7-991c-3863bb43a7d0,25,10,1,0,5,0,1,1,1,1789974250
2026-09-21T07:07:19+00:00,2026-09-21T07:08:07.697424+00:00,2071724371800490690,2071724371800490690,12,0,0,8,0,1,1,1,1789974248
2026-09-21T07:07:19+00:00,2026-09-21T07:08:07.697424+00:00,f83514f9-0de8-11e7-991c-3863bb43a7d0,180,9,1,1,9,0,1,1,1,1789974344
2026-09-21T07:07:19+00:00,2026-09-21T07:08:07.697424+00:00,f8353277-0de8-11e7-991c-3863bb43a7d0,218,1,0,0,14,0,1,1,1,1789974344
2026-09-21T07:07:19+00:00,2026-09-21T07:08:07.697424+00:00,0bc49982-74e9-4bbf-9991-e3d809d6319e,530,12,2,0,7,0,1,1,1,1789974348
2026-09-21T07:07:19+00:00,2026-09-21T07:08:07.697424+00:00,f4a64c30-b97f-4ae5-b531-a11698b558d7,562,7,0,0,2,0,1,1,1,1789974349
2026-09-21T07:07:19+00:00,2026-09-21T07:08:07.697424+00:00,2131714490587826928,2131714490587826928,16,6,0,0,0,1,1,1,1789974346
2026-09-21T07:07:19+00:00,2026-09-21T07:08:07.697424+00:00,3a6d94a7-9fee-41c5-b8cc-a8487c5e691b,549,0,0,0,23,0,1,1,1,1789974346
2026-09-21T07:07:19+00:00,2026-09-21T07:08:07.697424+00:00,f8346c01-0de8-11e7-991c-3863bb43a7d0,13,0,0,0,19,0,1,1,1,1789974347
2026-09-21T07:07:19+00:00,2026-09-21T07:08:07.697424+00:00,7dd0fc98-c1dd-4c93-9c1d-4bbdf5f93346,473,10,6,0,4,0,1,1,1,1789974348
2026-09-21T07:07:19+00:00,2026-09-21T07:08:07.697424+00:00,f8347361-0de8-11e7-991c-3863bb43a7d0,26,15,0,0,0,0,1,1,1,1789974350
2026-09-21T07:07:19+00:00,2026-09-21T07:08:07.697424+00:00,f8348021-0de8-11e7-991c-3863bb43a7d0,39,21,3,0,6,0,1,1,1,1789974354
2026-09-21T07:07:19+00:00,2026-09-21T07:08:07.697424+00:00,f834db9b-0de8-11e7-991c-3863bb43a7d0,121,11,6,2,4,0,1,1,1,1789974353
2026-09-21T07:07:19+00:00,2026-09-21T07:08:07.697424+00:00,fae99a0c-e88a-4112-94d8-f655cf34e651,fae99a0c-e88a-4112-94d8-f655cf34e651,2,1,0,17,0,1,1,1,1789974361
2026-09-21T07:07:19+00:00,2026-09-21T07:08:07.697424+00:00,f8351ff1-0de8-11e7-991c-3863bb43a7d0,193,10,1,2,3,0,1,1,1,1789974361
2026-09-21T07:07:19+00:00,2026-09-21T07:08:07.697424+00:00,2115804056935012722,2115804056935012722,8,3,0,11,0,1,1,1,1789974361
2026-09-21T07:07:19+00:00,2026-09-21T07:08:07.697424+00:00,2171110977443594588,2171110977443594588,6,3,0,9,0,1,1,1,1789974359
2026-09-21T07:07:19+00:00,2026-09-21T07:08:07.697424+00:00,a3b94ed8-8301-4ec6-baf2-64ac493b5106,529,2,1,0,14,0,1,1,1,1789974356
2026-09-21T07:07:19+00:00,2026-09-21T07:08:07.697424+00:00,3dbbb3cb-b52d-46f8-8f9c-db11e83d081c,327,9,1,0,6,0,1,1,1,1789974363
2026-09-21T07:07:19+00:00,2026-09-21T07:08:07.697424+00:00,efd724b2-31cb-4aec-b9d9-8ab79271630c,493,9,0,0,8,0,1,1,1,1789974367
2026-09-21T07:07:19+00:00,2026-09-21T07:08:07.697424+00:00,f8349672-0de8-11e7-991c-3863bb43a7d0,72,3,0,0,20,0,1,1,1,1789974368
2026-09-21T07:07:19+00:00,2026-09-21T07:08:07.697424+00:00,4764641e-b080-4c70-a1e1-049de81e09d0,273,7,1,0,33,0,1,1,1,1789974370
2026-09-21T07:07:19+00:00,2026-09-21T07:08:07.697424+00:00,2124668538068359456,2124668538068359456,10,0,0,9,0,1,1,1,1789974371
2026-09-21T07:07:19+00:00,2026-09-21T07:08:07.697424+00:00,f8352306-0de8-11e7-991c-3863bb43a7d0,199,5,2,0,10,0,1,1,1,1789974372
2026-09-21T07:07:19+00:00,2026-09-21T07:08:07.697424+00:00,d81e16e2-a410-4a0b-b5ae-b72748fc9781,d81e16e2-a410-4a0b-b5ae-b72748fc9781,14,5,0,5,0,1,1,1,1789974372
2026-09-21T07:07:19+00:00,2026-09-21T07:08:07.697424+00:00,f834ff5a-0de8-11e7-991c-3863bb43a7d0,145,11,1,0,8,0,1,1,1,1789974372
2026-09-21T07:07:19+00:00,2026-09-21T07:08:07.697424+00:00,609c2f06-310e-4134-8dd2-3d23aa41487b,609c2f06-310e-4134-8dd2-3d23aa41487b,23,7,0,0,0,1,1,1,1789974370
2026-09-21T07:07:19+00:00,2026-09-21T07:08:07.697424+00:00,fbb9b58c-2b92-4bcf-8e4c-a982e40d2f39,221,11,2,0,8,0,1,1,1,1789974311
2026-09-21T07:07:19+00:00,2026-09-21T07:08:07.697424+00:00,0cb6d635-6a7d-4d75-89b4-36b12616be12,432,13,7,0,6,0,1,1,1,1789974314
2026-09-21T07:07:19+00:00,2026-09-21T07:08:07.697424+00:00,1984021766354634770,1984021766354634770,11,0,0,8,0,1,1,1,1789974310
2026-09-21T07:07:19+00:00,2026-09-21T07:08:07.697424+00:00,f8351e42-0de8-11e7-991c-3863bb43a7d0,189,8,8,0,15,0,1,1,1,1789974319
2026-09-21T07:07:19+00:00,2026-09-21T07:08:07.697424+00:00,1e3beeb4-f8e1-452c-93e5-48df78d4b313,334,16,2,0,2,0,1,1,1,1789974316
2026-09-21T07:07:19+00:00,2026-09-21T07:08:07.697424+00:00,8b703219-1e16-4ba1-9f46-2b7030c7849a,360,15,1,0,0,0,1,1,1,1789974378
2026-09-21T07:07:19+00:00,2026-09-21T07:08:07.697424+00:00,634b697d-0e64-4102-8849-abac7a7f8e35,455,12,5,0,0,0,1,1,1,1789974378
2026-09-21T07:07:19+00:00,2026-09-21T07:08:07.697424+00:00,f8346a3c-0de8-11e7-991c-3863bb43a7d0,10,4,0,2,5,0,1,1,1,1789974377
2026-09-21T07:07:19+00:00,2026-09-21T07:08:07.697424+00:00,25cc602a-152a-4abe-9df8-a131d0a5d94b,235,12,1,0,3,0,1,1,1,1789974386
2026-09-21T07:07:19+00:00,2026-09-21T07:08:07.697424+00:00,3c837bc0-fd08-49c4-adf5-0e9a98e918a7,524,9,4,0,5,0,1,1,1,1789974386
2026-09-21T07:07:19+00:00,2026-09-21T07:08:07.697424+00:00,2002247509585342522,2002247509585342522,9,2,0,2,0,1,1,1,1789974387
2026-09-21T07:07:19+00:00,2026-09-21T07:08:07.697424+00:00,57caf362-1e8b-46aa-9ee3-82341c405ab0,271,11,1,0,4,0,1,1,1,1789974388
2026-09-21T07:07:19+00:00,2026-09-21T07:08:07.697424+00:00,3b158c7a-a362-43ae-af1f-121b78be32d7,483,12,1,0,5,0,1,1,1,1789974385
2026-09-21T07:07:19+00:00,2026-09-21T07:08:07.697424+00:00,f1cafe36-f800-41f6-b74d-73953cb6394c,471,7,0,1,19,0,1,1,1,1789974384
2026-09-21T07:07:19+00:00,2026-09-21T07:08:07.697424+00:00,f834923d-0de8-11e7-991c-3863bb43a7d0,65,12,0,0,7,0,1,1,1,1789974386
2026-09-21T07:07:19+00:00,2026-09-21T07:08:07.697424+00:00,910f1452-dbeb-4e69-b226-71b2d7e85715,910f1452-dbeb-4e69-b226-71b2d7e85715,5,2,1,4,0,1,1,1,1789974381
2026-09-21T07:07:19+00:00,2026-09-21T07:08:07.697424+00:00,f8348781-0de8-11e7-991c-3863bb43a7d0,53,2,0,0,17,0,1,1,1,1789974381
2026-09-21T07:07:19+00:00,2026-09-21T07:08:07.697424+00:00,be7e7068-b85f-42c1-8ea1-e1d64e531323,be7e7068-b85f-42c1-8ea1-e1d64e531323,8,0,1,6,0,1,1,1,1789974380
2026-09-21T07:07:19+00:00,2026-09-21T07:08:07.697424+00:00,2248987790637065652,2248987790637065652,12,5,0,0,0,1,1,1,1789974380
2026-09-21T07:07:19+00:00,2026-09-21T07:08:07.697424+00:00,2012646293885032702,2012646293885032702,9,0,0,15,0,1,1,1,1789974384
2026-09-21T07:07:19+00:00,2026-09-21T07:08:07.697424+00:00,b5894555-30a3-46db-918a-fdeb083d6001,336,15,1,0,0,0,1,1,1,1789974382
2026-09-21T07:07:19+00:00,2026-09-21T07:08:07.697424+00:00,50cc3c7f-50ed-4c70-b483-c89f3f47c938,491,10,2,0,9,0,1,1,1,1789974393
2026-09-21T07:07:19+00:00,2026-09-21T07:08:07.697424+00:00,2256120653476329202,2256120653476329202,8,1,0,7,0,1,1,1,1789974393
2026-09-21T07:07:19+00:00,2026-09-21T07:08:07.697424+00:00,f834b50a-0de8-11e7-991c-3863bb43a7d0,102,14,3,0,0,0,1,1,1,1789974393
2026-09-21T07:07:19+00:00,2026-09-21T07:08:07.697424+00:00,8f51f8f1-ecb8-4cd3-8529-296a03140c51,8f51f8f1-ecb8-4cd3-8529-296a03140c51,5,2,0,14,0,1,1,1,1789974390
2026-09-21T07:07:19+00:00,2026-09-21T07:08:07.697424+00:00,1206f5c8-7d1f-4c32-9d65-f3e80186fbde,511,10,10,1,8,0,1,1,1,1789974391
2026-09-21T07:07:19+00:00,2026-09-21T07:08:07.697424+00:00,2253794653988522864,2253794653988522864,18,2,1,0,0,1,1,1,1789974391
2026-09-21T07:07:19+00:00,2026-09-21T07:08:07.697424+00:00,2223046412750968128,2223046412750968128,0,0,0,19,0,1,1,1,1789974391
2026-09-21T07:07:19+00:00,2026-09-21T07:08:07.697424+00:00,f834b652-0de8-11e7-991c-3863bb43a7d0,104,6,4,1,8,0,1,1,1,1789974397
2026-09-21T07:07:19+00:00,2026-09-21T07:08:07.697424+00:00,a9bc314b-a3fd-46e5-a63b-f005258bba5f,a9bc314b-a3fd-46e5-a63b-f005258bba5f,1,0,0,17,0,1,1,1,1789974398
2026-09-21T07:07:19+00:00,2026-09-21T07:08:07.697424+00:00,2fded452-cbd0-4248-b008-f8a61ed9a85f,2fded452-cbd0-4248-b008-f8a61ed9a85f,3,0,0,12,0,1,1,1,1789974398
2026-09-21T07:07:19+00:00,2026-09-21T07:08:07.697424+00:00,2158217922577811100,2158217922577811100,7,1,0,12,0,1,1,1,1789974396
2026-09-21T07:07:19+00:00,2026-09-21T07:08:07.697424+00:00,b0b8e427-7203-4844-9c70-129e08a74452,347,3,2,0,12,0,1,1,1,1789974396
2026-09-21T07:07:19+00:00,2026-09-21T07:08:07.697424+00:00,1961066392414132348,1961066392414132348,10,5,0,9,0,1,1,1,1789974398
2026-09-21T07:07:19+00:00,2026-09-21T07:08:07.697424+00:00,f8352a4d-0de8-11e7-991c-3863bb43a7d0,212,2,0,1,29,0,1,1,1,1789974394
2026-09-21T07:07:19+00:00,2026-09-21T07:08:07.697424+00:00,2080157934789007958,2080157934789007958,17,3,0,2,0,1,1,1,1789974403
2026-09-21T07:07:19+00:00,2026-09-21T07:08:07.697424+00:00,1963273678015717438,1963273678015717438,2,0,0,17,0,1,1,1,1789974405
2026-09-21T07:07:19+00:00,2026-09-21T07:08:07.697424+00:00,a51b429f-bf06-425a-b3fe-b3155aa6468c,a51b429f-bf06-425a-b3fe-b3155aa6468c,8,3,3,0,0,1,1,1,1789974406
2026-09-21T07:07:19+00:00,2026-09-21T07:08:07.697424+00:00,e3f5d039-a49e-4b3b-ab4d-4efbef2068c6,e3f5d039-a49e-4b3b-ab4d-4efbef2068c6,19,4,1,3,0,1,1,1,1789974406
2026-09-21T07:07:19+00:00,2026-09-21T07:08:07.697424+00:00,f8350c56-0de8-11e7-991c-3863bb43a7d0,161,19,5,0,4,0,1,1,1,1789974406
2026-09-21T07:07:19+00:00,2026-09-21T07:08:07.697424+00:00,dd05a440-f881-410c-a071-864da11c634a,318,0,0,1,18,0,1,1,1,1789974406
2026-09-21T07:07:19+00:00,2026-09-21T07:08:07.697424+00:00,2126939746529359956,2126939746529359956,5,2,0,14,0,1,1,1,1789974406
2026-09-21T07:07:19+00:00,2026-09-21T07:08:07.697424+00:00,f834ffc9-0de8-11e7-991c-3863bb43a7d0,146,16,1,0,3,0,1,1,1,1789974408
2026-09-21T07:07:19+00:00,2026-09-21T07:08:07.697424+00:00,dc770287-c70c-43ea-a635-39f3dc6b09cd,dc770287-c70c-43ea-a635-39f3dc6b09cd,4,2,0,7,0,1,1,1,1789974408
2026-09-21T07:07:19+00:00,2026-09-21T07:08:07.697424+00:00,2120986392451359068,2120986392451359068,10,1,0,9,0,1,1,1,1789974409
2026-09-21T07:07:19+00:00,2026-09-21T07:08:07.697424+00:00,f8348924-0de8-11e7-991c-3863bb43a7d0,57,7,1,0,7,0,1,1,1,1789974408
2026-09-21T07:07:19+00:00,2026-09-21T07:08:07.697424+00:00,2111332861978124760,2111332861978124760,5,2,1,10,0,1,1,1,1789974408
2026-09-21T07:07:19+00:00,2026-09-21T07:08:07.697424+00:00,2100948177843249670,2100948177843249670,4,0,0,7,0,1,1,1,1789974409
2026-09-21T07:07:19+00:00,2026-09-21T07:08:07.697424+00:00,dd8dee9d-d044-41d6-9371-8463cf9c671b,526,7,3,0,8,0,1,1,1,1789974409
2026-09-21T07:07:19+00:00,2026-09-21T07:08:07.697424+00:00,f8352c1a-0de8-11e7-991c-3863bb43a7d0,216,19,0,0,0,0,1,1,1,1789974410
2026-09-21T07:07:19+00:00,2026-09-21T07:08:07.697424+00:00,f8350be5-0de8-11e7-991c-3863bb43a7d0,160,5,0,0,9,0,1,1,1,1789974415
2026-09-21T07:07:19+00:00,2026-09-21T07:08:07.697424+00:00,f834d064-0de8-11e7-991c-3863bb43a7d0,118,16,6,1,2,0,1,1,1,1789974415
2026-09-21T07:07:19+00:00,2026-09-21T07:08:07.697424+00:00,af066ffd-b892-434f-8532-1982fc408780,480,2,0,1,8,0,1,1,1,1789974415
2026-09-21T07:07:19+00:00,2026-09-21T07:08:07.697424+00:00,a439fff7-8630-464c-b277-efca6f6bc664,531,11,5,0,3,0,1,1,1,1789974414
2026-09-21T07:07:19+00:00,2026-09-21T07:08:07.697424+00:00,31382324-2931-491a-827a-40149e45afee,232,5,1,1,5,0,1,1,1,1789974412
2026-09-21T07:07:19+00:00,2026-09-21T07:08:07.697424+00:00,f8349d6e-0de8-11e7-991c-3863bb43a7d0,79,7,3,0,11,0,1,1,1,1789974410
2026-09-21T07:07:19+00:00,2026-09-21T07:08:07.697424+00:00,2136546016037880534,2136546016037880534,2,0,1,12,0,1,1,1,1789974407
2026-09-21T07:07:19+00:00,2026-09-21T07:08:07.697424+00:00,f8352150-0de8-11e7-991c-3863bb43a7d0,196,5,0,1,4,0,1,1,1,1789974417
2026-09-21T07:07:19+00:00,2026-09-21T07:08:07.697424+00:00,2035765531590062506,2035765531590062506,8,8,1,1,1,1,1,1,1789974422
2026-09-21T07:07:19+00:00,2026-09-21T07:08:07.697424+00:00,1994461916590643872,1994461916590643872,11,9,0,0,0,1,1,1,1789974422
2026-09-21T07:07:19+00:00,2026-09-21T07:08:07.697424+00:00,f836bc28-36a7-4ca6-bba6-0d75333d84bb,538,14,2,0,5,0,1,1,1,1789974423
2026-09-21T07:07:19+00:00,2026-09-21T07:08:07.697424+00:00,13681246-4bf8-444a-a908-fa165e4ad298,329,12,5,0,3,0,1,1,1,1789974419
2026-09-21T07:07:19+00:00,2026-09-21T07:08:07.697424+00:00,a9d13461-7f0f-47b0-9a97-8ec9e9792865,533,7,0,1,11,0,1,1,1,1789974424
2026-09-21T07:07:19+00:00,2026-09-21T07:08:07.697424+00:00,c98f50f6-1901-4c64-b164-8cf33245e022,282,15,1,1,2,0,1,1,1,1789974424
2026-09-21T07:07:19+00:00,2026-09-21T07:08:07.697424+00:00,f83487f0-0de8-11e7-991c-3863bb43a7d0,54,1,0,0,14,0,1,1,1,1789974425
2026-09-21T07:07:19+00:00,2026-09-21T07:08:07.697424+00:00,f835027c-0de8-11e7-991c-3863bb43a7d0,152,13,0,0,14,0,1,1,1,1789974425
2026-09-21T07:07:19+00:00,2026-09-21T07:08:07.697424+00:00,2004828637786472956,2004828637786472956,15,3,0,4,0,1,1,1,1789974427
2026-09-21T07:07:19+00:00,2026-09-21T07:08:07.697424+00:00,66763558-7a03-48a9-8665-6b4445b81f48,458,3,0,0,12,0,1,1,1,1789974427
2026-09-21T07:07:19+00:00,2026-09-21T07:08:07.697424+00:00,68323451-daf0-4532-a6cb-b070e3ef358f,68323451-daf0-4532-a6cb-b070e3ef358f,2,1,0,17,0,1,1,1,1789974426
2026-09-21T07:07:19+00:00,2026-09-21T07:08:07.697424+00:00,3f4f4ad4-a715-43d5-828f-f8381f26b66a,390,8,2,0,7,0,1,1,1,1789974426
2026-09-21T07:07:19+00:00,2026-09-21T07:08:07.697424+00:00,f834a32d-0de8-11e7-991c-3863bb43a7d0,86,9,0,3,13,0,1,1,1,1789974418
2026-09-21T07:07:19+00:00,2026-09-21T07:08:07.697424+00:00,ee18dbd6-05b8-4d38-a120-f84c3499a77e,519,7,3,1,2,0,1,1,1,1789974428
2026-09-21T07:07:19+00:00,2026-09-21T07:08:07.697424+00:00,f835141c-0de8-11e7-991c-3863bb43a7d0,178,17,2,0,1,0,1,1,1,1789974429
2026-09-21T07:07:19+00:00,2026-09-21T07:08:07.697424+00:00,f8349de4-0de8-11e7-991c-3863bb43a7d0,80,0,0,1,34,0,1,1,1,1789974429
2026-09-21T07:07:19+00:00,2026-09-21T07:08:07.697424+00:00,4caf6e93-ddd7-4b6f-9e61-f9df1206ac92,4caf6e93-ddd7-4b6f-9e61-f9df1206ac92,16,3,1,2,0,1,1,1,1789974429
2026-09-21T07:07:19+00:00,2026-09-21T07:08:07.697424+00:00,f835108b-0de8-11e7-991c-3863bb43a7d0,170,6,4,1,7,0,1,1,1,1789974253
2026-09-21T07:07:19+00:00,2026-09-21T07:08:07.697424+00:00,7c860828-3359-4229-b59b-963f5a4bab00,236,0,0,5,0,0,1,0,0,1789928561
2026-09-21T07:07:19+00:00,2026-09-21T07:08:07.697424+00:00,f834a838-0de8-11e7-991c-3863bb43a7d0,92,4,2,1,13,0,1,1,1,1789974334
2026-09-21T07:07:19+00:00,2026-09-21T07:08:07.697424+00:00,f714390d-6874-43fa-a079-a07f83c79c7b,f714390d-6874-43fa-a079-a07f83c79c7b,0,0,0,11,0,1,1,1,1789974335
2026-09-21T07:07:19+00:00,2026-09-21T07:08:07.697424+00:00,2118368356250680236,2118368356250680236,0,0,0,16,0,1,1,1,1789974333
2026-09-21T07:07:19+00:00,2026-09-21T07:08:07.697424+00:00,2220822464984366036,2220822464984366036,2,2,0,9,1,1,1,1,1789974334
2026-09-21T07:07:19+00:00,2026-09-21T07:08:07.697424+00:00,f834ab92-0de8-11e7-991c-3863bb43a7d0,95,13,4,2,0,0,1,1,1,1789974332
2026-09-21T07:07:19+00:00,2026-09-21T07:08:07.697424+00:00,a83f982f-a4f1-43e4-98e8-c8f4a0bb7290,452,9,1,1,5,0,1,1,1,1789974374
2026-09-21T07:07:19+00:00,2026-09-21T07:08:07.697424+00:00,13d4171b-6d93-490e-923f-f2a17d5c7613,13d4171b-6d93-490e-923f-f2a17d5c7613,3,0,0,8,0,1,1,1,1789974373
2026-09-21T07:07:19+00:00,2026-09-21T07:08:07.697424+00:00,f8351490-0de8-11e7-991c-3863bb43a7d0,179,50,9,3,0,0,1,1,1,1789974419
2026-09-21T07:07:19+00:00,2026-09-21T07:08:07.697424+00:00,c1789d39-705f-4c03-9c14-4d6a3a4f4400,561,1,0,0,18,0,1,1,1,1789974420
2026-09-21T07:07:19+00:00,2026-09-21T07:08:07.697424+00:00,2038981933682610536,2038981933682610536,8,5,2,5,1,1,1,1,1789974421
2026-09-21T07:07:19+00:00,2026-09-21T07:08:07.697424+00:00,186accbb-6a08-4e1d-b267-9033c4443a56,401,13,4,1,1,0,1,1,1,1789974421
2026-09-21T07:07:19+00:00,2026-09-21T07:08:07.697424+00:00,74cb9bf6-bb53-4c70-88d2-67998b99628c,296,20,3,1,2,0,1,1,1,1789974407
2026-09-21T07:07:19+00:00,2026-09-21T07:08:07.697424+00:00,f834824e-0de8-11e7-991c-3863bb43a7d0,43,1,1,0,14,0,1,1,1,1789974419
2026-09-21T07:07:19+00:00,2026-09-21T07:08:07.697424+00:00,2002579415401984808,2002579415401984808,5,2,0,6,0,1,1,1,1789974417
2026-09-21T07:07:19+00:00,2026-09-21T07:08:07.697424+00:00,2071630998981871920,2071630998981871920,17,1,0,3,0,1,1,1,1789974417
2026-09-21T07:07:19+00:00,2026-09-21T07:08:07.697424+00:00,2151136782588526782,2151136782588526782,3,0,0,8,0,1,1,1,1789974416
2026-09-21T07:07:19+00:00,2026-09-21T07:08:07.697424+00:00,f8352378-0de8-11e7-991c-3863bb43a7d0,200,13,2,0,6,0,1,1,1,1789974418
2026-09-21T07:07:19+00:00,2026-09-21T07:08:07.697424+00:00,aa556ad4-0092-4687-96c2-8dbc69addb56,485,6,6,0,5,0,1,1,1,1789974327
2026-09-21T07:07:19+00:00,2026-09-21T07:08:07.697424+00:00,f83529e2-0de8-11e7-991c-3863bb43a7d0,211,10,0,0,5,0,1,1,1,1789974328
2026-09-21T07:07:19+00:00,2026-09-21T07:08:07.697424+00:00,d1c0b0c2-6e4c-424e-a946-a2a95a711633,422,7,4,0,8,0,1,1,1,1789974328
2026-09-21T07:07:19+00:00,2026-09-21T07:08:07.697424+00:00,c23a4c0d-7e43-4042-80e2-7c894d07763b,559,11,2,0,0,0,1,1,1,1789974339
2026-09-21T07:07:19+00:00,2026-09-21T07:08:07.697424+00:00,f83520d8-0de8-11e7-991c-3863bb43a7d0,195,14,2,0,9,0,1,1,1,1789974338
2026-09-21T07:07:19+00:00,2026-09-21T07:08:07.697424+00:00,81676204-e42f-4d3d-991e-9c1264f36229,357,9,1,0,6,0,1,1,1,1789974337
2026-09-21T07:07:19+00:00,2026-09-21T07:08:07.697424+00:00,228b8017-e4da-4722-9223-b8279a14b8ad,448,3,0,0,7,0,1,1,1,1789974337
2026-09-21T07:07:19+00:00,2026-09-21T07:08:07.697424+00:00,a3bf0bfe-198b-4160-a2fb-cc7d10cfb4cf,a3bf0bfe-198b-4160-a2fb-cc7d10cfb4cf,15,3,1,3,0,1,1,1,1789974339
2026-09-21T07:07:19+00:00,2026-09-21T07:08:07.697424+00:00,f8352ac4-0de8-11e7-991c-3863bb43a7d0,213,5,0,0,9,0,1,1,1,1789974423
2026-09-21T07:07:19+00:00,2026-09-21T07:08:07.697424+00:00,f8349ed6-0de8-11e7-991c-3863bb43a7d0,82,14,0,1,10,0,1,1,1,1789974423
2026-09-21T07:07:19+00:00,2026-09-21T07:08:07.697424+00:00,81bfc33b-30d8-4881-b261-712715a8b2bc,363,13,2,0,5,0,1,1,1,1789974423
2026-09-21T07:07:19+00:00,2026-09-21T07:08:07.697424+00:00,ed6c012e-6d6c-41e7-8e01-90749fd67575,546,6,3,0,9,1,1,1,1,1789974422
2026-09-21T07:07:19+00:00,2026-09-21T07:08:07.697424+00:00,2109111257926871498,2109111257926871498,12,1,3,4,0,1,1,1,1789974423
2026-09-21T07:07:19+00:00,2026-09-21T07:08:07.697424+00:00,a75d3da1-ce74-447f-8e80-52506a81aff3,a75d3da1-ce74-447f-8e80-52506a81aff3,3,0,0,8,0,1,1,1,1789974423
2026-09-21T07:07:19+00:00,2026-09-21T07:08:07.697424+00:00,f83483f3-0de8-11e7-991c-3863bb43a7d0,46,5,0,1,33,0,1,1,1,1789974423
2026-09-21T07:07:19+00:00,2026-09-21T07:08:07.697424+00:00,2040842277416872172,2040842277416872172,10,6,1,5,0,1,1,1,1789974425
2026-09-21T07:07:19+00:00,2026-09-21T07:08:07.697424+00:00,4fe8e777-345b-4fc2-a684-dd874e8186d8,4fe8e777-345b-4fc2-a684-dd874e8186d8,8,1,0,7,0,1,1,1,1789974425
2026-09-21T07:07:19+00:00,2026-09-21T07:08:07.697424+00:00,2014558273483754010,2014558273483754010,6,0,1,12,0,1,1,1,1789974424
2026-09-21T07:07:19+00:00,2026-09-21T07:08:07.697424+00:00,12141b77-6e5f-444b-bace-2abf16db4fee,12141b77-6e5f-444b-bace-2abf16db4fee,4,2,0,7,0,1,1,1,1789974424
2026-09-21T07:07:19+00:00,2026-09-21T07:08:07.697424+00:00,f834a3a0-0de8-11e7-991c-3863bb43a7d0,87,9,3,0,6,0,1,1,1,1789974425
2026-09-21T07:07:19+00:00,2026-09-21T07:08:07.697424+00:00,f834fc57-0de8-11e7-991c-3863bb43a7d0,140,9,3,0,8,0,1,1,1,1789974426
2026-09-21T07:07:19+00:00,2026-09-21T07:08:07.697424+00:00,0daf7408-7a15-4d2b-8c39-f1a097cdbe85,403,14,3,0,1,0,1,1,1,1789974427
2026-09-21T07:07:19+00:00,2026-09-21T07:08:07.697424+00:00,9cc65d3d-cfcc-45ff-8f75-7264556b1cf9,9cc65d3d-cfcc-45ff-8f75-7264556b1cf9,19,2,0,0,0,1,1,1,1789974425
2026-09-21T07:07:19+00:00,2026-09-21T07:08:07.697424+00:00,065e0e5d-8a0d-49b7-9c1f-c8eaba51a8b4,490,16,5,1,1,0,1,1,1,1789974310
2026-09-21T07:07:19+00:00,2026-09-21T07:08:07.697424+00:00,8347c34d-68df-404b-ac58-7a387cc3ce4b,414,21,1,0,2,0,1,1,1,1789974310
2026-09-21T07:07:19+00:00,2026-09-21T07:08:07.697424+00:00,be18593a-9e4c-4a13-8bb2-a5bac3d9b2b3,547,3,1,1,14,0,1,1,1,1789974309
2026-09-21T07:07:19+00:00,2026-09-21T07:08:07.697424+00:00,f8350a84-0de8-11e7-991c-3863bb43a7d0,157,0,0,0,15,0,1,1,1,1789974363
2026-09-21T07:07:19+00:00,2026-09-21T07:08:07.697424+00:00,2254164250455119196,2254164250455119196,7,1,0,8,0,1,1,1,1789974363
2026-09-21T07:07:19+00:00,2026-09-21T07:08:07.697424+00:00,2245672241002318634,2245672241002318634,11,2,1,6,0,1,1,1,1789974365
2026-09-21T07:07:19+00:00,2026-09-21T07:08:07.697424+00:00,f83489ff-0de8-11e7-991c-3863bb43a7d0,59,5,0,1,12,0,1,1,1,1789974367
2026-09-21T07:07:19+00:00,2026-09-21T07:08:07.697424+00:00,f834dc46-0de8-11e7-991c-3863bb43a7d0,122,4,2,0,11,0,1,1,1,1789974366
2026-09-21T07:07:19+00:00,2026-09-21T07:08:07.697424+00:00,f8348a68-0de8-11e7-991c-3863bb43a7d0,60,2,0,1,14,0,1,1,1,1789974366
2026-09-21T07:07:19+00:00,2026-09-21T07:08:07.697424+00:00,f8349e56-0de8-11e7-991c-3863bb43a7d0,81,9,0,1,9,0,1,1,1,1789974391
2026-09-21T07:07:19+00:00,2026-09-21T07:08:07.697424+00:00,f8351726-0de8-11e7-991c-3863bb43a7d0,185,6,1,0,9,0,1,1,1,1789974391
2026-09-21T07:07:19+00:00,2026-09-21T07:08:07.697424+00:00,2129865213174084448,2129865213174084448,9,1,0,10,0,1,1,1,1789974392
2026-09-21T07:07:19+00:00,2026-09-21T07:08:07.697424+00:00,c202f2ca-ec1d-4dc5-a734-e0a342f23ba4,279,14,2,0,9,0,1,1,1,1789974311
2026-09-21T07:07:19+00:00,2026-09-21T07:08:07.697424+00:00,2002248857751890568,2002248857751890568,3,1,0,8,0,1,1,1,1789974311
2026-09-21T07:07:19+00:00,2026-09-21T07:08:07.697424+00:00,9c8366d8-3b58-4894-b281-09e22f6fe5f7,464,5,2,0,6,0,1,1,1,1789974311
2026-09-21T07:07:19+00:00,2026-09-21T07:08:07.697424+00:00,f83480a9-0de8-11e7-991c-3863bb43a7d0,40,24,0,1,6,0,1,1,1,1789974312
2026-09-21T07:07:19+00:00,2026-09-21T07:08:07.697424+00:00,1989983491501558234,1989983491501558234,5,2,1,5,0,1,1,1,1789974321
2026-09-21T07:07:19+00:00,2026-09-21T07:08:07.697424+00:00,1921360868231155718,1921360868231155718,2,0,0,17,0,1,1,1,1789974350
2026-09-21T07:07:19+00:00,2026-09-21T07:08:07.697424+00:00,f8346f6f-0de8-11e7-991c-3863bb43a7d0,19,10,1,0,5,0,1,1,1,1789974350
2026-09-21T07:07:19+00:00,2026-09-21T07:08:07.697424+00:00,ad2fb6f2-921f-440c-83de-08be76e35c2a,468,10,0,0,5,0,1,1,1,1789974351
2026-09-21T07:07:19+00:00,2026-09-21T07:08:07.697424+00:00,f8285d4f-5053-4e26-bb28-72016fe11353,405,11,3,0,8,0,1,1,1,1789974350
2026-09-21T07:07:19+00:00,2026-09-21T07:08:07.697424+00:00,fe6a64e7-c712-404c-85ae-ee77a37245b1,355,13,0,1,3,0,1,1,1,1789974348
2026-09-21T07:07:19+00:00,2026-09-21T07:08:07.697424+00:00,f834658f-0de8-11e7-991c-3863bb43a7d0,4,12,0,0,7,0,1,1,1,1789974352
2026-09-21T07:07:19+00:00,2026-09-21T07:08:07.697424+00:00,eee3aab6-bd98-4d1f-8887-9c4e2adce482,eee3aab6-bd98-4d1f-8887-9c4e2adce482,6,1,0,5,0,1,1,1,1789974352
2026-09-21T07:07:19+00:00,2026-09-21T07:08:07.697424+00:00,e2c306f6-82c7-4d0d-89fd-c9452d2f9ad1,361,28,0,1,13,0,1,1,1,1789974352
2026-09-21T07:07:19+00:00,2026-09-21T07:08:07.697424+00:00,f83481c5-0de8-11e7-991c-3863bb43a7d0,42,0,0,1,30,0,1,1,1,1789974349
2026-09-21T07:07:19+00:00,2026-09-21T07:08:07.697424+00:00,fe534b6f-61ad-47d3-b9f6-cdaa128f53a4,395,5,2,0,10,0,1,1,1,1789974350
2026-09-21T07:07:19+00:00,2026-09-21T07:08:07.697424+00:00,4c128753-6fde-4d4c-896e-a1adf89ada98,4c128753-6fde-4d4c-896e-a1adf89ada98,0,0,0,25,0,1,1,1,1789974347
2026-09-21T07:07:19+00:00,2026-09-21T07:08:07.697424+00:00,f834ba08-0de8-11e7-991c-3863bb43a7d0,108,4,2,0,13,0,1,1,1,1789974381
2026-09-21T07:07:19+00:00,2026-09-21T07:08:07.697424+00:00,7df1ee28-441e-44c1-8507-8f58946be96b,239,8,0,2,5,0,1,1,1,1789974382
2026-09-21T07:07:19+00:00,2026-09-21T07:08:07.697424+00:00,6e340d8e-45db-4fd9-b6eb-b74ec73b0d3e,535,2,1,0,13,0,1,1,1,1789974382
2026-09-21T07:07:19+00:00,2026-09-21T07:08:07.697424+00:00,f8347b1e-0de8-11e7-991c-3863bb43a7d0,30,0,0,0,15,0,1,1,1,1789974381
2026-09-21T07:07:19+00:00,2026-09-21T07:08:07.697424+00:00,9340e113-e0b2-48ac-b58a-8b6f001b0a94,486,6,3,1,4,0,1,1,1,1789974382
2026-09-21T07:07:19+00:00,2026-09-21T07:08:07.697424+00:00,1676a6f7-c417-48d2-92e8-5ce21995efc3,374,7,0,0,12,0,1,1,1,1789974382
2026-09-21T07:07:19+00:00,2026-09-21T07:08:07.697424+00:00,1978882443666915710,1978882443666915710,9,0,0,8,1,1,1,1,1789974382
2026-09-21T07:07:19+00:00,2026-09-21T07:08:07.697424+00:00,f834f8ca-0de8-11e7-991c-3863bb43a7d0,137,17,8,1,1,0,1,1,1,1789974382
2026-09-21T07:07:19+00:00,2026-09-21T07:08:07.697424+00:00,ca76adb6-4c84-4484-9ec3-b411b81ddbef,ca76adb6-4c84-4484-9ec3-b411b81ddbef,9,0,0,10,0,1,1,1,1789974382
2026-09-21T07:07:19+00:00,2026-09-21T07:08:07.697424+00:00,52485851-e554-49de-ab9f-f536806d2d34,52485851-e554-49de-ab9f-f536806d2d34,1,1,2,8,0,1,1,1,1789974380
2026-09-21T07:07:19+00:00,2026-09-21T07:08:07.697424+00:00,5bbdd12f-fec4-4741-9d5d-4a60834c5d02,377,17,1,0,2,0,1,1,1,1789974380
2026-09-21T07:07:19+00:00,2026-09-21T07:08:07.697424+00:00,2131760674371160748,2131760674371160748,8,0,0,12,0,1,1,1,1789974387
2026-09-21T07:07:19+00:00,2026-09-21T07:08:07.697424+00:00,f8350204-0de8-11e7-991c-3863bb43a7d0,151,2,0,1,16,0,1,1,1,1789974387
2026-09-21T07:07:19+00:00,2026-09-21T07:08:07.697424+00:00,2098360140389493528,2098360140389493528,6,4,0,5,0,1,1,1,1789974385
2026-09-21T07:07:19+00:00,2026-09-21T07:08:07.697424+00:00,4f25f6ef-236b-43b4-8a92-68a24db0504b,4f25f6ef-236b-43b4-8a92-68a24db0504b,8,1,0,6,0,1,1,1,1789974384
2026-09-21T07:07:19+00:00,2026-09-21T07:08:07.697424+00:00,1a39ab83-f029-4134-aad4-35380b30bf2c,1a39ab83-f029-4134-aad4-35380b30bf2c,5,0,1,13,0,1,1,1,1789974384
2026-09-21T07:07:19+00:00,2026-09-21T07:08:07.697424+00:00,f83471a1-0de8-11e7-991c-3863bb43a7d0,23,9,1,0,16,0,1,1,1,1789974314
2026-09-21T07:07:19+00:00,2026-09-21T07:08:07.697424+00:00,403c0f6c-d01a-4171-a7be-3aa4dbb0d7d1,407,17,12,0,1,0,1,1,1,1789974319
2026-09-21T07:07:19+00:00,2026-09-21T07:08:07.697424+00:00,e32c0bb9-e85b-4764-b0fb-5c582cfd3a90,340,17,6,0,2,0,1,1,1,1789974344
2026-09-21T07:07:19+00:00,2026-09-21T07:08:07.697424+00:00,c5017e67-cada-4549-a52e-0f13dddd289d,424,18,0,0,1,0,1,1,1,1789974353
2026-09-21T07:07:19+00:00,2026-09-21T07:08:07.697424+00:00,f8351eb0-0de8-11e7-991c-3863bb43a7d0,190,13,2,0,24,0,1,1,1,1789974355
2026-09-21T07:07:19+00:00,2026-09-21T07:08:07.697424+00:00,f83515d8-0de8-11e7-991c-3863bb43a7d0,182,11,0,1,7,0,1,1,1,1789974355
2026-09-21T07:07:19+00:00,2026-09-21T07:08:07.697424+00:00,f834ec42-0de8-11e7-991c-3863bb43a7d0,131,9,0,2,7,0,1,1,1,1789974360
2026-09-21T07:07:19+00:00,2026-09-21T07:08:07.697424+00:00,1976642295079838524,1976642295079838524,7,6,0,3,0,1,1,1,1789974361
2026-09-21T07:07:19+00:00,2026-09-21T07:08:07.697424+00:00,f8351dc2-0de8-11e7-991c-3863bb43a7d0,188,15,5,0,0,0,1,1,1,1789974372
2026-09-21T07:07:19+00:00,2026-09-21T07:08:07.697424+00:00,5f8ced09-665c-41e5-b67e-1e58fac21830,521,1,0,1,9,0,1,1,1,1789974367
2026-09-21T07:07:19+00:00,2026-09-21T07:08:07.697424+00:00,2212258635631104970,2212258635631104970,8,0,0,15,0,1,1,1,1789974363
2026-09-21T07:07:19+00:00,2026-09-21T07:08:07.697424+00:00,12d463d2-ce50-43bd-81b1-6be4dbdbbc1b,430,10,0,0,9,0,1,1,1,1789974398
2026-09-21T07:07:19+00:00,2026-09-21T07:08:07.697424+00:00,f8352068-0de8-11e7-991c-3863bb43a7d0,194,11,4,0,8,0,1,1,1,1789974395
2026-09-21T07:07:19+00:00,2026-09-21T07:08:07.697424+00:00,f834ea45-0de8-11e7-991c-3863bb43a7d0,130,8,5,0,7,0,1,1,1,1789974396
2026-09-21T07:07:19+00:00,2026-09-21T07:08:07.697424+00:00,eb8824c3-9c84-4fec-8d6f-d537c8ab3beb,349,5,0,0,12,0,1,1,1,1789974394
2026-09-21T07:07:19+00:00,2026-09-21T07:08:07.697424+00:00,9e9be067-c6bb-41de-9491-eda69d24d6de,371,11,9,0,7,1,1,1,1,1789974397
2026-09-21T07:07:19+00:00,2026-09-21T07:08:07.697424+00:00,47c44bb1-d065-41f5-ad79-c18aee60af34,342,5,1,0,10,0,1,1,1,1789974398
2026-09-21T07:07:19+00:00,2026-09-21T07:08:07.697424+00:00,42886366-9cbf-432c-ba84-beef38877c87,408,15,7,0,0,0,1,1,1,1789974399
2026-09-21T07:07:19+00:00,2026-09-21T07:08:07.697424+00:00,f834caf2-0de8-11e7-991c-3863bb43a7d0,114,11,1,1,3,0,1,1,1,1789974399
2026-09-21T07:07:19+00:00,2026-09-21T07:08:07.697424+00:00,f834dedf-0de8-11e7-991c-3863bb43a7d0,124,11,0,0,3,0,1,1,1,1789974397
2026-09-21T07:07:19+00:00,2026-09-21T07:08:07.697424+00:00,bd1755dc-f26c-420e-85b3-fd025d0b5445,554,0,0,1,14,0,1,1,1,1789974398
2026-09-21T07:07:19+00:00,2026-09-21T07:08:07.697424+00:00,2035660824473983142,2035660824473983142,11,0,1,6,1,1,1,1,1789974404
2026-09-21T07:07:19+00:00,2026-09-21T07:08:07.697424+00:00,93381e13-cd04-4e10-ac81-9f5926aa01d5,333,20,1,1,4,0,1,1,1,1789974405
2026-09-21T07:07:19+00:00,2026-09-21T07:08:07.697424+00:00,2225590560002383786,2225590560002383786,0,0,0,14,0,1,1,1,1789974400
2026-09-21T07:07:19+00:00,2026-09-21T07:08:07.697424+00:00,53548ba4-ad0a-4d92-8e57-fd5c9f3ad102,399,6,0,0,9,0,1,1,1,1789974402
2026-09-21T07:07:19+00:00,2026-09-21T07:08:07.697424+00:00,f0f01d4c-ba4a-4ab2-9cc0-9fa1f9223300,394,4,0,0,10,0,1,1,1,1789974403
2026-09-21T07:07:19+00:00,2026-09-21T07:08:07.697424+00:00,f835260c-0de8-11e7-991c-3863bb43a7d0,206,2,0,0,38,0,1,1,1,1789974403
2026-09-21T07:07:19+00:00,2026-09-21T07:08:07.697424+00:00,2123672938202825324,2123672938202825324,6,1,0,9,0,1,1,1,1789974401
2026-09-21T07:07:19+00:00,2026-09-21T07:08:07.697424+00:00,00802fe6-4268-4dc8-8f55-0dbbc1665ce6,515,14,2,0,5,0,1,1,1,1789974405
2026-09-21T07:07:19+00:00,2026-09-21T07:08:07.697424+00:00,2212663228188806942,2212663228188806942,7,1,0,17,0,1,1,1,1789974406
2026-09-21T07:07:19+00:00,2026-09-21T07:08:07.697424+00:00,2d32e355-faee-407b-9bb7-45d80ffb059a,2d32e355-faee-407b-9bb7-45d80ffb059a,2,1,0,17,0,1,1,1,1789974409
2026-09-21T07:07:19+00:00,2026-09-21T07:08:07.697424+00:00,f834a7d1-0de8-11e7-991c-3863bb43a7d0,91,7,0,1,11,0,1,1,1,1789974410
2026-09-21T07:07:19+00:00,2026-09-21T07:08:07.697424+00:00,f834fede-0de8-11e7-991c-3863bb43a7d0,144,4,0,0,15,0,1,1,1,1789974409
2026-09-21T07:07:19+00:00,2026-09-21T07:08:07.697424+00:00,bd3d4824-7203-4edc-a314-cea2b413e886,319,19,17,0,7,1,1,1,1,1789974406
2026-09-21T07:07:19+00:00,2026-09-21T07:08:07.697424+00:00,2076849845777355316,2076849845777355316,2,0,0,30,0,1,1,1,1789974410
2026-09-21T07:07:19+00:00,2026-09-21T07:08:07.697424+00:00,0b0467c1-0c90-4529-a556-fe4d57835bbb,435,0,0,0,15,0,1,1,1,1789974411
2026-09-21T07:07:19+00:00,2026-09-21T07:08:07.697424+00:00,f834b99d-0de8-11e7-991c-3863bb43a7d0,107,0,0,1,18,0,1,1,1,1789974411
2026-09-21T07:07:19+00:00,2026-09-21T07:08:07.697424+00:00,2007420398783036020,2007420398783036020,2,0,0,18,0,1,1,1,1789974415
2026-09-21T07:07:19+00:00,2026-09-21T07:08:07.697424+00:00,2249419943962214726,2249419943962214726,9,1,1,9,0,1,1,1,1789974412
2026-09-21T07:07:19+00:00,2026-09-21T07:08:07.697424+00:00,2104f242-2dde-4ec0-8197-4454b1021ac1,381,19,5,0,4,1,1,1,1,1789974413
2026-09-21T07:07:19+00:00,2026-09-21T07:08:07.697424+00:00,7feae3ce-ddf2-4a45-a123-1209c8a9182b,484,5,3,0,6,0,1,1,1,1789974413
2026-09-21T07:07:19+00:00,2026-09-21T07:08:07.697424+00:00,1942556871369959976,1942556871369959976,4,4,0,15,0,1,1,1,1789974414
2026-09-21T07:07:19+00:00,2026-09-21T07:08:07.697424+00:00,9f582e05-15e0-4a39-aef5-c719e0c78e26,466,1,1,2,8,0,1,1,1,1789974428
2026-09-21T07:07:19+00:00,2026-09-21T07:08:07.697424+00:00,2096125468116637776,2096125468116637776,15,0,0,0,0,1,1,1,1789974428
2026-09-21T07:07:19+00:00,2026-09-21T07:08:07.697424+00:00,2093488029445054742,2093488029445054742,2,0,0,26,0,1,1,1,1789974428
2026-09-21T07:07:19+00:00,2026-09-21T07:08:07.697424+00:00,2130224177726511580,2130224177726511580,12,1,0,3,0,1,1,1,1789974429
2026-09-21T07:07:19+00:00,2026-09-21T07:08:07.697424+00:00,f83512c9-0de8-11e7-991c-3863bb43a7d0,175,14,3,0,3,0,1,1,1,1789974429
2026-09-21T07:07:19+00:00,2026-09-21T07:08:07.697424+00:00,1df03e33-c105-4e53-b013-d20056cd57f8,1df03e33-c105-4e53-b013-d20056cd57f8,0,0,0,0,0,0,0,0,86400
2026-09-21T07:07:19+00:00,2026-09-21T07:08:07.697424+00:00,8983c75a-12c1-4995-aedc-24c94bd895e3,384,0,0,4,15,0,1,0,0,1789940927
2026-09-21T07:07:19+00:00,2026-09-21T07:08:07.697424+00:00,f8347c41-0de8-11e7-991c-3863bb43a7d0,32,0,0,14,0,0,1,0,0,1789954975
2026-09-21T07:07:19+00:00,2026-09-21T07:08:07.697424+00:00,b205d2bb-bb76-49ac-8d14-85eec5a874d3,343,5,0,0,10,0,1,1,1,1789974311
2026-09-21T07:07:19+00:00,2026-09-21T07:08:07.697424+00:00,9bfa4a32-5598-46ea-a1a1-17b4c6ed9d84,431,4,2,0,11,0,1,1,1,1789974309
2026-09-21T07:07:19+00:00,2026-09-21T07:08:07.697424+00:00,0208190e-851c-417d-8bc7-1b218db97fbf,0208190e-851c-417d-8bc7-1b218db97fbf,1,0,0,22,0,1,1,1,1789974310
2026-09-21T07:07:19+00:00,2026-09-21T07:08:07.697424+00:00,ef6ef93b-488f-496b-afbf-3aedfd967129,517,5,1,1,9,0,1,1,1,1789974312
2026-09-21T07:07:19+00:00,2026-09-21T07:08:07.697424+00:00,2141791438824588162,2141791438824588162,11,4,1,7,0,1,1,1,1789974309
2026-09-21T07:07:19+00:00,2026-09-21T07:08:07.697424+00:00,f8347e78-0de8-11e7-991c-3863bb43a7d0,36,0,0,0,31,0,1,1,1,1789974312
2026-09-21T07:07:19+00:00,2026-09-21T07:08:07.697424+00:00,1a661bb7-7d14-49e9-ac3d-22bafec8a2f0,507,6,5,1,4,0,1,1,1,1789974311
2026-09-21T07:07:19+00:00,2026-09-21T07:08:07.697424+00:00,f83491d4-0de8-11e7-991c-3863bb43a7d0,64,2,0,0,21,0,1,1,1,1789974315
2026-09-21T07:07:19+00:00,2026-09-21T07:08:07.697424+00:00,51bb4381-dae4-4aeb-b213-0614b807be29,344,14,4,0,5,0,1,1,1,1789974317
2026-09-21T07:07:19+00:00,2026-09-21T07:08:07.697424+00:00,8d893519-bc21-4536-b346-f558988bc8ad,260,9,1,0,6,0,1,1,1,1789974314
2026-09-21T07:07:19+00:00,2026-09-21T07:08:07.697424+00:00,ea65c25f-0718-4f79-8588-c58b9fe3a105,226,12,0,0,3,0,1,1,1,1789974314
2026-09-21T07:07:19+00:00,2026-09-21T07:08:07.697424+00:00,903b9b5d-4244-43e4-8441-0d17f9a994f7,528,3,0,0,8,0,1,1,1,1789974339
2026-09-21T07:07:19+00:00,2026-09-21T07:08:07.697424+00:00,2118728866631796788,2118728866631796788,7,0,0,8,0,1,1,1,1789974338
2026-09-21T07:07:19+00:00,2026-09-21T07:08:07.697424+00:00,9721c80e-fc8f-474f-8918-b68c041d2836,9721c80e-fc8f-474f-8918-b68c041d2836,6,0,1,16,0,1,1,1,1789974340
2026-09-21T07:07:19+00:00,2026-09-21T07:08:07.697424+00:00,2027502297316997708,2027502297316997708,7,1,0,4,0,1,1,1,1789974344
2026-09-21T07:07:19+00:00,2026-09-21T07:08:07.697424+00:00,940638c5-7cd0-4a11-899e-86af3868d400,532,7,0,0,11,0,1,1,1,1789974354
2026-09-21T07:07:19+00:00,2026-09-21T07:08:07.697424+00:00,f834b8b3-0de8-11e7-991c-3863bb43a7d0,105,17,0,0,2,0,1,1,1,1789974355
2026-09-21T07:07:19+00:00,2026-09-21T07:08:07.697424+00:00,1963613484180639992,1963613484180639992,6,3,0,13,0,1,1,1,1789974352
2026-09-21T07:07:19+00:00,2026-09-21T07:08:07.697424+00:00,b34694c2-c640-4f70-b196-1c357ab798e0,b34694c2-c640-4f70-b196-1c357ab798e0,4,0,1,10,0,1,1,1,1789974324
2026-09-21T07:07:19+00:00,2026-09-21T07:08:07.697424+00:00,f8351f1d-0de8-11e7-991c-3863bb43a7d0,191,6,1,0,9,0,1,1,1,1789974323
2026-09-21T07:07:19+00:00,2026-09-21T07:08:07.697424+00:00,cf5f920f-b61d-4db0-b139-14aff04d577c,459,11,5,0,12,0,1,1,1,1789974326
2026-09-21T07:07:19+00:00,2026-09-21T07:08:07.697424+00:00,a6e0db4f-fc9b-42af-bfe0-36cc0259b717,446,12,0,1,3,0,1,1,1,1789974334
2026-09-21T07:07:19+00:00,2026-09-21T07:08:07.697424+00:00,f2b83aa2-86cd-4904-a099-74bf2023f768,330,12,2,1,1,0,1,1,1,1789974334
2026-09-21T07:07:19+00:00,2026-09-21T07:08:07.697424+00:00,f8348622-0de8-11e7-991c-3863bb43a7d0,50,0,0,1,18,0,1,1,1,1789974331
2026-09-21T07:07:19+00:00,2026-09-21T07:08:07.697424+00:00,81323081-749c-44cf-ac62-0e6c64305c32,461,7,3,0,4,0,1,1,1,1789974332
2026-09-21T07:07:19+00:00,2026-09-21T07:08:07.697424+00:00,f8346d23-0de8-11e7-991c-3863bb43a7d0,15,12,4,0,3,0,1,1,1,1789974332
2026-09-21T07:07:19+00:00,2026-09-21T07:08:07.697424+00:00,f8347f09-0de8-11e7-991c-3863bb43a7d0,37,2,0,0,13,0,1,1,1,1789974329
2026-09-21T07:07:19+00:00,2026-09-21T07:08:07.697424+00:00,f8352ba8-0de8-11e7-991c-3863bb43a7d0,215,4,0,0,11,0,1,1,1,1789974330
2026-09-21T07:07:19+00:00,2026-09-21T07:08:07.697424+00:00,f834662c-0de8-11e7-991c-3863bb43a7d0,5,7,0,0,8,0,1,1,1,1789974329
2026-09-21T07:07:19+00:00,2026-09-21T07:08:07.697424+00:00,25a9114f-66f0-427c-920f-5526ca84f056,346,9,3,1,5,0,1,1,1,1789974346
2026-09-21T07:07:19+00:00,2026-09-21T07:08:07.697424+00:00,f83482d2-0de8-11e7-991c-3863bb43a7d0,44,11,1,0,20,0,1,1,1,1789974346
2026-09-21T07:07:19+00:00,2026-09-21T07:08:07.697424+00:00,1994466222105870452,1994466222105870452,7,7,0,4,0,1,1,1,1789974349
2026-09-21T07:07:19+00:00,2026-09-21T07:08:07.697424+00:00,d7507124-4cab-4063-8445-a59a33a3d6e4,512,16,8,0,3,0,1,1,1,1789974348
2026-09-21T07:07:19+00:00,2026-09-21T07:08:07.697424+00:00,f83513a7-0de8-11e7-991c-3863bb43a7d0,177,0,0,1,18,0,1,1,1,1789974345
2026-09-21T07:07:19+00:00,2026-09-21T07:08:07.697424+00:00,ff938129-8179-455c-9ac9-9fcb9fc0b6d5,ff938129-8179-455c-9ac9-9fcb9fc0b6d5,18,4,0,1,0,1,1,1,1789974346
2026-09-21T07:07:19+00:00,2026-09-21T07:08:07.697424+00:00,888780ee-bf2f-474e-9622-6bc725aa1b00,888780ee-bf2f-474e-9622-6bc725aa1b00,0,0,2,9,0,1,1,1,1789974349
2026-09-21T07:07:19+00:00,2026-09-21T07:08:07.697424+00:00,f834f6a3-0de8-11e7-991c-3863bb43a7d0,135,0,0,1,16,0,1,1,1,1789974357
2026-09-21T07:07:19+00:00,2026-09-21T07:08:07.697424+00:00,2039109354743046934,2039109354743046934,17,0,1,1,1,1,1,1,1789974358
2026-09-21T07:07:19+00:00,2026-09-21T07:08:07.697424+00:00,d5349097-b478-4b3f-9c46-d8fbcf38e3f4,509,7,1,0,5,0,1,1,1,1789974361
2026-09-21T07:07:19+00:00,2026-09-21T07:08:07.697424+00:00,f835288a-0de8-11e7-991c-3863bb43a7d0,208,13,2,0,2,0,1,1,1,1789974362
2026-09-21T07:07:19+00:00,2026-09-21T07:08:07.697424+00:00,f834b101-0de8-11e7-991c-3863bb43a7d0,97,16,1,3,0,0,1,1,1,1789974361
2026-09-21T07:07:19+00:00,2026-09-21T07:08:07.697424+00:00,2259733531216984776,2259733531216984776,4,2,1,10,0,1,1,1,1789974367
2026-09-21T07:07:19+00:00,2026-09-21T07:08:07.697424+00:00,7f68a70d-af0e-450a-b7a8-ce621cd0c8c1,280,15,13,1,3,0,1,1,1,1789974366
2026-09-21T07:07:19+00:00,2026-09-21T07:08:07.697424+00:00,f8349440-0de8-11e7-991c-3863bb43a7d0,68,3,1,1,15,0,1,1,1,1789974368
2026-09-21T07:07:19+00:00,2026-09-21T07:08:07.697424+00:00,f8349b20-0de8-11e7-991c-3863bb43a7d0,76,1,0,0,16,0,1,1,1,1789974369
2026-09-21T07:07:19+00:00,2026-09-21T07:08:07.697424+00:00,f8350cc1-0de8-11e7-991c-3863bb43a7d0,162,9,3,0,6,0,1,1,1,1789974369
2026-09-21T07:07:19+00:00,2026-09-21T07:08:07.697424+00:00,c5cfd1ed-aa44-4e20-96bb-e334c96f0d68,376,9,2,1,5,0,1,1,1,1789974374
2026-09-21T07:07:19+00:00,2026-09-21T07:08:07.697424+00:00,f8346803-0de8-11e7-991c-3863bb43a7d0,8,3,1,2,14,0,1,1,1,1789974373
2026-09-21T07:07:19+00:00,2026-09-21T07:08:07.697424+00:00,df03c61a-29d7-445d-9980-d7f058916591,345,1,0,0,18,0,1,1,1,1789974374
2026-09-21T07:07:19+00:00,2026-09-21T07:08:07.697424+00:00,5b1d2661-8a93-4f14-b242-ebc52792f951,337,4,1,0,11,0,1,1,1,1789974371
2026-09-21T07:07:19+00:00,2026-09-21T07:08:07.697424+00:00,61168d8b-20b7-46c8-8f08-6ae1f100c4e0,550,8,4,0,9,0,1,1,1,1789974376
2026-09-21T07:07:19+00:00,2026-09-21T07:08:07.697424+00:00,f834a8a0-0de8-11e7-991c-3863bb43a7d0,93,2,0,1,29,0,1,1,1,1789974376
2026-09-21T07:07:19+00:00,2026-09-21T07:08:07.697424+00:00,f834e534-0de8-11e7-991c-3863bb43a7d0,128,18,5,0,1,0,1,1,1,1789974376
2026-09-21T07:07:19+00:00,2026-09-21T07:08:07.697424+00:00,f834a959-0de8-11e7-991c-3863bb43a7d0,94,7,5,0,4,0,1,1,1,1789974377
2026-09-21T07:07:19+00:00,2026-09-21T07:08:07.697424+00:00,2145094035874873892,2145094035874873892,19,3,0,0,0,1,1,1,1789974380
2026-09-21T07:07:19+00:00,2026-09-21T07:08:07.697424+00:00,8b97606e-a849-4db8-ae9b-4009fe48d90b,556,10,0,1,8,0,1,1,1,1789974377
2026-09-21T07:07:19+00:00,2026-09-21T07:08:07.697424+00:00,68e5e79a-3c94-4848-b619-9c0829d7f687,475,9,3,0,6,0,1,1,1,1789974388
2026-09-21T07:07:19+00:00,2026-09-21T07:08:07.697424+00:00,1965873511294959658,1965873511294959658,7,0,0,16,0,1,1,1,1789974388
2026-09-21T07:07:19+00:00,2026-09-21T07:08:07.697424+00:00,7e1dae55-4d3d-4a41-b969-2aeca70e0e69,7e1dae55-4d3d-4a41-b969-2aeca70e0e69,3,1,1,7,0,1,1,1,1789974388
2026-09-21T07:07:19+00:00,2026-09-21T07:08:07.697424+00:00,f834cfd8-0de8-11e7-991c-3863bb43a7d0,117,9,1,0,8,0,1,1,1,1789974386
2026-09-21T07:07:19+00:00,2026-09-21T07:08:07.697424+00:00,2014865445230483952,2014865445230483952,15,1,0,1,0,1,1,1,1789974387
2026-09-21T07:07:19+00:00,2026-09-21T07:08:07.697424+00:00,ad2cf74c-0e8c-4e15-8f19-2259e8c82f0f,404,15,0,0,1,0,1,1,1,1789974399
2026-09-21T07:07:19+00:00,2026-09-21T07:08:07.697424+00:00,6aebc664-1e3c-479f-8f65-2bae99215ed3,6aebc664-1e3c-479f-8f65-2bae99215ed3,7,2,0,4,0,1,1,1,1789974400
2026-09-21T07:07:19+00:00,2026-09-21T07:08:07.697424+00:00,2119105928286481344,2119105928286481344,8,0,0,11,0,1,1,1,1789974395
2026-09-21T07:07:19+00:00,2026-09-21T07:08:07.697424+00:00,2043911250700610106,2043911250700610106,4,0,0,11,0,1,1,1,1789974399
2026-09-21T07:07:19+00:00,2026-09-21T07:08:07.697424+00:00,2080205593583047424,2080205593583047424,3,0,0,13,0,1,1,1,1789974397
2026-09-21T07:07:19+00:00,2026-09-21T07:08:07.697424+00:00,aa964f5b-fadf-4fc1-8c91-84ee36e15f0d,341,2,1,0,13,0,1,1,1,1789974399
2026-09-21T07:07:19+00:00,2026-09-21T07:08:07.697424+00:00,1cced911-b428-4cfd-81be-3a8f77ce7379,233,14,3,1,0,0,1,1,1,1789974391
2026-09-21T07:07:19+00:00,2026-09-21T07:08:07.697424+00:00,f8350b76-0de8-11e7-991c-3863bb43a7d0,159,17,2,1,2,0,1,1,1,1789974393
2026-09-21T07:07:19+00:00,2026-09-21T07:08:07.697424+00:00,2069389896750516900,2069389896750516900,3,0,0,17,0,1,1,1,1789974297
2026-09-21T07:07:19+00:00,2026-09-21T07:08:07.697424+00:00,295553ea-851b-4ac2-a094-f9d1208e399a,412,3,1,1,15,0,1,1,1,1789974390
2026-09-21T07:07:19+00:00,2026-09-21T07:08:07.697424+00:00,f83492b4-0de8-11e7-991c-3863bb43a7d0,66,14,2,1,0,0,1,1,1,1789974390
2026-09-21T07:07:19+00:00,2026-09-21T07:08:07.697424+00:00,2227858849424910006,2227858849424910006,6,4,0,2,0,1,1,1,1789974383
2026-09-21T07:07:19+00:00,2026-09-21T07:08:07.697424+00:00,2110984374959099994,2110984374959099994,18,5,1,1,0,1,1,1,1789974402
2026-09-21T07:07:19+00:00,2026-09-21T07:08:07.697424+00:00,f834708e-0de8-11e7-991c-3863bb43a7d0,21,8,0,0,10,0,1,1,1,1789974402
2026-09-21T07:07:19+00:00,2026-09-21T07:08:07.697424+00:00,dede6d5f-7d62-496e-a8ca-d5a64afe39c1,544,15,2,0,0,0,1,1,1,1789974403
2026-09-21T07:07:19+00:00,2026-09-21T07:08:07.697424+00:00,36f36eed-1070-49be-8b31-5676b8b3489f,227,1,0,1,17,0,1,1,1,1789974405
2026-09-21T07:07:19+00:00,2026-09-21T07:08:07.697424+00:00,2085737662370069102,2085737662370069102,8,5,3,9,0,1,1,1,1789974404
2026-09-21T07:07:19+00:00,2026-09-21T07:08:07.697424+00:00,7560f0e3-267b-4fb3-bbfa-6e02010cfcb7,225,17,3,1,1,0,1,1,1,1789974403
2026-09-21T07:07:19+00:00,2026-09-21T07:08:07.697424+00:00,2249415127458891992,2249415127458891992,10,0,1,4,0,1,1,1,1789974405
2026-09-21T07:07:19+00:00,2026-09-21T07:08:07.697424+00:00,8a404180-7c2e-4dbe-9489-c478ed959282,8a404180-7c2e-4dbe-9489-c478ed959282,11,1,0,8,0,1,1,1,1789974409
2026-09-21T07:07:19+00:00,2026-09-21T07:08:07.697424+00:00,f83497b9-0de8-11e7-991c-3863bb43a7d0,74,2,2,0,16,0,1,1,1,1789974406
2026-09-21T07:07:19+00:00,2026-09-21T07:08:07.697424+00:00,f834abfd-0de8-11e7-991c-3863bb43a7d0,96,6,1,0,13,0,1,1,1,1789974407
2026-09-21T07:07:19+00:00,2026-09-21T07:08:07.697424+00:00,f8352534-0de8-11e7-991c-3863bb43a7d0,204,10,4,0,5,0,1,1,1,1789974408
2026-09-21T07:07:19+00:00,2026-09-21T07:08:07.697424+00:00,d8ce5f8b-2440-45e1-ab1c-23cb3bcbde84,527,4,0,0,9,0,1,1,1,1789974409
2026-09-21T07:07:19+00:00,2026-09-21T07:08:07.697424+00:00,f8350ecf-0de8-11e7-991c-3863bb43a7d0,167,3,2,0,12,0,1,1,1,1789974411
2026-09-21T07:07:19+00:00,2026-09-21T07:08:07.697424+00:00,23146f28-9762-4a6d-a6db-fcd4ff0e5d07,356,10,0,2,11,0,1,1,1,1789974410
2026-09-21T07:07:19+00:00,2026-09-21T07:08:07.697424+00:00,48abed77-c9ba-4a39-8a5c-6a1e9bb8a9a5,48abed77-c9ba-4a39-8a5c-6a1e9bb8a9a5,13,4,0,3,0,1,1,1,1789974411
2026-09-21T07:07:19+00:00,2026-09-21T07:08:07.697424+00:00,b6a8522d-296d-4c05-887d-842374520780,545,7,7,0,7,0,1,1,1,1789974412
2026-09-21T07:07:19+00:00,2026-09-21T07:08:07.697424+00:00,f8346ad7-0de8-11e7-991c-3863bb43a7d0,11,0,0,0,13,0,1,1,1,1789974409
2026-09-21T07:07:19+00:00,2026-09-21T07:08:07.697424+00:00,f8352219-0de8-11e7-991c-3863bb43a7d0,197,9,3,1,5,0,1,1,1,1789974408
2026-09-21T07:07:19+00:00,2026-09-21T07:08:07.697424+00:00,2087949096844032050,2087949096844032050,7,0,0,8,0,1,1,1,1789974408
2026-09-21T07:07:19+00:00,2026-09-21T07:08:07.697424+00:00,2090158541932726550,2090158541932726550,14,1,0,1,0,1,1,1,1789974415
2026-09-21T07:07:19+00:00,2026-09-21T07:08:07.697424+00:00,1e1b40cd-8e00-4b74-b147-be6b23f5c9e7,385,5,1,0,10,0,1,1,1,1789974413
2026-09-21T07:07:19+00:00,2026-09-21T07:08:07.697424+00:00,e4678b17-face-42c3-9b5f-98418d31e3b6,e4678b17-face-42c3-9b5f-98418d31e3b6,1,0,0,10,0,1,1,1,1789974413
2026-09-21T07:07:19+00:00,2026-09-21T07:08:07.697424+00:00,1986302395589722758,1986302395589722758,2,0,0,8,0,1,1,1,1789974413
2026-09-21T07:07:19+00:00,2026-09-21T07:08:07.697424+00:00,f834723b-0de8-11e7-991c-3863bb43a7d0,24,0,0,0,23,0,1,1,1,1789974414
2026-09-21T07:07:19+00:00,2026-09-21T07:08:07.697424+00:00,1994054629753598708,1994054629753598708,9,0,0,5,0,1,1,1,1789974419
2026-09-21T07:07:19+00:00,2026-09-21T07:08:07.697424+00:00,2085366936904166272,2085366936904166272,11,0,0,4,0,1,1,1,1789974419
2026-09-21T07:07:19+00:00,2026-09-21T07:08:07.697424+00:00,380de8b2-2728-4e4b-83f1-251bfbb5acf2,487,9,6,0,10,0,1,1,1,1789974419
2026-09-21T07:07:19+00:00,2026-09-21T07:08:07.697424+00:00,99675a11-a92c-465c-bf5a-434b08ba5fc6,400,17,2,3,32,0,1,1,1,1789974416
2026-09-21T07:07:19+00:00,2026-09-21T07:08:07.697424+00:00,2088704000370565344,2088704000370565344,6,5,1,5,0,1,1,1,1789974229
2026-09-21T07:07:19+00:00,2026-09-21T07:08:07.697424+00:00,f83488be-0de8-11e7-991c-3863bb43a7d0,56,8,0,0,10,0,1,1,1,1789974417
2026-09-21T07:07:19+00:00,2026-09-21T07:08:07.697424+00:00,f83517fa-0de8-11e7-991c-3863bb43a7d0,187,11,0,0,4,0,1,1,1,1789974418
2026-09-21T07:07:19+00:00,2026-09-21T07:08:07.697424+00:00,fe90d430-d33f-48b2-a5cd-bc161b220939,553,9,0,1,12,0,1,1,1,1789974420
2026-09-21T07:07:19+00:00,2026-09-21T07:08:07.697424+00:00,270ad97d-035d-472a-9827-76d3187afc56,402,10,0,0,5,0,1,1,1,1789974420
2026-09-21T07:07:19+00:00,2026-09-21T07:08:07.697424+00:00,90330e1a-dee5-4914-9d3f-3891aeca12ca,434,11,5,0,8,0,1,1,1,1789974420
2026-09-21T07:07:19+00:00,2026-09-21T07:08:07.697424+00:00,56817d8e-3a1c-431a-a529-1a600f80c364,366,8,3,0,19,0,1,1,1,1789974425
2026-09-21T07:07:19+00:00,2026-09-21T07:08:07.697424+00:00,868ccc83-99e5-4faf-96eb-e1fae26b9741,481,12,0,0,7,0,1,1,1,1789974425
2026-09-21T07:07:19+00:00,2026-09-21T07:08:07.697424+00:00,ccf82572-a142-4378-9a4b-5a51fcb4ef81,350,5,0,0,12,0,1,1,1,1789974425
2026-09-21T07:07:19+00:00,2026-09-21T07:08:07.697424+00:00,f8347ccd-0de8-11e7-991c-3863bb43a7d0,33,1,0,0,26,0,1,1,1,1789974426
2026-09-21T07:07:19+00:00,2026-09-21T07:08:07.697424+00:00,fbc512a5-4b98-4821-bcfb-bb0c7ac83543,365,12,2,0,7,0,1,1,1,1789974422
2026-09-21T07:07:19+00:00,2026-09-21T07:08:07.697424+00:00,f83511d4-0de8-11e7-991c-3863bb43a7d0,173,14,2,0,0,0,1,1,1,1789974422
2026-09-21T07:07:19+00:00,2026-09-21T07:08:07.697424+00:00,57716f8d-c9ee-4768-8872-71343ec3ffd8,514,10,10,1,8,0,1,1,1,1789974422
2026-09-21T07:07:19+00:00,2026-09-21T07:08:07.697424+00:00,2090635592862466836,2090635592862466836,3,0,0,27,1,1,1,1,1789974422
2026-09-21T07:07:19+00:00,2026-09-21T07:08:07.697424+00:00,d22265a8-a6d7-4922-a6b5-4be738a9e5c4,392,5,2,0,10,0,1,1,1,1789974424
2026-09-21T07:07:19+00:00,2026-09-21T07:08:07.697424+00:00,1991922092203192944,1991922092203192944,0,0,0,19,0,1,1,1,1789974423
2026-09-21T07:07:19+00:00,2026-09-21T07:08:07.697424+00:00,f8346b6f-0de8-11e7-991c-3863bb43a7d0,12,22,0,1,4,0,1,1,1,1789974423
2026-09-21T07:07:19+00:00,2026-09-21T07:08:07.697424+00:00,f8352b39-0de8-11e7-991c-3863bb43a7d0,214,15,0,0,0,0,1,1,1,1789974427
2026-09-21T07:07:19+00:00,2026-09-21T07:08:07.697424+00:00,baab0b05-a028-4147-8432-a2726c7e48ea,328,1,0,0,14,0,1,1,1,1789974427
2026-09-21T07:07:19+00:00,2026-09-21T07:08:07.697424+00:00,2040842870122359032,2040842870122359032,2,0,0,18,0,1,1,1,1789974427
2026-09-21T07:07:19+00:00,2026-09-21T07:08:07.697424+00:00,f834c7a9-0de8-11e7-991c-3863bb43a7d0,112,7,1,0,8,0,1,1,1,1789974427
2026-09-21T07:07:19+00:00,2026-09-21T07:08:07.697424+00:00,2246034666940677832,2246034666940677832,8,4,0,3,0,1,1,1,1789974404
2026-09-21T07:07:19+00:00,2026-09-21T07:08:07.697424+00:00,f9524971-e9f9-4572-aebc-580e48de042f,f9524971-e9f9-4572-aebc-580e48de042f,15,2,0,4,0,1,1,1,1789974429
2026-09-21T07:07:19+00:00,2026-09-21T07:08:07.697424+00:00,0adccd89-1d8d-44da-9f7c-5f18acafeddf,338,4,1,1,10,0,1,1,1,1789974329
2026-09-21T07:07:19+00:00,2026-09-21T07:08:07.697424+00:00,abefafdc-c772-4671-86fe-fc15a42adebb,abefafdc-c772-4671-86fe-fc15a42adebb,1,0,0,22,0,1,1,1,1789974326
2026-09-21T07:07:19+00:00,2026-09-21T07:08:07.697424+00:00,f83523e3-0de8-11e7-991c-3863bb43a7d0,201,13,4,0,2,0,1,1,1,1789974326
2026-09-21T07:07:19+00:00,2026-09-21T07:08:07.697424+00:00,f24a573e-ef07-4785-9270-70c443510ea6,359,6,3,0,9,0,1,1,1,1789974329
2026-09-21T07:07:19+00:00,2026-09-21T07:08:07.697424+00:00,0f554e1d-9f0f-452d-9b4a-e00aa2c5911e,492,4,0,1,10,0,1,1,1,1789974329
2026-09-21T07:07:19+00:00,2026-09-21T07:08:07.697424+00:00,f36e24cd-de4c-4a5e-adf4-cb97ccd2958d,505,10,7,0,1,0,1,1,1,1789974329
2026-09-21T07:07:19+00:00,2026-09-21T07:08:07.697424+00:00,2107991976288962746,2107991976288962746,2,0,1,17,0,1,1,1,1789974309
2026-09-21T07:07:19+00:00,2026-09-21T07:08:07.697424+00:00,1960693490199507164,1960693490199507164,9,3,0,10,0,1,1,1,1789974331
2026-09-21T07:07:19+00:00,2026-09-21T07:08:07.697424+00:00,5bc7cba9-f0b0-442d-932c-e8c7927d87ce,386,17,2,0,2,0,1,1,1,1789974327
2026-09-21T07:07:19+00:00,2026-09-21T07:08:07.697424+00:00,93911aa1-b5e4-48aa-a2b6-38fbcf613006,93911aa1-b5e4-48aa-a2b6-38fbcf613006,12,0,0,6,0,1,1,1,1789974334
2026-09-21T07:07:19+00:00,2026-09-21T07:08:07.697424+00:00,f834b5d9-0de8-11e7-991c-3863bb43a7d0,103,14,0,0,1,0,1,1,1,1789974334
2026-09-21T07:07:19+00:00,2026-09-21T07:08:07.697424+00:00,287aedf5-0361-47e9-9de0-14ae3b75cc0d,287aedf5-0361-47e9-9de0-14ae3b75cc0d,10,0,0,11,0,1,1,1,1789974332
2026-09-21T07:07:19+00:00,2026-09-21T07:08:07.697424+00:00,342a2c60-71b0-4d19-98d6-47987cf20dbc,379,9,0,0,6,0,1,1,1,1789974336
2026-09-21T07:07:19+00:00,2026-09-21T07:08:07.697424+00:00,ef54374b-0406-4b17-b0a1-847f1d7bea06,410,6,0,0,9,0,1,1,1,1789974340
2026-09-21T07:07:19+00:00,2026-09-21T07:08:07.697424+00:00,c1ae49bd-2a20-4684-886b-ead8dd627cfd,c1ae49bd-2a20-4684-886b-ead8dd627cfd,15,0,1,0,0,1,1,1,1789974345
2026-09-21T07:07:19+00:00,2026-09-21T07:08:07.697424+00:00,ce55d1b1-4267-40a9-ad44-5eab888ce18a,ce55d1b1-4267-40a9-ad44-5eab888ce18a,0,0,0,23,0,1,1,1,1789974348
2026-09-21T07:07:19+00:00,2026-09-21T07:08:07.697424+00:00,2327cb08-fa9f-459b-9ab0-1a319b0f2f4c,539,12,3,0,6,0,1,1,1,1789974310
2026-09-21T07:07:19+00:00,2026-09-21T07:08:07.697424+00:00,1997031579059661288,1997031579059661288,5,0,0,6,0,1,1,1,1789974310
2026-09-21T07:07:19+00:00,2026-09-21T07:08:07.697424+00:00,9e710d48-51c1-460e-a027-3d16bde62b13,419,13,2,0,2,0,1,1,1,1789974310
2026-09-21T07:07:19+00:00,2026-09-21T07:08:07.697424+00:00,20b0b405-54ba-4a80-b89c-0819772665db,440,10,2,1,4,0,1,1,1,1789974312
2026-09-21T07:07:19+00:00,2026-09-21T07:08:07.697424+00:00,5f726a7d-5c5d-48b1-9b13-06c77572a237,516,9,2,0,2,0,1,1,1,1789974320
2026-09-21T07:07:19+00:00,2026-09-21T07:08:07.697424+00:00,f834b42d-0de8-11e7-991c-3863bb43a7d0,100,23,2,1,3,0,1,1,1,1789974319
2026-09-21T07:07:19+00:00,2026-09-21T07:08:07.697424+00:00,f8348136-0de8-11e7-991c-3863bb43a7d0,41,16,8,2,9,0,1,1,1,1789974316
2026-09-21T07:07:19+00:00,2026-09-21T07:08:07.697424+00:00,f83486ab-0de8-11e7-991c-3863bb43a7d0,51,3,0,0,12,0,1,1,1,1789974350
2026-09-21T07:07:19+00:00,2026-09-21T07:08:07.697424+00:00,ec3eea05-a3ff-43c6-9e24-0c63f09b915f,378,14,2,0,5,0,1,1,1,1789974352
2026-09-21T07:07:19+00:00,2026-09-21T07:08:07.697424+00:00,103a9881-e30a-4d57-b81d-863b995ff759,255,1,0,0,14,0,1,1,1,1789974354
2026-09-21T07:07:19+00:00,2026-09-21T07:08:07.697424+00:00,676ca473-eed6-4971-aaf3-e199a7ca335b,433,12,2,0,6,1,1,1,1,1789974357
2026-09-21T07:07:19+00:00,2026-09-21T07:08:07.697424+00:00,2170342425741020744,2170342425741020744,13,1,0,4,0,1,1,1,1789974356
2026-09-21T07:07:19+00:00,2026-09-21T07:08:07.697424+00:00,40e58976-02cc-4c7c-911f-7a6c97588bfa,520,10,2,0,11,0,1,1,1,1789974349
2026-09-21T07:07:19+00:00,2026-09-21T07:08:07.697424+00:00,1944724820826878816,1944724820826878816,8,2,1,8,0,1,1,1,1789974349
2026-09-21T07:07:19+00:00,2026-09-21T07:08:07.697424+00:00,f6df6c1a-064f-428a-951c-2069a081b9df,380,4,0,0,14,0,1,1,1,1789974348
2026-09-21T07:07:19+00:00,2026-09-21T07:08:07.697424+00:00,ba634139-d7bf-448f-aac4-25995d36b67b,373,7,6,0,8,0,1,1,1,1789974375
2026-09-21T07:07:19+00:00,2026-09-21T07:08:07.697424+00:00,350e73e3-6f70-4b2d-87ab-24c8629e9a6a,350e73e3-6f70-4b2d-87ab-24c8629e9a6a,15,1,0,3,1,1,1,1,1789974377
2026-09-21T07:07:19+00:00,2026-09-21T07:08:07.697424+00:00,f8346894-0de8-11e7-991c-3863bb43a7d0,9,12,0,3,0,0,1,1,1,1789974372
2026-09-21T07:07:19+00:00,2026-09-21T07:08:07.697424+00:00,2103549125054737064,2103549125054737064,5,0,1,10,0,1,1,1,1789974375
2026-09-21T07:07:19+00:00,2026-09-21T07:08:07.697424+00:00,f834f814-0de8-11e7-991c-3863bb43a7d0,136,16,0,0,3,0,1,1,1,1789974414
2026-09-21T07:07:19+00:00,2026-09-21T07:08:07.697424+00:00,2223043968513191970,2223043968513191970,5,0,0,11,0,1,1,1,1789974410
2026-09-21T07:07:19+00:00,2026-09-21T07:08:07.697424+00:00,83183df0-38c2-4ae8-a0c4-4b59599c9582,222,12,1,0,2,0,1,1,1,1789974410
2026-09-21T07:07:19+00:00,2026-09-21T07:08:07.697424+00:00,f834e1b2-0de8-11e7-991c-3863bb43a7d0,125,15,4,0,4,0,1,1,1,1789974413
2026-09-21T07:07:19+00:00,2026-09-21T07:08:07.697424+00:00,2111712079786088918,2111712079786088918,15,3,0,0,0,1,1,1,1789974411
2026-09-21T07:07:19+00:00,2026-09-21T07:08:07.697424+00:00,f35de2ab-979e-42d5-8cbd-dc479ed637e9,503,2,1,0,4,0,1,1,1,1789974412
2026-09-21T07:07:19+00:00,2026-09-21T07:08:07.697424+00:00,f834cf45-0de8-11e7-991c-3863bb43a7d0,116,10,0,0,13,0,1,1,1,1789974411
2026-09-21T07:07:19+00:00,2026-09-21T07:08:07.697424+00:00,2113555008851845550,2113555008851845550,6,0,1,13,0,1,1,1,1789974410
2026-09-21T07:07:19+00:00,2026-09-21T07:08:07.697424+00:00,f83516b8-0de8-11e7-991c-3863bb43a7d0,184,17,3,1,1,0,1,1,1,1789974418
2026-09-21T07:07:19+00:00,2026-09-21T07:08:07.697424+00:00,f83524c0-0de8-11e7-991c-3863bb43a7d0,203,3,1,1,11,0,1,1,1,1789974417
2026-09-21T07:07:19+00:00,2026-09-21T07:08:07.697424+00:00,2070180968009321294,2070180968009321294,8,1,0,11,2,1,1,1,1789974416
2026-09-21T07:07:19+00:00,2026-09-21T07:08:07.697424+00:00,13444449-b3a8-43d2-b8b9-a59fbc59a174,397,6,0,0,9,0,1,1,1,1789974419
2026-09-21T07:07:19+00:00,2026-09-21T07:08:07.697424+00:00,2078337213380274244,2078337213380274244,6,2,0,5,0,1,1,1,1789974421
2026-09-21T07:07:19+00:00,2026-09-21T07:08:07.697424+00:00,2217856523888952522,2217856523888952522,12,1,0,8,0,1,1,1,1789974384
2026-09-21T07:07:19+00:00,2026-09-21T07:08:07.697424+00:00,2029805507281123700,2029805507281123700,15,1,1,3,0,1,1,1,1789974423
2026-09-21T07:07:19+00:00,2026-09-21T07:08:07.697424+00:00,54d86d05-b399-42c5-a63a-a97713afc5d4,54d86d05-b399-42c5-a63a-a97713afc5d4,3,0,1,6,0,1,1,1,1789974426
2026-09-21T07:07:19+00:00,2026-09-21T07:08:07.697424+00:00,2043912031919765854,2043912031919765854,1,1,0,19,0,1,1,1,1789974427
2026-09-21T07:07:19+00:00,2026-09-21T07:08:07.697424+00:00,f8352c92-0de8-11e7-991c-3863bb43a7d0,217,7,0,0,11,0,1,1,1,1789974424
2026-09-21T07:07:19+00:00,2026-09-21T07:08:07.697424+00:00,2071632496372113488,2071632496372113488,17,1,1,2,0,1,1,1,1789974426
2026-09-21T07:07:19+00:00,2026-09-21T07:08:07.697424+00:00,7ec0c53c-876a-419c-a78b-4edd000bbc9a,445,17,8,0,2,0,1,1,1,1789974424
2026-09-21T07:07:19+00:00,2026-09-21T07:08:07.697424+00:00,5018e851-f2f3-4e18-9914-c316bbcc2c3d,331,8,1,2,5,0,1,1,1,1789974351
2026-09-21T07:07:19+00:00,2026-09-21T07:08:07.697424+00:00,2057166010169469732,2057166010169469732,1,0,0,14,0,1,1,1,1789974371
2026-09-21T07:07:19+00:00,2026-09-21T07:08:07.697424+00:00,f8351019-0de8-11e7-991c-3863bb43a7d0,169,17,1,1,1,0,1,1,1,1789974365
2026-09-21T07:07:19+00:00,2026-09-21T07:08:07.697424+00:00,2038619205667946906,2038619205667946906,16,0,0,4,0,1,1,1,1789974365
2026-09-21T07:07:19+00:00,2026-09-21T07:08:07.697424+00:00,f83494b4-0de8-11e7-991c-3863bb43a7d0,69,17,6,2,0,0,1,1,1,1789974366
2026-09-21T07:07:19+00:00,2026-09-21T07:08:07.697424+00:00,f8349824-0de8-11e7-991c-3863bb43a7d0,75,10,2,1,5,0,1,1,1,1789974369
2026-09-21T07:07:19+00:00,2026-09-21T07:08:07.697424+00:00,ddcc8869-b8d4-483c-b9da-457fcebc8dc1,417,7,0,0,12,0,1,1,1,1789974367
2026-09-21T07:07:19+00:00,2026-09-21T07:08:07.697424+00:00,2136942888571742916,2136942888571742916,3,0,0,12,0,1,1,1,1789974366
2026-09-21T07:07:19+00:00,2026-09-21T07:08:07.697424+00:00,f8346768-0de8-11e7-991c-3863bb43a7d0,7,1,0,0,14,0,1,1,1,1789974370
2026-09-21T07:07:19+00:00,2026-09-21T07:08:07.697424+00:00,f8347118-0de8-11e7-991c-3863bb43a7d0,22,0,0,0,35,0,1,1,1,1789974365
2026-09-21T07:07:19+00:00,2026-09-21T07:08:07.697424+00:00,53a148ca-ac69-4a9c-a986-9a4b4df2f5df,387,10,4,0,5,0,1,1,1,1789974388
2026-09-21T07:07:19+00:00,2026-09-21T07:08:07.697424+00:00,f834e244-0de8-11e7-991c-3863bb43a7d0,126,11,1,1,3,0,1,1,1,1789974389
2026-09-21T07:07:19+00:00,2026-09-21T07:08:07.697424+00:00,f8348995-0de8-11e7-991c-3863bb43a7d0,58,2,0,0,17,0,1,1,1,1789974389
2026-09-21T07:07:19+00:00,2026-09-21T07:08:07.697424+00:00,dfdaf866-b814-48e5-9bd3-eb7c4a733697,dfdaf866-b814-48e5-9bd3-eb7c4a733697,9,0,0,8,0,1,1,1,1789974384
2026-09-21T07:07:19+00:00,2026-09-21T07:08:07.697424+00:00,13918b3b-9ac5-4968-a74d-e40dd3bc952e,479,0,0,0,19,0,1,1,1,1789974384
2026-09-21T07:07:19+00:00,2026-09-21T07:08:07.697424+00:00,f83464e4-0de8-11e7-991c-3863bb43a7d0,3,3,0,0,12,0,1,1,1,1789974386
2026-09-21T07:07:19+00:00,2026-09-21T07:08:07.697424+00:00,d7ec834e-9d9a-402c-9956-7d5f42676b94,d7ec834e-9d9a-402c-9956-7d5f42676b94,8,3,0,7,0,1,1,1,1789974386
2026-09-21T07:07:19+00:00,2026-09-21T07:08:07.697424+00:00,02a4416f-80b4-4472-accd-5db482ed5b6d,367,14,0,0,5,0,1,1,1,1789974389
2026-09-21T07:07:19+00:00,2026-09-21T07:08:07.697424+00:00,533620e8-00ff-494a-b288-bd67602bc98e,472,0,0,0,25,0,1,1,1,1789974393
2026-09-21T07:07:19+00:00,2026-09-21T07:08:07.697424+00:00,36a8fbc8-6069-4a29-bbfd-63a2d019c9a5,415,0,0,0,18,0,1,1,1,1789974393
2026-09-21T07:07:19+00:00,2026-09-21T07:08:07.697424+00:00,a18e1e55-507e-49d8-b7c0-5c0efd959125,358,17,6,1,1,0,1,1,1,1789974395
2026-09-21T07:07:19+00:00,2026-09-21T07:08:07.697424+00:00,2141932795355773712,2141932795355773712,5,0,1,11,0,1,1,1,1789974391
2026-09-21T07:07:19+00:00,2026-09-21T07:08:07.697424+00:00,510239fe-69c3-458b-b53c-6ce001845f4a,354,4,2,0,11,0,1,1,1,1789974392
2026-09-21T07:07:19+00:00,2026-09-21T07:08:07.697424+00:00,e68655be-23d3-46e5-a509-25be677e7542,482,4,1,0,7,0,1,1,1,1789974395
2026-09-21T07:07:19+00:00,2026-09-21T07:08:07.697424+00:00,ff6ed364-8676-45a0-b97f-71025683849e,442,12,1,2,1,0,1,1,1,1789974363
2026-09-21T07:07:19+00:00,2026-09-21T07:08:07.697424+00:00,f834b49d-0de8-11e7-991c-3863bb43a7d0,101,18,2,0,0,0,1,1,1,1789974363
2026-09-21T07:07:19+00:00,2026-09-21T07:08:07.697424+00:00,ccd6fdd4-b39e-46d7-b43c-7bacffb6bd87,523,3,2,0,14,0,1,1,1,1789974364
2026-09-21T07:07:19+00:00,2026-09-21T07:08:07.697424+00:00,70f20fcb-8e63-4015-9007-b97c525ab0a9,335,18,3,0,0,0,1,1,1,1789974351
2026-09-21T07:07:19+00:00,2026-09-21T07:08:07.697424+00:00,b23674a7-15a8-46d2-8219-6668acecf24a,548,13,0,0,5,0,1,1,1,1789974359
2026-09-21T07:07:19+00:00,2026-09-21T07:08:07.697424+00:00,f8351336-0de8-11e7-991c-3863bb43a7d0,176,15,3,0,0,0,1,1,1,1789974360
2026-09-21T07:07:19+00:00,2026-09-21T07:08:07.697424+00:00,1975886280004030604,1975886280004030604,4,0,0,19,0,1,1,1,1789974382
2026-09-21T07:07:19+00:00,2026-09-21T07:08:07.697424+00:00,2223045710883822544,2223045710883822544,7,0,0,8,0,1,1,1,1789974383
2026-09-21T07:07:19+00:00,2026-09-21T07:08:07.697424+00:00,b995a0b4-fc26-4661-9bc8-e166d648edfd,353,11,4,0,4,0,1,1,1,1789974397
2026-09-21T07:07:19+00:00,2026-09-21T07:08:07.697424+00:00,f83510fd-0de8-11e7-991c-3863bb43a7d0,171,19,0,1,3,0,1,1,1,1789974397
2026-09-21T07:07:19+00:00,2026-09-21T07:08:07.697424+00:00,f8348481-0de8-11e7-991c-3863bb43a7d0,47,15,7,0,4,0,1,1,1,1789974397
2026-09-21T07:07:19+00:00,2026-09-21T07:08:07.697424+00:00,518f6524-0e7f-454d-974e-e3ff9db1f795,494,7,1,0,4,0,1,1,1,1789974398
2026-09-21T07:07:19+00:00,2026-09-21T07:08:07.697424+00:00,2113200093114979090,2113200093114979090,8,2,0,8,0,1,1,1,1789974397
2026-09-21T07:07:19+00:00,2026-09-21T07:08:07.697424+00:00,2fd22786-dfeb-4126-a906-4f01802087f3,454,0,0,0,19,0,1,1,1,1789974398
2026-09-21T07:07:19+00:00,2026-09-21T07:08:07.697424+00:00,f834952a-0de8-11e7-991c-3863bb43a7d0,70,4,1,0,19,0,1,1,1,1789974400
2026-09-21T07:07:19+00:00,2026-09-21T07:08:07.697424+00:00,f8348509-0de8-11e7-991c-3863bb43a7d0,48,0,0,0,19,0,1,1,1,1789974399
2026-09-21T07:07:19+00:00,2026-09-21T07:08:07.697424+00:00,f8349745-0de8-11e7-991c-3863bb43a7d0,73,1,0,0,14,0,1,1,1,1789974401
2026-09-21T07:07:19+00:00,2026-09-21T07:08:07.697424+00:00,f8349c69-0de8-11e7-991c-3863bb43a7d0,78,19,3,0,0,0,1,1,1,1789974405
2026-09-21T07:07:19+00:00,2026-09-21T07:08:07.697424+00:00,f834fd36-0de8-11e7-991c-3863bb43a7d0,142,16,2,1,6,0,1,1,1,1789974405
2026-09-21T07:07:19+00:00,2026-09-21T07:08:07.697424+00:00,0839bb10-e876-4198-95e4-0147a561853d,258,14,1,0,1,0,1,1,1,1789974405
2026-09-21T07:07:19+00:00,2026-09-21T07:08:07.697424+00:00,2ba0c5dd-c990-4434-8a84-5c3eca23f096,447,17,7,1,1,0,1,1,1,1789974406
2026-09-21T07:07:19+00:00,2026-09-21T07:08:07.697424+00:00,2241260819676115550,2241260819676115550,0,0,0,25,0,1,1,1,1789974427
2026-09-21T07:07:19+00:00,2026-09-21T07:08:07.697424+00:00,2072145327190878794,2072145327190878794,15,5,0,9,0,1,1,1,1789974427
2026-09-21T07:07:19+00:00,2026-09-21T07:08:07.697424+00:00,2038239468396569074,2038239468396569074,10,0,1,21,0,1,1,1,1789974427
2026-09-21T07:07:19+00:00,2026-09-21T07:08:07.697424+00:00,f8349ba9-0de8-11e7-991c-3863bb43a7d0,77,14,3,0,4,0,1,1,1,1789974428
2026-09-21T07:07:19+00:00,2026-09-21T07:08:07.697424+00:00,42a3ecca-af9a-4556-90ba-7631546f96f8,42a3ecca-af9a-4556-90ba-7631546f96f8,4,1,0,7,0,1,1,1,1789974429
2026-09-21T07:07:19+00:00,2026-09-21T07:08:07.697424+00:00,5afe91c4-8076-4f9f-b83b-cf233bda2331,460,5,1,1,9,0,1,1,1,1789974429
2026-09-21T07:07:19+00:00,2026-09-21T07:08:07.697424+00:00,bb27977d-36c1-496d-8bac-631b612dd7b8,332,12,5,3,0,0,1,1,1,1789974429
2026-09-21T07:07:19+00:00,2026-09-21T07:08:07.697424+00:00,2264176803898382980,2264176803898382980,6,1,0,5,0,1,1,1,1789974380
2026-09-21T07:07:19+00:00,2026-09-21T07:08:07.697424+00:00,9ca92778-9101-48df-90ea-08b784e26a1a,413,17,2,1,1,0,1,1,1,1789974430
2026-09-21T07:07:19+00:00,2026-09-21T07:08:07.697424+00:00,9f54207a-3308-43bd-b45c-9042b6389598,423,10,1,1,8,0,1,1,1,1789974430
2026-09-21T07:07:19+00:00,2026-09-21T07:08:07.697424+00:00,2071993292066931472,2071993292066931472,2,1,0,18,0,1,1,1,1789974396
2026-09-21T14:01:49+00:00,2026-09-21T14:02:28.910046+00:00,6eaa7343-402d-41c9-9aac-8c664fdbdcf1,6eaa7343-402d-41c9-9aac-8c664fdbdcf1,0,0,0,0,0,0,0,0,86400
2026-09-21T14:01:49+00:00,2026-09-21T14:02:28.910046+00:00,1994515539257334312,1994515539257334312,4,0,0,15,0,1,1,1,1789999172
2026-09-21T14:01:49+00:00,2026-09-21T14:02:28.910046+00:00,4d953f0f-13b5-4b3d-b2da-342003ff7cba,4d953f0f-13b5-4b3d-b2da-342003ff7cba,6,3,0,5,0,1,1,1,1789999180
2026-09-21T14:01:49+00:00,2026-09-21T14:02:28.910046+00:00,2110566771130438288,2110566771130438288,1,0,0,14,0,1,1,1,1789999089
2026-09-21T14:01:49+00:00,2026-09-21T14:02:28.910046+00:00,f8349599-0de8-11e7-991c-3863bb43a7d0,71,3,0,1,19,0,1,1,1,1789999189
2026-09-21T14:01:49+00:00,2026-09-21T14:02:28.910046+00:00,2149920539832638004,2149920539832638004,8,0,1,6,0,1,1,1,1789999194
2026-09-21T14:01:49+00:00,2026-09-21T14:02:28.910046+00:00,5410aac7-2ec0-47b6-b728-b99c5137b463,5410aac7-2ec0-47b6-b728-b99c5137b463,9,5,0,2,0,1,1,1,1789999193
2026-09-21T14:01:49+00:00,2026-09-21T14:02:28.910046+00:00,e519df41-c4d7-403a-9afa-a5dd7cdd2d03,536,5,0,0,13,0,1,1,1,1789999190
2026-09-21T14:01:49+00:00,2026-09-21T14:02:28.910046+00:00,e4d5271f-5f76-401b-b7f0-c8dce3c26f10,462,4,1,0,7,0,1,1,1,1789999189
2026-09-21T14:01:49+00:00,2026-09-21T14:02:28.910046+00:00,b44b7c3d-c054-4591-92a9-3b96d86050ab,b44b7c3d-c054-4591-92a9-3b96d86050ab,4,1,0,7,0,1,1,1,1789999197
2026-09-21T14:01:49+00:00,2026-09-21T14:02:28.910046+00:00,2227859082657747444,2227859082657747444,0,0,1,6,0,1,1,1,1789999200
2026-09-21T14:01:49+00:00,2026-09-21T14:02:28.910046+00:00,f8351791-0de8-11e7-991c-3863bb43a7d0,186,4,0,0,10,0,1,1,1,1789999176
2026-09-21T14:01:49+00:00,2026-09-21T14:02:28.910046+00:00,dcd76e42-eebc-4432-9726-cdb3372b0b07,557,19,2,0,0,0,1,1,1,1789999176
2026-09-21T14:01:49+00:00,2026-09-21T14:02:28.910046+00:00,f8350129-0de8-11e7-991c-3863bb43a7d0,149,4,0,0,14,0,1,1,1,1789999203
2026-09-21T14:01:49+00:00,2026-09-21T14:02:28.910046+00:00,8d535c23-f186-4161-aa10-17e94be6d4ae,436,9,2,0,5,1,1,1,1,1789999204
2026-09-21T14:01:49+00:00,2026-09-21T14:02:28.910046+00:00,1ef5abb2-5af9-41f2-a0dd-1e44278ad9f1,502,6,0,0,5,0,1,1,1,1789999202
2026-09-21T14:01:49+00:00,2026-09-21T14:02:28.910046+00:00,f834f036-0de8-11e7-991c-3863bb43a7d0,133,14,0,0,9,0,1,1,1,1789999212
2026-09-21T14:01:49+00:00,2026-09-21T14:02:28.910046+00:00,2124664048772581794,2124664048772581794,2,0,0,9,0,1,1,1,1789999203
2026-09-21T14:01:49+00:00,2026-09-21T14:02:28.910046+00:00,f835244e-0de8-11e7-991c-3863bb43a7d0,202,5,0,0,10,0,1,1,1,1789999225
2026-09-21T14:01:49+00:00,2026-09-21T14:02:28.910046+00:00,f834d34b-0de8-11e7-991c-3863bb43a7d0,120,7,1,0,32,0,1,1,1,1789999226
2026-09-21T14:01:49+00:00,2026-09-21T14:02:28.910046+00:00,f8347a8b-0de8-11e7-991c-3863bb43a7d0,29,11,1,1,7,0,1,1,1,1789999243
2026-09-21T14:01:49+00:00,2026-09-21T14:02:28.910046+00:00,1991921362058752616,1991921362058752616,19,9,0,1,0,1,1,1,1789999243
2026-09-21T14:01:49+00:00,2026-09-21T14:02:28.910046+00:00,1999639508813492766,1999639508813492766,1,0,0,19,0,1,1,1,1789999244
2026-09-21T14:01:49+00:00,2026-09-21T14:02:28.910046+00:00,2219705277630124418,2219705277630124418,7,0,0,8,0,1,1,1,1789999241
2026-09-21T14:01:49+00:00,2026-09-21T14:02:28.910046+00:00,f834a2a8-0de8-11e7-991c-3863bb43a7d0,85,18,5,0,1,0,1,1,1,1789999242
2026-09-21T14:01:49+00:00,2026-09-21T14:02:28.910046+00:00,2134720099473744344,2134720099473744344,3,0,0,17,1,1,1,1,1789999242
2026-09-21T14:01:49+00:00,2026-09-21T14:02:28.910046+00:00,aefc33cd-40b9-48da-8b87-415428816bdb,488,4,1,0,12,0,1,1,1,1789999254
2026-09-21T14:01:49+00:00,2026-09-21T14:02:28.910046+00:00,2071991821019036242,2071991821019036242,3,0,0,17,0,1,1,1,1789999254
2026-09-21T14:01:49+00:00,2026-09-21T14:02:28.910046+00:00,986068c4-d11a-465a-b8d0-bd0960c57f51,986068c4-d11a-465a-b8d0-bd0960c57f51,2,1,1,10,0,1,1,1,1789999250
2026-09-21T14:01:49+00:00,2026-09-21T14:02:28.910046+00:00,2089808297152151688,2089808297152151688,11,6,0,1,0,1,1,1,1789999250
2026-09-21T14:01:49+00:00,2026-09-21T14:02:28.910046+00:00,1ef9964d-47ac-4cd4-916e-7c006fa1e605,339,12,4,0,3,0,1,1,1,1789999251
2026-09-21T14:01:49+00:00,2026-09-21T14:02:28.910046+00:00,1999644268058967024,1999644268058967024,8,0,0,16,0,1,1,1,1789999254
2026-09-21T14:01:49+00:00,2026-09-21T14:02:28.910046+00:00,f834b928-0de8-11e7-991c-3863bb43a7d0,106,7,3,0,7,0,1,1,1,1789999253
2026-09-21T14:01:49+00:00,2026-09-21T14:02:28.910046+00:00,f606593b-3d07-40f2-bc6d-a0eb96588e44,456,5,1,0,13,0,1,1,1,1789999252
2026-09-21T14:01:49+00:00,2026-09-21T14:02:28.910046+00:00,e335fa7c-7adf-4360-9bfa-76b18124a56f,541,7,3,0,4,0,1,1,1,1789999231
2026-09-21T14:01:49+00:00,2026-09-21T14:02:28.910046+00:00,f834a1de-0de8-11e7-991c-3863bb43a7d0,84,11,3,1,3,0,1,1,1,1789999230
2026-09-21T14:01:49+00:00,2026-09-21T14:02:28.910046+00:00,2438d052-2cd6-4fba-83c9-39f46cb59398,2438d052-2cd6-4fba-83c9-39f46cb59398,18,0,0,1,0,1,1,1,1789999228
2026-09-21T14:01:49+00:00,2026-09-21T14:02:28.910046+00:00,9b0aff89-5242-475e-b03b-87c3c3bf51bb,477,1,0,1,17,0,1,1,1,1789999232
2026-09-21T14:01:49+00:00,2026-09-21T14:02:28.910046+00:00,52ca4d94-587f-4a61-a298-a1a755e73bfb,362,13,0,0,6,0,1,1,1,1789999233
2026-09-21T14:01:49+00:00,2026-09-21T14:02:28.910046+00:00,1331197c-f6c6-4f4a-a29b-95e580359886,224,12,4,0,5,0,1,1,1,1789999215
2026-09-21T14:01:49+00:00,2026-09-21T14:02:28.910046+00:00,f83473ea-0de8-11e7-991c-3863bb43a7d0,27,6,0,0,16,0,1,1,1,1789999235
2026-09-21T14:01:49+00:00,2026-09-21T14:02:28.910046+00:00,199f3d59-e726-4549-b9c1-4dfc8a343fdb,508,7,5,0,4,0,1,1,1,1789999236
2026-09-21T14:01:49+00:00,2026-09-21T14:02:28.910046+00:00,9fef6df2-7f8f-43fc-a85b-7dd5453860f9,437,6,1,0,12,0,1,1,1,1789999238
2026-09-21T14:01:49+00:00,2026-09-21T14:02:28.910046+00:00,918335df-fc1a-45c2-9cfc-c5e2e93aecc0,467,10,2,0,1,0,1,1,1,1789999238
2026-09-21T14:01:49+00:00,2026-09-21T14:02:28.910046+00:00,2220033166406469278,2220033166406469278,10,3,0,5,0,1,1,1,1789999237
2026-09-21T14:01:49+00:00,2026-09-21T14:02:28.910046+00:00,2129149628430547474,2129149628430547474,5,3,0,11,0,1,1,1,1789999171
2026-09-21T14:01:49+00:00,2026-09-21T14:02:28.910046+00:00,2363c5a3-93cc-41a2-a767-90f1826c041f,426,16,6,0,11,0,1,1,1,1789999284
2026-09-21T14:01:49+00:00,2026-09-21T14:02:28.910046+00:00,f8351255-0de8-11e7-991c-3863bb43a7d0,174,11,0,0,4,0,1,1,1,1789999284
2026-09-21T14:01:49+00:00,2026-09-21T14:02:28.910046+00:00,40ee059e-8530-4992-9114-c16b87d6832f,441,18,2,0,1,0,1,1,1,1789999279
2026-09-21T14:01:49+00:00,2026-09-21T14:02:28.910046+00:00,a6d6d4b2-3666-43ad-a690-7f676bdcc3fd,542,13,1,0,6,0,1,1,1,1789999279
2026-09-21T14:01:49+00:00,2026-09-21T14:02:28.910046+00:00,2039387081833476178,2039387081833476178,3,2,0,17,0,1,1,1,1789999279
2026-09-21T14:01:49+00:00,2026-09-21T14:02:28.910046+00:00,2251556760922290606,2251556760922290606,8,0,0,7,0,1,1,1,1789999280
2026-09-21T14:01:49+00:00,2026-09-21T14:02:28.910046+00:00,8e7c1984-dc81-43b0-a0d3-58c6de45225a,465,4,0,0,7,0,1,1,1,1789999280
2026-09-21T14:01:49+00:00,2026-09-21T14:02:28.910046+00:00,5d17f129-af8c-4f30-bc58-6a8279052772,543,4,0,0,15,0,1,1,1,1789999281
2026-09-21T14:01:49+00:00,2026-09-21T14:02:28.910046+00:00,f8346c96-0de8-11e7-991c-3863bb43a7d0,14,24,8,0,0,0,1,1,1,1789999281
2026-09-21T14:01:49+00:00,2026-09-21T14:02:28.910046+00:00,f834d260-0de8-11e7-991c-3863bb43a7d0,119,8,0,1,6,0,1,1,1,1789999282
2026-09-21T14:01:49+00:00,2026-09-21T14:02:28.910046+00:00,ab6517ea-ed53-42eb-8881-657d362e56e8,560,9,1,0,6,0,1,1,1,1789999283
2026-09-21T14:01:49+00:00,2026-09-21T14:02:28.910046+00:00,1997031876360597884,1997031876360597884,4,4,0,7,0,1,1,1,1789999283
2026-09-21T14:01:49+00:00,2026-09-21T14:02:28.910046+00:00,f8348719-0de8-11e7-991c-3863bb43a7d0,52,2,0,1,20,0,1,1,1,1789999283
2026-09-21T14:01:49+00:00,2026-09-21T14:02:28.910046+00:00,2261583246847893606,2261583246847893606,12,0,0,7,0,1,1,1,1789999281
2026-09-21T14:01:49+00:00,2026-09-21T14:02:28.910046+00:00,f834fcbe-0de8-11e7-991c-3863bb43a7d0,141,15,2,0,0,0,1,1,1,1789999281
2026-09-21T14:01:49+00:00,2026-09-21T14:02:28.910046+00:00,f55cdf0a-3d7b-491c-bed2-7dc0ef2062d5,489,11,1,0,5,0,1,1,1,1789999283
2026-09-21T14:01:49+00:00,2026-09-21T14:02:28.910046+00:00,f834b183-0de8-11e7-991c-3863bb43a7d0,98,4,1,2,16,0,1,1,1,1789999218
2026-09-21T14:01:49+00:00,2026-09-21T14:02:28.910046+00:00,f8352973-0de8-11e7-991c-3863bb43a7d0,210,0,0,0,15,0,1,1,1,1789999221
2026-09-21T14:01:49+00:00,2026-09-21T14:02:28.910046+00:00,acb27827-d69a-4287-b132-3f529ca62ad2,427,12,7,0,7,0,1,1,1,1789999221
2026-09-21T14:01:49+00:00,2026-09-21T14:02:28.910046+00:00,82b41ffb-e284-4e4d-b22a-0cad2bfd4bee,443,0,0,0,19,0,1,1,1,1789999221
2026-09-21T14:01:49+00:00,2026-09-21T14:02:28.910046+00:00,2027855476515070160,2027855476515070160,10,1,0,17,0,1,1,1,1789999221
2026-09-21T14:01:49+00:00,2026-09-21T14:02:28.910046+00:00,01d29f8c-768d-4c4f-84ca-3de966075287,469,7,1,2,2,0,1,1,1,1789999208
2026-09-21T14:01:49+00:00,2026-09-21T14:02:28.910046+00:00,829fa5a8-cc88-4ab2-9f34-b481aaa1612e,259,8,3,0,7,0,1,1,1,1789999208
2026-09-21T14:01:49+00:00,2026-09-21T14:02:28.910046+00:00,f83466c6-0de8-11e7-991c-3863bb43a7d0,6,10,1,2,2,0,1,1,1,1789999213
2026-09-21T14:01:49+00:00,2026-09-21T14:02:28.910046+00:00,803a0c16-4f81-44f1-8b49-a13fcdda40c1,370,10,3,0,7,0,1,1,1,1789999214
2026-09-21T14:01:49+00:00,2026-09-21T14:02:28.910046+00:00,a825b55d-3ab3-481f-9c50-d3a7313e6843,228,19,3,0,0,0,1,1,1,1789999219
2026-09-21T14:01:49+00:00,2026-09-21T14:02:28.910046+00:00,d1a5e406-718c-44b9-b9dd-e63605b888aa,555,11,9,0,3,0,1,1,1,1789999219
2026-09-21T14:01:49+00:00,2026-09-21T14:02:28.910046+00:00,8bc42f7f-753d-4cca-a7d6-0d7c2530ea2c,364,5,1,0,14,0,1,1,1,1789999219
2026-09-21T14:01:49+00:00,2026-09-21T14:02:28.910046+00:00,97a1e4e7-a1ff-427a-aaea-48ca0d00bf9c,348,8,0,1,6,0,1,1,1,1789999222
2026-09-21T14:01:49+00:00,2026-09-21T14:02:28.910046+00:00,15ec5783-ca7a-4225-ba51-cd0a45ecc975,15ec5783-ca7a-4225-ba51-cd0a45ecc975,7,3,0,4,0,1,1,1,1789999219
2026-09-21T14:01:49+00:00,2026-09-21T14:02:28.910046+00:00,eed9e64f-f09d-43c1-aa31-da968c66750a,368,13,7,0,2,0,1,1,1,1789999245
2026-09-21T14:01:49+00:00,2026-09-21T14:02:28.910046+00:00,6cec3afa-554c-466f-8323-5c619fe0ddc6,6cec3afa-554c-466f-8323-5c619fe0ddc6,3,0,0,8,0,1,1,1,1789999245
2026-09-21T14:01:49+00:00,2026-09-21T14:02:28.910046+00:00,2250817396738253956,2250817396738253956,10,0,1,4,0,1,1,1,1789999245
2026-09-21T14:01:49+00:00,2026-09-21T14:02:28.910046+00:00,f834c6f5-0de8-11e7-991c-3863bb43a7d0,111,9,5,0,6,0,1,1,1,1789999247
2026-09-21T14:01:49+00:00,2026-09-21T14:02:28.910046+00:00,f8347ded-0de8-11e7-991c-3863bb43a7d0,35,23,8,0,8,0,1,1,1,1789999247
2026-09-21T14:01:49+00:00,2026-09-21T14:02:28.910046+00:00,88b35b6d-f355-44dc-b85e-ed2eb1bc9099,406,8,0,0,11,0,1,1,1,1789999248
2026-09-21T14:01:49+00:00,2026-09-21T14:02:28.910046+00:00,2113559364250874028,2113559364250874028,7,0,0,8,0,1,1,1,1789999248
2026-09-21T14:01:49+00:00,2026-09-21T14:02:28.910046+00:00,ea00f276-26dc-48ee-b2c8-6e56fd632a2d,272,12,3,0,7,0,1,1,1,1789999244
2026-09-21T14:01:49+00:00,2026-09-21T14:02:28.910046+00:00,768433a9-fc30-4485-b136-22d6f8a96f1c,768433a9-fc30-4485-b136-22d6f8a96f1c,8,2,0,3,0,1,1,1,1789999244
2026-09-21T14:01:49+00:00,2026-09-21T14:02:28.910046+00:00,38706d8c-8d4b-49f7-b6ed-7688449db261,463,11,3,0,8,0,1,1,1,1789999247
2026-09-21T14:01:49+00:00,2026-09-21T14:02:28.910046+00:00,f834c5c9-0de8-11e7-991c-3863bb43a7d0,110,12,2,2,1,0,1,1,1,1789999249
2026-09-21T14:01:49+00:00,2026-09-21T14:02:28.910046+00:00,f7d416f8-4377-4019-bba7-302dc1d5a11d,391,7,0,2,6,0,1,1,1,1789999243
2026-09-21T14:01:49+00:00,2026-09-21T14:02:28.910046+00:00,f83532fa-0de8-11e7-991c-3863bb43a7d0,219,4,1,0,11,0,1,1,1,1789999245
2026-09-21T14:01:49+00:00,2026-09-21T14:02:28.910046+00:00,f8351569-0de8-11e7-991c-3863bb43a7d0,181,15,3,0,4,0,1,1,1,1789999256
2026-09-21T14:01:49+00:00,2026-09-21T14:02:28.910046+00:00,2251186911126913182,2251186911126913182,0,0,0,19,0,1,1,1,1789999256
2026-09-21T14:01:49+00:00,2026-09-21T14:02:28.910046+00:00,25489822-e43a-4704-b2a8-d905b78ba77c,389,5,0,0,9,0,1,1,1,1789999256
2026-09-21T14:01:49+00:00,2026-09-21T14:02:28.910046+00:00,f83493c0-0de8-11e7-991c-3863bb43a7d0,67,23,6,1,1,0,1,1,1,1789999257
2026-09-21T14:01:49+00:00,2026-09-21T14:02:28.910046+00:00,ec4e1168-25dc-4929-b17b-e4ae578dd888,425,3,2,0,13,0,1,1,1,1789999260
2026-09-21T14:01:49+00:00,2026-09-21T14:02:28.910046+00:00,2127252912986958612,2127252912986958612,5,2,0,10,0,1,1,1,1789999260
2026-09-21T14:01:49+00:00,2026-09-21T14:02:28.910046+00:00,f8351f87-0de8-11e7-991c-3863bb43a7d0,192,19,5,0,0,0,1,1,1,1789999256
2026-09-21T14:01:49+00:00,2026-09-21T14:02:28.910046+00:00,2036103727838931110,2036103727838931110,2,0,0,9,0,1,1,1,1789999261
2026-09-21T14:01:49+00:00,2026-09-21T14:02:28.910046+00:00,1986694622707704150,1986694622707704150,12,2,1,6,0,1,1,1,1789999264
2026-09-21T14:01:49+00:00,2026-09-21T14:02:28.910046+00:00,2036412579943670600,2036412579943670600,0,0,1,11,0,1,1,1,1789999267
2026-09-21T14:01:49+00:00,2026-09-21T14:02:28.910046+00:00,f834b1ed-0de8-11e7-991c-3863bb43a7d0,99,5,0,0,10,0,1,1,1,1789999266
2026-09-21T14:01:49+00:00,2026-09-21T14:02:28.910046+00:00,f834cb89-0de8-11e7-991c-3863bb43a7d0,115,4,4,0,15,0,1,1,1,1789999268
2026-09-21T14:01:49+00:00,2026-09-21T14:02:28.910046+00:00,1976280681456741062,1976280681456741062,3,3,0,8,0,1,1,1,1789999267
2026-09-21T14:01:49+00:00,2026-09-21T14:02:28.910046+00:00,f8346dbd-0de8-11e7-991c-3863bb43a7d0,16,1,0,0,18,0,1,1,1,1789999268
2026-09-21T14:01:49+00:00,2026-09-21T14:02:28.910046+00:00,57f5003b-6574-40b3-83d7-3b5dee1472e0,518,10,0,1,0,0,1,1,1,1789999263
2026-09-21T14:01:49+00:00,2026-09-21T14:02:28.910046+00:00,133d159e-a202-4310-910f-eca392fe181e,398,7,3,0,12,0,1,1,1,1789999263
2026-09-21T14:01:49+00:00,2026-09-21T14:02:28.910046+00:00,f8349070-0de8-11e7-991c-3863bb43a7d0,61,19,4,0,0,0,1,1,1,1789999265
2026-09-21T14:01:49+00:00,2026-09-21T14:02:28.910046+00:00,f8347ba8-0de8-11e7-991c-3863bb43a7d0,31,13,7,0,6,0,1,1,1,1789999269
2026-09-21T14:01:49+00:00,2026-09-21T14:02:28.910046+00:00,2127634714741013228,2127634714741013228,6,2,1,17,0,1,1,1,1789999273
2026-09-21T14:01:49+00:00,2026-09-21T14:02:28.910046+00:00,f8350199-0de8-11e7-991c-3863bb43a7d0,150,2,1,1,16,0,1,1,1,1789999273
2026-09-21T14:01:49+00:00,2026-09-21T14:02:28.910046+00:00,f8350d30-0de8-11e7-991c-3863bb43a7d0,163,2,1,0,17,0,1,1,1,1789999273
2026-09-21T14:01:49+00:00,2026-09-21T14:02:28.910046+00:00,569f4952-5a25-4394-a419-f9c4d9cca6f3,495,6,1,0,13,0,1,1,1,1789999270
2026-09-21T14:01:49+00:00,2026-09-21T14:02:28.910046+00:00,87b5a8b7-a330-4c51-ab32-7dafa292c88f,421,18,3,0,1,0,1,1,1,1789999270
2026-09-21T14:01:49+00:00,2026-09-21T14:02:28.910046+00:00,2031175112202687108,2031175112202687108,2,1,0,14,0,1,1,1,1789999270
2026-09-21T14:01:49+00:00,2026-09-21T14:02:28.910046+00:00,625f105e-4407-4988-9095-d1979cbda5e1,234,7,0,2,8,0,1,1,1,1789999270
2026-09-21T14:01:49+00:00,2026-09-21T14:02:28.910046+00:00,1919521884659886482,1919521884659886482,6,0,0,13,0,1,1,1,1789999272
2026-09-21T14:01:49+00:00,2026-09-21T14:02:28.910046+00:00,f8347002-0de8-11e7-991c-3863bb43a7d0,20,2,0,0,21,0,1,1,1,1789999277
2026-09-21T14:01:49+00:00,2026-09-21T14:02:28.910046+00:00,f8348598-0de8-11e7-991c-3863bb43a7d0,49,3,3,0,15,0,1,1,1,1789999278
2026-09-21T14:01:49+00:00,2026-09-21T14:02:28.910046+00:00,f834f948-0de8-11e7-991c-3863bb43a7d0,138,5,0,0,10,0,1,1,1,1789999278
2026-09-21T14:01:49+00:00,2026-09-21T14:02:28.910046+00:00,c111ef1a-f276-415d-a95e-8e3c4e3a0c03,522,12,4,0,3,0,1,1,1,1789999275
2026-09-21T14:01:49+00:00,2026-09-21T14:02:28.910046+00:00,77c1736c-a609-4453-94f7-8e4253a8193c,474,9,3,0,2,0,1,1,1,1789999276
2026-09-21T14:01:49+00:00,2026-09-21T14:02:28.910046+00:00,2131371824572002576,2131371824572002576,2,0,0,14,0,1,1,1,1789999276
2026-09-21T14:01:49+00:00,2026-09-21T14:02:28.910046+00:00,800bde2c-51df-497c-ac2d-bc3a8c00c164,800bde2c-51df-497c-ac2d-bc3a8c00c164,14,5,0,1,0,1,1,1,1789999275
2026-09-21T14:01:49+00:00,2026-09-21T14:02:28.910046+00:00,2132460331327742574,2132460331327742574,9,4,0,9,0,1,1,1,1789999275
2026-09-21T14:01:49+00:00,2026-09-21T14:02:28.910046+00:00,f8346e51-0de8-11e7-991c-3863bb43a7d0,17,1,0,2,12,0,1,1,1,1789999279
2026-09-21T14:01:49+00:00,2026-09-21T14:02:28.910046+00:00,4b5de733-9353-4873-9dc2-9558b3cb063a,393,4,0,0,11,0,1,1,1,1789999286
2026-09-21T14:01:49+00:00,2026-09-21T14:02:28.910046+00:00,cad0e759-b605-458a-b772-768dcce81dc6,372,9,2,0,11,0,1,1,1,1789999285
2026-09-21T14:01:49+00:00,2026-09-21T14:02:28.910046+00:00,f834e75d-0de8-11e7-991c-3863bb43a7d0,129,4,0,0,14,1,1,1,1,1789999285
2026-09-21T14:01:49+00:00,2026-09-21T14:02:28.910046+00:00,f834a67b-0de8-11e7-991c-3863bb43a7d0,89,11,1,0,8,0,1,1,1,1789999286
2026-09-21T14:01:49+00:00,2026-09-21T14:02:28.910046+00:00,2126567695528519906,2126567695528519906,3,1,0,17,0,1,1,1,1789999259
2026-09-21T14:01:49+00:00,2026-09-21T14:02:28.910046+00:00,f8351649-0de8-11e7-991c-3863bb43a7d0,183,16,5,0,3,0,1,1,1,1789999287
2026-09-21T14:01:49+00:00,2026-09-21T14:02:28.910046+00:00,25d6f87f-7025-48c5-b202-f91511a4ae19,25d6f87f-7025-48c5-b202-f91511a4ae19,8,0,0,11,0,1,1,1,1789999287
2026-09-21T14:01:49+00:00,2026-09-21T14:02:28.910046+00:00,1976640911178291400,1976640911178291400,3,0,0,8,0,1,1,1,1789999288
2026-09-21T14:01:49+00:00,2026-09-21T14:02:28.910046+00:00,f834916a-0de8-11e7-991c-3863bb43a7d0,63,5,0,1,9,0,1,1,1,1789999288
2026-09-21T14:01:49+00:00,2026-09-21T14:02:28.910046+00:00,2028220168245183460,2028220168245183460,11,1,0,8,0,1,1,1,1789999288
2026-09-21T14:01:49+00:00,2026-09-21T14:02:28.910046+00:00,f834ffc9-0de8-11e7-991c-3863bb43a7d0,146,11,0,0,8,0,1,1,1,1789999171
2026-09-21T14:01:49+00:00,2026-09-21T14:02:28.910046+00:00,2120986392451359068,2120986392451359068,5,0,0,14,0,1,1,1,1789999171
2026-09-21T14:01:49+00:00,2026-09-21T14:02:28.910046+00:00,f8349d6e-0de8-11e7-991c-3863bb43a7d0,79,2,0,1,15,0,1,1,1,1789999173
2026-09-21T14:01:49+00:00,2026-09-21T14:02:28.910046+00:00,68323451-daf0-4532-a6cb-b070e3ef358f,68323451-daf0-4532-a6cb-b070e3ef358f,5,3,0,14,0,1,1,1,1789999176
2026-09-21T14:01:49+00:00,2026-09-21T14:02:28.910046+00:00,1994461916590643872,1994461916590643872,10,8,0,1,0,1,1,1,1789999178
2026-09-21T14:01:49+00:00,2026-09-21T14:02:28.910046+00:00,f836bc28-36a7-4ca6-bba6-0d75333d84bb,538,13,1,0,6,0,1,1,1,1789999185
2026-09-21T14:01:49+00:00,2026-09-21T14:02:28.910046+00:00,2111332861978124760,2111332861978124760,7,0,1,8,0,1,1,1,1789999189
2026-09-21T14:01:49+00:00,2026-09-21T14:02:28.910046+00:00,f83487f0-0de8-11e7-991c-3863bb43a7d0,54,2,1,0,13,0,1,1,1,1789999183
2026-09-21T14:01:49+00:00,2026-09-21T14:02:28.910046+00:00,a9d13461-7f0f-47b0-9a97-8ec9e9792865,533,9,1,1,9,0,1,1,1,1789999186
2026-09-21T14:01:49+00:00,2026-09-21T14:02:28.910046+00:00,4caf6e93-ddd7-4b6f-9e61-f9df1206ac92,4caf6e93-ddd7-4b6f-9e61-f9df1206ac92,4,0,1,14,0,1,1,1,1789999190
2026-09-21T14:01:49+00:00,2026-09-21T14:02:28.910046+00:00,dd8dee9d-d044-41d6-9371-8463cf9c671b,526,8,4,0,7,0,1,1,1,1789999191
2026-09-21T14:01:49+00:00,2026-09-21T14:02:28.910046+00:00,1984021766354634770,1984021766354634770,0,0,1,18,0,1,1,1,1789999194
2026-09-21T14:01:49+00:00,2026-09-21T14:02:28.910046+00:00,f8349de4-0de8-11e7-991c-3863bb43a7d0,80,35,9,0,0,0,1,1,1,1789999194
2026-09-21T14:01:49+00:00,2026-09-21T14:02:28.910046+00:00,2fded452-cbd0-4248-b008-f8a61ed9a85f,2fded452-cbd0-4248-b008-f8a61ed9a85f,3,0,0,12,0,1,1,1,1789999196
2026-09-21T14:01:49+00:00,2026-09-21T14:02:28.910046+00:00,1e3beeb4-f8e1-452c-93e5-48df78d4b313,334,10,0,0,8,0,1,1,1,1789999199
2026-09-21T14:01:49+00:00,2026-09-21T14:02:28.910046+00:00,ee0fa23e-a6c2-474d-a6ef-bf581d63f1ae,ee0fa23e-a6c2-474d-a6ef-bf581d63f1ae,6,1,0,5,0,1,1,1,1789999204
2026-09-21T14:01:49+00:00,2026-09-21T14:02:28.910046+00:00,2256120653476329202,2256120653476329202,9,2,0,6,0,1,1,1,1789999204
2026-09-21T14:01:49+00:00,2026-09-21T14:02:28.910046+00:00,f8352150-0de8-11e7-991c-3863bb43a7d0,196,7,2,1,2,0,1,1,1,1789999201
2026-09-21T14:01:49+00:00,2026-09-21T14:02:28.910046+00:00,910f1452-dbeb-4e69-b226-71b2d7e85715,910f1452-dbeb-4e69-b226-71b2d7e85715,0,0,1,9,0,1,1,1,1789999206
2026-09-21T14:01:49+00:00,2026-09-21T14:02:28.910046+00:00,f834fda2-0de8-11e7-991c-3863bb43a7d0,143,19,2,0,4,0,1,1,1,1789999206
2026-09-21T14:01:49+00:00,2026-09-21T14:02:28.910046+00:00,2079440939380771716,2079440939380771716,2,0,0,9,0,1,1,1,1789999207
2026-09-21T14:01:49+00:00,2026-09-21T14:02:28.910046+00:00,2113560016964645240,2113560016964645240,11,0,0,8,0,1,1,1,1789999207
2026-09-21T14:01:49+00:00,2026-09-21T14:02:28.910046+00:00,dc770287-c70c-43ea-a635-39f3dc6b09cd,dc770287-c70c-43ea-a635-39f3dc6b09cd,3,1,0,8,0,1,1,1,1789999213
2026-09-21T14:01:49+00:00,2026-09-21T14:02:28.910046+00:00,f835259f-0de8-11e7-991c-3863bb43a7d0,205,1,1,0,14,0,1,1,1,1789999213
2026-09-21T14:01:49+00:00,2026-09-21T14:02:28.910046+00:00,2004828637786472956,2004828637786472956,2,0,1,16,0,1,1,1,1789999211
2026-09-21T14:01:49+00:00,2026-09-21T14:02:28.910046+00:00,0cb6d635-6a7d-4d75-89b4-36b12616be12,432,13,7,0,6,0,1,1,1,1789999209
2026-09-21T14:01:49+00:00,2026-09-21T14:02:28.910046+00:00,3de6e5da-9702-4623-8683-26abd98012a8,525,7,1,0,5,0,1,1,1,1789999206
2026-09-21T14:01:49+00:00,2026-09-21T14:02:28.910046+00:00,2158217922577811100,2158217922577811100,6,0,0,13,0,1,1,1,1789999216
2026-09-21T14:01:49+00:00,2026-09-21T14:02:28.910046+00:00,8f51f8f1-ecb8-4cd3-8529-296a03140c51,8f51f8f1-ecb8-4cd3-8529-296a03140c51,3,0,0,16,0,1,1,1,1789999219
2026-09-21T14:01:49+00:00,2026-09-21T14:02:28.910046+00:00,c935cfb1-ef73-402e-9b86-83aaaac6534d,478,17,2,0,2,0,1,1,1,1789999224
2026-09-21T14:01:49+00:00,2026-09-21T14:02:28.910046+00:00,fbb9b58c-2b92-4bcf-8e4c-a982e40d2f39,221,0,0,0,19,0,1,1,1,1789999221
2026-09-21T14:01:49+00:00,2026-09-21T14:02:28.910046+00:00,2035765531590062506,2035765531590062506,7,7,1,2,1,1,1,1,1789999222
2026-09-21T14:01:49+00:00,2026-09-21T14:02:28.910046+00:00,f834a32d-0de8-11e7-991c-3863bb43a7d0,86,14,0,1,10,0,1,1,1,1789999225
2026-09-21T14:01:49+00:00,2026-09-21T14:02:28.910046+00:00,f83514f9-0de8-11e7-991c-3863bb43a7d0,180,14,2,1,4,0,1,1,1,1789999228
2026-09-21T14:01:49+00:00,2026-09-21T14:02:28.910046+00:00,2131714490587826928,2131714490587826928,14,4,0,2,0,1,1,1,1789999227
2026-09-21T14:01:49+00:00,2026-09-21T14:02:28.910046+00:00,a3b94ed8-8301-4ec6-baf2-64ac493b5106,529,5,2,0,11,0,1,1,1,1789999235
2026-09-21T14:01:49+00:00,2026-09-21T14:02:28.910046+00:00,f8351e42-0de8-11e7-991c-3863bb43a7d0,189,19,5,0,4,0,1,1,1,1789999233
2026-09-21T14:01:49+00:00,2026-09-21T14:02:28.910046+00:00,e49a5b83-2c9c-4610-a48b-89cfea172c8f,504,8,3,0,3,0,1,1,1,1789999232
2026-09-21T14:01:49+00:00,2026-09-21T14:02:28.910046+00:00,f8347361-0de8-11e7-991c-3863bb43a7d0,26,9,0,0,6,0,1,1,1,1789999231
2026-09-21T14:01:49+00:00,2026-09-21T14:02:28.910046+00:00,0bc49982-74e9-4bbf-9991-e3d809d6319e,530,8,0,0,11,0,1,1,1,1789999231
2026-09-21T14:01:49+00:00,2026-09-21T14:02:28.910046+00:00,e3f5d039-a49e-4b3b-ab4d-4efbef2068c6,e3f5d039-a49e-4b3b-ab4d-4efbef2068c6,9,4,1,13,0,1,1,1,1789999232
2026-09-21T14:01:49+00:00,2026-09-21T14:02:28.910046+00:00,3a6d94a7-9fee-41c5-b8cc-a8487c5e691b,549,0,0,1,22,0,1,1,1,1789999232
2026-09-21T14:01:49+00:00,2026-09-21T14:02:28.910046+00:00,f834db9b-0de8-11e7-991c-3863bb43a7d0,121,5,0,2,10,0,1,1,1,1789999245
2026-09-21T14:01:49+00:00,2026-09-21T14:02:28.910046+00:00,f1cafe36-f800-41f6-b74d-73953cb6394c,471,27,1,0,0,0,1,1,1,1789999248
2026-09-21T14:01:49+00:00,2026-09-21T14:02:28.910046+00:00,ee18dbd6-05b8-4d38-a120-f84c3499a77e,519,7,3,1,2,0,1,1,1,1789999243
2026-09-21T14:01:49+00:00,2026-09-21T14:02:28.910046+00:00,f8351ff1-0de8-11e7-991c-3863bb43a7d0,193,8,1,1,6,0,1,1,1,1789999243
2026-09-21T14:01:49+00:00,2026-09-21T14:02:28.910046+00:00,f8353277-0de8-11e7-991c-3863bb43a7d0,218,15,7,0,0,0,1,1,1,1789999245
2026-09-21T14:01:49+00:00,2026-09-21T14:02:28.910046+00:00,3dbbb3cb-b52d-46f8-8f9c-db11e83d081c,327,1,0,0,14,0,1,1,1,1789999244
2026-09-21T14:01:49+00:00,2026-09-21T14:02:28.910046+00:00,f8348857-0de8-11e7-991c-3863bb43a7d0,55,8,1,0,7,0,1,1,1,1789999240
2026-09-21T14:01:49+00:00,2026-09-21T14:02:28.910046+00:00,1961066392414132348,1961066392414132348,14,3,1,4,0,1,1,1,1789999237
2026-09-21T14:01:49+00:00,2026-09-21T14:02:28.910046+00:00,082262bd-086b-46c7-83ce-eed2b39142ff,416,13,0,0,2,0,1,1,1,1789999237
2026-09-21T14:01:49+00:00,2026-09-21T14:02:28.910046+00:00,2248987790637065652,2248987790637065652,4,0,1,7,0,1,1,1,1789999238
2026-09-21T14:01:49+00:00,2026-09-21T14:02:28.910046+00:00,f8350c56-0de8-11e7-991c-3863bb43a7d0,161,0,0,0,23,0,1,1,1,1789999238
2026-09-21T14:01:49+00:00,2026-09-21T14:02:28.910046+00:00,f8349672-0de8-11e7-991c-3863bb43a7d0,72,23,9,0,0,0,1,1,1,1789999251
2026-09-21T14:01:49+00:00,2026-09-21T14:02:28.910046+00:00,f8352306-0de8-11e7-991c-3863bb43a7d0,199,5,2,0,10,0,1,1,1,1789999252
2026-09-21T14:01:49+00:00,2026-09-21T14:02:28.910046+00:00,dd05a440-f881-410c-a071-864da11c634a,318,18,4,1,0,0,1,1,1,1789999249
2026-09-21T14:01:49+00:00,2026-09-21T14:02:28.910046+00:00,f8346a3c-0de8-11e7-991c-3863bb43a7d0,10,7,0,3,1,0,1,1,1,1789999256
2026-09-21T14:01:49+00:00,2026-09-21T14:02:28.910046+00:00,8b703219-1e16-4ba1-9f46-2b7030c7849a,360,8,0,0,7,0,1,1,1,1789999258
2026-09-21T14:01:49+00:00,2026-09-21T14:02:28.910046+00:00,66763558-7a03-48a9-8665-6b4445b81f48,458,2,0,0,13,0,1,1,1,1789999255
2026-09-21T14:01:49+00:00,2026-09-21T14:02:28.910046+00:00,af066ffd-b892-434f-8532-1982fc408780,480,1,0,1,9,0,1,1,1,1789999258
2026-09-21T14:01:49+00:00,2026-09-21T14:02:28.910046+00:00,2100948177843249670,2100948177843249670,4,0,0,7,0,1,1,1,1789999260
2026-09-21T14:01:49+00:00,2026-09-21T14:02:28.910046+00:00,4764641e-b080-4c70-a1e1-049de81e09d0,273,3,0,2,35,0,1,1,1,1789999264
2026-09-21T14:01:49+00:00,2026-09-21T14:02:28.910046+00:00,50cc3c7f-50ed-4c70-b483-c89f3f47c938,491,8,2,0,11,0,1,1,1,1789999264
2026-09-21T14:01:49+00:00,2026-09-21T14:02:28.910046+00:00,3b158c7a-a362-43ae-af1f-121b78be32d7,483,13,1,0,4,0,1,1,1,1789999264
2026-09-21T14:01:49+00:00,2026-09-21T14:02:28.910046+00:00,f835027c-0de8-11e7-991c-3863bb43a7d0,152,10,0,0,17,0,1,1,1,1789999261
2026-09-21T14:01:49+00:00,2026-09-21T14:02:28.910046+00:00,f4a64c30-b97f-4ae5-b531-a11698b558d7,562,7,0,0,2,0,1,1,1,1789999262
2026-09-21T14:01:49+00:00,2026-09-21T14:02:28.910046+00:00,1963273678015717438,1963273678015717438,5,2,0,14,0,1,1,1,1789999261
2026-09-21T14:01:49+00:00,2026-09-21T14:02:28.910046+00:00,13681246-4bf8-444a-a908-fa165e4ad298,329,0,0,1,14,0,1,1,1,1789999262
2026-09-21T14:01:49+00:00,2026-09-21T14:02:28.910046+00:00,d81e16e2-a410-4a0b-b5ae-b72748fc9781,d81e16e2-a410-4a0b-b5ae-b72748fc9781,15,4,1,3,0,1,1,1,1789999262
2026-09-21T14:01:49+00:00,2026-09-21T14:02:28.910046+00:00,f8346c01-0de8-11e7-991c-3863bb43a7d0,13,19,2,0,0,0,1,1,1,1789999263
2026-09-21T14:01:49+00:00,2026-09-21T14:02:28.910046+00:00,b5894555-30a3-46db-918a-fdeb083d6001,336,14,0,0,1,0,1,1,1,1789999265
2026-09-21T14:01:49+00:00,2026-09-21T14:02:28.910046+00:00,7dd0fc98-c1dd-4c93-9c1d-4bbdf5f93346,473,9,5,0,5,0,1,1,1,1789999263
2026-09-21T14:01:49+00:00,2026-09-21T14:02:28.910046+00:00,f8348781-0de8-11e7-991c-3863bb43a7d0,53,0,0,1,17,0,1,1,1,1789999268
2026-09-21T14:01:49+00:00,2026-09-21T14:02:28.910046+00:00,2080157934789007958,2080157934789007958,17,3,0,2,0,1,1,1,1789999268
2026-09-21T14:01:49+00:00,2026-09-21T14:02:28.910046+00:00,2136546016037880534,2136546016037880534,0,0,1,14,0,1,1,1,1789999266
2026-09-21T14:01:49+00:00,2026-09-21T14:02:28.910046+00:00,2002247509585342522,2002247509585342522,7,2,0,4,0,1,1,1,1789999269
2026-09-21T14:01:49+00:00,2026-09-21T14:02:28.910046+00:00,2126939746529359956,2126939746529359956,7,0,0,12,0,1,1,1,1789999269
2026-09-21T14:01:49+00:00,2026-09-21T14:02:28.910046+00:00,2171110977443594588,2171110977443594588,5,0,0,10,0,1,1,1,1789999267
2026-09-21T14:01:49+00:00,2026-09-21T14:02:28.910046+00:00,57caf362-1e8b-46aa-9ee3-82341c405ab0,271,10,1,0,5,0,1,1,1,1789999268
2026-09-21T14:01:49+00:00,2026-09-21T14:02:28.910046+00:00,be7e7068-b85f-42c1-8ea1-e1d64e531323,be7e7068-b85f-42c1-8ea1-e1d64e531323,6,0,0,8,0,1,1,1,1789999270
2026-09-21T14:01:49+00:00,2026-09-21T14:02:28.910046+00:00,3c837bc0-fd08-49c4-adf5-0e9a98e918a7,524,8,3,0,6,0,1,1,1,1789999270
2026-09-21T14:01:49+00:00,2026-09-21T14:02:28.910046+00:00,3f4f4ad4-a715-43d5-828f-f8381f26b66a,390,8,0,0,7,0,1,1,1,1789999271
2026-09-21T14:01:49+00:00,2026-09-21T14:02:28.910046+00:00,f834923d-0de8-11e7-991c-3863bb43a7d0,65,8,0,1,11,0,1,1,1,1789999266
2026-09-21T14:01:49+00:00,2026-09-21T14:02:28.910046+00:00,f834ff5a-0de8-11e7-991c-3863bb43a7d0,145,6,0,0,13,0,1,1,1,1789999266
2026-09-21T14:01:49+00:00,2026-09-21T14:02:28.910046+00:00,25cc602a-152a-4abe-9df8-a131d0a5d94b,235,8,2,0,7,0,1,1,1,1789999273
2026-09-21T14:01:49+00:00,2026-09-21T14:02:28.910046+00:00,1206f5c8-7d1f-4c32-9d65-f3e80186fbde,511,8,8,1,10,0,1,1,1,1789999273
2026-09-21T14:01:49+00:00,2026-09-21T14:02:28.910046+00:00,f834b50a-0de8-11e7-991c-3863bb43a7d0,102,9,1,0,5,0,1,1,1,1789999274
2026-09-21T14:01:49+00:00,2026-09-21T14:02:28.910046+00:00,f8348021-0de8-11e7-991c-3863bb43a7d0,39,25,2,0,2,0,1,1,1,1789999271
2026-09-21T14:01:49+00:00,2026-09-21T14:02:28.910046+00:00,2115804056935012722,2115804056935012722,1,0,0,18,0,1,1,1,1789999272
2026-09-21T14:01:49+00:00,2026-09-21T14:02:28.910046+00:00,2074236051937964826,2074236051937964826,2,0,0,14,0,1,1,1,1789999275
2026-09-21T14:01:49+00:00,2026-09-21T14:02:28.910046+00:00,f83472d3-0de8-11e7-991c-3863bb43a7d0,25,1,0,0,14,0,1,1,1,1789999275
2026-09-21T14:01:49+00:00,2026-09-21T14:02:28.910046+00:00,fae99a0c-e88a-4112-94d8-f655cf34e651,fae99a0c-e88a-4112-94d8-f655cf34e651,0,0,0,19,0,1,1,1,1789999276
2026-09-21T14:01:49+00:00,2026-09-21T14:02:28.910046+00:00,f834d064-0de8-11e7-991c-3863bb43a7d0,118,9,1,1,9,0,1,1,1,1789999277
2026-09-21T14:01:49+00:00,2026-09-21T14:02:28.910046+00:00,b0b8e427-7203-4844-9c70-129e08a74452,347,1,0,0,13,0,1,1,1,1789999278
2026-09-21T14:01:49+00:00,2026-09-21T14:02:28.910046+00:00,609c2f06-310e-4134-8dd2-3d23aa41487b,609c2f06-310e-4134-8dd2-3d23aa41487b,16,2,2,5,0,1,1,1,1789999278
2026-09-21T14:01:49+00:00,2026-09-21T14:02:28.910046+00:00,a439fff7-8630-464c-b277-efca6f6bc664,531,1,0,0,13,0,1,1,1,1789999278
2026-09-21T14:01:49+00:00,2026-09-21T14:02:28.910046+00:00,2124668538068359456,2124668538068359456,15,0,1,3,0,1,1,1,1789999280
2026-09-21T14:01:49+00:00,2026-09-21T14:02:28.910046+00:00,2012646293885032702,2012646293885032702,17,2,0,7,0,1,1,1,1789999281
2026-09-21T14:01:49+00:00,2026-09-21T14:02:28.910046+00:00,f835141c-0de8-11e7-991c-3863bb43a7d0,178,2,0,0,18,0,1,1,1,1789999278
2026-09-21T14:01:49+00:00,2026-09-21T14:02:28.910046+00:00,2223046412750968128,2223046412750968128,2,2,0,17,0,1,1,1,1789999278
2026-09-21T14:01:49+00:00,2026-09-21T14:02:28.910046+00:00,2253794653988522864,2253794653988522864,5,0,1,13,0,1,1,1,1789999286
2026-09-21T14:01:49+00:00,2026-09-21T14:02:28.910046+00:00,f8352a4d-0de8-11e7-991c-3863bb43a7d0,212,8,1,2,22,0,1,1,1,1789999286
2026-09-21T14:01:49+00:00,2026-09-21T14:02:28.910046+00:00,31382324-2931-491a-827a-40149e45afee,232,4,0,1,6,0,1,1,1,1789999286
2026-09-21T14:01:49+00:00,2026-09-21T14:02:28.910046+00:00,f8350be5-0de8-11e7-991c-3863bb43a7d0,160,7,0,0,7,0,1,1,1,1789999286
2026-09-21T14:01:49+00:00,2026-09-21T14:02:28.910046+00:00,f834fb66-0de8-11e7-991c-3863bb43a7d0,139,9,0,1,9,0,1,1,1,1789999287
2026-09-21T14:01:49+00:00,2026-09-21T14:02:28.910046+00:00,f8352c1a-0de8-11e7-991c-3863bb43a7d0,216,19,0,0,0,0,1,1,1,1789999287
2026-09-21T14:01:49+00:00,2026-09-21T14:02:28.910046+00:00,f8348924-0de8-11e7-991c-3863bb43a7d0,57,1,1,0,12,0,1,1,1,1789999283
2026-09-21T14:01:49+00:00,2026-09-21T14:02:28.910046+00:00,f834b652-0de8-11e7-991c-3863bb43a7d0,104,1,0,2,12,0,1,1,1,1789999285
2026-09-21T14:01:49+00:00,2026-09-21T14:02:28.910046+00:00,efd724b2-31cb-4aec-b9d9-8ab79271630c,493,9,0,0,8,0,1,1,1,1789999286
2026-09-21T14:01:49+00:00,2026-09-21T14:02:28.910046+00:00,a9bc314b-a3fd-46e5-a63b-f005258bba5f,a9bc314b-a3fd-46e5-a63b-f005258bba5f,0,0,0,18,0,1,1,1,1789999282
2026-09-21T14:01:49+00:00,2026-09-21T14:02:28.910046+00:00,2071724371800490690,2071724371800490690,12,0,0,8,0,1,1,1,1789999283
2026-09-21T14:01:49+00:00,2026-09-21T14:02:28.910046+00:00,dd008e3c-ff17-4c82-abe0-502272a62425,558,5,1,1,9,0,1,1,1,1789999284
2026-09-21T14:01:49+00:00,2026-09-21T14:02:28.910046+00:00,c98f50f6-1901-4c64-b164-8cf33245e022,282,11,0,2,5,0,1,1,1,1789999288
2026-09-21T14:01:49+00:00,2026-09-21T14:02:28.910046+00:00,a51b429f-bf06-425a-b3fe-b3155aa6468c,a51b429f-bf06-425a-b3fe-b3155aa6468c,7,3,3,1,0,1,1,1,1789999289
2026-09-21T14:01:49+00:00,2026-09-21T14:02:28.910046+00:00,634b697d-0e64-4102-8849-abac7a7f8e35,455,7,2,0,5,0,1,1,1,1789999288
2026-09-21T14:01:49+00:00,2026-09-21T14:02:28.910046+00:00,f835108b-0de8-11e7-991c-3863bb43a7d0,170,6,4,1,7,0,1,1,1,1789999072
2026-09-21T14:01:49+00:00,2026-09-21T14:02:28.910046+00:00,7c860828-3359-4229-b59b-963f5a4bab00,236,0,0,5,0,0,1,0,0,1789928561
2026-09-21T14:01:49+00:00,2026-09-21T14:02:28.910046+00:00,2038981933682610536,2038981933682610536,9,2,2,4,1,1,1,1,1789999167
2026-09-21T14:01:49+00:00,2026-09-21T14:02:28.910046+00:00,2118368356250680236,2118368356250680236,2,0,0,14,0,1,1,1,1789999165
2026-09-21T14:01:49+00:00,2026-09-21T14:02:28.910046+00:00,2d32e355-faee-407b-9bb7-45d80ffb059a,2d32e355-faee-407b-9bb7-45d80ffb059a,19,5,0,0,0,1,1,1,1789999171
2026-09-21T14:01:49+00:00,2026-09-21T14:02:28.910046+00:00,f834fede-0de8-11e7-991c-3863bb43a7d0,144,10,3,0,9,0,1,1,1,1789999173
2026-09-21T14:01:49+00:00,2026-09-21T14:02:28.910046+00:00,0b0467c1-0c90-4529-a556-fe4d57835bbb,435,0,0,0,15,0,1,1,1,1789999173
2026-09-21T14:01:49+00:00,2026-09-21T14:02:28.910046+00:00,2109111257926871498,2109111257926871498,4,0,3,12,0,1,1,1,1789999175
2026-09-21T14:01:49+00:00,2026-09-21T14:02:28.910046+00:00,2151136782588526782,2151136782588526782,3,0,0,8,0,1,1,1,1789999177
2026-09-21T14:01:49+00:00,2026-09-21T14:02:28.910046+00:00,2014558273483754010,2014558273483754010,3,0,1,15,0,1,1,1,1789999182
2026-09-21T14:01:49+00:00,2026-09-21T14:02:28.910046+00:00,a75d3da1-ce74-447f-8e80-52506a81aff3,a75d3da1-ce74-447f-8e80-52506a81aff3,2,0,0,9,0,1,1,1,1789999182
2026-09-21T14:01:49+00:00,2026-09-21T14:02:28.910046+00:00,186accbb-6a08-4e1d-b267-9033c4443a56,401,4,0,1,10,0,1,1,1,1789999183
2026-09-21T14:01:49+00:00,2026-09-21T14:02:28.910046+00:00,ed6c012e-6d6c-41e7-8e01-90749fd67575,546,6,3,0,9,1,1,1,1,1789999183
2026-09-21T14:01:49+00:00,2026-09-21T14:02:28.910046+00:00,2096125468116637776,2096125468116637776,12,2,2,1,0,1,1,1,1789999189
2026-09-21T14:01:49+00:00,2026-09-21T14:02:28.910046+00:00,f83512c9-0de8-11e7-991c-3863bb43a7d0,175,7,0,1,9,0,1,1,1,1789999189
2026-09-21T14:01:49+00:00,2026-09-21T14:02:28.910046+00:00,2002248857751890568,2002248857751890568,3,1,0,8,0,1,1,1,1789999192
2026-09-21T14:01:49+00:00,2026-09-21T14:02:28.910046+00:00,f834dedf-0de8-11e7-991c-3863bb43a7d0,124,9,0,0,5,0,1,1,1,1789999191
2026-09-21T14:01:49+00:00,2026-09-21T14:02:28.910046+00:00,8347c34d-68df-404b-ac58-7a387cc3ce4b,414,21,1,0,2,0,1,1,1,1789999194
2026-09-21T14:01:49+00:00,2026-09-21T14:02:28.910046+00:00,9c8366d8-3b58-4894-b281-09e22f6fe5f7,464,2,0,0,9,0,1,1,1,1789999190
2026-09-21T14:01:49+00:00,2026-09-21T14:02:28.910046+00:00,4fe8e777-345b-4fc2-a684-dd874e8186d8,4fe8e777-345b-4fc2-a684-dd874e8186d8,8,1,0,7,0,1,1,1,1789999185
2026-09-21T14:01:49+00:00,2026-09-21T14:02:28.910046+00:00,7feae3ce-ddf2-4a45-a123-1209c8a9182b,484,5,3,0,6,0,1,1,1,1789999199
2026-09-21T14:01:49+00:00,2026-09-21T14:02:28.910046+00:00,1989983491501558234,1989983491501558234,5,2,1,5,0,1,1,1,1789999198
2026-09-21T14:01:49+00:00,2026-09-21T14:02:28.910046+00:00,f83480a9-0de8-11e7-991c-3863bb43a7d0,40,4,0,2,25,0,1,1,1,1789999200
2026-09-21T14:01:49+00:00,2026-09-21T14:02:28.910046+00:00,f83471a1-0de8-11e7-991c-3863bb43a7d0,23,23,3,0,2,0,1,1,1,1789999200
2026-09-21T14:01:49+00:00,2026-09-21T14:02:28.910046+00:00,2071630998981871920,2071630998981871920,10,1,0,10,0,1,1,1,1789999205
2026-09-21T14:01:49+00:00,2026-09-21T14:02:28.910046+00:00,2104f242-2dde-4ec0-8197-4454b1021ac1,381,1,0,0,22,2,1,1,1,1789999207
2026-09-21T14:01:49+00:00,2026-09-21T14:02:28.910046+00:00,d1c0b0c2-6e4c-424e-a946-a2a95a711633,422,4,3,0,11,0,1,1,1,1789999208
2026-09-21T14:01:49+00:00,2026-09-21T14:02:28.910046+00:00,065e0e5d-8a0d-49b7-9c1f-c8eaba51a8b4,490,16,5,1,1,0,1,1,1,1789999207
2026-09-21T14:01:49+00:00,2026-09-21T14:02:28.910046+00:00,2249419943962214726,2249419943962214726,5,1,1,13,0,1,1,1,1789999229
2026-09-21T14:01:49+00:00,2026-09-21T14:02:28.910046+00:00,fe6a64e7-c712-404c-85ae-ee77a37245b1,355,13,0,1,3,0,1,1,1,1789999229
2026-09-21T14:01:49+00:00,2026-09-21T14:02:28.910046+00:00,e32c0bb9-e85b-4764-b0fb-5c582cfd3a90,340,17,6,0,2,0,1,1,1,1789999232
2026-09-21T14:01:49+00:00,2026-09-21T14:02:28.910046+00:00,eee3aab6-bd98-4d1f-8887-9c4e2adce482,eee3aab6-bd98-4d1f-8887-9c4e2adce482,7,2,0,4,0,1,1,1,1789999233
2026-09-21T14:01:49+00:00,2026-09-21T14:02:28.910046+00:00,f8352378-0de8-11e7-991c-3863bb43a7d0,200,12,2,0,7,0,1,1,1,1789999231
2026-09-21T14:01:49+00:00,2026-09-21T14:02:28.910046+00:00,f714390d-6874-43fa-a079-a07f83c79c7b,f714390d-6874-43fa-a079-a07f83c79c7b,0,0,0,11,0,1,1,1,1789999232
2026-09-21T14:01:49+00:00,2026-09-21T14:02:28.910046+00:00,4c128753-6fde-4d4c-896e-a1adf89ada98,4c128753-6fde-4d4c-896e-a1adf89ada98,20,4,0,5,0,1,1,1,1789999234
2026-09-21T14:01:49+00:00,2026-09-21T14:02:28.910046+00:00,f8285d4f-5053-4e26-bb28-72016fe11353,405,12,0,0,7,0,1,1,1,1789999233
2026-09-21T14:01:49+00:00,2026-09-21T14:02:28.910046+00:00,0daf7408-7a15-4d2b-8c39-f1a097cdbe85,403,4,0,2,9,0,1,1,1,1789999235
2026-09-21T14:01:49+00:00,2026-09-21T14:02:28.910046+00:00,2245672241002318634,2245672241002318634,7,0,1,10,0,1,1,1,1789999234
2026-09-21T14:01:49+00:00,2026-09-21T14:02:28.910046+00:00,c5017e67-cada-4549-a52e-0f13dddd289d,424,15,0,0,4,0,1,1,1,1789999236
2026-09-21T14:01:49+00:00,2026-09-21T14:02:28.910046+00:00,f834658f-0de8-11e7-991c-3863bb43a7d0,4,0,0,2,17,0,1,1,1,1789999237
2026-09-21T14:01:49+00:00,2026-09-21T14:02:28.910046+00:00,2002579415401984808,2002579415401984808,3,0,0,8,0,1,1,1,1789999238
2026-09-21T14:01:49+00:00,2026-09-21T14:02:28.910046+00:00,f834a7d1-0de8-11e7-991c-3863bb43a7d0,91,9,0,0,10,0,1,1,1,1789999239
2026-09-21T14:01:49+00:00,2026-09-21T14:02:28.910046+00:00,f8348a68-0de8-11e7-991c-3863bb43a7d0,60,0,0,0,17,0,1,1,1,1789999217
2026-09-21T14:01:49+00:00,2026-09-21T14:02:28.910046+00:00,2130224177726511580,2130224177726511580,11,1,0,4,0,1,1,1,1789999218
2026-09-21T14:01:49+00:00,2026-09-21T14:02:28.910046+00:00,9f582e05-15e0-4a39-aef5-c719e0c78e26,466,0,0,2,9,0,1,1,1,1789999219
2026-09-21T14:01:49+00:00,2026-09-21T14:02:28.910046+00:00,c23a4c0d-7e43-4042-80e2-7c894d07763b,559,11,2,0,0,0,1,1,1,1789999219
2026-09-21T14:01:49+00:00,2026-09-21T14:02:28.910046+00:00,f83483f3-0de8-11e7-991c-3863bb43a7d0,46,4,0,1,34,0,1,1,1,1789999218
2026-09-21T14:01:49+00:00,2026-09-21T14:02:28.910046+00:00,228b8017-e4da-4722-9223-b8279a14b8ad,448,3,0,0,7,0,1,1,1,1789999219
2026-09-21T14:01:49+00:00,2026-09-21T14:02:28.910046+00:00,81676204-e42f-4d3d-991e-9c1264f36229,357,10,0,0,5,0,1,1,1,1789999220
2026-09-21T14:01:49+00:00,2026-09-21T14:02:28.910046+00:00,aa556ad4-0092-4687-96c2-8dbc69addb56,485,9,9,0,2,0,1,1,1,1789999216
2026-09-21T14:01:49+00:00,2026-09-21T14:02:28.910046+00:00,f83529e2-0de8-11e7-991c-3863bb43a7d0,211,7,0,0,8,0,1,1,1,1789999214
2026-09-21T14:01:49+00:00,2026-09-21T14:02:28.910046+00:00,f834a838-0de8-11e7-991c-3863bb43a7d0,92,8,4,1,9,0,1,1,1,1789999212
2026-09-21T14:01:49+00:00,2026-09-21T14:02:28.910046+00:00,5f8ced09-665c-41e5-b67e-1e58fac21830,521,2,1,0,9,0,1,1,1,1789999223
2026-09-21T14:01:49+00:00,2026-09-21T14:02:28.910046+00:00,a3bf0bfe-198b-4160-a2fb-cc7d10cfb4cf,a3bf0bfe-198b-4160-a2fb-cc7d10cfb4cf,8,0,1,10,0,1,1,1,1789999221
2026-09-21T14:01:49+00:00,2026-09-21T14:02:28.910046+00:00,f83520d8-0de8-11e7-991c-3863bb43a7d0,195,20,3,0,3,0,1,1,1,1789999224
2026-09-21T14:01:49+00:00,2026-09-21T14:02:28.910046+00:00,12141b77-6e5f-444b-bace-2abf16db4fee,12141b77-6e5f-444b-bace-2abf16db4fee,5,2,0,6,0,1,1,1,1789999222
2026-09-21T14:01:49+00:00,2026-09-21T14:02:28.910046+00:00,e2c306f6-82c7-4d0d-89fd-c9452d2f9ad1,361,41,7,1,0,0,1,1,1,1789999242
2026-09-21T14:01:49+00:00,2026-09-21T14:02:28.910046+00:00,1976642295079838524,1976642295079838524,7,6,0,4,0,1,1,1,1789999243
2026-09-21T14:01:49+00:00,2026-09-21T14:02:28.910046+00:00,f8351490-0de8-11e7-991c-3863bb43a7d0,179,0,0,3,49,0,1,1,1,1789999243
2026-09-21T14:01:49+00:00,2026-09-21T14:02:28.910046+00:00,9cc65d3d-cfcc-45ff-8f75-7264556b1cf9,9cc65d3d-cfcc-45ff-8f75-7264556b1cf9,3,0,0,16,0,1,1,1,1789999246
2026-09-21T14:01:49+00:00,2026-09-21T14:02:28.910046+00:00,f834dc46-0de8-11e7-991c-3863bb43a7d0,122,15,8,0,0,0,1,1,1,1789999246
2026-09-21T14:01:49+00:00,2026-09-21T14:02:28.910046+00:00,f834ab92-0de8-11e7-991c-3863bb43a7d0,95,1,0,3,11,0,1,1,1,1789999247
2026-09-21T14:01:49+00:00,2026-09-21T14:02:28.910046+00:00,1676a6f7-c417-48d2-92e8-5ce21995efc3,374,11,0,1,7,0,1,1,1,1789999264
2026-09-21T14:01:49+00:00,2026-09-21T14:02:28.910046+00:00,f834b99d-0de8-11e7-991c-3863bb43a7d0,107,6,2,0,11,0,1,1,1,1789999266
2026-09-21T14:01:49+00:00,2026-09-21T14:02:28.910046+00:00,2131760674371160748,2131760674371160748,11,1,0,9,0,1,1,1,1789999261
2026-09-21T14:01:49+00:00,2026-09-21T14:02:28.910046+00:00,5bbdd12f-fec4-4741-9d5d-4a60834c5d02,377,6,0,0,13,0,1,1,1,1789999261
2026-09-21T14:01:49+00:00,2026-09-21T14:02:28.910046+00:00,2076849845777355316,2076849845777355316,0,0,0,32,0,1,1,1,1789999261
2026-09-21T14:01:49+00:00,2026-09-21T14:02:28.910046+00:00,f8349ed6-0de8-11e7-991c-3863bb43a7d0,82,12,0,1,12,0,1,1,1,1789999262
2026-09-21T14:01:49+00:00,2026-09-21T14:02:28.910046+00:00,fe534b6f-61ad-47d3-b9f6-cdaa128f53a4,395,5,2,0,10,0,1,1,1,1789999263
2026-09-21T14:01:49+00:00,2026-09-21T14:02:28.910046+00:00,2098360140389493528,2098360140389493528,6,4,0,5,0,1,1,1,1789999266
2026-09-21T14:01:49+00:00,2026-09-21T14:02:28.910046+00:00,ad2fb6f2-921f-440c-83de-08be76e35c2a,468,11,1,0,4,0,1,1,1,1789999266
2026-09-21T14:01:49+00:00,2026-09-21T14:02:28.910046+00:00,1978882443666915710,1978882443666915710,10,0,0,7,1,1,1,1,1789999266
2026-09-21T14:01:49+00:00,2026-09-21T14:02:28.910046+00:00,4f25f6ef-236b-43b4-8a92-68a24db0504b,4f25f6ef-236b-43b4-8a92-68a24db0504b,7,0,0,7,0,1,1,1,1789999265
2026-09-21T14:01:49+00:00,2026-09-21T14:02:28.910046+00:00,6e340d8e-45db-4fd9-b6eb-b74ec73b0d3e,535,1,0,0,14,0,1,1,1,1789999263
2026-09-21T14:01:49+00:00,2026-09-21T14:02:28.910046+00:00,be18593a-9e4c-4a13-8bb2-a5bac3d9b2b3,547,2,0,2,14,0,1,1,1,1789999262
2026-09-21T14:01:49+00:00,2026-09-21T14:02:28.910046+00:00,ca76adb6-4c84-4484-9ec3-b411b81ddbef,ca76adb6-4c84-4484-9ec3-b411b81ddbef,6,0,0,13,0,1,1,1,1789999269
2026-09-21T14:01:49+00:00,2026-09-21T14:02:28.910046+00:00,1a39ab83-f029-4134-aad4-35380b30bf2c,1a39ab83-f029-4134-aad4-35380b30bf2c,7,1,1,11,0,1,1,1,1789999269
2026-09-21T14:01:49+00:00,2026-09-21T14:02:28.910046+00:00,f8350204-0de8-11e7-991c-3863bb43a7d0,151,14,7,1,4,0,1,1,1,1789999269
2026-09-21T14:01:49+00:00,2026-09-21T14:02:28.910046+00:00,eb8824c3-9c84-4fec-8d6f-d537c8ab3beb,349,5,0,0,12,0,1,1,1,1789999270
2026-09-21T14:01:49+00:00,2026-09-21T14:02:28.910046+00:00,f835260c-0de8-11e7-991c-3863bb43a7d0,206,2,1,0,38,0,1,1,1,1789999268
2026-09-21T14:01:49+00:00,2026-09-21T14:02:28.910046+00:00,f834a3a0-0de8-11e7-991c-3863bb43a7d0,87,2,1,1,12,0,1,1,1,1789999268
2026-09-21T14:01:49+00:00,2026-09-21T14:02:28.910046+00:00,f8349e56-0de8-11e7-991c-3863bb43a7d0,81,7,0,2,10,0,1,1,1,1789999272
2026-09-21T14:01:49+00:00,2026-09-21T14:02:28.910046+00:00,f834ba08-0de8-11e7-991c-3863bb43a7d0,108,15,1,0,2,0,1,1,1,1789999270
2026-09-21T14:01:49+00:00,2026-09-21T14:02:28.910046+00:00,f834f8ca-0de8-11e7-991c-3863bb43a7d0,137,8,2,3,9,0,1,1,1,1789999255
2026-09-21T14:01:49+00:00,2026-09-21T14:02:28.910046+00:00,9340e113-e0b2-48ac-b58a-8b6f001b0a94,486,5,3,1,5,0,1,1,1,1789999254
2026-09-21T14:01:49+00:00,2026-09-21T14:02:28.910046+00:00,2220822464984366036,2220822464984366036,4,4,0,7,1,1,1,1,1789999255
2026-09-21T14:01:49+00:00,2026-09-21T14:02:28.910046+00:00,13d4171b-6d93-490e-923f-f2a17d5c7613,13d4171b-6d93-490e-923f-f2a17d5c7613,2,0,0,9,0,1,1,1,1789999256
2026-09-21T14:01:49+00:00,2026-09-21T14:02:28.910046+00:00,c202f2ca-ec1d-4dc5-a734-e0a342f23ba4,279,8,0,0,15,0,1,1,1,1789999252
2026-09-21T14:01:49+00:00,2026-09-21T14:02:28.910046+00:00,f83489ff-0de8-11e7-991c-3863bb43a7d0,59,8,1,1,9,0,1,1,1,1789999252
2026-09-21T14:01:49+00:00,2026-09-21T14:02:28.910046+00:00,1921360868231155718,1921360868231155718,18,6,1,0,0,1,1,1,1789999256
2026-09-21T14:01:49+00:00,2026-09-21T14:02:28.910046+00:00,2040842277416872172,2040842277416872172,14,11,2,0,0,1,1,1,1789999255
2026-09-21T14:01:49+00:00,2026-09-21T14:02:28.910046+00:00,f8352ac4-0de8-11e7-991c-3863bb43a7d0,213,12,4,0,2,0,1,1,1,1789999260
2026-09-21T14:01:49+00:00,2026-09-21T14:02:28.910046+00:00,52485851-e554-49de-ab9f-f536806d2d34,52485851-e554-49de-ab9f-f536806d2d34,3,1,0,8,0,1,1,1,1789999260
2026-09-21T14:01:49+00:00,2026-09-21T14:02:28.910046+00:00,f83481c5-0de8-11e7-991c-3863bb43a7d0,42,7,1,1,23,0,1,1,1,1789999260
2026-09-21T14:01:49+00:00,2026-09-21T14:02:28.910046+00:00,f8346f6f-0de8-11e7-991c-3863bb43a7d0,19,7,2,0,8,0,1,1,1,1789999257
2026-09-21T14:01:49+00:00,2026-09-21T14:02:28.910046+00:00,f834ea45-0de8-11e7-991c-3863bb43a7d0,130,5,2,0,10,0,1,1,1,1789999257
2026-09-21T14:01:49+00:00,2026-09-21T14:02:28.910046+00:00,c1789d39-705f-4c03-9c14-4d6a3a4f4400,561,17,8,0,2,0,1,1,1,1789999258
2026-09-21T14:01:49+00:00,2026-09-21T14:02:28.910046+00:00,f8350a84-0de8-11e7-991c-3863bb43a7d0,157,12,0,0,3,0,1,1,1,1789999258
2026-09-21T14:01:49+00:00,2026-09-21T14:02:28.910046+00:00,7df1ee28-441e-44c1-8507-8f58946be96b,239,0,0,2,13,0,1,1,1,1789999260
2026-09-21T14:01:49+00:00,2026-09-21T14:02:28.910046+00:00,1942556871369959976,1942556871369959976,1,1,0,18,0,1,1,1,1789999273
2026-09-21T14:01:49+00:00,2026-09-21T14:02:28.910046+00:00,f834fc57-0de8-11e7-991c-3863bb43a7d0,140,5,0,0,12,0,1,1,1,1789999273
2026-09-21T14:01:49+00:00,2026-09-21T14:02:28.910046+00:00,bd3d4824-7203-4edc-a314-cea2b413e886,319,14,13,0,12,1,1,1,1,1789999276
2026-09-21T14:01:49+00:00,2026-09-21T14:02:28.910046+00:00,81bfc33b-30d8-4881-b261-712715a8b2bc,363,1,0,0,17,0,1,1,1,1789999275
2026-09-21T14:01:49+00:00,2026-09-21T14:02:28.910046+00:00,2129865213174084448,2129865213174084448,8,0,0,11,0,1,1,1,1789999275
2026-09-21T14:01:49+00:00,2026-09-21T14:02:28.910046+00:00,f8347b1e-0de8-11e7-991c-3863bb43a7d0,30,8,0,0,7,0,1,1,1,1789999277
2026-09-21T14:01:49+00:00,2026-09-21T14:02:28.910046+00:00,f8351726-0de8-11e7-991c-3863bb43a7d0,185,15,4,0,0,0,1,1,1,1789999276
2026-09-21T14:01:49+00:00,2026-09-21T14:02:28.910046+00:00,2212258635631104970,2212258635631104970,4,0,0,19,0,1,1,1,1789999277
2026-09-21T14:01:49+00:00,2026-09-21T14:02:28.910046+00:00,2225590560002383786,2225590560002383786,15,5,0,0,0,1,1,1,1789999280
2026-09-21T14:01:49+00:00,2026-09-21T14:02:28.910046+00:00,f834caf2-0de8-11e7-991c-3863bb43a7d0,114,5,0,1,8,0,1,1,1,1789999281
2026-09-21T14:01:49+00:00,2026-09-21T14:02:28.910046+00:00,f8351eb0-0de8-11e7-991c-3863bb43a7d0,190,0,0,1,36,0,1,1,1,1789999281
2026-09-21T14:01:49+00:00,2026-09-21T14:02:28.910046+00:00,f83515d8-0de8-11e7-991c-3863bb43a7d0,182,13,2,0,6,0,1,1,1,1789999281
2026-09-21T14:01:49+00:00,2026-09-21T14:02:28.910046+00:00,2093488029445054742,2093488029445054742,1,1,0,27,0,1,1,1,1789999279
2026-09-21T14:01:49+00:00,2026-09-21T14:02:28.910046+00:00,42886366-9cbf-432c-ba84-beef38877c87,408,2,2,0,13,0,1,1,1,1789999278
2026-09-21T14:01:49+00:00,2026-09-21T14:02:28.910046+00:00,f834ec42-0de8-11e7-991c-3863bb43a7d0,131,6,0,3,9,0,1,1,1,1789999279
2026-09-21T14:01:49+00:00,2026-09-21T14:02:28.910046+00:00,9e9be067-c6bb-41de-9491-eda69d24d6de,371,8,6,1,9,1,1,1,1,1789999282
2026-09-21T14:01:49+00:00,2026-09-21T14:02:28.910046+00:00,f8352068-0de8-11e7-991c-3863bb43a7d0,194,11,1,0,8,0,1,1,1,1789999280
2026-09-21T14:01:49+00:00,2026-09-21T14:02:28.910046+00:00,bd1755dc-f26c-420e-85b3-fd025d0b5445,554,10,2,1,4,0,1,1,1,1789999282
2026-09-21T14:01:49+00:00,2026-09-21T14:02:28.910046+00:00,2123672938202825324,2123672938202825324,4,1,0,11,0,1,1,1,1789999283
2026-09-21T14:01:49+00:00,2026-09-21T14:02:28.910046+00:00,2035660824473983142,2035660824473983142,11,0,1,6,1,1,1,1,1789999284
2026-09-21T14:01:49+00:00,2026-09-21T14:02:28.910046+00:00,74cb9bf6-bb53-4c70-88d2-67998b99628c,296,10,1,1,12,0,1,1,1,1789999283
2026-09-21T14:01:49+00:00,2026-09-21T14:02:28.910046+00:00,2007420398783036020,2007420398783036020,7,0,0,13,0,1,1,1,1789999285
2026-09-21T14:01:49+00:00,2026-09-21T14:02:28.910046+00:00,00802fe6-4268-4dc8-8f55-0dbbc1665ce6,515,9,0,0,10,0,1,1,1,1789999285
2026-09-21T14:01:49+00:00,2026-09-21T14:02:28.910046+00:00,47c44bb1-d065-41f5-ad79-c18aee60af34,342,1,1,0,14,0,1,1,1,1789999284
2026-09-21T14:01:49+00:00,2026-09-21T14:02:28.910046+00:00,53548ba4-ad0a-4d92-8e57-fd5c9f3ad102,399,2,0,0,13,0,1,1,1,1789999284
2026-09-21T14:01:49+00:00,2026-09-21T14:02:28.910046+00:00,12d463d2-ce50-43bd-81b1-6be4dbdbbc1b,430,10,0,0,9,0,1,1,1,1789999284
2026-09-21T14:01:49+00:00,2026-09-21T14:02:28.910046+00:00,2212663228188806942,2212663228188806942,7,1,0,17,0,1,1,1,1789999285
2026-09-21T14:01:49+00:00,2026-09-21T14:02:28.910046+00:00,93381e13-cd04-4e10-ac81-9f5926aa01d5,333,18,1,1,6,0,1,1,1,1789999288
2026-09-21T14:01:49+00:00,2026-09-21T14:02:28.910046+00:00,a83f982f-a4f1-43e4-98e8-c8f4a0bb7290,452,1,0,1,13,0,1,1,1,1789999287
2026-09-21T14:01:49+00:00,2026-09-21T14:02:28.910046+00:00,2254164250455119196,2254164250455119196,6,1,0,9,0,1,1,1,1789999287
2026-09-21T14:01:49+00:00,2026-09-21T14:02:28.910046+00:00,f0f01d4c-ba4a-4ab2-9cc0-9fa1f9223300,394,3,0,0,11,0,1,1,1,1789999288
2026-09-21T14:01:49+00:00,2026-09-21T14:02:28.910046+00:00,f834824e-0de8-11e7-991c-3863bb43a7d0,43,2,0,0,13,0,1,1,1,1789999288
2026-09-21T14:01:49+00:00,2026-09-21T14:02:28.910046+00:00,403c0f6c-d01a-4171-a7be-3aa4dbb0d7d1,407,7,6,0,11,0,1,1,1,1789999289
2026-09-21T14:01:49+00:00,2026-09-21T14:02:28.910046+00:00,f8351dc2-0de8-11e7-991c-3863bb43a7d0,188,7,0,0,8,0,1,1,1,1789999290
2026-09-21T14:01:49+00:00,2026-09-21T14:02:28.910046+00:00,1df03e33-c105-4e53-b013-d20056cd57f8,1df03e33-c105-4e53-b013-d20056cd57f8,0,0,0,0,0,0,0,0,86400
2026-09-21T14:01:49+00:00,2026-09-21T14:02:28.910046+00:00,8983c75a-12c1-4995-aedc-24c94bd895e3,384,0,0,4,15,0,1,0,0,1789940927
2026-09-21T14:01:49+00:00,2026-09-21T14:02:28.910046+00:00,f83488be-0de8-11e7-991c-3863bb43a7d0,56,7,0,1,10,0,1,1,1,1789999164
2026-09-21T14:01:49+00:00,2026-09-21T14:02:28.910046+00:00,48abed77-c9ba-4a39-8a5c-6a1e9bb8a9a5,48abed77-c9ba-4a39-8a5c-6a1e9bb8a9a5,4,0,0,12,0,1,1,1,1789999170
2026-09-21T14:01:49+00:00,2026-09-21T14:02:28.910046+00:00,f8347c41-0de8-11e7-991c-3863bb43a7d0,32,0,0,14,0,0,1,0,0,1789954975
2026-09-21T14:01:49+00:00,2026-09-21T14:02:28.910046+00:00,f83497b9-0de8-11e7-991c-3863bb43a7d0,74,18,5,0,0,0,1,1,1,1789999170
2026-09-21T14:01:49+00:00,2026-09-21T14:02:28.910046+00:00,f834723b-0de8-11e7-991c-3863bb43a7d0,24,19,12,2,2,0,1,1,1,1789999176
2026-09-21T14:01:49+00:00,2026-09-21T14:02:28.910046+00:00,1986302395589722758,1986302395589722758,2,0,0,8,0,1,1,1,1789999177
2026-09-21T14:01:49+00:00,2026-09-21T14:02:28.910046+00:00,1994054629753598708,1994054629753598708,9,0,0,5,0,1,1,1,1789999182
2026-09-21T14:01:49+00:00,2026-09-21T14:02:28.910046+00:00,f83517fa-0de8-11e7-991c-3863bb43a7d0,187,5,0,0,10,0,1,1,1,1789999180
2026-09-21T14:01:49+00:00,2026-09-21T14:02:28.910046+00:00,f8350ecf-0de8-11e7-991c-3863bb43a7d0,167,0,0,0,15,0,1,1,1,1789999174
2026-09-21T14:01:49+00:00,2026-09-21T14:02:28.910046+00:00,23146f28-9762-4a6d-a6db-fcd4ff0e5d07,356,19,1,3,1,0,1,1,1,1789999183
2026-09-21T14:01:49+00:00,2026-09-21T14:02:28.910046+00:00,1a661bb7-7d14-49e9-ac3d-22bafec8a2f0,507,7,6,1,3,0,1,1,1,1789999190
2026-09-21T14:01:49+00:00,2026-09-21T14:02:28.910046+00:00,9bfa4a32-5598-46ea-a1a1-17b4c6ed9d84,431,3,1,0,12,0,1,1,1,1789999189
2026-09-21T14:01:49+00:00,2026-09-21T14:02:28.910046+00:00,baab0b05-a028-4147-8432-a2726c7e48ea,328,3,1,0,12,0,1,1,1,1789999193
2026-09-21T14:01:49+00:00,2026-09-21T14:02:28.910046+00:00,868ccc83-99e5-4faf-96eb-e1fae26b9741,481,8,0,0,11,0,1,1,1,1789999192
2026-09-21T14:01:49+00:00,2026-09-21T14:02:28.910046+00:00,ef6ef93b-488f-496b-afbf-3aedfd967129,517,5,1,1,9,0,1,1,1,1789999191
2026-09-21T14:01:49+00:00,2026-09-21T14:02:28.910046+00:00,b205d2bb-bb76-49ac-8d14-85eec5a874d3,343,5,0,0,10,0,1,1,1,1789999191
2026-09-21T14:01:49+00:00,2026-09-21T14:02:28.910046+00:00,ea65c25f-0718-4f79-8588-c58b9fe3a105,226,8,0,0,7,0,1,1,1,1789999195
2026-09-21T14:01:49+00:00,2026-09-21T14:02:28.910046+00:00,f83491d4-0de8-11e7-991c-3863bb43a7d0,64,9,2,0,14,0,1,1,1,1789999202
2026-09-21T14:01:49+00:00,2026-09-21T14:02:28.910046+00:00,f8351f1d-0de8-11e7-991c-3863bb43a7d0,191,6,0,0,9,0,1,1,1,1789999202
2026-09-21T14:01:49+00:00,2026-09-21T14:02:28.910046+00:00,51bb4381-dae4-4aeb-b213-0614b807be29,344,7,1,0,12,0,1,1,1,1789999203
2026-09-21T14:01:49+00:00,2026-09-21T14:02:28.910046+00:00,7e1dae55-4d3d-4a41-b969-2aeca70e0e69,7e1dae55-4d3d-4a41-b969-2aeca70e0e69,2,0,1,8,0,1,1,1,1789999199
2026-09-21T14:01:49+00:00,2026-09-21T14:02:28.910046+00:00,8d893519-bc21-4536-b346-f558988bc8ad,260,8,0,0,7,0,1,1,1,1789999199
2026-09-21T14:01:49+00:00,2026-09-21T14:02:28.910046+00:00,f834662c-0de8-11e7-991c-3863bb43a7d0,5,3,0,0,12,0,1,1,1,1789999208
2026-09-21T14:01:49+00:00,2026-09-21T14:02:28.910046+00:00,81323081-749c-44cf-ac62-0e6c64305c32,461,6,2,0,5,0,1,1,1,1789999209
2026-09-21T14:01:49+00:00,2026-09-21T14:02:28.910046+00:00,56817d8e-3a1c-431a-a529-1a600f80c364,366,2,0,0,25,0,1,1,1,1789999210
2026-09-21T14:01:49+00:00,2026-09-21T14:02:28.910046+00:00,fe90d430-d33f-48b2-a5cd-bc161b220939,553,0,0,0,22,0,1,1,1,1789999211
2026-09-21T14:01:49+00:00,2026-09-21T14:02:28.910046+00:00,b34694c2-c640-4f70-b196-1c357ab798e0,b34694c2-c640-4f70-b196-1c357ab798e0,4,0,1,10,0,1,1,1,1789999206
2026-09-21T14:01:49+00:00,2026-09-21T14:02:28.910046+00:00,2141791438824588162,2141791438824588162,11,3,1,7,0,1,1,1,1789999205
2026-09-21T14:01:49+00:00,2026-09-21T14:02:28.910046+00:00,f2b83aa2-86cd-4904-a099-74bf2023f768,330,11,2,2,2,0,1,1,1,1789999216
2026-09-21T14:01:49+00:00,2026-09-21T14:02:28.910046+00:00,ccf82572-a142-4378-9a4b-5a51fcb4ef81,350,4,0,0,13,0,1,1,1,1789999216
2026-09-21T14:01:49+00:00,2026-09-21T14:02:28.910046+00:00,f8346d23-0de8-11e7-991c-3863bb43a7d0,15,9,1,0,6,0,1,1,1,1789999215
2026-09-21T14:01:49+00:00,2026-09-21T14:02:28.910046+00:00,f8352ba8-0de8-11e7-991c-3863bb43a7d0,215,1,0,0,14,0,1,1,1,1789999215
2026-09-21T14:01:49+00:00,2026-09-21T14:02:28.910046+00:00,6aebc664-1e3c-479f-8f65-2bae99215ed3,6aebc664-1e3c-479f-8f65-2bae99215ed3,8,1,0,3,0,1,1,1,1789999215
2026-09-21T14:01:49+00:00,2026-09-21T14:02:28.910046+00:00,f8347f09-0de8-11e7-991c-3863bb43a7d0,37,4,0,0,11,0,1,1,1,1789999215
2026-09-21T14:01:49+00:00,2026-09-21T14:02:28.910046+00:00,a6e0db4f-fc9b-42af-bfe0-36cc0259b717,446,14,1,2,0,0,1,1,1,1789999216
2026-09-21T14:01:49+00:00,2026-09-21T14:02:28.910046+00:00,2085737662370069102,2085737662370069102,2,0,2,16,0,1,1,1,1789999212
2026-09-21T14:01:49+00:00,2026-09-21T14:02:28.910046+00:00,b6a8522d-296d-4c05-887d-842374520780,545,6,6,1,7,0,1,1,1,1789999219
2026-09-21T14:01:49+00:00,2026-09-21T14:02:28.910046+00:00,f83511d4-0de8-11e7-991c-3863bb43a7d0,173,14,2,0,0,0,1,1,1,1789999221
2026-09-21T14:01:49+00:00,2026-09-21T14:02:28.910046+00:00,2118728866631796788,2118728866631796788,4,0,0,11,0,1,1,1,1789999218
2026-09-21T14:01:49+00:00,2026-09-21T14:02:28.910046+00:00,903b9b5d-4244-43e4-8441-0d17f9a994f7,528,3,0,0,8,0,1,1,1,1789999220
2026-09-21T14:01:49+00:00,2026-09-21T14:02:28.910046+00:00,2227858849424910006,2227858849424910006,4,0,0,4,0,1,1,1,1789999219
2026-09-21T14:01:49+00:00,2026-09-21T14:02:28.910046+00:00,f83513a7-0de8-11e7-991c-3863bb43a7d0,177,9,2,1,9,0,1,1,1,1789999228
2026-09-21T14:01:49+00:00,2026-09-21T14:02:28.910046+00:00,8b97606e-a849-4db8-ae9b-4009fe48d90b,556,11,1,1,7,0,1,1,1,1789999228
2026-09-21T14:01:49+00:00,2026-09-21T14:02:28.910046+00:00,d8ce5f8b-2440-45e1-ab1c-23cb3bcbde84,527,5,0,0,8,0,1,1,1,1789999228
2026-09-21T14:01:49+00:00,2026-09-21T14:02:28.910046+00:00,d22265a8-a6d7-4922-a6b5-4be738a9e5c4,392,6,3,0,9,0,1,1,1,1789999225
2026-09-21T14:01:49+00:00,2026-09-21T14:02:28.910046+00:00,25a9114f-66f0-427c-920f-5526ca84f056,346,7,1,2,6,0,1,1,1,1789999224
2026-09-21T14:01:49+00:00,2026-09-21T14:02:28.910046+00:00,ff938129-8179-455c-9ac9-9fcb9fc0b6d5,ff938129-8179-455c-9ac9-9fcb9fc0b6d5,12,0,0,7,0,1,1,1,1789999229
2026-09-21T14:01:49+00:00,2026-09-21T14:02:28.910046+00:00,380de8b2-2728-4e4b-83f1-251bfbb5acf2,487,0,0,1,18,0,1,1,1,1789999229
2026-09-21T14:01:49+00:00,2026-09-21T14:02:28.910046+00:00,f8350b76-0de8-11e7-991c-3863bb43a7d0,159,17,0,1,2,0,1,1,1,1789999226
2026-09-21T14:01:49+00:00,2026-09-21T14:02:28.910046+00:00,2043911250700610106,2043911250700610106,14,6,0,1,0,1,1,1,1789999223
2026-09-21T14:01:49+00:00,2026-09-21T14:02:28.910046+00:00,f8346b6f-0de8-11e7-991c-3863bb43a7d0,12,25,2,2,0,0,1,1,1,1789999233
2026-09-21T14:01:49+00:00,2026-09-21T14:02:28.910046+00:00,0208190e-851c-417d-8bc7-1b218db97fbf,0208190e-851c-417d-8bc7-1b218db97fbf,16,6,0,7,0,1,1,1,1789999234
2026-09-21T14:01:49+00:00,2026-09-21T14:02:28.910046+00:00,d7507124-4cab-4063-8445-a59a33a3d6e4,512,15,7,0,4,0,1,1,1,1789999235
2026-09-21T14:01:49+00:00,2026-09-21T14:02:28.910046+00:00,1963613484180639992,1963613484180639992,8,3,0,11,0,1,1,1,1789999235
2026-09-21T14:01:49+00:00,2026-09-21T14:02:28.910046+00:00,5b1d2661-8a93-4f14-b242-ebc52792f951,337,2,1,0,13,0,1,1,1,1789999234
2026-09-21T14:01:49+00:00,2026-09-21T14:02:28.910046+00:00,888780ee-bf2f-474e-9622-6bc725aa1b00,888780ee-bf2f-474e-9622-6bc725aa1b00,1,1,1,9,0,1,1,1,1789999233
2026-09-21T14:01:49+00:00,2026-09-21T14:02:28.910046+00:00,f834f6a3-0de8-11e7-991c-3863bb43a7d0,135,17,10,0,0,0,1,1,1,1789999239
2026-09-21T14:01:49+00:00,2026-09-21T14:02:28.910046+00:00,d5349097-b478-4b3f-9c46-d8fbcf38e3f4,509,4,0,0,8,0,1,1,1,1789999239
2026-09-21T14:01:49+00:00,2026-09-21T14:02:28.910046+00:00,2040842870122359032,2040842870122359032,19,8,1,0,0,1,1,1,1789999240
2026-09-21T14:01:49+00:00,2026-09-21T14:02:28.910046+00:00,1e1b40cd-8e00-4b74-b147-be6b23f5c9e7,385,15,2,0,0,0,1,1,1,1789999240
2026-09-21T14:01:49+00:00,2026-09-21T14:02:28.910046+00:00,f8347ccd-0de8-11e7-991c-3863bb43a7d0,33,17,5,0,10,0,1,1,1,1789999242
2026-09-21T14:01:49+00:00,2026-09-21T14:02:28.910046+00:00,e4678b17-face-42c3-9b5f-98418d31e3b6,e4678b17-face-42c3-9b5f-98418d31e3b6,0,0,0,11,0,1,1,1,1789999242
2026-09-21T14:01:49+00:00,2026-09-21T14:02:28.910046+00:00,f834b8b3-0de8-11e7-991c-3863bb43a7d0,105,10,0,0,9,0,1,1,1,1789999244
2026-09-21T14:01:49+00:00,2026-09-21T14:02:28.910046+00:00,295553ea-851b-4ac2-a094-f9d1208e399a,412,3,0,0,16,0,1,1,1,1789999241
2026-09-21T14:01:49+00:00,2026-09-21T14:02:28.910046+00:00,270ad97d-035d-472a-9827-76d3187afc56,402,3,0,0,12,0,1,1,1,1789999246
2026-09-21T14:01:49+00:00,2026-09-21T14:02:28.910046+00:00,57716f8d-c9ee-4768-8872-71343ec3ffd8,514,1,1,2,16,0,1,1,1,1789999249
2026-09-21T14:01:49+00:00,2026-09-21T14:02:28.910046+00:00,f8350cc1-0de8-11e7-991c-3863bb43a7d0,162,8,2,0,7,0,1,1,1,1789999249
2026-09-21T14:01:49+00:00,2026-09-21T14:02:28.910046+00:00,c5cfd1ed-aa44-4e20-96bb-e334c96f0d68,376,0,0,1,14,0,1,1,1,1789999251
2026-09-21T14:01:49+00:00,2026-09-21T14:02:28.910046+00:00,7f68a70d-af0e-450a-b7a8-ce621cd0c8c1,280,3,0,2,13,0,1,1,1,1789999251
2026-09-21T14:01:49+00:00,2026-09-21T14:02:28.910046+00:00,f8349b20-0de8-11e7-991c-3863bb43a7d0,76,3,1,1,13,0,1,1,1,1789999254
2026-09-21T14:01:49+00:00,2026-09-21T14:02:28.910046+00:00,2088704000370565344,2088704000370565344,5,4,1,6,0,1,1,1,1789999255
2026-09-21T14:01:49+00:00,2026-09-21T14:02:28.910046+00:00,f834b101-0de8-11e7-991c-3863bb43a7d0,97,5,0,1,13,0,1,1,1,1789999274
2026-09-21T14:01:49+00:00,2026-09-21T14:02:28.910046+00:00,f9524971-e9f9-4572-aebc-580e48de042f,f9524971-e9f9-4572-aebc-580e48de042f,6,0,0,13,0,1,1,1,1789999273
2026-09-21T14:01:49+00:00,2026-09-21T14:02:28.910046+00:00,f834708e-0de8-11e7-991c-3863bb43a7d0,21,6,1,0,12,0,1,1,1,1789999279
2026-09-21T14:01:49+00:00,2026-09-21T14:02:28.910046+00:00,2090158541932726550,2090158541932726550,12,0,0,3,0,1,1,1,1789999277
2026-09-21T14:01:49+00:00,2026-09-21T14:02:28.910046+00:00,2090635592862466836,2090635592862466836,5,1,1,24,1,1,1,1,1789999277
2026-09-21T14:01:49+00:00,2026-09-21T14:02:28.910046+00:00,2249415127458891992,2249415127458891992,12,0,1,2,0,1,1,1,1789999275
2026-09-21T14:01:49+00:00,2026-09-21T14:02:28.910046+00:00,2039109354743046934,2039109354743046934,17,0,1,1,1,1,1,1,1789999276
2026-09-21T14:01:49+00:00,2026-09-21T14:02:28.910046+00:00,1cced911-b428-4cfd-81be-3a8f77ce7379,233,4,0,1,10,0,1,1,1,1789999276
2026-09-21T14:01:49+00:00,2026-09-21T14:02:28.910046+00:00,1965873511294959658,1965873511294959658,9,1,0,14,0,1,1,1,1789999277
2026-09-21T14:01:49+00:00,2026-09-21T14:02:28.910046+00:00,f8346ad7-0de8-11e7-991c-3863bb43a7d0,11,7,3,0,7,0,1,1,1,1789999263
2026-09-21T14:01:49+00:00,2026-09-21T14:02:28.910046+00:00,2246034666940677832,2246034666940677832,8,4,0,3,0,1,1,1,1789999264
2026-09-21T14:01:49+00:00,2026-09-21T14:02:28.910046+00:00,f8352b39-0de8-11e7-991c-3863bb43a7d0,214,15,0,0,0,0,1,1,1,1789999266
2026-09-21T14:01:49+00:00,2026-09-21T14:02:28.910046+00:00,2145094035874873892,2145094035874873892,15,0,0,4,0,1,1,1,1789999267
2026-09-21T14:01:49+00:00,2026-09-21T14:02:28.910046+00:00,f83492b4-0de8-11e7-991c-3863bb43a7d0,66,2,0,1,12,0,1,1,1,1789999266
2026-09-21T14:01:49+00:00,2026-09-21T14:02:28.910046+00:00,2080205593583047424,2080205593583047424,0,0,0,16,0,1,1,1,1789999267
2026-09-21T14:01:49+00:00,2026-09-21T14:02:28.910046+00:00,2069389896750516900,2069389896750516900,20,3,0,0,0,1,1,1,1789999265
2026-09-21T14:01:49+00:00,2026-09-21T14:02:28.910046+00:00,2110984374959099994,2110984374959099994,11,3,1,8,0,1,1,1,1789999270
2026-09-21T14:01:49+00:00,2026-09-21T14:02:28.910046+00:00,68e5e79a-3c94-4848-b619-9c0829d7f687,475,4,1,1,9,0,1,1,1,1789999270
2026-09-21T14:01:49+00:00,2026-09-21T14:02:28.910046+00:00,f834abfd-0de8-11e7-991c-3863bb43a7d0,96,7,0,1,11,0,1,1,1,1789999270
2026-09-21T14:01:49+00:00,2026-09-21T14:02:28.910046+00:00,f834cfd8-0de8-11e7-991c-3863bb43a7d0,117,12,2,0,5,0,1,1,1,1789999269
2026-09-21T14:01:49+00:00,2026-09-21T14:02:28.910046+00:00,940638c5-7cd0-4a11-899e-86af3868d400,532,8,1,1,9,0,1,1,1,1789999272
2026-09-21T14:01:49+00:00,2026-09-21T14:02:28.910046+00:00,8a404180-7c2e-4dbe-9489-c478ed959282,8a404180-7c2e-4dbe-9489-c478ed959282,19,3,0,0,0,1,1,1,1789999273
2026-09-21T14:01:49+00:00,2026-09-21T14:02:28.910046+00:00,36f36eed-1070-49be-8b31-5676b8b3489f,227,18,4,1,0,0,1,1,1,1789999272
2026-09-21T14:01:49+00:00,2026-09-21T14:02:28.910046+00:00,2014865445230483952,2014865445230483952,13,1,1,2,0,1,1,1,1789999273
2026-09-21T14:01:49+00:00,2026-09-21T14:02:28.910046+00:00,f8346803-0de8-11e7-991c-3863bb43a7d0,8,0,0,3,16,0,1,1,1,1789999259
2026-09-21T14:01:49+00:00,2026-09-21T14:02:28.910046+00:00,f8347e78-0de8-11e7-991c-3863bb43a7d0,36,14,5,0,17,0,1,1,1,1789999251
2026-09-21T14:01:49+00:00,2026-09-21T14:02:28.910046+00:00,1994466222105870452,1994466222105870452,7,7,0,4,0,1,1,1,1789999251
2026-09-21T14:01:49+00:00,2026-09-21T14:02:28.910046+00:00,f835288a-0de8-11e7-991c-3863bb43a7d0,208,11,0,0,4,0,1,1,1,1789999251
2026-09-21T14:01:49+00:00,2026-09-21T14:02:28.910046+00:00,f834c7a9-0de8-11e7-991c-3863bb43a7d0,112,5,1,0,10,0,1,1,1,1789999257
2026-09-21T14:01:49+00:00,2026-09-21T14:02:28.910046+00:00,90330e1a-dee5-4914-9d3f-3891aeca12ca,434,11,5,0,8,0,1,1,1,1789999257
2026-09-21T14:01:49+00:00,2026-09-21T14:02:28.910046+00:00,1991922092203192944,1991922092203192944,4,0,0,15,0,1,1,1,1789999258
2026-09-21T14:01:49+00:00,2026-09-21T14:02:28.910046+00:00,f834a959-0de8-11e7-991c-3863bb43a7d0,94,2,0,1,8,0,1,1,1,1789999258
2026-09-21T14:01:49+00:00,2026-09-21T14:02:28.910046+00:00,f834a8a0-0de8-11e7-991c-3863bb43a7d0,93,2,0,0,29,0,1,1,1,1789999260
2026-09-21T14:01:49+00:00,2026-09-21T14:02:28.910046+00:00,f834e534-0de8-11e7-991c-3863bb43a7d0,128,7,1,0,12,0,1,1,1,1789999262
2026-09-21T14:01:49+00:00,2026-09-21T14:02:28.910046+00:00,2087949096844032050,2087949096844032050,2,0,0,13,0,1,1,1,1789999263
2026-09-21T14:01:49+00:00,2026-09-21T14:02:28.910046+00:00,f8349440-0de8-11e7-991c-3863bb43a7d0,68,1,1,0,18,0,1,1,1,1789999263
2026-09-21T14:01:49+00:00,2026-09-21T14:02:28.910046+00:00,df03c61a-29d7-445d-9980-d7f058916591,345,9,1,0,10,0,1,1,1,1789999256
2026-09-21T14:01:49+00:00,2026-09-21T14:02:28.910046+00:00,2027502297316997708,2027502297316997708,9,1,0,2,0,1,1,1,1789999257
2026-09-21T14:01:49+00:00,2026-09-21T14:02:28.910046+00:00,f83482d2-0de8-11e7-991c-3863bb43a7d0,44,12,0,0,19,0,1,1,1,1789999258
2026-09-21T14:01:49+00:00,2026-09-21T14:02:28.910046+00:00,61168d8b-20b7-46c8-8f08-6ae1f100c4e0,550,5,1,0,12,0,1,1,1,1789999258
2026-09-21T14:01:49+00:00,2026-09-21T14:02:28.910046+00:00,9721c80e-fc8f-474f-8918-b68c041d2836,9721c80e-fc8f-474f-8918-b68c041d2836,6,1,0,17,0,1,1,1,1789999259
2026-09-21T14:01:49+00:00,2026-09-21T14:02:28.910046+00:00,2119105928286481344,2119105928286481344,5,0,0,14,0,1,1,1,1789999280
2026-09-21T14:01:49+00:00,2026-09-21T14:02:28.910046+00:00,99675a11-a92c-465c-bf5a-434b08ba5fc6,400,7,3,1,44,0,1,1,1,1789999281
2026-09-21T14:01:49+00:00,2026-09-21T14:02:28.910046+00:00,fbc512a5-4b98-4821-bcfb-bb0c7ac83543,365,9,1,2,8,0,1,1,1,1789999281
2026-09-21T14:01:49+00:00,2026-09-21T14:02:28.910046+00:00,aa964f5b-fadf-4fc1-8c91-84ee36e15f0d,341,0,0,0,15,0,1,1,1,1789999283
2026-09-21T14:01:49+00:00,2026-09-21T14:02:28.910046+00:00,ad2cf74c-0e8c-4e15-8f19-2259e8c82f0f,404,4,0,0,11,0,1,1,1,1789999282
2026-09-21T14:01:49+00:00,2026-09-21T14:02:28.910046+00:00,2259733531216984776,2259733531216984776,2,0,2,11,0,1,1,1,1789999283
2026-09-21T14:01:49+00:00,2026-09-21T14:02:28.910046+00:00,f8348622-0de8-11e7-991c-3863bb43a7d0,50,18,7,1,0,0,1,1,1,1789999284
2026-09-21T14:01:49+00:00,2026-09-21T14:02:28.910046+00:00,7560f0e3-267b-4fb3-bbfa-6e02010cfcb7,225,1,0,3,15,0,1,1,1,1789999285
2026-09-21T14:01:49+00:00,2026-09-21T14:02:28.910046+00:00,f8352219-0de8-11e7-991c-3863bb43a7d0,197,3,0,1,11,0,1,1,1,1789999286
2026-09-21T14:01:49+00:00,2026-09-21T14:02:28.910046+00:00,dede6d5f-7d62-496e-a8ca-d5a64afe39c1,544,0,0,0,15,0,1,1,1,1789999287
2026-09-21T14:01:49+00:00,2026-09-21T14:02:28.910046+00:00,f8352534-0de8-11e7-991c-3863bb43a7d0,204,6,0,0,9,0,1,1,1,1789999288
2026-09-21T14:01:49+00:00,2026-09-21T14:02:28.910046+00:00,2085366936904166272,2085366936904166272,6,0,0,9,0,1,1,1,1789999288
2026-09-21T14:01:49+00:00,2026-09-21T14:02:28.910046+00:00,cf5f920f-b61d-4db0-b139-14aff04d577c,459,1,0,1,22,0,1,1,1,1789999289
2026-09-21T14:01:49+00:00,2026-09-21T14:02:28.910046+00:00,9e710d48-51c1-460e-a027-3d16bde62b13,419,9,0,0,6,0,1,1,1,1789999187
2026-09-21T14:01:49+00:00,2026-09-21T14:02:28.910046+00:00,13444449-b3a8-43d2-b8b9-a59fbc59a174,397,3,0,0,12,0,1,1,1,1789999182
2026-09-21T14:01:49+00:00,2026-09-21T14:02:28.910046+00:00,2078337213380274244,2078337213380274244,6,1,0,5,0,1,1,1,1789999182
2026-09-21T14:01:49+00:00,2026-09-21T14:02:28.910046+00:00,2038239468396569074,2038239468396569074,12,0,1,19,0,1,1,1,1789999161
2026-09-21T14:01:49+00:00,2026-09-21T14:02:28.910046+00:00,2ba0c5dd-c990-4434-8a84-5c3eca23f096,447,14,1,2,3,0,1,1,1,1789999169
2026-09-21T14:01:49+00:00,2026-09-21T14:02:28.910046+00:00,2111712079786088918,2111712079786088918,9,0,0,6,0,1,1,1,1789999173
2026-09-21T14:01:49+00:00,2026-09-21T14:02:28.910046+00:00,f83524c0-0de8-11e7-991c-3863bb43a7d0,203,4,3,1,10,0,1,1,1,1789999175
2026-09-21T14:01:49+00:00,2026-09-21T14:02:28.910046+00:00,f834f814-0de8-11e7-991c-3863bb43a7d0,136,19,1,0,0,0,1,1,1,1789999176
2026-09-21T14:01:49+00:00,2026-09-21T14:02:28.910046+00:00,103a9881-e30a-4d57-b81d-863b995ff759,255,0,0,0,0,0,0,0,0,86400
2026-09-21T14:01:49+00:00,2026-09-21T14:02:28.910046+00:00,5afe91c4-8076-4f9f-b83b-cf233bda2331,460,14,5,1,0,0,1,1,1,1789999189
2026-09-21T14:01:49+00:00,2026-09-21T14:02:28.910046+00:00,bb27977d-36c1-496d-8bac-631b612dd7b8,332,7,0,3,5,0,1,1,1,1789999192
2026-09-21T14:01:49+00:00,2026-09-21T14:02:28.910046+00:00,9ca92778-9101-48df-90ea-08b784e26a1a,413,0,0,1,18,0,1,1,1,1789999190
2026-09-21T14:01:49+00:00,2026-09-21T14:02:28.910046+00:00,9f54207a-3308-43bd-b45c-9042b6389598,423,9,0,1,9,0,1,1,1,1789999190
2026-09-21T14:01:49+00:00,2026-09-21T14:02:28.910046+00:00,d7ec834e-9d9a-402c-9956-7d5f42676b94,d7ec834e-9d9a-402c-9956-7d5f42676b94,1,0,0,14,0,1,1,1,1789999197
2026-09-21T14:01:49+00:00,2026-09-21T14:02:28.910046+00:00,5f726a7d-5c5d-48b1-9b13-06c77572a237,516,9,2,0,2,0,1,1,1,1789999197
2026-09-21T14:01:49+00:00,2026-09-21T14:02:28.910046+00:00,2327cb08-fa9f-459b-9ab0-1a319b0f2f4c,539,11,2,0,7,0,1,1,1,1789999196
2026-09-21T14:01:49+00:00,2026-09-21T14:02:28.910046+00:00,2241260819676115550,2241260819676115550,11,1,0,14,0,1,1,1,1789999193
2026-09-21T14:01:49+00:00,2026-09-21T14:02:28.910046+00:00,f8349ba9-0de8-11e7-991c-3863bb43a7d0,77,8,0,0,10,0,1,1,1,1789999194
2026-09-21T14:01:49+00:00,2026-09-21T14:02:28.910046+00:00,f8348136-0de8-11e7-991c-3863bb43a7d0,41,2,0,3,22,0,1,1,1,1789999203
2026-09-21T14:01:49+00:00,2026-09-21T14:02:28.910046+00:00,f36e24cd-de4c-4a5e-adf4-cb97ccd2958d,505,11,7,0,0,0,1,1,1,1789999203
2026-09-21T14:01:49+00:00,2026-09-21T14:02:28.910046+00:00,f834b42d-0de8-11e7-991c-3863bb43a7d0,100,12,0,1,13,0,1,1,1,1789999204
2026-09-21T14:01:49+00:00,2026-09-21T14:02:28.910046+00:00,2029805507281123700,2029805507281123700,15,1,1,3,0,1,1,1,1789999208
2026-09-21T14:01:49+00:00,2026-09-21T14:02:28.910046+00:00,0f554e1d-9f0f-452d-9b4a-e00aa2c5911e,492,11,1,1,3,0,1,1,1,1789999210
2026-09-21T14:01:49+00:00,2026-09-21T14:02:28.910046+00:00,abefafdc-c772-4671-86fe-fc15a42adebb,abefafdc-c772-4671-86fe-fc15a42adebb,6,5,0,17,0,1,1,1,1789999213
2026-09-21T14:01:49+00:00,2026-09-21T14:02:28.910046+00:00,0adccd89-1d8d-44da-9f7c-5f18acafeddf,338,6,0,1,8,0,1,1,1,1789999212
2026-09-21T14:01:49+00:00,2026-09-21T14:02:28.910046+00:00,287aedf5-0361-47e9-9de0-14ae3b75cc0d,287aedf5-0361-47e9-9de0-14ae3b75cc0d,12,0,0,9,0,1,1,1,1789999212
2026-09-21T14:01:49+00:00,2026-09-21T14:02:28.910046+00:00,f8349745-0de8-11e7-991c-3863bb43a7d0,73,11,0,1,3,0,1,1,1,1789999213
2026-09-21T14:01:49+00:00,2026-09-21T14:02:28.910046+00:00,1960693490199507164,1960693490199507164,9,3,0,10,0,1,1,1,1789999217
2026-09-21T14:01:49+00:00,2026-09-21T14:02:28.910046+00:00,2113200093114979090,2113200093114979090,4,0,0,12,0,1,1,1,1789999215
2026-09-21T14:01:49+00:00,2026-09-21T14:02:28.910046+00:00,f24a573e-ef07-4785-9270-70c443510ea6,359,1,0,0,14,0,1,1,1,1789999215
2026-09-21T14:01:49+00:00,2026-09-21T14:02:28.910046+00:00,93911aa1-b5e4-48aa-a2b6-38fbcf613006,93911aa1-b5e4-48aa-a2b6-38fbcf613006,13,1,0,5,0,1,1,1,1789999218
2026-09-21T14:01:49+00:00,2026-09-21T14:02:28.910046+00:00,f8348995-0de8-11e7-991c-3863bb43a7d0,58,0,0,0,19,0,1,1,1,1789999219
2026-09-21T14:01:49+00:00,2026-09-21T14:02:28.910046+00:00,2264176803898382980,2264176803898382980,6,1,0,5,0,1,1,1,1789999221
2026-09-21T14:01:49+00:00,2026-09-21T14:02:28.910046+00:00,350e73e3-6f70-4b2d-87ab-24c8629e9a6a,350e73e3-6f70-4b2d-87ab-24c8629e9a6a,15,1,0,3,1,1,1,1,1789999221
2026-09-21T14:01:49+00:00,2026-09-21T14:02:28.910046+00:00,5bc7cba9-f0b0-442d-932c-e8c7927d87ce,386,1,0,0,18,0,1,1,1,1789999227
2026-09-21T14:01:49+00:00,2026-09-21T14:02:28.910046+00:00,ef54374b-0406-4b17-b0a1-847f1d7bea06,410,6,0,0,9,0,1,1,1,1789999227
2026-09-21T14:01:49+00:00,2026-09-21T14:02:28.910046+00:00,f83523e3-0de8-11e7-991c-3863bb43a7d0,201,7,0,0,8,0,1,1,1,1789999231
2026-09-21T14:01:49+00:00,2026-09-21T14:02:28.910046+00:00,f834e1b2-0de8-11e7-991c-3863bb43a7d0,125,6,0,0,12,0,1,1,1,1789999231
2026-09-21T14:01:49+00:00,2026-09-21T14:02:28.910046+00:00,f6df6c1a-064f-428a-951c-2069a081b9df,380,17,3,0,1,0,1,1,1,1789999232
2026-09-21T14:01:49+00:00,2026-09-21T14:02:28.910046+00:00,f8349c69-0de8-11e7-991c-3863bb43a7d0,78,2,0,0,17,0,1,1,1,1789999233
2026-09-21T14:01:49+00:00,2026-09-21T14:02:28.910046+00:00,ce55d1b1-4267-40a9-ad44-5eab888ce18a,ce55d1b1-4267-40a9-ad44-5eab888ce18a,22,2,0,1,0,1,1,1,1789999234
2026-09-21T14:01:49+00:00,2026-09-21T14:02:28.910046+00:00,676ca473-eed6-4971-aaf3-e199a7ca335b,433,11,1,0,7,1,1,1,1,1789999231
2026-09-21T14:01:49+00:00,2026-09-21T14:02:28.910046+00:00,2071632496372113488,2071632496372113488,9,1,0,11,0,1,1,1,1789999232
2026-09-21T14:01:49+00:00,2026-09-21T14:02:28.910046+00:00,5018e851-f2f3-4e18-9914-c316bbcc2c3d,331,12,0,0,3,0,1,1,1,1789999232
2026-09-21T14:01:49+00:00,2026-09-21T14:02:28.910046+00:00,1944724820826878816,1944724820826878816,3,1,0,14,0,1,1,1,1789999233
2026-09-21T14:01:49+00:00,2026-09-21T14:02:28.910046+00:00,ec3eea05-a3ff-43c6-9e24-0c63f09b915f,378,6,0,0,13,0,1,1,1,1789999239
2026-09-21T14:01:49+00:00,2026-09-21T14:02:28.910046+00:00,f834e244-0de8-11e7-991c-3863bb43a7d0,126,7,0,1,7,0,1,1,1,1789999243
2026-09-21T14:01:49+00:00,2026-09-21T14:02:28.910046+00:00,b23674a7-15a8-46d2-8219-6668acecf24a,548,13,0,0,5,0,1,1,1,1789999243
2026-09-21T14:01:49+00:00,2026-09-21T14:02:28.910046+00:00,f834b5d9-0de8-11e7-991c-3863bb43a7d0,103,12,0,0,3,0,1,1,1,1789999240
2026-09-21T14:01:49+00:00,2026-09-21T14:02:28.910046+00:00,2136942888571742916,2136942888571742916,3,0,0,12,0,1,1,1,1789999241
2026-09-21T14:01:49+00:00,2026-09-21T14:02:28.910046+00:00,ccd6fdd4-b39e-46d7-b43c-7bacffb6bd87,523,5,2,1,11,0,1,1,1,1789999250
2026-09-21T14:01:49+00:00,2026-09-21T14:02:28.910046+00:00,b995a0b4-fc26-4661-9bc8-e166d648edfd,353,12,5,0,3,0,1,1,1,1789999246
2026-09-21T14:01:49+00:00,2026-09-21T14:02:28.910046+00:00,ff6ed364-8676-45a0-b97f-71025683849e,442,10,0,3,2,0,1,1,1,1789999244
2026-09-21T14:01:49+00:00,2026-09-21T14:02:28.910046+00:00,f834b49d-0de8-11e7-991c-3863bb43a7d0,101,15,0,0,3,0,1,1,1,1789999250
2026-09-21T14:01:49+00:00,2026-09-21T14:02:28.910046+00:00,20b0b405-54ba-4a80-b89c-0819772665db,440,14,1,1,0,0,1,1,1,1789999250
2026-09-21T14:01:49+00:00,2026-09-21T14:02:28.910046+00:00,f8346768-0de8-11e7-991c-3863bb43a7d0,7,14,5,0,1,0,1,1,1,1789999251
2026-09-21T14:01:49+00:00,2026-09-21T14:02:28.910046+00:00,42a3ecca-af9a-4556-90ba-7631546f96f8,42a3ecca-af9a-4556-90ba-7631546f96f8,2,0,0,9,0,1,1,1,1789999251
2026-09-21T14:01:49+00:00,2026-09-21T14:02:28.910046+00:00,f8351019-0de8-11e7-991c-3863bb43a7d0,169,8,0,1,10,0,1,1,1,1789999251
2026-09-21T14:01:49+00:00,2026-09-21T14:02:28.910046+00:00,2043912031919765854,2043912031919765854,7,1,0,13,0,1,1,1,1789999256
2026-09-21T14:01:49+00:00,2026-09-21T14:02:28.910046+00:00,83183df0-38c2-4ae8-a0c4-4b59599c9582,222,6,0,0,9,0,1,1,1,1789999258
2026-09-21T14:01:49+00:00,2026-09-21T14:02:28.910046+00:00,ba634139-d7bf-448f-aac4-25995d36b67b,373,6,5,0,9,0,1,1,1,1789999259
2026-09-21T14:01:49+00:00,2026-09-21T14:02:28.910046+00:00,ddcc8869-b8d4-483c-b9da-457fcebc8dc1,417,0,0,0,19,0,1,1,1,1789999255
2026-09-21T14:01:49+00:00,2026-09-21T14:02:28.910046+00:00,2070180968009321294,2070180968009321294,10,1,0,9,2,1,1,1,1789999263
2026-09-21T14:01:49+00:00,2026-09-21T14:02:28.910046+00:00,40e58976-02cc-4c7c-911f-7a6c97588bfa,520,8,2,0,13,0,1,1,1,1789999263
2026-09-21T14:01:49+00:00,2026-09-21T14:02:28.910046+00:00,70f20fcb-8e63-4015-9007-b97c525ab0a9,335,7,0,0,11,0,1,1,1,1789999263
2026-09-21T14:01:49+00:00,2026-09-21T14:02:28.910046+00:00,f8348481-0de8-11e7-991c-3863bb43a7d0,47,0,0,0,19,0,1,1,1,1789999264
2026-09-21T14:01:49+00:00,2026-09-21T14:02:28.910046+00:00,c1ae49bd-2a20-4684-886b-ead8dd627cfd,c1ae49bd-2a20-4684-886b-ead8dd627cfd,15,1,0,1,0,1,1,1,1789999262
2026-09-21T14:01:49+00:00,2026-09-21T14:02:28.910046+00:00,13918b3b-9ac5-4968-a74d-e40dd3bc952e,479,19,5,0,0,0,1,1,1,1789999260
2026-09-21T14:01:49+00:00,2026-09-21T14:02:28.910046+00:00,2072145327190878794,2072145327190878794,12,0,0,12,0,1,1,1,1789999261
2026-09-21T14:01:49+00:00,2026-09-21T14:02:28.910046+00:00,53a148ca-ac69-4a9c-a986-9a4b4df2f5df,387,7,3,0,8,0,1,1,1,1789999269
2026-09-21T14:01:49+00:00,2026-09-21T14:02:28.910046+00:00,f8352c92-0de8-11e7-991c-3863bb43a7d0,217,7,0,0,11,0,1,1,1,1789999270
2026-09-21T14:01:49+00:00,2026-09-21T14:02:28.910046+00:00,2113555008851845550,2113555008851845550,2,0,1,17,0,1,1,1,1789999268
2026-09-21T14:01:49+00:00,2026-09-21T14:02:28.910046+00:00,2223045710883822544,2223045710883822544,5,0,0,10,0,1,1,1,1789999270
2026-09-21T14:01:49+00:00,2026-09-21T14:02:28.910046+00:00,f83510fd-0de8-11e7-991c-3863bb43a7d0,171,10,0,1,12,0,1,1,1,1789999271
2026-09-21T14:01:49+00:00,2026-09-21T14:02:28.910046+00:00,02a4416f-80b4-4472-accd-5db482ed5b6d,367,12,0,0,7,0,1,1,1,1789999274
2026-09-21T14:01:49+00:00,2026-09-21T14:02:28.910046+00:00,2071993292066931472,2071993292066931472,14,5,0,6,0,1,1,1,1789999274
2026-09-21T14:01:49+00:00,2026-09-21T14:02:28.910046+00:00,533620e8-00ff-494a-b288-bd67602bc98e,472,24,7,0,3,0,1,1,1,1789999275
2026-09-21T14:01:49+00:00,2026-09-21T14:02:28.910046+00:00,dfdaf866-b814-48e5-9bd3-eb7c4a733697,dfdaf866-b814-48e5-9bd3-eb7c4a733697,9,0,0,8,0,1,1,1,1789999275
2026-09-21T14:01:49+00:00,2026-09-21T14:02:28.910046+00:00,e68655be-23d3-46e5-a509-25be677e7542,482,4,1,0,7,0,1,1,1,1789999275
2026-09-21T14:01:49+00:00,2026-09-21T14:02:28.910046+00:00,7ec0c53c-876a-419c-a78b-4edd000bbc9a,445,11,4,0,8,0,1,1,1,1789999272
2026-09-21T14:01:49+00:00,2026-09-21T14:02:28.910046+00:00,2141932795355773712,2141932795355773712,2,0,1,14,0,1,1,1,1789999273
2026-09-21T14:01:49+00:00,2026-09-21T14:02:28.910046+00:00,1975886280004030604,1975886280004030604,5,1,0,18,0,1,1,1,1789999271
2026-09-21T14:01:49+00:00,2026-09-21T14:02:28.910046+00:00,f83464e4-0de8-11e7-991c-3863bb43a7d0,3,13,2,1,1,0,1,1,1,1789999272
2026-09-21T14:01:49+00:00,2026-09-21T14:02:28.910046+00:00,2223043968513191970,2223043968513191970,7,1,0,9,0,1,1,1,1789999272
2026-09-21T14:01:49+00:00,2026-09-21T14:02:28.910046+00:00,2057166010169469732,2057166010169469732,5,0,0,10,0,1,1,1,1789999273
2026-09-21T14:01:49+00:00,2026-09-21T14:02:28.910046+00:00,f834cf45-0de8-11e7-991c-3863bb43a7d0,116,0,0,0,23,0,1,1,1,1789999279
2026-09-21T14:01:49+00:00,2026-09-21T14:02:28.910046+00:00,a18e1e55-507e-49d8-b7c0-5c0efd959125,358,7,0,1,11,0,1,1,1,1789999280
2026-09-21T14:01:49+00:00,2026-09-21T14:02:28.910046+00:00,1997031579059661288,1997031579059661288,0,0,0,11,0,1,1,1,1789999280
2026-09-21T14:01:49+00:00,2026-09-21T14:02:28.910046+00:00,36a8fbc8-6069-4a29-bbfd-63a2d019c9a5,415,14,2,0,4,0,1,1,1,1789999280
2026-09-21T14:01:49+00:00,2026-09-21T14:02:28.910046+00:00,510239fe-69c3-458b-b53c-6ce001845f4a,354,3,0,0,12,0,1,1,1,1789999278
2026-09-21T14:01:49+00:00,2026-09-21T14:02:28.910046+00:00,f8351336-0de8-11e7-991c-3863bb43a7d0,176,5,2,0,10,0,1,1,1,1789999279
2026-09-21T14:01:49+00:00,2026-09-21T14:02:28.910046+00:00,2170342425741020744,2170342425741020744,3,0,0,14,0,1,1,1,1789999281
2026-09-21T14:01:49+00:00,2026-09-21T14:02:28.910046+00:00,518f6524-0e7f-454d-974e-e3ff9db1f795,494,7,1,0,4,0,1,1,1,1789999277
2026-09-21T14:01:49+00:00,2026-09-21T14:02:28.910046+00:00,342a2c60-71b0-4d19-98d6-47987cf20dbc,379,2,0,0,13,0,1,1,1,1789999285
2026-09-21T14:01:49+00:00,2026-09-21T14:02:28.910046+00:00,f8349824-0de8-11e7-991c-3863bb43a7d0,75,6,1,0,9,0,1,1,1,1789999286
2026-09-21T14:01:49+00:00,2026-09-21T14:02:28.910046+00:00,f35de2ab-979e-42d5-8cbd-dc479ed637e9,503,2,1,0,4,0,1,1,1,1789999287
2026-09-21T14:01:49+00:00,2026-09-21T14:02:28.910046+00:00,f834fd36-0de8-11e7-991c-3863bb43a7d0,142,13,2,1,9,0,1,1,1,1789999288
2026-09-21T14:01:49+00:00,2026-09-21T14:02:28.910046+00:00,f83494b4-0de8-11e7-991c-3863bb43a7d0,69,1,0,2,16,0,1,1,1,1789999288
2026-09-21T14:01:49+00:00,2026-09-21T14:02:28.910046+00:00,f8346894-0de8-11e7-991c-3863bb43a7d0,9,2,1,2,10,0,1,1,1,1789999288
2026-09-21T14:01:49+00:00,2026-09-21T14:02:28.910046+00:00,2107991976288962746,2107991976288962746,4,1,1,15,0,1,1,1,1789999276
2026-09-21T14:01:49+00:00,2026-09-21T14:02:28.910046+00:00,2217856523888952522,2217856523888952522,4,0,0,16,0,1,1,1,1789999283
2026-09-21T14:01:49+00:00,2026-09-21T14:02:28.910046+00:00,2fd22786-dfeb-4126-a906-4f01802087f3,454,5,2,0,14,0,1,1,1,1789999284
2026-09-21T14:01:49+00:00,2026-09-21T14:02:28.910046+00:00,f83516b8-0de8-11e7-991c-3863bb43a7d0,184,1,0,0,18,0,1,1,1,1789999286
2026-09-21T14:01:49+00:00,2026-09-21T14:02:28.910046+00:00,2103549125054737064,2103549125054737064,6,3,0,10,0,1,1,1,1789999286
2026-09-21T14:01:49+00:00,2026-09-21T14:02:28.910046+00:00,f834952a-0de8-11e7-991c-3863bb43a7d0,70,14,1,0,9,0,1,1,1,1789999284
2026-09-21T14:01:49+00:00,2026-09-21T14:02:28.910046+00:00,f8348509-0de8-11e7-991c-3863bb43a7d0,48,19,9,0,0,0,1,1,1,1789999282
2026-09-21T14:01:49+00:00,2026-09-21T14:02:28.910046+00:00,54d86d05-b399-42c5-a63a-a97713afc5d4,54d86d05-b399-42c5-a63a-a97713afc5d4,3,0,1,6,0,1,1,1,1789999282
2026-09-21T14:01:49+00:00,2026-09-21T14:02:28.910046+00:00,f83486ab-0de8-11e7-991c-3863bb43a7d0,51,2,0,0,13,0,1,1,1,1789999289
2026-09-21T14:01:49+00:00,2026-09-21T14:02:28.910046+00:00,f8347118-0de8-11e7-991c-3863bb43a7d0,22,5,4,0,30,0,1,1,1,1789999289
2026-09-21T14:01:49+00:00,2026-09-21T14:02:28.910046+00:00,2038619205667946906,2038619205667946906,12,0,0,9,0,1,1,1,1789999289
2026-09-21T14:01:49+00:00,2026-09-21T14:02:28.910046+00:00,0839bb10-e876-4198-95e4-0147a561853d,258,14,1,0,1,0,1,1,1,1789999288
2026-09-21T19:16:53+00:00,2026-09-21T19:17:06.076630+00:00,6eaa7343-402d-41c9-9aac-8c664fdbdcf1,6eaa7343-402d-41c9-9aac-8c664fdbdcf1,0,0,0,0,0,0,0,0,86400
2026-09-21T19:16:53+00:00,2026-09-21T19:17:06.076630+00:00,2261583246847893606,2261583246847893606,1,0,0,18,0,1,1,1,1790018011
2026-09-21T19:16:53+00:00,2026-09-21T19:17:06.076630+00:00,40ee059e-8530-4992-9114-c16b87d6832f,441,19,5,0,0,0,1,1,1,1790018093
2026-09-21T19:16:53+00:00,2026-09-21T19:17:06.076630+00:00,2129149628430547474,2129149628430547474,6,4,0,10,0,1,1,1,1790018093
2026-09-21T19:16:53+00:00,2026-09-21T19:17:06.076630+00:00,f834f948-0de8-11e7-991c-3863bb43a7d0,138,8,0,0,7,0,1,1,1,1790018093
2026-09-21T19:16:53+00:00,2026-09-21T19:17:06.076630+00:00,5d17f129-af8c-4f30-bc58-6a8279052772,543,4,0,0,15,0,1,1,1,1790018093
2026-09-21T19:16:53+00:00,2026-09-21T19:17:06.076630+00:00,1999644268058967024,1999644268058967024,5,0,0,19,0,1,1,1,1790018093
2026-09-21T19:16:53+00:00,2026-09-21T19:17:06.076630+00:00,c111ef1a-f276-415d-a95e-8e3c4e3a0c03,522,13,4,0,2,0,1,1,1,1790018089
2026-09-21T19:16:53+00:00,2026-09-21T19:17:06.076630+00:00,f8351255-0de8-11e7-991c-3863bb43a7d0,174,13,2,0,2,0,1,1,1,1790018097
2026-09-21T19:16:53+00:00,2026-09-21T19:17:06.076630+00:00,4b5de733-9353-4873-9dc2-9558b3cb063a,393,4,0,0,11,0,1,1,1,1790018098
2026-09-21T19:16:53+00:00,2026-09-21T19:17:06.076630+00:00,f8351649-0de8-11e7-991c-3863bb43a7d0,183,18,5,0,1,0,1,1,1,1790018098
2026-09-21T19:16:53+00:00,2026-09-21T19:17:06.076630+00:00,a6d6d4b2-3666-43ad-a690-7f676bdcc3fd,542,13,1,0,6,0,1,1,1,1790018096
2026-09-21T19:16:53+00:00,2026-09-21T19:17:06.076630+00:00,f8347002-0de8-11e7-991c-3863bb43a7d0,20,8,2,0,15,0,1,1,1,1790018100
2026-09-21T19:16:53+00:00,2026-09-21T19:17:06.076630+00:00,87b5a8b7-a330-4c51-ab32-7dafa292c88f,421,18,2,0,1,0,1,1,1,1790018082
2026-09-21T19:16:53+00:00,2026-09-21T19:17:06.076630+00:00,1919521884659886482,1919521884659886482,2,0,0,17,0,1,1,1,1790018086
2026-09-21T19:16:53+00:00,2026-09-21T19:17:06.076630+00:00,2028220168245183460,2028220168245183460,11,0,0,8,0,1,1,1,1790018102
2026-09-21T19:16:53+00:00,2026-09-21T19:17:06.076630+00:00,f8347ba8-0de8-11e7-991c-3863bb43a7d0,31,14,4,0,5,0,1,1,1,1790018107
2026-09-21T19:16:53+00:00,2026-09-21T19:17:06.076630+00:00,1994515539257334312,1994515539257334312,2,0,0,17,0,1,1,1,1790018110
2026-09-21T19:16:53+00:00,2026-09-21T19:17:06.076630+00:00,f834cb89-0de8-11e7-991c-3863bb43a7d0,115,5,1,0,14,0,1,1,1,1790018114
2026-09-21T19:16:53+00:00,2026-09-21T19:17:06.076630+00:00,f834f036-0de8-11e7-991c-3863bb43a7d0,133,13,1,0,10,0,1,1,1,1790018117
2026-09-21T19:16:53+00:00,2026-09-21T19:17:06.076630+00:00,f8350d30-0de8-11e7-991c-3863bb43a7d0,163,10,3,0,9,0,1,1,1,1790018120
2026-09-21T19:16:53+00:00,2026-09-21T19:17:06.076630+00:00,f834c5c9-0de8-11e7-991c-3863bb43a7d0,110,13,4,0,2,0,1,1,1,1790018120
2026-09-21T19:16:53+00:00,2026-09-21T19:17:06.076630+00:00,f8348719-0de8-11e7-991c-3863bb43a7d0,52,5,0,1,17,0,1,1,1,1790018121
2026-09-21T19:16:53+00:00,2026-09-21T19:17:06.076630+00:00,2149920539832638004,2149920539832638004,11,0,0,4,0,1,1,1,1790018142
2026-09-21T19:16:53+00:00,2026-09-21T19:17:06.076630+00:00,829fa5a8-cc88-4ab2-9f34-b481aaa1612e,259,7,2,0,8,0,1,1,1,1790018142
2026-09-21T19:16:53+00:00,2026-09-21T19:17:06.076630+00:00,25d6f87f-7025-48c5-b202-f91511a4ae19,25d6f87f-7025-48c5-b202-f91511a4ae19,9,1,0,10,0,1,1,1,1790018140
2026-09-21T19:16:53+00:00,2026-09-21T19:17:06.076630+00:00,1997031876360597884,1997031876360597884,4,4,0,7,0,1,1,1,1790018143
2026-09-21T19:16:53+00:00,2026-09-21T19:17:06.076630+00:00,2251556760922290606,2251556760922290606,4,0,0,11,0,1,1,1,1790018143
2026-09-21T19:16:53+00:00,2026-09-21T19:17:06.076630+00:00,ea00f276-26dc-48ee-b2c8-6e56fd632a2d,272,11,1,0,8,0,1,1,1,1790018147
2026-09-21T19:16:53+00:00,2026-09-21T19:17:06.076630+00:00,803a0c16-4f81-44f1-8b49-a13fcdda40c1,370,10,1,0,8,0,1,1,1,1790018146
2026-09-21T19:16:53+00:00,2026-09-21T19:17:06.076630+00:00,f8351791-0de8-11e7-991c-3863bb43a7d0,186,4,1,0,9,0,1,1,1,1790018149
2026-09-21T19:16:53+00:00,2026-09-21T19:17:06.076630+00:00,8d535c23-f186-4161-aa10-17e94be6d4ae,436,7,0,0,7,1,1,1,1,1790018149
2026-09-21T19:16:53+00:00,2026-09-21T19:17:06.076630+00:00,82b41ffb-e284-4e4d-b22a-0cad2bfd4bee,443,4,1,0,15,0,1,1,1,1790018155
2026-09-21T19:16:53+00:00,2026-09-21T19:17:06.076630+00:00,2126567695528519906,2126567695528519906,1,0,1,18,0,1,1,1,1790018151
2026-09-21T19:16:53+00:00,2026-09-21T19:17:06.076630+00:00,f834e75d-0de8-11e7-991c-3863bb43a7d0,129,5,1,0,13,1,1,1,1,1790018152
2026-09-21T19:16:53+00:00,2026-09-21T19:17:06.076630+00:00,f83466c6-0de8-11e7-991c-3863bb43a7d0,6,11,1,0,3,0,1,1,1,1790018151
2026-09-21T19:16:53+00:00,2026-09-21T19:17:06.076630+00:00,d1a5e406-718c-44b9-b9dd-e63605b888aa,555,11,9,0,3,0,1,1,1,1790018153
2026-09-21T19:16:53+00:00,2026-09-21T19:17:06.076630+00:00,1331197c-f6c6-4f4a-a29b-95e580359886,224,13,4,0,4,0,1,1,1,1790018153
2026-09-21T19:16:53+00:00,2026-09-21T19:17:06.076630+00:00,15ec5783-ca7a-4225-ba51-cd0a45ecc975,15ec5783-ca7a-4225-ba51-cd0a45ecc975,7,3,0,4,0,1,1,1,1790018153
2026-09-21T19:16:53+00:00,2026-09-21T19:17:06.076630+00:00,acb27827-d69a-4287-b132-3f529ca62ad2,427,11,6,0,8,0,1,1,1,1790018151
2026-09-21T19:16:53+00:00,2026-09-21T19:17:06.076630+00:00,8bc42f7f-753d-4cca-a7d6-0d7c2530ea2c,364,1,0,0,18,0,1,1,1,1790018155
2026-09-21T19:16:53+00:00,2026-09-21T19:17:06.076630+00:00,f8352973-0de8-11e7-991c-3863bb43a7d0,210,1,1,0,14,0,1,1,1,1790018124
2026-09-21T19:16:53+00:00,2026-09-21T19:17:06.076630+00:00,f834d260-0de8-11e7-991c-3863bb43a7d0,119,13,6,0,2,0,1,1,1,1790018123
2026-09-21T19:16:53+00:00,2026-09-21T19:17:06.076630+00:00,e519df41-c4d7-403a-9afa-a5dd7cdd2d03,536,2,1,0,16,0,1,1,1,1790018124
2026-09-21T19:16:53+00:00,2026-09-21T19:17:06.076630+00:00,f834b1ed-0de8-11e7-991c-3863bb43a7d0,99,3,0,0,12,0,1,1,1,1790018126
2026-09-21T19:16:53+00:00,2026-09-21T19:17:06.076630+00:00,2227859082657747444,2227859082657747444,1,0,1,5,0,1,1,1,1790018121
2026-09-21T19:16:53+00:00,2026-09-21T19:17:06.076630+00:00,b44b7c3d-c054-4591-92a9-3b96d86050ab,b44b7c3d-c054-4591-92a9-3b96d86050ab,4,1,0,7,0,1,1,1,1790018126
2026-09-21T19:16:53+00:00,2026-09-21T19:17:06.076630+00:00,e4d5271f-5f76-401b-b7f0-c8dce3c26f10,462,4,2,0,7,0,1,1,1,1790018129
2026-09-21T19:16:53+00:00,2026-09-21T19:17:06.076630+00:00,5410aac7-2ec0-47b6-b728-b99c5137b463,5410aac7-2ec0-47b6-b728-b99c5137b463,7,3,0,4,0,1,1,1,1790018130
2026-09-21T19:16:53+00:00,2026-09-21T19:17:06.076630+00:00,f8350199-0de8-11e7-991c-3863bb43a7d0,150,1,0,2,16,0,1,1,1,1790018130
2026-09-21T19:16:53+00:00,2026-09-21T19:17:06.076630+00:00,1986694622707704150,1986694622707704150,12,2,1,6,0,1,1,1,1790018130
2026-09-21T19:16:53+00:00,2026-09-21T19:17:06.076630+00:00,f834a67b-0de8-11e7-991c-3863bb43a7d0,89,17,0,0,2,0,1,1,1,1790018127
2026-09-21T19:16:53+00:00,2026-09-21T19:17:06.076630+00:00,a825b55d-3ab3-481f-9c50-d3a7313e6843,228,16,0,0,3,0,1,1,1,1790018128
2026-09-21T19:16:53+00:00,2026-09-21T19:17:06.076630+00:00,f8346e51-0de8-11e7-991c-3863bb43a7d0,17,3,0,2,10,0,1,1,1,1790018128
2026-09-21T19:16:53+00:00,2026-09-21T19:17:06.076630+00:00,f835244e-0de8-11e7-991c-3863bb43a7d0,202,5,0,0,10,0,1,1,1,1790018136
2026-09-21T19:16:53+00:00,2026-09-21T19:17:06.076630+00:00,6cec3afa-554c-466f-8323-5c619fe0ddc6,6cec3afa-554c-466f-8323-5c619fe0ddc6,4,2,0,7,0,1,1,1,1790018133
2026-09-21T19:16:53+00:00,2026-09-21T19:17:06.076630+00:00,f834a1de-0de8-11e7-991c-3863bb43a7d0,84,8,3,0,7,0,1,1,1,1790018137
2026-09-21T19:16:53+00:00,2026-09-21T19:17:06.076630+00:00,800bde2c-51df-497c-ac2d-bc3a8c00c164,800bde2c-51df-497c-ac2d-bc3a8c00c164,15,4,0,0,0,1,1,1,1790018137
2026-09-21T19:16:53+00:00,2026-09-21T19:17:06.076630+00:00,1ef5abb2-5af9-41f2-a0dd-1e44278ad9f1,502,5,0,0,6,0,1,1,1,1790018136
2026-09-21T19:16:53+00:00,2026-09-21T19:17:06.076630+00:00,f8349599-0de8-11e7-991c-3863bb43a7d0,71,9,2,0,14,0,1,1,1,1790018136
2026-09-21T19:16:53+00:00,2026-09-21T19:17:06.076630+00:00,2110566771130438288,2110566771130438288,4,1,1,11,0,1,1,1,1790018157
2026-09-21T19:16:53+00:00,2026-09-21T19:17:06.076630+00:00,f834b183-0de8-11e7-991c-3863bb43a7d0,98,4,3,1,17,0,1,1,1,1790018156
2026-09-21T19:16:53+00:00,2026-09-21T19:17:06.076630+00:00,cad0e759-b605-458a-b772-768dcce81dc6,372,8,0,3,8,0,1,1,1,1790018156
2026-09-21T19:16:53+00:00,2026-09-21T19:17:06.076630+00:00,97a1e4e7-a1ff-427a-aaea-48ca0d00bf9c,348,9,1,0,6,0,1,1,1,1790018158
2026-09-21T19:16:53+00:00,2026-09-21T19:17:06.076630+00:00,625f105e-4407-4988-9095-d1979cbda5e1,234,9,1,0,10,0,1,1,1,1790018158
2026-09-21T19:16:53+00:00,2026-09-21T19:17:06.076630+00:00,918335df-fc1a-45c2-9cfc-c5e2e93aecc0,467,6,2,0,5,0,1,1,1,1790018159
2026-09-21T19:16:53+00:00,2026-09-21T19:17:06.076630+00:00,2036412579943670600,2036412579943670600,5,0,0,7,0,1,1,1,1790018159
2026-09-21T19:16:53+00:00,2026-09-21T19:17:06.076630+00:00,01d29f8c-768d-4c4f-84ca-3de966075287,469,5,1,1,5,0,1,1,1,1790018163
2026-09-21T19:16:53+00:00,2026-09-21T19:17:06.076630+00:00,2219705277630124418,2219705277630124418,6,0,0,9,0,1,1,1,1790018162
2026-09-21T19:16:53+00:00,2026-09-21T19:17:06.076630+00:00,77c1736c-a609-4453-94f7-8e4253a8193c,474,10,3,0,1,0,1,1,1,1790018161
2026-09-21T19:16:53+00:00,2026-09-21T19:17:06.076630+00:00,2134720099473744344,2134720099473744344,6,0,0,14,1,1,1,1,1790018162
2026-09-21T19:16:53+00:00,2026-09-21T19:17:06.076630+00:00,2438d052-2cd6-4fba-83c9-39f46cb59398,2438d052-2cd6-4fba-83c9-39f46cb59398,18,0,1,0,0,1,1,1,1790018161
2026-09-21T19:16:53+00:00,2026-09-21T19:17:06.076630+00:00,2027855476515070160,2027855476515070160,8,1,0,19,0,1,1,1,1790018161
2026-09-21T19:16:53+00:00,2026-09-21T19:17:06.076630+00:00,2220033166406469278,2220033166406469278,10,3,0,5,0,1,1,1,1790018165
2026-09-21T19:16:53+00:00,2026-09-21T19:17:06.076630+00:00,2031175112202687108,2031175112202687108,5,2,0,11,0,1,1,1,1790018165
2026-09-21T19:16:53+00:00,2026-09-21T19:17:06.076630+00:00,2127634714741013228,2127634714741013228,3,1,2,19,0,1,1,1,1790018165
2026-09-21T19:16:53+00:00,2026-09-21T19:17:06.076630+00:00,e335fa7c-7adf-4360-9bfa-76b18124a56f,541,6,3,0,5,0,1,1,1,1790018163
2026-09-21T19:16:53+00:00,2026-09-21T19:17:06.076630+00:00,199f3d59-e726-4549-b9c1-4dfc8a343fdb,508,6,4,0,5,0,1,1,1,1790018168
2026-09-21T19:16:53+00:00,2026-09-21T19:17:06.076630+00:00,f8349070-0de8-11e7-991c-3863bb43a7d0,61,9,0,0,10,0,1,1,1,1790018166
2026-09-21T19:16:53+00:00,2026-09-21T19:17:06.076630+00:00,ab6517ea-ed53-42eb-8881-657d362e56e8,560,15,2,0,0,0,1,1,1,1790018171
2026-09-21T19:16:53+00:00,2026-09-21T19:17:06.076630+00:00,1976280681456741062,1976280681456741062,3,3,0,8,0,1,1,1,1790018171
2026-09-21T19:16:53+00:00,2026-09-21T19:17:06.076630+00:00,4d953f0f-13b5-4b3d-b2da-342003ff7cba,4d953f0f-13b5-4b3d-b2da-342003ff7cba,5,2,0,6,0,1,1,1,1790018173
2026-09-21T19:16:53+00:00,2026-09-21T19:17:06.076630+00:00,2071991821019036242,2071991821019036242,4,0,0,16,0,1,1,1,1790018175
2026-09-21T19:16:53+00:00,2026-09-21T19:17:06.076630+00:00,1976640911178291400,1976640911178291400,4,0,0,7,0,1,1,1,1790018173
2026-09-21T19:16:53+00:00,2026-09-21T19:17:06.076630+00:00,2089808297152151688,2089808297152151688,8,3,2,2,0,1,1,1,1790018172
2026-09-21T19:16:53+00:00,2026-09-21T19:17:06.076630+00:00,9fef6df2-7f8f-43fc-a85b-7dd5453860f9,437,7,6,0,9,0,1,1,1,1790018172
2026-09-21T19:16:53+00:00,2026-09-21T19:17:06.076630+00:00,f83493c0-0de8-11e7-991c-3863bb43a7d0,67,13,0,1,10,0,1,1,1,1790018176
2026-09-21T19:16:53+00:00,2026-09-21T19:17:06.076630+00:00,2251186911126913182,2251186911126913182,1,1,0,18,0,1,1,1,1790018176
2026-09-21T19:16:53+00:00,2026-09-21T19:17:06.076630+00:00,f834d34b-0de8-11e7-991c-3863bb43a7d0,120,15,2,0,24,0,1,1,1,1790018171
2026-09-21T19:16:53+00:00,2026-09-21T19:17:06.076630+00:00,dcd76e42-eebc-4432-9726-cdb3372b0b07,557,16,1,0,2,0,1,1,1,1790018175
2026-09-21T19:16:53+00:00,2026-09-21T19:17:06.076630+00:00,768433a9-fc30-4485-b136-22d6f8a96f1c,768433a9-fc30-4485-b136-22d6f8a96f1c,7,1,0,4,0,1,1,1,1790018180
2026-09-21T19:16:53+00:00,2026-09-21T19:17:06.076630+00:00,f8350129-0de8-11e7-991c-3863bb43a7d0,149,11,3,0,7,0,1,1,1,1790018181
2026-09-21T19:16:53+00:00,2026-09-21T19:17:06.076630+00:00,f834a2a8-0de8-11e7-991c-3863bb43a7d0,85,19,6,0,0,0,1,1,1,1790018180
2026-09-21T19:16:53+00:00,2026-09-21T19:17:06.076630+00:00,f83532fa-0de8-11e7-991c-3863bb43a7d0,219,0,0,0,15,0,1,1,1,1790018181
2026-09-21T19:16:53+00:00,2026-09-21T19:17:06.076630+00:00,f7d416f8-4377-4019-bba7-302dc1d5a11d,391,9,1,1,5,0,1,1,1,1790018178
2026-09-21T19:16:53+00:00,2026-09-21T19:17:06.076630+00:00,569f4952-5a25-4394-a419-f9c4d9cca6f3,495,3,0,0,15,0,1,1,1,1790018177
2026-09-21T19:16:53+00:00,2026-09-21T19:17:06.076630+00:00,eed9e64f-f09d-43c1-aa31-da968c66750a,368,8,0,0,7,0,1,1,1,1790018176
2026-09-21T19:16:53+00:00,2026-09-21T19:17:06.076630+00:00,38706d8c-8d4b-49f7-b6ed-7688449db261,463,11,3,0,8,0,1,1,1,1790018180
2026-09-21T19:16:53+00:00,2026-09-21T19:17:06.076630+00:00,2131371824572002576,2131371824572002576,0,0,0,16,0,1,1,1,1790018182
2026-09-21T19:16:53+00:00,2026-09-21T19:17:06.076630+00:00,52ca4d94-587f-4a61-a298-a1a755e73bfb,362,11,2,0,8,0,1,1,1,1790018186
2026-09-21T19:16:53+00:00,2026-09-21T19:17:06.076630+00:00,88b35b6d-f355-44dc-b85e-ed2eb1bc9099,406,9,0,0,10,0,1,1,1,1790018184
2026-09-21T19:16:53+00:00,2026-09-21T19:17:06.076630+00:00,986068c4-d11a-465a-b8d0-bd0960c57f51,986068c4-d11a-465a-b8d0-bd0960c57f51,7,1,0,6,0,1,1,1,1790018183
2026-09-21T19:16:53+00:00,2026-09-21T19:17:06.076630+00:00,f834c6f5-0de8-11e7-991c-3863bb43a7d0,111,9,4,0,6,0,1,1,1,1790018181
2026-09-21T19:16:53+00:00,2026-09-21T19:17:06.076630+00:00,2113559364250874028,2113559364250874028,7,0,0,8,0,1,1,1,1790018185
2026-09-21T19:16:53+00:00,2026-09-21T19:17:06.076630+00:00,8e7c1984-dc81-43b0-a0d3-58c6de45225a,465,3,0,0,8,0,1,1,1,1790018183
2026-09-21T19:16:53+00:00,2026-09-21T19:17:06.076630+00:00,f8347a8b-0de8-11e7-991c-3863bb43a7d0,29,15,0,0,4,0,1,1,1,1790018182
2026-09-21T19:16:53+00:00,2026-09-21T19:17:06.076630+00:00,2132460331327742574,2132460331327742574,18,9,0,0,0,1,1,1,1790018182
2026-09-21T19:16:53+00:00,2026-09-21T19:17:06.076630+00:00,f834b928-0de8-11e7-991c-3863bb43a7d0,106,5,2,0,9,0,1,1,1,1790018186
2026-09-21T19:16:53+00:00,2026-09-21T19:17:06.076630+00:00,2250817396738253956,2250817396738253956,11,1,2,2,0,1,1,1,1790018187
2026-09-21T19:16:53+00:00,2026-09-21T19:17:06.076630+00:00,1ef9964d-47ac-4cd4-916e-7c006fa1e605,339,12,4,0,3,0,1,1,1,1790018187
2026-09-21T19:16:53+00:00,2026-09-21T19:17:06.076630+00:00,2124664048772581794,2124664048772581794,2,0,0,9,0,1,1,1,1790018187
2026-09-21T19:16:53+00:00,2026-09-21T19:17:06.076630+00:00,f8351569-0de8-11e7-991c-3863bb43a7d0,181,11,0,0,8,0,1,1,1,1790018188
2026-09-21T19:16:53+00:00,2026-09-21T19:17:06.076630+00:00,f83473ea-0de8-11e7-991c-3863bb43a7d0,27,5,0,1,17,0,1,1,1,1790018189
2026-09-21T19:16:53+00:00,2026-09-21T19:17:06.076630+00:00,f606593b-3d07-40f2-bc6d-a0eb96588e44,456,1,1,0,17,0,1,1,1,1790018190
2026-09-21T19:16:53+00:00,2026-09-21T19:17:06.076630+00:00,f8346dbd-0de8-11e7-991c-3863bb43a7d0,16,6,1,0,13,0,1,1,1,1790018188
2026-09-21T19:16:53+00:00,2026-09-21T19:17:06.076630+00:00,f8347ded-0de8-11e7-991c-3863bb43a7d0,35,21,6,0,10,0,1,1,1,1790018189
2026-09-21T19:16:53+00:00,2026-09-21T19:17:06.076630+00:00,aefc33cd-40b9-48da-8b87-415428816bdb,488,2,0,0,13,0,1,1,1,1790018192
2026-09-21T19:16:53+00:00,2026-09-21T19:17:06.076630+00:00,25489822-e43a-4704-b2a8-d905b78ba77c,389,5,0,0,9,0,1,1,1,1790018188
2026-09-21T19:16:53+00:00,2026-09-21T19:17:06.076630+00:00,9b0aff89-5242-475e-b03b-87c3c3bf51bb,477,12,3,0,7,0,1,1,1,1790018191
2026-09-21T19:16:53+00:00,2026-09-21T19:17:06.076630+00:00,ec4e1168-25dc-4929-b17b-e4ae578dd888,425,1,0,0,15,0,1,1,1,1790018192
2026-09-21T19:16:53+00:00,2026-09-21T19:17:06.076630+00:00,1999639508813492766,1999639508813492766,5,0,0,15,0,1,1,1,1790018192
2026-09-21T19:16:53+00:00,2026-09-21T19:17:06.076630+00:00,2127252912986958612,2127252912986958612,2,0,0,13,0,1,1,1,1790018193
2026-09-21T19:16:53+00:00,2026-09-21T19:17:06.076630+00:00,f8346c96-0de8-11e7-991c-3863bb43a7d0,14,15,3,1,10,0,1,1,1,1790018194
2026-09-21T19:16:53+00:00,2026-09-21T19:17:06.076630+00:00,f834fcbe-0de8-11e7-991c-3863bb43a7d0,141,14,1,1,0,0,1,1,1,1790018193
2026-09-21T19:16:53+00:00,2026-09-21T19:17:06.076630+00:00,f55cdf0a-3d7b-491c-bed2-7dc0ef2062d5,489,9,0,1,6,0,1,1,1,1790018194
2026-09-21T19:16:53+00:00,2026-09-21T19:17:06.076630+00:00,f8351f87-0de8-11e7-991c-3863bb43a7d0,192,16,2,0,3,0,1,1,1,1790018195
2026-09-21T19:16:53+00:00,2026-09-21T19:17:06.076630+00:00,57f5003b-6574-40b3-83d7-3b5dee1472e0,518,7,0,1,2,0,1,1,1,1790018195
2026-09-21T19:16:53+00:00,2026-09-21T19:17:06.076630+00:00,2036103727838931110,2036103727838931110,2,0,0,9,0,1,1,1,1790018195
2026-09-21T19:16:53+00:00,2026-09-21T19:17:06.076630+00:00,1991921362058752616,1991921362058752616,16,6,0,5,0,1,1,1,1790018196
2026-09-21T19:16:53+00:00,2026-09-21T19:17:06.076630+00:00,2363c5a3-93cc-41a2-a767-90f1826c041f,426,15,11,0,12,0,1,1,1,1790018195
2026-09-21T19:16:53+00:00,2026-09-21T19:17:06.076630+00:00,f834916a-0de8-11e7-991c-3863bb43a7d0,63,4,1,1,10,0,1,1,1,1790018195
2026-09-21T19:16:53+00:00,2026-09-21T19:17:06.076630+00:00,133d159e-a202-4310-910f-eca392fe181e,398,6,2,0,13,0,1,1,1,1790018197
2026-09-21T19:16:53+00:00,2026-09-21T19:17:06.076630+00:00,2039387081833476178,2039387081833476178,0,0,0,20,0,1,1,1,1790018198
2026-09-21T19:16:53+00:00,2026-09-21T19:17:06.076630+00:00,f8348598-0de8-11e7-991c-3863bb43a7d0,49,2,1,0,16,0,1,1,1,1790018199
2026-09-21T19:16:53+00:00,2026-09-21T19:17:06.076630+00:00,f8346c01-0de8-11e7-991c-3863bb43a7d0,13,0,0,19,0,0,1,0,0,1790005776
2026-09-21T19:16:53+00:00,2026-09-21T19:17:06.076630+00:00,57caf362-1e8b-46aa-9ee3-82341c405ab0,271,9,0,0,6,0,1,1,1,1790018080
2026-09-21T19:16:53+00:00,2026-09-21T19:17:06.076630+00:00,b5894555-30a3-46db-918a-fdeb083d6001,336,14,0,0,1,0,1,1,1,1790018080
2026-09-21T19:16:53+00:00,2026-09-21T19:17:06.076630+00:00,a51b429f-bf06-425a-b3fe-b3155aa6468c,a51b429f-bf06-425a-b3fe-b3155aa6468c,7,4,3,1,0,1,1,1,1790018109
2026-09-21T19:16:53+00:00,2026-09-21T19:17:06.076630+00:00,f834b652-0de8-11e7-991c-3863bb43a7d0,104,6,1,2,9,0,1,1,1,1790018110
2026-09-21T19:16:53+00:00,2026-09-21T19:17:06.076630+00:00,dd8dee9d-d044-41d6-9371-8463cf9c671b,526,9,4,0,6,0,1,1,1,1790018108
2026-09-21T19:16:53+00:00,2026-09-21T19:17:06.076630+00:00,a439fff7-8630-464c-b277-efca6f6bc664,531,1,1,0,13,0,1,1,1,1790018117
2026-09-21T19:16:53+00:00,2026-09-21T19:17:06.076630+00:00,f8352a4d-0de8-11e7-991c-3863bb43a7d0,212,8,1,0,24,0,1,1,1,1790018114
2026-09-21T19:16:53+00:00,2026-09-21T19:17:06.076630+00:00,3f4f4ad4-a715-43d5-828f-f8381f26b66a,390,6,0,0,9,0,1,1,1,1790018116
2026-09-21T19:16:53+00:00,2026-09-21T19:17:06.076630+00:00,f8350be5-0de8-11e7-991c-3863bb43a7d0,160,5,0,0,9,0,1,1,1,1790018116
2026-09-21T19:16:53+00:00,2026-09-21T19:17:06.076630+00:00,f836bc28-36a7-4ca6-bba6-0d75333d84bb,538,13,1,0,6,0,1,1,1,1790018121
2026-09-21T19:16:53+00:00,2026-09-21T19:17:06.076630+00:00,ee18dbd6-05b8-4d38-a120-f84c3499a77e,519,9,1,2,0,0,1,1,1,1790018122
2026-09-21T19:16:53+00:00,2026-09-21T19:17:06.076630+00:00,f8352150-0de8-11e7-991c-3863bb43a7d0,196,6,1,1,3,0,1,1,1,1790018123
2026-09-21T19:16:53+00:00,2026-09-21T19:17:06.076630+00:00,0cb6d635-6a7d-4d75-89b4-36b12616be12,432,14,8,0,5,0,1,1,1,1790018129
2026-09-21T19:16:53+00:00,2026-09-21T19:17:06.076630+00:00,fbb9b58c-2b92-4bcf-8e4c-a982e40d2f39,221,19,5,0,0,0,1,1,1,1790018124
2026-09-21T19:16:53+00:00,2026-09-21T19:17:06.076630+00:00,66763558-7a03-48a9-8665-6b4445b81f48,458,2,1,1,12,0,1,1,1,1790018125
2026-09-21T19:16:53+00:00,2026-09-21T19:17:06.076630+00:00,4caf6e93-ddd7-4b6f-9e61-f9df1206ac92,4caf6e93-ddd7-4b6f-9e61-f9df1206ac92,1,0,1,17,0,1,1,1,1790018125
2026-09-21T19:16:53+00:00,2026-09-21T19:17:06.076630+00:00,2256120653476329202,2256120653476329202,9,2,0,6,0,1,1,1,1790018125
2026-09-21T19:16:53+00:00,2026-09-21T19:17:06.076630+00:00,f834923d-0de8-11e7-991c-3863bb43a7d0,65,8,2,0,11,0,1,1,1,1790018128
2026-09-21T19:16:53+00:00,2026-09-21T19:17:06.076630+00:00,7dd0fc98-c1dd-4c93-9c1d-4bbdf5f93346,473,10,5,0,4,0,1,1,1,1790018128
2026-09-21T19:16:53+00:00,2026-09-21T19:17:06.076630+00:00,2111332861978124760,2111332861978124760,6,0,1,9,0,1,1,1,1790018043
2026-09-21T19:16:53+00:00,2026-09-21T19:17:06.076630+00:00,f8348781-0de8-11e7-991c-3863bb43a7d0,53,13,2,0,6,0,1,1,1,1790018086
2026-09-21T19:16:53+00:00,2026-09-21T19:17:06.076630+00:00,2002247509585342522,2002247509585342522,8,2,0,3,0,1,1,1,1790018082
2026-09-21T19:16:53+00:00,2026-09-21T19:17:06.076630+00:00,3c837bc0-fd08-49c4-adf5-0e9a98e918a7,524,7,3,0,7,0,1,1,1,1790018085
2026-09-21T19:16:53+00:00,2026-09-21T19:17:06.076630+00:00,25cc602a-152a-4abe-9df8-a131d0a5d94b,235,4,0,0,11,0,1,1,1,1790018090
2026-09-21T19:16:53+00:00,2026-09-21T19:17:06.076630+00:00,f834d064-0de8-11e7-991c-3863bb43a7d0,118,5,0,0,14,0,1,1,1,1790018090
2026-09-21T19:16:53+00:00,2026-09-21T19:17:06.076630+00:00,1206f5c8-7d1f-4c32-9d65-f3e80186fbde,511,7,7,1,11,0,1,1,1,1790018088
2026-09-21T19:16:53+00:00,2026-09-21T19:17:06.076630+00:00,f834b50a-0de8-11e7-991c-3863bb43a7d0,102,13,2,0,1,0,1,1,1,1790018087
2026-09-21T19:16:53+00:00,2026-09-21T19:17:06.076630+00:00,4764641e-b080-4c70-a1e1-049de81e09d0,273,8,2,0,32,0,1,1,1,1790018106
2026-09-21T19:16:53+00:00,2026-09-21T19:17:06.076630+00:00,2126939746529359956,2126939746529359956,4,0,1,15,0,1,1,1,1790018106
2026-09-21T19:16:53+00:00,2026-09-21T19:17:06.076630+00:00,2120986392451359068,2120986392451359068,2,0,0,17,0,1,1,1,1790018106
2026-09-21T19:16:53+00:00,2026-09-21T19:17:06.076630+00:00,f8349de4-0de8-11e7-991c-3863bb43a7d0,80,23,6,1,11,0,1,1,1,1790018132
2026-09-21T19:16:53+00:00,2026-09-21T19:17:06.076630+00:00,f4a64c30-b97f-4ae5-b531-a11698b558d7,562,6,0,1,2,0,1,1,1,1790018134
2026-09-21T19:16:53+00:00,2026-09-21T19:17:06.076630+00:00,c98f50f6-1901-4c64-b164-8cf33245e022,282,16,1,0,2,0,1,1,1,1790018129
2026-09-21T19:16:53+00:00,2026-09-21T19:17:06.076630+00:00,1984021766354634770,1984021766354634770,10,0,1,8,0,1,1,1,1790018130
2026-09-21T19:16:53+00:00,2026-09-21T19:17:06.076630+00:00,f8349d6e-0de8-11e7-991c-3863bb43a7d0,79,2,0,0,16,0,1,1,1,1790018135
2026-09-21T19:16:53+00:00,2026-09-21T19:17:06.076630+00:00,b0b8e427-7203-4844-9c70-129e08a74452,347,1,0,0,13,0,1,1,1,1790018137
2026-09-21T19:16:53+00:00,2026-09-21T19:17:06.076630+00:00,f8351e42-0de8-11e7-991c-3863bb43a7d0,189,23,12,0,0,0,1,1,1,1790018138
2026-09-21T19:16:53+00:00,2026-09-21T19:17:06.076630+00:00,ee0fa23e-a6c2-474d-a6ef-bf581d63f1ae,ee0fa23e-a6c2-474d-a6ef-bf581d63f1ae,4,1,0,7,0,1,1,1,1790018139
2026-09-21T19:16:53+00:00,2026-09-21T19:17:06.076630+00:00,31382324-2931-491a-827a-40149e45afee,232,3,0,1,7,0,1,1,1,1790018138
2026-09-21T19:16:53+00:00,2026-09-21T19:17:06.076630+00:00,3de6e5da-9702-4623-8683-26abd98012a8,525,6,1,0,6,0,1,1,1,1790018140
2026-09-21T19:16:53+00:00,2026-09-21T19:17:06.076630+00:00,f83487f0-0de8-11e7-991c-3863bb43a7d0,54,7,4,0,8,0,1,1,1,1790018139
2026-09-21T19:16:53+00:00,2026-09-21T19:17:06.076630+00:00,2113560016964645240,2113560016964645240,3,0,0,16,0,1,1,1,1790018143
2026-09-21T19:16:53+00:00,2026-09-21T19:17:06.076630+00:00,f835259f-0de8-11e7-991c-3863bb43a7d0,205,1,1,0,14,0,1,1,1,1790018146
2026-09-21T19:16:53+00:00,2026-09-21T19:17:06.076630+00:00,2079440939380771716,2079440939380771716,0,0,0,11,0,1,1,1,1790018144
2026-09-21T19:16:53+00:00,2026-09-21T19:17:06.076630+00:00,910f1452-dbeb-4e69-b226-71b2d7e85715,910f1452-dbeb-4e69-b226-71b2d7e85715,1,1,2,8,0,1,1,1,1790018150
2026-09-21T19:16:53+00:00,2026-09-21T19:17:06.076630+00:00,634b697d-0e64-4102-8849-abac7a7f8e35,455,8,2,0,4,0,1,1,1,1790018149
2026-09-21T19:16:53+00:00,2026-09-21T19:17:06.076630+00:00,2071724371800490690,2071724371800490690,16,2,0,4,0,1,1,1,1790018148
2026-09-21T19:16:53+00:00,2026-09-21T19:17:06.076630+00:00,e49a5b83-2c9c-4610-a48b-89cfea172c8f,504,11,5,0,0,0,1,1,1,1790018148
2026-09-21T19:16:53+00:00,2026-09-21T19:17:06.076630+00:00,a9bc314b-a3fd-46e5-a63b-f005258bba5f,a9bc314b-a3fd-46e5-a63b-f005258bba5f,0,0,0,18,0,1,1,1,1790018149
2026-09-21T19:16:53+00:00,2026-09-21T19:17:06.076630+00:00,2158217922577811100,2158217922577811100,6,0,0,13,0,1,1,1,1790018152
2026-09-21T19:16:53+00:00,2026-09-21T19:17:06.076630+00:00,f834fda2-0de8-11e7-991c-3863bb43a7d0,143,18,1,0,5,0,1,1,1,1790018152
2026-09-21T19:16:53+00:00,2026-09-21T19:17:06.076630+00:00,50cc3c7f-50ed-4c70-b483-c89f3f47c938,491,12,0,0,7,0,1,1,1,1790018153
2026-09-21T19:16:53+00:00,2026-09-21T19:17:06.076630+00:00,dc770287-c70c-43ea-a635-39f3dc6b09cd,dc770287-c70c-43ea-a635-39f3dc6b09cd,3,2,0,8,0,1,1,1,1790018153
2026-09-21T19:16:53+00:00,2026-09-21T19:17:06.076630+00:00,8f51f8f1-ecb8-4cd3-8529-296a03140c51,8f51f8f1-ecb8-4cd3-8529-296a03140c51,5,0,0,14,0,1,1,1,1790018153
2026-09-21T19:16:53+00:00,2026-09-21T19:17:06.076630+00:00,f83472d3-0de8-11e7-991c-3863bb43a7d0,25,4,2,0,11,0,1,1,1,1790018155
2026-09-21T19:16:53+00:00,2026-09-21T19:17:06.076630+00:00,dd008e3c-ff17-4c82-abe0-502272a62425,558,1,1,0,16,0,1,1,1,1790018158
2026-09-21T19:16:53+00:00,2026-09-21T19:17:06.076630+00:00,1994461916590643872,1994461916590643872,10,8,0,1,0,1,1,1,1790018160
2026-09-21T19:16:53+00:00,2026-09-21T19:17:06.076630+00:00,c935cfb1-ef73-402e-9b86-83aaaac6534d,478,19,2,0,0,0,1,1,1,1790018159
2026-09-21T19:16:53+00:00,2026-09-21T19:17:06.076630+00:00,2171110977443594588,2171110977443594588,5,0,0,10,0,1,1,1,1790018159
2026-09-21T19:16:53+00:00,2026-09-21T19:17:06.076630+00:00,2248987790637065652,2248987790637065652,2,0,0,10,0,1,1,1,1790018159
2026-09-21T19:16:53+00:00,2026-09-21T19:17:06.076630+00:00,2131714490587826928,2131714490587826928,12,1,1,3,0,1,1,1,1790018160
2026-09-21T19:16:53+00:00,2026-09-21T19:17:06.076630+00:00,2124668538068359456,2124668538068359456,19,0,0,0,0,1,1,1,1790018162
2026-09-21T19:16:53+00:00,2026-09-21T19:17:06.076630+00:00,f8347361-0de8-11e7-991c-3863bb43a7d0,26,3,0,0,12,0,1,1,1,1790018164
2026-09-21T19:16:53+00:00,2026-09-21T19:17:06.076630+00:00,1963273678015717438,1963273678015717438,10,1,0,9,0,1,1,1,1790018165
2026-09-21T19:16:53+00:00,2026-09-21T19:17:06.076630+00:00,a3b94ed8-8301-4ec6-baf2-64ac493b5106,529,5,2,0,11,0,1,1,1,1790018166
2026-09-21T19:16:53+00:00,2026-09-21T19:17:06.076630+00:00,a9d13461-7f0f-47b0-9a97-8ec9e9792865,533,5,0,1,13,0,1,1,1,1790018163
2026-09-21T19:16:53+00:00,2026-09-21T19:17:06.076630+00:00,f8352c1a-0de8-11e7-991c-3863bb43a7d0,216,19,0,0,0,0,1,1,1,1790018167
2026-09-21T19:16:53+00:00,2026-09-21T19:17:06.076630+00:00,2223046412750968128,2223046412750968128,3,3,0,16,0,1,1,1,1790018167
2026-09-21T19:16:53+00:00,2026-09-21T19:17:06.076630+00:00,0bc49982-74e9-4bbf-9991-e3d809d6319e,530,10,0,0,9,0,1,1,1,1790018168
2026-09-21T19:16:53+00:00,2026-09-21T19:17:06.076630+00:00,2fded452-cbd0-4248-b008-f8a61ed9a85f,2fded452-cbd0-4248-b008-f8a61ed9a85f,3,0,0,12,0,1,1,1,1790018171
2026-09-21T19:16:53+00:00,2026-09-21T19:17:06.076630+00:00,efd724b2-31cb-4aec-b9d9-8ab79271630c,493,9,0,0,8,0,1,1,1,1790018171
2026-09-21T19:16:53+00:00,2026-09-21T19:17:06.076630+00:00,3a6d94a7-9fee-41c5-b8cc-a8487c5e691b,549,6,1,0,17,0,1,1,1,1790018169
2026-09-21T19:16:53+00:00,2026-09-21T19:17:06.076630+00:00,fae99a0c-e88a-4112-94d8-f655cf34e651,fae99a0c-e88a-4112-94d8-f655cf34e651,1,0,0,18,0,1,1,1,1790018169
2026-09-21T19:16:53+00:00,2026-09-21T19:17:06.076630+00:00,e3f5d039-a49e-4b3b-ab4d-4efbef2068c6,e3f5d039-a49e-4b3b-ab4d-4efbef2068c6,23,11,0,0,0,1,1,1,1790018170
2026-09-21T19:16:53+00:00,2026-09-21T19:17:06.076630+00:00,f834db9b-0de8-11e7-991c-3863bb43a7d0,121,8,3,2,7,0,1,1,1,1790018171
2026-09-21T19:16:53+00:00,2026-09-21T19:17:06.076630+00:00,f8353277-0de8-11e7-991c-3863bb43a7d0,218,12,1,0,3,0,1,1,1,1790018175
2026-09-21T19:16:53+00:00,2026-09-21T19:17:06.076630+00:00,2035765531590062506,2035765531590062506,8,7,0,2,1,1,1,1,1790018175
2026-09-21T19:16:53+00:00,2026-09-21T19:17:06.076630+00:00,1961066392414132348,1961066392414132348,15,1,1,3,0,1,1,1,1790018174
2026-09-21T19:16:53+00:00,2026-09-21T19:17:06.076630+00:00,f8351ff1-0de8-11e7-991c-3863bb43a7d0,193,9,0,0,6,0,1,1,1,1790018177
2026-09-21T19:16:53+00:00,2026-09-21T19:17:06.076630+00:00,f8348857-0de8-11e7-991c-3863bb43a7d0,55,12,2,0,3,0,1,1,1,1790018173
2026-09-21T19:16:53+00:00,2026-09-21T19:17:06.076630+00:00,f835141c-0de8-11e7-991c-3863bb43a7d0,178,13,6,0,6,0,1,1,1,1790018172
2026-09-21T19:16:53+00:00,2026-09-21T19:17:06.076630+00:00,f835027c-0de8-11e7-991c-3863bb43a7d0,152,3,0,0,24,0,1,1,1,1790018183
2026-09-21T19:16:53+00:00,2026-09-21T19:17:06.076630+00:00,f834ffc9-0de8-11e7-991c-3863bb43a7d0,146,11,0,0,8,0,1,1,1,1790018183
2026-09-21T19:16:53+00:00,2026-09-21T19:17:06.076630+00:00,f1cafe36-f800-41f6-b74d-73953cb6394c,471,27,3,0,0,0,1,1,1,1790018183
2026-09-21T19:16:53+00:00,2026-09-21T19:17:06.076630+00:00,f8352306-0de8-11e7-991c-3863bb43a7d0,199,2,0,0,13,0,1,1,1,1790018184
2026-09-21T19:16:53+00:00,2026-09-21T19:17:06.076630+00:00,f8348021-0de8-11e7-991c-3863bb43a7d0,39,15,1,0,12,0,1,1,1,1790018180
2026-09-21T19:16:53+00:00,2026-09-21T19:17:06.076630+00:00,3dbbb3cb-b52d-46f8-8f9c-db11e83d081c,327,2,1,0,13,0,1,1,1,1790018180
2026-09-21T19:16:53+00:00,2026-09-21T19:17:06.076630+00:00,2115804056935012722,2115804056935012722,2,0,0,17,0,1,1,1,1790018179
2026-09-21T19:16:53+00:00,2026-09-21T19:17:06.076630+00:00,2004828637786472956,2004828637786472956,2,1,0,17,0,1,1,1,1790018180
2026-09-21T19:16:53+00:00,2026-09-21T19:17:06.076630+00:00,dd05a440-f881-410c-a071-864da11c634a,318,13,0,2,3,0,1,1,1,1790018182
2026-09-21T19:16:53+00:00,2026-09-21T19:17:06.076630+00:00,68323451-daf0-4532-a6cb-b070e3ef358f,68323451-daf0-4532-a6cb-b070e3ef358f,4,3,0,15,0,1,1,1,1790018180
2026-09-21T19:16:53+00:00,2026-09-21T19:17:06.076630+00:00,f834ff5a-0de8-11e7-991c-3863bb43a7d0,145,6,1,0,13,0,1,1,1,1790018187
2026-09-21T19:16:53+00:00,2026-09-21T19:17:06.076630+00:00,2012646293885032702,2012646293885032702,23,1,0,1,0,1,1,1,1790018185
2026-09-21T19:16:53+00:00,2026-09-21T19:17:06.076630+00:00,1e3beeb4-f8e1-452c-93e5-48df78d4b313,334,11,1,0,7,0,1,1,1,1790018186
2026-09-21T19:16:53+00:00,2026-09-21T19:17:06.076630+00:00,f8350c56-0de8-11e7-991c-3863bb43a7d0,161,8,1,0,15,0,1,1,1,1790018186
2026-09-21T19:16:53+00:00,2026-09-21T19:17:06.076630+00:00,f8349672-0de8-11e7-991c-3863bb43a7d0,72,19,8,0,4,0,1,1,1,1790018186
2026-09-21T19:16:53+00:00,2026-09-21T19:17:06.076630+00:00,2136546016037880534,2136546016037880534,2,1,0,13,0,1,1,1,1790018186
2026-09-21T19:16:53+00:00,2026-09-21T19:17:06.076630+00:00,be7e7068-b85f-42c1-8ea1-e1d64e531323,be7e7068-b85f-42c1-8ea1-e1d64e531323,9,1,0,6,0,1,1,1,1790018194
2026-09-21T19:16:53+00:00,2026-09-21T19:17:06.076630+00:00,f834fb66-0de8-11e7-991c-3863bb43a7d0,139,5,4,0,14,0,1,1,1,1790018193
2026-09-21T19:16:53+00:00,2026-09-21T19:17:06.076630+00:00,2253794653988522864,2253794653988522864,1,1,0,18,0,1,1,1,1790018194
2026-09-21T19:16:53+00:00,2026-09-21T19:17:06.076630+00:00,f8346a3c-0de8-11e7-991c-3863bb43a7d0,10,8,0,1,2,0,1,1,1,1790018190
2026-09-21T19:16:53+00:00,2026-09-21T19:17:06.076630+00:00,2080157934789007958,2080157934789007958,17,3,0,2,0,1,1,1,1790018191
2026-09-21T19:16:53+00:00,2026-09-21T19:17:06.076630+00:00,082262bd-086b-46c7-83ce-eed2b39142ff,416,11,1,0,5,0,1,1,1,1790018193
2026-09-21T19:16:53+00:00,2026-09-21T19:17:06.076630+00:00,609c2f06-310e-4134-8dd2-3d23aa41487b,609c2f06-310e-4134-8dd2-3d23aa41487b,18,5,0,4,0,1,1,1,1790018193
2026-09-21T19:16:53+00:00,2026-09-21T19:17:06.076630+00:00,f8348924-0de8-11e7-991c-3863bb43a7d0,57,6,0,0,8,0,1,1,1,1790018191
2026-09-21T19:16:53+00:00,2026-09-21T19:17:06.076630+00:00,d81e16e2-a410-4a0b-b5ae-b72748fc9781,d81e16e2-a410-4a0b-b5ae-b72748fc9781,12,1,0,7,0,1,1,1,1790018192
2026-09-21T19:16:53+00:00,2026-09-21T19:17:06.076630+00:00,2100948177843249670,2100948177843249670,2,0,0,9,0,1,1,1,1790018192
2026-09-21T19:16:53+00:00,2026-09-21T19:17:06.076630+00:00,af066ffd-b892-434f-8532-1982fc408780,480,1,0,1,9,0,1,1,1,1790018192
2026-09-21T19:16:53+00:00,2026-09-21T19:17:06.076630+00:00,8b703219-1e16-4ba1-9f46-2b7030c7849a,360,1,0,0,14,0,1,1,1,1790018191
2026-09-21T19:16:53+00:00,2026-09-21T19:17:06.076630+00:00,f83514f9-0de8-11e7-991c-3863bb43a7d0,180,11,0,1,7,0,1,1,1,1790018193
2026-09-21T19:16:53+00:00,2026-09-21T19:17:06.076630+00:00,f834a32d-0de8-11e7-991c-3863bb43a7d0,86,19,0,0,6,0,1,1,1,1790018196
2026-09-21T19:16:53+00:00,2026-09-21T19:17:06.076630+00:00,2074236051937964826,2074236051937964826,0,0,0,16,0,1,1,1,1790018197
2026-09-21T19:16:53+00:00,2026-09-21T19:17:06.076630+00:00,3b158c7a-a362-43ae-af1f-121b78be32d7,483,11,0,0,6,0,1,1,1,1790018197
2026-09-21T19:16:53+00:00,2026-09-21T19:17:06.076630+00:00,13681246-4bf8-444a-a908-fa165e4ad298,329,3,2,0,12,0,1,1,1,1790018197
2026-09-21T19:16:53+00:00,2026-09-21T19:17:06.076630+00:00,47c44bb1-d065-41f5-ad79-c18aee60af34,342,0,0,0,15,0,1,0,0,1790015426
2026-09-21T19:16:53+00:00,2026-09-21T19:17:06.076630+00:00,7feae3ce-ddf2-4a45-a123-1209c8a9182b,484,4,3,0,7,0,1,1,1,1790018104
2026-09-21T19:16:53+00:00,2026-09-21T19:17:06.076630+00:00,f0f01d4c-ba4a-4ab2-9cc0-9fa1f9223300,394,3,0,0,11,0,1,1,1,1790018104
2026-09-21T19:16:53+00:00,2026-09-21T19:17:06.076630+00:00,f834fede-0de8-11e7-991c-3863bb43a7d0,144,15,4,0,4,0,1,1,1,1790018109
2026-09-21T19:16:53+00:00,2026-09-21T19:17:06.076630+00:00,9e9be067-c6bb-41de-9491-eda69d24d6de,371,9,7,0,9,1,1,1,1,1790018106
2026-09-21T19:16:53+00:00,2026-09-21T19:17:06.076630+00:00,1942556871369959976,1942556871369959976,1,1,0,18,0,1,1,1,1790018111
2026-09-21T19:16:53+00:00,2026-09-21T19:17:06.076630+00:00,a75d3da1-ce74-447f-8e80-52506a81aff3,a75d3da1-ce74-447f-8e80-52506a81aff3,1,0,0,10,0,1,1,1,1790018115
2026-09-21T19:16:53+00:00,2026-09-21T19:17:06.076630+00:00,1a39ab83-f029-4134-aad4-35380b30bf2c,1a39ab83-f029-4134-aad4-35380b30bf2c,7,0,1,11,0,1,1,1,1790018083
2026-09-21T19:16:53+00:00,2026-09-21T19:17:06.076630+00:00,1978882443666915710,1978882443666915710,8,0,0,9,1,1,1,1,1790018082
2026-09-21T19:16:53+00:00,2026-09-21T19:17:06.076630+00:00,4f25f6ef-236b-43b4-8a92-68a24db0504b,4f25f6ef-236b-43b4-8a92-68a24db0504b,7,0,0,7,0,1,1,1,1790018078
2026-09-21T19:16:53+00:00,2026-09-21T19:17:06.076630+00:00,1676a6f7-c417-48d2-92e8-5ce21995efc3,374,16,3,0,3,0,1,1,1,1790018079
2026-09-21T19:16:53+00:00,2026-09-21T19:17:06.076630+00:00,2098360140389493528,2098360140389493528,6,4,0,5,0,1,1,1,1790018078
2026-09-21T19:16:53+00:00,2026-09-21T19:17:06.076630+00:00,00802fe6-4268-4dc8-8f55-0dbbc1665ce6,515,10,1,0,9,0,1,1,1,1790018098
2026-09-21T19:16:53+00:00,2026-09-21T19:17:06.076630+00:00,12d463d2-ce50-43bd-81b1-6be4dbdbbc1b,430,10,0,0,9,0,1,1,1,1790018096
2026-09-21T19:16:53+00:00,2026-09-21T19:17:06.076630+00:00,53548ba4-ad0a-4d92-8e57-fd5c9f3ad102,399,1,1,0,14,0,1,1,1,1790018099
2026-09-21T19:16:53+00:00,2026-09-21T19:17:06.076630+00:00,2225590560002383786,2225590560002383786,15,3,0,0,0,1,1,1,1790018093
2026-09-21T19:16:53+00:00,2026-09-21T19:17:06.076630+00:00,f834caf2-0de8-11e7-991c-3863bb43a7d0,114,2,0,0,12,0,1,1,1,1790018093
2026-09-21T19:16:53+00:00,2026-09-21T19:17:06.076630+00:00,f834ba08-0de8-11e7-991c-3863bb43a7d0,108,7,3,2,8,0,1,1,1,1790018100
2026-09-21T19:16:53+00:00,2026-09-21T19:17:06.076630+00:00,93381e13-cd04-4e10-ac81-9f5926aa01d5,333,19,1,1,5,0,1,1,1,1790018104
2026-09-21T19:16:53+00:00,2026-09-21T19:17:06.076630+00:00,f83512c9-0de8-11e7-991c-3863bb43a7d0,175,6,0,0,11,0,1,1,1,1790018124
2026-09-21T19:16:53+00:00,2026-09-21T19:17:06.076630+00:00,2096125468116637776,2096125468116637776,14,0,0,1,0,1,1,1,1790018124
2026-09-21T19:16:53+00:00,2026-09-21T19:17:06.076630+00:00,7c860828-3359-4229-b59b-963f5a4bab00,236,9,4,0,3,0,1,1,1,1790018123
2026-09-21T19:16:53+00:00,2026-09-21T19:17:06.076630+00:00,065e0e5d-8a0d-49b7-9c1f-c8eaba51a8b4,490,16,5,1,1,0,1,1,1,1790018121
2026-09-21T19:16:53+00:00,2026-09-21T19:17:06.076630+00:00,9c8366d8-3b58-4894-b281-09e22f6fe5f7,464,0,0,0,11,0,1,1,1,1790018121
2026-09-21T19:16:53+00:00,2026-09-21T19:17:06.076630+00:00,ca76adb6-4c84-4484-9ec3-b411b81ddbef,ca76adb6-4c84-4484-9ec3-b411b81ddbef,5,0,0,14,0,1,1,1,1790018084
2026-09-21T19:16:53+00:00,2026-09-21T19:17:06.076630+00:00,f8350204-0de8-11e7-991c-3863bb43a7d0,151,8,0,1,10,0,1,1,1,1790018085
2026-09-21T19:16:53+00:00,2026-09-21T19:17:06.076630+00:00,2129865213174084448,2129865213174084448,10,1,0,9,0,1,1,1,1790018089
2026-09-21T19:16:53+00:00,2026-09-21T19:17:06.076630+00:00,f8351726-0de8-11e7-991c-3863bb43a7d0,185,13,0,0,2,0,1,1,1,1790018091
2026-09-21T19:16:53+00:00,2026-09-21T19:17:06.076630+00:00,f834824e-0de8-11e7-991c-3863bb43a7d0,43,1,1,0,14,0,1,1,1,1790018116
2026-09-21T19:16:53+00:00,2026-09-21T19:17:06.076630+00:00,bd3d4824-7203-4edc-a314-cea2b413e886,319,14,13,0,12,1,1,1,1,1790018118
2026-09-21T19:16:53+00:00,2026-09-21T19:17:06.076630+00:00,ed6c012e-6d6c-41e7-8e01-90749fd67575,546,6,3,0,9,1,1,1,1,1790018119
2026-09-21T19:16:53+00:00,2026-09-21T19:17:06.076630+00:00,1989983491501558234,1989983491501558234,3,0,1,7,0,1,1,1,1790018129
2026-09-21T19:16:53+00:00,2026-09-21T19:17:06.076630+00:00,c202f2ca-ec1d-4dc5-a734-e0a342f23ba4,279,8,1,1,14,0,1,1,1,1790018130
2026-09-21T19:16:53+00:00,2026-09-21T19:17:06.076630+00:00,8347c34d-68df-404b-ac58-7a387cc3ce4b,414,19,1,0,4,0,1,1,1,1790018131
2026-09-21T19:16:53+00:00,2026-09-21T19:17:06.076630+00:00,9cc65d3d-cfcc-45ff-8f75-7264556b1cf9,9cc65d3d-cfcc-45ff-8f75-7264556b1cf9,1,0,0,18,0,1,1,1,1790018130
2026-09-21T19:16:53+00:00,2026-09-21T19:17:06.076630+00:00,f835108b-0de8-11e7-991c-3863bb43a7d0,170,5,4,1,8,0,1,1,1,1790017993
2026-09-21T19:16:53+00:00,2026-09-21T19:17:06.076630+00:00,2071630998981871920,2071630998981871920,14,1,0,6,0,1,1,1,1790018058
2026-09-21T19:16:53+00:00,2026-09-21T19:17:06.076630+00:00,f834a3a0-0de8-11e7-991c-3863bb43a7d0,87,3,2,0,12,0,1,1,1,1790018134
2026-09-21T19:16:53+00:00,2026-09-21T19:17:06.076630+00:00,0daf7408-7a15-4d2b-8c39-f1a097cdbe85,403,3,2,0,12,0,1,1,1,1790018134
2026-09-21T19:16:53+00:00,2026-09-21T19:17:06.076630+00:00,f8349e56-0de8-11e7-991c-3863bb43a7d0,81,9,1,1,9,0,1,1,1,1790018139
2026-09-21T19:16:53+00:00,2026-09-21T19:17:06.076630+00:00,f834ec42-0de8-11e7-991c-3863bb43a7d0,131,2,1,2,14,0,1,1,1,1790018139
2026-09-21T19:16:53+00:00,2026-09-21T19:17:06.076630+00:00,fe534b6f-61ad-47d3-b9f6-cdaa128f53a4,395,4,2,0,11,0,1,1,1,1790018139
2026-09-21T19:16:53+00:00,2026-09-21T19:17:06.076630+00:00,403c0f6c-d01a-4171-a7be-3aa4dbb0d7d1,407,2,2,0,16,0,1,1,1,1790018139
2026-09-21T19:16:53+00:00,2026-09-21T19:17:06.076630+00:00,f83471a1-0de8-11e7-991c-3863bb43a7d0,23,21,2,1,3,0,1,1,1,1790018136
2026-09-21T19:16:53+00:00,2026-09-21T19:17:06.076630+00:00,f8352068-0de8-11e7-991c-3863bb43a7d0,194,12,0,0,7,0,1,1,1,1790018137
2026-09-21T19:16:53+00:00,2026-09-21T19:17:06.076630+00:00,2014558273483754010,2014558273483754010,2,0,0,17,0,1,1,1,1790018143
2026-09-21T19:16:53+00:00,2026-09-21T19:17:06.076630+00:00,d1c0b0c2-6e4c-424e-a946-a2a95a711633,422,4,2,1,10,0,1,1,1,1790018143
2026-09-21T19:16:53+00:00,2026-09-21T19:17:06.076630+00:00,f834f8ca-0de8-11e7-991c-3863bb43a7d0,137,8,2,1,10,0,1,1,1,1790018142
2026-09-21T19:16:53+00:00,2026-09-21T19:17:06.076630+00:00,2151136782588526782,2151136782588526782,3,0,0,8,0,1,1,1,1790018140
2026-09-21T19:16:53+00:00,2026-09-21T19:17:06.076630+00:00,be18593a-9e4c-4a13-8bb2-a5bac3d9b2b3,547,3,1,1,14,0,1,1,1,1790018145
2026-09-21T19:16:53+00:00,2026-09-21T19:17:06.076630+00:00,f8347b1e-0de8-11e7-991c-3863bb43a7d0,30,5,1,0,10,0,1,1,1,1790018153
2026-09-21T19:16:53+00:00,2026-09-21T19:17:06.076630+00:00,81676204-e42f-4d3d-991e-9c1264f36229,357,11,0,0,4,0,1,1,1,1790018154
2026-09-21T19:16:53+00:00,2026-09-21T19:17:06.076630+00:00,c23a4c0d-7e43-4042-80e2-7c894d07763b,559,5,1,0,6,0,1,1,1,1790018151
2026-09-21T19:16:53+00:00,2026-09-21T19:17:06.076630+00:00,a83f982f-a4f1-43e4-98e8-c8f4a0bb7290,452,7,2,1,7,0,1,1,1,1790018151
2026-09-21T19:16:53+00:00,2026-09-21T19:17:06.076630+00:00,f83529e2-0de8-11e7-991c-3863bb43a7d0,211,8,0,0,7,0,1,1,1,1790018152
2026-09-21T19:16:53+00:00,2026-09-21T19:17:06.076630+00:00,f714390d-6874-43fa-a079-a07f83c79c7b,f714390d-6874-43fa-a079-a07f83c79c7b,5,2,0,6,0,1,1,1,1790018152
2026-09-21T19:16:53+00:00,2026-09-21T19:17:06.076630+00:00,0b0467c1-0c90-4529-a556-fe4d57835bbb,435,0,0,0,15,0,1,1,1,1790018157
2026-09-21T19:16:53+00:00,2026-09-21T19:17:06.076630+00:00,a3bf0bfe-198b-4160-a2fb-cc7d10cfb4cf,a3bf0bfe-198b-4160-a2fb-cc7d10cfb4cf,10,0,0,9,0,1,1,1,1790018157
2026-09-21T19:16:53+00:00,2026-09-21T19:17:06.076630+00:00,f834dedf-0de8-11e7-991c-3863bb43a7d0,124,7,0,0,7,0,1,1,1,1790018150
2026-09-21T19:16:53+00:00,2026-09-21T19:17:06.076630+00:00,2249419943962214726,2249419943962214726,6,0,0,13,0,1,1,1,1790018150
2026-09-21T19:16:53+00:00,2026-09-21T19:17:06.076630+00:00,f834ab92-0de8-11e7-991c-3863bb43a7d0,95,0,0,0,15,0,1,1,1,1790018146
2026-09-21T19:16:53+00:00,2026-09-21T19:17:06.076630+00:00,ad2fb6f2-921f-440c-83de-08be76e35c2a,468,10,0,0,5,0,1,1,1,1790018150
2026-09-21T19:16:53+00:00,2026-09-21T19:17:06.076630+00:00,2104f242-2dde-4ec0-8197-4454b1021ac1,381,5,1,0,18,2,1,1,1,1790018147
2026-09-21T19:16:53+00:00,2026-09-21T19:17:06.076630+00:00,f834a838-0de8-11e7-991c-3863bb43a7d0,92,6,1,1,11,0,1,1,1,1790018157
2026-09-21T19:16:53+00:00,2026-09-21T19:17:06.076630+00:00,2254164250455119196,2254164250455119196,6,1,0,9,0,1,1,1,1790018158
2026-09-21T19:16:53+00:00,2026-09-21T19:17:06.076630+00:00,5f8ced09-665c-41e5-b67e-1e58fac21830,521,2,1,0,9,0,1,1,1,1790018158
2026-09-21T19:16:53+00:00,2026-09-21T19:17:06.076630+00:00,2131760674371160748,2131760674371160748,6,0,0,14,0,1,1,1,1790018160
2026-09-21T19:16:53+00:00,2026-09-21T19:17:06.076630+00:00,f835260c-0de8-11e7-991c-3863bb43a7d0,206,3,1,0,37,0,1,1,1,1790018166
2026-09-21T19:16:53+00:00,2026-09-21T19:17:06.076630+00:00,eee3aab6-bd98-4d1f-8887-9c4e2adce482,eee3aab6-bd98-4d1f-8887-9c4e2adce482,6,1,0,5,0,1,1,1,1790018165
2026-09-21T19:16:53+00:00,2026-09-21T19:17:06.076630+00:00,2245672241002318634,2245672241002318634,5,1,1,12,0,1,1,1,1790018165
2026-09-21T19:16:53+00:00,2026-09-21T19:17:06.076630+00:00,f83483f3-0de8-11e7-991c-3863bb43a7d0,46,16,0,1,22,0,1,1,1,1790018163
2026-09-21T19:16:53+00:00,2026-09-21T19:17:06.076630+00:00,fe6a64e7-c712-404c-85ae-ee77a37245b1,355,14,0,1,2,0,1,1,1,1790018164
2026-09-21T19:16:53+00:00,2026-09-21T19:17:06.076630+00:00,2d32e355-faee-407b-9bb7-45d80ffb059a,2d32e355-faee-407b-9bb7-45d80ffb059a,19,6,0,1,0,1,1,1,1790018167
2026-09-21T19:16:53+00:00,2026-09-21T19:17:06.076630+00:00,42886366-9cbf-432c-ba84-beef38877c87,408,1,0,0,14,0,1,1,1,1790018173
2026-09-21T19:16:53+00:00,2026-09-21T19:17:06.076630+00:00,81bfc33b-30d8-4881-b261-712715a8b2bc,363,2,1,0,16,0,1,1,1,1790018172
2026-09-21T19:16:53+00:00,2026-09-21T19:17:06.076630+00:00,228b8017-e4da-4722-9223-b8279a14b8ad,448,3,0,0,7,0,1,1,1,1790018173
2026-09-21T19:16:53+00:00,2026-09-21T19:17:06.076630+00:00,12141b77-6e5f-444b-bace-2abf16db4fee,12141b77-6e5f-444b-bace-2abf16db4fee,6,3,0,5,0,1,1,1,1790018173
2026-09-21T19:16:53+00:00,2026-09-21T19:17:06.076630+00:00,2002579415401984808,2002579415401984808,2,0,0,9,0,1,1,1,1790018172
2026-09-21T19:16:53+00:00,2026-09-21T19:17:06.076630+00:00,1921360868231155718,1921360868231155718,9,1,0,10,0,1,1,1,1790018168
2026-09-21T19:16:53+00:00,2026-09-21T19:17:06.076630+00:00,4c128753-6fde-4d4c-896e-a1adf89ada98,4c128753-6fde-4d4c-896e-a1adf89ada98,20,4,0,4,1,1,1,1,1790018173
2026-09-21T19:16:53+00:00,2026-09-21T19:17:06.076630+00:00,f834658f-0de8-11e7-991c-3863bb43a7d0,4,1,0,1,17,0,1,1,1,1790018174
2026-09-21T19:16:53+00:00,2026-09-21T19:17:06.076630+00:00,9f582e05-15e0-4a39-aef5-c719e0c78e26,466,0,0,2,9,0,1,1,1,1790018169
2026-09-21T19:16:53+00:00,2026-09-21T19:17:06.076630+00:00,e32c0bb9-e85b-4764-b0fb-5c582cfd3a90,340,17,6,0,2,0,1,1,1,1790018169
2026-09-21T19:16:53+00:00,2026-09-21T19:17:06.076630+00:00,c5017e67-cada-4549-a52e-0f13dddd289d,424,14,0,0,5,0,1,1,1,1790018169
2026-09-21T19:16:53+00:00,2026-09-21T19:17:06.076630+00:00,f8346f6f-0de8-11e7-991c-3863bb43a7d0,19,6,2,0,9,0,1,1,1,1790018169
2026-09-21T19:16:53+00:00,2026-09-21T19:17:06.076630+00:00,2035660824473983142,2035660824473983142,13,1,1,4,1,1,1,1,1790018170
2026-09-21T19:16:53+00:00,2026-09-21T19:17:06.076630+00:00,2212258635631104970,2212258635631104970,11,1,0,12,0,1,1,1,1790018175
2026-09-21T19:16:53+00:00,2026-09-21T19:17:06.076630+00:00,2130224177726511580,2130224177726511580,10,0,1,4,0,1,1,1,1790018175
2026-09-21T19:16:53+00:00,2026-09-21T19:17:06.076630+00:00,f8351dc2-0de8-11e7-991c-3863bb43a7d0,188,7,2,0,8,0,1,1,1,1790018176
2026-09-21T19:16:53+00:00,2026-09-21T19:17:06.076630+00:00,2220822464984366036,2220822464984366036,0,0,1,10,1,1,1,1,1790018176
2026-09-21T19:16:53+00:00,2026-09-21T19:17:06.076630+00:00,f8350a84-0de8-11e7-991c-3863bb43a7d0,157,9,4,0,6,0,1,1,1,1790018179
2026-09-21T19:16:53+00:00,2026-09-21T19:17:06.076630+00:00,f8351eb0-0de8-11e7-991c-3863bb43a7d0,190,7,1,0,29,0,1,1,1,1790018178
2026-09-21T19:16:53+00:00,2026-09-21T19:17:06.076630+00:00,2040842277416872172,2040842277416872172,8,5,2,6,0,1,1,1,1790018177
2026-09-21T19:16:53+00:00,2026-09-21T19:17:06.076630+00:00,2123672938202825324,2123672938202825324,6,4,0,9,0,1,1,1,1790018178
2026-09-21T19:16:53+00:00,2026-09-21T19:17:06.076630+00:00,f834dc46-0de8-11e7-991c-3863bb43a7d0,122,1,1,0,14,0,1,1,1,1790018181
2026-09-21T19:16:53+00:00,2026-09-21T19:17:06.076630+00:00,f8352378-0de8-11e7-991c-3863bb43a7d0,200,15,2,0,3,0,1,1,1,1790018182
2026-09-21T19:16:53+00:00,2026-09-21T19:17:06.076630+00:00,4fe8e777-345b-4fc2-a684-dd874e8186d8,4fe8e777-345b-4fc2-a684-dd874e8186d8,8,1,0,7,0,1,1,1,1790018183
2026-09-21T19:16:53+00:00,2026-09-21T19:17:06.076630+00:00,2076849845777355316,2076849845777355316,7,3,0,25,0,1,1,1,1790018183
2026-09-21T19:16:53+00:00,2026-09-21T19:17:06.076630+00:00,e2c306f6-82c7-4d0d-89fd-c9452d2f9ad1,361,35,2,1,6,0,1,1,1,1790018183
2026-09-21T19:16:53+00:00,2026-09-21T19:17:06.076630+00:00,f8349ed6-0de8-11e7-991c-3863bb43a7d0,82,10,0,0,15,0,1,1,1,1790018183
2026-09-21T19:16:53+00:00,2026-09-21T19:17:06.076630+00:00,9340e113-e0b2-48ac-b58a-8b6f001b0a94,486,7,5,1,3,0,1,1,1,1790018186
2026-09-21T19:16:53+00:00,2026-09-21T19:17:06.076630+00:00,2007420398783036020,2007420398783036020,5,1,1,14,0,1,1,1,1790018186
2026-09-21T19:16:53+00:00,2026-09-21T19:17:06.076630+00:00,2038981933682610536,2038981933682610536,11,4,1,4,1,1,1,1,1790018187
2026-09-21T19:16:53+00:00,2026-09-21T19:17:06.076630+00:00,f834a7d1-0de8-11e7-991c-3863bb43a7d0,91,11,6,0,8,0,1,1,1,1790018187
2026-09-21T19:16:53+00:00,2026-09-21T19:17:06.076630+00:00,f834b99d-0de8-11e7-991c-3863bb43a7d0,107,8,4,0,9,0,1,1,1,1790018188
2026-09-21T19:16:53+00:00,2026-09-21T19:17:06.076630+00:00,f83515d8-0de8-11e7-991c-3863bb43a7d0,182,10,1,0,9,0,1,1,1,1790018185
2026-09-21T19:16:53+00:00,2026-09-21T19:17:06.076630+00:00,f8285d4f-5053-4e26-bb28-72016fe11353,405,10,1,0,9,0,1,1,1,1790018185
2026-09-21T19:16:53+00:00,2026-09-21T19:17:06.076630+00:00,f83520d8-0de8-11e7-991c-3863bb43a7d0,195,15,2,0,8,0,1,1,1,1790018189
2026-09-21T19:16:53+00:00,2026-09-21T19:17:06.076630+00:00,f8351490-0de8-11e7-991c-3863bb43a7d0,179,8,3,2,41,1,1,1,1,1790018190
2026-09-21T19:16:53+00:00,2026-09-21T19:17:06.076630+00:00,13d4171b-6d93-490e-923f-f2a17d5c7613,13d4171b-6d93-490e-923f-f2a17d5c7613,3,1,0,8,0,1,1,1,1790018190
2026-09-21T19:16:53+00:00,2026-09-21T19:17:06.076630+00:00,2093488029445054742,2093488029445054742,6,1,0,22,0,1,1,1,1790018184
2026-09-21T19:16:53+00:00,2026-09-21T19:17:06.076630+00:00,2118368356250680236,2118368356250680236,4,0,0,12,0,1,1,1,1790018185
2026-09-21T19:16:53+00:00,2026-09-21T19:17:06.076630+00:00,f8352ac4-0de8-11e7-991c-3863bb43a7d0,213,14,3,0,0,0,1,1,1,1790018191
2026-09-21T19:16:53+00:00,2026-09-21T19:17:06.076630+00:00,f834ea45-0de8-11e7-991c-3863bb43a7d0,130,7,3,0,8,0,1,1,1,1790018192
2026-09-21T19:16:53+00:00,2026-09-21T19:17:06.076630+00:00,f83480a9-0de8-11e7-991c-3863bb43a7d0,40,6,5,1,25,0,1,1,1,1790018191
2026-09-21T19:16:53+00:00,2026-09-21T19:17:06.076630+00:00,f83489ff-0de8-11e7-991c-3863bb43a7d0,59,9,0,0,9,0,1,1,1,1790018191
2026-09-21T19:16:53+00:00,2026-09-21T19:17:06.076630+00:00,c1789d39-705f-4c03-9c14-4d6a3a4f4400,561,14,4,1,4,0,1,1,1,1790018193
2026-09-21T19:16:53+00:00,2026-09-21T19:17:06.076630+00:00,52485851-e554-49de-ab9f-f536806d2d34,52485851-e554-49de-ab9f-f536806d2d34,2,0,1,8,0,1,1,1,1790018193
2026-09-21T19:16:53+00:00,2026-09-21T19:17:06.076630+00:00,7df1ee28-441e-44c1-8507-8f58946be96b,239,2,1,2,11,0,1,1,1,1790018193
2026-09-21T19:16:53+00:00,2026-09-21T19:17:06.076630+00:00,f83481c5-0de8-11e7-991c-3863bb43a7d0,42,1,1,1,29,0,1,1,1,1790018193
2026-09-21T19:16:53+00:00,2026-09-21T19:17:06.076630+00:00,186accbb-6a08-4e1d-b267-9033c4443a56,401,3,0,1,11,0,1,1,1,1790018195
2026-09-21T19:16:53+00:00,2026-09-21T19:17:06.076630+00:00,2002248857751890568,2002248857751890568,3,1,0,8,0,1,1,1,1790018195
2026-09-21T19:16:53+00:00,2026-09-21T19:17:06.076630+00:00,2212663228188806942,2212663228188806942,13,1,0,11,0,1,1,1,1790018194
2026-09-21T19:16:53+00:00,2026-09-21T19:17:06.076630+00:00,5bbdd12f-fec4-4741-9d5d-4a60834c5d02,377,0,0,0,19,0,1,1,1,1790018194
2026-09-21T19:16:53+00:00,2026-09-21T19:17:06.076630+00:00,aa556ad4-0092-4687-96c2-8dbc69addb56,485,7,7,0,4,0,1,1,1,1790018194
2026-09-21T19:16:53+00:00,2026-09-21T19:17:06.076630+00:00,f834fc57-0de8-11e7-991c-3863bb43a7d0,140,3,0,0,14,0,1,1,1,1790018194
2026-09-21T19:16:53+00:00,2026-09-21T19:17:06.076630+00:00,eb8824c3-9c84-4fec-8d6f-d537c8ab3beb,349,6,2,0,11,0,1,1,1,1790018194
2026-09-21T19:16:53+00:00,2026-09-21T19:17:06.076630+00:00,74cb9bf6-bb53-4c70-88d2-67998b99628c,296,3,0,1,19,0,1,1,1,1790018195
2026-09-21T19:16:53+00:00,2026-09-21T19:17:06.076630+00:00,f8348a68-0de8-11e7-991c-3863bb43a7d0,60,5,0,0,12,0,1,1,1,1790018195
2026-09-21T19:16:53+00:00,2026-09-21T19:17:06.076630+00:00,1976642295079838524,1976642295079838524,7,6,0,4,0,1,1,1,1790018196
2026-09-21T19:16:53+00:00,2026-09-21T19:17:06.076630+00:00,6e340d8e-45db-4fd9-b6eb-b74ec73b0d3e,535,6,0,0,9,0,1,1,1,1790018196
2026-09-21T19:16:53+00:00,2026-09-21T19:17:06.076630+00:00,2109111257926871498,2109111257926871498,2,0,3,14,0,1,1,1,1790018198
2026-09-21T19:16:53+00:00,2026-09-21T19:17:06.076630+00:00,bd1755dc-f26c-420e-85b3-fd025d0b5445,554,13,0,2,0,0,1,1,1,1790018198
2026-09-21T19:16:53+00:00,2026-09-21T19:17:06.076630+00:00,1df03e33-c105-4e53-b013-d20056cd57f8,1df03e33-c105-4e53-b013-d20056cd57f8,0,0,0,0,0,0,0,0,86400
2026-09-21T19:16:53+00:00,2026-09-21T19:17:06.076630+00:00,f83511d4-0de8-11e7-991c-3863bb43a7d0,173,11,1,0,3,0,1,1,1,1790017896
2026-09-21T19:16:53+00:00,2026-09-21T19:17:06.076630+00:00,f8352219-0de8-11e7-991c-3863bb43a7d0,197,0,0,1,14,0,1,1,1,1790018097
2026-09-21T19:16:53+00:00,2026-09-21T19:17:06.076630+00:00,aa964f5b-fadf-4fc1-8c91-84ee36e15f0d,341,1,1,0,14,0,1,1,1,1790018096
2026-09-21T19:16:53+00:00,2026-09-21T19:17:06.076630+00:00,1965873511294959658,1965873511294959658,9,1,0,14,0,1,1,1,1790018094
2026-09-21T19:16:53+00:00,2026-09-21T19:17:06.076630+00:00,7560f0e3-267b-4fb3-bbfa-6e02010cfcb7,225,5,0,0,14,0,1,1,1,1790018100
2026-09-21T19:16:53+00:00,2026-09-21T19:17:06.076630+00:00,2014865445230483952,2014865445230483952,8,0,0,8,0,1,1,1,1790018103
2026-09-21T19:16:53+00:00,2026-09-21T19:17:06.076630+00:00,dede6d5f-7d62-496e-a8ca-d5a64afe39c1,544,5,1,0,10,0,1,1,1,1790018103
2026-09-21T19:16:53+00:00,2026-09-21T19:17:06.076630+00:00,f83497b9-0de8-11e7-991c-3863bb43a7d0,74,7,1,0,10,0,1,1,1,1790018106
2026-09-21T19:16:53+00:00,2026-09-21T19:17:06.076630+00:00,f8347c41-0de8-11e7-991c-3863bb43a7d0,32,6,0,1,7,0,1,1,1,1790018108
2026-09-21T19:16:53+00:00,2026-09-21T19:17:06.076630+00:00,f834e534-0de8-11e7-991c-3863bb43a7d0,128,7,0,0,12,0,1,1,1,1790018078
2026-09-21T19:16:53+00:00,2026-09-21T19:17:06.076630+00:00,2145094035874873892,2145094035874873892,14,0,0,5,0,1,1,1,1790018082
2026-09-21T19:16:53+00:00,2026-09-21T19:17:06.076630+00:00,f83488be-0de8-11e7-991c-3863bb43a7d0,56,8,4,1,9,0,1,1,1,1790018085
2026-09-21T19:16:53+00:00,2026-09-21T19:17:06.076630+00:00,68e5e79a-3c94-4848-b619-9c0829d7f687,475,8,3,2,5,0,1,1,1,1790018085
2026-09-21T19:16:53+00:00,2026-09-21T19:17:06.076630+00:00,c5cfd1ed-aa44-4e20-96bb-e334c96f0d68,376,5,0,0,10,0,1,1,1,1790018093
2026-09-21T19:16:53+00:00,2026-09-21T19:17:06.076630+00:00,270ad97d-035d-472a-9827-76d3187afc56,402,4,1,0,11,0,1,1,1,1790018114
2026-09-21T19:16:53+00:00,2026-09-21T19:17:06.076630+00:00,f83517fa-0de8-11e7-991c-3863bb43a7d0,187,5,0,0,10,0,1,1,1,1790018114
2026-09-21T19:16:53+00:00,2026-09-21T19:17:06.076630+00:00,1986302395589722758,1986302395589722758,3,1,0,7,0,1,1,1,1790018113
2026-09-21T19:16:53+00:00,2026-09-21T19:17:06.076630+00:00,f8350ecf-0de8-11e7-991c-3863bb43a7d0,167,5,2,0,10,0,1,1,1,1790018112
2026-09-21T19:16:53+00:00,2026-09-21T19:17:06.076630+00:00,380de8b2-2728-4e4b-83f1-251bfbb5acf2,487,2,1,0,17,0,1,1,1,1790018111
2026-09-21T19:16:53+00:00,2026-09-21T19:17:06.076630+00:00,f8352534-0de8-11e7-991c-3863bb43a7d0,204,6,2,0,9,0,1,1,1,1790018118
2026-09-21T19:16:53+00:00,2026-09-21T19:17:06.076630+00:00,9bfa4a32-5598-46ea-a1a1-17b4c6ed9d84,431,3,1,0,12,0,1,1,1,1790018122
2026-09-21T19:16:53+00:00,2026-09-21T19:17:06.076630+00:00,2141791438824588162,2141791438824588162,6,0,0,13,0,1,1,1,1790018126
2026-09-21T19:16:53+00:00,2026-09-21T19:17:06.076630+00:00,f834cfd8-0de8-11e7-991c-3863bb43a7d0,117,13,2,1,4,0,1,1,1,1790018115
2026-09-21T19:16:53+00:00,2026-09-21T19:17:06.076630+00:00,d22265a8-a6d7-4922-a6b5-4be738a9e5c4,392,6,3,0,9,0,1,1,1,1790018116
2026-09-21T19:16:53+00:00,2026-09-21T19:17:06.076630+00:00,ef6ef93b-488f-496b-afbf-3aedfd967129,517,5,1,1,9,0,1,1,1,1790018124
2026-09-21T19:16:53+00:00,2026-09-21T19:17:06.076630+00:00,ccf82572-a142-4378-9a4b-5a51fcb4ef81,350,3,0,0,14,0,1,1,1,1790018124
2026-09-21T19:16:53+00:00,2026-09-21T19:17:06.076630+00:00,b205d2bb-bb76-49ac-8d14-85eec5a874d3,343,6,1,0,9,0,1,1,1,1790018124
2026-09-21T19:16:53+00:00,2026-09-21T19:17:06.076630+00:00,1a661bb7-7d14-49e9-ac3d-22bafec8a2f0,507,8,4,0,3,0,1,1,1,1790018124
2026-09-21T19:16:53+00:00,2026-09-21T19:17:06.076630+00:00,0208190e-851c-417d-8bc7-1b218db97fbf,0208190e-851c-417d-8bc7-1b218db97fbf,20,8,0,3,0,1,1,1,1790018130
2026-09-21T19:16:53+00:00,2026-09-21T19:17:06.076630+00:00,23146f28-9762-4a6d-a6db-fcd4ff0e5d07,356,19,2,0,4,0,1,1,1,1790018127
2026-09-21T19:16:53+00:00,2026-09-21T19:17:06.076630+00:00,56817d8e-3a1c-431a-a529-1a600f80c364,366,1,1,0,26,0,1,1,1,1790018131
2026-09-21T19:16:53+00:00,2026-09-21T19:17:06.076630+00:00,2119105928286481344,2119105928286481344,9,0,0,10,0,1,1,1,1790018131
2026-09-21T19:16:53+00:00,2026-09-21T19:17:06.076630+00:00,8d893519-bc21-4536-b346-f558988bc8ad,260,8,0,0,7,0,1,1,1,1790018135
2026-09-21T19:16:53+00:00,2026-09-21T19:17:06.076630+00:00,f8351f1d-0de8-11e7-991c-3863bb43a7d0,191,2,0,0,13,0,1,1,1,1790018135
2026-09-21T19:16:53+00:00,2026-09-21T19:17:06.076630+00:00,2085737662370069102,2085737662370069102,9,2,2,8,0,1,1,1,1790018134
2026-09-21T19:16:53+00:00,2026-09-21T19:17:06.076630+00:00,ea65c25f-0718-4f79-8588-c58b9fe3a105,226,4,1,1,10,0,1,1,1,1790018134
2026-09-21T19:16:53+00:00,2026-09-21T19:17:06.076630+00:00,ad2cf74c-0e8c-4e15-8f19-2259e8c82f0f,404,1,0,0,15,0,1,1,1,1790018140
2026-09-21T19:16:53+00:00,2026-09-21T19:17:06.076630+00:00,51bb4381-dae4-4aeb-b213-0614b807be29,344,3,0,0,16,0,1,1,1,1790018140
2026-09-21T19:16:53+00:00,2026-09-21T19:17:06.076630+00:00,81323081-749c-44cf-ac62-0e6c64305c32,461,7,2,0,4,0,1,1,1,1790018140
2026-09-21T19:16:53+00:00,2026-09-21T19:17:06.076630+00:00,baab0b05-a028-4147-8432-a2726c7e48ea,328,7,2,0,8,0,1,1,1,1790018141
2026-09-21T19:16:53+00:00,2026-09-21T19:17:06.076630+00:00,9721c80e-fc8f-474f-8918-b68c041d2836,9721c80e-fc8f-474f-8918-b68c041d2836,11,1,0,12,0,1,1,1,1790018140
2026-09-21T19:16:53+00:00,2026-09-21T19:17:06.076630+00:00,b34694c2-c640-4f70-b196-1c357ab798e0,b34694c2-c640-4f70-b196-1c357ab798e0,5,1,0,10,0,1,1,1,1790018141
2026-09-21T19:16:53+00:00,2026-09-21T19:17:06.076630+00:00,f8347f09-0de8-11e7-991c-3863bb43a7d0,37,5,2,0,10,0,1,1,1,1790018142
2026-09-21T19:16:53+00:00,2026-09-21T19:17:06.076630+00:00,99675a11-a92c-465c-bf5a-434b08ba5fc6,400,12,0,1,39,0,1,1,1,1790018142
2026-09-21T19:16:53+00:00,2026-09-21T19:17:06.076630+00:00,7e1dae55-4d3d-4a41-b969-2aeca70e0e69,7e1dae55-4d3d-4a41-b969-2aeca70e0e69,5,0,0,6,0,1,1,1,1790018138
2026-09-21T19:16:53+00:00,2026-09-21T19:17:06.076630+00:00,2027502297316997708,2027502297316997708,9,0,0,2,0,1,1,1,1790018144
2026-09-21T19:16:53+00:00,2026-09-21T19:17:06.076630+00:00,cf5f920f-b61d-4db0-b139-14aff04d577c,459,6,3,0,17,0,1,1,1,1790018148
2026-09-21T19:16:53+00:00,2026-09-21T19:17:06.076630+00:00,f8347ccd-0de8-11e7-991c-3863bb43a7d0,33,23,5,0,4,0,1,1,1,1790018147
2026-09-21T19:16:53+00:00,2026-09-21T19:17:06.076630+00:00,1991922092203192944,1991922092203192944,8,8,0,11,0,1,1,1,1790018146
2026-09-21T19:16:53+00:00,2026-09-21T19:17:06.076630+00:00,940638c5-7cd0-4a11-899e-86af3868d400,532,9,0,0,9,0,1,1,1,1790018146
2026-09-21T19:16:53+00:00,2026-09-21T19:17:06.076630+00:00,2043911250700610106,2043911250700610106,14,5,0,1,0,1,1,1,1790018145
2026-09-21T19:16:53+00:00,2026-09-21T19:17:06.076630+00:00,f2b83aa2-86cd-4904-a099-74bf2023f768,330,3,1,0,11,0,1,1,1,1790018150
2026-09-21T19:16:53+00:00,2026-09-21T19:17:06.076630+00:00,f8346d23-0de8-11e7-991c-3863bb43a7d0,15,8,0,0,7,0,1,1,1,1790018150
2026-09-21T19:16:53+00:00,2026-09-21T19:17:06.076630+00:00,1e1b40cd-8e00-4b74-b147-be6b23f5c9e7,385,11,1,0,4,0,1,1,1,1790018150
2026-09-21T19:16:53+00:00,2026-09-21T19:17:06.076630+00:00,f8352ba8-0de8-11e7-991c-3863bb43a7d0,215,2,0,0,13,0,1,1,1,1790018152
2026-09-21T19:16:53+00:00,2026-09-21T19:17:06.076630+00:00,fe90d430-d33f-48b2-a5cd-bc161b220939,553,1,0,0,21,0,1,1,1,1790018148
2026-09-21T19:16:53+00:00,2026-09-21T19:17:06.076630+00:00,2118728866631796788,2118728866631796788,3,0,0,12,0,1,1,1,1790018151
2026-09-21T19:16:53+00:00,2026-09-21T19:17:06.076630+00:00,6aebc664-1e3c-479f-8f65-2bae99215ed3,6aebc664-1e3c-479f-8f65-2bae99215ed3,8,1,0,3,0,1,1,1,1790018149
2026-09-21T19:16:53+00:00,2026-09-21T19:17:06.076630+00:00,903b9b5d-4244-43e4-8441-0d17f9a994f7,528,1,0,0,10,0,1,1,1,1790018154
2026-09-21T19:16:53+00:00,2026-09-21T19:17:06.076630+00:00,f8346b6f-0de8-11e7-991c-3863bb43a7d0,12,22,0,2,3,0,1,1,1,1790018154
2026-09-21T19:16:53+00:00,2026-09-21T19:17:06.076630+00:00,25a9114f-66f0-427c-920f-5526ca84f056,346,6,0,1,8,0,1,1,1,1790018157
2026-09-21T19:16:53+00:00,2026-09-21T19:17:06.076630+00:00,f834b101-0de8-11e7-991c-3863bb43a7d0,97,6,2,0,14,0,1,1,1,1790018158
2026-09-21T19:16:53+00:00,2026-09-21T19:17:06.076630+00:00,f8352b39-0de8-11e7-991c-3863bb43a7d0,214,12,1,0,2,0,1,1,1,1790018160
2026-09-21T19:16:53+00:00,2026-09-21T19:17:06.076630+00:00,f83513a7-0de8-11e7-991c-3863bb43a7d0,177,1,0,2,16,0,1,1,1,1790018162
2026-09-21T19:16:53+00:00,2026-09-21T19:17:06.076630+00:00,8b97606e-a849-4db8-ae9b-4009fe48d90b,556,12,2,1,6,0,1,1,1,1790018164
2026-09-21T19:16:53+00:00,2026-09-21T19:17:06.076630+00:00,1994466222105870452,1994466222105870452,7,7,0,4,0,1,1,1,1790018164
2026-09-21T19:16:53+00:00,2026-09-21T19:17:06.076630+00:00,d8ce5f8b-2440-45e1-ab1c-23cb3bcbde84,527,6,0,0,7,0,1,1,1,1790018165
2026-09-21T19:16:53+00:00,2026-09-21T19:17:06.076630+00:00,ff938129-8179-455c-9ac9-9fcb9fc0b6d5,ff938129-8179-455c-9ac9-9fcb9fc0b6d5,12,0,0,7,0,1,1,1,1790018166
2026-09-21T19:16:53+00:00,2026-09-21T19:17:06.076630+00:00,888780ee-bf2f-474e-9622-6bc725aa1b00,888780ee-bf2f-474e-9622-6bc725aa1b00,1,1,1,9,0,1,1,1,1790018168
2026-09-21T19:16:53+00:00,2026-09-21T19:17:06.076630+00:00,36f36eed-1070-49be-8b31-5676b8b3489f,227,15,0,0,4,0,1,1,1,1790018168
2026-09-21T19:16:53+00:00,2026-09-21T19:17:06.076630+00:00,5b1d2661-8a93-4f14-b242-ebc52792f951,337,3,2,0,12,0,1,1,1,1790018167
2026-09-21T19:16:53+00:00,2026-09-21T19:17:06.076630+00:00,1963613484180639992,1963613484180639992,6,3,0,13,0,1,1,1,1790018170
2026-09-21T19:16:53+00:00,2026-09-21T19:17:06.076630+00:00,2087949096844032050,2087949096844032050,1,0,0,14,0,1,1,1,1790018169
2026-09-21T19:16:53+00:00,2026-09-21T19:17:06.076630+00:00,b6a8522d-296d-4c05-887d-842374520780,545,7,7,0,7,0,1,1,1,1790018173
2026-09-21T19:16:53+00:00,2026-09-21T19:17:06.076630+00:00,d7507124-4cab-4063-8445-a59a33a3d6e4,512,12,5,0,7,0,1,1,1,1790018174
2026-09-21T19:16:53+00:00,2026-09-21T19:17:06.076630+00:00,f834723b-0de8-11e7-991c-3863bb43a7d0,24,14,7,3,5,0,1,1,1,1790018174
2026-09-21T19:16:53+00:00,2026-09-21T19:17:06.076630+00:00,f834f6a3-0de8-11e7-991c-3863bb43a7d0,135,11,6,0,6,0,1,1,1,1790018174
2026-09-21T19:16:53+00:00,2026-09-21T19:17:06.076630+00:00,8983c75a-12c1-4995-aedc-24c94bd895e3,384,8,2,0,11,0,1,1,1,1790018172
2026-09-21T19:16:53+00:00,2026-09-21T19:17:06.076630+00:00,d5349097-b478-4b3f-9c46-d8fbcf38e3f4,509,1,0,0,11,0,1,1,1,1790018171
2026-09-21T19:16:53+00:00,2026-09-21T19:17:06.076630+00:00,2088704000370565344,2088704000370565344,5,4,1,6,0,1,1,1,1790018176
2026-09-21T19:16:53+00:00,2026-09-21T19:17:06.076630+00:00,f8347e78-0de8-11e7-991c-3863bb43a7d0,36,6,4,0,25,0,1,1,1,1790018171
2026-09-21T19:16:53+00:00,2026-09-21T19:17:06.076630+00:00,f83482d2-0de8-11e7-991c-3863bb43a7d0,44,10,1,0,21,0,1,1,1,1790018178
2026-09-21T19:16:53+00:00,2026-09-21T19:17:06.076630+00:00,e4678b17-face-42c3-9b5f-98418d31e3b6,e4678b17-face-42c3-9b5f-98418d31e3b6,5,2,0,6,0,1,1,1,1790018178
2026-09-21T19:16:53+00:00,2026-09-21T19:17:06.076630+00:00,48abed77-c9ba-4a39-8a5c-6a1e9bb8a9a5,48abed77-c9ba-4a39-8a5c-6a1e9bb8a9a5,4,1,0,12,0,1,1,1,1790018179
2026-09-21T19:16:53+00:00,2026-09-21T19:17:06.076630+00:00,2110984374959099994,2110984374959099994,13,2,1,6,0,1,1,1,1790018181
2026-09-21T19:16:53+00:00,2026-09-21T19:17:06.076630+00:00,295553ea-851b-4ac2-a094-f9d1208e399a,412,2,1,1,16,0,1,1,1,1790018178
2026-09-21T19:16:53+00:00,2026-09-21T19:17:06.076630+00:00,2040842870122359032,2040842870122359032,19,8,0,1,0,1,1,1,1790018182
2026-09-21T19:16:53+00:00,2026-09-21T19:17:06.076630+00:00,f8350cc1-0de8-11e7-991c-3863bb43a7d0,162,8,3,0,7,0,1,1,1,1790018182
2026-09-21T19:16:53+00:00,2026-09-21T19:17:06.076630+00:00,f8350b76-0de8-11e7-991c-3863bb43a7d0,159,10,0,2,8,0,1,1,1,1790018188
2026-09-21T19:16:53+00:00,2026-09-21T19:17:06.076630+00:00,8a404180-7c2e-4dbe-9489-c478ed959282,8a404180-7c2e-4dbe-9489-c478ed959282,19,1,0,0,0,1,1,1,1790018189
2026-09-21T19:16:53+00:00,2026-09-21T19:17:06.076630+00:00,2259733531216984776,2259733531216984776,4,0,1,10,0,1,1,1,1790018189
2026-09-21T19:16:53+00:00,2026-09-21T19:17:06.076630+00:00,df03c61a-29d7-445d-9980-d7f058916591,345,9,2,0,10,0,1,1,1,1790018190
2026-09-21T19:16:53+00:00,2026-09-21T19:17:06.076630+00:00,f834c7a9-0de8-11e7-991c-3863bb43a7d0,112,5,2,0,10,0,1,1,1,1790018190
2026-09-21T19:16:53+00:00,2026-09-21T19:17:06.076630+00:00,f8348622-0de8-11e7-991c-3863bb43a7d0,50,13,2,0,6,0,1,1,1,1790018192
2026-09-21T19:16:53+00:00,2026-09-21T19:17:06.076630+00:00,90330e1a-dee5-4914-9d3f-3891aeca12ca,434,11,5,0,8,0,1,1,1,1790018192
2026-09-21T19:16:53+00:00,2026-09-21T19:17:06.076630+00:00,f8349b20-0de8-11e7-991c-3863bb43a7d0,76,8,2,1,8,0,1,1,1,1790018191
2026-09-21T19:16:53+00:00,2026-09-21T19:17:06.076630+00:00,f834abfd-0de8-11e7-991c-3863bb43a7d0,96,19,3,0,0,0,1,1,1,1790018193
2026-09-21T19:16:53+00:00,2026-09-21T19:17:06.076630+00:00,f834708e-0de8-11e7-991c-3863bb43a7d0,21,9,0,1,8,0,1,1,1,1790018193
2026-09-21T19:16:53+00:00,2026-09-21T19:17:06.076630+00:00,f83491d4-0de8-11e7-991c-3863bb43a7d0,64,13,1,0,10,0,1,1,1,1790018190
2026-09-21T19:16:53+00:00,2026-09-21T19:17:06.076630+00:00,f834a959-0de8-11e7-991c-3863bb43a7d0,94,4,1,0,8,0,1,1,1,1790018191
2026-09-21T19:16:53+00:00,2026-09-21T19:17:06.076630+00:00,f835288a-0de8-11e7-991c-3863bb43a7d0,208,12,1,0,3,0,1,1,1,1790018191
2026-09-21T19:16:53+00:00,2026-09-21T19:17:06.076630+00:00,f8349440-0de8-11e7-991c-3863bb43a7d0,68,10,1,0,8,0,1,1,1,1790018191
2026-09-21T19:16:53+00:00,2026-09-21T19:17:06.076630+00:00,2227858849424910006,2227858849424910006,1,0,0,6,0,1,1,1,1790018183
2026-09-21T19:16:53+00:00,2026-09-21T19:17:06.076630+00:00,f834b8b3-0de8-11e7-991c-3863bb43a7d0,105,5,2,0,14,0,1,1,1,1790018184
2026-09-21T19:16:53+00:00,2026-09-21T19:17:06.076630+00:00,f834662c-0de8-11e7-991c-3863bb43a7d0,5,15,0,0,0,0,1,1,1,1790018184
2026-09-21T19:16:53+00:00,2026-09-21T19:17:06.076630+00:00,57716f8d-c9ee-4768-8872-71343ec3ffd8,514,0,0,1,18,0,1,1,1,1790018184
2026-09-21T19:16:53+00:00,2026-09-21T19:17:06.076630+00:00,2080205593583047424,2080205593583047424,1,0,0,15,0,1,1,1,1790018187
2026-09-21T19:16:53+00:00,2026-09-21T19:17:06.076630+00:00,fbc512a5-4b98-4821-bcfb-bb0c7ac83543,365,12,0,0,7,0,1,1,1,1790018187
2026-09-21T19:16:53+00:00,2026-09-21T19:17:06.076630+00:00,2246034666940677832,2246034666940677832,9,5,0,2,0,1,1,1,1790018185
2026-09-21T19:16:53+00:00,2026-09-21T19:17:06.076630+00:00,2069389896750516900,2069389896750516900,19,2,0,2,0,1,1,1,1790018186
2026-09-21T19:16:53+00:00,2026-09-21T19:17:06.076630+00:00,7f68a70d-af0e-450a-b7a8-ce621cd0c8c1,280,7,4,0,12,0,1,1,1,1790018188
2026-09-21T19:16:53+00:00,2026-09-21T19:17:06.076630+00:00,f9524971-e9f9-4572-aebc-580e48de042f,f9524971-e9f9-4572-aebc-580e48de042f,1,0,0,18,0,1,1,1,1790018183
2026-09-21T19:16:53+00:00,2026-09-21T19:17:06.076630+00:00,868ccc83-99e5-4faf-96eb-e1fae26b9741,481,9,0,0,10,0,1,1,1,1790018194
2026-09-21T19:16:53+00:00,2026-09-21T19:17:06.076630+00:00,61168d8b-20b7-46c8-8f08-6ae1f100c4e0,550,4,0,0,13,0,1,1,1,1790018194
2026-09-21T19:16:53+00:00,2026-09-21T19:17:06.076630+00:00,1994054629753598708,1994054629753598708,10,1,0,4,0,1,1,1,1790018195
2026-09-21T19:16:53+00:00,2026-09-21T19:17:06.076630+00:00,2085366936904166272,2085366936904166272,6,1,0,9,0,1,1,1,1790018194
2026-09-21T19:16:53+00:00,2026-09-21T19:17:06.076630+00:00,2249415127458891992,2249415127458891992,8,1,0,7,0,1,1,1,1790018195
2026-09-21T19:16:53+00:00,2026-09-21T19:17:06.076630+00:00,f834a8a0-0de8-11e7-991c-3863bb43a7d0,93,1,0,0,30,0,1,1,1,1790018197
2026-09-21T19:16:53+00:00,2026-09-21T19:17:06.076630+00:00,a6e0db4f-fc9b-42af-bfe0-36cc0259b717,446,9,0,0,7,0,1,1,1,1790018196
2026-09-21T19:16:53+00:00,2026-09-21T19:17:06.076630+00:00,f83492b4-0de8-11e7-991c-3863bb43a7d0,66,5,1,1,9,0,1,1,1,1790018196
2026-09-21T19:16:53+00:00,2026-09-21T19:17:06.076630+00:00,2090635592862466836,2090635592862466836,22,2,0,8,1,1,1,1,1790018197
2026-09-21T19:16:53+00:00,2026-09-21T19:17:06.076630+00:00,2039109354743046934,2039109354743046934,17,0,1,1,1,1,1,1,1790018197
2026-09-21T19:16:53+00:00,2026-09-21T19:17:06.076630+00:00,1cced911-b428-4cfd-81be-3a8f77ce7379,233,9,0,0,6,0,1,1,1,1790018198
2026-09-21T19:16:53+00:00,2026-09-21T19:17:06.076630+00:00,f8346803-0de8-11e7-991c-3863bb43a7d0,8,5,0,1,13,0,1,1,1,1790018198
2026-09-21T19:16:53+00:00,2026-09-21T19:17:06.076630+00:00,2090158541932726550,2090158541932726550,12,0,0,3,0,1,1,1,1790018198
2026-09-21T19:16:53+00:00,2026-09-21T19:17:06.076630+00:00,f8346ad7-0de8-11e7-991c-3863bb43a7d0,11,11,5,1,2,0,1,1,1,1790018199
2026-09-21T19:16:53+00:00,2026-09-21T19:17:06.076630+00:00,103a9881-e30a-4d57-b81d-863b995ff759,255,0,0,0,0,0,0,0,0,86400
2026-09-21T19:16:53+00:00,2026-09-21T19:17:06.076630+00:00,2223043968513191970,2223043968513191970,12,0,0,4,0,1,1,1,1790018067
2026-09-21T19:16:53+00:00,2026-09-21T19:17:06.076630+00:00,2038239468396569074,2038239468396569074,5,0,1,26,0,1,1,1,1790018081
2026-09-21T19:16:53+00:00,2026-09-21T19:17:06.076630+00:00,53a148ca-ac69-4a9c-a986-9a4b4df2f5df,387,6,3,0,9,0,1,1,1,1790018081
2026-09-21T19:16:53+00:00,2026-09-21T19:17:06.076630+00:00,2141932795355773712,2141932795355773712,4,1,1,12,0,1,1,1,1790018086
2026-09-21T19:16:53+00:00,2026-09-21T19:17:06.076630+00:00,f83464e4-0de8-11e7-991c-3863bb43a7d0,3,15,1,0,0,0,1,1,1,1790018087
2026-09-21T19:16:53+00:00,2026-09-21T19:17:06.076630+00:00,e68655be-23d3-46e5-a509-25be677e7542,482,4,1,0,7,0,1,1,1,1790018087
2026-09-21T19:16:53+00:00,2026-09-21T19:17:06.076630+00:00,2170342425741020744,2170342425741020744,6,0,0,11,0,1,1,1,1790018092
2026-09-21T19:16:53+00:00,2026-09-21T19:17:06.076630+00:00,510239fe-69c3-458b-b53c-6ce001845f4a,354,4,0,0,11,0,1,1,1,1790018094
2026-09-21T19:16:53+00:00,2026-09-21T19:17:06.076630+00:00,1975886280004030604,1975886280004030604,5,1,0,18,0,1,1,1,1790018090
2026-09-21T19:16:53+00:00,2026-09-21T19:17:06.076630+00:00,f834952a-0de8-11e7-991c-3863bb43a7d0,70,14,0,0,9,0,1,1,1,1790018098
2026-09-21T19:16:53+00:00,2026-09-21T19:17:06.076630+00:00,533620e8-00ff-494a-b288-bd67602bc98e,472,25,3,0,1,0,1,1,1,1790018097
2026-09-21T19:16:53+00:00,2026-09-21T19:17:06.076630+00:00,f834fd36-0de8-11e7-991c-3863bb43a7d0,142,17,5,1,5,0,1,1,1,1790018104
2026-09-21T19:16:53+00:00,2026-09-21T19:17:06.076630+00:00,2fd22786-dfeb-4126-a906-4f01802087f3,454,10,0,0,9,0,1,1,1,1790018100
2026-09-21T19:16:53+00:00,2026-09-21T19:17:06.076630+00:00,2223045710883822544,2223045710883822544,5,2,0,10,0,1,1,1,1790018104
2026-09-21T19:16:53+00:00,2026-09-21T19:17:06.076630+00:00,02a4416f-80b4-4472-accd-5db482ed5b6d,367,14,0,0,5,0,1,1,1,1790018103
2026-09-21T19:16:53+00:00,2026-09-21T19:17:06.076630+00:00,dfdaf866-b814-48e5-9bd3-eb7c4a733697,dfdaf866-b814-48e5-9bd3-eb7c4a733697,9,0,0,8,0,1,1,1,1790018112
2026-09-21T19:16:53+00:00,2026-09-21T19:17:06.076630+00:00,9e710d48-51c1-460e-a027-3d16bde62b13,419,13,0,0,2,0,1,1,1,1790018118
2026-09-21T19:16:53+00:00,2026-09-21T19:17:06.076630+00:00,0839bb10-e876-4198-95e4-0147a561853d,258,14,1,0,1,0,1,1,1,1790018118
2026-09-21T19:16:53+00:00,2026-09-21T19:17:06.076630+00:00,2327cb08-fa9f-459b-9ab0-1a319b0f2f4c,539,10,0,0,8,0,1,1,1,1790018133
2026-09-21T19:16:53+00:00,2026-09-21T19:17:06.076630+00:00,bb27977d-36c1-496d-8bac-631b612dd7b8,332,3,2,0,12,0,1,1,1,1790018133
2026-09-21T19:16:53+00:00,2026-09-21T19:17:06.076630+00:00,9f54207a-3308-43bd-b45c-9042b6389598,423,9,0,1,9,0,1,1,1,1790018125
2026-09-21T19:16:53+00:00,2026-09-21T19:17:06.076630+00:00,f8352c92-0de8-11e7-991c-3863bb43a7d0,217,8,0,0,10,0,1,1,1,1790018125
2026-09-21T19:16:53+00:00,2026-09-21T19:17:06.076630+00:00,9ca92778-9101-48df-90ea-08b784e26a1a,413,6,3,0,13,0,1,1,1,1790018134
2026-09-21T19:16:53+00:00,2026-09-21T19:17:06.076630+00:00,518f6524-0e7f-454d-974e-e3ff9db1f795,494,7,1,0,4,0,1,1,1,1790018135
2026-09-21T19:16:53+00:00,2026-09-21T19:17:06.076630+00:00,2241260819676115550,2241260819676115550,22,2,0,3,0,1,1,1,1790018131
2026-09-21T19:16:53+00:00,2026-09-21T19:17:06.076630+00:00,f36e24cd-de4c-4a5e-adf4-cb97ccd2958d,505,10,8,1,0,0,1,1,1,1790018131
2026-09-21T19:16:53+00:00,2026-09-21T19:17:06.076630+00:00,f8349824-0de8-11e7-991c-3863bb43a7d0,75,0,0,0,15,0,1,1,1,1790018135
2026-09-21T19:16:53+00:00,2026-09-21T19:17:06.076630+00:00,a18e1e55-507e-49d8-b7c0-5c0efd959125,358,6,0,1,12,0,1,1,1,1790018135
2026-09-21T19:16:53+00:00,2026-09-21T19:17:06.076630+00:00,5f726a7d-5c5d-48b1-9b13-06c77572a237,516,8,2,1,2,0,1,1,1,1790018129
2026-09-21T19:16:53+00:00,2026-09-21T19:17:06.076630+00:00,d7ec834e-9d9a-402c-9956-7d5f42676b94,d7ec834e-9d9a-402c-9956-7d5f42676b94,0,0,0,15,0,1,1,1,1790018131
2026-09-21T19:16:53+00:00,2026-09-21T19:17:06.076630+00:00,5afe91c4-8076-4f9f-b83b-cf233bda2331,460,15,4,0,0,0,1,1,1,1790018124
2026-09-21T19:16:53+00:00,2026-09-21T19:17:06.076630+00:00,f83516b8-0de8-11e7-991c-3863bb43a7d0,184,8,1,0,11,0,1,1,1,1790018124
2026-09-21T19:16:53+00:00,2026-09-21T19:17:06.076630+00:00,2113200093114979090,2113200093114979090,4,0,0,12,0,1,1,1,1790018136
2026-09-21T19:16:53+00:00,2026-09-21T19:17:06.076630+00:00,f8347118-0de8-11e7-991c-3863bb43a7d0,22,2,1,1,32,0,1,1,1,1790018136
2026-09-21T19:16:53+00:00,2026-09-21T19:17:06.076630+00:00,2029805507281123700,2029805507281123700,15,1,1,3,0,1,1,1,1790018137
2026-09-21T19:16:53+00:00,2026-09-21T19:17:06.076630+00:00,f8348136-0de8-11e7-991c-3863bb43a7d0,41,6,0,2,19,0,1,1,1,1790018143
2026-09-21T19:16:53+00:00,2026-09-21T19:17:06.076630+00:00,f83523e3-0de8-11e7-991c-3863bb43a7d0,201,4,0,0,11,0,1,1,1,1790018142
2026-09-21T19:16:53+00:00,2026-09-21T19:17:06.076630+00:00,2264176803898382980,2264176803898382980,5,0,0,6,0,1,1,1,1790018143
2026-09-21T19:16:53+00:00,2026-09-21T19:17:06.076630+00:00,f834b42d-0de8-11e7-991c-3863bb43a7d0,100,18,0,1,7,0,1,1,1,1790018143
2026-09-21T19:16:53+00:00,2026-09-21T19:17:06.076630+00:00,342a2c60-71b0-4d19-98d6-47987cf20dbc,379,2,1,0,13,0,1,1,1,1790018146
2026-09-21T19:16:53+00:00,2026-09-21T19:17:06.076630+00:00,f83524c0-0de8-11e7-991c-3863bb43a7d0,203,3,2,1,11,0,1,1,1,1790018141
2026-09-21T19:16:53+00:00,2026-09-21T19:17:06.076630+00:00,f8349745-0de8-11e7-991c-3863bb43a7d0,73,13,1,1,1,0,1,1,1,1790018143
2026-09-21T19:16:53+00:00,2026-09-21T19:17:06.076630+00:00,f834b5d9-0de8-11e7-991c-3863bb43a7d0,103,8,0,0,7,0,1,1,1,1790018150
2026-09-21T19:16:53+00:00,2026-09-21T19:17:06.076630+00:00,abefafdc-c772-4671-86fe-fc15a42adebb,abefafdc-c772-4671-86fe-fc15a42adebb,4,4,0,19,0,1,1,1,1790018150
2026-09-21T19:16:53+00:00,2026-09-21T19:17:06.076630+00:00,c1ae49bd-2a20-4684-886b-ead8dd627cfd,c1ae49bd-2a20-4684-886b-ead8dd627cfd,15,0,0,1,0,1,1,1,1790018151
2026-09-21T19:16:53+00:00,2026-09-21T19:17:06.076630+00:00,13444449-b3a8-43d2-b8b9-a59fbc59a174,397,3,1,0,12,0,1,1,1,1790018147
2026-09-21T19:16:53+00:00,2026-09-21T19:17:06.076630+00:00,5bc7cba9-f0b0-442d-932c-e8c7927d87ce,386,3,0,0,16,0,1,1,1,1790018148
2026-09-21T19:16:53+00:00,2026-09-21T19:17:06.076630+00:00,f834f814-0de8-11e7-991c-3863bb43a7d0,136,15,0,0,4,0,1,1,1,1790018148
2026-09-21T19:16:53+00:00,2026-09-21T19:17:06.076630+00:00,0adccd89-1d8d-44da-9f7c-5f18acafeddf,338,2,1,0,13,0,1,1,1,1790018149
2026-09-21T19:16:53+00:00,2026-09-21T19:17:06.076630+00:00,93911aa1-b5e4-48aa-a2b6-38fbcf613006,93911aa1-b5e4-48aa-a2b6-38fbcf613006,1,1,0,17,0,1,1,1,1790018153
2026-09-21T19:16:53+00:00,2026-09-21T19:17:06.076630+00:00,0f554e1d-9f0f-452d-9b4a-e00aa2c5911e,492,13,0,1,1,0,1,1,1,1790018159
2026-09-21T19:16:53+00:00,2026-09-21T19:17:06.076630+00:00,83183df0-38c2-4ae8-a0c4-4b59599c9582,222,6,0,0,8,0,1,1,1,1790018158
2026-09-21T19:16:53+00:00,2026-09-21T19:17:06.076630+00:00,f8349c69-0de8-11e7-991c-3863bb43a7d0,78,2,0,0,17,0,1,1,1,1790018158
2026-09-21T19:16:53+00:00,2026-09-21T19:17:06.076630+00:00,2038619205667946906,2038619205667946906,11,0,0,9,0,1,1,1,1790018158
2026-09-21T19:16:53+00:00,2026-09-21T19:17:06.076630+00:00,ef54374b-0406-4b17-b0a1-847f1d7bea06,410,6,0,0,9,0,1,1,1,1790018156
2026-09-21T19:16:53+00:00,2026-09-21T19:17:06.076630+00:00,40e58976-02cc-4c7c-911f-7a6c97588bfa,520,7,1,0,14,0,1,1,1,1790018154
2026-09-21T19:16:53+00:00,2026-09-21T19:17:06.076630+00:00,1960693490199507164,1960693490199507164,5,0,0,14,0,1,1,1,1790018154
2026-09-21T19:16:53+00:00,2026-09-21T19:17:06.076630+00:00,f24a573e-ef07-4785-9270-70c443510ea6,359,5,0,0,10,0,1,1,1,1790018154
2026-09-21T19:16:53+00:00,2026-09-21T19:17:06.076630+00:00,2071632496372113488,2071632496372113488,5,1,0,15,0,1,1,1,1790018162
2026-09-21T19:16:53+00:00,2026-09-21T19:17:06.076630+00:00,350e73e3-6f70-4b2d-87ab-24c8629e9a6a,350e73e3-6f70-4b2d-87ab-24c8629e9a6a,14,1,0,4,1,1,1,1,1790018161
2026-09-21T19:16:53+00:00,2026-09-21T19:17:06.076630+00:00,2136942888571742916,2136942888571742916,6,0,0,9,0,1,1,1,1790018161
2026-09-21T19:16:53+00:00,2026-09-21T19:17:06.076630+00:00,2078337213380274244,2078337213380274244,6,1,0,5,0,1,1,1,1790018161
2026-09-21T19:16:53+00:00,2026-09-21T19:17:06.076630+00:00,5018e851-f2f3-4e18-9914-c316bbcc2c3d,331,10,1,0,5,0,1,1,1,1790018167
2026-09-21T19:16:53+00:00,2026-09-21T19:17:06.076630+00:00,ce55d1b1-4267-40a9-ad44-5eab888ce18a,ce55d1b1-4267-40a9-ad44-5eab888ce18a,20,1,0,3,0,1,1,1,1790018171
2026-09-21T19:16:53+00:00,2026-09-21T19:17:06.076630+00:00,f8346894-0de8-11e7-991c-3863bb43a7d0,9,2,0,3,10,0,1,1,1,1790018170
2026-09-21T19:16:53+00:00,2026-09-21T19:17:06.076630+00:00,20b0b405-54ba-4a80-b89c-0819772665db,440,14,1,0,1,0,1,1,1,1790018172
2026-09-21T19:16:53+00:00,2026-09-21T19:17:06.076630+00:00,70f20fcb-8e63-4015-9007-b97c525ab0a9,335,0,0,0,19,0,1,1,1,1790018172
2026-09-21T19:16:53+00:00,2026-09-21T19:17:06.076630+00:00,f834e1b2-0de8-11e7-991c-3863bb43a7d0,125,8,4,0,10,0,1,1,1,1790018168
2026-09-21T19:16:53+00:00,2026-09-21T19:17:06.076630+00:00,2057166010169469732,2057166010169469732,2,0,0,13,0,1,1,1,1790018168
2026-09-21T19:16:53+00:00,2026-09-21T19:17:06.076630+00:00,f6df6c1a-064f-428a-951c-2069a081b9df,380,4,0,0,14,0,1,1,1,1790018169
2026-09-21T19:16:53+00:00,2026-09-21T19:17:06.076630+00:00,ff6ed364-8676-45a0-b97f-71025683849e,442,8,0,3,4,0,1,1,1,1790018177
2026-09-21T19:16:53+00:00,2026-09-21T19:17:06.076630+00:00,ec3eea05-a3ff-43c6-9e24-0c63f09b915f,378,2,1,0,17,0,1,1,1,1790018178
2026-09-21T19:16:53+00:00,2026-09-21T19:17:06.076630+00:00,2043912031919765854,2043912031919765854,5,0,0,15,0,1,1,1,1790018177
2026-09-21T19:16:53+00:00,2026-09-21T19:17:06.076630+00:00,2103549125054737064,2103549125054737064,4,2,0,12,0,1,1,1,1790018176
2026-09-21T19:16:53+00:00,2026-09-21T19:17:06.076630+00:00,f8348509-0de8-11e7-991c-3863bb43a7d0,48,16,7,1,2,0,1,1,1,1790018179
2026-09-21T19:16:53+00:00,2026-09-21T19:17:06.076630+00:00,7ec0c53c-876a-419c-a78b-4edd000bbc9a,445,14,6,0,5,0,1,1,1,1790018179
2026-09-21T19:16:53+00:00,2026-09-21T19:17:06.076630+00:00,287aedf5-0361-47e9-9de0-14ae3b75cc0d,287aedf5-0361-47e9-9de0-14ae3b75cc0d,10,0,0,10,0,1,1,1,1790018174
2026-09-21T19:16:53+00:00,2026-09-21T19:17:06.076630+00:00,f834e244-0de8-11e7-991c-3863bb43a7d0,126,7,2,0,8,0,1,1,1,1790018176
2026-09-21T19:16:53+00:00,2026-09-21T19:17:06.076630+00:00,42a3ecca-af9a-4556-90ba-7631546f96f8,42a3ecca-af9a-4556-90ba-7631546f96f8,3,1,0,8,0,1,1,1,1790018177
2026-09-21T19:16:53+00:00,2026-09-21T19:17:06.076630+00:00,f35de2ab-979e-42d5-8cbd-dc479ed637e9,503,2,1,0,4,0,1,1,1,1790018184
2026-09-21T19:16:53+00:00,2026-09-21T19:17:06.076630+00:00,b23674a7-15a8-46d2-8219-6668acecf24a,548,13,0,0,5,0,1,1,1,1790018181
2026-09-21T19:16:53+00:00,2026-09-21T19:17:06.076630+00:00,f8351336-0de8-11e7-991c-3863bb43a7d0,176,2,1,0,13,0,1,1,1,1790018182
2026-09-21T19:16:53+00:00,2026-09-21T19:17:06.076630+00:00,2072145327190878794,2072145327190878794,8,1,0,16,0,1,1,1,1790018182
2026-09-21T19:16:53+00:00,2026-09-21T19:17:06.076630+00:00,54d86d05-b399-42c5-a63a-a97713afc5d4,54d86d05-b399-42c5-a63a-a97713afc5d4,3,0,1,6,0,1,1,1,1790018180
2026-09-21T19:16:53+00:00,2026-09-21T19:17:06.076630+00:00,f834cf45-0de8-11e7-991c-3863bb43a7d0,116,15,0,0,8,0,1,1,1,1790018181
2026-09-21T19:16:53+00:00,2026-09-21T19:17:06.076630+00:00,b995a0b4-fc26-4661-9bc8-e166d648edfd,353,11,4,0,4,0,1,1,1,1790018181
2026-09-21T19:16:53+00:00,2026-09-21T19:17:06.076630+00:00,f834b49d-0de8-11e7-991c-3863bb43a7d0,101,16,0,0,2,0,1,1,1,1790018185
2026-09-21T19:16:53+00:00,2026-09-21T19:17:06.076630+00:00,676ca473-eed6-4971-aaf3-e199a7ca335b,433,11,1,0,7,1,1,1,1,1790018186
2026-09-21T19:16:53+00:00,2026-09-21T19:17:06.076630+00:00,2070180968009321294,2070180968009321294,9,1,0,10,2,1,1,1,1790018184
2026-09-21T19:16:53+00:00,2026-09-21T19:17:06.076630+00:00,2111712079786088918,2111712079786088918,1,0,0,14,0,1,1,1,1790018185
2026-09-21T19:16:53+00:00,2026-09-21T19:17:06.076630+00:00,2217856523888952522,2217856523888952522,2,1,0,18,0,1,1,1,1790018180
2026-09-21T19:16:53+00:00,2026-09-21T19:17:06.076630+00:00,f8346768-0de8-11e7-991c-3863bb43a7d0,7,11,2,0,4,0,1,1,1,1790018185
2026-09-21T19:16:53+00:00,2026-09-21T19:17:06.076630+00:00,ccd6fdd4-b39e-46d7-b43c-7bacffb6bd87,523,8,6,0,9,0,1,1,1,1790018188
2026-09-21T19:16:53+00:00,2026-09-21T19:17:06.076630+00:00,f8351019-0de8-11e7-991c-3863bb43a7d0,169,6,0,1,12,0,1,1,1,1790018189
2026-09-21T19:16:53+00:00,2026-09-21T19:17:06.076630+00:00,1997031579059661288,1997031579059661288,2,2,0,9,0,1,1,1,1790018190
2026-09-21T19:16:53+00:00,2026-09-21T19:17:06.076630+00:00,2113555008851845550,2113555008851845550,5,0,0,15,0,1,1,1,1790018190
2026-09-21T19:16:53+00:00,2026-09-21T19:17:06.076630+00:00,2107991976288962746,2107991976288962746,6,2,0,14,0,1,1,1,1790018194
2026-09-21T19:16:53+00:00,2026-09-21T19:17:06.076630+00:00,f83494b4-0de8-11e7-991c-3863bb43a7d0,69,3,2,1,15,0,1,1,1,1790018194
2026-09-21T19:16:53+00:00,2026-09-21T19:17:06.076630+00:00,36a8fbc8-6069-4a29-bbfd-63a2d019c9a5,415,16,0,0,1,0,1,1,1,1790018194
2026-09-21T19:16:53+00:00,2026-09-21T19:17:06.076630+00:00,13918b3b-9ac5-4968-a74d-e40dd3bc952e,479,17,6,1,1,0,1,1,1,1790018190
2026-09-21T19:16:53+00:00,2026-09-21T19:17:06.076630+00:00,2ba0c5dd-c990-4434-8a84-5c3eca23f096,447,9,2,1,9,0,1,1,1,1790018191
2026-09-21T19:16:53+00:00,2026-09-21T19:17:06.076630+00:00,f8349ba9-0de8-11e7-991c-3863bb43a7d0,77,9,0,0,9,0,1,1,1,1790018191
2026-09-21T19:16:53+00:00,2026-09-21T19:17:06.076630+00:00,f8348995-0de8-11e7-991c-3863bb43a7d0,58,4,0,0,15,0,1,1,1,1790018191
2026-09-21T19:16:53+00:00,2026-09-21T19:17:06.076630+00:00,1944724820826878816,1944724820826878816,3,0,0,14,0,1,1,1,1790018191
2026-09-21T19:16:53+00:00,2026-09-21T19:17:06.076630+00:00,ddcc8869-b8d4-483c-b9da-457fcebc8dc1,417,6,2,0,13,0,1,1,1,1790018193
2026-09-21T19:16:53+00:00,2026-09-21T19:17:06.076630+00:00,2071993292066931472,2071993292066931472,18,4,0,2,0,1,1,1,1790018196
2026-09-21T19:16:53+00:00,2026-09-21T19:17:06.076630+00:00,ba634139-d7bf-448f-aac4-25995d36b67b,373,5,4,0,10,0,1,1,1,1790018196
2026-09-21T19:16:53+00:00,2026-09-21T19:17:06.076630+00:00,f8348481-0de8-11e7-991c-3863bb43a7d0,47,4,0,0,15,0,1,1,1,1790018199
2026-09-21T19:16:53+00:00,2026-09-21T19:17:06.076630+00:00,f83486ab-0de8-11e7-991c-3863bb43a7d0,51,4,2,0,11,0,1,1,1,1790018198
2026-09-21T19:16:53+00:00,2026-09-21T19:17:06.076630+00:00,f83510fd-0de8-11e7-991c-3863bb43a7d0,171,15,4,1,7,0,1,1,1,1790018199
